NETWORK_FILE,NETWORK_TIER,SOURCE_NAME,EMIRATE,CANDIDATE_NAME,CANDIDATE_INDEX,SIMILARITY
APRIL MedNet Premium August 2026.csv,Premium,NMC SPECIALTY HOSPITAL,ABU DHABI,N M C SPECIALTY HOSPITAL LTD,676,0.880
APRIL MedNet Premium August 2026.csv,Premium,LLH HOSPITAL PHARMACY L.L.C./PF1432,ABU DHABI,LLH HOSPITAL PHARMACY L.L.C,1550,0.885
APRIL MedNet Premium August 2026.csv,Premium,***LLH HOSPITAL AL MUSAFFAH LLC,ABU DHABI,LLH HOSPITAL AL MUSAFFAH L.L.C,643,0.966
APRIL MedNet Premium August 2026.csv,Premium,LLH HOSPITAL PHARMACY AL MUSAFFAH/PF1506,ABU DHABI,LLH HOSPITAL PHARMACY AL MUSAFFAH,1549,0.904
APRIL MedNet Premium August 2026.csv,Premium,***NMC SPECIALITY HOSPITAL,ABU DHABI,N M C SPECIALTY HOSPITAL LTD,676,0.863
APRIL MedNet Premium August 2026.csv,Premium,SHEIKH KHALIFA GENERAL HOSPITAL AJMAN,AJMAN,SHEIKH KHALIFA HOSPITAL AJMAN,635,0.879
APRIL MedNet Premium August 2026.csv,Premium,SHEIKH KHALIFA MATERNITY AND PEDIATRIC HOSPITAL,AJMAN,SHEIKH KHALIFA MATERNITY AND PEDIATRIC HOSPITAL AJMAN,636,0.940
APRIL MedNet Premium August 2026.csv,Premium,SHEIKH KHALIFA HOSPITAL MASFOUT,AJMAN,SHEIKH KHALIFA HOSPITAL MASFOUT AJMAN,638,0.912
APRIL MedNet Premium August 2026.csv,Premium,MEDEOR 24 X 7 HOSPITAL LLC,DUBAI,MEDEOR 24X7 HOSPITAL LLC,653,0.960
APRIL MedNet Premium August 2026.csv,Premium,CEDARS JEBEL ALI INTERNATIONAL HOSPITAL - ASTER GROUP,DUBAI,CEDARS JEBEL ALI INTERNATIONAL HOSPITAL,661,0.867
APRIL MedNet Premium August 2026.csv,Premium,SHEIKH KHALIFA SPECIALITY HOSPITAL-RAK,RAS AL KHAIMAH,SHEIKH KHALIFA SPECIALTY HOSPITAL PHARMACY,1133,0.900
APRIL MedNet Premium August 2026.csv,Premium,"BURJEEL SPECIALTY HOSPITAL LLC, SHARJAH (VPS GROUP)",SHARJAH,BURJEEL SPECIALTY HOSPITAL LLC (SHARJAH),2464,0.884
APRIL MedNet Premium August 2026.csv,Premium,SHEIKH KHALIFA GENERAL HOSPITAL,UMM AL QUWAIN,SHEIKH KHALIFA GENERAL HOSPITAL UMQ,2573,0.939
APRIL MedNet Premium August 2026.csv,Premium,ADAM & EVE SPECIALIZED MEDICAL CENTRE LLC,ABU DHABI,ADAM & EVE SPECIALIZED MEDICAL CENTRE L.L.C,178,0.975
APRIL MedNet Premium August 2026.csv,Premium,GOLDEN TULIP MEDICAL CENTRE LLC,ABU DHABI,GOLDEN TULIP MEDICAL CENTRE L.L.C,124,0.969
APRIL MedNet Premium August 2026.csv,Premium,AL WAHDA MEDICAL CENTER,ABU DHABI,AL WAHDA MEDICAL CENTRE,133,0.957
APRIL MedNet Premium August 2026.csv,Premium,DOCTOR ATIQUR RAHMAN POLYCLINIC,ABU DHABI,DOCTOR ATIQUR RAHMAN POLYCLINIC LLC,180,0.939
APRIL MedNet Premium August 2026.csv,Premium,PESHAWAR MEDICAL CENTRE,ABU DHABI,PESHAWAR MEDICAL CENTRE LLC,85,0.920
APRIL MedNet Premium August 2026.csv,Premium,ABU SALMAN MEDICAL CENTRE,ABU DHABI,ABU SALMAN MEDICAL CENTRE LLC,115,0.926
APRIL MedNet Premium August 2026.csv,Premium,ANSARI MEDICAL CENTRE LLC,ABU DHABI,OASIS MEDICAL CENTRE L.L.C.,146,0.863
APRIL MedNet Premium August 2026.csv,Premium,MUBARAK MEDICAL CENTER,ABU DHABI,MARJAN MEDICAL CENTER,1504,0.884
APRIL MedNet Premium August 2026.csv,Premium,NMC ROYAL MEDICAL CENTRE LLC,ABU DHABI,NMC ROYAL MEDICAL CENTRE LTD,1499,0.929
APRIL MedNet Premium August 2026.csv,Premium,GOLDEN SANDS MEDICAL CENTRE,ABU DHABI,GOLDEN SANDS MEDICAL CENTRE L.L.C,594,0.900
APRIL MedNet Premium August 2026.csv,Premium,OASIS MEDICAL CENTRE,ABU DHABI,OASIS MEDICAL CENTRE L.L.C.,146,0.870
APRIL MedNet Premium August 2026.csv,Premium,AL FARHAN MEDICAL CENTRE,ABU DHABI,AL WAHDA MEDICAL CENTRE,133,0.894
APRIL MedNet Premium August 2026.csv,Premium,BANIYAS AHALIA MEDICAL CENTRE,ABU DHABI,BANIYAS ALAHLI MEDICAL CENTRE LLC,138,0.871
APRIL MedNet Premium August 2026.csv,Premium,MY HEALTH MEDICAL CENTRE LLC,ABU DHABI,HOME HEALTH MEDICAL CENTRE LLC,184,0.931
APRIL MedNet Premium August 2026.csv,Premium,AL RAFA MEDICAL CENTRE LLC,ABU DHABI,AL AMAL MEDICAL CENTRE L.L.C,137,0.889
APRIL MedNet Premium August 2026.csv,Premium,BASEL MEDICAL CENTER,ABU DHABI,DAS MEDICAL CENTER,156,0.895
APRIL MedNet Premium August 2026.csv,Premium,AL KAMAL MEDICAL POLY CLINICS - L.L.C - S.P.C,ABU DHABI,AL KAMAL MEDICAL POLYCLINICS-LLC,189,0.877
APRIL MedNet Premium August 2026.csv,Premium,AMWAJ MEDICAL CENTER,ABU DHABI,ASAB MEDICAL CENTER,176,0.872
APRIL MedNet Premium August 2026.csv,Premium,AL AMEEN MEDICAL CENTRE LLC-BRANCH 1-/MF4058,ABU DHABI,AL AMEEN MEDICAL CENTRE L.L.C BRANCH 1,1528,0.889
APRIL MedNet Premium August 2026.csv,Premium,HOME HEALTH MEDICAL CENTRE,ABU DHABI,HOME HEALTH MEDICAL CENTRE LLC,184,0.929
APRIL MedNet Premium August 2026.csv,Premium,MAX CARE MEDICAL CENTER,ABU DHABI,TOP CARE MEDICAL CENTER,97,0.870
APRIL MedNet Premium August 2026.csv,Premium,LLH MEDICAL CENTRE AL MUSAFFAH LLC,ABU DHABI,LLH MEDICAL CENTRE AL MUSAFFAH L.L.C,89,0.971
APRIL MedNet Premium August 2026.csv,Premium,AL AIN MEDICAL CENTER LLC - AJMAN,AJMAN,AL AIN MEDICAL CENTER LLC,15,0.893
APRIL MedNet Premium August 2026.csv,Premium,"JABAL SINA MEDICAL CENTER LLC , AJMAN",AJMAN,JABAL SINA MEDICAL CENTRE LLC,45,0.875
APRIL MedNet Premium August 2026.csv,Premium,AALIYA MEDICAL CENTRE LLC,AJMAN,AALIYA MEDICAL CENTRE,27,0.913
APRIL MedNet Premium August 2026.csv,Premium,NEW IBIN SINA MEDICAL CENTRE,AJMAN,NEW IBINSINA MEDICAL CENTRE,30,0.982
APRIL MedNet Premium August 2026.csv,Premium,ELAJ MEDICAL CENTRE L.L.C 01 - AJMAN,AJMAN,ELAJ MEDICAL CENTRE L.L.C AJMAN,36,0.954
APRIL MedNet Premium August 2026.csv,Premium,AL GHARAFA MEDICAL CENTER,AJMAN,AL GHARAFA MEDICAL CENTRE,18,0.960
APRIL MedNet Premium August 2026.csv,Premium,IBN SINA MEDICAL CENTRE,AJMAN,IBIN SINA MEDICAL CENTRE,29,0.979
APRIL MedNet Premium August 2026.csv,Premium,AL SHROOQ CLINIC,AJMAN,AL SHROOQ POLYCLINIC,16,0.889
APRIL MedNet Premium August 2026.csv,Premium,ASTER MEDICAL CENTRE SILICON OASIS- DM HEALTHCARE,DUBAI,ASTER MEDICAL CENTER SILICON OASIS (BR OF DM HEALTHCARE (L L C)),2215,0.870
APRIL MedNet Premium August 2026.csv,Premium,ASTER MEDICAL CENTRE ASWAAQ MALL -BR OF D M HEALHTCARE LLC,DUBAI,ASTER MEDICAL CENTRE REM RAAM (BR OF D M HEALTHCARE LLC),357,0.865
APRIL MedNet Premium August 2026.csv,Premium,AL BARSHA AL NOOR POLYCLINIC,DUBAI,AL BARSHA AL NOOR POLY CLINIC,390,0.982
APRIL MedNet Premium August 2026.csv,Premium,ASTER MEDICAL CENTRE AL BARSHA,DUBAI,ASTER MEDICAL CENTRE - ABUHAIL,1818,0.862
APRIL MedNet Premium August 2026.csv,Premium,TASHAFI2 BR.ALFUTTAIM HEALTHCARE SINGLE PERSON COMPANY LLC,DUBAI,TOTAL CARE CLINIC BR. ALFUTTAIM HEALTHCARE SINGLE PERSON COMPANY LLC,394,0.864
APRIL MedNet Premium August 2026.csv,Premium,WE CARE MEDICAL CENTER LLC - DUBAI,DUBAI,WE CARE MEDICAL CENTER L.L.C,1852,0.867
APRIL MedNet Premium August 2026.csv,Premium,MULTI CARE MEDICAL CENTRE LLC,DUBAI,MULTICARE MEDICAL CENTER LLC,250,0.947
APRIL MedNet Premium August 2026.csv,Premium,ASTER MEDICAL CENTRE MUHAISNAH BR OF DM HEALTHCARE,DUBAI,ASTER MEDICAL CENTRE ABU HAIL BR OF DM HEALTHCARE,364,0.909
APRIL MedNet Premium August 2026.csv,Premium,JUPITER ALNAHDA POLY CLINIC,DUBAI,JUPITER AL NAHDA POLYCLINIC LLC,260,0.897
APRIL MedNet Premium August 2026.csv,Premium,"TOTAL CARE CLINIC BR AL FUTTAIM HEALTHCARE SINGLE PERSON COMPANY LLC, AL QOUZ (AL FUTTAIM)",DUBAI,TOTAL CARE CLINIC BR. ALFUTTAIM HEALTHCARE SINGLE PERSON COMPANY LLC,394,0.870
APRIL MedNet Premium August 2026.csv,Premium,ADVANCED CARE MEDICAL CENTER,DUBAI,ADVANCED CARE MEDICAL CENTER L.L.C,396,0.903
APRIL MedNet Premium August 2026.csv,Premium,KARAMA MEDICAL CENTER,DUBAI,KARAMA MEDICAL CENTRE,207,0.952
APRIL MedNet Premium August 2026.csv,Premium,AL KHAIL MEDICAL CENTRE,DUBAI,AL KHAIL MEDICAL CENTER,284,0.957
APRIL MedNet Premium August 2026.csv,Premium,SEKHER MEDICAL CLINIC,DUBAI,SEKHER MEDICAL CLINIC LLC,1788,0.913
APRIL MedNet Premium August 2026.csv,Premium,LOTUS MEDICAL CENTER L.L.C,DUBAI,LOTUS MEDICAL CENTRE LLC,325,0.920
APRIL MedNet Premium August 2026.csv,Premium,"GREEN CITY MEDICAL CENTER LLC (Formerly known as NEW AL MUSALLA MEDICAL CENTER BRANCH, AL QUOZ)",DUBAI,GREEN CITY MEDICAL CENTER L.L.C(FORMERLY NEW AL MUSALLA MEDICAL CENTERE LLC BRANCH),1782,0.862
APRIL MedNet Premium August 2026.csv,Premium,ANAYA MEDICAL CENTER LLC,DUBAI,ANAYA MEDICAL CENTER L.L.C,381,0.960
APRIL MedNet Premium August 2026.csv,Premium,AL RAHIF MEDICAL CLINIC,DUBAI,AL FALAH MEDICAL CLINIC,1787,0.870
APRIL MedNet Premium August 2026.csv,Premium,ASTER MEDICAL CENTRE AL QUSAIS BR OF DM HEALTHCARE,DUBAI,ASTER MEDICAL CENTRE ABU HAIL BR OF DM HEALTHCARE,364,0.909
APRIL MedNet Premium August 2026.csv,Premium,AL WARQA MEDICAL CENTER,DUBAI,AL DHAFRA MEDICAL CENTER,277,0.894
APRIL MedNet Premium August 2026.csv,Premium,AL SHAAB MEDICAL CENTER,DUBAI,AL SHAAB MEDICAL CENTRE,358,0.957
APRIL MedNet Premium August 2026.csv,Premium,MUHAISNA SPECIALIST MEDICAL CENTRE,DUBAI,MUHAISNA SPECIALISTS MEDICAL CENTRE,353,0.986
APRIL MedNet Premium August 2026.csv,Premium,ABRIS MEDICAL CENTRE LLC- DUBAI,DUBAI,ABRIS MEDICAL CENTRE LLC,276,0.889
APRIL MedNet Premium August 2026.csv,Premium,AL RASHIDIYAH PRIVATE POLYCLINIC,DUBAI,AL RASHIDIYAH PVT POLYCLINIC,268,0.933
APRIL MedNet Premium August 2026.csv,Premium,VIDA CLINICS LLC,DUBAI,VIDA CLINIC LLC,264,0.968
APRIL MedNet Premium August 2026.csv,Premium,HARLEY INTERNATIONAL MEDICAL CLINIC,DUBAI,HARLEY INTERNATIONAL MEDICAL CLINIC LLC,317,0.946
APRIL MedNet Premium August 2026.csv,Premium,BADR AL SAMAA MEDICAL CENTRE,DUBAI,BADR AL SAMAAMEDICAL CENTRE,347,0.982
APRIL MedNet Premium August 2026.csv,Premium,AL RAHA MEDICAL CLINIC,DUBAI,AL FALAH MEDICAL CLINIC,1787,0.889
APRIL MedNet Premium August 2026.csv,Premium,JANSONS STAR POLYCLINIC,DUBAI,JANSONS STARS POLYCLINIC,213,0.979
APRIL MedNet Premium August 2026.csv,Premium,UNICARE MEDICAL CENTER,DUBAI,UNICARE MEDICAL CENTRE BRANCH,206,0.863
APRIL MedNet Premium August 2026.csv,Premium,ACCES CLINIC BURDUBAI BR OF DM HEALTHCARE LLC,DUBAI,ASTER GP  CLINIC BUR DUBAI BR OF DM HEALTHCARE LLC,1820,0.894
APRIL MedNet Premium August 2026.csv,Premium,AL SHIFA AL KHALEEJI MEDICAL CENTRE- DUBAI,DUBAI,AL SHIFA AL KHALEEJI MEDICAL CENTRE (DEIRA),384,0.927
APRIL MedNet Premium August 2026.csv,Premium,DR.RADHAKRISHNAN MEDICAL CENTER,DUBAI,DR RADHAKRISHNAN MEDICAL CENTRE LLC,279,0.909
APRIL MedNet Premium August 2026.csv,Premium,DR. KAMKAR MEDICAL & PHYSIOTHERAPY CENTER,DUBAI,DR KAMKAR MEDICAL & PHYSIOTHERAPHY CENTER L.L.C,424,0.916
APRIL MedNet Premium August 2026.csv,Premium,NEW MEDICAL CENTER LLC,DUBAI,MED ONE MEDICAL CENTER LLC,304,0.875
APRIL MedNet Premium August 2026.csv,Premium,AL TADAWI MEDICAL CENTER,DUBAI,AL TAIF MEDICAL CENTRE,296,0.870
APRIL MedNet Premium August 2026.csv,Premium,DOCTORS CLINIC,DUBAI,DOCTOR'S CLINIC,352,0.966
APRIL MedNet Premium August 2026.csv,Premium,NAIF MEDICAL CENTRE,DUBAI,NAIF MEDICAL CENTER,1872,0.947
APRIL MedNet Premium August 2026.csv,Premium,ZULEKHA MEDICAL CENTER BRANCH,DUBAI,AL KHAIL MEDICAL CENTER BRANCH,285,0.881
APRIL MedNet Premium August 2026.csv,Premium,OMAYA MEDICAL CENTER,DUBAI,ARMADA MEDICAL CENTER,379,0.878
APRIL MedNet Premium August 2026.csv,Premium,AL JAMEELA POLYCLINIC,DUBAI,AL AMAL POLYCLINIC,265,0.872
APRIL MedNet Premium August 2026.csv,Premium,DR. ABDUL LATHEEF'S CLINIC,DUBAI,DR ABDULLA'S CLINIC,338,0.864
APRIL MedNet Premium August 2026.csv,Premium,KARAMA MEDICAL CENTRE (BRANCH-DEIRA),DUBAI,KARAMA MEDICAL CENTRE BR DIP,210,0.871
APRIL MedNet Premium August 2026.csv,Premium,AL SHIFA AL KHALEEJI MEDICAL CENTRE BRANCH LLC,DUBAI,AL SHIFA AL KHALEEJI MEDICAL CENTRE BRANCH LLC (DIP),1827,0.958
APRIL MedNet Premium August 2026.csv,Premium,NOOR AL SHEFA CLINIC BRANCH,DUBAI,"NOOR AL SHEFA CLINIC BRANCH, AL QUOZ",238,0.871
APRIL MedNet Premium August 2026.csv,Premium,AL AZHAR CLINIC- BRANCH (DIP 2),DUBAI,AL AZHAR CLINIC- BRANCH 2 (DIP-2),1767,0.966
APRIL MedNet Premium August 2026.csv,Premium,AL AZHAR CLINIC,DUBAI,AL WAHA CLINIC,406,0.897
APRIL MedNet Premium August 2026.csv,Premium,KARAMA MEDICAL CENTER,DUBAI,KARAMA MEDICAL CENTRE,207,0.952
APRIL MedNet Premium August 2026.csv,Premium,"CARE ONE POLY CLINIC LLC, DUBAI",DUBAI,CARE ONE POLY CLINIC LLC,288,0.889
APRIL MedNet Premium August 2026.csv,Premium,NEW SANAIYA CLINIC BR- HOR AL ANZ,DUBAI,NEW SANAIYA CLINIC - BR HORALANZ,1772,0.968
APRIL MedNet Premium August 2026.csv,Premium,KHALIDHA MEDICAL CENTRE LLC,DUBAI,KHALIDHA MEDICAL CENTRE L.L.C,274,0.964
APRIL MedNet Premium August 2026.csv,Premium,GSM MEDICAL CENTER LLC- DUBAI,DUBAI,GSM MEDICAL CENTER LLC,319,0.880
APRIL MedNet Premium August 2026.csv,Premium,ASTER JEBAL ALI MEDICAL CENTRE,DUBAI,ASTER JEBELALI MEDICAL CENTRE,359,0.949
APRIL MedNet Premium August 2026.csv,Premium,AL AZHAR CLINIC BR- JEBEL ALI,DUBAI,AL AZHAR CLINIC -BRANCH (JABEL ALI),1765,0.900
APRIL MedNet Premium August 2026.csv,Premium,ASTER MEDICAL CENTRE DIP (BR OF D M HEALTHCARE (L L C)),DUBAI,ASTER MEDICAL CENTRE REM RAAM (BR OF D M HEALTHCARE LLC),357,0.876
APRIL MedNet Premium August 2026.csv,Premium,JTS MEDICAL CENTRE LLC,DUBAI,LOTUS MEDICAL CENTRE LLC,325,0.913
APRIL MedNet Premium August 2026.csv,Premium,SAMAA MEDICAL CENTRE,DUBAI,KARAMA MEDICAL CENTRE,207,0.878
APRIL MedNet Premium August 2026.csv,Premium,FIDA MEDICAL CENTER,DUBAI,ALDIA MEDICAL CENTER,1858,0.872
APRIL MedNet Premium August 2026.csv,Premium,SIRAJUDEEN MEDICAL CENTER,DUBAI,DR SIRAJUDEEN MEDICAL CENTRE,329,0.906
APRIL MedNet Premium August 2026.csv,Premium,HARLEY INTERNATIONAL MEDICAL CLINIC BRANCH-DUBAI,DUBAI,HARLEY INTERNATIONAL MEDICAL CLINIC BRANCH,318,0.933
APRIL MedNet Premium August 2026.csv,Premium,HMC MEDICAL CENTER LLC,DUBAI,GSM MEDICAL CENTER LLC,319,0.909
APRIL MedNet Premium August 2026.csv,Premium,ADVANCED CARE MEDICAL CENTER BRANCH - ADVANCED CARE GROUP,DUBAI,ADVANCED CARE MEDICAL CENTER BRANCH- DIC (ADVANCE CARE- GROUP),1836,0.956
APRIL MedNet Premium August 2026.csv,Premium,KARAMA MEDICAL CENTRE BR. MUHAISNAH-DUBAI,DUBAI,"KARAMA MEDICAL CENTRE, BR MUHAISNAH",212,0.919
APRIL MedNet Premium August 2026.csv,Premium,ABEER ALNOOR POLYCLINIC L L C Branch,DUBAI,AL NOOR POLYCLINIC L.L.C (BRANCH),1866,0.896
APRIL MedNet Premium August 2026.csv,Premium,GRAND INFINITY MEDICAL CENTER,DUBAI,GRAND INFINITY MEDICAL CENTRE,320,0.966
APRIL MedNet Premium August 2026.csv,Premium,VCARE POLYCLINIC LLC- DUBAI,DUBAI,VCARE POLYCLINIC LLC,205,0.870
APRIL MedNet Premium August 2026.csv,Premium,ABEER AL NOOR POLYCLINIC,DUBAI,ABEER AL NOOR POLY CLINIC,389,0.980
APRIL MedNet Premium August 2026.csv,Premium,CLINICARE SAMARI (BR OF IMARA HEALTHCARE LLC) - DUBAI,DUBAI,CLINICARE SAMARI (BR OF IMARA HEALTH CARE L.L.C)(IMARA GR),1793,0.865
APRIL MedNet Premium August 2026.csv,Premium,AL RASHIDIYAH AL NOOR POLYCLINIC,DUBAI,AL RASHIDIYA AL NOOR POLY CLINIC,388,0.969
APRIL MedNet Premium August 2026.csv,Premium,AL SALEEM POLYCLINIC,DUBAI,SALEEM POLYCLINIC,363,0.919
APRIL MedNet Premium August 2026.csv,Premium,AL AMAL MEDICAL CLINIC,DUBAI,AL FALAH MEDICAL CLINIC,1787,0.889
APRIL MedNet Premium August 2026.csv,Premium,ALLIED MEDICAL CENTRE,DUBAI,ALI MEDICAL CENTRE,280,0.923
APRIL MedNet Premium August 2026.csv,Premium,F M C MEDICAL CENTER L L C,DUBAI,L L H MEDICAL CENTER L.L.C,433,0.885
APRIL MedNet Premium August 2026.csv,Premium,DIBBA MEDICAL CENTRE,FUJAIRAH,DIBBA MEDICAL CENTRE - FUJ,440,0.909
APRIL MedNet Premium August 2026.csv,Premium,AL SHARQ MEDICAL CENTER-AL ETIHAD,FUJAIRAH,AL SHARQ MEDICAL CENTER ETIHAD,448,0.952
APRIL MedNet Premium August 2026.csv,Premium,NORTHERN AL AHLIAH MEDICAL CENTRE-FUJAIRAH-AHALIA GROUP,FUJAIRAH,NORTHERN AL AHLIAH MEDICAL CENTRE (Fujairah),452,0.866
APRIL MedNet Premium August 2026.csv,Premium,FUJAIRAH PORT MEDICAL CENTRE,FUJAIRAH,FUJAIRAH PORT MEDICAL CENTER,447,0.964
APRIL MedNet Premium August 2026.csv,Premium,ASTER MEDICAL CENTRE FUJAIRAH,FUJAIRAH,ASTER MEDICAL CENTRE - FUJAIRAH BR,2325,0.951
APRIL MedNet Premium August 2026.csv,Premium,AL SHARQ MEDICAL CENTRE- DIBBA,FUJAIRAH,AL SHARQ MEDICAL CENTER DIBBA,449,0.966
APRIL MedNet Premium August 2026.csv,Premium,NEXUS MEDICAL CLINIC - RAK,RAS AL KHAIMAH,NEXUS MEDICAL CLINIC,456,0.909
APRIL MedNet Premium August 2026.csv,Premium,RAS AL KHAIMAH MEDICAL CENTER AL NAKHEEL,RAS AL KHAIMAH,RAS AL KHAIMAH MEDICAL CENTERE AL JAZEERA,470,0.889
APRIL MedNet Premium August 2026.csv,Premium,AL GHAIL MEDICAL CENTER LLC - RAK - AL SHAMS GROUP,RAS AL KHAIMAH,AL GHAIL MEDICAL CENTRE LLC(AL- SHAMS GROUP),466,0.932
APRIL MedNet Premium August 2026.csv,Premium,AL HANAN MEDICAL CENTRE,RAS AL KHAIMAH,AL AHLIA MEDICAL CENTRE,467,0.870
APRIL MedNet Premium August 2026.csv,Premium,UNION MEDICAL & DENTAL CENTER,RAS AL KHAIMAH,UNION MEDICAL AND DENTAL CENTRE,457,0.897
APRIL MedNet Premium August 2026.csv,Premium,SPECIALIST'S MEDICAL CENTRE,RAS AL KHAIMAH,SPECIALIST MEDICAL CENTRE,460,0.962
APRIL MedNet Premium August 2026.csv,Premium,AL HUDAIBAH MEDICAL CENTRE,RAS AL KHAIMAH,AL HUDAIBAH MEDICAL CENTER LLC,458,0.893
APRIL MedNet Premium August 2026.csv,Premium,ASTER ABU SHAGHARAH MEDICAL CENTER,SHARJAH,ASTER ABU SHGHARAH MEDICAL CENTER,543,0.985
APRIL MedNet Premium August 2026.csv,Premium,AL DHAID MEDICAL CENTER,SHARJAH,AL DHAID MEDICAL CENTRE,2445,0.957
APRIL MedNet Premium August 2026.csv,Premium,N.M.C MEDICAL CENTER L.L.C SHJ BR.,SHARJAH,NMC MEDICAL CENTER L.L.C SHJ BR.3,2410,0.939
APRIL MedNet Premium August 2026.csv,Premium,PRIME SPECIALIST MEDICAL CENTRE-SHARJAH,SHARJAH,REEM SPECIALIST MEDICAL CENTRE -ROLLA SHARJAH,539,0.867
APRIL MedNet Premium August 2026.csv,Premium,SAHARA MEDICAL CENTRE LLC,SHARJAH,SAHARA MEDICAL CENTRE L.L.C,572,0.962
APRIL MedNet Premium August 2026.csv,Premium,AHLAN MEDICAL CENTER- SHARJAH,SHARJAH,MEGA MEDICAL CENTER-SHARJAH,507,0.873
APRIL MedNet Premium August 2026.csv,Premium,AL DEYAFA MEDICAL CENTRE,SHARJAH,AL AFYA MEDICAL CENTRE,500,0.913
APRIL MedNet Premium August 2026.csv,Premium,AL SHIFA AL UROPI MEDICAL CENTER,SHARJAH,AL SHIFA AL UROPI MEDICAL CENTER LLC,550,0.941
APRIL MedNet Premium August 2026.csv,Premium,N.M.C MEDICAL CENTER L.L.C SHJ BR.4,SHARJAH,NMC MEDICAL CENTER L.L.C SHJ BR.3,2410,0.941
APRIL MedNet Premium August 2026.csv,Premium,"AL AFDAL MEDICAL CENTER, SHJ",SHARJAH,AL AFDAL MEDICAL CENTER,515,0.920
APRIL MedNet Premium August 2026.csv,Premium,AL MARIFFA MEDICAL CENTRE,SHARJAH,AL MALIHA MEDICAL CENTRE,562,0.898
APRIL MedNet Premium August 2026.csv,Premium,SARA MEDICAL CENTER,SHARJAH,INARA MEDICAL CENTER,569,0.923
APRIL MedNet Premium August 2026.csv,Premium,NEW MEDICAL CENTRE,SHARJAH,CARE MEDICAL CENTRE,533,0.865
APRIL MedNet Premium August 2026.csv,Premium,AL KANARY MEDICAL CENTRE,SHARJAH,AL DARARY MEDICAL CENTRE,521,0.917
APRIL MedNet Premium August 2026.csv,Premium,ENJAB MEDICAL CENTER LLC,SHARJAH,RETAJ MEDICAL CENTER LLC,479,0.875
APRIL MedNet Premium August 2026.csv,Premium,ICARE MEDICAL CENTRE,SHARJAH,CARE MEDICAL CENTRE,533,0.974
APRIL MedNet Premium August 2026.csv,Premium,AL FURQAN MEDICAL CENTRE L.L.C,SHARJAH,AL FURQAN MEDICAL CENTRE,2428,0.889
APRIL MedNet Premium August 2026.csv,Premium,"NOOR AL MADINAH MEDICAL CENTER, SHARJAH",SHARJAH,NOOR AL MADINA MEDICAL CENTER,520,0.866
APRIL MedNet Premium August 2026.csv,Premium,AL SHIFA MEDICAL CENTRE,SHARJAH,AL AFYA MEDICAL CENTRE,500,0.889
APRIL MedNet Premium August 2026.csv,Premium,ASTER MEDICAL CENTRE,SHARJAH,YAS MEDICAL CENTRE,560,0.895
APRIL MedNet Premium August 2026.csv,Premium,AL FAIEZ MEDICAL CENTRE,SHARJAH,AL AFYA MEDICAL CENTRE,500,0.889
APRIL MedNet Premium August 2026.csv,Premium,DOCTORS MEDICAL CENTRE,SHARJAH,DOCTORS MEDICAL CENTRE LLC,567,0.917
APRIL MedNet Premium August 2026.csv,Premium,AL AMANAH MEDICAL CENTER,SHARJAH,AL AMANAH MEDICAL CENTER LLC,571,0.923
APRIL MedNet Premium August 2026.csv,Premium,PERFECT MEDICAL CENTER,SHARJAH,PERFECT MEDICAL CENTRE,483,0.955
APRIL MedNet Premium August 2026.csv,Premium,AL SALAM MEDICAL CENTRE,SHARJAH,AL MALIHA MEDICAL CENTRE,562,0.894
APRIL MedNet Premium August 2026.csv,Premium,REEM MEDICAL DIAGNOSTIC CENTRE LLC,SHARJAH,REEM MEDICAL DIAGNOSTIC CENTRE,630,0.938
APRIL MedNet Premium August 2026.csv,Premium,BHATIA MEDICAL CENTER,SHARJAH,BHATIA MEDICAL CENTRE LLC,527,0.870
APRIL MedNet Premium August 2026.csv,Premium,UNICARE MEDICAL CENTRE,SHARJAH,CARE MEDICAL CENTRE,533,0.927
APRIL MedNet Premium August 2026.csv,Premium,MARINA MEDICAL CENTRE,SHARJAH,LIMAR MEDICAL CENTRE,514,0.878
APRIL MedNet Premium August 2026.csv,Premium,N.M.C MEDICAL CENTER L.L.C SHJ BR.2,SHARJAH,NMC MEDICAL CENTER L.L.C SHJ BR.3,2410,0.941
APRIL MedNet Premium August 2026.csv,Premium,REEM SPECALISTS MEDICAL CENTRE.,SHARJAH,SAM SPECIALIST MEDICAL CENTRE,530,0.881
APRIL MedNet Premium August 2026.csv,Premium,MAMPILLY MEDICAL CENTER,SHARJAH,MAMPILLY MEDICAL CENTRE,505,0.957
APRIL MedNet Premium August 2026.csv,Premium,SAIF ZONE MEDICAL CENTRE,SHARJAH,SAIFZONE MEDICAL CENTRE,477,0.979
APRIL MedNet Premium August 2026.csv,Premium,N.M.C MEDICAL CENTER L.L.C SHJ BR.1,SHARJAH,NMC MEDICAL CENTER L.L.C SHJ BR.3,2410,0.941
APRIL MedNet Premium August 2026.csv,Premium,REEM AL NAHDA MEDICAL DIAGNOSTIC CENTRE,SHARJAH,REEM MEDICAL DIAGNOSTIC CENTRE,630,0.870
APRIL MedNet Premium August 2026.csv,Premium,AL JAWDAH MEDICAL CENTRE LLC,SHARJAH,AL DALLAH MEDICAL CENTRE LLC,501,0.893
APRIL MedNet Premium August 2026.csv,Premium,AL BANNA MEDICAL CENTRE,SHARJAH,AL BANNA MEDICAL CENTERE,549,0.979
APRIL MedNet Premium August 2026.csv,Premium,MEDCARE MEDICAL CENTRE,SHARJAH,MEDICARE MEDICAL CENTER,506,0.933
APRIL MedNet Premium August 2026.csv,Premium,AL RAHA MEDICAL CLINIC-SHARJAH,SHARJAH,AL AZHAR MEDICAL CLINIC (SHARJAH),478,0.951
APRIL MedNet Premium August 2026.csv,Premium,AL SHAMS MEDICAL CENTRE,SHARJAH,AL WAHDA MEDICAL CENTRE,482,0.870
APRIL MedNet Premium August 2026.csv,Premium,AL MINHA MEDICAL CENTRE,SHARJAH,AL MALIHA MEDICAL CENTRE,562,0.936
APRIL MedNet Premium August 2026.csv,Premium,AL MALIHA MEDICAL CENTER,SHARJAH,AL MALIHA MEDICAL CENTRE,562,0.958
APRIL MedNet Premium August 2026.csv,Premium,FIRST GULF MEDICAL CENTRE,SHARJAH,FIRST GULF MEDICAL CENTRE SHARJAH,565,0.862
APRIL MedNet Premium August 2026.csv,Premium,ZAFARULLAH MEDICAL CENTRE,SHARJAH,ZAFERULLA MEDICAL CENTRE,548,0.939
APRIL MedNet Premium August 2026.csv,Premium,MEDZE CLINIC L.L.C,DUBAI,MEDZE CLINIC LLC,326,0.941
APRIL MedNet Premium August 2026.csv,Premium,PAKISTAN MEDICAL CENTER - DHCC,DUBAI,PAKISTAN MEDICAL CENTRE,292,0.863
APRIL MedNet Premium August 2026.csv,Premium,MONROE MEDICAL CENTER LLC,DUBAI,MED ONE MEDICAL CENTER LLC,304,0.902
APRIL MedNet Premium August 2026.csv,Premium,SANA HABIB MEDICAL CENTRE - SHARJAH,SHARJAH,SANA HABIB MEDICAL CENTRE,525,0.862
APRIL MedNet Premium August 2026.csv,Premium,MEDICORP GULF MEDICAL CLINIC LLC,DUBAI,MEDICORP GULF MEDICAL CLINIC L.L.C,300,0.970
APRIL MedNet Premium August 2026.csv,Premium,AL HANA MEDICAL CENTER LLC,DUBAI,AL HANA MEDICAL CENTER LLC-SATWA,290,0.897
APRIL MedNet Premium August 2026.csv,Premium,BLUE BELL MEDICAL CENTRE LLC,DUBAI,BLUEBELL MEDICAL CENTRE,1808,0.902
APRIL MedNet Premium August 2026.csv,Premium,MINI VM POLYCLINIC,DUBAI,MINI VM POLY CLINIC,232,0.973
APRIL MedNet Premium August 2026.csv,Premium,COSTCARE MEDICAL CENTER,AJMAN,SMART CARE MEDICAL CENTER,1414,0.875
APRIL MedNet Premium August 2026.csv,Premium,AL NEBRAS MEDICAL CENTER LLC,RAS AL KHAIMAH,ALNEBRAS MEDICAL CENTER LLC,2369,0.982
APRIL MedNet Premium August 2026.csv,Premium,YASMED MEDICAL CENTER - UMM AL QUWAIN,UMM AL QUWAIN,AL HAYAT MEDICAL CENTER-UMM AL QUWAIN,582,0.861
APRIL MedNet Premium August 2026.csv,Premium,"ELITE MEDICAL CENTER, SHARJAH",SHARJAH,MEGA MEDICAL CENTER-SHARJAH,507,0.873
APRIL MedNet Premium August 2026.csv,Premium,DR. ISMAIL MEDICAL CENTRE-MUHAISNAH BRANCH,DUBAI,DR.ISMAIL MEDICAL CENTRE-MUHAISINAH II  (BRANCH),1804,0.953
APRIL MedNet Premium August 2026.csv,Premium,"TOTAL CARE CLINIC (BR.ALFUTTAIM HEALTHCARE SINGLE PERSON COMPANY LLC), MUHAISNAH SONAPUR",DUBAI,TOTAL CARE CLINIC BR. ALFUTTAIM HEALTHCARE SINGLE PERSON COMPANY LLC,394,0.882
APRIL MedNet Premium August 2026.csv,Premium,SHEIKH MANAA BIN HASHER AL MAKTOUM POLYCLINIC LLC,DUBAI,SHEIKH MANAA BIN HASHER ALMAKTOUM POLYCLINIC,266,0.946
APRIL MedNet Premium August 2026.csv,Premium,ICARE ALREFFA - DUBAI - BR OF EXCEL HEALTHCARE LLC,DUBAI,ICARE AL REFFA (BR OF EXCEL HEALTHCARE L.L.C),2209,0.899
APRIL MedNet Premium August 2026.csv,Premium,ICARE AL QUASIS(BR OF EXCEL HEALTHCARE LLC),DUBAI,ICARE AL REFFA (BR OF EXCEL HEALTHCARE L.L.C),2209,0.871
APRIL MedNet Premium August 2026.csv,Premium,ANAYA MEDICAL CENTER LLC BRANCH,DUBAI,ANAYA MEDICAL CENTER L.L.C BRANCH,382,0.969
APRIL MedNet Premium August 2026.csv,Premium,NOOR MEDICAL CLINIC,SHARJAH,DOOA  MEDICAL CLINIC,2419,0.895
APRIL MedNet Premium August 2026.csv,Premium,SHIFA AL JAZEERA MEDICAL CENTRE - SHARJAH,SHARJAH,SHIFA AL JAZEERA MEDICAL CENTRE (SHJ),475,0.946
APRIL MedNet Premium August 2026.csv,Premium,DOUBLE CARE MEDICAL CENTER LLC,AJMAN,DOUBLE CARE MEDICAL CENTER L.L.C,1407,0.968
APRIL MedNet Premium August 2026.csv,Premium,REGAL MEDICAL CENTRE - SHARJAH,SHARJAH,MEGA MEDICAL CENTER-SHARJAH,507,0.909
APRIL MedNet Premium August 2026.csv,Premium,NOOR AL SHIFA CLINIC L.L.C.,AJMAN,NOOR AL SHIFA CLINIC LLC,26,0.960
APRIL MedNet Premium August 2026.csv,Premium,MODERN FAMILY CLINIC,DUBAI,MODERN FAMILY CLINIC LLC,413,0.909
APRIL MedNet Premium August 2026.csv,Premium,RETAJ MEDICAL CENTER LLC- RAK,RAS AL KHAIMAH,RETAJ MEDICAL CENTRE LLC,459,0.885
APRIL MedNet Premium August 2026.csv,Premium,ABU DHABI REFINERY CLINIC - ADNOC,ABU DHABI,ABU DHABI REFINERY CLINIC,151,0.893
APRIL MedNet Premium August 2026.csv,Premium,ADAM & EVE SPECIALIZED MEDICAL CENTRE L.L.C. BRANCH/ MF5163,ABU DHABI,ADAM & EVE SPECIALIZED MEDICAL CENTRE L.L.C. - BRANCH,179,0.932
APRIL MedNet Premium August 2026.csv,Premium,HARLEY INTERNATIONAL MEDICAL CLINIC - BARSHA,DUBAI,HARLEY INTERNATIONAL MEDICAL CLINIC BRANCH,318,0.929
APRIL MedNet Premium August 2026.csv,Premium,SHIFA AL JAZEERAH MEDICAL CENTRE - L.L.C 01,AJMAN,SHIFA AL JAZEERAH MEDICAL CENTRE - L.L.C - BRANCH 01,2,0.921
APRIL MedNet Premium August 2026.csv,Premium,AL MARINA PHARMACY,ABU DHABI,AL RIDA PHARMACY,1607,0.882
APRIL MedNet Premium August 2026.csv,Premium,BRIGHT POINT PHARMACY LLC,ABU DHABI,BRIGHT POINT PHARMACY L.L.C,1377,0.962
APRIL MedNet Premium August 2026.csv,Premium,BURJEEL RETAIL PHARMACY L.L.C - BRANCH 4 / PF1672,ABU DHABI,BURJEEL RETAIL PHARMACY L.L.C - BRANCH,1699,0.889
APRIL MedNet Premium August 2026.csv,Premium,AL AFDAL PHARMACY,ABU DHABI,AL KAMAL PHARMACY,1662,0.882
APRIL MedNet Premium August 2026.csv,Premium,ASTER PHARMACIES GRP LLC-BR-ABUDHABI 1,ABU DHABI,ASTER PHARMACIES GROUP LLC BRANCH  ABUDHABI 13,1600,0.916
APRIL MedNet Premium August 2026.csv,Premium,EASTERN AL AHALIA PHARMACY,ABU DHABI,STAR AL AHALIA PHARMACY,1621,0.898
APRIL MedNet Premium August 2026.csv,Premium,BURJEEL RETAIL PHARMACY L.L.C -BRANCH 6 / PF2536,ABU DHABI,BURJEEL RETAIL PHARMACY L.L.C - BRANCH,1699,0.889
APRIL MedNet Premium August 2026.csv,Premium,BURJEEL RETAIL PHARMACY L.L.C -BRANCH 7 / PF1496,ABU DHABI,BURJEEL RETAIL PHARMACY L.L.C - BRANCH,1699,0.889
APRIL MedNet Premium August 2026.csv,Premium,LIFECARE INTERNATIONAL PHARMACY,ABU DHABI,LIFE CARE INTERNATIONAL PHARMACY L.L.C.,1552,0.899
APRIL MedNet Premium August 2026.csv,Premium,ASTER PHARMACIES GROUP LLC-ABU DHABI 3,ABU DHABI,ASTER PHARMACIES GROUP LLC BRANCH  ABUDHABI 13,1600,0.892
APRIL MedNet Premium August 2026.csv,Premium,AL DAMAN PHARMACY,ABU DHABI,AL KAMAL PHARMACY,1662,0.882
APRIL MedNet Premium August 2026.csv,Premium,BURJEEL RETAIL PHARMACY L.L.C - BRANCH 3 / PF2527,ABU DHABI,BURJEEL RETAIL PHARMACY L.L.C - BRANCH,1699,0.889
APRIL MedNet Premium August 2026.csv,Premium,TOP CARE PHARMACY,ABU DHABI,TOPCARE PHARMACY,1555,0.970
APRIL MedNet Premium August 2026.csv,Premium,BURJEEL RETAIL PHARMACY L.L.C - BRANCH 8 / PF1673,ABU DHABI,BURJEEL RETAIL PHARMACY L.L.C - BRANCH,1699,0.889
APRIL MedNet Premium August 2026.csv,Premium,BURJEEL RETAIL PHARMACY L.L.C - BRANCH 2 / PF1656,ABU DHABI,BURJEEL RETAIL PHARMACY L.L.C - BRANCH,1699,0.889
APRIL MedNet Premium August 2026.csv,Premium,AL ZIA PHARMACY,ABU DHABI,AL RIDA PHARMACY,1607,0.903
APRIL MedNet Premium August 2026.csv,Premium,LAHORE PHARMACY,ABU DHABI,LAHORE PHARMACY LLC,783,0.882
APRIL MedNet Premium August 2026.csv,Premium,BURJEEL RETAIL PHARMACY L.L.C - BRANCH 5 / PF2505,ABU DHABI,BURJEEL RETAIL PHARMACY L.L.C - BRANCH,1699,0.889
APRIL MedNet Premium August 2026.csv,Premium,MODERN DAR ALSHIFA PHARMACY,ABU DHABI,ASTER MODERN DAR AL SHIFA PHARMACY,1590,0.885
APRIL MedNet Premium August 2026.csv,Premium,SMART PHARMACY,ABU DHABI,SWAT PHARMACY,784,0.889
APRIL MedNet Premium August 2026.csv,Premium,NOOR ALAHLI PHARMACY - BRANCH 7,ABU DHABI,NOOR ALAHLI PHARMACY L.L.C. - BRANCH 7,1619,0.906
APRIL MedNet Premium August 2026.csv,Premium,MANSOUR PHARMACY - ABU DHABI/ PF1317,ABU DHABI,MANSOUR PHARMACY ABU DHABI,1557,0.881
APRIL MedNet Premium August 2026.csv,Premium,LIFECARE INTERNATIONAL PHARMACY LLC-BRANCH 1-PF2581,ABU DHABI,LIFE CARE INTERNATIONAL PHARMACY LLC - BRANCH 1,1553,0.917
APRIL MedNet Premium August 2026.csv,Premium,ASTER PHARMACIES GROUP L.L.C- BRANCH OF ABU DHABI 8-PF3004,ABU DHABI,ASTER PHARMACIES GROUP L.L.C- BRANCH OF ABU DHABI 8,1587,0.935
APRIL MedNet Premium August 2026.csv,Premium,MODERN DAR ALSHIFA PHARMACY,ABU DHABI,ASTER MODERN DAR AL SHIFA PHARMACY,1590,0.885
APRIL MedNet Premium August 2026.csv,Premium,MADINA ZAYED AHALIA PHARMACY,ABU DHABI,MADINA ZAYED AL AHLIYYA  PHARMACY,1611,0.900
APRIL MedNet Premium August 2026.csv,Premium,HEALTH PLUS PHARMACY L L C,ABU DHABI,HEALTH POINT PHARMACY L.L.C.,1578,0.868
APRIL MedNet Premium August 2026.csv,Premium,HEALTH FIRST PHARMACY-BRANCH 13,ABU DHABI,HEALTH FIRST PHARMACY LLC - BRANCH 13,1684,0.939
APRIL MedNet Premium August 2026.csv,Premium,ASTER PHARMACIES GROUP LLC-BRANCH OF ABU DHABI 4,ABU DHABI,ASTER PHARMACIES GROUP  LLC- BRANCH OF ABUDHABI 4,1593,0.989
APRIL MedNet Premium August 2026.csv,Premium,HEALTH FIRST PHARMACY-BRANCH 12,ABU DHABI,HEALTH FIRST PHARMACY LLC BRANCH 12,1685,0.939
APRIL MedNet Premium August 2026.csv,Premium,LOTUS PHARMACY LLC,ABU DHABI,LOTUS PHARMACY L.L.C,1376,0.947
APRIL MedNet Premium August 2026.csv,Premium,AL MADAR MEDICAL CENTER PHARMACY,ABU DHABI,DAS MEDICAL CENTER PHARMACY,1632,0.881
APRIL MedNet Premium August 2026.csv,Premium,AL RODA PHARMACY LLC,ABU DHABI,AL ZIA PHARMACY LLC,782,0.872
APRIL MedNet Premium August 2026.csv,Premium,HEALTH FIRST PHARMACY-BRANCH 14,ABU DHABI,HEALTH FIRST PHARMACY LLC BRANCH 4,1690,0.923
APRIL MedNet Premium August 2026.csv,Premium,ASTER PHARMACIES GROUP LLC- BRANCH OF ABUDHABI 2,ABU DHABI,ASTER PHARMACIES GROUP LLC- BRANCH OF ABU DHABI 2,1588,0.989
APRIL MedNet Premium August 2026.csv,Premium,SAD PHARMACY,ABU DHABI,SARHAD PHARMACY,1559,0.889
APRIL MedNet Premium August 2026.csv,Premium,ASTER PHARMACIES GROUP LLC- BRANCH OF ABU DHABI 7,ABU DHABI,ASTER PHARMACIES GROUP L.L.C- BRANCH OF ABU DHABI 7,1594,0.980
APRIL MedNet Premium August 2026.csv,Premium,BURJEEL RETAIL PHARMACY L.L.C - BRANCH 11 / PF1481,ABU DHABI,BURJEEL RETAIL PHARMACY L.L.C - BRANCH,1699,0.878
APRIL MedNet Premium August 2026.csv,Premium,"ROYAL INTERNATIONAL PHARMACY, MAFRAQ",ABU DHABI,ROYAL INTERNATIONAL PHARMACY,1677,0.889
APRIL MedNet Premium August 2026.csv,Premium,BURJEEL RETAIL PHARMACY L.L.C - BRANCH 1 / PF2952,ABU DHABI,BURJEEL RETAIL PHARMACY L.L.C - BRANCH,1699,0.889
APRIL MedNet Premium August 2026.csv,Premium,NOOR ALAHLI PHARMACY - BRANCH 2,ABU DHABI,NOOR ALAHLI PHARMACY L.L.C. - BRANCH 2,1614,0.906
APRIL MedNet Premium August 2026.csv,Premium,AL MARINA PHARMACY BRANCH,ABU DHABI,AL MARINA PHARMACY LLC - BRANCH 1,1723,0.893
APRIL MedNet Premium August 2026.csv,Premium,ZANBAQ AL MADINA PHARMACY LLC,ABU DHABI,ZANBAQ AL MADINA PHARMACY L.L.C,1372,0.967
APRIL MedNet Premium August 2026.csv,Premium,BURJEEL RETAIL PHARMACY L.L.C - BRANCH 13 / PF2896,ABU DHABI,BURJEEL RETAIL PHARMACY L.L.C - BRANCH,1699,0.878
APRIL MedNet Premium August 2026.csv,Premium,GRAND PHARMACY,AJMAN,NEW GRAND PHARMACY,717,0.875
APRIL MedNet Premium August 2026.csv,Premium,BUSTAN PHARMACY,AJMAN,AL BUSTAN PHARMACY,1435,0.909
APRIL MedNet Premium August 2026.csv,Premium,AL SWAN PHARMACY,AJMAN,AL BUSTAN PHARMACY,1435,0.882
APRIL MedNet Premium August 2026.csv,Premium,AL ZAMAN PHARMACY LLC - (AL NEEM PHARMACY GROUP),AJMAN,AL ZAMAN PHARMACY L.L.C(AL NEEM GROUP),1432,0.864
APRIL MedNet Premium August 2026.csv,Premium,RIGHT HEALTH PHARMACY JURF2 LLC,AJMAN,RIGHT HEALTH PHARMACY JURF LLC,687,0.984
APRIL MedNet Premium August 2026.csv,Premium,AL SHIFA PHARMACY,AJMAN,AL SHIFA PHARMACY(AJM),727,0.895
APRIL MedNet Premium August 2026.csv,Premium,EMIRATES PHARMACY,AJMAN,EMIRATES PHARMACY(AJM),726,0.895
APRIL MedNet Premium August 2026.csv,Premium,AMINA HOSPITAL PHARMACY LLC,AJMAN,AMINA HOSPITAL PHARMACY,730,0.920
APRIL MedNet Premium August 2026.csv,Premium,ARABIAN PHARMACY,AJMAN,ARABIAN PHARMACY(AJM),728,0.889
APRIL MedNet Premium August 2026.csv,Premium,ASTER PHARMACY,AJMAN,ASTER PHARMACY 159,1429,0.875
APRIL MedNet Premium August 2026.csv,Premium,SANA PHARMACY LLC,AJMAN,JANAH PHARMACY LLC,759,0.914
APRIL MedNet Premium August 2026.csv,Premium,AL NEEM PHARMACY,AJMAN,AL NAJEM PHARMACY,711,0.909
APRIL MedNet Premium August 2026.csv,Premium,GALAXY PHARMACY LLC - AJMAN,AJMAN,GALAXY PHARMACY LLC,701,0.864
APRIL MedNet Premium August 2026.csv,Premium,ASTER PHARMACY 163 BR OF ASTER PHARMACIES GROUP LLC - AJMAN,AJMAN,ASTER PHARMACY 163 BR OF ASTER PHARMACIES GROUP LLC,722,0.944
APRIL MedNet Premium August 2026.csv,Premium,ELAJ MEDICAL CENTRE PHARMACY L.L.C 01 - AJMAN,AJMAN,ELAJ MEDICAL CENTRE PHARMACY L.L.C 01,714,0.925
APRIL MedNet Premium August 2026.csv,Premium,ELAJ MEDICAL CENTRE PHARMACY LLC,AJMAN,ELAJ MEDICAL CENTRE PHARMACY L.L.C 01,714,0.928
APRIL MedNet Premium August 2026.csv,Premium,ASTER PHARMACY 159 (BR OF ASTER PHARMACIES GROUP LLC) - AJMAN,AJMAN,ASTER PHARMACY 159 BR OF ASTER PHARMACIES GROUP LLC,724,0.944
APRIL MedNet Premium August 2026.csv,Premium,ASTER PHARMACY 154 (BR OF ASTER PHARMACIES GROUP LLC) - AJMAN,AJMAN,ASTER PHARMACY 154 (BR OF ASTER PHARMACIES GROUP LLC),723,0.944
APRIL MedNet Premium August 2026.csv,Premium,ASTER PHARMACY 161 BR OF ASTER PHARMACIES GROUP LLC - DUBAI,DUBAI,ASTER PHARMACY 161 (BR OF ASTER PHARMACIES GROUP LLC),1002,0.944
APRIL MedNet Premium August 2026.csv,Premium,ASTER PHARMACY 134,DUBAI,ASTER PHARMACY 123,2073,0.944
APRIL MedNet Premium August 2026.csv,Premium,LULU BARSHA PHARMACY LLC DOCIB,DUBAI,LULU BARSHA PHARMACY LLC,2178,0.889
APRIL MedNet Premium August 2026.csv,Premium,HEALTH FIRST PHARMACY 47 BRANCH OF HEALTH FIRST INVESTMENT LLC,DUBAI,HEALTH FIRST PHARMACY 65 (Br. OF HEALTH FIRST INVESTMENT L.L.C),2231,0.918
APRIL MedNet Premium August 2026.csv,Premium,ASTER PHARMACY 145 (BR OF ASTER PHARMACIES GROUP),DUBAI,ASTER PHARMACY 145(BR OF ASTER PHARMACIES GROUP LLC),972,0.959
APRIL MedNet Premium August 2026.csv,Premium,MULTI CARE PHARMACY LLC,DUBAI,MULTICARE PHARMACY LLC,1981,0.978
APRIL MedNet Premium August 2026.csv,Premium,NEW AL QOUZ PHARMACY,DUBAI,NEW AL QUOZ PHARMACY,936,0.950
APRIL MedNet Premium August 2026.csv,Premium,ACCESS PHARMACY BR OF ASTER PHARMACIES GROUP LLC-ASTER GROUP,DUBAI,ACCESS PHARMACY (BR OF ASTER PHARMACIES GROUP LLC),1053,0.889
APRIL MedNet Premium August 2026.csv,Premium,HEALTH FIRST PHARMACY 8,DUBAI,HEALTH FIRST PHARMACY 38,2154,0.979
APRIL MedNet Premium August 2026.csv,Premium,AL NEEM GREEN PHARMACY LLC - DUBAI (AL NEEM GROUP),DUBAI,AL NEEM GREEN PHARMACY L.L.C(AL NEEM GROUP),2088,0.909
APRIL MedNet Premium August 2026.csv,Premium,MUSALAH AL QUOZE PHARMACY,DUBAI,MUSALAH AL QUOZE PHARMACY LLC,1980,0.926
APRIL MedNet Premium August 2026.csv,Premium,"LOTUS PHARMACY LLC, DXB",DUBAI,LOTUS PHARMACY LLC,823,0.900
APRIL MedNet Premium August 2026.csv,Premium,LULU CENTER PHARMACY DOCIB,DUBAI,LULU CENTER PHARMACY LLC,2179,0.880
APRIL MedNet Premium August 2026.csv,Premium,ASTER PHARMACY 142 (BR OF ASTER PHARMACIES GROUP),DUBAI,ASTER PHARMACY 142 (BR OF ASTER PHARMACIES GROUP LLC),964,0.959
APRIL MedNet Premium August 2026.csv,Premium,ASTER PHARMACY 101 BR OF ASTER PHARMACIES GROUP LLC,DUBAI,ASTER PHARMACY101(BR OF ASTER PHARMACIES GROUP LLC),881,0.990
APRIL MedNet Premium August 2026.csv,Premium,ASTER PHARMACY 112 BR OF ASTER PHARMACIES GROUP LLC-ASTER GR,DUBAI,ASTER PHARMACY 112 (BR OF ASTER PHARMACIES GROUP LLC),929,0.919
APRIL MedNet Premium August 2026.csv,Premium,ASTER PHARMACY 202 (BR OF ASTER PHARMACIES GROUP),DUBAI,ASTER PHARMACY 202 (BR OF ASTER PHARMACIES GROUP LLC),886,0.959
APRIL MedNet Premium August 2026.csv,Premium,VITA CARE PHARMACY LLC,DUBAI,VITACARE PHARMACY LLC,795,0.977
APRIL MedNet Premium August 2026.csv,Premium,EHSAAN PHARMACY,DUBAI,EHSAN PHARMACY,879,0.966
APRIL MedNet Premium August 2026.csv,Premium,PANORAMA RX PHARMACY BR OF IMARA HEALTH CARE LLC,DUBAI,PANORAMA RX PHARMACY (BR OF IMARA HEALTH CARE L.L.C)(IMARA GR),808,0.897
APRIL MedNet Premium August 2026.csv,Premium,ASTER PHARMACY 120 BR OF ASTER PHARMACIES GROUP LLC-DUBAI,DUBAI,ASTER PHARMACY 120 (BR OF ASTER PHARMACIES GROUP LLC),872,0.944
APRIL MedNet Premium August 2026.csv,Premium,ASTER PHARMACY 157 BR OF ASTER PHARMACIES GROUP LLC-DUBAI,DUBAI,ASTER PHARMACY 157(BR OF ASTER PHARMACIES GROUP LLC),950,0.944
APRIL MedNet Premium August 2026.csv,Premium,NEW AL NEEM PHARMACY LLC-AL NEEM GROUP,DUBAI,NEW AL NEEM PHARMACY L.L.C ( AL NEEM GROUP),2087,0.974
APRIL MedNet Premium August 2026.csv,Premium,RX PHARMACY,DUBAI,MVR PHARMACY,1978,0.870
APRIL MedNet Premium August 2026.csv,Premium,ASIA PHARMACY,DUBAI,ASMA PHARMACY,885,0.923
APRIL MedNet Premium August 2026.csv,Premium,NICE LIFE PHARMACY ( BR OF ASTER PHARMACIES GROUP LLC) - DUBAI,DUBAI,NICE LIFE PHARMACY (BR OF ASTER PHARMACIES GROUP LLC),987,0.944
APRIL MedNet Premium August 2026.csv,Premium,RAMADA PHARMACY,DUBAI,AMAAN PHARMACY,2176,0.897
APRIL MedNet Premium August 2026.csv,Premium,ASTER PHARMACY 147 BR OF ASTER PHARMACIES GROUP LLC-DR. MOOPENS,DUBAI,ASTER PHARMACY 147 (BR OF ASTER PHARMACIES GROUP LLC),883,0.903
APRIL MedNet Premium August 2026.csv,Premium,ASTER AL SHAFAR PHARMACY (form. LAMCY PHARMACY),DUBAI,ASTER AL SHAFAR PHARMACY (FORMELY KNOWN AS LAMCY PHARMACY),919,0.880
APRIL MedNet Premium August 2026.csv,Premium,AL GHUBAIBA PHARMACY,DUBAI,AL GHUBAIBA PHARMACY LLC,1962,0.909
APRIL MedNet Premium August 2026.csv,Premium,ASTER PHARMACY 1,DUBAI,ASTER PHARMACY 185,1106,0.941
APRIL MedNet Premium August 2026.csv,Premium,AL ANBER PHARMACY,DUBAI,AL JABRI PHARMACY,1908,0.882
APRIL MedNet Premium August 2026.csv,Premium,ROYAL PHARMACY,DUBAI,RALS PHARMACY,1952,0.889
APRIL MedNet Premium August 2026.csv,Premium,ASTER DAY SURGERY CENTRE PHARMACY LLC,DUBAI,ASTER DAY SURGERY CENTRE PHARMACY - MANKHOOL,1021,0.886
APRIL MedNet Premium August 2026.csv,Premium,AL MUSALLAH PHARMACY,DUBAI,AL MUSALLA PHARMACY,918,0.974
APRIL MedNet Premium August 2026.csv,Premium,ASTER PHARMACY 146 (BR OF ASTER PHARMACIES GROUP),DUBAI,ASTER PHARMACY 146(BR OF ASTER PHARMACIES GROUP LLC),957,0.959
APRIL MedNet Premium August 2026.csv,Premium,ASTER PHARMACY 138 (BR OF ASTER PHARMACIES GRP) LLC-DR MOOPE,DUBAI,ASTER PHARMACY 138 (BR OF ASTER PHARMACIES GROUP LLC),911,0.899
APRIL MedNet Premium August 2026.csv,Premium,ASTER AL HAYAT PHARMACY BR OF ASTER PHARMACIES GROUP-DUBAI,DUBAI,ASTER AL HAYAT PHARMACY(BR OF ASTER PHARMACIES GROUP LLC),963,0.930
APRIL MedNet Premium August 2026.csv,Premium,"ROCK STAR PHARMACY LLC, DUBAI",DUBAI,ROCK STAR PHARMACY LLC,1990,0.880
APRIL MedNet Premium August 2026.csv,Premium,ASTER PHARMACY 206 BR OF ASTER PHARMACIES GROUP LLC (BURJ DUBAI),DUBAI,ASTER PHARMACY 206 (BR OF ASTER PHARMACIES GROUP LLC),989,0.903
APRIL MedNet Premium August 2026.csv,Premium,HEALTH FIRST PHARMACY 6,DUBAI,HEALTH FIRST PHARMACY 60,2164,0.979
APRIL MedNet Premium August 2026.csv,Premium,RAMADA PHARMACY,DUBAI,AMAAN PHARMACY,2176,0.897
APRIL MedNet Premium August 2026.csv,Premium,AL BARAKA PHARMACY,DUBAI,AL BARAKA PHARMACY LLC,1912,0.900
APRIL MedNet Premium August 2026.csv,Premium,SULTAN PHARMACY,DUBAI,SULTAN PHARMACY LLC,1079,0.882
APRIL MedNet Premium August 2026.csv,Premium,AL SHOHOB PHARMACY,DUBAI,AL SHOHOB PHARMACY (LLC),2242,0.900
APRIL MedNet Premium August 2026.csv,Premium,IBN SINA 42 PHARMACY BR OF IBN SINA GROUP PHARMACIES LLC,DUBAI,IBN SINA 34 PHARMACY(BR OF IBN SINA GROUP PHARMACIES L.L.C),2258,0.965
APRIL MedNet Premium August 2026.csv,Premium,HEALTH FIRST PHARMACY 5,DUBAI,HEALTH FIRST PHARMACY 45,2157,0.979
APRIL MedNet Premium August 2026.csv,Premium,AL HIKMA PHARMACY,DUBAI,AL SHIFA PHARMACY,938,0.882
APRIL MedNet Premium August 2026.csv,Premium,AL IMAN PHARMACY,DUBAI,AL JUMA PHARMACY,945,0.875
APRIL MedNet Premium August 2026.csv,Premium,AL HAWI PHARMACY,DUBAI,AL RAIS PHARMACY,788,0.875
APRIL MedNet Premium August 2026.csv,Premium,IBN SINA PHARMACY,DUBAI,IBN SINA PHARMACY 66,2318,0.919
APRIL MedNet Premium August 2026.csv,Premium,OMAN PHARMACY,DUBAI,AMAAN PHARMACY,2176,0.889
APRIL MedNet Premium August 2026.csv,Premium,AL MANKHOUL PHARMACY,DUBAI,AL MANKHOOL PHARMACY LLC,1058,0.864
APRIL MedNet Premium August 2026.csv,Premium,FAJER MIRDIF PHARMACY L.L.C - DUBAI,DUBAI,FAJER MIRDIF PHARMACY L.L.C,1999,0.900
APRIL MedNet Premium August 2026.csv,Premium,ASTER PHARMACY 160 BR OF ASTER PHARMACIES GROUP LLC - DUBAI,DUBAI,ASTER PHARMACY 160 (BR OF ASTER PHARMACIES GROUP LLC),1000,0.944
APRIL MedNet Premium August 2026.csv,Premium,PARADISE PLUS PHARMACY LLC,DUBAI,PARADISE PLUS PHARMACY  L L C,1956,0.963
APRIL MedNet Premium August 2026.csv,Premium,MEDSHOP GARDEN PHARMACY,DUBAI,MEDSHOP GARDENS PHARMACY,984,0.979
APRIL MedNet Premium August 2026.csv,Premium,BIN SINA PHARMACY,DUBAI,IBN SINA PHARMACY 66,2318,0.865
APRIL MedNet Premium August 2026.csv,Premium,NEW ADVANCED CARE PHARMACY LLC-ADVANCED CARE GROUP,DUBAI,NEW ADVANCED CARE PHARMACY LLC (ADVANCE CARE GROUP),2095,0.990
APRIL MedNet Premium August 2026.csv,Premium,I CARE PHARMACY (LLC),DUBAI,LIVE CARE PHARMACY LLC,2000,0.927
APRIL MedNet Premium August 2026.csv,Premium,EXTRA LIFE PHARMACY,DUBAI,BETTER LIFE PHARMACY,1930,0.872
APRIL MedNet Premium August 2026.csv,Premium,AL AZHAR PHARMACY,DUBAI,AL RAHA PHARMACY,916,0.909
APRIL MedNet Premium August 2026.csv,Premium,ASTER PHARMACY 2,DUBAI,ASTER PHARMACY 123,2073,0.941
APRIL MedNet Premium August 2026.csv,Premium,ADVANCED STAR PHARMACY LLC,DUBAI,ADVANCED STAR PHARMACY DIP,1046,0.885
APRIL MedNet Premium August 2026.csv,Premium,"FIT FOR LIFE PHARMACY LLC, DUBAI",DUBAI,FIT FOR LIFE PHARMACY LLC,856,0.893
APRIL MedNet Premium August 2026.csv,Premium,HEALTH FIRST PHARMACY 43,DUBAI,HEALTH FIRST PHARMACY 3,2149,0.979
APRIL MedNet Premium August 2026.csv,Premium,HEALTH FIRST PHARMACY 29,DUBAI,HEALTH FIRST PHARMACY 2,2144,0.979
APRIL MedNet Premium August 2026.csv,Premium,ASTER PHARMACY 164 BR OF ASTER PHARMACIES GROUP LLC - DUBAI,DUBAI,ASTER PHARMACY 164 (BR OF ASTER PHARMACIES GROUP LLC),1001,0.944
APRIL MedNet Premium August 2026.csv,Premium,HEALTH FIRST PHARMACY 3-DUBAI,DUBAI,HEALTH FIRST PHARMACY 3,2149,0.885
APRIL MedNet Premium August 2026.csv,Premium,ASTER PHARMACY 141 BROF ASTER PHARMACIES GROUP LLC-DUBAI,DUBAI,ASTER PHARMACY 141 (BR OF ASTER PHARMACIES GROUP LLC),967,0.935
APRIL MedNet Premium August 2026.csv,Premium,HATTA PHARMACY,DUBAI,HATTA PHARMACY LLC,1917,0.875
APRIL MedNet Premium August 2026.csv,Premium,AL NEEM PHARMACY LLC,DUBAI,AL NASEEM PHARMACY LLC,841,0.952
APRIL MedNet Premium August 2026.csv,Premium,ASTER PHARMACY 137 BR OF ASTER PHARMACIES GROUP LLC - DUBAI,DUBAI,ASTER PHARMACY 137 (BR OF ASTER PHARMACIES GROUP LLC),952,0.944
APRIL MedNet Premium August 2026.csv,Premium,NOVITAS PHARMACY LLC- DUBAI,DUBAI,NOVITAS PHARMACY LLC,1965,0.870
APRIL MedNet Premium August 2026.csv,Premium,UNIQUE CARE PHARMACY LLC - DUBAI,DUBAI,UNIQUE CARE PHARMACY LLC ,1998,0.889
APRIL MedNet Premium August 2026.csv,Premium,EASTHILL PHARMACY,DUBAI,EAST HILL PHARMACY,854,0.971
APRIL MedNet Premium August 2026.csv,Premium,FAITHWAY PHARMACY LLC,DUBAI,FAITH WAY PHARMACY L.L.C,831,0.933
APRIL MedNet Premium August 2026.csv,Premium,MEDICOM 4 (TOWN PHARMACY),DUBAI,ASTER MEDICOM-4(TOWN  PHARMACY),2076,0.885
APRIL MedNet Premium August 2026.csv,Premium,JUMEIRAH BETTER LIFE PHARMACY,DUBAI,JUMEIRA BETTER LIFE PHARMACY,1933,0.982
APRIL MedNet Premium August 2026.csv,Premium,ASTER PHARMACY 205 BR OF ASTER PHARMACIES GROUP LLC-DUBAI,DUBAI,ASTER PHARMACY 205 (BR OF ASTER PHARMACIES GROUP LLC),949,0.944
APRIL MedNet Premium August 2026.csv,Premium,HEALTH FIRST PHARMACY 32,DUBAI,HEALTH FIRST PHARMACY 2,2144,0.979
APRIL MedNet Premium August 2026.csv,Premium,HEALTH FIRST PHARMACY 7,DUBAI,HEALTH FIRST PHARMACY 37,2153,0.979
APRIL MedNet Premium August 2026.csv,Premium,AL ZAHRA PHARMACY,DUBAI,AL AHRAM PHARMACY,835,0.941
APRIL MedNet Premium August 2026.csv,Premium,ASTER PHARMACY 149 BR OF ASTER PHARMACIES GROUP LLC - DUBAI,DUBAI,ASTER PHARMACY 149(BR OF ASTER PHARMACIES GROUP LLC),955,0.944
APRIL MedNet Premium August 2026.csv,Premium,AL BAIROONI PHARMACY,DUBAI,AL BAIROONI PHARMACY LLC,1909,0.909
APRIL MedNet Premium August 2026.csv,Premium,MEDICOM 13 (HOME PHARMACY),DUBAI,ASTER MEDICOM-13(HOME PHARMACY),2068,0.889
APRIL MedNet Premium August 2026.csv,Premium,LULU KARAMA PHARMACY LLC DOCIB,DUBAI,LULU KARAMA PHARMACY LLC,2180,0.889
APRIL MedNet Premium August 2026.csv,Premium,NEW MANKHOOL PHARMACY,DUBAI,NEW MANKHOOL PHARMACY LLC,1059,0.913
APRIL MedNet Premium August 2026.csv,Premium,SANA PHARMACY,DUBAI,EHSAN PHARMACY,879,0.889
APRIL MedNet Premium August 2026.csv,Premium,ASTER PHARMACY 148 (BR OF ASTER PHARMACIES GROUP),DUBAI,ASTER PHARMACY 148(BR OF ASTER PHARMACIES GROUP LLC),965,0.959
APRIL MedNet Premium August 2026.csv,Premium,HEALTH FIRST PHARMACY 31,DUBAI,HEALTH FIRST PHARMACY 3,2149,0.979
APRIL MedNet Premium August 2026.csv,Premium,MODERN FAMILY PHARMACY,DUBAI,MODERN FAMILY PHARMACY LLC,1067,0.917
APRIL MedNet Premium August 2026.csv,Premium,SAMER PHARMACY,DUBAI,SAMARY PHARMACY,1968,0.897
APRIL MedNet Premium August 2026.csv,Premium,ZABEEL PHARMACY,DUBAI,ZABEEL PHARMACY LLC,998,0.882
APRIL MedNet Premium August 2026.csv,Premium,ASTER HEALTHCARE HYPER MARKET (BR OF ASTER PHARMACIES GROUP LLC),DUBAI,ASTER HEALTHCARE HYPERMARKET (BR OF ASTER PHARMACIES GROUP LLC),877,0.992
APRIL MedNet Premium August 2026.csv,Premium,SUPER LIFE PHARMACY,DUBAI,BLUE LIFE PHARMACY,1953,0.865
APRIL MedNet Premium August 2026.csv,Premium,HEALTH FIRST PHARMACY 27 BR,DUBAI,HEALTH FIRST PHARMACY 2,2144,0.920
APRIL MedNet Premium August 2026.csv,Premium,"ASTER PHARMACY 113 (Br of Aster Pharmacies Group LLC), DUBAI",DUBAI,ASTER PHARMACY 113 (BR OF ASTER PHARMACIES GROUP LLC),926,0.944
APRIL MedNet Premium August 2026.csv,Premium,MEDICOM 7 PHARMACY (FLAME PHARMACY),DUBAI,MEDICOM PHARMACY 7 (FLAME PHARMACY),875,0.939
APRIL MedNet Premium August 2026.csv,Premium,ASTER PHARMACY 143 BR OF ASTER PHARMACIES GROUP-DUBAI,DUBAI,ASTER PHARMACY 143(BR OF ASTER PHARMACIES GROUP LLC),978,0.923
APRIL MedNet Premium August 2026.csv,Premium,"GRAND INFINITY PHARMACY LLC ,DUBAI",DUBAI,GRAND INFINITY PHARMACY LLC,816,0.900
APRIL MedNet Premium August 2026.csv,Premium,NOVA ADVANCED CARE PHARMACY LLC-ADVANCED CARE GROUP,DUBAI,NEW ADVANCED CARE PHARMACY LLC (ADVANCE CARE GROUP),2095,0.940
APRIL MedNet Premium August 2026.csv,Premium,AL NEEM GRAND PHARMACY LLC - DUBAI (AL NEEM GROUP),DUBAI,AL NEEM GRAND PHARMACY L.L.C(AL NEEM GROUP),2089,0.909
APRIL MedNet Premium August 2026.csv,Premium,ASTER MEDICAL CENTRE PHARMACY AL MUHAISNA BR OF DM HEALTHCARE LLC - DUBAI,DUBAI,ASTER MEDICAL CENTER PHARMACY AL MUHAISNA BR OF DM HEALTHCARE LLC,988,0.941
APRIL MedNet Premium August 2026.csv,Premium,IBN SINA 73 PHARMACY (BR OF IBN SINA GROUP PHARMACIES),DUBAI,IBN SINA 30 PHARMACY(BR OF IBN SINA GROUP PHARMACIES),2256,0.981
APRIL MedNet Premium August 2026.csv,Premium,ASTER PHARMACY 110 (BR OF ASTER PHARMACIES GROUP LLC),DUBAI,ASTER PHARMACY110 (BR OF ASTER PHARMACIES GROUP LLC),922,0.990
APRIL MedNet Premium August 2026.csv,Premium,ASTER GRAND PHARMACY,DUBAI,ASTER RASHID PHARMACY,2056,0.878
APRIL MedNet Premium August 2026.csv,Premium,SAHARA PHARMACY,DUBAI,SAMARY PHARMACY,1968,0.867
APRIL MedNet Premium August 2026.csv,Premium,AL RAFEA PHARMACY,DUBAI,AL RAFAH PHARMACY,2004,0.941
APRIL MedNet Premium August 2026.csv,Premium,MALAK PHARMACY,DUBAI,ALFA PHARMACY,880,0.889
APRIL MedNet Premium August 2026.csv,Premium,AL NASEEM PHARMACY,DUBAI,AL NASEEM PHARMACY LLC,841,0.900
APRIL MedNet Premium August 2026.csv,Premium,SAMARI RX PHARMACY BR OF IMARA HEALTH CARE LLC,DUBAI,SAMARI RX PHARMACY (BR OF IMARA HEALTH CARE L.L.C)(IMARA GR),807,0.893
APRIL MedNet Premium August 2026.csv,Premium,MEDICOM 12(DUBAI CENTURY PHARMACY),DUBAI,ASTER MEDICOM-12(DUBAI CENTURY PHARMACY),2027,0.917
APRIL MedNet Premium August 2026.csv,Premium,UNICARE STAR PHARMACY,DUBAI,UNICARE STAR PHARMACY-SATWA,1928,0.875
APRIL MedNet Premium August 2026.csv,Premium,NOOR AL SATWA PHARMACY,DUBAI,NOOR  AL  SATWA  PHARMACY  LLC,1986,0.917
APRIL MedNet Premium August 2026.csv,Premium,NOOR AL IMAN PHARMACY,DUBAI,NOOR ALMADINA PHARMACY,1970,0.884
APRIL MedNet Premium August 2026.csv,Premium,ASTER PHARMACY 201 BR OF ASTER PHARMACIES GROUP LLC-DUBAI,DUBAI,ASTER PHARMACY 201 (BR OF ASTER PHARMACIES GROUP LLC),975,0.944
APRIL MedNet Premium August 2026.csv,Premium,ASTER PHARMACY 98 BRANCH OF ASTER PHARMACY LLC,DUBAI,ASTER PHARMACY 3 (BR OF ASTER PHARMACY L.L.C),904,0.899
APRIL MedNet Premium August 2026.csv,Premium,UMM HURAIR PHARMACY (BR OF AL SHAFAR PHARMACIES GROUP LLC),DUBAI,DRAGON PHARMACY (BR OF AL SHAFAR PHARMACIES GROUP LLC),897,0.889
APRIL MedNet Premium August 2026.csv,Premium,AL FAISAL PHARMACY,DUBAI,AL FAISAL PHARMACY LLC,894,0.900
APRIL MedNet Premium August 2026.csv,Premium,LULU DIBBA PHARMACY LLC DOCIB,FUJAIRAH,LULU DIBBA PHARMACY LLC,2355,0.885
APRIL MedNet Premium August 2026.csv,Premium,AL SHARQ HOSPITAL PHARMACY FUJAIRAH (AL SHARQ GROUP),FUJAIRAH,AL SHARQ HOSPITAL PHARMACY (AL SHARQ GROUP),2339,0.901
APRIL MedNet Premium August 2026.csv,Premium,HEALTH FIRST PHARMACY 17,FUJAIRAH,HEALTHFIRST PHARMACY 10,2354,0.936
APRIL MedNet Premium August 2026.csv,Premium,ASTER PHARMACY 8 BR OF ASTER PHARMACIES GRP LLC-FUJAIRAH,FUJAIRAH,ASTER PHARMACY 8 (BR OF ASTER PHARMACIES GROUP LLC),2337,0.895
APRIL MedNet Premium August 2026.csv,Premium,TAYBA PHARMACY,FUJAIRAH,TAIBA PHARMACY,1119,0.929
APRIL MedNet Premium August 2026.csv,Premium,NEXUS PHARMACY LLC - RAK,RAS AL KHAIMAH,NEXUS PHARMACY LLC,1136,0.900
APRIL MedNet Premium August 2026.csv,Premium,AL NOOR PHARMACY - RAK,RAS AL KHAIMAH,AL NOOR PHARMACY,1137,0.889
APRIL MedNet Premium August 2026.csv,Premium,NOORA PHARMACY,RAS AL KHAIMAH,AL NOOR PHARMACY,1137,0.867
APRIL MedNet Premium August 2026.csv,Premium,AL MANARA PHARMACY,RAS AL KHAIMAH,AL AMAN PHARMACY,1138,0.882
APRIL MedNet Premium August 2026.csv,Premium,ZAHRAT NOOR AL SHEFAA PHARMACY - RAK (AL NEEM GROUP),RAS AL KHAIMAH,ZAHRAT NOOR AL SHEFAA PHARMACY(AL NEEM GROUP),2384,0.957
APRIL MedNet Premium August 2026.csv,Premium,NOOR AL SHEFAA PHARMACY - RAK (AL NEEM GROUP),RAS AL KHAIMAH,ZAHRAT NOOR AL SHEFAA PHARMACY(AL NEEM GROUP),2384,0.871
APRIL MedNet Premium August 2026.csv,Premium,AL LULU RAK PHARMACY LLC DOCIB,RAS AL KHAIMAH,AL LULU RAK PHARMACY LLC,2393,0.889
APRIL MedNet Premium August 2026.csv,Premium,AL KARAMA PHARMACY,RAS AL KHAIMAH,AL AMAN PHARMACY,1138,0.882
APRIL MedNet Premium August 2026.csv,Premium,RAS AL KAIMAH AL JAZIRA AL HAMRA PHARMACY,RAS AL KHAIMAH,RAS AL KHAIMAH AL JAZIRA AL HAMRA PHARMACY,1157,0.988
APRIL MedNet Premium August 2026.csv,Premium,AL DUNIA PHARMACY LLC,SHARJAH,AL DUNIA PHARMACY,1223,0.895
APRIL MedNet Premium August 2026.csv,Premium,NAJMAT ABU SHAGARA PHARMACY-SHJ,SHARJAH,NAJMAT ABU SHAGARA PHARMACY,1219,0.931
APRIL MedNet Premium August 2026.csv,Premium,LULU AL FALAH PHARMACY LLC DOCIB,SHARJAH,LULU AL FALAH PHARMACY LLC,2535,0.897
APRIL MedNet Premium August 2026.csv,Premium,AL SHIFA PHARMACY,SHARJAH,AL SAIF PHARMACY,1225,0.909
APRIL MedNet Premium August 2026.csv,Premium,ASTER PHARMACY 140 (BR OF ASTER PHARMACIES GROUP),SHARJAH,ASTER PHARMACY 121 (BR OF ASTER PHARMACIES GROUP LLC),2498,0.918
APRIL MedNet Premium August 2026.csv,Premium,ASTER PHARMACY 106-SHARJAH,SHARJAH,ASTER PHARMACY (SHARJAH),1272,0.917
APRIL MedNet Premium August 2026.csv,Premium,LULU AL NAHDA PHARMACY LLC DOCIB,SHARJAH,LULU AL NAHDA PHARMACY LLC,2536,0.897
APRIL MedNet Premium August 2026.csv,Premium,AL NAHAR PHARMACY-SHARJAH,SHARJAH,AL AZHAR PHARMACY (SHARJAH),2468,0.960
APRIL MedNet Premium August 2026.csv,Premium,ASTER PHARMACY 121-SHARJAH-ASTER PHARMACIES GROUP,SHARJAH,ASTER PHARMACY 121 (BR OF ASTER PHARMACIES GROUP LLC),2498,0.860
APRIL MedNet Premium August 2026.csv,Premium,ASTER PHARMACY 151 - SHARJAH - BR OF ASTER PHARMACIES GROUP LLC,SHARJAH,ASTER PHARMACY 121 (BR OF ASTER PHARMACIES GROUP LLC),2498,0.909
APRIL MedNet Premium August 2026.csv,Premium,ASTER PHARMACIES GROUP LLC- SHJ BR- BRANCH 3 - SHARJAH,SHARJAH,ASTER PHARMACIES GROUP LLC- SHJ BR - BRANCH 3,1291,0.913
APRIL MedNet Premium August 2026.csv,Premium,RUKN AL WAHDA PHARMACY,SHARJAH,RKN AL RAHA PHARMACY,1194,0.905
APRIL MedNet Premium August 2026.csv,Premium,"ZAM ZAM PHARMACY LLC, SHARJAH",SHARJAH,ZAMZAM PHARMACY LLC SHARJAH,2466,0.982
APRIL MedNet Premium August 2026.csv,Premium,ASTER PHARMACY 139,SHARJAH,ASTER PHARMACY 133,1270,0.944
APRIL MedNet Premium August 2026.csv,Premium,"HAMAD AL IHTERAFEYA PHARMACY LLC, MAYSLOON(SUNNY PHARMACY)",SHARJAH,HAMAD AL IHTERAFEYA PHARMACY LLC-MAYSLOON SHARJAH,1198,0.895
APRIL MedNet Premium August 2026.csv,Premium,ASTER PHARMACIES GROUP LLC- SHJ BR- BRANCH 5 - SHARJAH,SHARJAH,ASTER PHARMACIES GROUP LLC- SHJ BR - BRANCH 5,1326,0.913
APRIL MedNet Premium August 2026.csv,Premium,ASTER PHARMACIES GROUP LLC- SHJ BR- BRANCH 2 - SHARJAH,SHARJAH,ASTER PHARMACIES GROUP LLC -SHJ BR -BRANCH 2,1290,0.913
APRIL MedNet Premium August 2026.csv,Premium,AL SABAH PHARMACY LLC-(AL NEEM PHARMACY GROUP),SHARJAH,AL SABAH PHARMACY L.L.C(AL NEEM GROUP),2507,0.864
APRIL MedNet Premium August 2026.csv,Premium,AL NAHDA PHARMACY-SHARJAH,SHARJAH,AL AZHAR PHARMACY (SHARJAH),2468,0.920
APRIL MedNet Premium August 2026.csv,Premium,AL GHRAIF PHARMACY,SHARJAH,AL SAIF PHARMACY,1225,0.882
APRIL MedNet Premium August 2026.csv,Premium,HADEQAT AL ROLA PHARMACY LLC-SHARJAH,SHARJAH,HADEQAT AL ROLA PHARMACY LLC,1211,0.875
APRIL MedNet Premium August 2026.csv,Premium,NAJMAT AL ROLLA PHARMACY LLC - SHARJAH,SHARJAH,NAJMAT AL ROLLA PHARMACY LLC,1221,0.875
APRIL MedNet Premium August 2026.csv,Premium,SAIF ZONE PHARMACY FZC,SHARJAH,FAITH ZONE PHARMACY FZC,1262,0.889
APRIL MedNet Premium August 2026.csv,Premium,AL TAQWA PHARMACY LLC,SHARJAH,AL RAWAA PHARMACY LLC,2538,0.905
APRIL MedNet Premium August 2026.csv,Premium,DAR AL DAWAA PHARMACY,SHARJAH,BAIT AL DAWAA PHARMACY,2515,0.884
APRIL MedNet Premium August 2026.csv,Premium,AL ITEKAL PHARMACY,SHARJAH,AL ITEKALPHARMACY,1246,0.971
APRIL MedNet Premium August 2026.csv,Premium,ASTER PHARMACY 125- SHARJAH,SHARJAH,ASTER PHARMACY (SHARJAH),1272,0.917
APRIL MedNet Premium August 2026.csv,Premium,AL WASL PHARMACY,SHARJAH,AL WAAD PHARMACY,1171,0.875
APRIL MedNet Premium August 2026.csv,Premium,AL TAJ PHARMACY LLC,SHARJAH,AL MATAR PHARMACY LLC,1350,0.900
APRIL MedNet Premium August 2026.csv,Premium,AL NABAA PHARMACY,SHARJAH,AL NAHDA PHARMACY,1209,0.882
APRIL MedNet Premium August 2026.csv,Premium,AL SANA PHARMACY,SHARJAH,AL AHSAN PHARMACY,1226,0.909
APRIL MedNet Premium August 2026.csv,Premium,AL ELAJ PHARMACY LLC,SHARJAH,AL MEENA PHARMACY LLC,1241,0.878
APRIL MedNet Premium August 2026.csv,Premium,AL ZAMAN PHARMACY LLC,SHARJAH,AL SAMA PHARMACY LLC,1167,0.927
APRIL MedNet Premium August 2026.csv,Premium,DOCTORS PHARMACY,SHARJAH,DOCTORS PHARMACY LLC,1234,0.889
APRIL MedNet Premium August 2026.csv,Premium,REEM AL NAHDA PHARMACY,SHARJAH,REEM AL NAHDAH PHARMACY LLC,1261,0.898
APRIL MedNet Premium August 2026.csv,Premium,DELMON PHARMACY,SHARJAH,DELMON PHARMACY LLC,1235,0.882
APRIL MedNet Premium August 2026.csv,Premium,ZAHRAT AL MADINAH PHARMACY LLC - SHARJAH,SHARJAH,ZAHRAT AL MADINAH PHARMACY LLC,1218,0.882
APRIL MedNet Premium August 2026.csv,Premium,ASTER PHARMACY 108- SHARJAH,SHARJAH,ASTER PHARMACY (SHARJAH),1272,0.917
APRIL MedNet Premium August 2026.csv,Premium,AL SADIQ PHARMACY,SHARJAH,AL SAIF PHARMACY,1225,0.909
APRIL MedNet Premium August 2026.csv,Premium,AL AHAD PHARMACY,SHARJAH,AL WAAD PHARMACY,1171,0.938
APRIL MedNet Premium August 2026.csv,Premium,ASTER PHARMACY,SHARJAH,ASTER PHARMACY 125,1267,0.875
APRIL MedNet Premium August 2026.csv,Premium,AL AFDHAL PHARMACY - SHARJAH (AL NEEM GROUP),SHARJAH,AL AFDHAL PHARMACY(AL NEEM GROUP),2505,0.889
APRIL MedNet Premium August 2026.csv,Premium,AL NAS PHARMACY L.L.C - SHARJAH (AL NEEM GROUP),SHARJAH,AL NAS PHARMACY L.L.C(AL NEEM GROUP),2509,0.897
APRIL MedNet Premium August 2026.csv,Premium,AL WAFA PHARMACY,SHARJAH,AL WAAD PHARMACY,1171,0.938
APRIL MedNet Premium August 2026.csv,Premium,AL SALAMAH PHARMACY LLC,SHARJAH,AL SAMA PHARMACY LLC,1167,0.930
APRIL MedNet Premium August 2026.csv,Premium,STARCARE PHARMACY LLC,SHARJAH,STARCARE PHARMACY L L C,2521,0.955
APRIL MedNet Premium August 2026.csv,Premium,Y A Z PHARMACY L.L.C,DUBAI,Y A Z PHARMACY LLC,799,0.947
APRIL MedNet Premium August 2026.csv,Premium,GSM GREENS PHARAMCY L.L.C,DUBAI,GSM GREENS PHARMACY LLC,815,0.917
APRIL MedNet Premium August 2026.csv,Premium,NEW MEDICAL CENTRE PHARMACY LTD SHJ BR BRANCH1,SHARJAH,NEW MEDICAL CENTRE PHARMACY LTD - SHJ.BR - BRANCH 2,2544,0.968
APRIL MedNet Premium August 2026.csv,Premium,JABAL SINA PHARMACY LLC - AJMAN,AJMAN,JABAL SINA PHARMACY LLC,744,0.885
APRIL MedNet Premium August 2026.csv,Premium,AL TADAWI SPECIALTY HOSPITAL PHARMACY L.L.C.,DUBAI,CANADIAN SPECIALIST HOSPITAL PHARMACY L.L.C,2110,0.860
APRIL MedNet Premium August 2026.csv,Premium,MILAN PHARMACY LLC - SHARJAH,SHARJAH,ZAMZAM PHARMACY LLC SHARJAH,2466,0.868
APRIL MedNet Premium August 2026.csv,Premium,IBN SINA 87 PHARMACY (BR OF IBN SINA GROUP PHARMACIES (L.L.C)),DUBAI,IBN SINA 57 PHARMACY (BR OF IBN SINA GROUP PHARMACIES (L.L.C.)),2274,0.983
APRIL MedNet Premium August 2026.csv,Premium,SHIFA AL JAZEERAH PHARMACY LLC - RAK,RAS AL KHAIMAH,SHIFA AL JAZEERAH PHARMACY LLC,1132,0.938
APRIL MedNet Premium August 2026.csv,Premium,AL MUSALLA PHARMACY - SHARJAH,SHARJAH,AL MUSALLA PHARMACY(SHJ),1176,0.920
APRIL MedNet Premium August 2026.csv,Premium,LIFE PHARMACY LLC - BRANCH OF ABU DHABI 14,ABU DHABI,MODERN PHARMACY L.L.C - BRANCH OF ABU DHABI 1,1654,0.867
APRIL MedNet Premium August 2026.csv,Premium,LIFE PHARMACY LLC - BRANCH OF ABU DHABI 2,ABU DHABI,MODERN PHARMACY L.L.C - BRANCH OF ABU DHABI 2,1655,0.878
APRIL MedNet Premium August 2026.csv,Premium,GAELAN PHARMACY LLC,SHARJAH,GARDEN PHARMACY LLC,1239,0.895
APRIL MedNet Premium August 2026.csv,Premium,NEXT HEALTH PHARMACY - SOLE PROPRIETORSHIP L.L.C,ABU DHABI,NEXTHEALTH PHARMACY - SOLE PROPRIETORSHIP LLC,1579,0.966
APRIL MedNet Premium August 2026.csv,Premium,AL ASHEERA PHARMACY,DUBAI,AL JAZEERA PHARMACY,2236,0.895
APRIL MedNet Premium August 2026.csv,Premium,SHEIKH KHALIFA SPECIALITY HOSPITAL PHARMACY-RAK,RAS AL KHAIMAH,SHEIKH KHALIFA SPECIALTY HOSPITAL PHARMACY,1133,0.944
APRIL MedNet Premium August 2026.csv,Premium,SHEIKH KHALIFA SPECIALITY HOSPITAL PHARMACY-AJMAN,AJMAN,SHEIKH KHALIFA HOSPITAL PHARMACY - AJMAN,682,0.874
APRIL MedNet Premium August 2026.csv,Premium,SHEIKH KHALIFA MATERNITY AND PEDIATRIC HOSPITAL PHARMACY,AJMAN,SHEIKH KHALIFA MATERNITY AND PEDIATRIC HOSPITAL PHARMACY AJMAN,683,0.949
APRIL MedNet Premium August 2026.csv,Premium,SHEIKH KHALIFA HOSPITAL MASFOUT PHARMACY,AJMAN,SHEIKH KHALIFA HOSPITAL MASFOUT PHARMACY AJMAN,685,0.930
APRIL MedNet Premium August 2026.csv,Premium,ASTER PHARMACY 169 BR OF ASTER PHARMACIES GROUP L.L.C,DUBAI,ASTER PHARMACY 166 (BR OF ASTER PHARMACIES GROUP L.L.C),1011,0.981
APRIL MedNet Premium August 2026.csv,Premium,SHIFA AL JAZEERAH CENTRE PHARMACY LLC SHJ BR,SHARJAH,SHIFA AL JAZEERAH CENTER PHARMACY LLC SHJ BR,1175,0.977
APRIL MedNet Premium August 2026.csv,Premium,ASTER PHARMACIES GROUP LLC BRANCH ABU DHABI 13 (ASTER GROUP),ABU DHABI,ASTER PHARMACIES GROUP LLC BRANCH  ABUDHABI 13,1600,0.874
APRIL MedNet Premium August 2026.csv,Premium,ASTER PHARMACIES GROUP L.L.C - BRANCH OF ABU DHABI 14 (ASTER GROUP),ABU DHABI,ASTER PHARMACIES GROUP L.L.C - BRANCH OF ABU DHABI 14,1599,0.895
APRIL MedNet Premium August 2026.csv,Premium,DRAGON PHARMACY (BR OF ASTER AL SHAFAR PHARMACIES GROUP L.L.C),DUBAI,DRAGON PHARMACY (BR OF ASTER AL SHAFAR PHARMACIES GROUP LLC),1008,0.983
APRIL MedNet Premium August 2026.csv,Premium,MEDCARE MEDICAL CENTRE BARSHA SOUTH (BR OF MEDCARE HOSPITAL )L.L.C,DUBAI,MEDCARE MEDICAL CENTRE BARSHA SOUTH PHARMACY BR OF MEDCARE HOSPITAL LLC,1009,0.919
APRIL MedNet Premium August 2026.csv,Premium,IDEAL CLINICAL LABORATORIES,ABU DHABI,IDEAL CLINICAL LABORATORIES-AUH,612,0.931
APRIL MedNet Premium August 2026.csv,Premium,AIRIS IMAGING AND DIAGNOSTIC CENTER LLC,DUBAI,AIRIS IMAGING AND DIAGNOSTICS CENTER LLC,1901,0.987
APRIL MedNet Premium August 2026.csv,Premium,MEDINOVA DIAGNOSTIC CENTRE,DUBAI,MEDINOVA DIAGNOSTIC CENTER,1898,0.962
APRIL MedNet Premium August 2026.csv,Premium,"ASTER IMAGING CENTRE, AL MUTEENA (DM HEALTHCARE)",DUBAI,ASTER IMAGING CENTRE AL MUTEENA BR OF DM HEALTHCARE LLC,619,0.900
APRIL MedNet Premium August 2026.csv,Premium,BIOHEALTH DIAGNOSTIC CENTER - DUBAI,DUBAI,BIOHEALTH DIAGNOSTIC CENTER,626,0.900
APRIL MedNet Premium August 2026.csv,Premium,"TRUST MEDICAL LABORATORY, MAMZAR",DUBAI,TRUST MEDICAL LABORATORY,617,0.873
APRIL MedNet Premium August 2026.csv,Premium,AL SAFWA RADIOLOGY CENTER,SHARJAH,AL SAFWA RADIOLOGY CENTER LLC,628,0.926
APRIL MedNet Premium August 2026.csv,Premium,LIFENITY INTERNATIONAL CLINICAL LABORATORY LLC - DUBAI,DUBAI,LIFENITY INTERNATIONAL CLINICAL LABORATORY LLC,257,0.939
APRIL MedNet Premium August 2026.csv,Premium,**AL AIN HOSPITAL PHARMACY,ABU DHABI,AL DHANNAH HOSPITAL PHARMACY,1639,0.885
APRIL MedNet Premium August 2026.csv,Premium,AL SHIFA UROPI PHARMACY LLC,DUBAI,AL SHIFA UROPI PHARMACY DWC-LLC,1026,0.931
APRIL MedNet Premium August 2026.csv,Premium,ZEN LIFE PHARMACY CO. L.L.C,DUBAI,ZEN LIFE PHARMACY CO LLC,1906,0.960
APRIL MedNet Premium August 2026.csv,Premium,ZEN LIFE POLY CLINIC CO. L.L.C,DUBAI,ZEN LIFE POLYCLINIC CO LLC,203,0.945
APRIL MedNet Premium August 2026.csv,Premium,Aster Pharmacies Group L.L.C - Branch Of Abu Dhabi 16,ABU DHABI,ASTER PHARMACIES GROUP L.L.C- BRANCH OF ABU DHABI 6,1592,0.990
APRIL MedNet Premium August 2026.csv,Premium,MODERN PHARMACY LLC SOLE PROPRIETORSHIP Branch-01,AJMAN,MODERN PHARMACY L.L.C (SOLE PROPRIETORSHIP)-Branch 01,749,0.980
APRIL MedNet Premium August 2026.csv,Premium,MODERN PHARMACY LLC (SOLE PROPRIETORSHIP)-Branch 02,AJMAN,MODERN PHARMACY L.L.C (SOLE PROPRIETORSHIP) -Branch 02,750,0.980
APRIL MedNet Premium August 2026.csv,Premium,MODERN PHARMACY LLC (SOLE PROPRIETORSHIP) Branch 03,AJMAN,MODERN PHARMACY L.L.C (SOLE PROPRIETORSHIP)-Branch 01,749,0.960
APRIL MedNet Premium August 2026.csv,Premium,MODERN PHARMACY L.L.C (SOLE PROPRIETORSHIP) - Branch-05,AJMAN,MODERN PHARMACY L.L.C (SOLE PROPRIETORSHIP)-Branch 01,749,0.980
APRIL MedNet Premium August 2026.csv,Premium,MODERN PHARMACY LLC SHJ BR BR 01,SHARJAH,MODERN PHARMACY LLC SHJ BR BR-7,1341,0.952
APRIL MedNet Premium August 2026.csv,Premium,Modern Pharmacy LLC SHJ BR BR 03,SHARJAH,MODERN PHARMACY L.L.C - SHJ BR -BR 03,1338,0.970
APRIL MedNet Premium August 2026.csv,Premium,MODERN PHARMACY L.L.C - SHJ BR -BR 04,SHARJAH,MODERN PHARMACY L.L.C - SHJ BR -BR 03,1338,0.971
APRIL MedNet Premium August 2026.csv,Premium,Modern Pharmacy LLC - Branch,DUBAI,MODERN PHARMACY L.L.C (BRANCH),1082,0.963
APRIL MedNet Premium August 2026.csv,Premium,Modern Pharmacy LLC - Branch,DUBAI,MODERN PHARMACY L.L.C (BRANCH),1082,0.963
APRIL MedNet Premium August 2026.csv,Premium,Modern Care Pharmacy LLC,DUBAI,MODERN CARE PHARMACY L.L.C,1087,0.960
APRIL MedNet Premium August 2026.csv,Premium,LIVERPOOL MEDICAL CLINIC L.L.C,DUBAI,LIVERPOOL MEDICAL CLINIC LLC,410,0.966
APRIL MedNet Premium August 2026.csv,Premium,GERMAN ADVANCE MEDICAL CENTRE SOLE PROPRIETORSHIP L.L.C,ABU DHABI,GOLDEN CURE MEDICAL CENTRE - SOLE PROPRIETORSHIP L.L.C,596,0.879
APRIL MedNet Premium August 2026.csv,Premium,ASTER MEDICAL CENTRE ARJAN (BR OF D M HEALTHCARE),DUBAI,ASTER MEDICAL CENTRE ABU HAIL BR OF DM HEALTHCARE,364,0.896
APRIL MedNet Premium August 2026.csv,Premium,ASTER PHARMACY180 AND CLINIC BR OF ASTER PHARMACIES GROUP LLC Express Clinic,DUBAI,ASTER PHARMACY180 AND CLINIC BR OF ASTER PHARMACIES GROUP LLC,2120,0.891
APRIL MedNet Premium August 2026.csv,Premium,ASTER MEDICAL CENTRE LIWAN BR OF DM HEALTHCARE LLC,DUBAI,ASTER MEDICAL CENTRE REM RAAM (BR OF D M HEALTHCARE LLC),357,0.885
APRIL MedNet Premium August 2026.csv,Premium,FAITH JABAL MEDICAL CENTER LLC,DUBAI,FAITH JABAL MEDICAL CENTRE LLC,324,0.967
APRIL MedNet Premium August 2026.csv,Premium,ALAIN PHARMACY - SOLE PROPRIETORSHIP L.L.C. - BRANCH 11,ABU DHABI,IBN SINA PHARMACY - SOLE PROPRIETORSHIP L.L.C. - BRANCH 1,1745,0.902
APRIL MedNet Premium August 2026.csv,Premium,NAHEL ALAIN PHARMACY - SOLE PROPRIETORSHIP L.L.C.,ABU DHABI,AMAL PHARMACY - SOLE PROPRIETORSHIP L.L.C,1604,0.894
APRIL MedNet Premium August 2026.csv,Premium,ALAIN PHARMACY - SOLE PROPRIETORSHIP L.L.C. - BRANCH,ABU DHABI,MUBARAK PHARMACY - SOLE PROPRIETORSHIP L.L.C. - BRANCH,1568,0.917
APRIL MedNet Premium August 2026.csv,Premium,ALAIN PHARMACY - SOLE PROPRIETORSHIP L.L.C.- BRANCH 7,ABU DHABI,IBN SINA PHARMACY - SOLE PROPRIETORSHIP L.L.C. - BRANCH 7,1750,0.911
APRIL MedNet Premium August 2026.csv,Premium,ALAIN PHARMACY - SOLE PROPRIETORSHIP L.L.C. - BRANCH 6,ABU DHABI,IBN SINA PHARMACY SOLE PROPRIETORSHIP L.L.C - Branch 6,1759,0.911
APRIL MedNet Premium August 2026.csv,Premium,ALAIN PHARMACY - SOLE PROPRIETORSHIP L.L.C. - BRANCH 3,ABU DHABI,IBN SINA PHARMACY SOLE PROPRIETORSHIP L.L.C - Branch 3,1757,0.911
APRIL MedNet Premium August 2026.csv,Premium,ALAIN PHARMACY SOLE PRORIETORSHIP LLC- BRANCH 25,ABU DHABI,IBN SINA PHARMACY - SOLE PROPRIETORSHIP L.L.C - BRANCH 2,1743,0.869
APRIL MedNet Premium August 2026.csv,Premium,ALAIN PHARMACY - SOLE PROPRIETORSHIP L.L.C. - BRANCH 13,ABU DHABI,IBN SINA PHARMACY - SOLE PROPRIETORSHIP L.L.C. - BRANCH 1,1745,0.902
APRIL MedNet Premium August 2026.csv,Premium,ALAIN PHARMACY - SOLE PROPRIETORSHIP L.L.C. - BRANCH,ABU DHABI,MUBARAK PHARMACY - SOLE PROPRIETORSHIP L.L.C. - BRANCH,1568,0.917
APRIL MedNet Premium August 2026.csv,Premium,ALAIN PHARMACY - SOLE PROPRIETORSHIP L.L.C. - BRANCH 8,ABU DHABI,IBN SINA PHARMACY SOLE PROPRIETORSHIP L.L.C BRANCH 18,1761,0.902
APRIL MedNet Premium August 2026.csv,Premium,ALAIN PHARMACY - SOLE PROPRIETORSHIP L.L.C. - BRANCH 9,ABU DHABI,MUBARAK PHARMACY - SOLE PROPRIETORSHIP L.L.C. - BRANCH,1568,0.898
APRIL MedNet Premium August 2026.csv,Premium,ALAIN PHARMACY - SOLE PROPRIETORSHIP L.L.C. - BRANCH 12,ABU DHABI,IBN SINA PHARMACY - SOLE PROPRIETORSHIP L.L.C. - BRANCH 12,1747,0.913
APRIL MedNet Premium August 2026.csv,Premium,ALAIN PHARMACY - SOLE PROPRIETORSHIP L.L.C. - BRANCH,ABU DHABI,MUBARAK PHARMACY - SOLE PROPRIETORSHIP L.L.C. - BRANCH,1568,0.917
APRIL MedNet Premium August 2026.csv,Premium,ALAIN PHARMACY - SOLE PROPRIETORSHIP L.L.C. - BRANCH 5,ABU DHABI,IBN SINA PHARMACY - SOLE PROPRIETORSHIP L.L.C. - BRANCH 5,1749,0.911
APRIL MedNet Premium August 2026.csv,Premium,ALAIN PHARMACY - SOLE PROPRIETORSHIP L.L.C. - BRANCH 4,ABU DHABI,IBN SINA PHARMACY SOLE PROPRIETORSHIP L.L.C - Branch 4,1758,0.911
APRIL MedNet Premium August 2026.csv,Premium,ALAIN PHARMACY - SOLE PROPRIETORSHIP L.L.C. - BRANCH,ABU DHABI,MUBARAK PHARMACY - SOLE PROPRIETORSHIP L.L.C. - BRANCH,1568,0.917
APRIL MedNet Premium August 2026.csv,Premium,ALAIN PHARMACY - SOLE PROPRIETORSHIP L.L.C. - BRANCH,ABU DHABI,MUBARAK PHARMACY - SOLE PROPRIETORSHIP L.L.C. - BRANCH,1568,0.917
APRIL MedNet Premium August 2026.csv,Premium,ALAIN PHARMACY - SOLE PROPRIETORSHIP L.L.C. - BRANCH,ABU DHABI,MUBARAK PHARMACY - SOLE PROPRIETORSHIP L.L.C. - BRANCH,1568,0.917
APRIL MedNet Premium August 2026.csv,Premium,ALAIN PHARMACY - SOLE PROPRIETORSHIP L.L.C. - BRANCH,ABU DHABI,MUBARAK PHARMACY - SOLE PROPRIETORSHIP L.L.C. - BRANCH,1568,0.917
APRIL MedNet Premium August 2026.csv,Premium,ALAIN PHARMACY - SOLE PROPRIETORSHIP L.L.C.- BRANCH 1,ABU DHABI,IBN SINA PHARMACY - SOLE PROPRIETORSHIP L.L.C. - BRANCH 1,1745,0.911
APRIL MedNet Premium August 2026.csv,Premium,ALAIN PHARMACY- SOLE PROPRIETORHIP L.L.C.- BRANCH 23,ABU DHABI,IBN SINA PHARMACY - SOLE PROPRIETORSHIP L.L.C - BRANCH 2,1743,0.891
APRIL MedNet Premium August 2026.csv,Premium,ALAIN PHARMACY- SOLE PROPRIETORHIP L.L.C.- BRANCH 24,ABU DHABI,IBN SINA PHARMACY - SOLE PROPRIETORSHIP L.L.C - BRANCH 2,1743,0.891
APRIL MedNet Premium August 2026.csv,Premium,ALAIN PHARMACY - SOLE PROPRIETORSHIP L.L.C.- BRANCH 2,ABU DHABI,IBN SINA PHARMACY - SOLE PROPRIETORSHIP L.L.C - BRANCH 2,1743,0.911
APRIL MedNet Premium August 2026.csv,Premium,APOTEKE PHARMACY - SOLE PROPRIETORSHIP L.L.C.,ABU DHABI,AMAL PHARMACY - SOLE PROPRIETORSHIP L.L.C,1604,0.889
APRIL MedNet Premium August 2026.csv,Premium,NEW ALAIN PHARMACY - SOLE PROPRIETORSHIP L.L.C. - BRANCH,ABU DHABI,IBN SINA PHARMACY - SOLE PROPRIETORSHIP L.L.C - BRANCH 2,1743,0.893
APRIL MedNet Premium August 2026.csv,Premium,A P L Pharmacy LLC,DUBAI,APL PHARMACY LLC,1062,0.941
APRIL MedNet Premium August 2026.csv,Premium,SuperCare Pharmacy L.L.C - Branch Of Abu Dhabi 10,ABU DHABI,MODERN PHARMACY L.L.C - BRANCH OF ABU DHABI 1,1654,0.867
APRIL MedNet Premium August 2026.csv,Premium,Lifenity International Advanced PolyClinic,DUBAI,LIFENITY INTERNATIONAL ADVANCED POLY CLINIC,255,0.988
APRIL MedNet Premium August 2026.csv,Premium,MEDPLUS MEDICAL CENTRE LLC,RAS AL KHAIMAH,MEDPLUS MEDICAL CENTER LLC,472,0.962
APRIL MedNet Premium August 2026.csv,Premium,YOUR CENTER POLYCLINIC L.L.C,DUBAI,YOUR CENTER POLYCLINIC LLC,405,0.963
APRIL MedNet Premium August 2026.csv,Premium,BRIGHT LIFE MEDICAL CENTER,DUBAI,BRIGHT LIFE MEDICAL CENTER LLC,322,0.929
APRIL MedNet Premium August 2026.csv,Premium,GOOD WILL CLINIC L.L.C,DUBAI,GOOD WILL CLINIC LLC,323,0.952
APRIL MedNet Premium August 2026.csv,Premium,GOODWILL PHARMACY L.L.C,DUBAI,GOOD WILL PHARMACY LLC,820,0.933
APRIL MedNet Premium August 2026.csv,Premium,Bab Al Hayat Pharmacy L L C,DUBAI,BAB AL HAYAT PHARMACY LLC,1979,0.962
APRIL MedNet Premium August 2026.csv,Premium,BAB AL NOOR PHARMACY L.L.C,DUBAI,BAB AL NOOR PHARMACY LLC,818,0.960
APRIL MedNet Premium August 2026.csv,Premium,ZAHRAT AL NOOR PHARMACY L.L.C,DUBAI,ZAHRAT AL NOOR PHARMACY LLC,819,0.964
APRIL MedNet Premium August 2026.csv,Premium,AL YAMAMAH MEDICAL CENTRE-SHARJAH,SHARJAH,AL YAMAMAH MEDICAL CENTRE,547,0.862
APRIL MedNet Premium August 2026.csv,Premium,ALYA MEDICAL CENTRE L.L.C-RAK,RAS AL KHAIMAH,ALYA MEDICAL CENTRE L.L.C,464,0.926
APRIL MedNet Premium August 2026.csv,Premium,AL SHEROUQ MEDICAL CENTER,SHARJAH,AL SEYOUH MEDICAL CENTER,557,0.898
APRIL MedNet Premium August 2026.csv,Premium,NOOR AL SHEFA CLINIC BRANCH 4,DUBAI,"NOOR AL SHEFA CLINIC BRANCH, AL QUOZ",238,0.875
APRIL MedNet Premium August 2026.csv,Premium,LIFE PHARMACY L.L.C - BRANCH OF ABU DHABI 130,ABU DHABI,MODERN PHARMACY L.L.C - BRANCH OF ABU DHABI 1,1654,0.884
APRIL MedNet Premium August 2026.csv,Premium,LIFE PHARMACY LLC - BRANCH OF ABU DHABI 17,ABU DHABI,MODERN PHARMACY L.L.C - BRANCH OF ABU DHABI 1,1654,0.867
APRIL MedNet Premium August 2026.csv,Premium,AL QOUZ CITY STAR POLYCLINIC,DUBAI,AL QUOZ CITY STAR POLYCLINIC,294,0.964
APRIL MedNet Premium August 2026.csv,Premium,CHARME PHARMACY LLC,DUBAI,VCARE PHARMACY LLC,1926,0.919
APRIL MedNet Premium August 2026.csv,Premium,MODERN FAMILY CLINIC LLC Branch (Alquoz),DUBAI,MODERN FAMILY CLINIC LLC Branch(Al Quoz),414,0.987
APRIL MedNet Premium August 2026.csv,Premium,MODERN FAMILY CLINIC LLC Branch (Barsha),DUBAI,MODERN FAMILY CLINIC LLC Branch (Al Barsha),415,0.962
APRIL MedNet Premium August 2026.csv,Premium,MODERN FAMILY PHARMACY LLC Branch (Barsha),DUBAI,MODERN FAMILY PHARMACY LLC Branch,1068,0.904
APRIL MedNet Premium August 2026.csv,Premium,MODERN FAMILY PHARMACY LLC Branch (Alquoz),DUBAI,MODERN FAMILY PHARMACY LLC Branch,1068,0.904
APRIL MedNet Premium August 2026.csv,Premium,MODERN FAMILY PHARMACY LLC SHJ Branch,DUBAI,MODERN FAMILY PHARMACY LLC Branch,1068,0.943
APRIL MedNet Premium August 2026.csv,Premium,AMSA PHARMACY LLC,DUBAI,AJMAL PHARMACY LLC,797,0.914
APRIL MedNet Premium August 2026.csv,Premium,BAIT AL SHIFAA PHARMACY,SHARJAH,BAIT AL SHIFA PHARMACY,1165,0.978
APRIL MedNet Premium August 2026.csv,Premium,LIFE PHARMACY L.L.C - BRANCH OF ABU DHABI 18,ABU DHABI,MODERN PHARMACY L.L.C - BRANCH OF ABU DHABI 1,1654,0.894
APRIL MedNet Premium August 2026.csv,Premium,LIFE PHARMACY L.L.C - BRANCH OF ABU DHABI 133,ABU DHABI,MODERN PHARMACY L.L.C - BRANCH OF ABU DHABI 1,1654,0.884
APRIL MedNet Premium August 2026.csv,Premium,LIFE PHARMACY L.L.C - BRANCH OF ABU DHABI 134,ABU DHABI,MODERN PHARMACY L.L.C - BRANCH OF ABU DHABI 1,1654,0.884
APRIL MedNet Premium August 2026.csv,Premium,LIFE PHARMACY L.L.C - BRANCH OF ABU DHABI 150,ABU DHABI,MODERN PHARMACY L.L.C - BRANCH OF ABU DHABI 1,1654,0.884
APRIL MedNet Premium August 2026.csv,Premium,LIFE PHARMACY L.L.C - BRANCH OF ABU DHABI 156,ABU DHABI,MODERN PHARMACY L.L.C - BRANCH OF ABU DHABI 1,1654,0.884
APRIL MedNet Premium August 2026.csv,Premium,LIFE PHARMACY L.L.C - BRANCH OF ABU DHABI 155,ABU DHABI,MODERN PHARMACY L.L.C - BRANCH OF ABU DHABI 1,1654,0.884
APRIL MedNet Premium August 2026.csv,Premium,LIFE PHARMACY LLC - BRANCH OF ABU DHABI 19,ABU DHABI,MODERN PHARMACY L.L.C - BRANCH OF ABU DHABI 1,1654,0.867
APRIL MedNet Premium August 2026.csv,Premium,LIFE PHARMACY L.L.C - BRANCH OF ABU DHABI 148,ABU DHABI,MODERN PHARMACY L.L.C - BRANCH OF ABU DHABI 1,1654,0.884
APRIL MedNet Premium August 2026.csv,Premium,ASCENT ENT SPECIALITY CENTER LLC,DUBAI,ASCENT ENT SPECIALITY CENTRE LLC,432,0.969
APRIL MedNet Premium August 2026.csv,Premium,SHEIKH KHALIFA ENERGY CLINIC-ADNOC - SKEC,ABU DHABI,SHEIKH KHALIFA ENERGY CLINIC-ADNOC,150,0.932
APRIL MedNet Premium August 2026.csv,Premium,ZAKUM WEST SUPER COMPLEX (ZWSC) CLINIC,ABU DHABI,ZAKUM WEST SUPER COMPLEX CLINIC,168,0.925
APRIL MedNet Premium August 2026.csv,Premium,ADC TARIF CENTRAL CLINIC,ABU DHABI,ADC TARIF CENTRAL CAMP CLINIC,1520,0.906
APRIL MedNet Premium August 2026.csv,Premium,ADNOC ONSHORE MEDICAL CENTER PHARMACY,ABU DHABI,ADNOC ONSHORE MEDICAL CENTRE PHARMACY,1630,0.973
APRIL MedNet Premium August 2026.csv,Premium,HEALTHGO MEDICAL CENTER LLC,ABU DHABI,HEALTH GO MEDICAL CENTER LLC,597,0.982
APRIL MedNet Premium August 2026.csv,Premium,HEALTHGO PHARMACY LLC,ABU DHABI,HEALTH GO PHARMACY LLC,1381,0.977
APRIL MedNet Premium August 2026.csv,Premium,AL RAWAA PHARMACY,SHARJAH,AL WAAD PHARMACY,1171,0.909
APRIL MedNet Premium August 2026.csv,Premium,ASTER ROYAL CLINIC SPRINGS SOUK (BR OF DM HEALTHCARE (LLC)),DUBAI,ASTER ROYAL CLINIC SPRINGS SOUK PHARMACY BR OF D M HEALTHCARE L L C,1075,0.902
APRIL MedNet Premium August 2026.csv,Premium,"DR. ISMAIL POLYCLINIC (BRANCH), DEIRA",DUBAI,DR. ISMAIL POLYCLINIC (BRANCH),425,0.900
APRIL MedNet Premium August 2026.csv,Premium,DR SUNNY MEDICAL CENTRE L.L.C,DUBAI,DR.SUNNY MEDICAL CENTRE JEBEL ALI,328,0.871
APRIL MedNet Premium August 2026.csv,Premium,AL DHAFRAH PHARMACY LLC,SHARJAH,AL DHAFRAH PHARMACY L.L.C,2522,0.958
APRIL MedNet Premium August 2026.csv,Premium,LIWA PHARMACY LLC,SHARJAH,ASIA PHARMACY LLC,2502,0.882
APRIL MedNet Premium August 2026.csv,Premium,MEDICOM PHARMACY 31,DUBAI,MEDICOM PHARMACY 15,2237,0.947
APRIL MedNet Premium August 2026.csv,Premium,TRUDOC PHARMACY L.L.C,DUBAI,TRU DOC PHARMACY L.L.C,2126,0.977
APRIL MedNet Premium August 2026.csv,Premium,Aura Medical Center LLC,AJMAN,AURA MEDICAL CENTER L. L.C,37,0.958
APRIL MedNet Premium August 2026.csv,Premium,Aura Pharmacy LLC,AJMAN,AURA PHARMACY L.LC,716,0.971
APRIL MedNet Premium August 2026.csv,Premium,STEPS PHARMACY L.L.C - DUBAI,DUBAI,STEPS PHARMACY L.L.C,2121,0.870
APRIL MedNet Premium August 2026.csv,Premium,JUPITER AL QUSAIS POLY CLINIC L.L.C PHARMACY,DUBAI,JUPITER AL QUSAIS POLYCLINIC L.L.C PHARMACY,1057,0.989
APRIL MedNet Premium August 2026.csv,Premium,ADVANCED CARE MEDICAL CENTER LLC (BRANCH) AL QOUZ SECOND,DUBAI,ADVANCED CARE MEDICAL CENTER LLC BRANCH-ALQUOZ 2,402,0.902
APRIL MedNet Premium August 2026.csv,Premium,ADVANCED CARE MEDICAL CENTER LLC BRANCH JEBEL ALI,DUBAI,ADVANCED CARE MEDICAL CENTER LLC BRANCH,403,0.886
APRIL MedNet Premium August 2026.csv,Premium,JEBAL ALI ADVANCED CARE PHARMACY LLC JEBEL ALI,DUBAI,JEBAL ALI ADVANCED CARE PHARMACY LLC,1050,0.878
APRIL MedNet Premium August 2026.csv,Premium,ADVANCED CARE MEDICAL CENTER LLC BRANCH AL QUSAIS FIRST,DUBAI,ADVANCED CARE MEDICAL CENTER LLC BRANCH-ALQUOZ 2,402,0.874
APRIL MedNet Premium August 2026.csv,Premium,DAR AL HAYAT MEDICAL CENTER,UMM AL QUWAIN,DAR AL HAYAT MEDICAL CENTRE LLC,585,0.897
APRIL MedNet Premium August 2026.csv,Premium,AL SHIFA GENERAL MEDICAL CLINIC-RAS AL KHAIMAH,RAS AL KHAIMAH,AL SHIFA GENERAL MEDICAL CLINIC-RAK,465,0.864
APRIL MedNet Premium August 2026.csv,Premium,SIKKA DENTAL CLINIC LLC,DUBAI,SIKKA DENTAL CLINIC L.L.C,1894,0.958
APRIL MedNet Premium August 2026.csv,Premium,OXFORD MEDICAL CENTER L.L.C,DUBAI,AFRIDI MEDICAL CENTER L.L.C,1851,0.889
APRIL MedNet Premium August 2026.csv,Premium,OXFORD PHARMACY L.L.C,DUBAI,OXFORD PHARMACY LLC,1063,0.950
APRIL MedNet Premium August 2026.csv,Premium,ALAIN PHARMACY - SOLE PROPRIETORSHIP L.L.C. - BRANCH,ABU DHABI,MUBARAK PHARMACY - SOLE PROPRIETORSHIP L.L.C. - BRANCH,1568,0.917
APRIL MedNet Premium August 2026.csv,Premium,MEDCARE MEDICAL CENTRE ARABIAN RANCHES 3 PHARMACY BR OF MEDCARE HOSPITAL LLC,DUBAI,MEDCARE MEDICAL CENTRE AL FURJAN WEST PHARMACY BR OF MEDCARE HOSPITAL LLC,1107,0.886
APRIL MedNet Premium August 2026.csv,Premium,MEDCARE MEDICAL CENTRE THE VALLEY PHARMACY BR OF MEDCARE HOSPITAL L.L.C,DUBAI,MEDCARE MEDICAL CENTRE THE VALLEY (BR OF MEDCARE HOSPITAL (L.L.C)(PHARMACY),2174,0.873
APRIL MedNet Premium August 2026.csv,Premium,ARDENS MEDICAL CENTER LLC,DUBAI,CARE 7 MEDICAL CENTER LLC ,1876,0.880
APRIL MedNet Premium August 2026.csv,Premium,ZMC HEALTH CLINIC LLC -DUBAI,DUBAI,ZMC HEALTH CLINIC LLC,1847,0.875
APRIL MedNet Premium August 2026.csv,Premium,TAIBAH ALAIN PHARMACY - SOLE PROPRIETORSHIP L.L.C. - BRANCH,ABU DHABI,IBN SINA PHARMACY - SOLE PROPRIETORSHIP L.L.C - BRANCH 2,1743,0.887
APRIL MedNet Premium August 2026.csv,Premium,MEDCARE MEDICAL CENTER NAD AL SHEBA PHARMACY BR OF MEDCARE HOSPITAL LLC,DUBAI,MEDCARE MEDICAL CENTRE BARSHA SOUTH PHARMACY BR OF MEDCARE HOSPITAL LLC,1009,0.873
APRIL MedNet Premium August 2026.csv,Premium,STANFORD MEDICAL CENTER - SOLE PROPRIETORSHIP L.L.C,ABU DHABI,LAHORE MEDICAL CENTRE-SOLE PROPRIETORSHIP L.L.C,87,0.896
APRIL MedNet Premium August 2026.csv,Premium,NATIONAL HOSPTAL - SOLE PROPRIETORSHIP L.L.C.,ABU DHABI,NATIONAL HOSPITAL - SOLE PROPRIETORSHIP L.L.C.,1547,0.988
APRIL MedNet Premium August 2026.csv,Premium,AIRIS IMAGING AND DIAGNOSTIC CENTRE LLC - DIP,DUBAI,AIRIS IMAGING AND DIAGNOSTIC CENTRE LLC,1897,0.951
APRIL MedNet Premium August 2026.csv,Premium,MEDCARE MEDICAL CENTER JVC PHARMACY BR OF MEDCARE HOSPITAL LLC,DUBAI,MEDCARE MEDICAL CENTRE BARSHA SOUTH PHARMACY BR OF MEDCARE HOSPITAL LLC,1009,0.887
APRIL MedNet Premium August 2026.csv,Premium,PRIME SPECIALIST MEDICAL CENTRE LLC 2,SHARJAH,RIAZ SPECIALIST MEDICAL CENTER LLC,2446,0.873
APRIL MedNet Premium August 2026.csv,Premium,BURJEEL RETAIL PHARMACY L.L.C. - BRANCH15,ABU DHABI,BURJEEL RETAIL PHARMACY L.L.C - BRANCH,1699,0.973
APRIL MedNet Premium August 2026.csv,Premium,MAX CURE MEDICAL CARE CENTER - L.L.C-AUH,ABU DHABI,MAX CURE MEDICAL CARE CENTER-L.L.C,1502,0.944
APRIL MedNet Premium August 2026.csv,Premium,AL SHAMEEL MEDICAL CENTER - L.L.C,ABU DHABI,AL AMEEN MEDICAL CENTRE L.L.C,1527,0.900
APRIL MedNet Premium August 2026.csv,Premium,ASTER MEDICAL CENTRE AL JADDAF (Br of D M HEALTHCARE ) L L C,DUBAI,ASTER MEDICAL CENTRE REM RAAM (BR OF D M HEALTHCARE LLC),357,0.865
APRIL MedNet Premium August 2026.csv,Premium,LLH MEDICAL CENTRE ALNAJDA - L.L.C,ABU DHABI,LLH MEDICAL CENTRE AL NOUD - L.L.C,1537,0.906
APRIL MedNet Green August 2026.csv,Green,SHEIKH KHALIFA SPECIALITY HOSPITAL-RAK,RAS AL KHAIMAH,SHEIKH KHALIFA SPECIALTY HOSPITAL PHARMACY,1133,0.900
APRIL MedNet Green August 2026.csv,Green,SHEIKH KHALIFA GENERAL HOSPITAL,UMM AL QUWAIN,SHEIKH KHALIFA GENERAL HOSPITAL UMQ,2573,0.939
APRIL MedNet Green August 2026.csv,Green,NMC SPECIALTY HOSPITAL,ABU DHABI,N M C SPECIALTY HOSPITAL LTD,676,0.880
APRIL MedNet Green August 2026.csv,Green,LLH HOSPITAL PHARMACY L.L.C./PF1432,ABU DHABI,LLH HOSPITAL PHARMACY L.L.C,1550,0.885
APRIL MedNet Green August 2026.csv,Green,***LLH HOSPITAL AL MUSAFFAH LLC,ABU DHABI,LLH HOSPITAL AL MUSAFFAH L.L.C,643,0.966
APRIL MedNet Green August 2026.csv,Green,LLH HOSPITAL PHARMACY AL MUSAFFAH/PF1506,ABU DHABI,LLH HOSPITAL PHARMACY AL MUSAFFAH,1549,0.904
APRIL MedNet Green August 2026.csv,Green,***NMC SPECIALITY HOSPITAL,ABU DHABI,N M C SPECIALTY HOSPITAL LTD,676,0.863
APRIL MedNet Green August 2026.csv,Green,SHEIKH KHALIFA GENERAL HOSPITAL AJMAN,AJMAN,SHEIKH KHALIFA HOSPITAL AJMAN,635,0.879
APRIL MedNet Green August 2026.csv,Green,SHEIKH KHALIFA MATERNITY AND PEDIATRIC HOSPITAL,AJMAN,SHEIKH KHALIFA MATERNITY AND PEDIATRIC HOSPITAL AJMAN,636,0.940
APRIL MedNet Green August 2026.csv,Green,SHEIKH KHALIFA HOSPITAL MASFOUT,AJMAN,SHEIKH KHALIFA HOSPITAL MASFOUT AJMAN,638,0.912
APRIL MedNet Green August 2026.csv,Green,MEDEOR 24 X 7 HOSPITAL LLC,DUBAI,MEDEOR 24X7 HOSPITAL LLC,653,0.960
APRIL MedNet Green August 2026.csv,Green,CEDARS JEBEL ALI INTERNATIONAL HOSPITAL - ASTER GROUP,DUBAI,CEDARS JEBEL ALI INTERNATIONAL HOSPITAL,661,0.867
APRIL MedNet Green August 2026.csv,Green,"BURJEEL SPECIALTY HOSPITAL LLC, SHARJAH (VPS GROUP)",SHARJAH,BURJEEL SPECIALTY HOSPITAL LLC (SHARJAH),2464,0.884
APRIL MedNet Green August 2026.csv,Green,NMC ROYAL MEDICAL CENTRE LLC,ABU DHABI,NMC ROYAL MEDICAL CENTRE LTD,1499,0.929
APRIL MedNet Green August 2026.csv,Green,TASHAFI2 BR.ALFUTTAIM HEALTHCARE SINGLE PERSON COMPANY LLC,DUBAI,TOTAL CARE CLINIC BR. ALFUTTAIM HEALTHCARE SINGLE PERSON COMPANY LLC,394,0.864
APRIL MedNet Green August 2026.csv,Green,AL TADAWI MEDICAL CENTER,DUBAI,AL TAIF MEDICAL CENTRE,296,0.870
APRIL MedNet Green August 2026.csv,Green,JTS MEDICAL CENTRE LLC,DUBAI,LOTUS MEDICAL CENTRE LLC,325,0.913
APRIL MedNet Green August 2026.csv,Green,AL DEYAFA MEDICAL CENTRE,SHARJAH,AL AFYA MEDICAL CENTRE,500,0.913
APRIL MedNet Green August 2026.csv,Green,AL MARIFFA MEDICAL CENTRE,SHARJAH,AL MALIHA MEDICAL CENTRE,562,0.898
APRIL MedNet Green August 2026.csv,Green,SARA MEDICAL CENTER,SHARJAH,INARA MEDICAL CENTER,569,0.923
APRIL MedNet Green August 2026.csv,Green,AL MINHA MEDICAL CENTRE,SHARJAH,AL MALIHA MEDICAL CENTRE,562,0.936
APRIL MedNet Green August 2026.csv,Green,PAKISTAN MEDICAL CENTER - DHCC,DUBAI,PAKISTAN MEDICAL CENTRE,292,0.863
APRIL MedNet Green August 2026.csv,Green,MEDICORP GULF MEDICAL CLINIC LLC,DUBAI,MEDICORP GULF MEDICAL CLINIC L.L.C,300,0.970
APRIL MedNet Green August 2026.csv,Green,SHEIKH MANAA BIN HASHER AL MAKTOUM POLYCLINIC LLC,DUBAI,SHEIKH MANAA BIN HASHER ALMAKTOUM POLYCLINIC,266,0.946
APRIL MedNet Green August 2026.csv,Green,ELAJ MEDICAL CENTRE L.L.C 01 - AJMAN,AJMAN,ELAJ MEDICAL CENTRE L.L.C AJMAN,36,0.954
APRIL MedNet Green August 2026.csv,Green,VIDA CLINICS LLC,DUBAI,VIDA CLINIC LLC,264,0.968
APRIL MedNet Green August 2026.csv,Green,DR. KAMKAR MEDICAL & PHYSIOTHERAPY CENTER,DUBAI,DR KAMKAR MEDICAL & PHYSIOTHERAPHY CENTER L.L.C,424,0.916
APRIL MedNet Green August 2026.csv,Green,OMAYA MEDICAL CENTER,DUBAI,ARMADA MEDICAL CENTER,379,0.878
APRIL MedNet Green August 2026.csv,Green,SAMAA MEDICAL CENTRE,DUBAI,KARAMA MEDICAL CENTRE,207,0.878
APRIL MedNet Green August 2026.csv,Green,FIDA MEDICAL CENTER,DUBAI,ALDIA MEDICAL CENTER,1858,0.872
APRIL MedNet Green August 2026.csv,Green,HMC MEDICAL CENTER LLC,DUBAI,GSM MEDICAL CENTER LLC,319,0.909
APRIL MedNet Green August 2026.csv,Green,ALLIED MEDICAL CENTRE,DUBAI,ALI MEDICAL CENTRE,280,0.923
APRIL MedNet Green August 2026.csv,Green,MEDCARE MEDICAL CENTRE,SHARJAH,MEDICARE MEDICAL CENTER,506,0.933
APRIL MedNet Green August 2026.csv,Green,ADAM & EVE SPECIALIZED MEDICAL CENTRE LLC,ABU DHABI,ADAM & EVE SPECIALIZED MEDICAL CENTRE L.L.C,178,0.975
APRIL MedNet Green August 2026.csv,Green,GOLDEN TULIP MEDICAL CENTRE LLC,ABU DHABI,GOLDEN TULIP MEDICAL CENTRE L.L.C,124,0.969
APRIL MedNet Green August 2026.csv,Green,AL WAHDA MEDICAL CENTER,ABU DHABI,AL WAHDA MEDICAL CENTRE,133,0.957
APRIL MedNet Green August 2026.csv,Green,DOCTOR ATIQUR RAHMAN POLYCLINIC,ABU DHABI,DOCTOR ATIQUR RAHMAN POLYCLINIC LLC,180,0.939
APRIL MedNet Green August 2026.csv,Green,PESHAWAR MEDICAL CENTRE,ABU DHABI,PESHAWAR MEDICAL CENTRE LLC,85,0.920
APRIL MedNet Green August 2026.csv,Green,ABU SALMAN MEDICAL CENTRE,ABU DHABI,ABU SALMAN MEDICAL CENTRE LLC,115,0.926
APRIL MedNet Green August 2026.csv,Green,ANSARI MEDICAL CENTRE LLC,ABU DHABI,OASIS MEDICAL CENTRE L.L.C.,146,0.863
APRIL MedNet Green August 2026.csv,Green,MUBARAK MEDICAL CENTER,ABU DHABI,MARJAN MEDICAL CENTER,1504,0.884
APRIL MedNet Green August 2026.csv,Green,GOLDEN SANDS MEDICAL CENTRE,ABU DHABI,GOLDEN SANDS MEDICAL CENTRE L.L.C,594,0.900
APRIL MedNet Green August 2026.csv,Green,OASIS MEDICAL CENTRE,ABU DHABI,OASIS MEDICAL CENTRE L.L.C.,146,0.870
APRIL MedNet Green August 2026.csv,Green,AL FARHAN MEDICAL CENTRE,ABU DHABI,AL WAHDA MEDICAL CENTRE,133,0.894
APRIL MedNet Green August 2026.csv,Green,BANIYAS AHALIA MEDICAL CENTRE,ABU DHABI,BANIYAS ALAHLI MEDICAL CENTRE LLC,138,0.871
APRIL MedNet Green August 2026.csv,Green,MY HEALTH MEDICAL CENTRE LLC,ABU DHABI,HOME HEALTH MEDICAL CENTRE LLC,184,0.931
APRIL MedNet Green August 2026.csv,Green,AL RAFA MEDICAL CENTRE LLC,ABU DHABI,AL AMAL MEDICAL CENTRE L.L.C,137,0.889
APRIL MedNet Green August 2026.csv,Green,BASEL MEDICAL CENTER,ABU DHABI,DAS MEDICAL CENTER,156,0.895
APRIL MedNet Green August 2026.csv,Green,AL KAMAL MEDICAL POLY CLINICS - L.L.C - S.P.C,ABU DHABI,AL KAMAL MEDICAL POLYCLINICS-LLC,189,0.877
APRIL MedNet Green August 2026.csv,Green,AMWAJ MEDICAL CENTER,ABU DHABI,ASAB MEDICAL CENTER,176,0.872
APRIL MedNet Green August 2026.csv,Green,AL AMEEN MEDICAL CENTRE LLC-BRANCH 1-/MF4058,ABU DHABI,AL AMEEN MEDICAL CENTRE L.L.C BRANCH 1,1528,0.889
APRIL MedNet Green August 2026.csv,Green,HOME HEALTH MEDICAL CENTRE,ABU DHABI,HOME HEALTH MEDICAL CENTRE LLC,184,0.929
APRIL MedNet Green August 2026.csv,Green,MAX CARE MEDICAL CENTER,ABU DHABI,TOP CARE MEDICAL CENTER,97,0.870
APRIL MedNet Green August 2026.csv,Green,LLH MEDICAL CENTRE AL MUSAFFAH LLC,ABU DHABI,LLH MEDICAL CENTRE AL MUSAFFAH L.L.C,89,0.971
APRIL MedNet Green August 2026.csv,Green,AL AIN MEDICAL CENTER LLC - AJMAN,AJMAN,AL AIN MEDICAL CENTER LLC,15,0.893
APRIL MedNet Green August 2026.csv,Green,"JABAL SINA MEDICAL CENTER LLC , AJMAN",AJMAN,JABAL SINA MEDICAL CENTRE LLC,45,0.875
APRIL MedNet Green August 2026.csv,Green,AALIYA MEDICAL CENTRE LLC,AJMAN,AALIYA MEDICAL CENTRE,27,0.913
APRIL MedNet Green August 2026.csv,Green,NEW IBIN SINA MEDICAL CENTRE,AJMAN,NEW IBINSINA MEDICAL CENTRE,30,0.982
APRIL MedNet Green August 2026.csv,Green,AL GHARAFA MEDICAL CENTER,AJMAN,AL GHARAFA MEDICAL CENTRE,18,0.960
APRIL MedNet Green August 2026.csv,Green,IBN SINA MEDICAL CENTRE,AJMAN,IBIN SINA MEDICAL CENTRE,29,0.979
APRIL MedNet Green August 2026.csv,Green,AL SHROOQ CLINIC,AJMAN,AL SHROOQ POLYCLINIC,16,0.889
APRIL MedNet Green August 2026.csv,Green,ASTER MEDICAL CENTRE SILICON OASIS- DM HEALTHCARE,DUBAI,ASTER MEDICAL CENTER SILICON OASIS (BR OF DM HEALTHCARE (L L C)),2215,0.870
APRIL MedNet Green August 2026.csv,Green,ASTER MEDICAL CENTRE ASWAAQ MALL -BR OF D M HEALHTCARE LLC,DUBAI,ASTER MEDICAL CENTRE REM RAAM (BR OF D M HEALTHCARE LLC),357,0.865
APRIL MedNet Green August 2026.csv,Green,AL BARSHA AL NOOR POLYCLINIC,DUBAI,AL BARSHA AL NOOR POLY CLINIC,390,0.982
APRIL MedNet Green August 2026.csv,Green,ASTER MEDICAL CENTRE AL BARSHA,DUBAI,ASTER MEDICAL CENTRE - ABUHAIL,1818,0.862
APRIL MedNet Green August 2026.csv,Green,WE CARE MEDICAL CENTER LLC - DUBAI,DUBAI,WE CARE MEDICAL CENTER L.L.C,1852,0.867
APRIL MedNet Green August 2026.csv,Green,MULTI CARE MEDICAL CENTRE LLC,DUBAI,MULTICARE MEDICAL CENTER LLC,250,0.947
APRIL MedNet Green August 2026.csv,Green,ASTER MEDICAL CENTRE MUHAISNAH BR OF DM HEALTHCARE,DUBAI,ASTER MEDICAL CENTRE ABU HAIL BR OF DM HEALTHCARE,364,0.909
APRIL MedNet Green August 2026.csv,Green,JUPITER ALNAHDA POLY CLINIC,DUBAI,JUPITER AL NAHDA POLYCLINIC LLC,260,0.897
APRIL MedNet Green August 2026.csv,Green,"TOTAL CARE CLINIC BR AL FUTTAIM HEALTHCARE SINGLE PERSON COMPANY LLC, AL QOUZ (AL FUTTAIM)",DUBAI,TOTAL CARE CLINIC BR. ALFUTTAIM HEALTHCARE SINGLE PERSON COMPANY LLC,394,0.870
APRIL MedNet Green August 2026.csv,Green,ADVANCED CARE MEDICAL CENTER,DUBAI,ADVANCED CARE MEDICAL CENTER L.L.C,396,0.903
APRIL MedNet Green August 2026.csv,Green,KARAMA MEDICAL CENTER,DUBAI,KARAMA MEDICAL CENTRE,207,0.952
APRIL MedNet Green August 2026.csv,Green,AL KHAIL MEDICAL CENTRE,DUBAI,AL KHAIL MEDICAL CENTER,284,0.957
APRIL MedNet Green August 2026.csv,Green,SEKHER MEDICAL CLINIC,DUBAI,SEKHER MEDICAL CLINIC LLC,1788,0.913
APRIL MedNet Green August 2026.csv,Green,LOTUS MEDICAL CENTER L.L.C,DUBAI,LOTUS MEDICAL CENTRE LLC,325,0.920
APRIL MedNet Green August 2026.csv,Green,"GREEN CITY MEDICAL CENTER LLC (Formerly known as NEW AL MUSALLA MEDICAL CENTER BRANCH, AL QUOZ)",DUBAI,GREEN CITY MEDICAL CENTER L.L.C(FORMERLY NEW AL MUSALLA MEDICAL CENTERE LLC BRANCH),1782,0.862
APRIL MedNet Green August 2026.csv,Green,ANAYA MEDICAL CENTER LLC,DUBAI,ANAYA MEDICAL CENTER L.L.C,381,0.960
APRIL MedNet Green August 2026.csv,Green,AL RAHIF MEDICAL CLINIC,DUBAI,AL FALAH MEDICAL CLINIC,1787,0.870
APRIL MedNet Green August 2026.csv,Green,ASTER MEDICAL CENTRE AL QUSAIS BR OF DM HEALTHCARE,DUBAI,ASTER MEDICAL CENTRE ABU HAIL BR OF DM HEALTHCARE,364,0.909
APRIL MedNet Green August 2026.csv,Green,AL WARQA MEDICAL CENTER,DUBAI,AL DHAFRA MEDICAL CENTER,277,0.894
APRIL MedNet Green August 2026.csv,Green,AL SHAAB MEDICAL CENTER,DUBAI,AL SHAAB MEDICAL CENTRE,358,0.957
APRIL MedNet Green August 2026.csv,Green,MUHAISNA SPECIALIST MEDICAL CENTRE,DUBAI,MUHAISNA SPECIALISTS MEDICAL CENTRE,353,0.986
APRIL MedNet Green August 2026.csv,Green,ABRIS MEDICAL CENTRE LLC- DUBAI,DUBAI,ABRIS MEDICAL CENTRE LLC,276,0.889
APRIL MedNet Green August 2026.csv,Green,AL RASHIDIYAH PRIVATE POLYCLINIC,DUBAI,AL RASHIDIYAH PVT POLYCLINIC,268,0.933
APRIL MedNet Green August 2026.csv,Green,HARLEY INTERNATIONAL MEDICAL CLINIC,DUBAI,HARLEY INTERNATIONAL MEDICAL CLINIC LLC,317,0.946
APRIL MedNet Green August 2026.csv,Green,BADR AL SAMAA MEDICAL CENTRE,DUBAI,BADR AL SAMAAMEDICAL CENTRE,347,0.982
APRIL MedNet Green August 2026.csv,Green,AL RAHA MEDICAL CLINIC,DUBAI,AL FALAH MEDICAL CLINIC,1787,0.889
APRIL MedNet Green August 2026.csv,Green,JANSONS STAR POLYCLINIC,DUBAI,JANSONS STARS POLYCLINIC,213,0.979
APRIL MedNet Green August 2026.csv,Green,UNICARE MEDICAL CENTER,DUBAI,UNICARE MEDICAL CENTRE BRANCH,206,0.863
APRIL MedNet Green August 2026.csv,Green,ACCES CLINIC BURDUBAI BR OF DM HEALTHCARE LLC,DUBAI,ASTER GP  CLINIC BUR DUBAI BR OF DM HEALTHCARE LLC,1820,0.894
APRIL MedNet Green August 2026.csv,Green,AL SHIFA AL KHALEEJI MEDICAL CENTRE- DUBAI,DUBAI,AL SHIFA AL KHALEEJI MEDICAL CENTRE (DEIRA),384,0.927
APRIL MedNet Green August 2026.csv,Green,DR.RADHAKRISHNAN MEDICAL CENTER,DUBAI,DR RADHAKRISHNAN MEDICAL CENTRE LLC,279,0.909
APRIL MedNet Green August 2026.csv,Green,NEW MEDICAL CENTER LLC,DUBAI,MED ONE MEDICAL CENTER LLC,304,0.875
APRIL MedNet Green August 2026.csv,Green,DOCTORS CLINIC,DUBAI,DOCTOR'S CLINIC,352,0.966
APRIL MedNet Green August 2026.csv,Green,NAIF MEDICAL CENTRE,DUBAI,NAIF MEDICAL CENTER,1872,0.947
APRIL MedNet Green August 2026.csv,Green,ZULEKHA MEDICAL CENTER BRANCH,DUBAI,AL KHAIL MEDICAL CENTER BRANCH,285,0.881
APRIL MedNet Green August 2026.csv,Green,AL JAMEELA POLYCLINIC,DUBAI,AL AMAL POLYCLINIC,265,0.872
APRIL MedNet Green August 2026.csv,Green,DR. ABDUL LATHEEF'S CLINIC,DUBAI,DR ABDULLA'S CLINIC,338,0.864
APRIL MedNet Green August 2026.csv,Green,KARAMA MEDICAL CENTRE (BRANCH-DEIRA),DUBAI,KARAMA MEDICAL CENTRE BR DIP,210,0.871
APRIL MedNet Green August 2026.csv,Green,AL SHIFA AL KHALEEJI MEDICAL CENTRE BRANCH LLC,DUBAI,AL SHIFA AL KHALEEJI MEDICAL CENTRE BRANCH LLC (DIP),1827,0.958
APRIL MedNet Green August 2026.csv,Green,NOOR AL SHEFA CLINIC BRANCH,DUBAI,"NOOR AL SHEFA CLINIC BRANCH, AL QUOZ",238,0.871
APRIL MedNet Green August 2026.csv,Green,AL AZHAR CLINIC- BRANCH (DIP 2),DUBAI,AL AZHAR CLINIC- BRANCH 2 (DIP-2),1767,0.966
APRIL MedNet Green August 2026.csv,Green,AL AZHAR CLINIC,DUBAI,AL WAHA CLINIC,406,0.897
APRIL MedNet Green August 2026.csv,Green,KARAMA MEDICAL CENTER,DUBAI,KARAMA MEDICAL CENTRE,207,0.952
APRIL MedNet Green August 2026.csv,Green,"CARE ONE POLY CLINIC LLC, DUBAI",DUBAI,CARE ONE POLY CLINIC LLC,288,0.889
APRIL MedNet Green August 2026.csv,Green,NEW SANAIYA CLINIC BR- HOR AL ANZ,DUBAI,NEW SANAIYA CLINIC - BR HORALANZ,1772,0.968
APRIL MedNet Green August 2026.csv,Green,KHALIDHA MEDICAL CENTRE LLC,DUBAI,KHALIDHA MEDICAL CENTRE L.L.C,274,0.964
APRIL MedNet Green August 2026.csv,Green,GSM MEDICAL CENTER LLC- DUBAI,DUBAI,GSM MEDICAL CENTER LLC,319,0.880
APRIL MedNet Green August 2026.csv,Green,ASTER JEBAL ALI MEDICAL CENTRE,DUBAI,ASTER JEBELALI MEDICAL CENTRE,359,0.949
APRIL MedNet Green August 2026.csv,Green,AL AZHAR CLINIC BR- JEBEL ALI,DUBAI,AL AZHAR CLINIC -BRANCH (JABEL ALI),1765,0.900
APRIL MedNet Green August 2026.csv,Green,ASTER MEDICAL CENTRE DIP (BR OF D M HEALTHCARE (L L C)),DUBAI,ASTER MEDICAL CENTRE REM RAAM (BR OF D M HEALTHCARE LLC),357,0.876
APRIL MedNet Green August 2026.csv,Green,SIRAJUDEEN MEDICAL CENTER,DUBAI,DR SIRAJUDEEN MEDICAL CENTRE,329,0.906
APRIL MedNet Green August 2026.csv,Green,HARLEY INTERNATIONAL MEDICAL CLINIC BRANCH-DUBAI,DUBAI,HARLEY INTERNATIONAL MEDICAL CLINIC BRANCH,318,0.933
APRIL MedNet Green August 2026.csv,Green,ADVANCED CARE MEDICAL CENTER BRANCH - ADVANCED CARE GROUP,DUBAI,ADVANCED CARE MEDICAL CENTER BRANCH- DIC (ADVANCE CARE- GROUP),1836,0.956
APRIL MedNet Green August 2026.csv,Green,KARAMA MEDICAL CENTRE BR. MUHAISNAH-DUBAI,DUBAI,"KARAMA MEDICAL CENTRE, BR MUHAISNAH",212,0.919
APRIL MedNet Green August 2026.csv,Green,ABEER ALNOOR POLYCLINIC L L C Branch,DUBAI,AL NOOR POLYCLINIC L.L.C (BRANCH),1866,0.896
APRIL MedNet Green August 2026.csv,Green,GRAND INFINITY MEDICAL CENTER,DUBAI,GRAND INFINITY MEDICAL CENTRE,320,0.966
APRIL MedNet Green August 2026.csv,Green,VCARE POLYCLINIC LLC- DUBAI,DUBAI,VCARE POLYCLINIC LLC,205,0.870
APRIL MedNet Green August 2026.csv,Green,ABEER AL NOOR POLYCLINIC,DUBAI,ABEER AL NOOR POLY CLINIC,389,0.980
APRIL MedNet Green August 2026.csv,Green,CLINICARE SAMARI (BR OF IMARA HEALTHCARE LLC) - DUBAI,DUBAI,CLINICARE SAMARI (BR OF IMARA HEALTH CARE L.L.C)(IMARA GR),1793,0.865
APRIL MedNet Green August 2026.csv,Green,AL RASHIDIYAH AL NOOR POLYCLINIC,DUBAI,AL RASHIDIYA AL NOOR POLY CLINIC,388,0.969
APRIL MedNet Green August 2026.csv,Green,AL SALEEM POLYCLINIC,DUBAI,SALEEM POLYCLINIC,363,0.919
APRIL MedNet Green August 2026.csv,Green,AL AMAL MEDICAL CLINIC,DUBAI,AL FALAH MEDICAL CLINIC,1787,0.889
APRIL MedNet Green August 2026.csv,Green,F M C MEDICAL CENTER L L C,DUBAI,L L H MEDICAL CENTER L.L.C,433,0.885
APRIL MedNet Green August 2026.csv,Green,DIBBA MEDICAL CENTRE,FUJAIRAH,DIBBA MEDICAL CENTRE - FUJ,440,0.909
APRIL MedNet Green August 2026.csv,Green,AL SHARQ MEDICAL CENTER-AL ETIHAD,FUJAIRAH,AL SHARQ MEDICAL CENTER ETIHAD,448,0.952
APRIL MedNet Green August 2026.csv,Green,NORTHERN AL AHLIAH MEDICAL CENTRE-FUJAIRAH-AHALIA GROUP,FUJAIRAH,NORTHERN AL AHLIAH MEDICAL CENTRE (Fujairah),452,0.866
APRIL MedNet Green August 2026.csv,Green,FUJAIRAH PORT MEDICAL CENTRE,FUJAIRAH,FUJAIRAH PORT MEDICAL CENTER,447,0.964
APRIL MedNet Green August 2026.csv,Green,ASTER MEDICAL CENTRE FUJAIRAH,FUJAIRAH,ASTER MEDICAL CENTRE - FUJAIRAH BR,2325,0.951
APRIL MedNet Green August 2026.csv,Green,AL SHARQ MEDICAL CENTRE- DIBBA,FUJAIRAH,AL SHARQ MEDICAL CENTER DIBBA,449,0.966
APRIL MedNet Green August 2026.csv,Green,NEXUS MEDICAL CLINIC - RAK,RAS AL KHAIMAH,NEXUS MEDICAL CLINIC,456,0.909
APRIL MedNet Green August 2026.csv,Green,RAS AL KHAIMAH MEDICAL CENTER AL NAKHEEL,RAS AL KHAIMAH,RAS AL KHAIMAH MEDICAL CENTERE AL JAZEERA,470,0.889
APRIL MedNet Green August 2026.csv,Green,AL GHAIL MEDICAL CENTER LLC - RAK - AL SHAMS GROUP,RAS AL KHAIMAH,AL GHAIL MEDICAL CENTRE LLC(AL- SHAMS GROUP),466,0.932
APRIL MedNet Green August 2026.csv,Green,AL HANAN MEDICAL CENTRE,RAS AL KHAIMAH,AL AHLIA MEDICAL CENTRE,467,0.870
APRIL MedNet Green August 2026.csv,Green,UNION MEDICAL & DENTAL CENTER,RAS AL KHAIMAH,UNION MEDICAL AND DENTAL CENTRE,457,0.897
APRIL MedNet Green August 2026.csv,Green,SPECIALIST'S MEDICAL CENTRE,RAS AL KHAIMAH,SPECIALIST MEDICAL CENTRE,460,0.962
APRIL MedNet Green August 2026.csv,Green,AL HUDAIBAH MEDICAL CENTRE,RAS AL KHAIMAH,AL HUDAIBAH MEDICAL CENTER LLC,458,0.893
APRIL MedNet Green August 2026.csv,Green,ASTER ABU SHAGHARAH MEDICAL CENTER,SHARJAH,ASTER ABU SHGHARAH MEDICAL CENTER,543,0.985
APRIL MedNet Green August 2026.csv,Green,AL DHAID MEDICAL CENTER,SHARJAH,AL DHAID MEDICAL CENTRE,2445,0.957
APRIL MedNet Green August 2026.csv,Green,N.M.C MEDICAL CENTER L.L.C SHJ BR.,SHARJAH,NMC MEDICAL CENTER L.L.C SHJ BR.3,2410,0.939
APRIL MedNet Green August 2026.csv,Green,PRIME SPECIALIST MEDICAL CENTRE-SHARJAH,SHARJAH,REEM SPECIALIST MEDICAL CENTRE -ROLLA SHARJAH,539,0.867
APRIL MedNet Green August 2026.csv,Green,SAHARA MEDICAL CENTRE LLC,SHARJAH,SAHARA MEDICAL CENTRE L.L.C,572,0.962
APRIL MedNet Green August 2026.csv,Green,AHLAN MEDICAL CENTER- SHARJAH,SHARJAH,MEGA MEDICAL CENTER-SHARJAH,507,0.873
APRIL MedNet Green August 2026.csv,Green,AL SHIFA AL UROPI MEDICAL CENTER,SHARJAH,AL SHIFA AL UROPI MEDICAL CENTER LLC,550,0.941
APRIL MedNet Green August 2026.csv,Green,N.M.C MEDICAL CENTER L.L.C SHJ BR.4,SHARJAH,NMC MEDICAL CENTER L.L.C SHJ BR.3,2410,0.941
APRIL MedNet Green August 2026.csv,Green,"AL AFDAL MEDICAL CENTER, SHJ",SHARJAH,AL AFDAL MEDICAL CENTER,515,0.920
APRIL MedNet Green August 2026.csv,Green,NEW MEDICAL CENTRE,SHARJAH,CARE MEDICAL CENTRE,533,0.865
APRIL MedNet Green August 2026.csv,Green,AL KANARY MEDICAL CENTRE,SHARJAH,AL DARARY MEDICAL CENTRE,521,0.917
APRIL MedNet Green August 2026.csv,Green,ENJAB MEDICAL CENTER LLC,SHARJAH,RETAJ MEDICAL CENTER LLC,479,0.875
APRIL MedNet Green August 2026.csv,Green,ICARE MEDICAL CENTRE,SHARJAH,CARE MEDICAL CENTRE,533,0.974
APRIL MedNet Green August 2026.csv,Green,AL FURQAN MEDICAL CENTRE L.L.C,SHARJAH,AL FURQAN MEDICAL CENTRE,2428,0.889
APRIL MedNet Green August 2026.csv,Green,"NOOR AL MADINAH MEDICAL CENTER, SHARJAH",SHARJAH,NOOR AL MADINA MEDICAL CENTER,520,0.866
APRIL MedNet Green August 2026.csv,Green,AL SHIFA MEDICAL CENTRE,SHARJAH,AL AFYA MEDICAL CENTRE,500,0.889
APRIL MedNet Green August 2026.csv,Green,ASTER MEDICAL CENTRE,SHARJAH,YAS MEDICAL CENTRE,560,0.895
APRIL MedNet Green August 2026.csv,Green,AL FAIEZ MEDICAL CENTRE,SHARJAH,AL AFYA MEDICAL CENTRE,500,0.889
APRIL MedNet Green August 2026.csv,Green,DOCTORS MEDICAL CENTRE,SHARJAH,DOCTORS MEDICAL CENTRE LLC,567,0.917
APRIL MedNet Green August 2026.csv,Green,AL AMANAH MEDICAL CENTER,SHARJAH,AL AMANAH MEDICAL CENTER LLC,571,0.923
APRIL MedNet Green August 2026.csv,Green,PERFECT MEDICAL CENTER,SHARJAH,PERFECT MEDICAL CENTRE,483,0.955
APRIL MedNet Green August 2026.csv,Green,AL SALAM MEDICAL CENTRE,SHARJAH,AL MALIHA MEDICAL CENTRE,562,0.894
APRIL MedNet Green August 2026.csv,Green,REEM MEDICAL DIAGNOSTIC CENTRE LLC,SHARJAH,REEM MEDICAL DIAGNOSTIC CENTRE,630,0.938
APRIL MedNet Green August 2026.csv,Green,BHATIA MEDICAL CENTER,SHARJAH,BHATIA MEDICAL CENTRE LLC,527,0.870
APRIL MedNet Green August 2026.csv,Green,UNICARE MEDICAL CENTRE,SHARJAH,CARE MEDICAL CENTRE,533,0.927
APRIL MedNet Green August 2026.csv,Green,MARINA MEDICAL CENTRE,SHARJAH,LIMAR MEDICAL CENTRE,514,0.878
APRIL MedNet Green August 2026.csv,Green,N.M.C MEDICAL CENTER L.L.C SHJ BR.2,SHARJAH,NMC MEDICAL CENTER L.L.C SHJ BR.3,2410,0.941
APRIL MedNet Green August 2026.csv,Green,REEM SPECALISTS MEDICAL CENTRE.,SHARJAH,SAM SPECIALIST MEDICAL CENTRE,530,0.881
APRIL MedNet Green August 2026.csv,Green,MAMPILLY MEDICAL CENTER,SHARJAH,MAMPILLY MEDICAL CENTRE,505,0.957
APRIL MedNet Green August 2026.csv,Green,SAIF ZONE MEDICAL CENTRE,SHARJAH,SAIFZONE MEDICAL CENTRE,477,0.979
APRIL MedNet Green August 2026.csv,Green,N.M.C MEDICAL CENTER L.L.C SHJ BR.1,SHARJAH,NMC MEDICAL CENTER L.L.C SHJ BR.3,2410,0.941
APRIL MedNet Green August 2026.csv,Green,REEM AL NAHDA MEDICAL DIAGNOSTIC CENTRE,SHARJAH,REEM MEDICAL DIAGNOSTIC CENTRE,630,0.870
APRIL MedNet Green August 2026.csv,Green,AL JAWDAH MEDICAL CENTRE LLC,SHARJAH,AL DALLAH MEDICAL CENTRE LLC,501,0.893
APRIL MedNet Green August 2026.csv,Green,AL BANNA MEDICAL CENTRE,SHARJAH,AL BANNA MEDICAL CENTERE,549,0.979
APRIL MedNet Green August 2026.csv,Green,AL RAHA MEDICAL CLINIC-SHARJAH,SHARJAH,AL AZHAR MEDICAL CLINIC (SHARJAH),478,0.951
APRIL MedNet Green August 2026.csv,Green,AL SHAMS MEDICAL CENTRE,SHARJAH,AL WAHDA MEDICAL CENTRE,482,0.870
APRIL MedNet Green August 2026.csv,Green,AL MALIHA MEDICAL CENTER,SHARJAH,AL MALIHA MEDICAL CENTRE,562,0.958
APRIL MedNet Green August 2026.csv,Green,FIRST GULF MEDICAL CENTRE,SHARJAH,FIRST GULF MEDICAL CENTRE SHARJAH,565,0.862
APRIL MedNet Green August 2026.csv,Green,ZAFARULLAH MEDICAL CENTRE,SHARJAH,ZAFERULLA MEDICAL CENTRE,548,0.939
APRIL MedNet Green August 2026.csv,Green,MEDZE CLINIC L.L.C,DUBAI,MEDZE CLINIC LLC,326,0.941
APRIL MedNet Green August 2026.csv,Green,MONROE MEDICAL CENTER LLC,DUBAI,MED ONE MEDICAL CENTER LLC,304,0.902
APRIL MedNet Green August 2026.csv,Green,SANA HABIB MEDICAL CENTRE - SHARJAH,SHARJAH,SANA HABIB MEDICAL CENTRE,525,0.862
APRIL MedNet Green August 2026.csv,Green,AL HANA MEDICAL CENTER LLC,DUBAI,AL HANA MEDICAL CENTER LLC-SATWA,290,0.897
APRIL MedNet Green August 2026.csv,Green,BLUE BELL MEDICAL CENTRE LLC,DUBAI,BLUEBELL MEDICAL CENTRE,1808,0.902
APRIL MedNet Green August 2026.csv,Green,MINI VM POLYCLINIC,DUBAI,MINI VM POLY CLINIC,232,0.973
APRIL MedNet Green August 2026.csv,Green,COSTCARE MEDICAL CENTER,AJMAN,SMART CARE MEDICAL CENTER,1414,0.875
APRIL MedNet Green August 2026.csv,Green,AL NEBRAS MEDICAL CENTER LLC,RAS AL KHAIMAH,ALNEBRAS MEDICAL CENTER LLC,2369,0.982
APRIL MedNet Green August 2026.csv,Green,YASMED MEDICAL CENTER - UMM AL QUWAIN,UMM AL QUWAIN,AL HAYAT MEDICAL CENTER-UMM AL QUWAIN,582,0.861
APRIL MedNet Green August 2026.csv,Green,"ELITE MEDICAL CENTER, SHARJAH",SHARJAH,MEGA MEDICAL CENTER-SHARJAH,507,0.873
APRIL MedNet Green August 2026.csv,Green,DR. ISMAIL MEDICAL CENTRE-MUHAISNAH BRANCH,DUBAI,DR.ISMAIL MEDICAL CENTRE-MUHAISINAH II  (BRANCH),1804,0.953
APRIL MedNet Green August 2026.csv,Green,"TOTAL CARE CLINIC (BR.ALFUTTAIM HEALTHCARE SINGLE PERSON COMPANY LLC), MUHAISNAH SONAPUR",DUBAI,TOTAL CARE CLINIC BR. ALFUTTAIM HEALTHCARE SINGLE PERSON COMPANY LLC,394,0.882
APRIL MedNet Green August 2026.csv,Green,ICARE ALREFFA - DUBAI - BR OF EXCEL HEALTHCARE LLC,DUBAI,ICARE AL REFFA (BR OF EXCEL HEALTHCARE L.L.C),2209,0.899
APRIL MedNet Green August 2026.csv,Green,ICARE AL QUASIS(BR OF EXCEL HEALTHCARE LLC),DUBAI,ICARE AL REFFA (BR OF EXCEL HEALTHCARE L.L.C),2209,0.871
APRIL MedNet Green August 2026.csv,Green,ANAYA MEDICAL CENTER LLC BRANCH,DUBAI,ANAYA MEDICAL CENTER L.L.C BRANCH,382,0.969
APRIL MedNet Green August 2026.csv,Green,NOOR MEDICAL CLINIC,SHARJAH,DOOA  MEDICAL CLINIC,2419,0.895
APRIL MedNet Green August 2026.csv,Green,SHIFA AL JAZEERA MEDICAL CENTRE - SHARJAH,SHARJAH,SHIFA AL JAZEERA MEDICAL CENTRE (SHJ),475,0.946
APRIL MedNet Green August 2026.csv,Green,DOUBLE CARE MEDICAL CENTER LLC,AJMAN,DOUBLE CARE MEDICAL CENTER L.L.C,1407,0.968
APRIL MedNet Green August 2026.csv,Green,REGAL MEDICAL CENTRE - SHARJAH,SHARJAH,MEGA MEDICAL CENTER-SHARJAH,507,0.909
APRIL MedNet Green August 2026.csv,Green,NOOR AL SHIFA CLINIC L.L.C.,AJMAN,NOOR AL SHIFA CLINIC LLC,26,0.960
APRIL MedNet Green August 2026.csv,Green,MODERN FAMILY CLINIC,DUBAI,MODERN FAMILY CLINIC LLC,413,0.909
APRIL MedNet Green August 2026.csv,Green,RETAJ MEDICAL CENTER LLC- RAK,RAS AL KHAIMAH,RETAJ MEDICAL CENTRE LLC,459,0.885
APRIL MedNet Green August 2026.csv,Green,ABU DHABI REFINERY CLINIC - ADNOC,ABU DHABI,ABU DHABI REFINERY CLINIC,151,0.893
APRIL MedNet Green August 2026.csv,Green,ADAM & EVE SPECIALIZED MEDICAL CENTRE L.L.C. BRANCH/ MF5163,ABU DHABI,ADAM & EVE SPECIALIZED MEDICAL CENTRE L.L.C. - BRANCH,179,0.932
APRIL MedNet Green August 2026.csv,Green,HARLEY INTERNATIONAL MEDICAL CLINIC - BARSHA,DUBAI,HARLEY INTERNATIONAL MEDICAL CLINIC BRANCH,318,0.929
APRIL MedNet Green August 2026.csv,Green,SHIFA AL JAZEERAH MEDICAL CENTRE - L.L.C 01,AJMAN,SHIFA AL JAZEERAH MEDICAL CENTRE - L.L.C - BRANCH 01,2,0.921
APRIL MedNet Green August 2026.csv,Green,GAELAN PHARMACY LLC,SHARJAH,GARDEN PHARMACY LLC,1239,0.895
APRIL MedNet Green August 2026.csv,Green,AL MARINA PHARMACY,ABU DHABI,AL RIDA PHARMACY,1607,0.882
APRIL MedNet Green August 2026.csv,Green,BRIGHT POINT PHARMACY LLC,ABU DHABI,BRIGHT POINT PHARMACY L.L.C,1377,0.962
APRIL MedNet Green August 2026.csv,Green,BURJEEL RETAIL PHARMACY L.L.C - BRANCH 4 / PF1672,ABU DHABI,BURJEEL RETAIL PHARMACY L.L.C - BRANCH,1699,0.889
APRIL MedNet Green August 2026.csv,Green,AL AFDAL PHARMACY,ABU DHABI,AL KAMAL PHARMACY,1662,0.882
APRIL MedNet Green August 2026.csv,Green,ASTER PHARMACIES GRP LLC-BR-ABUDHABI 1,ABU DHABI,ASTER PHARMACIES GROUP LLC BRANCH  ABUDHABI 13,1600,0.916
APRIL MedNet Green August 2026.csv,Green,EASTERN AL AHALIA PHARMACY,ABU DHABI,STAR AL AHALIA PHARMACY,1621,0.898
APRIL MedNet Green August 2026.csv,Green,BURJEEL RETAIL PHARMACY L.L.C -BRANCH 6 / PF2536,ABU DHABI,BURJEEL RETAIL PHARMACY L.L.C - BRANCH,1699,0.889
APRIL MedNet Green August 2026.csv,Green,BURJEEL RETAIL PHARMACY L.L.C -BRANCH 7 / PF1496,ABU DHABI,BURJEEL RETAIL PHARMACY L.L.C - BRANCH,1699,0.889
APRIL MedNet Green August 2026.csv,Green,LIFECARE INTERNATIONAL PHARMACY,ABU DHABI,LIFE CARE INTERNATIONAL PHARMACY L.L.C.,1552,0.899
APRIL MedNet Green August 2026.csv,Green,ASTER PHARMACIES GROUP LLC-ABU DHABI 3,ABU DHABI,ASTER PHARMACIES GROUP LLC BRANCH  ABUDHABI 13,1600,0.892
APRIL MedNet Green August 2026.csv,Green,AL DAMAN PHARMACY,ABU DHABI,AL KAMAL PHARMACY,1662,0.882
APRIL MedNet Green August 2026.csv,Green,BURJEEL RETAIL PHARMACY L.L.C - BRANCH 3 / PF2527,ABU DHABI,BURJEEL RETAIL PHARMACY L.L.C - BRANCH,1699,0.889
APRIL MedNet Green August 2026.csv,Green,TOP CARE PHARMACY,ABU DHABI,TOPCARE PHARMACY,1555,0.970
APRIL MedNet Green August 2026.csv,Green,BURJEEL RETAIL PHARMACY L.L.C - BRANCH 8 / PF1673,ABU DHABI,BURJEEL RETAIL PHARMACY L.L.C - BRANCH,1699,0.889
APRIL MedNet Green August 2026.csv,Green,BURJEEL RETAIL PHARMACY L.L.C - BRANCH 2 / PF1656,ABU DHABI,BURJEEL RETAIL PHARMACY L.L.C - BRANCH,1699,0.889
APRIL MedNet Green August 2026.csv,Green,AL ZIA PHARMACY,ABU DHABI,AL RIDA PHARMACY,1607,0.903
APRIL MedNet Green August 2026.csv,Green,LAHORE PHARMACY,ABU DHABI,LAHORE PHARMACY LLC,783,0.882
APRIL MedNet Green August 2026.csv,Green,BURJEEL RETAIL PHARMACY L.L.C - BRANCH 5 / PF2505,ABU DHABI,BURJEEL RETAIL PHARMACY L.L.C - BRANCH,1699,0.889
APRIL MedNet Green August 2026.csv,Green,MODERN DAR ALSHIFA PHARMACY,ABU DHABI,ASTER MODERN DAR AL SHIFA PHARMACY,1590,0.885
APRIL MedNet Green August 2026.csv,Green,SMART PHARMACY,ABU DHABI,SWAT PHARMACY,784,0.889
APRIL MedNet Green August 2026.csv,Green,NOOR ALAHLI PHARMACY - BRANCH 7,ABU DHABI,NOOR ALAHLI PHARMACY L.L.C. - BRANCH 7,1619,0.906
APRIL MedNet Green August 2026.csv,Green,MANSOUR PHARMACY - ABU DHABI/ PF1317,ABU DHABI,MANSOUR PHARMACY ABU DHABI,1557,0.881
APRIL MedNet Green August 2026.csv,Green,LIFECARE INTERNATIONAL PHARMACY LLC-BRANCH 1-PF2581,ABU DHABI,LIFE CARE INTERNATIONAL PHARMACY LLC - BRANCH 1,1553,0.917
APRIL MedNet Green August 2026.csv,Green,ASTER PHARMACIES GROUP L.L.C- BRANCH OF ABU DHABI 8-PF3004,ABU DHABI,ASTER PHARMACIES GROUP L.L.C- BRANCH OF ABU DHABI 8,1587,0.935
APRIL MedNet Green August 2026.csv,Green,MODERN DAR ALSHIFA PHARMACY,ABU DHABI,ASTER MODERN DAR AL SHIFA PHARMACY,1590,0.885
APRIL MedNet Green August 2026.csv,Green,MADINA ZAYED AHALIA PHARMACY,ABU DHABI,MADINA ZAYED AL AHLIYYA  PHARMACY,1611,0.900
APRIL MedNet Green August 2026.csv,Green,HEALTH PLUS PHARMACY L L C,ABU DHABI,HEALTH POINT PHARMACY L.L.C.,1578,0.868
APRIL MedNet Green August 2026.csv,Green,HEALTH FIRST PHARMACY-BRANCH 13,ABU DHABI,HEALTH FIRST PHARMACY LLC - BRANCH 13,1684,0.939
APRIL MedNet Green August 2026.csv,Green,ASTER PHARMACIES GROUP LLC-BRANCH OF ABU DHABI 4,ABU DHABI,ASTER PHARMACIES GROUP  LLC- BRANCH OF ABUDHABI 4,1593,0.989
APRIL MedNet Green August 2026.csv,Green,HEALTH FIRST PHARMACY-BRANCH 12,ABU DHABI,HEALTH FIRST PHARMACY LLC BRANCH 12,1685,0.939
APRIL MedNet Green August 2026.csv,Green,LOTUS PHARMACY LLC,ABU DHABI,LOTUS PHARMACY L.L.C,1376,0.947
APRIL MedNet Green August 2026.csv,Green,AL MADAR MEDICAL CENTER PHARMACY,ABU DHABI,DAS MEDICAL CENTER PHARMACY,1632,0.881
APRIL MedNet Green August 2026.csv,Green,AL RODA PHARMACY LLC,ABU DHABI,AL ZIA PHARMACY LLC,782,0.872
APRIL MedNet Green August 2026.csv,Green,HEALTH FIRST PHARMACY-BRANCH 14,ABU DHABI,HEALTH FIRST PHARMACY LLC BRANCH 4,1690,0.923
APRIL MedNet Green August 2026.csv,Green,ASTER PHARMACIES GROUP LLC- BRANCH OF ABUDHABI 2,ABU DHABI,ASTER PHARMACIES GROUP LLC- BRANCH OF ABU DHABI 2,1588,0.989
APRIL MedNet Green August 2026.csv,Green,SAD PHARMACY,ABU DHABI,SARHAD PHARMACY,1559,0.889
APRIL MedNet Green August 2026.csv,Green,ASTER PHARMACIES GROUP LLC- BRANCH OF ABU DHABI 7,ABU DHABI,ASTER PHARMACIES GROUP L.L.C- BRANCH OF ABU DHABI 7,1594,0.980
APRIL MedNet Green August 2026.csv,Green,BURJEEL RETAIL PHARMACY L.L.C - BRANCH 11 / PF1481,ABU DHABI,BURJEEL RETAIL PHARMACY L.L.C - BRANCH,1699,0.878
APRIL MedNet Green August 2026.csv,Green,"ROYAL INTERNATIONAL PHARMACY, MAFRAQ",ABU DHABI,ROYAL INTERNATIONAL PHARMACY,1677,0.889
APRIL MedNet Green August 2026.csv,Green,BURJEEL RETAIL PHARMACY L.L.C - BRANCH 1 / PF2952,ABU DHABI,BURJEEL RETAIL PHARMACY L.L.C - BRANCH,1699,0.889
APRIL MedNet Green August 2026.csv,Green,NOOR ALAHLI PHARMACY - BRANCH 2,ABU DHABI,NOOR ALAHLI PHARMACY L.L.C. - BRANCH 2,1614,0.906
APRIL MedNet Green August 2026.csv,Green,AL MARINA PHARMACY BRANCH,ABU DHABI,AL MARINA PHARMACY LLC - BRANCH 1,1723,0.893
APRIL MedNet Green August 2026.csv,Green,ZANBAQ AL MADINA PHARMACY LLC,ABU DHABI,ZANBAQ AL MADINA PHARMACY L.L.C,1372,0.967
APRIL MedNet Green August 2026.csv,Green,BURJEEL RETAIL PHARMACY L.L.C - BRANCH 13 / PF2896,ABU DHABI,BURJEEL RETAIL PHARMACY L.L.C - BRANCH,1699,0.878
APRIL MedNet Green August 2026.csv,Green,GRAND PHARMACY,AJMAN,NEW GRAND PHARMACY,717,0.875
APRIL MedNet Green August 2026.csv,Green,BUSTAN PHARMACY,AJMAN,AL BUSTAN PHARMACY,1435,0.909
APRIL MedNet Green August 2026.csv,Green,AL SWAN PHARMACY,AJMAN,AL BUSTAN PHARMACY,1435,0.882
APRIL MedNet Green August 2026.csv,Green,AL ZAMAN PHARMACY LLC - (AL NEEM PHARMACY GROUP),AJMAN,AL ZAMAN PHARMACY L.L.C(AL NEEM GROUP),1432,0.864
APRIL MedNet Green August 2026.csv,Green,RIGHT HEALTH PHARMACY JURF2 LLC,AJMAN,RIGHT HEALTH PHARMACY JURF LLC,687,0.984
APRIL MedNet Green August 2026.csv,Green,AL SHIFA PHARMACY,AJMAN,AL SHIFA PHARMACY(AJM),727,0.895
APRIL MedNet Green August 2026.csv,Green,EMIRATES PHARMACY,AJMAN,EMIRATES PHARMACY(AJM),726,0.895
APRIL MedNet Green August 2026.csv,Green,AMINA HOSPITAL PHARMACY LLC,AJMAN,AMINA HOSPITAL PHARMACY,730,0.920
APRIL MedNet Green August 2026.csv,Green,ARABIAN PHARMACY,AJMAN,ARABIAN PHARMACY(AJM),728,0.889
APRIL MedNet Green August 2026.csv,Green,ASTER PHARMACY,AJMAN,ASTER PHARMACY 159,1429,0.875
APRIL MedNet Green August 2026.csv,Green,SANA PHARMACY LLC,AJMAN,JANAH PHARMACY LLC,759,0.914
APRIL MedNet Green August 2026.csv,Green,AL NEEM PHARMACY,AJMAN,AL NAJEM PHARMACY,711,0.909
APRIL MedNet Green August 2026.csv,Green,GALAXY PHARMACY LLC - AJMAN,AJMAN,GALAXY PHARMACY LLC,701,0.864
APRIL MedNet Green August 2026.csv,Green,ASTER PHARMACY 163 BR OF ASTER PHARMACIES GROUP LLC - AJMAN,AJMAN,ASTER PHARMACY 163 BR OF ASTER PHARMACIES GROUP LLC,722,0.944
APRIL MedNet Green August 2026.csv,Green,ELAJ MEDICAL CENTRE PHARMACY L.L.C 01 - AJMAN,AJMAN,ELAJ MEDICAL CENTRE PHARMACY L.L.C 01,714,0.925
APRIL MedNet Green August 2026.csv,Green,ELAJ MEDICAL CENTRE PHARMACY LLC,AJMAN,ELAJ MEDICAL CENTRE PHARMACY L.L.C 01,714,0.928
APRIL MedNet Green August 2026.csv,Green,ASTER PHARMACY 159 (BR OF ASTER PHARMACIES GROUP LLC) - AJMAN,AJMAN,ASTER PHARMACY 159 BR OF ASTER PHARMACIES GROUP LLC,724,0.944
APRIL MedNet Green August 2026.csv,Green,ASTER PHARMACY 154 (BR OF ASTER PHARMACIES GROUP LLC) - AJMAN,AJMAN,ASTER PHARMACY 154 (BR OF ASTER PHARMACIES GROUP LLC),723,0.944
APRIL MedNet Green August 2026.csv,Green,ASTER PHARMACY 161 BR OF ASTER PHARMACIES GROUP LLC - DUBAI,DUBAI,ASTER PHARMACY 161 (BR OF ASTER PHARMACIES GROUP LLC),1002,0.944
APRIL MedNet Green August 2026.csv,Green,ASTER PHARMACY 134,DUBAI,ASTER PHARMACY 123,2073,0.944
APRIL MedNet Green August 2026.csv,Green,LULU BARSHA PHARMACY LLC DOCIB,DUBAI,LULU BARSHA PHARMACY LLC,2178,0.889
APRIL MedNet Green August 2026.csv,Green,HEALTH FIRST PHARMACY 47 BRANCH OF HEALTH FIRST INVESTMENT LLC,DUBAI,HEALTH FIRST PHARMACY 65 (Br. OF HEALTH FIRST INVESTMENT L.L.C),2231,0.918
APRIL MedNet Green August 2026.csv,Green,ASTER PHARMACY 145 (BR OF ASTER PHARMACIES GROUP),DUBAI,ASTER PHARMACY 145(BR OF ASTER PHARMACIES GROUP LLC),972,0.959
APRIL MedNet Green August 2026.csv,Green,MULTI CARE PHARMACY LLC,DUBAI,MULTICARE PHARMACY LLC,1981,0.978
APRIL MedNet Green August 2026.csv,Green,NEW AL QOUZ PHARMACY,DUBAI,NEW AL QUOZ PHARMACY,936,0.950
APRIL MedNet Green August 2026.csv,Green,ACCESS PHARMACY BR OF ASTER PHARMACIES GROUP LLC-ASTER GROUP,DUBAI,ACCESS PHARMACY (BR OF ASTER PHARMACIES GROUP LLC),1053,0.889
APRIL MedNet Green August 2026.csv,Green,HEALTH FIRST PHARMACY 8,DUBAI,HEALTH FIRST PHARMACY 38,2154,0.979
APRIL MedNet Green August 2026.csv,Green,AL NEEM GREEN PHARMACY LLC - DUBAI (AL NEEM GROUP),DUBAI,AL NEEM GREEN PHARMACY L.L.C(AL NEEM GROUP),2088,0.909
APRIL MedNet Green August 2026.csv,Green,MUSALAH AL QUOZE PHARMACY,DUBAI,MUSALAH AL QUOZE PHARMACY LLC,1980,0.926
APRIL MedNet Green August 2026.csv,Green,"LOTUS PHARMACY LLC, DXB",DUBAI,LOTUS PHARMACY LLC,823,0.900
APRIL MedNet Green August 2026.csv,Green,LULU CENTER PHARMACY DOCIB,DUBAI,LULU CENTER PHARMACY LLC,2179,0.880
APRIL MedNet Green August 2026.csv,Green,ASTER PHARMACY 142 (BR OF ASTER PHARMACIES GROUP),DUBAI,ASTER PHARMACY 142 (BR OF ASTER PHARMACIES GROUP LLC),964,0.959
APRIL MedNet Green August 2026.csv,Green,ASTER PHARMACY 101 BR OF ASTER PHARMACIES GROUP LLC,DUBAI,ASTER PHARMACY101(BR OF ASTER PHARMACIES GROUP LLC),881,0.990
APRIL MedNet Green August 2026.csv,Green,ASTER PHARMACY 112 BR OF ASTER PHARMACIES GROUP LLC-ASTER GR,DUBAI,ASTER PHARMACY 112 (BR OF ASTER PHARMACIES GROUP LLC),929,0.919
APRIL MedNet Green August 2026.csv,Green,ASTER PHARMACY 202 (BR OF ASTER PHARMACIES GROUP),DUBAI,ASTER PHARMACY 202 (BR OF ASTER PHARMACIES GROUP LLC),886,0.959
APRIL MedNet Green August 2026.csv,Green,VITA CARE PHARMACY LLC,DUBAI,VITACARE PHARMACY LLC,795,0.977
APRIL MedNet Green August 2026.csv,Green,EHSAAN PHARMACY,DUBAI,EHSAN PHARMACY,879,0.966
APRIL MedNet Green August 2026.csv,Green,PANORAMA RX PHARMACY BR OF IMARA HEALTH CARE LLC,DUBAI,PANORAMA RX PHARMACY (BR OF IMARA HEALTH CARE L.L.C)(IMARA GR),808,0.897
APRIL MedNet Green August 2026.csv,Green,ASTER PHARMACY 120 BR OF ASTER PHARMACIES GROUP LLC-DUBAI,DUBAI,ASTER PHARMACY 120 (BR OF ASTER PHARMACIES GROUP LLC),872,0.944
APRIL MedNet Green August 2026.csv,Green,ASTER PHARMACY 157 BR OF ASTER PHARMACIES GROUP LLC-DUBAI,DUBAI,ASTER PHARMACY 157(BR OF ASTER PHARMACIES GROUP LLC),950,0.944
APRIL MedNet Green August 2026.csv,Green,NEW AL NEEM PHARMACY LLC-AL NEEM GROUP,DUBAI,NEW AL NEEM PHARMACY L.L.C ( AL NEEM GROUP),2087,0.974
APRIL MedNet Green August 2026.csv,Green,RX PHARMACY,DUBAI,MVR PHARMACY,1978,0.870
APRIL MedNet Green August 2026.csv,Green,ASIA PHARMACY,DUBAI,ASMA PHARMACY,885,0.923
APRIL MedNet Green August 2026.csv,Green,NICE LIFE PHARMACY ( BR OF ASTER PHARMACIES GROUP LLC) - DUBAI,DUBAI,NICE LIFE PHARMACY (BR OF ASTER PHARMACIES GROUP LLC),987,0.944
APRIL MedNet Green August 2026.csv,Green,RAMADA PHARMACY,DUBAI,AMAAN PHARMACY,2176,0.897
APRIL MedNet Green August 2026.csv,Green,ASTER PHARMACY 147 BR OF ASTER PHARMACIES GROUP LLC-DR. MOOPENS,DUBAI,ASTER PHARMACY 147 (BR OF ASTER PHARMACIES GROUP LLC),883,0.903
APRIL MedNet Green August 2026.csv,Green,ASTER AL SHAFAR PHARMACY (form. LAMCY PHARMACY),DUBAI,ASTER AL SHAFAR PHARMACY (FORMELY KNOWN AS LAMCY PHARMACY),919,0.880
APRIL MedNet Green August 2026.csv,Green,AL GHUBAIBA PHARMACY,DUBAI,AL GHUBAIBA PHARMACY LLC,1962,0.909
APRIL MedNet Green August 2026.csv,Green,ASTER PHARMACY 1,DUBAI,ASTER PHARMACY 185,1106,0.941
APRIL MedNet Green August 2026.csv,Green,AL ANBER PHARMACY,DUBAI,AL JABRI PHARMACY,1908,0.882
APRIL MedNet Green August 2026.csv,Green,ROYAL PHARMACY,DUBAI,RALS PHARMACY,1952,0.889
APRIL MedNet Green August 2026.csv,Green,ASTER DAY SURGERY CENTRE PHARMACY LLC,DUBAI,ASTER DAY SURGERY CENTRE PHARMACY - MANKHOOL,1021,0.886
APRIL MedNet Green August 2026.csv,Green,AL MUSALLAH PHARMACY,DUBAI,AL MUSALLA PHARMACY,918,0.974
APRIL MedNet Green August 2026.csv,Green,ASTER PHARMACY 146 (BR OF ASTER PHARMACIES GROUP),DUBAI,ASTER PHARMACY 146(BR OF ASTER PHARMACIES GROUP LLC),957,0.959
APRIL MedNet Green August 2026.csv,Green,ASTER PHARMACY 138 (BR OF ASTER PHARMACIES GRP) LLC-DR MOOPE,DUBAI,ASTER PHARMACY 138 (BR OF ASTER PHARMACIES GROUP LLC),911,0.899
APRIL MedNet Green August 2026.csv,Green,ASTER AL HAYAT PHARMACY BR OF ASTER PHARMACIES GROUP-DUBAI,DUBAI,ASTER AL HAYAT PHARMACY(BR OF ASTER PHARMACIES GROUP LLC),963,0.930
APRIL MedNet Green August 2026.csv,Green,"ROCK STAR PHARMACY LLC, DUBAI",DUBAI,ROCK STAR PHARMACY LLC,1990,0.880
APRIL MedNet Green August 2026.csv,Green,ASTER PHARMACY 206 BR OF ASTER PHARMACIES GROUP LLC (BURJ DUBAI),DUBAI,ASTER PHARMACY 206 (BR OF ASTER PHARMACIES GROUP LLC),989,0.903
APRIL MedNet Green August 2026.csv,Green,HEALTH FIRST PHARMACY 6,DUBAI,HEALTH FIRST PHARMACY 60,2164,0.979
APRIL MedNet Green August 2026.csv,Green,RAMADA PHARMACY,DUBAI,AMAAN PHARMACY,2176,0.897
APRIL MedNet Green August 2026.csv,Green,AL BARAKA PHARMACY,DUBAI,AL BARAKA PHARMACY LLC,1912,0.900
APRIL MedNet Green August 2026.csv,Green,SULTAN PHARMACY,DUBAI,SULTAN PHARMACY LLC,1079,0.882
APRIL MedNet Green August 2026.csv,Green,AL SHOHOB PHARMACY,DUBAI,AL SHOHOB PHARMACY (LLC),2242,0.900
APRIL MedNet Green August 2026.csv,Green,IBN SINA 42 PHARMACY BR OF IBN SINA GROUP PHARMACIES LLC,DUBAI,IBN SINA 34 PHARMACY(BR OF IBN SINA GROUP PHARMACIES L.L.C),2258,0.965
APRIL MedNet Green August 2026.csv,Green,HEALTH FIRST PHARMACY 5,DUBAI,HEALTH FIRST PHARMACY 45,2157,0.979
APRIL MedNet Green August 2026.csv,Green,AL HIKMA PHARMACY,DUBAI,AL SHIFA PHARMACY,938,0.882
APRIL MedNet Green August 2026.csv,Green,AL IMAN PHARMACY,DUBAI,AL JUMA PHARMACY,945,0.875
APRIL MedNet Green August 2026.csv,Green,AL HAWI PHARMACY,DUBAI,AL RAIS PHARMACY,788,0.875
APRIL MedNet Green August 2026.csv,Green,IBN SINA PHARMACY,DUBAI,IBN SINA PHARMACY 66,2318,0.919
APRIL MedNet Green August 2026.csv,Green,OMAN PHARMACY,DUBAI,AMAAN PHARMACY,2176,0.889
APRIL MedNet Green August 2026.csv,Green,AL MANKHOUL PHARMACY,DUBAI,AL MANKHOOL PHARMACY LLC,1058,0.864
APRIL MedNet Green August 2026.csv,Green,FAJER MIRDIF PHARMACY L.L.C - DUBAI,DUBAI,FAJER MIRDIF PHARMACY L.L.C,1999,0.900
APRIL MedNet Green August 2026.csv,Green,ASTER PHARMACY 160 BR OF ASTER PHARMACIES GROUP LLC - DUBAI,DUBAI,ASTER PHARMACY 160 (BR OF ASTER PHARMACIES GROUP LLC),1000,0.944
APRIL MedNet Green August 2026.csv,Green,PARADISE PLUS PHARMACY LLC,DUBAI,PARADISE PLUS PHARMACY  L L C,1956,0.963
APRIL MedNet Green August 2026.csv,Green,MEDSHOP GARDEN PHARMACY,DUBAI,MEDSHOP GARDENS PHARMACY,984,0.979
APRIL MedNet Green August 2026.csv,Green,BIN SINA PHARMACY,DUBAI,IBN SINA PHARMACY 66,2318,0.865
APRIL MedNet Green August 2026.csv,Green,NEW ADVANCED CARE PHARMACY LLC-ADVANCED CARE GROUP,DUBAI,NEW ADVANCED CARE PHARMACY LLC (ADVANCE CARE GROUP),2095,0.990
APRIL MedNet Green August 2026.csv,Green,I CARE PHARMACY (LLC),DUBAI,LIVE CARE PHARMACY LLC,2000,0.927
APRIL MedNet Green August 2026.csv,Green,EXTRA LIFE PHARMACY,DUBAI,BETTER LIFE PHARMACY,1930,0.872
APRIL MedNet Green August 2026.csv,Green,AL AZHAR PHARMACY,DUBAI,AL RAHA PHARMACY,916,0.909
APRIL MedNet Green August 2026.csv,Green,ASTER PHARMACY 2,DUBAI,ASTER PHARMACY 123,2073,0.941
APRIL MedNet Green August 2026.csv,Green,ADVANCED STAR PHARMACY LLC,DUBAI,ADVANCED STAR PHARMACY DIP,1046,0.885
APRIL MedNet Green August 2026.csv,Green,"FIT FOR LIFE PHARMACY LLC, DUBAI",DUBAI,FIT FOR LIFE PHARMACY LLC,856,0.893
APRIL MedNet Green August 2026.csv,Green,HEALTH FIRST PHARMACY 43,DUBAI,HEALTH FIRST PHARMACY 3,2149,0.979
APRIL MedNet Green August 2026.csv,Green,HEALTH FIRST PHARMACY 29,DUBAI,HEALTH FIRST PHARMACY 2,2144,0.979
APRIL MedNet Green August 2026.csv,Green,ASTER PHARMACY 164 BR OF ASTER PHARMACIES GROUP LLC - DUBAI,DUBAI,ASTER PHARMACY 164 (BR OF ASTER PHARMACIES GROUP LLC),1001,0.944
APRIL MedNet Green August 2026.csv,Green,HEALTH FIRST PHARMACY 3-DUBAI,DUBAI,HEALTH FIRST PHARMACY 3,2149,0.885
APRIL MedNet Green August 2026.csv,Green,ASTER PHARMACY 141 BROF ASTER PHARMACIES GROUP LLC-DUBAI,DUBAI,ASTER PHARMACY 141 (BR OF ASTER PHARMACIES GROUP LLC),967,0.935
APRIL MedNet Green August 2026.csv,Green,HATTA PHARMACY,DUBAI,HATTA PHARMACY LLC,1917,0.875
APRIL MedNet Green August 2026.csv,Green,AL NEEM PHARMACY LLC,DUBAI,AL NASEEM PHARMACY LLC,841,0.952
APRIL MedNet Green August 2026.csv,Green,ASTER PHARMACY 137 BR OF ASTER PHARMACIES GROUP LLC - DUBAI,DUBAI,ASTER PHARMACY 137 (BR OF ASTER PHARMACIES GROUP LLC),952,0.944
APRIL MedNet Green August 2026.csv,Green,NOVITAS PHARMACY LLC- DUBAI,DUBAI,NOVITAS PHARMACY LLC,1965,0.870
APRIL MedNet Green August 2026.csv,Green,UNIQUE CARE PHARMACY LLC - DUBAI,DUBAI,UNIQUE CARE PHARMACY LLC ,1998,0.889
APRIL MedNet Green August 2026.csv,Green,EASTHILL PHARMACY,DUBAI,EAST HILL PHARMACY,854,0.971
APRIL MedNet Green August 2026.csv,Green,FAITHWAY PHARMACY LLC,DUBAI,FAITH WAY PHARMACY L.L.C,831,0.933
APRIL MedNet Green August 2026.csv,Green,MEDICOM 4 (TOWN PHARMACY),DUBAI,ASTER MEDICOM-4(TOWN  PHARMACY),2076,0.885
APRIL MedNet Green August 2026.csv,Green,JUMEIRAH BETTER LIFE PHARMACY,DUBAI,JUMEIRA BETTER LIFE PHARMACY,1933,0.982
APRIL MedNet Green August 2026.csv,Green,ASTER PHARMACY 205 BR OF ASTER PHARMACIES GROUP LLC-DUBAI,DUBAI,ASTER PHARMACY 205 (BR OF ASTER PHARMACIES GROUP LLC),949,0.944
APRIL MedNet Green August 2026.csv,Green,HEALTH FIRST PHARMACY 32,DUBAI,HEALTH FIRST PHARMACY 2,2144,0.979
APRIL MedNet Green August 2026.csv,Green,HEALTH FIRST PHARMACY 7,DUBAI,HEALTH FIRST PHARMACY 37,2153,0.979
APRIL MedNet Green August 2026.csv,Green,AL ZAHRA PHARMACY,DUBAI,AL AHRAM PHARMACY,835,0.941
APRIL MedNet Green August 2026.csv,Green,ASTER PHARMACY 149 BR OF ASTER PHARMACIES GROUP LLC - DUBAI,DUBAI,ASTER PHARMACY 149(BR OF ASTER PHARMACIES GROUP LLC),955,0.944
APRIL MedNet Green August 2026.csv,Green,AL BAIROONI PHARMACY,DUBAI,AL BAIROONI PHARMACY LLC,1909,0.909
APRIL MedNet Green August 2026.csv,Green,MEDICOM 13 (HOME PHARMACY),DUBAI,ASTER MEDICOM-13(HOME PHARMACY),2068,0.889
APRIL MedNet Green August 2026.csv,Green,LULU KARAMA PHARMACY LLC DOCIB,DUBAI,LULU KARAMA PHARMACY LLC,2180,0.889
APRIL MedNet Green August 2026.csv,Green,NEW MANKHOOL PHARMACY,DUBAI,NEW MANKHOOL PHARMACY LLC,1059,0.913
APRIL MedNet Green August 2026.csv,Green,SANA PHARMACY,DUBAI,EHSAN PHARMACY,879,0.889
APRIL MedNet Green August 2026.csv,Green,ASTER PHARMACY 148 (BR OF ASTER PHARMACIES GROUP),DUBAI,ASTER PHARMACY 148(BR OF ASTER PHARMACIES GROUP LLC),965,0.959
APRIL MedNet Green August 2026.csv,Green,HEALTH FIRST PHARMACY 31,DUBAI,HEALTH FIRST PHARMACY 3,2149,0.979
APRIL MedNet Green August 2026.csv,Green,MODERN FAMILY PHARMACY,DUBAI,MODERN FAMILY PHARMACY LLC,1067,0.917
APRIL MedNet Green August 2026.csv,Green,SAMER PHARMACY,DUBAI,SAMARY PHARMACY,1968,0.897
APRIL MedNet Green August 2026.csv,Green,ZABEEL PHARMACY,DUBAI,ZABEEL PHARMACY LLC,998,0.882
APRIL MedNet Green August 2026.csv,Green,ASTER HEALTHCARE HYPER MARKET (BR OF ASTER PHARMACIES GROUP LLC),DUBAI,ASTER HEALTHCARE HYPERMARKET (BR OF ASTER PHARMACIES GROUP LLC),877,0.992
APRIL MedNet Green August 2026.csv,Green,SUPER LIFE PHARMACY,DUBAI,BLUE LIFE PHARMACY,1953,0.865
APRIL MedNet Green August 2026.csv,Green,HEALTH FIRST PHARMACY 27 BR,DUBAI,HEALTH FIRST PHARMACY 2,2144,0.920
APRIL MedNet Green August 2026.csv,Green,"ASTER PHARMACY 113 (Br of Aster Pharmacies Group LLC), DUBAI",DUBAI,ASTER PHARMACY 113 (BR OF ASTER PHARMACIES GROUP LLC),926,0.944
APRIL MedNet Green August 2026.csv,Green,MEDICOM 7 PHARMACY (FLAME PHARMACY),DUBAI,MEDICOM PHARMACY 7 (FLAME PHARMACY),875,0.939
APRIL MedNet Green August 2026.csv,Green,ASTER PHARMACY 143 BR OF ASTER PHARMACIES GROUP-DUBAI,DUBAI,ASTER PHARMACY 143(BR OF ASTER PHARMACIES GROUP LLC),978,0.923
APRIL MedNet Green August 2026.csv,Green,"GRAND INFINITY PHARMACY LLC ,DUBAI",DUBAI,GRAND INFINITY PHARMACY LLC,816,0.900
APRIL MedNet Green August 2026.csv,Green,NOVA ADVANCED CARE PHARMACY LLC-ADVANCED CARE GROUP,DUBAI,NEW ADVANCED CARE PHARMACY LLC (ADVANCE CARE GROUP),2095,0.940
APRIL MedNet Green August 2026.csv,Green,AL NEEM GRAND PHARMACY LLC - DUBAI (AL NEEM GROUP),DUBAI,AL NEEM GRAND PHARMACY L.L.C(AL NEEM GROUP),2089,0.909
APRIL MedNet Green August 2026.csv,Green,ASTER MEDICAL CENTRE PHARMACY AL MUHAISNA BR OF DM HEALTHCARE LLC - DUBAI,DUBAI,ASTER MEDICAL CENTER PHARMACY AL MUHAISNA BR OF DM HEALTHCARE LLC,988,0.941
APRIL MedNet Green August 2026.csv,Green,IBN SINA 73 PHARMACY (BR OF IBN SINA GROUP PHARMACIES),DUBAI,IBN SINA 30 PHARMACY(BR OF IBN SINA GROUP PHARMACIES),2256,0.981
APRIL MedNet Green August 2026.csv,Green,ASTER PHARMACY 110 (BR OF ASTER PHARMACIES GROUP LLC),DUBAI,ASTER PHARMACY110 (BR OF ASTER PHARMACIES GROUP LLC),922,0.990
APRIL MedNet Green August 2026.csv,Green,ASTER GRAND PHARMACY,DUBAI,ASTER RASHID PHARMACY,2056,0.878
APRIL MedNet Green August 2026.csv,Green,SAHARA PHARMACY,DUBAI,SAMARY PHARMACY,1968,0.867
APRIL MedNet Green August 2026.csv,Green,AL RAFEA PHARMACY,DUBAI,AL RAFAH PHARMACY,2004,0.941
APRIL MedNet Green August 2026.csv,Green,MALAK PHARMACY,DUBAI,ALFA PHARMACY,880,0.889
APRIL MedNet Green August 2026.csv,Green,AL NASEEM PHARMACY,DUBAI,AL NASEEM PHARMACY LLC,841,0.900
APRIL MedNet Green August 2026.csv,Green,SAMARI RX PHARMACY BR OF IMARA HEALTH CARE LLC,DUBAI,SAMARI RX PHARMACY (BR OF IMARA HEALTH CARE L.L.C)(IMARA GR),807,0.893
APRIL MedNet Green August 2026.csv,Green,MEDICOM 12(DUBAI CENTURY PHARMACY),DUBAI,ASTER MEDICOM-12(DUBAI CENTURY PHARMACY),2027,0.917
APRIL MedNet Green August 2026.csv,Green,UNICARE STAR PHARMACY,DUBAI,UNICARE STAR PHARMACY-SATWA,1928,0.875
APRIL MedNet Green August 2026.csv,Green,NOOR AL SATWA PHARMACY,DUBAI,NOOR  AL  SATWA  PHARMACY  LLC,1986,0.917
APRIL MedNet Green August 2026.csv,Green,NOOR AL IMAN PHARMACY,DUBAI,NOOR ALMADINA PHARMACY,1970,0.884
APRIL MedNet Green August 2026.csv,Green,ASTER PHARMACY 201 BR OF ASTER PHARMACIES GROUP LLC-DUBAI,DUBAI,ASTER PHARMACY 201 (BR OF ASTER PHARMACIES GROUP LLC),975,0.944
APRIL MedNet Green August 2026.csv,Green,ASTER PHARMACY 98 BRANCH OF ASTER PHARMACY LLC,DUBAI,ASTER PHARMACY 3 (BR OF ASTER PHARMACY L.L.C),904,0.899
APRIL MedNet Green August 2026.csv,Green,UMM HURAIR PHARMACY (BR OF AL SHAFAR PHARMACIES GROUP LLC),DUBAI,DRAGON PHARMACY (BR OF AL SHAFAR PHARMACIES GROUP LLC),897,0.889
APRIL MedNet Green August 2026.csv,Green,AL FAISAL PHARMACY,DUBAI,AL FAISAL PHARMACY LLC,894,0.900
APRIL MedNet Green August 2026.csv,Green,LULU DIBBA PHARMACY LLC DOCIB,FUJAIRAH,LULU DIBBA PHARMACY LLC,2355,0.885
APRIL MedNet Green August 2026.csv,Green,AL SHARQ HOSPITAL PHARMACY FUJAIRAH (AL SHARQ GROUP),FUJAIRAH,AL SHARQ HOSPITAL PHARMACY (AL SHARQ GROUP),2339,0.901
APRIL MedNet Green August 2026.csv,Green,HEALTH FIRST PHARMACY 17,FUJAIRAH,HEALTHFIRST PHARMACY 10,2354,0.936
APRIL MedNet Green August 2026.csv,Green,ASTER PHARMACY 8 BR OF ASTER PHARMACIES GRP LLC-FUJAIRAH,FUJAIRAH,ASTER PHARMACY 8 (BR OF ASTER PHARMACIES GROUP LLC),2337,0.895
APRIL MedNet Green August 2026.csv,Green,TAYBA PHARMACY,FUJAIRAH,TAIBA PHARMACY,1119,0.929
APRIL MedNet Green August 2026.csv,Green,NEXUS PHARMACY LLC - RAK,RAS AL KHAIMAH,NEXUS PHARMACY LLC,1136,0.900
APRIL MedNet Green August 2026.csv,Green,AL NOOR PHARMACY - RAK,RAS AL KHAIMAH,AL NOOR PHARMACY,1137,0.889
APRIL MedNet Green August 2026.csv,Green,NOORA PHARMACY,RAS AL KHAIMAH,AL NOOR PHARMACY,1137,0.867
APRIL MedNet Green August 2026.csv,Green,AL MANARA PHARMACY,RAS AL KHAIMAH,AL AMAN PHARMACY,1138,0.882
APRIL MedNet Green August 2026.csv,Green,ZAHRAT NOOR AL SHEFAA PHARMACY - RAK (AL NEEM GROUP),RAS AL KHAIMAH,ZAHRAT NOOR AL SHEFAA PHARMACY(AL NEEM GROUP),2384,0.957
APRIL MedNet Green August 2026.csv,Green,NOOR AL SHEFAA PHARMACY - RAK (AL NEEM GROUP),RAS AL KHAIMAH,ZAHRAT NOOR AL SHEFAA PHARMACY(AL NEEM GROUP),2384,0.871
APRIL MedNet Green August 2026.csv,Green,AL LULU RAK PHARMACY LLC DOCIB,RAS AL KHAIMAH,AL LULU RAK PHARMACY LLC,2393,0.889
APRIL MedNet Green August 2026.csv,Green,AL KARAMA PHARMACY,RAS AL KHAIMAH,AL AMAN PHARMACY,1138,0.882
APRIL MedNet Green August 2026.csv,Green,RAS AL KAIMAH AL JAZIRA AL HAMRA PHARMACY,RAS AL KHAIMAH,RAS AL KHAIMAH AL JAZIRA AL HAMRA PHARMACY,1157,0.988
APRIL MedNet Green August 2026.csv,Green,AL DUNIA PHARMACY LLC,SHARJAH,AL DUNIA PHARMACY,1223,0.895
APRIL MedNet Green August 2026.csv,Green,NAJMAT ABU SHAGARA PHARMACY-SHJ,SHARJAH,NAJMAT ABU SHAGARA PHARMACY,1219,0.931
APRIL MedNet Green August 2026.csv,Green,LULU AL FALAH PHARMACY LLC DOCIB,SHARJAH,LULU AL FALAH PHARMACY LLC,2535,0.897
APRIL MedNet Green August 2026.csv,Green,AL SHIFA PHARMACY,SHARJAH,AL SAIF PHARMACY,1225,0.909
APRIL MedNet Green August 2026.csv,Green,ASTER PHARMACY 140 (BR OF ASTER PHARMACIES GROUP),SHARJAH,ASTER PHARMACY 121 (BR OF ASTER PHARMACIES GROUP LLC),2498,0.918
APRIL MedNet Green August 2026.csv,Green,ASTER PHARMACY 106-SHARJAH,SHARJAH,ASTER PHARMACY (SHARJAH),1272,0.917
APRIL MedNet Green August 2026.csv,Green,LULU AL NAHDA PHARMACY LLC DOCIB,SHARJAH,LULU AL NAHDA PHARMACY LLC,2536,0.897
APRIL MedNet Green August 2026.csv,Green,AL NAHAR PHARMACY-SHARJAH,SHARJAH,AL AZHAR PHARMACY (SHARJAH),2468,0.960
APRIL MedNet Green August 2026.csv,Green,ASTER PHARMACY 121-SHARJAH-ASTER PHARMACIES GROUP,SHARJAH,ASTER PHARMACY 121 (BR OF ASTER PHARMACIES GROUP LLC),2498,0.860
APRIL MedNet Green August 2026.csv,Green,ASTER PHARMACY 151 - SHARJAH - BR OF ASTER PHARMACIES GROUP LLC,SHARJAH,ASTER PHARMACY 121 (BR OF ASTER PHARMACIES GROUP LLC),2498,0.909
APRIL MedNet Green August 2026.csv,Green,ASTER PHARMACIES GROUP LLC- SHJ BR- BRANCH 3 - SHARJAH,SHARJAH,ASTER PHARMACIES GROUP LLC- SHJ BR - BRANCH 3,1291,0.913
APRIL MedNet Green August 2026.csv,Green,RUKN AL WAHDA PHARMACY,SHARJAH,RKN AL RAHA PHARMACY,1194,0.905
APRIL MedNet Green August 2026.csv,Green,"ZAM ZAM PHARMACY LLC, SHARJAH",SHARJAH,ZAMZAM PHARMACY LLC SHARJAH,2466,0.982
APRIL MedNet Green August 2026.csv,Green,ASTER PHARMACY 139,SHARJAH,ASTER PHARMACY 133,1270,0.944
APRIL MedNet Green August 2026.csv,Green,"HAMAD AL IHTERAFEYA PHARMACY LLC, MAYSLOON(SUNNY PHARMACY)",SHARJAH,HAMAD AL IHTERAFEYA PHARMACY LLC-MAYSLOON SHARJAH,1198,0.895
APRIL MedNet Green August 2026.csv,Green,ASTER PHARMACIES GROUP LLC- SHJ BR- BRANCH 5 - SHARJAH,SHARJAH,ASTER PHARMACIES GROUP LLC- SHJ BR - BRANCH 5,1326,0.913
APRIL MedNet Green August 2026.csv,Green,ASTER PHARMACIES GROUP LLC- SHJ BR- BRANCH 2 - SHARJAH,SHARJAH,ASTER PHARMACIES GROUP LLC -SHJ BR -BRANCH 2,1290,0.913
APRIL MedNet Green August 2026.csv,Green,AL SABAH PHARMACY LLC-(AL NEEM PHARMACY GROUP),SHARJAH,AL SABAH PHARMACY L.L.C(AL NEEM GROUP),2507,0.864
APRIL MedNet Green August 2026.csv,Green,AL NAHDA PHARMACY-SHARJAH,SHARJAH,AL AZHAR PHARMACY (SHARJAH),2468,0.920
APRIL MedNet Green August 2026.csv,Green,AL GHRAIF PHARMACY,SHARJAH,AL SAIF PHARMACY,1225,0.882
APRIL MedNet Green August 2026.csv,Green,HADEQAT AL ROLA PHARMACY LLC-SHARJAH,SHARJAH,HADEQAT AL ROLA PHARMACY LLC,1211,0.875
APRIL MedNet Green August 2026.csv,Green,NAJMAT AL ROLLA PHARMACY LLC - SHARJAH,SHARJAH,NAJMAT AL ROLLA PHARMACY LLC,1221,0.875
APRIL MedNet Green August 2026.csv,Green,SAIF ZONE PHARMACY FZC,SHARJAH,FAITH ZONE PHARMACY FZC,1262,0.889
APRIL MedNet Green August 2026.csv,Green,AL TAQWA PHARMACY LLC,SHARJAH,AL RAWAA PHARMACY LLC,2538,0.905
APRIL MedNet Green August 2026.csv,Green,DAR AL DAWAA PHARMACY,SHARJAH,BAIT AL DAWAA PHARMACY,2515,0.884
APRIL MedNet Green August 2026.csv,Green,AL ITEKAL PHARMACY,SHARJAH,AL ITEKALPHARMACY,1246,0.971
APRIL MedNet Green August 2026.csv,Green,ASTER PHARMACY 125- SHARJAH,SHARJAH,ASTER PHARMACY (SHARJAH),1272,0.917
APRIL MedNet Green August 2026.csv,Green,AL WASL PHARMACY,SHARJAH,AL WAAD PHARMACY,1171,0.875
APRIL MedNet Green August 2026.csv,Green,AL TAJ PHARMACY LLC,SHARJAH,AL MATAR PHARMACY LLC,1350,0.900
APRIL MedNet Green August 2026.csv,Green,AL NABAA PHARMACY,SHARJAH,AL NAHDA PHARMACY,1209,0.882
APRIL MedNet Green August 2026.csv,Green,AL SANA PHARMACY,SHARJAH,AL AHSAN PHARMACY,1226,0.909
APRIL MedNet Green August 2026.csv,Green,AL ELAJ PHARMACY LLC,SHARJAH,AL MEENA PHARMACY LLC,1241,0.878
APRIL MedNet Green August 2026.csv,Green,AL ZAMAN PHARMACY LLC,SHARJAH,AL SAMA PHARMACY LLC,1167,0.927
APRIL MedNet Green August 2026.csv,Green,DOCTORS PHARMACY,SHARJAH,DOCTORS PHARMACY LLC,1234,0.889
APRIL MedNet Green August 2026.csv,Green,REEM AL NAHDA PHARMACY,SHARJAH,REEM AL NAHDAH PHARMACY LLC,1261,0.898
APRIL MedNet Green August 2026.csv,Green,DELMON PHARMACY,SHARJAH,DELMON PHARMACY LLC,1235,0.882
APRIL MedNet Green August 2026.csv,Green,ZAHRAT AL MADINAH PHARMACY LLC - SHARJAH,SHARJAH,ZAHRAT AL MADINAH PHARMACY LLC,1218,0.882
APRIL MedNet Green August 2026.csv,Green,ASTER PHARMACY 108- SHARJAH,SHARJAH,ASTER PHARMACY (SHARJAH),1272,0.917
APRIL MedNet Green August 2026.csv,Green,AL SADIQ PHARMACY,SHARJAH,AL SAIF PHARMACY,1225,0.909
APRIL MedNet Green August 2026.csv,Green,AL AHAD PHARMACY,SHARJAH,AL WAAD PHARMACY,1171,0.938
APRIL MedNet Green August 2026.csv,Green,ASTER PHARMACY,SHARJAH,ASTER PHARMACY 125,1267,0.875
APRIL MedNet Green August 2026.csv,Green,AL AFDHAL PHARMACY - SHARJAH (AL NEEM GROUP),SHARJAH,AL AFDHAL PHARMACY(AL NEEM GROUP),2505,0.889
APRIL MedNet Green August 2026.csv,Green,AL NAS PHARMACY L.L.C - SHARJAH (AL NEEM GROUP),SHARJAH,AL NAS PHARMACY L.L.C(AL NEEM GROUP),2509,0.897
APRIL MedNet Green August 2026.csv,Green,AL WAFA PHARMACY,SHARJAH,AL WAAD PHARMACY,1171,0.938
APRIL MedNet Green August 2026.csv,Green,AL SALAMAH PHARMACY LLC,SHARJAH,AL SAMA PHARMACY LLC,1167,0.930
APRIL MedNet Green August 2026.csv,Green,STARCARE PHARMACY LLC,SHARJAH,STARCARE PHARMACY L L C,2521,0.955
APRIL MedNet Green August 2026.csv,Green,Y A Z PHARMACY L.L.C,DUBAI,Y A Z PHARMACY LLC,799,0.947
APRIL MedNet Green August 2026.csv,Green,GSM GREENS PHARAMCY L.L.C,DUBAI,GSM GREENS PHARMACY LLC,815,0.917
APRIL MedNet Green August 2026.csv,Green,NEW MEDICAL CENTRE PHARMACY LTD SHJ BR BRANCH1,SHARJAH,NEW MEDICAL CENTRE PHARMACY LTD - SHJ.BR - BRANCH 2,2544,0.968
APRIL MedNet Green August 2026.csv,Green,JABAL SINA PHARMACY LLC - AJMAN,AJMAN,JABAL SINA PHARMACY LLC,744,0.885
APRIL MedNet Green August 2026.csv,Green,AL TADAWI SPECIALTY HOSPITAL PHARMACY L.L.C.,DUBAI,CANADIAN SPECIALIST HOSPITAL PHARMACY L.L.C,2110,0.860
APRIL MedNet Green August 2026.csv,Green,MILAN PHARMACY LLC - SHARJAH,SHARJAH,ZAMZAM PHARMACY LLC SHARJAH,2466,0.868
APRIL MedNet Green August 2026.csv,Green,IBN SINA 87 PHARMACY (BR OF IBN SINA GROUP PHARMACIES (L.L.C)),DUBAI,IBN SINA 57 PHARMACY (BR OF IBN SINA GROUP PHARMACIES (L.L.C.)),2274,0.983
APRIL MedNet Green August 2026.csv,Green,AL SHIFA AL KHALEEJI MEDICAL CENTRE- DUBAI,DUBAI,AL SHIFA AL KHALEEJI MEDICAL CENTRE (DEIRA),384,0.927
APRIL MedNet Green August 2026.csv,Green,SHIFA AL JAZEERAH PHARMACY LLC - RAK,RAS AL KHAIMAH,SHIFA AL JAZEERAH PHARMACY LLC,1132,0.938
APRIL MedNet Green August 2026.csv,Green,AL MUSALLA PHARMACY - SHARJAH,SHARJAH,AL MUSALLA PHARMACY(SHJ),1176,0.920
APRIL MedNet Green August 2026.csv,Green,LIFE PHARMACY LLC - BRANCH OF ABU DHABI 14,ABU DHABI,MODERN PHARMACY L.L.C - BRANCH OF ABU DHABI 1,1654,0.867
APRIL MedNet Green August 2026.csv,Green,LIFE PHARMACY LLC - BRANCH OF ABU DHABI 2,ABU DHABI,MODERN PHARMACY L.L.C - BRANCH OF ABU DHABI 2,1655,0.878
APRIL MedNet Green August 2026.csv,Green,NEXT HEALTH PHARMACY - SOLE PROPRIETORSHIP L.L.C,ABU DHABI,NEXTHEALTH PHARMACY - SOLE PROPRIETORSHIP LLC,1579,0.966
APRIL MedNet Green August 2026.csv,Green,AL ASHEERA PHARMACY,DUBAI,AL JAZEERA PHARMACY,2236,0.895
APRIL MedNet Green August 2026.csv,Green,SHEIKH KHALIFA SPECIALITY HOSPITAL PHARMACY-RAK,RAS AL KHAIMAH,SHEIKH KHALIFA SPECIALTY HOSPITAL PHARMACY,1133,0.944
APRIL MedNet Green August 2026.csv,Green,SHEIKH KHALIFA SPECIALITY HOSPITAL PHARMACY-AJMAN,AJMAN,SHEIKH KHALIFA HOSPITAL PHARMACY - AJMAN,682,0.874
APRIL MedNet Green August 2026.csv,Green,SHEIKH KHALIFA MATERNITY AND PEDIATRIC HOSPITAL PHARMACY,AJMAN,SHEIKH KHALIFA MATERNITY AND PEDIATRIC HOSPITAL PHARMACY AJMAN,683,0.949
APRIL MedNet Green August 2026.csv,Green,SHEIKH KHALIFA HOSPITAL MASFOUT PHARMACY,AJMAN,SHEIKH KHALIFA HOSPITAL MASFOUT PHARMACY AJMAN,685,0.930
APRIL MedNet Green August 2026.csv,Green,ASTER PHARMACY 169 BR OF ASTER PHARMACIES GROUP L.L.C,DUBAI,ASTER PHARMACY 166 (BR OF ASTER PHARMACIES GROUP L.L.C),1011,0.981
APRIL MedNet Green August 2026.csv,Green,SHIFA AL JAZEERAH CENTRE PHARMACY LLC SHJ BR,SHARJAH,SHIFA AL JAZEERAH CENTER PHARMACY LLC SHJ BR,1175,0.977
APRIL MedNet Green August 2026.csv,Green,ASTER PHARMACIES GROUP LLC BRANCH ABU DHABI 13 (ASTER GROUP),ABU DHABI,ASTER PHARMACIES GROUP LLC BRANCH  ABUDHABI 13,1600,0.874
APRIL MedNet Green August 2026.csv,Green,ASTER PHARMACIES GROUP L.L.C - BRANCH OF ABU DHABI 14 (ASTER GROUP),ABU DHABI,ASTER PHARMACIES GROUP L.L.C - BRANCH OF ABU DHABI 14,1599,0.895
APRIL MedNet Green August 2026.csv,Green,DRAGON PHARMACY (BR OF ASTER AL SHAFAR PHARMACIES GROUP L.L.C),DUBAI,DRAGON PHARMACY (BR OF ASTER AL SHAFAR PHARMACIES GROUP LLC),1008,0.983
APRIL MedNet Green August 2026.csv,Green,MEDCARE MEDICAL CENTRE BARSHA SOUTH (BR OF MEDCARE HOSPITAL )L.L.C,DUBAI,MEDCARE MEDICAL CENTRE BARSHA SOUTH PHARMACY BR OF MEDCARE HOSPITAL LLC,1009,0.919
APRIL MedNet Green August 2026.csv,Green,IDEAL CLINICAL LABORATORIES,ABU DHABI,IDEAL CLINICAL LABORATORIES-AUH,612,0.931
APRIL MedNet Green August 2026.csv,Green,AIRIS IMAGING AND DIAGNOSTIC CENTER LLC,DUBAI,AIRIS IMAGING AND DIAGNOSTICS CENTER LLC,1901,0.987
APRIL MedNet Green August 2026.csv,Green,MEDINOVA DIAGNOSTIC CENTRE,DUBAI,MEDINOVA DIAGNOSTIC CENTER,1898,0.962
APRIL MedNet Green August 2026.csv,Green,"ASTER IMAGING CENTRE, AL MUTEENA (DM HEALTHCARE)",DUBAI,ASTER IMAGING CENTRE AL MUTEENA BR OF DM HEALTHCARE LLC,619,0.900
APRIL MedNet Green August 2026.csv,Green,BIOHEALTH DIAGNOSTIC CENTER - DUBAI,DUBAI,BIOHEALTH DIAGNOSTIC CENTER,626,0.900
APRIL MedNet Green August 2026.csv,Green,"TRUST MEDICAL LABORATORY, MAMZAR",DUBAI,TRUST MEDICAL LABORATORY,617,0.873
APRIL MedNet Green August 2026.csv,Green,AL SAFWA RADIOLOGY CENTER,SHARJAH,AL SAFWA RADIOLOGY CENTER LLC,628,0.926
APRIL MedNet Green August 2026.csv,Green,LIFENITY INTERNATIONAL CLINICAL LABORATORY LLC - DUBAI,DUBAI,LIFENITY INTERNATIONAL CLINICAL LABORATORY LLC,257,0.939
APRIL MedNet Green August 2026.csv,Green,AL SHIFA UROPI PHARMACY LLC,DUBAI,AL SHIFA UROPI PHARMACY DWC-LLC,1026,0.931
APRIL MedNet Green August 2026.csv,Green,ZEN LIFE PHARMACY CO. L.L.C,DUBAI,ZEN LIFE PHARMACY CO LLC,1906,0.960
APRIL MedNet Green August 2026.csv,Green,ZEN LIFE POLY CLINIC CO. L.L.C,DUBAI,ZEN LIFE POLYCLINIC CO LLC,203,0.945
APRIL MedNet Green August 2026.csv,Green,Aster Pharmacies Group L.L.C - Branch Of Abu Dhabi 16,ABU DHABI,ASTER PHARMACIES GROUP L.L.C- BRANCH OF ABU DHABI 6,1592,0.990
APRIL MedNet Green August 2026.csv,Green,MODERN PHARMACY LLC SOLE PROPRIETORSHIP Branch-01,AJMAN,MODERN PHARMACY L.L.C (SOLE PROPRIETORSHIP)-Branch 01,749,0.980
APRIL MedNet Green August 2026.csv,Green,MODERN PHARMACY LLC (SOLE PROPRIETORSHIP)-Branch 02,AJMAN,MODERN PHARMACY L.L.C (SOLE PROPRIETORSHIP) -Branch 02,750,0.980
APRIL MedNet Green August 2026.csv,Green,MODERN PHARMACY LLC (SOLE PROPRIETORSHIP) Branch 03,AJMAN,MODERN PHARMACY L.L.C (SOLE PROPRIETORSHIP)-Branch 01,749,0.960
APRIL MedNet Green August 2026.csv,Green,MODERN PHARMACY L.L.C (SOLE PROPRIETORSHIP) - Branch-05,AJMAN,MODERN PHARMACY L.L.C (SOLE PROPRIETORSHIP)-Branch 01,749,0.980
APRIL MedNet Green August 2026.csv,Green,MODERN PHARMACY LLC SHJ BR BR 01,SHARJAH,MODERN PHARMACY LLC SHJ BR BR-7,1341,0.952
APRIL MedNet Green August 2026.csv,Green,Modern Pharmacy LLC SHJ BR BR 03,SHARJAH,MODERN PHARMACY L.L.C - SHJ BR -BR 03,1338,0.970
APRIL MedNet Green August 2026.csv,Green,MODERN PHARMACY L.L.C - SHJ BR -BR 04,SHARJAH,MODERN PHARMACY L.L.C - SHJ BR -BR 03,1338,0.971
APRIL MedNet Green August 2026.csv,Green,Modern Pharmacy LLC - Branch,DUBAI,MODERN PHARMACY L.L.C (BRANCH),1082,0.963
APRIL MedNet Green August 2026.csv,Green,Modern Pharmacy LLC - Branch,DUBAI,MODERN PHARMACY L.L.C (BRANCH),1082,0.963
APRIL MedNet Green August 2026.csv,Green,Modern Care Pharmacy LLC,DUBAI,MODERN CARE PHARMACY L.L.C,1087,0.960
APRIL MedNet Green August 2026.csv,Green,LIVERPOOL MEDICAL CLINIC L.L.C,DUBAI,LIVERPOOL MEDICAL CLINIC LLC,410,0.966
APRIL MedNet Green August 2026.csv,Green,GERMAN ADVANCE MEDICAL CENTRE SOLE PROPRIETORSHIP L.L.C,ABU DHABI,GOLDEN CURE MEDICAL CENTRE - SOLE PROPRIETORSHIP L.L.C,596,0.879
APRIL MedNet Green August 2026.csv,Green,ASTER MEDICAL CENTRE ARJAN (BR OF D M HEALTHCARE),DUBAI,ASTER MEDICAL CENTRE ABU HAIL BR OF DM HEALTHCARE,364,0.896
APRIL MedNet Green August 2026.csv,Green,ASTER PHARMACY180 AND CLINIC BR OF ASTER PHARMACIES GROUP LLC Express Clinic,DUBAI,ASTER PHARMACY180 AND CLINIC BR OF ASTER PHARMACIES GROUP LLC,2120,0.891
APRIL MedNet Green August 2026.csv,Green,ASTER MEDICAL CENTRE LIWAN BR OF DM HEALTHCARE LLC,DUBAI,ASTER MEDICAL CENTRE REM RAAM (BR OF D M HEALTHCARE LLC),357,0.885
APRIL MedNet Green August 2026.csv,Green,FAITH JABAL MEDICAL CENTER LLC,DUBAI,FAITH JABAL MEDICAL CENTRE LLC,324,0.967
APRIL MedNet Green August 2026.csv,Green,ALAIN PHARMACY - SOLE PROPRIETORSHIP L.L.C. - BRANCH 11,ABU DHABI,IBN SINA PHARMACY - SOLE PROPRIETORSHIP L.L.C. - BRANCH 1,1745,0.902
APRIL MedNet Green August 2026.csv,Green,NAHEL ALAIN PHARMACY - SOLE PROPRIETORSHIP L.L.C.,ABU DHABI,AMAL PHARMACY - SOLE PROPRIETORSHIP L.L.C,1604,0.894
APRIL MedNet Green August 2026.csv,Green,ALAIN PHARMACY - SOLE PROPRIETORSHIP L.L.C. - BRANCH,ABU DHABI,MUBARAK PHARMACY - SOLE PROPRIETORSHIP L.L.C. - BRANCH,1568,0.917
APRIL MedNet Green August 2026.csv,Green,ALAIN PHARMACY - SOLE PROPRIETORSHIP L.L.C.- BRANCH 7,ABU DHABI,IBN SINA PHARMACY - SOLE PROPRIETORSHIP L.L.C. - BRANCH 7,1750,0.911
APRIL MedNet Green August 2026.csv,Green,ALAIN PHARMACY - SOLE PROPRIETORSHIP L.L.C. - BRANCH 6,ABU DHABI,IBN SINA PHARMACY SOLE PROPRIETORSHIP L.L.C - Branch 6,1759,0.911
APRIL MedNet Green August 2026.csv,Green,ALAIN PHARMACY - SOLE PROPRIETORSHIP L.L.C. - BRANCH 3,ABU DHABI,IBN SINA PHARMACY SOLE PROPRIETORSHIP L.L.C - Branch 3,1757,0.911
APRIL MedNet Green August 2026.csv,Green,ALAIN PHARMACY SOLE PRORIETORSHIP LLC- BRANCH 25,ABU DHABI,IBN SINA PHARMACY - SOLE PROPRIETORSHIP L.L.C - BRANCH 2,1743,0.869
APRIL MedNet Green August 2026.csv,Green,ALAIN PHARMACY - SOLE PROPRIETORSHIP L.L.C. - BRANCH 13,ABU DHABI,IBN SINA PHARMACY - SOLE PROPRIETORSHIP L.L.C. - BRANCH 1,1745,0.902
APRIL MedNet Green August 2026.csv,Green,ALAIN PHARMACY - SOLE PROPRIETORSHIP L.L.C. - BRANCH,ABU DHABI,MUBARAK PHARMACY - SOLE PROPRIETORSHIP L.L.C. - BRANCH,1568,0.917
APRIL MedNet Green August 2026.csv,Green,ALAIN PHARMACY - SOLE PROPRIETORSHIP L.L.C. - BRANCH 8,ABU DHABI,IBN SINA PHARMACY SOLE PROPRIETORSHIP L.L.C BRANCH 18,1761,0.902
APRIL MedNet Green August 2026.csv,Green,ALAIN PHARMACY - SOLE PROPRIETORSHIP L.L.C. - BRANCH 9,ABU DHABI,MUBARAK PHARMACY - SOLE PROPRIETORSHIP L.L.C. - BRANCH,1568,0.898
APRIL MedNet Green August 2026.csv,Green,ALAIN PHARMACY - SOLE PROPRIETORSHIP L.L.C. - BRANCH 12,ABU DHABI,IBN SINA PHARMACY - SOLE PROPRIETORSHIP L.L.C. - BRANCH 12,1747,0.913
APRIL MedNet Green August 2026.csv,Green,ALAIN PHARMACY - SOLE PROPRIETORSHIP L.L.C. - BRANCH,ABU DHABI,MUBARAK PHARMACY - SOLE PROPRIETORSHIP L.L.C. - BRANCH,1568,0.917
APRIL MedNet Green August 2026.csv,Green,ALAIN PHARMACY - SOLE PROPRIETORSHIP L.L.C. - BRANCH 5,ABU DHABI,IBN SINA PHARMACY - SOLE PROPRIETORSHIP L.L.C. - BRANCH 5,1749,0.911
APRIL MedNet Green August 2026.csv,Green,ALAIN PHARMACY - SOLE PROPRIETORSHIP L.L.C. - BRANCH 4,ABU DHABI,IBN SINA PHARMACY SOLE PROPRIETORSHIP L.L.C - Branch 4,1758,0.911
APRIL MedNet Green August 2026.csv,Green,ALAIN PHARMACY - SOLE PROPRIETORSHIP L.L.C. - BRANCH,ABU DHABI,MUBARAK PHARMACY - SOLE PROPRIETORSHIP L.L.C. - BRANCH,1568,0.917
APRIL MedNet Green August 2026.csv,Green,ALAIN PHARMACY - SOLE PROPRIETORSHIP L.L.C. - BRANCH,ABU DHABI,MUBARAK PHARMACY - SOLE PROPRIETORSHIP L.L.C. - BRANCH,1568,0.917
APRIL MedNet Green August 2026.csv,Green,ALAIN PHARMACY - SOLE PROPRIETORSHIP L.L.C. - BRANCH,ABU DHABI,MUBARAK PHARMACY - SOLE PROPRIETORSHIP L.L.C. - BRANCH,1568,0.917
APRIL MedNet Green August 2026.csv,Green,ALAIN PHARMACY - SOLE PROPRIETORSHIP L.L.C. - BRANCH,ABU DHABI,MUBARAK PHARMACY - SOLE PROPRIETORSHIP L.L.C. - BRANCH,1568,0.917
APRIL MedNet Green August 2026.csv,Green,ALAIN PHARMACY - SOLE PROPRIETORSHIP L.L.C.- BRANCH 1,ABU DHABI,IBN SINA PHARMACY - SOLE PROPRIETORSHIP L.L.C. - BRANCH 1,1745,0.911
APRIL MedNet Green August 2026.csv,Green,ALAIN PHARMACY- SOLE PROPRIETORHIP L.L.C.- BRANCH 23,ABU DHABI,IBN SINA PHARMACY - SOLE PROPRIETORSHIP L.L.C - BRANCH 2,1743,0.891
APRIL MedNet Green August 2026.csv,Green,ALAIN PHARMACY- SOLE PROPRIETORHIP L.L.C.- BRANCH 24,ABU DHABI,IBN SINA PHARMACY - SOLE PROPRIETORSHIP L.L.C - BRANCH 2,1743,0.891
APRIL MedNet Green August 2026.csv,Green,ALAIN PHARMACY - SOLE PROPRIETORSHIP L.L.C.- BRANCH 2,ABU DHABI,IBN SINA PHARMACY - SOLE PROPRIETORSHIP L.L.C - BRANCH 2,1743,0.911
APRIL MedNet Green August 2026.csv,Green,APOTEKE PHARMACY - SOLE PROPRIETORSHIP L.L.C.,ABU DHABI,AMAL PHARMACY - SOLE PROPRIETORSHIP L.L.C,1604,0.889
APRIL MedNet Green August 2026.csv,Green,NEW ALAIN PHARMACY - SOLE PROPRIETORSHIP L.L.C. - BRANCH,ABU DHABI,IBN SINA PHARMACY - SOLE PROPRIETORSHIP L.L.C - BRANCH 2,1743,0.893
APRIL MedNet Green August 2026.csv,Green,A P L Pharmacy LLC,DUBAI,APL PHARMACY LLC,1062,0.941
APRIL MedNet Green August 2026.csv,Green,SuperCare Pharmacy L.L.C - Branch Of Abu Dhabi 10,ABU DHABI,MODERN PHARMACY L.L.C - BRANCH OF ABU DHABI 1,1654,0.867
APRIL MedNet Green August 2026.csv,Green,Lifenity International Advanced PolyClinic,DUBAI,LIFENITY INTERNATIONAL ADVANCED POLY CLINIC,255,0.988
APRIL MedNet Green August 2026.csv,Green,MEDPLUS MEDICAL CENTRE LLC,RAS AL KHAIMAH,MEDPLUS MEDICAL CENTER LLC,472,0.962
APRIL MedNet Green August 2026.csv,Green,**AL AIN HOSPITAL PHARMACY,ABU DHABI,AL DHANNAH HOSPITAL PHARMACY,1639,0.885
APRIL MedNet Green August 2026.csv,Green,YOUR CENTER POLYCLINIC L.L.C,DUBAI,YOUR CENTER POLYCLINIC LLC,405,0.963
APRIL MedNet Green August 2026.csv,Green,BRIGHT LIFE MEDICAL CENTER,DUBAI,BRIGHT LIFE MEDICAL CENTER LLC,322,0.929
APRIL MedNet Green August 2026.csv,Green,GOOD WILL CLINIC L.L.C,DUBAI,GOOD WILL CLINIC LLC,323,0.952
APRIL MedNet Green August 2026.csv,Green,GOODWILL PHARMACY L.L.C,DUBAI,GOOD WILL PHARMACY LLC,820,0.933
APRIL MedNet Green August 2026.csv,Green,Bab Al Hayat Pharmacy L L C,DUBAI,BAB AL HAYAT PHARMACY LLC,1979,0.962
APRIL MedNet Green August 2026.csv,Green,BAB AL NOOR PHARMACY L.L.C,DUBAI,BAB AL NOOR PHARMACY LLC,818,0.960
APRIL MedNet Green August 2026.csv,Green,ZAHRAT AL NOOR PHARMACY L.L.C,DUBAI,ZAHRAT AL NOOR PHARMACY LLC,819,0.964
APRIL MedNet Green August 2026.csv,Green,AL YAMAMAH MEDICAL CENTRE-SHARJAH,SHARJAH,AL YAMAMAH MEDICAL CENTRE,547,0.862
APRIL MedNet Green August 2026.csv,Green,ALYA MEDICAL CENTRE L.L.C-RAK,RAS AL KHAIMAH,ALYA MEDICAL CENTRE L.L.C,464,0.926
APRIL MedNet Green August 2026.csv,Green,AL SHEROUQ MEDICAL CENTER,SHARJAH,AL SEYOUH MEDICAL CENTER,557,0.898
APRIL MedNet Green August 2026.csv,Green,NOOR AL SHEFA CLINIC BRANCH 4,DUBAI,"NOOR AL SHEFA CLINIC BRANCH, AL QUOZ",238,0.875
APRIL MedNet Green August 2026.csv,Green,LIFE PHARMACY L.L.C - BRANCH OF ABU DHABI 130,ABU DHABI,MODERN PHARMACY L.L.C - BRANCH OF ABU DHABI 1,1654,0.884
APRIL MedNet Green August 2026.csv,Green,LIFE PHARMACY LLC - BRANCH OF ABU DHABI 17,ABU DHABI,MODERN PHARMACY L.L.C - BRANCH OF ABU DHABI 1,1654,0.867
APRIL MedNet Green August 2026.csv,Green,AL QOUZ CITY STAR POLYCLINIC,DUBAI,AL QUOZ CITY STAR POLYCLINIC,294,0.964
APRIL MedNet Green August 2026.csv,Green,CHARME PHARMACY LLC,DUBAI,VCARE PHARMACY LLC,1926,0.919
APRIL MedNet Green August 2026.csv,Green,MODERN FAMILY CLINIC LLC Branch (Alquoz),DUBAI,MODERN FAMILY CLINIC LLC Branch(Al Quoz),414,0.987
APRIL MedNet Green August 2026.csv,Green,MODERN FAMILY CLINIC LLC Branch (Barsha),DUBAI,MODERN FAMILY CLINIC LLC Branch (Al Barsha),415,0.962
APRIL MedNet Green August 2026.csv,Green,MODERN FAMILY PHARMACY LLC Branch (Barsha),DUBAI,MODERN FAMILY PHARMACY LLC Branch,1068,0.904
APRIL MedNet Green August 2026.csv,Green,MODERN FAMILY PHARMACY LLC Branch (Alquoz),DUBAI,MODERN FAMILY PHARMACY LLC Branch,1068,0.904
APRIL MedNet Green August 2026.csv,Green,MODERN FAMILY PHARMACY LLC SHJ Branch,DUBAI,MODERN FAMILY PHARMACY LLC Branch,1068,0.943
APRIL MedNet Green August 2026.csv,Green,AMSA PHARMACY LLC,DUBAI,AJMAL PHARMACY LLC,797,0.914
APRIL MedNet Green August 2026.csv,Green,BAIT AL SHIFAA PHARMACY,SHARJAH,BAIT AL SHIFA PHARMACY,1165,0.978
APRIL MedNet Green August 2026.csv,Green,LIFE PHARMACY L.L.C - BRANCH OF ABU DHABI 18,ABU DHABI,MODERN PHARMACY L.L.C - BRANCH OF ABU DHABI 1,1654,0.894
APRIL MedNet Green August 2026.csv,Green,LIFE PHARMACY L.L.C - BRANCH OF ABU DHABI 133,ABU DHABI,MODERN PHARMACY L.L.C - BRANCH OF ABU DHABI 1,1654,0.884
APRIL MedNet Green August 2026.csv,Green,LIFE PHARMACY L.L.C - BRANCH OF ABU DHABI 134,ABU DHABI,MODERN PHARMACY L.L.C - BRANCH OF ABU DHABI 1,1654,0.884
APRIL MedNet Green August 2026.csv,Green,LIFE PHARMACY L.L.C - BRANCH OF ABU DHABI 150,ABU DHABI,MODERN PHARMACY L.L.C - BRANCH OF ABU DHABI 1,1654,0.884
APRIL MedNet Green August 2026.csv,Green,LIFE PHARMACY L.L.C - BRANCH OF ABU DHABI 156,ABU DHABI,MODERN PHARMACY L.L.C - BRANCH OF ABU DHABI 1,1654,0.884
APRIL MedNet Green August 2026.csv,Green,LIFE PHARMACY L.L.C - BRANCH OF ABU DHABI 155,ABU DHABI,MODERN PHARMACY L.L.C - BRANCH OF ABU DHABI 1,1654,0.884
APRIL MedNet Green August 2026.csv,Green,LIFE PHARMACY LLC - BRANCH OF ABU DHABI 19,ABU DHABI,MODERN PHARMACY L.L.C - BRANCH OF ABU DHABI 1,1654,0.867
APRIL MedNet Green August 2026.csv,Green,LIFE PHARMACY L.L.C - BRANCH OF ABU DHABI 148,ABU DHABI,MODERN PHARMACY L.L.C - BRANCH OF ABU DHABI 1,1654,0.884
APRIL MedNet Green August 2026.csv,Green,ASCENT ENT SPECIALITY CENTER LLC,DUBAI,ASCENT ENT SPECIALITY CENTRE LLC,432,0.969
APRIL MedNet Green August 2026.csv,Green,SHEIKH KHALIFA ENERGY CLINIC-ADNOC - SKEC,ABU DHABI,SHEIKH KHALIFA ENERGY CLINIC-ADNOC,150,0.932
APRIL MedNet Green August 2026.csv,Green,ZAKUM WEST SUPER COMPLEX (ZWSC) CLINIC,ABU DHABI,ZAKUM WEST SUPER COMPLEX CLINIC,168,0.925
APRIL MedNet Green August 2026.csv,Green,ADC TARIF CENTRAL CLINIC,ABU DHABI,ADC TARIF CENTRAL CAMP CLINIC,1520,0.906
APRIL MedNet Green August 2026.csv,Green,ADNOC ONSHORE MEDICAL CENTER PHARMACY,ABU DHABI,ADNOC ONSHORE MEDICAL CENTRE PHARMACY,1630,0.973
APRIL MedNet Green August 2026.csv,Green,HEALTHGO MEDICAL CENTER LLC,ABU DHABI,HEALTH GO MEDICAL CENTER LLC,597,0.982
APRIL MedNet Green August 2026.csv,Green,HEALTHGO PHARMACY LLC,ABU DHABI,HEALTH GO PHARMACY LLC,1381,0.977
APRIL MedNet Green August 2026.csv,Green,AL RAWAA PHARMACY,SHARJAH,AL WAAD PHARMACY,1171,0.909
APRIL MedNet Green August 2026.csv,Green,ASTER ROYAL CLINIC SPRINGS SOUK (BR OF DM HEALTHCARE (LLC)),DUBAI,ASTER ROYAL CLINIC SPRINGS SOUK PHARMACY BR OF D M HEALTHCARE L L C,1075,0.902
APRIL MedNet Green August 2026.csv,Green,"DR. ISMAIL POLYCLINIC (BRANCH), DEIRA",DUBAI,DR. ISMAIL POLYCLINIC (BRANCH),425,0.900
APRIL MedNet Green August 2026.csv,Green,DR SUNNY MEDICAL CENTRE L.L.C,DUBAI,DR.SUNNY MEDICAL CENTRE JEBEL ALI,328,0.871
APRIL MedNet Green August 2026.csv,Green,AL DHAFRAH PHARMACY LLC,SHARJAH,AL DHAFRAH PHARMACY L.L.C,2522,0.958
APRIL MedNet Green August 2026.csv,Green,LIWA PHARMACY LLC,SHARJAH,ASIA PHARMACY LLC,2502,0.882
APRIL MedNet Green August 2026.csv,Green,MEDICOM PHARMACY 31,DUBAI,MEDICOM PHARMACY 15,2237,0.947
APRIL MedNet Green August 2026.csv,Green,TRUDOC PHARMACY L.L.C,DUBAI,TRU DOC PHARMACY L.L.C,2126,0.977
APRIL MedNet Green August 2026.csv,Green,Aura Medical Center LLC,AJMAN,AURA MEDICAL CENTER L. L.C,37,0.958
APRIL MedNet Green August 2026.csv,Green,Aura Pharmacy LLC,AJMAN,AURA PHARMACY L.LC,716,0.971
APRIL MedNet Green August 2026.csv,Green,STEPS PHARMACY L.L.C - DUBAI,DUBAI,STEPS PHARMACY L.L.C,2121,0.870
APRIL MedNet Green August 2026.csv,Green,JUPITER AL QUSAIS POLY CLINIC L.L.C PHARMACY,DUBAI,JUPITER AL QUSAIS POLYCLINIC L.L.C PHARMACY,1057,0.989
APRIL MedNet Green August 2026.csv,Green,ADVANCED CARE MEDICAL CENTER LLC (BRANCH) AL QOUZ SECOND,DUBAI,ADVANCED CARE MEDICAL CENTER LLC BRANCH-ALQUOZ 2,402,0.902
APRIL MedNet Green August 2026.csv,Green,ADVANCED CARE MEDICAL CENTER LLC BRANCH JEBEL ALI,DUBAI,ADVANCED CARE MEDICAL CENTER LLC BRANCH,403,0.886
APRIL MedNet Green August 2026.csv,Green,JEBAL ALI ADVANCED CARE PHARMACY LLC JEBEL ALI,DUBAI,JEBAL ALI ADVANCED CARE PHARMACY LLC,1050,0.878
APRIL MedNet Green August 2026.csv,Green,ADVANCED CARE MEDICAL CENTER LLC BRANCH AL QUSAIS FIRST,DUBAI,ADVANCED CARE MEDICAL CENTER LLC BRANCH-ALQUOZ 2,402,0.874
APRIL MedNet Green August 2026.csv,Green,DAR AL HAYAT MEDICAL CENTER,UMM AL QUWAIN,DAR AL HAYAT MEDICAL CENTRE LLC,585,0.897
APRIL MedNet Green August 2026.csv,Green,AL SHIFA GENERAL MEDICAL CLINIC-RAS AL KHAIMAH,RAS AL KHAIMAH,AL SHIFA GENERAL MEDICAL CLINIC-RAK,465,0.864
APRIL MedNet Green August 2026.csv,Green,SIKKA DENTAL CLINIC LLC,DUBAI,SIKKA DENTAL CLINIC L.L.C,1894,0.958
APRIL MedNet Green August 2026.csv,Green,OXFORD MEDICAL CENTER L.L.C,DUBAI,AFRIDI MEDICAL CENTER L.L.C,1851,0.889
APRIL MedNet Green August 2026.csv,Green,OXFORD PHARMACY L.L.C,DUBAI,OXFORD PHARMACY LLC,1063,0.950
APRIL MedNet Green August 2026.csv,Green,ALAIN PHARMACY - SOLE PROPRIETORSHIP L.L.C. - BRANCH,ABU DHABI,MUBARAK PHARMACY - SOLE PROPRIETORSHIP L.L.C. - BRANCH,1568,0.917
APRIL MedNet Green August 2026.csv,Green,MEDCARE MEDICAL CENTRE ARABIAN RANCHES 3 PHARMACY BR OF MEDCARE HOSPITAL LLC,DUBAI,MEDCARE MEDICAL CENTRE AL FURJAN WEST PHARMACY BR OF MEDCARE HOSPITAL LLC,1107,0.886
APRIL MedNet Green August 2026.csv,Green,MEDCARE MEDICAL CENTRE THE VALLEY PHARMACY BR OF MEDCARE HOSPITAL L.L.C,DUBAI,MEDCARE MEDICAL CENTRE THE VALLEY (BR OF MEDCARE HOSPITAL (L.L.C)(PHARMACY),2174,0.873
APRIL MedNet Green August 2026.csv,Green,ARDENS MEDICAL CENTER LLC,DUBAI,CARE 7 MEDICAL CENTER LLC ,1876,0.880
APRIL MedNet Green August 2026.csv,Green,ZMC HEALTH CLINIC LLC -DUBAI,DUBAI,ZMC HEALTH CLINIC LLC,1847,0.875
APRIL MedNet Green August 2026.csv,Green,TAIBAH ALAIN PHARMACY - SOLE PROPRIETORSHIP L.L.C. - BRANCH,ABU DHABI,IBN SINA PHARMACY - SOLE PROPRIETORSHIP L.L.C - BRANCH 2,1743,0.887
APRIL MedNet Green August 2026.csv,Green,MEDCARE MEDICAL CENTER NAD AL SHEBA PHARMACY BR OF MEDCARE HOSPITAL LLC,DUBAI,MEDCARE MEDICAL CENTRE BARSHA SOUTH PHARMACY BR OF MEDCARE HOSPITAL LLC,1009,0.873
APRIL MedNet Green August 2026.csv,Green,STANFORD MEDICAL CENTER - SOLE PROPRIETORSHIP L.L.C,ABU DHABI,LAHORE MEDICAL CENTRE-SOLE PROPRIETORSHIP L.L.C,87,0.896
APRIL MedNet Green August 2026.csv,Green,NATIONAL HOSPTAL - SOLE PROPRIETORSHIP L.L.C.,ABU DHABI,NATIONAL HOSPITAL - SOLE PROPRIETORSHIP L.L.C.,1547,0.988
APRIL MedNet Green August 2026.csv,Green,AIRIS IMAGING AND DIAGNOSTIC CENTRE LLC - DIP,DUBAI,AIRIS IMAGING AND DIAGNOSTIC CENTRE LLC,1897,0.951
APRIL MedNet Green August 2026.csv,Green,MEDCARE MEDICAL CENTER JVC PHARMACY BR OF MEDCARE HOSPITAL LLC,DUBAI,MEDCARE MEDICAL CENTRE BARSHA SOUTH PHARMACY BR OF MEDCARE HOSPITAL LLC,1009,0.887
APRIL MedNet Green August 2026.csv,Green,PRIME SPECIALIST MEDICAL CENTRE LLC 2,SHARJAH,RIAZ SPECIALIST MEDICAL CENTER LLC,2446,0.873
APRIL MedNet Green August 2026.csv,Green,BURJEEL RETAIL PHARMACY L.L.C. - BRANCH15,ABU DHABI,BURJEEL RETAIL PHARMACY L.L.C - BRANCH,1699,0.973
APRIL MedNet Green August 2026.csv,Green,MAX CURE MEDICAL CARE CENTER - L.L.C-AUH,ABU DHABI,MAX CURE MEDICAL CARE CENTER-L.L.C,1502,0.944
APRIL MedNet Green August 2026.csv,Green,AL SHAMEEL MEDICAL CENTER - L.L.C,ABU DHABI,AL AMEEN MEDICAL CENTRE L.L.C,1527,0.900
APRIL MedNet Green August 2026.csv,Green,ASTER MEDICAL CENTRE AL JADDAF (Br of D M HEALTHCARE ) L L C,DUBAI,ASTER MEDICAL CENTRE REM RAAM (BR OF D M HEALTHCARE LLC),357,0.865
APRIL MedNet Green August 2026.csv,Green,LLH MEDICAL CENTRE ALNAJDA - L.L.C,ABU DHABI,LLH MEDICAL CENTRE AL NOUD - L.L.C,1537,0.906
APRIL MedNet Classic August 2026.csv,Classic,NMC SPECIALTY HOSPITAL,ABU DHABI,N M C SPECIALTY HOSPITAL LTD,676,0.880
APRIL MedNet Classic August 2026.csv,Classic,LLH HOSPITAL PHARMACY L.L.C./PF1432,ABU DHABI,LLH HOSPITAL PHARMACY L.L.C,1550,0.885
APRIL MedNet Classic August 2026.csv,Classic,***LLH HOSPITAL AL MUSAFFAH LLC,ABU DHABI,LLH HOSPITAL AL MUSAFFAH L.L.C,643,0.966
APRIL MedNet Classic August 2026.csv,Classic,LLH HOSPITAL PHARMACY AL MUSAFFAH/PF1506,ABU DHABI,LLH HOSPITAL PHARMACY AL MUSAFFAH,1549,0.904
APRIL MedNet Classic August 2026.csv,Classic,***NMC SPECIALITY HOSPITAL,ABU DHABI,N M C SPECIALTY HOSPITAL LTD,676,0.863
APRIL MedNet Classic August 2026.csv,Classic,SHEIKH KHALIFA GENERAL HOSPITAL AJMAN,AJMAN,SHEIKH KHALIFA HOSPITAL AJMAN,635,0.879
APRIL MedNet Classic August 2026.csv,Classic,SHEIKH KHALIFA MATERNITY AND PEDIATRIC HOSPITAL,AJMAN,SHEIKH KHALIFA MATERNITY AND PEDIATRIC HOSPITAL AJMAN,636,0.940
APRIL MedNet Classic August 2026.csv,Classic,SHEIKH KHALIFA HOSPITAL MASFOUT,AJMAN,SHEIKH KHALIFA HOSPITAL MASFOUT AJMAN,638,0.912
APRIL MedNet Classic August 2026.csv,Classic,MEDEOR 24 X 7 HOSPITAL LLC,DUBAI,MEDEOR 24X7 HOSPITAL LLC,653,0.960
APRIL MedNet Classic August 2026.csv,Classic,CEDARS JEBEL ALI INTERNATIONAL HOSPITAL - ASTER GROUP,DUBAI,CEDARS JEBEL ALI INTERNATIONAL HOSPITAL,661,0.867
APRIL MedNet Classic August 2026.csv,Classic,SHEIKH KHALIFA SPECIALITY HOSPITAL-RAK,RAS AL KHAIMAH,SHEIKH KHALIFA SPECIALTY HOSPITAL PHARMACY,1133,0.900
APRIL MedNet Classic August 2026.csv,Classic,"BURJEEL SPECIALTY HOSPITAL LLC, SHARJAH (VPS GROUP)",SHARJAH,BURJEEL SPECIALTY HOSPITAL LLC (SHARJAH),2464,0.884
APRIL MedNet Classic August 2026.csv,Classic,SHEIKH KHALIFA GENERAL HOSPITAL,UMM AL QUWAIN,SHEIKH KHALIFA GENERAL HOSPITAL UMQ,2573,0.939
APRIL MedNet Classic August 2026.csv,Classic,NMC ROYAL MEDICAL CENTRE LLC,ABU DHABI,NMC ROYAL MEDICAL CENTRE LTD,1499,0.929
APRIL MedNet Classic August 2026.csv,Classic,TASHAFI2 BR.ALFUTTAIM HEALTHCARE SINGLE PERSON COMPANY LLC,DUBAI,TOTAL CARE CLINIC BR. ALFUTTAIM HEALTHCARE SINGLE PERSON COMPANY LLC,394,0.864
APRIL MedNet Classic August 2026.csv,Classic,AL TADAWI MEDICAL CENTER,DUBAI,AL TAIF MEDICAL CENTRE,296,0.870
APRIL MedNet Classic August 2026.csv,Classic,JTS MEDICAL CENTRE LLC,DUBAI,LOTUS MEDICAL CENTRE LLC,325,0.913
APRIL MedNet Classic August 2026.csv,Classic,AL DEYAFA MEDICAL CENTRE,SHARJAH,AL AFYA MEDICAL CENTRE,500,0.913
APRIL MedNet Classic August 2026.csv,Classic,AL MARIFFA MEDICAL CENTRE,SHARJAH,AL MALIHA MEDICAL CENTRE,562,0.898
APRIL MedNet Classic August 2026.csv,Classic,SARA MEDICAL CENTER,SHARJAH,INARA MEDICAL CENTER,569,0.923
APRIL MedNet Classic August 2026.csv,Classic,AL MINHA MEDICAL CENTRE,SHARJAH,AL MALIHA MEDICAL CENTRE,562,0.936
APRIL MedNet Classic August 2026.csv,Classic,PAKISTAN MEDICAL CENTER - DHCC,DUBAI,PAKISTAN MEDICAL CENTRE,292,0.863
APRIL MedNet Classic August 2026.csv,Classic,MEDICORP GULF MEDICAL CLINIC LLC,DUBAI,MEDICORP GULF MEDICAL CLINIC L.L.C,300,0.970
APRIL MedNet Classic August 2026.csv,Classic,SHEIKH MANAA BIN HASHER AL MAKTOUM POLYCLINIC LLC,DUBAI,SHEIKH MANAA BIN HASHER ALMAKTOUM POLYCLINIC,266,0.946
APRIL MedNet Classic August 2026.csv,Classic,ADAM & EVE SPECIALIZED MEDICAL CENTRE LLC,ABU DHABI,ADAM & EVE SPECIALIZED MEDICAL CENTRE L.L.C,178,0.975
APRIL MedNet Classic August 2026.csv,Classic,GOLDEN TULIP MEDICAL CENTRE LLC,ABU DHABI,GOLDEN TULIP MEDICAL CENTRE L.L.C,124,0.969
APRIL MedNet Classic August 2026.csv,Classic,AL WAHDA MEDICAL CENTER,ABU DHABI,AL WAHDA MEDICAL CENTRE,133,0.957
APRIL MedNet Classic August 2026.csv,Classic,DOCTOR ATIQUR RAHMAN POLYCLINIC,ABU DHABI,DOCTOR ATIQUR RAHMAN POLYCLINIC LLC,180,0.939
APRIL MedNet Classic August 2026.csv,Classic,PESHAWAR MEDICAL CENTRE,ABU DHABI,PESHAWAR MEDICAL CENTRE LLC,85,0.920
APRIL MedNet Classic August 2026.csv,Classic,ABU SALMAN MEDICAL CENTRE,ABU DHABI,ABU SALMAN MEDICAL CENTRE LLC,115,0.926
APRIL MedNet Classic August 2026.csv,Classic,ANSARI MEDICAL CENTRE LLC,ABU DHABI,OASIS MEDICAL CENTRE L.L.C.,146,0.863
APRIL MedNet Classic August 2026.csv,Classic,MUBARAK MEDICAL CENTER,ABU DHABI,MARJAN MEDICAL CENTER,1504,0.884
APRIL MedNet Classic August 2026.csv,Classic,GOLDEN SANDS MEDICAL CENTRE,ABU DHABI,GOLDEN SANDS MEDICAL CENTRE L.L.C,594,0.900
APRIL MedNet Classic August 2026.csv,Classic,OASIS MEDICAL CENTRE,ABU DHABI,OASIS MEDICAL CENTRE L.L.C.,146,0.870
APRIL MedNet Classic August 2026.csv,Classic,AL FARHAN MEDICAL CENTRE,ABU DHABI,AL WAHDA MEDICAL CENTRE,133,0.894
APRIL MedNet Classic August 2026.csv,Classic,BANIYAS AHALIA MEDICAL CENTRE,ABU DHABI,BANIYAS ALAHLI MEDICAL CENTRE LLC,138,0.871
APRIL MedNet Classic August 2026.csv,Classic,MY HEALTH MEDICAL CENTRE LLC,ABU DHABI,HOME HEALTH MEDICAL CENTRE LLC,184,0.931
APRIL MedNet Classic August 2026.csv,Classic,AL RAFA MEDICAL CENTRE LLC,ABU DHABI,AL AMAL MEDICAL CENTRE L.L.C,137,0.889
APRIL MedNet Classic August 2026.csv,Classic,BASEL MEDICAL CENTER,ABU DHABI,DAS MEDICAL CENTER,156,0.895
APRIL MedNet Classic August 2026.csv,Classic,AL KAMAL MEDICAL POLY CLINICS - L.L.C - S.P.C,ABU DHABI,AL KAMAL MEDICAL POLYCLINICS-LLC,189,0.877
APRIL MedNet Classic August 2026.csv,Classic,AMWAJ MEDICAL CENTER,ABU DHABI,ASAB MEDICAL CENTER,176,0.872
APRIL MedNet Classic August 2026.csv,Classic,AL AMEEN MEDICAL CENTRE LLC-BRANCH 1-/MF4058,ABU DHABI,AL AMEEN MEDICAL CENTRE L.L.C BRANCH 1,1528,0.889
APRIL MedNet Classic August 2026.csv,Classic,HOME HEALTH MEDICAL CENTRE,ABU DHABI,HOME HEALTH MEDICAL CENTRE LLC,184,0.929
APRIL MedNet Classic August 2026.csv,Classic,MAX CARE MEDICAL CENTER,ABU DHABI,TOP CARE MEDICAL CENTER,97,0.870
APRIL MedNet Classic August 2026.csv,Classic,LLH MEDICAL CENTRE AL MUSAFFAH LLC,ABU DHABI,LLH MEDICAL CENTRE AL MUSAFFAH L.L.C,89,0.971
APRIL MedNet Classic August 2026.csv,Classic,AL AIN MEDICAL CENTER LLC - AJMAN,AJMAN,AL AIN MEDICAL CENTER LLC,15,0.893
APRIL MedNet Classic August 2026.csv,Classic,"JABAL SINA MEDICAL CENTER LLC , AJMAN",AJMAN,JABAL SINA MEDICAL CENTRE LLC,45,0.875
APRIL MedNet Classic August 2026.csv,Classic,AALIYA MEDICAL CENTRE LLC,AJMAN,AALIYA MEDICAL CENTRE,27,0.913
APRIL MedNet Classic August 2026.csv,Classic,NEW IBIN SINA MEDICAL CENTRE,AJMAN,NEW IBINSINA MEDICAL CENTRE,30,0.982
APRIL MedNet Classic August 2026.csv,Classic,ELAJ MEDICAL CENTRE L.L.C 01 - AJMAN,AJMAN,ELAJ MEDICAL CENTRE L.L.C AJMAN,36,0.954
APRIL MedNet Classic August 2026.csv,Classic,AL GHARAFA MEDICAL CENTER,AJMAN,AL GHARAFA MEDICAL CENTRE,18,0.960
APRIL MedNet Classic August 2026.csv,Classic,IBN SINA MEDICAL CENTRE,AJMAN,IBIN SINA MEDICAL CENTRE,29,0.979
APRIL MedNet Classic August 2026.csv,Classic,AL SHROOQ CLINIC,AJMAN,AL SHROOQ POLYCLINIC,16,0.889
APRIL MedNet Classic August 2026.csv,Classic,ASTER MEDICAL CENTRE SILICON OASIS- DM HEALTHCARE,DUBAI,ASTER MEDICAL CENTER SILICON OASIS (BR OF DM HEALTHCARE (L L C)),2215,0.870
APRIL MedNet Classic August 2026.csv,Classic,ASTER MEDICAL CENTRE ASWAAQ MALL -BR OF D M HEALHTCARE LLC,DUBAI,ASTER MEDICAL CENTRE REM RAAM (BR OF D M HEALTHCARE LLC),357,0.865
APRIL MedNet Classic August 2026.csv,Classic,AL BARSHA AL NOOR POLYCLINIC,DUBAI,AL BARSHA AL NOOR POLY CLINIC,390,0.982
APRIL MedNet Classic August 2026.csv,Classic,ASTER MEDICAL CENTRE AL BARSHA,DUBAI,ASTER MEDICAL CENTRE - ABUHAIL,1818,0.862
APRIL MedNet Classic August 2026.csv,Classic,WE CARE MEDICAL CENTER LLC - DUBAI,DUBAI,WE CARE MEDICAL CENTER L.L.C,1852,0.867
APRIL MedNet Classic August 2026.csv,Classic,MULTI CARE MEDICAL CENTRE LLC,DUBAI,MULTICARE MEDICAL CENTER LLC,250,0.947
APRIL MedNet Classic August 2026.csv,Classic,ASTER MEDICAL CENTRE MUHAISNAH BR OF DM HEALTHCARE,DUBAI,ASTER MEDICAL CENTRE ABU HAIL BR OF DM HEALTHCARE,364,0.909
APRIL MedNet Classic August 2026.csv,Classic,JUPITER ALNAHDA POLY CLINIC,DUBAI,JUPITER AL NAHDA POLYCLINIC LLC,260,0.897
APRIL MedNet Classic August 2026.csv,Classic,"TOTAL CARE CLINIC BR AL FUTTAIM HEALTHCARE SINGLE PERSON COMPANY LLC, AL QOUZ (AL FUTTAIM)",DUBAI,TOTAL CARE CLINIC BR. ALFUTTAIM HEALTHCARE SINGLE PERSON COMPANY LLC,394,0.870
APRIL MedNet Classic August 2026.csv,Classic,ADVANCED CARE MEDICAL CENTER,DUBAI,ADVANCED CARE MEDICAL CENTER L.L.C,396,0.903
APRIL MedNet Classic August 2026.csv,Classic,KARAMA MEDICAL CENTER,DUBAI,KARAMA MEDICAL CENTRE,207,0.952
APRIL MedNet Classic August 2026.csv,Classic,AL KHAIL MEDICAL CENTRE,DUBAI,AL KHAIL MEDICAL CENTER,284,0.957
APRIL MedNet Classic August 2026.csv,Classic,SEKHER MEDICAL CLINIC,DUBAI,SEKHER MEDICAL CLINIC LLC,1788,0.913
APRIL MedNet Classic August 2026.csv,Classic,LOTUS MEDICAL CENTER L.L.C,DUBAI,LOTUS MEDICAL CENTRE LLC,325,0.920
APRIL MedNet Classic August 2026.csv,Classic,"GREEN CITY MEDICAL CENTER LLC (Formerly known as NEW AL MUSALLA MEDICAL CENTER BRANCH, AL QUOZ)",DUBAI,GREEN CITY MEDICAL CENTER L.L.C(FORMERLY NEW AL MUSALLA MEDICAL CENTERE LLC BRANCH),1782,0.862
APRIL MedNet Classic August 2026.csv,Classic,ANAYA MEDICAL CENTER LLC,DUBAI,ANAYA MEDICAL CENTER L.L.C,381,0.960
APRIL MedNet Classic August 2026.csv,Classic,AL RAHIF MEDICAL CLINIC,DUBAI,AL FALAH MEDICAL CLINIC,1787,0.870
APRIL MedNet Classic August 2026.csv,Classic,ASTER MEDICAL CENTRE AL QUSAIS BR OF DM HEALTHCARE,DUBAI,ASTER MEDICAL CENTRE ABU HAIL BR OF DM HEALTHCARE,364,0.909
APRIL MedNet Classic August 2026.csv,Classic,AL WARQA MEDICAL CENTER,DUBAI,AL DHAFRA MEDICAL CENTER,277,0.894
APRIL MedNet Classic August 2026.csv,Classic,AL SHAAB MEDICAL CENTER,DUBAI,AL SHAAB MEDICAL CENTRE,358,0.957
APRIL MedNet Classic August 2026.csv,Classic,MUHAISNA SPECIALIST MEDICAL CENTRE,DUBAI,MUHAISNA SPECIALISTS MEDICAL CENTRE,353,0.986
APRIL MedNet Classic August 2026.csv,Classic,ABRIS MEDICAL CENTRE LLC- DUBAI,DUBAI,ABRIS MEDICAL CENTRE LLC,276,0.889
APRIL MedNet Classic August 2026.csv,Classic,AL RASHIDIYAH PRIVATE POLYCLINIC,DUBAI,AL RASHIDIYAH PVT POLYCLINIC,268,0.933
APRIL MedNet Classic August 2026.csv,Classic,VIDA CLINICS LLC,DUBAI,VIDA CLINIC LLC,264,0.968
APRIL MedNet Classic August 2026.csv,Classic,HARLEY INTERNATIONAL MEDICAL CLINIC,DUBAI,HARLEY INTERNATIONAL MEDICAL CLINIC LLC,317,0.946
APRIL MedNet Classic August 2026.csv,Classic,BADR AL SAMAA MEDICAL CENTRE,DUBAI,BADR AL SAMAAMEDICAL CENTRE,347,0.982
APRIL MedNet Classic August 2026.csv,Classic,AL RAHA MEDICAL CLINIC,DUBAI,AL FALAH MEDICAL CLINIC,1787,0.889
APRIL MedNet Classic August 2026.csv,Classic,JANSONS STAR POLYCLINIC,DUBAI,JANSONS STARS POLYCLINIC,213,0.979
APRIL MedNet Classic August 2026.csv,Classic,UNICARE MEDICAL CENTER,DUBAI,UNICARE MEDICAL CENTRE BRANCH,206,0.863
APRIL MedNet Classic August 2026.csv,Classic,ACCES CLINIC BURDUBAI BR OF DM HEALTHCARE LLC,DUBAI,ASTER GP  CLINIC BUR DUBAI BR OF DM HEALTHCARE LLC,1820,0.894
APRIL MedNet Classic August 2026.csv,Classic,AL SHIFA AL KHALEEJI MEDICAL CENTRE- DUBAI,DUBAI,AL SHIFA AL KHALEEJI MEDICAL CENTRE (DEIRA),384,0.927
APRIL MedNet Classic August 2026.csv,Classic,DR.RADHAKRISHNAN MEDICAL CENTER,DUBAI,DR RADHAKRISHNAN MEDICAL CENTRE LLC,279,0.909
APRIL MedNet Classic August 2026.csv,Classic,DR. KAMKAR MEDICAL & PHYSIOTHERAPY CENTER,DUBAI,DR KAMKAR MEDICAL & PHYSIOTHERAPHY CENTER L.L.C,424,0.916
APRIL MedNet Classic August 2026.csv,Classic,NEW MEDICAL CENTER LLC,DUBAI,MED ONE MEDICAL CENTER LLC,304,0.875
APRIL MedNet Classic August 2026.csv,Classic,DOCTORS CLINIC,DUBAI,DOCTOR'S CLINIC,352,0.966
APRIL MedNet Classic August 2026.csv,Classic,NAIF MEDICAL CENTRE,DUBAI,NAIF MEDICAL CENTER,1872,0.947
APRIL MedNet Classic August 2026.csv,Classic,ZULEKHA MEDICAL CENTER BRANCH,DUBAI,AL KHAIL MEDICAL CENTER BRANCH,285,0.881
APRIL MedNet Classic August 2026.csv,Classic,OMAYA MEDICAL CENTER,DUBAI,ARMADA MEDICAL CENTER,379,0.878
APRIL MedNet Classic August 2026.csv,Classic,AL JAMEELA POLYCLINIC,DUBAI,AL AMAL POLYCLINIC,265,0.872
APRIL MedNet Classic August 2026.csv,Classic,DR. ABDUL LATHEEF'S CLINIC,DUBAI,DR ABDULLA'S CLINIC,338,0.864
APRIL MedNet Classic August 2026.csv,Classic,KARAMA MEDICAL CENTRE (BRANCH-DEIRA),DUBAI,KARAMA MEDICAL CENTRE BR DIP,210,0.871
APRIL MedNet Classic August 2026.csv,Classic,AL SHIFA AL KHALEEJI MEDICAL CENTRE BRANCH LLC,DUBAI,AL SHIFA AL KHALEEJI MEDICAL CENTRE BRANCH LLC (DIP),1827,0.958
APRIL MedNet Classic August 2026.csv,Classic,NOOR AL SHEFA CLINIC BRANCH,DUBAI,"NOOR AL SHEFA CLINIC BRANCH, AL QUOZ",238,0.871
APRIL MedNet Classic August 2026.csv,Classic,AL AZHAR CLINIC- BRANCH (DIP 2),DUBAI,AL AZHAR CLINIC- BRANCH 2 (DIP-2),1767,0.966
APRIL MedNet Classic August 2026.csv,Classic,AL AZHAR CLINIC,DUBAI,AL WAHA CLINIC,406,0.897
APRIL MedNet Classic August 2026.csv,Classic,KARAMA MEDICAL CENTER,DUBAI,KARAMA MEDICAL CENTRE,207,0.952
APRIL MedNet Classic August 2026.csv,Classic,"CARE ONE POLY CLINIC LLC, DUBAI",DUBAI,CARE ONE POLY CLINIC LLC,288,0.889
APRIL MedNet Classic August 2026.csv,Classic,NEW SANAIYA CLINIC BR- HOR AL ANZ,DUBAI,NEW SANAIYA CLINIC - BR HORALANZ,1772,0.968
APRIL MedNet Classic August 2026.csv,Classic,KHALIDHA MEDICAL CENTRE LLC,DUBAI,KHALIDHA MEDICAL CENTRE L.L.C,274,0.964
APRIL MedNet Classic August 2026.csv,Classic,GSM MEDICAL CENTER LLC- DUBAI,DUBAI,GSM MEDICAL CENTER LLC,319,0.880
APRIL MedNet Classic August 2026.csv,Classic,ASTER JEBAL ALI MEDICAL CENTRE,DUBAI,ASTER JEBELALI MEDICAL CENTRE,359,0.949
APRIL MedNet Classic August 2026.csv,Classic,AL AZHAR CLINIC BR- JEBEL ALI,DUBAI,AL AZHAR CLINIC -BRANCH (JABEL ALI),1765,0.900
APRIL MedNet Classic August 2026.csv,Classic,ASTER MEDICAL CENTRE DIP (BR OF D M HEALTHCARE (L L C)),DUBAI,ASTER MEDICAL CENTRE REM RAAM (BR OF D M HEALTHCARE LLC),357,0.876
APRIL MedNet Classic August 2026.csv,Classic,SAMAA MEDICAL CENTRE,DUBAI,KARAMA MEDICAL CENTRE,207,0.878
APRIL MedNet Classic August 2026.csv,Classic,FIDA MEDICAL CENTER,DUBAI,ALDIA MEDICAL CENTER,1858,0.872
APRIL MedNet Classic August 2026.csv,Classic,SIRAJUDEEN MEDICAL CENTER,DUBAI,DR SIRAJUDEEN MEDICAL CENTRE,329,0.906
APRIL MedNet Classic August 2026.csv,Classic,HARLEY INTERNATIONAL MEDICAL CLINIC BRANCH-DUBAI,DUBAI,HARLEY INTERNATIONAL MEDICAL CLINIC BRANCH,318,0.933
APRIL MedNet Classic August 2026.csv,Classic,HMC MEDICAL CENTER LLC,DUBAI,GSM MEDICAL CENTER LLC,319,0.909
APRIL MedNet Classic August 2026.csv,Classic,ADVANCED CARE MEDICAL CENTER BRANCH - ADVANCED CARE GROUP,DUBAI,ADVANCED CARE MEDICAL CENTER BRANCH- DIC (ADVANCE CARE- GROUP),1836,0.956
APRIL MedNet Classic August 2026.csv,Classic,KARAMA MEDICAL CENTRE BR. MUHAISNAH-DUBAI,DUBAI,"KARAMA MEDICAL CENTRE, BR MUHAISNAH",212,0.919
APRIL MedNet Classic August 2026.csv,Classic,ABEER ALNOOR POLYCLINIC L L C Branch,DUBAI,AL NOOR POLYCLINIC L.L.C (BRANCH),1866,0.896
APRIL MedNet Classic August 2026.csv,Classic,GRAND INFINITY MEDICAL CENTER,DUBAI,GRAND INFINITY MEDICAL CENTRE,320,0.966
APRIL MedNet Classic August 2026.csv,Classic,VCARE POLYCLINIC LLC- DUBAI,DUBAI,VCARE POLYCLINIC LLC,205,0.870
APRIL MedNet Classic August 2026.csv,Classic,ABEER AL NOOR POLYCLINIC,DUBAI,ABEER AL NOOR POLY CLINIC,389,0.980
APRIL MedNet Classic August 2026.csv,Classic,CLINICARE SAMARI (BR OF IMARA HEALTHCARE LLC) - DUBAI,DUBAI,CLINICARE SAMARI (BR OF IMARA HEALTH CARE L.L.C)(IMARA GR),1793,0.865
APRIL MedNet Classic August 2026.csv,Classic,AL RASHIDIYAH AL NOOR POLYCLINIC,DUBAI,AL RASHIDIYA AL NOOR POLY CLINIC,388,0.969
APRIL MedNet Classic August 2026.csv,Classic,AL SALEEM POLYCLINIC,DUBAI,SALEEM POLYCLINIC,363,0.919
APRIL MedNet Classic August 2026.csv,Classic,AL AMAL MEDICAL CLINIC,DUBAI,AL FALAH MEDICAL CLINIC,1787,0.889
APRIL MedNet Classic August 2026.csv,Classic,ALLIED MEDICAL CENTRE,DUBAI,ALI MEDICAL CENTRE,280,0.923
APRIL MedNet Classic August 2026.csv,Classic,F M C MEDICAL CENTER L L C,DUBAI,L L H MEDICAL CENTER L.L.C,433,0.885
APRIL MedNet Classic August 2026.csv,Classic,DIBBA MEDICAL CENTRE,FUJAIRAH,DIBBA MEDICAL CENTRE - FUJ,440,0.909
APRIL MedNet Classic August 2026.csv,Classic,AL SHARQ MEDICAL CENTER-AL ETIHAD,FUJAIRAH,AL SHARQ MEDICAL CENTER ETIHAD,448,0.952
APRIL MedNet Classic August 2026.csv,Classic,NORTHERN AL AHLIAH MEDICAL CENTRE-FUJAIRAH-AHALIA GROUP,FUJAIRAH,NORTHERN AL AHLIAH MEDICAL CENTRE (Fujairah),452,0.866
APRIL MedNet Classic August 2026.csv,Classic,FUJAIRAH PORT MEDICAL CENTRE,FUJAIRAH,FUJAIRAH PORT MEDICAL CENTER,447,0.964
APRIL MedNet Classic August 2026.csv,Classic,ASTER MEDICAL CENTRE FUJAIRAH,FUJAIRAH,ASTER MEDICAL CENTRE - FUJAIRAH BR,2325,0.951
APRIL MedNet Classic August 2026.csv,Classic,AL SHARQ MEDICAL CENTRE- DIBBA,FUJAIRAH,AL SHARQ MEDICAL CENTER DIBBA,449,0.966
APRIL MedNet Classic August 2026.csv,Classic,NEXUS MEDICAL CLINIC - RAK,RAS AL KHAIMAH,NEXUS MEDICAL CLINIC,456,0.909
APRIL MedNet Classic August 2026.csv,Classic,RAS AL KHAIMAH MEDICAL CENTER AL NAKHEEL,RAS AL KHAIMAH,RAS AL KHAIMAH MEDICAL CENTERE AL JAZEERA,470,0.889
APRIL MedNet Classic August 2026.csv,Classic,AL GHAIL MEDICAL CENTER LLC - RAK - AL SHAMS GROUP,RAS AL KHAIMAH,AL GHAIL MEDICAL CENTRE LLC(AL- SHAMS GROUP),466,0.932
APRIL MedNet Classic August 2026.csv,Classic,AL HANAN MEDICAL CENTRE,RAS AL KHAIMAH,AL AHLIA MEDICAL CENTRE,467,0.870
APRIL MedNet Classic August 2026.csv,Classic,UNION MEDICAL & DENTAL CENTER,RAS AL KHAIMAH,UNION MEDICAL AND DENTAL CENTRE,457,0.897
APRIL MedNet Classic August 2026.csv,Classic,SPECIALIST'S MEDICAL CENTRE,RAS AL KHAIMAH,SPECIALIST MEDICAL CENTRE,460,0.962
APRIL MedNet Classic August 2026.csv,Classic,AL HUDAIBAH MEDICAL CENTRE,RAS AL KHAIMAH,AL HUDAIBAH MEDICAL CENTER LLC,458,0.893
APRIL MedNet Classic August 2026.csv,Classic,ASTER ABU SHAGHARAH MEDICAL CENTER,SHARJAH,ASTER ABU SHGHARAH MEDICAL CENTER,543,0.985
APRIL MedNet Classic August 2026.csv,Classic,AL DHAID MEDICAL CENTER,SHARJAH,AL DHAID MEDICAL CENTRE,2445,0.957
APRIL MedNet Classic August 2026.csv,Classic,N.M.C MEDICAL CENTER L.L.C SHJ BR.,SHARJAH,NMC MEDICAL CENTER L.L.C SHJ BR.3,2410,0.939
APRIL MedNet Classic August 2026.csv,Classic,PRIME SPECIALIST MEDICAL CENTRE-SHARJAH,SHARJAH,REEM SPECIALIST MEDICAL CENTRE -ROLLA SHARJAH,539,0.867
APRIL MedNet Classic August 2026.csv,Classic,SAHARA MEDICAL CENTRE LLC,SHARJAH,SAHARA MEDICAL CENTRE L.L.C,572,0.962
APRIL MedNet Classic August 2026.csv,Classic,AHLAN MEDICAL CENTER- SHARJAH,SHARJAH,MEGA MEDICAL CENTER-SHARJAH,507,0.873
APRIL MedNet Classic August 2026.csv,Classic,AL SHIFA AL UROPI MEDICAL CENTER,SHARJAH,AL SHIFA AL UROPI MEDICAL CENTER LLC,550,0.941
APRIL MedNet Classic August 2026.csv,Classic,N.M.C MEDICAL CENTER L.L.C SHJ BR.4,SHARJAH,NMC MEDICAL CENTER L.L.C SHJ BR.3,2410,0.941
APRIL MedNet Classic August 2026.csv,Classic,"AL AFDAL MEDICAL CENTER, SHJ",SHARJAH,AL AFDAL MEDICAL CENTER,515,0.920
APRIL MedNet Classic August 2026.csv,Classic,NEW MEDICAL CENTRE,SHARJAH,CARE MEDICAL CENTRE,533,0.865
APRIL MedNet Classic August 2026.csv,Classic,AL KANARY MEDICAL CENTRE,SHARJAH,AL DARARY MEDICAL CENTRE,521,0.917
APRIL MedNet Classic August 2026.csv,Classic,ENJAB MEDICAL CENTER LLC,SHARJAH,RETAJ MEDICAL CENTER LLC,479,0.875
APRIL MedNet Classic August 2026.csv,Classic,ICARE MEDICAL CENTRE,SHARJAH,CARE MEDICAL CENTRE,533,0.974
APRIL MedNet Classic August 2026.csv,Classic,AL FURQAN MEDICAL CENTRE L.L.C,SHARJAH,AL FURQAN MEDICAL CENTRE,2428,0.889
APRIL MedNet Classic August 2026.csv,Classic,"NOOR AL MADINAH MEDICAL CENTER, SHARJAH",SHARJAH,NOOR AL MADINA MEDICAL CENTER,520,0.866
APRIL MedNet Classic August 2026.csv,Classic,AL SHIFA MEDICAL CENTRE,SHARJAH,AL AFYA MEDICAL CENTRE,500,0.889
APRIL MedNet Classic August 2026.csv,Classic,ASTER MEDICAL CENTRE,SHARJAH,YAS MEDICAL CENTRE,560,0.895
APRIL MedNet Classic August 2026.csv,Classic,AL FAIEZ MEDICAL CENTRE,SHARJAH,AL AFYA MEDICAL CENTRE,500,0.889
APRIL MedNet Classic August 2026.csv,Classic,DOCTORS MEDICAL CENTRE,SHARJAH,DOCTORS MEDICAL CENTRE LLC,567,0.917
APRIL MedNet Classic August 2026.csv,Classic,AL AMANAH MEDICAL CENTER,SHARJAH,AL AMANAH MEDICAL CENTER LLC,571,0.923
APRIL MedNet Classic August 2026.csv,Classic,PERFECT MEDICAL CENTER,SHARJAH,PERFECT MEDICAL CENTRE,483,0.955
APRIL MedNet Classic August 2026.csv,Classic,AL SALAM MEDICAL CENTRE,SHARJAH,AL MALIHA MEDICAL CENTRE,562,0.894
APRIL MedNet Classic August 2026.csv,Classic,REEM MEDICAL DIAGNOSTIC CENTRE LLC,SHARJAH,REEM MEDICAL DIAGNOSTIC CENTRE,630,0.938
APRIL MedNet Classic August 2026.csv,Classic,BHATIA MEDICAL CENTER,SHARJAH,BHATIA MEDICAL CENTRE LLC,527,0.870
APRIL MedNet Classic August 2026.csv,Classic,UNICARE MEDICAL CENTRE,SHARJAH,CARE MEDICAL CENTRE,533,0.927
APRIL MedNet Classic August 2026.csv,Classic,MARINA MEDICAL CENTRE,SHARJAH,LIMAR MEDICAL CENTRE,514,0.878
APRIL MedNet Classic August 2026.csv,Classic,N.M.C MEDICAL CENTER L.L.C SHJ BR.2,SHARJAH,NMC MEDICAL CENTER L.L.C SHJ BR.3,2410,0.941
APRIL MedNet Classic August 2026.csv,Classic,REEM SPECALISTS MEDICAL CENTRE.,SHARJAH,SAM SPECIALIST MEDICAL CENTRE,530,0.881
APRIL MedNet Classic August 2026.csv,Classic,MAMPILLY MEDICAL CENTER,SHARJAH,MAMPILLY MEDICAL CENTRE,505,0.957
APRIL MedNet Classic August 2026.csv,Classic,SAIF ZONE MEDICAL CENTRE,SHARJAH,SAIFZONE MEDICAL CENTRE,477,0.979
APRIL MedNet Classic August 2026.csv,Classic,N.M.C MEDICAL CENTER L.L.C SHJ BR.1,SHARJAH,NMC MEDICAL CENTER L.L.C SHJ BR.3,2410,0.941
APRIL MedNet Classic August 2026.csv,Classic,REEM AL NAHDA MEDICAL DIAGNOSTIC CENTRE,SHARJAH,REEM MEDICAL DIAGNOSTIC CENTRE,630,0.870
APRIL MedNet Classic August 2026.csv,Classic,AL JAWDAH MEDICAL CENTRE LLC,SHARJAH,AL DALLAH MEDICAL CENTRE LLC,501,0.893
APRIL MedNet Classic August 2026.csv,Classic,AL BANNA MEDICAL CENTRE,SHARJAH,AL BANNA MEDICAL CENTERE,549,0.979
APRIL MedNet Classic August 2026.csv,Classic,MEDCARE MEDICAL CENTRE,SHARJAH,MEDICARE MEDICAL CENTER,506,0.933
APRIL MedNet Classic August 2026.csv,Classic,AL RAHA MEDICAL CLINIC-SHARJAH,SHARJAH,AL AZHAR MEDICAL CLINIC (SHARJAH),478,0.951
APRIL MedNet Classic August 2026.csv,Classic,AL SHAMS MEDICAL CENTRE,SHARJAH,AL WAHDA MEDICAL CENTRE,482,0.870
APRIL MedNet Classic August 2026.csv,Classic,AL MALIHA MEDICAL CENTER,SHARJAH,AL MALIHA MEDICAL CENTRE,562,0.958
APRIL MedNet Classic August 2026.csv,Classic,FIRST GULF MEDICAL CENTRE,SHARJAH,FIRST GULF MEDICAL CENTRE SHARJAH,565,0.862
APRIL MedNet Classic August 2026.csv,Classic,ZAFARULLAH MEDICAL CENTRE,SHARJAH,ZAFERULLA MEDICAL CENTRE,548,0.939
APRIL MedNet Classic August 2026.csv,Classic,MEDZE CLINIC L.L.C,DUBAI,MEDZE CLINIC LLC,326,0.941
APRIL MedNet Classic August 2026.csv,Classic,MONROE MEDICAL CENTER LLC,DUBAI,MED ONE MEDICAL CENTER LLC,304,0.902
APRIL MedNet Classic August 2026.csv,Classic,SANA HABIB MEDICAL CENTRE - SHARJAH,SHARJAH,SANA HABIB MEDICAL CENTRE,525,0.862
APRIL MedNet Classic August 2026.csv,Classic,AL HANA MEDICAL CENTER LLC,DUBAI,AL HANA MEDICAL CENTER LLC-SATWA,290,0.897
APRIL MedNet Classic August 2026.csv,Classic,BLUE BELL MEDICAL CENTRE LLC,DUBAI,BLUEBELL MEDICAL CENTRE,1808,0.902
APRIL MedNet Classic August 2026.csv,Classic,MINI VM POLYCLINIC,DUBAI,MINI VM POLY CLINIC,232,0.973
APRIL MedNet Classic August 2026.csv,Classic,COSTCARE MEDICAL CENTER,AJMAN,SMART CARE MEDICAL CENTER,1414,0.875
APRIL MedNet Classic August 2026.csv,Classic,AL NEBRAS MEDICAL CENTER LLC,RAS AL KHAIMAH,ALNEBRAS MEDICAL CENTER LLC,2369,0.982
APRIL MedNet Classic August 2026.csv,Classic,YASMED MEDICAL CENTER - UMM AL QUWAIN,UMM AL QUWAIN,AL HAYAT MEDICAL CENTER-UMM AL QUWAIN,582,0.861
APRIL MedNet Classic August 2026.csv,Classic,"ELITE MEDICAL CENTER, SHARJAH",SHARJAH,MEGA MEDICAL CENTER-SHARJAH,507,0.873
APRIL MedNet Classic August 2026.csv,Classic,DR. ISMAIL MEDICAL CENTRE-MUHAISNAH BRANCH,DUBAI,DR.ISMAIL MEDICAL CENTRE-MUHAISINAH II  (BRANCH),1804,0.953
APRIL MedNet Classic August 2026.csv,Classic,"TOTAL CARE CLINIC (BR.ALFUTTAIM HEALTHCARE SINGLE PERSON COMPANY LLC), MUHAISNAH SONAPUR",DUBAI,TOTAL CARE CLINIC BR. ALFUTTAIM HEALTHCARE SINGLE PERSON COMPANY LLC,394,0.882
APRIL MedNet Classic August 2026.csv,Classic,ICARE ALREFFA - DUBAI - BR OF EXCEL HEALTHCARE LLC,DUBAI,ICARE AL REFFA (BR OF EXCEL HEALTHCARE L.L.C),2209,0.899
APRIL MedNet Classic August 2026.csv,Classic,ICARE AL QUASIS(BR OF EXCEL HEALTHCARE LLC),DUBAI,ICARE AL REFFA (BR OF EXCEL HEALTHCARE L.L.C),2209,0.871
APRIL MedNet Classic August 2026.csv,Classic,ANAYA MEDICAL CENTER LLC BRANCH,DUBAI,ANAYA MEDICAL CENTER L.L.C BRANCH,382,0.969
APRIL MedNet Classic August 2026.csv,Classic,NOOR MEDICAL CLINIC,SHARJAH,DOOA  MEDICAL CLINIC,2419,0.895
APRIL MedNet Classic August 2026.csv,Classic,SHIFA AL JAZEERA MEDICAL CENTRE - SHARJAH,SHARJAH,SHIFA AL JAZEERA MEDICAL CENTRE (SHJ),475,0.946
APRIL MedNet Classic August 2026.csv,Classic,DOUBLE CARE MEDICAL CENTER LLC,AJMAN,DOUBLE CARE MEDICAL CENTER L.L.C,1407,0.968
APRIL MedNet Classic August 2026.csv,Classic,REGAL MEDICAL CENTRE - SHARJAH,SHARJAH,MEGA MEDICAL CENTER-SHARJAH,507,0.909
APRIL MedNet Classic August 2026.csv,Classic,NOOR AL SHIFA CLINIC L.L.C.,AJMAN,NOOR AL SHIFA CLINIC LLC,26,0.960
APRIL MedNet Classic August 2026.csv,Classic,MODERN FAMILY CLINIC,DUBAI,MODERN FAMILY CLINIC LLC,413,0.909
APRIL MedNet Classic August 2026.csv,Classic,RETAJ MEDICAL CENTER LLC- RAK,RAS AL KHAIMAH,RETAJ MEDICAL CENTRE LLC,459,0.885
APRIL MedNet Classic August 2026.csv,Classic,ABU DHABI REFINERY CLINIC - ADNOC,ABU DHABI,ABU DHABI REFINERY CLINIC,151,0.893
APRIL MedNet Classic August 2026.csv,Classic,ADAM & EVE SPECIALIZED MEDICAL CENTRE L.L.C. BRANCH/ MF5163,ABU DHABI,ADAM & EVE SPECIALIZED MEDICAL CENTRE L.L.C. - BRANCH,179,0.932
APRIL MedNet Classic August 2026.csv,Classic,HARLEY INTERNATIONAL MEDICAL CLINIC - BARSHA,DUBAI,HARLEY INTERNATIONAL MEDICAL CLINIC BRANCH,318,0.929
APRIL MedNet Classic August 2026.csv,Classic,SHIFA AL JAZEERAH MEDICAL CENTRE - L.L.C 01,AJMAN,SHIFA AL JAZEERAH MEDICAL CENTRE - L.L.C - BRANCH 01,2,0.921
APRIL MedNet Classic August 2026.csv,Classic,GAELAN PHARMACY LLC,SHARJAH,GARDEN PHARMACY LLC,1239,0.895
APRIL MedNet Classic August 2026.csv,Classic,AL MARINA PHARMACY,ABU DHABI,AL RIDA PHARMACY,1607,0.882
APRIL MedNet Classic August 2026.csv,Classic,BRIGHT POINT PHARMACY LLC,ABU DHABI,BRIGHT POINT PHARMACY L.L.C,1377,0.962
APRIL MedNet Classic August 2026.csv,Classic,BURJEEL RETAIL PHARMACY L.L.C - BRANCH 4 / PF1672,ABU DHABI,BURJEEL RETAIL PHARMACY L.L.C - BRANCH,1699,0.889
APRIL MedNet Classic August 2026.csv,Classic,AL AFDAL PHARMACY,ABU DHABI,AL KAMAL PHARMACY,1662,0.882
APRIL MedNet Classic August 2026.csv,Classic,ASTER PHARMACIES GRP LLC-BR-ABUDHABI 1,ABU DHABI,ASTER PHARMACIES GROUP LLC BRANCH  ABUDHABI 13,1600,0.916
APRIL MedNet Classic August 2026.csv,Classic,EASTERN AL AHALIA PHARMACY,ABU DHABI,STAR AL AHALIA PHARMACY,1621,0.898
APRIL MedNet Classic August 2026.csv,Classic,BURJEEL RETAIL PHARMACY L.L.C -BRANCH 6 / PF2536,ABU DHABI,BURJEEL RETAIL PHARMACY L.L.C - BRANCH,1699,0.889
APRIL MedNet Classic August 2026.csv,Classic,BURJEEL RETAIL PHARMACY L.L.C -BRANCH 7 / PF1496,ABU DHABI,BURJEEL RETAIL PHARMACY L.L.C - BRANCH,1699,0.889
APRIL MedNet Classic August 2026.csv,Classic,LIFECARE INTERNATIONAL PHARMACY,ABU DHABI,LIFE CARE INTERNATIONAL PHARMACY L.L.C.,1552,0.899
APRIL MedNet Classic August 2026.csv,Classic,ASTER PHARMACIES GROUP LLC-ABU DHABI 3,ABU DHABI,ASTER PHARMACIES GROUP LLC BRANCH  ABUDHABI 13,1600,0.892
APRIL MedNet Classic August 2026.csv,Classic,AL DAMAN PHARMACY,ABU DHABI,AL KAMAL PHARMACY,1662,0.882
APRIL MedNet Classic August 2026.csv,Classic,BURJEEL RETAIL PHARMACY L.L.C - BRANCH 3 / PF2527,ABU DHABI,BURJEEL RETAIL PHARMACY L.L.C - BRANCH,1699,0.889
APRIL MedNet Classic August 2026.csv,Classic,TOP CARE PHARMACY,ABU DHABI,TOPCARE PHARMACY,1555,0.970
APRIL MedNet Classic August 2026.csv,Classic,BURJEEL RETAIL PHARMACY L.L.C - BRANCH 8 / PF1673,ABU DHABI,BURJEEL RETAIL PHARMACY L.L.C - BRANCH,1699,0.889
APRIL MedNet Classic August 2026.csv,Classic,BURJEEL RETAIL PHARMACY L.L.C - BRANCH 2 / PF1656,ABU DHABI,BURJEEL RETAIL PHARMACY L.L.C - BRANCH,1699,0.889
APRIL MedNet Classic August 2026.csv,Classic,AL ZIA PHARMACY,ABU DHABI,AL RIDA PHARMACY,1607,0.903
APRIL MedNet Classic August 2026.csv,Classic,LAHORE PHARMACY,ABU DHABI,LAHORE PHARMACY LLC,783,0.882
APRIL MedNet Classic August 2026.csv,Classic,BURJEEL RETAIL PHARMACY L.L.C - BRANCH 5 / PF2505,ABU DHABI,BURJEEL RETAIL PHARMACY L.L.C - BRANCH,1699,0.889
APRIL MedNet Classic August 2026.csv,Classic,MODERN DAR ALSHIFA PHARMACY,ABU DHABI,ASTER MODERN DAR AL SHIFA PHARMACY,1590,0.885
APRIL MedNet Classic August 2026.csv,Classic,SMART PHARMACY,ABU DHABI,SWAT PHARMACY,784,0.889
APRIL MedNet Classic August 2026.csv,Classic,NOOR ALAHLI PHARMACY - BRANCH 7,ABU DHABI,NOOR ALAHLI PHARMACY L.L.C. - BRANCH 7,1619,0.906
APRIL MedNet Classic August 2026.csv,Classic,MANSOUR PHARMACY - ABU DHABI/ PF1317,ABU DHABI,MANSOUR PHARMACY ABU DHABI,1557,0.881
APRIL MedNet Classic August 2026.csv,Classic,LIFECARE INTERNATIONAL PHARMACY LLC-BRANCH 1-PF2581,ABU DHABI,LIFE CARE INTERNATIONAL PHARMACY LLC - BRANCH 1,1553,0.917
APRIL MedNet Classic August 2026.csv,Classic,ASTER PHARMACIES GROUP L.L.C- BRANCH OF ABU DHABI 8-PF3004,ABU DHABI,ASTER PHARMACIES GROUP L.L.C- BRANCH OF ABU DHABI 8,1587,0.935
APRIL MedNet Classic August 2026.csv,Classic,MODERN DAR ALSHIFA PHARMACY,ABU DHABI,ASTER MODERN DAR AL SHIFA PHARMACY,1590,0.885
APRIL MedNet Classic August 2026.csv,Classic,MADINA ZAYED AHALIA PHARMACY,ABU DHABI,MADINA ZAYED AL AHLIYYA  PHARMACY,1611,0.900
APRIL MedNet Classic August 2026.csv,Classic,HEALTH PLUS PHARMACY L L C,ABU DHABI,HEALTH POINT PHARMACY L.L.C.,1578,0.868
APRIL MedNet Classic August 2026.csv,Classic,HEALTH FIRST PHARMACY-BRANCH 13,ABU DHABI,HEALTH FIRST PHARMACY LLC - BRANCH 13,1684,0.939
APRIL MedNet Classic August 2026.csv,Classic,ASTER PHARMACIES GROUP LLC-BRANCH OF ABU DHABI 4,ABU DHABI,ASTER PHARMACIES GROUP  LLC- BRANCH OF ABUDHABI 4,1593,0.989
APRIL MedNet Classic August 2026.csv,Classic,HEALTH FIRST PHARMACY-BRANCH 12,ABU DHABI,HEALTH FIRST PHARMACY LLC BRANCH 12,1685,0.939
APRIL MedNet Classic August 2026.csv,Classic,LOTUS PHARMACY LLC,ABU DHABI,LOTUS PHARMACY L.L.C,1376,0.947
APRIL MedNet Classic August 2026.csv,Classic,AL MADAR MEDICAL CENTER PHARMACY,ABU DHABI,DAS MEDICAL CENTER PHARMACY,1632,0.881
APRIL MedNet Classic August 2026.csv,Classic,AL RODA PHARMACY LLC,ABU DHABI,AL ZIA PHARMACY LLC,782,0.872
APRIL MedNet Classic August 2026.csv,Classic,HEALTH FIRST PHARMACY-BRANCH 14,ABU DHABI,HEALTH FIRST PHARMACY LLC BRANCH 4,1690,0.923
APRIL MedNet Classic August 2026.csv,Classic,ASTER PHARMACIES GROUP LLC- BRANCH OF ABUDHABI 2,ABU DHABI,ASTER PHARMACIES GROUP LLC- BRANCH OF ABU DHABI 2,1588,0.989
APRIL MedNet Classic August 2026.csv,Classic,SAD PHARMACY,ABU DHABI,SARHAD PHARMACY,1559,0.889
APRIL MedNet Classic August 2026.csv,Classic,ASTER PHARMACIES GROUP LLC- BRANCH OF ABU DHABI 7,ABU DHABI,ASTER PHARMACIES GROUP L.L.C- BRANCH OF ABU DHABI 7,1594,0.980
APRIL MedNet Classic August 2026.csv,Classic,BURJEEL RETAIL PHARMACY L.L.C - BRANCH 11 / PF1481,ABU DHABI,BURJEEL RETAIL PHARMACY L.L.C - BRANCH,1699,0.878
APRIL MedNet Classic August 2026.csv,Classic,"ROYAL INTERNATIONAL PHARMACY, MAFRAQ",ABU DHABI,ROYAL INTERNATIONAL PHARMACY,1677,0.889
APRIL MedNet Classic August 2026.csv,Classic,BURJEEL RETAIL PHARMACY L.L.C - BRANCH 1 / PF2952,ABU DHABI,BURJEEL RETAIL PHARMACY L.L.C - BRANCH,1699,0.889
APRIL MedNet Classic August 2026.csv,Classic,NOOR ALAHLI PHARMACY - BRANCH 2,ABU DHABI,NOOR ALAHLI PHARMACY L.L.C. - BRANCH 2,1614,0.906
APRIL MedNet Classic August 2026.csv,Classic,AL MARINA PHARMACY BRANCH,ABU DHABI,AL MARINA PHARMACY LLC - BRANCH 1,1723,0.893
APRIL MedNet Classic August 2026.csv,Classic,ZANBAQ AL MADINA PHARMACY LLC,ABU DHABI,ZANBAQ AL MADINA PHARMACY L.L.C,1372,0.967
APRIL MedNet Classic August 2026.csv,Classic,BURJEEL RETAIL PHARMACY L.L.C - BRANCH 13 / PF2896,ABU DHABI,BURJEEL RETAIL PHARMACY L.L.C - BRANCH,1699,0.878
APRIL MedNet Classic August 2026.csv,Classic,GRAND PHARMACY,AJMAN,NEW GRAND PHARMACY,717,0.875
APRIL MedNet Classic August 2026.csv,Classic,BUSTAN PHARMACY,AJMAN,AL BUSTAN PHARMACY,1435,0.909
APRIL MedNet Classic August 2026.csv,Classic,AL SWAN PHARMACY,AJMAN,AL BUSTAN PHARMACY,1435,0.882
APRIL MedNet Classic August 2026.csv,Classic,AL ZAMAN PHARMACY LLC - (AL NEEM PHARMACY GROUP),AJMAN,AL ZAMAN PHARMACY L.L.C(AL NEEM GROUP),1432,0.864
APRIL MedNet Classic August 2026.csv,Classic,RIGHT HEALTH PHARMACY JURF2 LLC,AJMAN,RIGHT HEALTH PHARMACY JURF LLC,687,0.984
APRIL MedNet Classic August 2026.csv,Classic,AL SHIFA PHARMACY,AJMAN,AL SHIFA PHARMACY(AJM),727,0.895
APRIL MedNet Classic August 2026.csv,Classic,EMIRATES PHARMACY,AJMAN,EMIRATES PHARMACY(AJM),726,0.895
APRIL MedNet Classic August 2026.csv,Classic,AMINA HOSPITAL PHARMACY LLC,AJMAN,AMINA HOSPITAL PHARMACY,730,0.920
APRIL MedNet Classic August 2026.csv,Classic,ARABIAN PHARMACY,AJMAN,ARABIAN PHARMACY(AJM),728,0.889
APRIL MedNet Classic August 2026.csv,Classic,ASTER PHARMACY,AJMAN,ASTER PHARMACY 159,1429,0.875
APRIL MedNet Classic August 2026.csv,Classic,SANA PHARMACY LLC,AJMAN,JANAH PHARMACY LLC,759,0.914
APRIL MedNet Classic August 2026.csv,Classic,AL NEEM PHARMACY,AJMAN,AL NAJEM PHARMACY,711,0.909
APRIL MedNet Classic August 2026.csv,Classic,GALAXY PHARMACY LLC - AJMAN,AJMAN,GALAXY PHARMACY LLC,701,0.864
APRIL MedNet Classic August 2026.csv,Classic,ASTER PHARMACY 163 BR OF ASTER PHARMACIES GROUP LLC - AJMAN,AJMAN,ASTER PHARMACY 163 BR OF ASTER PHARMACIES GROUP LLC,722,0.944
APRIL MedNet Classic August 2026.csv,Classic,ELAJ MEDICAL CENTRE PHARMACY L.L.C 01 - AJMAN,AJMAN,ELAJ MEDICAL CENTRE PHARMACY L.L.C 01,714,0.925
APRIL MedNet Classic August 2026.csv,Classic,ELAJ MEDICAL CENTRE PHARMACY LLC,AJMAN,ELAJ MEDICAL CENTRE PHARMACY L.L.C 01,714,0.928
APRIL MedNet Classic August 2026.csv,Classic,ASTER PHARMACY 159 (BR OF ASTER PHARMACIES GROUP LLC) - AJMAN,AJMAN,ASTER PHARMACY 159 BR OF ASTER PHARMACIES GROUP LLC,724,0.944
APRIL MedNet Classic August 2026.csv,Classic,ASTER PHARMACY 154 (BR OF ASTER PHARMACIES GROUP LLC) - AJMAN,AJMAN,ASTER PHARMACY 154 (BR OF ASTER PHARMACIES GROUP LLC),723,0.944
APRIL MedNet Classic August 2026.csv,Classic,ASTER PHARMACY 161 BR OF ASTER PHARMACIES GROUP LLC - DUBAI,DUBAI,ASTER PHARMACY 161 (BR OF ASTER PHARMACIES GROUP LLC),1002,0.944
APRIL MedNet Classic August 2026.csv,Classic,ASTER PHARMACY 134,DUBAI,ASTER PHARMACY 123,2073,0.944
APRIL MedNet Classic August 2026.csv,Classic,LULU BARSHA PHARMACY LLC DOCIB,DUBAI,LULU BARSHA PHARMACY LLC,2178,0.889
APRIL MedNet Classic August 2026.csv,Classic,HEALTH FIRST PHARMACY 47 BRANCH OF HEALTH FIRST INVESTMENT LLC,DUBAI,HEALTH FIRST PHARMACY 65 (Br. OF HEALTH FIRST INVESTMENT L.L.C),2231,0.918
APRIL MedNet Classic August 2026.csv,Classic,ASTER PHARMACY 145 (BR OF ASTER PHARMACIES GROUP),DUBAI,ASTER PHARMACY 145(BR OF ASTER PHARMACIES GROUP LLC),972,0.959
APRIL MedNet Classic August 2026.csv,Classic,MULTI CARE PHARMACY LLC,DUBAI,MULTICARE PHARMACY LLC,1981,0.978
APRIL MedNet Classic August 2026.csv,Classic,NEW AL QOUZ PHARMACY,DUBAI,NEW AL QUOZ PHARMACY,936,0.950
APRIL MedNet Classic August 2026.csv,Classic,ACCESS PHARMACY BR OF ASTER PHARMACIES GROUP LLC-ASTER GROUP,DUBAI,ACCESS PHARMACY (BR OF ASTER PHARMACIES GROUP LLC),1053,0.889
APRIL MedNet Classic August 2026.csv,Classic,HEALTH FIRST PHARMACY 8,DUBAI,HEALTH FIRST PHARMACY 38,2154,0.979
APRIL MedNet Classic August 2026.csv,Classic,AL NEEM GREEN PHARMACY LLC - DUBAI (AL NEEM GROUP),DUBAI,AL NEEM GREEN PHARMACY L.L.C(AL NEEM GROUP),2088,0.909
APRIL MedNet Classic August 2026.csv,Classic,MUSALAH AL QUOZE PHARMACY,DUBAI,MUSALAH AL QUOZE PHARMACY LLC,1980,0.926
APRIL MedNet Classic August 2026.csv,Classic,"LOTUS PHARMACY LLC, DXB",DUBAI,LOTUS PHARMACY LLC,823,0.900
APRIL MedNet Classic August 2026.csv,Classic,LULU CENTER PHARMACY DOCIB,DUBAI,LULU CENTER PHARMACY LLC,2179,0.880
APRIL MedNet Classic August 2026.csv,Classic,ASTER PHARMACY 142 (BR OF ASTER PHARMACIES GROUP),DUBAI,ASTER PHARMACY 142 (BR OF ASTER PHARMACIES GROUP LLC),964,0.959
APRIL MedNet Classic August 2026.csv,Classic,ASTER PHARMACY 101 BR OF ASTER PHARMACIES GROUP LLC,DUBAI,ASTER PHARMACY101(BR OF ASTER PHARMACIES GROUP LLC),881,0.990
APRIL MedNet Classic August 2026.csv,Classic,ASTER PHARMACY 112 BR OF ASTER PHARMACIES GROUP LLC-ASTER GR,DUBAI,ASTER PHARMACY 112 (BR OF ASTER PHARMACIES GROUP LLC),929,0.919
APRIL MedNet Classic August 2026.csv,Classic,ASTER PHARMACY 202 (BR OF ASTER PHARMACIES GROUP),DUBAI,ASTER PHARMACY 202 (BR OF ASTER PHARMACIES GROUP LLC),886,0.959
APRIL MedNet Classic August 2026.csv,Classic,VITA CARE PHARMACY LLC,DUBAI,VITACARE PHARMACY LLC,795,0.977
APRIL MedNet Classic August 2026.csv,Classic,EHSAAN PHARMACY,DUBAI,EHSAN PHARMACY,879,0.966
APRIL MedNet Classic August 2026.csv,Classic,PANORAMA RX PHARMACY BR OF IMARA HEALTH CARE LLC,DUBAI,PANORAMA RX PHARMACY (BR OF IMARA HEALTH CARE L.L.C)(IMARA GR),808,0.897
APRIL MedNet Classic August 2026.csv,Classic,ASTER PHARMACY 120 BR OF ASTER PHARMACIES GROUP LLC-DUBAI,DUBAI,ASTER PHARMACY 120 (BR OF ASTER PHARMACIES GROUP LLC),872,0.944
APRIL MedNet Classic August 2026.csv,Classic,ASTER PHARMACY 157 BR OF ASTER PHARMACIES GROUP LLC-DUBAI,DUBAI,ASTER PHARMACY 157(BR OF ASTER PHARMACIES GROUP LLC),950,0.944
APRIL MedNet Classic August 2026.csv,Classic,NEW AL NEEM PHARMACY LLC-AL NEEM GROUP,DUBAI,NEW AL NEEM PHARMACY L.L.C ( AL NEEM GROUP),2087,0.974
APRIL MedNet Classic August 2026.csv,Classic,RX PHARMACY,DUBAI,MVR PHARMACY,1978,0.870
APRIL MedNet Classic August 2026.csv,Classic,ASIA PHARMACY,DUBAI,ASMA PHARMACY,885,0.923
APRIL MedNet Classic August 2026.csv,Classic,NICE LIFE PHARMACY ( BR OF ASTER PHARMACIES GROUP LLC) - DUBAI,DUBAI,NICE LIFE PHARMACY (BR OF ASTER PHARMACIES GROUP LLC),987,0.944
APRIL MedNet Classic August 2026.csv,Classic,RAMADA PHARMACY,DUBAI,AMAAN PHARMACY,2176,0.897
APRIL MedNet Classic August 2026.csv,Classic,ASTER PHARMACY 147 BR OF ASTER PHARMACIES GROUP LLC-DR. MOOPENS,DUBAI,ASTER PHARMACY 147 (BR OF ASTER PHARMACIES GROUP LLC),883,0.903
APRIL MedNet Classic August 2026.csv,Classic,ASTER AL SHAFAR PHARMACY (form. LAMCY PHARMACY),DUBAI,ASTER AL SHAFAR PHARMACY (FORMELY KNOWN AS LAMCY PHARMACY),919,0.880
APRIL MedNet Classic August 2026.csv,Classic,AL GHUBAIBA PHARMACY,DUBAI,AL GHUBAIBA PHARMACY LLC,1962,0.909
APRIL MedNet Classic August 2026.csv,Classic,ASTER PHARMACY 1,DUBAI,ASTER PHARMACY 185,1106,0.941
APRIL MedNet Classic August 2026.csv,Classic,AL ANBER PHARMACY,DUBAI,AL JABRI PHARMACY,1908,0.882
APRIL MedNet Classic August 2026.csv,Classic,ROYAL PHARMACY,DUBAI,RALS PHARMACY,1952,0.889
APRIL MedNet Classic August 2026.csv,Classic,ASTER DAY SURGERY CENTRE PHARMACY LLC,DUBAI,ASTER DAY SURGERY CENTRE PHARMACY - MANKHOOL,1021,0.886
APRIL MedNet Classic August 2026.csv,Classic,AL MUSALLAH PHARMACY,DUBAI,AL MUSALLA PHARMACY,918,0.974
APRIL MedNet Classic August 2026.csv,Classic,ASTER PHARMACY 146 (BR OF ASTER PHARMACIES GROUP),DUBAI,ASTER PHARMACY 146(BR OF ASTER PHARMACIES GROUP LLC),957,0.959
APRIL MedNet Classic August 2026.csv,Classic,ASTER PHARMACY 138 (BR OF ASTER PHARMACIES GRP) LLC-DR MOOPE,DUBAI,ASTER PHARMACY 138 (BR OF ASTER PHARMACIES GROUP LLC),911,0.899
APRIL MedNet Classic August 2026.csv,Classic,ASTER AL HAYAT PHARMACY BR OF ASTER PHARMACIES GROUP-DUBAI,DUBAI,ASTER AL HAYAT PHARMACY(BR OF ASTER PHARMACIES GROUP LLC),963,0.930
APRIL MedNet Classic August 2026.csv,Classic,"ROCK STAR PHARMACY LLC, DUBAI",DUBAI,ROCK STAR PHARMACY LLC,1990,0.880
APRIL MedNet Classic August 2026.csv,Classic,ASTER PHARMACY 206 BR OF ASTER PHARMACIES GROUP LLC (BURJ DUBAI),DUBAI,ASTER PHARMACY 206 (BR OF ASTER PHARMACIES GROUP LLC),989,0.903
APRIL MedNet Classic August 2026.csv,Classic,HEALTH FIRST PHARMACY 6,DUBAI,HEALTH FIRST PHARMACY 60,2164,0.979
APRIL MedNet Classic August 2026.csv,Classic,RAMADA PHARMACY,DUBAI,AMAAN PHARMACY,2176,0.897
APRIL MedNet Classic August 2026.csv,Classic,AL BARAKA PHARMACY,DUBAI,AL BARAKA PHARMACY LLC,1912,0.900
APRIL MedNet Classic August 2026.csv,Classic,SULTAN PHARMACY,DUBAI,SULTAN PHARMACY LLC,1079,0.882
APRIL MedNet Classic August 2026.csv,Classic,AL SHOHOB PHARMACY,DUBAI,AL SHOHOB PHARMACY (LLC),2242,0.900
APRIL MedNet Classic August 2026.csv,Classic,IBN SINA 42 PHARMACY BR OF IBN SINA GROUP PHARMACIES LLC,DUBAI,IBN SINA 34 PHARMACY(BR OF IBN SINA GROUP PHARMACIES L.L.C),2258,0.965
APRIL MedNet Classic August 2026.csv,Classic,HEALTH FIRST PHARMACY 5,DUBAI,HEALTH FIRST PHARMACY 45,2157,0.979
APRIL MedNet Classic August 2026.csv,Classic,AL HIKMA PHARMACY,DUBAI,AL SHIFA PHARMACY,938,0.882
APRIL MedNet Classic August 2026.csv,Classic,AL IMAN PHARMACY,DUBAI,AL JUMA PHARMACY,945,0.875
APRIL MedNet Classic August 2026.csv,Classic,AL HAWI PHARMACY,DUBAI,AL RAIS PHARMACY,788,0.875
APRIL MedNet Classic August 2026.csv,Classic,IBN SINA PHARMACY,DUBAI,IBN SINA PHARMACY 66,2318,0.919
APRIL MedNet Classic August 2026.csv,Classic,OMAN PHARMACY,DUBAI,AMAAN PHARMACY,2176,0.889
APRIL MedNet Classic August 2026.csv,Classic,AL MANKHOUL PHARMACY,DUBAI,AL MANKHOOL PHARMACY LLC,1058,0.864
APRIL MedNet Classic August 2026.csv,Classic,FAJER MIRDIF PHARMACY L.L.C - DUBAI,DUBAI,FAJER MIRDIF PHARMACY L.L.C,1999,0.900
APRIL MedNet Classic August 2026.csv,Classic,ASTER PHARMACY 160 BR OF ASTER PHARMACIES GROUP LLC - DUBAI,DUBAI,ASTER PHARMACY 160 (BR OF ASTER PHARMACIES GROUP LLC),1000,0.944
APRIL MedNet Classic August 2026.csv,Classic,PARADISE PLUS PHARMACY LLC,DUBAI,PARADISE PLUS PHARMACY  L L C,1956,0.963
APRIL MedNet Classic August 2026.csv,Classic,MEDSHOP GARDEN PHARMACY,DUBAI,MEDSHOP GARDENS PHARMACY,984,0.979
APRIL MedNet Classic August 2026.csv,Classic,BIN SINA PHARMACY,DUBAI,IBN SINA PHARMACY 66,2318,0.865
APRIL MedNet Classic August 2026.csv,Classic,NEW ADVANCED CARE PHARMACY LLC-ADVANCED CARE GROUP,DUBAI,NEW ADVANCED CARE PHARMACY LLC (ADVANCE CARE GROUP),2095,0.990
APRIL MedNet Classic August 2026.csv,Classic,I CARE PHARMACY (LLC),DUBAI,LIVE CARE PHARMACY LLC,2000,0.927
APRIL MedNet Classic August 2026.csv,Classic,EXTRA LIFE PHARMACY,DUBAI,BETTER LIFE PHARMACY,1930,0.872
APRIL MedNet Classic August 2026.csv,Classic,AL AZHAR PHARMACY,DUBAI,AL RAHA PHARMACY,916,0.909
APRIL MedNet Classic August 2026.csv,Classic,ASTER PHARMACY 2,DUBAI,ASTER PHARMACY 123,2073,0.941
APRIL MedNet Classic August 2026.csv,Classic,ADVANCED STAR PHARMACY LLC,DUBAI,ADVANCED STAR PHARMACY DIP,1046,0.885
APRIL MedNet Classic August 2026.csv,Classic,"FIT FOR LIFE PHARMACY LLC, DUBAI",DUBAI,FIT FOR LIFE PHARMACY LLC,856,0.893
APRIL MedNet Classic August 2026.csv,Classic,HEALTH FIRST PHARMACY 43,DUBAI,HEALTH FIRST PHARMACY 3,2149,0.979
APRIL MedNet Classic August 2026.csv,Classic,HEALTH FIRST PHARMACY 29,DUBAI,HEALTH FIRST PHARMACY 2,2144,0.979
APRIL MedNet Classic August 2026.csv,Classic,ASTER PHARMACY 164 BR OF ASTER PHARMACIES GROUP LLC - DUBAI,DUBAI,ASTER PHARMACY 164 (BR OF ASTER PHARMACIES GROUP LLC),1001,0.944
APRIL MedNet Classic August 2026.csv,Classic,HEALTH FIRST PHARMACY 3-DUBAI,DUBAI,HEALTH FIRST PHARMACY 3,2149,0.885
APRIL MedNet Classic August 2026.csv,Classic,ASTER PHARMACY 141 BROF ASTER PHARMACIES GROUP LLC-DUBAI,DUBAI,ASTER PHARMACY 141 (BR OF ASTER PHARMACIES GROUP LLC),967,0.935
APRIL MedNet Classic August 2026.csv,Classic,HATTA PHARMACY,DUBAI,HATTA PHARMACY LLC,1917,0.875
APRIL MedNet Classic August 2026.csv,Classic,AL NEEM PHARMACY LLC,DUBAI,AL NASEEM PHARMACY LLC,841,0.952
APRIL MedNet Classic August 2026.csv,Classic,ASTER PHARMACY 137 BR OF ASTER PHARMACIES GROUP LLC - DUBAI,DUBAI,ASTER PHARMACY 137 (BR OF ASTER PHARMACIES GROUP LLC),952,0.944
APRIL MedNet Classic August 2026.csv,Classic,NOVITAS PHARMACY LLC- DUBAI,DUBAI,NOVITAS PHARMACY LLC,1965,0.870
APRIL MedNet Classic August 2026.csv,Classic,UNIQUE CARE PHARMACY LLC - DUBAI,DUBAI,UNIQUE CARE PHARMACY LLC ,1998,0.889
APRIL MedNet Classic August 2026.csv,Classic,EASTHILL PHARMACY,DUBAI,EAST HILL PHARMACY,854,0.971
APRIL MedNet Classic August 2026.csv,Classic,FAITHWAY PHARMACY LLC,DUBAI,FAITH WAY PHARMACY L.L.C,831,0.933
APRIL MedNet Classic August 2026.csv,Classic,MEDICOM 4 (TOWN PHARMACY),DUBAI,ASTER MEDICOM-4(TOWN  PHARMACY),2076,0.885
APRIL MedNet Classic August 2026.csv,Classic,JUMEIRAH BETTER LIFE PHARMACY,DUBAI,JUMEIRA BETTER LIFE PHARMACY,1933,0.982
APRIL MedNet Classic August 2026.csv,Classic,ASTER PHARMACY 205 BR OF ASTER PHARMACIES GROUP LLC-DUBAI,DUBAI,ASTER PHARMACY 205 (BR OF ASTER PHARMACIES GROUP LLC),949,0.944
APRIL MedNet Classic August 2026.csv,Classic,HEALTH FIRST PHARMACY 32,DUBAI,HEALTH FIRST PHARMACY 2,2144,0.979
APRIL MedNet Classic August 2026.csv,Classic,HEALTH FIRST PHARMACY 7,DUBAI,HEALTH FIRST PHARMACY 37,2153,0.979
APRIL MedNet Classic August 2026.csv,Classic,AL ZAHRA PHARMACY,DUBAI,AL AHRAM PHARMACY,835,0.941
APRIL MedNet Classic August 2026.csv,Classic,ASTER PHARMACY 149 BR OF ASTER PHARMACIES GROUP LLC - DUBAI,DUBAI,ASTER PHARMACY 149(BR OF ASTER PHARMACIES GROUP LLC),955,0.944
APRIL MedNet Classic August 2026.csv,Classic,AL BAIROONI PHARMACY,DUBAI,AL BAIROONI PHARMACY LLC,1909,0.909
APRIL MedNet Classic August 2026.csv,Classic,MEDICOM 13 (HOME PHARMACY),DUBAI,ASTER MEDICOM-13(HOME PHARMACY),2068,0.889
APRIL MedNet Classic August 2026.csv,Classic,LULU KARAMA PHARMACY LLC DOCIB,DUBAI,LULU KARAMA PHARMACY LLC,2180,0.889
APRIL MedNet Classic August 2026.csv,Classic,NEW MANKHOOL PHARMACY,DUBAI,NEW MANKHOOL PHARMACY LLC,1059,0.913
APRIL MedNet Classic August 2026.csv,Classic,SANA PHARMACY,DUBAI,EHSAN PHARMACY,879,0.889
APRIL MedNet Classic August 2026.csv,Classic,ASTER PHARMACY 148 (BR OF ASTER PHARMACIES GROUP),DUBAI,ASTER PHARMACY 148(BR OF ASTER PHARMACIES GROUP LLC),965,0.959
APRIL MedNet Classic August 2026.csv,Classic,HEALTH FIRST PHARMACY 31,DUBAI,HEALTH FIRST PHARMACY 3,2149,0.979
APRIL MedNet Classic August 2026.csv,Classic,MODERN FAMILY PHARMACY,DUBAI,MODERN FAMILY PHARMACY LLC,1067,0.917
APRIL MedNet Classic August 2026.csv,Classic,SAMER PHARMACY,DUBAI,SAMARY PHARMACY,1968,0.897
APRIL MedNet Classic August 2026.csv,Classic,ZABEEL PHARMACY,DUBAI,ZABEEL PHARMACY LLC,998,0.882
APRIL MedNet Classic August 2026.csv,Classic,ASTER HEALTHCARE HYPER MARKET (BR OF ASTER PHARMACIES GROUP LLC),DUBAI,ASTER HEALTHCARE HYPERMARKET (BR OF ASTER PHARMACIES GROUP LLC),877,0.992
APRIL MedNet Classic August 2026.csv,Classic,SUPER LIFE PHARMACY,DUBAI,BLUE LIFE PHARMACY,1953,0.865
APRIL MedNet Classic August 2026.csv,Classic,HEALTH FIRST PHARMACY 27 BR,DUBAI,HEALTH FIRST PHARMACY 2,2144,0.920
APRIL MedNet Classic August 2026.csv,Classic,"ASTER PHARMACY 113 (Br of Aster Pharmacies Group LLC), DUBAI",DUBAI,ASTER PHARMACY 113 (BR OF ASTER PHARMACIES GROUP LLC),926,0.944
APRIL MedNet Classic August 2026.csv,Classic,MEDICOM 7 PHARMACY (FLAME PHARMACY),DUBAI,MEDICOM PHARMACY 7 (FLAME PHARMACY),875,0.939
APRIL MedNet Classic August 2026.csv,Classic,ASTER PHARMACY 143 BR OF ASTER PHARMACIES GROUP-DUBAI,DUBAI,ASTER PHARMACY 143(BR OF ASTER PHARMACIES GROUP LLC),978,0.923
APRIL MedNet Classic August 2026.csv,Classic,"GRAND INFINITY PHARMACY LLC ,DUBAI",DUBAI,GRAND INFINITY PHARMACY LLC,816,0.900
APRIL MedNet Classic August 2026.csv,Classic,NOVA ADVANCED CARE PHARMACY LLC-ADVANCED CARE GROUP,DUBAI,NEW ADVANCED CARE PHARMACY LLC (ADVANCE CARE GROUP),2095,0.940
APRIL MedNet Classic August 2026.csv,Classic,AL NEEM GRAND PHARMACY LLC - DUBAI (AL NEEM GROUP),DUBAI,AL NEEM GRAND PHARMACY L.L.C(AL NEEM GROUP),2089,0.909
APRIL MedNet Classic August 2026.csv,Classic,ASTER MEDICAL CENTRE PHARMACY AL MUHAISNA BR OF DM HEALTHCARE LLC - DUBAI,DUBAI,ASTER MEDICAL CENTER PHARMACY AL MUHAISNA BR OF DM HEALTHCARE LLC,988,0.941
APRIL MedNet Classic August 2026.csv,Classic,IBN SINA 73 PHARMACY (BR OF IBN SINA GROUP PHARMACIES),DUBAI,IBN SINA 30 PHARMACY(BR OF IBN SINA GROUP PHARMACIES),2256,0.981
APRIL MedNet Classic August 2026.csv,Classic,ASTER PHARMACY 110 (BR OF ASTER PHARMACIES GROUP LLC),DUBAI,ASTER PHARMACY110 (BR OF ASTER PHARMACIES GROUP LLC),922,0.990
APRIL MedNet Classic August 2026.csv,Classic,ASTER GRAND PHARMACY,DUBAI,ASTER RASHID PHARMACY,2056,0.878
APRIL MedNet Classic August 2026.csv,Classic,SAHARA PHARMACY,DUBAI,SAMARY PHARMACY,1968,0.867
APRIL MedNet Classic August 2026.csv,Classic,AL RAFEA PHARMACY,DUBAI,AL RAFAH PHARMACY,2004,0.941
APRIL MedNet Classic August 2026.csv,Classic,MALAK PHARMACY,DUBAI,ALFA PHARMACY,880,0.889
APRIL MedNet Classic August 2026.csv,Classic,AL NASEEM PHARMACY,DUBAI,AL NASEEM PHARMACY LLC,841,0.900
APRIL MedNet Classic August 2026.csv,Classic,SAMARI RX PHARMACY BR OF IMARA HEALTH CARE LLC,DUBAI,SAMARI RX PHARMACY (BR OF IMARA HEALTH CARE L.L.C)(IMARA GR),807,0.893
APRIL MedNet Classic August 2026.csv,Classic,MEDICOM 12(DUBAI CENTURY PHARMACY),DUBAI,ASTER MEDICOM-12(DUBAI CENTURY PHARMACY),2027,0.917
APRIL MedNet Classic August 2026.csv,Classic,UNICARE STAR PHARMACY,DUBAI,UNICARE STAR PHARMACY-SATWA,1928,0.875
APRIL MedNet Classic August 2026.csv,Classic,NOOR AL SATWA PHARMACY,DUBAI,NOOR  AL  SATWA  PHARMACY  LLC,1986,0.917
APRIL MedNet Classic August 2026.csv,Classic,NOOR AL IMAN PHARMACY,DUBAI,NOOR ALMADINA PHARMACY,1970,0.884
APRIL MedNet Classic August 2026.csv,Classic,ASTER PHARMACY 201 BR OF ASTER PHARMACIES GROUP LLC-DUBAI,DUBAI,ASTER PHARMACY 201 (BR OF ASTER PHARMACIES GROUP LLC),975,0.944
APRIL MedNet Classic August 2026.csv,Classic,ASTER PHARMACY 98 BRANCH OF ASTER PHARMACY LLC,DUBAI,ASTER PHARMACY 3 (BR OF ASTER PHARMACY L.L.C),904,0.899
APRIL MedNet Classic August 2026.csv,Classic,UMM HURAIR PHARMACY (BR OF AL SHAFAR PHARMACIES GROUP LLC),DUBAI,DRAGON PHARMACY (BR OF AL SHAFAR PHARMACIES GROUP LLC),897,0.889
APRIL MedNet Classic August 2026.csv,Classic,AL FAISAL PHARMACY,DUBAI,AL FAISAL PHARMACY LLC,894,0.900
APRIL MedNet Classic August 2026.csv,Classic,LULU DIBBA PHARMACY LLC DOCIB,FUJAIRAH,LULU DIBBA PHARMACY LLC,2355,0.885
APRIL MedNet Classic August 2026.csv,Classic,AL SHARQ HOSPITAL PHARMACY FUJAIRAH (AL SHARQ GROUP),FUJAIRAH,AL SHARQ HOSPITAL PHARMACY (AL SHARQ GROUP),2339,0.901
APRIL MedNet Classic August 2026.csv,Classic,HEALTH FIRST PHARMACY 17,FUJAIRAH,HEALTHFIRST PHARMACY 10,2354,0.936
APRIL MedNet Classic August 2026.csv,Classic,ASTER PHARMACY 8 BR OF ASTER PHARMACIES GRP LLC-FUJAIRAH,FUJAIRAH,ASTER PHARMACY 8 (BR OF ASTER PHARMACIES GROUP LLC),2337,0.895
APRIL MedNet Classic August 2026.csv,Classic,TAYBA PHARMACY,FUJAIRAH,TAIBA PHARMACY,1119,0.929
APRIL MedNet Classic August 2026.csv,Classic,NEXUS PHARMACY LLC - RAK,RAS AL KHAIMAH,NEXUS PHARMACY LLC,1136,0.900
APRIL MedNet Classic August 2026.csv,Classic,AL NOOR PHARMACY - RAK,RAS AL KHAIMAH,AL NOOR PHARMACY,1137,0.889
APRIL MedNet Classic August 2026.csv,Classic,NOORA PHARMACY,RAS AL KHAIMAH,AL NOOR PHARMACY,1137,0.867
APRIL MedNet Classic August 2026.csv,Classic,AL MANARA PHARMACY,RAS AL KHAIMAH,AL AMAN PHARMACY,1138,0.882
APRIL MedNet Classic August 2026.csv,Classic,ZAHRAT NOOR AL SHEFAA PHARMACY - RAK (AL NEEM GROUP),RAS AL KHAIMAH,ZAHRAT NOOR AL SHEFAA PHARMACY(AL NEEM GROUP),2384,0.957
APRIL MedNet Classic August 2026.csv,Classic,NOOR AL SHEFAA PHARMACY - RAK (AL NEEM GROUP),RAS AL KHAIMAH,ZAHRAT NOOR AL SHEFAA PHARMACY(AL NEEM GROUP),2384,0.871
APRIL MedNet Classic August 2026.csv,Classic,AL LULU RAK PHARMACY LLC DOCIB,RAS AL KHAIMAH,AL LULU RAK PHARMACY LLC,2393,0.889
APRIL MedNet Classic August 2026.csv,Classic,AL KARAMA PHARMACY,RAS AL KHAIMAH,AL AMAN PHARMACY,1138,0.882
APRIL MedNet Classic August 2026.csv,Classic,RAS AL KAIMAH AL JAZIRA AL HAMRA PHARMACY,RAS AL KHAIMAH,RAS AL KHAIMAH AL JAZIRA AL HAMRA PHARMACY,1157,0.988
APRIL MedNet Classic August 2026.csv,Classic,AL DUNIA PHARMACY LLC,SHARJAH,AL DUNIA PHARMACY,1223,0.895
APRIL MedNet Classic August 2026.csv,Classic,NAJMAT ABU SHAGARA PHARMACY-SHJ,SHARJAH,NAJMAT ABU SHAGARA PHARMACY,1219,0.931
APRIL MedNet Classic August 2026.csv,Classic,LULU AL FALAH PHARMACY LLC DOCIB,SHARJAH,LULU AL FALAH PHARMACY LLC,2535,0.897
APRIL MedNet Classic August 2026.csv,Classic,AL SHIFA PHARMACY,SHARJAH,AL SAIF PHARMACY,1225,0.909
APRIL MedNet Classic August 2026.csv,Classic,ASTER PHARMACY 140 (BR OF ASTER PHARMACIES GROUP),SHARJAH,ASTER PHARMACY 121 (BR OF ASTER PHARMACIES GROUP LLC),2498,0.918
APRIL MedNet Classic August 2026.csv,Classic,ASTER PHARMACY 106-SHARJAH,SHARJAH,ASTER PHARMACY (SHARJAH),1272,0.917
APRIL MedNet Classic August 2026.csv,Classic,LULU AL NAHDA PHARMACY LLC DOCIB,SHARJAH,LULU AL NAHDA PHARMACY LLC,2536,0.897
APRIL MedNet Classic August 2026.csv,Classic,AL NAHAR PHARMACY-SHARJAH,SHARJAH,AL AZHAR PHARMACY (SHARJAH),2468,0.960
APRIL MedNet Classic August 2026.csv,Classic,ASTER PHARMACY 121-SHARJAH-ASTER PHARMACIES GROUP,SHARJAH,ASTER PHARMACY 121 (BR OF ASTER PHARMACIES GROUP LLC),2498,0.860
APRIL MedNet Classic August 2026.csv,Classic,ASTER PHARMACY 151 - SHARJAH - BR OF ASTER PHARMACIES GROUP LLC,SHARJAH,ASTER PHARMACY 121 (BR OF ASTER PHARMACIES GROUP LLC),2498,0.909
APRIL MedNet Classic August 2026.csv,Classic,ASTER PHARMACIES GROUP LLC- SHJ BR- BRANCH 3 - SHARJAH,SHARJAH,ASTER PHARMACIES GROUP LLC- SHJ BR - BRANCH 3,1291,0.913
APRIL MedNet Classic August 2026.csv,Classic,RUKN AL WAHDA PHARMACY,SHARJAH,RKN AL RAHA PHARMACY,1194,0.905
APRIL MedNet Classic August 2026.csv,Classic,"ZAM ZAM PHARMACY LLC, SHARJAH",SHARJAH,ZAMZAM PHARMACY LLC SHARJAH,2466,0.982
APRIL MedNet Classic August 2026.csv,Classic,ASTER PHARMACY 139,SHARJAH,ASTER PHARMACY 133,1270,0.944
APRIL MedNet Classic August 2026.csv,Classic,"HAMAD AL IHTERAFEYA PHARMACY LLC, MAYSLOON(SUNNY PHARMACY)",SHARJAH,HAMAD AL IHTERAFEYA PHARMACY LLC-MAYSLOON SHARJAH,1198,0.895
APRIL MedNet Classic August 2026.csv,Classic,ASTER PHARMACIES GROUP LLC- SHJ BR- BRANCH 5 - SHARJAH,SHARJAH,ASTER PHARMACIES GROUP LLC- SHJ BR - BRANCH 5,1326,0.913
APRIL MedNet Classic August 2026.csv,Classic,ASTER PHARMACIES GROUP LLC- SHJ BR- BRANCH 2 - SHARJAH,SHARJAH,ASTER PHARMACIES GROUP LLC -SHJ BR -BRANCH 2,1290,0.913
APRIL MedNet Classic August 2026.csv,Classic,AL SABAH PHARMACY LLC-(AL NEEM PHARMACY GROUP),SHARJAH,AL SABAH PHARMACY L.L.C(AL NEEM GROUP),2507,0.864
APRIL MedNet Classic August 2026.csv,Classic,AL NAHDA PHARMACY-SHARJAH,SHARJAH,AL AZHAR PHARMACY (SHARJAH),2468,0.920
APRIL MedNet Classic August 2026.csv,Classic,AL GHRAIF PHARMACY,SHARJAH,AL SAIF PHARMACY,1225,0.882
APRIL MedNet Classic August 2026.csv,Classic,HADEQAT AL ROLA PHARMACY LLC-SHARJAH,SHARJAH,HADEQAT AL ROLA PHARMACY LLC,1211,0.875
APRIL MedNet Classic August 2026.csv,Classic,NAJMAT AL ROLLA PHARMACY LLC - SHARJAH,SHARJAH,NAJMAT AL ROLLA PHARMACY LLC,1221,0.875
APRIL MedNet Classic August 2026.csv,Classic,SAIF ZONE PHARMACY FZC,SHARJAH,FAITH ZONE PHARMACY FZC,1262,0.889
APRIL MedNet Classic August 2026.csv,Classic,AL TAQWA PHARMACY LLC,SHARJAH,AL RAWAA PHARMACY LLC,2538,0.905
APRIL MedNet Classic August 2026.csv,Classic,DAR AL DAWAA PHARMACY,SHARJAH,BAIT AL DAWAA PHARMACY,2515,0.884
APRIL MedNet Classic August 2026.csv,Classic,AL ITEKAL PHARMACY,SHARJAH,AL ITEKALPHARMACY,1246,0.971
APRIL MedNet Classic August 2026.csv,Classic,ASTER PHARMACY 125- SHARJAH,SHARJAH,ASTER PHARMACY (SHARJAH),1272,0.917
APRIL MedNet Classic August 2026.csv,Classic,AL WASL PHARMACY,SHARJAH,AL WAAD PHARMACY,1171,0.875
APRIL MedNet Classic August 2026.csv,Classic,AL TAJ PHARMACY LLC,SHARJAH,AL MATAR PHARMACY LLC,1350,0.900
APRIL MedNet Classic August 2026.csv,Classic,AL NABAA PHARMACY,SHARJAH,AL NAHDA PHARMACY,1209,0.882
APRIL MedNet Classic August 2026.csv,Classic,AL SANA PHARMACY,SHARJAH,AL AHSAN PHARMACY,1226,0.909
APRIL MedNet Classic August 2026.csv,Classic,AL ELAJ PHARMACY LLC,SHARJAH,AL MEENA PHARMACY LLC,1241,0.878
APRIL MedNet Classic August 2026.csv,Classic,AL ZAMAN PHARMACY LLC,SHARJAH,AL SAMA PHARMACY LLC,1167,0.927
APRIL MedNet Classic August 2026.csv,Classic,DOCTORS PHARMACY,SHARJAH,DOCTORS PHARMACY LLC,1234,0.889
APRIL MedNet Classic August 2026.csv,Classic,REEM AL NAHDA PHARMACY,SHARJAH,REEM AL NAHDAH PHARMACY LLC,1261,0.898
APRIL MedNet Classic August 2026.csv,Classic,DELMON PHARMACY,SHARJAH,DELMON PHARMACY LLC,1235,0.882
APRIL MedNet Classic August 2026.csv,Classic,ZAHRAT AL MADINAH PHARMACY LLC - SHARJAH,SHARJAH,ZAHRAT AL MADINAH PHARMACY LLC,1218,0.882
APRIL MedNet Classic August 2026.csv,Classic,ASTER PHARMACY 108- SHARJAH,SHARJAH,ASTER PHARMACY (SHARJAH),1272,0.917
APRIL MedNet Classic August 2026.csv,Classic,AL SADIQ PHARMACY,SHARJAH,AL SAIF PHARMACY,1225,0.909
APRIL MedNet Classic August 2026.csv,Classic,AL AHAD PHARMACY,SHARJAH,AL WAAD PHARMACY,1171,0.938
APRIL MedNet Classic August 2026.csv,Classic,ASTER PHARMACY,SHARJAH,ASTER PHARMACY 125,1267,0.875
APRIL MedNet Classic August 2026.csv,Classic,AL AFDHAL PHARMACY - SHARJAH (AL NEEM GROUP),SHARJAH,AL AFDHAL PHARMACY(AL NEEM GROUP),2505,0.889
APRIL MedNet Classic August 2026.csv,Classic,AL NAS PHARMACY L.L.C - SHARJAH (AL NEEM GROUP),SHARJAH,AL NAS PHARMACY L.L.C(AL NEEM GROUP),2509,0.897
APRIL MedNet Classic August 2026.csv,Classic,AL WAFA PHARMACY,SHARJAH,AL WAAD PHARMACY,1171,0.938
APRIL MedNet Classic August 2026.csv,Classic,AL SALAMAH PHARMACY LLC,SHARJAH,AL SAMA PHARMACY LLC,1167,0.930
APRIL MedNet Classic August 2026.csv,Classic,STARCARE PHARMACY LLC,SHARJAH,STARCARE PHARMACY L L C,2521,0.955
APRIL MedNet Classic August 2026.csv,Classic,Y A Z PHARMACY L.L.C,DUBAI,Y A Z PHARMACY LLC,799,0.947
APRIL MedNet Classic August 2026.csv,Classic,GSM GREENS PHARAMCY L.L.C,DUBAI,GSM GREENS PHARMACY LLC,815,0.917
APRIL MedNet Classic August 2026.csv,Classic,NEW MEDICAL CENTRE PHARMACY LTD SHJ BR BRANCH1,SHARJAH,NEW MEDICAL CENTRE PHARMACY LTD - SHJ.BR - BRANCH 2,2544,0.968
APRIL MedNet Classic August 2026.csv,Classic,JABAL SINA PHARMACY LLC - AJMAN,AJMAN,JABAL SINA PHARMACY LLC,744,0.885
APRIL MedNet Classic August 2026.csv,Classic,AL TADAWI SPECIALTY HOSPITAL PHARMACY L.L.C.,DUBAI,CANADIAN SPECIALIST HOSPITAL PHARMACY L.L.C,2110,0.860
APRIL MedNet Classic August 2026.csv,Classic,MILAN PHARMACY LLC - SHARJAH,SHARJAH,ZAMZAM PHARMACY LLC SHARJAH,2466,0.868
APRIL MedNet Classic August 2026.csv,Classic,IBN SINA 87 PHARMACY (BR OF IBN SINA GROUP PHARMACIES (L.L.C)),DUBAI,IBN SINA 57 PHARMACY (BR OF IBN SINA GROUP PHARMACIES (L.L.C.)),2274,0.983
APRIL MedNet Classic August 2026.csv,Classic,SHIFA AL JAZEERAH PHARMACY LLC - RAK,RAS AL KHAIMAH,SHIFA AL JAZEERAH PHARMACY LLC,1132,0.938
APRIL MedNet Classic August 2026.csv,Classic,AL MUSALLA PHARMACY - SHARJAH,SHARJAH,AL MUSALLA PHARMACY(SHJ),1176,0.920
APRIL MedNet Classic August 2026.csv,Classic,LIFE PHARMACY LLC - BRANCH OF ABU DHABI 14,ABU DHABI,MODERN PHARMACY L.L.C - BRANCH OF ABU DHABI 1,1654,0.867
APRIL MedNet Classic August 2026.csv,Classic,LIFE PHARMACY LLC - BRANCH OF ABU DHABI 2,ABU DHABI,MODERN PHARMACY L.L.C - BRANCH OF ABU DHABI 2,1655,0.878
APRIL MedNet Classic August 2026.csv,Classic,NEXT HEALTH PHARMACY - SOLE PROPRIETORSHIP L.L.C,ABU DHABI,NEXTHEALTH PHARMACY - SOLE PROPRIETORSHIP LLC,1579,0.966
APRIL MedNet Classic August 2026.csv,Classic,AL ASHEERA PHARMACY,DUBAI,AL JAZEERA PHARMACY,2236,0.895
APRIL MedNet Classic August 2026.csv,Classic,SHEIKH KHALIFA SPECIALITY HOSPITAL PHARMACY-RAK,RAS AL KHAIMAH,SHEIKH KHALIFA SPECIALTY HOSPITAL PHARMACY,1133,0.944
APRIL MedNet Classic August 2026.csv,Classic,SHEIKH KHALIFA SPECIALITY HOSPITAL PHARMACY-AJMAN,AJMAN,SHEIKH KHALIFA HOSPITAL PHARMACY - AJMAN,682,0.874
APRIL MedNet Classic August 2026.csv,Classic,SHEIKH KHALIFA MATERNITY AND PEDIATRIC HOSPITAL PHARMACY,AJMAN,SHEIKH KHALIFA MATERNITY AND PEDIATRIC HOSPITAL PHARMACY AJMAN,683,0.949
APRIL MedNet Classic August 2026.csv,Classic,SHEIKH KHALIFA HOSPITAL MASFOUT PHARMACY,AJMAN,SHEIKH KHALIFA HOSPITAL MASFOUT PHARMACY AJMAN,685,0.930
APRIL MedNet Classic August 2026.csv,Classic,ASTER PHARMACY 169 BR OF ASTER PHARMACIES GROUP L.L.C,DUBAI,ASTER PHARMACY 166 (BR OF ASTER PHARMACIES GROUP L.L.C),1011,0.981
APRIL MedNet Classic August 2026.csv,Classic,SHIFA AL JAZEERAH CENTRE PHARMACY LLC SHJ BR,SHARJAH,SHIFA AL JAZEERAH CENTER PHARMACY LLC SHJ BR,1175,0.977
APRIL MedNet Classic August 2026.csv,Classic,ASTER PHARMACIES GROUP LLC BRANCH ABU DHABI 13 (ASTER GROUP),ABU DHABI,ASTER PHARMACIES GROUP LLC BRANCH  ABUDHABI 13,1600,0.874
APRIL MedNet Classic August 2026.csv,Classic,ASTER PHARMACIES GROUP L.L.C - BRANCH OF ABU DHABI 14 (ASTER GROUP),ABU DHABI,ASTER PHARMACIES GROUP L.L.C - BRANCH OF ABU DHABI 14,1599,0.895
APRIL MedNet Classic August 2026.csv,Classic,DRAGON PHARMACY (BR OF ASTER AL SHAFAR PHARMACIES GROUP L.L.C),DUBAI,DRAGON PHARMACY (BR OF ASTER AL SHAFAR PHARMACIES GROUP LLC),1008,0.983
APRIL MedNet Classic August 2026.csv,Classic,MEDCARE MEDICAL CENTRE BARSHA SOUTH (BR OF MEDCARE HOSPITAL )L.L.C,DUBAI,MEDCARE MEDICAL CENTRE BARSHA SOUTH PHARMACY BR OF MEDCARE HOSPITAL LLC,1009,0.919
APRIL MedNet Classic August 2026.csv,Classic,IDEAL CLINICAL LABORATORIES,ABU DHABI,IDEAL CLINICAL LABORATORIES-AUH,612,0.931
APRIL MedNet Classic August 2026.csv,Classic,AIRIS IMAGING AND DIAGNOSTIC CENTER LLC,DUBAI,AIRIS IMAGING AND DIAGNOSTICS CENTER LLC,1901,0.987
APRIL MedNet Classic August 2026.csv,Classic,MEDINOVA DIAGNOSTIC CENTRE,DUBAI,MEDINOVA DIAGNOSTIC CENTER,1898,0.962
APRIL MedNet Classic August 2026.csv,Classic,"ASTER IMAGING CENTRE, AL MUTEENA (DM HEALTHCARE)",DUBAI,ASTER IMAGING CENTRE AL MUTEENA BR OF DM HEALTHCARE LLC,619,0.900
APRIL MedNet Classic August 2026.csv,Classic,BIOHEALTH DIAGNOSTIC CENTER - DUBAI,DUBAI,BIOHEALTH DIAGNOSTIC CENTER,626,0.900
APRIL MedNet Classic August 2026.csv,Classic,"TRUST MEDICAL LABORATORY, MAMZAR",DUBAI,TRUST MEDICAL LABORATORY,617,0.873
APRIL MedNet Classic August 2026.csv,Classic,AL SAFWA RADIOLOGY CENTER,SHARJAH,AL SAFWA RADIOLOGY CENTER LLC,628,0.926
APRIL MedNet Classic August 2026.csv,Classic,LIFENITY INTERNATIONAL CLINICAL LABORATORY LLC - DUBAI,DUBAI,LIFENITY INTERNATIONAL CLINICAL LABORATORY LLC,257,0.939
APRIL MedNet Classic August 2026.csv,Classic,AL SHIFA UROPI PHARMACY LLC,DUBAI,AL SHIFA UROPI PHARMACY DWC-LLC,1026,0.931
APRIL MedNet Classic August 2026.csv,Classic,ZEN LIFE PHARMACY CO. L.L.C,DUBAI,ZEN LIFE PHARMACY CO LLC,1906,0.960
APRIL MedNet Classic August 2026.csv,Classic,ZEN LIFE POLY CLINIC CO. L.L.C,DUBAI,ZEN LIFE POLYCLINIC CO LLC,203,0.945
APRIL MedNet Classic August 2026.csv,Classic,Aster Pharmacies Group L.L.C - Branch Of Abu Dhabi 16,ABU DHABI,ASTER PHARMACIES GROUP L.L.C- BRANCH OF ABU DHABI 6,1592,0.990
APRIL MedNet Classic August 2026.csv,Classic,MODERN PHARMACY LLC SOLE PROPRIETORSHIP Branch-01,AJMAN,MODERN PHARMACY L.L.C (SOLE PROPRIETORSHIP)-Branch 01,749,0.980
APRIL MedNet Classic August 2026.csv,Classic,MODERN PHARMACY LLC (SOLE PROPRIETORSHIP)-Branch 02,AJMAN,MODERN PHARMACY L.L.C (SOLE PROPRIETORSHIP) -Branch 02,750,0.980
APRIL MedNet Classic August 2026.csv,Classic,MODERN PHARMACY LLC (SOLE PROPRIETORSHIP) Branch 03,AJMAN,MODERN PHARMACY L.L.C (SOLE PROPRIETORSHIP)-Branch 01,749,0.960
APRIL MedNet Classic August 2026.csv,Classic,MODERN PHARMACY L.L.C (SOLE PROPRIETORSHIP) - Branch-05,AJMAN,MODERN PHARMACY L.L.C (SOLE PROPRIETORSHIP)-Branch 01,749,0.980
APRIL MedNet Classic August 2026.csv,Classic,MODERN PHARMACY LLC SHJ BR BR 01,SHARJAH,MODERN PHARMACY LLC SHJ BR BR-7,1341,0.952
APRIL MedNet Classic August 2026.csv,Classic,Modern Pharmacy LLC SHJ BR BR 03,SHARJAH,MODERN PHARMACY L.L.C - SHJ BR -BR 03,1338,0.970
APRIL MedNet Classic August 2026.csv,Classic,MODERN PHARMACY L.L.C - SHJ BR -BR 04,SHARJAH,MODERN PHARMACY L.L.C - SHJ BR -BR 03,1338,0.971
APRIL MedNet Classic August 2026.csv,Classic,Modern Pharmacy LLC - Branch,DUBAI,MODERN PHARMACY L.L.C (BRANCH),1082,0.963
APRIL MedNet Classic August 2026.csv,Classic,Modern Pharmacy LLC - Branch,DUBAI,MODERN PHARMACY L.L.C (BRANCH),1082,0.963
APRIL MedNet Classic August 2026.csv,Classic,Modern Care Pharmacy LLC,DUBAI,MODERN CARE PHARMACY L.L.C,1087,0.960
APRIL MedNet Classic August 2026.csv,Classic,LIVERPOOL MEDICAL CLINIC L.L.C,DUBAI,LIVERPOOL MEDICAL CLINIC LLC,410,0.966
APRIL MedNet Classic August 2026.csv,Classic,GERMAN ADVANCE MEDICAL CENTRE SOLE PROPRIETORSHIP L.L.C,ABU DHABI,GOLDEN CURE MEDICAL CENTRE - SOLE PROPRIETORSHIP L.L.C,596,0.879
APRIL MedNet Classic August 2026.csv,Classic,ASTER MEDICAL CENTRE ARJAN (BR OF D M HEALTHCARE),DUBAI,ASTER MEDICAL CENTRE ABU HAIL BR OF DM HEALTHCARE,364,0.896
APRIL MedNet Classic August 2026.csv,Classic,ASTER PHARMACY180 AND CLINIC BR OF ASTER PHARMACIES GROUP LLC Express Clinic,DUBAI,ASTER PHARMACY180 AND CLINIC BR OF ASTER PHARMACIES GROUP LLC,2120,0.891
APRIL MedNet Classic August 2026.csv,Classic,ASTER MEDICAL CENTRE LIWAN BR OF DM HEALTHCARE LLC,DUBAI,ASTER MEDICAL CENTRE REM RAAM (BR OF D M HEALTHCARE LLC),357,0.885
APRIL MedNet Classic August 2026.csv,Classic,FAITH JABAL MEDICAL CENTER LLC,DUBAI,FAITH JABAL MEDICAL CENTRE LLC,324,0.967
APRIL MedNet Classic August 2026.csv,Classic,ALAIN PHARMACY - SOLE PROPRIETORSHIP L.L.C. - BRANCH 11,ABU DHABI,IBN SINA PHARMACY - SOLE PROPRIETORSHIP L.L.C. - BRANCH 1,1745,0.902
APRIL MedNet Classic August 2026.csv,Classic,NAHEL ALAIN PHARMACY - SOLE PROPRIETORSHIP L.L.C.,ABU DHABI,AMAL PHARMACY - SOLE PROPRIETORSHIP L.L.C,1604,0.894
APRIL MedNet Classic August 2026.csv,Classic,ALAIN PHARMACY - SOLE PROPRIETORSHIP L.L.C. - BRANCH,ABU DHABI,MUBARAK PHARMACY - SOLE PROPRIETORSHIP L.L.C. - BRANCH,1568,0.917
APRIL MedNet Classic August 2026.csv,Classic,ALAIN PHARMACY - SOLE PROPRIETORSHIP L.L.C.- BRANCH 7,ABU DHABI,IBN SINA PHARMACY - SOLE PROPRIETORSHIP L.L.C. - BRANCH 7,1750,0.911
APRIL MedNet Classic August 2026.csv,Classic,ALAIN PHARMACY - SOLE PROPRIETORSHIP L.L.C. - BRANCH 6,ABU DHABI,IBN SINA PHARMACY SOLE PROPRIETORSHIP L.L.C - Branch 6,1759,0.911
APRIL MedNet Classic August 2026.csv,Classic,ALAIN PHARMACY - SOLE PROPRIETORSHIP L.L.C. - BRANCH 3,ABU DHABI,IBN SINA PHARMACY SOLE PROPRIETORSHIP L.L.C - Branch 3,1757,0.911
APRIL MedNet Classic August 2026.csv,Classic,ALAIN PHARMACY SOLE PRORIETORSHIP LLC- BRANCH 25,ABU DHABI,IBN SINA PHARMACY - SOLE PROPRIETORSHIP L.L.C - BRANCH 2,1743,0.869
APRIL MedNet Classic August 2026.csv,Classic,ALAIN PHARMACY - SOLE PROPRIETORSHIP L.L.C. - BRANCH 13,ABU DHABI,IBN SINA PHARMACY - SOLE PROPRIETORSHIP L.L.C. - BRANCH 1,1745,0.902
APRIL MedNet Classic August 2026.csv,Classic,ALAIN PHARMACY - SOLE PROPRIETORSHIP L.L.C. - BRANCH,ABU DHABI,MUBARAK PHARMACY - SOLE PROPRIETORSHIP L.L.C. - BRANCH,1568,0.917
APRIL MedNet Classic August 2026.csv,Classic,ALAIN PHARMACY - SOLE PROPRIETORSHIP L.L.C. - BRANCH 8,ABU DHABI,IBN SINA PHARMACY SOLE PROPRIETORSHIP L.L.C BRANCH 18,1761,0.902
APRIL MedNet Classic August 2026.csv,Classic,ALAIN PHARMACY - SOLE PROPRIETORSHIP L.L.C. - BRANCH 9,ABU DHABI,MUBARAK PHARMACY - SOLE PROPRIETORSHIP L.L.C. - BRANCH,1568,0.898
APRIL MedNet Classic August 2026.csv,Classic,ALAIN PHARMACY - SOLE PROPRIETORSHIP L.L.C. - BRANCH 12,ABU DHABI,IBN SINA PHARMACY - SOLE PROPRIETORSHIP L.L.C. - BRANCH 12,1747,0.913
APRIL MedNet Classic August 2026.csv,Classic,ALAIN PHARMACY - SOLE PROPRIETORSHIP L.L.C. - BRANCH,ABU DHABI,MUBARAK PHARMACY - SOLE PROPRIETORSHIP L.L.C. - BRANCH,1568,0.917
APRIL MedNet Classic August 2026.csv,Classic,ALAIN PHARMACY - SOLE PROPRIETORSHIP L.L.C. - BRANCH 5,ABU DHABI,IBN SINA PHARMACY - SOLE PROPRIETORSHIP L.L.C. - BRANCH 5,1749,0.911
APRIL MedNet Classic August 2026.csv,Classic,ALAIN PHARMACY - SOLE PROPRIETORSHIP L.L.C. - BRANCH 4,ABU DHABI,IBN SINA PHARMACY SOLE PROPRIETORSHIP L.L.C - Branch 4,1758,0.911
APRIL MedNet Classic August 2026.csv,Classic,ALAIN PHARMACY - SOLE PROPRIETORSHIP L.L.C. - BRANCH,ABU DHABI,MUBARAK PHARMACY - SOLE PROPRIETORSHIP L.L.C. - BRANCH,1568,0.917
APRIL MedNet Classic August 2026.csv,Classic,ALAIN PHARMACY - SOLE PROPRIETORSHIP L.L.C. - BRANCH,ABU DHABI,MUBARAK PHARMACY - SOLE PROPRIETORSHIP L.L.C. - BRANCH,1568,0.917
APRIL MedNet Classic August 2026.csv,Classic,ALAIN PHARMACY - SOLE PROPRIETORSHIP L.L.C. - BRANCH,ABU DHABI,MUBARAK PHARMACY - SOLE PROPRIETORSHIP L.L.C. - BRANCH,1568,0.917
APRIL MedNet Classic August 2026.csv,Classic,ALAIN PHARMACY - SOLE PROPRIETORSHIP L.L.C. - BRANCH,ABU DHABI,MUBARAK PHARMACY - SOLE PROPRIETORSHIP L.L.C. - BRANCH,1568,0.917
APRIL MedNet Classic August 2026.csv,Classic,ALAIN PHARMACY - SOLE PROPRIETORSHIP L.L.C.- BRANCH 1,ABU DHABI,IBN SINA PHARMACY - SOLE PROPRIETORSHIP L.L.C. - BRANCH 1,1745,0.911
APRIL MedNet Classic August 2026.csv,Classic,ALAIN PHARMACY- SOLE PROPRIETORHIP L.L.C.- BRANCH 23,ABU DHABI,IBN SINA PHARMACY - SOLE PROPRIETORSHIP L.L.C - BRANCH 2,1743,0.891
APRIL MedNet Classic August 2026.csv,Classic,ALAIN PHARMACY- SOLE PROPRIETORHIP L.L.C.- BRANCH 24,ABU DHABI,IBN SINA PHARMACY - SOLE PROPRIETORSHIP L.L.C - BRANCH 2,1743,0.891
APRIL MedNet Classic August 2026.csv,Classic,ALAIN PHARMACY - SOLE PROPRIETORSHIP L.L.C.- BRANCH 2,ABU DHABI,IBN SINA PHARMACY - SOLE PROPRIETORSHIP L.L.C - BRANCH 2,1743,0.911
APRIL MedNet Classic August 2026.csv,Classic,APOTEKE PHARMACY - SOLE PROPRIETORSHIP L.L.C.,ABU DHABI,AMAL PHARMACY - SOLE PROPRIETORSHIP L.L.C,1604,0.889
APRIL MedNet Classic August 2026.csv,Classic,NEW ALAIN PHARMACY - SOLE PROPRIETORSHIP L.L.C. - BRANCH,ABU DHABI,IBN SINA PHARMACY - SOLE PROPRIETORSHIP L.L.C - BRANCH 2,1743,0.893
APRIL MedNet Classic August 2026.csv,Classic,A P L Pharmacy LLC,DUBAI,APL PHARMACY LLC,1062,0.941
APRIL MedNet Classic August 2026.csv,Classic,SuperCare Pharmacy L.L.C - Branch Of Abu Dhabi 10,ABU DHABI,MODERN PHARMACY L.L.C - BRANCH OF ABU DHABI 1,1654,0.867
APRIL MedNet Classic August 2026.csv,Classic,Lifenity International Advanced PolyClinic,DUBAI,LIFENITY INTERNATIONAL ADVANCED POLY CLINIC,255,0.988
APRIL MedNet Classic August 2026.csv,Classic,MEDPLUS MEDICAL CENTRE LLC,RAS AL KHAIMAH,MEDPLUS MEDICAL CENTER LLC,472,0.962
APRIL MedNet Classic August 2026.csv,Classic,**AL AIN HOSPITAL PHARMACY,ABU DHABI,AL DHANNAH HOSPITAL PHARMACY,1639,0.885
APRIL MedNet Classic August 2026.csv,Classic,YOUR CENTER POLYCLINIC L.L.C,DUBAI,YOUR CENTER POLYCLINIC LLC,405,0.963
APRIL MedNet Classic August 2026.csv,Classic,BRIGHT LIFE MEDICAL CENTER,DUBAI,BRIGHT LIFE MEDICAL CENTER LLC,322,0.929
APRIL MedNet Classic August 2026.csv,Classic,GOOD WILL CLINIC L.L.C,DUBAI,GOOD WILL CLINIC LLC,323,0.952
APRIL MedNet Classic August 2026.csv,Classic,GOODWILL PHARMACY L.L.C,DUBAI,GOOD WILL PHARMACY LLC,820,0.933
APRIL MedNet Classic August 2026.csv,Classic,Bab Al Hayat Pharmacy L L C,DUBAI,BAB AL HAYAT PHARMACY LLC,1979,0.962
APRIL MedNet Classic August 2026.csv,Classic,BAB AL NOOR PHARMACY L.L.C,DUBAI,BAB AL NOOR PHARMACY LLC,818,0.960
APRIL MedNet Classic August 2026.csv,Classic,ZAHRAT AL NOOR PHARMACY L.L.C,DUBAI,ZAHRAT AL NOOR PHARMACY LLC,819,0.964
APRIL MedNet Classic August 2026.csv,Classic,AL YAMAMAH MEDICAL CENTRE-SHARJAH,SHARJAH,AL YAMAMAH MEDICAL CENTRE,547,0.862
APRIL MedNet Classic August 2026.csv,Classic,ALYA MEDICAL CENTRE L.L.C-RAK,RAS AL KHAIMAH,ALYA MEDICAL CENTRE L.L.C,464,0.926
APRIL MedNet Classic August 2026.csv,Classic,AL SHEROUQ MEDICAL CENTER,SHARJAH,AL SEYOUH MEDICAL CENTER,557,0.898
APRIL MedNet Classic August 2026.csv,Classic,NOOR AL SHEFA CLINIC BRANCH 4,DUBAI,"NOOR AL SHEFA CLINIC BRANCH, AL QUOZ",238,0.875
APRIL MedNet Classic August 2026.csv,Classic,LIFE PHARMACY L.L.C - BRANCH OF ABU DHABI 130,ABU DHABI,MODERN PHARMACY L.L.C - BRANCH OF ABU DHABI 1,1654,0.884
APRIL MedNet Classic August 2026.csv,Classic,LIFE PHARMACY LLC - BRANCH OF ABU DHABI 17,ABU DHABI,MODERN PHARMACY L.L.C - BRANCH OF ABU DHABI 1,1654,0.867
APRIL MedNet Classic August 2026.csv,Classic,AL QOUZ CITY STAR POLYCLINIC,DUBAI,AL QUOZ CITY STAR POLYCLINIC,294,0.964
APRIL MedNet Classic August 2026.csv,Classic,CHARME PHARMACY LLC,DUBAI,VCARE PHARMACY LLC,1926,0.919
APRIL MedNet Classic August 2026.csv,Classic,MODERN FAMILY CLINIC LLC Branch (Alquoz),DUBAI,MODERN FAMILY CLINIC LLC Branch(Al Quoz),414,0.987
APRIL MedNet Classic August 2026.csv,Classic,MODERN FAMILY CLINIC LLC Branch (Barsha),DUBAI,MODERN FAMILY CLINIC LLC Branch (Al Barsha),415,0.962
APRIL MedNet Classic August 2026.csv,Classic,MODERN FAMILY PHARMACY LLC Branch (Barsha),DUBAI,MODERN FAMILY PHARMACY LLC Branch,1068,0.904
APRIL MedNet Classic August 2026.csv,Classic,MODERN FAMILY PHARMACY LLC Branch (Alquoz),DUBAI,MODERN FAMILY PHARMACY LLC Branch,1068,0.904
APRIL MedNet Classic August 2026.csv,Classic,MODERN FAMILY PHARMACY LLC SHJ Branch,DUBAI,MODERN FAMILY PHARMACY LLC Branch,1068,0.943
APRIL MedNet Classic August 2026.csv,Classic,AMSA PHARMACY LLC,DUBAI,AJMAL PHARMACY LLC,797,0.914
APRIL MedNet Classic August 2026.csv,Classic,BAIT AL SHIFAA PHARMACY,SHARJAH,BAIT AL SHIFA PHARMACY,1165,0.978
APRIL MedNet Classic August 2026.csv,Classic,LIFE PHARMACY L.L.C - BRANCH OF ABU DHABI 18,ABU DHABI,MODERN PHARMACY L.L.C - BRANCH OF ABU DHABI 1,1654,0.894
APRIL MedNet Classic August 2026.csv,Classic,LIFE PHARMACY L.L.C - BRANCH OF ABU DHABI 133,ABU DHABI,MODERN PHARMACY L.L.C - BRANCH OF ABU DHABI 1,1654,0.884
APRIL MedNet Classic August 2026.csv,Classic,LIFE PHARMACY L.L.C - BRANCH OF ABU DHABI 134,ABU DHABI,MODERN PHARMACY L.L.C - BRANCH OF ABU DHABI 1,1654,0.884
APRIL MedNet Classic August 2026.csv,Classic,LIFE PHARMACY L.L.C - BRANCH OF ABU DHABI 150,ABU DHABI,MODERN PHARMACY L.L.C - BRANCH OF ABU DHABI 1,1654,0.884
APRIL MedNet Classic August 2026.csv,Classic,LIFE PHARMACY L.L.C - BRANCH OF ABU DHABI 156,ABU DHABI,MODERN PHARMACY L.L.C - BRANCH OF ABU DHABI 1,1654,0.884
APRIL MedNet Classic August 2026.csv,Classic,LIFE PHARMACY L.L.C - BRANCH OF ABU DHABI 155,ABU DHABI,MODERN PHARMACY L.L.C - BRANCH OF ABU DHABI 1,1654,0.884
APRIL MedNet Classic August 2026.csv,Classic,LIFE PHARMACY LLC - BRANCH OF ABU DHABI 19,ABU DHABI,MODERN PHARMACY L.L.C - BRANCH OF ABU DHABI 1,1654,0.867
APRIL MedNet Classic August 2026.csv,Classic,LIFE PHARMACY L.L.C - BRANCH OF ABU DHABI 148,ABU DHABI,MODERN PHARMACY L.L.C - BRANCH OF ABU DHABI 1,1654,0.884
APRIL MedNet Classic August 2026.csv,Classic,ASCENT ENT SPECIALITY CENTER LLC,DUBAI,ASCENT ENT SPECIALITY CENTRE LLC,432,0.969
APRIL MedNet Classic August 2026.csv,Classic,SHEIKH KHALIFA ENERGY CLINIC-ADNOC - SKEC,ABU DHABI,SHEIKH KHALIFA ENERGY CLINIC-ADNOC,150,0.932
APRIL MedNet Classic August 2026.csv,Classic,ZAKUM WEST SUPER COMPLEX (ZWSC) CLINIC,ABU DHABI,ZAKUM WEST SUPER COMPLEX CLINIC,168,0.925
APRIL MedNet Classic August 2026.csv,Classic,ADC TARIF CENTRAL CLINIC,ABU DHABI,ADC TARIF CENTRAL CAMP CLINIC,1520,0.906
APRIL MedNet Classic August 2026.csv,Classic,ADNOC ONSHORE MEDICAL CENTER PHARMACY,ABU DHABI,ADNOC ONSHORE MEDICAL CENTRE PHARMACY,1630,0.973
APRIL MedNet Classic August 2026.csv,Classic,HEALTHGO MEDICAL CENTER LLC,ABU DHABI,HEALTH GO MEDICAL CENTER LLC,597,0.982
APRIL MedNet Classic August 2026.csv,Classic,HEALTHGO PHARMACY LLC,ABU DHABI,HEALTH GO PHARMACY LLC,1381,0.977
APRIL MedNet Classic August 2026.csv,Classic,AL RAWAA PHARMACY,SHARJAH,AL WAAD PHARMACY,1171,0.909
APRIL MedNet Classic August 2026.csv,Classic,ASTER ROYAL CLINIC SPRINGS SOUK (BR OF DM HEALTHCARE (LLC)),DUBAI,ASTER ROYAL CLINIC SPRINGS SOUK PHARMACY BR OF D M HEALTHCARE L L C,1075,0.902
APRIL MedNet Classic August 2026.csv,Classic,"DR. ISMAIL POLYCLINIC (BRANCH), DEIRA",DUBAI,DR. ISMAIL POLYCLINIC (BRANCH),425,0.900
APRIL MedNet Classic August 2026.csv,Classic,DR SUNNY MEDICAL CENTRE L.L.C,DUBAI,DR.SUNNY MEDICAL CENTRE JEBEL ALI,328,0.871
APRIL MedNet Classic August 2026.csv,Classic,AL DHAFRAH PHARMACY LLC,SHARJAH,AL DHAFRAH PHARMACY L.L.C,2522,0.958
APRIL MedNet Classic August 2026.csv,Classic,LIWA PHARMACY LLC,SHARJAH,ASIA PHARMACY LLC,2502,0.882
APRIL MedNet Classic August 2026.csv,Classic,MEDICOM PHARMACY 31,DUBAI,MEDICOM PHARMACY 15,2237,0.947
APRIL MedNet Classic August 2026.csv,Classic,TRUDOC PHARMACY L.L.C,DUBAI,TRU DOC PHARMACY L.L.C,2126,0.977
APRIL MedNet Classic August 2026.csv,Classic,Aura Medical Center LLC,AJMAN,AURA MEDICAL CENTER L. L.C,37,0.958
APRIL MedNet Classic August 2026.csv,Classic,Aura Pharmacy LLC,AJMAN,AURA PHARMACY L.LC,716,0.971
APRIL MedNet Classic August 2026.csv,Classic,STEPS PHARMACY L.L.C - DUBAI,DUBAI,STEPS PHARMACY L.L.C,2121,0.870
APRIL MedNet Classic August 2026.csv,Classic,JUPITER AL QUSAIS POLY CLINIC L.L.C PHARMACY,DUBAI,JUPITER AL QUSAIS POLYCLINIC L.L.C PHARMACY,1057,0.989
APRIL MedNet Classic August 2026.csv,Classic,ADVANCED CARE MEDICAL CENTER LLC (BRANCH) AL QOUZ SECOND,DUBAI,ADVANCED CARE MEDICAL CENTER LLC BRANCH-ALQUOZ 2,402,0.902
APRIL MedNet Classic August 2026.csv,Classic,ADVANCED CARE MEDICAL CENTER LLC BRANCH JEBEL ALI,DUBAI,ADVANCED CARE MEDICAL CENTER LLC BRANCH,403,0.886
APRIL MedNet Classic August 2026.csv,Classic,JEBAL ALI ADVANCED CARE PHARMACY LLC JEBEL ALI,DUBAI,JEBAL ALI ADVANCED CARE PHARMACY LLC,1050,0.878
APRIL MedNet Classic August 2026.csv,Classic,ADVANCED CARE MEDICAL CENTER LLC BRANCH AL QUSAIS FIRST,DUBAI,ADVANCED CARE MEDICAL CENTER LLC BRANCH-ALQUOZ 2,402,0.874
APRIL MedNet Classic August 2026.csv,Classic,DAR AL HAYAT MEDICAL CENTER,UMM AL QUWAIN,DAR AL HAYAT MEDICAL CENTRE LLC,585,0.897
APRIL MedNet Classic August 2026.csv,Classic,AL SHIFA GENERAL MEDICAL CLINIC-RAS AL KHAIMAH,RAS AL KHAIMAH,AL SHIFA GENERAL MEDICAL CLINIC-RAK,465,0.864
APRIL MedNet Classic August 2026.csv,Classic,SIKKA DENTAL CLINIC LLC,DUBAI,SIKKA DENTAL CLINIC L.L.C,1894,0.958
APRIL MedNet Classic August 2026.csv,Classic,OXFORD MEDICAL CENTER L.L.C,DUBAI,AFRIDI MEDICAL CENTER L.L.C,1851,0.889
APRIL MedNet Classic August 2026.csv,Classic,OXFORD PHARMACY L.L.C,DUBAI,OXFORD PHARMACY LLC,1063,0.950
APRIL MedNet Classic August 2026.csv,Classic,ALAIN PHARMACY - SOLE PROPRIETORSHIP L.L.C. - BRANCH,ABU DHABI,MUBARAK PHARMACY - SOLE PROPRIETORSHIP L.L.C. - BRANCH,1568,0.917
APRIL MedNet Classic August 2026.csv,Classic,MEDCARE MEDICAL CENTRE ARABIAN RANCHES 3 PHARMACY BR OF MEDCARE HOSPITAL LLC,DUBAI,MEDCARE MEDICAL CENTRE AL FURJAN WEST PHARMACY BR OF MEDCARE HOSPITAL LLC,1107,0.886
APRIL MedNet Classic August 2026.csv,Classic,MEDCARE MEDICAL CENTRE THE VALLEY PHARMACY BR OF MEDCARE HOSPITAL L.L.C,DUBAI,MEDCARE MEDICAL CENTRE THE VALLEY (BR OF MEDCARE HOSPITAL (L.L.C)(PHARMACY),2174,0.873
APRIL MedNet Classic August 2026.csv,Classic,ARDENS MEDICAL CENTER LLC,DUBAI,CARE 7 MEDICAL CENTER LLC ,1876,0.880
APRIL MedNet Classic August 2026.csv,Classic,ZMC HEALTH CLINIC LLC -DUBAI,DUBAI,ZMC HEALTH CLINIC LLC,1847,0.875
APRIL MedNet Classic August 2026.csv,Classic,TAIBAH ALAIN PHARMACY - SOLE PROPRIETORSHIP L.L.C. - BRANCH,ABU DHABI,IBN SINA PHARMACY - SOLE PROPRIETORSHIP L.L.C - BRANCH 2,1743,0.887
APRIL MedNet Classic August 2026.csv,Classic,MEDCARE MEDICAL CENTER NAD AL SHEBA PHARMACY BR OF MEDCARE HOSPITAL LLC,DUBAI,MEDCARE MEDICAL CENTRE BARSHA SOUTH PHARMACY BR OF MEDCARE HOSPITAL LLC,1009,0.873
APRIL MedNet Classic August 2026.csv,Classic,STANFORD MEDICAL CENTER - SOLE PROPRIETORSHIP L.L.C,ABU DHABI,LAHORE MEDICAL CENTRE-SOLE PROPRIETORSHIP L.L.C,87,0.896
APRIL MedNet Classic August 2026.csv,Classic,NATIONAL HOSPTAL - SOLE PROPRIETORSHIP L.L.C.,ABU DHABI,NATIONAL HOSPITAL - SOLE PROPRIETORSHIP L.L.C.,1547,0.988
APRIL MedNet Classic August 2026.csv,Classic,AIRIS IMAGING AND DIAGNOSTIC CENTRE LLC - DIP,DUBAI,AIRIS IMAGING AND DIAGNOSTIC CENTRE LLC,1897,0.951
APRIL MedNet Classic August 2026.csv,Classic,MEDCARE MEDICAL CENTER JVC PHARMACY BR OF MEDCARE HOSPITAL LLC,DUBAI,MEDCARE MEDICAL CENTRE BARSHA SOUTH PHARMACY BR OF MEDCARE HOSPITAL LLC,1009,0.887
APRIL MedNet Classic August 2026.csv,Classic,PRIME SPECIALIST MEDICAL CENTRE LLC 2,SHARJAH,RIAZ SPECIALIST MEDICAL CENTER LLC,2446,0.873
APRIL MedNet Classic August 2026.csv,Classic,BURJEEL RETAIL PHARMACY L.L.C. - BRANCH15,ABU DHABI,BURJEEL RETAIL PHARMACY L.L.C - BRANCH,1699,0.973
APRIL MedNet Classic August 2026.csv,Classic,MAX CURE MEDICAL CARE CENTER - L.L.C-AUH,ABU DHABI,MAX CURE MEDICAL CARE CENTER-L.L.C,1502,0.944
APRIL MedNet Classic August 2026.csv,Classic,AL SHAMEEL MEDICAL CENTER - L.L.C,ABU DHABI,AL AMEEN MEDICAL CENTRE L.L.C,1527,0.900
APRIL MedNet Classic August 2026.csv,Classic,ASTER MEDICAL CENTRE AL JADDAF (Br of D M HEALTHCARE ) L L C,DUBAI,ASTER MEDICAL CENTRE REM RAAM (BR OF D M HEALTHCARE LLC),357,0.865
APRIL MedNet Classic August 2026.csv,Classic,LLH MEDICAL CENTRE ALNAJDA - L.L.C,ABU DHABI,LLH MEDICAL CENTRE AL NOUD - L.L.C,1537,0.906
APRIL MedNet Alternative August 2026.csv,Alternative,HOME HEALTH MEDICAL CENTRE,ABU DHABI,HOME HEALTH MEDICAL CENTRE LLC,184,0.929
APRIL MedNet Alternative August 2026.csv,Alternative,JUPITER ALNAHDA POLY CLINIC,DUBAI,JUPITER AL NAHDA POLYCLINIC LLC,260,0.897
APRIL MedNet Alternative August 2026.csv,Alternative,UNICARE MEDICAL CENTER,DUBAI,UNICARE MEDICAL CENTRE BRANCH,206,0.863
APRIL MedNet Alternative August 2026.csv,Alternative,NAIF MEDICAL CENTRE,DUBAI,NAIF MEDICAL CENTER,1872,0.947
APRIL MedNet Alternative August 2026.csv,Alternative,FIDA MEDICAL CENTER,DUBAI,ALDIA MEDICAL CENTER,1858,0.872
APRIL MedNet Alternative August 2026.csv,Alternative,REEM MEDICAL DIAGNOSTIC CENTRE LLC,SHARJAH,REEM MEDICAL DIAGNOSTIC CENTRE,630,0.938
APRIL MedNet Alternative August 2026.csv,Alternative,AL BANNA MEDICAL CENTRE,SHARJAH,AL BANNA MEDICAL CENTERE,549,0.979
APRIL MedNet Dental August 2026.csv,Dental,SHEIKH KHALIFA GENERAL HOSPITAL AJMAN,AJMAN,SHEIKH KHALIFA HOSPITAL AJMAN,635,0.879
APRIL MedNet Dental August 2026.csv,Dental,SHEIKH KHALIFA MATERNITY AND PEDIATRIC HOSPITAL,AJMAN,SHEIKH KHALIFA MATERNITY AND PEDIATRIC HOSPITAL AJMAN,636,0.940
APRIL MedNet Dental August 2026.csv,Dental,SHEIKH KHALIFA HOSPITAL MASFOUT,AJMAN,SHEIKH KHALIFA HOSPITAL MASFOUT AJMAN,638,0.912
APRIL MedNet Dental August 2026.csv,Dental,SHEIKH KHALIFA GENERAL HOSPITAL,UMM AL QUWAIN,SHEIKH KHALIFA GENERAL HOSPITAL UMQ,2573,0.939
APRIL MedNet Dental August 2026.csv,Dental,ABU SALMAN MEDICAL CENTRE,ABU DHABI,ABU SALMAN MEDICAL CENTRE LLC,115,0.926
APRIL MedNet Dental August 2026.csv,Dental,OASIS MEDICAL CENTRE,ABU DHABI,OASIS MEDICAL CENTRE L.L.C.,146,0.870
APRIL MedNet Dental August 2026.csv,Dental,BANIYAS AHALIA MEDICAL CENTRE,ABU DHABI,BANIYAS ALAHLI MEDICAL CENTRE LLC,138,0.871
APRIL MedNet Dental August 2026.csv,Dental,AL RAFA MEDICAL CENTRE LLC,ABU DHABI,AL AMAL MEDICAL CENTRE L.L.C,137,0.889
APRIL MedNet Dental August 2026.csv,Dental,AL KAMAL MEDICAL POLY CLINICS - L.L.C - S.P.C,ABU DHABI,AL KAMAL MEDICAL POLYCLINICS-LLC,189,0.877
APRIL MedNet Dental August 2026.csv,Dental,"JABAL SINA MEDICAL CENTER LLC , AJMAN",AJMAN,JABAL SINA MEDICAL CENTRE LLC,45,0.875
APRIL MedNet Dental August 2026.csv,Dental,AALIYA MEDICAL CENTRE LLC,AJMAN,AALIYA MEDICAL CENTRE,27,0.913
APRIL MedNet Dental August 2026.csv,Dental,NEW IBIN SINA MEDICAL CENTRE,AJMAN,NEW IBINSINA MEDICAL CENTRE,30,0.982
APRIL MedNet Dental August 2026.csv,Dental,IBN SINA MEDICAL CENTRE,AJMAN,IBIN SINA MEDICAL CENTRE,29,0.979
APRIL MedNet Dental August 2026.csv,Dental,AL SHROOQ CLINIC,AJMAN,AL SHROOQ POLYCLINIC,16,0.889
APRIL MedNet Dental August 2026.csv,Dental,ASTER MEDICAL CENTRE SILICON OASIS- DM HEALTHCARE,DUBAI,ASTER MEDICAL CENTER SILICON OASIS (BR OF DM HEALTHCARE (L L C)),2215,0.870
APRIL MedNet Dental August 2026.csv,Dental,ASTER MEDICAL CENTRE ASWAAQ MALL -BR OF D M HEALHTCARE LLC,DUBAI,ASTER MEDICAL CENTRE REM RAAM (BR OF D M HEALTHCARE LLC),357,0.865
APRIL MedNet Dental August 2026.csv,Dental,AL BARSHA AL NOOR POLYCLINIC,DUBAI,AL BARSHA AL NOOR POLY CLINIC,390,0.982
APRIL MedNet Dental August 2026.csv,Dental,ASTER MEDICAL CENTRE AL BARSHA,DUBAI,ASTER MEDICAL CENTRE - ABUHAIL,1818,0.862
APRIL MedNet Dental August 2026.csv,Dental,WE CARE MEDICAL CENTER LLC - DUBAI,DUBAI,WE CARE MEDICAL CENTER L.L.C,1852,0.867
APRIL MedNet Dental August 2026.csv,Dental,MULTI CARE MEDICAL CENTRE LLC,DUBAI,MULTICARE MEDICAL CENTER LLC,250,0.947
APRIL MedNet Dental August 2026.csv,Dental,ASTER MEDICAL CENTRE MUHAISNAH BR OF DM HEALTHCARE,DUBAI,ASTER MEDICAL CENTRE ABU HAIL BR OF DM HEALTHCARE,364,0.909
APRIL MedNet Dental August 2026.csv,Dental,JUPITER ALNAHDA POLY CLINIC,DUBAI,JUPITER AL NAHDA POLYCLINIC LLC,260,0.897
APRIL MedNet Dental August 2026.csv,Dental,"TOTAL CARE CLINIC BR AL FUTTAIM HEALTHCARE SINGLE PERSON COMPANY LLC, AL QOUZ (AL FUTTAIM)",DUBAI,TOTAL CARE CLINIC BR. ALFUTTAIM HEALTHCARE SINGLE PERSON COMPANY LLC,394,0.870
APRIL MedNet Dental August 2026.csv,Dental,ADVANCED CARE MEDICAL CENTER,DUBAI,ADVANCED CARE MEDICAL CENTER L.L.C,396,0.903
APRIL MedNet Dental August 2026.csv,Dental,AL KHAIL MEDICAL CENTRE,DUBAI,AL KHAIL MEDICAL CENTER,284,0.957
APRIL MedNet Dental August 2026.csv,Dental,LOTUS MEDICAL CENTER L.L.C,DUBAI,LOTUS MEDICAL CENTRE LLC,325,0.920
APRIL MedNet Dental August 2026.csv,Dental,AL RAHIF MEDICAL CLINIC,DUBAI,AL FALAH MEDICAL CLINIC,1787,0.870
APRIL MedNet Dental August 2026.csv,Dental,ASTER MEDICAL CENTRE AL QUSAIS BR OF DM HEALTHCARE,DUBAI,ASTER MEDICAL CENTRE ABU HAIL BR OF DM HEALTHCARE,364,0.909
APRIL MedNet Dental August 2026.csv,Dental,AL WARQA MEDICAL CENTER,DUBAI,AL DHAFRA MEDICAL CENTER,277,0.894
APRIL MedNet Dental August 2026.csv,Dental,AL SHAAB MEDICAL CENTER,DUBAI,AL SHAAB MEDICAL CENTRE,358,0.957
APRIL MedNet Dental August 2026.csv,Dental,ABRIS MEDICAL CENTRE LLC- DUBAI,DUBAI,ABRIS MEDICAL CENTRE LLC,276,0.889
APRIL MedNet Dental August 2026.csv,Dental,AL RASHIDIYAH PRIVATE POLYCLINIC,DUBAI,AL RASHIDIYAH PVT POLYCLINIC,268,0.933
APRIL MedNet Dental August 2026.csv,Dental,BADR AL SAMAA MEDICAL CENTRE,DUBAI,BADR AL SAMAAMEDICAL CENTRE,347,0.982
APRIL MedNet Dental August 2026.csv,Dental,UNICARE MEDICAL CENTER,DUBAI,UNICARE MEDICAL CENTRE BRANCH,206,0.863
APRIL MedNet Dental August 2026.csv,Dental,ACCES CLINIC BURDUBAI BR OF DM HEALTHCARE LLC,DUBAI,ASTER GP  CLINIC BUR DUBAI BR OF DM HEALTHCARE LLC,1820,0.894
APRIL MedNet Dental August 2026.csv,Dental,AL SHIFA AL KHALEEJI MEDICAL CENTRE- DUBAI,DUBAI,AL SHIFA AL KHALEEJI MEDICAL CENTRE (DEIRA),384,0.927
APRIL MedNet Dental August 2026.csv,Dental,DR. KAMKAR MEDICAL & PHYSIOTHERAPY CENTER,DUBAI,DR KAMKAR MEDICAL & PHYSIOTHERAPHY CENTER L.L.C,424,0.916
APRIL MedNet Dental August 2026.csv,Dental,NEW MEDICAL CENTER LLC,DUBAI,MED ONE MEDICAL CENTER LLC,304,0.875
APRIL MedNet Dental August 2026.csv,Dental,DOCTORS CLINIC,DUBAI,DOCTOR'S CLINIC,352,0.966
APRIL MedNet Dental August 2026.csv,Dental,NAIF MEDICAL CENTRE,DUBAI,NAIF MEDICAL CENTER,1872,0.947
APRIL MedNet Dental August 2026.csv,Dental,AL JAMEELA POLYCLINIC,DUBAI,AL AMAL POLYCLINIC,265,0.872
APRIL MedNet Dental August 2026.csv,Dental,AL SHIFA AL KHALEEJI MEDICAL CENTRE BRANCH LLC,DUBAI,AL SHIFA AL KHALEEJI MEDICAL CENTRE BRANCH LLC (DIP),1827,0.958
APRIL MedNet Dental August 2026.csv,Dental,GSM MEDICAL CENTER LLC- DUBAI,DUBAI,GSM MEDICAL CENTER LLC,319,0.880
APRIL MedNet Dental August 2026.csv,Dental,ASTER JEBAL ALI MEDICAL CENTRE,DUBAI,ASTER JEBELALI MEDICAL CENTRE,359,0.949
APRIL MedNet Dental August 2026.csv,Dental,FIDA MEDICAL CENTER,DUBAI,ALDIA MEDICAL CENTER,1858,0.872
APRIL MedNet Dental August 2026.csv,Dental,SIRAJUDEEN MEDICAL CENTER,DUBAI,DR SIRAJUDEEN MEDICAL CENTRE,329,0.906
APRIL MedNet Dental August 2026.csv,Dental,HMC MEDICAL CENTER LLC,DUBAI,GSM MEDICAL CENTER LLC,319,0.909
APRIL MedNet Dental August 2026.csv,Dental,ABEER ALNOOR POLYCLINIC L L C Branch,DUBAI,AL NOOR POLYCLINIC L.L.C (BRANCH),1866,0.896
APRIL MedNet Dental August 2026.csv,Dental,GRAND INFINITY MEDICAL CENTER,DUBAI,GRAND INFINITY MEDICAL CENTRE,320,0.966
APRIL MedNet Dental August 2026.csv,Dental,VCARE POLYCLINIC LLC- DUBAI,DUBAI,VCARE POLYCLINIC LLC,205,0.870
APRIL MedNet Dental August 2026.csv,Dental,ABEER AL NOOR POLYCLINIC,DUBAI,ABEER AL NOOR POLY CLINIC,389,0.980
APRIL MedNet Dental August 2026.csv,Dental,CLINICARE SAMARI (BR OF IMARA HEALTHCARE LLC) - DUBAI,DUBAI,CLINICARE SAMARI (BR OF IMARA HEALTH CARE L.L.C)(IMARA GR),1793,0.865
APRIL MedNet Dental August 2026.csv,Dental,AL RASHIDIYAH AL NOOR POLYCLINIC,DUBAI,AL RASHIDIYA AL NOOR POLY CLINIC,388,0.969
APRIL MedNet Dental August 2026.csv,Dental,AL SALEEM POLYCLINIC,DUBAI,SALEEM POLYCLINIC,363,0.919
APRIL MedNet Dental August 2026.csv,Dental,ALLIED MEDICAL CENTRE,DUBAI,ALI MEDICAL CENTRE,280,0.923
APRIL MedNet Dental August 2026.csv,Dental,F M C MEDICAL CENTER L L C,DUBAI,L L H MEDICAL CENTER L.L.C,433,0.885
APRIL MedNet Dental August 2026.csv,Dental,DIBBA MEDICAL CENTRE,FUJAIRAH,DIBBA MEDICAL CENTRE - FUJ,440,0.909
APRIL MedNet Dental August 2026.csv,Dental,AL SHARQ MEDICAL CENTER-AL ETIHAD,FUJAIRAH,AL SHARQ MEDICAL CENTER ETIHAD,448,0.952
APRIL MedNet Dental August 2026.csv,Dental,NORTHERN AL AHLIAH MEDICAL CENTRE-FUJAIRAH-AHALIA GROUP,FUJAIRAH,NORTHERN AL AHLIAH MEDICAL CENTRE (Fujairah),452,0.866
APRIL MedNet Dental August 2026.csv,Dental,ASTER MEDICAL CENTRE FUJAIRAH,FUJAIRAH,ASTER MEDICAL CENTRE - FUJAIRAH BR,2325,0.951
APRIL MedNet Dental August 2026.csv,Dental,AL SHARQ MEDICAL CENTRE- DIBBA,FUJAIRAH,AL SHARQ MEDICAL CENTER DIBBA,449,0.966
APRIL MedNet Dental August 2026.csv,Dental,UNION MEDICAL & DENTAL CENTER,RAS AL KHAIMAH,UNION MEDICAL AND DENTAL CENTRE,457,0.897
APRIL MedNet Dental August 2026.csv,Dental,AL HUDAIBAH MEDICAL CENTRE,RAS AL KHAIMAH,AL HUDAIBAH MEDICAL CENTER LLC,458,0.893
APRIL MedNet Dental August 2026.csv,Dental,N.M.C MEDICAL CENTER L.L.C SHJ BR.,SHARJAH,NMC MEDICAL CENTER L.L.C SHJ BR.3,2410,0.939
APRIL MedNet Dental August 2026.csv,Dental,PRIME SPECIALIST MEDICAL CENTRE-SHARJAH,SHARJAH,REEM SPECIALIST MEDICAL CENTRE -ROLLA SHARJAH,539,0.867
APRIL MedNet Dental August 2026.csv,Dental,AHLAN MEDICAL CENTER- SHARJAH,SHARJAH,MEGA MEDICAL CENTER-SHARJAH,507,0.873
APRIL MedNet Dental August 2026.csv,Dental,AL SHIFA AL UROPI MEDICAL CENTER,SHARJAH,AL SHIFA AL UROPI MEDICAL CENTER LLC,550,0.941
APRIL MedNet Dental August 2026.csv,Dental,N.M.C MEDICAL CENTER L.L.C SHJ BR.4,SHARJAH,NMC MEDICAL CENTER L.L.C SHJ BR.3,2410,0.941
APRIL MedNet Dental August 2026.csv,Dental,"AL AFDAL MEDICAL CENTER, SHJ",SHARJAH,AL AFDAL MEDICAL CENTER,515,0.920
APRIL MedNet Dental August 2026.csv,Dental,AL MARIFFA MEDICAL CENTRE,SHARJAH,AL MALIHA MEDICAL CENTRE,562,0.898
APRIL MedNet Dental August 2026.csv,Dental,NEW MEDICAL CENTRE,SHARJAH,CARE MEDICAL CENTRE,533,0.865
APRIL MedNet Dental August 2026.csv,Dental,AL KANARY MEDICAL CENTRE,SHARJAH,AL DARARY MEDICAL CENTRE,521,0.917
APRIL MedNet Dental August 2026.csv,Dental,ENJAB MEDICAL CENTER LLC,SHARJAH,RETAJ MEDICAL CENTER LLC,479,0.875
APRIL MedNet Dental August 2026.csv,Dental,ICARE MEDICAL CENTRE,SHARJAH,CARE MEDICAL CENTRE,533,0.974
APRIL MedNet Dental August 2026.csv,Dental,AL FURQAN MEDICAL CENTRE L.L.C,SHARJAH,AL FURQAN MEDICAL CENTRE,2428,0.889
APRIL MedNet Dental August 2026.csv,Dental,AL FAIEZ MEDICAL CENTRE,SHARJAH,AL AFYA MEDICAL CENTRE,500,0.889
APRIL MedNet Dental August 2026.csv,Dental,DOCTORS MEDICAL CENTRE,SHARJAH,DOCTORS MEDICAL CENTRE LLC,567,0.917
APRIL MedNet Dental August 2026.csv,Dental,AL AMANAH MEDICAL CENTER,SHARJAH,AL AMANAH MEDICAL CENTER LLC,571,0.923
APRIL MedNet Dental August 2026.csv,Dental,PERFECT MEDICAL CENTER,SHARJAH,PERFECT MEDICAL CENTRE,483,0.955
APRIL MedNet Dental August 2026.csv,Dental,REEM MEDICAL DIAGNOSTIC CENTRE LLC,SHARJAH,REEM MEDICAL DIAGNOSTIC CENTRE,630,0.938
APRIL MedNet Dental August 2026.csv,Dental,BHATIA MEDICAL CENTER,SHARJAH,BHATIA MEDICAL CENTRE LLC,527,0.870
APRIL MedNet Dental August 2026.csv,Dental,UNICARE MEDICAL CENTRE,SHARJAH,CARE MEDICAL CENTRE,533,0.927
APRIL MedNet Dental August 2026.csv,Dental,N.M.C MEDICAL CENTER L.L.C SHJ BR.2,SHARJAH,NMC MEDICAL CENTER L.L.C SHJ BR.3,2410,0.941
APRIL MedNet Dental August 2026.csv,Dental,REEM SPECALISTS MEDICAL CENTRE.,SHARJAH,SAM SPECIALIST MEDICAL CENTRE,530,0.881
APRIL MedNet Dental August 2026.csv,Dental,MAMPILLY MEDICAL CENTER,SHARJAH,MAMPILLY MEDICAL CENTRE,505,0.957
APRIL MedNet Dental August 2026.csv,Dental,N.M.C MEDICAL CENTER L.L.C SHJ BR.1,SHARJAH,NMC MEDICAL CENTER L.L.C SHJ BR.3,2410,0.941
APRIL MedNet Dental August 2026.csv,Dental,REEM AL NAHDA MEDICAL DIAGNOSTIC CENTRE,SHARJAH,REEM MEDICAL DIAGNOSTIC CENTRE,630,0.870
APRIL MedNet Dental August 2026.csv,Dental,AL JAWDAH MEDICAL CENTRE LLC,SHARJAH,AL DALLAH MEDICAL CENTRE LLC,501,0.893
APRIL MedNet Dental August 2026.csv,Dental,AL SHAMS MEDICAL CENTRE,SHARJAH,AL WAHDA MEDICAL CENTRE,482,0.870
APRIL MedNet Dental August 2026.csv,Dental,AL MALIHA MEDICAL CENTER,SHARJAH,AL MALIHA MEDICAL CENTRE,562,0.958
APRIL MedNet Dental August 2026.csv,Dental,FIRST GULF MEDICAL CENTRE,SHARJAH,FIRST GULF MEDICAL CENTRE SHARJAH,565,0.862
APRIL MedNet Dental August 2026.csv,Dental,DALLAH MEDICAL CENTER,SHARJAH,IDEAL MEDICAL CENTER,2421,0.878
APRIL MedNet Dental August 2026.csv,Dental,MEDZE CLINIC L.L.C,DUBAI,MEDZE CLINIC LLC,326,0.941
APRIL MedNet Dental August 2026.csv,Dental,MONROE MEDICAL CENTER LLC,DUBAI,MED ONE MEDICAL CENTER LLC,304,0.902
APRIL MedNet Dental August 2026.csv,Dental,AL HANA MEDICAL CENTER LLC,DUBAI,AL HANA MEDICAL CENTER LLC-SATWA,290,0.897
APRIL MedNet Dental August 2026.csv,Dental,MINI VM POLYCLINIC,DUBAI,MINI VM POLY CLINIC,232,0.973
APRIL MedNet Dental August 2026.csv,Dental,COSTCARE MEDICAL CENTER,AJMAN,SMART CARE MEDICAL CENTER,1414,0.875
APRIL MedNet Dental August 2026.csv,Dental,AL NEBRAS MEDICAL CENTER LLC,RAS AL KHAIMAH,ALNEBRAS MEDICAL CENTER LLC,2369,0.982
APRIL MedNet Dental August 2026.csv,Dental,YASMED MEDICAL CENTER - UMM AL QUWAIN,UMM AL QUWAIN,AL HAYAT MEDICAL CENTER-UMM AL QUWAIN,582,0.861
APRIL MedNet Dental August 2026.csv,Dental,GEMINI MEDICAL CENTER LLC,DUBAI,GSM MEDICAL CENTER LLC,319,0.894
APRIL MedNet Dental August 2026.csv,Dental,"ELITE MEDICAL CENTER, SHARJAH",SHARJAH,MEGA MEDICAL CENTER-SHARJAH,507,0.873
APRIL MedNet Dental August 2026.csv,Dental,DR. ISMAIL MEDICAL CENTRE-MUHAISNAH BRANCH,DUBAI,DR.ISMAIL MEDICAL CENTRE-MUHAISINAH II  (BRANCH),1804,0.953
APRIL MedNet Dental August 2026.csv,Dental,"TOTAL CARE CLINIC (BR.ALFUTTAIM HEALTHCARE SINGLE PERSON COMPANY LLC), MUHAISNAH SONAPUR",DUBAI,TOTAL CARE CLINIC BR. ALFUTTAIM HEALTHCARE SINGLE PERSON COMPANY LLC,394,0.882
APRIL MedNet Dental August 2026.csv,Dental,NEMAT MEDICAL CENTRE - SHARJAH,SHARJAH,MEGA MEDICAL CENTER-SHARJAH,507,0.873
APRIL MedNet Dental August 2026.csv,Dental,SHIFA AL JAZEERA MEDICAL CENTRE - SHARJAH,SHARJAH,SHIFA AL JAZEERA MEDICAL CENTRE (SHJ),475,0.946
APRIL MedNet Dental August 2026.csv,Dental,DOUBLE CARE MEDICAL CENTER LLC,AJMAN,DOUBLE CARE MEDICAL CENTER L.L.C,1407,0.968
APRIL MedNet Dental August 2026.csv,Dental,NOOR AL SHIFA CLINIC L.L.C.,AJMAN,NOOR AL SHIFA CLINIC LLC,26,0.960
APRIL MedNet Dental August 2026.csv,Dental,RETAJ MEDICAL CENTER LLC- RAK,RAS AL KHAIMAH,RETAJ MEDICAL CENTRE LLC,459,0.885
APRIL MedNet Dental August 2026.csv,Dental,SHIFA AL JAZEERAH MEDICAL CENTRE - L.L.C 01,AJMAN,SHIFA AL JAZEERAH MEDICAL CENTRE - L.L.C - BRANCH 01,2,0.921
APRIL MedNet Dental August 2026.csv,Dental,ICARE ALREFFA - DUBAI - BR OF EXCEL HEALTHCARE LLC,DUBAI,ICARE AL REFFA (BR OF EXCEL HEALTHCARE L.L.C),2209,0.899
APRIL MedNet Dental August 2026.csv,Dental,ICARE AL QUASIS(BR OF EXCEL HEALTHCARE LLC),DUBAI,ICARE AL REFFA (BR OF EXCEL HEALTHCARE L.L.C),2209,0.871
APRIL MedNet Dental August 2026.csv,Dental,AL WAHDA MEDICAL CENTER,ABU DHABI,AL WAHDA MEDICAL CENTRE,133,0.957
APRIL MedNet Dental August 2026.csv,Dental,MEDPLUS MEDICAL CENTRE LLC,RAS AL KHAIMAH,MEDPLUS MEDICAL CENTER LLC,472,0.962
APRIL MedNet Dental August 2026.csv,Dental,AL SHEROUQ MEDICAL CENTER,SHARJAH,AL SEYOUH MEDICAL CENTER,557,0.898
APRIL MedNet Dental August 2026.csv,Dental,YOUR CENTER POLYCLINIC L.L.C,DUBAI,YOUR CENTER POLYCLINIC LLC,405,0.963
APRIL MedNet Dental August 2026.csv,Dental,MODERN FAMILY CLINIC,DUBAI,MODERN FAMILY CLINIC LLC,413,0.909
APRIL MedNet Dental August 2026.csv,Dental,MODERN FAMILY CLINIC LLC Branch (Alquoz),DUBAI,MODERN FAMILY CLINIC LLC Branch(Al Quoz),414,0.987
APRIL MedNet Dental August 2026.csv,Dental,MODERN FAMILY CLINIC LLC Branch (Barsha),DUBAI,MODERN FAMILY CLINIC LLC Branch (Al Barsha),415,0.962
APRIL MedNet Dental August 2026.csv,Dental,DR SUNNY MEDICAL CENTRE L.L.C,DUBAI,DR.SUNNY MEDICAL CENTRE JEBEL ALI,328,0.871
APRIL MedNet Dental August 2026.csv,Dental,ADVANCED CARE MEDICAL CENTER LLC (BRANCH) AL QOUZ SECOND,DUBAI,ADVANCED CARE MEDICAL CENTER LLC BRANCH-ALQUOZ 2,402,0.902
APRIL MedNet Dental August 2026.csv,Dental,ADVANCED CARE MEDICAL CENTER LLC BRANCH JEBEL ALI,DUBAI,ADVANCED CARE MEDICAL CENTER LLC BRANCH,403,0.886
APRIL MedNet Dental August 2026.csv,Dental,AL SHIFA GENERAL MEDICAL CLINIC-RAS AL KHAIMAH,RAS AL KHAIMAH,AL SHIFA GENERAL MEDICAL CLINIC-RAK,465,0.864
APRIL MedNet Dental August 2026.csv,Dental,SIKKA DENTAL CLINIC LLC,DUBAI,SIKKA DENTAL CLINIC L.L.C,1894,0.958
APRIL MedNet Dental August 2026.csv,Dental,OXFORD MEDICAL CENTER L.L.C,DUBAI,AFRIDI MEDICAL CENTER L.L.C,1851,0.889
APRIL MedNet Dental August 2026.csv,Dental,OXFORD PHARMACY L.L.C,DUBAI,OXFORD PHARMACY LLC,1063,0.950
APRIL MedNet Dental August 2026.csv,Dental,HARLEY INTERNATIONAL MEDICAL CLINIC - BARSHA,DUBAI,HARLEY INTERNATIONAL MEDICAL CLINIC BRANCH,318,0.929
APRIL MedNet Dental August 2026.csv,Dental,ZMC HEALTH CLINIC LLC -DUBAI,DUBAI,ZMC HEALTH CLINIC LLC,1847,0.875
APRIL MedNet Dental August 2026.csv,Dental,ASTER ROYAL CLINIC SPRINGS SOUK (BR OF DM HEALTHCARE (LLC)),DUBAI,ASTER ROYAL CLINIC SPRINGS SOUK PHARMACY BR OF D M HEALTHCARE L L C,1075,0.902
APRIL MedNet Dental August 2026.csv,Dental,FUJAIRAH PORT MEDICAL CENTRE,FUJAIRAH,FUJAIRAH PORT MEDICAL CENTER,447,0.964
APRIL MedNet Dental August 2026.csv,Dental,LIVERPOOL MEDICAL CLINIC L.L.C,DUBAI,LIVERPOOL MEDICAL CLINIC LLC,410,0.966
APRIL MedNet Dental August 2026.csv,Dental,TASHAFI2 BR.ALFUTTAIM HEALTHCARE SINGLE PERSON COMPANY LLC,DUBAI,TOTAL CARE CLINIC BR. ALFUTTAIM HEALTHCARE SINGLE PERSON COMPANY LLC,394,0.864
APRIL MedNet Dental August 2026.csv,Dental,PRIME SPECIALIST MEDICAL CENTRE LLC 2,SHARJAH,RIAZ SPECIALIST MEDICAL CENTER LLC,2446,0.873
APRIL MedNet Dental August 2026.csv,Dental,ASTER MEDICAL CENTRE AL JADDAF (Br of D M HEALTHCARE ) L L C,DUBAI,ASTER MEDICAL CENTRE REM RAAM (BR OF D M HEALTHCARE LLC),357,0.865
