PROVIDER NAME,EMIRATE,PROVIDER TYPE,AREA,ADDRESS,TELEPHONE
AHALIA HOSPITAL,ABU DHABI,---,,HAMDAN ST,02-6262666 /80055
LLH HOSPITAL LLC ( FORMERLY KNOWN AS LIFELINE HOSPITAL ),ABU DHABI,---,,ELECTRA STREET ABU DHABI,02-6335522 /80055
LIFECARE HOSPITAL LLC,ABU DHABI,---,,"GATE NO.-6, AL RAHA VILLAGE ,AL WATHBA,BANIYAS, ABU DHABI U.A.E",02-5856333 /80055
LLH HOSPITAL AL MUSAFAH LLC( FORMERLY KNOWN AS LIFE LINE HOSPITAL AL MUSAFAH LLC),ABU DHABI,---,,SANAIYYA SECTOR18 MUSSAFFAH,02-5557711 /80055
SALMA REHABILITATION HOSPITAL - L.L.C - S.P.C (SEHA-ABU DHABI),ABU DHABI,---,,"PLOT 58B, ABU DHABI, QURM CORNICHE - EAST38_1, ABU DHABI, UAE, 128655",02-6662929
MADINAT ZAYED HOSPITAL (SEHA-ABU DHABI),ABU DHABI,---,,"MADINAT ROAD, BADA ZAYED, ABU DHABILANDMARK: OPPOSITE AL DHAFRA CO-OPERATIVE",02-8070000
GHIATHY HOSPITAL (SEHA-ABU DHABI),ABU DHABI,---,,"RUWAIS, NR RIYATHI, | ABU DHABI | UNITED ARAB EMIRATES",02-8070000
SILA HOSPITAL (SEHA-ABU DHABI),ABU DHABI,---,,"ABU DHABI-SILA ROAD (E 11), AL SILA, ABU DHABILANDMARK: OPPOSITE AL SILA PARK",02-8070000
TAWAM HOSPITAL (SEHA-ABU DHABI),ABU DHABI,---,,"TAWAM CAMPUS, MAQAM STREET, AL AIN",03-7677444
LIWA HOSPITAL (SEHA-ABU DHABI),ABU DHABI,---,,"LIWA-MADINAT ZAYED ROAD (E 45 ROAD), LIWA, ABU DHABILANDMARK: NEAR ADNOC PETROL STATION",02-8070000
MARFA HOSPITAL (SEHA-ABU DHABI),ABU DHABI,---,,"ABU DHABI-SILA ROAD (E 11), AL MIRFA, ABU DHABILANDMARK: NEAR NATIONAL BANK OF ABU DHABI",02-8070000
SHEIKH KHALIFA MEDICAL CITY (SEHA-ABU DHABI),ABU DHABI,---,,"KARAMA STREET, ABU DHABI CITY,",02-8190000
CORNICHE HOSPITAL (SEHA-ABU DHABI),ABU DHABI,---,,CORNICHE STREET BESIDE SHERATON ABU DHABI,02-6724900
AMINA HOSPITAL LLC,AJMAN,---,,"SHEIKH RASHID BIN HUMEED STREET ,AL QUDS AJMAN",06-7114444
AL RAHBA HOSPITAL (SEHA-ABU DHABI),AJMAN,---,,"MIDDLE REGION, AL SHAHAMA STREET, AL RAHBA, AUH",02-5064444
THUMBAY HOSPITAL LLC ( FORMERLY KNOWN AS GMC HOSPITAL & RESEARCH CENTRE LLC ),AJMAN,---,,"OLD SUOQ , AJMAN BORDER",06-7463333
AJMAN SPECIALTY GENERAL HOSPITAL,AJMAN,---,,NEW INDUSTR SHEIKH AL MAKTOOM STREET AJMAN,06-7052200
THUMBAY UNIVERSITY HOSPITAL COMPLEX LLC,AJMAN,---,,"THUMBAY MEDICITY, RASHID AL KHADER STREET, AL JURF AJMAN",06-7030555
KANAD HOSPITAL (FORMERLY KNOWN AS OASIS HOSPITAL),AL AIN,---,,"AL SANAIYA ROAD, ETISALAT BLDG.",03-7131111
NEW MEDICAL CENTER SPECIALITY HOSPITAL LLC,AL AIN,---,,"AL MUTARADH DIST,OPP POLICE HEADQUATERS,AL AIN",03-7555999
SHEIKH TAHNOON BIN MOHAMMED MEDICAL CITY (SEHA-ABU DHABI),AL AIN,---,,"STMC HOSPITAL, AL AIN, UAE, 6, AS SUROUR ST, AL MU'TARID, AL AIN, 30019",02-4102000
AL WAGAN HOSPITAL (SEHA-ABU DHABI),AL AIN,---,,"AL WAGAN STREET, AL AIN,AL WAGAN PARK",03-7352222
AL AIN HOSPITAL (SEHA-ABU DHABI),AL AIN,---,,"AL JIMI DISTRICT SHAKHBOOT IBN SULTAN STREET,AL AIN",03-7022000
NMC SPECIALTY HOSPITAL (FOR IN PATIENT ONLY ),DUBAI,---,,"AL NAHDA STREET, QUSAIS",04-2679999
NMC ROYAL HOSPITAL LLC (FORMERLY KNOWN AS NMC HOSPITAL LLC ) (FOR IN PATIENT ONLY ),DUBAI,---,,"DUBAI INVESTMENT PARK 1, OPPOSITE GREEN COMMUNITY",04-8108800
THUMBAY HOSPITAL LLC,DUBAI,---,,"13TH STREET AL QUSAIS1, NEAR LULU HYPERMARKET DUBAI",04-6030555
RASHID HOSPITAL,DUBAI,---,,"OUD METHA AREA, NEAR PAKISTAN EDUCATION ACADEMY - DUBAI",04 -2191040
DUBAI HOSPITAL,DUBAI,---,,"AL KHALEEJASTREET,ALBARAHA - DUBAI",04-2195974
LATIFA HOSPITAL,DUBAI,---,,"OUD METHA ROAD, AL JADAF - DUBA",04-2193044
HATTA HOSPITAL,DUBAI,---,,HATTA CITY CENTER,04-8147481
IRANIAN HOSPITAL,DUBAI,---,,"JUMEIRAH 1,DUBAI U.A.E",04-3440250
JEBEL ALI EMERGENCY AND TRAUMA CENTER,DUBAI,---,,"DUBAI INDUSTRIAL CITY,SAIH SHUAIB 2, MADINAT AL QUDRA ,INTERNATIONAL HUMANITARIAN CITY.",80060
BEHAVIORAL SCIENCES PAVILION (SEHA-ABU DHABI),DUBAI,---,,"AL KARAMA STREET, BESIDE SHEIKH KHALIFA MEDICAL CITY, AUH",02-8190000
DELMA HOSPITAL (SEHA-ABU DHABI),DUBAI,---,,"WESTERN REGION, DELMA ISLAND, ABUDHABI.",02-8070000
AL SHARQ HOSPITAL,FUJAIRAH,---,,"AL FASEEL ROAD,STRAIGHT TO HILTON HOTEL, FUJAIRAH",09-2249999
AL SHARQ HOSPITAL - DIBBA,FUJAIRAH,---,,SHEIKH ZAYED BIN SULTAN AL NAHYAN ROAD AL NAHDAH DIBBA FUJAIRAH,09-2773200
THUMBAY HOSPITAL LLC FUJAIRAH BRANCH ( FORMERLY KNOWN AS GMC HOSPITAL & RESEARCH CENTRE LLC ),FUJAIRAH,---,,"SHEIKH ZAYED ROAD, NEAR AL HALI CLUB, FUJAIRAH",09-2244233
AL ZAHRAWI HOSPITAL,RAK,---,,AL NAKHEEL ROAD,07-2288544
AL ORAIBI HOSPITAL,RAK,---,,"OPPOSITE HOME CENTRE, AL MUNTASSER STREET AL NAKHEEL RAK",07-2288511
CENTRAL PRIVATE HOSPITAL,SHARJAH,---,,"BEHIND POLICE HQ, CLOCK TOWER",06-5639900
ORIANA HOSPITAL FOR ONE DAY SURGERY,SHARJAH,---,,"AL TAAWUN STREET - AL KHAN,SHARJAH",06-5251000
DAR AL OYOUN HOSPITAL FOR ONE DAY SURGERY LLC.SP,SHARJAH,---,,"CRYSTAL PLAZA BLOCK 1102,1103 SHARJAH",06-5750015
"THUMBAY HOSPITAL DAY CARE, MUWAILAH",SHARJAH,---,,"UNIVERSITY CITY ROAD, SHARJAH",06-5449444
AL SAHA WA AL SHIFAA HOSPITAL FOR ONE DAY SURGERY ( FORMERLY KNOW AS AL SOHA & AL SHIFA SPECIALITIES COMPLEX ),SHARJAH,---,,"ROLLA MALL,3RD FLOOR AL GHUWAIRA ROLLA PARK SHARJAH",06-5632618
ITTIHAD MEDICAL CENTRE,ABU DHABI,GENERAL PRACTITIONER,,"BANK SADERAT IRAN BLDG, HAMDAN STREET",02-6226611
CARE WELL MEDICAL CENTRE,ABU DHABI,GENERAL PRACTITIONER,,HAMDAN STREET,02-6728966
CARE WELL MEDICAL CENTRE,ABU DHABI,GENERAL PRACTITIONER,,HAMDAN STREET,02-6728966
CARE WELL MEDICAL CENTRE,ABU DHABI,GENERAL PRACTITIONER,,HAMDAN STREET,02-6728966
CARE WELL MEDICAL CENTRE,ABU DHABI,GENERAL PRACTITIONER,,HAMDAN STREET,02-6728966
ARAB AL JAZEERA MEDICAL CENTER,ABU DHABI,GENERAL PRACTITIONER,,"AMAN HUSSAIN AL KHITRI BLDG, MUSSAFAH",02-5520250
ARAB AL JAZEERA MEDICAL CENTER,ABU DHABI,GENERAL PRACTITIONER,,"AMAN HUSSAIN AL KHITRI BLDG, MUSSAFAH",02-5520250
CARE WELL MODERN MEDICAL CENTRE,ABU DHABI,GENERAL PRACTITIONER,,MADINAT ZAYED,02-5538801
AL ZAHRA MEDICAL CENTRE,ABU DHABI,GENERAL PRACTITIONER,,"AL ZAHRA MEDICAL CENTRE, ABU-DHABI",02-6334073
TAHA MEDICAL CENTRE,ABU DHABI,GENERAL PRACTITIONER,,"OLD PASSPORT RD, ABOVE DAWOOD SON'S",02-6343438
ZIA MEDICAL CENTRE,ABU DHABI,GENERAL PRACTITIONER,,"IN FRONT OF BRIDGE SHABIYA KHALIFA, NEW MUSSAFAH SECTOR 12, BLDG NO.-104",02-5522201
TOP CARE MEDICAL CENTRE,ABU DHABI,GENERAL PRACTITIONER,,"I CARD RESIDENTIAL CITY, NEAR POLICE STATION, MUSAFFA",02-5500620
TOP CARE MEDICAL CENTRE,ABU DHABI,GENERAL PRACTITIONER,,"I CARD RESIDENTIAL CITY, NEAR POLICE STATION, MUSAFFA",02-5500620
TOP CARE MEDICAL CENTRE,ABU DHABI,GENERAL PRACTITIONER,,"I CARD RESIDENTIAL CITY, NEAR POLICE STATION, MUSAFFA",02-5500620
TOP CARE MEDICAL CENTRE,ABU DHABI,GENERAL PRACTITIONER,,"I CARD RESIDENTIAL CITY, NEAR POLICE STATION, MUSAFFA",02-5500620
AL AMEEN MEDICAL CENTRE,ABU DHABI,GENERAL PRACTITIONER,,"NASAR AL MANSOORI, ELECTRA STREET",02-6339722
AL AMEEN MEDICAL CENTRE,ABU DHABI,GENERAL PRACTITIONER,,"NASAR AL MANSOORI, ELECTRA STREET",02-6339722
AL AMEEN MEDICAL CENTRE,ABU DHABI,GENERAL PRACTITIONER,,"NASAR AL MANSOORI, ELECTRA STREET",02-6339722
AL FALAH MEDICAL POLYCLINIC,ABU DHABI,GENERAL PRACTITIONER,,"MEISA MOHD SABAH , AL RUMAITHY ZAYEED 1ST STREET,ABUDHABI",02-6211814
KHALIFA MEDICAL CENTRE,ABU DHABI,GENERAL PRACTITIONER,,AL FALAH STREET,02-6771400
KHALIFA MEDICAL CENTRE,ABU DHABI,GENERAL PRACTITIONER,,AL FALAH STREET,02-6771400
TALAT MEDICAL CENTRE NEW AL MUSSAFAH,ABU DHABI,GENERAL PRACTITIONER,,"NEAR BANIYAS SUPERMARKET, SHABIA,KHALIFA,12, MUSSAFAH",02-5527100
TALAT MEDICAL CENTRE,ABU DHABI,GENERAL PRACTITIONER,,"AL FALAH STREET, NEAR FATIMA SUPERMARKET, ABUDHABI",02-6426545
TALAT MEDICAL CENTRE,ABU DHABI,GENERAL PRACTITIONER,,"AL FALAH STREET, NEAR FATIMA SUPERMARKET, ABUDHABI",02-6426545
WAZIRUSTAN CLINIC,ABU DHABI,GENERAL PRACTITIONER,,"GAYATHI, ABU DHABI",02-8741400
DR. MOOPEN'S MEDICAL CENTRE,ABU DHABI,GENERAL PRACTITIONER,,"MUSSAFFA, ABU DHABI",02-5557078
NEW NATIONAL MEDICAL CENTRE,ABU DHABI,GENERAL PRACTITIONER,,MUSAFFA SABIA KHALIFA,02-5520100
AL-ZAHRAH MEDICAL CENTRE,ABU DHABI,GENERAL PRACTITIONER,,"AL ZAHRA MEDICAL CENTER,ABU-DHABI",02-6334073
GOLDEN CURE MEDICAL CENTRE LLC (FORMERLY KNOWN AS AL MAZEN MEDICAL CENTER FOR COSMO DERMATOLOGY LLC ),ABU DHABI,GENERAL PRACTITIONER,,"GROUND FLOOR,SHABIYA ME11,NEAR MEDICLINIC ABUDHABI",02-6790622
GOLDEN CURE MEDICAL CENTRE LLC (FORMERLY KNOWN AS AL MAZEN MEDICAL CENTER FOR COSMO DERMATOLOGY LLC ),ABU DHABI,GENERAL PRACTITIONER,,"GROUND FLOOR,SHABIYA ME11,NEAR MEDICLINIC ABUDHABI",02-6790622
GOLDEN CURE MEDICAL CENTRE LLC (FORMERLY KNOWN AS AL MAZEN MEDICAL CENTER FOR COSMO DERMATOLOGY LLC ),ABU DHABI,GENERAL PRACTITIONER,,"GROUND FLOOR,SHABIYA ME11,NEAR MEDICLINIC ABUDHABI",02-6790622
TAHA MEDICAL CENTRE,ABU DHABI,PAEDIATRICIAN,,"OLD PASSPORT RD, ABOVE DAWOOD SON'S",02-6343438
AL RAYYAN MEDICAL CENTRE,ABU DHABI,E.N.T. SPECIALIST,,"MUSSAFAH , SECTOR 11",02-5522262
TAHA MEDICAL CENTRE,ABU DHABI,INTERNAL MEDICINE,,"OLD PASSPORT RD, ABOVE DAWOOD SON'S",02-6343438
TAHA MEDICAL CENTRE,ABU DHABI,INTERNAL MEDICINE,,"OLD PASSPORT RD, ABOVE DAWOOD SON'S",02-6343438
TAHA MEDICAL CENTRE,ABU DHABI,OPHTHALMOLOGIST,,"OLD PASSPORT RD, ABOVE DAWOOD SON'S",02-6343438
TOP CARE MEDICAL CENTRE,ABU DHABI,OPHTHALMOLOGIST,,"I CARD RESIDENTIAL CITY, NEAR POLICE STATION, MUSAFFA",02-5500620
AL FALAH MEDICAL POLYCLINIC,ABU DHABI,OPHTHALMOLOGIST,,"MEISA MOHD SABAH , AL RUMAITHY ZAYEED 1ST STREET,ABUDHABI",02-6211814
NEW NATIONAL MEDICAL CENTRE,ABU DHABI,---,,MUSAFFA SABIA KHALIFA,02-5520100
DR. MOOPEN'S MEDICAL CENTRE,ABU DHABI,---,,"MUSSAFFA, ABU DHABI",02-5557078
AL MARFA AL AHLI MEDICAL CENTRE,ABU DHABI,---,,NEAR NATIONAL BANK OF ABU DHABI,02-8833638
AL MUSAFFAH AL AHLI MEDICAL CENTRE,ABU DHABI,---,,"NATIONAL BANK OF ABU DHABI BLDG.,ABU DHABI U.A.E",02-5541155
BANYAS AL AHLI MEDICAL CENTRE,ABU DHABI,---,,"NEAR ZENITH SUPER MARKET, DAR AL ULLOOM PRIVATE SCHOOL, BANIYAS ,ABU DHABI",02-5836634
DAWN MEDICAL CENTRE,ABU DHABI,---,,"BEHIND LIWA CENTRE, HAMDAN STREET",02-6216900
OASIS MEDICAL CENTRE,ABU DHABI,---,,MUSAFAH BESIDE FATIMAH SUPERMARKET,02-5506691
EASTERN AHALIA MEDICAL CENTRE,ABU DHABI,---,,"EASTERN BANIYAS, ABU DHABI",02-5856005
AL ADAR CENTER - YAS,ABU DHABI,---,,YAS ISLAND EAST ABU DHABI U.A.E,02-5563492
NEW NATIONAL MEDICAL CENTRELLC - BRANCH 1,ABU DHABI,---,,"HAMMEM RESIDENTIAL CITY PLOT NO. H1C3-3 1ST FLOOR , ABU DHABI",02-5852420
AMBULANCE AND PUBLIC SAFETY DEPARTMENT,ABU DHABI,---,,BANIYAS STREET ABU DHABI,60052002
NATIONAL AMBULANCE LLC,ABU DHABI,---,,"ETIHAD TOWERS,TOWER 3,LEVEL 7,BAINOUNAH STREET,AL RAS AL AKHDAR ABU DHABI",02-5368600
GAYATHI AHALIA MEDICAL CLINIC,ABU DHABI,---,,"GAYATHI, NEAR ADCB BANK",02-8741267
HALA MEDICAL CENTRE ( FORMERLY KNOWN AS RAHMA MEDICAL CLINIC),ABU DHABI,---,,"WESTERN REGION, NEAR UAE EXCHANGE",02-8742437
MADINAT ZAYED AHALIA MEDICAL CENTRE (AHLIA GROUP),ABU DHABI,---,,"NEAR AL DAFRA COOPERATIVE SOCIETY, TARIF AL- LIWA ROAD, NEAR RULERS COURT, WESTERN REGION, MADINAT ZAYED",02-8848855
GOLDEN SANDS MEDICAL CENTRE,ABU DHABI,GENERAL PRACTITIONER,,"AL FALAH ST, ABOVE SANDS PHARMACY",02-6427171
GOLDEN SANDS MEDICAL CENTRE,ABU DHABI,GENERAL PRACTITIONER,,"AL FALAH ST, ABOVE SANDS PHARMACY",02-6427171
GOLDEN SANDS MEDICAL CENTRE,ABU DHABI,FAMILY MEDICINE,,"AL FALAH ST, ABOVE SANDS PHARMACY",02-6427171
GOLDEN SANDS MEDICAL CENTRE,ABU DHABI,GENERAL PRACTITIONER,,"AL FALAH ST, ABOVE SANDS PHARMACY",02-6427171
GOLDEN SANDS MEDICAL CENTRE,ABU DHABI,GENERAL PRACTITIONER,,"AL FALAH ST, ABOVE SANDS PHARMACY",02-6427171
HISN AL DHAFRA MEDICAL CENTER (SEHA-ABU DHABI),ABU DHABI,---,,AD DHAFRA RD - MADINAT ZA'ID - MZE19 - ABU DHABI,02 4102000
YAS MOBILE CLICNIC (SEHA-ABU DHABI),ABU DHABI,---,,ABU DHABI,02 4102000
SEHA KIDNEY CARE CENTER- LIWA HOSPITAL (SEHA-ABU DHABI),ABU DHABI,---,,MZEER?AH - MAHDAR AL LHYALI - ABU DHABI,02-5012925
SEHA AMBULANCE SERVICES (SEHA-ABU DHABI),ABU DHABI,---,,ABU DHABI,80050
SIR BANIYAS CLINIC (SEHA-ABU DHABI),ABU DHABI,---,,AL DHAFRAH,02-8070000
AL MUSHRIF CHILDREN'S SPECIALTY CENTER (SEHA-ABU DHABI),ABU DHABI,---,,AL MUSHRIF - W52 - ABU DHABI,02 8191568
AL TOWAYYA CHILDREN'S SPECIALTY CENTER (SEHA-ABU DHABI),ABU DHABI,---,,AL AFIYA ST - AL TIWAYYA - EIDAN AL JAREH - ABU DHABI,03-7677444
AL CORNICE HOSPITAL IVF CENTRE (SEHA-ABU DHABI),ABU DHABI,---,,AL ZAHIYAH - E12 - ABU DHABI,02-6724900
AL FALAH HEALTHCARE CENTRE (SEHA-ABU DHABI),ABU DHABI,---,,9 GHAFAT SHAKHBOUT ST - AL FALAH - 1C - ABU DHABI,2-7115072
MADINAT ZAYED HOSPITAL- PROVISION OF HEALTH SERVICES (SEHA-ABU DHABI),ABU DHABI,---,,MOHAMED KHALAF - MADINAT ZA'ID - MZW8 - ABU DHAB,02-8070000
SEHA DIALYSIS SERVICES Ð TAWAM HOSPITAL (SEHA-ABU DHABI),ABU DHABI,---,,NEAR ABELA SUPERMARKET - AL MAQAM - TWAM - ABU DHABI,02-5012925
SEHA KIDNEY CARE - MADINAT ZAYED HOSPITAL (SEHA-ABU DHABI),ABU DHABI,---,,AL DHAFRAH,02-5012925
SEHA KIDNEY CARE - DELMA HOSPITAL (SEHA-ABU DHABI),ABU DHABI,---,,AL DHAFRAH,02-4102900
SEHA KIDNEY CARE - AL MARFA HOSPITAL (SEHA-ABU DHABI),ABU DHABI,---,,AL DHAFRAH,02-4102900
SEHA KIDNEY CARE - AL SILA HOSPITAL (SEHA-ABU DHABI),ABU DHABI,---,,AL DHAFRAH,02-5012929
SEHA KIDNEY CARE - GHAITHY HOSPITAL (SEHA-ABU DHABI),ABU DHABI,---,,AL DHAFRAH,02-5012929
SEHA DIALYSIS SERVICES - SHEIKH KHALIFA MEDICAL CITY (SEHA-ABU DHABI),ABU DHABI,---,,BEHIND SKMC - AL MANHAL - AL TIBBIYA - ABU DHABI,80050
SEHA KIDNEY CARE CENTER - ABU DHABI (SEHA-ABU DHABI),ABU DHABI,---,,HAZZA ' BIN ZAYED THE FIRST ST - AL MANHAL - AL TIBBIYA - ABU DHABI,02-5012925
AL DHAFRA FAMILY MEDICINE CENTER (SEHA-ABU DHABI),ABU DHABI,---,,MADINAT ZAYED - MZW13 - ABU DHABI,02-8070000
SEHA KIDNEY CARE CENTER - CENTRAL (SEHA-ABU DHABI),ABU DHABI,---,,HAZZA ' BIN ZAYED THE FIRST ST - AL MANHAL - AL TIBBIYA - ABU DHABI,02- 5012929
AL CORNICHE WOMEN'S HEALTH CENTER (SEHA-ABU DHABI),ABU DHABI,---,,ABU DHABI,02-6724900
AMBULATORY HEALTH CARE- PROVISION OF HELTH SERVICE OFFICE (SEHA-ABU DHABI),ABU DHABI,---,,AMBULATORY HEALTH CARE- PROVISION OF HELTH SERVICE OFFICE,800 50
AL SHAMKHA HEALTHCARE CENTER (SEHA-ABU DHABI),ABU DHABI,---,,BEHIND ASMA SCHOOL - AL SHAMKHA - SH-20 - ABU DHABI,800 50
MADINAT MOHAMED BIN ZAYED HEALTHCARE CENTER (SEHA-ABU DHABI),ABU DHABI,---,,GROUND FLOOR - 59 SAEED BIN ABDULLAH AL QUBAISI ST - MOHAMED BIN ZAYED CITY - Z15 - ABU DHABI,8116571
DISEASE PREVENTION AND SCREENING CENTER - MADINAT ZAYED (SEHA-ABU DHABI),ABU DHABI,---,,MADINAT ZAYED 5 - ABU DHABI,02-8846223
AL MAFRAQ DENTAL CENTER (SEHA-ABU DHABI),ABU DHABI,---,,SHAKHBOUT CITY - MSH44 - ABU DHABI,02 582 3695
AL ZAFARANAH DIAGNOSTIC & SCREENING CENTER (SEHA-ABU DHABI),ABU DHABI,---,,MUROOR RD - AL MUSHRIF - ZONE 1 - ABU DHABI,27113790
AL ROWDA HEALTHCARE CENTER (SEHA-ABU DHABI),ABU DHABI,---,,AL KARAMA STREET - AL MANHAL - W14 01 - ABU DHABI,02-610 2000
AL MADINA OCCUPATIONAL HEALTH CENTER (SEHA-ABU DHABI),ABU DHABI,---,,AL DANAH - ZONE 1 - ABU DHABI,80050
SAKINA FOR CHILDREN (SEHA-ABU DHABI),ABU DHABI,---,,MOHAMMED BIN KHALIFA ST - AL NAHYAN - ZONE 1 - ABU DHABI,02 711 6244
AL BATEEN HEALTHCARE CENTER (SEHA-ABU DHABI),ABU DHABI,---,,2 OBAID BIN RASHID AL MUHAIRI ST - AL BATEEN - W16 - ABU DHABI,02 711 4651
AL DHAFRA DENTAL CENTER (SEHA-ABU DHABI),ABU DHABI,---,,AL DHAFRA - ABU DHABI,02 819 1801
ABU DHABI DIALYSIS CENTER (SEHA-ABU DHABI),ABU DHABI,---,,THE FIRST ST - AL DANAH - ZONE 1 - ABU DHABI,02 819 1427
AL QUAA HEALTHCARE CENTER (SEHA-ABU DHABI),ABU DHABI,---,,AL QUAA - AL QOU' - AL QUO'A TOWN - ABU DHABI,03 7356115
AL MASOUDI HEALTHCARE CENTER (SEHA-ABU DHABI),ABU DHABI,---,,AL MAS'OUDI - AL MRAGHA - ABU DHABI,02-7022589
ABU AL ABYAD CLINIC (SEHA-ABU DHABI),ABU DHABI,---,,ABU AL ABYAD ISLAND - ABU DHABI,02-8070000
AL SAMHA HEALTHCARE CENTER (SEHA-ABU DHABI),ABU DHABI,---,,311 - AL SAMHAH - AL SAMHAH EAST - ABU DHABI,80050
MADINAT KHALIFA HEALTHCARE CENTER (SEHA-ABU DHABI),ABU DHABI,---,,KHALIFA CITY - SECTOR 12 - ABU DHABI,02-5561695
AL BAHYA HEALTHCARE CENTER (SEHA-ABU DHABI),ABU DHABI,---,,AL SHAHAMA - ABU DHABI RD - AL BAHYAH - AL BAHYAH OLD - ABU DHABI,02-5632599
BEDA AL MUTAWA MEDICAL CENTER (SEHA-ABU DHABI),ABU DHABI,---,,BAD' AL MUTAW'AH - ABU DHABI,02-8070000
AL KHATIM HEALTHCARE CENTER (SEHA-ABU DHABI),ABU DHABI,---,,AL KHATM - AL KHATM OLD - ABU DHABI,02-5641192
AL MAQTAA HEALTHCARE CENTER (SEHA-ABU DHABI),ABU DHABI,---,,MAQTAA - ARABIAN GULF ST - RABDAN - RB9 - ABU DHABI,02-5757875
BANIYAS HEALTHCARE CENTER (SEHA-ABU DHABI),ABU DHABI,---,,"BANIYAS,ABU DHABI - 51 - BANI YAS - BANIYAS EAST - ABU DHABI",02-8779215
IBIN SINA MEDICAL CENTER,AJMAN,GENERAL PRACTITIONER,,"1ST FLOOR , AL QUDS BLDG., OPPOSITE ARAB BANK, AL QUDS STREET, AL SAWAN AREA ,AJMAN",06-7457755
IBIN SINA MEDICAL CENTER,AJMAN,GENERAL PRACTITIONER,,"1ST FLOOR , AL QUDS BLDG., OPPOSITE ARAB BANK, AL QUDS STREET, AL SAWAN AREA ,AJMAN",06-7457755
IBIN SINA MEDICAL CENTER,AJMAN,GENERAL PRACTITIONER,,"1ST FLOOR , AL QUDS BLDG., OPPOSITE ARAB BANK, AL QUDS STREET, AL SAWAN AREA ,AJMAN",06-7457755
IBIN SINA MEDICAL CENTER,AJMAN,GENERAL PRACTITIONER,,"1ST FLOOR , AL QUDS BLDG., OPPOSITE ARAB BANK, AL QUDS STREET, AL SAWAN AREA ,AJMAN",06-7457755
IBIN SINA MEDICAL CENTER,AJMAN,GENERAL PRACTITIONER,,"1ST FLOOR , AL QUDS BLDG., OPPOSITE ARAB BANK, AL QUDS STREET, AL SAWAN AREA ,AJMAN",06-7457755
IBIN SINA MEDICAL CENTER,AJMAN,GENERAL PRACTITIONER,,"1ST FLOOR , AL QUDS BLDG., OPPOSITE ARAB BANK, AL QUDS STREET, AL SAWAN AREA ,AJMAN",06-7457755
DR. RAJEEVAN MEDICAL CENTRE,AJMAN,GENERAL PRACTITIONER,,"AL SARRAGE COMPLEX, NEW SANAIYA, AJMAN",06-7431330
AL HELAL MEDICAL CENTER,AJMAN,GENERAL PRACTITIONER,,"OTHMAM BIN AFFAM, SAID HAMEED BLDG. AJMAN",06-7446359
SUNIL MEDICAL CLINIC,AJMAN,GENERAL PRACTITIONER,,"FLAT 102, TAIMOOR BLDG, NEW INDUSTRIAL AREA, AJMAN",06-7483983
SUNIL MEDICAL CLINIC,AJMAN,GENERAL PRACTITIONER,,"FLAT 102, TAIMOOR BLDG, NEW INDUSTRIAL AREA, AJMAN",06-7483983
ACCESS MEDICAL CENTRE,AJMAN,GENERAL PRACTITIONER,,"AL HAMRAIN SOUQ,AJMAN INDUSTRIAL AREA 1,NEAR TO NESTO HYPERMARKET",06-7404778
FAMILY MEDICAL CLINIC,AJMAN,GENERAL PRACTITIONER,,"NEW INDUSTRIAL AREA, AL ZAHRA AJMAN",06-7434800
FAMILY MEDICAL CLINIC,AJMAN,GENERAL PRACTITIONER,,"NEW INDUSTRIAL AREA, AL ZAHRA AJMAN",06-7434800
FAMILY MEDICAL CLINIC,AJMAN,GENERAL PRACTITIONER,,"NEW INDUSTRIAL AREA, AL ZAHRA AJMAN",06-7434800
NEW IBIN SINA MEDICAL CENTRE,AJMAN,GENERAL PRACTITIONER,,"CANADIAN BLDG., 1ST FLOOR FLAT NO. 107 & 108 , NEAR AJMAN TRAFFIC & LICENSING DEPARTMENT, AL JURF AJMAN",06-7413330
ALIA MEDICAL CENTRE,AJMAN,GENERAL PRACTITIONER,,"CITY MART BLDG.,2ND FLOOR FLAT NO. 209 & 210,OPPOSITE KUWAIT HOSPITAL, AL BUSTAN AJMAN",06-7475599
ALIA MEDICAL CENTRE,AJMAN,GENERAL PRACTITIONER,,"CITY MART BLDG.,2ND FLOOR FLAT NO. 209 & 210,OPPOSITE KUWAIT HOSPITAL, AL BUSTAN AJMAN",06-7475599
ALIA MEDICAL CENTRE,AJMAN,GENERAL PRACTITIONER,,"CITY MART BLDG.,2ND FLOOR FLAT NO. 209 & 210,OPPOSITE KUWAIT HOSPITAL, AL BUSTAN AJMAN",06-7475599
THUMBAY CLINIC LLC AL RASHIDEYA 1,AJMAN,PAEDIATRICIAN,,"AL QUDS STREET,AL RASHIDIYA 3 AJMAN",06-7119555
IBIN SINA MEDICAL CENTER,AJMAN,PAEDIATRICIAN,,"1ST FLOOR , AL QUDS BLDG., OPPOSITE ARAB BANK, AL QUDS STREET, AL SAWAN AREA ,AJMAN",06-7457755
IBIN SINA MEDICAL CENTER,AJMAN,PAEDIATRICIAN,,"1ST FLOOR , AL QUDS BLDG., OPPOSITE ARAB BANK, AL QUDS STREET, AL SAWAN AREA ,AJMAN",06-7457755
IBIN SINA MEDICAL CENTER,AJMAN,PAEDIATRICIAN,,"1ST FLOOR , AL QUDS BLDG., OPPOSITE ARAB BANK, AL QUDS STREET, AL SAWAN AREA ,AJMAN",06-7457755
IBIN SINA MEDICAL CENTER,AJMAN,PAEDIATRICIAN,,"1ST FLOOR , AL QUDS BLDG., OPPOSITE ARAB BANK, AL QUDS STREET, AL SAWAN AREA ,AJMAN",06-7457755
AL HELAL MEDICAL CENTER,AJMAN,CARDIOLOGIST,,"OTHMAM BIN AFFAM, SAID HAMEED BLDG. AJMAN",06-7446359
IBIN SINA MEDICAL CENTER,AJMAN,CARDIOLOGIST,,"1ST FLOOR , AL QUDS BLDG., OPPOSITE ARAB BANK, AL QUDS STREET, AL SAWAN AREA ,AJMAN",06-7457755
AL ITTIHAD POLYCLINIC & DIAGNOSTIC CENTRE,AJMAN,E.N.T. SPECIALIST,,"AL ITTIHAD ST, NEXT TO OLD LABOUR OFFICE",06-7441414
ASTER MEDICAL CENTRE,AJMAN,E.N.T. SPECIALIST,,"SHEIKH KHALIFA BIZAHID ST.OPPOSITE ADNOC PETROL STATION, AJMAN",06-7314799
IBIN SINA MEDICAL CENTER,AJMAN,E.N.T. SPECIALIST,,"1ST FLOOR , AL QUDS BLDG., OPPOSITE ARAB BANK, AL QUDS STREET, AL SAWAN AREA ,AJMAN",06-7457755
IBIN SINA MEDICAL CENTER,AJMAN,INTERNAL MEDICINE,,"1ST FLOOR , AL QUDS BLDG., OPPOSITE ARAB BANK, AL QUDS STREET, AL SAWAN AREA ,AJMAN",06-7457755
IBIN SINA MEDICAL CENTER,AJMAN,INTERNAL MEDICINE,,"1ST FLOOR , AL QUDS BLDG., OPPOSITE ARAB BANK, AL QUDS STREET, AL SAWAN AREA ,AJMAN",06-7457755
FAMILY MEDICAL CLINIC,AJMAN,INTERNAL MEDICINE,,"NEW INDUSTRIAL AREA, AL ZAHRA AJMAN",06-7434800
IBIN SINA MEDICAL CENTER,AJMAN,GYNAECOLOGIST,,"1ST FLOOR , AL QUDS BLDG., OPPOSITE ARAB BANK, AL QUDS STREET, AL SAWAN AREA ,AJMAN",06-7457755
IBIN SINA MEDICAL CENTER,AJMAN,GYNAECOLOGIST,,"1ST FLOOR , AL QUDS BLDG., OPPOSITE ARAB BANK, AL QUDS STREET, AL SAWAN AREA ,AJMAN",06-7457755
NEW IBIN SINA MEDICAL CENTRE,AJMAN,GYNAECOLOGIST,,"CANADIAN BLDG., 1ST FLOOR FLAT NO. 107 & 108 , NEAR AJMAN TRAFFIC & LICENSING DEPARTMENT, AL JURF AJMAN",06-7413330
SPECIALIST MEDICAL CENTRE,AJMAN,OPHTHALMOLOGIST,,AL ITTIHAD STREET AJMAN,06-7442626
IBIN SINA MEDICAL CENTER,AJMAN,OPHTHALMOLOGIST,,"1ST FLOOR , AL QUDS BLDG., OPPOSITE ARAB BANK, AL QUDS STREET, AL SAWAN AREA ,AJMAN",06-7457755
ALIA MEDICAL CENTRE,AJMAN,OPHTHALMOLOGIST,,"CITY MART BLDG.,2ND FLOOR FLAT NO. 209 & 210,OPPOSITE KUWAIT HOSPITAL, AL BUSTAN AJMAN",06-7475599
ALIA MEDICAL CENTRE,AJMAN,DERMATOLOGIST,,"CITY MART BLDG.,2ND FLOOR FLAT NO. 209 & 210,OPPOSITE KUWAIT HOSPITAL, AL BUSTAN AJMAN",06-7475599
IBIN SINA MEDICAL CENTER,AJMAN,ORTHOPEDICIAN,,"1ST FLOOR , AL QUDS BLDG., OPPOSITE ARAB BANK, AL QUDS STREET, AL SAWAN AREA ,AJMAN",06-7457755
IBIN SINA MEDICAL CENTER,AJMAN,ORTHOPEDICIAN,,"1ST FLOOR , AL QUDS BLDG., OPPOSITE ARAB BANK, AL QUDS STREET, AL SAWAN AREA ,AJMAN",06-7457755
IBIN SINA MEDICAL CENTER,AJMAN,DENTIST,,"1ST FLOOR , AL QUDS BLDG., OPPOSITE ARAB BANK, AL QUDS STREET, AL SAWAN AREA ,AJMAN",06-7457755
IBIN SINA MEDICAL CENTER,AJMAN,DENTIST,,"1ST FLOOR , AL QUDS BLDG., OPPOSITE ARAB BANK, AL QUDS STREET, AL SAWAN AREA ,AJMAN",06-7457755
IBIN SINA MEDICAL CENTER,AJMAN,DENTIST,,"1ST FLOOR , AL QUDS BLDG., OPPOSITE ARAB BANK, AL QUDS STREET, AL SAWAN AREA ,AJMAN",06-7457755
IBIN SINA MEDICAL CENTER,AJMAN,DENTIST,,"1ST FLOOR , AL QUDS BLDG., OPPOSITE ARAB BANK, AL QUDS STREET, AL SAWAN AREA ,AJMAN",06-7457755
IBIN SINA MEDICAL CENTER,AJMAN,DENTIST,,"1ST FLOOR , AL QUDS BLDG., OPPOSITE ARAB BANK, AL QUDS STREET, AL SAWAN AREA ,AJMAN",06-7457755
FAMILY MEDICAL CLINIC,AJMAN,DENTIST,,"NEW INDUSTRIAL AREA, AL ZAHRA AJMAN",06-7434800
FAMILY MEDICAL CLINIC,AJMAN,DENTIST,,"NEW INDUSTRIAL AREA, AL ZAHRA AJMAN",06-7434800
NEW IBIN SINA MEDICAL CENTRE,AJMAN,DENTIST,,"CANADIAN BLDG., 1ST FLOOR FLAT NO. 107 & 108 , NEAR AJMAN TRAFFIC & LICENSING DEPARTMENT, AL JURF AJMAN",06-7413330
THUMBAY CLINIC LLC AL RASHIDEYA 1,AJMAN,PAEDIATRICIAN,,"AL QUDS STREET,AL RASHIDIYA 3 AJMAN",06-7119555
THUMBAY CLINIC LLC AL RASHIDEYA 1,AJMAN,GENERAL PRACTITIONER,,"AL QUDS STREET,AL RASHIDIYA 3 AJMAN",06-7119555
THUMBAY CLINIC LLC AL RASHIDEYA 1,AJMAN,GENERAL PRACTITIONER,,"AL QUDS STREET,AL RASHIDIYA 3 AJMAN",06-7119555
THUMBAY CLINIC LLC AL RASHIDEYA 1,AJMAN,GENERAL PRACTITIONER,,"AL QUDS STREET,AL RASHIDIYA 3 AJMAN",06-7119555
THUMBAY CLINIC LLC AL RASHIDEYA 1,AJMAN,GYNAECOLOGIST,,"AL QUDS STREET,AL RASHIDIYA 3 AJMAN",06-7119555
THUMBAY CLINIC LLC AL RASHIDEYA 1,AJMAN,GENERAL PRACTITIONER,,"AL QUDS STREET,AL RASHIDIYA 3 AJMAN",06-7119555
THUMBAY CLINIC LLC AL RASHIDEYA 1,AJMAN,INTERNAL MEDICINE,,"AL QUDS STREET,AL RASHIDIYA 3 AJMAN",06-7119555
THUMBAY CLINIC LLC AL RASHIDEYA 1,AJMAN,DERMATOLOGIST,,"AL QUDS STREET,AL RASHIDIYA 3 AJMAN",06-7119555
THUMBAY CLINIC LLC AL RASHIDEYA 1,AJMAN,ORTHOPEDICIAN,,"AL QUDS STREET,AL RASHIDIYA 3 AJMAN",06-7119555
THUMBAY CLINIC LLC AL RASHIDEYA 1,AJMAN,PAEDIATRICIAN,,"AL QUDS STREET,AL RASHIDIYA 3 AJMAN",06-7119555
AL ITTIHAD POLYCLINIC & DIAGNOSTIC CENTRE,AJMAN,GYNAECOLOGIST,,"AL ITTIHAD ST, NEXT TO OLD LABOUR OFFICE",06-7441414
ASTER SPECIALIST MEDICAL CENTER-AJMAN,AJMAN,INTERNAL MEDICINE,,"AL MANAR TOWER,GROUND FLOOR,SHEIKH RASHID BIN HUMEED STREET,RASHIDIYA-3,OPP. HONDA SHOWROOM, AJMAN",06-5308057
ASTER SPECIALIST MEDICAL CENTER-AJMAN,AJMAN,GENERAL PRACTITIONER,,"AL MANAR TOWER,GROUND FLOOR,SHEIKH RASHID BIN HUMEED STREET,RASHIDIYA-3,OPP. HONDA SHOWROOM, AJMAN",06-5308057
ASTER SPECIALIST MEDICAL CENTER-AJMAN,AJMAN,PAEDIATRICIAN,,"AL MANAR TOWER,GROUND FLOOR,SHEIKH RASHID BIN HUMEED STREET,RASHIDIYA-3,OPP. HONDA SHOWROOM, AJMAN",06-5308057
DEAR HEALTH MEDICAL CENTER,AJMAN,GENERAL PRACTITIONER,,BEHIND RAMADA HOTEL AJMAN,06-7471335
DEAR HEALTH MEDICAL CENTER,AJMAN,GENERAL PRACTITIONER,,BEHIND RAMADA HOTEL AJMAN,06-7471335
DEAR HEALTH MEDICAL CENTER,AJMAN,PAEDIATRICIAN,,BEHIND RAMADA HOTEL AJMAN,06-7471335
AL SANAYA CLINIC - OWNED BY OWNER - ONE PERSON CO L.L.C,AJMAN,GENERAL PRACTITIONER,,"STRIAL AREA, NEXT TO CHINA MALL, AL JURF, AJMAN",06-7484078
THUMBAY CLINIC (S.P.S - L.L.C),AJMAN,CARDIOLOGIST,,"THUMBAY MEDICITY CLINIC BUILDING,AL JURF 1,RASHID AL-KADAR STREET, AJMAN",06-7705555
THUMBAY CLINIC (S.P.S - L.L.C),AJMAN,SURGEON,,"THUMBAY MEDICITY CLINIC BUILDING,AL JURF 1,RASHID AL-KADAR STREET, AJMAN",06-7705555
THUMBAY CLINIC (S.P.S - L.L.C),AJMAN,UROLOGIST,,"THUMBAY MEDICITY CLINIC BUILDING,AL JURF 1,RASHID AL-KADAR STREET, AJMAN",06-7705555
THUMBAY CLINIC (S.P.S - L.L.C),AJMAN,GENERAL PRACTITIONER,,"THUMBAY MEDICITY CLINIC BUILDING,AL JURF 1,RASHID AL-KADAR STREET, AJMAN",06-7705555
THUMBAY CLINIC (S.P.S - L.L.C),AJMAN,GENERAL PRACTITIONER,,"THUMBAY MEDICITY CLINIC BUILDING,AL JURF 1,RASHID AL-KADAR STREET, AJMAN",06-7705555
THUMBAY CLINIC (S.P.S - L.L.C),AJMAN,GENERAL PRACTITIONER,,"THUMBAY MEDICITY CLINIC BUILDING,AL JURF 1,RASHID AL-KADAR STREET, AJMAN",06-7705555
THUMBAY CLINIC (S.P.S - L.L.C),AJMAN,GENERAL PRACTITIONER,,"THUMBAY MEDICITY CLINIC BUILDING,AL JURF 1,RASHID AL-KADAR STREET, AJMAN",06-7705555
THUMBAY CLINIC (S.P.S - L.L.C),AJMAN,SURGEON,,"THUMBAY MEDICITY CLINIC BUILDING,AL JURF 1,RASHID AL-KADAR STREET, AJMAN",06-7705555
THUMBAY CLINIC (S.P.S - L.L.C),AJMAN,ORTHOPEDICIAN,,"THUMBAY MEDICITY CLINIC BUILDING,AL JURF 1,RASHID AL-KADAR STREET, AJMAN",06-7705555
THUMBAY CLINIC (S.P.S - L.L.C),AJMAN,GENERAL PRACTITIONER,,"THUMBAY MEDICITY CLINIC BUILDING,AL JURF 1,RASHID AL-KADAR STREET, AJMAN",06-7705555
NMC MEDICAL CENTRE AJMAN LLC BR,AJMAN,GENERAL PRACTITIONER,,"NEAR SAFEER HYPERMARKET ,SAMHA PLAZA,OPP AL KHOR TOWER, RASHIDIYA - AJMAN",06-7147666
NMC MEDICAL CENTRE AJMAN LLC BR,AJMAN,INTERNAL MEDICINE,,"NEAR SAFEER HYPERMARKET ,SAMHA PLAZA,OPP AL KHOR TOWER, RASHIDIYA - AJMAN",06-7147666
NMC MEDICAL CENTRE AJMAN LLC BR,AJMAN,DENTIST,,"NEAR SAFEER HYPERMARKET ,SAMHA PLAZA,OPP AL KHOR TOWER, RASHIDIYA - AJMAN",06-7147666
NMC MEDICAL CENTRE AJMAN LLC BR,AJMAN,DENTIST,,"NEAR SAFEER HYPERMARKET ,SAMHA PLAZA,OPP AL KHOR TOWER, RASHIDIYA - AJMAN",06-7147666
NMC MEDICAL CENTRE AJMAN LLC BR,AJMAN,PAEDIATRICIAN,,"NEAR SAFEER HYPERMARKET ,SAMHA PLAZA,OPP AL KHOR TOWER, RASHIDIYA - AJMAN",06-7147666
NMC MEDICAL CENTRE AJMAN LLC BR,AJMAN,GYNAECOLOGIST,,"NEAR SAFEER HYPERMARKET ,SAMHA PLAZA,OPP AL KHOR TOWER, RASHIDIYA - AJMAN",06-7147666
NMC MEDICAL CENTRE AJMAN LLC BR,AJMAN,E.N.T. SPECIALIST,,"NEAR SAFEER HYPERMARKET ,SAMHA PLAZA,OPP AL KHOR TOWER, RASHIDIYA - AJMAN",06-7147666
NMC MEDICAL CENTRE AJMAN LLC BR,AJMAN,GENERAL PRACTITIONER,,"NEAR SAFEER HYPERMARKET ,SAMHA PLAZA,OPP AL KHOR TOWER, RASHIDIYA - AJMAN",06-7147666
NMC MEDICAL CENTRE AJMAN LLC BR,AJMAN,DENTIST,,"NEAR SAFEER HYPERMARKET ,SAMHA PLAZA,OPP AL KHOR TOWER, RASHIDIYA - AJMAN",06-7147666
EVE MEDICAL CENTER,AJMAN,DENTIST,,"JASMINE 1 GARDEN CITY BUILDINGS ,1ST FLOOR,FLAT 104-109,AL JURF , AJMAN",06-7498042
EVE MEDICAL CENTER,AJMAN,DERMATOLOGIST,,"JASMINE 1 GARDEN CITY BUILDINGS ,1ST FLOOR,FLAT 104-109,AL JURF , AJMAN",06-7498042
EVE MEDICAL CENTER,AJMAN,DENTIST,,"JASMINE 1 GARDEN CITY BUILDINGS ,1ST FLOOR,FLAT 104-109,AL JURF , AJMAN",06-7498042
EVE MEDICAL CENTER,AJMAN,GENERAL PRACTITIONER,,"JASMINE 1 GARDEN CITY BUILDINGS ,1ST FLOOR,FLAT 104-109,AL JURF , AJMAN",06-7498042
EVE MEDICAL CENTER,AJMAN,DENTIST,,"JASMINE 1 GARDEN CITY BUILDINGS ,1ST FLOOR,FLAT 104-109,AL JURF , AJMAN",06-7498042
EVE MEDICAL CENTER,AJMAN,GYNAECOLOGIST,,"JASMINE 1 GARDEN CITY BUILDINGS ,1ST FLOOR,FLAT 104-109,AL JURF , AJMAN",06-7498042
EVE MEDICAL CENTER,AJMAN,DENTIST,,"JASMINE 1 GARDEN CITY BUILDINGS ,1ST FLOOR,FLAT 104-109,AL JURF , AJMAN",06-7498042
EVE MEDICAL CENTER,AJMAN,DENTIST,,"JASMINE 1 GARDEN CITY BUILDINGS ,1ST FLOOR,FLAT 104-109,AL JURF , AJMAN",06-7498042
EVE MEDICAL CENTER,AJMAN,PAEDIATRICIAN,,"JASMINE 1 GARDEN CITY BUILDINGS ,1ST FLOOR,FLAT 104-109,AL JURF , AJMAN",06-7498042
EVE MEDICAL CENTER,AJMAN,DENTIST,,"JASMINE 1 GARDEN CITY BUILDINGS ,1ST FLOOR,FLAT 104-109,AL JURF , AJMAN",06-7498042
AL NOOR CENTRE,AL AIN,GENERAL PRACTITIONER,,BEFORE MURRABA ROUNDABOUT,03-7662072
AL NOOR CENTRE,AL AIN,GENERAL PRACTITIONER,,BEFORE MURRABA ROUNDABOUT,03-7662072
MUBARAK MEDICAL CENTRE,AL AIN,GENERAL PRACTITIONER,,"NEAR K.M. TRADING, OLD IMMIGRATION ROAD, AL AIN",03-7642978
MUBARAK MEDICAL CENTRE,AL AIN,GENERAL PRACTITIONER,,"NEAR K.M. TRADING, OLD IMMIGRATION ROAD, AL AIN",03-7642978
MODERN CENTRE,AL AIN,GENERAL PRACTITIONER,,"1ST FLOOR ABOVE ATLAS JEWELLERY , AL AIN",03-7664764
BIN SULAIMAN MEDICAL CENTRE,AL AIN,GENERAL PRACTITIONER,,SANAYYA ROAD.OPP.ETISALAT,03-7221358
AL DHAHERY CLINIC,AL AIN,GENERAL PRACTITIONER,,"ZAYED HILAL ABDULLA AL KUWAITI BLDG. MEZZANINE FLOOR MAIN STREET , CENTRAL DISTRICT OF AL AIN",03-7656882
AL RANEEN MEDICAL CENTRE,AL AIN,GENERAL PRACTITIONER,,"M-2 LUCKY PLAZA BLDG., NR. HAYATH CENTER, ZAYED BIN SULTAN ST.,, MURABBA NEW SIGNAL, AL AIN",03-7655602
MODERN CENTRE,AL AIN,GENERAL PRACTITIONER,,"1ST FLOOR ABOVE ATLAS JEWELLERY , AL AIN",03-7664764
CITY DENTAL & MEDICAL CENTRE,AL AIN,GENERAL PRACTITIONER,,"AL JAMAL BLDG., NEAR AL AIN COOPERATIVE SOCIETY, FLOOR #1 FLAT 2 AL AIN",03-7642252
SULTAN MEDICAL CENTER,AL AIN,GENERAL PRACTITIONER,,TOWN CENTER OPPOSITE AL COOPERATE,03-7641525
AL SULTAN ADVANCED MEDICAL POLYCLINIC,AL AIN,GENERAL PRACTITIONER,,FALAJ HAZZA -NEAR ZAYED INSTITUTE FOR SPECIAL NEEDS ORGNITION.,03-7806111
MUBARAK MEDICAL CENTRE,AL AIN,PAEDIATRICIAN,,"NEAR K.M. TRADING, OLD IMMIGRATION ROAD, AL AIN",03-7642978
BIN SULAIMAN MEDICAL CENTRE,AL AIN,PAEDIATRICIAN,,SANAYYA ROAD.OPP.ETISALAT,03-7221358
AL-FARABI MEDICAL CLNIC,AL AIN,SURGEON,,"OMER TRAVEL BLDG, MAIN ST",03-7515383
MODERN CENTRE,AL AIN,DERMATOLOGIST,,"1ST FLOOR ABOVE ATLAS JEWELLERY , AL AIN",03-7664764
MUBARAK MEDICAL CENTRE,AL AIN,INTERNAL MEDICINE,,"NEAR K.M. TRADING, OLD IMMIGRATION ROAD, AL AIN",03-7642978
AL SULTAN ADVANCED MEDICAL POLYCLINIC,AL AIN,OPHTHALMOLOGIST,,FALAJ HAZZA -NEAR ZAYED INSTITUTE FOR SPECIAL NEEDS ORGNITION.,03-7806111
DISEASE PREVENTION AND SCREENING CENTER- SWEIHAN (SEHA-ABU DHABI),AL AIN,---,,SWEIHAN,03 746 1762
SEHA DIALYSIS SERVICES Ð AL WAGAN HOSPITAL (SEHA-ABU DHABI),AL AIN,---,,AL WIQAN - RAMLAT ADDIMAH - ABU DHABI,02-5012925
SEHA KIDNEY CARE CENTER - AL AIN (SEHA-ABU DHABI),AL AIN,---,,"KIDNEY CARE CENTRAL CENTER - NEXT TO SHEIKH SHAKHBOUT MEDICAL CITY -,TWAM - ABU DHABI",02-5012925
TAWAM IVF CENTER (SEHA-ABU DHABI),AL AIN,---,,AL MAQAM - TWAM - ABU DHABI,03-7677444
SEHA MOBILE CLINIC 2 (SEHA-ABU DHABI),AL AIN,---,,AL AIN,02-6419733
SEHA MOBILE CLINIC 1 (SEHA-ABU DHABI),AL AIN,---,,AL AIN,02-6419733
SEHA MOBILE CLINIC 3 (SEHA-ABU DHABI),AL AIN,---,,AL AIN,02-6419733
NEIMA HEALTHCARE CENTER (SEHA-ABU DHABI),AL AIN,---,,"NEIMA HEALTHCARE CENTER 24.105178,55.716816 - AL AIN",02-7096601
MEZYAD HEALTHCARE CENTER (SEHA-ABU DHABI),AL AIN,---,,AL AIN,03 782 1918
AL AAMERAH HEALTHCARE CENTER (SEHA-ABU DHABI),AL AIN,---,,AL AIN,03 782 6772
AL REMAH HEALTHCARE CENTER (SEHA-ABU DHABI),AL AIN,---,,AL AIN,03 737 2211
AL HAYER HEALTHCARE CENTER (SEHA-ABU DHABI),AL AIN,---,,AL AIN,03 732 1511
AL SHUEIB HEALTHCARE CENTER (SEHA-ABU DHABI),AL AIN,---,,AL AIN,03 732 3302
AL FAQA HEALTHCARE CENTER (SEHA-ABU DHABI),AL AIN,---,,"AL FAQA HEALTHCARE CENTER 24.715473,55.620979 - AL AIN",03 733 1122
AL MAQAM HEALTHCARE CENTER (SEHA-ABU DHABI),AL AIN,---,,MOHAMMED BIN SHAIBAN MOHAMMED AL MUHAIRI ST - AL MAQAM - ABU DHABI,03 768 4380
AL NIYADAT HEALTHCARE CENTER (SEHA-ABU DHABI),AL AIN,---,,"AL NEYADAT HEALTHCARE CENTER 24.213974,55.79013 - ABU DHABI",03-7686050
AL KHAZNA HEALTHCARE CENTER (SEHA-ABU DHABI),AL AIN,---,,1ST ST - AL KHAZNAH - AL KHAZNAH 1 - ABU DHABI,02-5661350
ZAKHER HEALTHCARE CENTER (SEHA-ABU DHABI),AL AIN,---,,"ZAKHER HEALTHCARE CENTER 24.132932,55.685197 - AL AIN",03-7828042
AL MUWEIJI HEALTHCARE CENTER (SEHA-ABU DHABI),AL AIN,---,,AHMED BIN MEJREN AL MARAR ST - AL MUWAIJ'I - AL RUWAIKAH - ABU DHABI,03-7678864
AL HILI HEALTHCARE CENTER (SEHA-ABU DHABI),AL AIN,---,,HEALTHCARE CENTER - HILI - UM AL MADER - ABU DHABI,03-7845328
AL AIN DENTAL CENTER (SEHA-ABU DHABI),AL AIN,---,,AWAM DENTAL CENTER - AL AIN,02-7112830
AL JAHLI HEALTHCARE CENTER (SEHA-ABU DHABI),AL AIN,---,,AL JAHILI HEALTHCARE CENTER - AL AIN,80050
FATHIMA MEDICAL CENTRE,DUBAI,GENERAL PRACTITIONER,,NEXT TO WEST HOTEL OPP. TO NAIF ROAD HAMADIYA COMPLEX BLDG 1ST FLOOR DEIRA DUBAI,04-2396363
DR.ABDUL LATHEEF ÔS CLINIC,DUBAI,GENERAL PRACTITIONER,,"MAZANINE FLOOR NASIR BLD INSIDE SABAKA BUS STOP , DEIRA",04-2717901
SEKHER MEDICAL CLINIC,DUBAI,GENERAL PRACTITIONER,,"FLAT 104,SUNSHINE BLDG ,AL QOUZ DUBAI",04-3387749
SEKHER MEDICAL CLINIC,DUBAI,GENERAL PRACTITIONER,,"FLAT 104,SUNSHINE BLDG ,AL QOUZ DUBAI",04-3387749
DURAIYA KAMAL MEDICAL CLINIC,DUBAI,GENERAL PRACTITIONER,,"NEXT TO GIFT VILLAGE, AL JAZ BLDG 1ST FLOOR, DEIRA",04-2238612
DURAIYA KAMAL MEDICAL CLINIC,DUBAI,GENERAL PRACTITIONER,,"NEXT TO GIFT VILLAGE, AL JAZ BLDG 1ST FLOOR, DEIRA",04-2238612
DOCIB CLINIC LLC (FORMERLY KNOWN AS AL MUHAISNAH POLYCLINIC ),DUBAI,GENERAL PRACTITIONER,,"LULU VILLAGE ,MUHAISNAH 4, DUBAI.",04-2544123
SALEEM POLY CLINIC,DUBAI,GENERAL PRACTITIONER,,"SATWA MAIN ROAD,NEAR SATWA BIG MASJID",04-4400500
ASTER JUBILEE MEDICAL COMPLEX,DUBAI,GENERAL PRACTITIONER,,"AL FUTTAIN BLDG,GROUND FLOOR,KHALID BIN AL WALEED ROAD,NEAR MEENA BAZAAR,BUR DUBAI",04-5090300
AL WARQA MEDICAL CENTRE,DUBAI,GENERAL PRACTITIONER,,"MASS SUPERMARKET BLDG,GROUND FLOOR ,AL WARQA-2",04-2803890
AL WARQA MEDICAL CENTRE,DUBAI,GENERAL PRACTITIONER,,"MASS SUPERMARKET BLDG,GROUND FLOOR ,AL WARQA-2",04-2803890
DR. MOOPEN'S AL QUOZ MEDICAL CENTRE,DUBAI,GENERAL PRACTITIONER,,ABOVE ASTER PHARMACY 1ST FLOOR NEAR GRAND MALL AL QUOZ,04-3387871
DR. MOOPEN'S AL QUOZ MEDICAL CENTRE,DUBAI,GENERAL PRACTITIONER,,ABOVE ASTER PHARMACY 1ST FLOOR NEAR GRAND MALL AL QUOZ,04-3387871
DR. MOOPEN'S AL QUOZ MEDICAL CENTRE,DUBAI,GENERAL PRACTITIONER,,ABOVE ASTER PHARMACY 1ST FLOOR NEAR GRAND MALL AL QUOZ,04-3387871
DR. JOSEPHÕS POLYCLINIC,DUBAI,GENERAL PRACTITIONER,,"ABOVE MANKHOOL PHARMACYBLDG , KARAMA",04-3378828
SALEEM POLY CLINIC,DUBAI,GENERAL PRACTITIONER,,"SATWA MAIN ROAD,NEAR SATWA BIG MASJID",04-4400500
JOSEPHS QUSAIS POLYCLINIC,DUBAI,GENERAL PRACTITIONER,,NEW TALAAL SUPERMARKET BLDG - QUSAIS DXB,04-2636767
UNION MEDICAL CENTRE,DUBAI,GENERAL PRACTITIONER,,"OPP. WALL STREET EXCHANGE ,IRANIAN SCHOOL RD, KARAMA",04-3978828
UNION MEDICAL CENTRE,DUBAI,GENERAL PRACTITIONER,,"OPP. WALL STREET EXCHANGE ,IRANIAN SCHOOL RD, KARAMA",04-3978828
UNION MEDICAL CENTRE,DUBAI,GENERAL PRACTITIONER,,"OPP. WALL STREET EXCHANGE ,IRANIAN SCHOOL RD, KARAMA",04-3978828
AL QUOZ CITY STAR POLYCLINIC,DUBAI,GENERAL PRACTITIONER,,"AL QUOZ INDUSTRIAL AREA, NEAR TAJ AL-MADINA SUPERMARKET- ABOVE CITY EXCHANGE",04-3285130
DR. REENA BEGUM CLINIC,DUBAI,GENERAL PRACTITIONER,,"M-07 OMAR BIN AL KHATEB BLDG , DEIRA DUBAI",04-2240060
NEW FATHIMA MEDICAL CENTRE,DUBAI,GENERAL PRACTITIONER,,"1ST FLOOR AL SHARAFI BUILDING,AL MUSSALLA ROAD ,AL FAHIDI METERO EXIST 3, BUR DUBAI",04-3528428
AL SHIFA INTERNATIONAL CLINIC ( FORMERLY KNOWN AS DR. MOHANÕS CLINIC ),DUBAI,GENERAL PRACTITIONER,,"MUSALLA ROAD, BUR DUBAI",04-3972999
AL SHIFA INTERNATIONAL CLINIC ( FORMERLY KNOWN AS DR. MOHANÕS CLINIC ),DUBAI,GENERAL PRACTITIONER,,"MUSALLA ROAD, BUR DUBAI",04-3972999
RASHIDIYA PVT POLYCLINIC,DUBAI,GENERAL PRACTITIONER,,RTA MULTI STORY PARKING BLDG.2ND FLOOR OPPOSITE AMBASSADOR HOTEL AL FALAH STREET BUR DUBAI,04-3939383
ABEER AL NOOR POLYCLINIC( FORMERLY KNOWN AS AL ABEER POLYCLINIC ),DUBAI,GENERAL PRACTITIONER,,"MOZANA BLDG,3RD FLOOR, QUSAIS ,DUBAI",04-2612248
DR. KOYA'S CLINIC,DUBAI,GENERAL PRACTITIONER,,"BEHIND NAIF POLICE STATION , DEIRA DUBAI",04-2225854
DR. KOYA'S CLINIC,DUBAI,GENERAL PRACTITIONER,,"BEHIND NAIF POLICE STATION , DEIRA DUBAI",04-2225854
AL MANSOOR MEDICAL CENTRE,DUBAI,GENERAL PRACTITIONER,,"FLAT 101,AL MOOSA BLDG,ALMUSALLA RD,BUR DUBAI",04-3554040
AL MANSOOR MEDICAL CENTRE,DUBAI,GENERAL PRACTITIONER,,"FLAT 101,AL MOOSA BLDG,ALMUSALLA RD,BUR DUBAI",04-3554040
AL MANSOOR MEDICAL CENTRE,DUBAI,GENERAL PRACTITIONER,,"FLAT 101,AL MOOSA BLDG,ALMUSALLA RD,BUR DUBAI",04-3554040
BADR AL SAMAA MEDICAL CENTRE,DUBAI,GENERAL PRACTITIONER,,"ORIENTAL HOUSE 2, BANK STREET BUR JUMAN , BUR DUBAI",04-3578681
DR. ISMAIL POLY CLINIC,DUBAI,GENERAL PRACTITIONER,,"GRAND MIDWEST HOTEL BLDG NO 12 GROUND FLOOR,DISCOVERY GARDEN",04-4494087
DR. SANJAY MEDICAL CENTER ( BRANCH ),DUBAI,GENERAL PRACTITIONER,,"2ND FLOOR. AL KHAIL MALL,AL QOUZ DUBAI UAE.",04-3285999
DULSCO MEDICAL CLINIC,DUBAI,GENERAL PRACTITIONER,,"DULSCO EVENTS ARENA 1ST FLOOR, DULSCO VILLAGE, AL QUOZ INDUSTRIAL AREA DUBAI U.A.E",04-3232442
AL MASHAHER MEDICAL CENTRE,DUBAI,GENERAL PRACTITIONER,,"SHEIKH KHALID UBAID BUTTI BLDG.,AL MUHAISNAH-2, SONAPUR ,DUBAI U.A.E",04-2633309
AL MUSALLA MEDICAL CENTRE -BRANCH,DUBAI,GENERAL PRACTITIONER,,"MUSALLA TOWER, FAHIDI METRO STATION AL BARSHA DUBAI",04-3966123
ACCESS CLINIC PERSIA CLUSTER,DUBAI,GENERAL PRACTITIONER,,"SHOP NO. 10, BLDG. NO.4, INTERNATIONAL CITY",04-5520139
ACCESS CLINIC AL QOUZ,DUBAI,GENERAL PRACTITIONER,,"AL ARIF BLDG. NEAR U.A.E EXCHANGE,BEHIND CEMENT FACTORY",04-3217544
ACCESS CLINIC,DUBAI,GENERAL PRACTITIONER,,"GOLD SOUK BUS STATION,1ST FLOOR DEIRA",04-2269828
ACCESS CLINIC DIP,DUBAI,GENERAL PRACTITIONER,,"DIP 1, RAMLA MALL",04-8800408
ACCESS DIP 2,DUBAI,GENERAL PRACTITIONER,,"KADRIS MALL ,GROUND FLOOR,SHOP.NO.7,DIP2,JABEL ALIMAJELAN,AL MADEENA SUPERMARKET",04-8833028
ACCESS CLINIC INTERNATIONAL CITY,DUBAI,GENERAL PRACTITIONER,,"MORROCCO CLUSTER, BLDG. NO.1, SHOP 11,8,20,INTERNATIONAL CITY",04-3606587
ACCESS CLINIC FREEZONE,DUBAI,GENERAL PRACTITIONER,,"FOOD COURT3,1ST FLOOR,NEXT TO COMMERCIAL CENTER",04-8806577
ACCESS CLINIC SONAPUR,DUBAI,GENERAL PRACTITIONER,,"SAMEYA KHALIFA MOHD. ALFUQEAI BLDG.,24TH STREET,MUHAISNAH2,SONAPUR",04-2510266
ACCESS CLINIC SONAPUR 2,DUBAI,GENERAL PRACTITIONER,,"DUBAI MUNICIPALITY BLDG.,FLOOR NO. 1,SHOP NO.4, MUHAISNA,SONAPUR",04-2637279
JOSEPHS QUSAIS POLYCLINIC,DUBAI,GENERAL PRACTITIONER,,NEW TALAAL SUPERMARKET BLDG - QUSAIS DXB,04-2636767
DR. JOSEPHÕS POLYCLINIC,DUBAI,GENERAL PRACTITIONER,,"ABOVE MANKHOOL PHARMACYBLDG , KARAMA",04-3378828
W WILSON SEVEN CLINIC LLC,DUBAI,GENERAL PRACTITIONER,,"ALI AHMED OBAID ESSA BUKARROOD SHOPS, GROUND FLOOR , NEAR ALAM SUPER MARKET, MUHAISNAH SECOND, DUBAI U.A.E",04-4472202
PRIMACARE SPECIALITY CLINICS LLC (FORMERLY KNOWN AS AL MUSALLA MEDICAL CENTRE ),DUBAI,GENERAL PRACTITIONER,,"NEAR TO AL FAHEDI METRO STATION ,AL MUSSALLAS TOWER ON BANK STREET , BUR DUBAI",04-3966123
PRIMACARE SPECIALITY CLINICS LLC (FORMERLY KNOWN AS AL MUSALLA MEDICAL CENTRE ),DUBAI,GENERAL PRACTITIONER,,"AL MUSSALLAS TOWER 15TH FLOOR FLAT NO. 1503 ,NEAR TO AL FAHEDI METRO STATION EXIT 4, BANK STREET , BUR DUBAI",04-3966123
PRIMACARE SPECIALITY CLINICS LLC (FORMERLY KNOWN AS AL MUSALLA MEDICAL CENTRE ),DUBAI,GENERAL PRACTITIONER,,"NEAR TO AL FAHEDI METRO STATION ,AL MUSSALLAS TOWER ON BANK STREET , BUR DUBAI",04-3966123
JUPITER AL QUSAIS POLYCLINIC LLC (FORMERLY KNOWN AS UNITY MEDICAL CENTER ),DUBAI,GENERAL PRACTITIONER,,"209, AL MAZOON BLDG., NEAR AL GHUSAIS SIGNAL",04-2630987
NOORA POLYCLINIC,DUBAI,GENERAL PRACTITIONER,,"OPP MAKTOUM HOSPITAL, DEIRA",04-2246364
KIMS MEDICAL CENTRE,DUBAI,GENERAL PRACTITIONER,,"GROUND FLOORAL DOSARI BLDG. SALAUDDIN STREET, DEIRA DUBAI",04-2624500
KIMS MEDICAL CENTRE,DUBAI,GENERAL PRACTITIONER,,"GROUND FLOORAL DOSARI BLDG. SALAUDDIN STREET, DEIRA DUBAI",04-2624500
KIMS MEDICAL CENTRE,DUBAI,GENERAL PRACTITIONER,,"GROUND FLOORAL DOSARI BLDG. SALAUDDIN STREET, DEIRA DUBAI",04-2624500
KIMS MEDICAL CENTRE,DUBAI,GENERAL PRACTITIONER,,"GROUND FLOORAL DOSARI BLDG. SALAUDDIN STREET, DEIRA DUBAI",04-2624500
COSMOPOLITAN MEDICAL CENTRE LLC BRANCH,DUBAI,GENERAL PRACTITIONER,,"AL WUHEIDA BLDG., M-FLOOR, FLAT NO. 01-012,WUHEIDA ROAD BEHIND AL MAMZAR CENTRE , ABUHAIL DEIRA DUBAI U.A.E",04-2687272
COSMOPOLITAN MEDICAL CENTRE LLC BRANCH,DUBAI,GENERAL PRACTITIONER,,"AL WUHEIDA BLDG., M-FLOOR, FLAT NO. 01-012,WUHEIDA ROAD BEHIND AL MAMZAR CENTRE , ABUHAIL DEIRA DUBAI U.A.E",04-2687272
COSMOPOLITAN MEDICAL CENTRE LLC BRANCH,DUBAI,GENERAL PRACTITIONER,,"AL WUHEIDA BLDG., M-FLOOR, FLAT NO. 01-012,WUHEIDA ROAD BEHIND AL MAMZAR CENTRE , ABUHAIL DEIRA DUBAI U.A.E",04-2687272
COSMOPOLITAN MEDICAL CENTRE LLC BRANCH,DUBAI,GENERAL PRACTITIONER,,"AL WUHEIDA BLDG., M-FLOOR, FLAT NO. 01-012,WUHEIDA ROAD BEHIND AL MAMZAR CENTRE , ABUHAIL DEIRA DUBAI U.A.E",04-2687272
COSMOPOLITAN MEDICAL CENTRE LLC BRANCH,DUBAI,GENERAL PRACTITIONER,,"AL WUHEIDA BLDG., M-FLOOR, FLAT NO. 01-012,WUHEIDA ROAD BEHIND AL MAMZAR CENTRE , ABUHAIL DEIRA DUBAI U.A.E",04-2687272
COSMOPOLITAN MEDICAL CENTRE,DUBAI,GENERAL PRACTITIONER,,"2ND FLOOR OF MASHREQ BANK,KHOR DUBAI BRANCH,BUR DUBAI",04-3257457
ASTER JUBILEE MEDICAL COMPLEX,DUBAI,ENDOCRINOLOGIST,,"AL FUTTAIN BLDG,GROUND FLOOR,KHALID BIN AL WALEED ROAD,NEAR MEENA BAZAAR,BUR DUBAI",04-5090300
DR. JOSEPHÕS POLYCLINIC,DUBAI,ENDOCRINOLOGIST,,"ABOVE MANKHOOL PHARMACYBLDG , KARAMA",04-3378828
COSMOPOLITAN MEDICAL CENTRE LLC BRANCH,DUBAI,ENDOCRINOLOGIST,,"AL WUHEIDA BLDG., M-FLOOR, FLAT NO. 01-012,WUHEIDA ROAD BEHIND AL MAMZAR CENTRE , ABUHAIL DEIRA DUBAI U.A.E",04-2687272
JOSEPHS QUSAIS POLYCLINIC,DUBAI,DERMATOLOGIST,,NEW TALAAL SUPERMARKET BLDG - QUSAIS DXB,04-2636767
ASTER JUBILEE MEDICAL COMPLEX,DUBAI,DERMATOLOGIST,,"AL FUTTAIN BLDG,GROUND FLOOR,KHALID BIN AL WALEED ROAD,NEAR MEENA BAZAAR,BUR DUBAI",04-5090300
COSMOPOLITAN MEDICAL CENTRE,DUBAI,DERMATOLOGIST,,"2ND FLOOR OF MASHREQ BANK,KHOR DUBAI BRANCH,BUR DUBAI",04-3257457
UNION MEDICAL CENTRE,DUBAI,DERMATOLOGIST,,"OPP. WALL STREET EXCHANGE ,IRANIAN SCHOOL RD, KARAMA",04-3978828
DR. JOSEPHÕS POLYCLINIC,DUBAI,DERMATOLOGIST,,"ABOVE MANKHOOL PHARMACYBLDG , KARAMA",04-3378828
PRIMACARE SPECIALITY CLINICS LLC (FORMERLY KNOWN AS AL MUSALLA MEDICAL CENTRE ),DUBAI,DERMATOLOGIST,,"NEAR TO AL FAHEDI METRO STATION ,AL MUSSALLAS TOWER ON BANK STREET , BUR DUBAI",04-3966123
RIAZ MEDICAL CENTRE,DUBAI,DERMATOLOGIST,,"AL MEZAN BUILDING , GROUND FLOOR , BEIRUT STREET NEAR GALADARI DRIVING SCHOOL, MUHAISNAH 4",04-2644130
RIAZ MEDICAL CENTRE,DUBAI,DERMATOLOGIST,,"AL MEZAN BUILDING , GROUND FLOOR , BEIRUT STREET NEAR GALADARI DRIVING SCHOOL, MUHAISNAH 4",04-2644130
PRIMACARE SPECIALITY CLINICS LLC (FORMERLY KNOWN AS AL MUSALLA MEDICAL CENTRE ),DUBAI,PHYSIOTHERAPIST,,"NEAR TO AL FAHEDI METRO STATION ,AL MUSSALLAS TOWER ON BANK STREET , BUR DUBAI",04-3966123
PRIMACARE SPECIALITY CLINICS LLC (FORMERLY KNOWN AS AL MUSALLA MEDICAL CENTRE ),DUBAI,PHYSIOTHERAPIST,,"NEAR TO AL FAHEDI METRO STATION ,AL MUSSALLAS TOWER ON BANK STREET , BUR DUBAI",04-3966123
PRIMACARE SPECIALITY CLINICS LLC (FORMERLY KNOWN AS AL MUSALLA MEDICAL CENTRE ),DUBAI,PHYSIOTHERAPIST,,"NEAR TO AL FAHEDI METRO STATION ,AL MUSSALLAS TOWER ON BANK STREET , BUR DUBAI",04-3966123
DURAIYA KAMAL MEDICAL CLINIC,DUBAI,PHYSIOTHERAPIST,,"NEXT TO GIFT VILLAGE, AL JAZ BLDG 1ST FLOOR, DEIRA",04-2238612
ASTER JUBILEE MEDICAL COMPLEX,DUBAI,ORTHOPEDICIAN,,"AL FUTTAIN BLDG,GROUND FLOOR,KHALID BIN AL WALEED ROAD,NEAR MEENA BAZAAR,BUR DUBAI",04-5090300
DR. JOSEPHÕS POLYCLINIC,DUBAI,ORTHOPEDICIAN,,"ABOVE MANKHOOL PHARMACYBLDG , KARAMA",04-3378828
JOSEPHS QUSAIS POLYCLINIC,DUBAI,ORTHOPEDICIAN,,NEW TALAAL SUPERMARKET BLDG - QUSAIS DXB,04-2636767
DR. ISMAIL MEDICAL CENTRE,DUBAI,ORTHOPEDICIAN,,"SHEIKH MOHD. BLDG APPARTMENT 4, 1ST FLOOR , KARAMA",04-3378585
DR. MOOPENÕS POLYCLINIC,DUBAI,ORTHOPEDICIAN,,"AL GHURAIR REAL ESTATE BLDG., GROUND & MEZZANINE , SHOP 2 & SHOP 3, AL MUTEENA NEAR DUBAI PALM HOTEL",04-2979000
COSMOPOLITAN MEDICAL CENTRE,DUBAI,ORTHOPEDICIAN,,"2ND FLOOR OF MASHREQ BANK,KHOR DUBAI BRANCH,BUR DUBAI",04-3257457
DR.MOOPENS AL QUOZ MEDICAL CENTER,DUBAI,ORTHOPEDICIAN,,ABOVE ASTER PHARMACY 1ST FLOOR NEAR GRAND MALL AL QUOZ,04-3387871
BADR AL SAMAA MEDICAL CENTRE,DUBAI,ORTHOPEDICIAN,,"ORIENTAL HOUSE 2, BANK STREET BUR JUMAN , BUR DUBAI",04-3578681
ASTER SPECIALIST CENTRE FOR ORTHOPEDICS AND PHYSIOTHERAPHY,DUBAI,ORTHOPEDICIAN,,"AL AHBABI BLDG., GROUND FLOOR, SHOP NO.1, DAMASCUS STREET, AL QUSAIS 2",04-3311006
ASTER MEDICAL CENTER AL QOUZ,DUBAI,ORTHOPEDICIAN,,"ABDULLA AL ASMAWI BLDG., GROUND FLOOR SHOP NO. 1-7, LATIFA BINT HAMDAN STREET , AL QOUZ",04-4400500
PRIMACARE SPECIALITY CLINICS LLC (FORMERLY KNOWN AS AL MUSALLA MEDICAL CENTRE ),DUBAI,ORTHOPEDICIAN,,"NEAR TO AL FAHEDI METRO STATION ,AL MUSSALLAS TOWER ON BANK STREET , BUR DUBAI",04-3966123
ABEER AL NOOR POLYCLINIC( FORMERLY KNOWN AS AL ABEER POLYCLINIC ),DUBAI,PAEDIATRICIAN,,"MOZANA BLDG,3RDFLOOR, QUSAIS ,DUBAI",04-2612248
DR. MOOPENÕS POLYCLINIC,DUBAI,PAEDIATRICIAN,,"AL GHURAIR REAL ESTATE BLDG., GROUND & MEZZANINE , SHOP 2 & SHOP 3, AL MUTEENA NEAR DUBAI PALM HOTEL",04-2979000
ASTER JUBILEE MEDICAL COMPLEX,DUBAI,PAEDIATRICIAN,,"AL FUTTAIN BLDG,GROUND FLOOR,KHALID BIN AL WALEED ROAD,NEAR MEENA BAZAAR,BUR DUBAI",04-5090300
ASTER JUBILEE MEDICAL COMPLEX,DUBAI,PAEDIATRICIAN,,"AL FUTTAIN BLDG,GROUND FLOOR,KHALID BIN AL WALEED ROAD,NEAR MEENA BAZAAR,BUR DUBAI",04-5090300
DR. JOSEPHÕS POLYCLINIC,DUBAI,PAEDIATRICIAN,,"ABOVE MANKHOOL PHARMACYBLDG , KARAMA",04-3378828
DR. JOSEPHÕS POLYCLINIC,DUBAI,PAEDIATRICIAN,,"ABOVE MANKHOOL PHARMACYBLDG , KARAMA",04-3378828
RASHIDIYA PVT POLYCLINIC,DUBAI,PAEDIATRICIAN,,RTA MULTI STORY PARKING BLDG.2ND FLOOR OPPOSITE AMBASSADOR HOTEL AL FALAH STREET BUR DUBAI,04-3939383
JOSEPHS QUSAIS POLYCLINIC,DUBAI,PAEDIATRICIAN,,NEW TALAAL SUPERMARKET BLDG - QUSAIS DXB,04-2636767
UNION MEDICAL CENTRE,DUBAI,PAEDIATRICIAN,,"OPP. WALL STREET EXCHANGE ,IRANIAN SCHOOL RD, KARAMA",04-3978828
SALEEM POLY CLINIC,DUBAI,PAEDIATRICIAN,,"SATWA MAIN ROAD,NEAR SATWA BIG MASJID.",04-4400500
DOCIB CLINIC LLC (FORMERLY KNOWN AS AL MUHAISNAH POLYCLINIC ),DUBAI,PAEDIATRICIAN,,"LULU VILLAGE SHOPPING COMPLEX, QUSAIS",04-2544123
DR MOOPENS ALQOUZ MEDICAL CENTRE,DUBAI,PAEDIATRICIAN,,ABOVE ASTER PHARMACY 1ST FLOOR NEAR GRAND MALL AL QUOZ,04-3387871
JUPITER AL QUSAIS POLYCLINIC LLC (FORMERLY KNOWN AS UNITY MEDICAL CENTER ),DUBAI,PAEDIATRICIAN,,"209, AL MAZOON BLDG., NEAR AL GHUSAIS SIGNAL",04-2630987
ASTER MEDICAL CENTRE INTERNATIONAL CITY,DUBAI,PAEDIATRICIAN,,"SHOP NO. 6,8 &10 V-19 RUSSIA CLUSTER INTERNATIONAL CITY, DUBAI U.A.E",04-4312273
ASTER MEDICAL CENTRE ABU HAIL,DUBAI,PAEDIATRICIAN,,"SHEIKH SUHAIL BLDG.,GROUND FLOOR,SHOP NO.2,24TH STREET HOR AL ANZ",04-2692785
PRIMACARE SPECIALITY CLINICS LLC (FORMERLY KNOWN AS AL MUSALLA MEDICAL CENTRE ),DUBAI,PAEDIATRICIAN,,"NEAR TO AL FAHEDI METRO STATION ,AL MUSSALLAS TOWER ON BANK STREET , BUR DUBAI",04-3966123
RIAZ MEDICAL CENTRE,DUBAI,PAEDIATRICIAN,,"AL MEZAN BUILDING , GROUND FLOOR , BEIRUT STREET NEAR GALADARI DRIVING SCHOOL, MUHAISNAH 4",04-2644130
COSMOPOLITAN MEDICAL CENTRE LLC BRANCH,DUBAI,PAEDIATRICIAN,,"AL WUHEIDA BLDG., M-FLOOR, FLAT NO. 01-012,WUHEIDA ROAD BEHIND AL MAMZAR CENTRE , ABUHAIL DEIRA DUBAI U.A.E",04-2687272
COSMOPOLITAN MEDICAL CENTRE,DUBAI,PAEDIATRICIAN,,"2ND FLOOR OF MASHREQ BANK,KHOR DUBAI BRANCH,BUR DUBAI",04-3257457
ASTER JUBILEE MEDICAL COMPLEX,DUBAI,NEUROLOGIST,,"AL FUTTAIN BLDG,GROUND FLOOR,KHALID BIN AL WALEED ROAD,NEAR MEENA BAZAAR,BUR DUBAI",04-5090300
ASTER MEDICAL CENTER - AL QUSAIS,DUBAI,NEUROLOGIST,,"DAMASCUS STREET, AL FATTAN BLDG. AL QUSAIS DUBAI",04-2576333
ASTER SPECIALIST MEDICAL CENTRE INTERNATIONAL CITY BR. OF DM HEALTHCARE LLC,DUBAI,NEUROLOGIST,,"THE PAVILION MALL,OPPOSITE TO KFC,FRANCE CLUSTER,INTERNATIONAL CITY",04-4279554
RIAZ MEDICAL CENTRE,DUBAI,NEUROLOGIST,,"AL MEZAN BUILDING , GROUND FLOOR , BEIRUT STREET NEAR GALADARI DRIVING SCHOOL, MUHAISNAH 4",04-2644130
PRIMACARE SPECIALITY CLINICS LLC (FORMERLY KNOWN AS AL MUSALLA MEDICAL CENTRE ),DUBAI,NEUROLOGIST,,"NEAR TO AL FAHEDI METRO STATION ,AL MUSSALLAS TOWER ON BANK STREET , BUR DUBAI",04-3966123
DR. MOOPENÕS POLYCLINIC,DUBAI,OPHTHALMOLOGIST,,"AL GHURAIR REAL ESTATE BLDG., GROUND & MEZZANINE , SHOP 2 & SHOP 3, AL MUTEENA NEAR DUBAI PALM HOTEL",04-2979000
ASTER JUBILEE MEDICAL COMPLEX,DUBAI,OPHTHALMOLOGIST,,"AL FUTTAIN BLDG,GROUND FLOOR,KHALID BIN AL WALEED ROAD,NEAR MEENA BAZAAR,BUR DUBAI",04-5090300
DR. JOSEPHÕS POLYCLINIC,DUBAI,OPHTHALMOLOGIST,,"ABOVE MANKHOOL PHARMACYBLDG , KARAMA",04-3378828
DR. ISMAIL MEDICAL CENTRE,DUBAI,OPHTHALMOLOGIST,,"SHEIKH MOHD. BLDG APPARTMENT 4, 1ST FLOOR , KARAMA",04-3378585
UNION MEDICAL CENTRE,DUBAI,OPHTHALMOLOGIST,,"IRANIAN SCHOOL RD, KARAMA",04-3978828
BADR AL SAMAA MEDICAL CENTRE,DUBAI,OPHTHALMOLOGIST,,"ORIENTAL HOUSE 2, BANK STREET BURJUMAN , BUR DUBAI",04-3578681
AL RASHIDIYAH AL NOOR POLYCLINIC,DUBAI,OPHTHALMOLOGIST,,"BLDG. 216,SON OF SHEIHK OMAR AL MAJID, FLAT NO. 1&2, BEHIND BIN SOUQAT CENTER AL RASHIDIYAH",04-2862410
COSMOPOLITAN MEDICAL CENTRE,DUBAI,OPHTHALMOLOGIST,,"2ND FLOOR OF MASHREQ BANK,KHOR DUBAI BRANCH,BUR DUBAI",04-3257457
DR. MOOPENÕS POLYCLINIC,DUBAI,SURGEON,,"AL GHURAIR REAL ESTATE BLDG., GROUND & MEZZANINE , SHOP 2 & SHOP 3, AL MUTEENA NEAR DUBAI PALM HOTEL",04-2979000
ASTER JUBILEE MEDICAL COMPLEX,DUBAI,SURGEON,,"AL FUTTAIN BLDG,GROUND FLOOR,KHALID BIN AL WALEED ROAD,NEAR MEENA BAZAAR,BUR DUBAI",04-5090300
RASHIDIYA PVT POLYCLINIC,DUBAI,SURGEON,,RTA MULTI STORY PARKING BLDG.2ND FLOOR OPPOSITE AMBASSADOR HOTEL AL FALAH STREET BUR DUBAI,04-3939383
GOOD HEALTH POLY CLINIC,DUBAI,SURGEON,,"ABOVE SINDBAD BAKERY, SANGEETHA REST, AHEAD OF DUBAI GRAND, QUSAIS",04-2612000
AL SHIFA INTERNATIONAL CLINIC ( FORMERLY KNOWN AS DR. MOHANÕS CLINIC ),DUBAI,SURGEON,,"MUSALLA ROAD, BUR DUBAI",04-3972999
RIAZ MEDICAL CENTRE,DUBAI,SURGEON,,"AL MEZAN BUILDING , GROUND FLOOR , BEIRUT STREET NEAR GALADARI DRIVING SCHOOL, MUHAISNAH 4",04-2644130
KIMS MEDICAL CENTRE,DUBAI,SURGEON,,"GROUND FLOORAL DOSARI BLDG. SALAUDDIN STREET, DEIRA DUBAI",04-2624500
DR. MOOPENÕS POLYCLINIC,DUBAI,GYNAECOLOGIST,,"AL GHURAIR REAL ESTATE BLDG., GROUND & MEZZANINE , SHOP 2 & SHOP 3, AL MUTEENA NEAR DUBAI PALM HOTEL",04-2979000
ASTER JUBILEE MEDICAL COMPLEX,DUBAI,GYNAECOLOGIST,,"AL FUTTAIN BLDG,GROUND FLOOR,KHALID BIN AL WALEED ROAD,NEAR MEENA BAZAAR,BUR DUBAI",04-5090300
ABEER AL NOOR POLYCLINIC( FORMERLY KNOWN AS AL ABEER POLYCLINIC ),DUBAI,GYNAECOLOGIST,,"MOZANA BLDG,3RDFLOOR, QUSAIS ,DUBAI",04-2612248
UNION MEDICAL CENTRE,DUBAI,GYNAECOLOGIST,,"OPP. WALL STREET EXCHANGE ,IRANIAN SCHOOL RD, KARAMA",04-3978828
RASHIDIYA PVT POLYCLINIC,DUBAI,GYNAECOLOGIST,,RTA MULTI STORY PARKING BLDG.2ND FLOOR OPPOSITE AMBASSADOR HOTEL AL FALAH STREET BUR DUBAI,04-3939383
AL WARQA MEDICAL CENTRE,DUBAI,GYNAECOLOGIST,,"MASS SUPERMARKET BLDG,GROUND FLOOR ,AL WARQA-2",04-2803890
DOCIB CLINIC LLC (FORMERLY KNOWN AS AL MUHAISNAH POLYCLINIC ),DUBAI,GYNAECOLOGIST,,"LULU VILLAGE SHOPPING COMPLEX, QUSAIS",04-2544123
SALEEM POLY CLINIC,DUBAI,GYNAECOLOGIST,,"SATWA MAIN ROAD,NEAR SATWA BIG MASJID",04-4400500
ASTER JUBILEE MEDICAL COMPLEX,DUBAI,GYNAECOLOGIST,,"AL FUTTAIN BLDG,GROUND FLOOR,KHALID BIN AL WALEED ROAD,NEAR MEENA BAZAAR,BUR DUBAI",04-5090300
BADR AL SAMAA MEDICAL CENTRE,DUBAI,GYNAECOLOGIST,,"ORIENTAL HOUSE 2, BANK STREET BUR JUMAN , BUR DUBAI",04-3578681
ASTER MEDICAL CENTRE DEIRA,DUBAI,GYNAECOLOGIST,,"SHEIKHA RAJAA MAJED, AL QASSIMI BLDG, 2ND FLOOR, FLAT N2 202, DUBAI",04-2945095
ACCESS CLINIC BUR DUBAI,DUBAI,GYNAECOLOGIST,,"SOUK AL KABEER, BLDG.,GROUND FLOOR,NEXT TO BUS STATION,BUR DUBAI",04-3527300
ASTER MEDICAL CENTRE ABU HAIL,DUBAI,GYNAECOLOGIST,,"SHEIKH SUHAIL BLDG.,GROUND FLOOR,SHOP NO.2,24TH STREET HOR AL ANZ",04-2692785
PRIMACARE SPECIALITY CLINICS LLC (FORMERLY KNOWN AS AL MUSALLA MEDICAL CENTRE ),DUBAI,GYNAECOLOGIST,,"NEAR TO AL FAHEDI METRO STATION ,AL MUSSALLAS TOWER ON BANK STREET , BUR DUBAI",04-3966123
DURAIYA KAMAL MEDICAL CLINIC,DUBAI,GYNAECOLOGIST,,"NEXT TO GIFT VILLAGE, AL JAZ BLDG 1ST FLOOR, DEIRA",04-2238612
JUPITER AL QUSAIS POLYCLINIC LLC (FORMERLY KNOWN AS UNITY MEDICAL CENTER ),DUBAI,GYNAECOLOGIST,,"209, AL MAZOON BLDG., NEAR AL GHUSAIS SIGNAL",04-2630987
KIMS MEDICAL CENTRE,DUBAI,GYNAECOLOGIST,,"GROUND FLOORAL DOSARI BLDG. SALAUDDIN STREET, DEIRA DUBAI",04-2624500
COSMOPOLITAN MEDICAL CENTRE LLC BRANCH,DUBAI,GYNAECOLOGIST,,"AL WUHEIDA BLDG., M-FLOOR, FLAT NO. 01-012,WUHEIDA ROAD BEHIND AL MAMZAR CENTRE , ABUHAIL DEIRA DUBAI U.A.E",04-2687272
COSMOPOLITAN MEDICAL CENTRE LLC BRANCH,DUBAI,GYNAECOLOGIST,,"AL WUHEIDA BLDG., M-FLOOR, FLAT NO. 01-012,WUHEIDA ROAD BEHIND AL MAMZAR CENTRE , ABUHAIL DEIRA DUBAI U.A.E",04-2687272
COSMOPOLITAN MEDICAL CENTRE,DUBAI,GYNAECOLOGIST,,"2ND FLOOR OF MASHREQ BANK,KHOR DUBAI BRANCH,BUR DUBAI",04-3257457
ASTER JUBILEE MEDICAL COMPLEX,DUBAI,E.N.T. SPECIALIST,,"AL FUTTAIN BLDG,GROUND FLOOR,KHALID BIN AL WALEED ROAD,NEAR MEENA BAZAAR,BUR DUBAI",04-5090300
DR. JOSEPHÕS POLYCLINIC,DUBAI,E.N.T. SPECIALIST,,"ABOVE MANKHOOL PHARMACYBLDG , KARAMA",04-3378828
DR. MOOPEN'S POLYCLINIC,DUBAI,E.N.T. SPECIALIST,,"AL GHURAIR REAL ESTATE BLDG., GROUND & MEZZANINE , SHOP 2 & SHOP 3, AL MUTEENA NEAR DUBAI PALM HOTEL",04-2979000
JOSEPHS QUSAIS POLYCLINIC,DUBAI,E.N.T. SPECIALIST,,NEW TALAAL SUPERMARKET BLDG - QUSAIS DXB,04-2636767
RASHIDIYA PVT POLYCLINIC,DUBAI,E.N.T. SPECIALIST,,RTA MULTI STORY PARKING BLDG.2ND FLOOR OPPOSITE AMBASSADOR HOTEL AL FALAH STREET BUR DUBAI,04-3939383
KIMS MEDICAL CENTRE,DUBAI,E.N.T. SPECIALIST,,"GROUND FLOOR AL DOSARI BLDG. SALAUDDIN STREET, DEIRA DUBAI",04-2624500
ASTER MEDICAL CENTRE AL QUSAIS,DUBAI,E.N.T. SPECIALIST,,"SHOP NO. 2 & 3, AQU BLDG.,NEAR DUBAI AIRPORT FREE ZONE METRO STATION, AL QUSAIS 1, DUBAI U.A.E",04-2632202
ASTER MEDICAL CENTRE DEIRA,DUBAI,E.N.T. SPECIALIST,,"SHEIKHA RAJAA MAJED, AL QASSIMI BLDG, 2ND FLOOR, FLAT N2 202, DUBAI",04-2945095
PRIMACARE SPECIALITY CLINICS LLC (FORMERLY KNOWN AS AL MUSALLA MEDICAL CENTRE ),DUBAI,E.N.T. SPECIALIST,,"NEAR TO AL FAHEDI METRO STATION ,AL MUSSALLAS TOWER ON BANK STREET , BUR DUBAI",04-3966123
COSMOPOLITAN MEDICAL CENTRE LLC BRANCH,DUBAI,E.N.T. SPECIALIST,,"AL WUHEIDA BLDG., M-FLOOR, FLAT NO. 01-012,WUHEIDA ROAD BEHIND AL MAMZAR CENTRE , ABUHAIL DEIRA DUBAI U.A.E",04-2687272
JOSEPHS QUSAIS POLYCLINIC,DUBAI,INTERNAL MEDICINE,,NEW TALAAL SUPERMARKET BLDG - QUSAIS DXB,04-2636767
DULSCO MEDICAL CLINIC,DUBAI,INTERNAL MEDICINE,,"DULSCO EVENTS ARENA 1ST FLOOR, DULSCO VILLAGE, AL QUOZ INDUSTRIAL AREA DUBAI U.A.E",04-3232442
ASTER MEDICAL CENTRE MUHAISNAH,DUBAI,INTERNAL MEDICINE,,"FISRT FLOOR FLAT NO.4, MUHAISNAH PLAZA BLDG.,BEIRUT STREET NEAR AL MADEENA MALL ,MUHAISNAH DUBAI U.A.E",04-2592154
DR. ISMAIL MEDICAL CENTRE,DUBAI,INTERNAL MEDICINE,,"SHEIKH MOHD. BLDG APPARTMENT 4, 1ST FLOOR , KARAMA",04-3378585
ASTER JUBILEE MEDICAL COMPLEX,DUBAI,INTERNAL MEDICINE,,"AL FUTTAIN BLDG,GROUND FLOOR,KHALID BIN AL WALEED ROAD,NEAR MEENA BAZAAR,BUR DUBAI",04-5090300
ASTER JUBILEE MEDICAL COMPLEX,DUBAI,INTERNAL MEDICINE,,"AL FUTTAIN BLDG,GROUND FLOOR,KHALID BIN AL WALEED ROAD,NEAR MEENA BAZAAR,BUR DUBAI",04-5090300
DR. MOOPENÕS POLYCLINIC,DUBAI,INTERNAL MEDICINE,,"AL GHURAIR REAL ESTATE BLDG., GROUND & MEZZANINE , SHOP 2 & SHOP 3, AL MUTEENA NEAR DUBAI PALM HOTEL",04-2979000
DR. MOOPENÕS POLYCLINIC,DUBAI,INTERNAL MEDICINE,,"AL GHURAIR REAL ESTATE BLDG., GROUND & MEZZANINE , SHOP 2 & SHOP 3, AL MUTEENA NEAR DUBAI PALM HOTEL",04-2979000
ASTER JUBILEE MEDICAL COMPLEX,DUBAI,INTERNAL MEDICINE,,"AL FUTTAIN BLDG,GROUND FLOOR,KHALID BIN AL WALEED ROAD,NEAR MEENA BAZAAR,BUR DUBAI",04-5090300
DR. KOYA'S CLINIC,DUBAI,INTERNAL MEDICINE,,"BEHIND NAIF POLICE STATION , DEIRA DUBAI",04-2225854
DR.ISMAIL POLY CLINIC,DUBAI,INTERNAL MEDICINE,,"GRAND MIDWEST HOTEL BLDG NO 12 GROUND FLOOR,DISCOVERY GARDEN",04-4494087
PRIMACARE SPECIALITY CLINICS LLC (FORMERLY KNOWN AS AL MUSALLA MEDICAL CENTRE ),DUBAI,INTERNAL MEDICINE,,"NEAR TO AL FAHEDI METRO STATION ,AL MUSSALLAS TOWER ON BANK STREET , BUR DUBAI",04-3966123
DURAIYA KAMAL MEDICAL CLINIC,DUBAI,INTERNAL MEDICINE,,"NEXT TO GIFT VILLAGE, AL JAZ BLDG 1ST FLOOR, DEIRA",04-2238612
JUPITER AL QUSAIS POLYCLINIC LLC (FORMERLY KNOWN AS UNITY MEDICAL CENTER ),DUBAI,INTERNAL MEDICINE,,"209, AL MAZOON BLDG., NEAR AL GHUSAIS SIGNAL",04-2630987
COSMOPOLITAN MEDICAL CENTRE,DUBAI,INTERNAL MEDICINE,,"2ND FLOOR OF MASHREQ BANK,KHOR DUBAI BRANCH,BUR DUBAI",04-3257457
DURAIYA KAMAL MEDICAL CLINIC,DUBAI,UROLOGIST,,"NEXT TO GIFT VILLAGE, AL JAZ BLDG 1ST FLOOR, DEIRA",04-2238612
ASTER JUBILEE MEDICAL COMPLEX,DUBAI,UROLOGIST,,"AL FUTTAIN BLDG,GROUND FLOOR,KHALID BIN AL WALEED ROAD,NEAR MEENA BAZAAR,BUR DUBAI",04-5090300
AL MUSALLA MEDICAL CENTRE -BRANCH,DUBAI,UROLOGIST,,"MUSALLA TOWER, FAHIDI METRO STATION AL BARSHA DUBAI",04-3966123
DR. MOOPENÕS POLYCLINIC,DUBAI,CARDIOLOGIST,,"AL GHURAIR REAL ESTATE BLDG., GROUND & MEZZANINE , SHOP 2 & SHOP 3, AL MUTEENA NEAR DUBAI PALM HOTEL",04-2979000
BADR AL SAMAA MEDICAL CENTRE,DUBAI,CARDIOLOGIST,,"ORIENTAL HOUSE 2, BANK STREET BUR JUMAN , BUR DUBAI",04-3578681
ASTER JUBILEE MEDICAL COMPLEX,DUBAI,CARDIOLOGIST,,"AL FUTTAIN BLDG,GROUND FLOOR,KHALID BIN AL WALEED ROAD,NEAR MEENA BAZAAR,BUR DUBAI",04-5090300
AL RASHIDIYAH AL NOOR POLYCLINIC,DUBAI,CARDIOLOGIST,,"BLDG. 216,SON OF SHEIHK OMAR AL MAJID, FLAT NO. 1&2, BEHIND BIN SOUQAT CENTER AL RASHIDIYAH",04-2862410
MEDSTAR HEALTHCARE LLC,DUBAI,CARDIOLOGIST,,"GULF TOWER,GROUND FLOOR, OUD METHA ,DUBAI U.A.E",04-3577877
PRIMACARE SPECIALITY CLINICS LLC (FORMERLY KNOWN AS AL MUSALLA MEDICAL CENTRE ),DUBAI,CARDIOLOGIST,,"NEAR TO AL FAHEDI METRO STATION ,AL MUSSALLAS TOWER ON BANK STREET , BUR DUBAI",04-3966123
ASTER JUBILEE MEDICAL COMPLEX,DUBAI,GASTROENTOLOGIST,,"AL FUTTAIN BLDG,GROUND FLOOR,KHALID BIN AL WALEED ROAD,NEAR MEENA BAZAAR,BUR DUBAI",04-5090300
DR. MOOPENÕS POLYCLINIC,DUBAI,GASTROENTOLOGIST,,"AL GHURAIR REAL ESTATE BLDG., GROUND & MEZZANINE , SHOP 2 & SHOP 3, AL MUTEENA NEAR DUBAI PALM HOTEL",04-2979000
ASTER SPECIALIST MEDICAL CENTRE INTERNATIONAL CITY BR. OF DM HEALTHCARE LLC,DUBAI,GASTROENTOLOGIST,,"THE PAVILION MALL,OPPOSITE TO KFC,FRANCE CLUSTER,INTERNATIONAL CITY",04-4279554
PRIMACARE SPECIALITY CLINICS LLC (FORMERLY KNOWN AS AL MUSALLA MEDICAL CENTRE ),DUBAI,GASTROENTOLOGIST,,"NEAR TO AL FAHEDI METRO STATION ,AL MUSSALLAS TOWER ON BANK STREET , BUR DUBAI",04-3966123
ASTER JUBILEE MEDICAL COMPLEX,DUBAI,NEPHROLOGIST,,"AL FUTTAIN BLDG,GROUND FLOOR,KHALID BIN AL WALEED ROAD,NEAR MEENA BAZAAR,BUR DUBAI",04-5090300
DR. MOOPEN'S POLYCLINIC,DUBAI,PSYCHIATRIST,,"AL GHURAIR REAL ESTATE BLDG., GROUND & MEZZANINE , SHOP 2 & SHOP 3, AL MUTEENA NEAR DUBAI PALM HOTEL",04-2979000
PRIMACARE SPECIALITY CLINICS LLC (FORMERLY KNOWN AS AL MUSALLA MEDICAL CENTRE ),DUBAI,HOMEOPHATHIC MEDICINE,,"NEAR TO AL FAHEDI METRO STATION ,AL MUSSALLAS TOWER ON BANK STREET , BUR DUBAI",04-3966123
COSMOPOLITAN MEDICAL CENTRE LLC BRANCH,DUBAI,HOMEOPHATHIC MEDICINE,,"AL WUHEIDA BLDG., M-FLOOR, FLAT NO. 01-012,WUHEIDA ROAD BEHIND AL MAMZAR CENTRE , ABUHAIL DEIRA DUBAI U.A.E",04-2687272
DR. SANJAY MEDICAL CENTER ( BRANCH ),DUBAI,DENTIST,,"2ND FLOOR ,AL KHAIL MALL, AL AL QOUZ,DUBAI UAE",04-3285999
KIMS MEDICAL CENTRE,DUBAI,DENTIST,,"GROUND FLOORAL DOSARI BLDG. SALAUDDIN STREET, DEIRA DUBAI",04-2624500
KIMS MEDICAL CENTRE,DUBAI,DENTIST,,"GROUND FLOORAL DOSARI BLDG. SALAUDDIN STREET, DEIRA DUBAI",04-2624500
DR. JOSEPHÕS POLYCLINIC,DUBAI,DENTIST,,"ABOVE MANKHOOL PHARMACY, KARAMA",04-3378828
PRIMACARE SPECIALITY CLINICS LLC (FORMERLY KNOWN AS AL MUSALLA MEDICAL CENTRE ),DUBAI,DENTIST,,"NEAR TO AL FAHEDI METRO STATION ,AL MUSSALLAS TOWER ON BANK STREET , BUR DUBAI",04-3966123
JUPITER AL QUSAIS POLYCLINIC LLC (FORMERLY KNOWN AS UNITY MEDICAL CENTER ),DUBAI,DENTIST,,"209, AL MAZOON BLDG., NEAR AL GHUSAIS SIGNAL",04-2630987
JUPITER AL QUSAIS POLYCLINIC LLC (FORMERLY KNOWN AS UNITY MEDICAL CENTER ),DUBAI,DENTIST,,"209, AL MAZOON BLDG., NEAR AL GHUSAIS SIGNAL",04-2630987
NOORA POLYCLINIC,DUBAI,DENTIST,,"OPP MAKTOUM HOSPITAL, DEIRA",04-2246364
COSMOPOLITAN MEDICAL CENTRE LLC BRANCH,DUBAI,DENTIST,,"AL WUHEIDA BLDG., M-FLOOR, FLAT NO. 01-012,WUHEIDA ROAD BEHIND AL MAMZAR CENTRE , ABUHAIL DEIRA DUBAI U.A.E",04-2687272
COSMOPOLITAN MEDICAL CENTRE LLC BRANCH,DUBAI,DENTIST,,"AL WUHEIDA BLDG., M-FLOOR, FLAT NO. 01-012,WUHEIDA ROAD BEHIND AL MAMZAR CENTRE , ABUHAIL DEIRA DUBAI U.A.E",04-2687272
COSMOPOLITAN MEDICAL CENTRE,DUBAI,DENTIST,,"2ND FLOOR OF MASHREQ BANK,KHOR DUBAI BRANCH,BUR DUBAI",04-3257457
AL SHAAB MEDICAL CENTRE,DUBAI,---,,"OPP TALAT SUPERMARKET, HOR AL ANZ",04-2970870
ASTER MEDICAL CENTRE REMRAAM BR OF D M HEALTHCARE L L C (FORMERLY KNOWN AS AL AWEER MEDICAL CLINIC ),DUBAI,---,,"REMRAAM COMMUNITY CENTRE,FLOOR GROUND FLOOR-FLAT RETAIL 08,RERAAM ,NEAR GEANT SUPERMARKET",04-3333423
AL RAFA POLYCLINIC (BR - INTERNATIONAL CITY),DUBAI,---,,INTERNATIONAL CITY,04-4227944
ASTER AL NAHDA MEDICAL CENTER,DUBAI,---,,"AMMAN STREET,OPPOSITE NMC SPECIALITY HOSPITAL AL NAHDA DUBAI",04-2399119
DR. MOOPEN'S MEDICAL CENTER,DUBAI,---,,"AL SHEROUQ BUILDING ,KARAMA DUBAI",04-3374767
ASTER JABAL ALI MEDICAL CENTER,DUBAI,---,,"MEZZANINE FLOOR,NESTO HYPER MARKET INDUSTRIAL AREA1,JEBEL ALI",04-8841962
ADVANCED CARE ONCOLOGY CENTER LLC,DUBAI,---,,"AL FURJAN PAVILLION,JABEL ALI 1, DUBAI U.A.E",04-2854665
EMIRATES STAR MEDICAL CENTRE,DUBAI,GENERAL PRACTITIONER,,"BEHIND AL KHAIL GATE-2,AL QOUZ INDUSTRIAL AREA 2",04-3468861
EMIRATES STAR MEDICAL CENTRE,DUBAI,GENERAL PRACTITIONER,,"BEHIND AL KHAIL GATE-2,AL QOUZ INDUSTRIAL AREA 3",04-3468861
EMIRATES STAR MEDICAL CENTRE,DUBAI,GENERAL PRACTITIONER,,"BEHIND AL KHAIL GATE-2,AL QOUZ INDUSTRIAL AREA 4",04-3468861
EMIRATES STAR MEDICAL CENTRE,DUBAI,GENERAL PRACTITIONER,,"BEHIND AL KHAIL GATE-2,AL QOUZ INDUSTRIAL AREA 5",04-3468861
EMIRATES STAR MEDICAL CENTRE,DUBAI,GENERAL PRACTITIONER,,"BEHIND AL KHAIL GATE-2,AL QOUZ INDUSTRIAL AREA 6",04-3468861
EMIRATES STAR MEDICAL CENTRE,DUBAI,ORTHOPEDICIAN,,"BEHIND AL KHAIL GATE-2,AL QOUZ INDUSTRIAL AREA 6",04-3468861
EMIRATES STAR MEDICAL CENTRE,DUBAI,DENTIST,,"BEHIND AL KHAIL GATE-2,AL QOUZ INDUSTRIAL AREA 6",04-3468861
EMIRATES STAR MEDICAL CENTRE,DUBAI,E.N.T. SPECIALIST,,"BEHIND AL KHAIL GATE-2,AL QOUZ INDUSTRIAL AREA 6",04-3468861
DUBAI CORPORATION OF AMBULANCE SERVICES,DUBAI,---,,DUBAI U.A.E,04-2922222
THUMBAY CLINIC LLC BRANCH SATWA,DUBAI,GENERAL PRACTITIONER,,"NEAR BILAL BIN RABHA PRIMARY SCHOOL,DUBAI",04-3461555
THUMBAY CLINIC LLC BRANCH SATWA,DUBAI,GENERAL PRACTITIONER,,"NEAR BILAL BIN RABHA PRIMARY SCHOOL,DUBAI",04-3461555
THUMBAY CLINIC LLC BRANCH SATWA,DUBAI,DENTIST,,"NEAR BILAL BIN RABHA PRIMARY SCHOOL,DUBAI",04-3461555
THUMBAY CLINIC LLC BRANCH SATWA,DUBAI,INTERNAL MEDICINE,,"NEAR BILAL BIN RABHA PRIMARY SCHOOL,DUBAI",04-3461555
THUMBAY CLINIC LLC BRANCH SATWA,DUBAI,GYNAECOLOGIST,,"NEAR BILAL BIN RABHA PRIMARY SCHOOL,DUBAI",04-3461555
EMIRATES STAR MEDICAL CENTRE BRANCH LLC,DUBAI,GENERAL PRACTITIONER,,"JAZZA MEDICAL FITNESS CENTRE BLDG., GROUND FLOOR,DUBAI",04-884446
EMIRATES STAR MEDICAL CENTRE BRANCH LLC,DUBAI,GENERAL PRACTITIONER,,"JAZZA MEDICAL FITNESS CENTRE BLDG., GROUND FLOOR,DUBAI",04-884446
EMIRATES STAR MEDICAL CENTRE BRANCH LLC,DUBAI,DENTIST,,"JAZZA MEDICAL FITNESS CENTRE BLDG., GROUND FLOOR,DUBAI",04-884446
EMIRATES STAR MEDICAL CENTRE BRANCH LLC,DUBAI,DENTIST,,"JAZZA MEDICAL FITNESS CENTRE BLDG., GROUND FLOOR,DUBAI",04-884446
AL MANKHOOL HEALTH CENTER,DUBAI,---,,"AL MANKHOOLROAD,BUR DUBAI ,BEHIND EID MUSALLA MOSQUE , DUBAI",04-5021201
AL LUSAILY HEALTH CENTER,DUBAI,---,,AL LUSAILY DUBAI,04-5022501
ZABEEL HEALTH CENTER,DUBAI,---,,"NEAR CLUB ROUNDABOUT, ZAABEEL 2 - DUBAI",800342
AL TOWAR HEALTH CENTER,DUBAI,---,,"AL TAWAR 1, DUBAU U.A.E",04-5022101
AL SAFA HEALTH CENTER,DUBAI,---,,ON AL-ATTAR ROAD SIDE NEAR AL-SAFA PARK,04-5021401
AL BADAE HEALTH CENTER,DUBAI,---,,"SHEIKH ZAYED ROAD, TRADE CENTRE 1",04-5081001
AL KHAWANEEJ HEALTH CENTER,DUBAI,---,,"AL KHAWANEEJ, DUBAI",04-5023001
AL MAMZAR HEALTH CENTER,DUBAI,---,,CAIRO ST - DUBAI,04-5021801
NAD AL HAMAR HEALTH CENTER,DUBAI,---,,NAD AL HAMMAR ROAD,04-5023701
AL MEZHAR HEALTH CENTER,DUBAI,---,,42 C ST - DUBAI,04-5022601
NAD AL SHIBA HEALTH CENTER,DUBAI,---,,"NAD EL SHIBA 1, DUBAI",04-5021601
AL BARSHA HEALTH CENTER,DUBAI,---,,AL BARSHA 3 Ð DUBAI,04-5023301
DR. MOOPENÕS POLYCLINIC,DUBAI,PSYCHIATRIST,,"AL GHURAIR REAL ESTATE BLDG., GROUND & MEZZANINE , SHOP 2 & SHOP 3, AL MUTEENA NEAR DUBAI PALM HOTEL",04-2979000
THALASSEMIA CENTER,DUBAI,---,,OUD METHA RD - AL JADDAF - DUBAI,800342
DUBAI AIRPORT FREE ZONE AREA CLINIC,DUBAI,---,,"BUILDING W2, DUBAI AIRPORT FREEZONE - DUBAI",04-2994436
RASHIDIYA PVT POLYCLINIC,DUBAI,UROLOGIST,,RTA MULTI STORY PARKING BLDG.2ND FLOOR OPPOSITE AMBASSADOR HOTEL AL FALAH STREET BUR DUBAI,04-3939383
BADR AL SAMAA MEDICAL CENTRE,DUBAI,PSYCHIATRIST,,"ORIENTAL HOUSE 2, BANK STREET BUR JUMAN , BUR DUBAI",04-3578681
UMM SUQEIM HEALTH CENTER,DUBAI,---,,UMM SUQEIM - DUBAI,800342
DOCTORS CLINIC,DUBAI,OPHTHALMOLOGIST,,"OPPOSITE BANIYA SQUARE METRO STATION AL OWAIS BLD 2 ND FLOOR , DEIRA",04-2246688
DOCTORS CLINIC,DUBAI,GENERAL PRACTITIONER,,"OPPOSITE BANIYA SQUARE METRO STATION AL OWAIS BLD 2 ND FLOOR , DEIRA",04-2246688
DOCTORS CLINIC,DUBAI,DERMATOLOGIST,,"OPPOSITE BANIYA SQUARE METRO STATION AL OWAIS BLD 2 ND FLOOR , DEIRA",04-2246688
DOCTORS CLINIC,DUBAI,DENTIST,,"OPPOSITE BANIYA SQUARE METRO STATION AL OWAIS BLD 2 ND FLOOR , DEIRA",04-2246688
DOCTORS CLINIC,DUBAI,GENERAL PRACTITIONER,,"OPPOSITE BANIYA SQUARE METRO STATION AL OWAIS BLD 2 ND FLOOR , DEIRA",04-2246688
UMM SUQEIM HEALTH CENTER PHC,DUBAI,---,,77 6 D ST - UMM SUQEIM - JUMEIRAH 3 - DUBAI,04-2198888
SWEIHAN HEALTCARE CENTER (SEHA-ABU DHABI),DUBAI,---,,SWEIHAN HEALTHCARE CENTER - ABU DHABI,02-7347318
ACESS CLINIC DIC BR OF DM HEALTHCARE LLC,Dubai,General Practitioner,,"SAPPHIRE MALL,1ST FLOOR,DIP DUBAI",04-5896619
AIRPORT MEDICAL CENTER,DUBAI,---,,AL GARHOUD DUBAI,80060
AL QUSAIS MEDICAL CENTER,DUBAI,---,,"11TH STREET , AL QUSAIS 2, DUBAI",80060
ABRIS MEDICAL CENTRE LLC,DUBAI,PAEDIATRICIAN,,"FIRST FLOOR, BULD NO 2843495048, SOUQ AL KABEER BLDG. AL FAHIDI ST. MEENA BAZAAR, BUR DUBAI.",04-3535356
ABRIS MEDICAL CENTRE LLC,DUBAI,INTERNAL MEDICINE,,"FIRST FLOOR, BULD NO 2843495048, SOUQ AL KABEER BLDG. AL FAHIDI ST. MEENA BAZAAR, BUR DUBAI.",04-3535356
ABRIS MEDICAL CENTRE LLC,DUBAI,DENTIST,,"FIRST FLOOR, BULD NO 2843495048, SOUQ AL KABEER BLDG. AL FAHIDI ST. MEENA BAZAAR, BUR DUBAI.",04-3535356
ABRIS MEDICAL CENTRE LLC,DUBAI,PHYSIOTHERAPIST,,"FIRST FLOOR, BULD NO 2843495048, SOUQ AL KABEER BLDG. AL FAHIDI ST. MEENA BAZAAR, BUR DUBAI.",04-3535356
ABRIS MEDICAL CENTRE LLC,DUBAI,GENERAL PRACTITIONER,,"FIRST FLOOR, BULD NO 2843495048, SOUQ AL KABEER BLDG. AL FAHIDI ST. MEENA BAZAAR, BUR DUBAI.",04-3535356
ABRIS MEDICAL CENTRE LLC,DUBAI,OPHTHALMOLOGIST,,"FIRST FLOOR, BULD NO 2843495048, SOUQ AL KABEER BLDG. AL FAHIDI ST. MEENA BAZAAR, BUR DUBAI.",04-3535356
ABRIS MEDICAL CENTRE LLC,DUBAI,E.N.T. SPECIALIST,,"FIRST FLOOR, BULD NO 2843495048, SOUQ AL KABEER BLDG. AL FAHIDI ST. MEENA BAZAAR, BUR DUBAI.",04-3535356
ABRIS MEDICAL CENTRE LLC,DUBAI,ORTHOPEDICIAN,,"FIRST FLOOR, BULD NO 2843495048, SOUQ AL KABEER BLDG. AL FAHIDI ST. MEENA BAZAAR, BUR DUBAI.",04-3535356
ABRIS MEDICAL CENTRE LLC,DUBAI,GYNAECOLOGIST,,"FIRST FLOOR, BULD NO 2843495048, SOUQ AL KABEER BLDG. AL FAHIDI ST. MEENA BAZAAR, BUR DUBAI.",04-3535356
ABRIS MEDICAL CENTRE LLC,DUBAI,GENERAL PRACTITIONER,,"FIRST FLOOR, BULD NO 2843495048, SOUQ AL KABEER BLDG. AL FAHIDI ST. MEENA BAZAAR, BUR DUBAI.",04-3535356
ABRIS MEDICAL CENTRE LLC,DUBAI,GENERAL PRACTITIONER,,"FIRST FLOOR, BULD NO 2843495048, SOUQ AL KABEER BLDG. AL FAHIDI ST. MEENA BAZAAR, BUR DUBAI.",04-3535356
ABRIS MEDICAL CENTRE LLC,DUBAI,INTERNAL MEDICINE,,"FIRST FLOOR, BULD NO 2843495048, SOUQ AL KABEER BLDG. AL FAHIDI ST. MEENA BAZAAR, BUR DUBAI.",04-3535356
ABRIS MEDICAL CENTRE LLC,DUBAI,UROLOGIST,,"FIRST FLOOR, BULD NO 2843495048, SOUQ AL KABEER BLDG. AL FAHIDI ST. MEENA BAZAAR, BUR DUBAI.",04-3535356
ABRIS MEDICAL CENTRE LLC,DUBAI,GENERAL PRACTITIONER,,"FIRST FLOOR, BULD NO 2843495048, SOUQ AL KABEER BLDG. AL FAHIDI ST. MEENA BAZAAR, BUR DUBAI.",04-3535356
ABRIS MEDICAL CENTRE LLC,DUBAI,GENERAL PRACTITIONER,,"FIRST FLOOR, BULD NO 2843495048, SOUQ AL KABEER BLDG. AL FAHIDI ST. MEENA BAZAAR, BUR DUBAI.",04-3535356
ABRIS MEDICAL CENTRE LLC,DUBAI,SURGEON,,"FIRST FLOOR, BULD NO 2843495048, SOUQ AL KABEER BLDG. AL FAHIDI ST. MEENA BAZAAR, BUR DUBAI.",04-3535356
ABRIS MEDICAL CENTRE LLC,DUBAI,DENTIST,,"FIRST FLOOR, BULD NO 2843495048, SOUQ AL KABEER BLDG. AL FAHIDI ST. MEENA BAZAAR, BUR DUBAI.",04-3535356
ABRIS MEDICAL CENTRE LLC,DUBAI,DENTIST,,"FIRST FLOOR, BULD NO 2843495048, SOUQ AL KABEER BLDG. AL FAHIDI ST. MEENA BAZAAR, BUR DUBAI.",04-3535356
AIRPORT HEALTH CENTER - CONCOURSE C,DUBAI,---,,"DUBAI INTERNATIONAL AIRPORT -TERMINAL 1 ,AL GARHOUD DUBAI",80060
AIRPORT HEALTH CENTER - CONCOURSE B,DUBAI,---,,"DUBAI INTERNATIONAL AIRPORT -TERMINAL ,AL GARHOUD DUBAI",80060
AIRPORT HEALTH CENTER - CONCOURSE A,DUBAI,---,,"DUBAI INTERNATIONAL AIRPORT -TERMINAL 3 ,AL GARHOUD DUBAI",80060
AL TAIF MEDICAL CENTRE,DUBAI,DENTIST,,"OPP.WEST HOTEL,NAIF ROAD,DEIRA,DUBAI",04-2222383
AL TAIF MEDICAL CENTRE,DUBAI,GENERAL PRACTITIONER,,"OPP.WEST HOTEL,NAIF ROAD,DEIRA,DUBAI",04-2222383
AL TAIF MEDICAL CENTRE,DUBAI,DENTIST,,"OPP.WEST HOTEL,NAIF ROAD,DEIRA,DUBAI",04-2222383
AL TAIF MEDICAL CENTRE,DUBAI,GYNAECOLOGIST,,"OPP.WEST HOTEL,NAIF ROAD,DEIRA,DUBAI",04-2222383
AL TAIF MEDICAL CENTRE,DUBAI,GENERAL PRACTITIONER,,"OPP.WEST HOTEL,NAIF ROAD,DEIRA,DUBAI",04-2222383
AL TAIF MEDICAL CENTRE,DUBAI,DENTIST,,"OPP.WEST HOTEL,NAIF ROAD,DEIRA,DUBAI",04-2222383
AL TAIF MEDICAL CENTRE,DUBAI,GENERAL PRACTITIONER,,"OPP.WEST HOTEL,NAIF ROAD,DEIRA,DUBAI",04-2222383
LAKESHORE MEDICAL CENTRE,DUBAI,DENTIST,,"BUSTAN CENTRE,GATE 1, GROUND FLOOR,AL QUASIS",04-2649312
LAKESHORE MEDICAL CENTRE,DUBAI,GYNAECOLOGIST,,"BUSTAN CENTRE,GATE 1, GROUND FLOOR,AL QUASIS",04-2649312
LAKESHORE MEDICAL CENTRE,DUBAI,DENTIST,,"BUSTAN CENTRE,GATE 1, GROUND FLOOR,AL QUASIS",04-2649312
LAKESHORE MEDICAL CENTRE,DUBAI,GENERAL PRACTITIONER,,"BUSTAN CENTRE,GATE 1, GROUND FLOOR,AL QUASIS",04-2649312
LAKESHORE MEDICAL CENTRE,DUBAI,DERMATOLOGIST,,"BUSTAN CENTRE,GATE 1, GROUND FLOOR,AL QUASIS",04-2649312
LAKESHORE MEDICAL CENTRE,DUBAI,DENTIST,,"BUSTAN CENTRE,GATE 1, GROUND FLOOR,AL QUASIS",04-2649312
RE LEAF MEDICAL CENTRE L.L.C BRANCH (AL QOUZ),DUBAI,GENERAL PRACTITIONER,,AL QOUZ IND SECOND KHALFAN MOHAMED BIN,04-3377977
RE LEAF MEDICAL CENTRE L.L.C BRANCH (AL QOUZ),DUBAI,GENERAL PRACTITIONER,,AL QOUZ IND SECOND KHALFAN MOHAMED BIN,04-3377977
RE LEAF MEDICAL CENTRE L.L.C BRANCH (AL QOUZ),DUBAI,GENERAL PRACTITIONER,,AL QOUZ IND SECOND KHALFAN MOHAMED BIN,04-3377977
RE LEAF MEDICAL CENTRE L.L.C BRANCH (AL QOUZ),DUBAI,GENERAL PRACTITIONER,,AL QOUZ IND SECOND KHALFAN MOHAMED BIN,04-3377977
RELEAF MEDICAL CENTRE LLC BRANCH (JEBEL ALI),DUBAI,DENTIST,,JABAL ALI INDUSTRIAL FIRST,04-3885456
RELEAF MEDICAL CENTRE LLC BRANCH (JEBEL ALI),DUBAI,GENERAL PRACTITIONER,,JABAL ALI INDUSTRIAL FIRST,04-3885456
RELEAF MEDICAL CENTRE LLC BRANCH (JEBEL ALI),DUBAI,GENERAL PRACTITIONER,,JABAL ALI INDUSTRIAL FIRST,04-3885456
RELEAF MEDICAL CENTRE LLC BRANCH( AL QOUZ FIRST),DUBAI,GENERAL PRACTITIONER,,"RAS AL KHOR IND 1 ,AL QOUZ FIRST",04-3216222
RELEAF MEDICAL CENTRE LLC BRANCH( AL QOUZ FIRST),DUBAI,GENERAL PRACTITIONER,,"RAS AL KHOR IND 1 ,AL QOUZ FIRST",04-3216222
RELEAF MEDICAL CENTRE LLC BRANCH( AL QOUZ FIRST),DUBAI,DENTIST,,"RAS AL KHOR IND 1 ,AL QOUZ FIRST",04-3216222
RE LEAF MEDICAL CENTRE L.L.C (DIP),DUBAI,DENTIST,,DUBAI INVESTMENT PARK,04-8814919
RE LEAF MEDICAL CENTRE L.L.C (DIP),DUBAI,GENERAL PRACTITIONER,,DUBAI INVESTMENT PARK,04-8814919
NATIONAL MEDICAL CENTRE,FUJAIRAH,GENERAL PRACTITIONER,,SAEED SASMSUM BLDG. FUJAIRAH,09-2232850
NATIONAL MEDICAL CENTRE,FUJAIRAH,GENERAL PRACTITIONER,,SAEED SASMSUM BLDG. FUJAIRAH,09-2232850
NATIONAL MEDICAL CENTRE,FUJAIRAH,GENERAL PRACTITIONER,,SAEED SASMSUM BLDG. FUJAIRAH,09-2232850
NATIONAL MEDICAL CENTRE,FUJAIRAH,GENERAL PRACTITIONER,,SAEED SASMSUM BLDG. FUJAIRAH,09-2232850
MUNIR MEDICAL CLINIC,FUJAIRAH,GENERAL PRACTITIONER,,"EID MUSSALLA AREA, ADCB BANK & ADNOC PETROL STATION FUJAIRAH",09-2232727
MERASHID MEDICAL CENTRE,FUJAIRAH,GENERAL PRACTITIONER,,"FLAT NO. 104, FIRST FLOOR, SAEED BARSHOUD BLDG. OPP.CHOITHRAM SUPERMARKET FUJAIRAH",09-2220883
AL SHARQ MEDICAL CENTER-DIBBA,FUJAIRAH,GENERAL PRACTITIONER,,"AL SIGI BLDG, MAIN STREET, NEAR MARKET AREA,DIBBA, FUJAIRAH",09-2444711
AL SHARQ MEDICAL CENTER-DIBBA,FUJAIRAH,GENERAL PRACTITIONER,,"AL SIGI BLDG, MAIN STREET, NEAR MARKET AREA,DIBBA, FUJAIRAH",09-2444711
AL SHARQ MEDICAL CENTER-AL ETIHAD,FUJAIRAH,GENERAL PRACTITIONER,,"AL SHARQI STREET,OPPOSITE SAFEER MARKET",09-2222444
THUMBAY CLINIC LLC FUJAIRAH,FUJAIRAH,GENERAL PRACTITIONER,,"OPPOSITE FATIMA SHOPPING MALL ,SHEIKH ZAYED BIN SULTAN ROAD,FUJAIRAH",09-2227455
FUJAIRAH PORT CLINIC,FUJAIRAH,GENERAL PRACTITIONER,,"FUJAIRAH PORT MEDICAL CENTRE BLDG.,GROUND FLOOR, FUJAIRAH SEA PORT, FUJAIRAH U.A.E",09-2228007
EMIRATES MEDICAL CENTRE,FUJAIRAH,GENERAL PRACTITIONER,,"SH. ZAYED ROAD, OPPP. AL ROSTAMANI INTERNATIONAL MONEY EXCHANGE, FUJAIRAH",09-2233199
AL SHARQ MEDICAL CENTER-AL ETIHAD,FUJAIRAH,PAEDIATRICIAN,,"AL SHARQI STREET,OPPOSITE SAFEER MARKET",09-2222444
NATIONAL MEDICAL CLINIC,FUJAIRAH,PAEDIATRICIAN,,GURFAH ST,09-2232850
ASTER MEDICAL CENTRE - FUJAIRAH BRANCH,FUJAIRAH,PAEDIATRICIAN,,"OPPOSITE CHOITHRAM SUPER MARKET,HAMAD BIN ABDULLA STREET, FUJAIRAH U.A.E",09-2234912
AL SHARQ MEDICAL CENTER-AL ETIHAD,FUJAIRAH,ORTHOPEDICIAN,,"AL SHARQI STREET,OPPOSITE SAFEER MARKET",09-2222444
AL SHARQ MEDICAL CENTER-AL ETIHAD,FUJAIRAH,GYNAECOLOGIST,,"AL SHARQI STREET,OPPOSITE SAFEER MARKET",09-2222444
AL SHARQ MEDICAL CENTER-AL ETIHAD,FUJAIRAH,GYNAECOLOGIST,,"AL SHARQI STREET,OPPOSITE SAFEER MARKET",09-2222444
NATIONAL MEDICAL CLINIC,FUJAIRAH,OPHTHALMOLOGIST,,GURFAH ST,09-2232850
AL SHARQ MEDICAL CENTRE -COSMOMED,FUJAIRAH,DERMATOLOGIST,,"BESIDE SAFEER SUPERMARKET, AL SHRAQ ST. ROUND ABOUT SAFEER FUJAIRAH",09-2249545
AL SHARQ MEDICAL CENTRE -COSMOMED,FUJAIRAH,DERMATOLOGIST,,"BESIDE SAFEER SUPERMARKET, AL SHRAQ ST. ROUND ABOUT SAFEER FUJAIRAH",09-2249545
ASTER MEDICAL CENTRE - FUJAIRAH BRANCH,FUJAIRAH,E.N.T. SPECIALIST,,"OPPOSITE CHOITHRAM SUPER MARKET,HAMAD BIN ABDULLA STREET, FUJAIRAH U.A.E",09-2234912
AL SHARQ MEDICAL CENTER-DIBBA,FUJAIRAH,E.N.T. SPECIALIST,,"AL SIGI BLDG, MAIN STREET, NEAR MARKET AREA,DIBBA, FUJAIRAH",09-2444711
ASTER MEDICAL CENTRE - FUJAIRAH BRANCH,FUJAIRAH,INTERNAL MEDICINE,,"OPPOSITE CHOITHRAM SUPER MARKET,HAMAD BIN ABDULLA STREET, FUJAIRAH U.A.E",09-2234912
AL HISN MEDICAL CENTER,FUJAIRAH,DENTIST,,"ABDALLAH HAMID HAMAD BLDG, CORNICH ROAD,DIBBA",09-2440954
EMIRATES MEDICAL CENTRE,FUJAIRAH,DENTIST,,"SH. ZAYED ROAD, OPPP. AL ROSTAMANI INTERNATIONAL MONEY EXCHANGE, FUJAIRAH",09-2233199
ASTER MEDICAL CENTRE - FUJAIRAH BRANCH,FUJAIRAH,DENTIST,,"OPPOSITE CHOITHRAM SUPER MARKET,HAMAD BIN ABDULLA STREET, FUJAIRAH U.A.E",09-2234912
NATIONAL MEDICAL CENTRE,FUJAIRAH,DENTIST,,SAEED SASMSUM BLDG. FUJAIRAH,09-2232850
AL SHIFA MEDICAL CENTRE,FUJAIRAH,GENERAL PRACTITIONER,,"OPP GIANT SUPERMARKET, AL BEDEYYA BLDG., SHAIKH KHALID ROAD",09-2384288
AL SHIFA MEDICAL CENTRE,FUJAIRAH,GYNAECOLOGIST,,"OPP GIANT SUPERMARKET, AL BEDEYYA BLDG., SHAIKH KHALID ROAD",09-2384288
AL SHIFA MEDICAL CENTRE,FUJAIRAH,DENTIST,,"OPP GIANT SUPERMARKET, AL BEDEYYA BLDG., SHAIKH KHALID ROAD",09-2384288
DR.YASSER SEIF DENTAL CLINIC,FUJAIRAH,DENTIST,,"YASMIN TOWER, MEZZANINE FLOOR -FLAT NO. 2 ,HAMAD BIN ABDULLA ROAD - FUJAIRAH",09-2222321
AL ENWAN MEDICAL CENTER,FUJAIRAH,GENERAL PRACTITIONER,,VILLA 78 SHEIKH KHALID STREET KHORFAKKAN,09-2383881
AL ENWAN MEDICAL CENTER,FUJAIRAH,GENERAL PRACTITIONER,,VILLA 78 SHEIKH KHALID STREET KHORFAKKAN,09-2383881
AL ENWAN MEDICAL CENTER,FUJAIRAH,DENTIST,,VILLA 78 SHEIKH KHALID STREET KHORFAKKAN,09-2383881
AL ENWAN MEDICAL CENTER,FUJAIRAH,DENTIST,,VILLA 78 SHEIKH KHALID STREET KHORFAKKAN,09-2383881
AL ENWAN MEDICAL CENTER,FUJAIRAH,GENERAL PRACTITIONER,,VILLA 78 SHEIKH KHALID STREET KHORFAKKAN,09-2383881
AL ENWAN MEDICAL CENTER,FUJAIRAH,DENTIST,,VILLA 78 SHEIKH KHALID STREET KHORFAKKAN,09-2383881
AL ENWAN MEDICAL CENTER,FUJAIRAH,GYNAECOLOGIST,,VILLA 78 SHEIKH KHALID STREET KHORFAKKAN,09-2383881
AL ENWAN MEDICAL CENTER,FUJAIRAH,OPHTHALMOLOGIST,,VILLA 78 SHEIKH KHALID STREET KHORFAKKAN,09-2383881
AL SHIFA MEDICAL CENTRE,FUJAIRAH,GENERAL PRACTITIONER,,"OPP GIANT SUPERMARKET, AL BEDEYYA BLDG., SHAIKH KHALID ROAD",09-2384288
AL SHIFA MEDICAL CENTRE,FUJAIRAH,E.N.T. SPECIALIST,,"OPP GIANT SUPERMARKET, AL BEDEYYA BLDG., SHAIKH KHALID ROAD",09-2384288
AL SHIFA MEDICAL CENTRE,FUJAIRAH,SURGEON,,"OPP GIANT SUPERMARKET, AL BEDEYYA BLDG., SHAIKH KHALID ROAD",09-2384288
EMIRATES MEDICAL CENTRE,FUJAIRAH,PAEDIATRICIAN,,"SH. ZAYED ROAD, OPPP. AL ROSTAMANI INTERNATIONAL MONEY EXCHANGE, FUJAIRAH",09-2233199
EUROPEAN MEDICAL CENTRE,RAK,GENERAL PRACTITIONER,,"GROUND FLOOR AHMAD AL NUIM BLDG.EMIRATES BANK , CORNICH AL QAWASEM STREET , RAK",07-2338832
EUROPEAN MEDICAL CENTRE,RAK,GENERAL PRACTITIONER,,"GROUND FLOOR AHMAD AL NUIM BLDG.EMIRATES BANK , CORNICH AL QAWASEM STREET , RAK",07-2338832
UNION MEDICAL & DENTAL CENTER LLC( FORMERLY KNOWN AS UNION CLINIC ),RAK,GENERAL PRACTITIONER,,"ABOVE VIDEO RAFA,BEHIND SONY BLDG. NAKHEEL RAK",07-2286223
AL HUDAIBAH MEDICAL CENTRE,RAK,GENERAL PRACTITIONER,,"FLAT NO. 3& 4, HUDAIBAH BUILDING, OMAN STREET, AL NAKHEEL",07-2222188
EUROPEAN MEDICAL CENTRE,RAK,GYNAECOLOGIST,,"GROUND FLOOR AHMAD AL NUIM BLDG.EMIRATES BANK , CORNICH AL QAWASEM STREET , RAK",07-2338832
ASTER MEDICAL CENTER - BRANCH,RAK,GYNAECOLOGIST,,"NEXT TO MALABAR GOLD & DIAMONDS, OPPOSITE UNITED ARAB BANK, AL NAKHEEL,MUNTASIR RAK",07-2338866
EUROPEAN MEDICAL CENTRE,RAK,INTERNAL MEDICINE,,"GROUND FLOOR AHMAD AL NUIM BLDG.EMIRATES BANK , CORNICH AL QAWASEM STREET , RAK",07-2338832
EUROPEAN MEDICAL CENTRE,RAK,INTERNAL MEDICINE,,"GROUND FLOOR AHMAD AL NUIM BLDG.EMIRATES BANK , CORNICH AL QAWASEM STREET , RAK",07-2338832
ASTER MEDICAL CENTER - BRANCH,RAK,INTERNAL MEDICINE,,"NEXT TO MALABAR GOLD & DIAMONDS, OPPOSITE UNITED ARAB BANK, AL NAKHEEL,MUNTASIR RAK",07-2338866
EUROPEAN MEDICAL CENTRE,RAK,SURGEON,,"GROUND FLOOR AHMAD AL NUIM BLDG.EMIRATES BANK , CORNICH AL QAWASEM STREET , RAK",07-2338832
AL HUDAIBAH MEDICAL CENTRE,RAK,SURGEON,,"FLAT NO. 3& 4, HUDAIBAH BUILDING, OMAN STREET, AL NAKHEEL",07-2222188
THUMBAY CLINIC LLC RAK BRANCH,RAK,SURGEON,,"OPPOSITE RAK INSURANCE BESIDE HILTON ROUND TREE HOTEL, GOLDEN CROWN RESTAURANT BLDG. GROUND FLOOR, AL NAKHEEL RAK",07-2267464
EUROPEAN MEDICAL CENTRE,RAK,PAEDIATRICIAN,,"GROUND FLOOR AHMAD AL NUIM BLDG.EMIRATES BANK , CORNICH AL QAWASEM STREET , RAK",07-2338832
ASTER MEDICAL CENTER - BRANCH,RAK,PAEDIATRICIAN,,"NEXT TO MALABAR GOLD & DIAMONDS, OPPOSITE UNITED ARAB BANK, AL NAKHEEL,MUNTASIR RAK",07-2338866
EUROPEAN MEDICAL CENTRE,RAK,ORTHOPEDICIAN,,"GROUND FLOOR AHMAD AL NUIM BLDG.EMIRATES BANK , CORNICH AL QAWASEM STREET , RAK",07-2338832
ASTER MEDICAL CENTER - BRANCH,RAK,ORTHOPEDICIAN,,"NEXT TO MALABAR GOLD & DIAMONDS, OPPOSITE UNITED ARAB BANK, AL NAKHEEL,MUNTASIR RAK",07-2338866
AL HUDAIBAH MEDICAL CENTRE,RAK,OPHTHALMOLOGIST,,"FLAT NO. 3& 4, HUDAIBAH BUILDING, OMAN STREET, AL NAKHEEL",07-2222188
NMC ROYAL MEDICAL CENTER (FORMERLY KNOWN AS ROYAL MEDICAL & DENTAL CENTRE ),RAK,GENERAL PRACTITIONER,,"1ST FLOOR , SULTAN FADEL BLDG.AL QAWASIM CORNICHE,RAK",07-2332832
NMC ROYAL MEDICAL CENTER (FORMERLY KNOWN AS ROYAL MEDICAL & DENTAL CENTRE ),RAK,GENERAL PRACTITIONER,,"1ST FLOOR , SULTAN FADEL BLDG.AL QAWASIM CORNICHE,RAK",07-2332832
NMC ROYAL MEDICAL CENTER (FORMERLY KNOWN AS ROYAL MEDICAL & DENTAL CENTRE ),RAK,GENERAL PRACTITIONER,,"1ST FLOOR , SULTAN FADEL BLDG.AL QAWASIM CORNICHE,RAK",07-2332832
NMC ROYAL MEDICAL CENTER (FORMERLY KNOWN AS ROYAL MEDICAL & DENTAL CENTRE ),RAK,GENERAL PRACTITIONER,,"1ST FLOOR , SULTAN FADEL BLDG.AL QAWASIM CORNICHE,RAK",07-2332832
NMC ROYAL MEDICAL CENTER (FORMERLY KNOWN AS ROYAL MEDICAL & DENTAL CENTRE ),RAK,GENERAL PRACTITIONER,,"1ST FLOOR , SULTAN FADEL BLDG.AL QAWASIM CORNICHE,RAK",07-2332832
NMC ROYAL MEDICAL CENTER (FORMERLY KNOWN AS ROYAL MEDICAL & DENTAL CENTRE ),RAK,GYNAECOLOGIST,,"1ST FLOOR , SULTAN FADEL BLDG.AL QAWASIM CORNICHE,RAK",07-2332832
NMC ROYAL MEDICAL CENTER (FORMERLY KNOWN AS ROYAL MEDICAL & DENTAL CENTRE ),RAK,E.N.T. SPECIALIST,,"1ST FLOOR , SULTAN FADEL BLDG.AL QAWASIM CORNICHE,RAK",07-2332832
NMC ROYAL MEDICAL CENTER (FORMERLY KNOWN AS ROYAL MEDICAL & DENTAL CENTRE ),RAK,INTERNAL MEDICINE,,"1ST FLOOR , SULTAN FADEL BLDG.AL QAWASIM CORNICHE,RAK",07-2332832
NMC ROYAL MEDICAL CENTER (FORMERLY KNOWN AS ROYAL MEDICAL & DENTAL CENTRE ),RAK,FAMILY MEDICINE,,"1ST FLOOR , SULTAN FADEL BLDG.AL QAWASIM CORNICHE,RAK",07-2332832
NMC ROYAL MEDICAL CENTER (FORMERLY KNOWN AS ROYAL MEDICAL & DENTAL CENTRE ),RAK,FAMILY MEDICINE,,"1ST FLOOR , SULTAN FADEL BLDG.AL QAWASIM CORNICHE,RAK",07-2332832
NMC ROYAL MEDICAL CENTER (FORMERLY KNOWN AS ROYAL MEDICAL & DENTAL CENTRE ),RAK,SURGEON,,"1ST FLOOR , SULTAN FADEL BLDG.AL QAWASIM CORNICHE,RAK",07-2332832
NMC ROYAL MEDICAL CENTER (FORMERLY KNOWN AS ROYAL MEDICAL & DENTAL CENTRE ),RAK,DERMATOLOGIST,,"1ST FLOOR , SULTAN FADEL BLDG.AL QAWASIM CORNICHE,RAK",07-2332832
NMC ROYAL MEDICAL CENTER (FORMERLY KNOWN AS ROYAL MEDICAL & DENTAL CENTRE ),RAK,PAEDIATRICIAN,,"1ST FLOOR , SULTAN FADEL BLDG.AL QAWASIM CORNICHE,RAK",07-2332832
NMC ROYAL MEDICAL CENTER (FORMERLY KNOWN AS ROYAL MEDICAL & DENTAL CENTRE ),RAK,ORTHOPEDICIAN,,"1ST FLOOR , SULTAN FADEL BLDG.AL QAWASIM CORNICHE,RAK",07-2332832
NMC ROYAL MEDICAL CENTER (FORMERLY KNOWN AS ROYAL MEDICAL & DENTAL CENTRE ),RAK,CARDIOLOGIST,,"1ST FLOOR , SULTAN FADEL BLDG.AL QAWASIM CORNICHE,RAK",07-2332832
NMC ROYAL MEDICAL CENTER (FORMERLY KNOWN AS ROYAL MEDICAL & DENTAL CENTRE ),RAK,OPHTHALMOLOGIST,,"1ST FLOOR , SULTAN FADEL BLDG.AL QAWASIM CORNICHE,RAK",07-2332832
NMC ROYAL MEDICAL CENTER (FORMERLY KNOWN AS ROYAL MEDICAL & DENTAL CENTRE ),RAK,DENTIST,,"1ST FLOOR , SULTAN FADEL BLDG.AL QAWASIM CORNICHE,RAK",07-2332832
NMC ROYAL MEDICAL CENTER (FORMERLY KNOWN AS ROYAL MEDICAL & DENTAL CENTRE ),RAK,DENTIST,,"1ST FLOOR , SULTAN FADEL BLDG.AL QAWASIM CORNICHE,RAK",07-2332832
NMC ROYAL MEDICAL CENTER (FORMERLY KNOWN AS ROYAL MEDICAL & DENTAL CENTRE ),RAK,DENTIST,,"1ST FLOOR , SULTAN FADEL BLDG.AL QAWASIM CORNICHE,RAK",07-2332832
NMC ROYAL MEDICAL CENTER (FORMERLY KNOWN AS ROYAL MEDICAL & DENTAL CENTRE ),RAK,DENTIST,,"1ST FLOOR , SULTAN FADEL BLDG.AL QAWASIM CORNICHE,RAK",07-2332832
NMC ROYAL MEDICAL CENTER (FORMERLY KNOWN AS ROYAL MEDICAL & DENTAL CENTRE ),RAK,DENTIST,,"1ST FLOOR , SULTAN FADEL BLDG.AL QAWASIM CORNICHE,RAK",07-2332832
NMC ROYAL MEDICAL CENTER (FORMERLY KNOWN AS ROYAL MEDICAL & DENTAL CENTRE ),RAK,DENTIST,,"1ST FLOOR , SULTAN FADEL BLDG.AL QAWASIM CORNICHE,RAK",07-2332832
NEXUS MEDICAL CLINIC,RAK,GENERAL PRACTITIONER,,"NATIONAL GAS CO. LLC BLDG.,GROUND FLOOR,SHOP NO.13-15, JAZEERA AL HAMRA,RAK",07-2332134
NMC ROYAL MEDICAL CENTER (FORMERLY KNOWN AS ROYAL MEDICAL & DENTAL CENTRE ),RAK,DENTIST,,"1ST FLOOR , SULTAN FADEL BLDG.AL QAWASIM CORNICHE,RAK",07-2332832
NMC ROYAL MEDICAL CENTER (FORMERLY KNOWN AS ROYAL MEDICAL & DENTAL CENTRE ),RAK,SURGEON,,"1ST FLOOR , SULTAN FADEL BLDG.AL QAWASIM CORNICHE,RAK",07-2332832
NEXUS MEDICAL CLINIC,RAK,GENERAL PRACTITIONER,,"NATIONAL GAS CO. LLC BLDG.,GROUND FLOOR,SHOP NO.13-15, JAZEERA AL HAMRA,RAK",07-2332134
NMC ROYAL MEDICAL CENTER (FORMERLY KNOWN AS ROYAL MEDICAL & DENTAL CENTRE ),RAK,PSYCHIATRIST,,"1ST FLOOR , SULTAN FADEL BLDG.AL QAWASIM CORNICHE,RAK",07-2332832
AL GHAIL MEDICAL CENTER LLC,RAK,GENERAL PRACTITIONER,,"AL GHAIL SHOPPING CENTRE (MOHD. SHAAMS RASHID AL MAZROOI BLDG) AL GHAIL, RAS AL KHAIMAH",07-2589464
AL GHAIL MEDICAL CENTER LLC,RAK,DENTIST,,"AL GHAIL SHOPPING CENTRE (MOHD. SHAAMS RASHID AL MAZROOI BLDG) AL GHAIL, RAS AL KHAIMAH",07-2589464
UNION MEDICAL & DENTAL CENTER LLC( FORMERLY KNOWN AS UNION CLINIC ),RAK,DENTIST,,"ABOVE VIDEO RAFA,BEHIND SONY BLDG. NAKHEEL RAK",07-2286223
UNION MEDICAL & DENTAL CENTER LLC( FORMERLY KNOWN AS UNION CLINIC ),RAK,GENERAL PRACTITIONER,,"ABOVE VIDEO RAFA,BEHIND SONY BLDG. NAKHEEL RAK",07-2286223
N.M.C MEDICAL CENTRE LLC SHJ 1 (FORMERLY KNOWN AS DR. SUNNY MEDICAL CENTRE ),SHARJAH,GENERAL PRACTITIONER,,"AL WASEET ROAD , SHAHBA, BEFORE SHAHBA MOSQUE",06-5388966
N.M.C MEDICAL CENTRE LLC SHJ 1 (FORMERLY KNOWN AS DR. SUNNY MEDICAL CENTRE ),SHARJAH,GENERAL PRACTITIONER,,"AL WASEET ROAD , SHAHBA, BEFORE SHAHBA MOSQUE",06-5388966
N.M.C MEDICAL CENTRE LLC SHJ 1 (FORMERLY KNOWN AS DR. SUNNY MEDICAL CENTRE ),SHARJAH,GENERAL PRACTITIONER,,"AL WASEET ROAD , SHAHBA, BEFORE SHAHBA MOSQUE",06-5388966
N.M.C MEDICAL CENTRE LLC SHJ 1 (FORMERLY KNOWN AS DR. SUNNY MEDICAL CENTRE ),SHARJAH,GENERAL PRACTITIONER,,"AL WASEET ROAD , SHAHBA, BEFORE SHAHBA MOSQUE",06-5388966
N.M.C MEDICAL CENTRE LLC SHJ 1 (FORMERLY KNOWN AS DR. SUNNY MEDICAL CENTRE ),SHARJAH,GENERAL PRACTITIONER,,"AL WASEET ROAD , SHAHBA, BEFORE SHAHBA MOSQUE",06-5388966
N.M.C MEDICAL CENTRE LLC SHJ 1 (FORMERLY KNOWN AS DR. SUNNY MEDICAL CENTRE ),SHARJAH,GENERAL PRACTITIONER,,"AL WASEET ROAD , SHAHBA, BEFORE SHAHBA MOSQUE",06-5388966
N.M.C MEDICAL CENTRE LLC SHJ 1 (FORMERLY KNOWN AS DR. SUNNY MEDICAL CENTRE ),SHARJAH,GENERAL PRACTITIONER,,"AL WASEET ROAD , SHAHBA, BEFORE SHAHBA MOSQUE",06-5388966
N.M.C MEDICAL CENTRE LLC SHJ 1 (FORMERLY KNOWN AS DR. SUNNY MEDICAL CENTRE ),SHARJAH,GENERAL PRACTITIONER,,"AL WASEET ROAD , SHAHBA, BEFORE SHAHBA MOSQUE",06-5388966
BHATIA MEDICAL CENTRE,SHARJAH,GENERAL PRACTITIONER,,BEHIND NATIONAL BANK OF ABU DHABI BANK STREET NEAR AL MAJID PHARMACY SHARJAH U.A.E,06-5753888
BHATIA MEDICAL CENTRE,SHARJAH,GENERAL PRACTITIONER,,BEHIND NATIONAL BANK OF ABU DHABI BANK STREET NEAR AL MAJID PHARMACY SHARJAH U.A.E,06-5753888
AL DARARY MEDICAL CENTRE,SHARJAH,GENERAL PRACTITIONER,,"OPP. PAKISTANI MOSQUE,NEAR SEDANA SIGNAL",06-5336176
SAIF ZONE MEDICAL CENTRE,SHARJAH,GENERAL PRACTITIONER,,"GROUND FLOOR, SAIF ZONE",06-5578471
SAIF ZONE MEDICAL CENTRE,SHARJAH,GENERAL PRACTITIONER,,"GROUND FLOOR, SAIF ZONE",06-5578471
AL KAMAL MEDICAL CENTRE,SHARJAH,GENERAL PRACTITIONER,,"FLAT NO.1101, AL MARWA TOWERS, JAMAL ABDUL NASIR STREET",06-5598455
SHARJAH INTERNATIONAL AIRPORT MEDICAL CENTER,SHARJAH,GENERAL PRACTITIONER,,"SHARJAH INTERNATIONAL AIRPORT, 1ST FLOOR ,DEPARTURE AREA",06-5084949
SHARJAH INTERNATIONAL AIRPORT MEDICAL CENTER,SHARJAH,GENERAL PRACTITIONER,,"SHARJAH INTERNATIONAL AIRPORT, 1ST FLOOR ,DEPARTURE AREA",06-5084949
SHARJAH INTERNATIONAL AIRPORT MEDICAL CENTER,SHARJAH,GENERAL PRACTITIONER,,"SHARJAH INTERNATIONAL AIRPORT, 1ST FLOOR ,DEPARTURE AREA",06-5084949
SHARJAH INTERNATIONAL AIRPORT MEDICAL CENTER,SHARJAH,GENERAL PRACTITIONER,,"SHARJAH INTERNATIONAL AIRPORT, 1ST FLOOR ,DEPARTURE AREA",06-5084949
IDEAL MEDICAL CENTRE,SHARJAH,GENERAL PRACTITIONER,,"1ST FLOOR , UAE EXCHANGE BLDG, ROLLA, SHARJAH U.A.E",06-5623844
IDEAL MEDICAL CENTRE,SHARJAH,GENERAL PRACTITIONER,,"1ST FLOOR , UAE EXCHANGE BLDG, ROLLA, SHARJAH U.A.E",06-5623844
N.M.C MEDICAL CENTER L.L.C SHJ BR.2 ( FORMERLY KNOWN AS NEW DR. SUNNY MEDICAL CENTRE ),SHARJAH,GENERAL PRACTITIONER,,"3RD FLOOR, ALLUKAS CENTRE BLDG, ROLLA",06-5639966
NEW CENTRAL POLY CLINIC,SHARJAH,GENERAL PRACTITIONER,,"MOWEILAH BLDG.,D-BBLOCK,1ST FLOOR,FLAT NO.101,MALIHA ROAD,NEAR NATIONAL PAINTS SHARJAH U.A.E",06-5355858
RIAZ MEDICAL CENTRE,SHARJAH,GENERAL PRACTITIONER,,"AL WASIT STREET, AL SHAHBA AREA, SHARJAH",06-5583351
RIAZ MEDICAL CENTRE,SHARJAH,GENERAL PRACTITIONER,,"AL WASIT STREET, AL SHAHBA AREA, SHARJAH",06-5583351
AL YAMAMAH MEDICAL CENTRE,SHARJAH,GENERAL PRACTITIONER,,"BIN LADIN R/A, OPP.TECHNICAL GLASS, INDUSTRIAL AREA SHJ",06-5352160
AL YAMAMAH MEDICAL CENTRE,SHARJAH,GENERAL PRACTITIONER,,"BIN LADIN R/A, OPP.TECHNICAL GLASS, INDUSTRIAL AREA SHJ",06-5352160
AL YAMAMAH MEDICAL CENTRE,SHARJAH,GENERAL PRACTITIONER,,"BIN LADIN R/A, OPP.TECHNICAL GLASS, INDUSTRIAL AREA SHJ",06-5352160
AL YSRA MEDICAL CENTRE,SHARJAH,GENERAL PRACTITIONER,,"FLAT NO.4, 1ST FLOOR, AHMED AL KHABID BLDG. MASQUE R/A,AL DHAID SHARJAH",06-8822270
ZEENAT AL SHIFA MEDICAL CENTER,SHARJAH,GENERAL PRACTITIONER,,"AL MISBAH BLDG. AL WASIT STREET AL WAN, OPP. EMERGENCY GATE AL QASMIA HOSP. SHARJAH",06-5668802
PREMIER MEDICAL CENTER,SHARJAH,GENERAL PRACTITIONER,,M. FLOOR EMPOST BLDG. BEHIND ROLLA MALL SHARJAH,06-5616188
SUNRISE MEDICAL CENTER,SHARJAH,GENERAL PRACTITIONER,,"MEZZANNINE FLOOR AL SOUR BUILDING , ABOVE AIR INDIA OFFICE , MEENA STREET SHARJAH",06-5757003
AL BARAKAH POLYCLINIC,SHARJAH,GENERAL PRACTITIONER,,"MAZA SIGNAL,BMW JUNCTION ,INDUSTRIAL AREA SHARJAH U.A.E",06-5431763
AL RABEE CLINIC,SHARJAH,GENERAL PRACTITIONER,,"FLAT NO.2, BAGHLAF AL ZAFER BLDG.,AL KHAN STREET , INDUSTRIAL AREA 2, SHARJAH U.A.E",06-5391222
AL WAFIR MEDICAL CENTRE LLC,SHARJAH,GENERAL PRACTITIONER,,"3RD FLOOR ,MASHREQ BANK BLDG. NEAR NATIONAL PAINTS INDUSTRIAL AREA 11 SHARJAH",06-5343604
ACCESS AL ROLLA MEDICAL CENTER,SHARJAH,GENERAL PRACTITIONER,,"ADNIC TOWER;GROUND 1,2,3, IBRAHIM MOHAMMAD,AL MEDFA,OPPOSITE UNION NATIONAL BANK",06-5612050
ACCESS CLINIC,SHARJAH,GENERAL PRACTITIONER,,"MUBARAK BLDG., GROUND FLOOR, UNIVERSITY ROAD ,MUWAILIAH,SHARJAH",06-5359933
ICARE MEDICAL CENTRE,SHARJAH,GENERAL PRACTITIONER,,"ARABIAN GULF TRADING BLDG.,GROUND FLOOR,INDUSTRIAL AREA 1,SHARJAH",06-5332554
NOOR AL FAJR MEDICAL CENTRE,SHARJAH,GENERAL PRACTITIONER,,"KUWAIT STREET, GROUND FLOOR, VILLA NO. 144, AL FAYHA,OPPOSITE SIDE LULU HYPERMARKET SHARJAH U.A.E",06-5563711
MGM MEDICAL CENTRE LLC,SHARJAH,GENERAL PRACTITIONER,,"ÊABOVE SUZUKI SHOWROOM, 2ND FLOOR RM 205, KING FAISAL AREA, SHARJAH U.A.E",06-5741444
NADEEM MEDICAL CENTRE,SHARJAH,GENERAL PRACTITIONER,,"IMRAN HASSAN BLDG.,1ST FLOOR FLAT 1& 2,AL; SHABHA AREA,AL WASIT STREET,SHARJAH U.A.E",06-5387979
NADEEM MEDICAL CENTRE,SHARJAH,GENERAL PRACTITIONER,,"IMRAN HASSAN BLDG.,1ST FLOOR FLAT 1& 2,AL; SHABHA AREA,AL WASIT STREET,SHARJAH U.A.E",06-5387979
SAHAR MEDICAL CENTRE,SHARJAH,GENERAL PRACTITIONER,,"INDUSTRIAL AREA NO. 3 , NEAR TO CATERPILLAR SIGNAL,OPPOSITE TO ALWASIT MASSIONARY.",06-5420843
AL FURQAN MEDICAL CENTRE LLC,SHARJAH,GENERAL PRACTITIONER,,"SALEEM SAEEDOMAI AL JABERI BLDG.,M-2179,FLOOR 1 ,INDUSTRIAL AREA 11,SHARJAH",06-5353868
AL SHIFA AL UROPI MEDICAL CENTER,SHARJAH,GENERAL PRACTITIONER,,"QUDESIY BLDG, NEAR QUICK SUPERMARKET, SHAHARA CENTER ROAD, AL NAHDA, SHARJAH",06-5376969
AL NAHDA MEDICAL CENTER,SHARJAH,GENERAL PRACTITIONER,,"AL DHAGHAYA TOWER,2ND FLOOR,FLAT NO. 201-202,BUKHARA STREET,SHARJAH U.A.,E",06-5384466
N.M.C MEDICAL CENTER L.L.C SHJ BR.2 ( FORMERLY KNOWN AS NEW DR. SUNNY MEDICAL CENTRE ),SHARJAH,DERMATOLOGIST,,"3RD FLOOR, ALLUKAS CENTRE BLDG, ROLLA",06-5639966
RIAZ MEDICAL CENTRE,SHARJAH,DERMATOLOGIST,,"AL WASIT STREET, AL SHAHBA AREA, SHARJAH",06-5583351
ASTER ABU TINA MEDICAL CENTRE,SHARJAH,DERMATOLOGIST,,"SHAIKH MAJID BIN SAUD BIN KHALID BLDG.,GROUND FLOOR SHOP NO. 1 & 2, ABUTINA SHARJAH",06-5619045
N.M.C MEDICAL CENTRE LLC SHJ 1 (FORMERLY KNOWN AS DR. SUNNY MEDICAL CENTRE ),SHARJAH,PAEDIATRICIAN,,"AL WASEET ROAD , SHAHBA, BEFORE SHAHBA MOSQUE",06-5388966
N.M.C MEDICAL CENTRE LLC SHJ 1 (FORMERLY KNOWN AS DR. SUNNY MEDICAL CENTRE ),SHARJAH,PAEDIATRICIAN,,"AL WASEET ROAD , SHAHBA, BEFORE SHAHBA MOSQUE",06-5388966
N.M.C MEDICAL CENTER L.L.C SHJ BR.2 ( FORMERLY KNOWN AS NEW DR. SUNNY MEDICAL CENTRE ),SHARJAH,PAEDIATRICIAN,,"3RD FLOOR, ALLUKAS CENTRE BLDG, ROLLA",06-5639966
RIAZ MEDICAL CENTRE,SHARJAH,PAEDIATRICIAN,,"AL WASIT STREET, AL SHAHBA AREA, SHARJAH",06-5583351
N.M.C MEDICAL CENTRE LLC SHJ 1 (FORMERLY KNOWN AS DR. SUNNY MEDICAL CENTRE ),SHARJAH,PAEDIATRICIAN,,"AL WASEET ROAD , SHAHBA, BEFORE SHAHBA MOSQUE",06-5388966
ASTER AL NAHDA MEDICAL CENTER,SHARJAH,PAEDIATRICIAN,,"GOLDEN SANDS TOWER , GROUND FLOOR ,ÊAL ITHIHADÊ ROADÊ , SHARJAH - DUBAI HIGHWAY",06-5267111
ASTER MEDICAL CENTER,SHARJAH,PAEDIATRICIAN,,"BESIDE ADNOC PETROL STATION,KING FAIZAL STREET,AL MAJAZ ,SHARJAH",06-5509006
IDEAL MEDICAL CENTRE,SHARJAH,PAEDIATRICIAN,,"1ST FLOOR , UAE EXCHANGE BLDG, ROLLA, SHARJAH U.A.E",06-5623844
N.M.C MEDICAL CENTRE LLC SHJ 1 (FORMERLY KNOWN AS DR. SUNNY MEDICAL CENTRE ),SHARJAH,OPHTHALMOLOGIST,,"AL WASEET ROAD , SHAHBA, BEFORE SHAHBA MOSQUE",06-5388966
CLASS MEDICAL CENTRE,SHARJAH,OPHTHALMOLOGIST,,"OPP TO ROTANA HOTEL, AL SAUD BLDG.,1ST FLOOR",06-5652332
AL SHIFA AL UROPI MEDICAL CENTER,SHARJAH,SURGEON,,"QUDESIY BLDG, NEAR QUICK SUPERMARKET, SHAHARA CENTER ROAD, AL NAHDA, SHARJAH",06-5376969
N.M.C MEDICAL CENTRE LLC SHJ 1 (FORMERLY KNOWN AS DR. SUNNY MEDICAL CENTRE ),SHARJAH,GYNAECOLOGIST,,"AL WASEET ROAD , SHAHBA, BEFORE SHAHBA MOSQUE",06-5388966
N.M.C MEDICAL CENTER L.L.C SHJ BR.2 ( FORMERLY KNOWN AS NEW DR. SUNNY MEDICAL CENTRE ),SHARJAH,GYNAECOLOGIST,,"3RD FLOOR, ALLUKAS CENTRE BLDG, ROLLA",06-5639966
MAMPILLY MEDICAL CENTRE,SHARJAH,GYNAECOLOGIST,,UAE EXCHANGE BLDG ROLLA,06-5616464
IDEAL MEDICAL CENTRE,SHARJAH,GYNAECOLOGIST,,"1ST FLOOR , UAE EXCHANGE BLDG, ROLLA, SHARJAH U.A.E",06-5623844
AL KAMAL MEDICAL CENTRE,SHARJAH,GYNAECOLOGIST,,"FLAT NO.1101, AL MARWA TOWERS, JAMAL ABDUL NASIR STREET",06-5598455
BHATIA MEDICAL CENTRE,SHARJAH,GYNAECOLOGIST,,BEHIND NATIONAL BANK OF ABU DHABI BANK STREET NEAR AL MAJID PHARMACY SHARJAH U.A.E,06-5753888
DR. SABAA MEDICAL CENTRE LLC ( FORMERLY KNOWN AS FATHY EMARA MEDICAL CENTRE),SHARJAH,GYNAECOLOGIST,,"AL MAJAZ BUILDING, JAMAL ABDUL NASSER STREET",06-5530092
RIAZ MEDICAL CENTRE,SHARJAH,GYNAECOLOGIST,,"AL WASIT STREET, AL SHAHBA AREA, SHARJAH",06-5583351
RIAZ MEDICAL CENTRE,SHARJAH,GYNAECOLOGIST,,"AL WASIT STREET, AL SHAHBA AREA, SHARJAH",06-5583351
AL SHIFA AL UROPI MEDICAL CENTER,SHARJAH,GYNAECOLOGIST,,"QUDESIY BLDG, NEAR QUICK SUPERMARKET, SHAHARA CENTER ROAD, AL NAHDA, SHARJAH",06-5376969
MY FAMILY MEDICAL CENTRE,SHARJAH,GYNAECOLOGIST,,"8TH FLOOR, AL DURRAH TOWER, AL FERDAN TOWER, SHARJAH",06-5565670
N.M.C MEDICAL CENTRE LLC SHJ 1 (FORMERLY KNOWN AS DR. SUNNY MEDICAL CENTRE ),SHARJAH,E.N.T. SPECIALIST,,"AL WASEET ROAD, SHAHBA, BEFORE SHAHBA MOSQUE",06-5388966
CONSULTANTS POLYMEDIC,SHARJAH,E.N.T. SPECIALIST,,"AL WAHDA STREET , AL DARWISH BLDG., 2ND FLOOR , NEAR AL FUTTAIM TOYOTA SHOW ROOM, SHARJAH U.A.E",06-5335555
MATHEW MEDICAL CENTRE,SHARJAH,E.N.T. SPECIALIST,,"KING FAISAL STREET, MUNTASER ADNAN ZAKI BLDG",06-5595594
AL WAHDA MEDICAL CENTRE,SHARJAH,E.N.T. SPECIALIST,,"TAMI 3 BLDG., 1ST FLOOR, NEAR AL NAHDA , SHARJAH U.A.E",06-5259888
RIAZ MEDICAL CENTRE,SHARJAH,E.N.T. SPECIALIST,,"AL WASIT STREET, AL SHAHBA AREA, SHARJAH",06-5583351
PERFECT MEDICAL CENTRE,SHARJAH,E.N.T. SPECIALIST,,M-FLOOR ABOVE UAE EXCHANGE SHARJAH,06-5630009
IDEAL MEDICAL CENTRE,SHARJAH,E.N.T. SPECIALIST,,"1ST FLOOR , UAE EXCHANGE BLDG, ROLLA, SHARJAH U.A.E",06-5623844
ASTER ABU SHAGHARAH MEDICAL CENTER,SHARJAH,E.N.T. SPECIALIST,,"ASTER BLDG., GROUND FLOOR SHOP NO. 1, NEAR ABU SHAGARA PARK SHARJAH U.A.E",06-5568225
CONSULTANTS POLYMEDIC,SHARJAH,INTERNAL MEDICINE,,"AL WAHDA STREET , AL DARWISH BLDG., 2ND FLOOR , NEAR AL FUTTAIM TOYOTA SHOW ROOM, SHARJAH U.A.E",06-5335555
ASTER AL NAHDA MEDICAL CENTER,SHARJAH,INTERNAL MEDICINE,,"GOLDEN SANDS TOWER , GROUND FLOOR ,ÊAL ITHIHADÊ ROADÊ , SHARJAH - DUBAI HIGHWAY",06-5267111
AL AMANAH MEDICAL CENTER,SHARJAH,INTERNAL MEDICINE,,"AL MUBARAK CENTRE, 3RD FLOOR ,OFFICE NO. 308, OPPOSITE LULU & AL HAMRA CINEMA , AL AROUBA STREET SHARJAH U.A.E",06-5615545
AL WAHDA MEDICAL CENTRE,SHARJAH,INTERNAL MEDICINE,,"TAMI 3 BLDG., 1ST FLOOR, NEAR AL NAHDA , SHARJAH U.A.E",06-5259888
PERFECT MEDICAL CENTRE,SHARJAH,INTERNAL MEDICINE,,M-FLOOR ABOVE UAE EXCHANGE SHARJAH,06-5630009
LIBERTY MEDICAL CENTRE,SHARJAH,INTERNAL MEDICINE,,"AL WAHDA ROAD, LIBERTY SIGNAL",06-5599379
AL NAHDA MEDICAL CENTER,SHARJAH,INTERNAL MEDICINE,,"AL DHAGHAYA TOWER,2ND FLOOR,FLAT NO. 201-202,BUKHARA STREET,SHARJAH U.A.,E",06-5384466
N.M.C MEDICAL CENTER L.L.C SHJ BR.3 (FORMERLY KNOWN AS SUNNY SPECIALITY MEDICAL CENTRE ),SHARJAH,UROLOGIST,,"1ST FLOOR, EISA BUILDING-2, OPP. ROLLA SQUARE, ROLLA, SHARJAH",06-5688707
N.M.C MEDICAL CENTRE LLC SHJ 1 (FORMERLY KNOWN AS DR. SUNNY MEDICAL CENTRE ),SHARJAH,CARDIOLOGIST,,"1ST FLOOR, EISA BUILDING-2, OPP. ROLLA SQUARE, ROLLA, SHARJAH",06-5388966
N.M.C MEDICAL CENTER L.L.C SHJ BR. (FORMERLY KNOWN AS SUNNY AL BUHAIRAH MEDICAL CENTRE ),SHARJAH,CARDIOLOGIST,,"NEAR BUHAIRAH POLICE STATION , AL MAJAZ SHARJAH",06-5455966
CURE MEDICAL CENTER PHYSIOTHERAPY LLC,SHARJAH,PHYSIOTHERAPIST,,"ASAS TOWER ,2ND FLOOR,FLAT 202,AL KHAN CORNICHE STREET,SHARJAH U.A.E",06-5303999
CURE MEDICAL CENTER PHYSIOTHERAPY LLC,SHARJAH,PHYSIOTHERAPIST,,"ASAS TOWER ,2ND FLOOR,FLAT 202,AL KHAN CORNICHE STREET,SHARJAH U.A.E",06-5303999
CURE MEDICAL CENTER PHYSIOTHERAPY LLC,SHARJAH,PHYSIOTHERAPIST,,"ASAS TOWER ,2ND FLOOR,FLAT 202,AL KHAN CORNICHE STREET,SHARJAH U.A.E",06-5303999
SAHAR MEDICAL CENTRE,SHARJAH,PHYSIOTHERAPIST,,"INDUSTRIAL AREA NO. 3 , NEAR TO CATERPILLAR SIGNAL,OPPOSITE TO ALWASIT MASSIONARY.",06-5420843
CONSULTANTS POLYMEDIC,SHARJAH,ORTHOPEDICIAN,,"AL WAHDA STREET , AL DARWISH BLDG., 2ND FLOOR , NEAR AL FUTTAIM TOYOTA SHOW ROOM, SHARJAH U.A.E",06-5335555
N.M.C MEDICAL CENTRE LLC SHJ 1 (FORMERLY KNOWN AS DR. SUNNY MEDICAL CENTRE ),SHARJAH,ORTHOPEDICIAN,,"ABOVE DANA PLAZA, SHAHABA",06-5388966
RIAZ MEDICAL CENTRE,SHARJAH,ORTHOPEDICIAN,,"AL WASIT STREET, AL SHAHBA AREA, SHARJAH",06-5583351
SUNRISE MEDICAL CENTER,SHARJAH,ORTHOPEDICIAN,,"MEZZANNINE FLOOR AL SOUR BUILDING , ABOVE AIR INDIA OFFICE , MEENA STREET SHARJAH",06-5757003
ASTER AL NAHDA MEDICAL CENTER,SHARJAH,ORTHOPEDICIAN,,"GOLDEN SANDS TOWER , GROUND FLOOR ,ÊAL ITHIHADÊ ROADÊ , SHARJAH - DUBAI HIGHWAY",06-5267111
N.M.C MEDICAL CENTER L.L.C SHJ BR.4 (FORMERLY KNOWN AS SUNNY AL NAHDA MEDICAL CENTRE ),SHARJAH,ORTHOPEDICIAN,,"NEAR AL NAHDA PARK ,AL NAHDA SHARJAH",06-5305252
AL YSRA MEDICAL CENTRE,SHARJAH,DENTIST,,"FLAT NO.4, 1ST FLOOR, AHMED AL KHABID BLDG. MASQUE R/A,AL DHAID SHARJAH",06-8822270
AL WAFIR MEDICAL CENTRE,SHARJAH,DENTIST,,"3RD FLOOR ,MASHREQ BANK BLDG. NEAR NATIONAL PAINTS INDUSTRIAL AREA 11 SHARJAH",06-5343604
N.M.C DENTAL CENTRE L L C (FORMERLY KNOWN AS SUNNY DENTAL CENTRE ),SHARJAH,DENTIST,,"AL BUHAIRAH BLDG., BUHAIRAH CORNICHE ROAD SHARJAH",06-5738300
NEW CENTRAL POLY CLINIC,SHARJAH,DENTIST,,"MOWEILAH BLDG.,D-BBLOCK,1ST FLOOR,FLAT NO.101,MALIHA ROAD,NEAR NATIONAL PAINTS SHARJAH U.A.E",06-5355858
NADEEM MEDICAL CENTRE,SHARJAH,DENTIST,,"IMRAN HASSAN BLDG.,1ST FLOOR FLAT 1& 2,AL; SHABHA AREA,AL WASIT STREET,SHARJAH U.A.E",06-5387979
NADEEM MEDICAL CENTRE,SHARJAH,DENTIST,,"IMRAN HASSAN BLDG.,1ST FLOOR FLAT 1& 2,AL; SHABHA AREA,AL WASIT STREET,SHARJAH U.A.E",06-5387979
IDEAL MEDICAL CENTRE,SHARJAH,DENTIST,,"1ST FLOOR , UAE EXCHANGE BLDG, ROLLA, SHARJAH U.A.E",06-5623844
IDEAL MEDICAL CENTRE,SHARJAH,DENTIST,,"1ST FLOOR , UAE EXCHANGE BLDG, ROLLA, SHARJAH U.A.E",06-5623844
SAHAR MEDICAL CENTRE,SHARJAH,DENTIST,,"INDUSTRIAL AREA NO. 3 , NEAR TO CATERPILLAR SIGNAL,OPPOSITE TO ALWASIT MASSIONARY.",06-5420843
SAHAR MEDICAL CENTRE,SHARJAH,DENTIST,,"INDUSTRIAL AREA NO. 3 , NEAR TO CATERPILLAR SIGNAL,OPPOSITE TO ALWASIT MASSIONARY.",06-5420843
SHARJAH INTERNATIONAL AIRPORT MEDICAL CENTER,SHARJAH,DENTIST,,"SHARJAH INTERNATIONAL AIRPORT, 1ST FLOOR ,DEPARTURE AREA",06-5084949
AL SHIFA AL UROPI MEDICAL CENTER,SHARJAH,DENTIST,,"QUDESIY BLDG, NEAR QUICK SUPERMARKET, SHAHARA CENTER ROAD, AL NAHDA, SHARJAH",06-5376969
AL NAHDA MEDICAL CENTER,SHARJAH,DENTIST,,"AL DHAGHAYA TOWER,2ND FLOOR,FLAT NO. 201-202,BUKHARA STREET,SHARJAH U.A.,E",06-5384466
N.M.C MEDICAL CENTER L.L.C SHJ BR.3 (FORMERLY KNOWN AS SUNNY SPECIALITY MEDICAL CENTRE ),SHARJAH,PSYCHIATRIST,,"1ST FLOOR, EISA BUILDING-2, OPP. ROLLA SQUARE, ROLLA, SHARJAH",06-5688707
N.M.C MEDICAL CENTER L.L.C SHJ BR.3 (FORMERLY KNOWN AS SUNNY SPECIALITY MEDICAL CENTRE ),SHARJAH,PSYCHIATRIST,,"1ST FLOOR, EISA BUILDING-2, OPP. ROLLA SQUARE, ROLLA, SHARJAH",06-5688707
KALBA MEDICAL CENTRE,SHARJAH,GENERAL PRACTITIONER,,"SHARJAH ISLAMIC BLDG. SHEIKH SAEED AL QASSIMI STREET, OPP. SIDRA PARK KALBA SHARJAH",09-2777269
KALBA MEDICAL CENTRE,SHARJAH,DENTIST,,"SHARJAH ISLAMIC BLDG. SHEIKH SAEED AL QASSIMI STREET, OPP. SIDRA PARK KALBA SHARJAH",09-2777269
AL DHAID MEDICAL CENTRE,SHARJAH,GENERAL PRACTITIONER,,"SHK MOHAIR BLDG, OLD HOSPITAL ROAD, DHAID",06-8823535
AL DHAID MEDICAL CENTRE,SHARJAH,GENERAL PRACTITIONER,,"SHK MOHAIR BLDG, OLD HOSPITAL ROAD, DHAID",06-8823535
AL DHAID MEDICAL CENTRE,SHARJAH,GENERAL PRACTITIONER,,"SHK MOHAIR BLDG, OLD HOSPITAL ROAD, DHAID",06-8823535
SALAMATY MEDICAL CENTRE,SHARJAH,GENERAL PRACTITIONER,,DHAID CITY INFRONT OF AL HUSSEN PARK SHARJAH U.A.E,06-8833226
SALAMATY MEDICAL CENTRE,SHARJAH,UROLOGIST,,DHAID CITY INFRONT OF AL HUSSEN PARK SHARJAH U.A.E,06-8833226
SALAMATY MEDICAL CENTRE,SHARJAH,GYNAECOLOGIST,,DHAID CITY INFRONT OF AL HUSSEN PARK SHARJAH U.A.E,06-8833226
AL DHAID MEDICAL CENTRE,SHARJAH,DENTIST,,"SHK MOHAIR BLDG, OLD HOSPITAL ROAD, DHAID",06-8823535
THUMBAY CLINIC LLC 1,SHARJAH,GENERAL PRACTITIONER,,"AL WAHDA STREET ,KALBA SHARJAH U.A.E",09-2773337
THUMBAY CLINIC LLC 1,SHARJAH,GENERAL PRACTITIONER,,"AL WAHDA STREET ,KALBA SHARJAH U.A.E",09-2773337
THUMBAY CLINIC LLC 1,SHARJAH,GENERAL PRACTITIONER,,"AL WAHDA STREET ,KALBA SHARJAH U.A.E",09-2773337
THUMBAY CLINIC LLC 1,SHARJAH,GYNAECOLOGIST,,"AL WAHDA STREET ,KALBA SHARJAH U.A.E",09-2773337
THUMBAY CLINIC LLC 1,SHARJAH,DENTIST,,"AL WAHDA STREET ,KALBA SHARJAH U.A.E",09-2773337
THUMBAY MEDICAL AND DENTAL SPECIALITY CENTER (FORMERLY KNOWN AS GMC MEDICAL & DENTAL SPECIALITY CENTRE ),SHARJAH,GYNAECOLOGIST,,"NATIONAL PAINTS ,SHARJAH",06-5358111
RIAZ MEDICAL CENTRE,SHARJAH,E.N.T. SPECIALIST,,"AL WASIT STREET, AL SHAHBA AREA, SHARJAH",06-5583351
N.M.C MEDICAL CENTER L.L.C SHJ BR.4 (FORMERLY KNOWN AS SUNNY AL NAHDA MEDICAL CENTRE ),SHARJAH,CARDIOLOGIST,,"NEAR AL NAHDA PARK ,AL NAHDA SHARJAH",06-5305252
RIAZ MEDICAL CENTRE,SHARJAH,PAEDIATRICIAN,,"AL WASIT STREET, AL SHAHBA AREA, SHARJAH",06-5583351
RIAZ MEDICAL CENTRE,SHARJAH,DENTIST,,"AL WASIT STREET, AL SHAHBA AREA, SHARJAH",06-5583351
THUMBAY CLINI LLC 2,SHARJAH,GENERAL PRACTITIONER,,"BEHIND CITY MAX HOTEL ,AL WAHDA 1 ABU SHAGARA,SHARJAH U.A.E",06-5250666
THUMBAY CLINI LLC 2,SHARJAH,INTERNAL MEDICINE,,"BEHIND CITY MAX HOTEL ,AL WAHDA 1 ABU SHAGARA,SHARJAH U.A.E",06-5250666
THUMBAY CLINI LLC 2,SHARJAH,GENERAL PRACTITIONER,,"BEHIND CITY MAX HOTEL ,AL WAHDA 1 ABU SHAGARA,SHARJAH U.A.E",06-5250666
IDEAL MEDICAL CENTRE,SHARJAH,GASTROENTOLOGIST,,"1ST FLOOR , UAE EXCHANGE BLDG, ROLLA, SHARJAH U.A.E",06-5623844
N.M.C MEDICAL CENTER L.L.C SHJ BR.4 (FORMERLY KNOWN AS SUNNY AL NAHDA MEDICAL CENTRE ),SHARJAH,UROLOGIST,,"NEAR AL NAHDA PARK ,AL NAHDA SHARJAH",06-5305252
N.M.C MEDICAL CENTRE LLC SHJ 1 (FORMERLY KNOWN AS DR. SUNNY MEDICAL CENTRE ),SHARJAH,UROLOGIST,,"AL WASEET ROAD , SHAHBA, BEFORE SHAHBA MOSQUE",06-5388966
MGM MEDICAL CENTRE LLC,SHARJAH,PHYSIOTHERAPIST,,"ÊABOVE SUZUKI SHOWROOM, 2ND FLOOR RM 205, KING FAISAL AREA, SHARJAH U.A.E",06-5741444
CURE MEDICAL CENTER PHYSIOTHERAPY LLC,SHARJAH,PHYSIOTHERAPIST,,"ASAS TOWER ,2ND FLOOR,FLAT 202,AL KHAN CORNICHE STREET,SHARJAH U.A.E",06-5303999
KHORFAKKAN PORT CLINIC,SHARJAH,GENERAL PRACTITIONER,,INSIDE PORT OF KHORFAKKAN,09-2371400
NMC ROYAL MEDICAL CENTRE LLC (FORMERLY KNOWN AS SUNNY HALWAN SPECIALITY MEDICAL CENTRE),SHARJAH,GENERAL PRACTITIONER,,"ÊOPPOSITE AL QASMIA HOSPITAL,Ê WASITÊ STREET , SHAHBA,SHARJAH UAE",06-5061666
NMC ROYAL MEDICAL CENTRE LLC (FORMERLY KNOWN AS SUNNY HALWAN SPECIALITY MEDICAL CENTRE),SHARJAH,GENERAL PRACTITIONER,,"ÊOPPOSITE AL QASMIA HOSPITAL,Ê WASITÊ STREET , SHAHBA,SHARJAH UAE",06-5061666
NMC ROYAL MEDICAL CENTRE LLC (FORMERLY KNOWN AS SUNNY HALWAN SPECIALITY MEDICAL CENTRE),SHARJAH,PAEDIATRICIAN,,"ÊOPPOSITE AL QASMIA HOSPITAL,Ê WASITÊ STREET , SHAHBA,SHARJAH UAE",06-5061666
NMC ROYAL MEDICAL CENTRE LLC (FORMERLY KNOWN AS SUNNY HALWAN SPECIALITY MEDICAL CENTRE),SHARJAH,DERMATOLOGIST,,"ÊOPPOSITE AL QASMIA HOSPITAL,Ê WASITÊ STREET , SHAHBA,SHARJAH UAE",06-5061666
NMC ROYAL MEDICAL CENTRE LLC (FORMERLY KNOWN AS SUNNY HALWAN SPECIALITY MEDICAL CENTRE),SHARJAH,OPHTHALMOLOGIST,,"ÊOPPOSITE AL QASMIA HOSPITAL,Ê WASITÊ STREET , SHAHBA,SHARJAH UAE",06-5061666
NMC ROYAL MEDICAL CENTRE LLC (FORMERLY KNOWN AS SUNNY HALWAN SPECIALITY MEDICAL CENTRE),SHARJAH,DENTIST,,"ÊOPPOSITE AL QASMIA HOSPITAL,Ê WASITÊ STREET , SHAHBA,SHARJAH UAE",06-5061666
NMC ROYAL MEDICAL CENTRE LLC (FORMERLY KNOWN AS SUNNY HALWAN SPECIALITY MEDICAL CENTRE),SHARJAH,DENTIST,,"ÊOPPOSITE AL QASMIA HOSPITAL,Ê WASITÊ STREET , SHAHBA,SHARJAH UAE",06-5061666
NMC ROYAL MEDICAL CENTRE LLC (FORMERLY KNOWN AS SUNNY HALWAN SPECIALITY MEDICAL CENTRE),SHARJAH,GYNAECOLOGIST,,"ÊOPPOSITE AL QASMIA HOSPITAL,Ê WASITÊ STREET , SHAHBA,SHARJAH UAE",06-5061666
NMC ROYAL MEDICAL CENTRE LLC (FORMERLY KNOWN AS SUNNY HALWAN SPECIALITY MEDICAL CENTRE),SHARJAH,DENTIST,,"ÊOPPOSITE AL QASMIA HOSPITAL,Ê WASITÊ STREET , SHAHBA,SHARJAH UAE",06-5061666
NMC ROYAL MEDICAL CENTRE LLC (FORMERLY KNOWN AS SUNNY HALWAN SPECIALITY MEDICAL CENTRE),SHARJAH,INTERNAL MEDICINE,,"ÊOPPOSITE AL QASMIA HOSPITAL,Ê WASITÊ STREET , SHAHBA,SHARJAH UAE",06-5061666
NMC ROYAL MEDICAL CENTRE LLC (FORMERLY KNOWN AS SUNNY HALWAN SPECIALITY MEDICAL CENTRE),SHARJAH,DENTIST,,"ÊOPPOSITE AL QASMIA HOSPITAL,Ê WASITÊ STREET , SHAHBA,SHARJAH UAE",06-5061666
NMC ROYAL MEDICAL CENTRE LLC (FORMERLY KNOWN AS SUNNY HALWAN SPECIALITY MEDICAL CENTRE),SHARJAH,DENTIST,,"ÊOPPOSITE AL QASMIA HOSPITAL,Ê WASITÊ STREET , SHAHBA,SHARJAH UAE",06-5061666
NMC ROYAL MEDICAL CENTRE LLC (FORMERLY KNOWN AS SUNNY HALWAN SPECIALITY MEDICAL CENTRE),SHARJAH,PAEDIATRICIAN,,"ÊOPPOSITE AL QASMIA HOSPITAL,Ê WASITÊ STREET , SHAHBA,SHARJAH UAE",06-5061666
NMC ROYAL MEDICAL CENTRE LLC (FORMERLY KNOWN AS SUNNY HALWAN SPECIALITY MEDICAL CENTRE),SHARJAH,GENERAL PRACTITIONER,,"ÊOPPOSITE AL QASMIA HOSPITAL,Ê WASITÊ STREET , SHAHBA,SHARJAH UAE",06-5061666
NMC ROYAL MEDICAL CENTRE LLC (FORMERLY KNOWN AS SUNNY HALWAN SPECIALITY MEDICAL CENTRE),SHARJAH,E.N.T. SPECIALIST,,"ÊOPPOSITE AL QASMIA HOSPITAL,Ê WASITÊ STREET , SHAHBA,SHARJAH UAE",06-5061666
NMC ROYAL MEDICAL CENTRE LLC (FORMERLY KNOWN AS SUNNY HALWAN SPECIALITY MEDICAL CENTRE),SHARJAH,DENTIST,,"ÊOPPOSITE AL QASMIA HOSPITAL,Ê WASITÊ STREET , SHAHBA,SHARJAH UAE",06-5061666
SUNNY MAYSLOON SPECIALITY MEDICAL CENTRE LLC,SHARJAH,DENTIST,,"ÊNEAR LULU HYPERMARKET,ÊMAY SALOON,KUWAIT STRT, SHARJAH",06-5014777
SUNNY MAYSLOON SPECIALITY MEDICAL CENTRE LLC,SHARJAH,PAEDIATRICIAN,,"ÊNEAR LULU HYPERMARKET,ÊMAY SALOON,KUWAIT STRT, SHARJAH",06-5014777
SUNNY MAYSLOON SPECIALITY MEDICAL CENTRE LLC,SHARJAH,E.N.T. SPECIALIST,,"ÊNEAR LULU HYPERMARKET,ÊMAY SALOON,KUWAIT STRT, SHARJAH",06-5014777
SUNNY MAYSLOON SPECIALITY MEDICAL CENTRE LLC,SHARJAH,DENTIST,,"ÊNEAR LULU HYPERMARKET,ÊMAY SALOON,KUWAIT STRT, SHARJAH",06-5014777
SUNNY MAYSLOON SPECIALITY MEDICAL CENTRE LLC,SHARJAH,GASTROENTOLOGIST,,"ÊNEAR LULU HYPERMARKET,ÊMAY SALOON,KUWAIT STRT, SHARJAH",06-5014777
SUNNY MAYSLOON SPECIALITY MEDICAL CENTRE LLC,SHARJAH,GASTROENTOLOGIST,,"ÊNEAR LULU HYPERMARKET,ÊMAY SALOON,KUWAIT STRT, SHARJAH",06-5014777
SUNNY MAYSLOON SPECIALITY MEDICAL CENTRE LLC,SHARJAH,GENERAL PRACTITIONER,,"ÊNEAR LULU HYPERMARKET,ÊMAY SALOON,KUWAIT STRT, SHARJAH",06-5014777
SUNNY MAYSLOON SPECIALITY MEDICAL CENTRE LLC,SHARJAH,OPHTHALMOLOGIST,,"ÊNEAR LULU HYPERMARKET,ÊMAY SALOON,KUWAIT STRT, SHARJAH",06-5014777
SUNNY MAYSLOON SPECIALITY MEDICAL CENTRE LLC,SHARJAH,ORTHOPEDICIAN,,"ÊNEAR LULU HYPERMARKET,ÊMAY SALOON,KUWAIT STRT, SHARJAH",06-5014777
SUNNY MAYSLOON SPECIALITY MEDICAL CENTRE LLC,SHARJAH,INTERNAL MEDICINE,,"ÊNEAR LULU HYPERMARKET,ÊMAY SALOON,KUWAIT STRT, SHARJAH",06-5014777
SUNNY MAYSLOON SPECIALITY MEDICAL CENTRE LLC,SHARJAH,GYNAECOLOGIST,,"ÊNEAR LULU HYPERMARKET,ÊMAY SALOON,KUWAIT STRT, SHARJAH",06-5014777
SUNNY MAYSLOON SPECIALITY MEDICAL CENTRE LLC,SHARJAH,DENTIST,,"ÊNEAR LULU HYPERMARKET,ÊMAY SALOON,KUWAIT STRT, SHARJAH",06-5014777
SUNNY MAYSLOON SPECIALITY MEDICAL CENTRE LLC,SHARJAH,GASTROENTOLOGIST,,"ÊNEAR LULU HYPERMARKET,ÊMAY SALOON,KUWAIT STRT, SHARJAH",06-5014777
SUNNY MAYSLOON SPECIALITY MEDICAL CENTRE LLC,SHARJAH,DERMATOLOGIST,,"ÊNEAR LULU HYPERMARKET,ÊMAY SALOON,KUWAIT STRT, SHARJAH",06-5014777
SUNNY MAYSLOON SPECIALITY MEDICAL CENTRE LLC,SHARJAH,UROLOGIST,,"ÊNEAR LULU HYPERMARKET,ÊMAY SALOON,KUWAIT STRT, SHARJAH",06-5014777
SUNNY MAYSLOON SPECIALITY MEDICAL CENTRE LLC,SHARJAH,GENERAL PRACTITIONER,,"ÊNEAR LULU HYPERMARKET,ÊMAY SALOON,KUWAIT STRT, SHARJAH",06-5014777
DAR AL SALAM MEDICAL CENTER LLC,SHARJAH,GENERAL PRACTITIONER,,"AL MUBARAK HYPERMARKET BLDG.,GROUND FLOOR UNIT NO. 4,INDUSTRIAL AREA 3,SHARJAH U.A.E",06-5213535
DAR AL SALAM MEDICAL CENTER LLC,SHARJAH,DENTIST,,"AL MUBARAK HYPERMARKET BLDG.,GROUND FLOOR UNIT NO. 4,INDUSTRIAL AREA 3,SHARJAH U.A.E",06-5213535
DAR AL SALAM MEDICAL CENTER LLC,SHARJAH,GENERAL PRACTITIONER,,"AL MUBARAK HYPERMARKET BLDG.,GROUND FLOOR UNIT NO. 4,INDUSTRIAL AREA 3,SHARJAH U.A.E",06-5213535
DAR AL SALAM MEDICAL CENTER LLC,SHARJAH,GENERAL PRACTITIONER,,"AL MUBARAK HYPERMARKET BLDG.,GROUND FLOOR UNIT NO. 4,INDUSTRIAL AREA 3,SHARJAH U.A.E",06-5213535
AL SIDDIQ MEDICAL CENTRE,SHARJAH,General Practitioner,,"MOHAMMED AL SULTHAN BLDG.1ST FLOOR,FLAT NO. 11,NEAR POLICE R/A,SHARJAH",06-8822046
AL SIDDIQ MEDICAL CENTRE,SHARJAH,General Practitioner,,"MOHAMMED AL SULTHAN BLDG.1ST FLOOR,FLAT NO. 11,NEAR POLICE R/A,SHARJAH",06-8822046
AL SIDDIQ MEDICAL CENTRE,SHARJAH,General Practitioner,,"MOHAMMED AL SULTHAN BLDG.1ST FLOOR,FLAT NO. 11,NEAR POLICE R/A,SHARJAH",06-8822046
AL MOOSA PRIVATE MEDICAL CENTER LLC-SHJ.BR,SHARJAH,GYNAECOLOGIST,,"4TH FLOOR ,FLAT NO. 403, CRYSTAL PLAZA BLOCK C, AL MAJAZ 1 SHARJAH U.A.E",06-5618178
AL MOOSA PRIVATE MEDICAL CENTER LLC-SHJ.BR,SHARJAH,INTERNAL MEDICINE,,"4TH FLOOR ,FLAT NO. 403, CRYSTAL PLAZA BLOCK C, AL MAJAZ 1 SHARJAH U.A.E",06-5618178
AL MOOSA PRIVATE MEDICAL CENTER LLC-SHJ.BR,SHARJAH,GENERAL PRACTITIONER,,"4TH FLOOR ,FLAT NO. 403, CRYSTAL PLAZA BLOCK C, AL MAJAZ 1 SHARJAH U.A.E",06-5618178
STARCARE MEDICAL CENTER LLC(FORMERLY KNOWN AS NAJM AL RAHA MEDICAL CENTER ),SHARJAH,DENTIST,,"NEW MALABAR GOLD & DIAMONDS BLDG.,1ST FLOOR ,ROLLA SHARJAH U.A.E",06-5611099
STARCARE MEDICAL CENTER LLC(FORMERLY KNOWN AS NAJM AL RAHA MEDICAL CENTER ),SHARJAH,GENERAL PRACTITIONER,,"NEW MALABAR GOLD & DIAMONDS BLDG.,1ST FLOOR ,ROLLA SHARJAH U.A.E",06-5611099
STARCARE MEDICAL CENTER LLC(FORMERLY KNOWN AS NAJM AL RAHA MEDICAL CENTER ),SHARJAH,GENERAL PRACTITIONER,,"NEW MALABAR GOLD & DIAMONDS BLDG.,1ST FLOOR ,ROLLA SHARJAH U.A.E",06-5611099
STARCARE MEDICAL CENTER LLC(FORMERLY KNOWN AS NAJM AL RAHA MEDICAL CENTER ),SHARJAH,DENTIST,,"NEW MALABAR GOLD & DIAMONDS BLDG.,1ST FLOOR ,ROLLA SHARJAH U.A.E",06-5611099
STARCARE MEDICAL CENTER LLC(FORMERLY KNOWN AS NAJM AL RAHA MEDICAL CENTER ),SHARJAH,OPHTHALMOLOGIST,,"NEW MALABAR GOLD & DIAMONDS BLDG.,1ST FLOOR ,ROLLA SHARJAH U.A.E",06-5611099
STARCARE MEDICAL CENTER LLC(FORMERLY KNOWN AS NAJM AL RAHA MEDICAL CENTER ),SHARJAH,GYNAECOLOGIST,,"NEW MALABAR GOLD & DIAMONDS BLDG.,1ST FLOOR ,ROLLA SHARJAH U.A.E",06-5611099
STARCARE MEDICAL CENTER LLC(FORMERLY KNOWN AS NAJM AL RAHA MEDICAL CENTER ),SHARJAH,DERMATOLOGIST,,"NEW MALABAR GOLD & DIAMONDS BLDG.,1ST FLOOR ,ROLLA SHARJAH U.A.E",06-5611099
STARCARE MEDICAL CENTER LLC(FORMERLY KNOWN AS NAJM AL RAHA MEDICAL CENTER ),SHARJAH,PSYCHIATRIST,,"NEW MALABAR GOLD & DIAMONDS BLDG.,1ST FLOOR ,ROLLA SHARJAH U.A.E",06-5611099
AL DUNIA MEDICAL CENTER LLC,SHARJAH,DENTIST,,"AL SHAMSI BUILDING,GROUND FLOOR,SHOP NO 9-10,INDUSTRIAL AREA 13",06-5546644
AL DUNIA MEDICAL CENTER LLC,SHARJAH,GENERAL PRACTITIONER,,"AL SHAMSI BUILDING,GROUND FLOOR,SHOP NO 9-10,INDUSTRIAL AREA 14",06-5546644
AL DUNIA MEDICAL CENTER LLC,SHARJAH,GENERAL PRACTITIONER,,"AL SHAMSI BUILDING,GROUND FLOOR,SHOP NO 9-10,INDUSTRIAL AREA 15",06-5546644
ASTER MUWAILEH MEDICAL CENTER,SHARJAH,GENERAL PRACTITIONER,,"BIN THARYEM -8 BLDG.,GROUND FLOOR ,NEAR MASJID NEW MUWAILEH,SHARJAH",06-5358027
MAHER SPECIALITY MEDICAL CLINIC,SHARJAH,DENTIST,,"MODERN CLINIC BUILDING ,GROUND FLOOR ,KING FAISAL STREET , ABU SHAGARA SHARJAH",06-5420066
MAHER SPECIALITY MEDICAL CLINIC,SHARJAH,GENERAL PRACTITIONER,,"MODERN CLINIC BUILDING ,GROUND FLOOR ,KING FAISAL STREET , ABU SHAGARA SHARJAH",06-5420066
MAHER SPECIALITY MEDICAL CLINIC,SHARJAH,GENERAL PRACTITIONER,,"MODERN CLINIC BUILDING ,GROUND FLOOR ,KING FAISAL STREET , ABU SHAGARA SHARJAH",06-5420066
MAHER SPECIALITY MEDICAL CLINIC,SHARJAH,DENTIST,,"MODERN CLINIC BUILDING ,GROUND FLOOR ,KING FAISAL STREET , ABU SHAGARA SHARJAH",06-5420066
MAHER SPECIALITY MEDICAL CLINIC,SHARJAH,GENERAL PRACTITIONER,,"MODERN CLINIC BUILDING ,GROUND FLOOR ,KING FAISAL STREET , ABU SHAGARA SHARJAH",06-5420066
MAHER SPECIALITY MEDICAL CLINIC,SHARJAH,OPHTHALMOLOGIST,,"MODERN CLINIC BUILDING ,GROUND FLOOR ,KING FAISAL STREET , ABU SHAGARA SHARJAH",06-5420066
MAHER SPECIALITY MEDICAL CLINIC,SHARJAH,INTERNAL MEDICINE,,"MODERN CLINIC BUILDING ,GROUND FLOOR ,KING FAISAL STREET , ABU SHAGARA SHARJAH",06-5420066
STARCARE MEDICAL CENTER LLC(FORMERLY KNOWN AS NAJM AL RAHA MEDICAL CENTER ),SHARJAH,E.N.T. SPECIALIST,,"NEW MALABAR GOLD & DIAMONDS BLDG.,1ST FLOOR ,ROLLA SHARJAH U.A.E",06-5611099
MGM MEDICAL CENTRE LLC,SHARJAH,GENERAL PRACTITIONER,,"ÊABOVE SUZUKI SHOWROOM, 2ND FLOOR RM 205, KING FAISAL AREA, SHARJAH U.A.E",06-5741444
MGM MEDICAL CENTRE LLC,SHARJAH,GENERAL PRACTITIONER,,"ÊABOVE SUZUKI SHOWROOM, 2ND FLOOR RM 205, KING FAISAL AREA, SHARJAH U.A.E",06-5741444
REKHA DENTAL CENTER L.L.C,SHARJAH,DENTIST,,"TOWER 400,3RD FLOOR,FLAT #302,AL AROOBA STREET,AL SOOR AREA,SHARJAH,UAE",06-5434005
MGM MEDICAL CENTRE LLC,SHARJAH,DENTIST,,"ÊABOVE SUZUKI SHOWROOM, 2ND FLOOR RM 205, KING FAISAL AREA, SHARJAH U.A.E",06-5741444
SHARJAH CORNICHE MEDICAL CENTRE (FORMERLY KNOWN AS SHARJAH CORNICHE HOSPITAL ),SHARJAH,GYNAECOLOGIST,,"CORNICHE PLAZA 2 ,10TH FLOOR,BUHAIRAH CORNICHE.",06-5751222
SHARJAH CORNICHE MEDICAL CENTRE (FORMERLY KNOWN AS SHARJAH CORNICHE HOSPITAL ),SHARJAH,ORTHOPEDICIAN,,"CORNICHE PLAZA 2 ,10TH FLOOR,BUHAIRAH CORNICHE.",06-5751222
SHARJAH CORNICHE MEDICAL CENTRE (FORMERLY KNOWN AS SHARJAH CORNICHE HOSPITAL ),SHARJAH,E.N.T. SPECIALIST,,"CORNICHE PLAZA 2 ,10TH FLOOR,BUHAIRAH CORNICHE.",06-5751222
SHARJAH CORNICHE MEDICAL CENTRE (FORMERLY KNOWN AS SHARJAH CORNICHE HOSPITAL ),SHARJAH,GENERAL PRACTITIONER,,"CORNICHE PLAZA 2 ,10TH FLOOR,BUHAIRAH CORNICHE.",06-5751222
SHARJAH CORNICHE MEDICAL CENTRE (FORMERLY KNOWN AS SHARJAH CORNICHE HOSPITAL ),SHARJAH,CARDIOLOGIST,,"CORNICHE PLAZA 2 ,10TH FLOOR,BUHAIRAH CORNICHE.",06-5751222
SHARJAH CORNICHE MEDICAL CENTRE (FORMERLY KNOWN AS SHARJAH CORNICHE HOSPITAL ),SHARJAH,PAEDIATRICIAN,,"CORNICHE PLAZA 2 ,10TH FLOOR,BUHAIRAH CORNICHE.",06-5751222
SHARJAH CORNICHE MEDICAL CENTRE (FORMERLY KNOWN AS SHARJAH CORNICHE HOSPITAL ),SHARJAH,INTERNAL MEDICINE,,"CORNICHE PLAZA 2 ,10TH FLOOR,BUHAIRAH CORNICHE.",06-5751222
SHARJAH CORNICHE MEDICAL CENTRE (FORMERLY KNOWN AS SHARJAH CORNICHE HOSPITAL ),SHARJAH,PAEDIATRICIAN,,"CORNICHE PLAZA 2 ,10TH FLOOR,BUHAIRAH CORNICHE.",06-5751222
SHARJAH CORNICHE MEDICAL CENTRE (FORMERLY KNOWN AS SHARJAH CORNICHE HOSPITAL ),SHARJAH,GYNAECOLOGIST,,"CORNICHE PLAZA 2 ,10TH FLOOR,BUHAIRAH CORNICHE.",06-5751222
SHARJAH CORNICHE MEDICAL CENTRE (FORMERLY KNOWN AS SHARJAH CORNICHE HOSPITAL ),SHARJAH,DENTIST,,"CORNICHE PLAZA 2 ,10TH FLOOR,BUHAIRAH CORNICHE.",06-5751222
SHARJAH CORNICHE MEDICAL CENTRE (FORMERLY KNOWN AS SHARJAH CORNICHE HOSPITAL ),SHARJAH,FAMILY MEDICINE,,"CORNICHE PLAZA 2 ,10TH FLOOR,BUHAIRAH CORNICHE.",06-5751222
NOOR AL MADINAH MEDICAL CENTRE,SHARJAH,GENERAL PRACTITIONER,,"FLAT NO. 104,SAHON BLDG.ABOVE PAK GHAZI RESTAURANT ,OPPOSITE NATIONAL PAINTS, INDUSTRIAL AREA 11, MALIHA ROAD SHARJAH",06-5358605
NOOR AL MADINAH MEDICAL CENTRE,SHARJAH,DENTIST,,"FLAT NO. 104,SAHON BLDG.ABOVE PAK GHAZI RESTAURANT ,OPPOSITE NATIONAL PAINTS, INDUSTRIAL AREA 11, MALIHA ROAD SHARJAH",06-5358605
NOOR AL MADINAH MEDICAL CENTRE,SHARJAH,GENERAL PRACTITIONER,,"FLAT NO. 104,SAHON BLDG.ABOVE PAK GHAZI RESTAURANT ,OPPOSITE NATIONAL PAINTS, INDUSTRIAL AREA 11, MALIHA ROAD SHARJAH",06-5358605
NOOR AL MADINAH MEDICAL CENTRE,SHARJAH,GENERAL PRACTITIONER,,"FLAT NO. 104,SAHON BLDG.ABOVE PAK GHAZI RESTAURANT ,OPPOSITE NATIONAL PAINTS, INDUSTRIAL AREA 11, MALIHA ROAD SHARJAH",06-5358605
UNICARE MEDICAL CENTRE,SHARJAH,GENERAL PRACTITIONER,,4TH INDUSTRIAL STREET - AL SAJAA - SHARJAH,06-5630313
UNICARE MEDICAL CENTRE,SHARJAH,GENERAL PRACTITIONER,,4TH INDUSTRIAL STREET - AL SAJAA - SHARJAH,06-5630313
UNICARE MEDICAL CENTRE,SHARJAH,DENTIST,,4TH INDUSTRIAL STREET - AL SAJAA - SHARJAH,06-5630313
DOCTORS MEDICAL CENTRE,SHARJAH,GENERAL PRACTITIONER,,"ADCB BANK BLDG.,5TH & 6TH FLOOR,NEAR CENTRAL POST OFFICE , MEENA ROAD SHARJAH U.A.E",06-5632100
DOCTORS MEDICAL CENTRE,SHARJAH,GENERAL PRACTITIONER,,"ADCB BANK BLDG.,5TH & 6TH FLOOR,NEAR CENTRAL POST OFFICE , MEENA ROAD SHARJAH U.A.E",06-5632100
DOCTORS MEDICAL CENTRE,SHARJAH,GENERAL PRACTITIONER,,"ADCB BANK BLDG.,5TH & 6TH FLOOR,NEAR CENTRAL POST OFFICE , MEENA ROAD SHARJAH U.A.E",06-5632100
DOCTORS MEDICAL CENTRE,SHARJAH,GYNAECOLOGIST,,"ADCB BANK BLDG.,5TH & 6TH FLOOR,NEAR CENTRAL POST OFFICE , MEENA ROAD SHARJAH U.A.E",06-5632100
DOCTORS MEDICAL CENTRE,SHARJAH,GYNAECOLOGIST,,"ADCB BANK BLDG.,5TH & 6TH FLOOR,NEAR CENTRAL POST OFFICE , MEENA ROAD SHARJAH U.A.E",06-5632100
DOCTORS MEDICAL CENTRE,SHARJAH,GYNAECOLOGIST,,"ADCB BANK BLDG.,5TH & 6TH FLOOR,NEAR CENTRAL POST OFFICE , MEENA ROAD SHARJAH U.A.E",06-5632100
DOCTORS MEDICAL CENTRE,SHARJAH,E.N.T. SPECIALIST,,"ADCB BANK BLDG.,5TH & 6TH FLOOR,NEAR CENTRAL POST OFFICE , MEENA ROAD SHARJAH U.A.E",06-5632100
DOCTORS MEDICAL CENTRE,SHARJAH,ORTHOPEDICIAN,,"ADCB BANK BLDG.,5TH & 6TH FLOOR,NEAR CENTRAL POST OFFICE , MEENA ROAD SHARJAH U.A.E",06-5632100
DOCTORS MEDICAL CENTRE,SHARJAH,ORTHOPEDICIAN,,"ADCB BANK BLDG.,5TH & 6TH FLOOR,NEAR CENTRAL POST OFFICE , MEENA ROAD SHARJAH U.A.E",06-5632100
DOCTORS MEDICAL CENTRE,SHARJAH,INTERNAL MEDICINE,,"ADCB BANK BLDG.,5TH & 6TH FLOOR,NEAR CENTRAL POST OFFICE , MEENA ROAD SHARJAH U.A.E",06-5632100
MAMPILLY MEDICAL CENTRE,SHARJAH,UROLOGIST,,UAE EXCHANGE BLDG ROLLA,06-5616464
MAMPILLY MEDICAL CENTRE,SHARJAH,ORTHOPEDICIAN,,UAE EXCHANGE BLDG ROLLA,06-5616464
MAMPILLY MEDICAL CENTRE,SHARJAH,OPHTHALMOLOGIST,,UAE EXCHANGE BLDG ROLLA,06-5616464
MAMPILLY MEDICAL CENTRE,SHARJAH,DENTIST,,UAE EXCHANGE BLDG ROLLA,06-5616464
MAMPILLY MEDICAL CENTRE,SHARJAH,DENTIST,,UAE EXCHANGE BLDG ROLLA,06-5616464
MAMPILLY MEDICAL CENTRE,SHARJAH,PHYSIOTHERAPIST,,UAE EXCHANGE BLDG ROLLA,06-5616464
MAMPILLY MEDICAL CENTRE,SHARJAH,FAMILY MEDICINE,,UAE EXCHANGE BLDG ROLLA,06-5616464
VENNIYIL MEDICAL CENTRE,SHARJAH,INTERNAL MEDICINE,,"CREEK SIDE ROAD, BESIDE CORNICHE POST OFFICE",06-5682258
VENNIYIL MEDICAL CENTRE,SHARJAH,GYNAECOLOGIST,,"CREEK SIDE ROAD, BESIDE CORNICHE POST OFFICE",06-5682258
VENNIYIL MEDICAL CENTRE,SHARJAH,GENERAL PRACTITIONER,,"CREEK SIDE ROAD, BESIDE CORNICHE POST OFFICE",06-5682258
VENNIYIL MEDICAL CENTRE,SHARJAH,GENERAL PRACTITIONER,,"CREEK SIDE ROAD, BESIDE CORNICHE POST OFFICE",06-5682258
MAMPILLY MEDICAL CENTRE,SHARJAH,PAEDIATRICIAN,,UAE EXCHANGE BLDG ROLLA,06-5616464
MAMPILLY MEDICAL CENTRE,SHARJAH,GENERAL PRACTITIONER,,UAE EXCHANGE BLDG ROLLA,06-5616464
MAMPILLY MEDICAL CENTRE,SHARJAH,GENERAL PRACTITIONER,,UAE EXCHANGE BLDG ROLLA,06-5616464
MAMPILLY MEDICAL CENTRE,SHARJAH,DENTIST,,UAE EXCHANGE BLDG ROLLA,06-5616464
AL BUSTAN MEDICAL CENTRE LLC,SHARJAH,GENERAL PRACTITIONER,,"FALAJ AL MUALLA ROAD,NEAR FRUIT & VEGETABLE MARKET, AL DHAID SHARJAH",06-8829924
AL BUSTAN MEDICAL CENTRE LLC,SHARJAH,GENERAL PRACTITIONER,,"FALAJ AL MUALLA ROAD,NEAR FRUIT & VEGETABLE MARKET, AL DHAID SHARJAH",06-8829924
AL BUSTAN MEDICAL CENTRE LLC,SHARJAH,GENERAL PRACTITIONER,,"FALAJ AL MUALLA ROAD,NEAR FRUIT & VEGETABLE MARKET, AL DHAID SHARJAH",06-8829924
AL BUSTAN MEDICAL CENTRE LLC,SHARJAH,DENTIST,,"FALAJ AL MUALLA ROAD,NEAR FRUIT & VEGETABLE MARKET, AL DHAID SHARJAH",06-8829924
AL BUSTAN MEDICAL CENTRE LLC,SHARJAH,OPHTHALMOLOGIST,,"FALAJ AL MUALLA ROAD,NEAR FRUIT & VEGETABLE MARKET, AL DHAID SHARJAH",06-8829924
AL BUSTAN MEDICAL CENTRE LLC,SHARJAH,GENERAL PRACTITIONER,,"FALAJ AL MUALLA ROAD,NEAR FRUIT & VEGETABLE MARKET, AL DHAID SHARJAH",06-8829924
AL BUSTAN MEDICAL CENTRE LLC,SHARJAH,PAEDIATRICIAN,,"FALAJ AL MUALLA ROAD,NEAR FRUIT & VEGETABLE MARKET, AL DHAID SHARJAH",06-8829924
AL BUSTAN MEDICAL CENTRE LLC,SHARJAH,PAEDIATRICIAN,,"FALAJ AL MUALLA ROAD,NEAR FRUIT & VEGETABLE MARKET, AL DHAID SHARJAH",06-8829924
MGM MEDICAL CENTRE LLC,SHARJAH,ORTHOPEDICIAN,,"ÊABOVE SUZUKI SHOWROOM, 2ND FLOOR RM 205, KING FAISAL AREA, SHARJAH U.A.E",06-5741444
BHATIA MEDICAL CENTRE,SHARJAH,DENTIST,,BEHIND NATIONAL BANK OF ABU DHABI BANK STREET NEAR AL MAJID PHARMACY SHARJAH U.A.E,06-5753888
MAHER SPECIALITY MEDICAL CLINIC,SHARJAH,PAEDIATRICIAN,,"MODERN CLINIC BUILDING ,GROUND FLOOR ,KING FAISAL STREET , ABU SHAGARA SHARJAH",06-5420066
MAHER SPECIALITY MEDICAL CLINIC,SHARJAH,GENERAL PRACTITIONER,,"MODERN CLINIC BUILDING ,GROUND FLOOR ,KING FAISAL STREET , ABU SHAGARA SHARJAH",06-5420066
BHATIA MEDICAL CENTRE,SHARJAH,GYNAECOLOGIST,,BEHIND NATIONAL BANK OF ABU DHABI BANK STREET NEAR AL MAJID PHARMACY SHARJAH U.A.E,06-5753888
STARCARE MEDICAL CENTER LLC(FORMERLY KNOWN AS NAJM AL RAHA MEDICAL CENTER ),SHARJAH,E.N.T. SPECIALIST,,"NEW MALABAR GOLD & DIAMONDS BLDG.,1ST FLOOR ,ROLLA SHARJAH U.A.E",06-5611099
IDEAL MEDICAL CENTRE,SHARJAH,OPHTHALMOLOGIST,,"1ST FLOOR , UAE EXCHANGE BLDG, ROLLA, SHARJAH U.A.E",06-5623844
AL NAHDA MEDICAL CENTER,SHARJAH,GENERAL PRACTITIONER,,"AL DHAGHAYA TOWER,2ND FLOOR,FLAT NO. 201-202,BUKHARA STREET,SHARJAH U.A.,E",06-5384466
AL NAHDA MEDICAL CENTER,SHARJAH,GYNAECOLOGIST,,"AL DHAGHAYA TOWER,2ND FLOOR,FLAT NO. 201-202,BUKHARA STREET,SHARJAH U.A.,E",06-5384466
IDEAL MEDICAL CENTRE,SHARJAH,DENTIST,,"1ST FLOOR , UAE EXCHANGE BLDG, ROLLA, SHARJAH U.A.E",06-5623844
MAHER SPECIALITY MEDICAL CLINIC,SHARJAH,PAEDIATRICIAN,,"MODERN CLINIC BUILDING ,GROUND FLOOR ,KING FAISAL STREET , ABU SHAGARA SHARJAH",06-5420066
MGM MEDICAL CENTRE LLC,SHARJAH,GENERAL PRACTITIONER,,"ÊABOVE SUZUKI SHOWROOM, 2ND FLOOR RM 205, KING FAISAL AREA, SHARJAH U.A.E",06-5741444
MGM MEDICAL CENTRE LLC,SHARJAH,GYNAECOLOGIST,,"ÊABOVE SUZUKI SHOWROOM, 2ND FLOOR RM 205, KING FAISAL AREA, SHARJAH U.A.E",06-5741444
AL RAHAH MEDICAL CENTRE LLC,SHARJAH,GENERAL PRACTITIONER,,"FLAT NO. 1, AL MARI INDUSTRIAL AREA 2, OPPOSITE GEO ELECTRICAL, SHARJAH",06-5425260
AL RAHAH MEDICAL CENTRE LLC,SHARJAH,GENERAL PRACTITIONER,,"FLAT NO. 1, AL MARI INDUSTRIAL AREA 2, OPPOSITE GEO ELECTRICAL, SHARJAH",06-5425260
AL RAHAH MEDICAL CENTRE LLC,SHARJAH,GENERAL PRACTITIONER,,"FLAT NO. 1, AL MARI INDUSTRIAL AREA 2, OPPOSITE GEO ELECTRICAL, SHARJAH",06-5425260
AL RAHAH MEDICAL CENTRE LLC,SHARJAH,DENTIST,,"FLAT NO. 1, AL MARI INDUSTRIAL AREA 2, OPPOSITE GEO ELECTRICAL, SHARJAH",06-5425260
DR. SANJAY MEDICAL CENTRE,SHARJAH,GENERAL PRACTITIONER,,"2ND FLOOR, AL MUBARAK CENTRE, OPP. LULU CENTRE",06-5626525
DR. SANJAY MEDICAL CENTRE,SHARJAH,INTERNAL MEDICINE,,"2ND FLOOR, AL MUBARAK CENTRE, OPP. LULU CENTRE",06-5626525
DR. SANJAY MEDICAL CENTRE,SHARJAH,INTERNAL MEDICINE,,"2ND FLOOR, AL MUBARAK CENTRE, OPP. LULU CENTRE",06-5626525
DR. SANJAY MEDICAL CENTRE,SHARJAH,GYNAECOLOGIST,,"2ND FLOOR, AL MUBARAK CENTRE, OPP. LULU CENTRE",06-5626525
DR. SANJAY MEDICAL CENTRE,SHARJAH,DENTIST,,"2ND FLOOR, AL MUBARAK CENTRE, OPP. LULU CENTRE",06-5626525
DR. SANJAY MEDICAL CENTRE,SHARJAH,GENERAL PRACTITIONER,,"2ND FLOOR, AL MUBARAK CENTRE, OPP. LULU CENTRE",06-5626525
DR. SANJAY MEDICAL CENTRE,SHARJAH,GENERAL PRACTITIONER,,"2ND FLOOR, AL MUBARAK CENTRE, OPP. LULU CENTRE",06-5626525
DR. SABAA MEDICAL CENTRE LLC ( FORMERLY KNOWN AS FATHY EMARA MEDICAL CENTRE),SHARJAH,DENTIST,,"AL MAJAZ BUILDING, JAMAL ABDUL NASSER STREET",06-5530092
STARCARE MEDICAL CENTER LLC(FORMERLY KNOWN AS NAJM AL RAHA MEDICAL CENTER ),SHARJAH,NEUROLOGIST,,"NEW MALABAR GOLD & DIAMONDS BLDG.,1ST FLOOR ,ROLLA SHARJAH U.A.E",06-5611099
AL SHAMS MEDICAL & DIAGNOSTIC CENTRE,SHARJAH,GENERAL PRACTITIONER,,"SHEIKH FAISAL AL QASIMI BLDG, BLOCK B, FLOOR 1, SUIT 113-116, MALIHA ROAD INDUSTRIAL AREA 15, SHARJAH",06-5353581
AL SHAMS MEDICAL & DIAGNOSTIC CENTRE,SHARJAH,GENERAL PRACTITIONER,,"SHEIKH FAISAL AL QASIMI BLDG, BLOCK B, FLOOR 1, SUIT 113-116, MALIHA ROAD INDUSTRIAL AREA 15, SHARJAH",06-5353581
AL SHAMS MEDICAL & DIAGNOSTIC CENTRE,SHARJAH,GENERAL PRACTITIONER,,"SHEIKH FAISAL AL QASIMI BLDG, BLOCK B, FLOOR 1, SUIT 113-116, MALIHA ROAD INDUSTRIAL AREA 15, SHARJAH",06-5353581
AL SHAMS MEDICAL & DIAGNOSTIC CENTRE,SHARJAH,GENERAL PRACTITIONER,,"SHEIKH FAISAL AL QASIMI BLDG, BLOCK B, FLOOR 1, SUIT 113-116, MALIHA ROAD INDUSTRIAL AREA 15, SHARJAH",06-5353581
AL SHAMS MEDICAL & DIAGNOSTIC CENTRE,SHARJAH,GENERAL PRACTITIONER,,"SHEIKH FAISAL AL QASIMI BLDG, BLOCK B, FLOOR 1, SUIT 113-116, MALIHA ROAD INDUSTRIAL AREA 15, SHARJAH",06-5353581
AL SHAMS MEDICAL & DIAGNOSTIC CENTRE,SHARJAH,INTERNAL MEDICINE,,"SHEIKH FAISAL AL QASIMI BLDG, BLOCK B, FLOOR 1, SUIT 113-116, MALIHA ROAD INDUSTRIAL AREA 15, SHARJAH",06-5353581
AL SHAMS MEDICAL & DIAGNOSTIC CENTRE,SHARJAH,SURGEON,,"SHEIKH FAISAL AL QASIMI BLDG, BLOCK B, FLOOR 1, SUIT 113-116, MALIHA ROAD INDUSTRIAL AREA 15, SHARJAH",06-5353581
AL SHAMS MEDICAL & DIAGNOSTIC CENTRE,SHARJAH,PAEDIATRICIAN,,"SHEIKH FAISAL AL QASIMI BLDG, BLOCK B, FLOOR 1, SUIT 113-116, MALIHA ROAD INDUSTRIAL AREA 15, SHARJAH",06-5353581
AL SHAMS MEDICAL & DIAGNOSTIC CENTRE,SHARJAH,OPHTHALMOLOGIST,,"SHEIKH FAISAL AL QASIMI BLDG, BLOCK B, FLOOR 1, SUIT 113-116, MALIHA ROAD INDUSTRIAL AREA 15, SHARJAH",06-5353581
AL SHAMS MEDICAL & DIAGNOSTIC CENTRE,SHARJAH,DERMATOLOGIST,,"SHEIKH FAISAL AL QASIMI BLDG, BLOCK B, FLOOR 1, SUIT 113-116, MALIHA ROAD INDUSTRIAL AREA 15, SHARJAH",06-5353581
AL SHAMS MEDICAL & DIAGNOSTIC CENTRE,SHARJAH,E.N.T. SPECIALIST,,"SHEIKH FAISAL AL QASIMI BLDG, BLOCK B, FLOOR 1, SUIT 113-116, MALIHA ROAD INDUSTRIAL AREA 15, SHARJAH",06-5353581
AL SHAMS MEDICAL & DIAGNOSTIC CENTRE,SHARJAH,ORTHOPEDICIAN,,"SHEIKH FAISAL AL QASIMI BLDG, BLOCK B, FLOOR 1, SUIT 113-116, MALIHA ROAD INDUSTRIAL AREA 15, SHARJAH",06-5353581
AL SHAMS MEDICAL & DIAGNOSTIC CENTRE,SHARJAH,ORTHOPEDICIAN,,"SHEIKH FAISAL AL QASIMI BLDG, BLOCK B, FLOOR 1, SUIT 113-116, MALIHA ROAD INDUSTRIAL AREA 15, SHARJAH",06-5353581
AL SHAMS MEDICAL & DIAGNOSTIC CENTRE,SHARJAH,GYNAECOLOGIST,,"SHEIKH FAISAL AL QASIMI BLDG, BLOCK B, FLOOR 1, SUIT 113-116, MALIHA ROAD INDUSTRIAL AREA 15, SHARJAH",06-5353581
AL SHAMS MEDICAL & DIAGNOSTIC CENTRE,SHARJAH,DENTIST,,"SHEIKH FAISAL AL QASIMI BLDG, BLOCK B, FLOOR 1, SUIT 113-116, MALIHA ROAD INDUSTRIAL AREA 15, SHARJAH",06-5353581
AL SHAMS MEDICAL & DIAGNOSTIC CENTRE,SHARJAH,DENTIST,,"SHEIKH FAISAL AL QASIMI BLDG, BLOCK B, FLOOR 1, SUIT 113-116, MALIHA ROAD INDUSTRIAL AREA 15, SHARJAH",06-5353581
AL SHAMS MEDICAL & DIAGNOSTIC CENTRE,SHARJAH,HOMEOPHATHIC MEDICINE,,"SHEIKH FAISAL AL QASIMI BLDG, BLOCK B, FLOOR 1, SUIT 113-116, MALIHA ROAD INDUSTRIAL AREA 15, SHARJAH",06-5353581
AL SHAMS MEDICAL & DIAGNOSTIC CENTRE,SHARJAH,PHYSIOTHERAPIST,,"SHEIKH FAISAL AL QASIMI BLDG, BLOCK B, FLOOR 1, SUIT 113-116, MALIHA ROAD INDUSTRIAL AREA 15, SHARJAH",06-5353581
AL SHAMS MEDICAL CENTRE,SHARJAH,GENERAL PRACTITIONER,,"SHIHAB SULAIMAN BDG. FLAT 113-115, CATERPILLAR AREA ROAD,AREA3, SHARJAH",06-5424255
AL SHAMS MEDICAL CENTRE,SHARJAH,DENTIST,,"SHIHAB SULAIMAN BDG. FLAT 113-115, CATERPILLAR AREA ROAD,AREA3, SHARJAH",06-5424255
AL KANARY MEDICAL CENTRE,SHARJAH,GENERAL PRACTITIONER,,"FATHIMA SAIF BLDG, SHOPS 7/8 EMIRATES ROAD, NATIONAL PAINTS R/A, MUWALEIH COMMERCIAL, SHARJAH",06-5344439
AL KANARY MEDICAL CENTRE,SHARJAH,GENERAL PRACTITIONER,,"FATHIMA SAIF BLDG, SHOPS 7/8 EMIRATES ROAD, NATIONAL PAINTS R/A, MUWALEIH COMMERCIAL, SHARJAH",06-5344439
AL KANARY MEDICAL CENTRE,SHARJAH,DENTIST,,"FATHIMA SAIF BLDG, SHOPS 7/8 EMIRATES ROAD, NATIONAL PAINTS R/A, MUWALEIH COMMERCIAL, SHARJAH",06-5344439
AL FAIEZ MEDICAL CENTER,SHARJAH,GENERAL PRACTITIONER,,"HATTA ROAD, AL MADAM R/A AL MADAM SHARJAH",06-8861202
AL FAIEZ MEDICAL CENTER,SHARJAH,GENERAL PRACTITIONER,,"HATTA ROAD, AL MADAM R/A AL MADAM SHARJAH",06-8861202
AL FAIEZ MEDICAL CENTER,SHARJAH,GENERAL PRACTITIONER,,"HATTA ROAD, AL MADAM R/A AL MADAM SHARJAH",06-8861202
AL FAIEZ MEDICAL CENTER,SHARJAH,DENTIST,,"HATTA ROAD, AL MADAM R/A AL MADAM SHARJAH",06-8861202
MAMPILLY MEDICAL CENTRE,SHARJAH,ENDOCRINOLOGIST,,UAE EXCHANGE BLDG ROLLA,06-5616464
RUKN AL SHIFAA MEDICAL CENTRE,SHARJAH,GENERAL PRACTITIONER,,"FLAT NO 402-403, 4TH FLOOR, AL MUTAWA BLDG, ROLLA PARK, SHARJAH, UAE",06-5740800
RUKN AL SHIFAA MEDICAL CENTRE,SHARJAH,DENTIST,,"FLAT NO 402-403, 4TH FLOOR, AL MUTAWA BLDG, ROLLA PARK, SHARJAH, UAE",06-5740800
ORIANA SPECIALITY HOSPITAL CLINICS L.L.C-SOLE PROPRIETORSHIP,SHARJAH,GENERAL PRACTITIONER,,"SHEIKH KHALID BIN KHALID AL QASIMI STREET,WASIT SUBURB,AL GOAZ",06-5918989
ORIANA SPECIALITY HOSPITAL CLINICS L.L.C-SOLE PROPRIETORSHIP,SHARJAH,INTERNAL MEDICINE,,"SHEIKH KHALID BIN KHALID AL QASIMI STREET,WASIT SUBURB,AL GOAZ",06-5918989
ORIANA SPECIALITY HOSPITAL CLINICS L.L.C-SOLE PROPRIETORSHIP,SHARJAH,GYNAECOLOGIST,,"SHEIKH KHALID BIN KHALID AL QASIMI STREET,WASIT SUBURB,AL GOAZ",06-5918989
ORIANA SPECIALITY HOSPITAL CLINICS L.L.C-SOLE PROPRIETORSHIP,SHARJAH,SURGEON,,"SHEIKH KHALID BIN KHALID AL QASIMI STREET,WASIT SUBURB,AL GOAZ",06-5918989
ORIANA SPECIALITY HOSPITAL CLINICS L.L.C-SOLE PROPRIETORSHIP,SHARJAH,DENTIST,,"SHEIKH KHALID BIN KHALID AL QASIMI STREET,WASIT SUBURB,AL GOAZ",06-5918989
SIYAD SPECIALIST MEDICAL CENTER,SHARJAH,INTERNAL MEDICINE,,"SHOP NO. 1, GROUND FLOOR , AL WADI BLDG,MALIHA ROAD, MUWEILAH SHARJAH",06-5358305
SIYAD SPECIALIST MEDICAL CENTER,SHARJAH,DENTIST,,"SHOP NO. 1, GROUND FLOOR , AL WADI BLDG,MALIHA ROAD, MUWEILAH SHARJAH",06-5358305
SIYAD SPECIALIST MEDICAL CENTER,SHARJAH,GENERAL PRACTITIONER,,"SHOP NO. 1, GROUND FLOOR , AL WADI BLDG,MALIHA ROAD, MUWEILAH SHARJAH",06-5358305
ACCESS AL SAJAA CLINIC,SHARJAH,GENERAL PRACTITIONER,,"SHOP NO 25 & 26, AL SAJAA SHOPPING CENTRE, AL SAJAA INDUSTRIAL AREA, SHARJAH, UAE.",06-7678795
LAIKA MEDICAL CENTER,SHARJAH,GYNAECOLOGIST,,"208A,BLOCK A,SULTAN ALI ANDULLAH AL OWAIS BUILDING,MAYSALOON-SHARJAH",06-5627667
LAIKA MEDICAL CENTER,SHARJAH,GENERAL PRACTITIONER,,"208A,BLOCK A,SULTAN ALI ANDULLAH AL OWAIS BUILDING,MAYSALOON-SHARJAH",06-5627667
AL SHIFA MEDICAL CENTER-BRANCH 1,SHARJAH,GENERAL PRACTITIONER,,"LULAYYAH ROUND ABOUT, LAUREN CAFE BDLG. 1STÊFLOOR, KHORFAKKAN SHARJAH",09-2375000
AL SHIFA MEDICAL CENTER-BRANCH 1,SHARJAH,GENERAL PRACTITIONER,,"LULAYYAH ROUND ABOUT, LAUREN CAFE BDLG. 1STÊFLOOR, KHORFAKKAN SHARJAH",09-2375000
AL SHIFA MEDICAL CENTER-BRANCH 1,SHARJAH,PHYSIOTHERAPIST,,"LULAYYAH ROUND ABOUT, LAUREN CAFE BDLG. 1STÊFLOOR, KHORFAKKAN SHARJAH",09-2375000
AL AMANAH MEDICAL CENTER,SHARJAH,PAEDIATRICIAN,,"AL MUBARAK CENTRE, 3RD FLOOR ,OFFICE NO. 308, OPPOSITE LULU & AL HAMRA CINEMA , AL AROUBA STREET SHARJAH U.A.E",06-5615545
AL AMANAH MEDICAL CENTER,SHARJAH,CARDIOLOGIST,,"AL MUBARAK CENTRE, 3RD FLOOR ,OFFICE NO. 308, OPPOSITE LULU & AL HAMRA CINEMA , AL AROUBA STREET SHARJAH U.A.E",06-5615545
REGAL MEDICAL CENTRE,SHARJAH,GENERAL PRACTITIONER,,"SHOP NO 5, BELRESHEED BUILDING,BLDG NO.2516,MALIHA ROAD NEAR HADI EXCHANGE MUWAILAH COMMERCIAL,SHARJAH",0551409352/0504528736
REGAL MEDICAL CENTRE,SHARJAH,GENERAL PRACTITIONER,,"SHOP NO 5, BELRESHEED BUILDING,BLDG NO.2516,MALIHA ROAD NEAR HADI EXCHANGE MUWAILAH COMMERCIAL,SHARJAH",0551409352/0504528736
REGAL MEDICAL CENTRE,SHARJAH,GENERAL PRACTITIONER,,"SHOP NO 5, BELRESHEED BUILDING,BLDG NO.2516,MALIHA ROAD NEAR HADI EXCHANGE MUWAILAH COMMERCIAL,SHARJAH",0551409352/0504528736
REGAL MEDICAL CENTRE,SHARJAH,DENTIST,,"SHOP NO 5, BELRESHEED BUILDING,BLDG NO.2516,MALIHA ROAD NEAR HADI EXCHANGE MUWAILAH COMMERCIAL,SHARJAH",0551409352/0504528736
AL SHIFA MEDICAL CENTER-BRANCH 1,SHARJAH,DENTIST,,"LULAYYAH ROUND ABOUT, LAUREN CAFE BDLG. 1STÊFLOOR, KHORFAKKAN SHARJAH",09-2375000
STARCARE MEDICAL CENTER LLC(FORMERLY KNOWN AS NAJM AL RAHA MEDICAL CENTER ),SHARJAH,E.N.T. SPECIALIST,,"NEW MALABAR GOLD & DIAMONDS BLDG.,1ST FLOOR ,ROLLA SHARJAH U.A.E",06-5611099
AL AZHAR MEDICAL CLINIC,SHARJAH,GENERAL PRACTITIONER,,"SHARJAH COOPERATIVE SOCIETY BUILDING, SAJJA INDUSTRIAL AREA NO:1 - SHARJAH",06-5352323
AL AZHAR MEDICAL CLINIC,SHARJAH,GENERAL PRACTITIONER,,"SHARJAH COOPERATIVE SOCIETY BUILDING, SAJJA INDUSTRIAL AREA NO:1 - SHARJAH",06-5352323
AL AZHAR MEDICAL CLINIC,SHARJAH,GENERAL PRACTITIONER,,"SHARJAH COOPERATIVE SOCIETY BUILDING, SAJJA INDUSTRIAL AREA NO:1 - SHARJAH",06-5352323
AL SHEROUQ MEDICAL CENTER LLC,SHARJAH,GENERAL PRACTITIONER,,"AL AROOBA STREET,ORIENT BUILDING,1ST FLOOR,SHARJAH,UAE",06-5353039
AL SHEROUQ MEDICAL CENTER LLC,SHARJAH,DENTIST,,"AL AROOBA STREET,ORIENT BUILDING,1ST FLOOR,SHARJAH,UAE",06-5353039
AL SHEROUQ MEDICAL CENTER LLC,SHARJAH,GYNAECOLOGIST,,"AL AROOBA STREET,ORIENT BUILDING,1ST FLOOR,SHARJAH,UAE",06-5353039
AL SHEROUQ MEDICAL CENTER LLC,SHARJAH,DENTIST,,"AL AROOBA STREET,ORIENT BUILDING,1ST FLOOR,SHARJAH,UAE",06-5353039
AL SHEROUQ MEDICAL CENTER LLC,SHARJAH,DENTIST,,"AL AROOBA STREET,ORIENT BUILDING,1ST FLOOR,SHARJAH,UAE",06-5353039
AL SHEROUQ MEDICAL CENTER LLC,SHARJAH,GENERAL PRACTITIONER,,"AL AROOBA STREET,ORIENT BUILDING,1ST FLOOR,SHARJAH,UAE",06-5353039
UNIVERSITY OF SHARJAH GIRLS CLINIC,SHARJAH,GENERAL PRACTITIONER,,"PLOT NO.64,,GROUND FLOOR ROOM NUMBER-037,INSIDE UNIVERSITY OF SHARJAH,MUWAILEH UNIVERSITY STREET SHARJAH",06-5057201
UNIVERSITY OF SHARJAH GIRLS CLINIC,SHARJAH,GENERAL PRACTITIONER,,"PLOT NO.64,,GROUND FLOOR ROOM NUMBER-037,INSIDE UNIVERSITY OF SHARJAH,MUWAILEH UNIVERSITY STREET SHARJAH",06-5057201
UNIVERSITY OF SHARJAH GIRLS CLINIC,SHARJAH,GENERAL PRACTITIONER,,"PLOT NO.64,,GROUND FLOOR ROOM NUMBER-037,INSIDE UNIVERSITY OF SHARJAH,MUWAILEH UNIVERSITY STREET SHARJAH",06-5057201
UNIVERSITY OF SHARJAH GIRLS CLINIC,SHARJAH,GENERAL PRACTITIONER,,"PLOT NO.64,,GROUND FLOOR ROOM NUMBER-037,INSIDE UNIVERSITY OF SHARJAH,MUWAILEH UNIVERSITY STREET SHARJAH",06-5057201
UNIVERSITY OF SHARJAH GIRLS CLINIC,SHARJAH,FAMILY MEDICINE,,"PLOT NO.64,,GROUND FLOOR ROOM NUMBER-037,INSIDE UNIVERSITY OF SHARJAH,MUWAILEH UNIVERSITY STREET SHARJAH",06-5057201
SPECIALIZED MEDICAL CENTER - UNIVERSITY OF SHARJAH,SHARJAH,GENERAL PRACTITIONER,,"PLOT NO.64,M2 COLLEGE OF LAW,GROUND FLOOR ROOM NUMBER-038,INSIDE UNIVERSITY OF SHARJAH",06-5050244
SPECIALIZED MEDICAL CENTER - UNIVERSITY OF SHARJAH,SHARJAH,GENERAL PRACTITIONER,,"PLOT NO.64,M2 COLLEGE OF LAW,GROUND FLOOR ROOM NUMBER-038,INSIDE UNIVERSITY OF SHARJAH",06-5050244
SPECIALIZED MEDICAL CENTER - UNIVERSITY OF SHARJAH,SHARJAH,GYNAECOLOGIST,,"PLOT NO.64,M2 COLLEGE OF LAW,GROUND FLOOR ROOM NUMBER-038,INSIDE UNIVERSITY OF SHARJAH",06-5050244
SPECIALIZED MEDICAL CENTER - UNIVERSITY OF SHARJAH,SHARJAH,GYNAECOLOGIST,,"PLOT NO.64,M2 COLLEGE OF LAW,GROUND FLOOR ROOM NUMBER-038,INSIDE UNIVERSITY OF SHARJAH",06-5050244
SPECIALIZED MEDICAL CENTER - UNIVERSITY OF SHARJAH,SHARJAH,PSYCHIATRIST,,"PLOT NO.64,M2 COLLEGE OF LAW,GROUND FLOOR ROOM NUMBER-038,INSIDE UNIVERSITY OF SHARJAH",06-5050244
SPECIALIZED MEDICAL CENTER - UNIVERSITY OF SHARJAH,SHARJAH,GENERAL PRACTITIONER,,"PLOT NO.64,M2 COLLEGE OF LAW,GROUND FLOOR ROOM NUMBER-038,INSIDE UNIVERSITY OF SHARJAH",06-5050244
SPECIALIZED MEDICAL CENTER - UNIVERSITY OF SHARJAH,SHARJAH,ORTHOPEDICIAN,,"PLOT NO.64,M2 COLLEGE OF LAW,GROUND FLOOR ROOM NUMBER-038,INSIDE UNIVERSITY OF SHARJAH",06-5050244
SPECIALIZED MEDICAL CENTER - UNIVERSITY OF SHARJAH,SHARJAH,GENERAL PRACTITIONER,,"PLOT NO.64,M2 COLLEGE OF LAW,GROUND FLOOR ROOM NUMBER-038,INSIDE UNIVERSITY OF SHARJAH",06-5050244
SPECIALIZED MEDICAL CENTER - UNIVERSITY OF SHARJAH,SHARJAH,GASTROENTOLOGIST,,"PLOT NO.64,M2 COLLEGE OF LAW,GROUND FLOOR ROOM NUMBER-038,INSIDE UNIVERSITY OF SHARJAH",06-5050244
SPECIALIZED MEDICAL CENTER - UNIVERSITY OF SHARJAH,SHARJAH,GENERAL PRACTITIONER,,"PLOT NO.64,M2 COLLEGE OF LAW,GROUND FLOOR ROOM NUMBER-038,INSIDE UNIVERSITY OF SHARJAH",06-5050244
SPECIALIZED MEDICAL CENTER - UNIVERSITY OF SHARJAH,SHARJAH,GENERAL PRACTITIONER,,"PLOT NO.64,M2 COLLEGE OF LAW,GROUND FLOOR ROOM NUMBER-038,INSIDE UNIVERSITY OF SHARJAH",06-5050244
SPECIALIZED MEDICAL CENTER - UNIVERSITY OF SHARJAH,SHARJAH,GENERAL PRACTITIONER,,"PLOT NO.64,M2 COLLEGE OF LAW,GROUND FLOOR ROOM NUMBER-038,INSIDE UNIVERSITY OF SHARJAH",06-5050244
SPECIALIZED MEDICAL CENTER - UNIVERSITY OF SHARJAH,SHARJAH,FAMILY MEDICINE,,"PLOT NO.64,M2 COLLEGE OF LAW,GROUND FLOOR ROOM NUMBER-038,INSIDE UNIVERSITY OF SHARJAH",06-5050244
SPECIALIZED MEDICAL CENTER - UNIVERSITY OF SHARJAH,SHARJAH,CARDIOLOGIST,,"PLOT NO.64,M2 COLLEGE OF LAW,GROUND FLOOR ROOM NUMBER-038,INSIDE UNIVERSITY OF SHARJAH",06-5050244
LIMAR MEDICAL CENTRE,SHARJAH,DENTIST,,AL SHAMSI BUILDING BLOCK B 3RD FLOOR,06-5744245
LIMAR MEDICAL CENTRE,SHARJAH,DENTIST,,AL SHAMSI BUILDING BLOCK B 3RD FLOOR,06-5744245
DR. SUNNY MEDICAL CENTRE LLC,UAQ,GENERAL PRACTITIONER,,"KING FAISAL STREET, NEAR NISSAN SHOWROOM",06-7666933
DR. SUNNY MEDICAL CENTRE LLC,UAQ,GENERAL PRACTITIONER,,"KING FAISAL STREET, NEAR NISSAN SHOWROOM",06-7666933
DR. SUNNY MEDICAL CENTRE LLC,UAQ,GENERAL PRACTITIONER,,"KING FAISAL STREET, NEAR NISSAN SHOWROOM",06-7666933
THUMBAY CLINIC LLC,UAQ,PAEDIATRICIAN,,"KING FAISAL STREET , ALRAS UAQ",06-7051533
THUMBAY CLINIC LLC,UAQ,SURGEON,,"KING FAISAL STREET , ALRAS UAQ",06-7051533
DR. SINAN EYE CLINIC,UAQ,OPHTHALMOLOGIST,,"AL RAS BUILDING , 2ND FLOOR, FLAT 208, AL RAS AREA, AL ARAB SEA RESTAURANT UMM AL QUWAIN",06-7641221
YASMED MEDICAL CENTER LLC,UAQ,GENERAL PRACTITIONER,,"AL KUBAISI BUILDING,NEW INDUSTRIAL AREA,NEAR ETISALAT R/A,UMM AL QUWAIN",06-5299064
YASMED MEDICAL CENTER LLC,UAQ,GENERAL PRACTITIONER,,"AL KUBAISI BUILDING,NEW INDUSTRIAL AREA,NEAR ETISALAT R/A,UMM AL QUWAIN",06-5299064
YASMED MEDICAL CENTER LLC,UAQ,DENTIST,,"AL KUBAISI BUILDING,NEW INDUSTRIAL AREA,NEAR ETISALAT R/A,UMM AL QUWAIN",06-5299064
YASMED MEDICAL CENTER LLC,UAQ,DENTIST,,"AL KUBAISI BUILDING,NEW INDUSTRIAL AREA,NEAR ETISALAT R/A,UMM AL QUWAIN",06-5299064
YASMED MEDICAL CENTER LLC,UAQ,GENERAL PRACTITIONER,,"AL KUBAISI BUILDING,NEW INDUSTRIAL AREA,NEAR ETISALAT R/A,UMM AL QUWAIN",06-5299064
ASTER MEDICAL CENTRE - BR OF (D M HEALTHCARE) LLC UMM AL QUWAIN BRANCH,UAQ,GENERAL PRACTITIONER,,"GREEN BELT, KING FAISAL ROAD, UMM AL QUWAIN",06-5770288
ASTER MEDICAL CENTRE - BR OF (D M HEALTHCARE) LLC UMM AL QUWAIN BRANCH,UAQ,PAEDIATRICIAN,,"GREEN BELT, KING FAISAL ROAD, UMM AL QUWAIN",06-5770288
ASTER MEDICAL CENTRE - BR OF (D M HEALTHCARE) LLC UMM AL QUWAIN BRANCH,UAQ,GENERAL PRACTITIONER,,"GREEN BELT, KING FAISAL ROAD, UMM AL QUWAIN",06-5770288
DAR AL-MOUASAH CLINICAL LAB,ABU DHABI,---,,"HAMDAN ST, ABOVE GOLDEN FORK REST",02-6260066
GULF RADIOLOGY & LABORATORIES,ABU DHABI,---,,ABOVE HABIB BANK,02-6339668
UNILABS DIAGNOSTIC LLC (FORMERLY KNOWN AS AL ANNAB LABORATORY),ABU DHABI,---,,"0 FLOOR, C18 BUILDING, CORNICHE,PIR OFFICE STREET, AL TUNOUB STREET; CORNICHE TOWER; ABU DHABI",02-6274767
MENA LABS MEDICAL LABORATORY LLC,ABU DHABI,---,,"AL MAZROUI BLDG.,2ND FLOOR,NAJDA STREET ABU DHABI",02-4483699
ETIHAD VISA SCREENING CENTER (SEHA-ABU DHABI),ABU DHABI,---,,KHALIFA A ETIHAD PLAZA - KHALIFA CITY - ABU DHABI,800 50
DISEASE PREVENTION AND SCREENING CENTER- AL SHAHAMA (SEHA-ABU DHABI),ABU DHABI,---,,"AL SHAHAMA, OPP. ABU DHABI ISLAMIC BANK - ABU DHABI",02 811 4263
DISEASE PREVENTION & SCREENING CENTRE- AL MARFA (SEHA-ABU DHABI),ABU DHABI,---,,AL MARFA,02 4102000
AL DHAFRA MOBILE MAMMOGRAPHY UNIT (SEHA-ABU DHABI),ABU DHABI,---,,AL DHAFRAH,02-8070000
DISEASE PREVENTION AND SCREENING CENTER - MUSSAFAH (SEHA-ABU DHABI),ABU DHABI,---,,"STREET 28, BEHIND BMW SHOWROOM - MUSAFFAH - ABU DHABI",02 651 0555
DISEASE PREVENTION AND SCREENING CENTER - SILA (SEHA-ABU DHABI),ABU DHABI,---,,AL DHAFRAH,02 872 1555
DISEASE PREVENTION AND SCREENING CENTER - DELMA (SEHA-ABU DHABI),ABU DHABI,---,,UM ALSHUWAHEEN STREET - ABU DHABI,02-8781888
DISEASE PREVENTION AND SCREENING CENTER- GAIATHY (SEHA-ABU DHABI),ABU DHABI,---,,WESTERN REGION,02- 811 6900
BLOOD BANK CENTER (SEHA-ABU DHABI),ABU DHABI,---,,AL KHALIDIYAH - W9 - ABU DHABI,03-7623088
ABU DHABI BLOOD BANK (SEHA-ABU DHABI),ABU DHABI,---,,AL KHALIDIYAH - W9 - ABU DHABI,02 4102000
DISEASE PREVENTION AND SCREENING CENTER (SEHA-ABU DHABI),ABU DHABI,---,,ABU DHABI,02-7114000
DISEASE PREVENTION AND SCREENING CENTER - BANIYAS (SEHA-ABU DHABI),ABU DHABI,---,,BANI YAS - BANIYAS EAST - ABU DHABI,02-7114970
AL ITTIHAD POLYCLINIC & DIAGNOSTIC CENTRE,AJMAN,---,,"AL ITTIHAD ST, NEXT TO OLD LABOUR OFFICE",06-7441414
ADVANCED MEDICAL CENTRE,AL AIN,---,,MAIN STREET-ABOVE O GENERAL A/C SHOWROOM,03-7641441
BIOTECH DIAGNOSTIC CENTRE MEDICAL LABORATORY,AL AIN,---,,"SAEED AND HILAL ABDULLA HILLA ALQUWAITI BLDG.,MEZZANINE FLOOR, FLAT 103,NEAR AL ANSARI EXCHANGE,OPPOSITE SIDE OF AL AIN VEGITABLE MARKET",03-7516518
AL AIN AHALILI MEDICAL CENTRE,AL AIN,---,,"NEAR PLANNING ROUND ABOUT, OPP. TO HSBC BANK , ABU DHABI",03-7559990
NEW MEDICAL CENTRE LLC BRANCH,AL AIN,---,,"PLOT NO. 230, SECTOR SHIEBAT, AL SALAM, ZONE SANAIYA AL AIN",03-7044700
MOBILE MAMMOGRAPHY UNIT (SEHA-ABU DHABI),AL AIN,---,,AL AIN,02-7113000
OUD AL TOUBA DIAGNOSTIC & SCREENING CENTER (SEHA-ABU DHABI),AL AIN,---,,CENTRAL DISTRICT - SHIEBAT BIN ANBAR - ABU DHABI,03-7635888
DISEASE PREVENTION AND SCREENING CENTER-ALAIN (SEHA-ABU DHABI),AL AIN,---,,"SHAKHBOOT BIN SULTAN STREET (#131), OPPOSITE AL AIN HOSPITAL, AL AIN - ABU DHABI",02-8191200
MEDINOVA DIAGNOSTIC CENTER,DUBAI,---,,"AL FUTTAIN BLDG, OPPOSITE TO AL FARDANEXCHANGE,NEXT TO AL DOLPHIN HOTEL, KHALID BIN WHALED ROAD BUR DUBAI",04-5090400/04-5090402
MINERVA DIAGNOSTIC LAB,DUBAI,---,,"M07,08, 09 PYRAMID CENTER, UMM HURAIR ROAD, OUD METHA",04-3343727
DR. BADANI DIAGNOSTIC CENTRE,DUBAI,---,,"208, MATTAR AL TAYER BUILDING, AL ZAABEEL ROAD, NEXT TO BABYSHOP, KARAMA",04-3374979
GLOBAL HAWK IMAGING & DIAGNOSTIC CENTER,DUBAI,---,,"OPPOSITE TO DNATA IN DEIRA ,BESIDE SUZUKI SHOWROOM, KIA MOTORS BLDG.GROUND FLOOR AL ITTIHAD ROAD, PORT SAEED DEIRA",04-2364477
PROFICIENCY HEALTHCARE DIAGNOSTIC LABORATORIES LLC DUBAI BRANCH,DUBAI,---,,YES BUSINESS CENTRE 4TH FLOOR AL BARSHA 1 DUBAI U.A.E,04-2776162
ASTER MEDICAL LABORATORY BR. OF DM HEALTHCARE LLC,DUBAI,---,,"ABUHAIL BLDG.,GROUND FLOOR, 25TH STREET ,EPCO PETROL PUMB, ABUHAIL",04-6039999
ASTER IMAGING CENTRE AL MUTEENA BR. OF DM HEALTHCARE LLC,DUBAI,---,,"AL GHURAIR REAL ESTATE BLDG.,GROUND FLOOR, SHOP NO. 4, AL MUTEENA STREET,NEAR DUBAI PALM HOTEL , DEIRA DUBAI",04-2532900
MEGA SCAN CENTRE,DUBAI,---,,"ATRIUM CENTRE BUILDING,MEZZANINE FLOOR,BURDUBAI",04-3585888
MICRO HEALTH MEDICAL LAB,DUBAI,---,,"#10 ROCKY BUILDING, ZABEEL STREET,NEAR CIVIL DEFENSE OFFICE, KARAMA DUBAI ,UAE",04-5474549
INTERNATIONAL RADIOLOGY CENTER,RAK,---,,"EMIRATES BANK BUILDING ,AL MUSNTASIR STREET,RAK",07-2338088
MEDIPLUS DIAGNOSTIC CENTRE,SHARJAH,---,,"SUITE#303,AL MUBARAK CENTRE, OPP. LULU CENTRE",06-5634347
INTERNATIONAL RADIOLOGY CENTRE,SHARJAH,---,,"CRYSTAL PLAZA BLDG, OFFICE BLOCK C, BUHAIRA CORNICHE",06-5738088
MENA LABS MEDICAL LABORATORY LLC ( FORMERLY KNOWN AS UNIVERSAL MEDICAL LABORATORY ),SHARJAH,---,,"FLAT NO 403, BELRESHED TOWER 1, AFTER CRYSTAL PLAZA, STANDARD CHARTERED BANK BLDG, BUHAIRA CORNICHE",06-5754979
AL BURJ MEDICAL LAB,SHARJAH,---,,"FLAT NO. 304, CRYSTAL PLAZA, BUHAIRA CORNICHE",06-5752100
INTERNATIONAL RADIOLOGY & DIAGNOSTIC SERVICES CENTRE LLC-BRANCH 1,SHARJAH,---,,"EGYPTIAN TRADING CENTRE,FLOOR 2, AL TAAWUN STREET,AL MAJAZ SHARJAH",06-5566305
AL SARH MEDICAL LAB,SHARJAH,---,,"AL MARZOQI TOWER,5TH FLOOR ,FLAT 502, AL NUD SHARJAH U.A.E",06-5509991
ASTER DIAGNOSTIC CENTER,SHARJAH,---,,"ABDULLAH AHMED ABDUL RAHMAN BUILDING, GROUND FLOOR, BEHIND MEGA MALL, ABU SHAGARA, SHARJAH UAE",06-5973300
GRAND OPTICS LLC,ABU DHABI,---,,"MARINA MALL ,ABU DHABI",02-6814988
GRAND OPTICS LLC-BRANCH,ABU DHABI,---,,RAHA GARDENS ABU DHABI,02-5567757
ASTER OPTICALS LLC BR. OF ABU DHABI 1,ABU DHABI,---,,"SHOP NO: G10, AL RAHA MALL, AL SHAHAMA",02-5570053
ASTER OPTICALS LLC - BRANCH ABU DHABI 3,ABU DHABI,---,,311 SULTAN BIN ZAYED THE FIRST ST - AL DANAH - ZONE 1 - ABU DHABI,02-6353746
GRAND SUNGLASSES TO SALE GLASSES OWNED BY OWNER-GRAND OPTICS LL-SOLE PROPRIETORSHIP LLC,AJMAN,---,,"UNIT 040, GROUND FLOOR, AJMAN CITY CENTRE, AJMAN",06-7430913
GRAND OPTICS LLC- BRANCH,AJMAN,---,,AJMAN CITY CENTER .AJMAN U.A.E,06-7480103
GRAND OPTICS (L.L.C) BRANCH ( AJMAN CITY CENTER),AJMAN,---,,"UNIT A20, GROUND FLOOR, AJMAN CITY CENTRE, AJMAN",06-5952775
GRAND OPTICS LLC-BRANCH 1,AL AIN,---,,BAWADI MALL AL AIN,03-7840502
ASTER OPTICALS LLC - BRANCH OF ABU DHABI 2,AL AIN,---,,"114, MRS HAMAMA SAIF MUHAMED BUILDING, ABU BAKER AL SIDDIQ STREET, TOWN SQUARE, AL SALAMAH DISTRICT, AL AIN, ABU DHABI",03-7345278
GRAND OPTICS LLC ÐBRANCH,DUBAI,---,,MEADOWS DUBAI U.A.E,04-3609009
GRAND OPTICS BR. 1-JUMEIRAH BEACH RESIDENCE,DUBAI,---,,"JUMEIRAH BEACH RESIDENCE,DUBAI U.A.E",04-4233809
GRAND OPTICS LLC-BR. MOTOR CITY,DUBAI,---,,"UPTOWN MOTOR CITY,DUBAI U.A.E",04-4279833
GRAND OPTICS LLC-BRANCH,DUBAI,---,,"GRAND OPTICS, AL GHURAIR DUBAI U.A.E",04-2959656
ULTRA VISION LLC,DUBAI,---,,DEIRA CITY CENTER. DUBAI U.A.E,04-2945539
ASTER OPTICS (BR OF ASTER PHARMACIES GROUP LLC),DUBAI,---,,"BAIT AL WALEED BUILDING, KALID BIN WALEED ROAD, NEAR TO AL FAHIDI METRO STATION, BURDUBAI",04-3512447
ASTER OPTICS 3 (BR OF ASTER OPTICALS LLC),DUBAI,---,,"MOHAMMED AND RASHEED KHALIFA BUILDING, IRANIAN SCHOOL ROAD, OPPOSITE TO UNION MEDICAL CENTER KARAMA",04-3967100
ASTER OPTICS 4 (BR OF ASTER OPTICALS LLC),DUBAI,---,,"SHOP NO.2, AL QUSAIS BULIDING, DAMASCUS STREET, AL QUSAIS",04-2349928
ASTER OPTICS 5 (BR OF ASTER OPTICALS LLC),DUBAI,---,,"SHOP #1, MATLOOB BUILDING, AL SAFA 1, SHEIKH ZAYED ROAD, NEAR TO MEDCARE EYE CARE HOSPITAL",04-3469324
ASTER OPTICS 6 (BR OF ASTER OPTICALS LLC),DUBAI,---,,"DPV-RTL-07, DISCOVERY PAVILION BUILDING, DISCOVERY GARDEN, JEBEL ALI 1, DUBAI, UAE",04-4238020
GRAND OPTICS LLC,DUBAI,---,,"UNIT E19, GROUND FLOOR, DEIRA CITY CENTRE, DUBAI",04-2954699
GRAND OPTICS LLC (AL BARSHA),DUBAI,---,,"UNIT B39, GROUND FLOOR, MALL OF THE EMIRATES, AL BARSHA, DUBAI",04-3410350
GRAND OPTICS LLC BR,DUBAI,---,,"WADI AL SAFA, ARABIAN RANCHES, DUBAI",04-3619420
GRAND OPTICS LLC BR (DUBAI MALL),DUBAI,---,,"2ND FLOOR, UNIT SF110, THE DUBAI MALL,SHEIKH MOHAMMED BIN RASHED BOULEVARD,DOWNTOWN, DUBAI",04-3398776
GRAND OPTICS LLC BRANCH (MIRDIFF CITY CENTRE ),DUBAI,---,,"UNIT C012, GROUND FLOOR, MIRDIFF CITY CENTRE,SHEIKH MOHAMMED BIN ZAYED RD, DUBAI",04-2840056
GRAND OPTICS LLC BRANCH,DUBAI,---,,"SHOP G09, JUMEIRAH UNION COOP, JUMEIRAH 3, DUBAI",04-3943723
ASTER OPTICS 12 (BR OF ASTER OPTICALS L.L.C),DUBAI,---,,"UNIT S10, R1083-E WASL VILLAGE RETAIL CENTRE, AL QUSAIS INDUSTRIAL AREA 5, DUBAI",04-3334265
ASTER OPTICS 10 (BR OF ASTER OPTICALS L.L.C),DUBAI,---,,"FF RET 04, 1ST FLOOR, UNION COOP, AL HEBIA FIRST, MOTOR CITY, DUBAI",04-8357057
GRAND OPTICS (L.L.C) BRANCH ( MEADOWS),DUBAI,---,,"GROUND FLOOR, GF24, MEADOWS VILLAGE, NEAR TO WAITROSE, MEADOWS",04-7701806
ASTER OPTICS 9 (BR OF ASTER OPTICALS L.L.C),DUBAI,---,,"SHOP SM001, BUILDING 12-SM, MARSA DUBAI",04-2242538
ASTER OPTICS 8 (BR OF ASTER OPTICALS L.L.C),DUBAI,---,,"SHOP1-A, NEAR ASWAAQ, AL WARQA 1",04-2617074
ASTER OPTICS 7 (BR OF ASTER OPTICALS L.L.C),DUBAI,---,,"RT18 , INTERNATIONA CITY PAVILION, NAKHEEL / DUBAI",04-4247069
ASTER OPTICS 2 (BR OF ASTER OPTICALS L.L.C),DUBAI,---,,"UNIT F60, FIRST FLOOR, ALGHURAIR CENTER, DUBAI",04-3390081
ASTER OPTICS 1 (BR OF ASTER OPTICALS L.L.C),DUBAI,---,,"FRJP, R-23, AL FURJAN PAVILION, AL FURJAN,NAKHEEL, DUBAI",04-5804236
GRAND OPTICS LLC,SHARJAH,---,,"SHARJAH CITY CENTER ,SHARJAH U.A.E",06-5332029
GRAND OPTICS LLC-BRANCH 2,SHARJAH,---,,"MATAJER AL QOUZ,SHARJAH U.A.E",06-5528014
GRAND OPTICS LLC ÐBRANCH 4,SHARJAH,---,,"MATAJER AL MIRGAB,SHARJAH U.A.E",06-5239920
ASTER OPTICALS L.L.C - SHJ. BR (CENTRAL MALL ),SHARJAH,---,,"SHOP NO. 4, SHARJAH CENTRAL MALL, SHEIKH RASHID BIN SAQR AL QASIMI STREET, SAMNAN, SHARJAH",06-5314071
GRAND OPTICS L.L.C - SHJ. BR-BRANCH ( AL JURAINA ),SHARJAH,---,,"UNIT 22, GROUND FLOOR, MATAJER AL JURAINA, SHARJAH",06-5458499
ASTER PHARMACIES GROUP L.L.C- BRANCH OF ABU DHABI 7,ABU DHABI,---,,"AL SHAHEEN COMPLEX , NEAR CHOTHRAM SUPER MARKET,KHALIDIYA, ABU DHABI",02-6395140
REAL 7 PHARMACY DMCC BRANCH- ABU DHABI,ABU DHABI,---,,"UNIT NO. M032, GROUND FLOOR, MY CITY CENTRE MASDAR, MASDAR CITY, ABU DHABI Ð UAE",04-5610000
AL-KASER AL AINY PHARMACY,ABU DHABI,---,,LIWA ST. ABU DHABI,02-6268802
MINA PHARMACY,ABU DHABI,---,,"ZAID FIRST ST, BESIDE AL MUHAIRY CENTRE",02-6352959
AL NAHDHA PHARMACY,ABU DHABI,---,,"AIRPORT ROAD, NEAR CAPITOL CAFE",02-6333307
AL-SAADA PHARMACY,ABU DHABI,---,,"HAMDAN ST, NEAR LULU CENTRE, ABU DHABI",02-6278313
FUTURE PHARMACY,ABU DHABI,---,,TOURIST CLUB AREA OLD MAJDA ROAD,02-6740090
AL MANARA PHARMACY,ABU DHABI,---,,KHALIFA ST,02-6269966
AL MANARA MALL PHARMACY,ABU DHABI,---,,ABU DHABI MALL,02-6452525
AL MANARA NEW PHARMACY,ABU DHABI,---,,"AL KHALIDYA STREET , ABU DHABI",02-6815080
AL MAZROUI PHARMACY,ABU DHABI,---,,AL NAJDA ST,02-6714007
HANI PHARMACY,ABU DHABI,---,,"HAMDAN ST, BIN HAM BLDG",02-6778501
WESTERN AL AHALIA PHARMACY,ABU DHABI,---,,"NEAR ADCB BANK, OPP POLICE STATION",02-8743180
EASTERN AL AHALIA PHARMACY,ABU DHABI,---,,BANIYAS KABARAT OPP POLICE STATION,02-5856008
MADINAT ZAYED AHALIA PHARMACY,ABU DHABI,---,,NEAR AL ANSARI EXCHANGE,02-8847177
MARFA AL AHALIA PHARMACY,ABU DHABI,---,,"MAIN ROAD, OPP MOSQUE NEAR CO-OP SM",02-8833443
NEW NATIONAL MEDICAL CENTRE PHARMACY,ABU DHABI,---,,SHABIYA NEW MUSSAFAH,02-5520110
NMC PHARMACY,ABU DHABI,---,,MEDINA ZAYED ST,02-6341134
SANDS PHARMACY,ABU DHABI,---,,AL FALAH ST,02-6425688
TAHA PHARMACY,ABU DHABI,---,,OLD PASSPORT ROAD,02-6343447
AL WATHBA PHARMACY (PLANET GROUP),ABU DHABI,---,,"BANIYAS ST., BESIDE COOPERATIVE SOCIETY",02-5834451
NEW AL WATHBA PHARMACY (PLANET GROUP),ABU DHABI,---,,"BANIYAS ST., BESIDE COMMERCIAL BANK OF AUH",02-5823656
MODERN ELITE PHARMACY (PLANET GROUP),ABU DHABI,---,,INSIDE CARREFOUR CITY CENTER AIRPORT ROAD,02-4494209
HEALTH FIRST JOUDY PHARMACY( FORMELY KNOWN AS JUDY PHARMACY ) ( PLANET GROUP ),ABU DHABI,---,,"BEHIND LEBANESE RESTAURANT, AL KHALIDIA ST.",02-6668798
SHAREEF PHARMACY,ABU DHABI,---,,HAMDAN STREET,02-6772691
TALAT PHARMACY,ABU DHABI,---,,AL FALAH ST,02-6316477
TALAT PHARMACY NEW AL MUSSAFAH,ABU DHABI,---,,MUSSAFAH,02-5526909
DAWN CENTRAL PHARMACY ( AHALIA GROUP ),ABU DHABI,---,,HAMDAN STREET,02-6352775
DAWN PHARMACY ( AHALIA GROUP ),ABU DHABI,---,,BANIYAS,02-5831929
NEW ABU DHABI PHARMACY ( AHALIA GROUP ),ABU DHABI,---,,AL FALAH ST,02-6777625
AL RIDA PHARMACY ( AHALIA GROUP ),ABU DHABI,---,,NAJDA STREET,02-6766125
YUSRY PHARMACY,ABU DHABI,---,,AL KHALIDIA STREET,02-6669073
SAAD PHARMACY,ABU DHABI,---,,"HAMDAN STREET,AL YOUSUF CENTRE",02-6277332
ARAFAT PHARMACY,ABU DHABI,---,,SHEIK ZAYED 2ND STREET,02-6352473
WELL CARE PHARMACY,ABU DHABI,---,,ELECTRA AREA,02-6777445
AL DAMAN PHARMACY,ABU DHABI,---,,KHALIFA STREET NEAR TO AL NOOR HOSPITAL,02-6320909
AL QADI PHARMACY & ESTABLISHMENT LLC,ABU DHABI,---,,"KHALIDA AREA OPP. UNION NATIONAL BANK BLDG, SAME BLDG OF YATEEM OPTICALS, ABU-DHABI",02-6344077
STANDARD PHARMACY,ABU DHABI,---,,"MUNICIPALITY BLDG, MUSAFFAH SANNAYIA 37",02-5513394
ZIA PHARMACY,ABU DHABI,---,,"SHABIYA KHALIFA 12, OPP TO UAE EXCHANGE, MUSAFFAH",02-5529220
GHIATHY PHARMACY,ABU DHABI,---,,"GHAYATHI, ABU DHABI",02-8741797
MEDI PRIME PHARMACY,ABU DHABI,---,,"AL FALAH , MEZAR SALEM BLDG",02-6280380
AL ITTIHAD PHARMACY,ABU DHABI,---,,AL DIAR BUILDING,02-6224600
NEW AL DAMAN PHARMACY,ABU DHABI,---,,"HAMDAN STREET ,PO BOX-126941,ABU DHABI",02-6216700
PHILIDELPHIA PHARMACY,ABU DHABI,---,,AIRPORT ROAD,02-4454440
TALAT PHARMACY,ABU DHABI,---,,AL FALAH STREET ABU DHABI,02-6316477
KHALID BIN ALWALEED PHARMACY,ABU DHABI,---,,ELECTRA STREET BEHIND HONDA SHOW ROOM,02-6744661
LIFE CARE INTERNATIONAL PHARMACY,ABU DHABI,---,,"GATE NO. 6,AL RAHA WORKERS VILLAGE ,AL WATHBA,BANIYAS.",02-58586661
AL MANARA PHARMACY - MARINA MALL,ABU DHABI,---,,"GROUND FLOOR MARINA , ABU DHABI",02-6817977
NEW AMREETA PHARMACY,ABU DHABI,---,,"AL NASEER STREET NEAR TO QATAR AIRWAYS,ABU DHABI",02-6661555
HEALTH FIRST AL SADIQ PHARMACY( FORMERLY KNOWN AS AL SADIQ PHARMACY) (PLANET GROUP),ABU DHABI,---,,SHAFIAH KHALIFA - SECTOR # 11 (MUSSAFAH),02-5530036
HEALTH FIRST AL JAZEERAH PHARMACY (FORMERLY KNOWN AS AL JAZEERAH PHARMACY) (PLANET GROUP ),ABU DHABI,---,,"SHAFIAH KHALIFA SECTOR NO.10,MUSSAFAH.",02-5527070
PLANET PHARMACY BR. 1 NPCC (PLANET GROUP ),ABU DHABI,---,,"NPCC - MUSSAFAH WEST 5 (MW5), SECTOR NO. 15A, ABU DHABI",02-5549055
PLANET PHARMACY-BANDAR MALL (PLANET GROUP ),ABU DHABI,---,,BANDAR MALL ABU DHABI.,02-5577611
AL AHALIA CENTRAL PHARMACY (AHALIA GROUP ),ABU DHABI,---,,"HAMDAN STREET ,AHALIA HOSPITAL BLDG.",02-6269545
AL AHLIA HOSPITAL PHARMCY (AHALIA GROUP ),ABU DHABI,---,,"HAMDAN STREET, AHALIA HOSPITAL BLDG.",02-6262666
CAPITAL PHARMCY,ABU DHABI,---,,MUSSAFAH,02-5548068
AL MUSSAFA PHARMACY - BRANCH,ABU DHABI,---,,"MUSSAFAH , ABU DHABI",02-5506693
AL MANARA PHARMACY-KHALIFA CITY,ABU DHABI,---,,"ONE STOP CITY BLDG. KHALIFA CITY A, ABU DHABI",02-5562979
AL MANARA GLOBAL PHARMACY(FORMERLY KNOWN AS AL MANARA PHARMACY- DHALIA BRANCH),ABU DHABI,---,,MINA CO OP. ABU DHABI,02-6734777
AL MANARA INTERNATIONAL PHARMACY,ABU DHABI,---,,"AL NAHYAN COMPOUND, MUROOR STREET, ABU DHABI",02-6814644
RIMA PHARMACY ( PART OF NATIONAL HOSPITAL),ABU DHABI,---,,"SAME BLDG OF NATIONAL HOSPITAL GROUND LEVEL, SALAM STREET ABU DHABI",02-6744214
FARMACIA HOME HEALTHCARE (ASTER),ABU DHABI,---,,SAFEER MALL MUSSAFAH,02-5529395
MODERN DAR AL SHIFA PHARMACY ( ASTER),ABU DHABI,---,,NEAR DANA HOTEL ABU DHABI,02-6446100
MODERN DAR AL SHIFA PHARMACY-MUSSAFA ( ASTER),ABU DHABI,---,,"INDUSTRIAL AREA 9 , MUSSAFA ABU DHABI",02-5538408
AL NOOR PHARMACY - AL MUSSAFAH 2,ABU DHABI,---,,"SHABIYA NO. 10,NEW MUSAFFAH, ABU DHABI ,U.A.E",02-4066868
AL NOOR NEW PHARMACY,ABU DHABI,---,,"MOHAMMAD BIN BUTTI BLDG.,KHALIFA STREET,ABU DHABI U.A.E",02-6139101
AL NOOR PHARMACY LLC- BRANCH,ABU DHABI,---,,AIRPORT ROAD ABU DHABI U.A.E,02-4944598
AL NOOR PHARMACY-MADINAT ZAYED BRANCH 2,ABU DHABI,---,,"AL DHAFRA BLDG. ,AL DHAFRA SPORTS COMPLEX, ABU DHABI U.A.E",02-8848276
LLH PHARMACY AL MUSAFFAH,ABU DHABI,---,,"SANAIYYA,SECTOR 81,MUSSAFFAH",02-5557611
LLH HOSPITAL PHARMACY,ABU DHABI,---,,ELECTRA STREET ABU DHABI,02-6333340
NEW PHARMACY COMPANY WLL,ABU DHABI,---,,"NMC BLDG 3, GROUND FLOOR, SHEIKH ZAYED 2ND STREET, MADINAT ZAYED AREA, ABU DHABI U.A.E",02-6322379
N M C PHARMACY,ABU DHABI,---,,"NMC TOWER GROUND FLOOR, MADINAT ZAYED AREA, ABU DHABI U.A.E",02-6179820
NMC PHARMACY - BRANCH 1,ABU DHABI,---,,"NMC BLDG. 2, GROUND FLOOR,SHEIKH ZAYED 2ND STREET,MADINAT ZAYED AREA, ABU DHABI U.A.E",02-6179143
HEALTH FIRST PHARMACY (ST. REGIS),ABU DHABI,---,,"ST. REGIS BUILDING,SHOP NO. 7,GROUND FLOOR AT ST. REGIS HOTEL ,SADIYAT ISLAND ABU DHABI",02-6219720
AL DAR PHARMACY -YAS,ABU DHABI,---,,YAS ISLAND EAST ABU DHABI,02-5564527
MEDICINE SHOPPE AL WAHDA MALL PHARMACY LLC,ABU DHABI,---,,AL WAHDA MALL ABU DHABI,02-4437788
MEDICINE SHOPPE MAZYAD MALL PHARMACY LLC,ABU DHABI,---,,MAZYAD MALL ABU DHABI,02-5534848
MEDICINE SHOPPE MUSHRIF MALL PHARMACY LLC,ABU DHABI,---,,MUSHRIF MALL AIRPORT ROAD ABU DHABI,02-4470407
MEDICINE SHOPPE MADEENA ZAYED PHARMACY LLC,ABU DHABI,---,,MADEENA ZAYED SHOPPING CENTRE ELECTRA ABU DHABI,02-6588918
MODERN PHARMACY,ABU DHABI,---,,"BESIDE BANK SEDARAT IRAN,AIRPORT ROAD ABU DAHBI",02-6226646
COSMESURGE & EMIRATES HOSPITAL PHARMACY,ABU DHABI,---,,"KARAMA STREET 13,DELMA & KARAMA INTERSECTION ABU DHABI",02-4460065
MARINA PHARMACY AL CORNICHE LLC,ABU DHABI,---,,"ABU DHABI KHALIFA STREET;CENTRAL MARKAET,THE SOUL GROUND FLOOR ABU DHABI",02-6399554
DAR AL SAHIFAA PHARMACY LLC,ABU DHABI,---,,"HAZZAA BIN ZAIYED STREET;HARIB HUMID ABDULLA , AL ZAHEIR BLDG.",02-6411299
MEDICINA PHARMACY,ABU DHABI,---,,"GROUND FLOOR ,BIN BASHEER BLDG.,KHALIFA STREET, ABU DHABI",02-6589543
MEDICINA INTERNATIONAL PHARMACY,ABU DHABI,---,,"SHOP NO. 1,GUNNA HASSAN GUMA HAMED AL ZAHABBI AL JUNAIHI,MURROR STREET ,HANAN AL KHALEEJ",02-4496744
MEDICINA GULF PHARMACY,ABU DHABI,---,,"SHOP NO. 6,NASSER AHMED AL RAISEE BLDG.MURROR ,25TH STREET,HANAN AL EMIRATES ABU DHABI",02-4483454
AL MUNEERA PHARMACY,ABU DHABI,---,,"AL RAHA BEACH,AL MUNEERA ISLAND ,ABU DHABI",02-5513004
BAIN AL QASRAIN PHARMACY,ABU DHABI,---,,"UNIT NO-R.U,14A,GRAND STAND BLDG.,ADNEC,AL KHALEEJ,AL ARABI, ABU DHABI",02-4469300
AL MANARA AL BAHIA PHARMACY,ABU DHABI,---,,"DEERFILED, ALL BAHIA, ABU DHABI",02-5635059
AL MANARA PHARMACY -WORLD TRADE CENTER,ABU DHABI,---,,HAMDAN STREET WTC ABU DHABI,02-6331618
AL MANARA AL RUWAIS PHARMACY,ABU DHABI,---,,AL RUWAIS MALL ABU DHABI,02-8760210
AL MANARA PHARMACY CAPITAL MALL,ABU DHABI,---,,"CAPITAL MALL ,MUSSAFAH ABU DHABI",02-4447642
AL MANARA PHARMACY ALCORNICHE,ABU DHABI,---,,"CORNICHE NATION TOWER, ABU DHABI",02-6675454
NEW CANDLES PHARMACY,ABU DHABI,---,,"AL DHAFRAH CO-OPERATIVE SOCIETY BLDG.,, OPPOSITE NBAD BADA ZAYED",02-8844343
AL SHAFAR PHARMACY LLC,ABU DHABI,---,,"SHOP NO.73,GROUND FLOOR, WORLD TRADE CENTER, THE SOUK ABU DHABI",02-6211911
MEDICINE SHOPPE AL MURUR PHARMACY LLC,ABU DHABI,---,,"YTOWER , ALNHYAN CAMP AREA, MURUR ROAD , ABU DHABI",02-6438330
MEDICINE SHOPPE AL WEHDA MALL PHARMACY 2 LLC,ABU DHABI,---,,"AL WAHDA MALL EXTENSION BLDG., ABU DHABI",02-4437788
MEDICINE SHOPPE KHALIFA A PHARMACY LLC,ABU DHABI,---,,EMPOST BLDG. KHALIFA CITY NEAR SPAR SUPERMARKET,02-5567933
SUPER CARE PHARMACY BRANCH OF ABU DHABI 1,ABU DHABI,---,,"AL SHAMA STREET, GROUND FLOOR, YAS MALL",02-5651654
AL NOOR PHARMACY- AL MAMOURA,ABU DHABI,---,,"JABER TOWERS NO. 158, MAMOURA AREA BEHIND AL NAHYAN CAMP ABU DHABI",02-6728229
ASTER PHARMACIES GROUP LLC - BRANCH OF ABUDHABI 1,ABU DHABI,---,,"AL HAMED BLDG, AL FALAH STREET, BLUE DIAMOND, BEHIND JUMBO ELECTRONICS",02-6437625
ASTER PHARMACIES GROUP LLC - BRANCH OF ABUDHABI 3,ABU DHABI,---,,"BLDG EC-C-19, HMADAN STREET, NEAR LULU INTERNATIONAL EXCHANGE",02-6229870
ASTER PHARMACIES GROUP LLC - BRANCH OF ABUDHABI 2,ABU DHABI,---,,"UNIT 259081 SHOP NO. 2, PRP1259, PROPERTY NAME 6186, PLOT C108, DAR AL THALMIYA,KHALIDIYA,BEHIND AL MUHAIRY CENTRE ABU DHABI",02-6280582
URBAN FLOWER PHARMACY,ABU DHABI,---,,"AIRPORT ROAD, ABU DHABI",02-4419287
AL NOOR HOSPITAL PHARMACY - MARAWAH,ABU DHABI,---,,"GROUND FLOOR,BARAKAH RUWAIS ,WESTERN REGION, ABU DHABI",02-6139271
MEDICINA PHARMACY -BRANCH 1,ABU DHABI,---,,"CAPITAL HOUSE BLDG., AL KHAHEEL AL ARABI STREET ABU DHABI",02-4416232
ASTER PHARMACIES GROUP LLC-BRANCH OF ABU DHABI 4,ABU DHABI,---,,"SHOP NO. 7 & 8, BODEBIS BLDG., DEFENCE ROAD, DEYYAR",02-4478482
NATURAL LIFE PHARMACY LLC,ABU DHABI,---,,"DALMA MALL, SECOND FLOOR, ABU DHABI",02-5535528
SUPERCARE PHARMACY - BRANCH OF ABU DHABI 2,ABU DHABI,---,,"DALMA MALL, AL MUSSAFFA, ABU DHABI",02-6653350
SUPERCARE PHARMACY - BRANCH OF ABU DHABI 3,ABU DHABI,---,,"AL REEF COMMUNITY, AL SHHAMA, ABU DHABI",02-5821044
HEALTH FIRST PHARMACY - BRANCH 9,ABU DHABI,---,,"SHOP SG-02, AL BANDAR BUILDING, AL RAHA BEACH, ABU DHABI",02-5577611
HEALTH FIRST PHARMACY - BRANCH 10,ABU DHABI,---,,"NPCC - MUSSAFAH WEST 5 (MW5), SECTOR NO. 15A, ABU DHABI",02-5549055
HEALTH FIRST PHARMACY - BRANCH 12,ABU DHABI,---,,"SHOP NO : G12,ALFALAH VILLAGE 1,ALFALAH CITY,ABUDHABI",02-6746989
HEALTH FIRST PHARMACY - BRANCH 13,ABU DHABI,---,,"SHOP NO: 417, 4TH FLOOR,DEERFIELDS MALL,ALBAHIA,ABUDHABI",02-5646364
HEALTH FIRST PHARMACY - BRANCH 18,ABU DHABI,---,,"AL RAHBA HOSPITAL,AL SHAHAMA,RAHBA CITY, ABU DHABI",02-5643948
ASTER PHARMACIES GROUP LLC - BRANCH OF ABU DHABI 6,ABU DHABI,---,,"SHABIYA 10, NEAR TO JOY ALUKAS JEWELRY, MUSAFFAH",02-5502429
ASTER PHARMACIES GROUP LLC - BRANCH OF ABU DHABI 5,ABU DHABI,---,,"BLDG. NO. 7, ZAYED STREET ELECTRA",02-4489240
ASTER PHARMACIES GROUP LLC - BRANCH OF ABU DHABI 8,ABU DHABI,---,,"CANON BUILDING, ELECTRA STREET, NEXT TO CBI BANK BUILDING",02-6711831
SPECIALIST PHARMACY,ABU DHABI,---,,ABU DHABI,02-4467434
AL NOOR HOSPITAL PHARMACY - BANIYAS,ABU DHABI,---,,"STREET 25, SECTOR 19, ZONE 321.BANIYAS EAST - 9,OPP TO AL NOOR SCHOOLBANIYAS , ABU DHABI",02-5668907
MEDICLINIC PHARMACY - KHALIFA CITY,ABU DHABI,---,,"#284 VILLA, NEAR POLICE STATION KHALIFA BIN ZAYED CITY A ABU DHABI UAE",02-5574819
LIFE PHARMACY LLC BRANCH 31 BRANCH OF 6 BRANCH OF ABU DHABI 12,ABU DHABI,---,,"UNIT NO. G124, MADINAT ZAYED SHOPPING CENTER, ABU DHABI, UAE",04 5610000
GOLDEN LIFE PHARMACY LLC,ABU DHABI,---,,INSIDE YAS MALL ABU DHABI,04 5610000
IBN SINA PHARMACY L.L.C. - BRANCH 3,ABU DHABI,---,,ABU DHABI - KHALIFA CITY A - OWNER / DEPARTMENT OF MUNICIPAL AFFAIRS (BUILDING C2 - SHOP 3,02-5562140
IBN SINA PHARMACY L.L.C,ABU DHABI,---,,"ABU DHABI, CORNICHE ROAD (SHARQ) - BREAKWATER",02-6815630
IBN SINA PHARMACY L.L.C. - BRANCH 1,ABU DHABI,---,,DANA PLAZA ABUDHABI,02-6678768
IBN SINA PHARMACY L.L.C. - BRANCH 2,ABU DHABI,---,,AL AIN - AL JIMI AREA - BUILDING - AL DAR REAL ESTATE SERVICES COMPANY,03-7620605
IBN SINA PHARMACY L.L.C. - BRANCH 17,ABU DHABI,---,,AL FALAH VILLAGE 2- ABUDHABI,02-5669135
IBN SINA PHARMACY L.L.C. - BRANCH 5,ABU DHABI,---,,DELMA MALL ABUDHABI,02-5512385
IBN SINA PHARMACY L.L.C. - BRANCH 8,ABU DHABI,---,,AL KHALIDYA SPAAR - ABU DHABI,02-6395246
IBN SINA PHARMACY L.L.C. - BRANCH 4,ABU DHABI,---,,MUROR STREET - ABUDHABI,02-4498140
IBN SINA PHARMACY L.L.C. - BRANCH 12,ABU DHABI,---,,"07, THREE SIXTY REAL ESTATE MANAGEMENT BUILDING: ABU DHABI ISLAND, AL REEM ISLAND - PARAGON MALL - DIVISION",02-6585203
LIFE PHARMACY LLC - BRANCH OF ABU DHABI 33,ABU DHABI,---,,"SHOP NO. B08/09- BASEMENT FLOOR, OPPOSITE TO CARREFOUR HYPERMARKET,ÊÊ MARINA MALL, ABU DHABI",04 5610000
LIFE PHARMACY LLC BRANCH 36 - BRANCH OF ABU DHABI 17,ABU DHABI,---,,"UNIT NO: 1, VIEW TOWER, ABU DHABI",04-5610000
LIFE PHARMACY LLC BRANCH 47- BRANCH OF ABU DHABI 29,ABU DHABI,---,,"SHOWROOM 1, SEA FACE TOWER, AL REEM ISLAND, ABU DHABI",04-5610000
LIFE PHARMACY LLC BRANCH 37 - BRANCH OF ABU DHABI 18,ABU DHABI,---,,"UNIT NO: 3 &4, MERMAID TOWER, KHALIDIYA, ABU DHABI",04-5610000
LIFE PHARMACY LLC BRANCH 43 - BRANCH OF ABU DHABI 25,ABU DHABI,---,,"UNIT NO: DT-R3, AL REEF 1 COMMUNITY RETAIL AREA, AL REEF DOWN TOWN",04-5610000
LIFE PHARMACY LLC - BRANCH OF ABU DHABI 1,ABU DHABI,---,,"SHOP: S 002, MEENA AREA, PLOT NO: C 51, SILVERWAVE TOWER, ABU DHABI",04 5610000
LIFE PHARMACY LLC - BRANCH OF ABU DHABI 5,ABU DHABI,---,,"SHOP NO: 2/G02, W 14-2 BUILDING, PLOT C 17, AL GHAITH HOLDING TOWER, AIRPORT ROAD, ABU DHABI",04 5610000
LIFE PHARMACY LLC BRANCH 42 - BRANCH OF ABU DHABI 24,ABU DHABI,---,,"SHOP 2, ADNOC SERVICE STATION, OFFICER CITY 950, RABDAN, ABU DHABI",04 5610000
LIFE PHARMACY LLC BRANCH OF DUBAI - BRANCH OF ABU DHABI 1,ABU DHABI,---,,"SHOP V3B-G-07, AL FALAH VILLAGE & NEIGHBOURHOOD CENTRE, ABU DHABI",04 5610000
LIFE PHARMACY LLC BRANCH OF DUBAI - BRANCH OF ABU DHABI 2,ABU DHABI,---,,"UNIT NO: PR00005-GF-SH2, PR000054-GF-SH5, AL HAMRA BUILDING, AIRPORT ROAD, ABU DHABI",04 5610000
LIFE PHARMACY LLC BRANCH 44 - BRANCH OF ABU DHABI 37,ABU DHABI,---,,"SHOP 01, PLOT C-12, BUILDING NO: 266, AL ZAHIYAH (MODA KHASSA)",04 5610000
LIFE PHARMACY LLC - BRANCH OF ABU DHABI 9,ABU DHABI,---,,"SHEIKHA SALAMA BUILDING, SHOP 01,PLOT C-79, BUILDING NO: P/52, NEAR EMIRATES DISCOUNT MARKET, AL DANAH, ABU DHABI, UAE",04 5610000
ASTER PHARMACIES GROUP LLC- BRANCH OF ABU DHABI 9,ABU DHABI,---,,"SHOP 2, BUILDING 139, AL WATHIQ STREET, SULTAN BIN ZAYED THE FIRST , BESIDE ZEHRAT LEBANON, MUROOR ROAD, ABUDHABI",02-8869464
ASTER PHARMACIES GROUP LLC ABUDHABI BRANCH 11,ABU DHABI,---,,"SHOP NO.2, BUILDING NO.193, NEXT TO ADNOC PETROL STATION, SECTOR E 18_01, AIRPORT ROAD, ABU DHABI, UAE",02-6274688
ASTER PHARMACIES GROUP LLC BRANCH ABU DHABI 10,ABU DHABI,---,,"HEIRS OF DARWISH BIN AHMED BUILDING, SHOP NO:005, ZAYED 1ST ST, ELECTRA STREET, ABUDHABI, UAE",02-8868770
LIFE PHARMACY LLC BRANCH 10 - BRANCH OF ABU DHABI 53,ABU DHABI,---,,"SHOP NO: 2, PLOT C22, DARWISH BIN AHMED BLDG, ELECTRA ST, ABU DHABI, UAE",04-5610000
LIFE PHARMACY LLC BRANCH 17 - BRANCH OF ABU DHABI 63,ABU DHABI,---,,"GF SHOP 01, PLOT C 29-C 42, AL JIMI AVENUE, AL BATEENA AREA,ABU DHABI,UAE",04-5610000
LIFE PHARMACY LLC BRANCH 19 BRANCH OF ABUDHABI 65,ABU DHABI,---,,"SHOP NO#01,ADCP BUILDING P/1135,AL SALAM ST,AL ZAHIYA,ABU DHABI,UAE",04-5610000
LIFE PHARMACY LLC - BRANCH OF ABU DHABI 2,ABU DHABI,---,,"SHOP M#14, FIRST FLOOR, NEAR GREEN CORNER & RASASI PERFURMES, MINA CENTER, AL SUHILIYAH STREET, AL MINA,ABU DHABI,UAE",04-5610000
LIFE PHARMACY LLC BRANCH 16 - BRANCH OF ABU DHABI 77,ABU DHABI,---,,"AL NAHYAN,P 178 ,ABU DHABI,UAE",04-5610000
LIFE PHARMACY LLC - BRANCH OF ABU DHABI 14,ABU DHABI,---,,"SHOP NO: 3, BUILDING B/704, PLOT C182, AL FALAH PLAZA (FORMER BURGER KING), ABU DHABI, UAE",04-5610000
LIFE PHARMACY LLC BRANCH 18 BRANCH OF ABUDHABI 64,ABU DHABI,---,,"SHOP RG-004, AL RAYYANA CENTRE,ABU DHABI,UAE",04-5610000
LIFE PHARMACY LLC - BRANCH OF ABUDHABI 13,ABU DHABI,---,,"SHOP NO: 1, AL BALOUSHI TOWER",04-5610000
LIFE PHARMACY LLC BRANCH OF ABUDHABI 8,ABU DHABI,---,,"UNIT NO#FF05,FIRST FLOOR, ARMED FORCES COOP SOCIETY",04-5610000
LIFE PHARMACY LLC BRANCH 21,ABU DHABI,---,,"SHOP NO#01,ADCP BUILDING P/1370,FARAH TOWER",04-5610000
LIFE PHARMACY LLC BRANCH 12 - BRANCH OF ABU DHABI 55,ABU DHABI,---,,"G02, MURAIJEB TOWER, PLOT C 12, HAMDAN STREET",04-5610000
LIFE PHARMACY LLC BRANCH 39 - BRANCH OF ABUDHABI 96,ABU DHABI,---,,"SHOP NO. 14, BAIT AL SANAN, HAMDAN MAIN STREET,ABU DHABI,UAE",04-5610000
LIFE PHRMACY LLC - BRANCH OF ABUDHABI 6,ABU DHABI,---,,"SHOP NO#01,C1 BUILDING,KHALIFA CITY",04-5610000
LIFE PHARMACY LLC BRANCH OF ABUDHABI 7,ABU DHABI,---,,"RETAIL 03, PLOT C-111, GROUND FLOOR, BLOOM GARDENS, RETAILS B,ABU DHABI,UAE",04-5610000
LIFE PHARMACY LLC BRANCH 15 - BRANCH OF ABU DHABI 76,ABU DHABI,---,,"SHOP NO: 01, 02, & 03, C10 BUILDING",04-5610000
LIFE PHARMACY LLC BRANCH 57 - BRANCH OF ABUDHABI 114,ABU DHABI,---,,"SHOP NO#4,C15,AL ZAHIYA,TOURIST CLUB",04-5610000
LIFE PHARMACY LLC BRANCH 32 - BRANCH OF ABU DHABI 92,ABU DHABI,---,,"C-20 BUILDING (MIDDLE EAST OPTICAL BUILDING), NAVY GATE AREA",04-5610000
Life Pharmacy LLC Branch 56 - Branch of Abu Dhabi 112,ABU DHABI,---,,"SHOP NO#2&3,SOUK STREET,AL SHAHAMA STREET",04-5610000
LIFE PHARMACY LLC BRANCH 27 - BRANCH OF ABUDHABI 87,ABU DHABI,---,,"SHOP NO: FF027, 028 & FF DS07 B",04-5610000
LIFE PHARMACY LLC BRANCH 51 - BRANCH OF ABUDHABI 103,ABU DHABI,---,,"C88 BUILDING, ARADAH STREET, AL NAHYAN",04-5610000
LIFE PHARMACY LLC BRANCH 33 - BRANCH OF ABUDHABI 93,ABU DHABI,---,,"C172 BUILDING ( P/1236 ADCP),SHOP NO 7&8,ME 9 MUSSAFAH",04-5610000
LIFE PHARMACY LLC BRANCH 46 - BRANCH OF ABUDHABI 99,ABU DHABI,---,,"SHOP NO MU 06,MUROOR COMPLEX,AL SAADAH",04-5610000
LIFE PHARMACY LLC BRANCH 53 - BRANCH OF ABUDHABI 1,ABU DHABI,---,,"SHOP NO 2,C13 BUILDING,ZEINA COMMUNITY,AL RAHA BEACH",04-5610000
LIFE PHARMACY LLC BRANCH 24- BRANCH OF ABUDHABI 80,ABU DHABI,---,,"SHOP NO 1,PLOT C161,SECTOR ME-9,ABDULLA ALI YATEEM BILDING,OLD ROYAL BITE",04-5610000
LIFE PHARMACY LLC - BRANCH ABUDHABI 11,ABU DHABI,---,,"SHOP NO 1 ,BANIYAS TOWER,Ê KHALIDIYA AREA",04-5610000
LIFE PHARMACY LLC BRANCH 49 - BRANCH ABUDHABI 101,ABU DHABI,---,,"SHOP NO: 07, ABU DHABI COOPERATIVE SOCIETY, SPAR",04-5610000
LIFE PHARMACY LLC - BRANCH OF ABU DHABI 124,ABU DHABI,---,,"PLOT NO: P2, SHOP NO: M24, MEZZANINE FLOOR, SAEED BIN AHMED AL OTAIBA STREET (NAJDA STREET), ABU DHABI, UAE",04-5610000
ASTER PHARMACIES GROUP LLC BRANCH ABUDHABI 13,ABU DHABI,---,,"SHOP NO-3,C57,DARWISH BIN AHMED BUILDING,AL FALAH STREET, AL DANA EAST , BESIDE TAHA MEDICAL CENTER, ABU DHABI, UAE",02-5858396
ASTER PHARMACIES GROUP L.L.C - BRANCH OF ABU DHABI 14,ABU DHABI,---,,"721,AL MERAIKHI TRADING BUILDING, HAMDAN BIN MOHAMMED ST,BESIDE CHOITHRAMS SUPERMARKET, AL DANAH",02-6350204
ASTER PHARMACIES GROUP L.L.C - ABU DHABI BRANCH 15,ABU DHABI,---,,"37 AL RAWNAQ STREET,MUFLEH AYED HAMED BUILDING, AL NAHYAN",02-6431619
HEALTH FIRST PHARMACY LLC - BRANCH 15,ABU DHABI,---,,"SHOP NO 91,FIRST FLOOR,BAWABAT AL SHARQ MALL,BANIYAS EAST,5TH STREET,NEAR BANIYAS POLICE STATION,ABU DHABI",02-5851992
FAMILY PHARMACY - L.L.C - S.P.C,ABU DHABI,---,,"HAMAD MUHAMMAD ALI AL YABHOUNI AL DHAHERI BLDG.,AL MARAFI STREET, AL DANAH, ABU DHABI CITY",02-6317417
ZEST WELLNESS PHARMACY LLC - BRANCH OF ABU DHABI 1,ABU DHABI,---,,"UNIT 07 & 08, WAITROSE CENTRE, KHALIFA CITY,SW-3, SECTOR 32, THEYAB BIN EISSA ST, ABU DHABI, UAE",02-5653462
ASTER PHARMACIES GROUP L.L.C - BRANCH OF ABU DHABI 17,ABU DHABI,---,,"FF 123, DALMA MALL, AL WAZN ST, ABU DHABI INDUSTRIAL CITY, ICAD I, ABU DHABI",02-5620147
LIFE PHARMACY L.L.C - BRANCH OF ABU DHABI 148,ABU DHABI,---,,"SHOP NO#1,AYA BUILDING,AL NAHYAN,AL HAFIZ STREET",04-5610000
LIFE PHARMACY LLC - BRANCH OF ABU DHABI 19,ABU DHABI,---,,"AL RAHA BEACH, ABU DHABI",04-5610000
LIFE PHARMACY L.L.C - BRANCH OF ABU DHABI 164,ABU DHABI,---,,"G03-R03, BUILDING C11, RT3, SIGMA TOWER,CITY OF LIGHTS, REEM ISLAND, ABU DHABI,UAE",04-5610000
LIFE PHARMACY LLC - BRANCH OF ABU DHABI 172,ABU DHABI,---,,"SHOP NO 1,AL HADH STREET,HADBAT AL ZAFRANAH,ABU DHABI,UAE",04-5610000
LIFE PHARMACY L.L.C - BRANCH OF ABU DHABI 136,ABU DHABI,---,,"ADNOC 165, ADNOC SERVICE STATION, AL RAHBA, ABU DHABI, UAE",04-5610000
LIFE PHARMACY LLC BRANCH 141 - BRANCH OF ABU DHABI 140,ABU DHABI,---,,"C 41 BUILDING ,ADCP P1751,AL MAWAKIB,TOURIST CLUB",04-5615511
LIFE PHARMACY L.L.C - BRANCH OF ABU DHABI 156,ABU DHABI,---,,"UNIT NO#l1-0005,WORLD TRADE CENTRE MALL,AL DANAH,ABU DHABI,UAE",04-5610000
LIFE PHARMACY L.L.C - BRANCH OF ABU DHABI 150,ABU DHABI,---,,"MUSHRIF MALL, ABU DHABI",04-5610000
LIFE PHARMACY LLC BRANCH 135 - BRANCH - BRANCH OF ABU DHABI 1,ABU DHABI,---,,"UNIT NO: 2 IN FATIMA BIN DARWISH BUILDING, AL HISN",04-5610000
LIFE PHARMACY L.L.C - BRANCH OF ABU DHABI 134,ABU DHABI,---,,"SHOP NO#1,C50 BUILDING,MUSSAFAH ME10",04-5610000
LIFE PHARMACY L.L.C - BRANCH OF ABU DHABI 133,ABU DHABI,---,,"PLOT NO#C99,SHOP NO#2,AL MUNTAZAH,GARDENIA BUILDING",04-5610000
LIFE PHARMACY L.L.C - BRANCH OF ABU DHABI 18,ABU DHABI,---,,"UNIT NO#G055,CENTRAL MARKET SOUK,WORLD TRADE CENTRE",04-5610000
LIFE PHARMACY LLC - BRANCH OF ABU DHABI 17,ABU DHABI,---,,"UNIT NO: 3ÊIN P/704 BUILDING, MUSSAFAH ME 10",04-5615520
LIFE PHARMACY L.L.C - BRANCH OF ABU DHABI 130,ABU DHABI,---,,"SHOP NO #1, AL SHAHAMAH",04-5615534
LIFE PHARMACY LLC BRANCH 62 - BRANCH OF ABUDHABI 119,ABU DHABI,---,,"SHOP NO#2,C57,HAZZA AL MANSOORI BUILDING,AL DANAH",04-5615540
LIFE PHARMACY LLC - BRANCH OF ABU DHABI 122,ABU DHABI,---,,"1ST FLOOR,MADINAT ZAYED SHOPPING CENTRE & GOLD CENTRE",04-5615637
LIFE PHARMACY LLC - BRANCH OF ABU DHABI 127,ABU DHABI,---,,"SHOP NO#7, AL FALAH STREET",04-5615532
LIFE PHARMACY LLC BRANCH 55 - BRANCH OF ABUDHABI 111,ABU DHABI,---,,"65, HATTA ST, AL DANAH, ABU DHABI 22217",04-5615697
LIFE PHARMACY LLC BRANCH 22 BRANCH OF ABUDHABI 69,ABU DHABI,---,,"SHOP NO: 01, CITY TOWER, C-20, E-05, KHALIFA BIN ZAYED THE FIRST STREET, AL DANAH",04-5615602
LIFE PHARMACY LLC BRANCH 40 - BRANCH OF ABUDHABI 97,ABU DHABI,---,,"AL NAHYAN, OASIS SUPER MARKET",04-5615613
LIFE PHARMACY LLC BRANCH 50 - BRANCH ABUDHABI 102,ABU DHABI,---,,"FIRST FLOOR,PLOT NO C1,SHOP NO#7,SECTOR MQ8,AL DHAID STREET,RABDAN MALL",04-5615624
LIFE PHARMACY LLC BRANCH 58 - BRANCH OF ABUDHABI 115,ABU DHABI,---,,"UNIT NO G25,GROUND FLOOR,MAZYAD MALL",04-5615584
BRIGHT POINT PHARMACY LLC,ABU DHABI,---,,"NEAR AL JAZIRA STADIUM,MUROOR ROAD ,ABU DHABI",02-5558525
CLEVELAND CLINIC ABU DHABI PHARMACY LLC - SOLE PROPRIETORSHIP LLC,ABU DHABI,---,,"Al Naqam Tower, AI Falah Street, Abu Dhabl",02-5019000
AL AHALIA NATIONAL PHARMACY L.L.C. - BRANCH 1,ABU DHABI,---,,"M 24, MUSAFFAH, NEAR BMW SHOW ROOM, TARIF ROAD",02-5597090
AL AHALIA NATIONAL PHARMACY L.L.C,ABU DHABI,---,,"TARIFF ROAD, M-24, MUSSAFAH",02-8119151
AL DHANNAH HOSPITAL PHARMACY,ABU DHABI,---,,"WESTERN REGION, AL DHANNAH CITY, NEAR AL DHANNAH MALL",02-7071271
NEW PHARMACY COMPANY LTD - BRANCH 2,ABU DHABI,---,,"KHALIFA CITY-PLOT NO. P-1,SE-4,16TH STREETZONE B5,ABU DHBAI",02-6342877
HISN AL DHAFRA PHARMACY (SEHA-ABU DHABI),ABU DHABI,---,,"AL DHAFRA RD, MADINA ZAIED,189, AL DHAFRA REGION 10040",02-4102000
SEHA KIDNEY CARE CENTER - ABU DHABI PHARMACY (SEHA-ABU DHABI),ABU DHABI,---,,ABU DHABI,02-5012925
AL CORNICHE WOMENS HEALTH CENTER PHARMACY (SEHA-ABU DHABI),ABU DHABI,---,,CORNICHE STREET BESIDE SHERATON ABU DHABI,02-6724900
AL MUSHRIF CHILDRENS SPECIALTY CENTER PHARMACY (SEHA-ABU DHABI),ABU DHABI,---,,"MUSHRIF AREA , AIRPORT ROAD NEARBY AL-NAHDA SCHOOL, AUH",02-8191568
SILA HOSPITAL IN PATIENT PHARMACY (SEHA-ABU DHABI),ABU DHABI,---,,"ABU DHABI-SILA ROAD (E 11), AL SILA, ABU DHABILANDMARK: OPPOSITE AL SILA PARK",02-8070000
GAYATHY HOSPITAL IN PATIENT PHARMACY (SEHA-ABU DHABI),ABU DHABI,---,,"RUWAIS, NR RIYATHI, | ABU DHABI | UNITED ARAB EMIRATES",02-8070000
SIR BANIYAS CLINIC PHARMACY (SEHA-ABU DHABI),ABU DHABI,---,,"BANI YAS, ABU DHABI, UNITED ARAB EMIRATES",02-8070000
CORNICHE HOSPITAL PHARMACY - OUTPATIENT (SEHA-ABU DHABI),ABU DHABI,---,,CORNICHE STREET BESIDE SHERATON ABU DHABI,02-6724900
DISEASE PREVENTION AND SCREENING CENTER PHARMACY- ABU DHABI (SEHA-ABU DHABI),ABU DHABI,---,,AL KARAMAH STREET - ABU DHABI,02-7114000
SEHA KIDNEY CARE CENTER - CENTRAL PHARMACY (SEHA-ABU DHABI),ABU DHABI,---,,"ADMINISTRATION OFFICES, 2ND FLOOR), CLOSE TO MAFRAQ HOSPITAL)",02-5012925
BEDA AL MUTAWA MEDICAL CENTER PHARMACY (SEHA-ABU DHABI),ABU DHABI,---,,"GHAYATHI AREA, ABU DHABI",02-8070000
ABU AL ABYAD PHC PHARMACY (SEHA-ABU DHABI),ABU DHABI,---,,"AL GHARBIA HOSPITALS ADMINISTRATION ÊOLD HOSPITAL BUILDING ,MOHAMED KALAF ALMAZROUEI STREET,ÊÊÊ MADIENT ZAYED",02-8070000
BEHAVIORAL SCIENCE PAVILION OUTPATIENT PHARMACY (SEHA-ABU DHABI),ABU DHABI,---,,"KARAMA STREET, ABU DHABI CITY,",02-8190000
AL DHAFRA FAMILY MEDICINE CENTER PHARMACY (SEHA-ABU DHABI),ABU DHABI,---,,"MADINAT ZAYED, ABU DHABI, UNITED ARAB EMIRATES",02-8070000
MADINAT ZAYED HOSPITAL IN PATIENT PHARMACY (SEHA-ABU DHABI),ABU DHABI,---,,"BEDA ZAYED DISTRICT, WESTERN REGION",02-8070000
SHEIKH KHALIFA MEDICAL CITY DRUG STORE (SEHA-ABU DHABI),ABU DHABI,---,,ABU DHABI,02-8190000
AL WAGAN HOSPITAL OUTPATIENT PHARMACY (SEHA-ABU DHABI),ABU DHABI,---,,"2ND STREET, AL WAGAN",03-7017809
BEHAVIORAL SCIENCES PAVILION PHARMACY (SEHA-ABU DHABI),ABU DHABI,---,,"AL KARAMA STREET, BESIDE SHEIKH KHALIFA MEDICAL CITY, AUH",02-8190000
SHEIKH KHALIFA MEDICAL CITY PHARMACY-DIABETIC CLINIC (SEHA-ABU DHABI),ABU DHABI,---,,"KARAMA STREET, ABU DHABI CITY,",02-8190000
CORNICHE HOSPITAL PHARMACY (SEHA-ABU DHABI),ABU DHABI,---,,CORNICHE STREET BESIDE SHERATON ABU DHABI,02-6724900
AL SAMHA HEALTHCARE CENTER PHARMACY (SEHA-ABU DHABI),ABU DHABI,---,,"AL NAHDA WEST, ABU DHABI-AL AIN ROAD, ABU DHABI",02-8116391
AL KHATIM HEALTHCARE CENTER PHARMACY (SEHA-ABU DHABI),ABU DHABI,---,,"MIDDLE REGION ,FRONT OF ABUDHABI NATIONAL BANK NEAR POLICE STATION,BEGINNING OFMUSSAFAH AREA",02-5641192
AL BAHYA HEALTHCARE CENTER PHARMACY (SEHA-ABU DHABI),ABU DHABI,---,,"ABU DHABI-AL AIN ROAD NEAR ADNOC STATION, AL AIN",02-8114571
MADINAT KHALIFA HEALTHCARE CENTER PHARMACY (SEHA-ABU DHABI),ABU DHABI,---,,"16TH ST. KHALIFA A, ABUDHABI",02-4102666
AL MAQTAA HEALTHCARE CENTER PHARMACY (SEHA-ABU DHABI),ABU DHABI,---,,"30TH ST. KHALEEJ AL RABI, MAQTA ROAD, ABU DHABI",02-8113851
AL RAHBA HOSPITAL PHARMACY - INPATIENT PHARMACY (SEHA-ABU DHABI),ABU DHABI,---,,AL RAHBA HOSPITAL,02-5064444
AL RAHBA HOSPITAL PHARMACY - OUTPATIENT PHARMACY (SEHA-ABU DHABI),ABU DHABI,---,,"MIDDLE REGION, AL SHAHAMA STREET, AL RAHBA, AUH",02-5064444
GAYATHY HOSPITAL PHARMACY (SEHA-ABU DHABI),ABU DHABI,---,,"RUWAIS, NR RIYATHI, | ABU DHABI | UNITED ARAB EMIRATES",02-8070000
DELMA HOSPITAL PHARMACY (SEHA-ABU DHABI),ABU DHABI,---,,"WESTERN REGION, DELMA ISLAND, ABUDHABI.",02-8070000
MARFA HOSPITAL PHARMACY (SEHA-ABU DHABI),ABU DHABI,---,,"ABU DHABI-SILA ROAD (E 11), AL MIRFA, ABU DHABILANDMARK: NEAR NATIONAL BANK OF ABU DHABI",02-8070000
LIWA HOSPITAL PHARMACY (SEHA-ABU DHABI),ABU DHABI,---,,"LIWA-MADINAT ZAYED ROAD (E 45 ROAD), LIWA, ABU DHABILANDMARK: NEAR ADNOC PETROL STATION",02-8070000
MADINAT ZAYED HOSPITAL PHARMACY (SEHA-ABU DHABI),ABU DHABI,---,,"MADINAT ROAD, BADA ZAYED, ABU DHABILANDMARK: OPPOSITE AL DHAFRA CO-OPERATIVE",02-8070000
SILA HOSPITAL PHARMACY (SEHA-ABU DHABI),ABU DHABI,---,,"ABU DHABI-SILA ROAD (E 11), AL SILA, ABU DHABILANDMARK: OPPOSITE AL SILA PARK",02-8070000
AL BATEEN HEALTHCARE CENTER PHARMACY (SEHA-ABU DHABI),ABU DHABI,---,,"BANIYAS EAST 10, 16TH STREET, BANIYAS, ABU DHABI",02-8116311
SHEIKH KHALIFA MEDICAL CITY PHARMACY - OUTPATIENT (SEHA-ABU DHABI),ABU DHABI,---,,"KARAMA STREET, ABU DHABI CITY,",02-8190000
SHEIKH KHALIFA MEDICAL CITY ER PHARMACY (SEHA-ABU DHABI),ABU DHABI,---,,"KARAMA STREET, ABU DHABI CITY",02-8190000
SHEIKH KHALIFA MEDICAL CITY PHARMACY - INPATIENT (SEHA-ABU DHABI),ABU DHABI,---,,"KARAMA STREET, ABU DHABI CITY",02-8190000
SAKINA FOR CHILDREN PHARMACY (SEHA-ABU DHABI),ABU DHABI,---,,ABU DHABI,02-4102000
AL ROWDHA FAMILY MEDICINE CLINIC PHARMACY (SEHA-ABU DHABI),ABU DHABI,---,,"11TH STREET, AL KARAMA, ABU DHABI",80050
AL ZAFARANAH DIAGNOSTIC & SCREENING CENTER PHARMACY (SEHA-ABU DHABI),ABU DHABI,---,,"MUROOR RD,MUSHRIF AREA - ABU DHABI",02-7116431
BANIYAS HEALTH CENTER PHARMACY (SEHA-ABU DHABI),ABU DHABI,---,,"EAST BANIYAS, MAFRAQ AREA BEHIND MAFRAQ BRIDGE , CIVIL DEF, AUH",02-8779215
MODERN PHARMACY,AJMAN,---,,CITY CENTRE AJMAN,06-7480066
AL BUSTAN PHARMACY,AJMAN,---,,AL BUSTAN BUILDING OPP.MADINA POLICE STATION,06-7447969
EMIRATES PHARMACY,AJMAN,---,,OPPOSITE TO KUWAIT HOSPITAL NEAR TO LULU HYPERMARKET,06-7474900
AL MUSALLA PHARMACY,AJMAN,---,,BEHIND NATIONAL BANK OF UMM AL QUIWAIN,06-7421271
AL KHALEEJ PHARMACY,AJMAN,---,,"NEAR AL QOUZ TRADE, OPPOSITE IBIN SINA MEICAL CENTER , AJMAN",06-7444189
AL SHIFA PHARMACY,AJMAN,---,,"NEW INDUATRIAL AREA ,AJMAN",06-7481477
METRO MED PHARMACY,AJMAN,---,,"METRO MED CENTRE BLDG, SHEIKH KHALIFA BIN ZAYID ROAD, NUAIMIA AREA, AJMAN",06-7469694
NEW GRAND PHARMACY,AJMAN,---,,"MARIAM BLDG, AL NUAIMIYA, KING FAISAL RD, AJMAN",06-7412588
HEKMAH PHARMACY,AJMAN,---,,"NEAR TO NUAIMIYA TOWERS, AJMAN",06-7466689
ASTER PHARMACY AJMAN,AJMAN,---,,RASHIDIYA AJMAN COOPERATIVE SOCIETY SHOP NO 1,06-7496363
MEDICOM-18 ( AL ALAM PHARMACY ),AJMAN,---,,SAFEER MALL AJMAN,06-7464665
GRAND PHARMACY (ASTER),AJMAN,---,,DANA PLAZA COMPLEX-AJMAN,06-7444840
FIRST CARE PHARMACY,AJMAN,---,,NEAR AL NUIMIA POLICE STATION AL NUIMIA AJMAN,06-7469831
LULU PHARMACY LLC,AJMAN,---,,LULU HYPERMARKET AJMAN,06-7457771
MEDICOM 27 ( ASTER),AJMAN,---,,"SHOP NO. 1, ABDULLAH, ABU SHIHABBUILDING, SHEIKH KHALEEFA STREET AJMAN",06-7412013
SUPERCARE PHARMACY AJMAN,AJMAN,---,,AL JURF STREET. SAFEER HYPERMARKET AJMAN,06-7497255
AL NUAMIA PHARMACY,AJMAN,---,,"AL NUAIMIA AREA , AJMAN U.A.E",06-7467871
AL SAQER PHARMACY,AJMAN,---,,"AL BUSTAN AREA, NEAR U.A.E EXCHANGE ,AJMAN U.A.E",06-7488329
NOUMAN PHARMACY,AJMAN,---,,NEW INDUSTRIAL AREA AJMAN U.A.E,06-7430882
AL SAFA PHARMACY,AJMAN,---,,"AL SWAN AREA,OPPOSITE ELAJ MEDICAL CENTER",06-7444211
AL ENAYA PHARMACY LLC,AJMAN,---,,"NEAR AL HOOTH CENTRE,AL HAMIDIYAH STREET,AL ZAHRA AJMAN",06-7492212
AL EMAN PHARMACY LLC,AJMAN,---,,"SHEIKH KHALIFA BIN ZAYED ROAD ,NEAR DUBAI ISLAMIC BANK AJMAN U.A E",06-7466407
AL MURTADHA PHARMACY,AJMAN,---,,"DAY TO DAY BLDG., SHOP NO. 7,AFTER LULU CENTRE OPPOSITE TO AL MUSALLA SOUK",06-7406038
AL MAMOORA PHARMACY,AJMAN,---,,"SHEIKH RASHID BIN HUMAID ROAD , NEAR GIANT SIGNAL AJMAN",06-7426383
AL NEEM PHARMACY LLC,AJMAN,---,,AL ZAHRA AJMAN,06-7488207
MEDICNA FIRST PHARMACY,AJMAN,---,,"UNION COOP BLDG., AJMAN",06-7472207
ACCESS PHARMACY,AJMAN,---,,"HARAMAIN SOUK, NEW INDUSTRIAL AREA, NEAR TO EMIRATES GAS , AJMAN",06-7462011
AL MAHMID PHARMACY,AJMAN,---,,"KHALIFA STREET , NEAR TO MANAMA SUPER MARKET, BESIDE AL MAHMID GENERAL TRADING AJMAN",06-7475818
MARWA PHARMACY,AJMAN,---,,"NEAR IBIN SINA CLINIC , AJMAN",06-7406571
THUMBAY PHARMACY 1,AJMAN,---,,"MARIYAM,AHMED WOSAEED MOHAMMED AL KITBI BLDG., AL ITTIHAD STREET AJMAN",06-7453771
THUMBAY PHARMACY 3,AJMAN,---,,"SHOP NO.11, AL RAWABI 7 BLDG.,SHEIKH RASHID BIN HUMEED STREET, AL RUMAILAH 1, AJMAN",06-7448605
OZONE PHARMACY LLC (FORMERLY KNOWN AS AL MADAR MEDICAL CENTER PHARMACY ),AJMAN,---,,"GHULAMLASI BLDG. NEAR AJMAN CBI BANK, KHALIFA STREET AL NUAMIYAH AJMAN",06-7410112
THUMBAY PHARMACY,AJMAN,---,,"UMMAR IBNU AL KHATHAB ROAD, AL NAKHEEL AREA AJMAN",06-74707011
THUMBAY PHARMACY 2,AJMAN,---,,"SHARA SHEIKH SAYEED ROAD NEAR ROYAL FURNITURE NUAIMIYA 1, AJMAN",06-7051594
THUMBAY PHARMACY 5,AJMAN,---,,"AL SIWAN, AL ITTIHAD BLDG., BADER STREET AJMAN",06-7454883
THUMBAY PHARMACY 4,AJMAN,---,,"E11, AL ETTIHAD STREET. AL NUAIMIYAH AJMAN",06-56143619
AL NAHRAIN PHARMACY,AJMAN,---,,"SKY TOWER, GROUND FLOOR,SHOP NO. 2,NEAR SAFEER MALL, SHEIK KHALIFA ZAYED ROAD , AJMAN",06-7449144
MEDI PRIME PHARMACY AJM LLC,AJMAN,---,,"GRAND MALL,GROUND FLOOR, AL RASHIDYAH,AJMAN",04-2720720
THUMBAY PHARMACY 14,AJMAN,---,,"NEAR LADIES PARK,BADER STREET, RASHIDIYA 2 ,AJMAN U.A.E",06-7475091
DAJLA PHARMACY,AJMAN,---,,"AL NASSER BUILDING,OPP SHARJAH COOPERATIVE, NEAR AJMAN TV BUILDING, NUAIMIA, AJMAN.",06-7466704
THUMBAY PHARMACY 13,AJMAN,---,,"RASHED MUHAMMED OBAID BIN JARSH BUILDING,NAUMIYEAH-1, BEHIND OLD SOUQ AL MARKAZI,KUWAIT STREETÊ,AJMAN",06-7319494
THUMBAY PHARMACY 15,AJMAN,---,,"AL KENZ HYPERMARKET BLDG.,SHEIKH MAKTOUM BIN RASHID ST., HAMIDIYA AJMAN",06-7450792
THUMBAY PHARMACY 16,AJMAN,---,,"CITY TOWER Ð BLOCK A2, SHEIKH KHALIFA BIN ZAYED ST.,AL NUAIMIA Ð 3, AJMAN",06-7453638
ARABIAN PHARMACY LLC,AJMAN,---,,"CANADIAN BLDG.,GROUND FLOOR ,NEAR AJMAN TRAFFIC & LICENSING DEPT. AL JURF AJMAN",06-7417887
GRAND EMIRATES PHARMACY LLC,AJMAN,---,,"MAJELAN AL MADINA HYPERMARKET BLDG.,GROUND FLOOR NUAIMEYA 3 AJMAN",06-7479711
ORCHID ALRAQAYEB LLC PHARMACY,AJMAN,---,,"NESTO HYPERMARKET,AL RAQAYIB,HAMADIYA,AJMAN U.A.E",0565227928
METRO PHARMACY,AJMAN,---,,"TECTON PLAZA BLDG.,INDUSTRIAL AREA, AL JURF 3, AJMAN U.A.E",06-7469664
ASTER PHARMACY 154,AJMAN,---,,"AL AQAR TOWER 3, SHOP NO -27, RUMAILA-3, AJMAN CORNICH, AJMAN",06-7314840
SHIFA AL JAZEERAH CENTRE PHARMACY-AJMAN,AJMAN,---,,"MUHDDA BUILDING,GROUND FLOOR,FLOOR 1,G+M INDIVISIBLE BUILDING,NEW SANAYA, INDUSTRIAL AREA - 2, AJMAN - U A E.",06-7444830
GALAXY PHARMACY LLC,AJMAN,---,,"SHOP NO.3 - HORIZON TOWER D, SHEIKH RASHID BIN ABDUL AZIZ STREET - RASHIDEYA 1, AJMAN",06-7441886
AL SEHA PHARMACY LLC,AJMAN,---,,"IBRAHIM KHALIFA BUILDING,AL QUDS STREET,GROUND FLOOR,SHOP NO 9 AJMAN",06-7457887
AL GHARAFA PHARMACY LLC,AJMAN,---,,"AL MOSALLA SOUQ,AL BUSTAN, AJMAN",06-7410313
HALA PHARMACY LLC - BRANCH 01,AJMAN,---,,"UNIT NO:58, GROUND FLOOR, ENTRANCE D, AJMAN CITY CENTRE, AJMAN , UAE",04-5610000
MEDICINE HOME PHARMACY LLC,AJMAN,---,,"AL ZAHRA BLDG.,GROUND FLOOR,NEW INDUSTRIAL AREA,AJMAN",06-7485290
ASTER PHARMACY 163 BR OF ASTER PHARMACIES GROUP LLC,AJMAN,---,,"SHOP NO.7, NESTO HYPERMARKET, AL IMAM AL SHAFEE STREET, HAMIDIYA 1, HAMIDIYA, AJMAN",06-5461822
AL RAHA PHARMACY-AJMAN,AJMAN,---,,"DURAA BULDG.,GROUND FLOOR,FLAT NO. 8-9,NEW INDUSTRIAL AREA AJMAN",06-7407560
TOPCARE AL JADEEDA PHARMACY LLC,AJMAN,---,,HAMAD ABDULLA SAEED BIN ALI;GROUND FLOOR;JURF IND.3;AJMAN,06-7455223
MAWJOOD PHARMACY L.L.C,AJMAN,---,,AYISHA MAHMOOD BUILDING;GROUND FLOOR;AL QUDS STREET;AJMAN,06-7429030
AL ZAMAN PHARMACY LLC,AJMAN,---,,AL ZAMAN BUILDING;GROUND FLOOR;AL ZAHRA STREET;AJMAN,06-7487272
AL ABRAAR PHARMACY LLC,AJMAN,---,,LAVENDER TOWER;GROUND FLOOR;EMIRATES CITY;AJMAN,06-7443741
HALA PHARMACY LLC - BRANCH 49,AJMAN,---,,"SHOP NO. 3, RUMAILA, AL SHORAFA TOWER 2, AJMAN -UAE",04-5610000
AL QAMAR PHARMACY,AJMAN,---,,OFFICE NO .2 -MUSCAT STREET -BACK SIDE OF AMINA HOSPITAL - RASHIDEYA 3 - AJMAN,06-7423061
MAZAYA PHARMACY,AJMAN,---,,"SHEIKH KHALIFA BIN ZAYED ROAD, AL NUAIMIA, AJMANLANDMARK: OPPOSITE RAMADA HOTEL & SUITES",06 7468481
MEDON PHARMACY LLC,AJMAN,---,,"OPP: ADNOC PETROL STATION, SHEIKH AMMAR BIN HUMAID STREET-AL HAMIDIYA-AJMAN",06-7491188
PRISTINE PHARMACY LLC,AJMAN,---,,"AJMAN BANK PROPERTY BUILDING ,GROUND FLOOR,RASHIDIYA 3 AJMAN",06-7497547
AL DIAA PHARMACY LLC,AJMAN,---,,"FATHIMA KHALIFA BLDG .,GROUND FLOOR SHOP NO. 5,BADAR STREET-1,RASHIDEYA-3",06-7452869
HALA PHARMACY LLC - BRANCH 50,AJMAN,---,,"PLOT NO: 1133, MARWA BUILDING, RAWDA 2, SOUTHERN SECTOR, AL ZAHRA AREA, AJMAN",04 5610000
LIFE PHARMACY LLC - BRANCH 62,AJMAN,---,,"SHOP NO; 1, 2 & 4, AL ARYAM TOWER, PLOT NO: 0191, NUEIMIA, AJMAN, UAE",04-5610000
LIFE PHARMACY 28-BR OF LIFE PHARMCY LLC,AJMAN,---,,"SHOP NO. 1 & 2, SHAMEKHA BUILDING, PLOT NO. 0024, NUAIMEYA 3, AJMAN",04-5610000
JABAL SINA PHARMACY LLC,AJMAN,---,,"ESCAPE TOWER GROUND FLOOR,SHOP NO. 1, SHEIKH RASHID BIN HUMAID STREET,AJMAN",06-7402255
AL ADIL PHARMACY LLC,AJMAN,---,,"G-1(GROUND FLOOR), AQAAR JURF3 BUILDING, UNIVERSITY STREET, HAMIDIYA 1, AJMAN",06-7450755
AL NAJEM PHARMACY,AJMAN,---,,"EXHIBITION - SHOWROOM NO: 9 AJMAN NEW INDUSTRIAL AREA 2, AJMAN UAE",06-7468070
LIFE PHARMACY LLC- BRANCH 32,AJMAN,---,,"SHOP GF 5&6, NESTO HYPERMARKET, AL TALLAH, AJMAN",04-5610000
HALA PHARMACY LLC- BR 54,AJMAN,---,,"SHOP NO: 4 & 5, EMARATS MARKET, AJMAN, UAE",04-5610000
AL NOOR PHARMACY LLC,AJMAN,---,,"BABEL TOWER , SHOP NO 3 NUAIMIYA 1 AJMAN",0521522219
ELAJ MEDICAL CENTRE PHARMACY L.L.C,AJMAN,---,,"OPPOSITE AJMAN, ONE TOWER - SHEIKH RASHID BIN HUMAID ROAD - AL RUMAILAHAL RUMAILAH 3 - AJMAN",06-7466300
ELAJ MEDICAL CENTRE PHARMACY L.L.C - 01,AJMAN,---,,"37 COLLEGE ST - NUAIMIYA 2, AJMAN",06-5460009
ORIANA PHARMACY 3,AJMAN,---,,"AL JURF INDUSTRIAL AREA,AJMAN",06-5918888
ALYA PHARMACY LLC,AJMAN,---,,"HALA MEDICAL CENTER, NEAR NESTO ,AJMAN",0543905472
TOP CARE PLUS PHARMACY LLC,AJMAN,---,,"SHOP 1,SOUK AL MUBARAK HYPERMARKET BUILD, JURF IND-1",06-7680006
BAIT AL NEEM PHARMACY LLC,AJMAN,---,,"SHOP NO4,DONUT TIME BUILD,NEAR BOUNTY SWEETS, SHIEKH AMMAR STREET, AL RAWDA- 3",06-5454019
DOCTOR SALIM PHARMACY LLC,AJMAN,---,,"RASHID BIN HUMAID STREET,AJMAN ,FAKHRUDDIN BUILDING,RUMAILA 1,AJMAN ,SHOP NO 9",06-7458052
LIFE PHARMACY L.L.C - BRANCH 38,AJMAN,---,,"UNIT 03, PLOT 0840, AL RASHIDYA 1, SRS TOWERÊ , SHEIKH KHALIFA BIN ZAYED STREET , AJMAN UAE",04-5610000
LIFE PHARMACY L.L.C - BRANCH 36,AJMAN,---,,"UNIT NO 01,ETIHAD TOWER,AJMAN,UAE",04-5610000
LIFE PHARMACY L.L.C - BRANCH 37,AJMAN,---,,"UNIT#G20,AL JURF MALL,AJMAN COOPERATIVE SOCIETY, AJMAN UAE",04-5610000
ORCHID AL RGAYEB PHARMACY LLC,AJMAN,---,,"GROUND FLOOR SHOP NO. 8 NESTO HYPERMARKET AL RAGAYEB BUILDING,AL RAGAYEB 1 AJMAN UAE",06-7432004
AIWA PHARMACY LLC BRANCH 01,AJMAN,---,,"MANGO HYPERMARKET BLDG.,EMIRATES CITY MALL AJMAN, UAE",06-7428300
FAITH CAP 2 PHARMACY LLC,AJMAN,---,,"BUILDING NO. 3790 NEAR RASHID ALI CAFETERIA OPP. SUSTAINABLE CITY ,AL YASMEEN ST. EASTERN SECTOR , AL YASMEEN AJMAN",06-7413114
AIWA PHARMACY LLC,AJMAN,---,,"PLOT NO. 2 UNIT 2 GROUND FLOOR ,AJMAN CITY CENTRE SECTOR RASHIDEYA 3 NEAR KM TRADING LLC AJMAN, UAE",06-7445575
LIFE PHARMACY LLC BR 34,AJMAN,---,,"SHOP NO#G07,GROUND FLOOR,RUMAILA BRANCH,AJMAN COOP,AJMAN,UAE",04-5610000
LIFE PHARMACY L.L.C - BRANCH 31,AJMAN,---,,"PLOT# 2378, SHOP NO: 02,03,04,05",04-8365774
LIFE PHARMACY L.L.C - BRANCH 33,AJMAN,---,,"KENZ HYPERMARKET, SHEIKH MAKTOUM BIN RASHID ST, AL HAMIDIYA 1",04-5615559
LIFE PHARMACY L.L.C - BRANCH 29,AJMAN,---,,"ENOC Site 1204, Unit 2 (Rest 2), Al Tallah 2 (Unit next to ENOC station),",04-5610000
AL SANAIYA PHARMACY-SOLE PROPRIETORSHIP LLC,AJMAN,---,,GROUND FLOOR JURF IND - SHOP NO. 8 & 9 - SHEIKH AMMAR BIN HUMAID ST - AREA 1 - AJMAN,06-7310058
AL NAHRAIN PHARMACY 1 LLC,AJMAN,---,,"OFFICE 03, HELIO 2, AL HELIO 2",06-7449207
LIFE PHARMACY L.L.C - BRANCH 42,AJMAN,---,,"SHOP NO 01,MARK AND SAVE HYPERMARKET,AL RASHIDYA,AJMAN,UAE",04-5610000
LIFE PHARMACY L.L.C - BRANCH 47,AJMAN,---,,"SAFEER HYPERMARKET, SHEIKH MAKTOUM BIN RASHID ST - AL JERF 2 - AJMAN",04-5610000
LIFE PHARMACY L.L.C - BRANCH 43,AJMAN,---,,"PLOT NO: 0268, SHOP NO: 25, AJMAN CORNICHE RESIDENCES, RUMAILA 2, AJMAN,UAE",04-5610000
LIFE PHARMACY L.L.C - BRANCH 40,AJMAN,---,,"SHOP 06, THE VILLAGE, SAFIA, PLOT 0001, CITY CENTER, AJMAN",04-5610000
MEDI CARE PHARMACY LLC,AJMAN,---,,"NEAR AIN AL MADINA HYPERMARKET, LUCKY R/A,AJMAN",0524423006
POLY CLINIC PHARMACY (SEHA-ABU DHABI),AJMAN,---,,"TAWAM CAMPUS, MAQAM STREET",03-7074671
THUMBAY PHARMACY 18,AJMAN,---,,"THUMBAY DENTAL HOSPITAL BLDG.,RASHID AL KHADAR STREET,AL JURF 1,AJMAN",06-7119111
SHAMS MAKKAH PHARMACY LLC,AJMAN,---,,"SHOP NO-9, AL KHAJA BUILDING AL QUDS ROAD, RASHIDEYA -3, AJMAN",06-7445006
AURA PHARMACY L.L.C,AJMAN,---,,"SHOP NO:22, JURF INDUSTRIAL AREA 2, AJMAN, UNITED ARAB EMIRATES",06-5265455
SHIFA ALJZEERAH CENTRE PHARMACY - L.L.C - BRANCH 01,AJMAN,---,,"JURF 1, 397 / 3 , GROUND FLOOR, AJMAN",06-7677511
AL NASR PHARMACY,AL AIN,---,,"BESIDE AL HAYATT CENTER, MAIN ST",03-7655771
HEALTH FIRST NATIONAL PHARMACY( FORMERLY KNOWN AS AL WATANIA PHARMACY ) -(PLANET GROUP ),AL AIN,---,,"MAIN ST, NEAR SNOW WHITE SHOW ROOM",03-7662131
MUBARAK PHARMACY,AL AIN,---,,OLD IMMIGRATION ROAD,03-7515992
AL KHALEEJ PHARMACY,AL AIN,---,,NEAR POLICE ROUND ABOUT,03-7644842
AL AIN PHARMACY (AL AIN GROUP),AL AIN,---,,KHALIFA BIN ZAYED STREET,03-7655120
NEW AL AIN PHARMACY( AL AIN GROUP),AL AIN,---,,MUWAJI AREA,03-7554440
AL AIN MODERN PHARMACY LL (AL AIN GROUP),AL AIN,---,,"AL SAFA ,OPPOSITE IMIGRATION DEPT. AL AIN",03-7628919
TAIBAH ALAIN PHARMACY- LLC ( AL AIN GROUP),AL AIN,---,,"JIMI AREA, BEHIND AL AIN GOVERNMENT HOSPITAL",03-7544088
NATIONAL AL AIN PHARMACY ( AL AIN GROUP),AL AIN,---,,HILI AREA IN AL SAFA COMMERCIAL CENTRE,03-7627116
AL SANAIYA PHARMACY,AL AIN,---,,"MAIN STREET, AL AIN",03-7657105
AL RAFA PHARMACY (MOOPENS GROUP),AL AIN,---,,"KHALIFA STREET ,NEAR GOLDEN FORK RESTAURANT AL-AIN",03-7657006
FALAJ HAZZA PHARMACY,AL AIN,---,,FALAJ HAZZA -NEAR ZAYED INSTITUTE FOR SPECIAL NEEDS ORGNITION.,03-7806111
AL MANARA PHARMACY -AL AIN BRANCH,AL AIN,---,,AL AIN MALL ABU DHABI UAE,03-7516670
AL AIN AL AHLIA PHARMCY,AL AIN,---,,AL AIN AREA,03-7557979
AL NOOR MEDICAL COMPANY - AL NOOR PHARMACY LLC BRANCH,AL AIN,---,,"AL MADA COMPLEX, KHALIFA STREET AL AIN",03-7060104
AL NOOR MEDICAL COMPANY- AL NOOR PHARMACY INPATIENT,AL AIN,---,,"AL MADA COMPLEX, KHALIFA STREET AL AIN",03-7060374
AL NOOR PHARMACY LLC-BRANCH MIDTOWN,AL AIN,---,,"AL MASSA HOTEL BLDG.,MAIN CITY CENTER AL AIN",03-7060405
AL NOOR PHARMACY MIDTOWN- AL YAHAR,AL AIN,---,,"HAMAD SAIF MOHD AL AMRI BLDG.,AL AIN AL YAHAR ABU DHABI",03-7819060
AL MANARA PHARMACY AL BAWADI MALL,AL AIN,---,,"AL BAWADI MALL ,MAZYAD STREET, AL KHOURER AL AIN",03-7848802
HEALTH FIRST AL AIN PHARMACY (SOUQ EXTRA - AL AIN) (PLANET GROUP),AL AIN,---,,"SOUQ EXTRA MALL, GROUND FLOOR , AL BATEEN , AL BATEEN , SOUQ EXTRA MALL , AL AIN ,UAE",03-7804288
AL AIN CENTRAL PHARMACY LLC,AL AIN,---,,"MNASZEW BUILDING, OBAID SAIF, MOHAMMED ZAITOUN, AL MUHAIRI ABU DHABI",03-7227515
ADVANCED AL AIN PHARMACY (AL AIN GROUP ),AL AIN,---,,"HILTON STREET SAROOJ, AL AIN",03-7513960
COOP AL AIN PHARMACY (AL AIN GROUP ),AL AIN,---,,AL AIN COOP MANASEER AL AIN,03-7675073
BAWADI AL AIN PHARMACY (AL AIN GROUP ),AL AIN,---,,MEZYAD BAWADI MALL AL AIN,03-7840410
SAMA AL AIN PHARMACY (AL AIN GROUP ),AL AIN,---,,AYLA HOTEL AL AIN,03-7619858
NEW MEDICAL CENTER PHARMACY LLC-AL AIN-NMC,AL AIN,---,,"NEW MEDICAL CENTRE SPECIALITY HOSPITAL BUILDING,GROUND FLOOR, OPPOSITE POLICE HEAD QUATERS , NEAR ZAYED SCHOOL, AL AIN",03-7030382
AL MANARA PHARMACY BOUTIK MALL,AL AIN,---,,BOUTIK MALL ABU DHABI,03-7644117
NEW MEDICAL CENTER PHARMACY - LLC -AL AIN NMC - BRANCH 1,AL AIN,---,,"NEW MEDICAL CENTER LLC, GROUND FLOOR, AL WADI TRADING BLDG., PLOT NO. 230, SECTOR SHIEBAT AL SALAM, ZONE SANAIYA , AL AIN",03-7674404
AL MADAR MEDICAL CENTER PHARMACY,AL AIN,---,,"AL KHBISI ,NEAR JOHARA DUBAI ISLAMIC BANK AL AIN",03-7621414
GOLDEN LIFE PHARMACY LLC,AL AIN,---,,"SHOP G578, GROUND FLOOR, AL AIN MALL. AL AIN",03-7221676
HEALTH FIRST PHARMACY BRANCH 14,AL AIN,---,,"SHOP NO F14,ZAYED BIN SULTHAN STREET,BARARI OUTLET MALL AL AIN",03-7675176
MEDICLINIC PHARMACY - AL AIN - BRANCH 5,AL AIN,---,,"JOHARA DUBAI ISLAMIC BANK, AL KHABISI",03-7621414
MEDICLINIC PHARMACY - ALAIN - BRANCH 3 (FORMERLY KNOWN AS AL NOOR PHARMACY - MIDTOWN - BRANCH 3),AL AIN,---,,"CIVIC CENTER, AL AIN, UAE",03-7051781
LIFE PHARMACY LLC BRANCH 41 - BRANCH OF ABU DHABI 104,AL AIN,---,,"INSIDE CARREFOUR , AL JIMI MALL, AL AIN, UAE",04-5610000
LIFE PHARMACY LLC BRANCH 35 - BRANCH OF ABU DHABI 58,AL AIN,---,,"AL AIN MALL,SECOND FLOOR,SHOP NO#S022,ABU DHABI,UAE",04-5610000
LIFE PHARMACY LLC BRANCH 26 - BRANCH OF ABU DHABI 86,AL AIN,---,,"AL AIN MALL,GROUND FLOOR,SHOP NO#G144,ABU DHABI,UAE",04-5610000
LIFE PHARMACY LLC BRANCH 38 - BRANCH OF ABUDHABI 95,AL AIN,---,,"SHOP NO: 03, PROPERTY NO: 136, KHALIFA BIN ZAYED STREET,",04-5610000
LIFE PHARMACY LLC BRANCH 25 - BRANCH OF ABUDHABI 85,AL AIN,---,,"AL NEYADI BUILDING,TOWN CENTER,Ê CENTRAL DISTRICT",04-5610000
LIFE PHARMACY LLC BRANCH 34 - BRANCH OF ABU DHABI 57,AL AIN,---,,"INSIDE CARREFOUR , BAWADI MALL, AL AIN, UAE",04-5610000
LIFE PHARMACY LLC BRANCH 52 - BRANCH OF ABUDHABI 105,AL AIN,---,,"INSIDE CARREFOUR , BAWADI MALL, AL AIN, UAE",04-5610000
LIFE PHARMACY LLC BRANCH 28 - BRANCH OF ABU DHABI 88,AL AIN,---,,"SHOP NO: 11, AL WAHA MALL AL FALAH STREET - ABU OBAIDA BIN AL JARRAH STREET, AL AIN, ABUDHABI",04-5610000
LIFE PHARMACY LLC BRANCH 61 - BRANCH OF ABUDHABI 118,AL AIN,---,,"SHOP NO: 01, MUBARAK AL KHAILY AL HAWASH BUILDING, TOWN CENTER",04-5610000
LIFE PHARMACY LLC - BRANCH OF ABU DHABI 123,AL AIN,---,,"SHOWROOM 01, PLOT NO: 64, NEAR AL YAHAR MALL, AL AAMERAH ST., AL AIN, ABU DHABI",04-5610000
ASTER PHARMACIES GROUP L.L.C (BRANCH OF DUBAI) BRANCH OF ABU DHABI 12,AL AIN,---,,"SHOP N0.118,PLOT NO-113, HAMAMA BINT SAIF ALMAZROOI'S BUILDING, ABU BAKER AL SIDDIQ ST,OPPOSITE BABY MART SHOP, CENTRAL DISTRICT AL AIN",03-7620142
ASTER PHARMACIES GROUP L.L.C - BRANCH OF ABU DHABI 16,AL AIN,---,,"105, BUILDING-PRP74990,SALAHUDDEEN AL AYOUBI ST,CENTRAL DISTRICT, AL AIN, ABU DHABI",03-7342126
LIFE PHARMACY L.L.C - BRANCH OF ABU DHABI 155,AL AIN,---,,"SHOP NO#2,AL AIN TOWER",04-5610000
OUTPATIENT PHARMACY SHEIKH TAHNOON BIN MOHAMMED MEDICAL CITY (SEHA-ABU DHABI),AL AIN,---,,ALAIN,03-7677444
OUTPATIENT PHARMACY-SHEIKH TAHNOON BIN MOHAMMED MEDICAL CITY REHABILITATION HOSPITAL (SEHA ABUDHABI),AL AIN,---,,ALAIN,03-7677444
ONCOLOGY OUTPATIENT PHARMACY (SEHA-ABU DHABI),AL AIN,---,,"TAWAM CAMPUS, MAQAM STREET",03-7075940
AL FALAH HEALTHCARE CENTER PHARMACY (SEHA-ABU DHABI),AL AIN,---,,ABU DHABI,02-7115072
AL TOWAYYA CHILDRENS SPECIALTY CENTRE PHARMACY (SEHA-ABU DHABI),AL AIN,---,,"111TH ST. AL TOWAYYA, AL AIN",80050
SEHA KIDNEY CARE CENTER - AL AIN PHARMACY (SEHA-ABU DHABI),AL AIN,---,,"TAWAM, NEAR ABELA SUPERMARKET, AL AIN - ABU DHABI",03-7072993
MADINAT MOHAMED BIN ZAYED HEALTHCARE CENTER PHARMACY (SEHA-ABU DHABI),AL AIN,---,,"ZONE 15, MBZ , ABU DHABI",80050
DISEASE PREVENTION AND SCREENING CENTER PHARMACY- AL AIN (SEHA-ABU DHABI),AL AIN,---,,"SHAKHBOOT BIN SULTAN STREET (#131), OPPOSITE AL AIN HOSPITAL, AL AIN - ABU DHABI",03-7627777
WEST POLYCLINIC ALAIN HOSPITAL PHARMACY (SEHA-ABU DHABI),AL AIN,---,,AL AIN,03-7022000
AL HAYER HEALTHCARE CENTER PHARMACY (SEHA-ABU DHABI),AL AIN,---,,"EASTERN AL AIN REGION, DUBAI -AL AIN HIGH WAY , AL HAYER AREA BESIDE AL HAYER SCHOOL, AL AIN",03-7321511
AL SHWAIB HEALTHCARE CENTER PHARMACY (SEHA-ABU DHABI),AL AIN,---,,"AL SHUWAIB AREA, AL AIN",03-7323302
AL FAQA HEATHCARE CENTER PHARMACY (SEHA-ABU DHABI),AL AIN,---,,"AL FAQA AREA, AL AIN",03-7331122
REMAH HEALTHCARE CENTER PHARMACY (SEHA-ABU DHABI),AL AIN,---,,"129TH ST. THANOON BIN ZAYED AL AWWAL, AL AIN",03-7462481
AL KHAZNA HEALTHCARE CENTER PHARMACY (SEHA-ABU DHABI),AL AIN,---,,"AL KHAZNA AREA, AL AIN",02-5661350
ALAIN HOSPITAL INPAITENT PHARMACY (SEHA-ABU DHABI),AL AIN,---,,AL JIMI DISTRICT SHAKHBOOT IBN SULTAN STREET,03-7022000
TAWAM HOSPITAL OUTPATIENT PHARMACY (SEHA-ABU DHABI),AL AIN,---,,"TAWAM CAMPUS, MAQAM STREET",03-7074146
AL WAGAN HOSPITAL PHARMACY (SEHA-ABU DHABI),AL AIN,---,,"2ND STREET, AL WAGAN",03-7017718
NEIMA HEALTHCARE CENTER PHARMACY (SEHA-ABU DHABI),AL AIN,---,,106TH ST. OMAR BIN AL KHATTAB,03-7461541
AL JAHLI HEALTHCARE CENTER PHARMACY (SEHA-ABU DHABI),AL AIN,---,,"JAHLI DISTRICT 16, AL AIN",03-7462021
TAWAM HOSPITAL PHARMACY- MAIN BUILDING (SEHA-ABU DHABI),AL AIN,---,,"TAWAM CAMPUS, MAQAM STREET",03-7074682
AL QUAA HEALTHCARE CENTER PHARMACY (SEHA-ABU DHABI),AL AIN,---,,"EASTERN AL AIN REGION, BORDER OF OMAN ,AL QUA , AUH",03-746 2321
AL HILI HEALTHCARE CENTER PHARMACY (SEHA-ABU DHABI),AL AIN,---,,"NDOOD JHAM, HILI, AL AIN",03-7845328
AL MUWEIJI HEALTHCARE CENTER PHARMACY (SEHA-ABU DHABI),AL AIN,---,,"AL MUWEIJI AREA, AL AIN",03-7678864
AL MAQAM HEALTHCARE CENTER PHARMACY (SEHA-ABU DHABI),AL AIN,---,,"23RD ST. AL MAQAM DISTRICT, EASTERN AL AIN REGION, AL MAQAM AREA, AL AIN CITY",02-8114000
AL AAMERAH HEALTHCARE CENTER PHARMACY (SEHA-ABU DHABI),AL AIN,---,,"AL JAHILI, DOWNTOWN AL AIN NEXT TO MEGAMART JAHLI",03-7462561
MEZYAD HEALTHCARE CENTER PHARMACY (SEHA-ABU DHABI),AL AIN,---,,"22ND SHIEK MAKTOUM ROAD, NEW SAMHA, ABU DHABI",02-8114321
AL NIYADAT HEALTHCARE CENTER PHARMACY (SEHA-ABU DHABI),AL AIN,---,,"AL NEYADAT HEALTHCARE CENTE, ABU DHABI",02-4102000
ZAKHER HEALTHCARE CENTER PHARMACY (SEHA-ABU DHABI),AL AIN,---,,"EASTREN REGION, ZAKHER AREA, AAN",03-7828042
INPATIENT PHARMACY -SHEIKH TAHNOON BIN MOHAMMED MEDICAL CITY (SEHA-ABU DHABI),ALAIN,---,,ALAIN,03-7677444
AL SHAMKHA HEALTHCARE CENTER PHARMACY (SEHA-ABU DHABI),ALAIN,---,,"AREA 20, 31ST ST. ABU DHABI-SWEIHAN ROAD, SHAMKA",02-8114654
BAIT AL SHIFAA NEW PHARMACY,DUBAI,---,,"NEW AL SAFIYA BLDG.,MEZZANINE FLOOR,OPPOSITE ABU HAIL METRO STATION,HOR AL ANZ ,DEIRA DUBAI",04-2666464
CITY PHARMACY,DUBAI,---,,AL RIGGA ROAD BESIDE LAL'S SUPERMARKET,04-2240566
YACOUB PHARMACY,DUBAI,---,,"BANK ST, BUR DUBAI",04-3523332
ALIA PHARMACY,DUBAI,---,,"MARAKABAT ROAD, DEIRA",04-2692994
GOLDEN SANDS PHARMACY,DUBAI,---,,"NEAR TO SPINNEYS, RAMADA,BUR DUBAI",04-3511444
SONDOS PHARMACY,DUBAI,---,,"DIYAFAH ROAD, SATWA",04-3460660
UNION PHARMACY,DUBAI,---,,"RAFA ROAD, BUR DUBAI",04-3935619
AL MUSALLA PHARMACY,DUBAI,---,,"KHARBASH BUILDING, JUMERIAH ROAD, UMM SUQEM 1, DUBAI, UAE",04-3284548
WEST HILL PHARMACY,DUBAI,---,,"NEAR AL MANSOUR VIDEO, KARAMA",04-3377131
AL-FEHAIDI PHARMACY,DUBAI,---,,"AL - FEHAIDI STREET, BUR DUBAI",04-3535335
MANKHOOL PHARMACY,DUBAI,---,,"OPP SUN RISE SUPERMARKET, KARAMA",04-3377329
AL IMAN PHARMACY,DUBAI,---,,"NEAR NAIF SIGNAL, DEIRA",04-2723240
MODERN PHARMACY,DUBAI,---,,"BANIYAS STREET, AL MAKTOUM ROAD DEIRA DUBAI",04-2223879
AL AMEEN PHARMACY,DUBAI,---,,"FREEJ MURAR, NAIF AREA, DEIRA",04-2713695
NAEEM PHARMACY,DUBAI,---,,"NAKHEEL ROAD, DEIRA",04-2212310
AL RAWDHA PHARMACY,DUBAI,---,,"CLOCK TOWER, NEAR NAJAF RESTURANT",04-2940786
AL SHIHHE PHARMACY,DUBAI,---,,"RASHED ROAD, HOR AL ANZ",04-2726899
AL NASEEM PHARMACY,DUBAI,---,,"QUSAIS MANZIL AL QUSAIS 1ST Ð 232, DUBAI",04-2635277
ROKN AL MEZHER PHARMACY,DUBAI,---,,"GHUSAIS ROAD, GHUSAIS",04-2635469
MEDICOM-5 (EMIRATES CO-OP SOCIETY PHARMACY ),DUBAI,---,,"EMIRATES CO-OPERATIVE SOCIETY, AL TOWAR",04-2649929
MEDICOM-4 (TOWN PHARMACY),DUBAI,---,,"TOWN CENTRE, JUMEIRAH",04-3440077
AL WASL PHARMACY,DUBAI,---,,"MERCATO CENTER, JUMEIRAH",04-3448333
STARS PHARMACY,DUBAI,---,,"FRIJ AL MURAR, DEIRA",04-2727223
AL KAUSAR PHARMACY,DUBAI,---,,"KHALID BIN WALEED RD, NEXT TO PALM BEACH HOTEL",04-3938485
ASIA PHARMACY,DUBAI,---,,"OFF AL FAHIDI ST, NEXT TO CHOITHRAM, BUR DUBAI",04-3527183
ZULEKHA PHARMACY( NOT PART OF ZULEKHA HOSPITAL GROUP),DUBAI,---,,"BEHIND RAFA POLICE STATION, BUR DUBAI",04-3934757
ARABIAN HOME PHARMACY,DUBAI,---,,"OUD METHA ROAD, OPP RASHID HOSPITAL",04-3373634
GULF PHARMACY,DUBAI,---,,"AL NAHDA, AL GHUSAIA, DXB",04-2838006
IBN ROSHD PHARMACY,DUBAI,---,,"AL MINA ROAD, NEXT TO CAPITOL HOTEL",04-3454578
SHINDAGA PHARMACY (ASTER GROUP),DUBAI,---,,SHINDAGA CARREFOUR COMPLEX,04-3933889
AL JUMA PHARMACY (ASTER GROUP),DUBAI,---,,"OPP LULU SUPERMARKET, KARAMA",04-3348981
SHIFA PHARMACY (ASTER GROUP),DUBAI,---,,"KARAMA RESIDENTIAL AREA, NEXT TO UNION MEDICAL CENTRE",04-3969469
SAHARA PHARMACY,DUBAI,---,,"OPP DUBAI GRAND HOTEL, GHUSAIS",04-2638485
EHSAAN PHARMACY (ASTER GROUP),DUBAI,---,,"OPP TALAL SUPERMARKET, AL SHAAB AREA, DEIRA",04-2975986
AMAAN PHARMACY,DUBAI,---,,"LULU VILLAGE, AL MUHAISNAH, GHUSAIS",04-2647264
FAITH PHARMACY LLC,DUBAI,---,,"MOHAMMED AHMED BUILDING, NEAR AL FUTTAIM MASJID, NAIF ROAD, DEIRA",04-2724279
MEDI PRIME PHARMACY,DUBAI,---,,"3RD FLOOR REEF MALL,SALAHUDDIN ROAD,DEIRA, DUBAI, UAE",04-2730273
AL RAYAN PHARMACY,DUBAI,---,,NEAR KARAMA VEGETABLE MARKET DUBAI,04-3347476
ASTER AL SHAFAR PHARMACY LLC ( LAMCY PHARMACY ),DUBAI,---,,"LAMCY PLAZA,KARAMA",04-3352727
AL FAISAL PHARMACY,DUBAI,---,,"CHOITRAM, UMM SUQUEIM, DUBAI",04-3485102
SARA PHARMACY,DUBAI,---,,"SPINNEYS, KARAMA, DUBAI",04-3593330
UPTOWN PHARMACY,DUBAI,---,,"J3 MALL, 1ST FLOOR, AL WASL ROAD, AL MANARA, DUBAI, UAE",04-3392762
DRAGON MART PHARMACY,DUBAI,---,,"MAIN GATE, DRAGON MART, AWEER",04-3687450
UMM HURAIR PHARMACY,DUBAI,---,,"FLAT G5-G6,INSIDE JT MART AL MANARA, JUMEIRAH DUBAI",04-3383766
HIGHWAY PHARMACY,DUBAI,---,,ENOC STATION OPP WASEL HOSP DUBAI,04-3375552
DESERT OASIS PHARMACY,DUBAI,---,,"OASIS SILICONE, DUBAI",04-3265190
AWEER SOCIETY PHARMACY,DUBAI,---,,"UNION CO-OPERATIVE, FRUIT & VEG. MARKET, DUBAI",04-3201900
AREEJ PHARMACY,DUBAI,---,,AL MUSALLA ROAD-BUR DUBAI,04-3522299
GREENS COMMUNITY PHARMACY,DUBAI,---,,"GREEN COMMUNITY MALL,DUBAI",04-8853636
HEALTH FIRST PHARMACY 23 ( FORMERLY KNOWN AS GHALEELAH PHARMACY) ( PLANET GROUP ),DUBAI,---,,"HAMRIAN CENTRE, MARRIOT HOTEL BLDG.",04-2693618
AL FANAR PHARMACY- (PALNET GROUP),DUBAI,---,,INSIDE JUMEIRAH BEACH HOTEL,04-3486120
SUPERCARE JUMEIRAH PHARMACY ( 24 HRS),DUBAI,---,,"MAGTUDY'S SHOPPING MALL,JUMEIRAH BEACH ROAD",04-3445246
SUPERCARE PHARMACY ( 24 HRS),DUBAI,---,,SAFA CENTRE AL WASL ROAD(NEXT TO PARK N SHOP),04-3943595
ARABELLA PHARMACY,DUBAI,---,,SPINNEY'S UMM SEQUEIM,04-3941519
SUPERCARE MANKHOOL PHARMACY,DUBAI,---,,"NASHWAN BUILDING MANKHOOL ROAD,BUR DUBAI",04-3989092
SUPERCARE GARDENS PHARMACY,DUBAI,---,,PERSIAN COURT IBN BATTUTA MALL,04-3669800
SUPERCARE EMIRATES PHARMACY,DUBAI,---,,MALL OF EMIRATES,04-3410871
IBN AL AZWAR PHARMACY (ASTER GROUP),DUBAI,---,,"RAS AL KHOR ROAD, AWEER",04-3331504
AL QUOZ PHARMACY (ASTER GROUP),DUBAI,---,,"NEAR KHALIFA SUPER MARKET, AL QUOZ",04-3384401
NEW AL QUOZ PHARMACY (ASTER GROUP),DUBAI,---,,"GRAND SHOPPING MALL,AL QUOZ",04-3385854
AL WARQA PHARMACY (ASTER GROUP),DUBAI,---,,"WARQA-2,DUBAI",04-2801691
HILLS COMMUNITY PHARMACY,DUBAI,---,,"MEADOWS TOWN CENTER, DUBAI, U.A.E.",04-3617575
DANIA PHARMACY,DUBAI,---,,"KARAMA,BEHIND DAY TO DAY",04-3973554
MARINA JUMEIRAH PHARMACY,DUBAI,---,,"EMIRATES CO-OP SOCIETY, OPPOSITE DUBAI COLLEGE,AL SOFOUH",04-3486710
MARINA GREENS PHARMACY,DUBAI,---,,THE GREENS CENTRE,04-3663150
800 PHARMACY LLC ( FORMERLY KNOWN AS MARINA STAR PHARMACY ),DUBAI,---,,"MARINA WALK, DUBAI MARINA",04-3663410
MARINA CENTRE PHARMACY,DUBAI,---,,"DUBAI INT'L FINANCIAL CENTRE, GB LEVEL B1 UNIT 4, DUBAI",04-3637484
MUSALLA TOWER PHARMACY,DUBAI,---,,"MUSALLA MALL ,BUR DUBAI",04-3964118
ROSARY PHARMACY,DUBAI,---,,SPRING COMMUNITY,04-3684098
MEDSHOP GARDEN PHARMACY,DUBAI,---,,"ZEN CLUTER , DISCOVERY GARDENS",04-4329596
AL RAFA HOSPITAL PHARMACY ( ASTER GROUP ),DUBAI,---,,"NARESCO BLDG. ,GROUND FLOOR",04-3988799
ASMA PHARMACY (ASTER GROUP),DUBAI,---,,BEHIND NAIF POLICE STATION DEIRA,04-2222786
AL QOUZ PHARMACY,DUBAI,---,,AL QOUZ,04-3384401
MEDCARE HOSP PHARMACY,DUBAI,---,,JUMEIRAH,04-4079151
MIRDIF PHARMACY,DUBAI,---,,"AL KHAJA, AL KHAWANEEJ",04-2885481
HOME PHARMACY,DUBAI,---,,"OPP AL ATTAR CENTRE, AL KARAMA",04-3977739
NAKHEEL PHARMACY,DUBAI,---,,"FLAT NO. 26, AL TABARI BLDG, DUBAI HEALTH CARE CITY",04-4370530
NOOR AL SATWA PHARMACY,DUBAI,---,,"EMARAT PETROL STATION, SATWA",04-3443229
AL WASEL COMMUNITY PHARMACY,DUBAI,---,,"UNION COOPERATIVE SOCIETY, AL WASL BRANCH",04-3212062
AL RAIS PHARMACY,DUBAI,---,,"AL RAIS BLDG, AL MANKHOOL, OPPOSITE RAMADA HOTEL",04-3519581
MARINA PEARL PHARMACY,DUBAI,---,,DUBAI MARINA - DUBAI,04-3638010
AL MUSALLAH PHARMACY,DUBAI,---,,AL MUSALLA ROAD - DUBAI,04-3971291
AL RAHA PHARMACY,DUBAI,---,,NEW YORK INT'L HOTEL - DUBAI,04-3523383
MEDSAVE PHARMACY,DUBAI,---,,NEAR UNION NATIONAL BANK MIFDIF - DUBAI,04-2847600
IQRA PHARMACY,DUBAI,---,,OPPOSITA AL- FUTTAIM MASJID DEIRA - DUBAI,04-2289164
NEW AL SHIFA PHARMACY,DUBAI,---,,INTERNATIONAL CITY - DUBAI,04-4227474
MARYAM PHARMACY,DUBAI,---,,BANK STREET - DUBAI,04-3975581
AJMAL PHARMACY,DUBAI,---,,"G-13, KARAMA GOLD BLDG, KARAMA",04-3360801
RELIEF PHARMACY,DUBAI,---,,"GROUND FLOOR, SAIF CENTRE, OPP AL FUTTAIN MOSQUE, NAIF ROAD, DEIRA",04-2285462
BETTER LIFE PHARMACY,DUBAI,---,,"FLAT NO. 8/0, GRAND CITY MALL, ALQOUZ INDUSTRIAL AREA- 4",04-3414626
MEDI PRIME AL MIZAR PHARMACY- DUBAI,DUBAI,---,,"ARABIAN CENTRE (GROUND FLOOR), KHAWANEJ RD, AL MIZHAR",04-2845522
IBN AL HAITHAM PHARMACY LLC,DUBAI,---,,"ZABEEL ROAD, OPP DUBAI CENTRAL POST OFFICE",04-3964040
MODERN MEDIPRIME PHARMACY,DUBAI,---,,"IBRI HOUSE,SHK ZAYED ROAD ,NEAR NISSAN SHOWROOM,DEIRA DUBAI",04-3387387
NEW MEDI PRIME PHARMACY,DUBAI,---,,"3RD FLOOR BURJUMAN CENTER,KHALID BIN AL WALEED ROAD,BUR DUBAI",04-3584979
RAFEA PHARMACY,DUBAI,---,,"OPP. DUBAI GRAND HOTEL, GHUSAIS SIGNAL",04-2630521
RASHID PHARMACY,DUBAI,---,,"NEAR GUEST LINE HOTEL,RIGGA ROAD DEIRA",04-2211739
ALFA PHARMACY,DUBAI,---,,"AL FATTAN BUILDING ,GHUSAIS",04-2806714
MEDICINE SHOPPE -MICRO,DUBAI,---,,AL BARSHA,04-3237939
MEDICINE SHOPPE,DUBAI,---,,DUBAI MARINA - DUBAI,04-4503572
BETA PHARMACY,DUBAI,---,,MIRDIF CITY CENTRE,04-2840678
EXPERTS PHARMACY,DUBAI,---,,"SHOP NO 10- AL KHAIL MALL,AL QOUZ",04-3307808
RAND PHARMACY,DUBAI,---,,"GROUND FLOOR ,AL SAFAA TOWER , SHK ZAYED ROAD",04-3315780
AL RAFAH PHARMACY,DUBAI,---,,"BEHIND PLAZA CINEMA,AL NABOODAH BLDG",04-3939402
ADVANCED CARE PHARMACY,DUBAI,---,,"GROUND FLOOR,FAKRUDDIN BLDG,AL QOUZ ,DUBAI",04-3307120
LUQMAN PHARMACY,DUBAI,---,,"MOHD AHMED BLDG ,NEAR SATWA BUS STATION ,SATWA MAIN ROAD",04-3312654
SUPERCARE PHARMACY DUBAI MALL,DUBAI,---,,"DUBAI MALL, BURJ DUBAI AREA, JUMEIRAH",04-4341687
SUPER CARE PHARMACY ARABIAN PLAZA,DUBAI,---,,"ARABIAN CENTRE, KHAWANEJ RD, AL MIZHAR",04-2845540
SUPERCARE PHARMACY OASIS CENTRE,DUBAI,---,,"OASIS CENTRE,DUBAI",04-3397683
"SUPER CARE PHARMACY,ASWAAQ UMMSUQIEM",DUBAI,---,,"ASWAAQ UMM SUQIEM ,DUBAI",04-3306643
"SUPER CARE PHARMACY,UMMSUQIEM",DUBAI,---,,"DLC ,UMM SUQIEUM,DUBAI",04-3306144
"SUPER CARE PHARMACY ,MIRDIF",DUBAI,---,,MIRDIF CITY CENTRE,04-2839171
BADR AL SAMAA PHARMACY,DUBAI,---,,"BANK STREET NEAR BUR JUMAN, BUR DUBAI",04-3578681
ATLAS STAR PHARMACY,DUBAI,---,,"AL SUNDOS BLDG, AMMAN STREET, AL NAHDA 2,DUBAI U.A.E",04-2838300
AL PHARABI (MEDICOM) (ASTER GROUP),DUBAI,---,,GOLD SOUQ DUBAI,04-2264844
AL JAMEYA PHARMACY (MEDICOM-1) (ASTER GROUP),DUBAI,---,,"UNION COOPERATIVE SOCIETY, AL TWAR 1, DUBAI",04-2633677
AL WASL PHARMACY (MEDICOM-2) (ASTER GROUP),DUBAI,---,,"MERCATO CENTER, JUMEIRAH",04-3448333
UNICARE PHARMACY,DUBAI,---,,"BUR JUMAN CENTRE, KHALEED BIN AL WALEED ROAD",04-3599523
AL JAFLIYAH PHARMACY,DUBAI,---,,FLAT 10 AMINA RHAMIS JAFLIYAH,04-3981317
MAZAYA PHARMACY (MEDICOM-6 ) (ASTER GROUP),DUBAI,---,,"MAZAYA CENTER, SHEIKH ZAYED ROAD",04-3435522
FLAME PHARMACY (MEDICOM-7) (ASTER GROUP),DUBAI,---,,"AL MIZHAR MALL ,DUBAI",04-2876804
CENTURY PHARMACY (MEDICOM-8) (ASTER GROUP),DUBAI,---,,"CENTURY MALL ,HAMRIYA ,DUBAI",04-2965040
AL QEMMA PHARMACY (MEDICOM -9 ) (ASTER GROUP),DUBAI,---,,"OPP. AL GHUSAIS POLICE STATION,AL GHUSAIS DUBAI",04-2640818
AL SABA PHARMACY (MEDICOM -10 ) (ASTER GROUP),DUBAI,---,,"NEAR UP TOWN ,MIRDIF ,DUBAI",04-2885995
NEW FLAME PHARMACY (MEDICOM -11 ) (ASTER GROUP),DUBAI,---,,"OPP. AL TOWER CENTER ,AL GHUSAIS",04-2611551
DUBAI CENTURY PHARMACY (MEDICOM-12 ) (ASTER GROUP),DUBAI,---,,"BEHIND BIN SOUQAT CENTER, AL RASHIDIYA, DUBAI",04-2859110
MADINA MALL (MEDICOM- 14) (ASTER GROUP),DUBAI,---,,MADINA MALL . AL GHUASIS INDUSTRIAL AREA 4,04-2558733
ADVANCED CARE PLUS PHARMACY L.L.C,DUBAI,---,,JEBEL ALI DUBAI,04-8829700
AL WADI PHARMACY L.L.C,DUBAI,---,,"DUBAI INVESTMENT PARK , DUBAI",04-8849363
WORLD PHARMACY (MEDICOM-3) (ASTER GROUP),DUBAI,---,,"FRIJ AL MURAR, OPPOSITA SUNRISE SUPERMARKET - DUBAI",04-2712222
AL MANARA GARDENS PHARMACY,DUBAI,---,,GROUND FLOOR IBN BATUTA MALL,04-3669940
AL MANARA PHARMACY -DUBAI,DUBAI,---,,RAQA AL BATEEN ST. DIERA DUBAI,04-2222032
AL MANARA PHARMACY -DXB HEALTH CARE CITY,DUBAI,---,,SHOP NO.01 BLDG 49 DUBAI UAE,04-4458490
ASTER PHARMACY - TECOM,DUBAI,---,,TECOM DUBAI.,04-4534840
TRACKS COMMUNITY PHARMACY,DUBAI,---,,UPTOWN MOTOR CITY DUBAI,04-4475828
GREEN MOTOR CITY COMMUNITY PHARMACY,DUBAI,---,,"GREEN COMMUNITY MOTOR CITY,DUBAI",04-8853636
HEALTH FIRST PHARMACY 1 (FORMERLY KNOWN AS ELITE PHARMACY ) (PLANET GROUP ),DUBAI,---,,TAMIM HOUSE TECOM DUBAI AL BARSHA BUR DUBAI.,04-4377533
HEALTH FIRST PHARMACY 4( FORMERLY KNOWN AS PLANET PHARMACY - ROKN AL KHALLEJ ) (PLANET GROUP ),DUBAI,---,,"UNIT G 11, LAKE SIDE RIGHT EXCUTIVE TOWER BUSSINESS BAY DUBAI",04-4587004
NEW SUPER CARE PHARMACY- MEDIA CITY,DUBAI,---,,"BUILDING NO 7, DUBAI MEDIA CITY.",04-3902445
MARINA PHARMACY PALM FZCO,DUBAI,---,,PJSB CLUB HOUSE 03-G02 PALM JUMEIRAH BUBAI,04-4355963
MARINA PHARMACY OLD TOWN,DUBAI,---,,OLD TOWN BURJ KHALIFA,04-4201172
MARINA MIRDIFF PHARMACY,DUBAI,---,,SPINNEYS COMMUNIITY CENTER MIRDIFF 2 STREET 5,04-2888920
KIMS PHARMACY,DUBAI,---,,"FLAT NO. 02 & 03, AL DOSARI BUILDING , SALAHUDDIN STREET, DEIRA DUBAI",04-2209434
UNICARE STAR PHARMACY L.L.C,DUBAI,---,,"FLAT NO. 345,AL MANKHOOL ROAD SATWA",04-3868811
EMIRATES PHARMACY L.L.C,DUBAI,---,,"BOTANICA TOWER ,MARINA DUBAI",04-3792136
ASTER PHARMACY 1 ( 24 HRS ) (ASTER GROUP),DUBAI,---,,OUD METHA ROAD BURDUBAI,04-3863800
ARMADA PHARMACY-JLT,DUBAI,---,,"ARMADA ROWERS 2,JUMEIRAH LAKES TOWERS DUBAI",04-3990033
HEALTH FIRST PHARMACY 24 ( FORMERLY KNOWN AS NEW PLANET PHARMACY - SOUTH RIDGE ) ( ( PLANET GROUP ),DUBAI,---,,"SHOP NO. 5 - SOUTH RIDGE , BLDG 1- NEAR BURJ KHALIFA DUBAI",04-4329158
ASTER JEBELALI PHARMACY (ASTER GROUP),DUBAI,---,,"NESTO HYPERMARKET, SHOP NO. 5 JEBELALI",04-8840237
AVENUE PHARMACY (ASTER GROUP),DUBAI,---,,"ASPECT TOWERS, BAY AVENUE, BUSINESS BAY DUBAI",04-4357450
ASTER GRAND PHARMACY (ASTER GROUP),DUBAI,---,,"AB PLAZA, BUILDING, GROUND FLOOR, SHOP NO.8, AL NAHDA DUBAI",04-2505712
ASTER JBR PHARMACY,DUBAI,---,,"P-42, SADAF , THE WALK JUMEIRAH BEACH RESIDENCE",04-4471127
DOCTORS PHARMCY (ASTER GROUP),DUBAI,---,,"SATWA R/A BEHIND UNION COOPERATIVE, SATWA",04-3315297
NEW ASTER PHARMACY JLT,DUBAI,---,,SHOP NO. G011-B RED DIAMOND BUILDING JLT DUBAI,04-3697728
ASTER DIP PHARMACY LLC,DUBAI,---,,"RAMLA HYPERMARKET, DUBAI INVESTMENT PARK",04-8800996
THE ANTIAGING COMPOUNDING PHARMACY,DUBAI,---,,"BLOCK A, BLDG. NO. 64, AL RAZI, DUBAI HEALTHCARE CITY",04-4520646
AL HOKAMAA PHARMACY,DUBAI,---,,"AL QUSAIS SHEIKH RASHID COLONY, DUBAI U.A.E",04-2613151
JABEL ALI GARDENS PHARMACY,DUBAI,---,,ENOC STATION BEHIND IBN BATUTA MALL DUBAI U.A.E,04-8820808
AL FARDOOS PHARMACY,DUBAI,---,,SUPREME RESIDENCY INTERNATIONAL CITY DUBAI U.A.E,04-4534860
LULU CENTER PHARMACY LLC,DUBAI,---,,LULU HYPERMARKET AL QUSAIS DUBAI UAE,04-2988771
LULU BARSHA PHARMACY LLC,DUBAI,---,,"LULU HYPERMARKET, AL BARSHA, DUBAI UAE",04-3418828
LULU KARAMA PHARMACY LLC,DUBAI,---,,"LULU HYPERMARKET KARAMA, DUBAI UAE",04-3369970
ZAMZAM PHARMACY LLC,DUBAI,---,,"BEHIND AL-KHAIL MALL, NEAR POST OFFICE MOSQUE BUILDING , AL QUOZ DUBAI U.A.E",04-3394395
CENTRAL MARKET PHARMACY,DUBAI,---,,"BESIDE DUBAI AIPORT FREEZONE, SHEIKH COLONY BLDG., AL QUSAIS1,DUBAI U.A.E",04-2613451
ASTER PHARMACY 98,DUBAI,---,,"UNIT NO.8,PLOT 2644892,MUHAISNAH SECOND,SONAPUR DUBAI",04-2521711
TRUST CARE PHARMACY,DUBAI,---,,"BEHIND NEW GRAND CITY MALL,DULSCO VILLAGE,AL QOUZ INDUSTRIAL AREA 4,DUBAI U.A.E",04-3476715
SUPERCARE PHARMACY SILICON OASIS,DUBAI,---,,SPINNEYS DUBAI SILICON OASIS,04-3423307
SUPERCARE PHARMACY JLT,DUBAI,---,,"SHEIKH ZAYED ROAD, JUMEIRAH LAKE TOWERS",04-4541157
SUPERCARE PHARMACY DCC,DUBAI,---,,INSIDE METRO STATION DEIRA CITY CENTER,04-2501211
SUPERCARE PHARMACY MARSA,DUBAI,---,,"SHEIKH ZAYED ROAD, NEAR CARREFOUR EXPRESS , SILVERENE MARINA",04-4232850
SUPERCARE PHARMACY WASL SQUARE,DUBAI,---,,"SPINNEYÕS, CENTRO VILLA MALL,",04-8748521
SUPERCARE PHARMACY SHEIKH ZAYED ROAD,DUBAI,---,,"SHEIKH ZAYED ROAD, NEAR OASIS TOWER DUBAI U.A.E",04-3798802
COUNTRY PHARMACYCO. LLC,DUBAI,---,,"AL FAHIDI STREET OPPOSITE TO ASTORIA HOTEL, NEXT TO SHARAF DG BUR DUBAI",04-3536689
AL MANARA SUNSET MALL,DUBAI,---,,"JUMEIRAH 3, DUBAI U.A.E",04-3881820
NEW AL MANARA PHARMACY,DUBAI,---,,"TECOM INVESTMENT FZ- LLC , DUBAI U.A.E",04-3604495
AL MANARA AL MANZIL PHARMACY,DUBAI,---,,"SOUK AL MANZIL , DUBAI U.A.E",04-3621161
HEALTH FIRST PHARMACY 25 (SOUQ EXTRA - BARSHA) (PLANET GROUP ),DUBAI,---,,"SOUQ EXTRA SHOPPING CENTER BARSHA,SHOP NO.S6,NEXT TO BARSHA",04-3992116
ADVANCED STAR PHARMACY LLC,DUBAI,---,,"SHOP NO : 3, NASSEM AL MADINA SUPER MARKET BULIDING,PHASE 2, DUBAI INVESTMENT PARK, JEBEL ALI, DUBAI - UAE",04-8851154 /04-8857754
JANSONS PHARMACY,DUBAI,---,,"OPPOSITE AL RAFFAH, POLICE STATION, KHYBER BLDG. GROUND FLOOR",04-3514118
EUROHEALTH AL AIN PHARMACY,DUBAI,---,,"OUD METHA ROAD ,KM TRADING DUBAI",04-3342333
NEW MARK PHARMACY JLT,DUBAI,---,,"CLUSTER-T,FORTUNE EXECUTIVE TOWER JLT AREA DUBAI",04-4327303
AL NEEM PHARMACY LLC,DUBAI,---,,"RIVERA DREAMS BUILDING,CBD20,SHOP NO.3, INTERNATIONAL CITY, DUBAI U.A.E",04-3697130
HIKMA PHARMACY,DUBAI,---,,"SALAHUDIN ROAD NEAR AL REEF MALL CENTER,MURAQQABAT AREA DEIRA DUBAI",04-2663188
SUPER CARE PHARMACY DIP,DUBAI,---,,"DUBAI INVESTMENT PARK1, DUBAI U.A.E",04-8854323
MARINA PHARMACY BORJ STATION LLC,DUBAI,---,,"BURJ KHALIFA METRO STATION DUBAI, U.A.E",04-3809663
MARINA PHARMACY CITY CENTER STATION LLC,DUBAI,---,,"DEIRA CITY CENTER ,METRO STATION DUBAI U.A.E",04-2500682
800 PHARMACY LLC BRANCH (FORMERLY KNOWN AS MARINA PHARMACY -PARK BRANCH ),DUBAI,---,,"PARK BLDG.GROUND FLOOR;OPPOSITE CORDOVA RISIDENCE;NEAR MOSQUE,BESIDE ASWAQ MARKET ,KNOWLEDGE VILLAGE DUBAI",04-4486054
MARINA PHARMACY,DUBAI,---,,"PALOMA BLDG.,JUMEIRAH BEACH RESIDENCE DUBAI U.A.E",04-4470955
MARINA PHARMACY GATE,DUBAI,---,,"THE GATE BLDG..AL SHAIBA TOWERS,SHOP NO. 15,GROUND FLOOR,AL BARSHA DUBAI U.A.E",04-4227914
MANCHESTER COMMUNITY PHARMACY,DUBAI,---,,"SHOP NO.2,GROUND FLOOR,MANCHESTER TOWER 1,PLOT NO.125,DUBAI MARINA",04-3957205
AL KHAIR COMMUNITY PHARMACY,DUBAI,---,,"CITY BAY BUSINESS CENTER;UNIT 14,GROUND FLOOR,HOR AL ANZ EAST , DEIRA",04-2505768
MOTOR COMMUNITY PHARMACY,DUBAI,---,,"THE MARKET CENTRE IN GREEN COMMUNITY, DUBAI INVESTMENT PARK, DUBAI, U.A.E.",04-4541527
MEDICURE PHARMACY,DUBAI,---,,"SHOP NO. 11,GROUND FLOOR;PALACE TOWER,DUBAI SILICON OASIS.",04-3926268
ATLAS HEALTHCAREPHARMACY LLC,DUBAI,---,,"AL HAWAI BLDG.,NEXT TO ATLAS STAR MEDICAL CENTER,BUR DUBAI",04-3552725
AL TAWAR PHARMACY,DUBAI,---,,OPPOSITE POST OFFICE HOR AL ANZ DUBAI U.A.E,04-2625554
SUPER CARE PHARMACY ALTHANYA,DUBAI,---,,"SPINNEY'S COMMUNITY CENTER , GROUND FLOOR ,AL THANYA STREET ,WASL AREA, NEAR SAFA DUBAI U.A.E",04-3388195
SUPER CARE PHARMACY MIRDIF 2,DUBAI,---,,"SPINNEY'S COMMUNITY CENTER ,GROUND FLOOR,MIRDIF DUBAI U.A.E",04-2858222
QAMAR AL SATWA PHARMACY,DUBAI,---,,"OPPOSITE SATWA BUS STATION ,DUBAI U.A.E",04-3441720
NEW MEDICINA PHARMACY,DUBAI,---,,"API 1000, AL WASL ROAD, DUBAI",04-3853313
MEDICINA BEACH ROAD,DUBAI,---,,"JUMEIRA BEACH ROAD ,DUBAI U.A.E",04-3214346
ASTER PHARMACY 2 (ASTER GROUP),DUBAI,---,,"UNIT NO.4&5,GROUND FLOOR,CARREFOUR CENTRE,DIP",04-8858044
ASTER PHARMACY 5 (ASTER GROUP),DUBAI,---,,"SHOP NO. 02,CBD 29,AL WARSAN 1ST INTERNATIONAL CITY",04-4473169
ASTER PHARMACY 100 (ASTER GROUP),DUBAI,---,,"AL RAZI BLDG. NO. NO.64,D BLOCK,DUBAI HEALTH CARE CITY",04-4343922
WECARE E R X PHARMACY LLC (FORMERLY KNOWN AS KAP PHARMACY LLC ),DUBAI,---,,"KHALID BIN WALEED ROAD,ANSAR GALLERY ,KARAMA DUBAI",04-3965752
PANACEA PHARMACY MADINAT,DUBAI,---,,"MADINAT JUMEIRAH SOUK,SHOP NO. 90,UMM SUQEUM,JUMEIRAH BEACH ROAD,NEAR TO BURJ AL ARAB HOTEL.",04-3686123
ASTER PHARMACY 110 (ASTER GROUP),DUBAI,---,,"MANDARIN BLDG.,GROUND FLOOR,STREET 13A,OUD METHA,NEAR LAMCY PLAZA",04-3963158
ASTER PHARMACY 101 (ASTER GROUP),DUBAI,---,,"AQUA,BLDG., AL QUSAIS 1,SHEIKH COLONY,NEAR TO DAFZF METRO STATION",04-2382342
DORRA PHARMACY,DUBAI,---,,"VILLA 351,BEACH PARK NEAR,MEDCARE CHILD CLINIC",04-3478481
ASTER PHARMACY 6 (ASTER GROUP),DUBAI,---,,"DUBAI SILICON GATE1, BLDG. FIRST FLOOR,F-S-101A, GATE 1,SILICON OASIS OPPOSITE CHOITHRAM & BASKIN ROBINS",04-3262600
BAIT AL MAQDES PHARMACY LLC,DUBAI,---,,"ARABILLA BLDG. 15C STREET, HOR AL ANZ EAST, DUBAI U.A.E",04-2667211
NOVO PHARMACY L.L.C(FORMERLY KNOWN AS FAMILY HELATH PHARMACY ),DUBAI,---,,"SHOP 2, GROUND FLOOR,MAYSOON BUILDING,OUD METHA, DUBAI UAE",04-2517434
PEOPLES PHARMACY,DUBAI,---,,"VISTA TOWER,GROUND FLLOR, SHOP NO. 3, NEXT TO CARREFOUR MARKET, DUBAI U.A.E",04-4475425
ALPHA PEOPLES PHARMACY LLC,DUBAI,---,,"ZEENAH BLDG.,SHOP NO.10, OPPOSITE DEIRA CITY CENTRE, CARREFOUR PARKING 3, DUBAI U.A.E",04-2567787
NOOR ALQUSAIS PHARMACY LLC,DUBAI,---,,"OPPOSITE DUBAI GRAND HOTEL, DUBAI",04-2633844
SANDS COMMUNITY PHARMACY,DUBAI,---,,"SHOP NO. 6, EMIRATES CROWN TOWER ,AL SUFOUH ROAD, DUBAI MARINA, DUBAI",04-4243520
MARSA COMMUNITY PHARMACY,DUBAI,---,,"SHOP NO.3, MARINA DIAMOND, DUBAI MARINA U.A.E",04-4304247
MUSALAH AL QUOZE PHARMACY,DUBAI,---,,"AL KHAIL MALL , AL QUOZE DUBAI U.A.E",04-3285928
ASTER PHARMACY 104 (ASTER GROUP),DUBAI,---,,"BLDG.L-11, SHOP NO. 2,GREECE CLUSTER, INTERNATIONAL CITY DUBAI",04-2775973
ASTER PHARMACY 111 (ASTER GROUP),DUBAI,---,,"MUHAISNAH PLAZA BLDG., SHOP NO. 6, MUHAISNAH 4,LULU VILLAGE,NEAR THE INDIAN ACADEMY, BEHIND MADINA MALL",04-2593195
AL MANARA AL RAEDA PHARMACY,DUBAI,---,,"AL GHURAIR CENTER LLC, AL RIGGA STREET DUBAI",04-2952871
AL MANARA PHARMACY BRANCH,DUBAI,---,,DUBAI SILICON OASIS,04-3330554
AL MANARA PHARMACY REMAL MALL,DUBAI,---,,AL BARARI DUBAI,04-3337146
ASTER PHARMACY 103 (ASTER GROUP),DUBAI,---,,"BLDG. NO4,SHOP NO. S-04,AL WARSAN FIRST,INTERNATIONAL COTY PERSIA CLUSTER",04-2765802
ASTER PHARMACY 105 (ASTER GROUP),DUBAI,---,,"BLDG. I-11, SHOP NO. 02, AL WARSAN FIRST MOROCCA CLUSTER, INTERNATIONAL CITY",04-2275972
ASTER PHARMACY 116 (ASTER GROUP),DUBAI,---,,"MIRDIF COMMERCIAL COMPLEX, SHOP NO.1&2, MIRDIF WESTZONE SUPER MARKET",04-2884190
BAIT AL SHIFAA NEW PHARMACY LLC BRANCH,DUBAI,---,,"DUBAI INVESTMENT PARK 1, OPPOSITE GREEN COMMUNITY",04-8854274
ASTER PHARMACY 3 (ASTER GROUP),DUBAI,---,,"G32 GROUND FLOOR DUBAI OUTLET MALL , DUBAI TO AL AIN ROAD",04-4437250
HEALTH FIRST PHARMACY 27 (PLANET GROUP ),DUBAI,---,,IMPZ MEAISEM FIRST. THE CRESCENT B BLDG. DUBAI,04-4253020
HEALTH FIRST PHARMACY 30 (PLANET GROUP ),DUBAI,---,,"SHOP NO. 07.1, ALATTAR CENTRE , KARAMA DUBAI",04-3709030
ASTER PHARMACY 112 (ASTER GROUP),DUBAI,---,,"MOHAMED KHALIFA AL KHALIFI BLDG., ROLLA STREET AL RAFFA BURDUBAI",04-3252920
ASTER PHARMACY 118 (ASTER GROUP),DUBAI,---,,"OBS BUILDING,GROUND FLOOR, SHOP NO.2, NEAR TO NMC HOSPITAL, AMMAN ROAD,AL NAHDA",04-2393397
ACESS PHARMACY (ASTER GROUP),DUBAI,---,,"AL ARIF BUILDING, GF-1, AL QOUZE-3, AL QOUZE",04-3807218
ASTER PHARMACY 117 (ASTER GROUP),DUBAI,---,,"SHOP NO. 12, BAIT AL WALEED, AL SOUQ AL KABEER, MANKHOOL, BURDUBAI UAE",04-3252882
AL NEEM PHARMACY BRANCH,DUBAI,---,,"GATE NO. 7, NESTO SUPERMARKET BLDG.JAFZA DUBAI",04-8876650
PHARMA ONE PHARMACY,DUBAI,---,,"FATIMA BLDG.,BEIRUT STREET, MUHAISNAH 4, DUBAI",04-2631107
KHALIDHA PHARMACY LLC,DUBAI,---,,"SHOP NO. 1, SHEHAR E-KARACHI BLDG., LATIFA BINT ,HAMDAN STREET , AL QOUZ INDUSTRIAL AREA 3",04-3952885
ASTER PHARMACY 113 (ASTER GROUP),DUBAI,---,,"MIRDIFF MALL, UPTOWN MIRDIFF, NEAR TO MEDCARE CLINIC,MIRDIFF",04-2839542
ASTER PHARMACY 114 (ASTER GROUP),DUBAI,---,,"SHOP NO. 12 & 13, ASWAQ MALL AL BARSHA SOUTH1, AL BARSHA DUBAI",04-3851455
ACCESS PHARMACY 2 (ASTER GROUP),DUBAI,---,,"ACCESS CLINIC BLDG.,AL MUHAISNA-2, SONAPUR NEAR TO BUS STATION.",04-26729446
MEDICINA PHARMACY,DUBAI,---,,UMMSUQEIM BARSHA DUBAI,04-3237202
MEDICINA AL FAHIDI PHARMACY,DUBAI,---,,"AL FAHIDI SOUQ, BURDUBAI",04-3550552
ASTER PHARMACY 120 (ASTER GROUP),DUBAI,---,,"ABDUL RAOUF MOHAMMED SALEH ALAVI BLDG., AL WARQA1, AL WARQA NEAR ASWAQ MALL",04-2803995
HAFSA PHARMACY,DUBAI,---,,DISCOVERY GARDEN DUBAI U.A.E,04-4377548
ASTER PHARMACY 123 (ASTER GROUP),DUBAI,---,,"SHOP NO. 3. AL GHURAIR REAL ESTATE, BLDG.. AL MUTEENA STREET, DEIRA , NEAR DUBAI PALM HOTEL",04-2731282
ASTER PHARMACY 126 (ASTER GROUP),DUBAI,---,,"JUMEIRAH,UMSUQUIM 1,NEAR MEDCARE CLINIC DUBAI",04-3952213
HEALTH FIRST PHARMACY 33,DUBAI,---,,SHOP NO. G/47 AL KIFAF RESIDENTIAL BLDG. AL KARAMA DUBAI,04-3963068
HEALTH FIRST PHARMACY 9,DUBAI,---,,"AL BARSHA SOUTH, SUMMER 2, JUMEIRAH VILLAGE DUBAI",0554058681
SUPER CARE PHARMACY 27,DUBAI,---,,SPINNEYS BLDG. GROUND FLOOR DUBAI SILICON OASIS DUBAI,04-3207098
SUPER CARE PHARMACY 28,DUBAI,---,,"BADIA BLDG., AL REESH CLUB, DIP",04-2591134
SUPER CARE PHARMACY 26,DUBAI,---,,"GROUND FLOOR, DUBAI MARINA MALL,",04-4254131
ASTER PHARMACY 115 (ASTER GROUP),DUBAI,---,,"DISCOVERY PAVILION ,STREET 7, DISCOVERY GARDEN DUBAI",04-2672946
ASTER PHARMACY 119 (ASTER GROUP),DUBAI,---,,"SHOP NO. 7, MEADOWS ENOC 1086, DUBAI",04-2672946
ASTER PHARMACY 124 (ASTER GROUP),DUBAI,---,,GROUND FLOOR SUKOON TOWER MARINA DUBAI,04-5546282
ASTER PHARMACY 129 (ASTER GROUP),DUBAI,---,,"GROUND FLOOR ,MARJANA PLAZA BLDG, AL BADA SATWA",04-3590530
DOCIB PHARMACY LLC,DUBAI,---,,"GROUND FLOOR DESET HOME BLDG. OUD MEHTHA , DUBAI HEALTH CARE CITY",04-3962270
XIE HE PHARMACY LLC,DUBAI,---,,"BLDG. NO. A12,CHINA CLUSTER , INTERNATIONAL CITY DUBAI",04-4233055
ASTER PHARMACY 127 (ASTER GROUP),DUBAI,---,,"ROYAL OCEANIC-1, S-01, PLOT NO. 218, MARSA DUBAI , NEAR LE MERIDIEN, DUBAI MARINA",04-5547096
MARINA CARE PHARMACY,DUBAI,---,,"IRANIAN HOSPITAL, SATWA, DUBAI",04-3436020
HEALTH FIRST PHARMACY 38,DUBAI,---,,"SHOP NO. 04&05, SALEH BEN LAHEJ BLDG.338, NEAR LAMCY PLAZA, OUD METHA",04-3960695
ASTER PHARMACY 128 (ASTER GROUP),DUBAI,---,,"SHOP # 1, NEW ENOC, UMM SEQUIM ST, AL BARSHA, DUBAI, UAE",04-4405945
AL FARAH PHARMACY LLC,DUBAI,---,,"AL NAHDA1, BEHIND SAHARA MALL, NEAR TO NMC SPECIALITY HOSPITAL , DUBAI U.A.E",04-2507306
RX PHARMACY,DUBAI,---,,"GROUND FLOOR, AHMED PLAZA BUILDING, OPPOSITE TO AL FUTTAIM MOSQUE, NAIF ROAD, DEIRA, DUBAI, UAE",04-3555129
GHAZAL AL JABAL PHARMACY,DUBAI,---,,"JIWIN INVESTMENT VAK REALESTATE, MUHAISNAH 2, DUBAI",04-2540460
ACCESS PHARMACY 3 (ASTER GROUP),DUBAI,---,,"SHOP NO 8,550 SQFT.AT, PLOT NO. 597-874, DIP 2, NEAR TO ACCESS CLINIC DIP",04-8833862
ASTER PHARMACY 130 (ASTER GROUP),DUBAI,---,,"GROUND FLOOR , DUJA TOWER, TRADE CENTER FIRST, NEXT TO SHERATON GRAND HOTEL, SHEIK ZAYED ROAD, DUBAI",04-3866768
PANACEA PHARMACY REEF,DUBAI,---,,"GROUND FLOOR, REEF MALL, SALAH ALDIN ROAD , NEAR TO ANSAR GALLERY",04-2239805
LAYAL PHARMACY LLC,DUBAI,---,,"18A, STREET,SHOP NO.9,AL WASL BLDG. KARAMA",04-3708008
HEALTH FIRST PHARMACY 34,DUBAI,---,,"SHOP NO.3,IBRAHIM BINABDULRAHIM QASSEM BLDG.AL HAMRIYA,MUSALLA ROAD ,BURDUBAI",04-3852791
HEALTH FIRST PHARMACY 41,DUBAI,---,,"SHOP NO.6,UPATOWN MIRDIFFMALL DUBAI",04-2882296
MEDI PRIME PHARMACY RTA BRANCH,DUBAI,---,,"BLOCK C;GROUND FLOOR,RTA HEADQUARTERS, UMMU, RAMOOL , RASHIDIYA",04-2905902
ASTER PHARMACY 132 (ASTER GROUP),DUBAI,---,,"SHEIKH SUHAIL BLDG.,HOR AL ANZ EAST ,PLOT NO.133-142, ABU HAIL DUBAI",04-2692835
ASTER PHARMACY 135 (ASTER GROUP),DUBAI,---,,"SHOP NO 04, RUSHIA V 19,INTERNATIONAL CITY",04-4511674
ASTER PHARMACY 102 (ASTER GROUP),DUBAI,---,,"SHOP NO. 2, SAEED HAMAD MUSLEH, JAMHOUR AL AHBABI BLDG., AL QUSAIS",04-2610833
THUMBAY PHARMACY LLC,DUBAI,---,,"PLOT NO. 123-1080, AL GHURAIR BLDG., AL MUTEENA STREET DEIRA",04-2512929
VCARE PHARMACY LLC,DUBAI,---,,"GROUND FLOOR , NASHMAH TOWER, AL ITTIHAD ROAD, AL NAHDA 1 DUBAI U.A.E",04-2389492
ASTER PHARMACY 134 (ASTER GROUP),DUBAI,---,,"GOLDEN SANDS BDLG.,BARSHA 1ST, AL BARSHA NEAR TO LULU",04-3271483
ONYX PHARMACY,DUBAI,---,,"GROUND FLOOR, MAYFAIR TOWER, S5, BUSINESS BAY DUBAI",04-4564583
ONYX PHARMACY 2,DUBAI,---,,"GROUND FLOOR, B01,S2;INTERNATIONAL CITY DUBAI",04-4477122
ASTER PHARMACY 109 (ASTER GROUP),DUBAI,---,,"NEAR TO DUBAI GEANT SUPERMARKET, GHUROOB COMMUNITY, MIRDIFF",04-4582727
ASTER PHARMACY 136 (ASTER GROUP),DUBAI,---,,"AL QOUZ, OPPOSITE GRAND MALL, AL QOUZ- FOURTH, ABDULLA ALASMAWI BUILDING",04-3806940
MOTHER PHARMACY,DUBAI,---,,"GROUND FLOOR , AL FALASI BLDG., HOR AL ANZ, DUBAI",04-2974329
MEDICINA FIRST PHARMACY,DUBAI,---,,"SAME BLDG OF ZIA MEDICAL CENTRE ,SHOP # 02 ,UMM SUQEIM FIRST,DUBAI U.A.E",04-3471266
MEDICINA 1 PHARMACY,DUBAI,---,,"SOUQ AL WASL DISTRICT , AL MAKTOUM HOSPITAL ROAD, DUBAI",04-2943248
MEDICINA 2 PHARMACY,DUBAI,---,,"NAH MALL, NAD AL HAMAR, DUBAI",04-2898201
MEDICINA PHARMACY 5,DUBAI,---,,"GRAND MIDWEST VIEW HOTEL APPARTMENT BLDG., SHEIKH ZAYED ROAD DUBAI",04-3794954
MEDICINA PHARMACY 6,DUBAI,---,,"AL ATTAR BUSINESS CENTRE, AL BARSHA 1, NEAR TO IBIS HOTEL, SHEIKH ZAYED ROAD DUBAI",04-3993370
MEDICINA PHARMACY 7,DUBAI,---,,"AL KHALEEF CENTRE, AL MANKHOOL ROAD BURDUBAI",04-3526633
MEDICINA PHARMACY 11,DUBAI,---,,"BLDG. NO. 40, DUBAI HEALTHCARE CITY",04-4547696
AL SHOHOB PHARMACY,DUBAI,---,,"AL SOOR ROAD, BEHIND GOLD LAND DEIRA",04-2255556
NILE PHARMACY,DUBAI,---,,"AL SHAAB COLONY, HOR AL ANZ DUBAI",04-2660132
MEDICOM PHARMACY 38 LLC (FORMERLY KNOWN AS NEW COSMOPOLITAN PHARMACY LLC),DUBAI,---,,HAJI NASSER BLDG. DEIRA DUBAI,0528125621
GHAZAL JUMEIRAH PHARMACY,DUBAI,---,,NEAR GRAND SATWA;MOSQUE DUBAI,04-3494882
AL AFDHAL PHARMACY 1,DUBAI,---,,"NEAR BANIYAS METRO STATION NASSER SQUARE, DEIRA DUBAI",04-2283357
MEDICOM PHARMACY 15,DUBAI,---,,RIGGA STREET OPPOSITE KFC DUBAI,04-2297670
MEDICOM PHARMACY 33 LLC,DUBAI,---,,FRIJ AL MURAR DEIRA,04-2733237
MEDICOM PHARMACY 16,DUBAI,---,,SABKHA DUBAI,04-2263614
AMIGO PHARMACY LLC,DUBAI,---,,"EMERALD KARAMASAYED SALAHUDDIN SAYED,MOHAMMAD ALI HASSHIMI BLDG.KARAMA DUBAI",04-3584911
MUHAISNA STAR PHARMACY LLC,DUBAI,---,,MUHAMMED ALI ABDUL RAHMAN BLDG..AL MUHAISNA DUBAI,04-2644034
AL FIRDOS PHARMACY,DUBAI,---,,"SUPREME RESIDENCY, INTERNATIONAL CITY",04-4410590
ASTER PHARMACY 138,DUBAI,---,,"GROUND FLOOR,ÊALÊJABAR BUILDING, NEAR SUNRISE SUPERMARKET,ÊALÊKARAMA, DUBAI",04-3377329
ASTER PHARMACY 144,DUBAI,---,,"SHOP NO. 5 & 6, AL MAALIK BLDG., AL SHAB NEAR TO TALAL SUPER MARKET HOR AL ANZ.",04-2212250
ASTER PHARMACY 147,DUBAI,---,,"ASTER JUBILEE MEDICAL COMPLEX, KHALEED BIN AL WALEED STREET NEAR TO AL FAHIDI METRO STATION , BURDUBAI",04-3254026
ASTER PHARMACY 141 BR. OF ASTER PHARMACIES GROUP LLC,DUBAI,---,,"SHOP NO SC 021, GROUND FLOOR, DUBAI FESTIVAL CITY MALL",04-2365418
ASTER HEALTHCARE HYPERMARKET BR OF ASTER PHARMACIES GROUP LLC,DUBAI,---,,"AL RAFFA BUILDING , OPP. ASTER HOSPITAL, MANKHOOL ROAD, MANKOOL, BURDUBAI",04-3399523
ASTER PHARMACY 142 BR OF ASTER PHARMACIES GROUP LLC,DUBAI,---,,"SHOP NO 4 , AL FATTAN BUILDING ,PLOT NO 233-129, BEHIND SNOW WHITE, AL QUSAIS",04-2205966
ASTER PHARMACY 145 BR OF ASTER PHARMACIES GROUP LLC,DUBAI,---,,"SHOP NO: 1, AL WALEED BUILDING. OPP. UNION MEDICAL CENTRE, IRANIAN SCHOOL ROAD, KARAMA",04-3547745
ASTER PHARMACY 146 BR OF ASTER PHARMACIES GROUP LLC,DUBAI,---,,"SHOP 32, SOUK AL KABEER BUILDING, NEAR TO GHUBAIBA BUS STATION, OPP.ETISALAT-SHINDAGA, NEXT TO ACCESS CLINIC , BURDUBAI",04-3271059
ASTER PHARMACY 200 BR OF ASTER PHARMACIES GROUP LLC,DUBAI,---,,"BUILDING NO :241-487, AL NAHADA SECOND, AL QUSAIS",04-2362839
AL HAWI PHARMACY,DUBAI,---,,"NASER SQUARE, DEIRA, DUBAI",04-2221445
AL KANZ PHARMACY,DUBAI,---,,"ABU BAKER AL SIDQ ROAD, DEIRA",04-2690684
AL ZAHRA PHARMACY L.L.C,DUBAI,---,,"OPPOSITE UAE CITY EXCHANGE, KARAMA",04-3373045
BARSHA ROSE GARDENS PHARMACY,DUBAI,---,,"SHOP # 1, ROSE GARDENS HOTEL APARTMENT BLDG, AL BARSHA 1, DUBAI",04-3792990
BIN SERAY PHARMACY,DUBAI,---,,"OUD MEHTA ROAD, NEAR LAMCY PLAZA, DUBAI",04-3355446
COOPERATIVE PHARMACY,DUBAI,---,,"AL SABKA ROAD, DEIRA, DUBAI",04 -2269283
DIAMOND 3 PHARMACY,DUBAI,---,,NEAR TO MARINA METRO STATION DUBAI MARINA,04 -4537217
DOHA PHARMACY,DUBAI,---,,"AL ATTAR TOWER, SHK.ZAYED ROAD, DUBAI",04-3430603
DREAM PHARMACY,DUBAI,---,,"DREAM TOWER AL MAYA SUPERMARKET , MARINA",04-4227844
DUBAI LIFE PHARMACY,DUBAI,---,,"HALL NO.5, DUBAI WORLD TRADE CENTRE, DUBAI",04-3291162
ELAJ PHARMACY,DUBAI,---,,"ABOOBAKER SIDDIQUE ROAD, DEIRA, DUBAI.",04-2683377
FAWAGEE PHARMACY L.L.C,DUBAI,---,,"NAD AL HAMAR, DUBAI",04-2894111
FAWAGEE SCIENTIFIC PHARMACY L.L.C,DUBAI,---,,"26 B STREET, MIRDIFF",04-2881800
GOLDEN LIFE PHARMACY,DUBAI,---,,"MUROOJ COMPLEX, SHK. ZAYED ROAD, DUBAI",04-3430077
GRAND LIFE PHARMACY,DUBAI,---,,"AL MUTEENA ST., DEIRA, DUBAI",04-2726496
GRAND ROYAL PHARMACY,DUBAI,---,,"ROLLA ROAD, BUR DUBAI, DUBAI",04-3593445
HALA PHARMACY 13,DUBAI,---,,"SHOP # 22 & 24,S-6 BUILDING, SPAIN CLUSTER,INTERNATIONAL CITY,DUBAI",04-4307562
HALA PHARMACY 14,DUBAI,---,,"SHOP NO.1, MARINA DIAMOND 5 (A) DUBAI MARINA, DUBAI",04-4305460
HALA PHARMACY 15,DUBAI,---,,"SHOP NO5&6, BLDNG NO:ZEN 2-020,PLOT NO169,DISCOVERY GRADENS, DUBAI",04-2766318
HALA PHARMACY 16,DUBAI,---,,"SHOP # S01,BILDG # N07,PERSIA CLUSTER, INTERNL CITY, DUBAI UAE",04-4306947
HEALTHY LIFE PHARMACY,DUBAI,---,,NEXT TO ABOOBACKERSIDDIQ MOSQUE,04-3416801
MURSHID PHARMACY,DUBAI,---,,"MURSHID BAZAR, DEIRA, DUBAI",04-2252774
J.B.R LIFE PHARMACY,DUBAI,---,,"JUMEIRAH BEACH RESIDENCE, AMWAZ 3",04 -4281432
JBR BAHAR PHARMACY,DUBAI,---,,"SHP # P25, BAHAR TOWER - 4 NEAR AL MAYA SUPERMARKET, JBR",04 -3659920
JBR MURJAN PHARMACY,DUBAI,---,,"SHP # P57, MURJAN TOWER - 2, NEAR DAILY GOURMET SUPERMARKET, JBR",04 -4517202
JBR SADAF PHARMACY,DUBAI,---,,"SHP # P32, SADAF TOWER - 2, NEAR AL MAYA SUPERMARKET, JBR",04 -3659925
JBR SHAMS PHARMACY,DUBAI,---,,"SHP # PT24, SHAMS TOWER-1, NEAR AL MAYA SUPERMARKET, JBR",04 -4253592
KARAMA ONE PHARMACY LLC,DUBAI,---,,"SHOP# 2 N 3@ KARAMA, DUBAI",04 -3796632
LIFE AL BARSHA PHARMACY,DUBAI,---,,"ETIHAD MALL,MIRDIFF",04 -2840898
LIFE AL KARAMA PHARMACY,DUBAI,---,,NEAR BURGER KING NEXT TO MINISTRY OF HEALTH,04 -3969774
LIFE AL NAHDA PHARMACY LLC,DUBAI,---,,"SHOP # 3, TWIN TOWER, PLOT # 241-555, AL NAHDA , DUBAI",04 -2636919
LIFE DIP PHARMACY,DUBAI,---,,"NEAR CHOITHRAMS SUPERMARKET, MARKET MALL, DIP,GREENS",04 -8851933
LIFE EXPRESS PHARMACY,DUBAI,---,,"NEAR WELCARE HOSPITAL AL GARHOUD , DUBAI, AL MAMZAR AREA",04 -2833422
LIFE HOME HEALTHCARE FZ L.L.C,DUBAI,---,,DUBAI HEALTH CARE CITY FREE ZONE,04-3624802
LIFE MURAQABAT PHARMACY,DUBAI,---,,"SHOP#1,R471 BUILDING,WASL TRIO BLOCK A,AL MURAQABAT RD,DUBAI",04-2979201
MARINA VIEW PHARMACY LLC,DUBAI,---,,"DUBAI MARINA,MARINA HEIGHTS BUILDING, DUBAI",04-4479780
LIFE PEARL PHARMACY,DUBAI,---,,"SHOP#9, MARINA PEARL BULDG,DUBAI MARINA,DUBAI",04-5516770
LIFE PLUS PHARMACY,DUBAI,---,,"BEHIND BUR JUMAN, NEAR FAMILIES SUPER MARKET",04-3513334
LIFE PHARMACY TWO,DUBAI,---,,"AL KAWAKEB BLDG A, 1ST INTERCHANGE,SHEIKH ZAYED ROAD, DUBAI",04-3550057
LIWA PHARMACY,DUBAI,---,,"AL MANKHOOL, DUBAI",04-3558898
MANSION PHARMACY LLC,DUBAI,---,,"NEXT TO MARINA MALL , DUBAI MARINA",04-4537262
MARINA LIFE PHARMACY,DUBAI,---,,"DUBAI MARINA, DUBAI",04-4202447
MEZHAR LIFE PHARMACY,DUBAI,---,,"AL MEZHAR, DUBAI",04-2571177
MODERN LIFE PHARMACY,DUBAI,---,,"FRUITS & VEGETABLES MARKET, AWEER, DUBAI",04-3332996
NATURE'S LIFE PHARMACY,DUBAI,---,,"AL WASL ROAD , DUBAI, JUMEIRAH",04-3441122
NEW AL HADIGA PHARMACY,DUBAI,---,,"JUMEIRAH, WASL SQUARE, JUMEIRAH",04-3791553
NEW AL KANZ PHARMACY BRANCH,DUBAI,---,,"J2 TOWER, CLUSTER J -JLT, DUBAI UAE",04-3929669
NEW AL NAHDA PHARMACY,DUBAI,---,,"NO. 1 AL NAHDA 3 BLDG, BFRE EMTS STAR HOTEL APART",04-2672855
LIFE PHARMACY,DUBAI,---,,"WHITE SWAN BUILDING, SHIEKH ZAYED ROAD",04-3328385
NEW GRAND ONE PHARMACY,DUBAI,---,,"KHALID BIN WALID ROAD, DUBAI",04-3518474
NEW GRAND MURQABAT PHARMACY LLC,DUBAI,---,,"SHOP# 5 Ê@ MURQABAT, DUBAI UAE.",04-2552275
NEW MAMZAR PHARMACY LLC,DUBAI,---,,"CENTURY MALL SHOPPING MALL, DEIRA, AL MAMZAR",04-2967710
NEW MAZAYA PHARMACY,DUBAI,---,,"NEW MAZAYA PHARMACY, G06, MAZAYA SHOPPING CENTRE, DUBAI",04-3211433
NEW MOTORCITY PHARMACY,DUBAI,---,,LIFE PARA PHARMACY/ NW MOTOR CITY,04-4474022
NEW SALAH ALDIN PHARMACY,DUBAI,---,,"SHOP # G-3,AL WAHA MOSQUE-RS, DUBAI SILICON OASIS",04-3335822
NOOR AL IMAN PHARMACY,DUBAI,---,,"SHOP 1, PLOT # 356-257, JUMEIRAH 3, DUBAI",04-3790110
NOOR AL MAMZAR PHARMACY,DUBAI,---,,"SHOP # 18,AB PLAZA 1,NEAR CANADIAN SPECIALIST HOSPITAL, AL MAMZAR",04-2669299
OASIS LIFE PHARMACY,DUBAI,---,,"RESIDENTIAL OASIS, GHUSIAS",04-2586774
PALM STRIP PHARMACY,DUBAI,---,,"PALMSTRIP MALL BUILDING JUMEIRAH BEACH ROAD AREA, DUBAI.",04-3862335
PRISTINE PHARMACY,DUBAI,---,,"SHOP#9, 10, 11A, 11B @ NILE REGION, WAFI MALL, DUBAI.",04-3852248
RAMADA LIFE PHARMACY,DUBAI,---,,"NEAR HOTEL RAMADA, BUR DUBAI",04-3528104
REAL 10 PHARMACY,DUBAI,---,,"SHOP#1, ELITE BUILDING, OPP. LULU HYPER MARKET, AL BARSHA, DUBAI.",04-3479744
REAL 3 PHARMACY,DUBAI,---,,"SHOP NO 1, EMART SUPERMARKET, UMM HURAIR",04-3575446
REAL 4 PHARMACY,DUBAI,---,,"PO NO 483, SHOP NO 3, ESCAPER TOWER , NEAR BUSINESS BAY METRO",04-3881558
REAL 5 PHARMACY,DUBAI,---,,"NEXT TO CARREFOUR EXPRESS,AMAN ROAD,AL NADHA",04-2577545
REAL 6 PHARMACY,DUBAI,---,,"SHOP # 1, AL SALAAM TOWER, SHEIK ZAYED ROAD,CHELSEA DUBAI U.A.E.",04 -3529988
REAL 7 PHARMACY,DUBAI,---,,"GROUND FLOOR, E3 , SABAH TOWER 1, JUMEIRAH LAKE TOWERS.",04 -4391776
REAL 7 PHARMACY JLT BRANCH,DUBAI,---,,"UNIT# GS03, PLOT# JLT - PH1- A3, LAKE SIDE RES TOWER",04 -5516506
REAL ONE PHARMACY,DUBAI,---,,"SHP # 1&2 AL BALOOCH BLDG, NEAR ALRAFA POLICE ST, BUR DUBAI",04 -3887704
ROYAL PHARMACY,DUBAI,---,,"KHALID BIN WALID WALID ROAD, OPP. HOTEL ASCOT",04 -3522426
ROYAL LIFE PHARMACY,DUBAI,---,,MNAKHOOL ROAD AFTER STANDARD CHARTE BUR DUBAI,04-3529229
ROYAL MAMZAR PHARMACY,DUBAI,---,,"AL MAMZAR CENTRE, DUBAI, AL MAMZAR",04-2659552
ROYAL MARINA PHARMACY LLC,DUBAI,---,,"AL BARSHA, OPP ABIDOS HOTEL,DUBAI",04-3475991
SAFA SOCIETY PHARMACY L.L.C,DUBAI,---,,"UNION CO-OPERATIVE BUILDING OPPOSITE SAFA PARK, JUMEIRAH",04-3946618
SALAH ALDIN PHARMACY,DUBAI,---,,"SALAHUDIN ROAD, DEIRA",04-2728233
SAMEER PHARMACY,DUBAI,---,,"SHK.HAMDAN COLONY, KARAMA",04-3971909
SUPER LIFE PHARMACY LLC,DUBAI,---,,"NEAR SPINNEYS, MEADOWS COMMUNITY CENTRE,",04-3608800
LIFE PHARMACY LLC-DUBAI BRANCH (FORMERLY KNOWN AS TAJ PHARMACY),DUBAI,---,,"TAJ PALACE HOTEL, DEIRA",04-2282849
TARIQ PHARMACY,DUBAI,---,,"AL BUSTAN CENTRE, AL QUSAIS",04-2635020
TOWN LIFE PHARMACY,DUBAI,---,,MIRDIFF UPTOWN (WELCARE CLINIC),04-2848355
YARA PHARMACY,DUBAI,---,,"RIQA ROAD, NEAR KFC, DEIRA",04-2225503
ZAYD PHARMACY,DUBAI,---,,"SHK. ZAYED ROAD, DUBAI.",04-3291325
LIFE ROSE PHARMACY,DUBAI,---,,"SHOP - 10, E07 BUILDING, PLOT NO 67, CHINA CLUSTER, INTERNATIONAL CITY, DUBAI",04-5521395
REAL PHARMACY,DUBAI,---,,"BELSELAH BUILDING, NEXT TO MARINA FURNITURE",04-3413745
TRAM LIFE PHARMACY LLC,DUBAI,---,,"AL SEEF TOWER 1, BEHIND TAMANI HOTEL",04 -5586744
LIFE TRIDENT PHARMACY,DUBAI,---,,"SHOP NO. R01 NEAR MARINA HOTEL APT,NEXT TO BLUE MART SUPRMARKET, , MARINA SCAPE TOWER, DUBAI MARINA",04 -5531092
MEDILIFE PHARMACY LLC,DUBAI,---,,"SHOP #1, CHOITHRAM BLDG, PLOT B/1416, OPP SAFA PARK, AL WASL DUBAI",04 -3237223
LIFE AL BADA PHARMACY LLC,DUBAI,---,,"S # 1; AL BADAA BLDG,P 78 AL BADAA,DUBAI",04-3596837
NEW AL KANZ PHARMACY BR,DUBAI,---,,"SHOP MAG 214 , JLT,DUBAI CLUSTER R",04-5521830
LIFE MAYFAIR PHARMACY LLC,DUBAI,---,,"S-02, MAYFAIR RESIDENCE TOWER, BUSINESS BAY, DUBAI",04-5516840
RIVIERA LIFE PHARMACY LLC,DUBAI,---,,"SHOP # 1, RIVIERA DREAMS BLDG,CBD CLUSTER,NEXT TO PAPA JOHN PIZZA, INTERNATIONAL CITY,DUBAI",04-4564220
BAY SQUARE PHARMACY LLC,DUBAI,---,,"UNIT G-03, BB11,NEXT TO CHOITRAM SUPERMARKET, BLDG. NO.BB11, BAY SQUARE, BUSINESS BAY, DUBAI",04- 5515344
CITY LIFE PHARMACY LLC,DUBAI,---,,"SHOP #2, CITY TOWER 1, NEAR TO CROWN PLAZA,SHEIKH ZAYED ROAD, DUBAI",04-3410072
JVT LIFE PHARMACY LLC,DUBAI,---,,"SHOP G-02 & G-03, NEAR MILESTONE SUPERMARKET,IMPERIAL RESIDENCE TOWER, JVT, DUBAIÊ",04-5511914
NOOR AL SHEFAA PHARMACY LLC,DUBAI,---,,"OPP.NAIF PARK, NAIF ROAD, DEIRA - DUBAI",04-2396897
LIFE AL QUSAIS PHARMACY LLC,DUBAI,---,,"NEAR ICARE CLINIC,AL HURAIZ BUILDING, DAMASCUS STREET",04-2633318
LIFE ABUHAIL PHARMACY LLC,DUBAI,---,,LIFE ABU HAIL PHARMACY LLC,04-3345553
LIFE AL SHAB PHARMACY LLC,DUBAI,---,,"SHOP 1 & 2, PLOT # 127-0422, MALIK BUILDING, AL SHAAB COLONY, HOR AL ANZ, DUBAI",04-3205629
LIFE PHARMACY 3 LLC,DUBAI,---,,"SHOP FA-19, DRAGON MART 2, INTERNATIONAL CITY, DUBAI.",04-5135355
EXTRA LIFE PHARMACY,DUBAI,---,,AKAS INN HOTEL APARTMENT (BEHIND HOLIDAY INN AL BARSHA,04-8855122
LIFE AL RIQQA PHARMACY LLC,DUBAI,---,,"SHOP# F67, OPP. TO CARREFOUR, AL GHURAIR CENTRE, AL RIQQA, DUBAI",04-2248362
MARSA LIFE PHARMACY LLC,DUBAI,---,,"SHOP#7, MAG 218, DUBAI MARINA, DUBAI.",04-4298431
NEW AL KANZ PHARMACY BR JLT,DUBAI,---,,"LAKESHORE TOWER ( BOJWANI), JLT,DUBAI CLUSTER Y ,DUBAI , U. A. E",04-5521649
DEIRA LIFE PHARMACY LLC,DUBAI,---,,"SHOP#2,STATE 1 BUILDING,ÊRIGGA, DUBAI.",04-2380116
JVC LIFE PHARMACY LLC,DUBAI,---,,"SHOP # GS3,OPP TO BLUEMART SUPERMARKET, EMIRATES GARDEN II- MULBERRY, JVC",04-5578841
LIFE AL WARQA PHARMACY LLC,DUBAI,---,,"SHOP 1 & 2, AL KENDI , BLDG , AL WARQA",04-2865244
YASSAT LIFE PHARMACY,DUBAI,---,,"SHOP 1, YASSAT GLORIA HOTEL , TECOM",04-3792799
LIFE VISION PHARMACY LLC,DUBAI,---,,"SHOP G+1, VISION TOWER, BUSINESS BAY, DUBAI",04-5543244
LIFE PHARMACY 4 LLC,DUBAI,---,,"SHOP LF15, METRO LINK, IBN BATTUTA,",04-2779199
LIFE PHARMACY 3 LLC BRANCH,DUBAI,---,,"LG01A, NEXT TO FITNESS FIRST, DEIRA CITY CENTRE, DUBAI",04-2366021
MEDICLINIC DEIRA CLINIC PHARMACY (FORMERLY KNOWN AS CITY CENTRE CLINIC PHARMACY ),DUBAI,---,,"CITY CENTRE CLINIC, DEIRA CITY CENTRE, ADJACENT TO PULLMAN HOTEL, DEIRA",04-2052777
ASTER PHARMACY 148 BR OF ASTER PHARMACIES GROUP LLC,DUBAI,---,,"SHOP NO 5, JAMAL OMAR BIN HYDER BUILDING, 4B STREET, SHEIKH KHALIFA BIN ZAYED ROAD, KARAMA",04-3404005
ASTER PHARMACY 202 BR OF ASTER PHARMACIES GROUP LLC,DUBAI,---,,"BIN SOUGAT CENTER, AIRPORT ROAD, AL RASHIDIYA, NEAR METRO STATION",04-2540474
ASTER PHARMACY 137 BR OF ASTER PHARMACIES GROUP LLC,DUBAI,---,,"RETAIL SHOP 6, OPP. UNION CO OP, THE PAVILION MALL, FRANCE CLUSTER, INTERNATIONAL CITY",04-4224515
ASTER PHARMACY 149 BR OF ASTER PHARMACIES GROUP LLC,DUBAI,---,,"SHOP 2 & 3, AL WASL BUILDING, BEHIND LULU HYPERMARKET, KARAMA, BURDUBAI",04-3969469
ARABELLA PHARMACY LLC BRANCH,DUBAI,---,,"SPINNEYÕS, JUMEIRAH 1, BEACH ROAD",04-3430188
SUPERCARE PHARMACY 29,DUBAI,---,,"NEXT TO SPINNEYS, THE VILLA MALL, DUBAI LAND",04-4561672
SUPERCARE PHARMACY 31 DMCC,DUBAI,---,,"BURJ AL NAJOOM, DOWN TOWN",04-4305839
SUPERCARE PHARMACY 33 DMCC,DUBAI,---,,"CLASTER-C-GOLD CREST EXECUTIVE, JUMEIRAH LAKE TOWERS",04-4539683
SUPERCARE PHARMACY 34,DUBAI,---,,"GROUND FLOOR, SHOP# G05, BUILDING# 4 BAY SQUARE",04-5513080
SUPERCARE PHARMACY DMCC,DUBAI,---,,"EMIRATES HILL, CLUSTER-T, FORTUNE EXECUTIVE TOWER, JLT",04-5525603
SUPERCARE PHARMACY 38,DUBAI,---,,"SPINNEYÕS, UPTOWN MIRDIFF",04-3504500
SUPERCARE PHARMACY 39,DUBAI,---,,"LE GRANDE MALL, DUBAI MARINA",04-4218806
MUMTAZ PHARMACY,DUBAI,---,,"AL MEZAN BLDG., GROUND FLOOR ,BEIRUT STREET , NEAR GALADARI DRIVING SCHOOOL, MUHAISNAH 4",04-2644240
HEALTH FIRST PHARMACY 1,DUBAI,---,,TAMIM HOUSE TECOM DUBAI AL BARSHA BUR DUBAI,04-4377533
HEALTH FIRST PHARMACY 5,DUBAI,---,,"UNIT :4 SKYCOURT TOWERS D, MEDI CENTRES POLYCLINIC, MOTOR CITY",04-3620858
HEALTH FIRST PHARMACY 11,DUBAI,---,,"BUILDING NO:3,BAY SQUARE,AL ASAYEL STREET, BUSINES BAY,DUBAI",04-4560100
HEALTH FIRST PHARMACY 37,DUBAI,---,,"MEDITERRANEAN BUILDING, CANAL RESIDENCE WEST,HESSA STREET,DUBAI SPORTS CITY,DUBAI",04-3606023
HEALTH FIRST PHARMACY 40,DUBAI,---,,"SHOP NO:10 & 11, AL BADRI 17A BUILDING,NEAR EROS LABOUR CAMP,OPP SAWAHEL ALMADEENA ,ALQUOZ 4,DUBAI",04-3331699
HEALTH FIRST PHARMACY 45,DUBAI,---,,"SHOP NO:4,ALRAWBA BUILDING,OPPOSITE LULU SUPER MARKET,HALIM STREET,AL BARSHA,DUBAI",04-3965891
HEALTH FIRST PHARMACY 48,DUBAI,---,,"SHOP NO 5,JUMEIRAH ROAD,OPPOSITE TO SPINNEYS,JUMEIRAH 1, DUBAI",04-3430616
HEALTH FIRST PHARMACY 52,DUBAI,---,,"WHITE CROWN TOWER BUILDING, GROUND FLOOR,34 SHEIKH ZAYED RD,DUBAI",04-3253056
W WILSON SEVEN PHARMACY LLC,DUBAI,---,,"ALI AHMED OBAID ESSA BUKARROOD SHOPS, GROUND FLOOR, ALAM SUPER MARKET, MUHAISNA SECOND",04-4472202
PRIMACARE PHARMACY LLC,DUBAI,---,,"MEZANINE FLOOR, AL MUSALLA TOWER, AL FAHIDI METRO STATION EXIT 4, AL HAMRIYA",04-2249769
SUSTAINABLE LIFE PHARMACY LLC,DUBAI,---,,"B-1, THE SUSTAINABLE CITY, AL WAHDA AL SAFA 7, DUBAI U.A.E",04-5610000
LIFE PHARMACY 7 LLC,DUBAI,---,,AL FURJAN SOUTH UNIT FRJP-R-24 DUBAI U.A.E,04-5610000
ASTER PHARMACY 143 BR. OF ASTER PHARMACIES GROUP LLC,DUBAI,---,,"THE RIBBON BUILDING NO. 2, AL HEBIAH FIRST, PLOT 94-0 MOTOR CITY",04-4430474
ASTER PHARMACY 157 BR. OF ASTER PHARMACIES GROUP LLC,DUBAI,---,,"R531 A,DAR AL WASL BUILDING, AL WASL ROAD NEAR SAFA",04-3867820
ASTER PHARMACY 205 BR. OF ASTER PHARMACIES GROUP LLC,DUBAI,---,,"PVE-G-02, PLAM VIEWS EAST BUILDING PALM JUMEIRA",04-4221521
ASTER PHARMACY 201 BR. OF ASTER PHARMACIES GROUP LLC,DUBAI,---,,"SHOP NO. 3, AL MANA TOWER,NEXT TO CROWN LAZA HOTEL, SHEIKH ZAYED ROAD",04-3209481
FAITH PHARMACY,DUBAI,---,,"MOHAMMED AHMED BUILDING, NEAR AL FUTTAIM MASJID, NAIF ROAD, DEIRA",04-2365626
SUPER CARE PHARMACY 44,DUBAI,---,,MOTOR CITY DUBAI,04-3504500
SUPER CARE PHARMACY 43,DUBAI,---,,BURJUMAN MALL DUBAI,04-3504500
LIFE PHARMACY 5 LLC,DUBAI,---,,"SHOP#AT040A,FIRST FLOOR, DUBAI FESTIVAL CITY MALL, DUBAI",04-5610000
LIFE ISLAND PHARMACY BR OF LIFE PHARMACY 3 LLC,DUBAI,---,,"UNIT NO: JI-B5 -RI-05D,JUMERIAH,PAVILION MASTER COMMUNITY, DUBAI.",04-5610000
LIFE PHARMACY LLC BRANCH,DUBAI,---,,"SHOP # 1, CLOVER BAY TOWER, BUSINESS BAY, DUBAI",04-5610000
ASTER AL HAYAT PHARMACY BR. OF ASTER PHARMACIES GROUP LLC,DUBAI,---,,"SHOP NO 3,EASA SALEH AL GURG BUILDING,NEAR TO AL ADIL SUPER MARKET, ROLLA STREET,BURDUBAI",04-3552633
ASTER PHARMACY 204 BR OF ASTER PHARMACIES GROUP LLC,DUBAI,---,,"AL QUSAIS BUILDING, DAMASCUS STREET, NEAR GRAND HOTEL, AL QUSAIS",04-2203889
ASTER PHARMACY 152 BR OF ASTER PHARMACIES GROUP LLC,DUBAI,---,,"FOOD COURT 3,COMMERCIAL CENTER, JEBEL ALI FREE ZONE SOUTH, NEAR ACCESS CLINIC",04-8809102
ASTER PHARMACY 158 BR OF ASTER PHARMACIES GROUP LLC,DUBAI,---,,"CHURCHIL TOWER, AL AAMAL STREET,BUSINESS BAY",04-2438618
SUPER CARE PHARMACY 41,DUBAI,---,,"WATER FRONT MARKET, CORNICHE DEIRA, DUBAI",04-2248640
LIFE AL YALAYIS 1 BR.OF LIFE PHARMACY 3 LLC,DUBAI,---,,"AL QUDRA STREET, AL REEM TOWER, DUBAI",04-5610000
HALA PHARMACY 19,DUBAI,---,,"AL WARSA, P-17 INTERNATIONAL CITY, DUBAI",04-5610000
LIFE AL BARSHA SOUTH FOURTH BR. OF LIFE PHARMACY LLC,DUBAI,---,,"SHOP NO. G01-B, MANHATTAN BUILDING, NEAR CHOITHRAM , JVC VILLAGE, ÊAL BARSHA SOUTH FOURTH COMMUNITY, DUBAI",04-2417418
BANIYAS LIFE PHARMACY BR. OF LIFE PHARMACY LLC,DUBAI,---,,"AL ASHRFIAH BUILDING, NEAR CLOCK TOWER, DEIRA, DUBAI - UAE",04-2550173Ê
LIFE AL MIZHAR FIRST BR. OF LIFE PHARMACY,DUBAI,---,,"UNIT NO. 2630, ARABIAN CENTER, AL MIZHAR, DUBAI",04-2360046
LIFE ALHAMRIYA BR. OF LIFE PHARMACY LLC,DUBAI,---,,"UNIT A, GROUND FLOOR, FATHIMA HYPERMARKET, KHALID BIN AL WALEED RD., BUR DUBAI",04-3571148
LIFE TWO PHARMACY LLC BRANCH,DUBAI,---,,"SHOP # G84 & G85,BAY AVENUE- BUSINESS BAY,NEXT TO WHSMITH DUBAI",04-5520750
KARAMA LIFE PHARMACY BR OF LIFE PHARMACY L L C,DUBAI,---,,"SHOP NO. 1 & 2 , AL KARAMA BUILDING , KARAMA , DUBAI",04-3450875
AL RAZI PHARMACY,DUBAI,---,,"MAI TOWER GROUND FLOOR, SHOP NO.1.AL NAHDA 1",04-2208503
MEDI PRIME PHARMACY AL QUSAIS BR OF MEDI PRIME PHARMACY LLC,DUBAI,---,,"AL QUSAIS PLAZA,GROUND FLOOR DUBAI ,U.A.E",04-6079876
NEW SILICON PHARMACY BR. OF LIFE PHARMACY,DUBAI,---,,"RETAIL 01,LE PRESIDIUM TOWER,DUBAI SILICON OASIS,DUBAI",04-3204410
REAL 7 PHARMACY DMCC BRANCH,DUBAI,---,,"SHOP PL-7,LAKE TERRACE CLUSTER D, JUMEIRA LAKE TOWERS DUBAI",04-2428798
NAD AL HAMAR PHARMACY,DUBAI,---,,"AL QUOZ OFFICE BLOCK, NEAR TO AL KHAIL MALL, AL QUOZ INDUSTRIAL AREA, DUBAI",04-3284298
AL TAMIMI PHARMACY,DUBAI,---,,"MOHD AHMED AL RAEES BUILDING, BEHIND AL QUOZ BOWLING CENTRE, NEXT TO AL QUOZ HEALTH CENTRE, AL QUOZ, DUBAI",04-3381455
AL TAMIMI NEW PHARMACY,DUBAI,---,,"NAJMA BUILDING, BEHIND OASIS CENTRE, AL QUOZ BOWLING CENTRE ROAD, OPP. JMART SUPER MARKET, DUBAI.",04-3381913
MURIAT PHARMACY LLC,DUBAI,---,,"KML BUILDING NO:3, NEAR DUNES HOTEL, OUD METHA, DUBAI.",04-3796771
MASHREQ PHARMACY,DUBAI,---,,"BIN HINDI BUILDING, OPP. FORTUNE GRAND HOTEL, BEHIND SUNRISE SUPER MARKET, AL QUSAIS, DUBAI.",04-2634081
ROKN AL MEZHER PHARMACY,DUBAI,---,,"NASER LOUTAH BUILDING AL QUSAIS,NEAR TO AIRPORT FREEZONE METRO STATION, NEXT TO FILLI TEA, AL QUSAIS, DUBAI.",04-2635469
QALB AL IMAN PHARMACY,DUBAI,---,,"DR.HASAN IBRAHIM AL MARZOOKI BUILDING,NEXT TO KHALID MASJID, DEIRA, DUBAI.",04-2723240
FAITH WAY PHARMACY LLC,DUBAI,---,,"JUMEIRA TERRACE BUILDING,J.T.S MEDICAL CENTRE BUILDING, OPPOSITE UNION HOUSE, 2ND DECEMBER STREET, JUMEIRA-1",04-3798953
AL SAFA AL QUOZ PHARMACY,DUBAI,---,,"KHALIFA DHALEN ABDULLA AL MUHAIRI,BEHIND AL QUOZ BOWLING CENTRE, AL QUOZ FIRST BLOCK NO:1189, AL QUOZ",04-3808824
GRAND MURIAT PHARMACY LLC,DUBAI,---,,"ALI BIN SALEM BIN JASSIM MOSQUE BUILDING,BEHIND AL HAMRIYA POST OFFICE, HAMRIYA, DEIRA, DUBAI",04-2639986
THUMBAY PHARMACY LLC BRANCH,DUBAI,---,,"NEAR MARHABA MALL, RAS AL KHOR DUBAI",04-3201400
GOLD LIFE PHARMACY BR OF LIFE PHARMACY LLC,DUBAI,---,,"UNIT NO. GDP-5-G-R5-004, GOLD AND DIAMOND PARK, DUBAI",04-3410243
YASSAT LIFE PHARMACY,DUBAI,---,,"SHOP NO. 7 & 8 , GROUND FLOOR , CALIBER PLAZA, DUBAI PRODUCTION CITY Ê, DUBAI",04-5610000
PREMIER PHARMACY,DUBAI,---,,"SHOP # 2, KINGS COLLEGE HOSPITAL BUILDING, UMM SUQUIM FIRST, JUMEIRAH, DUBAI.",04-3411429
SNOWDONIA PHARMACY,DUBAI,---,,"VILLA 18, NEAR UNION COOPERATIVE,AL WASL ROAD,UMM SUQUEIM 2",04-3383100
LIFE AL BARSHA FOURTH 2 BR OF LIFE PHARMACY LLC,DUBAI,---,,"SHOP NO. 1, PRIME BUSINESS CENTER A, AL BARSHA SOUTH FOURTH (PLOT NO: 240), DUBAI",04-5610000
MEDI PRIME PHARMACY MOTOR CITY BR OF MEDI PRIME PHARMACY LLC,DUBAI,---,,"FIRST AVENUE MALL,1ST FLOOR ,MOTOR CITY ,DUBAI U.A.E",04-7070157
SAHARA AL MANKHOOL PHARMACY L L C,DUBAI,---,,"THE TRIO 3 BLDG.,GROUND FLOOR SHOP NO.2,OPPOSITE TO AL NAHDA SUPER MARKET,AL NAHDA 2,DUBAI U.A.E",04-2554227
NEW MANKHOOL PHARMACY L L C,DUBAI,---,,"VILLA NO. 108,NEXT TO EXIT 2 OF ADCB METRO STATION, AL MANKHOOL AREA, AL KARAMA",04-3858580
LIFE PHARMACY DIP 2 BR OF LIFE PHARMACY LLC,DUBAI,---,,"UNIT NO.6,RAMLA MALL, DIP, DUBAI",04-5610000
LIFE PHARMACY LLC DMCC BR,DUBAI,---,,"G11, DUBAI GATE 1, JUMEIRAH LAKES TOWERS, DUBAI",04-5610000
MEDI PRIME PHARMACY REEF MALL,DUBAI,---,,"SHIEKH SAUD BUILDING, SHOWROOM # 1, GROUND FLOOR, SALAHUDDIN ROAD, DUBAI, UNITED ARAB EMIRATES",04-2720720
ASTER PHARMACY 131 BR OF ASTER PHARMACIES GROUP LLC,DUBAI,---,,"SHOP NO. 17,TRIO BLDG.,AL BARSHA FIRST,DUBAI",04-3475733
ASTER PHARMACY 150 BR OF ASTER PHARMACIES GROUP LLC,DUBAI,---,,"SHOP NO.6,PINNACLE TOWER,MARINA,MARSA,DUBAI",04-3794306
LIFE PHARMACY L L C BRANCH,DUBAI,---,,"UNIT 134, NEXT TO I CARE CLINIC, GROUND FLOOR, LAMCY PLAZA, DUBAI.",04-3966711
AXON MEDICA PHARMACY LLC,DUBAI,---,,"BLDG. NO. 8, GROUND FLOOR,THE GARDENS , JABEL ALI, DUBAI U.A.E",04-4213377
LIFE PHARMACY 10 BR. OF LIFE PHARMACY LLLC,DUBAI,---,,"SHOP NO. 6, GROUND FLOOR , AL FATTAN SHOPPING CENTRE ,JBR ,WALK,DUBAI",04-5610000
SUPERCARE PHARMACY LLC BRANCH,DUBAI,---,,"RETAIL NO.2,7TH TOWER COMPLEX, EMIRATES TOWER 4, DSO,DUBAI",04-3886307
GOLF COMMUNITY PHARMACY,DUBAI,---,,"THE FAIRWAY CENTRE ,JUMEIRA GOLF ESTATE,DUBAI",04-2771814
MEDICINA PHARMACY 39,DUBAI,---,,"NEAR TO SPINNEYS MARKET,UPTOWN MIRDIFF,DUBAI",04-2883898
LIFE AL RIQQA2 BR OF LIFE PHARMACY LLC,DUBAI,---,,"SHOP NO. AGC 30,GROUND FLOOR,AL GHURAIR CENTRE,DUBAI",04-5610000
JADAF LIFE PHARMACY BR OF LIFE PHARMAVY LLC,DUBAI,---,,"RETAIL#1, RIAH TOWERS, CULTURE VILLAGE, AL JEDDAF, DUBAI - UAE",04-5610000
THE POINT LIFE PHARMACY BR OF LIFE PHARMACY LLC,DUBAI,---,,"NEXT TO REEL CINEMAS , THE POINTE , PALM JUMEIRAH, DUBAI, UAE",04-5610000
LA RIVIERA LIFE PHARMACY BR OF LIFE PHARMACY LLC,DUBAI,---,,"UNIT S02 IN LA RIVIERA TOWER, DUBAI MARINA,DUBAI",04-5610000
PHARMACHOICE PHARMACY OWN BY DR. SULAIMAN AL HABIB HOSPITAL ONE PERSON LLC,DUBAI,---,,"PLOT NO. 357-0709,AL SAFA 2,SHEIKH ZAYED ROAD DUBAI",04-5813340
MEDIPRIME PHARMACY BARSHA HEIGHTS BRANCH LLC,DUBAI,---,,"THE ONYX TOWER 1, GROUND FLOOR, THE GREEN (AL THANYAH THIRD), DUBAI",04-7070999
C C S LIFE PHARMACY BR OF LIFE PHARMACY,DUBAI,---,,"UNIT NO. 2, GROUND FLOOR, SHINDAGHA CITY CENTRE, BUR DUBAI, DUBAI",04 5610000
HAMRIYA LIFE PHARMACY L L C,DUBAI,---,,"GROUND FLOOR,UNION CO-OPERATIVE SOCIETY,HAMRIYA SHOPPING CENTRE,DEIRA HOR AL ANZ EAST,DUBAI",04 5610000
JBR LIFE PHARMACY 2 BR OF LIFE PHARMACY LLC,DUBAI,---,,"SHOP NO 2406, GROUND FLOOR, THE BEACH Ð JBR , DUBAI UAE Ê",04 5610000
TOWN SQUARE LIFE PHARMACY BR OF LIFE PHARMACY LLC,DUBAI,---,,"UNIT NO. 4, GROUND FLOOR, TOWN SQUARE DEVELOPMENT ZAHRA APARTMENTS, DUBAI Ð UAE",04 5610000
MEDI PRIME PHARMACY JUMEIRAH BRANCH LLC,DUBAI,---,,"AL FERDOUS 1 BLDG, GROUND FLOOR, AL SAFA ,JUMEIRA DUBAI",04-7070999
ASTER PHARMACY 156 BR OF ASTER PHARMACIES GROUP LLC,DUBAI,---,,"SHOP NO. 6, SAPPHIRE MALL, DUBAI INDUSTRIAL CITY, NEAR TO AL MAKTOUM INTERNATIONAL AIRPORT, DUBAI",04-587791
S Z R LIFE PHARMACY BR OF LIFE PHARMACY LLC,DUBAI,---,,"SHOWROOM NO. 2, AL KAWAKEB (D BLOCK), SHEIKH ZAYED ROAD, DUBAI Ð UAE",04 5610000
LIFE PHARMACY JVT 2 BR OF LIFE PHARMACY LLC,DUBAI,---,,"SHOP NO. R01, NEXT TO TRIANGLE SUPERMARKET, GREEN PARK BUILDING, JVT, DUBAI - ÊUAE",04 5610000
LIFE PHARMACY DAMASCUS BR OF LIFE PHARMACY LLC,DUBAI,---,,"SHOP NO.1, NEXT TO AL KABAYL CENTER ,AL QUSAIS 2 BLDNG., DAMASCUS STREET, ÊAL QUSAIS, DUBAI - ÊUAE",04 5610000
THUMBAY PHARMACY 11 BRANCH OF THUMBAY PHARMACY LLC,DUBAI,---,,"AL KHALEEJ ROAD,INSIDE DUBAI HOSPITAL BLDG.",04-2722011
THUMBAY PHARMACY 16 BRANCH OF THUMBAY PHARMACY LLC,DUBAI,---,,"SHEIKH RASHID ROAD,3B STREET,MASJID AL ANSAR BLDG,AL QUSAIS",04-2637991
THUMBAY PHARMACY DMCC,DUBAI,---,,"JUMEIRAH LAKE TOWER S,CLUSTER D,JUMEIRA DUBAI",04 3686411
MEDICOM PHARMACY 34 LLC,DUBAI,---,,"NEAR AL NAHDA METRO STATION,AL QUSAIS",04-2544001
ASTER PHARMACY 159 BR OF ASTER PHARMACIES GROUP LLC,DUBAI,---,,"SHOP NO.5, AL MANAR TOWER, OPPOSITE HYUNDAI SHOWROOM, CORNICHE ROAD, RASHIDIYA 3",06-7453226
LIFE PHARMACY 16 BR OF LIFE PHARMACY LLC,DUBAI,---,,"UNIT NO. R-18, GROUND FLOOR Ð BLUEWATERS RESIDENCES 8, MARSA, DUBAI, UAE",04-5610000
LIFE PHARMACY 15 BR OF LIFE PHARMACY LLC,DUBAI,---,,"SHOP NO.13, BAYAT COMPLEX, HOR AL ANZ EAST, DUBAI, UAE",04-5610000
LIFE PHARMACY 18 BR OF LIFE PHARMACY LLC,DUBAI,---,,"SHOP NO. 6, GROUND FLOOR Ð CITY WALK 1, DUBAI, UAE",04-5610000
WARSAN LIFE PHARMACY BR OF LIFE,DUBAI,---,,"BUILDING 28, SHOP NO 11,13,14,15,16, FRANCE CLUSTER, INTERNATIONAL CITY, DUBAI, UAE",04-5610000
HEALTH POINT PHARMACY LLC,DUBAI,---,,"UNIT NO. 2 & 3, CHAIMAA PREMIERE, JVC, AL BARSHA SOUTH FOURTH, DUBAI",04-5610000
LIFE PHARMACY I B M BR OF LIFE PHARMACY LLC,DUBAI,---,,"UNIT NO. IBS-GF-078, PERSIA COURT, IBN BATTUTA MALL, DUBAI",04-5610000
LIFE PHARMACY 12 BR OF LIFE PHARMACY LLC,DUBAI,---,,"SHOP 1, THE TOWER, FINANCIAL CENTRE, SHEIKH ZAYED ROAD, DUBAI , UAE",04-5610000
LIFE PHARMACY IBM 2 BR OF LIFE PHARMACY LLC,DUBAI,---,,"UNIT NO.IBS-GF-54 & IBS-GF-54A, COURT-S, IBN BATTUTA MALL, DUBAI, UAE",04-5610000
HALA PHARMACY LLC - BRANCH 28,DUBAI,---,,"SHOP 1, UNIT NO. 1006, OASIS MALLS, SHARJAH UAE",04-5610000
EMIRATES PHARMACY LLC BRANCH (KARAMA),DUBAI,---,,BUILDING NO R364 AL KARAMA AREA,04-3872555
EMIRATES PHARMACY LLC BRANCH (MOTOR CITY),DUBAI,---,,"NAD AL SHEBA,MOTOR CITY,DUBAI",04-5549370
LIFE PHARMACY 11 BR OF LIFE PHARMACY LLC,DUBAI,---,,"SHOP NO.2, NEAR CREATIVE MINDS SHOP, Ê BARSHA, UMM SUQEIM ROAD, DUBAI - UAE",04-5610000
LIFE PHARMACY 37 (BR OF LIFE PHARMACY LLC) (FORMERLY KNOW AS CREEK LIFE PHARMACY BR OF LIFE PHARMACY),DUBAI,---,,"UNIT NO. DCR-A001-GFR-04, GROUND FLOOR, DUBAI CREEK RESIDENCE, DUBAI",04-5610000
LIFE PHARMACY VILLAGE MALL BR OF LIFE PHARMACY LLC,DUBAI,---,,"SHOP NO: 24 & 25, THE VILLAGE MALL, JUMEIRAH FIRST, DUBAI Ê- UAE",04-5610000
LIFE PHARMACY DWTC BR OF LIFE PHARMACY LLC,DUBAI,---,,"SHOP NO: R021.02, CONCOURSE 1, DUBAI WORLD TRADE CENTRE, DUBAI - UAE",04-5610000
CITY LAND LIFE PHARMACY BR OF LIFE PHARMACY LLC,DUBAI,---,,"UNIT NO. 260, CITY LAND THE MALL, WADI AL SAFA, DUBAI Ð UAE",04-5610000
LIFE PHARMACY BARSHA HEIGHTS BR OF LIFE PHARMACY LLC,DUBAI,---,,"SHOP NO :8 , AL SHAIBA TOWER , BARSHA HEIGHTS ( TECOM)Ê , DUBAI Ð UAE",04-5610000
TOWN LIFE PHARMACY L.L.C.-ABU DHABI,DUBAI,---,,"UNIT NO, RA 18 (A15), OPP. ABU DHABI COOP, GROUND FLOOR, ABU DHABI MALL, ABU DHABI - UAE",04-5610000
LIFE PHARMACY JVT 2 BRANCH OF LIFE PHARMACY LLC,DUBAI,---,,"SHOP NO. R01, NEXT TO TRIANGLE SUPERMARKET, GREEN PARK BUILDING, JVT, DUBAI - ÊUAE",04-5610000
S Z R LIFE PHARMACY BR OF LIFE PHARMACY LLC,DUBAI,---,,"SHOWROOM NO. 2, AL KAWAKEB (D BLOCK), SHEIKH ZAYED ROAD, DUBAI Ð UAE",04-5610000
TOWN SQUARE LIFE PHARMACY BR OF LIFE PHARMACY LLC-DUBAI,DUBAI,---,,"UNIT NO. 4, GROUND FLOOR, TOWN SQUARE DEVELOPMENT ZAHRA APARTMENTS, DUBAI Ð UAE",04-5610000
JBR LIFE PHARMACY 2 BR OF LIFE PHARMACY LLC-DUBAI,DUBAI,---,,"SHOP NO 2406, GROUND FLOOR, THE BEACH Ð JBR , DUBAI UAE",04-5610000
HAMRIYA LIFE PHARMACY LLC-DUBAI,DUBAI,---,,"GROUND FLOOR,UNION CO-OPERATIVE SOCIETY,HAMRIYA SHOPPING CENTRE,DEIRA HOR AL ANZ EAST,DUBAI",04-5610000
CCS LIFE PHARMACY BR OF LIFE PHARMACY-DUBAI,DUBAI,---,,"UNIT NO. 2, GROUND FLOOR, SHINDAGHA CITY CENTRE, BUR DUBAI, DUBAI",04-5610000
MAS LIFE PHARMACY BR OF LIFE PHARMACY LLC (FORMERLY KNOWN AS LIFE PHARMACY 80 BR OF LIFE PHARMACY LLC),DUBAI,---,,"UNIT NO. P1-08-1, MARSA AL SEEF,Ê DUBAI - UAE",04-5610000
ASTER PHARMACY 104 BR OF ASTER PHARMACIES GROUP LLC,DUBAI,---,,"SHOP NO.1 , HANBAL SHAFIE AL MADANI BUILDING, AL WARQA-1, NEAR ASTER ORTHO CLINIC, AL WARQA",04-2829440
ZABEEL PHARMACY LLC-DUBAI,DUBAI,---,,"SHOP NO:2, BLUE BAY TOWER, MARASI DRIVE STREET, BUSINESS BAY, NEAR TO STEIGENBERGER",04-5897129
LIFE PHARMACY FZ-LLC,DUBAI,---,,"UNIT NO. 09RI, BUILD. NO. 64, DISTRICT 1, BLOCK D, GROUND FLOOR, DHCC, DUBAI Ð UAE",04-5610000
C C M LIFE PHARMACY BR OF LIFE PHARMACY,DUBAI,---,,"UNIT NO. D006A, GROUND FLOOR, MIDRIFF CITY CENTRE, DUBAI - UAE",04-5610000
LIFE PHARMACY N K MALL BR OF LIFE PHARMACY LLC,DUBAI,---,,"UNIT NO. NKM-B-1010 & NKM-B-1011, NAKHEEL MALL, DUBAI",04-5610000
LIFE PHARMACY 26 (BR OF LIFE PHARMACY L.L.C) (FORMELRY KNOWN AS LIFE PHARMACY HILLS BR OF LIFE PHARMACY LLC ),DUBAI,---,,"SHOP NUMBER R VCC A8, ARABIAN RANCHES I, DUBAI, UAE",04-5610000
LIFE PHARMACY MARINA BR OF LIFE PHARMACY LLC,DUBAI,---,,"GROUND FLOOR, DEC DUBAI MARINA TOWER 2, CHOITRAMS - MARINA, DUBAI",04-5610000
HEALTHHUB PHARMACY BR OF ALFUTTAIM HEALTHCARE SINGLE PERSON COMPANY,DUBAI,---,,"MANAZEL DEIRA BUILDING,GROUND FLOOR,NEXT TO FORTUNE PLAZA HOTEL , QUSAIS DUBAI",8002344
ASTER PHARMACY 160 BR OF ASTER PHARMACIES GROUP LLC,DUBAI,---,,"UNIT NO:M11, JABAL ALI SHOPPING CENTER, NEAR TO RAMLA MARKET, 86 STREET, DUBAI INVESTMENTS PARK 1, DIP",04-8847176
LIFE PHARMACY DUSSELDORF BR OF LIFE PHARMACY LLC,DUBAI,---,,"SHOP NO. 4, DUSSELDORF BUSINESS POINT, AL BARSHA-1, DUBAI Ð UAE",04-5610000
LIFE PHARMACY DFC BR OF LIFE PHARMACY LLC,DUBAI,---,,"UNIT NO. - RC-021, FIRST FLOOR, DUBAI FESTIVAL CITY, DUBAI UAE",04-5610000
LIFE PHARMACY MARINA WALK BR OF LIFE PHARMACY LLC,DUBAI,---,,"UNIT NO. GA2, GROUND FLOOR, DUBAI MARINA TOWERS RETAIL, MARINA WALK, DUBAI - UAE",04-5610000
HALA PHARMACY LLC - BRANCH 42,DUBAI,---,,"UNIT # 14 & 15, GROUND FLOOR, NESTO HYPERMARKET, BUTINA, SHARJAH - UAE",04-5610000
LIFE AL WARQA 2 BR OF LIFE PHARMACY LLC,DUBAI,---,,"SHOP NO. 5, GROUND FLOOR, AL JABRI BUILDING, AL WARQA FIRST, DUBAI Ð UAE",04-5610000
AL TADAWI PHARMACY,DUBAI,---,,"AL MASOOD TOWER,GROUND FLOOR,PORT SAEED ROAD,DEIRA",04-2943266
AL RASHEED PHARMACY,DUBAI,---,,"SHOP # 7-8, GROUND FLOOR, AL MAKTOUM BUILDING, OMAR BIN AL KHATTAB ROAD, AL BARAHA, DEIRA",04-2721108
ROCK STAR PHARMACY LLC,DUBAI,---,,"SHOP NO 1 & 2, GROUND FLOOR,LULU HYPERMARKET HAMRIYA,SHEIKH KHALIFA BIN ZAYED STREET,OPPOSITE TO MEDEOR HOSPITAL ,BUR DUBAI",04-2348277
EMIRATES PHARMACY LLC BRANCH,DUBAI,---,,"BUILDING 18,GROUND FLOOR ,STREET 1 ZEN CLUSTER DISCOVERY GARDEN",80042273
STAY WELL PHARMACY BR OF UNITED MEDICAL SUPPLIES UNIMED LLC,DUBAI,---,,"GALLERIA MALL,AL BARSHA, DUBAI, UAE",04-5261228
ASTER PHARMACY 156 BROF ASTER PHARMACIES GROUP LLC,DUBAI,---,,"SHOP NO. 6, SAPPHIRE MALL, DUBAI INDUSTRIAL CITY, NEAR TO AL MAKTOUM INTERNATIONAL AIRPORT, DUBAI",04-5877191
ASTER MEDICAL CENTRE PHARMACY AL MUHAISNA BR OF DM HEALTHCARE LLC,DUBAI,---,,"SHOP NO1, ZARAA RESIDENCE 1, MUHAISNAH 4, LULU VILLAGE, BEHIND ST.MARY'S CATHOLIC HIGH SCHOOL,DUBAI",04-5479070
NICE LIFE PHARMACY-DUBAI,DUBAI,---,,"GROUND FLOOR, SHOP NO: AG 12, AL HUDAIBA AWARDS BUILDING, BLOCK A, 2ND DECEMBER INTERCHANGE, JUMEIRAH ROAD, BURDUBAI",04-3092900
AL NEEM GREEN PHARMACY L.L.C,DUBAI,---,,BRIGHT MEDICAL CENTER BUILDING;GROUND FLOOR;ALQUOZ 3;DUBAI,04-3355557
AL NEEM GRAND PHARMACY L.L.C,DUBAI,---,,FRESH MASCO HYPERMARKET;GROUND FLOOR ;MUHAISNAH-4 ;DUBAI,04-2237770
ASTER PHARMACY 161 BR OF ASTER PHARMACIES GROUP LLC,DUBAI,---,,"MN36500 86125, MARHABA MALL, SAMARI RESIDENCE, RAS AL KHOR ROAD, AWEER, DUBAI",04-3424262
ASTER PHARMACY 164 BR OF ASTER PHARMACIES GROUP LLC,DUBAI,---,,"SHOP NO. R-7B, TOWER-D, SKY COURTS, DUBAI AL AIN ROAD, DUBAI LAND, DUBAI",04-3208941
LIFE PHARMACY 22 BR OF LIFE PHARMACY LLC,DUBAI,---,,"INSIDE CARREFOUR, MALL OF THE EMIRATES, DUBAI, UAE",04-5610000
LIFE PHARMACY 20 BR OF LIFE PHARMACY LLC,DUBAI,---,,"INSIDE CARREFOUR, DEIRA CITY CENTRE, DUBAI, UAE",04-5610000
LIFE PHARMACY 19 BR OF LIFE PHARMACY LLC,DUBAI,---,,"INSIDE CARREFOUR, MIRDIFF CITY CENTRE, DUBAI, UAE",04-5610000
LIFE PHARMACY 13 BR OF LIFE PHARMACY,DUBAI,---,,"SHOP NO.1, CARREFOUR, AL HUDAIBA, DUBAI Ð UAE",04-5610000
LIFE PHARMACY 29 BR OF LIFE PHARMACY,DUBAI,---,,"UNIT NO. G 030, GROUND FLOOR, CITY CENTRE MEAISEM, DUBAI UAE",04-5610000
LIFE PHARMACY 25 BR OF LIFE PHARMACY LLC,DUBAI,---,,"UNIT Ê6 TO 12, AJSM INVESTMENT BUILDING, (OLD FAMILY SUPERMARKET), ÊKARAMA, DUBAI - UAE",04-5610000
LIFE PHARMACY 17 BR OF LIFE PHARMACY LLC,DUBAI,---,,"UNIT NO NC 03, GROUND FLOOR, AL KHAWANEEJ MALL DUBAI",04-5610000
LIFE PHARMACY 21 BR OF LIFE PHARMACY LLC,DUBAI,---,,"UNIT NO: .LG 168, LOWER GROUND FLOOR, WAITROSE ENTRANCE , THE DUBAI MALL, DUBAI - UAE",04-5610000
MADINAT AL QOUZ PHARMACY LLC,DUBAI,---,,"FARNEK BULDING - SHOP NO : 3- BACK SIDE OF AL KHAIL MALLAL QOUZ INDUSTRIAL AREA,",04-3388522
NAHDA AL NASEEM PHARMACY LLC,DUBAI,---,,"GROUND FLOOR, AL NAHDA BUILDING, BAGHADAD STREET, DUBAI - LANDMARK: NEAR NMC SPECIAL CARE",04-2581920
NEW AL SUWAIDI PHARMACY LLC,DUBAI,---,,"SHOP # 4 , BEARL BUILDING - NEAR TO AL DHIYAFA BUS STOP SATWA - DUBAI - UAE",04-3859219
ORBITÊ STAR PHARMACYÊ LLCÊ,DUBAI,---,,"SHOP Ð 5 -AL ATTAR BUSINESS AVENUE , NEAR MUHAISNAH MADINA MALL -BARSHA 1 , DUBAI",04-2348918
DAR AL NOOR PHARMACY,DUBAI,---,,"SHOP NO 1,2 - SHAIBAN BUILDING - NAIF ROAD - DEIRA",04-2322080
MEDI PLUS PHARMACY LLC,DUBAI,---,,"INSIDE ZAHRA HOSPITAL Ð DUBAI, NEAR TO SHARAF DJ METRO STATION, SHEIKH ZAYED RD, AL BARSHA 1",04-2244418
FAJER MIRDIF PHARMACY L.L.C,DUBAI,---,,"SHOP NO.5, BURJ NAHAR BUILDING-OPP. SNOWHITE, OMAR BIN AL KHATTAB ROAD-NEAR. FISH ROUNDABOUT - MUTEEN, DEIRA-DUBAI",04-3437636
AL GHUBAIBA PHARMACY LLC,DUBAI,---,,"G FLOOR, 14, 13B STREET, AL SOUQ AL KABEER Ð 312, OPP. AL GHUBAIBA BUS STATION- -BUR DUBAI",05-63451783
NEW HEALTH SIGN PHARMACY L.L.C,DUBAI,---,,"SHOP #2, BOOKASH BUILDING, ÊNEAR ASTORIA HOTEL, BUR DUBAI, UAE.",05-63451939
ZAHRATH AL NEEM PHARMACY LLC,DUBAI,---,,"GEEPASS BUILDING - ARJAN, DUBAI",04-582 4333
LIFE PHARMACY 46 BR OF LIFE PHARMACY LLC,DUBAI,---,,"SHOP NO: 2, TALAL TOWER, PLOT 231-326, AL NAHDA, DUBAI, UAE.",04 5610000
LIFE PHARMACY 48 BR OF LIFE PHARMACY LLC,DUBAI,---,,"UNIT NO. 1410, GROUND FLOOR, ARABIAN CENTRE, AL MIZHAR, DUBAI,UAE",04 5610000
LIFE PHARMACY 24 BR OF LIFE PHARMACY LLC,DUBAI,---,,"UNIT NO. G-D-14, DRAGONMART COMPLEX 2, DUBAI, UAE",04 5610000
LIFE PHARMACY 51 BR OF LIFE PHARMACY LLC,DUBAI,---,,"UNIT NO. GM2-B-7-RT-23 B, GOLDEN MILE GALLERIA, DUBAI, UAE",04 5610000
MEDI PRIME PHARMACY AL WARQA (BR OF MEDI PRIME PHARMACY (LLC) ),DUBAI,---,,"AL WARQA CITY MALL GROUND FLOOR,AL WARQA 3",04-7070999
LIFE PHARMACY 57 BR OF LIFE PHARMACY LLC(FORMERLY KNOWN AS HALA PHARMACY BR OF LIFE PHARMACY LLC ),DUBAI,---,,"SHOP # 24 / RETAIL # 23, FIRST AVENUE MALL - MOTOR CITY - DUBAI",04-5610000
LIFE PHARMACY 53 BR OF LIFE PHARMACY LLC,DUBAI,---,,"PRIME RESIDENCE 1, AL WARSAN FIRST, DUBAI",04-5610000
LIFE PHARMACY 54 BR OF LIFE PHARMACY LLC,DUBAI,---,,"GFR04, GROUND FLOOR, DUBAI CREEK RESIDENCE SOUTH PODIUM, DUBAI",04-5610000
AL OMARAA PHARMACY (L.L.C),DUBAI,---,,"GROUND FLOOR, PYRAMID BUILDING, AL KARAMA, DUBAI, UAE",04-396 9221
NAHDA SAHARA PHARMACY L.L.C,DUBAI,---,,"OMAIR JUMA SAEED AL FALASI, BEHIND ZULEKHA HOSPITAL, AL NAHDA 2, DUBAI, UAE",04-2582750
NOVO PHARMACY L.L.C (BRANCH),DUBAI,---,,"SHOP 004A, GROUND FLOOR, GALLERIA BUILDING HYATT REGENCY, DEIRA, DUBAI, UAE",04-2391516
SAHARA STAR PHARMACY,DUBAI,---,,"HAMRIYA SHOPPING COMPLEX, HOR AL ANZ EAST, DEIRA, NEAR UNION COOPORATIVE SOCIETY, DUBAI, UAE",04-2688485
PHARMACHOICE PHARMACY OWNED BY DR SULAIMAN AL HABIB HOSPITAL FZ LLC ONE PERSON COMPANY LLC,DUBAI,---,,"BLDG NO. 57,GROUND FLOOR ,UNIT NO. 001",04-4297777
IBN SINA 87 PHARMACY( BR OF IBN SINA GROUP PHARMACIES LLC ),DUBAI,---,,AL QOZE - 2 AL KHAIL STREET ASWAAQ SUPERMARKET AL QUOZ,04-3231128
IBN SINA 77 PHARMACY( BR OF IBN SINA GROUP PHARMACIES LLC ),DUBAI,---,,AMWAJ WALK,04-5645716
IBN SINA 60 PHARMACY (BR OF IBN SINA GROUP PHARMACIES (L.L.C)),DUBAI,---,,RANCHES SOUK(WADI ALSAFA 7),04-4293156
IBN SINA 86 PHARMACY (BR OF IBN SINA GROUP PHARMACIES (L.L.C)),DUBAI,---,,BOX PARK BY MERAAS,04-3427048
IBN SINA 51 PHARMACY (BR OF IBN SINA GROUP PHARMACIES (L.L.C)),DUBAI,---,,JEBEEL ALI - 1 STREET 7 DISCOVERY PAVILION,04-5516175
IBN SINA 71 PHARMACY (BR OF IBN SINA GROUP PHARMACIES (L.L.C)),DUBAI,---,,AL HEBIAH FIRST FIRST AVENUE,04-5667627
BINSINA 55 PHARMACY (BR OF IBN SINA GROUP PHARMACIES (L.L.C)),DUBAI,---,,ALATAR AVENUE CENTER I-RISE,04-5521384
BIN SINA 52 PHARMACY (BR OF IBN SINA GROUP PHARMACIES (L.L.C)),DUBAI,---,,"JUMEIRAH PAVILION, COMMUNITY CENTRE",04-4250584
IBN SINA 81 PHARMACY (BR OF IBN SINA GROUP PHARMACIES (L.L.C)),DUBAI,---,,LA MER,04-3855578
IBN SINA 73 PHARMACY (BR OF IBN SINA GROUP PHARMACIES (L.L.C)),DUBAI,---,,THE MATRIX,04-2424028
IBN SINA 78 PHARMACY(BR OF IBN SINA GROUP PHARMACIES (L.L.C)),DUBAI,---,,AL HEBIAH-1 AL HEBIAH-1 THE NEW SPRINGS VILLAGE,04-4252745
IBN SINA 76 PHARMACY (BR OF IBN SINA GROUP PHARMACIES (L.L.C)),DUBAI,---,,DUBAI MARINA AND JUMEIRA BEACH RIMAL WALK,04-5645492
IBN SINA 74 PHARMACY BR OF IBN SINA GROUP PHARMACIES L L C,DUBAI,---,,AL MEZHAR - 1 KHARTOUM STREET 7 NWZ WEST ZONE MALL L.L.C.,04-2245307
IBN SINA 61 PHARMACY (BR OF IBN SINA GROUP PHARMACIES (L.L.C)),DUBAI,---,,"UMM SUQAIM MALL, COOP",04-3465104
IBN SINA 58 PHARMACY (BR OF IBN SINA GROUP PHARMACIES (L.L.C)),DUBAI,---,,EMAAR SQUARE BUILDING 1,04-4584338
IBN SINA 75 PHARMACY (BR OF IBN SINA GROUP PHARMACIES (L.L.C)),DUBAI,---,,SILICON LA PRESIDIUM,04-2672448
BIN SINA 54 PHARMACY (BR OF IBN SINA GROUP PHARMACIES (L.L.C)),DUBAI,---,,TRADE CENTER - 2 EMIRATES TOWERS,04-3523073
IBN SINA 62 PHARMACY (BR OF IBN SINA GROUP PHARMACIES (L.L.C)),DUBAI,---,,AL HEBIAH-1 DUBAI LAND - MUDON AL SALAM TOWN CENTRE,04-5148927
BINSINA 43 PHARMACY (BR OF IBN SINA GROUP PHARMACIES (L.L.C)),DUBAI,---,,AL BARSHA BOUTIQUE,04-3950305
IBN SINA 39 PHARMACY (BR OF IBN SINA GROUP PHARMACIES (L.L.C)),DUBAI,---,,AL BARSHAA - 2 ASWAAQ MALL BARSHAA 2 ASWAAQ SUPERMARKET,04-3543210
IBN SINA 34 PHARMACY (BR OF IBN SINA GROUP PHARMACIES (L.L.C)),DUBAI,---,,WARQA,04-2804340
IBN SINA GROUP PHARMACIES(L L)BR 32,DUBAI,---,,IBN BATUTTA MALL,04-4233895
IBN SINA 88 PHARMACY (BR OF IBN SINA GROUP PHARMACIES (L.L.C)),DUBAI,---,,ENOC 1019 GAS STATION,04-3940560
IBN SINA 21 PHARMACY-FESTIVAL CITY,DUBAI,---,,DUBAI FESTIVAL CENTRE,04-2839686
BIN SINA PHARMACY,DUBAI,---,,DR.SULAIMAN AL HABIB HOSPITAL BUILDING55,04-4298242
MODERN IBN SINA PHARMACY (BR OF IBN SINA GROUP PHARMACIES ),DUBAI,---,,AL ROWAA 2 - DHIYAFAA STREET,04-3986026
IBN SINA 64 PHARMACY (BR OF IBN SINA GROUP PHARMACIES (L.L.C)),DUBAI,---,,GALLERIA AL BARSHA,04-3205132
IBN SINA TWENTY FIVE PHARMACY( BR OF IBN SINA GROUP PHARMACIES),DUBAI,---,,JUMERAIH BEACH RD. - DUBAI,04-3940934
IBN SINA 44 PHARMACY (BR OF IBN SINA GROUP PHARMACIES (L.L.C)),DUBAI,---,,JUMEIRA TOWER,04-3513249
IBN SINA 80 PHARMACY (BR OF IBN SINA GROUP PHARMACIES (L.L.C)),DUBAI,---,,THE RESISDENCE AT MARINA GATE 1,04-5897405
IBN SINA 38 PHARMACY (BR OF IBN SINA GROUP PHARMACIES (L.L.C)),DUBAI,---,,MIRDIF CITY CENTER,04-2843057
IBN SINA PHARMACY 31 (BR OF IBN SINA GROUP PHARMACIES (L.L.C)),DUBAI,---,,KHARTOUM STREET 111 AL MEZHAR - 2,04-2845875
BIN SINA EMIRATES PHARMACY(LLC),DUBAI,---,,MALL OF THE EMIRATES,04-3410345
IBN SINA 30 PHARMACY (BR OF IBN SINA GROUP PHARMACIES ),DUBAI,---,,ASWAQ MALL - NAD AL HAMAR,04-2845066
IBN SINA PHARMACY (BR OF IBN SINA GROUP PHARMACIES (L.L.C)),DUBAI,---,,MAYDAN BANIYAS DUBAI TOWER - NASER SQ. DUBAI,04-2221071
IBN SINA 83 PHARMACY (BR OF IBN SINA GROUP PHARMACIES (L.L.C)),DUBAI,---,,SOFITEL HOTEL - THE PALM,04-2445750
IBN SINA 29 PHARMACY (BR OF IBN SINA GROUP PHARMACIES ),DUBAI,---,,DUBAI MALL - GROUND FLOOR,04-3398918
IBN SINA 45 PHARMACY (BR OF IBN SINA GROUP PHARMACIES (L.L.C)),DUBAI,---,,NAKHEEL MALL,04-5686691
IBN SINA 40 PHARMACY (BR OF IBN SINA GROUP PHARMACIES (L.L.C)),DUBAI,---,,DUBAI MALL (2ND FLOOR),04-3253410
NEW IBN SINA PHARMACY (BR OF IBN SINA GROUP PHARMACIES (L.L.C)),DUBAI,---,,"DEIRA CITY CENTER, GROUND FL., SHEIKH ZAYED RD.",04-2954367
LIFE PHARMACY 23 BR OF LIFE PHARMCY LLC,DUBAI,---,,"RETAIL UNIT NO. C-02, GROUND FLOOR, MARINA DIAMOND A1, DUBAI MARINA, PO BOX 71246, DUBAI, UAE",04 5610000
CREEK LIFE PHARMACY BR OF LIFE PHARMACY LLC,DUBAI,---,,"UNIT NO. GFR-04, THE DUBAI CREEK RESIDENCES - SOUTH PODIUM, DUBAI UAE",04 5610000
HALA PHARMACY BR OF LIFE PHARMACY LLC,DUBAI,---,,"SHOP NO. 13 & 14, WATERÕS EDGE, BUSINESS BAY, DUBAI, UAE.",04 5610000
MEADOWS LIFE PHARMACY BR OF LIFE PHARMACY LLC,DUBAI,---,,"UNIT NO. GF-32, NEW MEADOWS VILLAGE, DUBAI, UAE",04 5610000
LIFE PHARMACY 44 BR OF LIFE PHARMACY LLC,DUBAI,---,,"GROUND FLOOR - UNIT NO. 1009, OASIS CENTER, DUBAI, UAE.",04 5610000
LIFE SILICON PHARMACY LLC,DUBAI,---,,"SHOWROOM ÊG01, PALACE TOWER T1 , OPPOSITE CHOITHRAM SUPERMARKET , DUBAI SILICON OASIS, DUBAI UAE",04 5610000
LIFE PHARMACY 56 BR OF LIFE PHARMACY LLC,DUBAI,---,,"UNIT NO. B1-S1, GROUND FLOOR, AL SAFA PARK COMPLEX, DUBAI, UAE.",04 5610000
LIFE PHARMACY 58 BR OF LIFE PHARMACY LLC,DUBAI,---,,"UNIT NO. 29, VIDA THE HILLS PODIUM, AL THANYAH THIRD DUBAI.",04 5610000
PHARMACHOICE PHARMACY OWNED BY DR SULAIMAN AL HABIB HOSPITAL FZ LLC ONE PERSON COMPANY LLC,DUBAI,---,,"BLDG NO. 55,GROUND FLOOR ,UNIT NO. G09",04-4297777
IBN SINA 36 PHARMACY (BR OF IBN SINA GROUP PHARMACIES (L.L.C)),DUBAI,---,,"WASL 51, DUBAI",04-3854224
BIN SINA 50 PHARMACY (BR OF IBN SINA GROUP PHARMACIES (L.L.C)),DUBAI,---,,"WASL TRIO,DUBAI",04-2500496
IBN SINA 96 PHARMACY ( BR OF IBN SINA GROUP PHARMACIES L.L.C ),DUBAI,---,,SOUQ EXTRA - 17 10A STREET - AL QUOZAL QUOZ 1 - DUBAI,04-2640718
IBN SINA 98 PHARMACY (BR OF IBN SINA GROUP PHARMACIES L.L.C ),DUBAI,---,,MALL - FESTIVAL BLVD - DUBAI FESTIVAL CITY - DUBAI,04-2325234
IBN SINA 97 PHARMACY (BR OF IBN SINA GROUP PHARMACIES L.L.C ),DUBAI,---,,DUBAI DESIGN DISTRICT - DUBAI,04-8761001
LOTUS PHARMACY LLC,DUBAI,---,,DAMASCUS ST. AL QUSAIS 1 DUBAI,04-3433134
AL TAMIMI NEW PHARMACY LLC (BRANCH),DUBAI,---,,"NEXT TO UAE EXCHANGE AL SATWA, DUBAI UAE",04-3249218
FAITHWAY PHARMACY LLC (BRANCH),DUBAI,---,,"BESIDE WESTZONE SUPERMARKET AL MUTEENA,DUBAI UAE",04-3327827
AL KHAN PHARMACY LLC,DUBAI,---,,SHOP 2 SUNSHINE BLDG SHOP 2 SUNSHINE BLDG,04-2362048
ARDH AL NASEEM PHARMACY LLC,DUBAI,---,,"AL MAGRUDY RESIDENCE, NEAR CARREFOUR EXPRESS, AMMAN STREET, AL NAHDA-2, DUBAI",04-2809242
DAR AL NASEEM PHARMACY LLC,DUBAI,---,,"NEXT TO MADINA MALL,BEIRUT STREET,MUHAISNAH 4, DUBAI",04-2576266
MEDI GREEN PHARMACY LLC,DUBAI,---,,"QUSAIS-1,DOHA STREET-DUBAI",04-2652535
MEDI GREEN PHARMACY LLC BRANCH,DUBAI,---,,"NEXT TO ABEER AL NOOR CLINIC, FIRJ MURAR , DEIRA , DUBAI",04-2542757
AL AHRAM PHARMACY LLC,DUBAI,---,,"BIN DAEN BUILDING OPPOSITE SATWA BUS STATION, AL SATWA STREET, SATWA DUBAI",04-3318060
FAITH ACACIA PHARMACY LLC,DUBAI,---,,"AL SOUFUH SITES SOUFUH GARDENS, AL SOUFUH, DUBAI UAE",04-5831633
FAITH CAP 1 PHARMACY LLC,DUBAI,---,,ENOC 1014 TUNIS RD AL MIZHAR FIRST - DUBAI,04-2255121
FAITH EUROPEAN PHARMACY LLC,DUBAI,---,,MEYAN MALL UM SUQAIM SECOND ROAD ADJACENT - AL THANYA - JUMEIRAH ST - DUBAI,04-238188
LIFE PHARMACY 47 BR OF LIFE PHARMACY LLC,DUBAI,---,,"UNIT 2 &3, NSHAMA COMMUNITY CENTRE, TOWN SQUARE DUBAI, UAE",04-5610000
LIFE PHARMACY 70 BR OF LIFE PHARMACY LLC,DUBAI,---,,"SHOP NO: 06 & 07, GROUND FLOOR, GMM TOWER, JUMEIRAH VILLAGE CIRCLE, DUBAI, UAE",04-5610000
LIFE PHARMACY 78 BR OF LIFE PHARMACY LLC,DUBAI,---,,"SHOP NO: 1, SOUK AL KABEER BUILDING, PLOT NO: 312-1040, NEXT TO BUR DUBAI BUS STATION, DUBAI, UAE",04-5610000
LIFE PHARMACY 80 BR OF LIFE PHARMACY LLC (FORMERLY KNOWN AS MAS LIFE PHARMACY BR OF LIFE PHARMACY LLC),DUBAI,---,,"SHOP 5 , DOLPHIN HOTEL APARTMENTS, KHALID BIN WALEED ROAD, DUBAI, UAE",04-5610000
LIFE PHARMACY 76 BR OF LIFE PHARMACY LLC,DUBAI,---,,"SHOP GF 05, PLOT 124-523, AL FARAA BUILDING, AL RIGGA, DUBAI, UAE",04-5610000
LIFE PHARMACY HILLS BR OF LIFE PHARMACY LLC,DUBAI,---,,"UNIT NO.R29, GROUND FLOOR, THE HILLS, DUBAI.",04-5610000
LIFE PHARMACY 65 BR OF LIFE PHARMACY LLC,DUBAI,---,,"SHOP NO: 04, GROUND FLOOR, LIWAN MALL, DUBAI, UAE",04-5610000
LIFE PHARMACY 71 BR OF LIFE PHARMACY LLC,DUBAI,---,,"UNIT NO: R 02 IN MILANO GIOVANNI BOUTIQUE SUITES, AL BARSHA SOUTH FOURTH , DUBAI, UAE.",04-5610000
LIFE PHARMACY 79 BR OF LIFE PHARMACY LLC,DUBAI,---,,"SHOP 3, AL ZAROONI BUILDING ,OPPOSITE TO BURJUMAN CENTER, AL KARAMA",04-5610000
LIFE PHARMACY 77 BR OF LIFE PHARMACY LLC,DUBAI,---,,"SHOP NO: 03, 04, & 05, PLOT NO: 333-396,MANILA MALL, BELJAFLA, SATWA",04-5610000
LIFE PHARMACY 81 BR OF LIFE PHARMACY LLC,DUBAI,---,,"SHOP R30 (EX FAB BANK), PLOT NO: 11, FOX HILL 5, NEW MOTOR CITY",04-5610000
LIFE PHARMACY 94 BR OF LIFE PHARMACY LLC,DUBAI,---,,"SHOP NO. 3, PLOT 362 - 1068,Ê MOHAMED SAEED RASHED AL TAYER BUILDING, JBR, UMM SEQUIM 2ND",04-5610000
LIFE PHARMACY 86 BR OF LIFE PHARMACY LLC,DUBAI,---,,"SHOP NO: 1, NESTO HYPER MARKET, AL NAHDA 2, DUBAI, UAE",04-5610000
ASTER PHARMACIES GROUP BRANCH EXPO-2020,DUBAI,---,,"GF1, SUSTAINABILITY PAVILION, EXPO 2020",04-5477218
YATHRIB PHARMACY,DUBAI,---,,"NEAR DUBAI ISLAMIC BANK,AL DHAID, SHARJAH , UAE",06-5466854
LIFE PHARMACY L.L.C (DMCC BRANCH),DUBAI,---,,"UNIT NO. GR02, FORTUNE TOWER, DUBAI",04 5610000
LIFE PHARMACY 95 (BR OF LIFE PHARMACY L.L.C),DUBAI,---,,"SHOP NO: 9 & 10, PLOT NO: 648-9145, TURTLE AVENUE, DUBAI LAND RESIDENTIAL COMPLEX",04 5610000
LIFE PHARMACY 73 (BR OF LIFE PHARMACY L.L.C),DUBAI,---,,"SHOP NO. 5, PRINCESS TOWER, (DUBAI MARINA) MARSA, DUBAI",04 5610000
LIFE PHARMACY L.L.C (BRANCH),DUBAI,---,,"UNIT A005, GROUND FLOOR, LULU HYPERMARKET, SILICON OASIS CENTRAL MALL, DUBAI SILICON OASIS, DUBAI",04 5610000
LIFE PHARMACY 74 ( BR OF LIFE PHARMACY L.L.C ),DUBAI,---,,"SHOP NO. 3, ELITE RESIDENCE, DUBAI MARINA, DUBAI",04 5610000
LIFE PHARMACY 97 (BR OF LIFE PHARMACY L.L.C),DUBAI,---,,"SHOP NO. 13, WATER EDGE, BUSINESS BAY DUBAI",04 5610000
CENTRAL UNITED PHARMACY (BR OF UNITED PHARMACY INVESTMENT LLC),DUBAI,---,,"SHOP NO: 001, MIRDIF CITY CENTER, DEIRA",04 5610000
VITA UNITED PHARMACY (BR OF UNITED PHARMACY INVESTMENT LLC),DUBAI,---,,"SHOP NO# 54, OPPOSITE CARREFOUR, WASL VITA MALL, AL WASL ROAD, JUMEIRAH 1, WASL REAL ESTATE",04 5610000
UNITED PHARMACY IBN BATTUTA(BR OF UNITED PHARMACY INVESTMENT( LLC),DUBAI,---,,"SHOP NO: IBS-GF-244, NAKHEEL, CHINA COURT, IBN BATTUTA MALL",04 5610000
UNITED PHARMACY 2(BR OF UNITED PHARMACY INVESTMENT LLC),DUBAI,---,,"SHOP NO: G20, AL BARSHA MALL, AL BARSHA",04 5610000
GRAND UNITED PHARMACY(BR OF UNITED PHARMACY INVESTMENT),DUBAI,---,,"SHOP NO: GF012, GROUND FLOOR, NEAR FASHION PARKING, DUBAI MALL (SHEIKH ZAYED STREET)",04 5610000
GALLERIA UNITED PHARMACY(BR OF UNITED PHARMACY INVESTMENT LLC),DUBAI,---,,"SHOP NO: 13, (SHEIKHA HIND BIN MAKTOUM BIN JUMA AL MAKTOUM) GALLERIA MALL, NEXT TO JUMEIRAH POST OFFICE, BUR DUBAI, AL WASL ROAD",04 5610000
UNITED PHARMACY(BR OF UNITED PHARMACY INVESTMENT LLC),DUBAI,---,,"SHOP: K02, MALL OF THE EMIRATES,K AL BARSHA FIRST",04 5610000
ASTER PHARMACY 165 (BR OF ASTER PHARMACIES GROUP LLC),DUBAI,---,,"SWAY RESIDENCES, SHOP NO:RETAIL-3,HADAEQ SHEIKH MOHAMMED BIN RASHID, DUBAI HILLS, DUBAI,UAE",04-7187190
GLUCARE INTEGRATED DIABETES CENTER LLC (PHARMACY),DUBAI,---,,"268, AL WASL ROAD, JUMEIRA 1, DUBAI",04-2201570
ASTER PHARMACY 173 (BR OF ASTER PHARMACIES GROUP LLC),DUBAI,---,,"SHOP 9, BUILDING NO: 2259186831, UNION COOPERATIVE SOCIETY, AL SAFA, JUMEIRAH THIRD, DUBAI, UAE",04-3325595
ASTER PHARMACY 170 (BR OF ASTER PHARMACIES GROUP LLC),DUBAI,---,,"SHOP# 6,GROUND FLOOR, BUILDING 1, PHASE 2, SHOBHA HEARTLAND, AL MERKADH, GREENS, DUBAI",04-2588717
ASTER PHARMACY 167 (BR OF ASTER PHARMACIES GROUP LLC),DUBAI,---,,"SHOP NO-041, SECOND FLOOR, METROLINK BAY, THE DUBAI MALL, SHEIKH MOHAMMED BIN RASHED BOULEVARD,DOWNTOWN, DUBAI",04-3341829
ASTER PHARMACY 162 (BR OF ASTER PHARMACIES GROUP LLC),DUBAI,---,,"SHOP NO:6, MASJID BUILDING, DISTRICT 10, JUMEIRAH VILLAGE CIRCLE, NEXT TO SALEH MOHAMMED BIN LAHEJ MASJID",04-4580678
LIFE PHARMACY 85 (BR OF LIFE PHARMACY L.L.C),DUBAI,---,,"UNIT NO#02,AMSA2,AL ALBARSHA SOUTH4,JVC,DUBAI,UAE",04-5610000
LIFE PHARMACY 84 (BR OF LIFE PHARMACY L.L.C),DUBAI,---,,"UNIT NO: 02, PLOT NO: 1, BUILDING 1 (OSHA 1), DEIRA ENRICHMENT PROJECT,DUBAI,UAE",04-5610000
LIFE PHARMACY 83 (BR OF LIFE PHARMACY L.L.C),DUBAI,---,,"UNIT NO: RETAIL 01Ê & 02, PLOT NO: 4, BUILDING 1 (ONE DEIRA 1), DEIRA ENRICHMENT PROJECT,UAE",04-5610000
LIFE PHARMACY 98 (BR OF LIFE PHARMACY L.L.C),DUBAI,---,,"AL BUKHASH BLDG,ROLLA STREET,DUBAI,UAE",04-5610000
LIFE PHARMACY 88 (BR OF LIFE PHARMACY L.L.C),DUBAI,---,,"ANDALUSIA MALL,MAJAN,DUBAI,UAE",04-5610000
LIFE PHARMACY 72 (BR OF LIFE PHARMACY L.L.C),DUBAI,---,,"UNITS- G24,25,30 LOCATION:- AVENUE MALL - NAD AL SHIBA, DUBAI",04-5610000
LIFE PHARMACY 96 (BR OF LIFE PHARMACY L.L.C),DUBAI,---,,"SHOP 29, 30 &31, GEEPAS COMMERCIAL CENTER, AL WARSAN, DUBAI, UAE",04-5610000
LIFE PHARMACY 87 (BR OF LIFE PHARMACY L.L.C),DUBAI,---,,"GROUND CAFE NO. 01, PLOT 616-5116, THE ARCH MALL, NAD AL SHIBA 3,DUBAI,UAE",04-5610000
LIFE PHARMACY 82 (BR OF LIFE PHARMACY L.L.C),DUBAI,---,,"10C,BUILDING,JVC,DUBAI,UAE",04-5610000
LIFE PHARMACY 109 (BR. OF LIFE PHARMACY LLC),DUBAI,---,,"SHOP NO: 4, 5 & 6, PLOT NO: 4620, ZEN 4, DISCOVERY GARDENS, JEBEL ALI 1, (FORMER ICARE CLINIC/EMIRATES HOSPITAL)",04-5610000
NEW AL SHAIMAA PHARMACY,DUBAI,---,,"MOZNA BUILDING, NEAR AL NAHDA METRO, AL QUSAIS",04-2616286
LIFE PHARAMCY 106 BR OF LIFE PHARMACY L.L.C,DUBAI,---,,"SHOP NO: 01, PLOT NO: 360, AURION RESIDENCE, JUMEIRAH VILLAGE CIRCLE",04-5610000
LIFE PHARMACY 116 ( BR OF LIFE PHARMACY LLC ),DUBAI,---,,"SHOP NO: 04, BAYZ BY DANUBE, BUSINESS BAY, DUBAI UAE",04-5610000
Life Pharmacy 101 ( Br of Life Pharmacy LLC ),DUBAI,---,,"ENOC SITE 98, SHOP 3, BEIRUT ST, D 60, NEAR MADINA MALL, DUBAI, UAE",04-5610000
Life Pharmacy 102 ( Br of Life Pharmacy LLC ),DUBAI,---,,"ENOC SITE 1005, SHOP 5, MARRAKECH ST, UMM RAMOOL, NEAR NEW RTA COMPLEX, DUBAI, UAE",04-5610000
LIFE PHARMACY 104 BR OF LIFE PHARMACY LLC,DUBAI,---,,"ENOC SITE 1060, UNIT 4 (REST4) SHEIKH ZAYED ROAD, INTERNET CITY, DUBAI, UAE",04-5610000
Life Pharmacy 110 (Br. Of Life Pharmacy LLC),DUBAI,---,,"RETAIL UNIT 16, LAGO VISTA-B BUILDING, MEÕAISEM 1, IMPZ, DUBAI",04-5610000
Life Pharmacy 117 (Br. Of Life Pharmacy LLC),DUBAI,---,,"PLOT NO: 278, RETAIL NO: 6, AL BARSHA SOUTH THIRD, ARJAN, DUBAI UAE",04-5610000
Life Pharmacy 107 ( BR of Life Pharmacy LLC ),DUBAI,---,,"SHOP NO 13, 14 WATERS EDGE BUILDING, BUSINESS BAY",04-5610000
Life Pharmacy 45 ( Br. Of Life Pharmacy LLC ),DUBAI,---,,"SHOP NO.2, BFL SHOWROOM (EX BRANDS FOR LESS), MOTOR CITY",04-5610000
Life Pharmacy 103 ( Br. Of Life Pharmacy LLC ),DUBAI,---,,"ENOC SITE 1039, SHOP 3, DUBAI SPORTS CITY, DUBAI, UAE",04-5610000
Life Pharmacy 120 ( Br. Of Life Pharmacy LLC ),DUBAI,---,,"SHOP NO@7,AL MADINA SUPERMARKET",04-5610000
Life Pharmacy 118 (Br. Of Life Pharmacy LLC),DUBAI,---,,"SAWAN RESIDENCY,PLOT NO: AFMU029A, JEBEL ALI VILLAGE, AL FURJAN",04-5610000
LIFE PHARMACY 122 (Br. Of Life Pharmacy LLC),DUBAI,---,,"SHOP NO#1,ABDULLA AL RASOOL BUILDING",04-5610000
LIFE PHARMACY 121 (BR OF LIFE PHARMACY LLC),DUBAI,---,,"PLOT NO#2823154,SHOP NO#1,Q1 MALL",04-5610000
LIFE PHARMACY 108 ( BR OF LIFE PHARMACY LLC ),DUBAI,---,,"UNIT NO. DHM-LG-007, DUBAI HILLS MALL",04-5610000
Life Pharmacy 105 (Br.Of Life Pharmacy LLC),DUBAI,---,,"BIN DAHI BUILDING, SHOP NO. 01 + M, PLOT NO: 232-113",04-5610000
PHARMAK PHARMACY LLC,DUBAI,---,,"UNITS B9-B10, LIGHT INDUSTRIAL UNIT 3 STREET 50, COMMUNITY 626, NADD HESSA, DUBAI SILICON OASIS, DUBAI, UNITED ARAB EMIRATES",04-2203384
MEDI PRIME PHARMACY NADD ALHAMAR (BR OF MEDI PRIME PHARMACY LLC),DUBAI,---,,"GROUND FLOOR, UNION COOP, NADD AL HAMAR, DUBAI",04-7070999
ASTER PHARMACIES GROUP LLC (DMCC BRANCH),DUBAI,---,,"UNIT NO: G-1, ARMADA TOWERS 3, PLOT NO: JLT-PH2-P3A, AL THANYAH FIFTH, JUMEIRAH LAKES TOWERS",04-3092900
DRAGON PHARMACY (BR OF ASTER AL SHAFAR PHARMACIES GROUP LLC),DUBAI,---,,"SHOP 9, AZIZI FARISHTA BUILDING, JABAL ALI FIRST, NEAR GREEN BRIDGE, DUBAI",04-5693614
MEDCARE MEDICAL CENTRE BARSHA SOUTH PHARMACY BR OF MEDCARE HOSPITAL LLC,DUBAI,---,,"UNIT 15, UNION COOP, AL BARSHA SOUTH MALL, STREET 58, AL BARSHA, BARSHA SOUTH",04-3254383
ASTER MEDICAL CENTRE ARABIAN RANCHES PHARMACY BR OF DM HEALTHCARE LLC,DUBAI,---,,"1ST FLOOR, EMAAR MALL, NEAR ASTER CLINIC, THE RANCHES SOUK, ARABIAN RANCHES 2, DUBAI",04-3092900
ASTER PHARMACY 168 (BR OF ASTER PHARMACIES GROUP LLC),DUBAI,---,,"IBS GF 35&36, NEAR CARREFOUR PARKING ENTRANCE, TUNISIA COURT, IBN BATTUTA MALL,IBN BATTUTA MALL, JABAL ALI FIRST, JABAL ALI",04-5543519
ASTER PHARMACY 169 (BR OF ASTER PHARMACIES GROUP LLC),DUBAI,---,,"19A STREET, NEXT TO HEALTHBAY WOMENSCARE , AL WASL ROAD, UMMAL SHEIF",04-3250365
ASTER PHARMACY 172 (BR OF ASTER PHARMACIES GROUP LLC),DUBAI,---,,"SHOP:12, AL SAYYAH RESIDENCE C, ARJAN DUBAILAND, AL BARSHA SOUTH 2, ARJAN, DUBAI, UAE",04-5786364
ASTER PHARMACY 175 (BR OF ASTER PHARMACIES GROUP LLC),DUBAI,---,,"SHOP:11A, DAMAC TOWER 108, AL BARSHA SOUTH, JUMEIRAH VILLAGE CIRCLE, NEAR TO ASTER CLINIC JVC",04-5579564
KINGS COLLEGE HOSPITAL LONDON MEDICAL AND DIABETES CENTRE ( BR OF KCH HEALTHCARE LLC)- (PHARMACY),DUBAI,---,,"PARK HEIGHTS 2 , DUBAI HILLS, DUBAI",04-48185666
TRUDOC PHARMACY L.L.C,DUBAI,---,,"OUD METHA, SH HASHER HAMAD 13,SHOP NO. 1, GROUND FLOOR DUBAI",04-3926769
TRUDOC PHARMACY L.L.C,DUBAI,---,,OUD METHA_ SH HASHER HAMAD 13_ SHOP NO. 11_GROUND FLOOR_ DUBAI_ UAE,04-3926769
HEALTH FIRST PHARMACY 64 (BR OF HEALTHFIRST INVESTMENT LLC),DUBAI,---,,"SHOP NO:18, AIRPORT VIEW BUILDING, GARHOUD, DUBAI, U.A.E",04-3805045
HEALTH FIRST PHARMACY 61 (BR OF HEALTHFIRST INVESTMENT LLC),DUBAI,---,,"RETAIL NO:06, VIRIDIS TOWER B, DAMAC HILLS 2, DUBAI, U.A.E",04-2286011
HEALTH FIRST PHARMACY 60 (BR OF HEALTH FIRST INVESTMENT LLC),DUBAI,---,,"UNIT NO - 11A, 2ND FLOOR, EMIRATES HEADQUARTERS, GARHOUD, DEIRA, DUBAI.",04-7187442
HEALTH FIRST PHARMACY 58 (BR OF HEALTHFIRST INVESTMENT LLC),DUBAI,---,,"UNIT NO: 08, MIRDIF AVENUE MALL, 78TH STREET, MIRDIF, DUBAI",04-5913880
HEALTH FIRST PHARMACY 57 (BR OF HEALTH FIRST INVESTMENT LLC),DUBAI,---,,"SHERATON JUMEIRAH BEACH RESORT,AL MAMSHA ROAD,MARINA,DUBAI",04-5468891
HEALTH FIRST PHARMACY 55,DUBAI,---,,"G03-B , BLOCK B, BUILDING NO.27, DUBAI HEALTHCARE CITY, DUBAI, U.A.E",04-5776210
DR JOSEPH POLYCLINIC (BR AMBER CLINICS LLC) - PHARMACY,DUBAI,---,,"AL JABER BUILDING,1ST FLOOR,NEXT TO AL KIFAF APARTMENTS,NEAR SUNRISE SUPERMARKET,AL KARAMA, DUBAI",04-3541663
AMBER CLINICS PHARMACY LLC- AL RIGGA BRANCH,DUBAI,---,,"AMBER CLINIC, AL RIGGA",04-2325109
ABEER AL NOOR PHARMACY LLC,DUBAI,---,,"RASHIDIYAT MAHALAT BUILDING,PLOT NO.348-0, SHOP NO. 11 & 12, BEHIND SOUGAT CENTRE, RASHIDIYA, DUBAI, U.A.E",04-236205
DURAIYA KAMAL MEDICAL CLINIC- PHARMACY,DUBAI,---,,FIRST FLOOR NEXT TO HABIB BANK AG ZURICH BANIYAS SQUARE - AL MAKTOUM,04-2272289
INNOVATION FAMILY PHARMACY L.L.C,DUBAI,---,,"CORNER TESLAAMA ST - UMM SUQEIM - JUMEIRAH 3 Ð DUBAI, UAE",050-2289818
AL BARSHA ALNOOR POLYCLINIC PHARMACY,DUBAI,---,,"ELITE BUSINESS CENTRE? 3RD FLOOR, ROOM NUMBER 301? AL BARSHA 1 - DUBAI",04-3315197
ABEER AL NOOR PHARMACY LLC - BRANCH ( MUHAISNAH),DUBAI,---,,"ABEER AL NOOR POLYCLINIC, GRAND MART MALL, MUHAISNAH 2, DUBAI, U.A.E",04-3298661
AMBER PHARMACY L.L.C,DUBAI,---,,"QUSAIS MANZIL BUILDING , SHAIKH COLONY,Ê SHOP NUMBER 5A,",04-3558458
AL RAWDA PHARMACY LLC BRANCH,DUBAI,---,,"AL BAYAN BUSINESS CENTER, GREEN COMMUNITY VILLAGE DUBA INVESTMENT PARK",04-8800920
AL NAHDA PHARMACY LLC,DUBAI,---,,"WASSEL BLDG. SHOP NO. 3,NEAR SAHARI VILLAGE, OPPOSITE AUTO MARKET,RAS AL KHOR,DUBAI UAE",04-3200501
BALSAM AL HADEETHAH PHARMACE LLC,DUBAI,---,,"AL AWQAF AND ISLAMIC AFFAIRS BLDG.,UMM SUQEIM SECOND,JUMEIRA DUBAI UAE",04-3488507
SEREENA PHARMACY LLC,DUBAI,---,,"AL MASHRIQ BUILDING SHOP NO. 4,HOR AL ANZ EAST ABUHAIL,DUBAI UAE",04-2692618
AL PLAZA PHARMACY L.L.C.(BRANCH ),DUBAI,---,,"SHOP NO. 5,THE CROWN BUILDING, 53RD ST, AL MAMZAR, DUBAI- UAE",04-3233532
MED CARE PHARMACY LLC,DUBAI,---,,"SS LOOTHA BUILDING 297,NEAR AL HILAL BANK ,AL QUSAIS,DUBAI- SS LOOTHA BUILDING 297",04-3288884
GREEN BELT PHARMACY LLC,DUBAI,---,,"GOLD BUILDING,SHOP NO. 3 OPPOSITE TO CANADIAN HOSPITAL ABUHAIL DUBAI UAE",04-3991839
FAITH HAYAA PHARMACY LLC,DUBAI,---,,"SHOP NO. 6 DEPARTMENT OF PEACEFUL AFFAIRS AND CHARITABLE ACTIVITIES,MASJID AL KHABEER ST., AL KAWANEEJ 2ND AL KHABEER, DUBAI UAE",04-4458339
FAITH AL QUOZ PHARMACY LLC,DUBAI,---,,"SHOP NO. 6 KING ABDULLAH AL MUHAIRI,AL QOUZ FIRST, AL QUOZ DUBAI",04-3960422
FAITH AHLAN PHARMACY LLC,DUBAI,---,,"SHOP NO. 8 AR 1 TOWER,AL NAHDA , DUBAI UAE",04-5545847
FAITH AL KHAIL PHARMACY L.L.C,DUBAI,---,,"SHOP. NO. 1A-1B AL KHAIL HEIGHTS BLDG. ,AL QUOZ 4, NEAR TO AL QUOZ GENERAL STAR TRADING DUBAI, UAE",04-55 2713
FAITH JABAL PHARMACY LLC,DUBAI,---,,"SHOP NUMBER 5 LABOUR CAMP BUILDING.,JEBEL ALI INDUSTRIAL AREA FIRST, JEBEL ALI, DUBAI UAE",04-3965609
ASTER ROYAL CLINIC DOWNTOWN PHARMACY (BR OF DM HEALTHCARE (LLC),DUBAI,---,,"BD-RESI 1-RETAIL-G-ER6, RESIDENCES RETAIL, BURJ RESIDENCE PHASE I & II, DOWN TOWN, BURJ KHALIFA, DUBAI",04-4106496
ASTER PHARMACY 183 (BR OF ASTER PHARMACIES GROUP L.L.C),DUBAI,---,,"SHOP-2, ART HEIGHTS, AL NAHAR 2 ST, AL THANYAH FIRST, BARSHA HEIGHTS, DUBAI",04-2679073
ASTER PHARMACY 182 (BR OF ASTER PHARMACIES GROUP L.L.C),DUBAI,---,,"SHOP NO 2, JOWHRAT AL FAIHAA,INTERNATIONAL CITY 2 ST, INTERNATIONAL CITY PHASE-2, WARSAN 4, DUBAI",04-5545907
ASTER PHARMACY 181 (BR OF ASTER PHARMACIES GROUP L.L.C),DUBAI,---,,"R04, PARK HEIGHTS SQUARE 1,HADAEQ SHEIKH MOHAMMED BIN RASHID, NEXT TO SPINNEYS, DUBAI HILLS ESTATE, DUBAI HILLS, DUBAI",04-2632594
ASTER PHARMACY 180 (BR OF ASTER PHARMACIES GROUP L.L.C),DUBAI,---,,"P19, RIMAL 1, DUBAI MARINA AND JUMEIRA BEACH, THE WALK, MARSA, DUBAI",04-3092900
ASTER PHARMACY 179 (BR OF ASTER PHARMACIES GROUP L.L.C),DUBAI,---,,"S07,R1083,AL WASL VILLAGE RETAIL CENTRE,AL RAYHAN STREET, AL QUSAIS INDUSTRIAL AREA 5,DUBAI",04-2207653
ASTER PHARMACY 176 ( BR OF ASTER PHARMACIES GROUP L.L.C),DUBAI,---,,"G-02, BINGHATTI JEWELS, LIWAN, WADI AL SAFA 2, DUBAI",04-4106883
LIFE PHARMACY 143 (BR OF LIFE PHARMACY L.L.C),DUBAI,---,,"SHOP NO#2, HEMSAM BUILDING, AL NAHDA, DUBAI, UAE",04-5610000
LIFE PHARMACY 138 BR OF LIFE PHARMACY LLC,DUBAI,---,,"RETAIL 1, 2, 3, PLOT NO: 1198, (BARARI HILLS) WADI AL SAFA 3, MAJAN,DUBAI,UAE",04-5610000
LIFE PHARAMCY 142 BR OF LIFE PHARMACY LLC,DUBAI,---,,"SHOP NO#4,BIN MESHAR BLDG,HESSA STREET,AL BARSHA THIRD,DUBAI,UAE",04-5610000
LIFE PHARMACY 139 BR OF LIFE PHARMACY LLC,DUBAI,---,,"PLOT NO: 3756462, RETAIL - 4, SAJAYA PLAZA, HESSA STREET, AL BARSHA THIRD, DUBAI, UAE",04-5610000
LIFE PHARMACY 123 BR OF LIFE PHARMACY LLC,DUBAI,---,,"SHOP NO#1&2,MARINA WHARF2,MARSA,DUBAI UAE",04-5610000
LIFE PHARMACY 125 BR. OF LIFE PHARMACY LLC,DUBAI,---,,"DAR MIRA RESIDENCE, AL MEYDAN RD, NAD AL SHEBA 1, DUBAI, UAE",04-5610000
LIFE PHARMACY 124 (BR. OF LIFE PHARMACY LLC),DUBAI,---,,"SHOP NO#1,2,3&4,CHEZ MOI BUILDING,PHASE 2,SHAKLAN",04-5610000
LIFE PHARMACY 112 BR OF LIFE PHY LLC,DUBAI,---,,"UNIT NO. TDM-LG-212, THE DUBAI MALL, DUBAI, UAE",04-5610000
LIFE PHARMACY 127 BR OF LIFE PHARMACY LLC,DUBAI,---,,"UNIT NO#AFWP-RT-05,AL FURJAN WEST PAVILION",04-5610000
LIFE PHARMACY 119 BR OF LIFE PHARMACY LLC,DUBAI,---,,"SHOP NO#2,AL AIN TOWER",04-5610000
LIFE PHARMACY 135 BR OF LIFE PHARMACY LLC,DUBAI,---,,"UNIT NO: 01, GEEPAS COMMERCIAL CENTRE , NESTO `HYPERMARKET",04-5615699
LIFE PHARMACY 130 (BR OF LIFE PHARMACY L.L.C),DUBAI,---,,"SHOP NO#1,DAR AL AMAN 12 BLDG, SALAH AL DIN STREET",04-5615557
LIFE PHARMACY 132 BR OF LIFE PHARMACY LLC,DUBAI,---,,"SHOP NO#4, GROSVENOR BUSINESS TOWER, TECOM",04-5615563
LIFE PHARMACY 126 BR OF LIFE PHARMACY LLC,DUBAI,---,,"SHOP NO#2,W-1104 BUILDING,TOWER A,SOUTH HEIGHTS",04-5615529
LIFE PHARMACY 128 BR OF LIFE PHARMACY LLC,DUBAI,---,,"SHOP NO#102,GROUND FLOOR,LULU CENTER, DUBAI",04-5615636
MEDI PRIME PHARMACY MAJAN (BR OF MEDI PRIME PHARMACY (LLC)),DUBAI,---,,"ANDALUSIA COURTYARD MALL, LIVING LEGENDS, DUBAI, UAE",04-7070999
MODERN CARE PHARMACY L.L.C,DUBAI,---,,DEIRA WATERFRONT ; CORNICH STREET; BUILDG: SHOP 22-23 MAITHA 1; DEIRA WATERFRONT ENRICHMENT;CITY:DEIRA;DUBAI,04 3686411
YASMED PHARMACY LLC (NAIF),DUBAI,---,,"NAIF INTERSECTION 1, OPP. WEST HOTEL, AL TAIF MEDICAL CENTER BUILDING, GROUND FLOOR, NAIF, DUBAI",04-2619535
ABRIS PHARMACY LLC,DUBAI,---,,"FIRST FLOOR, BULD NO 2843495048, SOUQ AL KABEER BLDG. AL FAHIDI ST. MEENA BAZAAR, BUR DUBAI",04-3535356
NEO PHARMACY L.L.C BRANCH(AL QUSAIS),DUBAI,---,,DUBAI AL QUSAIS IND SECOND,04-3320266
NEO PHARMACY LLC BRANCH (JEBEL ALI),DUBAI,---,,DUBAI JEBEL ALI IDUSTRIAL SECOND,04-3885436
NEO PHARMACY L.L.C(DIP),DUBAI,---,,DUBAI INVESTMENT PARK,04-8814919
NEO PHARMACY L.L.C BRANCH (AL QOUZ),DUBAI,---,,DUBAI AL QOUZ FIRST,04-2360063
ASTER PHARMACY 171 (BR OF ASTER PHARMACIES GROUP L.L.C),DUBAI,---,,"SHOP NO B6, RDK 1190 BUILDING B, GREEN COMMUNITY VILLAGE, DUBAI INVESTMENT PARK FIRST, DUBAI",04-2516452
ASTER PHARMACY 186 (BR OF ASTER PHARMACIES GROUP L.L.C),DUBAI,---,,"SHOP 1, SEVEN PALM HOTEL & APARTMENTS THE PALM A, NEAR TO MEDCARE MEDICAL CENTER PLAM JUMEIRAH, PALM JUMAIRA ROAD, PALM JUMEIRAH, DUBAI",04-2688710
MEDCARE MEDICAL CENTRE AL FURJAN WEST PHARMACY BR OF MEDCARE HOSPITAL LLC,DUBAI,---,,"SHOP 1, AL FURJAN WEST PAVILION, JABAL ALI FIRST, DUBAI",04-5513796
ASTER ROYAL CLINIC SPRINGS SOUK PHARMACY BR OF D M HEALTHCARE L L C,DUBAI,---,,"SHOP FF 24 AND FF 25, SPRINGS SOUK, AL THANYAH FOURTH, DUBAI",04-3288352
ASTER PHARMACY 174 (BR OF ASTER PHARMACIES GROUP L.L.C),DUBAI,---,,"G-03,TAG RETAIL HUB 01,AL HEBIAH FOURTH, DUBAI SPORTS CITY, DUBAI",04-4486271
MUMTAZ AL NOOR EXPRESS PHARMACY L.L.C,DUBAI,---,,"SULTHAN BUILDING,PLOT NO-463-0,AL BARAHA,DUBAI, UAE",04-2579576
AMBER PHARMACY L.L.C (BRANCH),DUBAI,---,,"AL MUTEENA 03 APT SHOP NO 3,GROUND FLOOR, NEXT TO VIVA SUPERMARKET, DEIRA, DUBAI",04-2692307
ASTER PHARMACY 166 (BR OF ASTER PHARMACIES GROUP L.L.C),DUBAI,---,,"SHOP NO.5,AZURITE TOWER,IBN AL ZAHRAWI ST,AL JADDAF, DUBAI",04-2272851
PRIMECORP MEDICAL CENTER DIP PHARMACY,DUBAI,---,,"G STATION, BLOCK B, DEWA - JEBEL ALI POWER PLANT & DESALINATION COMPLEX, JEBEL ALI SECOND, DUBAI, UAE",04-7070999
LIFE PHARMACY 180 (BR OF LIFE PHARMACY L.L.C),DUBAI,---,,"SHOP NO 17,AL DIYAFA CENTRE,AL BADAA DUBAI,UAE",04-5610000
NEW MEDICAL CENTRE PHARMACY LTD - SHJ.BR - BRANCH 2,DUBAI,---,,"MUWEILAH, SHEIKH KHALIFA BIN ZAYED AL NAHYAN RD , SAFARI MALL , 61, SHARJAH",06-5168823
MEDI PRIME PHARMACY NAD AL SHEBA (BR OF MEDI PRIME PHARMACY (L L C) ),DUBAI,---,,"UNIT R01-2, AVENUE MALL - NAD AL SHEBA, AL AIN STREET, NAD AL SHEBA, NAD AL SHEBA 2, PO BOX 7162, DUBAI, UAE",04-7070999
PHARMACHOICE PHARMACY OWENED BY DR SULAIMAN AL HABIB HOSPITAL ONE PERSON COMPANY LLC (BRANCH)-MIRDIF,DUBAI,---,,89 ALGERIA ST - MIRDIF - DUBAI,04-6141111
MEDCARE MEDICAL CENTER NAD AL SHEBA PHARMACY BR OF MEDCARE HOSPITAL LLC,DUBAI,---,,"SHOP NO. G-013, GROUND FLOOR, NAD AL SHEBA 3, NAD AL SHEBA, DUBAI",04-3499323
MEDCARE MEDICAL CENTRE ARABIAN RANCHES 3 PHARMACY BR OF MEDCARE HOSPITAL LLC,DUBAI,---,,"AR3 GF37, ARABIAN RANCHES 3 SOUK, NEAR SILICON CENTRAL, SHEIKH ZAYED BIN HAMDAN AL NAHYAN STREET, WADI AL SAFA 5, DUBAI",04-2578939
ZEST WELLNESS PHARMACY LLC. DWC-BRANCH,DUBAI,---,,"RETAIL 2, THE PULSE BEACH FRONT, DUBAI SOUTH RESIDENCIAL DISTRICT, DUBAI SOUTH, DUBAI",04-3428372
ZEST PHARMACY 3 (BR OF ZEST WELLNESS PHARMACY L.L.C),DUBAI,---,,"UNIT NO GF 02, GROVE MALL, COMMUNITY CENTER, BARSHA 2, DUBAI",04-3705493
ASTER PHARMACY 190 (BR OF ASTER PHARMACIES GROUP L.L.C),DUBAI,---,,"SHOP NO 1, BINGHATTI ORCHID, KAHRABA ROAD, JUMEIRAH VILLAGE CIRCLE, BARSHA SOUTH 4, DUBAI",04-5527027
ASTER PHARMACY 177 (BR OF ASTER PHARMACIES GROUP L.L.C),DUBAI,---,,"SHOP 6&7, RAJA BUILDING, OPPOSITE SKYCOURT TOWER B, WADI AL SAFA- 5, DUBAI LAND RESIDENCE COMPLEX, DUBAI LAND, DUBAI",04-2575216
ASTER PHARMACY 196 (BR OF ASTER PHARMACIES GROUP L.L.C),DUBAI,---,,"RETAIL-20, AZIZI RIVIERA 5, SHOBA HARTLAND, AL MERKADH, NAD AL SHEBA 1, DUBAI",04-5702313
ASTER PHARMACY 194 (BR OF ASTER PHARMACIES GROUP L.L.C),DUBAI,---,,"SHOP NO 2, CREEK VISTAS TOWER B, SHOBA HARTLAND, AL MERKADH, NAD AL SHEBA 1, DUBAI",04-5750742
ASTER PHARMACIES GROUP LLC - SHJ. BR - BRANCH 6,DUBAI,---,,"SHOP NO. 9, AL THANYAH CENTER, WAITROSE THANYA, AL THANYA STREET, UMM AL SHEIF, DUBAI",06-5748975
ZEST PHARMACY 1 (BR OF ZEST WELLNESS PHARMACY L.L.C),DUBAI,---,,"SHOP NO. 9, AL THANYAH CENTER, WAITROSE THANYA, AL THANYA STREET, UMM AL SHEIF, DUBAI",04-8246485
ICARE AL REFFA BR OF EXCEL HEALTHCARE LLC-PHARMACY,DUBAI,---,,AL RAFFA C- KHALIFA JUMA SAEED AL NABBODA AL REFFA,04-3872555
EMIRATES HOSPITALS & CLINICS LLC BRANCH -PHARMACY (CONRAD),DUBAI,---,,"18TH FLOOR,ÊCONRAD BUSINESS TOWERS, SHEIKH ZAYED ROAD",04-3728877
AMERICAN HOSPITAL CLINICS PHARMACY MIRA BR OF AMERICAN HOSPITAL DUBAI LLC,DUBAI,---,,MIRA TOWN CENTER - AL QUDRA RD - AL YALAYIS 1 - DUBAI,04-3773900
AMERICAN HOSPITAL CLINICS PHARMACY DUBAI MEDIACITY BR OF AMERICAN HOSPITAL DUBAI LLC,DUBAI,---,,BUSINESS CENTRAL TOWERS - DUBAI MEDIA CITY - DUBAI,04-3771018
AMERICAN HOSPITAL CLINICS PHARMACY ALKHAWANEEJ BR OF AMERICAN HOSPITAL DUBAI LLC,DUBAI,---,,AL KHAWANEEJ MALL BY MERAAS LAST EXIT - AL KHAWANEEJ - DUBAI,04-3773818
MODERN FAMILY PHARMACY LLC BRANCH (AL QOUZ),DUBAI,---,,"AL QOUZ IND.SECOND, WASL LABOUR CAMP, UNIT/VILLA NO. SHOP NO 5",0565484253
SALMA REHABILITATION HOSPITAL - L.L.C - S.P.C IN-PATIENT PHARMACY (SEHA-ABU DHABI),DUBAI,---,,ABU DHABI,02-6662929
OUD AL TOUBA DIAGNOSTIC & SCREENING CENTER PHARMACY (SEHA-ABU DHABI),DUBAI,---,,"135TH ST. OUD AL TOUBA AREA, AL AIN OPPOSITE TO UAEU MEN",03-7462401
THUMBAY PHARMACY LLC BRANCH,DUBAI,---,,"MOHAMMED SADIQ HUSSAIN KHALID BLDG,ALBADAA STREET,SATWA",04-3448162
THUMBAY PHARMACY ONE BR. OF THUMBAY PHARMACY LLC,DUBAI,---,,"AL SAMAR BLDG.,HOR AL ANZ STREET,AL MAMZAR",04-2677656
THUMBAY PHARMACY 2 BR OF THUMBAY PHARMACY LLC,DUBAI,---,,"AL GHUWAIS BLDG.,DAMASCUS STREET,NEAR EPCO PETROL PUMP,AL QUSAIS",04-2676705
THUMBAY PHARMACY 3 BRANCH OF THUMBAY PHARMACY LLC,DUBAI,---,,"MOHAMED SADIQ HUSSAIN BLDG, AL FAHIDI STREET,NEAR BUR DUBAI MUSEUM",04-3530099
THUMBAY PHARMACY PHARMACY 5 BRANCH OF THUMBAY PHARMACY LLC,DUBAI,---,,"AQIL MUSTAFA ABDUL AL NOOR,AL ESBIJI STREET,NEAR ASTORIA HOTEL,BURDUBAI",04 2725779
THUMBAY PHARMACY 7 BRANCH OF THUMBAY PHARMACY LLC,DUBAI,---,,"AL MASHROOM BLDG.,AL ZAYED STREET, AL BARSHA 2",04-4508540
THUMBAY PHARMACY 8 BRANCH OF THUMBAY PHARMACY LLC,DUBAI,---,,"HILAH SALIM BLDG.,AL DIYAFA STREET SATWA",04-3594520
THUMBAY PHARMACY 9 BRANCH OF THUMBAY PHARMACY LLC,DUBAI,---,,"DAMAC EXECUTIVE BAY TOWER,AL AMAL STREET,BUSINESS BAY",04-4426539
THUMBAY PHARMACY 13 BRANCH OF THUMBAY PHARMACY LLC,DUBAI,---,,"PRIME BUSINESS CENTRE , AL BARSHA SOUTH 4,JUMEIRA VILLAGE CIRCLE",04-5579771
THUMBAY PHARMACY 4 LLC BRANCH,DUBAI,---,,"HESSA TOWER, AL ITTIHAD ROAD, AL NAHDA 1",04-2725779
THUMBAY PHARMACY 6 LLC BRANCH,DUBAI,---,,"DESERT CHARM BUILDING, COMMUNITY NO. 373 STREET NO.38, AL BARSHA 1 DUBAI",04-3994694
THUMBAY PHARMACY 14 BRANCH OF THUMBAY PHARMACY LLC,DUBAI,---,,"GREEN PARK BLDG., TULIP STREET, JUMERIAH VILLAGE TRIANGLE",04-5520329
NEW SPRING PHARMACY BR. OF LIFE PHARMACY LLC,DUBAI,---,,"UNIT NO. NSPV-FF-26, THE NEW SPRING VILLAGE, DUBAI",04-5610000
LIFE PHARMACY 8 BR. OF LIFE PHARMACY LLC,DUBAI,---,,"UNIT NO. F11H, FIRST FLOOR, MALL OF EMIRATES, DUBAI - UAE",04-5610000
BURJUMAN PHARMACY LLC,DUBAI,---,,"GROUND FLOOR,KHALID BIN AL WALID STREET, INSIDE BURJUMAN CENTER, BUR DUBAI",04-5610000
ASTER DCC PHARMACY LLC,DUBAI,---,,"SHOP NO. M-020, 1ST FLOOR, DEIRA CITY CENTER, DEIRA, OPPOSITE CARREFOUR HYPERMARKET, DUBAI, UAE",04-2210732
ASTER PHARMACY 155 BR. OF ASTER PHARMACIES GROUP LLC,DUBAI,---,,"GROUND FLOOR,BUSINESS CENTRE,IBIS HOTEL,AL RIGGA, DEIRA DUBAI",04-2280204
FESTIVAL LIFE PHARMACY BR OF LIFE PHARMACY LLC,DUBAI,---,,"UNIT NO. - SU108 & SU109, GROUND FLOOR, FESTIVAL PLAZA, DUBAI , UAE",04-5610000
AL KHAWANEEJ PHARMACY-DUBAI,DUBAI,---,,"KHALAF MATAR ALI KHALFAN BIN ALWAN BUILDING AL KHAWANEEJ,DUBAI",04-2892210
LIFE PHARMACY 27 BR OF LIFE PHARMACY LLC,DUBAI,---,,"UNIT NO. FF01-1, FIRST FLOOR, ARABIAN RANCHES II , DUBAI",04-5610000
LIFE PHARMACY 45 BR OF LIFE PHARMACY LLC,DUBAI,---,,"SHOP 4 TO 8, RAJA & SISTER BUILDING, PLOT 421-688, OPPOSITE TO AL KABAYAL, AL WARQA, DUBAI, UAE",04-5610000
IBN SINA 95 PHARMACY (BR OF IBN SINA GROUP PHARMACIES (L.L.C)),DUBAI,---,,SOUQ EXTRA MALL - DUBAI SILICON OASIS - DUBAI,04-3201644
IBN SINA 94 PHARMACY (BR OF IBN SINA GROUP PHARMACIES (L.C.C)),DUBAI,---,,"AL QUDS ST, TERMINAL 2 - ARRIVALS, LANDSIDE - DUBAI",04-3928373
ASTER PHARMACY 206 (BR OF ASTER PHARMACIES GROUP LLC),DUBAI,---,,"SHAIKH MOHAMMED BIN RASHID BOULEVARD,DUBAI FOUNTAIN VIEW, NEXT TO ADDRESS FOUNTAIN VIEW HOTEL. SHOP NO: BF02,BURJ DUBAI",04-5475036
LIFE PHARMACY 68 (BR OF LIFE PHARMCY LLC),DUBAI,---,,"SHOP 02, NESTO HYPERMARKET, BURJ NAHAR MALL, DEIRA, DUBAI, UAE",04-5610000
PRIMECORP MEDICAL CENTER AL WARSAN (BR OF PRIMECORP MEDICAL CENTER LLC ),DUBAI,---,,"DUBAI MUNCIPALITY LABOR ACCOMODATION, AL WARSAN 3, DUBAI",04-7070999
LIFE PHARMACY 59 ( BR OF LIFE PHARMACY LLC ),DUBAI,---,,"G075B, THE CIRCLE MALL, JVC, DUBAI, UAE",04-5610000
AL SHARQ FAMILY PHARMACY ( FORMERLY KNOWN AS FAMILY PHARMACY ),FUJAIRAH,---,,"AL SHARQI STREET,OPPOSITE SAFEER MARKET",09-2222444
HEALTH FIRST PHARMACY 16 (FORMERLY KNOWN AS FUJAIRAH PHARMACY ) ( PLANET GROUP ),FUJAIRAH,---,,"SHAIKH HAMAD BIN ABDULLAH STREET , RYAMA BDLG. RAK",09-2229295
HEALTH FIRST PHARMACY 17 (FORMERLY KNOWN AS TOWER PHARMACY ),FUJAIRAH,---,,FUJAIRAH TRADE CENTER,09-2223979
HEALTH FIRST PHARMACY 18 ( FORMERLY KNOWN AS SIJI PHARMACY ) (PLANET GROUP ),FUJAIRAH,---,,"AHMED BIN ABDULLAH ST, OPPOSITE THOMAS COOK",09-2231540
HEALTH FIRST PHARMACY 19(FORMERLY KNOWN AS DIBBA PHARMACY) ( PLANET GROUP ),FUJAIRAH,---,,SHAIKH HAMAD BIN ABDULLAH STREET (DIBBA),09-2444376
HEALTH FIRST PHARMACY 20 ( FOREMERLY KNOWN AS SAFAD PHARMACY) (PLANET GROUP),FUJAIRAH,---,,AL MUHALLAB STREET DIBBA,09-2447064
AL SHARQ MODERN PHARMACY ( FORMERLY KNOWN AS HIKMA PHARMACY ),FUJAIRAH,---,,FUJAIRAH,09-2231442
AL SHRAQ PHARMACY,FUJAIRAH,---,,"OPPOSITE EMIRATES PHARMACY AL SHARQI ROAD DIBBA, FUJAIRAH",09-2059568
MOZOON PHARMACY,FUJAIRAH,---,,"OPP.ADCB,WELFARE ASSOC.BLDG,HAMDAN STREET FUJAIRAH",09-2244699
THAIBA PHARMACY,FUJAIRAH,---,,OPP. UAE EXCHANGE MASAFI FUJAIRAH,09-2564749
LULU DIBBA PHARMACY LLC,FUJAIRAH,---,,"LULU HYPERMARKET, DIBBA, FUJAIRAH",09-2431399
ASTER PHARMACY - FUJAIRAH BRANCH LLC,FUJAIRAH,---,,"EMIRATES SPRING BUILDING , HAMAD BIN ABDULLA STREET , FUJAIRAH",09-2238322
AL MANARA PHARMACY,FUJAIRAH,---,,CENTURY MALL FUJAIRAH,09-2234792
HEALTH FIRST PHARMACY -26 (SOUQ EXTRA - MIRBHI) (PLANET GROUP),FUJAIRAH,---,,"SHOP NO. 3,GROUND FLOOR,MIRBAH MADHA STREET,MIRBAH NEXT TO MIRBAH LADIES CENTER KHAN SAFIA,SOUQ EXTRA FUJAIRAH",09-2373985
ASTER PHARMACY 8,FUJAIRAH,---,,"CENTURY MALL , FASSEL ROAD,NEAR BEACH MOTEL , FUJAIRAH",09-2230701
NATIONAL MEDICAL CENTRE PHARMACY,FUJAIRAH,---,,"SAMSMSUM BLDG., GURFA STREET , FUJAIRAH",09-2232850
MEDICINA PHARMACY 28,FUJAIRAH,---,,"SAFEER MARKET NEXT TO NBAD BANK, DIBBA FUJAIRAH",09-2441604
MEDICINA PHARMACY 20,FUJAIRAH,---,,SHEIKH HAMAD BIN ABDULLA STREET NEXT TO FUALA FUJAIRAH,09-2235894
THUMBAY PHARMACY 6,FUJAIRAH,---,,"THUMBAY HOSPITAL BLDG,OLD BLACK, SHEIKH ZAYED ROAD, FUJAIRAH, NEAR AL AHALI CLUB",09-2244380
THUMBAY PHARMACY 12,FUJAIRAH,---,,"AL MANAMA HYPERMARKET BLDG.,NEAR LANTERN R/A, DIBBA FUJAIRAH",09-2446113
THUMBAY PHARMACY 17,FUJAIRAH,---,,"OLD ARAB BANK BLDG. SHEIKH ZAYED BIN SULTAN ROAD, OPPOSITE FATIMA SHOPPING CENTRE ,FUJAIRAH",09-2221253
AL NASR PHARMACY,FUJAIRAH,---,,"SHAIKH KHALID ROAD, OPP TO MASJID AL OMAR",09-2384188
COUNTRY PHARMACY,FUJAIRAH,---,,"TARIQ BIN ZIAD ROAD, ALI MOHAMMED SALEH BLDG. NEAR MINISTRY OF EDUCATION KHORFAKKAN",09-2385435
ASTER PHARMACY 139,FUJAIRAH,---,,"SHEIKH KHALID ROAD, OPPOSITE TO ADNOC PETROL STATION, NEXT TO KHORFAKKAN POLICE STATION",09-2371301
BAWABAT AL ENWAN PHARMACY LLC-FUJAIRAH,FUJAIRAH,---,,"VILLA NUMBER 1, GROUND FLOOR,SHEIKH KHALID STREET, KHORFAKKAN",09-2370808
LIFE PHARMACY LLC FUJAIRAH BRANCH 1,FUJAIRAH,---,,"UNIT NO. G 078, GROUND FLOOR, CITY CENTRE FUJAIRAH, UAE",04 5610000
BALSAM DIBBA PHARMACY,FUJAIRAH,---,,NEAR POLICE STATION KHORFAKKAN,0529599105
BALSAM PHARMACY,FUJAIRAH,---,,"NEAR ADNOC STATION, DIBBA FUJAIRAH",0501917447
LIFE PHARMACY LLC Fujairah Branch 3,FUJAIRAH,---,,"SHOP NO#2,SALEH BIN LAHEJ BUILDING,SAKAKAM STREET",04-5610000
Life Pharmacy LLC Fujairah Branch 2,FUJAIRAH,---,,"SHOP NO: 1, SULTAN AL SHAMSI BLDG- AL FUJAIRAH 123",04-5610000
HEALTH FIRST PHARMACY 59 FUJAIRAH BRANCH,FUJAIRAH,---,,"UNIT: 3&4, AL HAYL, MOHAMMED BIN ZAYED CITY ,FUJAIRAH",09-2233235
LIFE PHARMACY L.L.C - DIBBA BR 2,FUJAIRAH,---,,"SHOP NO 3 & 4, AL MATROSHY, FUJAIRAH, UAE",04-5610000
FAITH CARE PHARMACY LLC,FUJAIRAH,---,,"PROPERTY 4540 SHOP NO. 3, 4, AND 5,NEAR MALABAR GOLD & DIAMOND, SAFED ST. FUJAIRAH UAE",09-5010461
LIFE PHARMACY LLC FUJAIRAH BRANCH 5,FUJAIRAH,---,,"UNIT NO. G014, GROUND FLOOR, FUJAIRAH CITY CENTRE",04-5610000
LIFE PHARMACY LLC DIBBA BR,FUJAIRAH,---,,"SHOP NO: 1A, PLOT NO: 2401024, SAIF AL DHABI BUILDING, AL QIAAN",04-5610000
LIFE PHARMACY LLC FUJAIRAH BRANCH 6,FUJAIRAH,---,,"PLOT 2059,CORNER UNIT,KHAMIS MATTAR 3 BUILDING,HAMAD BIN ABDULLA ROAD,FUJAIRAH,UAE",04-5610000
LIFE PHARMACY LLC FUJAIRAH BRANCH 4,FUJAIRAH,---,,"SHOP G2,MADHAB BLOCK,GREEN HOUSE TRADING,SAJITHA HYPERMARKET ,FUJAIRAH,UAE",04-5610000
ASTER PHARMACIES GROUP LLC FUJAIRAH BRANCH 2,FUJAIRAH,---,,"SHOP NO, R-02, FUJAIRAH TWIN TOWERS, MRAISHEED ROAD, MRAISHEED, FUJAIRAH",09-2348765
LIFE PHARMACY LLC - SPC FUJAIRAH BRANCH 8,FUJAIRAH,---,,"SHOP NO 1 & 2,MURBEH BUILDING,FUJAIRAH,UAE",04-5610000
AL NAKHEEL PHARMACY ( AL NAKHEEL GROUP),RAK,---,,"OMAN STREET, RAK",07-2226821
AL WATANIA PHARMACY ( AL NAKHEEL GROUP),RAK,---,,"OPPOSITE OLD TAXI SATND , NEAR KFC , RAK",07-2355767
HEALTH FIRST PHARMACY 22 ( FORMERLY KNOWN AS MANAR PHARMACY ( PLANET GROUP ),RAK,---,,"MANAR MALL, RAK",07-2274848
AL NAEEM PHARMACY ( PLANET GROUP ),RAK,---,,"BLDG OWNED BY AHMED ESA NAIMI, OPPOSITE SHOE4US SHOP NEAR DANA BLDG,AL MUNTASIR ROAD, NAKHEEL AREA, RAK",07-2275333
HEALTH FIRST PHARMACY 14 ( FORMERLY KNOWN AS AL RAMS PHARMACY ) ( PLANET GROUP ),RAK,---,,"BESIDE POLICE STATION, AL RAMS STREET",07-2662295
MEDICOM-23 ( AL ENAYA PHARMACY ),RAK,---,,"AIRPORT ROAD, AL KHARAN, OPP: BIN ZAHIR BOYS SCHOOL,RAS AL KHAIMAH, UAE",07-2441433
AL MANARA PHARMACY,RAK,---,,"CORNICHE TOWER PLAZA 3, FLAT NO. 2. AL CORNICHE ,AL QAWASIM RAK",07-2339422
NOORA PHARMACY,RAK,---,,"NEAR CITY HOTEL, OPPOSITE CARREFOUR, AL MUNTASER ROAD, AL NAKHEEL, RAK",07-2338669
ASTER PHARMCIES GROUP LLC RAK BRANCH,RAK,---,,"SHOP NO. GF50, SAFEER MALL , AIRPORT ROAD, RAK",07-2352213
CORNICHE PHARMACY ( AL NAKHEEL GROUP),RAK,---,,"OPPOSITE TO NAKHEEL VEGETABLE MARKET ,AL NAKHEEL RAK",07-2229779
INDIAN PHARMACY ( AL NAKHEEL GROUP),RAK,---,,"SHEIKH OMAR BLDG., NEAR RAK BANK RAK",07-2333951
AL SUWAIDI PHARMACY,RAK,---,,NAKHEEL MARKET NEAR AJMAN BLDG.,07-2228111
NMC ROYAL PHARMACY ( FORMERLY KNOWN AS ROYAL PHARMACY ),RAK,---,,QUSAIM CORNICHE RAK,07-2332832
AL ZAHRAWI PHARMACY,RAK,---,,AL NAKHEEL RAS AL KAIMAH,07-2289544
AL LULU RAK PHARMACY LLC,RAK,---,,"RAK MALL , KHUZAM STREET",07-2264393
RAS AL KAIHMAH AL JAZIRA AL HAMRA PHARMACY,RAK,---,,"GROUND FLOOR , RAK CERAMICS ACCOMMODATION B1(G+11), AL HAMRA STREET, AL JAZEERA",07-2432249
RAS AL KAIHMAH GHALILA PHARMACY,RAK,---,,"GROUND FLOOR , BESIDE ADNOC PETROL STATION , GHALILAH",07-2334950
IBNSINA AL MARKAZEIA PHARMACY LLC,RAK,---,,"NEAR GULF HYPERMARKET, MUNTAZIR ROAD AL NAKHEEL RAK",07-2238998
AL HSAYAT PHARMACY,RAK,---,,"OPPOSITE HOME CENTRE,AL MUNTASSER STREET AL NAKHEEL RAK",07-2277002
AL AFIA PHARMACY LLC,RAK,---,,AL JUWAIS RAK,07-2227270
MEDICINA PHARMACY 27,RAK,---,,"SAFEER MARKET , AL QAWASIM CORNICHE RAK",07-2332580
SHIFA AL JAZEERAH PHARMACY LLC,RAK,---,,"GROUND FLOOR ,FATHIMA HYPERMARKET BLDG.,NAKHEEL RAK",07-2211126
THUMBAY PHARMACY 7,RAK,---,,THUMBAY CLINIC BLDG.NEXT TO DOUBLE TREE HILTON HOTEL AL JAZA STREET AL NAKHEEL,07-2267190
THUMBAY PHARMACY 9,RAK,---,,OPPOSITE RAS AL KHAIMAH HOTEL RAK,07-2358362
THUMBAY PHARMACY 10,RAK,---,,AL MUMTAZAR ROAD AL NAKHEEL RAK,07-2267065
AL AHD PHARMACY,RAK,---,,MOHAMMED BIN SALEM STREET RAK,07-2333443
HALA PHARMACY 21,RAK,---,,"OPPOSITE TO EMIRATES MARKET ,SHEIKH MUHAMMAD BIN SALEM ROAD,AL NADIYAH ,RAS AL KHAIMAH",07-236 9729
ASTER PHARMACIES GROUP LLC- BRANCH 1,RAK,---,,"OPP. AL KHALEEJ SUPERMARKET, AL MATAF ROAD, JULAN, AFTER ADAF ROUND ABOUT,RAK",07-2681224
HEALTH FIRST PHARMACY 50,RAK,---,,"SK AHMED BEN SAGAR BUILDING,OPP RAK BANK,AL NADIYAH,SHEIKH MUHAMMAD BIN SALEM ROAD,RAS AL KHAIMAH",07-2358018
THUMBAY PHARMACY 11,RAK,---,,"NEXT TO LULU CENTER, AL MUNTASIR STREET, AL NAKHEEL RAK",07-2339440
ASTER PHARMACIES GROUP LLC BRANCH 2,RAK,---,,"ALI SULTAN ALI ONWAN AL- NEAMI BUILDING, OPP. BIRLA INSTITUTE OF TECHNOLOGY, AL DHAIT RAK",07-2361664
RETAJ PHARMACY LLC,RAK,---,,"UNITED INSURANCE COMPANY BLDG.GROUND FLOOR NEAR KFC,AL DHAIT SOUTH RAK",07-2277726
AL SHAMS PHARMACY LLC,RAK,---,,"AL GHAIL SHOPPING CENTRE (MOHD. SHAAMS RASHID AL MAZROOI BLDG) AL GHAIL, RAS AL KHAIMAH",07-2589301
HALA PHARMACY 25,RAK,---,,"UNIT NO. 123, GROUND FLOOR, MANAR MALL, RAS AL KHAIMAH - UAE",04-5610000
EMIRATES DUBAI PHARMACY LLC -RAK BRANCH,RAK,---,,"JULPHAR BUSINESS TOWER,1ST FLOOR.ALHISN ROAD,RAK",07-2037744
NEXUS PHARMACY LLC,RAK,---,,"NATIONAL GAS CO. LLC BLDG.,SHOP NO.16, JAZEERA AL HAMRA,RAK",07-2447348
MARHABA AL JADEEDA PHARMACY,RAK,---,,"UNITED ARAB BANK BUILDING, GROUND FLOOR, RAS AL KHAIMA, UNITED ARAB EMIRATES",07-2449330
HALA PHARMACY 36 LLC-RAK,RAK,---,,"SHOP NO.5,Ê BLOCK 6, ON PLOT NO. 406060029, AL KHARAIN AREA, RAK",04-5610000
HALA PHARMACY 34 LLC -RAK,RAK,---,,"OPPOSITE MANAR MALL , AL NAKHEEL AREA, RAS AL KHAIMAH , UAE",04-5610000
NOOR AL SHEFAA PHARMACY L.L.C,RAK,---,,IBRAHIM BAKIT SALIM ALAYAN;GROUND FLOOR;AL MARID;RAS AL KHAIMA,0528648485
IBN SINA PHARMACY,RAK,---,,MALL - SHEIKH MOHAMMAD BIN SALEM ROAD GROUND FLOOR - AL HAMRA VILLAGE - RAS AL KHAIMAH,07-2434488
IBN SINA PHARMACY 1,RAK,---,,"SHEIKH RASHID BIN SAEED AL MAKTOUM RD SHOP 46, GROUND FLOOR, AL NAEEM CITY CENTER - AL DHAIT NORTH - RAS AL KHAIMAH",07-2362086
IBN SINA PHARMACY - Branch2,RAK,---,,"RAS AL KHAIMAH,ÊUNITED ARAB EMIRATES",07-2353448
IBN SINA Pharmacy - Branch 3,RAK,---,,AL MUNTASIR RD - AL URAIBI - RAS AL KHAIMAH,07-2463661
LIFE PHARMACY LLC - RAK BRANCH,RAK,---,,"SHOP 5 & 6, NESTO HYPERMARKET, AL QUSAIDAT,RAS AL KHAIMAH,UAE",04-5610000
ZAHRAT NOOR AL SHEFAA PHARMACY,RAK,---,,"SHOP NO 12, NEAR AL MAYA SUPERMARKET, AL JAZEERA",07-2220103
AL ABRAR PHARMACY,RAK,---,,"BUILDING NO:1 AL JAZEERA, AL HAMRA",07-2080157
LIFE PHARMACY LLC - RAK Branch 1,RAK,---,,"SHOP NO: 01, GULF HYPERMARKET LLC, AL MUNTASIR ROAD, NAKHEEL STREET, RAS AL KHAIMA",04-5610000
LIFE PHARMACY LLC - RAK Branch 2,RAK,---,,"SHOP NO# 01,VENICE AVENUE",04-5610000
ALYA PHARMACY LLC,RAK,---,,"ADIL AL NUAIMI BUILDING ,SHEIKH SAQR BIN MUHAMMAD AL QASIMI STREET , LAMP ROUND ABOUT, NEAR TO NESTO HYPERMARKET, AL TURFA, RAS AL KHAIMAH, U.A.E",07-2441235
AL OLA PHARMACY BR ASTER PHARMACIES GROUP LLC,RAK,---,,"SHOP NO.1, BLD NO. 0040, NAKHEEL, RAK",07-2357563
HEALTH FIRST 54 PHARMACY LLC (ONE PERSON),RAK,---,,"UNIT: B-01, EMIRATES FOOTBALL CLUB, SAQER BIN MOHAMMED CITY, RAS AL KHAIMAH",07-2082082
HEALTH FIRST PHARMACY 53 LLC (ONE PERSON),RAK,---,,"BAB AL BAHAR,YAKOUT BUILDING,OPPOSITE TO ZOOM,MARJAN ISLAND BLVD TOWARDS UMM AL QUWAIN,RAS AL KHAIMAH",07-2435406
HALA 37 PHARMACY LLC OPC - BRANCH 2,RAK,---,,"EXHIBITION NO 1, AL QAWASIM CORNICHE, RAK, UAE",04-5610000
HALA 37 PHARMACY LLC OPC -BRANCH 3,RAK,---,,"UNIT NO. GF - 09-10 , AL NAEEM CITY CENTER, RAK, UAE",04-5610000
HALA 37 PHARMACY LLC OPC BRANCH 1,RAK,---,,"UNIT NO 5 & 6, GROUND FLOOR, LAGOON WALK, MINA AL ARAB, RAK, UAE",04-5610000
HALA 37 PHARMACY LLC OPC,RAK,---,,"UNIT NO 3 ,FLOOR G+M,JULFAR RAS AL KHAIMAH,UAE",04-5610000
AL SHAMAL PHARMACY LLC,RAK,---,,"SHAMAL PHARMACY BLDG.,SHOP NO. 3, MANAMA RD., AL SHAMAL AREA, RAS AL KHAIMA, UAE",07-2363278
WAHT AL DHAIT PHARMACY LLC,RAK,---,,"SULTAN SAEED BLDG.,SHOP NO. 2, AL MANAMA,RAS AL KHAIMAH RD. AIRPORT RD.-RAS AL KHAIMAH",07-2228522
AL KAYAN PHARMACY LLC,RAK,---,,"POEMS RAS-AL-KHAIMAH BLDG. NO. 1 GROUND FLOOR, SHOP NO. 13,SAQER HOSPITAL AL JUWAIS AL KADI STREET, RAS AL KHAIMAH",07-2464566
HALA PHARMACY 21 LLC BRANCH,RAK,---,,"SHOP 1, 2, 3, PLOT 314020416, AL RAMS, RAK, UAE",04-5610000
HALA PHARMACY 22 LLC,RAK,---,,"INSIDE CARREFOUR, MANAR MALL, RAK, UAE",04-5610000
SAUDI GERMAN CLINICS PHARMACY RAK,RAS AL KHAIMAH,---,,MARJAN ISLAND - JAZEERAT AL MARJAN - RAS AL KHAIMAH,8002211
BADAR PHARMACY,SHARJAH,---,,NEAR TO TRIVENI REST ROLLA,06-5614751
EMIRATES PHARMACY,SHARJAH,---,,OPP BOORJ 2000 BLDG,06-5614138
AL SAHIL PHARMACY,SHARJAH,---,,NEAR AL ZAHRA HOSIPTAL,06-5635060
AL RAHMA PHARMACY,SHARJAH,---,,"NEAR AL SAFEER STYLE, KING FAISAL ST",06-5551782
UNION PHARMACY,SHARJAH,---,,NEAR PIZZA LAND ABDUL NASSER ST,06-5594767
AL JAMEYA PHARMACY,SHARJAH,---,,CO-OPERATIVE SOCIETY HALWAN,06-5660344
CITY PHARMACY,SHARJAH,---,,OPP BUHAIRA POLICE STATION,06-5593636
SALIM PHARMACY,SHARJAH,---,,SALEM TOWER CORNICHE,06-5736262
AL QUDS PHARMACY,SHARJAH,---,,"IMMIGRATION ROAD, SHARJAH U.A.E",06-5739306
AL MASHREQ PHARMACY,SHARJAH,---,,KING FAISAL STREET SHARJAH U.A.E,06-5592500
AL FAJER PHARMACY,SHARJAH,---,,"IMMIGRATION ROAD, NEXT TO CITIBANK",06-5735233
MAJID PHARMACY,SHARJAH,---,,NEAR PAK - GHAZI REST,06-5683422
SHAHBA PHARMACY,SHARJAH,---,,SULAIMAN CHOWK IND AREA 12,06-5387027
AL FARABY PHARMACY,SHARJAH,---,,NEAR METRO CINEMA AL KHAN ROAD,06-5565345
HUSSAIN PHARMACY,SHARJAH,---,,"KING FIASAL STREET, BESIDE GAINT SUPERMARKET",06-5551804
AL HAIRAH PHARMACY,SHARJAH,---,,NEAR OLD PEOPLE'S HOME,06-5227988
MILLENIUM PHARMACY,SHARJAH,---,,NEAR BANK SADERAT IRAN,06-5689416
BAIT AL MAQDES PHARMACY L.L.C,SHARJAH,---,,"OPP AL WAHDA CENTRE, WAHDA ST",06-5534363
AL-KINDI PHARMACY,SHARJAH,---,,NEAR TO SHARJAH IMMIGRATION,06-5733177
ALIA PHARMACY,SHARJAH,---,,"NEAR LULU CENTRE, AL AROOBA ST",06-5650597
MODERN AL RIQQA PHARMACY,SHARJAH,---,,SHARJAH CO-OPERATIVE BLDG. AL RIQQA AREA SHARJAH,06-5243214
MODERN AHMED PHARMACY,SHARJAH,---,,"IMMIGRATION ROAD, NEAR CENTRAL BANK",06-5533033
AL OROUBA PHARMACY,SHARJAH,---,,OPP AL MANSOOR VIDEO AL AROOBA ST,06-5623355
AL QARAIN PHARMACY,SHARJAH,---,,"AL QARAIN 5 AIRPORT ROAD, SHJ- CO-OPERATIVE",06-5586765
DELTA PHARMACY,SHARJAH,---,,SHARJAH CO.OP / AL SWEIHAT BRANCH,06-5382770
RASHA PHARMACY,SHARJAH,---,,"TARIQ BIN ZIYAD ROAD, AL GHUWAIR MARKET, ROLLA",06-5625889
AL MAWADAH PHARMACY,SHARJAH,---,,"NEAR DUBAI ISLAMIC BANK, IMMIGRATION ROAD",06-5744878
MEDICARE PHARMACY,SHARJAH,---,,U.A.E. EXCHANGE BLDG. ROLLA,06-5621796
ANAS PHARMACY,SHARJAH,---,,JAMAL ABDUL NASER STREET,06-5533929
IBN ZOHER PHARMACY,SHARJAH,---,,AL- FARDAN CENTRE SHARJAH U.A.E,06-5567796
AL MAJAZ PHARMACY,SHARJAH,---,,JAMAL ABDUL NASSER STREET,06-5599799
BORJ SARAH PHARMACY,SHARJAH,---,,"SARA TOWER, BUHAIRAH CORNICHE",06-5564651
AL CANARY PHARMACY,SHARJAH,---,,"OPP NATIONAL PAINTS, INDUSTRIAL AREA",06-5352980
NOORA PHARMACY,SHARJAH,---,,CATEPILLAR R/A SHARJAH U.A.E,06-5422188
MOHSEN PHARMACY,SHARJAH,---,,"OPP AL SAFIA PARK, AL KHAN.",06-5565006
ARABIAN HOME HEALTH PHARMACY (FORMERLY KNOWN AS GRAND ARABIAN HOME PHARMACY),SHARJAH,---,,"CRYSTAL PLAZA BLDG, BUHEIRAH CORNICHE",06-5748588
ABU SHAGHARA PHARMACY,SHARJAH,---,,"BEHIND JUMBO ELECTRONICS,KING FAISAL ROAD",06-5536414
AL MUBARAK CENTRE PHARMACY,SHARJAH,---,,AL MUBARAK CENTER SHARJAH U.A.E,06-5638034
AL REEF PHARMACY,SHARJAH,---,,"INDUSTRIAL AREA NO.1, SHARJAH U.A.E",06-5330212
NOUR AL HUDA PHARMACY,SHARJAH,---,,"AL MAJAZ, BEHIND MILLENNIUM HOTEL",06-5562494
AL BUSTAN PHARMACY L.L.C,SHARJAH,---,,"GROUND FLOOR, AL NAHDA TOWER, NEAR AL-NAHDA PARK (BEHIND ANSAR MALL)",06-5309963
HEALTH FIRST PHARMACY BR-3( FORMERLY KNOWN AS GRAND AL MAFRAQ PHARMACY (PLANET GROUP ),SHARJAH,---,,"GROUND FLOOR,AL SAFEER CENTER,KHORFAKKAN,SHARJAH",09-2220635
SUPERCARE PHARMACY,SHARJAH,---,,SHARJAH CITY CENTRE,06-5396211
SAHAR AL-JADEEDA PHARMACY,SHARJAH,---,,"NEXT TO CATERPILLAR ROUND ABOUT,HASSAN BAB HASSAN BUILD",06-5422257
MODERN DELTA PHARMACY,SHARJAH,---,,JAMAL ABDUL NASSER STREET,06-5554490
DELTA AL MAMZAR PHARMACY,SHARJAH,---,,AL MAMZAR,06-5771703
AL HIKMAH PHARMACY,SHARJAH,---,,"NEAR FIRE STATION ROUND ABOUT,OPP. TO POWER HOUSE -SHARJAH",06-5656100
NADEEM PHARMACY,SHARJAH,---,,"BEFORE RIYADH PHARM,NEAR SHJ CRICKET STADIUM OPP KARACHI DARBAR REST SHAHBAH AREA",06-5584081
MODERN BAIT AL MAQDES PHARMACY L.L.C,SHARJAH,---,,"AL WAHDA ST, BEFORE AL KHULAFA'A AL RASHEDIN BRIDGE",06-5552070
BIN KHALDOON PHARMACY,SHARJAH,---,,"AL-KHOYAL BLDG,MUBASHER BIN ABDEL MUNZER, SHARJAH",06-5752423
DELMON PHARMACY,SHARJAH,---,,"MUHAMMAD JUMA AL MUTHAWA BUILDING,GROUND FLOOR, SHOP NO: 19, 20, 21,AL GHUWAIR AROOBA STREET, ROLLA,SHARJAH",06-5504331
EXPERT PHARMACY,SHARJAH,---,,"NEAR AL NASSIRAYA POLICE STATION, ABUTINA - SHARJAH",06-5654635
WASEEM PHARMACY,SHARJAH,---,,TAAWUN - AREA - SHARJAH,06-5770930
AL HARAMAIN PHARMACY,SHARJAH,---,,AL NAHDAH - SHARJAH,06-5316779
AL MANARAH PHARMACY,SHARJAH,---,,OPP. NEW EXPO - SHARJAH,06-5774665
AL ITEKAL PHARMACY,SHARJAH,---,,"SHOP NO-2, AL SALAMA BLDG, ABU SHAGARA PARK, BEHIND KRAZ SUPERMARKET",06-5531141
ZAM ZAM PHARMACY,SHARJAH,---,,"SHARJAH INDUSTRIAL AREA 15, NEAR NATIONAL PAINT",06-5357141
AL WAFAA PHARMACY- SHARJAH,SHARJAH,---,,"DOUBLE COLA ROAD, NEAR LACNOR DIARY, INDUSTRIAL AREA NO.4",06-5331139
YASSMIN PHARMACY- SHARJAH,SHARJAH,---,,"YASMIN BUILDING, OPPOSITE TO CRICKET STADIUM",06-5584662
AL MUSTAQBAL PHARMACY- SHARJAH,SHARJAH,---,,"NEAR BIN LADEN R/A, INDUSTRIAL AREA NO.11",06-5349500
NEW AL WAFA PHARMACY- SHARJAH,SHARJAH,---,,"NEAR MANAMA SUPERMARKET, KALBA ROAD, IND.AREA NO.15",06-5353580
AL RIYADH PHARMACY,SHARJAH,---,,"AL WASIT STREET, AL SHAHBA AREA, SHARJAH",06-5584299
AL MALIKY PHARMACY LLC,SHARJAH,---,,"AL MUWAILAH, UNIVERSITY ROAD, SHARJAH",06-5358688
AL SAIF PHARMACY,SHARJAH,---,,AL SAUD CO. LTD BLDG. AL WAHDA STREET NEAR LIBERTY SIGNAL,06-5533811
BAIT AL MAQDES AL JADEEDAH PHARMACY,SHARJAH,---,,"ABU SHAGARA, OPP ABU SHAGARA PARK",06-5486100
DAR AL SAHA PHARMACY,SHARJAH,---,,"NATIONAL R/A ,AL MALIHA STREET ,SHJ UNIVERSITY",06-5353995
AL FARAH PHARMACY,SHARJAH,---,,"SHOP NO-06,NASSER AL SHEBAH,OPP SAHARA MALL",06-5363707
AL SALAMAH PHARMACY,SHARJAH,---,,"OPP OASIS WATER CO,MALIHA -KALBA ROAD ,IND AREA ,SHJ",06-5357255
AL TAJ PHARMACY,SHARJAH,---,,JAMAL ABDUL NASSER STREET,06-5444322
AL FARES PHARMACY,SHARJAH,---,,"ZAKHIR 1 TOWER, AL TAAWUN ROAD, OPPOSITE AL TAAWUN MALL, AL MAMZAR ,SHARJAH U.A.E",06-5304212
DAR AL HEKMA PHARMACY,SHARJAH,---,,"ALBUHAIRA CORNICH, NEAR AL FARDAN CENTRE, SHARJAH",06-5567358
W.WILSON HOSPITAL PHARMACY,SHARJAH,---,,"AL BURJ BLDG, AL TAAWUN STREET, SHARJAH",06-5771757
MEDI PRIME AL QASIMIAH PHARMACY,SHARJAH,---,,"KING ABDUL AZIZ ROAD, IMMIGRATION ROAD",06-5752200
RAWBINA PHARMACY,SHARJAH,---,,"AL ZAMALEK,AMMAR BIN YASIR,BESIDE MEGA MART SUPERMARKET",06-5519654
MEDICOM -17 ( AL ANSAR PHARMACY ),SHARJAH,---,,"ANSAR MALL AL NAHDA ROAD, SHARJAH",06-5313256
AL MANARA UNIVERSITY PHARMCY,SHARJAH,---,,"SHOP NO. 1, MWYLAH AMERICAN UNIVERSITY SHARJAH",06-5589004
ASTER PHARMACY SHARJAH,SHARJAH,---,,"BESIDE NAHDA PARK, OPPOSITE TO CARREFOUR EXPRESS, AL NAHDA",06-5253663
AL NUZHA PHARMACY,SHARJAH,---,,"GROUND FLOOR, OASIS BLDG. AL BUHAIRA CORNICHE, SHARJAH, U.A.E.",06-5454282
AL RAEED PHARMACY JULPHAR DRUG STORE,SHARJAH,---,,"SHOP NO. 2, AL JAZEERI BLDG. OPP. SAHARA CENTER , AL NAHDAH - SHARJAH",06-5300606
HEALTH FIRST PHARMACY BR_4 (FORMERLY KNOWN AS PLANET PHARMACY - MATAJER MALL ) ( PLANET GROUP ),SHARJAH,---,,"AL MATAJER MALL,WASIT AREA, SHOP NO.1, SHARJAH",06-5534225
UNIVERSAL PHARMACY,SHARJAH,---,,"NEAR SHARJAH CINEMA, AL MARIJAH STREET SHARJAH",06-5681788
LAMIA PHARMACY,SHARJAH,---,,"SHOP NO.8, OLD KHAN SAHEB BLDG, CORNICH SHARJAH",06-5680781
SAIF ZONE PHARMACY,SHARJAH,---,,"INSIDE SHARJAH AIRPORT FREE ZONE, BLDG NO. 42 AREA F2",06-5578560
REEM AL NAHDAH PHARMACY,SHARJAH,---,,"BIN HAM TOWER BLDG. NEAR AL NAHDA PARK, AL NAHDA SHARJAH ,",06-5255825
AL MAKARIM PHARMACY,SHARJAH,---,,"ABDALLA SDALEM AL JUAIDI BLDG.,AL NABA STREET,BACK SAIDE OF AL MUBARAK CENTER,OPPOSITE BAITI HOTEL,SHARJAH U.A.E",06-5517178
DOCTORS PHARMACY,SHARJAH,---,,"OPPOSITE TO ROTANA HOTEL, DOCTORS PHARMACY BLG. GROUNG FLOOR SHARJAH",06-5614813
DAR AL DAWAA PHARMACY LLC,SHARJAH,---,,"SHOP NO. 4, NEAR PRIME TOWER HOTEL, SA'AD BIN ZAYED STREET, ABU SHAGARA SHARJAH",06-5449544
REHAM PHARMACY LLC,SHARJAH,---,,"BEHIND MELLINIUM HOTEL , AL BUHAIRA CORNICHE SHARJAH UAE",06-5375060
SAHARA PHARMACY,SHARJAH,---,,"INSIDE SAHARA MALL , AL NAHDA, SHARJAH",06-5312227
AL AQSA PHARMACY LLC,SHARJAH,---,,"AL ITTIHAD ROAD, AL TAAWUN , BEHIND W. WILSON HOSPITAL SHARJAH",06-5774704
AL FAYHA PHARMACY,SHARJAH,---,,"RASHEED AL KETIB BLDG. ,GROUND LEVEL, NEAR MENISTRY OF LABOUR ,YARMOOK SHARJAH U.A.E",06-5211987
LULU AL NAHDA PHARMACY LLC,SHARJAH,---,,"LULU HYPERMARKET, AL NAHDA, SHARJAH",06-5454611
LULU AL FALAH PHARMACY LLC,SHARJAH,---,,LULU HYPERMARKET SHARJAH UAE,06-5362225
HAMAD PHARMACY,SHARJAH,---,,AL WASET ROAD SHAHBA,06-5582800
AKNAF BAIT AL MAQDES PHARMACY LLC,SHARJAH,---,,"SHOP NO. 1, AL EZZ BIN ABDUL SALEM STREET. AL NASER PLAZA, AL MAJAZ SHARJAH .",06-5500602
ASTER AL BUHAIRAH PHARMACY,SHARJAH,---,,"LAGOON TOWER, SHOP NO.1, BUHAIRAH CORNICHE, SHARJAH, UAE",06-5444542
CRISTAL PHARMACY,SHARJAH,---,,"AL SHAMSI BLDG.SHOP NO.4, AL TAWOON AREA ,SHARJAH U.A.E",06-5773100
AL RAHMANIAH PHARMACY LLC,SHARJAH,---,,"SAME BLDG.OF NAHLAT ALMADINA SUPER MARKET,NEAR NATIONAL PAINT,BIN LADIN R/A SHARJAH U.A.E",06-5343351
ANWAR BAIT AL MAQDES PHARMACY LLC,SHARJAH,---,,"EWAN BUILDING BACK SIDE OF UNIVERSITY CITY ROAD MUWAILEH, SHARJAH U.A.E",06-5426300
AL MADINAH PHARMACY,SHARJAH,---,,"BUILDING 123,OPPOSITE TO EMIRATES PUMP NEAR AL MADAM R/A SHARJAH U.A.E",06-8861018
SUPERCARE PHARMACY SHARJAH 1,SHARJAH,---,,"SAHARA CENTER, AL NAHDAH SHARJAH",06-5320383
GARDEN PHARMACY LLC,SHARJAH,---,,GROUND FLOOR AL AHKIA MONEY EXCHANGE BLDG. NEXT TO JOY ALUKKAS,06-5211727
SHARJAH PHARMACY,SHARJAH,---,,ROLLA SQUARE BACK SIDE OF JOY ALLUKAS CENTER,06-5623850
NASEEF PHARMACY,SHARJAH,---,,"NEAR MUBARAK CENTER,AL NABA AL AROUBA STREET, SHARJAH U.A.E",06-5626780
CONSULTANT PHARMACY,SHARJAH,---,,"AL WAHDA STREET,NEAR TOYOTA SHOW ROOM , AL DARQISH BLDG. 2ND FLOOR",06-5335555
AL SHAM PHARMACY,SHARJAH,---,,"SHARJAH MEGAMALL GROUND FLOOR, ABU SHAGARA SHARJAH U.A.E",06-5748288
AL MARIJAH PHARMACY,SHARJAH,---,,AL MINA ROAD OPPOSITE AL BARODA BANK ; SHARJAH U.A.E,06-5690034
AL HIJAZ PHARMACY,SHARJAH,---,,"SHEIKH ZATED ROAD, OPPOSITE EMARAT PETROL STATION PUMP, MAISALOON SHARJAH",06-5631319
ORIANA PHARMACY,SHARJAH,---,,"MANAZIL TOWER 2, AL TAAWUN STREET; AL NAHDA SHARJAH",06-5525770
COOPERATIVE PHARMACY,SHARJAH,---,,"AL ZAHRA STREET , CLOCK TOWER SHARJAH U.A.E",06-5613392
NOORA AL JADEEDA PHARMACY,SHARJAH,---,,"UNIVERSITY ROAD,INDUSTRIAL AREA 17 , OPPOSITE TO MADINA SUPERMARKET, SHARJAH U.A.E",06-5427878
MANARA AL MURQAB PHARMACY,SHARJAH,---,,"MATAJER MALL SHOP NO.6,1ST FLOOR, AL MIRQUB AREA SHARJAH U.A.E",06-5213471
ARABIAN PHARMACY,SHARJAH,---,,"BMW,MAAZA SIGNAL, INDUSTRIAL AREA 4, SHARJAH U.A.E",06-5434390
AL TAQWA PHARMACY LLC,SHARJAH,---,,"ABDUL AZIZ, AL MAJED BLDG. AL NAHDA STREET SHARJAH",06-5319211
AL ELAJ PHARMACY LLC,SHARJAH,---,,"AL SHABA PLAZA, WASIT STREET, SHARJAH U.A.E",06-5583058
AL WASL PHARMACY LLC,SHARJAH,---,,"NEAR GIANT SUPER MARKET & K.M. TRADING , ROLLA SHARJAH",06-5238666
AL DARARY PHARMACY,SHARJAH,---,,"KHAN SAHEB BLDG. 1ST INDUSTRIAL AREA,NEAR PAKISTANI MOSQUE & SHARJAH CITY CENTER",06-5397282
HEALTH FIRST PHARMACY( FORMERLY KNOWN AS DAR AL HIKMAH )(PLANET GROUP ),SHARJAH,---,,"4-2A,GROUND FLOOR,AL MAJAZ 2,BUHAIRAH CORNICHE,NEXT TO SUBWAY RESTAURANT,SHARJAH U.A.E",06-5643275
SAIF AL KHAN PHARMACY LLC ( FORMERLY KNOWN AS AL SAIF PHARMACY BR 1 ),SHARJAH,---,,"SHOP NO. 11, BAGHLAF ALZAFEER BLDG.,AL KHAN STREET,INDUSTRIAL AREA 2,SHARJAH U.A.E",06-5391300
AL INAYA AL MUTAQADIMAH PHARMACY LLC ( FORMERLY KNOWN AS AL QASSIM PHARMACY ),SHARJAH,---,,"SHOP NO. 2,GROUND FLOOR, AL REEM BLDG.1,MUWAILAH NEAR NATIONAL PAINTS, SHARJAH U.A.E",06-5345663
AL MEENA PHARMACY LLC,SHARJAH,---,,"SATA BUILDING , MINA ROAD SHARJAH U.A.E",06-5625055
ATLAS PHARMACY,SHARJAH,---,,"AL AROOBA STREET, GROUND FLOOR GULF MART SHARJAH U.A.E",06-5235676
DELTA AL DHAID PHARMACY,SHARJAH,---,,SHARJAH COOPERAIVE AL DHAID,06-8828636
SHAHAD PHARMACY,SHARJAH,---,,"SHOP NO. 3,AHMED TARYAM BLDG. AL ESTIQAL STREET ABU SHAGARA SHARJAH U.A.E",06-5538284
AL SAHA & AL JAMAL PHARMACY LLC,SHARJAH,---,,"AL ZAHRA STREET,INFRONT OF AL AHLI SUPERMARKET ANJAD,R/A NASSERYA SHARJAH U.A.E",06-5210090
AL SAHA & AL JAMAL PHARMACY LLC- BRANCH1,SHARJAH,---,,"SHARJAH UNIVERSITY ROAD INFRONT OF AL FALAH MILITARY CAMP,MOAILEH SHARJAH U.A.E",06-5399499
AL QASIMIAH PHARMACY LLC,SHARJAH,---,,"SAJAA INDUSTRIAL AREA,SHARJAH U.A.E",06-5310177
AL SAJAA PHARMACY LLC,SHARJAH,---,,"OPPOSITE , SHARJAH CEMENT FACTORY,SAJAA,SHARJAH U.A.E",06-5310199
ASIA PHARMACY LLC,SHARJAH,---,,"INDUSTRIAL AREA NO.2, SHARJAH U.A.E",06-5335970
BAIT AL SHIFA PHARMACY (PART OF ZAM ZAM GROUP),SHARJAH,---,,"KALBA ROAD , NEAR NATIONAL PAINT SHARJAH U.A.E",06-5611891
NEW MEDICAL CENTER PHARMACY LLC,SHARJAH,---,,"BELRESHEED TOWER , OPPOSITE MARABELLE RESORT, BUHAIRA CORNICHE , SHARJAH U.A.E",06-5974180
MEDICINA 25 PHARMACY (FORMERLY KNOWN AS MEDICINA SHAHBA PHARMACY),SHARJAH,---,,"NWAEM CENTER , AL WASEET STREET, SHARJAH U.A.E",06-5660741
MEDICINA 24 PHARMACY(FORMERLY KNOWN AS JANIN PHARMACY ),SHARJAH,---,,"SHOP NO. 3, AL QASMIA,BEHIND AL MAHA ROTANA HOTEL, KING FAISAL SHARJAH U.A.E",06-5723255
MEDICINA 23 PHARMACY (FORMERLY KNOWN AS RUKN AL DAWAA PHARMACY ),SHARJAH,---,,"CENTRAL SHARJAH SHOP #02, SHEIKH RASHID BIN SAQR ALQASIMI STREET, HALWAN SUBURB, SAMNAN SHARJAH",06-5303980
ZAHRAT AL RABIE PHARMACY,SHARJAH,---,,"OPPOSITE NISSAN SHOWROOM, NEAR SHARJAH CO-OPERATIVE",06-5546800
MOTHER CARE PHARMACY LLC,SHARJAH,---,,"NEAR BY BIG MOSQUE,BACK SIDE OF SHARJAH CEMENT FACTORY",06-5360122
AL RAYAN PHARMACY LLC,SHARJAH,---,,"ISTEQLAL STREET , BESIDE GIFT VILLAGE MALL, SHARJAH",06-5509475
AL AHSAN PHARMACY,SHARJAH,---,,"SHARJAH UNIVERSITY ROAD , MUWAILIAH SHARJAH",06-5449393
AL NASIRIAH PHARMACY,SHARJAH,---,,"AL NASAIAH STREET , SHARJAH U.A.E",06-5656401
ASTER PHARMACY 107,SHARJAH,---,,"HASSAN BABA BLDG.,GROUND FLOOR, KING FAISAL ROAD SHARJAH",06-5734704
AL SEHA AL KUBRA PHARMACY LLC,SHARJAH,---,,"NEAR DR. SUNNY MEDICAL CENTRE , AL WASIT STREET, SHARJAH",06-5721213
AL NAHDA PHARMACY,SHARJAH,---,,"OPPOSITE OLD EXPO CENTER SHARJAH , AL BUHAIRA POLICE STATION STREET SHARJAH",06-5561122
OASIS PHARMACY,SHARJAH,---,,"AL KHAN 2 TOWER ,AL TAAWUN ,BACK SIDE UNION BANK SHARJAH",06-5771873
AL RAWDHA PHARMACY,SHARJAH,---,,"AL ZAHRA STREET,BUTINA SHARJAH ,NEAR NESTO HYPERMARKET",06-5213777
AL MANARA AL NASRIYA PHARMACY,SHARJAH,---,,"CITY CENTER , SHARJAH",06-5455600
AL ZAMAN PHARMACY LLC,SHARJAH,---,,AL WAHDA STREET NEAR AL WAHDA POST OFFICE SHARJAH,06-5771990
RUKN AL HAYAT PHARMACY LLC,SHARJAH,---,,KALOTI TOWER OPPOSITE AL DURRAH CENTER AL MAJAZ SHARJAH U.A.E,06-5444534
MARHABA PHARMACY,SHARJAH,---,,"AL WAIS BLDG.,SHOP NO. 5, AL ZAHRA STREET MYSALOON SHARJAH",06-5238130
SCIENTIFIC PHARMACY,SHARJAH,---,,"JASIM MOHAMMED BLDG.,BACKSIDE OF AL SHEIKH SAQR AL KHASMI STREET NEAR SHARJAH MEGA MALL",06-5482762
DEIRA PHARMACY LLC,SHARJAH,---,,"1ST FLOOR AL MUBARAK CENTER , ROLLA SHARJAH",06-5631359
IBN BATUTA PHARMACY LLC,SHARJAH,---,,"MAJAZ 3, BUHAIRAH CORNICHE HASAN BIN THABET STREET BEHIND SARAH EMIRATES TOWER",06-5561544
LIFE LINE PHARMACY LLC,SHARJAH,---,,"ADIB BANK BLDG. AL WASIT STREET , SAMNAN SHARJAH U.A.E",06-5659407
AL TAMIMI PHARMACY,SHARJAH,---,,"NEAR KM TRADING CENTER , ROLLA SHARJAH",06-5624990
BOORJ AL ROLLA PHARMACY LLC,SHARJAH,---,,"FLAT NO. 29/30, ROLLA TOWER BLDG., OPPOSITE ROLLA PARK , SHARJAH",06-5217190
AL NAHAR PHARMACY LLC,SHARJAH,---,,"SHOP NO. 4, AL SHYBA BLDG. AL NAHDA SHARJAH",06-5545882
ASTER PHARMACY 106,SHARJAH,---,,"GOLDENSANDS BLDG., AL ITTIHAD ROAD, AL NAHDA, NEAR TO SAFEER MALL",06-5749669
ASTER PHARMACY 121,SHARJAH,---,,"SILVER SAND BLDG. AL NAHDA, OPPOSITE JUMA BLDG. AL MAJID BLDG.",06-5544504
AL SAMA AL ZARQA PHARMACY,SHARJAH,---,,"INDUSTRIAL AREA, NEAR SHARJAH CEMENT FACTORY",06-5311873
DAR AL HIKMAH PHARMACY LLC,SHARJAH,---,,"AL HIKMA SPECIALIZED MEDICAL CENTRE BLDG.,NEXT TO BUHAIRA CORNICHE SHARJAH",06-5667358
AL JAMAL PHARMACY LLC,SHARJAH,---,,DAMAS BLDG. ROLLA SHARJAH U.A.E,06-5239741
AL MOAALAJ PHARMACY LLC,SHARJAH,---,,"SHOP NO. 3, BEHIND EMAX ELECTRONICS & SUNRISE SUPERMARKET, BLDG. NEAR SHARJAH COOPERATIVE",06-5214865
GULF PHARMACY LLC,SHARJAH,---,,"SOUTHERN STREET ,AL MAJAZ PARK, KHALED TOWER NO. 2, JAMAL ABDUL NASER, SHARJAH",06-5599802
NEJOUM ABU SHAGHARA PHARMACY LLC,SHARJAH,---,,"KING ABDUL AZEEZ ROAD, AL QUASSEMEA, SHARJAH",06-5554450
BAIT AL DAWAA PHARMACY,SHARJAH,---,,"LOTAH TOWER, AL TAAWUN STREET, SHARJAH",06-5772511
MUHAMMAD AYAZ PHARMACY LLC,SHARJAH,---,,"AHMAD JAHAHE BLDG. AL WASIT STREET, OPPOSITE KARACHI DARBAR, AL SHAHBA , SHARJAH",06-5526224
MEDI PRIME PHARMACY,SHARJAH,---,,"2ND FLOOR, SAFEER MARKET BLDG, KING FAISAL ST, AL MAJAZ 1, SHARJAH",06-5752200
ASTER PHARMACY 108,SHARJAH,---,,"IBRAHIM MOHAMAD AL MEDFAA STREET, ROLLA, NEXT TO SATA, UM AL TARAFA AREA ROLLA SHARJAH",06-5610012
AL MAJD PHARMACY LLC,SHARJAH,---,,"AL MAJAZ 3, BEHIND AL BUHAIRAH HILTON HOTEL, INFRONT OF ETISALAT BLDG.AL KHAN SHARJAH",06-5286882
AL SHIFA AL AFIAH PHARMACY LLC,SHARJAH,---,,"JAMAL ABDUL NASER STREET, OPPOSITE AL MAJAZ PARK SHARJAH",06-5506551
BAB AL SHIFA PHARMACY LLC,SHARJAH,---,,"AL MAJAZ 1, BEHIND BEL RASHEED TOWER, BUHAIRA CORNICHE",06-5750060
ASTER PHARMACY 125,SHARJAH,---,,"AL DEYAR BUIDING, NEAR TAWOUN R/A, AL TAWOUN, SHARJAH",06-5303016
BAIT AL HIKMAH PHARMACY LLC,SHARJAH,---,,MAYSALOON AREA SHARJAH U.A.E,06-5304919
MEDICINE WORLD PHARMACY,SHARJAH,---,,"OPPOSITE BUHAIRAH POLICE STATION NEAR ISTANBUL SUPERMARKET, AL MAJAZ AREA SHARJAH",06-5447792
AL MUSALLA PHARMACY,SHARJAH,---,,"NEAR AL ZAHRA HOSPITAL , KHAIR MED CENTRE BLDG., AL ZAHRA ROAD , ROLLA SHARJAH",06-5616136
PESHAWAR PHARMACY LLC,SHARJAH,---,,"GROUND FLOOR , SHOP NO. 11, BIN KAMIL BLDG., AL GHUAIR AREA, SHARJAH U.A.E",06-5214944
AL BASSAM PHARMACY,SHARJAH,---,,BUHAIRA CORNICHE NEAR HILTON HOTEL ROLLA SHARJAH,06-5379446
AL ITIHAD PHARMACY,SHARJAH,---,,"JAMAL ABDUL NASSER STREET , MAJAZ SHARJAH",06-5594767
BANIYAS PHARMACY LLC,SHARJAH,---,,"SHEIKH RAJA AL QASSIMIA BLDG., ROOM NO. 234, BEHIND DR. SUNNY, AL SHAHBAH SHARJAH",06-5582307
DAR AL AFIA PHARMACY,SHARJAH,---,,"AL HAMRA CINEMA BDLG., NEXT TO LULU CENTER , OPPOSITE AL MUBARAK CENTER, AL MUJARRAH, AL ARROBA STREET SHARJAH",06-5235221
IBN HAYAN PHARMACY,SHARJAH,---,,MALEK BIN SUOOD AL QASSIMIA,06-5747288
ASTER PHARMACY 122,SHARJAH,---,,"SHOP NO. 2, ASTER BLDG.,NEARASTER CLINIC, ABUSHAGARA PARK ROAD ,SHARJAH",06-5570996
HANADI PHARMACY LLC,SHARJAH,---,,AL KHAN BEACH HOTEL SHARJAH,06-5284004
GRAND HAMAD PHARMACY,SHARJAH,---,,"NEAR AL NAHDA PARK, AL NAHDA SHARJAH",06-5544050
AL REHAB PHARMACY LLC,SHARJAH,---,,"STYLE TOWER, SHOP NO. 3, AL KHAN SHARJAH",06-5539200
AL NAKHEEL PHARMACY,SHARJAH,---,,"BAKER ABOU SEDO BLDG., GROUND FLOOR 10 & 11, NEAR TO ROLLA PARK SNOW WHITE TEXTILE SHARJAH",06-5612512
ASTER PHARMACY 133,SHARJAH,---,,"AL SHARQ STREET, NEXT TO FINE FAIR BLDG., BUTINA , OPPOSITE SHARJAH COOP SOCIETY.",06-5619322
STARS PHARMACY,SHARJAH,---,,"JASSIM 3 BUILDING,GROUND FLOOR,SHOP NO. 5, MUWAILEH COMMERCIAL ,SHARJAH U.A.E",06-5626632
AL FARDAN CENTRE PHARMACY LLC,SHARJAH,---,,"INSIDE AL FARDAN CENTRE,BUHAIRA CORNICHE RD,SHARJAH,SHOP # G-16-20",06-5752809
AL MANSOOR PHARMACY,SHARJAH,---,,"AL WAHDA ST., OPP.SHARJAH CITY CENTRE, SHARJAH",06-5591700
AL SAHA PHARMACY LLC,SHARJAH,---,,"AL MUWAILAH FIRE STATION ROAD, SHARJAH",06-5426630
GOLDEN LIFE PHARMACY,SHARJAH,---,,"BETWEEN TAWUN MALL & QASBA CHANNEL, SHARJAH",06-5775501
HALA PHARMACY LLC,SHARJAH,---,,"SHOP # 12,13 & 14,OPPOSITE TO MEGA MART, AL QASSIMIA SHARJAH",06-5515213
HALA PHARMACY LLC -BRANCH 1,SHARJAH,---,,"SHOP # 1 & 2,KM TRADING SHOPPING CENTRE, ABU SHAGHARA SHARJAH",06-5485898
HALA PHARMACY LLC -BRANCH 10,SHARJAH,---,,"HALA PHY BR 10 - SHOWROOM NO 1, BDNG NO 997, AL NASSERYA, SHARJAH",06-5239833
HALA PHARMACY LLC -BRANCH 12,SHARJAH,---,,"SHOP NO 1, MANAZIL TOWER 1, PLOT NO 89, AL QASSIMIYA, SHARJAH",06-5519931
HALA PHARMACY LLC -BRANCH 2,SHARJAH,---,,"SHOP # 4 & 5,NEAR TO ABU SHAGARA PARK,SHARJAH",06-5759287
HALA PHARMACY LLC -BRANCH 3,SHARJAH,---,,"SHOP 02, BUFYEER 222 BLDG,NEAR AL BUSTAN HOTEL,AL QASSIMIYA, SHARJAH",06-5501340
HALA PHARMACY LLC -BRANCH 4,SHARJAH,---,,"AL KHALEEJ BLD, NEAR SHARJAH ROTANA HOTEL,ARABIAN GOLF STREET,SHARJAH",06-5627128
HALA PHARMACY LLC - BRANCH 5,SHARJAH,---,,"HALA PHARMACY BR 5, SHOP NO 1,2 &14, ROLLA BUILDING, ROLLA, SHARJAH",06-5218353
HALA PHARMACY LLC -BRANCH 6,SHARJAH,---,,"SHOP # 2, CORNICHE B BUILDG, BUHAIRA CORNICHE,SHARJAH",06-5372761
HALA PHARMACY LLC - BRANCH 7,SHARJAH,---,,"HALA PHY BR 7,AL ZA'ABI BLDG, PLOT NO 315, JAMAL ABDUL NASSAR STREET, SHARJAH",06-5506126
HALA PHARMACY LLC -BRANCH 8,SHARJAH,---,,"HALA 8 PHARMACY - SHOP NO 4,ZUBAIDI BLDNG, AL MAJAZ, SHARJAH",06-5516022
HALA PHARMACY LLC -BRANCH 9,SHARJAH,---,,"SHOP # 1 & 2,AL AROUBA BUILD,AL AROUBA STREET,SHARJAH",06-5519865
WAJEAT AL KHOOR PHARMACY LLC,SHARJAH,---,,"BUHAIRA CORNICHE ,RIVIERA TOWER , SHARJAH UAE.",06-5373883
AL TAIF PHARMACY,SHARJAH,---,,"SHOP # 2 & 3, NESTO HUPERMARKET LLC-BRANCH 1, MUWAILIH COMMERCIAL, SHARJAH",06-5505411
AL BARSHA PHARMACY,SHARJAH,---,,"SHOP # 1, EMIRATES & AL MANAMA CENTRE,NEXT TO FIRE STATION ROUNDABOUT SHARJAH",06-5754046
HALA PHARMACY LLC - BRANCH 11,SHARJAH,---,,"SHOP NO 1, BUF YEAR 222 BLD, PLOT NO 374, AL QASIMIA, SHARJAH",06-5454123
SAHARA LIFE PHARMACY LLC,SHARJAH,---,,"B-04, NEXT TO SPINNEYS, SAHARA CENTRE, DUBAI",06-5566349
AL NAJIM ALAZRAQ PHARMACY,SHARJAH,---,,"SHOP NO.1 DAMAS 57 BLDG AL NAHDA AREA; NEXT TO ANSAR MALL, AL ITTIHAD ROAD, SHARJAH",06-5288851
HALA PHARMACY LLC -BRANCH 19,SHARJAH,---,,"AL ALAMI CENTRE, SHOP NO.4 & 5, AL ALAMI CENTRE -1 , NEAR SPINNEYS KING FAISAL STREET, SHARJAH",06 556 0640
HALA PHARMACY LLC - BRANCH 18,SHARJAH,---,,"SHOP G2, SALEM TOWER (PLOT 430), NEAR UNITED ARAB BANK,OPPT TO AL NOOR MOSQUE, AL MAJAZ 1, SHARJAH",06 - 5561718
ASTER PHARMACY 140,SHARJAH,---,,"SULTACO BUILDING, KING FAISAL STREET, AL MAJAZ, SHARJAH",06-5445001
WAFI PHARMACY,SHARJAH,---,,"GROUND FLOOR FLAT NO.3,4,5, NEAR TO MADINA SUPERMARKET ,AL SHARQ -BU TINA,SHARJAH",06-5650739
AL SHIFA UROPI PHARMACY LLC,SHARJAH,---,,"C-BLOCK TUGER BLDG., AL NAHDA SHARJAH",06-5394609
ASTER PHARMACY 151,SHARJAH,---,,"SHOP NO.4, MAMZER 1 TOWER, OPP. SHARJAH PALACE HOTEL, TAWUN STREET, AL TAWOON",06-5453109
HEALTH FIRST PHARMACY BRANCH 6 SHARJAH,SHARJAH,---,,"SHOP NO 1,AL SHARQ STREET,SHARJAH CO-OPERATIVE SOCIETY,SHARJAH",06- 5650415
THUMBAY PHARMACY LLC SHARJAH BR. 2,SHARJAH,---,,"SAMNAN , AL FARIS BLDG., AL WASIT STREET, SHARJAH",06-56143619
ASTER PHARMACY 203,SHARJAH,---,,"SHOP NO.1, ARAB DOCTOR BUILDING, AL TAAWUN AREA, SHARJAH",06-5396955
SHARJAH INTERNATIONAL AIRPORT MEDICAL CENTER PHARMACY,SHARJAH,---,,SHARJAH INTERNATIONAL AIRPORT,06-5084949
BRITISH MEDICAL COMPLEX PHARMACY LLC,SHARJAH,---,,"VILLA ABDULLA ALOWAIS, AL JAZZAT, OPPOSITE TO SHARJAH FAMILY COURT",06-5227287
ASTER PHARMACY 153,SHARJAH,---,,"SUROOR BUILDING, AL NAHDA PARK AREA, BESIDE CITY EXCHANGE, AL NAHDA",06-5543020
RUKN ABUSHAGHARAH PHARMACY,SHARJAH,---,,"AL SARKAL BLDG.,GROUND FLOOR,SHOP NO. 1,NEAR CITY CENTER,ABUSHAGARAH SHARJAH U.A.E",06-5480888
DAR AL WAFAA PHARMACY,SHARJAH,---,,"BEHIND MEGA MALL, ESTIQAL ROAD,ABU SHAGARA AREA ,SHARJAH",06-5681667
THUMBAY PHARMACY LLC SHJ BR. -BRANCH 3,SHARJAH,---,,"SAME BLDG. THUMBAY MEDICAL & DENTAL SPECIALITY CENTER, BUILDING NO 384, NEXT TO NATIONAL PAINT ROUND ABOUT, OPPOSITE FIRE STATION, MUWAILEH, SHARJAH",06-5356497
THUMBAY PHARMACY LLC BRANCH 4,SHARJAH,---,,"DELMA HOUSE, KING FAIZAL ROAD SHARJAH U.A.E",06-5518509
HALA PHARMACY LLC - BRANCH 26,SHARJAH,---,,"G09 & G10,MY CITY CENTRE,AL NASSERIYA SHARJAH",06-5220367
AL FAROOQ PHARMACY LLC,SHARJAH,---,,"JUMA AL MAJID BUILDING, NEAR REEM AL NAHDA MEDICAL CENTRE, AL NAHDA, SHARJAH.",06-5315343
NAWAIEM PHARMACY,SHARJAH,---,,"NASSER AL SHIBA BUILDING,NEAR PRIME MEDICAL CENTRE, AL NAHDA, SHARJAH",06-5565195
AL RAZY PHARMACY LLC,SHARJAH,---,,"AL ZAROUNI BUILDING,BEHIND ANSAR MALL, AL NAHDA, SHARJAH",06-5377844
DAR AL FARAH PHARMACY LLC,SHARJAH,---,,"OPP. AL QASIMI HOSPITAL, AL KHEZAMMIA AREA, SHARJAH, UAE",06-5743825
THUMBAY PHARMACY LLC -SHJ. BR,SHARJAH,---,,"AL QULAYA BLDG.,AL QASIMI STREET ,AL QULAYA ,AJMAN",06-7487812
THUMBAY PHARMACY LLC -SHJ BR- BRANCH 5,SHARJAH,---,,"AL AROUBA STREET , ROLLA SHARJAH",06-5671482
THUMBAY PHARMACY LLC -SHJ BR- BRANCH 6,SHARJAH,---,,"NEXT TO ADNOC PETROL STATION ,NEAR VTO SHARJAH BLOOD TRANSFUSION CENTER,OPPOSITE OLD MILITARY CAMP, UNIVERSITY ROAD SHARJAH ,U.A.E",06-5356789
THUMBAY PHARMACY LLC -SHJ BR- BRANCH 1,SHARJAH,---,,"G1,NEXT TO JESCO SUPERMARKET,YARMOUK SHARJAH U.A.E",06-5668375
AL AIELAH AL SAEEDA PHARMACY,SHARJAH,---,,"CORNICHE PLAZA II,SHARJAH CORNICHE HOSPITAL BLDG.,GROUND FLOOR,OPPOSITE MARBELLA RESORT,BUHAIRA CORNICHE ,SHARJAH",06-5592299
AL KARAZ PHARMACY LLC,SHARJAH,---,,"R&S BLDG., GROUND FLOOR ,SHOP NO. 2, BEHIND KFC, AL NAHDA SHARJAH",06-5668225
AL FURQAN PHARMACY LLC,SHARJAH,---,,"MATTAR BLDG.,GROUND FLOOR,SHOP NO. 9,AL MADAM R/A SHARJAH",06-8861030
AL BAWSALAH PHARMACY LLC,SHARJAH,---,,"SAME BLDG. OF AL SHAMS DIAGNOSTIC CENTER,INDUSTRIAL AREA 15 SHARJAH U.A.E",06-5300400
AL SAMAH PHARMACY LLC,SHARJAH,---,,"SHAIKH BINT MOHAMMED BIN SAQR AL QASSIMI,GROUND FLOOR, SHOP NO. 5,OPPOSITE TO AL MADINAH HYPERMARKET, AL GHUBAIBAH SHARJAH U.A.E",06-5660366
HALA PHARMACY LLC BRANCH 27,SHARJAH,---,,"UNIT NO. J-040, GROUND FLOOR, MATAJER AL JURAINA, SHARJAH - UAE",06-5526718
EMIRATES EUROPEAN HOSPITAL PHARMACY,SHARJAH,---,,"EMIRATES EUROPEAN HOSPITAL BLDG.,AL QULIA AREA NEXT TO SHARJAH COOP SOCIETY, NEAR FINE FAIR BUTINA ,SHARJAH",06-5619444
MEDI PRIME AL NAHDA PHARMACY LLC,SHARJAH,---,,"AL RODA TOWER2,GROUND FLOOR,OPPOSITE CARREFOUR EXPRESS,AL NAHDA SHARJAH",04-7070373
HALA PHARMACY LLC BRANCH 20,SHARJAH,---,,"UNIT B051, SHARJAH CITY CENTRE ,SHARJAH",06-5226348
THUMBAY PHARMACY LLC BRANCH,SHARJAH,---,,"W2-037, UNIVERSITY OF SHARJAH FOR WOMEN, MALIHA STREET., ,MUWAILAH",06-5053255
THUMBAY PHARMACY LLC BR 8,SHARJAH,---,,"M2-038,UNIVERSITY OF SHARJAH FOR MEN,MALIHA STREET, MUWAILAH",06-5166255
THUMBAY PHARMACY LLC BRANCH 9,SHARJAH,---,,"WAY -IN BDLG.,AL WAHDA STREET,AL MAJAZ NO.2",06-5370499
THUMBAY PHARMACY LLC BRANCH 10,SHARJAH,---,,"SHAIKHA VWAGE BLDG., AL WAHDA STREET,KALBA",09-2774070
AL MALEHA PHARMACY,SHARJAH,---,,"OPP.ETISALAT MAIN ROAD,SALEM BIN JARSH BLDG",06-8826855
DELTA AL DHAID PHARMACY,SHARJAH,---,,"SHARJAH CO OPERATION, AL DHAID",06-8828636
DUAA PHARMACY,SHARJAH,---,,"SHK MOHAIR BUILDING,OLD HOSPITAL ROAD, ,BEHIND OLD VEGETABLE MARKET,DHAID",06-8822525
AL WASHAH PHARMACY,SHARJAH,---,,ALI BUILDING FALLAJ AL MUALLA ROAD; AL DHAID SHARJAH,06-8833240
AL MUSABAH PHARMACY,SHARJAH,---,,"OPPOSITE UAE EXCHANGE , AL DHAID CENTRAL REGION, DHAID CITY",06-8828103
KHALID PHARMACY,SHARJAH,---,,"MOSQUE R/A ,KHALIFA BLDG., AL DHAID SHARJAH",06-8822677
AL ZAYTOON PHARMACY,SHARJAH,---,,"NEAR UAE EXCHANGE, SHEIKH SAEES, AL QASMI STREET ABDU LATEEF BLDG. KALBA SHARJAH",09-2773390
HEALTH CARE PHARMACY,SHARJAH,---,,"SHARJAH CO OPERATION SOCIETY BUILDING,MOUSA,BIN NOSSIR STREET 115,INDUSTRIAL AREA",09-2772394
MEDICINA 22 PHARMACY,SHARJAH,---,,SAFEER MARKET NEXT TO KALBA HEALTH COMPLEX,09-2770371
AL SEDRA PHARMACY,SHARJAH,---,,"NEAR SAJIDAH SUPERMARKET, KALBA SHARJAH",09-2774113
THUMBAY PHARMACY LLC -SHJ. BRANCH 7,SHARJAH,---,,"W2-037, UNIVERSITY OF SHARJAH FOR WOMEN, MALIHA STREET., ,MUWAILAH",06-5053255
THUMBAY PHARMACY LLC BR 8 SHARJAH,SHARJAH,---,,"M2-038,UNIVERSITY OF SHARJAH FOR MEN,MALIHA STREET, MUWAILAH",06-5166255
THUMBAY PHARMACY LLC BRANCH 9,SHARJAH,---,,"WAY -IN BDLG.,AL WAHDA STREET,AL MAJAZ NO.2",06-5370499
THUMBAY PHARMACY LLC BRANCH 10 SHARJAH,SHARJAH,---,,"SHAIKHA VWAGE BLDG., AL WAHDA STREET,KALBA",09-2774070
MAY PHARMACY,SHARJAH,---,,"AL HASSAWI BLDG.,GROUND FLOOR,FLAT NO. 15-16,BESIDE AJMAN BANK ,AL MAJAZ 3, SHARJAH U.A.E",06-5545151
TAIBAH PHARMACY,SHARJAH,---,,"BELHASA TOWER,GROUND FLOOR,SHOP NO.2,MAJAZ 2, SHARJAH ,U.A.E",06-5758857
SIR ALSHIFAA PHARMACY,SHARJAH,---,,"MUSABIH ALAJEL BLDG.,GROUND FLOOR ,SHOP NO.2,SAMNAN ,SHARJAH, U.A.E",06-5667591
AL GHAITH PHARMACY,SHARJAH,---,,"AL JABRI BLDG.,SHOP NO. 6,OPPOSITE ETISALAT, ABUSHAGARAH,SHARJAH,U.A.E",06-5566598
THUMBAY PHARMACY LLC BRANCH 11-SHARJAH,SHARJAH,---,,"OBEID SAEED BLDG. NO. 4,BEHIND KM TRADING, AL WAHDA STREET ,SHARJAH",06-5356497
ORCHID PHARMACY LLC,SHARJAH,---,,"AL KHAN PALACE BLDG.,NEAR BY PETROFAC ,SHARJAH U.A.E",06-555 9337
AL NADIA PHARMACY LLC,SHARJAH,---,,"AL HABTOOR BLDG 2,,SUHAIL BIN HUNAIF STREET,AL NAD,AL QASIMIYA,SHARJAH U.A.E",06-575 9745
ISHAQ BIN OMRAN PHARMACY LLC,SHARJAH,---,,"SHEIKH SALEM AL QASSIMI ST. AL QARAYEN AREA, SHARJAH",06-5180875
HALA PHARMACY LLC BRANCH 33,SHARJAH,---,,"SHOP UNIT NO. 1 & 2, GOLDEN TOWER, BUHEIRAH CORNICHE, SHARJAH Ð UAE",04 5610000
HALA PHARMACY LLC BRANCH 35,SHARJAH,---,,"SHOP NO.1, ARAB DOCTORS SPECIALIST CENTER BUILDING, AL TAAWUN RD., SHARJAH Ð UAE",04 5610000
RUKN AL SALAM PHARMACY LLC,SHARJAH,---,,"AL MUBARAK HYPERMARKET BLDG.,GROUND FLOOR UNIT NO. 4,INDUSTRIAL AREA 3,SHARJAH U.A.E",06-5213535
AL MAWJOOD PHARMACY,Sharjah,---,,"SHOP NO: 2 AL KINDI BUILDING,AHMAD BIN MAJID ST. ST NO : 4,AL MAJAZ 1",06-5242425
RUKN AL YASMEEN PHARMACY,Sharjah,---,,"GROUND FLOOR,ROLLA MALL ,SHARJAH U.A.E",06-5238080
THUMBAY PHARMACY LLC BRANCH 12 - SHARJAHÊÊ,Sharjah,---,,"303 AL SHARQ STREET,OPPOSITE ADNOC PUMP,NEAR NMC MEDICAL CENTER ,SHARJAH",06-5622749
AL INAYA PHARMACY,SHARJAH,---,,"AL DAWAR BLDG.,GROUND FLOOR,2ND INDUSTRIAL STREET,J&P SIGNAL SHARJAH",553895008
AL SARKAL PHARMACY L.L.C,SHARJAH,---,,"AL SARKAL BUILDING, GROUND FLOOR, BUTEENA-KALBA, SHARJAH",09-2771315
LIWA PHARMACY L.L.C,SHARJAH,---,,"MOHAMMED MUBARAK MOHAMMED 17 KHORFAKKAN,AL QADISSIYA SHEIKH KHALID ROAD",0567702889
HALA PHARMACY LLC - BRANCH 46,SHARJAH,---,,"SHOP NO. 3 , AL SHAAM TOWER, AL TAAWUN ROUNDABOUT, SHARJAH- UAE",04-5610000
HALA PHARMACY LLC - BRANCH 44,SHARJAH,---,,"UNIT 162, GROUND FLOOR, SAHARA CENTRE, SHARJAH - UAE",04-5610000
BRIGHT PHARMACY-SHARJAH,SHARJAH,---,,"AL SOSSI BLDG., GROUND FLOOR ,AL NAHDA SHARJAH",06-5313553
MEDI PRIME AL MAJAZ PHARMACY LLC -BRANCH 1,SHARJAH,---,,"ZERO 6 MALL,GROUND FLOOR,AL JURAINAH, UNIVERSITY CITY ROAD,SHARJAH",04-7070999
NAJMAT ABUSHAGARA PHARMACY,SHARJAH,---,,"OPPOSITE CITY TOWER BUILDING - NEAR DR.ASHOK MENON CLINIC AND CHOITHRAM, ABUSHAGARA, SHARJAH",06-5424044
ZAHRAT AL MADINAH PHARMACY LLC,SHARJAH,---,,"NEAR KANARY CLINIC,SHEIKH MOHAMMAD BIN ZAYED ROAD - NATIONAL PAINT, SHARJAH",06-5327075
AL BURHAN PHARMACY LLC,SHARJAH,---,,INDUSTRIAL AREA 13 - NEAR FAMILY RESTAURANT - MUWAILIH - SHARJA,06-5320585
YAFA PHARMACY LLC,SHARJAH,---,,"DREAM TOWER,GROUND,SHOP NO 2,AL MAMZAR",06-5771720
ALPHA AL WAHDA PHARMACY LLC,SHARJAH,---,,"JUMA AL MAJID BUILDING,B BLOCK, GROUND FLOOR, SHOP NO: 6,OPP. SAHARA CENTER, SHARJAH",06-5545858
MILAN PHARMACY LLC,SHARJAH,---,,"MODERN CLINIC BUILDING,GROUND FLOOR,KING FAISAL STREET, ABU SHAGARA, SHARJAH",06-5420077
AL SIHA W AL AFIAH PHARMACY,SHARJAH,---,,"BESIDE CORNICHE POST OFFICE ,GROUND FLOOR ALGHARB, SHARJAH",06-5444193
AL NABAA PHARMACY-SHARJAH,SHARJAH,---,,"HESSA ALMAZROOI & PARTNERS BUILDING,GROUND FLOOR ,PLOT NO. 406, ALMUBARAK CENTRE,AL NABAA ,SHARJAH",06-5635229
HELAL KALBA PHARMACY LLC,SHARJAH,---,,"INDUSTRIAL AREA, KALBA Ð SHARJAH , UAE",09-2776886
NMC MEDICAL CENTRE PHARMACY -LLC N.M.C BRANCH 1,SHARJAH,---,,"KAKOOLI TOWER, NEAR BUHAIRAH STATION, AL MAJAZ",06-7410907
AL INAYA PHARMACY,SHARJAH,---,,"SECOND INDUSTRIAL STREET, J&P SIGNAL, SHARJAH",0553895008
ALEXIS ZULEKHA PHARMACY LLC,SHARJAH,---,,"AL ZAHRA STREET, AL NASSERYA , OPP. NESTO SUPERMARKET, NEXT TO ZULEKHA HOSPITAL SHARJAH,",06-5060397
ALEXIS PHARMACY LLC-SHARJAH,SHARJAH,---,,"MUWEILAH,BEHIND AL THIQAH CLUB,SHARJAH UAE",06-5060397
ASTER PHARMACIES GROUP LLC - SHARJAH BRANCH - BRANCH 5,SHARJAH,---,,"SHOP NO:1, RASHID BUILDING, NEAR AL MADINA SHOPPING CENTER, UNIVERSITY ROAD, MUWAILIAH, SHARJAH",06-5538496
ASTER PHARMACIES GROUP LLC - SHJ BR - BRANCH 3,SHARJAH,---,,"1ST FLOOR, SHARJAH CITY CENTER, OPP: CARREFOUR, AL WAHDA STREET, SHARJAH",06-5950110
ASTER PHARMACIES GROUP LLC- SHJ BR. - BRANCH 2,SHARJAH,---,,"SHOP NO.2, BIN THAREEM BUILDING, MUWAILAH COMMERCIAL ROAD, NEAR TO ASTER CLINIC, AL MUWAILAH",06-5321063
AL SUNDOS PHARMACY LLC- SHARJAH,SHARJAH,---,,"AL MARSA BUILDING;GROUND FLOOR;SHOP NO:1; AL QASIMIA,SHARJAH",06-5650905
RUKN AL HAYAT PHARMACY L.L.C,SHARJAH,---,,KALOTI TOWER;GROUND FLOOR;AL MAJAZ;SHARJAH,06-5444534
DAR AL NEEM PHARMACY LLC,SHARJAH,---,,EMIRATES INTERNATIONAL HOSPITAL;GROUND FLOOR;AL MUNTAZAH;SHARJAH,06-5593344
AL SAMHA PHARMACY L.L.C,SHARJAH,---,,AL AMIRA RESIDENCE;GROUND FLOOR;ABU SHAGARA STREET;SHARJAH,0566465225
AL SABAH PHARMACY L.L.C,SHARJAH,---,,HNC CLINIC BUILDING;GROUND FLOOR;MUWEILAH COMMERCIAL;SHARJAH,06-5302468
ABUDHABI PHARMACY,SHARJAH,---,,OPP.COOPERATIVE SOCIETY;GROUND FLOOR;AL KHAN STREET; SHARJAH,0566465995
AL HAMEEDIYA PHARMACY LLC,SHARJAH,---,,"AL MINA ROAD NEAR ADCB BANK , SHARJAH U.A.E",06-5213314
DAR AL NASEEM PHARMACY,SHARJAH,---,,"GULF PEARL TOWER,SHOP NO-14 - BUHAIRA CORNICHE - AL MAJAZ NO. 1- BACK SIDE OF NMC HOSPITAL",06-5436979
NAJMAT AL ROLLA PHARMACY LLC,SHARJAH,---,,"GROUND FLOOR , SHOP - 1,2 - PARDHA HOUSE BUILDING- ROLLA STREET -AL GHUWAIR - OPPOSITE TO ROLLA SQUARE PARK AND BUS STATION",06-5559550
DAR AL SAJAA PHARMACY LLC,SHARJAH,---,,ADBDEL RAHMAN SULTAN ALI BIN HADDA AL SUWAIDI BUILIDING -BUILDING NUMBER : 4075 - SANAYYA STREET - SAJJA - SHARJAH,06-5659077
AL HADHAR PHARMACY LLC,SHARJAH,---,,NEAR AMBER SUPER MARKET-AL KHAN STREET - SHARJAH,06-5545487
AL RAFEAH PHARMACY LLC,SHARJAH,---,,"GORDGE BUILDING, MUWEILAH - SHARJAH",06-5454455
YAS PHARMACY LLC,SHARJAH,---,,"FIRST CLASS BLDG.1ST FLOOR ,SHOP NO. 6-7, NEAR CEMENT FACTORY ,SAJJA AREA SHARJAH",06-5361256
HALA PHARMACY LLC - BRANCH 51,SHARJAH,---,,"SHOWROOM NO: 1 PLOT 236-236, AL BUHAIRA INSURANCE TOWER, SHARJAH, UAE",04-5610000
NAJMAT SAHARA AL JADEEDA PHARMACY .LLC,SHARJAH,---,,"TULIATELA STREET G, 8, AL MAHA BLOCK A, NEAR RAMADA SHARJAH, AL NAHDA, SHARJAH, UAE",06-5318334
SAHARA AL JAZEERA PHARMACY .LLC,SHARJAH,---,,"KHAN SAHEB BUILDING, NEAR GECO SIGNAL, INDUSTRIAL AREA 10, SHARJAH, UAE",06-5353345
SALSABEEL PHARMACY LLC,SHARJAH,---,,"TAMI-3 BUILDING, BUKHARA STREET, NEAR AL NAHDA PARK, AL NAHDA, SHARJAH, UAE",06-5368988
STARCARE PHARMACY LLC,SHARJAH,---,,"MALABAR PLAZA, A; AROOBA STREET,GROUND FLOOR,NEAR ROLLA PARK SHARJAH",06-5611099
IBN SINA AL KUBRA PHARMACY,SHARJAH,---,,ABDEL AL AZEEZ AL MAJED BUILDING NEAR HILTON HOTEL - BUHAIRAH ST. SHARJAH,06-5567662
IBIN SINA PHARMACY -SHJ.LLC (SHARJAH CORNICHE PLAZA II),SHARJAH,---,,CORNICHE PLAZA 2 BUILDING - SHARJAH,06-5726885
IBN SINA PHARMACY 37,SHARJAH,---,,AL JURAINA - 06 MALL - SHARJAH,06-5420283
IBN SINA NEW PHARMACY,SHARJAH,---,,MEGA MALL - GROUND FLOOR - SHARJAH,06-5744066
CITY LIFE PHARMACY LLC -SHJ. BR,SHARJAH,---,,"SHOP 04, AL MAMZER TOWER, AL TAAWUN, SHARJAH, UAE",04-5610000
LIVE CARE PHARMACY LLC-SHJ.BR,SHARJAH,---,,"KHAN SAHEB BLDG.,INDUSTRIAL ARES 10,SHARJAH",06-5779797
AL WASFA PHARMACY LLC,SHARJAH,---,,"MALIIK AL RAHMA BLDG.,GROUND FLOOR, SHOP NO. 10,AL SOOR SHARJAH",06-5569080
ROYAL GARDEN PHARMACY LLC,SHARJAH,---,,"EISA BLDG 2,GROUND FLOOR, SHOP NO. 6 & 11,ROLLA SHARJAH",06-5652555
MERCURY PHARMACY LLC,SHARJAH,---,,"AL WASIT BLDG,GROUND FLOOR,AL KHAN SHARJAH",06-5228988
HALA PHARMACY LLC - BRANCH 38,SHARJAH,---,,"UNIT NO. G-025, GROUND FLOOR, AL ZAHIA CITY CENTRE, SHARJAH, UAE",04-5610000
IBN SINA AL ZAHIAH PHARMACY,SHARJAH,---,,CITY CENTRE AL ZAHIA - SHARJAH,06-5550534
IBN SINA AL RAHMANIAH PHARMACY,SHARJAH,---,,ABU AMR AL BASRI ST - AL RAHMANIYAKSHISHAH 6 - SHARJAH,06- 5300039
AL DHAFRAH PHARMACY,SHARJAH,---,,"NEXT TO SULTAN SUITES AL MAJAZ 3, SHARJAH UAE",06-5552277
AL ENWAN PHARMACY LLC,SHARJAH,---,,"BEHIND RAK BANK MEENA ROAD, DOWN MARIJAH MEDICAL CENTER, AL MARIJA ST. SHARJAH",06-5559111
AL TAWAR PHARMACY,SHARJAH,---,,"NEXT AL AFDAL MEDICAL CENTER KING ABDUL AZIZ STREET,QASIMIYA SHARJAH",06-5334111
NASEEM AL BATAEH PHARMACY LLC,SHARJAH,---,,"SHARJAH CO-OPERATIVE SOCIETY BUILDING, AL BATAEH, SHARJAH",06-8833352
HALA PHARMACY LLC - BRANCH 40,SHARJAH,---,,"UNIT NO. G07 TO G 13, AL AMEER TOWER, GROUND FLOOR, AL NAHDA, SHARJAH, UAE",04-5610000
HALA PHARMACY LLC- BRANCH 43,SHARJAH,---,,"UNIT 1 & 2, MUWELIAH BUILDING, MUWELIAH COMMERCIAL, SHARJAH, UAE",04-5610000
HALA PHARMACY LLC- BRANCH 45,SHARJAH,---,,"SHOP 9, JUMA AL MAJID BUILDING, AL NAHDAÊ SHARJAH",04-5610000
HALA PHARMACY LLC- BRANCH 47,SHARJAH,---,,"UNIT NO. G 01 & 02, GROUND FLOOR, LULU HYPERMARKET, MUWEILAH SHARJAH",04-5610000
HALA PHARMACY LLC- BRANCH 48,SHARJAH,---,,"SHOP 3 & 4, GROUND FLOOR, DIAMOND PLAZA 2, AL MAJAZ, SHARJAH",04-5610000
LIFE PHARMACY LLC-SHJ. BR,SHARJAH,---,,"SHOP NO.Ê 3, 4, & 5, NESTO HYPERMARKET, AL KHAN, SHARJAH",04-5610000
HALA PHARMACY LLC- BRANCH 52,SHARJAH,---,,"SHOP 13 & 14, PLOT NO: 3088, MUWELIAH BUILDING, MUWELIAH COMMERCIAL, NEXT TO BONANZA, SHARJAH",04-5610000
HALA PHARMACY LLC -BRANCH 55,SHARJAH,---,,"SHOP 01, GROUND FLOOR, AL SHAMSI BUILDING, MUWELIAH COMMERCIAL, SHARJAH",04-5610000
ORIANA PHARMACY-BRANCH 1,SHARJAH,---,,"PULLMAN HOTEL, AL TAAWUN SHARJAH",06-5918888
AL JUBAIL PHARMACY,SHARJAH,---,,"AL JUBAIL MARKET ENTRANCE NO.1, SHARJAH U.A.E",06-5354343
HALA PHARMACY LLC- BRANCH 56,SHARJAH,---,,"SHOWROOM 1, AL GHARFI BUILDING (EX MASHREQ BANK), BUHAIRAH CORNICHE, SHARJAH",04-5610000
HALA PHARMACY LLC - BRANCH 37,SHARJAH,---,,"SHOP: 20, GROUND FLOOR, AL SHARQ COMPLEX, BUTEENA",04-5610000
LIFE PHARMACY LLC - SHJ. BR- BRANCH 2,SHARJAH,---,,"SHOP NO. 7, BUKHATIR SQUARE ONE BUILDING, PLOT NO 17/696, MUWELIAH COMMERCIAL",04-5610000
ASTER PHARMACIES GROUP LLC -SHJ BR -BRANCH 1,SHARJAH,---,,"SHOP NO:3, SHARJAH CO-OPERATIVE SOCIETY, SWEIHAT, SHARJAH",06-5465240
NAJM AL QASIMIAH PHARMACY,SHARJAH,---,,"SHOP NO. 4, QASR AL AMAL BLDG - ENTIFADA STREET - AL MAJAZ 2 - SHARJAH",06-5726974
AL NAJIM AL LAMEE PHARMACY,SHARJAH,---,,"GROUND FLOOR - GRAND MALL, AL GHARB AL MUSALLA,SHARJAH",06-7431381
LIFE PHARMACY L.L.C - SHJ. BR - BRANCH 1,SHARJAH,---,,"SHOP NO: 1, AL MADINA SHOPPING CENTRE, MUWELIAH COMMERCIAL",04 5610000
NOOR AL BASMAH PHARMACY LLC,SHARJAH,---,,"NEAR OLD MUROOR, AL BUTHINA, SHARJAH",06-5533539
FAMILY CARE PHARMACY LLC,SHARJAH,---,,"NEAR OLD MUROOR, AL BUTHINA, SHARJAH",06-5658008
ASTER PHARMACIES GROUP LLC -SHJ. BR -BRANCH 4,SHARJAH,---,,"SHOP NO.22 & 23, PLOT NO:7664, SAJAH MALL, ALI MOOSA STREET, SAJAH, SHARJAH, UAE",06-5466057
ASTER PHARMACIES GROUP LLC -SHJ. BR,SHARJAH,---,,"PLOT 25, SAJIDHA HYPERMARKET, AL WAHDA STREET, KALBA, SHARJAH",09-6061832
ORIANA PHARMACY LLC - SOLE PROPRIETORSHIP- BRANCH 2,SHARJAH,---,,"SHEIKH KHALID BIN KHALID AL QASIMI STREET,WASIT SUBURB,AL GOAZ",06-5918989
SMART MEDICAL PHARMACY L.L.C,SHARJAH,---,,AL RAMLA WEST -113 STREET -500 BUILDING SHARJAH UAE,06-5777077
UNITED PHARMACY AL ZAHIAH LLC,SHARJAH,---,,"SHOP NO:A078, LEVEL 2, NEAR GATE A PARKING ENTRANCE, ZAHIA CITY CENTRE, BEHIND THE UNIVERSITY CITY STREET, MUWEILAH",04-5610000
UNITED PHARMACY AL ZAHIAH LLC - BRANCH 1,SHARJAH,---,,"UNIT NO J001 , MATAJER AL JURAINA CENTRE , UNIVERSITY CITY ROAD , SHARJAH, UAE",04-5610000
LIFE PHARMACY LLC SHJ. BR - BRANCH 7,SHARJAH,---,,"SHOP NO: 04 & 5, PLOT NO 540, AL ABAR BUILDING, HALWAN STREET, SHARJAH, UAE",04-5610000
UNITED PHARMACY AL ZAHIAH LLC - BRANCH 2,SHARJAH,---,,"SHOP NO: G01, KHALIFA KHAMIS AL MATTAR BUILDING, KHORFAKKAN,",04-5610000
ABAQ AL NADA PHARMACY LLC,SHARJAH,---,,"AL WASIT STREET, BUTANIA, SHOP 4- 5, SHARJAH",0543905472
ZULEKHA PHARMACY LLC - SOLE PROPRIETORSHIP,SHARJAH,---,,"THE GATE TOWER ,1ST FLOOR, AL KHAN, SHARJAH",06-5060498
LIFE PHARMACY LLC SHJ BR 3,SHARJAH,---,,"UNIT NO: M21, M22, & M23, MISK 1, ALJADA.SHARJAH,UAE",04-5610000
Life Pharmacy LLC SHJ Branch 6,SHARJAH,---,,"SHOP NO: 04,Ê MALIK FISAL BUILDING, PLOT NO: 336, KING FISAL STREET,SHARJAH",04-5610000
GAELAN PHARMACY LLC,SHARJAH,---,,"AL KHAN AREA , AL TAAWOUN STREET , NEXT TO GAELAN HOSPITAL. AL MAHA TOWER",06-5942233
BILAL PHARMACY LLC,SHARJAH,---,,"BUILDING NO. 100, CATERPILLAR ROAD, INDUSTRIAL AREA 2, SHARJAH, UAE",06-5324224
SHIFA AL JAZEERAH CENTRE PHARMACY LLC SHJ BR,SHARJAH,---,,"GROUND FLOOR, ROOM 2609,MUWAILEH COMMERCIAL,INDUSTRIAL AREA,BUS STATION ROAD, MUWAILEH INDUSTRIAL AREA ,SHARJAH",06-5959123
ARD AL KHAN PHARMACY L.L.C,SHARJAH,---,,"BLUE BUILDING,SHOP NO:2,ROLLA SQUARE",06-7043701
AL DHAFRAH PHARMACY L.L.C,SHARJAH,---,,GROUND FLOOR- AL-NOOR BUILDING - SHOP NO. 8 ST - AL MAJAZ - AL MAJAAZ 3 - SHARJAH,06-555227
SAMIHA LUTFI PHARMACY,SHARJAH,---,,"GROUND FLOOR, AL MUNAFIQ BUILDING, AL AQLAM BOOK SHOP BUILDING,FALAJ AL MUALLAH ROAD, AL DHAID, SHARJAH, U.A.E",06-8832698
AL DHAFRAH PHARMACY L.L.C,SHARJAH,---,,GROUND FLOOR- AL-NOOR BUILDING - SHOP NO. 8 ST - AL MAJAZ - AL MAJAAZ 3 - SHARJAH,06-555227
ARD AL KHAN PHARMACY L.L.C,SHARJAH,---,,"BLUE BUILDING,SHOP NO:2,ROLLA SQUARE",06-7043701
KHALID LALA PHARMACY L.L.C,SHARJAH,---,,"SALAM CAMP, JEDDAH STREET,AL JERF INDUSTRIAL AREA, JURF,AJMAN, U.A.E",06-7483485
NAUSHAD KHATRI PHARMACY,SHARJAH,---,,"SHOP NO-3,GROUND FLOOR,OLD NATIONAL PAINT BUILDING, 3RD INDUSTRIAL STREET,OPPSOITE TO KHAN SAHEB BUILDING, SHARJAH U.A.E",06-5353834
AL WAJEHA PHARMACY LLC,SHARJAH,---,,"AL WAHDA STREET, BU DANIQ, ORAS MEDICAL CENTER BUILDING- AL QASIMIA - SHARJAH",0543905471
BAIT ALNOOR PHARMACY L.L.C,SHARJAH,---,,INDUSTRIAL AREA 3 - INDUSTRIAL AREA - SHARJAH,0527845346
SAMIHA LUTFI PHARMACY,SHARJAH,---,,"GROUND FLOOR, AL MUNAFIQ BUILDING, AL AQLAM BOOK SHOP BUILDING,FALAJ AL MUALLAH ROAD, AL DHAID, SHARJAH, U.A.E",06-8832698
HEALTH FIRST PHARMACY LLC SP - BRANCH 10,SHARJAH,---,,"BUILDING NO: 21, SHOP NO: 1 & 2, OPP. EMIRATES FLAGPOLE SQUARE, CORNICHE STREET, DIBBA AL HISN SHARJAH, U.A.E",09-2347880
HEALTH FIRST PHARMACY - LLC SP BRANCH 11,SHARJAH,---,,"SHOP NO: 03, AL DHAID MALL, HISN SQUARE, AL DHAID, SHARJAH U.A.E",06-5232186
HEALTH FIRST PHARMACY LLC SP- BRANCH 9,SHARJAH,---,,"SHOP NO 1 & 2,SHARJAH COOPERATIVE SOCIETY,AL SUYOH SUBURB,AL SUYOH 4, SHARJAH",06-5325886
HEALTH FIRST PHARMACY LLC SP - BRANCH 8,SHARJAH,---,,"SHOP NO.M008B, MATAJER MIRGHAB, MIRGHAB, SHARJAH",06-5462537
LIFE PHARMACY L.L.C - SHJ. BR - BRANCH 31,SHARJAH,---,,"SHOP 03 - GROUND FLOOR ,INSIDE NESTO HYPER MARKET , AL ARAB MALL - AL TAAWUN ST - AL MAMZAR - SHARJAH",04-5610000
LIFE PHARMACY LLC. SHJ. BR - BRANCH 26,SHARJAH,---,,"SHOP NO 2, REDZ TOWER, AL TAWUN, SHARJAH, UAE",04-5610000
LIFE PHARMACY L.L.C - SHJ. BR - BRANCH 32,SHARJAH,---,,"UNIT NO. 01, SHARJAH COOP SOCIETY HAMRIYA,Ê SHARJAH, UAE",04-5610000
LIFE PHARMACY L.L.C - SHJ. BR - BRANCH 30,SHARJAH,---,,"SHARJAH COOP SOCIETY SWEIHAT, SHARJAH, UAE",04-5610000
LIFE PHARMACY L.L.C - SHJ. BR - BRANCH 28,SHARJAH,---,,"UNIT NO. 17, SHARJAH COOP SOCIETY AL QARAIN, SHARJAH, UAE",04-5610000
LIFE PHARMACY L.L.C - SHJ. BR - BRANCH 27,SHARJAH,---,,"UNIT NO. 2, 3, 4, 5 & 6, SHARJAH COOP SOCIETY HALWAN, SHARJAH, UAE",04-5610000
LIFE PHARMACY L.L.C - SHJ. BR 22,SHARJAH,---,,"PLOT NO: 10/969, BUILDING NO: 2910, SHOP NO: 3, K2910, MUWEILAH, SHARJAH,UAE",04-5610000
LIFE PHARMACY L.L.C - SHJ. BR 23,SHARJAH,---,,"SHOP 2, GROUND FLOOR, LULU HYPERMARKET, AL MAJAZ, SHARJAH, UAE",04-5610000
LIFE PHARMACY L.L.C - SHJ. BR - BRANCH 21,SHARJAH,---,,"SHOP NO#5,TOWER 2020,JAMAL ABDUL NASSER STREET,SHARJAH,UAE",04-5610000
LIFE PHARMACY L.L.C - SHJ. BR - BRANCH 20,SHARJAH,---,,"ADNOC SERVICE STATIONÊ 657, WASIT, SHEIKH SALEM BIN SULTAN AL QASIMI, SHARJAH,UAE",04-5610000
LIFE PHARMACY L.L.C - SHJ. BR - BRANCH 19,SHARJAH,---,,"ADNOC SERVICE STATION 373, AL JUBAIL, SHARJAH, UAE",04-5610000
LIFE PHARMACY L.L.C - SHJ. BR - BRANCH 18,SHARJAH,---,,"ADNOCÊSERVICE STATIONÊ 197, AL RAWDHAÊ 23 THIRD IND ST - IND AREA INDUSTRIAL AREA 12, SHARJAH,UAE",04-5610000
LIFE PHARMACY L.L.C - SHJ. BR - BRANCH 10,SHARJAH,---,,"UNIT NO#2, GROUND FLOOR, NASMA CENTRAL COMMUNITY MALL, SHARJAH, UAE",04-5610000
TABOOK PHARMACY LLC,SHARJAH,---,,"SHOP NO. 3 AL ZAHRA REAL ESTATE BLDG. SAME BLDG. RABIE AL MADINAH HYPERMARKET LLC ,INDUSTRIAL AREA 3 , SHARJAH UAE",06-5443367
AL DAMAM PHARMACY LLC,SHARJAH,---,,"SHOP NO. 11 SHARJAH COOPERATIVE SOCIETY ,AL ZUBAIR ST. SHARJAH UAE",06-5422337
AL JAREENA PHARMACY LLC,SHARJAH,---,,"SHOP NO. 13-1 AZURE BEACH RESIDENCES,AL KHAN ST. MARYAM ISLANDS, SHARJAH UAE",0508816875
WAHAT AL TAIBAH PHARMACY L.L.C,SHARJAH,---,,"SHOP NO. 2-3 MUNEERA SAEED ALI BUILDING,CENTRAL DHAID MAIN DISTRICT WESHAH SHARJAH, UAE",06-5247775
AL HAJIS PHARMACY L.L.C,SHARJAH,---,,"SHOP NO. 5,7 & 8 KING HASHIM MUHAMMED SALEH AL MARZOUQI,HALWAN WASIT STREET AL ABAR SHARJAH UAE",06-5353724
AL BARASHI PHARMACY LLC,SHARJAH,---,,"SHARJAH COOPERATIVE SOCIETY BARASHI, AL BEDEA SUBURB - BARASHI - SHARJAH",06-5248828
MUZEIRA PHARMACY LLC,SHARJAH,---,,"TIGER AL YARMOOK C BUILDING , NEXT TO AL ARIF HEART AND CHILDRENS MEDICAL CENTRE AL NAHDA ST. SHARJAH UAE",06-7154888
AL AJWAH PHARMACY LLC,SHARJAH,---,,"MUWEILAH COMMERCIAL BLDG. NO. 6 SHOP NO. 2,OPPOSITE NESTO HYPERMARKET MUWEILAH BRANCH",06-7023555
AL HAMRIA PHARMACY LLC,SHARJAH,---,,"AL BADAR TOWER SHOP NO.2,NEAR HOT BURGER AL NAHDA, SHARJAH UAE",06-5218887
LIFE PHARMACY LLC BRANCH BR OF SHARJAH 8,SHARJAH,---,,"PLOT NO: 94, SHOP NO: 3 & 4, G+M BUILDING, AL SHARQ STREET, SHARJAH, UAE",04-5610000
LIFE PHARMACY LLC SHJ BR BRANCH 9,SHARJAH,---,,"SHOP 3 & 4, PLOT NO: 4, TALA CHOCOLATE BLDG, KALBA, SHARJAH, UAE",04-5610000
LIFE PHARMACY LLC - SHJ. BR. BRANCH 13,SHARJAH,---,,"SHOP NO#5, GRAND MALL",04-5610000
LIFE PHARMACY LLC BRANCH BR OF SHARJAH 11,SHARJAH,---,,"SHOP NO 03 GF,NESTO HYPER MARKET, AL NAHDA, SHARJAH",04-5615539
LIFE PHARMACY LLC - SHJ.BR-BRANCH 16,SHARJAH,---,,"SHOP NO#1,ZAWAYA WALK,AL SHAHBA,SHARJAH,UAE",04-5610000
AL HOSHI PHARMACY LLC,SHARJAH,---,,"GROUND FLOOR, AL HOSHI BUILDING, AL BEDEA SUBURB, MALIHA RD NEW INDUSTRIAL AREA - OPP. STOP B, HAY HOSHI, SHARJAH",06-5424256
AL AZHAR PHARMACY,SHARJAH,---,,NEAR BIG BAZZAR - ALSAJAA INDUSTRIAL - SHARJAH,06-5352323
NAHDI PHARMACY L.L.C - SHJ. BR,SHARJAH,---,,"SHOP 4, SALAM TOWER, BUHAIRAH CORNICHE, AL MAJAZ, SHARJAH",06-5214847
DAR AL KAMAL PHARMACY,SHARJAH,---,,AL SHARQ ST - AL HEERAH SUBURB AL FISHT SHARJAH,06-5997777
AL SAAH PHARMACY L.L.C,SHARJAH,---,,SHOP NUMBER -14 AL ZAHRAA BUILDING - AL ZAHRAA ST-105TH ST - AL NABA'AH - SHARJAH,06-7020990
MODERN PHARMACY LLC-SHJ BR-BR 7,SHARJAH,---,,"SW2 BUILDING-3114,KHALED BIN SULTAN AL QASIMI STREET,MUWEILAH COMMERCIAL,MAMSHA",06-5041200
MEDI PRIME AL MAJAZ PHARMACY LLC - BRANCH 2,SHARJAH,---,,"RAHMANIYA MALL , ABU AMR AL BASRI STREET, AL RAHMANIYA KSHISHAH 6, SHARJAH",04-7070999
ASTER PHARMACIES GROUP LLC - SHJ.BR - BRANCH 7,SHARJAH,---,,"SHOP NO-6, SUYOH MALL, AL SUYOH SUBURB, MALIHA STREET, AL RUQAYBA 4, SHARJAH",06-5263317
AL SHUALLA PHARMACY ( AL ZAHIA UPTOWN),SHARJAH,---,,"SHOP R027, AL ZAHIA UPTOWN,AL MUWEILAH COMMERCIAL, SHARJAH",06-5736587
AL MARJAN PHARMACY L.L.C,SHARJAH,---,,"NASIR IBN ABDULLAH BUILDING ,104,GROUND FLOOR,AL HEERAH SUBURB,SHARQAN,SHARJAH,U.A.E",06-5233296
FAMILY STAR PHARMACY,SHARJAH,---,,"SHOP NO:3, GROUND FLOOR-OPPOSITE SEVEN STAR STATIONERY,NORA BUILDING, BEHIND SHARJAH COOP, ABU SHAGARA, SHARJAH",0556581775
AL BASMA PHARMACY,SHARJAH,---,,"AL NASIRIYA ROAD , NEAR ZULEKHA HOSPITAL , SHARJAH",06-5646848
FAITH ZONE PHARMACY (FZC),SHARJAH,---,,"SAIF SHOP A11-02, SAIFZONE,SHARJAH",06-5658787
RUKN AL MAJAZ PHARMACY L.L.C,SHARJAH,---,,"AL FARIS TOWER 1,GROUNG FLOOR,KHALIDIYA,AL MAJAZ 1",06-7021793
LIFE PHARMACY L.L.C - SHJ. BR - BRANCH 17,SHARJAH,---,,"SHOP NO:3, AL ALIA BUILDING B, AL MAJAZ 2, SHARJAH, UAE",04-5610000
LIFE PHARMACY L.L.C - SHJ. BR - BRANCH 36,SHARJAH,---,,"142 SHOWROOM - SHOP NO.3, AHMAD BIN MAJID STREET- AL MAJAZ, SHARJAH,UAE",04-5610000
LIFE PHARMACY L.L.C - SHJ. BR - BRANCH 37,SHARJAH,---,,"SHOP NO: 5 & 6, PLOT NO: 1800, G+M BUILDING, RAHMANIYAH, SHARJAH",04-5610000
LIFE PHARMACY L.L.C - SHJ. BR - BRANCH 38,SHARJAH,---,,"PLOT NO: 644, SHOP NO: 02, BUSINESS LINK BUILDING, AL MAJAZ 3, SHARJAH,UAE",04-5610000
LIFE PHARMACY L.L.C - SHJ. BR - BRANCH 25,SHARJAH,---,,"UNIT NO B05-A, GROUND FLOOR, SHARJAH CITY CENTRE, UAE",04-5610000
LIFE PHARMACY L.L.C - SHJ. BR - BRANCH 34,SHARJAH,---,,"SHOP NO 1,AL OWAIS TOWER,AL BUHAIRA CORNICHE, SHARJAH,UAE",04-5610000
LIFE PHARMACY L.L.C - SHJ. BR - BRANCH 35,SHARJAH,---,,"SHOP NO.12 , QASR QORDOBA - MWAILEH COMMERCIAL - SHARJAH, UAE",04-5610000
AL MUSALLA PHARMACY - BRANCH 1,SHARJAH,---,,"1796, ALZAROUNI BUILDING, SHK. MOHAMMED BIN ZAYED ROAD, MUWAILEH COMMERCIAL, NEAR ADNOC PETROL STATION, SHARJAH, UAE.",06-5627959
ASTER PHARMACIES GROUP LLC - SHJ. BR - BRANCH 8,SHARJAH,---,,"SHOP NO 1,CRESCENT TOWER, CORNICHE STREET, AL MAJAZ 3, SHARJAH",06-5755178
ASTER PHARMACIES GROUP LLC - SHJ. BR - BRANCH 9,SHARJAH,---,,"SHOP NO Q009-10, MATAJER AL QUOZ, AL FAWZ, WASIT SUBURB, SHARJAH",06-5610829
HANEEFA PHARMACY L L C,SHARJAH,---,,"SHARJAH RING ROAD,MUWAILEH COMMERCIAL,BUILDING NUMBER 2108,INDUSTRIAL AREA,SHARJAH,UNITED ARAB EMIRATES.",06-5729880
MEDCARE HOSPITAL LLC - SHJ. BR BRANCH1-PHARMACY,SHARJAH,---,,SHEIKH SAQR BIN KHALID AL QASIMI ST - BU DANIG - HAY AL QASIMIAH - SHARJAH,06-5997200
TULIP PHARMACY LLC SP,SHARJAH,---,,"ABDUL AZIZ BUILDING A BLOCK,SHOP NO 13,BU DANIQ,NEAR MEGA MALL",06-5755069
AL AWAN PHARMACY L.L.C,SHARJAH,---,,"Al Majaz 2, Al Shamsi Building No.3 Opp. Al Majaz Park, Sharjah -U.A.E",06-5699270
RAYHAN GULF PHARMACY LLC,SHARJAH,---,,"1st Floor, Sharjah Coop , Abu Shagara",06-5454388
SHIFA MUWAILEH PHARMACY L.L.C,SHARJAH,---,,"SHARJAH MUWAILEH COMMERCIAL ,AL EMARAT STREET,BUILDING NO 7460,G FLOOR, MUWAILEH,SHARJAH, UAE",06-5683830
MODERN FAMILY PHARMACY LLC SHJ. BR,SHARJAH,---,,AL SOOR BUILDING - IBRAHIM MOHAMMED AL MEDFA'A ST - SHARJAH,0564532332
HEALTH FIRST - 12 (FORMERLY KNOWN AS UMM AL QUWAIN PHARMACY ) ( PLANET GROUP ),UAQ,---,,U.A.Q. MAIN ROAD,06-7656180
AL WATANIA PHARMACY (FORMERLY KNOWN AS NATIONAL PHARMACY),UAQ,---,,"KING FAISL STREET ,SHARJAH",06-7666117
MEDICOM PHARMACY-26,UAQ,---,,AL MANAMA MALL UMM AL QUWAIN,06-7649734
HEALTH FIRST PHARMACY 28( FORMERLY KNOWN AS NEW UMM AL QUWAIN PHARMACY )(PLANET GROUP ),UAQ,---,,"SAEED MUHAMED AL MASAFRI, SHOP NO : , GROUND FLOOR : , KING FAISAL STREET, OLD SOUK, POPULAR TYPING CENTRE, UAQ,UAE",06-7656180
ROUA PHARMACY LLC,UAQ,---,,OPPOSITE LULU CENTER UMM AL QUWAIN U.A.E,06-7660688
SALMA PHARMACY,UAQ,---,,"DUBAI RAK ROAD , OPPOSITE TO ADNOC PETROL STATION",06-7671162
THUMBAY PHARMACY 8,UAQ,---,,"THUMBAY CLINIC BLDG.NEXT TO LULU HYPERMARKET,,MAJID AL AWAL R/A, UAQ",06-7051544
LIFE PHARMACY (FORMERLY KNOWN AS AL MULLA PHARMACY ),UAQ,---,,UMM AL QAIWAIN UAE.,06-7647364
AL HARAM PHARMACY,UAQ,---,,OMAR AL KHARIJI BLDG.NEAR MADINA POLICE STATION UAQ,06-7660292
DAR AL HARAM PHARMACY,UAQ,---,,"NASSER 1 BLDG.GROUND FLOOR, NEAR TASHEEL CENTRE UAQ",06-7663666
NOOR AL HARAM PHARMACY,UAQ,---,,"HAPPY LAND BDG. GROUND FLOOR,AL RIGAH UAQ",0508935930
TAJERAN PHARMACY,UAQ,---,,"SHAIK IBRAHEEM BIN SAEED AL MOUALLA BLDG.,GROUND FLOOR,AL RAS AREA,NEAR UAQ HOSPITAL, UAQ",06-7652291
MEDICOM PHARMACY 33 BRANCH,UAQ,---,,"AL SALAMA ROUND ABOUT,AL SALAMA,SHARJAH",06-7650014
LIFE PHARMACY L.L.C - BRANCH 1,UAQ,---,,"SHOP NO: 1 & 2, PLOT NO: 360, (NEW COMMERCIAL COMPLEX) AL SALAMA STREET",04-5610000
LIFE PHARMACY LLC- BRANCH 2,UAQ,---,,"UAE EXCHAGE SHOWROOM, KING FAISAL STREET,UMM AL QUAWIN,UAE",04-5610000
AL NEEM PHARMACY LLC,UAQ,---,,"SHOP NO 3&4, Dr. SUNNY MEDICAL CENTRE BUILDING, KING FAISAL ROAD, UMM AL QUWAIN",06-7675263
ASTER PHARMACIES GROUP LLC -UAQ BRANCH,UAQ,---,,"SHOP NO.1, AL MASA TOWER2, AL MAKTA AREA, KING FAISAL STREET, NEAR PANORAMA MEDICAL CENTER, UAQ.",06-5275126
LIFE PHARMACY L.L.C BRANCH 3,UAQ,---,,"SHOP NO 1,AMAR FARIS BUILDING,AL HABOOB AREA,UMM AL QUWAIN,UAE",04-5610000
YASMED PHARMACY LLC-UAQ,UAQ,---,,"AL KUBAISI BUILDING,NEW INDUSTRIAL AREA,NEAR ETISALAT R/A,UMM AL QUWAIN",06-5299064
AL AIN HOSPITAL PHARMACY (SEHA-ABU DHABI),---,---,,"""AL JIMI DISTRICT SHAKHBOOT IBN SULTAN STREET P.O. BOX: 1006""",03-7022000
