PROVIDER NAME,EMIRATE,PROVIDER TYPE,AREA,ADDRESS,TELEPHONE
PROVIDER,EMIRATE,PROVIDER TYPE,SUB REGION,ADDRESS,PHONE
AMH Amwaj Medical Center - Bahrain,BAHRAIN,Clinic,,"Bldg. 8 Road 59, Block 257 Amwaj Muharraq, Bahrain",0097317177711
AMH Saar Medical Center - Bahrain,BAHRAIN,Clinic,,"Bldg. 765 Road 2925 Block 529 Saar, Bahrain",0097317177711
Al Alawi Dental Center - Bahrain,BAHRAIN,Clinic,,"Flat 14, Bldg 228, Shaikh Isa Avenue Manama 307",0097317255657
Al Hakeem Medical Complex (Dr. Ali Ebrahim),BAHRAIN,Clinic,,"Near Salmaniya Psychiatric Hospital near Pepsi Cola
",0097317272792
Al Hilal Multi Specialty Medical Center - Manama - Bahrain,BAHRAIN,Clinic,,"Building 17, Road 270, Block 327, Adliya, Kingdom of Bahrain",0097317824444
Al Hilal Multi Specialty Medical Center - Salmabad - Bahrain,BAHRAIN,Clinic,,"Benz Service Center, Salmabad, Kingdom of Bahrain",97316171111
Al Hilal Multispecialty Medical Center - Riffa,BAHRAIN,Clinic,,"Bldg. 640 Road 313, Blk 902, Al Hunayniyah, Muharrraq		
P.O. Box: 23622, Bahrain email: asif@alhilalhospital.com; drsharath@alhilalhospital.com",0097317344700
Al Jishi Specialist Dental Centre- Bahrain,BAHRAIN,Clinic,,"BUILDING NO-433, FLAT-11, ROAD-1805, BLOCK-318, AL HOORA",0097317292777
Al Mansoori Dental Center - Bahrain,BAHRAIN,Clinic,,"East Riffa, Bahrain",0097317760666
Al Resalah Medical Center ,BAHRAIN,Clinic,,"Building 1035, Road 1403, Block 814 P.O. Box 33681, Isa Town Kingdom of Bahrain
",0097317680088
American Mission Hospital - Riffa Medical Center,BAHRAIN,Clinic,,"Bldg. 636, Road 1509, Block 915, Riffa, Bahrain",0097317177711
Aster Medical Center (Gudaibiya) Bahrain,BAHRAIN,Clinic,,"Flat 11, Bldg. 3353, Road 2151, Block 321, Al Qudabiyah, Bahrain",0097317711811
Aster Medical Center (Sanad) Bahrain,BAHRAIN,Clinic,,"Bldg. No. 42, Road No. 4103, Block 941, Riffa Al Buhair, Kingdom of Bahrain",00973177711811
Bahrain Medical Laboratory - Bahrain,BAHRAIN,Clinic,,"PO Box 15770, Flat No. 1, Bldg No. 50, Rd No. 2901, 329 Salmaniya",0097317255522
Bahrain Optician WLL- Bahrain,BAHRAIN,Clinic,,"P.O. Box: 927, Manama, Bahrain",0097317516822
Balsam Pediatric Clinic,BAHRAIN,Clinic,,"Gulf Diabetic Centre 
Second Floor

21010 - Manama - Bahrain",0097317239242
Cham Medical Center - Bahrain,BAHRAIN,Clinic,,"B.168 - S. 66, BILAD AL QADEEM, BAHRAIN",97333099027
Dar Al Hayat Medical Center WLL - Bahrain,BAHRAIN,Clinic,,"Budaiya Highway Kingdom of Bahrain, Near Shaikh Khalifa Bin Salman Highway",97317600088
Dar Al Shifa Medical Center,BAHRAIN,Clinic,,"FLORR # 1, HATIM AL TAIE,NEAR POLICE STATION,HIDD",0097316161616
Dentacare Dental Specialist Clinic - Bahrain,BAHRAIN,Clinic,,"P.O. Box: 15451, New Zenj, Bldg. 5, Flat #11, R 3001, B 330",0097317260909
Dr Girgis Nagib Bisada(Al Hekma Clinic)-Bahrain ,BAHRAIN,Clinic,,"Bldg 2755 Road 377 Block 203, Muharraq, ",0097317332060
Dr Mariam Habib A Karim Dental  Clinic - Bahrain,BAHRAIN,Clinic,,"Muharraq  Block 215 - Road 1535, Bldg 1197 Flat 17 ",0097317341234
Dr Mohei Eldin Khattab (Paediatric Clinic)-Bahrain,BAHRAIN,Clinic,,Zinj - Bahrain,0097317250234
Dr. Abdulla Kamal Clinic - Bahrain,BAHRAIN,Clinic,,"PO Box 5401, Manama, Middle East Hotel, Near Tariq Pharmacy
",0097317256704
Dr. Ali Mattar Dental Centre - Bahrain,BAHRAIN,Clinic,,"Flat # 18, Bldg # 1923, Road #2124 Block # 321, Gudaibiya، Gudaibiya، Bahrain",0097317713291
Dr. Atef Nassef Clinic - Bahrain,BAHRAIN,Clinic,,"Villa 290, Road No. 3007, Block 330 Zinj Manama, Kingdom of Bahrain",0097317274808
Dr. Bahram Tadayyon Clinic - Bahrain,BAHRAIN,Clinic,,"Bldg - 1369, RD 1625, Muharraq 216, Bahrain",0097317342214
Dr. Fareed Salloom (The Spec. Med. Cent.)-Bahrain,BAHRAIN,Clinic,,"Al Mahooz, A. Rahman Bin Kanoor",0097317741466
Dr. Haider Bader Clinic - Bahrain,BAHRAIN,Clinic,,"Manama, New Zinj, Flat No. 1, Bldg. 420, Rd 3009, Zinj 330, Opp Joslin Hospital ",0097317277155
Dr. Hassan Haji Clinic - Bahrain,BAHRAIN,Clinic,,"Opposite Airport, near Bahrain Bank of Kuwait (BBK)
",0097317333003
Dr. Jamal M. Saleh (Orthocare Centre)-Bahrain,BAHRAIN,Clinic,,"P.O. Box: 2614, Block 362, Bilad Al Gadeem, Road 66, Bldg. 152",009731740511
Dr. Lamyas Specialist Dental Center - Bahrain,BAHRAIN,Clinic,,"Bldg. 775, Road 439, Block 204, Muharraq",0097317324455
Dr. Mohammed Al Sadeq Dental Clinic- bahrain,BAHRAIN,Clinic,,"P.O. 2827, Location : Al Khaleej Polyclinics, Salmaniya, Manama, Bahrain email: qualitydc@yahoo.com",0097317262000
Dr. Mohammed Hasan Al Durazi- Bahrain,BAHRAIN,Clinic,,"Flat #24, Bldg 59, Rd 2901, Salmaniya 329, Manama alternate email: Md.clinic@outlook.com

",0097317255977
Dr. Mohammed Shaker Alomran Eye Clinic,BAHRAIN,Clinic,,"Flat 33, Building 1168
Road 2831
Block 328
",0097317251884
Dr. Rashed Al Bannay Cardiology Clinic - Bahrain,BAHRAIN,Clinic,,"Clinic14, 1st Fl, Bldg. 1168, Road 2831
Al Reaya Med. Complex
Salmaniya, Kingdom of Bahr",0097317251300
Dr. Sadiq Sharaf Dental Clinic - Bahrain,BAHRAIN,Clinic,,"Bldg. 378, Road 3505, East Riffa 935
Umm Al Nasan Avenue",0097317772700
Dr. Sahera Moh'd Mahdi Clinic -  Bahrain,BAHRAIN,Clinic,,"Villa 31, Sehla Highway, Jidhafs 425, Bahrain",0097317591819
Elaj Clinic - Bahrain,BAHRAIN,Clinic,,"Al Reem Centre, East Riffa",0097317491433
Gulf Diabetes Specialist Centre - Bahrain,BAHRAIN,Clinic,,"Bldg: 99 Road 29, Block 329 Oman Avenue
Manama
",0097317239239
KIMS Bahrain Medical Centre - Bahrain,BAHRAIN,Clinic,,"Near Copper Chimney Restaurant, P. O. Box: 10494, Manama, Kingdom of Bahrain",0097317822123
Kingdom Dental Clinic - Bahrain,BAHRAIN,Clinic,,"Flat #2, Bldg 4280, Rd 2162, Manama 321",0097317310676
Medical Care Centre - Bahrain,BAHRAIN,Clinic,,"PO Box 20264, Between Soora Council  Gudaibiya Mosque
",0097317710066
Physical Therapy and Rehab Center,BAHRAIN,Clinic,,"Center 41, Lane 2901, Block 329, Manama
P.O Box: 23488",009732552003
SMILE STUDIOS BAHRAIN WLL ,BAHRAIN,Clinic,,"BUILDING 789, ROAD 3315, BLOCK 333, UMM AL HASSAM, KINGDOM OF BAHRAIN
",97317140100
Shifa Al Jazeera Medical Clinic - Bahrain,BAHRAIN,Clinic,,"PO 11874, Manama, Near Farooq Mosque  Family Bookshop email: moosa39546894@gmail.com; faisal.shifa@gmail.com",0097317288004
Stanford Medical Center - Bahrain,BAHRAIN,Clinic,,"Road 66, Block 360, Building 110, Zinj, Manama, Bahrain",0097317252456
TRUCARE MEDICAL CENTER,BAHRAIN,Clinic,,"MASHTAN BUILDING, FLAT NO-23 BLDG NO 2415, ROAD 2813, BLOCK 428 SEEF DISTRICT, KINGDOM OF BAHRAIN
",0097317217686
Taaheal  HealthCare Company SPC,BAHRAIN,Clinic,,"Building # 319, Road 5909, Block 359
Zinj, Kingdom of Bahrain",0097317244777
Al Amal Hospital - Bahrain (Active),BAHRAIN,Hospital,,"Buri Area, 754,Hamad Town Kingdom of Bahrain PO Box:38634",0097317602602
Al Hilal Hospital - Bahrain,BAHRAIN,Hospital,,"P.O Box 23622 ,Muharraq , Bahrain ",0097317344700
Al Kindi Specialised Hospital - Bahrain,BAHRAIN,Hospital,,"Manama, Zenj, Kingdom of Bahrain P.O.Box: 75685",0097317240492
Al Rayan Hospital - Riffa - Bahrain,BAHRAIN,Hospital,,"Riffa, Kingdome of Bahrain  alternate number: 00973 384 31 384 
",0097317495500
Al Salam Specialist Hospital BSC - Bahrain,BAHRAIN,Hospital,,"East Riffa, Estiqlal Highway, Building 1, Road 39, Block 941, Bahrain",97313101010
American Mission Hospital - Bahrain,BAHRAIN,Hospital,,"PO Box No. 1, Manama, Shereton Hotel, Main Manama Market, AMH
Bldg. 133 Road 365 Block 307 Manama Center
",0097317253447
Awali Hospital - Bahrain,BAHRAIN,Hospital,,Awali - Bahrain P.O. Box 25555,0097317753695
Bahrain Defence Force Medical Services - Bahrain,BAHRAIN,Hospital,,PO Box 28743 bdfinsacc@gmail.com,0097317766055
Bahrain Specialist Hospital (BSH) - Bahrain,BAHRAIN,Hospital,,P.O.Box: 10588.Manama. Bahrain,0097317812005
Dr. Ali Marzooq Sp. Dent. Hospital - Bahrain,BAHRAIN,Hospital,,"P.O. Box: 40420, Hamad Town",0097317410400
German Orthopedic Hospital  - Bahrain,BAHRAIN,Hospital,,"P.O Box 249, Building 99, Road 29, Block 329, Manama - Kingdom of Bahrain     
",0097317239988
Haffadh Specialised Dental Hospital-Bahrain,BAHRAIN,Hospital,,"P.O. Box: 18388, Bldg. 1195, Rd. #5124, Bk #351, Al Sawayfiyah, 1st & 2nd Floor
",0097317311180
Ibn Al Nafees Hospital - Bahrain,BAHRAIN,Hospital,,"P. O. Box: 54533, Manama, Kingdom of Bahrain 63,RD 3302Manama 333 ",0097317828260
Ibn Rushd Medical Units Managment SPC,BAHRAIN,Hospital,,"Bldg. 1350- Road 3230- Block 332
Zinj Area, Manama
Kingdom of Bahrain
P.O. Box: 54462",009731722828
International Medical City Hospital (IMCH)-Bahrain,BAHRAIN,Hospital,,"P.O. Box: 39032,Building No. 178, Block 927, Street 2702, Riffa Bukowarah, Bahrain",0097317490006
KIMS BAHRAIN HOSPITAL - BAHRAIN,BAHRAIN,Hospital,,"UMM AL HASSAM, MANAMA
BUILDING 771, ROAD 3527, BLOCK 335
",96117822123
Noor Specialist Hospital - Bahrain,BAHRAIN,Hospital,,"Manama, Adjacent to Salmaniya Medical Complex Joscline centre
",0097317260026
Royal Bahrain Hospital - Bahrain,BAHRAIN,Hospital,,"Road 29, Bldg 119, King Abdul Aziz Avenue
Al Salminiya 329, Manama",0097317246889
Royal Hospital For Women and Children - Bahrain,BAHRAIN,Hospital,,Bahrain,97366982466
Al Hekma Pharmacy - Bahrain,BAHRAIN,Pharmacy,,"Jidhafs, Bahrain
",0097317555835
Al Mowasah Pharmacy - Bahrain,BAHRAIN,Pharmacy,,"Bldg 38 Road No. 51 Block 205 
",0097317335666
Al Salam Pharmacy - Bahrain,BAHRAIN,Pharmacy,,"Isa Town, Bahrain
",0097317686115
Al Seha Pharmacy - Bahrain,BAHRAIN,Pharmacy,,"Bldg 1556 Avenue 1131 Block 911 
",0097317497241
Arad Pharmacy -  Bahrain,BAHRAIN,Pharmacy,,"Bldg 69 Road No. 29 Block 242 
",0097317678124
Atlas Pharmacy - Bahrain,BAHRAIN,Pharmacy,,"Flat 2, Building 2043, Road 85, Block 537, Banijamra
",0097317006177
Busaiteen Pharmacy - Bahrain,BAHRAIN,Pharmacy,,"Bldg 2270 Shop 1 Block 228 Road No. 2833 
",0097317007307
Community Pharmacy - Bahrain,BAHRAIN,Pharmacy,,"Bldg 252B Road No. 5 Block 222 
",0097317104851
Diyar Pharmacy - Bahrain,BAHRAIN,Pharmacy,,"Flat No. 16 Bldg 133 Road No. 25 Block 525 
",0097317213768
Gulf Pharmacy & General Store - Bahrain,BAHRAIN,Pharmacy,,"Villa 390, Road 3009, Block 330 New Zinj, Bahrain",0097317239399
Hamad Town Pharmacy - Bahrain,BAHRAIN,Pharmacy,,"Sabha Building , Diplomatic Area 338, R-1705, B-317 Po Box: 40168 Manama, Bahrain",0097317550056
Ibn Nafees Hospital Pharmacy - Bahrain,BAHRAIN,Pharmacy,,"Manama, Bahrain
",0097317828228
Ibn Sina Pharmacy - Bahrain,BAHRAIN,Pharmacy,,NEAR MIDWAY SUPERMARKET,0097317677207
Jaffar Pharmacy - Bahrain,BAHRAIN,Pharmacy,,"18, Tarfa Bin Alabd Avenue, Hoora-319, Manama-Bahrain",0097317291039
Jaffar Pharmacy - Branch - Bahrain,BAHRAIN,Pharmacy,,"Shop 1307, Block 450, Al Muqsha,Budaiya High Way
",0097317594902
Leena Pharmacy - Bahrain,BAHRAIN,Pharmacy,,"Building   72, Block 327, Road 2717, Osama Bin Zaid, Adliya
",0097317712444
Majeed Jaffar Pharmacy - Bahrain,BAHRAIN,Pharmacy,,"Bldg 235, Shaikh Khalifa Bin Moh'D Avenue, Muharraq Town  203
",0097317331168
National Pharmacy - Bahrain,BAHRAIN,Pharmacy,,"Bldg 2058, Road 4563, Sanad 745
",0097317620209
Resalah International Pharmacy (Al Resalah Med. Center),BAHRAIN,Pharmacy,,"Isa Town, Al Quds Road
",0097317629087
Resalah International Pharmacy - Bahrain,BAHRAIN,Pharmacy,,"Manama, Kingdom of Bahrain
",0097317630024
Ruyan Commercial Centre - Bahrain,BAHRAIN,Pharmacy,,"Bldg No 2616, Rd 855, Wadyan 608, Sitra
PO Box 122, Manama
All Pharmacies Under Ruyan Com",0097317731316
Ruyan Pharmacy - Bahrain,BAHRAIN,Pharmacy,,"Building  134, Road 407, Block 704, Salmabad
",0097317784419
Shifa Al Jazeera Pharmacy - Bahrain,BAHRAIN,Pharmacy,,"Gudaibiya
",0097317287035
Dr. Emad Al-Saleh Clinic - Dental - Jordan,AMMAN,Clinic,,"Sweifyeh, Wakalat St. Al Baraka Complex 1st floor - Clinic 9",0096265823028
KING HUSSEIN CANCER CENTER - JORDAN,AMMAN,Clinic,,"1269  Amman 11941 Jordan
QUEEN RANIA STREET
",962775707059
Amman Surgical Hospital - Jordan,AMMAN,Hospital,,"Amman, Jordan P.O. Box: 815447 Amman 11180 email: rakan_ammanhospital@yahoo.com; admission.ammanhospital@gmail.com
",0096264641261
Jordan Hospital - Jordan,AMMAN,Hospital,,"P.O. Box 520248 Amman, Jordan 11152",0096265608080
32 Dental Center - Kuwait,AL AHMADI,Clinic,,"Almangaf - Alahmedi Street, Block 4 - Building 18, 6th Floor Opps. Alfehehel P.O Box 51122 alternate #: 0096523720888 alternate email: 32.insurance@gmail.com",009651803232
Al Kout Medical Centre - Kuwait,AL AHMADI,Clinic,,"Mangaf - Block 4 - Coastal Road
Bldg 89 ,  Kuwait",0096522085555
Al Loaloah Dental Center - Kuwait,AL AHMADI,Clinic,,"Al Jabriya, Block 1/a, Bldg.. 55, 1st Floor, Opposite Hawally Traffic Dept, Kuwait	Insurance: 00965 66587050	
",0096525351162
Al Mubarakiya Dental Center - Egaila,AL AHMADI,Clinic,,"Egaila, Block 5, Awtad Mall (next to Bairaq Mall) 2nd Floor
",0096523846222
Al Sayegh Clinic - Kuwait,AL AHMADI,Clinic,,"Mangaf Area
",009651848382
British Medical Centre - Kuwait,AL AHMADI,Clinic,,"Mangaf Area, Kuwait	
",0096523713100
Mallorca Medical Center - Kuwait,AL AHMADI,Clinic,,"Al Mahboula, Fahaheel Express Way, Hawally Kuwait 	Fax: 00965-23732312 insurance: 00965 65135107	email: mohamed.mahmoud@mallorcamedicalcenter.com
",0096522251514
Shine Dental Center - Kuwait,AL AHMADI,Clinic,,"Mahbola, Block 1, St. 131
Building 21, 1st & 2nd Floor
17167 Al Khaldia 72542",009651855558
Alia International Hospital - Kuwait,AL AHMADI,Hospital,,"Mahboula, Kuwait",0096522272000
London Hospital - Kuwait,AL AHMADI,Hospital,,"440, Fintas - 51005 , Kuwait ",0096523903881
Al-Qatami - Sara Complex Pharmacy - Kuwait,AL AHMADI,Pharmacy,,"Gulf Street- Mahboula, Kuwait
",0096523729638
Zomarad Al Ghanim Pharmacy - Kuwait,AL AHMADI,Pharmacy,,"Mataam Street- Abrag Al-Shaheen Towers -Fintas, Kuwait
",0096523909967
Al Sabah Clinic - Kuwait,FAHAHEEL,Clinic,,"Taimiya Street, Fahaheel, Kuwait",0096523910104
Arouss Al-Bahar Dental Center- Kuwait,FAHAHEEL,Clinic,,"Villa 106 First Floor
Al Mahboula - Cost Side
Arouss Al Bahar Complex",0096522204217
City Clinic International - Kuwait,FAHAHEEL,Clinic,,"2nd Floor Al Dabbous Building, dabbous Street, Fahaheel, Kuwait",0096523915592
Shifa Al Jazeera Medical Center -Kuwait (Fahaheel),FAHAHEEL,Clinic,,"Mecca St.,Near Roundabout, Life Tower,
Fahaheel, Kuwait
",0096523919020
White Clinic - Kuwait,FAHAHEEL,Clinic,,"19th Floor Block 11, Kasima 8119, Fahaheel, Kuwait",009651828222
Al Mutawa Fahaheel Pharmacy - Kuwait,FAHAHEEL,Pharmacy,,"Mahbola Main St., Building 168, Kuwait		
",0096565856244
Al Seif Pharmacy - Kuwait,FAHAHEEL,Pharmacy,,"Fahaheel,Block 7 ,Al Amal Clinic, Kuwait	
",0096523910368
Al-Fintas Coop Pharmacy - Kuwait,FAHAHEEL,Pharmacy,,"Al Fintas Coop, Block 2 - Al FIntas, Kuwait
",0096522271222
Arabia Mall Pharmacy - Warba - Kuwait,FAHAHEEL,Pharmacy,,"Al Equila, Arabia Mall, Kuwait	
",0096522245412
Rama Pharmacy - Kuwait,FAHAHEEL,Pharmacy,,"Fahaheel, Dabbous St. next to NBK, Kuwait	
",0096523912795
Royal Fahahil Plus Pharmacy - Kuwait,FAHAHEEL,Pharmacy,,"Fahahil, BLK 33, Plot 29	
",0096522210937
Royal Pharmacy - Kuwait,FAHAHEEL,Pharmacy,,"Fahahil, Al Dabous St., Green Tower Bldg	Tel: 25456645
",0096525456644
Al - Ebtisama Dental Clinic - Farwaniya,FARWANIYA,Clinic,,"119 St., Block 5 , Building 11, 2nd floor, farwaniya",0096522286822
Al Maidan Dental Clinic - Farwaniya,FARWANIYA,Clinic,,"Main street, Hamra Mall, 2nd Floor


Sharq Ahmed Al Jaber St., Raed Center, Kuwait",009651883322
Al Maidan Dental Clinic - New Jahra,FARWANIYA,Clinic,,"Al Harameen Trade Centre Mall, Complex No 23, 1st Floor


Sharq Ahmed Al Jaber St., Raed Center, Kuwait",009651883322
Al Nahil International Clinic - Kuwait,FARWANIYA,Clinic,,"Jleeb Shuyoukh Block 24 Building 37
Police Station Road",0096524346686
Badr Al Samaa Medical Centre - Kuwait,FARWANIYA,Clinic,,"Street No. 39 Block 4, Near Farwaniya Gardens, Kuwait",0096524759250
Dar Al Baraa Medical Center (farwaniya),FARWANIYA,Clinic,,"BL58 Building 18, Farwaniya
P.O Box: 3357",0096566164055
Dar Al Saha Polyclinic- Kuwait,FARWANIYA,Clinic,,"P.O. Box: 3362
Al Adan Jleeb Al- Shuyoukh
Bldg. 61, Block 24, Area 4, Kuwait",0096524333354
German Medical Care - Kuwait,FARWANIYA,Clinic,,"P.O. Box: 41340,
Jleeb Al Shuyoukh
Kuwait",0096524318129
International Clinic – Farwaniya,FARWANIYA,Clinic,,"Beside Mr. Baker, Habib Munwar Street, Farwaniya, Kuwait",9651886677
Metro Medical Care - Kuwait,FARWANIYA,Clinic,,"near crown plaza signal. beside Mr. baker St. No. 108 Bldg No.28, habib Munawer St., Bo. 3 Farwaniya",0096524731888
New Al Thuraya Specialised Dental Centre - Kuwait,FARWANIYA,Clinic,,"Al Mangaf Block 4 Fahaheel Club St. 
Intersection Makka st. Khalid Al Jari
Farwaniya",0096523731155
Royal City Clinic - Kuwait,FARWANIYA,Clinic,,"Block 23, Bldg 4 Jleeb Al Shoyoukh, 1033, Safat 13011 email: insurance@cityclinicgrp.com",0096524340122
Shifa Al Jazeera Medical Center-Kuwait (Farwaniy),FARWANIYA,Clinic,,"Opp. farwania Police Station & Co-Op Society - Farwana - Kuwait 
P.O Box 18913, Farwana. ",0096524734000
Stars Specialists Dental Center - Kuwait,FARWANIYA,Clinic,,"Block 5, Bldg 49 Ali Fahed Aldewala Street 104 Nora Al Rashidy Complex, farwaniya",0096522200499
Sidra Hospital - Kuwait,FARWANIYA,Hospital,,"4th Ring Road, Beside Court Complex, Al Ardiya 92400, Kuwait",0096524997107
Al Farwaniya Co-Op Pharmacy - Kuwait,FARWANIYA,Pharmacy,,"Farwaniya Coops, Farwaniya, Habib Munawer St, Kuwait	",0096524726878
Al Mutawa Gharnata Pharmacy - Kuwait,FARWANIYA,Pharmacy,,"Gharnata Block 1, Building 230, Dabbous Complex, Kuwait		
",0096524864861
Al Rehab Co-Op Pharmacy - Kuwait,FARWANIYA,Pharmacy,,"Rehab Coops, Rihab, Kuwait	
",0096524315027
Al Yarmouk Co-Op Pharmacy - Kuwait,FARWANIYA,Pharmacy,,"Yarmouk Coops, Yarmouk, Kuwait	
",0096525358366
Al-Ferdos Coop Pharmacy - Kuwait,FARWANIYA,Pharmacy,,"Al Ferdos Coop, Block 3, Al Ferdos, Kuwait
",0096524881201
Al-Ghanim Central Pharmacy - Kuwait,FARWANIYA,Pharmacy,,"Hamra Mall, Farwaniya, Kuwait
",0096524717898
Al-Ommoma Pharmacy - Kuwait,FARWANIYA,Pharmacy,,"Riggae, AL-Ommoma Hospital
",0096524997030
Danet Al-Ghanim Pharmacy - Kuwait,FARWANIYA,Pharmacy,,"Opposite Farwaniya Fire station, Farwaniya, Kuwait
",0096524710164
Loulat Al-Ghanim Pharmacy - Kuwait,FARWANIYA,Pharmacy,,"Askan Trading Complex Fire Station Street Ferwaniya, Kuwait		
",0096524715931
Royal Al Reda Pharmacy - Kuwait,FARWANIYA,Pharmacy,,"Farwaniya, Habib Al Mnawer St., Block 3, No.9, Opp. Farwaniya Co-Op.

",0096524724689
Royal Al Taafi Pharmacy - Kuwait,FARWANIYA,Pharmacy,,"Farwaniya, St. 105, Block 5, Bldg.32 , Opp. Ghazali Clinic

",0096524755084
Royal Farwaniya Pharmacy - Kuwait,FARWANIYA,Pharmacy,,"Farwaniya, Habib Al Mnawer St., Al Dabous Center Behind Crown Plaza Hotel	
",0096524719790
Royal Khaitan Pharmacy - Kuwait,FARWANIYA,Pharmacy,,"Old Khaitan, Block 8, Plot 7, Police Stataion St. ""73"", Bldg. 8   Fax: 00965 90941687	

",0096524767812
Samaa Al Kuwait Pharmacy - Kuwait,FARWANIYA,Pharmacy,,"114 St, Farwaniya, Kuwait",0096524759250
Al Jeraiwi Clinic - Kuwait,HAWALLY,Clinic,,"Hawally - Magareb St., Kuwait",0096522655566
Al Safat American Medical Center- Kuwait,HAWALLY,Clinic,,"P.O. Box: 26465 Al Safat 13125
Maiadn Hawally, Off 4th Ring Road
Kuwait",0096522247999
Al-Ebtisama Specialised Dental Center - Manqaf Branch,HAWALLY,Clinic,,"16 St., Block 3, 2nd Ebtisama Bldg, Manqaf",0096523710887
Boushahri Specialized Polyclinic - Kuwait,HAWALLY,Clinic,,"P.O. Box: 547 Safat 13306
Maidan Hawalli -Bagdad St.
Kuwait",009651888877
Dar Al Baraa CLinic - Kuwait,HAWALLY,Clinic,,"P.O. Box: 3357
Hawally 32034
Kuwait",0096525343406
Dar Al Fouad H.B.R Medical Co - Kuwait,HAWALLY,Clinic,,"P.O. Box: 616 Dasman 15457
Hawalli, Kuwait",0096522662224
Dar Al Shifa Clinic  - Kuwait,HAWALLY,Clinic,,"Baghdad Street, Near Kuwait Hyatt Hotel, 
Maidan Hawally,
Kuwait",0096525666999
Global Med Clinic - Kuwait,HAWALLY,Clinic,,"P.O. Box: 132
Mazaya Bldg., 7th Floor - 4th Ring Road, Next to Champions Gym, Al Jabriya",0096525313081
Hadi Hospital Co.  - Kuwait,HAWALLY,Clinic,,"Hawally, Al Jabriya Area, Kuwait  - Code : 32061 ",009651828282
Images Diagnostic Imaging Center - Kuwait,HAWALLY,Clinic,,"Jabriya - Mazaya Bldg. Block 1A, Street 1, 2nd floor
Kuwait",0096522269300
Jarallah German Specialized Clinic - Kuwait,HAWALLY,Clinic,,"P.O. Box: 4777 Hawally 32078
Hawally, Kuwait",0096522644888
Specialized Clinics Center - Kuwait,HAWALLY,Clinic,,"P.O.Box: 44178
Hawalli 32065
Kuwait

Ms. Sahar Jaafar",0096522650700
New Dar Al Shifa Hospital - Kuwait,HAWALLY,Hospital,,"Hawalli - Beirut Street, Kuwait Safat 13034",009651802555
Royale Hayat Hospital - Kuwait,HAWALLY,Hospital,,"Hawally 32002 Kuwait

",0096525360000
Al Hadetha (Dar Al-Fouad) Pharmacy - Kuwait,HAWALLY,Pharmacy,,"Qotaiba Street - Dar Al Fouad Clinic,  Hawally, Kuwait
",0096522662224
Central Pharmacy - Kuwait,HAWALLY,Pharmacy,,"Moalim  Complex Tunis Street, Hawally, Kuwait
",0096522664513
Hafez Pharmacy - Kuwait,HAWALLY,Pharmacy,,"Shaab - Mohammed Darwish Aaradi St. - Next to Flex Gym, Area 8, Kuwait
",0096522626764
Hawally Center Pharmacy - Kuwait,HAWALLY,Pharmacy,,"Maidan Hawally, Hamoud Nasser St.,Kuwait	
",0096525614895
Maset Al Ghanim Pharmacy - Kuwait,HAWALLY,Pharmacy,,"Maidan Hawally - Oppossite Shaab Garden, Kuwait
",0096525641347
Qurtoba Co-operative Pharmacy - Kuwait,HAWALLY,Pharmacy,,"Qortuba Area, Main Qortuba Co-operative, Kuwait",0096525321555
Vita Pharmacy - Kuwait,HAWALLY,Pharmacy,,"Hawali, Beirut Street, Al Sayer Tower P.O. Box: 3390, Safat, Kuwait",0096522650074
Warba Pharmacy - Kuwait,HAWALLY,Pharmacy,,"Tunis Sreet - Hawally, Kuwait		
",0096522635084
Yiaco Al Jaberiya Pharmacy - Kuwait,HAWALLY,Pharmacy,,"Jaberiya, building 55, Al-Jabriya Medical Center, Kuwait
",0096525320329
Al Thuraya Specilaized Dental Center,JAHRA,Clinic,,"Farwaniya, Habeeb Munawer street, Munawer complex 3rd flower",0096524711575
Bayan Dental Center - Jahra,JAHRA,Clinic,,"1st Floor, Building No 29 Flah & Mubarak Al Hajraf Complex, The new trade area, Jahra",0096523824000
Al Orf Hospital - Kuwait,JAHRA,Hospital,,"P.O. Box: 2355, Jahra, Kuwait",0096524555050
Al Abeer Pharmacy - Kuwait,JAHRA,Pharmacy,,"Jahra  - Exceer Medical Center, Kuwait
",0096524561881
Al Ghanim Al Wataniya Pharmacy - Kuwait,JAHRA,Pharmacy,,"Merzoq Al-Matab street - Sahari Complex Jahra, Kuwait
",0096524589661
Al-Ghanim Al-Dawliya Pharmacy - Kuwait,JAHRA,Pharmacy,,"Waha Street, Area-92 , Jahra, Kuwait
",0096524572370
Ashbiliya Coop Pharmacy - Kuwait,JAHRA,Pharmacy,,"Ashbiliyah Cooperative Complex Qita 4 Street 441, Kuwait",0096524387872
Ibrahim Al-Ghanim Pharmacy - Kuwait,JAHRA,Pharmacy,,"Wahra Complex, Jahra, Kuwait	
",0096524559246
Jahra Haditha Pharmacy - Kuwait,JAHRA,Pharmacy,,"Jahra, Block 23 Sayer, Zowaied Complex, Kuwait	
",0096524575518
Royal Jahra 2 Pharmacy - Kuwait,JAHRA,Pharmacy,,"Jahra Block 33, Marzouk Al Makbesy St., Bldg. 2, Wara Complex, Opp. Al Ghanem 	 Tel: 00965 24565700
",0096524568900
Royal Jahra Pharmacy - Kuwait,JAHRA,Pharmacy,,"Jahra Block 91, Blot 61, Flex Bldg., Behind Al Orf Hospital 

",0096524561696
Royal Jahra Plus - Kuwait,JAHRA,Pharmacy,,"Jahra, Marzouk Al Makbesy St.,Block46, Bldg., 45	Tel: 0096524573500
",0096524573600
Yiaco Al Jahra Pharmacy - Kuwait,JAHRA,Pharmacy,,"Wara Complex, Jahra, Kuwait	
",0096524559246
Abha Dental Speciality Center - Kuwait,KUWAIT CITY,Clinic,,"Abha Bldg, Al Shaab Al Bahri
Block 8 St. 80
P.o. Box: 35092 Al Shaab
Kuwait",00965261053489
Al Maidan Dental Clinic - Fahaheel,KUWAIT CITY,Clinic,,"Street No 57, Ajyal Complex, 3rd Floor


Sharq Ahmed Al Jaber St., Raed Center, Kuwait",009651883322
Al Maidan Dental Clinic - Hawalli,KUWAIT CITY,Clinic,,"Beirut Street, Brirut Complex, 1st Floor


Sharq Ahmed Al Jaber St., Raed Center, Kuwait",009651883322
Al Maidan Dental Clinic - Sabah Al Salem,KUWAIT CITY,Clinic,,"Block No 103, (B1, A2) Tower, 1st Floor

Sharq Ahmed Al Jaber St., Raed Center, Kuwait",009651883322
Al Maidan Dental Clinic - Sharq,KUWAIT CITY,Clinic,,"Ahmad Al Jaber Street, Raed Centre


Sharq Ahmed Al Jaber St., Raed Center, Kuwait",009651883322
Al Maidan Dental Clinics Group - Kuwait,KUWAIT CITY,Clinic,,"P.O.Box: 606 Dasman 15450
Sharq- Ahmed Al Jaber St., Raed Center, Mashreq Bank Bldg.
Kwt",009651883322
Bayan Dental Center - Al Qibla,KUWAIT CITY,Clinic,,"6th Floor, Al Khorafi Tower, Qibla, Kuwait City",0096523824000
Bayan Dental Center - Egaila,KUWAIT CITY,Clinic,,"2nd floor, Al Bairaq Tower, Block 4, Egaila",0096523824000
City Clinic - Kuwait,KUWAIT CITY,Clinic,,"4th floor Mawash Building Shuhada St., Opp Kptc Building P.O. Box: 1033, Safat 13011, Murqab Kuwait",0096522497080
Consultation Medical Clinic - Kuwait ,KUWAIT CITY,Clinic,,"9198  BLOCK 4
1 LANE 3
",96522216880
Dental House Center - Kuwait,KUWAIT CITY,Clinic,,"Khaitan Brnach Khaitan Block 4, Street 102 Al Naser Complex Tower E 2 Floor, Kuwait",0096522200090
Dental House Specialist Center - Kuwait,KUWAIT CITY,Clinic,,"Salmiya Branch, Salmiya 4th Ring Round, Abo Tharr Alghafari, Alhashel Medical Complex, Kuwait",0096525630970
Doctor Smile Dental Center - Kuwait,KUWAIT CITY,Clinic,,"Laila Tower, Floor 9, Salmiya, Bahrain St, Block 4, Building 4953, Kuwait",0096522089700
Dr. Esraa AlDeaiji Physiotheraphy and Rehabilitation Center - Kuwait,KUWAIT CITY,Clinic,,"7th Floor, B Clinic, Salmiya
Hamad Al Mubarak St. 
",96522285790
Dr. Nael Al Hazeem Center - Kuwait,KUWAIT CITY,Clinic,,"Murqab, Block 3 Al Soor Street 34th Floor Al Tijariyah Tower 2A",0096522968454
Ebtisama Dental Clinic - Sabah Al Salem Branch,KUWAIT CITY,Clinic,,"Block 1, 114 St., Yousofi Tower B beside platinum gym",0096590005642
Global Medical Center - Kuwait,KUWAIT CITY,Clinic,,"Bldg No. 128, Block 1, Next to Al Salam Hospital
Bneid Al Gar, Kuwait
",0096522599100
Gulf Clinic Advanced Dental Care Center - Sabah Al Salem,KUWAIT CITY,Clinic,,Kuwait,0096590998511
Images DC - Kuwait,KUWAIT CITY,Clinic,,"Benid AlGar Area , Mazaya Tower, Kuwait",0096522269300
Kuwait Medical Center for Dental Co. - Kuwait,KUWAIT CITY,Clinic,,"Abdullah Al Othman Tower Third Ring Road Floor 10, Kuwait",0096522256555
Labeaute Dental Clinic - Kuwait,KUWAIT CITY,Clinic,,"P.O. Box: 613 , Al - Surra, 45707
Kuwait",0096522923333
Marina Medical Center - Kuwait,KUWAIT CITY,Clinic,,"Salmiya, block 3
Intersection of Hamad Almubarak st. and Alkhansa st.
Floor 10
",0096565097010
New Mowasat Clinic,KUWAIT CITY,Clinic,,"Al Manshar Mall, Fahaheel",0096525726666
Royal Dental Center ( Mangaf Branch)-Kuwait,KUWAIT CITY,Clinic,,"Mangaf Block 4  1ST &2ND floor 28stt,KUWAIT
",9651855518
Sama Dental Center - Kuwait,KUWAIT CITY,Clinic,,"P.O. Box: 20737 ,  Safat, Kuwait
Deiya, Block 5, Bibi Complex, Block A",0096522562226
The Clinic for Mother & Child - Kuwait,KUWAIT CITY,Clinic,,"18th Floor, Mazaya Clover Centre, Al Jabriya, Block 1A, Kuwait",0096522269346
Therapia Medical Center for Physiotherapy - Kuwait,KUWAIT CITY,Clinic,,"Block 8, Abha Complex
Street 80, Al Shaab, 
Al Bahri, Kuwait
P.O.6346",0096522626711
Virtus Specialized Dental Centre,KUWAIT CITY,Clinic,,"1st Floor, Tower B, Fatma Complex Bldg. , Kuwait
Block 12, Amman St. Salmiya
",96525628676
White Dental Center (Sabah Al Salem) Kuwait,KUWAIT CITY,Clinic,,"1st Floor Block 1, Kasima 422, Sabah Al SAlem, Kuwait",009651828222
White Dental Center - Kuwait,KUWAIT CITY,Clinic,,"P.O. Bob: 39508
Code: 73056
Kuwait, Sharq, Ahmed Al Jaber S. - Dar Al Awadi Compx - F22",0096522322223
AL SALAM HOSPITAL CO.(MAHBOULA) KUWAIT,KUWAIT CITY,Hospital,,"AL SALAM AL AHMADI HOSPITAL	119 MAHBOULA
",9651830003
Al Salam International Hospital - Kuwait,KUWAIT CITY,Hospital,,"Dasman Area 35151, Kuwait",0096522232000
OPTIK ZONE FOR MEDICAL AND SUNGLASSES CO (SALMIYA) KUWAIT,KUWAIT CITY,Optical Center,,"SALEM MUBARAK, SALMIYA, KUWAIT",96522250780
Al Dahia Co-Op Pharmacy - Kuwait,KUWAIT CITY,Pharmacy,,"Dahia Abdullah Al salem & Mansourieh Co- Op, Kuwait	
",0096522540731
Al Ghanim Hadeeta Pharmacy - Kuwait,KUWAIT CITY,Pharmacy,,"Wahra Complex Canada Dry Street Shuwaikh, Kuwait
",0096524817560
Al Mansourieh Co-Op Pharmacy - Kuwait,KUWAIT CITY,Pharmacy,,"Mansoriya Co-Op, Kuwait		
",0096522261738
Al Nuzha Co-Op Pharmacy - Kuwait,KUWAIT CITY,Pharmacy,,"Nuzha Coops, Nuzha, Kuwait	
",0096522525535
Al Safwa Pharmacy - Kuwait,KUWAIT CITY,Pharmacy,,"Jaleeb Al-Sheiukh, Makhfar Street, Kuwait  

",0096524312677
Al-Ghanim Pharmacy - Kuwait,KUWAIT CITY,Pharmacy,,"Fahad Al-Salem Street, Liwan Mall,  Kuwait City	
",0096522245377
Ali Abdulwahab Al Mutawa Commercial Co.,KUWAIT CITY,Pharmacy,,"P.O. Box 159, Safat 13002, Kuwait email MNPH@AAW.COM AGH@AAW.COM SFY@AAW.COM",009651804449
Canadian Pharmacy - Kuwait,KUWAIT CITY,Pharmacy,,"Safat 13116 Shewikh, Kuwait",0096522967769
Dasman Pharmacy - Kuwait,KUWAIT CITY,Pharmacy,,"Sharq, Shohada St., Block 39, No.1, Opp. Sharq Fire Station
",0096522431526
Dorrat Al-Ghanim Pharmacy - Kuwait,KUWAIT CITY,Pharmacy,,"Al-Jhon Centre-Fahed Al-Salem Street, Kuwait City, Kuwait
",0096522418914
Fahad Al Ahmed Co-Op Pharmacy - Kuwait,KUWAIT CITY,Pharmacy,,"Fahad Al Ahmed Coops, Kuwait		
",0096523633279
Farah Pharmacy - Kuwait,KUWAIT CITY,Pharmacy,,"Al-Mubarkiya, Kuwait City
",0096522407955
Mutawa Farwaniya Pharmacy - Kuwait,KUWAIT CITY,Pharmacy,,"Lulu Dajej, Kuwait",0096522541032
Nasrin Pharmacy (Sharq) - Kuwait ,KUWAIT CITY,Pharmacy,,"Sharq Block 2, Ahmed Al jaber St., Building 24. Kuwait
",0096522432642
Qadsiya Co-Op Pharmacy - Kuwait,KUWAIT CITY,Pharmacy,,"Qadsiya Coops, Qadsiya, Kuwait	
",0096522575219
Qourtuba Pharmacy - Kuwait,KUWAIT CITY,Pharmacy,,"Port Said Street, Global Clinics- Benaid Al-Qar, Kuwait
",0096522599140
Royal Al Shaab Pharmacy - Kuwait,KUWAIT CITY,Pharmacy,,"Al Shaab Al Bahary, Mohamed Darwesh Al Arady St., Bldg. 83, Opp. Isteklal Road		Whatssapp 69305416

",0096522626764
Royal Fahahil Pharmacy - Kuwait,KUWAIT CITY,Pharmacy,,"Fahahil, Ebn Taimeia St. (Old Clinic), Block 8, Bldg 6	Tel: 23927868
",0096523927848
Royal Jabriya Pharmacy - Kuwait,KUWAIT CITY,Pharmacy,,"Jabriya, Block 3, St. 111, Bldg. 43, behind Al Shanakel games Tel: 00955 25356043
",0096525346200
Royal Jabriya Plus Pharmacy - Kuwait,KUWAIT CITY,Pharmacy,,"Jabriya, St.111, Block 3B,bldg.5 Tel:  0096525310349 
",0096525310348
Royal Mahboula Pharmacy - Kuwait,KUWAIT CITY,Pharmacy,,"Mahboula, Gulf Road, Block 2, Plot 4 A&B

",0096523714943
Royal Mangaf Pharmacy - Kuwait,KUWAIT CITY,Pharmacy,,"Mangaf, Gulf Road, Block 4, Plot1, Habadan C Tower Tel:0096551350751 / 0096523830611
",0096522210925
Royal Mirqab Pharmacy - Kuwait ,KUWAIT CITY,Pharmacy,,"Al Mirqab, Shohada St., Opp. Fire Station

",0096522479827
Royal Qattan Pharmacy - Kuwait,KUWAIT CITY,Pharmacy,,"Mirgab, Block 1, Plot2, No.3, Shohada St., Opp. Safat Office

",0096522470435
Royal Sabah Al Salem Pharmacy - Kuwait,KUWAIT CITY,Pharmacy,,"Sabah AL Salem,Blk 1 - Plot 52 - St. 207	Tel: 00965 25526527
",0096525514016
Royal Sharqia Pharmacy - Kuwait,KUWAIT CITY,Pharmacy,,"Mirgab, Shohada St., Mawash Tower, No. 5 
",0096522422430
Sabah Al Salem Co-Op Pharmacy - Kuwait,KUWAIT CITY,Pharmacy,,"Sabah Al Salem Block 9, Kuwait
",0096525511425
Yiaco Aldawliya Pharmacy - Kuwait,KUWAIT CITY,Pharmacy,,"Al-Jhon Center-Fahed Al-Salem Street, Kuwait City	

",0096522418914
Yiaco Apolo Pharmacy Groups - Kuwait,KUWAIT CITY,Pharmacy,,"P.O. Box: 435, Safat 13116
Shewikh, Kuwai",0096524641553
2Smile Dental Center - Kuwait,MAHBOULA,Clinic,,"Mahboula Block 1 - Khalifa Taal Al Jeri St., (Rd.210) - Build 167-2nd Floor",0096523733606
Dental Art Clinic,MAHBOULA,Clinic,,Mahboula 22nd Coastal Road Block 4 Building 21 1st Floor Mareena Towers,0096522968454
Top Pharmacy - Kuwait,MAHBOULA,Pharmacy,,"Mahboula, Gulf Road, Block 2, Bldg. 109 ""Aaros Al Bahr Complex""	 Tel: 0096523714614 / 00965 22210920
",0096555957096
Taiba Clinic Hospital - Kuwait,MUBARAK AL KABEER,Hospital,,"Bayan, Sabah Al Salem Area, Kuwait	Fax: 0096525529012
",009651808088
Al Sabahiya Co-Op Pharmacy - Kuwait,MUBARAK AL KABEER,Pharmacy,,"Sabahiya Coops, Sabhiya, Kuwait		
",0096523627891
Al Shuhada Co-Op Pharmacy - Kuwait,MUBARAK AL KABEER,Pharmacy,,"Shuhada Co-Op Block 4 - St 17 Building 900015, Kuwait		
",0096525233821
Jaber Ali Co-Op Pharmacy - Kuwait,MUBARAK AL KABEER,Pharmacy,,"Jaber Al Al Coops, Jaber Al Ali, Kuwait	
",0096523832513
Qayrwan Pharmacy - Kuwait,MUBARAK AL KABEER,Pharmacy,,"Qayrwan Cooperative, Kuwait
",0096524667150
Royal Egaila Pharmacy,MUBARAK AL KABEER,Pharmacy,,"Egaila, Nokhza Complex, BLock 5, St. 205, Plot 90 Fax: 0096567671495

",0096523841185
Surrah Co-Op Pharmacy - Kuwait,MUBARAK AL KABEER,Pharmacy,,"Surra Coops, Surra, Kuwait		
",0096525325490
Yiaco Pharmacy - Kuwait,MUBARAK AL KABEER,Pharmacy,,"AL EQUILA , Liwan Mall, Kuwait
",0096522245377
ASAYAD MEDICAL CENTER DAY SURGERY,SALMIYA,Clinic,,"Block 6, Bahrain Streat, Area 17, Al Salmiya, Kuwait
",96522211900
Al Maidan Dental Clinic - Salmiya,SALMIYA,Clinic,,"Salmiya, Gulf Road, View Tower, Floor 18
",009651883322
Al Mubarakiya Dental Center - Salmiya,SALMIYA,Clinic,,"Salmiya, Block 9, Fahaheel Expressway Opposite Hadi Hospital, Al Mubarakiya Building 1st floor
",0096523846111
Al Najat Life Medical Center - Kuwait,SALMIYA,Clinic,,"Salmiya, Qatar St., Facing Boulevard
",0096525718600
Balsam Dental Care Center - Kuwait,SALMIYA,Clinic,,"P.O. Box: 9798
Salmiya, Kuwait",0096525755737
Bayan Dental Center - Kuwait,SALMIYA,Clinic,,"6th Floor, Laila Tower, Behind Laila Gallery Complex Salmiya",0096523824000
Dental 8 Clinic - Kuwait,SALMIYA,Clinic,,"Salmiya 22005,
kuwait",009651827626
Dental Zone Center - Kuwait,SALMIYA,Clinic,,"Salymya, Block 3, Amr Ibn Al Aas Street, Building #11169, Aknan Medical Tower, 8th Floor",0096522274911
Ebtisama Dental Clinic - Salmiya Branch,SALMIYA,Clinic,,"5th Ring Road, Block 12, Ebtisama Building, Salmiya",0096525620014
Gulf Clinic Advanced Dental Care Center - Kuwait,SALMIYA,Clinic,,"Block 11 Lothan Building
Salmiya
P.O. Box: 65019
Kuwait",0096525630004
Hollywood Smile Dental Center - Kuwait,SALMIYA,Clinic,,"Salmiya, Omar Bin Al- Aas Street, Aknan Medical Tower, 10th & 11th Floor",0096522274919
Inaya German Medical Center - Kuwait,SALMIYA,Clinic,,Salmiya - Blok 5 - First St. - Opp. Salmiya Police Station - Kuwait email: aboodai@inaya.com.kw,0096525750777
International Clinic (IC) - Kuwait,SALMIYA,Clinic,,"Mr. Sayed El - Leithy
Finanace Manager 
Salmiya - Kuwait P.O Box 6649
Bahrain St. Block 31 Area 49
Behind Laila Galleria
Beside Gulf English School ( GES)",009651886677
Royal Dental Center (Salmiya Branch),SALMIYA,Clinic,,"SALMIYA BLOCK 2 8TH FLOOR 25st,KUWAIT
",9651855518
Tijan International Dental Center,SALMIYA,Clinic,,"4th Floor, Aknan Yawer
Salmiya, Kuwait",0096522251515
Villa Medica Medical - Kuwait,SALMIYA,Clinic,,"Salmya Block 9, Suliman Tower Arabian Gulf Road Opposite to Sultan Restaurant- Baghdad Street",0096522208802
Yiaco Medical Center - Kuwait,SALMIYA,Clinic,,"Salmiya Area, Kuwait insurance: 00965-52226154
",0096525648040
i Smile Dental Center - Kuwait,SALMIYA,Clinic,,"P.O. Box:
Block 11, Houmod Zaid AlKhalid St., Mutawa Building, 11th flo
Salmiya - Kuwait",0096525667744
Al Rashid Hospital - Kuwait,SALMIYA,Hospital,,"Salmiya, Kuwait code 22060",0096525624000
Al Seef Hospital - Kuwait,SALMIYA,Hospital,,"Al Salmiya, Kuwait	Tel: 00965 2576 4000 Fax: 00965 2571 9810
",0096525764000
New Mowasat Hospital - Kuwait,SALMIYA,Hospital,,"Kuwait-Salmiya 22077

 ",009651826666
Al Canadi Pharmacy - Kuwait,SALMIYA,Pharmacy,,"Salmiya, Amman St, Itihad Clinic , Kuwait
",0096522247690
Al Ghanim Al-Almia Pharmacy - Kuwait,SALMIYA,Pharmacy,,"Fifth Ring Road,Salmiya, Kuwait
",0096525658062
Al Marina Pharmacy - Kuwait,SALMIYA,Pharmacy,,"Salmiya, Aknan Complex, Kuwait
",0096522274840
Al Morouj Pharmacy - Kuwait,SALMIYA,Pharmacy,,"Salwa Block 2, Building 315, Kuwait	
",0096525610327
Al Mutawa Medan Hawally Pharmacy - Kuwait,SALMIYA,Pharmacy,,"Salmiya Block 11, Abdullah Fadalh St.,Kuwait
",0096525650694
Al-Hashel Pharmacy - Kuwait,SALMIYA,Pharmacy,,"Salmiya, Al-Hashel medical center, 4th Ring Road, Kuwait
",0096525623243
Al-Marouf Pharmacy - Kuwait,SALMIYA,Pharmacy,,"Al-Khansaa Street - Salmiya, Kuwait",0096525716000
Bayan Co-Op Pharmacy - Kuwait,SALMIYA,Pharmacy,,"Bayan Co - op Block 2, Kuwait	
",0096525390322
Darain Al Ghanim Pharmacy - Kuwait,SALMIYA,Pharmacy,,"Bab Hani Clinic, Opp to Yacht Club , Sayed Jalal Tower, Gulf Street, Block 9, Salmiya, Kuwait
",0096525731073
Hilton Marina Pharmacy - Kuwait,SALMIYA,Pharmacy,,"Salmiya, 4thr Ring Road, Al Etihad Medical Complex, Amman Street, Kuwait	",0096525660893
Issra Pharmacy - Kuwait,SALMIYA,Pharmacy,,"Bagdad Street- Salmiya, Kuwait
",0096525736626
Jude Yiaco Pharmacy - Kuwait,SALMIYA,Pharmacy,,"Jaberiya, Kuwait	",0096525320329
Lama Pharmacy - Kuwait,SALMIYA,Pharmacy,,"Qita 3-A Street 104  Merkaz Al Tajaria Al Aqaria, Jaberiya, Kuwait     Tel No:00965 25311998	
",0096525310487
Royal 1 Pharmacy - Kuwait,SALMIYA,Pharmacy,,"Salmiya, Amman St. Block 35, Bldg. 7, Opp.  Maroosh Restaurant",0096525616102
Royal Al Maali Pharmacy - Kuwait,SALMIYA,Pharmacy,,"Jabriya, St.7, Block 3,b Bldg.66


",009625357037
Royal Al Rajaa Pharmacy - Kuwait,SALMIYA,Pharmacy,,"Salmiya, Amman St., Block 12, Bldg. 238A, Opp. Yiaco Apollo Hospital
	
",0096525616104
Royal Alpha Pharmacy - Kuwait,SALMIYA,Pharmacy,,"Salmiya, Khansaa St., Block 5, Plot 18413, Opp. City Center

",0096525750578
Royal Pharmacies Group - Kuwait,SALMIYA,Pharmacy,,"P.O. Box: 5874
Salmiya, Kuwait",0096525616102
Royal Plus Pharmacy - Kuwait,SALMIYA,Pharmacy,,"Salmiya, BLK 6 , Qatar St.
",0096522210936
Royal Salmiya 2 Pharmacy - Kuwait,SALMIYA,Pharmacy,,"Salmiya, Baghdad St., Block9, Bldg, 131
",0096525724210
Royal Salmiya Pharmacy - Kuwait,SALMIYA,Pharmacy,,"Salmiya, Yousef Bn Hamoud St., BLK 2, Plot 4, Behind Mowasat Hospital 
",0096525722359
Sahara Pharmacy - Pharmacy,SALMIYA,Pharmacy,,"Salem Al-Mubarek Street,  Salmiya, Kuwait
",0096525711404
Salmiya Pharmacy - Kuwait,SALMIYA,Pharmacy,,"Salmiya, Baghdad St., Block 9, Bldg, 1

",0096525757588
Wahet Al Ghanim Pharmac - Kuwait,SALMIYA,Pharmacy,,"Yousuf Bin Hamoud Street, Salmiya, Kuwait
",0096525717324
Yiaco Al Salmiya Pharmacy - Kuwait,SALMIYA,Pharmacy,,"Al Salam Mall, Salem Al Mubark, Salmiya, Kuwait
",0096525711404
Yiaco Apollo Pharmacy - Kuwait,SALMIYA,Pharmacy,,"Amman Street, Salmiya, Kuwait
",0096525641553
Yiaco Hilton Pharmacy- Kuwait,SALMIYA,Pharmacy,,"Salmiya, Kuwait	 alt tel no: 0096522274522	
",0096522247690
AL AFIA CLINIC - OMAN,OMAN,Clinic,,"HAWANA RESORT –WILAYAT SALALAH
",96823323429
AL SALAMA MODERN MEDICAL POLYCLINIC (AL ANSAB) OMAN,OMAN,Clinic,,"1/98	286
",96824202045
AMERICAN ABROAD CO LLC (AZAIBA) OMAN,OMAN,Clinic,,"AZAIBA ST,NEAR AZAIBA WADI, AZAIBA TOWER, OMAN",0096895440714
AMERICAN SPECIALITY CLINICS CENTER (AL QURUM) OMAN,OMAN,Clinic,,"1693, AL QURUM ST.58,WAY 2235, OMAN",0096895440714
AMERICAN SPECIALITY CLINICS CENTER (SALALAH) OMAN,OMAN,Clinic,,"529 -1,SAADA SOUTH, SAADA ST. OMAN",0096895440714
AMERICAN SPECIALTY CLINICS CENTER - QURM BEACH BRANCH - OMAN,OMAN,Clinic,,"122,BLOCK 222, AL QURUM ST.58, OMAN
",0096895440714
Abdul Malik Mohd. Omar Inheritors Clinic - Oman,OMAN,Clinic,,"PC: 112, Walja, Ruwi, Muscat",0096824837123
Al Amal Medical & Healthcare Centre - Oman,OMAN,Clinic,,"Al Khuwair
",0096824487905
Al Bashayer Specialised Medical Centre - Oman,OMAN,Clinic,,"Near. AL KHUWAIR COURT, AL KHUWAIR, PC 116, Masqat Governate -Bawshar Oman
",0096824488666
Al Buraimi Specialized Medical Center - Oman,OMAN,Clinic,,"Floor 1,2,3, Public Persecution St. Al Buraimi New Saara, Oman",0096825658883
Al Hail Clinic - Oman,OMAN,Clinic,,Al Hail Shamalyn St,0096824537583
Al Hakeem Medical Center - Oman,OMAN,Clinic,,"P.O. Box: 163, PC 211, Dhofar Governate - Salalah, Sultanate of Oman  0096823201191
",0096823201100
Al Hayat Int'l Hospital (Al Hayat Clinic) - Oman,OMAN,Clinic,,"PC:131,AL Ghubra Roundabout,Ali Shaihani Complex.",0096822004071
Al Kiyumi Medical Complex - Oman,OMAN,Clinic,,"Al Badiya, Al Suwaiq, Sultanate of Oman",0096826708600
Al Lamki Polyclinic - Oman,OMAN,Clinic,,"Al Khuwair, PC: 111 Zeeb, Sultanate of Oman",0096824489563
Al Massaraat Medical Centre - Oman,OMAN,Clinic,,"Mina Al Fahal, Sultanate of Oman",0096824566435
Al Raazi Poly Clinic - Oman,OMAN,Clinic,,"Salalah 211, Oman",0096823294400
Al Raffah Medical Centre - Sohar,OMAN,Clinic,,"PC: 113, Muscat",0096824618900
Al Raffah Polyclinic Al Amerat Br.,OMAN,Clinic,,"Amerat, Muscat, sultanate of Oman
Ms. Zeeja - Al Raffah Hosp. - Ghobrah",0096824878713
Al Riyadh Specialized Medical Complex - Oman,OMAN,Clinic,,"RIYADH COMPLEX, NEAR LULU SUPERMARKET, GROUND FLOOR, FLAT # 85, AL MATHAR STREET",0096823295296
Al Sawaqam Clinic & Pharmacy - Oman,OMAN,Clinic,,"Wadi Kabir, P.C. 117",0096824814359
Al Zahra Medical Complex - Oman,OMAN,Clinic,,"AL RAID BLDG, FLOOR # 1, QURUM COMMERCIAL AREA",0096824571094
Atlas hospital-Oman(Al Ghoubra),OMAN,Clinic,,"S. Al Ghoubra, Bowsher, Governorate of Muscat, Sultanate of Oman.",0096824502332
Azhar PolyClinic & Al Mawaleh Ph. - Oman,OMAN,Clinic,,"PC 111, Al Seeb - Sultanate Of Oman",0096824539095
BADR AL SAMAA MEDICAL CENTRE (MABELLA) OMAN,OMAN,Clinic,,"AL KHAIR STREET, NEAR AL  SAFA HYPERMARKET, OMAN",0096822826381
BADR AL SAMAA POLYCLINIC (DUQM BRANCH) OMAN,OMAN,Clinic,,"SPECIAL ECONOMIC ZONE, BADR AL SAMAA POLYCLINIC LLC, DUQM
",96822826435
Babylon Medical Centre - Oman,OMAN,Clinic,,"Al Amerat, Muscat, Oman ",0096824613069
Badr Al Samaa Polyclinic (Falaj) Oman,OMAN,Clinic,,"Postal Code: 322, Near Oman Oil Petrol Pump, Sultanate of Oman",0096826754131
Badr Al Samaa Polyclinic (Sohar) Oman,OMAN,Clinic,,"Postal Code: 321, Near Globe Round About, A Tarif, Shoat, Sultanate of Oman",0096826846660
Badr Al Samaa Polyclinic (Suwaiq) Oman,OMAN,Clinic,,"Suwaiq, Sultanate of Oman",0096826060613
Badr Al Samaa Polyclinic - Al Khuwair,OMAN,Clinic,,"Near Radisson SAS - Al Khuwair, Postal Code: 112",0096824488290
Badr Al Samaa Polyclinic - Sur,OMAN,Clinic,,"Near Saud Bahwan Showroom, Postal Code: 411",0096825546112
Basmat Nizwa Medical Complex - Oman,OMAN,Clinic,,"Postal Code 611, Nizwa Firq, Oman",0096825432103
Bin Said Polyclinic (Dr. D Naidu) - Oman,OMAN,Clinic,,Seeb PC: 121,0096824423894
Bombay Medical & Diagnostic Centre - Oman,OMAN,Clinic,,"Ruwi, Muscat, Sultanate of Oman",0096824795252
Burjeel Medical Center - Oman ,OMAN,Clinic,,"Al Zaiba North, Sultanate of Oman PC112 PO Box 1465, Masqat Governate - Bawshar

",0096822085252
Dhofar International Medical Center - Oman,OMAN,Clinic,,"Opp. Central Market, P.O. Box: 985/211, Salalah, Sultanate of Oman",0096823288101
EUROPEAN OMANI MEDICAL CENTER LLC - OMAN,OMAN,Clinic,,"Block 237 , Plot 31, AL GHOUBRA ST. OMAN",0096895440714
El Shola Polyclinic - Oman,OMAN,Clinic,,"1st Floor Behind Bank Al Batinah North Governate, Sohar, Ruwi, Oman",0096824706540
Elaj Medical Center - Oman,OMAN,Clinic,,"PC 130, Al Azaibah",0096824567005
First Medical Center - Managed by StarCare Hosp.,OMAN,Clinic,,"P.C: 59, Al Khuwair, Muscat - Sultanate of Oman",0096824477666
Green Corner Clinic - Oman,OMAN,Clinic,,"Ghala , P C 114 (Muttrah)",0096824596840
Hatat Polyclinic LLC - Oman,OMAN,Clinic,,"Hatat House, Wadi Adai,  PC: 112, Ruwi, Sultanate of Oman",0096824563641
International Medical Center (IMC) under Apollo - Oman,OMAN,Clinic,,"Old Gold Souk, AL Hamriya Roundabout",0096824794501
Kims Airport Clinic - Oman,OMAN,Clinic,,"International Airport, CPO Seeb, Oman",96824760200
Kims Medical Complex Duqum - Oman,OMAN,Clinic,,"Block 53, Zone 40N, Plot No 379, Duqm, Oman",96824730400
Lama Polyclinic - Oman,OMAN,Clinic,,"MUTTRAH PC 114, Oman",0096824799077
LifeLine Medical Center (Lifelinfe Hosp.) - Muscat,OMAN,Clinic,,"P.C. No. 133, Near Lulu HyperMarket, Darsait, Muscat, Oman",0096824784780
MB Holding Clinic - Oman,OMAN,Clinic,,"P.C 114 , MUTTRAH",0096824580170
Magrabi Eye & Ear Centre - Oman,OMAN,Clinic,,"PC 112, Muscat, Sultante of Oman",0096824568870
MaxCare Medical Center - Oman,OMAN,Clinic,,"Muscat, Sultanate of Oman",0096824788444
Middle East Polyclinic- Oman,OMAN,Clinic,,"P.C:112, Muscat, Sultanate Of Oman
",0096824495700
Modern Al Salama Polyclinic - Oman,OMAN,Clinic,,"Al Khair Street, Mobelah, Muscat, Sultanate of Oman",0096824451726
Muscat Central Healthcare (NMC Seep) - Oman,OMAN,Clinic,,"NMC Medical Centre , Al Seeb, Way 3441, Building 3164, Al Seeb, Muscat, Oman",0096824423894
Naif Medical Complex LLC - Oman,OMAN,Clinic,,"Al Salam St
Salalah 211",0096823299466
Oman Al Khair Hospital LLC,OMAN,Clinic,,"P. O. Box: 400, PC: 511
Ibri Sultanate of Oman",0096825688075
Rusayl Health Centre - Oman,OMAN,Clinic,,"P.O. Box:18, Potsal Code: 124
Rusyal Industrial Estate,",009684446151
Sagar Polyclinic LLC - Muscat,OMAN,Clinic,,"PB - 889, PC - 100
Al- Khuwair Area, Muscat, Oman

",0096824393600
Scientific Polyclinic - Oman,OMAN,Clinic,,"NEAR POLICE STATION, FLOOR # 2, FLAT # 3",0096824605060
Sultan Medical Center (Health 4 All) - Oman,OMAN,Clinic,,"P.O Box 1040  PC . 112 
Al Khuwair - Sultante of Oman ",0096824486005
Sun Dental Center - Oman,OMAN,Clinic,,"Before Burjeel Hospital, Al Khuwair NExt to McDonalds, Shell Station,  Muscat, Oman",96824391651
The Blue Medical Centre - Oman,OMAN,Clinic,,"P.O. Box: 215 PC: 101, Muscat, Oman",0096824553330
Welcare Diagnostic & Treatment Centre - Oman,OMAN,Clinic,,"Muscat
",0096824477666
Abeer Hospital - Oman,OMAN,Hospital,,"Al Qareen Street, Ruwi Sultanate of Oman",0096898974634
Al Raffah Hospital Al Ghubrah - Oman (Aster),OMAN,Hospital,,"PC 133, Al Ghubrah, Muscat, Sultanate of Oman",0096824618972
Al Raffah Hospital Sohar- Oman (Aster) ,OMAN,Hospital,,"P.O. Box: 496, Near Lulu R/A Al Humbar Street, Sohar",0096826704639
Apollo Medical Centre - Muscat,OMAN,Hospital,,"Al Hamriya, Sultanate of Oman, P. C: 131
",009682478766
Badr Al Samaa Hospital (Al Khoud) Oman,OMAN,Hospital,,"Postal Code 112, Near Al Khoud Roundabout, Oman",0096824546099
Badr Al Samaa Hospital (Barka) Oman,OMAN,Hospital,,"Postal Code: 320, Barka, Sultanate of Oman",0096826884910
Badr Al Samaa Hospital (Nizwa) Oman,OMAN,Hospital,,"Postal Code: 112, Opposite Lulu Hypermarket, Nizwa, Sultanate of Oman",0096825447777
Badr Al Samaa Hospital (Ruwi) - Oman,OMAN,Hospital,,"Postal Code: 112, Near Sultan Qaboos Mosque, Ruwi, Sultanate of Oman",0096824799760
Badr Al Samaa Private Hospital - Salalah,OMAN,Hospital,,"Al Salam Road - Salalah Postal Code - 211, Sultanate of Oman",0096823293997
Burjeel Hospital - Oman,OMAN,Hospital,,"Near Muscat  Holiday Inn & Oman Club, AL Khuwair Muscat",0096824399777
Gulf Specialized Hospital - Oman,OMAN,Hospital,,"Ground Floor, Maktabi Buildiung, Al Wattayah, Muscat, Oman",0096822081700
KIMS Oman Hospital - Oman,OMAN,Hospital,,"Darsait, Muscat  Sultanate of Oman",0096824760266
LifeLine Hospital - Salalah - Oman,OMAN,Hospital,,"P.C. 211, Salalah, Sultanate of Oman 
",0096823212340
LifeLine Hospital - Sohar - Oman,OMAN,Hospital,,"P.C 322 Sohar, Sultanate of Oman",0096826753084
Muscat Private Hospital - Oman,OMAN,Hospital,,"Al Khuwair, P.C.133 Oman",0096824583600
NMC SPECIALTY HOSPITAL – AL HAIL - OMAN,OMAN,Hospital,,"BUILDING NO 812, BLOCK NO 316, AL HAIL NORTH, OPP CHINA CENTRE, NR LIGHT HOUSE, OMAN",96824269222
NMC Specialty Hospital (Ghubrah) - Oman,OMAN,Hospital,,"S. Al Ghoubra, Bowsher, Governorate of Muscat, Sultanate of Oman.",0096824502536
NMC Specialty Hospital (Ruwi) - Oman,OMAN,Hospital,,"Near Sheraton Hotel, MBD East, Ruwi, Sultanate of Oman
Ms. Surya Ranjith  Mob: 00968 9 321 6441",0096824811706
StarCare Hospital - Oman,OMAN,Hospital,,"P.O. Box: 198
101 Al Seeb
Muscat, Sultanate of Oman",0097224557227
Sur Private Hospital - Oman,OMAN,Hospital,,"P. O. Box; 400, P. C. 411
Sur, Sultanate of Oman",0096825545888
YATEEM OPTICIAN (BARKA) OMAN,OMAN,Optical Center,,"GRAND CENTRE
BARKA
",09626981049
YATEEM OPTICIAN (GHOBRAH-AVENUES MALL) OMAN,OMAN,Optical Center,,"AVENUES MALL
GHOBRAH
",09624505800
YATEEM OPTICIAN (GHOBRAH-GRAND MALL) OMAN,OMAN,Optical Center,,"GRAND MALL
GHOBRAH
",09622008855
YATEEM OPTICIAN (QURUM) OMAN,OMAN,Optical Center,,"AL ARAIMI COMPLEX
QURUM
",009624560133
YATEEM OPTICIAN-MAWALAH (SEEB) OMAN,OMAN,Optical Center,,"SEEB CITY CENTRE
MAWALAH-SEEB
",09624558208
Al Hashar Pharmacy - Al Khuwair Branch - Oman,OMAN,Pharmacy,,"Next to Oman Modern Bakery
",0096824480838
Al Hashar Pharmacy - Azaiba Branch - Oman,OMAN,Pharmacy,,"Al Rezaigi Bldg. Near Oman International Bank
",0096824595015
Al Hashar Pharmacy - Muttrah Branch - Oman,OMAN,Pharmacy,,Near Taxi Stand,0096824714687
Al Hashar Pharmacy - Qurum Branch - Oman,OMAN,Pharmacy,,"Opp. National Bank of Oman
",0096824565789
Al Hashar Pharmacy - Ruwi Branch - Oman,OMAN,Pharmacy,,"Ruwi High Street
",0096824833115
Al Hashar Pharmacy - Salalah Branch - Oman,OMAN,Pharmacy,,"As Salam Street, Salalah Souk
",0096823297622
Al Hashar Pharmacy - Wadi Kabir Branch - Oman,OMAN,Pharmacy,,"Opp. Rawasco Super Market
",0096824816471
Al Maha Pharmacy - Oman,OMAN,Pharmacy,,"Azaiba
",0096824491803
Al Sawaqam Pharmacy - Oman,OMAN,Pharmacy,,"Wadi Kabir High Street , No.99
",0096824814359
Capital Pharmacy - Al Hail Branch - Oman,OMAN,Pharmacy,,"Next to Al Khamis Shoes
",0096824543513
Capital Pharmacy - Mabellah Branch - Oman,OMAN,Pharmacy,,"Near Bank Muscat
",0096824456760
Scientific Pharmacy - Al Ghoubra Branch - Oman,OMAN,Pharmacy,,"Near Ghoubra Roundabout
",0096824496546
Scientific Pharmacy - Al Khoud Branch - Oman,OMAN,Pharmacy,,"Near Zuriaq textile, Al Khoud Main Street
",0096824537127
Scientific Pharmacy - Al Khuwair - 1 Branch - Oman,OMAN,Pharmacy,,"Near rawasko Supermarket, Near Pizza Hut
",0096824480230
Scientific Pharmacy - Al Khuwair - 33 Branch - Oman ,OMAN,Pharmacy,,"Opposite Said Thaimur Mosqur Near Pizza Hut
",00968244680679
Scientific Pharmacy - Al Seeb Branch - Oman,OMAN,Pharmacy,,"Opposite Police Station
",0096824423684
Scientific Pharmacy - Azaiba Branch - Oman,OMAN,Pharmacy,,"Opposite Rawasko Supermarket
",0096824496436
Scientific Pharmacy - Barka Branch - Oman,OMAN,Pharmacy,,"After Safeer Supermarket
",0096826883673
Scientific Pharmacy - Buraimi Pharmacy - Oman,OMAN,Pharmacy,,"Opposite Toyota Showroom
",0096825655160
Scientific Pharmacy - Ma'abela Branch - Oman,OMAN,Pharmacy,,"Near Mosque (Souk Area )
",0096824451195
Scientific Pharmacy - Oman,OMAN,Pharmacy,,"P.O.Box: 65, P.C. 118, Oman
Villa No. 764, W,Y, No 2114 Madinat Sultan Qaboos ",0096824605060
Scientific Pharmacy - Qurum Branch - Oman,OMAN,Pharmacy,,"Near Qurum Roundabout, Next to Oman Int'l Bank
",0096824566601
Scientific Pharmacy - Ruwi Branch - Oman,OMAN,Pharmacy,,"Ruwi High Street, Opposite Police Station
",0096824702850
Scientific Pharmacy - Saham Branch - Oman,OMAN,Pharmacy,,"Near Muscat Bakery
",0096826854302
Scientific Pharmacy - Salalah Branch - Oman,OMAN,Pharmacy,,"Near Al Mashoor Supermarket
",0096823298095
Scientific Pharmacy - Sohar - 1 Branch - Oman,OMAN,Pharmacy,,"Near Al Jadeed Store
",0096826841174
Scientific Pharmacy - Sohar - 2 Branch - Oman,OMAN,Pharmacy,,"Salah Area, Ooposite Shell Petrol Pump
",0096826845798
Scientific Pharmacy - Wadi Hatat Branch - Oman,OMAN,Pharmacy,,"Opposite Hayyat Restaurant
",0096824877751
Scientific Pharmacy - Wadi Kabir Branch - Oman,OMAN,Pharmacy,,"Naseeb Hotel Appt.
",0096824810868
AL ABEER MEDICAL CENTER - QATAR,QATAR,Clinic,,"HEALTH SPRING WORLD CLINIC #13, ZONE 56, STREET 469, MESAIMEER STREET, ABUHAMOUR, DOHA",910000000000
AL HILAL PREMIUM NASEEM AL RABEEH,QATAR,Clinic,,"D RING ROAD, ALNUAIJA, QATAR",0097466224081
AL MALAKIYA CLINICS (SALWA RD) QATAR,QATAR,Clinic,,"SALWA ROAD, QATAR",97444440116
AL SAFA MEDICAL POLYCLINIC (AL KHOR) QATAR,QATAR,Clinic,,"Al Safa Medical Polyclinic - Alkhor, 668
",97440296283
AL WEHDA MEDICAL CENTER -ABU HAMOUR BRANCH ,QATAR,Clinic,,"ZONE256, STREET 470, BUILDING 1
",97444160053
AL WEHDA MEDICAL CENTER -AL WAAB,QATAR,Clinic,,"ZONE55,  AL AZIZIYA STREET 364, BUILDING 801
",97444160053
AL WEHDA MEDICAL CENTER -DUHAIL BRANCH,QATAR,Clinic,,"ZONE30, STREET 850, BUILDING 263
",97444621132
AL WEHDA MEDICAL CENTER -RYAN,QATAR,Clinic,,"ZONE53, STREET 990, BUILDING 16
",97444626443
Al Azizia Medical Center (Al Kharittiyat Branch) Qatar,QATAR,Clinic,,"Al Khrittiyat Opp. to QNB Bank, Qatar",0097444935315
Al Aziziya Medical Centre (Salwa) Qatar,QATAR,Clinic,,"Doha, Qatar
Salwa Road, Beside Qatar Islamic Bank,  Tibah Complex ",0097444692425
Al Borg Laboratory - Qatar,QATAR,Clinic,,"P.O. box: 5207
Doha, Qatar",0097444472224
Al Esraa Medical Center - Qatar,QATAR,Clinic,,"Al Garafa, P.O.Box: 23632, Doha- Qatar ",0097444989811
Al Esraa Polyclinic - Qatar,QATAR,Clinic,,"Al Markhiya, P.O.Box: 23632, Doha- Qatar ",0097440377991
Al Hayat Medical Center - Branch - Qatar,QATAR,Clinic,,Doha Qatar,0097444297202
Al Hayat Medical Center - Qatar,QATAR,Clinic,,"Zone 54 Street 364, Building 361, Al Waab, Doha Qatar",97444297202
Al Mansoor Polyclinic - Qatar,QATAR,Clinic,,"Doha, Qatar",0097444883377
Al Qasi Medical Center - Qatar,QATAR,Clinic,,"B 57/ Z32, 980, Qatar",97444366023
Al Rabeeh Dental Center (Al Monthazah Branch) Qatar,QATAR,Clinic,,"Zone 24, Rawdat Alkhail, 840 St. Building No. 21, Al Monthazah Branch, Qatar",0097444652121
Al Safa Medical Polyclinic - Qatar,QATAR,Clinic,,"Al Kinana Street, Al Nasr, Doha, Qatar",0097444322448
Al Shefa Polyclinic - Qatar,QATAR,Clinic,,"P.O.Box: 6190
Doha,
Qatar",0097444660330
Al Tai Medical Center - Qatar,QATAR,Clinic,,"Al Naser area Ground Floor, Al Kinana Street, Qatar",97444916666
Al-Hekma Medical Complex - Qatar,QATAR,Clinic,,"Bldg 206, 790 St. G Floor, 53 Al Rayyan, Near to Saudi Hyper market Muaither, Qatar",97450686072
Allevia Medical Center (Al Gharafa) Qatar,QATAR,Clinic,,"ZONE:51,AL GHARFA STREET:705, AL GHARAFA, QATAR",97444970999
Allevia Medical Center (Wukair) Qatar,QATAR,Clinic,,"Zone 91, Al Wukair Street 212, Near Grand Hypermarket, Qatar",97444412999
Apollo Polyclinic - Qatar,QATAR,Clinic,,"Al Masoura, P.O.Box: 23656, Doha- Qatar ",0097444418441
Asian Medical Center WLL - Qatar,QATAR,Clinic,,"Building No-4, st No- 556, Majilis Al Taawon street, Zone 90 - Al Wakra, Qatar",97444275666
Aster Medical Cen.-Al Rafa Polyclinic-Industrial A,QATAR,Clinic,,"P.O. BOx: 24450
Opp. BMW Service Centre, Qatar Airways Bldg Industrial Area
Doha, Qatar",0097444604448
Aster Medical Centre - Al Rafa Polyclinic- Ghanim,QATAR,Clinic,,"P.O.Box: 24450
Opp. Home Centre, Musherib Street, Doha, Qatar
",0097444440499
Aster Medical Centre -Al Rafa Polyclinic - Al Khor,QATAR,Clinic,,"P.O. Box: 24450
Opp. McDonalds, Near Lulu Al Khor Mall, Al Khor
Mr. Mithun",0097444214338
Aster Medical Centre Plus - Al Rafa - Muntazah,QATAR,Clinic,,"P.O. Box: 24450
Near. Ministry Of Labour, Munthaza, C Ring Road
Doha, Qatar
Mr. Mithun",0097440219777
Aster Medical Centre Plus - Medcare Clinic - Hilal,QATAR,Clinic,,"P.O. Box: 24450
Near Woqood Petrol Station, Al Hilal
Doha, Qatar
Mr. Mithun",0097444550731
Aster Medical Centre Plus - Wellcare Clinic- Rayan,QATAR,Clinic,,"PO Box: 24450
Near Shafi Masjid, Al Rayyan
Doha, Qatar",0097444821152
Atlas Medical Center - Qatar,QATAR,Clinic,,"Barwa Village, P.O.Box: 23632, Doha- Qatar ",97444153222
BRITISH INTERNATIONAL DENTAL CENTRE - ALWAAB BRANCH - QATAR,QATAR,Clinic,,"BUILDING NO. 4/FIRST FLOOR, ZONE 55, 180 STREET AL AZIZIYA  AREA, QATAR
",0097444606058
BRITISH INTERNATIONAL DENTAL CENTRE - WESTBAY BRANCH - QATAR,QATAR,Clinic,,"SALAM TOWER ,10TH FLOOR CORNICHE STREET

",0097444117755
Boston Medical Care – Alwaab,QATAR,Clinic,,"99, 364 St, ALWAAB, Qatar
",97444438327
Boston Medical Care – Hilal,QATAR,Clinic,,"Bldg 1 Zone 44 Street 813, Qatar",97444438322
Boston Medical Care – Khalifa,QATAR,Clinic,,"Bldg 182 Zone 34 Street 252, February 22nd
Street, Doha, Qatar
",97444438381
Boston Medical Care – Messila,QATAR,Clinic,,"Bldg 160 Zone 36 Street 252, Al Amir Street, Al
Messila, Qatar
",97444438332
Dr. Sameer Kalandan Clinic - Qatar,QATAR,Clinic,,"Mezzanine Floor, Al Ghadeer Street No:850,  Behind Hotel Amari, Beside Panasonic,  Qtel / Kahramaa Signal, Mushaireb Area, Doha, State of Qatar
",0097444428222
Dr.Mohamad Amine Zbeib Polyclinic & Pharmacy Qatar,QATAR,Clinic,,"Al Ma'amoura Area, Jablah Bin Malik St",97444685444
Family Dental Clinic - Qatar,QATAR,Clinic,,C- Rind Road - Salatha Jadeed,0097444666227
Family Medical Clinics - Qatar,QATAR,Clinic,,"11 Haloul Street, West of Haloul Round About, Dar Al Salam Mall, Doha State of Qatar",0097444514559
Focus Medical Centre - Qatar,QATAR,Clinic,,"Najma Street, B/W Gulf Cinema & Mall Signal, Al Hilal, Doha Qatar",0097444654788
Future Dental Center - Qatar,QATAR,Clinic,,"Al Waab, P.O.Box: 23632, Doha- Qatar ",0097444580800
Future Medical Center - Qatar,QATAR,Clinic,,"Al Waab, P.O.Box: 23632, Doha- Qatar ",0097444510051
GOLDEN MEDICAL CENTER – AL HILAL BRANCH,QATAR,Clinic,,"ZONE41, STREET 870, BUILDING 75
",97444671118
Gulf Dental Centre - Qatar,QATAR,Clinic,,"Doha, Al Mattar P.O Box 22258 email: hilal@gulfdental.org; gulfdentalcenter@yahoo.com",0097444670701
Gulf Laboratories & X-Ray Center - Qatar,QATAR,Clinic,,"P.O Box 7613 Doha Qatar  
40 Alkinana Street - Al Mirqab ( Alnasr ) ",009744420900
Harvard Consultant Center - Qatar,QATAR,Clinic,,"Zone 53, Area 898, aljawshan Street, Muaither North, New Al Rayyan, Qatar",0097444113922
Icon Medical Center - Qatar,QATAR,Clinic,,"THE, BUINESS PARK, BUILDING ( C ), AL MATAR STREET, AL NAJMA, QATAR
",0097440191200
KIMS Qatar Medical Centre - Qatar,QATAR,Clinic,,"Abdulrahman Bin Jassim Al Thani Street,Doha, Qatar  P.O Box:82125  Tel No: 0097440207100",009744631864
Kims Qatar Medical Center - Barwa City - Qatar,QATAR,Clinic,," Street 1129, Building No 13, Zone 56, Street 1129, East Commercial, Barwa City, Mesaimeer, State of Qatar",97444513824
Lebanese Qatary Specialty Dental Complex,QATAR,Clinic,,Old Airport ? Street Ahmed Bin Hanbal - Doha P. O Box 22638,009744869933
"Magrabi Center for Eye, ENT and Dental - Qatar",QATAR,Clinic,,QATAR,0097444238888
Naseem Al Rabeeh Medical Center (C-Ring Rd Branch) Qatar,QATAR,Clinic,,"Zone 26, Najma 230 Street, Building No 188, C-Ring Road Branch, Qatar",0097444652121
Naseem Al Rabeeh Medical Centre (Doha Al Rayan Branch) Qatar,QATAR,Clinic,,"Zone 53, New Al Rayyan, 405 Street, Bldg. No. 50, Qatar",0097444652121
Naseem Al Rabeeh Medical Centre- Qatar,QATAR,Clinic,,"D Ring Road, Hilal, Doha PO BOX 22368 ",0097444652121
New Al Rabeeh Dental Centre (Aziziya Branch) Qatar,QATAR,Clinic,,"Zone 55, Al Aziziya, 75 Street, Building No. 76, Qatar",0097444652121
New Naseem Al Rabeeh Medical Centre (Al Wakra Branch) Qatar,QATAR,Clinic,,"Zone 90, Alwakraa, 670 St. Building No. 53, Qatar",0097444652121
PREMIUM NASEEM AL RABEEH- ABU HAMOUR,QATAR,Clinic,,"Abu Hamour Opposite Al Arqam Academy, Haloul Street, Abu Hamour, Doha, Qatar",0097466224081
Parco Healthcare - Qatar,QATAR,Clinic,,"Parco Healthcare Bldg. Ground Floor, Amr Bin Alas Street 2, Madhinath Khalifa South, Khalifa Seconday School, Qatar",0097444366767
Planet Medical Center - Qatar,QATAR,Clinic,,"24 Al Waeb St. Beverly Hills Compound, Opposite Khalifa Stadium, Qatar",97444441128
Qatar Medical Centre - Qatar,QATAR,Clinic,,"Ins. Coord. Ms. Haseena

P.O.Box: 6904

Salwa Road, Near MIDMAC flyover, 

Doha, Qatar",0097444440606
REEM MEDICAL CENTER,QATAR,Clinic,,"OLD AL GHANEM -DOHA
",0097444448112
REYADA MEDICAL CENTRE (NEW SLETA) QATAR,QATAR,Clinic,,"BUILDING NO 297 NEW SLATA
",97444457777
Sac Polyclinic - Qatar Mall,QATAR,Clinic,,"Dukhan Highway, Al Rayyan, Mall of Qatar",0097440197888
Syrian American Medical Center - Qatar,QATAR,Clinic,,"Bldg. No. 147, Al Luqta Area, Doha, Qatar",0097440191919
The Apollo Clinic (Doha Healthcare) - Qatar,QATAR,Clinic,,P.O.Box: 23656,4418441
West Bay Medicare - Qatar,QATAR,Clinic,,"THE GATE MALL, MAYSALOUN STREET, QATAR",97440206336
MICRO HEALTH LABORATORIES (AL MAMMORA) QATAR,QATAR,Diagnostics,,"SAAD BIN ABI WAQQAS, AL MAMMORA, BUILDING # 22, ZONE # 43, STREET# 750, QATAR",97444697169
Al Emadi Hospital - Qatar,QATAR,Hospital,,"P.O.Box: 5804
Hilal West
Doha, Qatar",0097444666009
American Hospital - Qatar,QATAR,Hospital,,P.O.Box: 22314,0097444421999
Doha Clinic Hospital - Qatar,QATAR,Hospital,,Al-Margab Street - Doha - Qatar PO Box 9958  ,0097444380168
Dr. Moopen's Aster Hospital- Qatar,QATAR,Hospital,,"Mathar Qadeem, D' Ring Road, Doha",0097440311998
Queen Hospital - Qatar,QATAR,Hospital,,"Villagio Mall, Doha, Qatar",0097444190875
Turkish Hospital,QATAR,Hospital,,"New Salata 21377, C Ring Rd, Doha, Qatar",97444992444
Yateem Optician (Al Khor) QATAR,QATAR,Optical Center,,"Outlet No: 58, Al Khor Mall, Al Khor, Qatar
",97444727646
Yateem Optician (Al Mirqab) QATAR,QATAR,Optical Center,,"Unit No: M-50, Al Mirqab Mall, Al Mirqab Al Jadeed St, Doha
",97444131115
Yateem Optician (Al Naser) QATAR,QATAR,Optical Center,,"Frij Al Naser, Al Mirqab Al Jadeed Street, Al Nasr, Doha
",97444323009
Yateem Optician (Al Shafi) QATAR,QATAR,Optical Center,,"Al Shafi St. (Near Shafiya Masjid), Al Rayyan
",97444121179
Yateem Optician (Al Wakrah) QATAR,QATAR,Optical Center,,"Shop No: 1B Al Muftah Bldg, Al Wakrah Rd, Al Wakrah
",97444645296
Yateem Optician (Doha City Center) QATAR,QATAR,Optical Center,,"Unit No : M039, City Center, Doha City Center 4th Street
",97444838572
Yateem Optician (Doha Festival City) QATAR,QATAR,Optical Center,,"Unit No: GW-049, Doha Festival City, Umm Salal Mohamed
",97444887266
Yateem Optician (Katara) QATAR,QATAR,Optical Center,,"21 High St., Katara, 75 Doha, Qatar
",97444887266
Yateem Optician (Lagoon ST) QATAR,QATAR,Optical Center,,"Unit No: GFD-12, Lagoona Mall, 66 West Bay Lagoon Street, Doha
",97444124380
Yateem Optician (Msheireb Down Town) QATAR,QATAR,Optical Center,,"Msheireb Down Town unit no. H09-GF-3056
",97444131363
AL MALAKIYA CLINICS - PHARMACY (SALWA RD) QATAR,QATAR,Pharmacy,,"SALWAR ROAD, QATAR",97444440116
AL SAFA MEDICAL POLYCLINIC PHARMACY (AL KHOR) QATAR,QATAR,Pharmacy,,"Al Safa Medical Polyclinic - Alkhor, 688
",97440296283
AL SAFA MEDICAL POLYCLINIC PHARMACY (NEW ALMIRQAB) QATAR,QATAR,Pharmacy,,"Al Safa Medical Polyclinic - DOHA, 951",97444428701
AL Shafi Pharmacy  - Qatar,QATAR,Pharmacy,,"New Al Rayan Zone 53 , Street 989 , Bulding No 95",0097444365339
Abo Hamoor Pharmacy - Qatar,QATAR,Pharmacy,,"Bu Hamour   Zone 56 , Street 990 , Bulding No 337",0097444642890
Al Afifa Pharmacy - Qatar,QATAR,Pharmacy,,"Fariq Sudan
",0097444439593
Al Aynanyn Pharmacy - Qatar,QATAR,Pharmacy,,,0097444630893
Al Aynayn Pharmacy - Qatar,QATAR,Pharmacy,,"Doha
P. O. Box: 82125",009744631867
Al Azizia Pharmacy - Qatar,QATAR,Pharmacy,,"Al Aziziya Zone 55, Street 340, Building No. 378, Qatar",0097444693594
Al Aziziya Pharmacy - Qatar,QATAR,Pharmacy,,,0097444690810
Al Aziziya Pharmacy Group - Qatar,QATAR,Pharmacy,,"Al Fateh Medical Company, Doha, Qatar",009744812180
Al Bashaer Pharmacy - Qatar,QATAR,Pharmacy,,"Messameer Abou Hammour
",0097444698420
Al Bayrooni Pharmacy - Qatar,QATAR,Pharmacy,,,0097444788093
Al Duhail Pharmacy - Qatar,QATAR,Pharmacy,,"Al Duhail  Zone 30 , Street 253 , Bulding No 460",0097440294147
Al Eman Pharmacy - Qatar,QATAR,Pharmacy,,"Al Laqtta Souq Al Ali
",0097444862697
Al Farah Pharmacy - Qatar,QATAR,Pharmacy,,"Moeither Commercial Street
",0097444816989
Al Fateh Pharmacy,QATAR,Pharmacy,,"Al Aziziya Commercial Street
",0097444475216
Al Fateh Pharmacy - Qatar,QATAR,Pharmacy,,"Al Aziziya Zone 55, Street 185, Building No. 35, Qatar",0097444476190
Al Kawther Pharmacy (Fahad) - Qatar,QATAR,Pharmacy,,"FAhad Abdullah Centre
",0097444688228
Al Kawther Pharmacy (Hilal) - Qatar,QATAR,Pharmacy,,"Al Hilal Al Muntaza street
",0097444659356
Al Kawther Pharmacy (New Rayyan) - Qatar,QATAR,Pharmacy,,"New Rayyan
",0097444662560
Al Kawther Pharmacy - Qatar,QATAR,Pharmacy,,"New Rayyan Doha Qatar
Dr. Hamid - Mob. No. : 00974 55551480",0097444662560
Al Merqab Pharmacy,QATAR,Pharmacy,,"New Al Nasser Street
",0097444416406
Al Merqab Pharmacy - Qatar,QATAR,Pharmacy,,"New Al Merqab Zone 39 , Street 840 , Bulding No 12",0097444416406
Al Nasser Pharmacy - Qatar,QATAR,Pharmacy,,"Al Nasser Pharmacy
P.O.Box: 9958
Doha, Qatar
Al Nasr St . Dr. Mohamed Nouh ",009744984624
Al Noor Pharmacy - Qatar,QATAR,Pharmacy,,"Muaither South Zone 55, Street 280, Building No. 416, Qatar",0097444162769
Al Qalaa Pharmacy - Qatar,QATAR,Pharmacy,,"Al Qalaa R/A
",0097444580945
Al Rafa Pharmacy - Qatar,QATAR,Pharmacy,,"Doha
",0097444439525
Al Rayyan Pharmacy,QATAR,Pharmacy,,"Al Shafi Street
",0097444805789
Al Rayyan Pharmacy - Qatar,QATAR,Pharmacy,,"New Al Rayan Zone 53 , Street 989 , Bulding No 989",0097444805789
Al Sailiya Pharmacy  - Qatar,QATAR,Pharmacy,," Al Sailiya Zone 55 , Street 333 , Bulding No 333",0097444781932
Al Salaam Pharmacy - Qatar,QATAR,Pharmacy,,"Midmac Fly Over
",0097444664577
Al Yamama Pharmacy - Qatar,QATAR,Pharmacy,,"New Rayyan Area
",0097444810551
Allevia Pharmacy - Qatar,QATAR,Pharmacy,,"Zone 51, Street 780, Near Passport Office, Al Gharafa, Qatar",97444970999
Ameerah Pharmacy - Qatar,QATAR,Pharmacy,,"Montazah, Hateen street
",0097444327228
Arafa Airport Pharmacy - Qatar,QATAR,Pharmacy,,"Old Airport Road
",0097444671300
Arafa Pharmacy - Qatar,QATAR,Pharmacy,,"Airport Road Near Qatar Airways Bldg
",0097444622334
Aster Pharmacy - Wellcare Pharmacy (DM Group) - Qatar,QATAR,Pharmacy,,"Near Shafi Masjid, Al Rayyan, Doha, Qatar
",0097444821152
Bail Al Hikma Pharmacy - Qatar,QATAR,Pharmacy,,"Abdul Azeez St. Near Softel
",0097444367926
Dr. Bahia Albaker Pharmacy - Qatar,QATAR,Pharmacy,,"P. O. Box: 3369, Doha
",0097444430800
Dr. Mohamad Amine Zbeib Pharmacy - Qatar,QATAR,Pharmacy,,"P. O. Box: 47657, Doha
",0097444684470
Duhail Pharmacy - Qatar,QATAR,Pharmacy,,"Duhail Trading Centre, Duhail
",0097444120126
Ebn Al Nafees Pharmacy - Qatar,QATAR,Pharmacy,,"New Al Rayan Zone 53, Street 280, Building No. 242, Qatar",0097444800715
Ebn Nafees Pharmacy - Qatar,QATAR,Pharmacy,,"Morither , Beside Doha Bank
",0097444800715
Future Pharmacy - Qatar,QATAR,Pharmacy,,"Al Waab Opp Villaggio Mall
",0097444509077
Grand Pharmacy - Qatar,QATAR,Pharmacy,,"Khartiyat Inside Grand Hypermarket
",0097444620901
Gulf Dental Centre Pharmacy - Qatar,QATAR,Pharmacy,,"Hilal Muntaza Street
",0097444670701
Hayat Pharmacy - Qatar,QATAR,Pharmacy,,"Najma - near cinema signal
",0097444350191
Hijra Pharmacy - Qatar,QATAR,Pharmacy,,"University Petrol Stn, Dafna
",0097444833006
Ibn Al Haytham Pharmacy - Qatar,QATAR,Pharmacy,,"P.O. Box: 9958
Al  Nasar St
Doha Qatar",0097444384261
International Medical Co. Group - Qatar,QATAR,Pharmacy,,"P.O.Box: 14279
Doha, Qatar",0097444432765
Khalid Pharmacy - Qatar,QATAR,Pharmacy,,"Al Wakra  -  Main Road
",0097444643892
Khlood Pharmacy - Qatar,QATAR,Pharmacy,,"Markhia  -  near Burger King
",0097444876810
Magrabi Kulud Pharmacy (IMC Group) - Qatar,QATAR,Pharmacy,,"D-Ring Road near Near Doha Airport
",0097444238888
Maither Pharmacy - Qatar,QATAR,Pharmacy,,"Maither Inside Wathanan Mall
",0097444620901
Makkah Pharmacy - Qatar,QATAR,Pharmacy,,"Bin Mahmoud Street
",0097444130559
Meeqat Pharmacy - Qatar,QATAR,Pharmacy,,"New Warqa
",0097444640552
Mina Pharmacy - Qatar,QATAR,Pharmacy,,"Al Nayyef Petrol Stn, New Rayyan
",0097444810922
Muntazah Pharmacy - Qatar,QATAR,Pharmacy,,"Rawdat Al Khail Zone 24 , Street 330 , Bulding No 62",0097444317297
Nassem Al Rabeeh Pharmacy - Qatar,QATAR,Pharmacy,,"D Ring Rd, Near Tadamon Petrol Station
",0097444652121
New Fateh Pharmacy - Qatar,QATAR,Pharmacy,,"Al Aziziya Zone 55, Street 185, Building No. 24, Qatar",97444500101
QDC Pharmacy - Qatar,QATAR,Pharmacy,,"Al Nasser
",0097444328852
Rawdha Pharmacy - Qatar,QATAR,Pharmacy,,"Al Asmakh Mall, Centre Point, Al Saad
",0097444324436
Salsabil Pharmacy - Qatar,QATAR,Pharmacy,,"Barwa Housing Complex, Messaimer
",0097444620901
Shefa Al Khartyat Pharmacy - Qatar,QATAR,Pharmacy,,"Umm Slal ali Zone 71, Street 445, Building No. 71, Qatar",97444114412
Shefa Al Rayyan  Pharmacy - Qatar,QATAR,Pharmacy,,"New Al Rayan Zone 53 , Street 350 , Bulding No 435",0097444114938
Shefa Al Riyam Pharmacy - Qatar,QATAR,Pharmacy,,"P. O. Box: 91074 Doha
",0097444114412
Shefa Khirityat Pharmacy - Qatar,QATAR,Pharmacy,,"P. O. Box: 91074 Doha
",0097444114412
Shefa Maiether  Pharmacy - Qatar,QATAR,Pharmacy,,"New Al Rayan Zone 53 , Street 355 , Bulding No 53",0097444365339
Shefa Pharmacy - Qatar,QATAR,Pharmacy,,"P. O. Box: 91074 Doha
",0097444812180
Tylos Al Kayyali Clinic Pharmacy - Qatar,QATAR,Pharmacy,,"Bin Omran
",0097444881020
Tylos Al Shefa Pharmacy - Qatar,QATAR,Pharmacy,,"D-Ring
",0097444089829
Tylos Dasman Pharmacy - Qatar,QATAR,Pharmacy,,"Dasman Airport
",0097444424083
Tylos Downtown Pharmacy - Qatar,QATAR,Pharmacy,,"Swiss Bell Hotel
",0097444351190
Tylos Duhail Pharmacy - Qatar,QATAR,Pharmacy,,"Duhail Complex
",0097444786704
Tylos Garden Station Pharmacy - Qatar,QATAR,Pharmacy,,"Garden Petrol Station
",0097444687158
Tylos Hayat Plaza Pharmacy - Qatar,QATAR,Pharmacy,,"Hayat Plaza Pharmacy
",0097444697703
Tylos Landmark Pharmacy - Qatar,QATAR,Pharmacy,,"Landmark Pharmacy
",0097444866599
Tylos Messaied Pharmacy - Qatar,QATAR,Pharmacy,,"Messaied
",0097466984343
Tylos Midway Pharmacy - Qatar,QATAR,Pharmacy,,"Maidhar
",0097444805037
Tylos Station Pharmacy - Qatar,QATAR,Pharmacy,,"Auto Mart Petrol Station Gharafa
",0097444791427
Um Qarn Pharmacy - Qatar,QATAR,Pharmacy,,"Um Qarn, Zone 70, Street 228, Building No. 87, Qatar",0097444821898
Well Care Pharmacy Group (Duheil Complex ) ,QATAR,Pharmacy,,"P.O. Box:60600
4th Floor, Prestige Restaurant Near Qatar Airways Bldg
Airport Road
Doha",0097444620901
Zero One Mall Pharmacy - Qatar,QATAR,Pharmacy,,"Ain Khaild  Zone 56 , Street 560 , Zero One Mall",0097440178346
A I C MEDICAL CENTER - SOLE PROPRIETORSHIP LLC (AL MAFRAQ) ABU DHBAI,ABU DHABI,Clinic,,"CWRC- Al Rayan  – Al Mafraq Workers City
",097125463531
A L D MEDICAL CLINIC - SOLE PROPRIETORSHIP LLC (HAMEEM WORKER CITY) ABU DHABI,ABU DHABI,Clinic,,"Dhabi Hameem Camp- Hameem Worker City
",097125533172
A M C MEDICAL CLINIC - SOLE PROPRIETORSHIP LLC (HAMEEM WORKER CITY) ABU DHABI,ABU DHABI,Clinic,,"CCC HAMEEM CAMP-Hameem Worker City
",097125463531
A M H MEDICAL CLINIC - SOLE PROPRIETORSHIP LLC (AL MAFRAQ) ABU DHABI),ABU DHABI,Clinic,,"Village inn 2- Al Mafraq Workers City
",091725519457
ABU DHABI STEM CELLES CENTER (AL MISAHAH ST) ABU DHABI,ABU DHABI,Clinic,,"AL MISAHAH STREET, VILLA NO. 25, AL MISAHAH STREET, ROWDHAT, ABU DHABI",97122086000
ADAM & EVE SPECIALIZED MEDICAL CENTRE (KARAMA ST) ABU DHABI,ABU DHABI,Clinic,,"VILLA NO # 209, NEAR SHEIKH KHALIFA MEDICAL CITY,AL KARAMAH STREET, ABU DHABI",97126219996
ADCO Medical Centre - Abu Dhabi,ABU DHABI,Clinic,,"Adco Medical Centre, Near Adco Operations,Al Khalidiyah,1st Corniche Street, Abu Dhabi
",97126020575
ADNOC - Asab Clinic - Western Region,ABU DHABI,Clinic,Western Region,"P.O. Box: 11876,
Abu Dhabi, Western Region
",0097126034222
ADNOC - Buhasa Clinic - Western Region,ABU DHABI,Clinic,Western Region,"P.O. Box: 11876,
Abu Dhabi, Western Region
",0097126035269
ADNOC - Dabbayia Clinic - Western Region,ABU DHABI,Clinic,Western Region,"P.O. Box: 11876,
Abu Dhabi, Western Region
",0097126046789
ADNOC - Habshan Clinic - Western Region,ABU DHABI,Clinic,Western Region,"P.O. Box: 11876,
Abu Dhabi, Western Region
",0097126038331
ADNOC - Jabel Dhana Clinic - Western Region,ABU DHABI,Clinic,Western Region,"P.O. Box: 11876,
Abu Dhabi, Western Region
",0097126022444
ADNOC - Qusahwira Medical Center (Al Dhafra Reg.) Abu Dhabi,ABU DHABI,Clinic,Western Region,"Al Dhafra Region, P.O. Box : 898, Abu Dhabi",0097120000000
ADNOC - Sahel Clinic - Western Region,ABU DHABI,Clinic,Western Region,"P.O. Box: 11876,
Abu Dhabi, Western Region
",0097126049901
ADNOC - Sas Al Nakhl Clinic - Abu Dhabi,ABU DHABI,Clinic,,International Airport Road - Abu Dhabi,97126020575
ADNOC - Shah Clinic - Western Region,ABU DHABI,Clinic,Western Region,"P.O. Box: 11876,
Abu Dhabi, Western Region
",0097126044200
ADNOC - Technical Institute Clinic - ATI - Abu Dhabi,ABU DHABI,Clinic,,"Al Shawamekh, Near Schlumberger - Abu Dhabi",0097126020575
ADNOC - Umm Al Dakh Clinic - Abu Dhabi,ABU DHABI,Clinic,,"UMM AL DAKH Oilfield, Abu Dhabi
",97126020575
ADNOC - Zirku Medical Center - Abu Dhabi,ABU DHABI,Clinic,,"Zirku Island, Abu Dhabi",97126020575
AL AMEEN MEDICAL CENTRE LLC (NAJDA ST) ABU DHABI,ABU DHABI,Clinic,,"BUILDING NO: 03, NAJDA STREET, ABOVE GIFTLAND, ABUDHABI, UAE",97126339722
AL AMEEN MEDICAL CENTRE LLC -  BRANCH 1 (MUSAFFAH) ABU DHABI,ABU DHABI,Clinic,,"M37, NEAR DESH BANGLA SUPERMARKET, INDUSTRIAL AREA, MUSAFFAH, ABUDHABI, UAE",97125503115
AL FARAH MEDICAL REHABILITATION CENTER LLC - AL AIN,ABU DHABI,Clinic,Al Ain City,"Al-Muwaiji, Oud bin Saqhan. Private residence villa The sixth, alone, is Mr. Abdullah Mohamed Hassan Oud bin Saqhan, Al Ain",97137228884
AL FARHAN MEDICAL CENTRE (BANIYAS) ABU DHABI,ABU DHABI,Clinic,,"HAMAD MUBARAK AL KHAILI, BANIYAS EAST-9, ABU DHABI",971525833417
AL FUAD MEDICAL CENTRE LLC ,ABU DHABI,Clinic,,"H.E SHAIKH ABDULLA MOHAMED BIN BUTTI AL HAMED BUILDING
",97125599444
AL KHAJA MEDICAL CENTER (HAMDAN ST) ABU DHABI,ABU DHABI,Clinic,,"HAMDAN ST, AL DURRI ST. E/9/02 DARWISH AL SEERI BUILDING, ABU DHABI",97126720048
AL KHAZNA HEALTH MEDICAL CENTER (KHAZNA 1) AL AIN,ABU DHABI,Clinic,,"SHOP#13, AL KHAZNA-01, AL AIN, UAE",97125584609
AL MEENA MEDICAL CENTRE LLC (AL KHIBEESI) AL AIN,ABU DHABI,Clinic,,"VILLA NO.28, AI AZEEZIYYAH ST, AL AIN",97137800762
AL MUKHTAR MEDICAL CENTER (KHALIFA BIN ZAYED) ABU DHABI,ABU DHABI,Clinic,,"KHALIFA BIN ZAYED PO BOX 222208

",97137552333
ALBEDDA MEDICAL POLYCLINICS (AL MARFA CITY) ABU DHABI,ABU DHABI,Clinic,,"ALMAGERA, ALMARFFA, ABU DHABI ",97126218371
APEX MEDICAL CENTRE (GHAYATHI) ABU DHABI,ABU DHABI,Clinic,,"BIN ASHEER BUILDING, GHAYATHI NEW INDUSTRIAL AREA, WESTERN REGION GHAYATHI, ABU DHABI
",97126500485
APPOLONIA PEDIATRIC DENTAL CENTER (CORNICHE) ABU DHABI,ABU DHABI,Clinic,,"44 NADD AL SHIBA ST - CORNICHE, ABU DHABI",97126660997
ARABIAN SPECIALIST MEDICAL CENTER (AL MUWAIJI) AL AIN,ABU DHABI,Clinic,Al Ain City,"33RD STREET, OUD BIN SAG-HAN, AL MUWAIJI, AL AIN",97137663111
ARABIC CANADIAN MEDICAL CENTER (AL MUTAREDH) AL AIN,ABU DHABI,Clinic,Al Ain City,"BUILDING NO. 7 AL MUTAREDH, AL QUSAJ STREET, AL AIN",97137229660
Abu Dhabi Dental Clinic (Electra St.) Abu Dhabi,ABU DHABI,Clinic,,"Behind Castle Hotel, Same Alya Pharmacy Bldg., Electra Street, Abu Dhabi, ",0097126341327
Abu Dhabi Marine Operating Company Clinic (ADMA OPCO) (Das Island) - Abu Dhabi,ABU DHABI,Clinic,,"Das Island, Abu Dhabi",97126020575
Abu Salman Medical Center (M-10) Mussafah,ABU DHABI,Clinic,,"Shabiat Khalifa, Near Juaind Pharmacy, M-10, Musaffah,  Abu Dhabi",97125522549
Acacia Medical Center (Al Karamah St) Abu Dhabi,ABU DHABI,Clinic,,"Villa No. 15, Al Karamah St. Abu Dhabi",0097124445513
Adam & Eve Specialized Medical Centre (Electra St.) Abu Dhabi,ABU DHABI,Clinic,,"1st Floor, Pink Building #501, Near Royal Rose Hotel, Zayed The First St. (Electra St.) - Abu Dhabi",0097126767366
Advance Cure Diagnostic Centre (Al Bateen)  Abu Dhabi,ABU DHABI,Clinic,Al Bateen,"Beside Al Bateen Mall, Al Bateen, Abu Dhabi, UAE",97124100900
Advanced Cure Diagnostic Centre (Al Bateen) Abu Dhabi,ABU DHABI,Clinic,Al Bateen,"Al Falah Street, Near Al Bateen Mall, Al Bateen - Abu Dhabi",97126675050
Advanced Cure Diagnostic Centre-Llc-Branch 2,ABU DHABI,Clinic,,"AL BATEEN, AL KHALEEJ AL ARABI  ",97124100900
Advanced Medical Center (Main St.) Al Ain,ABU DHABI,Clinic,Al Ain City," Near Clock Tower, Main Street - Al Ain",97137641441
Ailabouny Medical Center (Salam St.) Abu Dhabi,ABU DHABI,Clinic,,"3rd Floor, Emirates Catering Equipment Building, Office # 302, Opposite Municipality, Salam Street, Tourist Club, PO Box: 4244, Abu Dhabi -UAE",97126440125
Al Ahly Specialist Medical Centre (Al Muroor St.) Abu Dhabi,ABU DHABI,Clinic,Mushrif,"Mezzanine Floor, Abdulla Al-Ghafli Building,  Opposite Mashreq Bank, Al Muroor Street, Abu Dhabi, P. O. Box: 6708",0097124487553
Al Ain Ahili Medical Centre (Shk. Khalifa) Al Ain,ABU DHABI,Clinic,Al Ain City,"Opposite Al Sahir Cafeteria, Sheikh Khalifa Street, Al Ain
",97126228294
Al Amal Medical Centre (East 9) - Baniyas,ABU DHABI,Clinic,,"1st Floor, Zenith Supermarket Building, Near Sultan Bakery, East 9, Baniyas, Abu Dhabi",0097125832331
Al Areej Dental Clinic (Khalifa City) Abu Dhabi,ABU DHABI,Clinic,Khalifa City ,"Mezzanine Floor, Building #3, Near Civil Defence Building, Khalifa City, Abu Dhabi
",97125565882
Al Asria Eye Clinic (Aud Al Tawba) Al Ain,ABU DHABI,Clinic,Al Ain City,"Flat No. 302, Al Reem Bldg., AUD Altawba, Al Ain",97137513939
Al Bahri Dental Clinic (Zayed Bin Sultan St) Al Ain,ABU DHABI,Clinic,Al Ain City,"Zayed Bin Sultan St, Next to the Arab Bank, Beside Abu Dhabi Islamic, P.O.Box: 1580, Al Ain - email: samihbhr@eim.ae; albahridental@gmail.com",97137643273
Al Balsam Medical Center (Al Jimi) Al Ain,ABU DHABI,Clinic,Al Ain City,"P.O. Box: 1685 Al Jimi, Beside of Al Jawhara Dubai Islamic Bank, Al Ain",0097137666233
Al Basheer Medical Centre (Main St.)  Al Ain,ABU DHABI,Clinic,Al Ain City,"M1 & M2 Floor, Above Hayat Center Main Street, Al Ain",0097137665561
Al Dawwa Medical Center (Shk Khalifa St.) Al Ain,ABU DHABI,Clinic,Al Ain City,"Ajman Bank Building, Beside Al Ain Pharmacy, Sheikh Khalifa Bin Zayed St., Al Mutawaa, Al Ain",97137800182
Al Dhafra Modern Clinic (Bida Zayed) Abu Dhabi,ABU DHABI,Clinic,"Western Region, Beda Zayed District","UAE Exchange building Sanaya Bida Zayed, Abu Dhabi",0097128846651
Al Dhafra Speciality Dental Clinic - Abu Dhabi,ABU DHABI,Clinic,," Hamdan Street, Behind Liwa Centre ;  alt email:aldhafradental@gmail.com
",0097126322800
Al Falah Medical Centre - Abu Dhabi,ABU DHABI,Clinic,,P. O. Box: 30196,0097126211814
Al Farabi Medical Clinic - Al Ain,ABU DHABI,Clinic,Al Ain City,"First Floor, Al Fardan Exchange Building, Main Street, Al Ain P.O. Box 17546",0097137515383
Al Ghallan Island Clinic - Abu Dhabi,ABU DHABI,Clinic,,"CENTRAL ISLAND Oilfield, Abu Dhabi
",97126020575
Al Hendawy Medical Centre - Abu Dhabi,ABU DHABI,Clinic,,P.O.Box: 105521,0097126213666
Al Hilal Medical Clinic,ABU DHABI,Clinic,Al Ain City,"Near Lucky Plaza, Main Road, Al Ain, Opp. to Al Ansari Exchange, Main Road, Al Ain P.O. Box: 1967",0097137664109
Al Kamal Medical Polyclinics - Abu Dhabi,ABU DHABI,Clinic,,"OPP to ADCB Khalidiya Branch, Abu Dhabi ",0097126651464
Al Karama Medical Clinic - Abu dhabi,ABU DHABI,Clinic,,"Baladiya Market No 7, Baniyas, Abu Dhabi P. O. Box: 25693 ",00971026720204
Al Madina Medical Center for Specialty Clinics,ABU DHABI,Clinic,,"P.O. Box: 126640 , Behind Al Jazirah Club, Airport Road, ",0097126439779
Al Magd Medical Center (Al Sanaiya) - Al Ain,ABU DHABI,Clinic,Al Ain City,"Al Ain, Saniya, Behind Al Masood Motors, St. No. 5, Building No. 5 , Al Ain",0097137216406
Al Mamoon Medical Centre (Muwaiji-2) Al Ain,ABU DHABI,Clinic,Al Ain City,"Muwaiji-2, Street-2, Villa No. 38, Near Marriage Fund، Sheik Khalifa Bin Zayed St., Al Ain City - Abu Dhabi",0097137666652
Al Manal Dental Center - Abu Dhabi,ABU DHABI,Clinic,,"Corniche, ABu Dhabi",0097126224006
Al Manara Dental Clinic- Al Ain,ABU DHABI,Clinic,Al Ain City,"Al Ain, UAE",0097137665441
Al Naseem Medical Centre LLC - Abu Dhabi,ABU DHABI,Clinic,,"PO Box 2620
Behind Liwa Centre 
Hamdan Street
Abu Dhabi - U.A.E",0097126342834
Al Nasr Field Clinic - Abu Dhabi,ABU DHABI,Clinic,,"Al Nasr Field Island, Abu Dhabi",97126024518
Al Noaman Dental Center - Abu Dhabi,ABU DHABI,Clinic,,"P.O.Box: 32577
Abu Dhabi, UAE.",0097126348482
Al Noor Hospital Medical Center - Marawah (Barakah) - Abu Dhabi,ABU DHABI,Clinic,Western Region,"Braka Western Region Abu Dhabi
P.O. Box: 46713",0097126139270
Al Noor Medical Center WLL - Al Ain,ABU DHABI,Clinic,Al Ain City,"Zayed Bin Sultan Street
P.O. Box: 15706, Al Ain
",0097137662072
Al Qabail Medical Centre L.L.C,ABU DHABI,Clinic,,"GROUND FLOOR , ICAD ROAD",97125575531
Al Qadi Medical Center- Abu Dhabi,ABU DHABI,Clinic,,"P.O : 468,ST30, ZONE- 2 ,SECTOR-78
 New Al Maharbha Area,Opp Chinese embassy
Abu Dhabi.",0097124437777
Al Rafa Medical Centre (Khalidiya)  - Abu Dhabi,ABU DHABI,Clinic,,"United Square Building, Beside Khalidiya Mall, Khalidiya - Abu Dhabi",0097126266672
Al Raneen Medical Centre (Lucky Plaza Bldg.) Al Ain,ABU DHABI,Clinic,Al Ain City,"Lucky Plaza Bldg., Main Street, Al Ain",0097137655602
Al Rayashi Dental Center - Abu Dhabi,ABU DHABI,Clinic,,"Shk Khalifa Street, Sheraton Area, Dona Moda Bldg, Flat 101, Abu Dhabi",0097126792647
Al Rayyan Medical Center owned by Jaber Jasem Almheiri Sole ,ABU DHABI,Clinic,,"P.O Box 30520, Musaffah, M/E 12,
Bldg No: 21, First Floor 102
Abu Dhabi",0097125522262
Al Razi City Medical Center (Khalidiyah St) Abu Dhabi,ABU DHABI,Clinic,,"Al Awqaf Building M01, Khalidiyah Area, Abu Dhabi",0097126224431
Al Riyadh Medical Centre (Baniyas) Abu Dhabi,ABU DHABI,Clinic,,"Al Shawamekh, Baniyas, Abu Dhabi",0097125829949
Al Roudha Medical Center -  Abu Dhabi,ABU DHABI,Clinic,,Al Sarouj Backside of Welcom Trade,0097137510810
Al Safwa Medical Center - Abu Dhabi,ABU DHABI,Clinic,," Marjan Plaza Bulding P.O.Box 46704
Abu Dhabi- UAE",0097126262989
Al Saqi Medical Centre - Abu Dhabi,ABU DHABI,Clinic,,PO Box 27421,0097126329451
Al Sultan Advanced Polyclinic - Al Ain,ABU DHABI,Clinic,Al Ain City,"PO Box 15484, Falaj Hazza, 
Al Ain, UAE.",0097137806111
Al Tadamon Medical Center - Abu Dhabi,ABU DHABI,Clinic,,"Building No. C299, Mussafa Shabia – 10, Street No. 47
P.O. Box: 10541, Abu Dhabi
",0097125545000
Al Taweelah Medical Center - Abu Dhabi,ABU DHABI,Clinic,,Khalifa Industrial Zone Abu Dhabi,0097123083145
Al Thuraya Dental & Implant Centre - Abu Dhabi,ABU DHABI,Clinic,,"Delma Street
P.O.Box: 108044",0097124432209
Al Wahda Medical Centre - Abu Dhabi,ABU DHABI,Clinic,,"P.O.Box: 71469
Defence Road
Abu Dhabi, UAE",0097126418383
Al Waqar Medical Centre - Al Ain,ABU DHABI,Clinic,Al Ain City,"Mohd Sherif Al Khury Building, Villa 16A, 16B, Al Ain",0097137664521
Al Zhoor Medical Center - Al Ain,ABU DHABI,Clinic,Al Ain City,"Oud Althoba st., Near Air Arabia
Floor M1, Room 104
P.O Box: 85995
Al Ain",0097137857365
Alafia Ghyathi Medical Centre LLC -  Abu Dhabi,ABU DHABI,Clinic,,"Gayathi Saniya 2, Opposite Main Mosque",0097128740166
All Care Medical Center  - Abu Dhabi,ABU DHABI,Clinic,,"Villa #726, Delma Street, Bet Airport Road & Muroor Road, Opp Of Zayed Educational Campus, Abu Dhabi",0097126660818
Alpha Medical Centre - Abu Dhabi,ABU DHABI,Clinic,Mussafah,"Plot No. 1 Al Firdous Business Center, Sanaya M3, Mussafah
",0097125558383
Alqatia Island Clinic - Abu Dhabi,ABU DHABI,Clinic,,"Alqatia Island, Abu Dhabi, UAE",97126024518
Alreem Dental & Cosmetic Center-Branch of Dubai - Abu Dhabi,ABU DHABI,Clinic,,"Villa 283, Al Khaleej Al Arabi Street, Abu Dhabi, UAE",0097126655357
American Center for Psychiatry & Neuro.(Al Manaseer) Abu Dhabi,ABU DHABI,Clinic,,"Villa No. 533 Intersection Hazza Bin Zayed (11th) Street and Mubarak Bin Mohammed (26th St after Moroccan and Japanese Embassies - Abu Dhabi, UAE",0097126979999
American Center for Psychiatry & Neurology LLC - Branch 1 - Al Ain,ABU DHABI,Clinic,Al Ain City," Between Al Jahili Roundabout and Industrial Roundabout, Al Ain",97137131700
American Crescent Healthcare Center - Abu Dhabi,ABU DHABI,Clinic,,"P.O. Box 29669
Abu Dhabi-UAE",0097126325000
American Dental Center (Najda St.)  AUH,ABU DHABI,Clinic,,"H & M Building, Najda Street, Next to Al Maha Arjaan Hotel, Beside ibn Al-Nafees Medical Center Building, Abu Dhabi, UAE",0097126219800
American European Medical Centre - Abu Dhabi,ABU DHABI,Clinic,,"Old Airport Road, Delma Interior Bldg, Abu Dhabi
",0097124455477
Amrita Medical Cente (Mafraq) Abu Dhabi,ABU DHABI,Clinic,,"Ghantoot Camp, Mafraq Industrial Area, Abu Dhabi Al Ain Truck Road, P.O. Box: 651 - Abu Dhabi, UAE",0097125822667
Amrita Medical Center - Abu Dhabi,ABU DHABI,Clinic,Khalidiyah ,"Hamdan Bin Mohammed St., Near Family Park, W7-01, Khalidiya - Abu Dhabi - United Arab Emirates",0097126661555
Amwaj Medical Centre (Khalifa St) Abu Dhabi,ABU DHABI,Clinic,,"Khalifa Street, Abu Dhabi",0097126273888
Ansari Medical Centre (Al Nasr St) Abu Dhabi,ABU DHABI,Clinic,,"Al Nasr Street
Near Old Fish Market
Abu Dhabi
UAE",0097126394139
Apollo Medical Centre (Hamdan Street) - Abu Dhabi,ABU DHABI,Clinic,,"M102, Muraijeb Tower, Near ADCB Bank, Hamdan Street, Abu Dhabi",0097126397733
Arabian Island Medical Center - AUH,ABU DHABI,Clinic,,"PO Box 13160,  Above Al Jazeera Pharmacy, Shabiya Khalifa ME/10, New Mussafah, AUH, UAE
",0097125520250
Arzanah Clinic - Abu Dhabi,ABU DHABI,Clinic,,"Umm Al Nar, Near Al Maqta Bridge - Abu Dhabi",97126020575
Asmat Dental Clinic - Abu Dhabi,ABU DHABI,Clinic,,"provider # E20 Al Souq Tower, Abu Dhabi  P.O. Box 26374
",0097126216063
Aster Primary Care (Musaffah) Abu Dhabi,ABU DHABI,Clinic,,"P.O. Box: 8703, Near 1st singal, Indultrial Area, Musaffah
Abu Dhabi",0097125557078
Awazen Center  - Abu Dhabi,ABU DHABI,Clinic,,"Wahda Commercial Tower, 8th Floor, HAzaa bin Zayed Street, Airport Road, Abu Dhabi",0097124411944
BAB AL MADINA MEDICAL CENTER (MUSSAFAH) ABU DHABI,ABU DHABI,Clinic,,"16TH STREET, Mussafah M-26,  Shop no. 04, near Grand Mosque, Abu Dhabi, UAE",97126422464
BEAUTICA DENTAL CENTER (AL DANAH) ABU DHABI,ABU DHABI,Clinic,,"AL DANAH, HAMDAN ST. ABU DHABI UNITED ARAB EMIRATES",97124465599
BREEZE MEDICAL CENTRE (AL DHAFRA) ABU DHABI,ABU DHABI,Clinic,Western Region,"ADCS BUILDING	SHEIKHA SALAMA BINT BUTTI RD
",97128869855
Bab Al Teb Medical Centre  (Mussafah) Abu Dhabi,ABU DHABI,Clinic,,"Building No. 11, Musaffah Industrial Area M 44, Opposite Gulva Coat Industry, Abu Dhabi, UAE",0097123098980
Baniyas  Al Ahli Medical Center - Abu Dhabi,ABU DHABI,Clinic,,"37/146, Near Ahmed Salem Al - Mahrami Mosque, Opp Al Madina hypermarket, M-37, Mussaffah, Abu Dhabi, UAE",0097125510606
Baniyas Medical Clinics - Abu Dhabi,ABU DHABI,Clinic,,P.O.Box: 57407,0097125831116
Basel Medical Centre - Abu Dhabi,ABU DHABI,Clinic,,"Mafraq Centre, 1st Floor, Room 221, Workers City 2, Baniyas, Abu Dhabi 
",0097126316831
Be Well Speciliazed Medical Center - Abu Dhabi,ABU DHABI,Clinic,,"Al Mushrif Area, Khaleej Al Arabi Street, Abu Dhabi",97126660149
Blue Ocean Medical Center - Abu Dhabi,ABU DHABI,Clinic,,"MUSAFFAH(SHABIYA)-ME 10/ BUILDING NO. C344, MUSAFFAH SHABIYA- ME10, ABU DHABI",97124481981
Boston Dental Center  - Abu Dhabi,ABU DHABI,Clinic,,"Al Falah St., Mubarak Bin Mohammed St., Behind Khalidiya Mall ",0097126667070
Boulevard Medical Centre (Deerfields Mall) Abu Dhabi,ABU DHABI,Clinic,,"Deerfields Mall, Al Bahya, Abu Dhabi",0097125850858
Bu Sikeen Island Clinic - Abu Dhabi,ABU DHABI,Clinic,,"Abu Dhabi Marine Operating SARB Island, Abu Dhabi, UAE",97126024518
Burjeel Medical Center (Makani Mall) Al Shamkha,ABU DHABI,Clinic,,"Makani Mall, Al Shamkha, Abu Dhabi",009725085511
Burjeel Medical Centre (Deerfield Mall) - Abu Dhabi,ABU DHABI,Clinic,,"Deerfield Mall, Al Bahiya
P.O. Box: 129067",0097125821555
Burjeel Medical Centre Alzeina LLC - Abu Dhabi,ABU DHABI,Clinic,,"Retail B1, Ground Floor, Al Zeina, Al RAha, Abu Dhabi",0097122054306
Burjeel Medical Centre Barari - Al Ain,ABU DHABI,Clinic,Al Ain City,"Barari Outlet Mall, Shop 01, 02 Upper Second Floor, Abu Dhabi, Al Ain",0097137991555
Burjeel Oasis Medical Centre L.L.C. - Abu Dhabi,ABU DHABI,Clinic,Western Region,"Al Dhafra Club Bldg, G Floor, Block B, Madinat Zayed, Western Region, Abu Dhabi, UAE",0097128946666
Burjeel Orthopedic & Sports Medicine Centre (Al Reem Island) - Abu Dhabi,ABU DHABI,Clinic,,"The ARC Tower, Flat No. R1-01 + RG-01, Floor No. R1-0 + RG01, Al Reem Island, Abu Dhabi",0097123079732
CELESTE MEDICAL CENTER (ASHARIJ) AL AIN,ABU DHABI,Clinic,Al Ain City,"Asharej District Bidaa Bin Ammar St., Number 4 Flat 4&5, Al Ain",0097137673298
CHC MEDICAL CLINIC - SOLE PROPRIETORSHIP LLC (AL MAFRAQ) ABU DHABI,ABU DHABI,Clinic,,"Village inn 1- Al Mafraq Workers City
",091725463530
COSMESURGE CLINICS L.L.C BRANCH ABU DHABI 1- (BANIYAS) ABU DHABI,ABU DHABI,Clinic,,"BAWABAT AL SHARQ MALL, BANIYAS, ABU DHABI
",97125859024
COSMESURGE ZAKHER MEDICAL CENTER LLC - AL AIN,ABU DHABI,Clinic,Al Ain City,"Twam street no 3, Villa no 29A - Al Ain ,Al Shuibah Area, Al Ain",97137089000
COSMPOLITAN MEDICAL CENTRE (HAMEEM WORKERS CITY) ABU DHABI,ABU DHABI,Clinic,,"Opposite Al Ibrahimi Restaurant, Above Trans-Arabian Air Services, Abu Dhabi",0097126314422
Canadian Dental Clinic- Al Ain,ABU DHABI,Clinic,Al Ain City,"Khalifa St., Al AIn
email: mohazia@gmail.com ; mohazia@canadiandentalclinic.ae ",0097137666696
Canadian Medical & Rehabilitation Center (Khalifa City A) Abu Dhabi,ABU DHABI,Clinic,,"Khalifa City A, Near Al Yasmina School, Abu Dhabi",0097125551231
Canadian Medical Center (Delma St.) Abu Dhabi,ABU DHABI,Clinic,,"Building number 1791, Villa number 1 - 13 Rashid Bin Saeed Al Maktoum St(2nd St)-(Delma St.), Opp Public Works Division, Abu Dhabi, UAE",97124469004
Care First Medical Center - Abu Dhabi,ABU DHABI,Clinic,,"Al Rowdah Area, Mubarak Bin Mohamed St. Villa N 563, Abu Dhabi
",0097124433374
Care Point Clinic  LLC - Abu Dhabi,ABU DHABI,Clinic,,"Al Jaber Camp, Mafraq Workers City 1, Above Madina Hypermarket, Baniyas west, Abu Dhabi",0097126228383
Central Clinic - Abu Dhabi,ABU DHABI,Clinic,,"Level-2, New Emistate Tower. Hamdan Street, Next to Marks & Spencer",0097126323497
Charisma Medical Center LLC - Abu Dhabi,ABU DHABI,Clinic,,"Hamdan St., Ziani Area, Near Al Futaihi Textile Shops, Abu Dhabi",0097126775775
Classic Care Medical Center - Al Ain,ABU DHABI,Clinic,Sweihan ,"Flat 106 & 107, Building 1535, Sweihan, Beside FAB Bank, Al Ain",0097137346454
Cleveland Clinic Abudhabi L L C - Branch 1,ABU DHABI,Clinic,Al Ain City,"IN FRONT OF TAWAM HOSPITAL MOSQUE, TAWAM MOLECULAR IMAGIN CENTER BLDG.GROUND FLOOR, TAWAM HOSPITAL CAMPUS",97137041777
Clinica Smile Dental Center LLC - Abu Dhabi,ABU DHABI,Clinic,,"baniyas  east 3 , property number PRP1075, Office 101 , ( building opposite to Mafraq Police Station & Etisalat ) Abu Dhabi ",0097124447147
Clinics - Mediclinic Hospitals (Al Khabisi)- Branch 5 - Al Ain,ABU DHABI,Clinic,Al Ain City,"Al Khabisi, Al Ain",0097137628899
Clinics - Mediclinic Hospitals (Al Yahar) Al Ain,ABU DHABI,Clinic,Al Ain City,Sheikh Salem Al Amri Bldg. Al Yahar North Al Ain  ,0097137133401
Clinics - Mediclinic Hospitals -Branch 10- (Al Bawadi Mall) Al Ain,ABU DHABI,Clinic,Al Ain City,"Street 137, Zayed Bin Sultan St., Al Bawadi Mall Building, Al Khrair, Al Ain  alternate no: 03 - 7053777",0097137819229
Consultants Medical Centre - Abu Dhabi,ABU DHABI,Clinic,,"Hamdan Street, Landmark Plaza Building, Abu Dhabi
",0097126794100
Corniche Gate Medical Center (Al Nasr St) Abu Dhabi,ABU DHABI,Clinic,,"Al Nasr Street, Beside Amarita Medical Center, Abu Dhabi - U.A.E",0097126334866
Cosmesurge & Emirates Clinics For One Day Surgery-Khalifa-Abu Dhabi,ABU DHABI,Clinic,,"CORNER STREET 16& 33, NEAR KHALIFA POLICE STATION, KHALIFA  A ",97125572220
Creative Dental Center - Abu Dhabi,ABU DHABI,Clinic,Mushrif,"Building 1248, Behind Mushrif Mall, Muroor St., Abu Dhabi",0097124440458
Cure Plus Medical Center (Al Sidra Area) Al Ain,ABU DHABI,Clinic,Al Ain City,"Shakboot Bin Sultan st., Al Sidrah Al Khabisi, Al Ain",0097137655511
DANA MEDICAL CENTER (SHAKHBOUT CITY) ABUDHABI,ABU DHABI,Clinic,,"STREET 72, SHAKHBOUT CITY, ABU DHABI  ",97125668600
DAVINCI DENTAL CLINIC LLC ,ABU DHABI,Clinic,,"VILLA A-27
MARINA OFFICE PARK VILLAGE
",97122222616
DENTACARE CENTRE (HAMDAN ST) ABU DHABI,ABU DHABI,Clinic,,"1801, BIN MOOSA TOWER , HAMDAN STREET 
",0097126270527
DENTACARE CENTRE BRANCH 1 (MUROOR RD) ABU DHABI,ABU DHABI,Clinic,,"OFFICE 9, AL MURJAN TOWER, 31ST DHAFEER STREET,  MUROOR ROAD, ABU DHABI",0097124432525
DFW Medical Center (Al Nahyan Camp) Abu Dhabi,ABU DHABI,Clinic,,"Al Nahyan Camp, Abu Dhabi",0097126666347
DFW Medical Center Branch 1 (Tawazun) - Abu Dhabi,ABU DHABI,Clinic,,"Tawazun industrial Park Ajban, ABu Dhabi",0097126666347
DIAMOND DENTAL CLINIC (SALAM ST) ABU DHABI,ABU DHABI,Clinic,,"BUILDING 302, HAMDAN INTERSECTION SALAM STREET, ABU DHABI",97126763322
DR KOUTHAR AL WAIDH CLINIC (AL FALAH ST) ABU DHABI,ABU DHABI,Clinic,,"AL FALAH STREET, ABU DHABI",9726331150
DR. TABRIZI DENTAL CLINIC (KHALIFA ST) AL AIN,ABU DHABI,Clinic,,"BUILDING 21, 1ST FLOOR, KHALIFA ST., TOWN CENTER, AL AIN	KHALIFA ST Po Box	1049
",97137662133
DRONCALL LTD (AL SARAB TOWER) ABU DHABI,ABU DHABI,Clinic,,"AL SARAB TOWER, ADGM SQUARE, ABU DHABI",971600566119
Daar Al Misbah Medical Center LLC - Abu Dhabi,ABU DHABI,Clinic,,"Room 1,2,3,4,5,6, Building 203, M-11, Sanaya, Musffah, Abu Dhabi",0097126213119
Dar Al Shifa Medical Centre - Abu Dhabi,ABU DHABI,Clinic,,"P.O. BOx 2519
Abu Dhabi, UAE",0097126456100
Dental Experts Center - Abu Dhabi,ABU DHABI,Clinic,,"Das Tower 20th Floor Al Bateen St., Abu Dhabi",0097126810060
Dhiyara Medical Center - Al Ain,ABU DHABI,Clinic,Al Ain City,"Al Ain Main Street, PO Box: 15229",0097137656882
Diamond Medical Center - Abu Dhabi,ABU DHABI,Clinic,,Khalifa St. Al Ain,0097137844689
Dr. Abdallah Azzam Paediatric Clinic - Abu Dhabi  ,ABU DHABI,Clinic,,P.O.Box: 93563,0097126344185
Dr. Ahmed Abu Sharia Medical Centre,ABU DHABI,Clinic,,P. O. Box: 46142,0097126674882
Dr. Atiqur Rahman Clinic - Abu Dhabi,ABU DHABI,Clinic,,"Madinat Zayed, Behind Abu dhabi Post Office P. O box 112647,
Abu Dhabi, UAE.",0097126398331
Dr. Chawky Haddad Dental Clinic - Abu Dhabi,ABU DHABI,Clinic,,"QWAIDER ALNABULSI BUILDING, MEZZANINE 2, ZAYED THE FIRST ST, ABU DHABI

",0097126679792
Dr. Firas Dental & Orthodontic Center - AUH,ABU DHABI,Clinic,,"P.O.Box No. 41578
Abu Dhabi, UAE",0097122222600
Dr. Gupta Medical Clinic - Abu Dhabi,ABU DHABI,Clinic,,"P.O. Box 47145
Abu Dhabi, UAE
",0097126337357
Dr. Ibrahim Al Dajani Dental Clinic - Abu Dhabi,ABU DHABI,Clinic,,"P.O.Box 8143
Abu Dhabi-UAE",0097126316996
Dr. Munir Silwadi Dental Center - Abu Dhabi,ABU DHABI,Clinic,,"P.O.Box: 7522,
Abu Dhabi, UAE.",0097126262042
Dr. Ragheed Tawfeeq Dental Centre (Muroor Road ) Abu Dhabi,ABU DHABI,Clinic,,"Villa 12,  Opposite Al Zafranah Park, 112 Seeh Al Ghidhayyan St, Al Muroor Road, Abu Dhabi",0097126774000
Dr. Rashed Al Shaeel Medical Center (Khalifa City) - Abu Dhabi,ABU DHABI,Clinic,,"Khalifa City, Opposite of Al Forsan, Plot No. 52, Villa 02, Sector Southwest 14, Abu Dhabi",0097124493733
Dr. Reza Sodagar Clinic - Abu Dhabi,ABU DHABI,Clinic,,"P.O.Box : 51370
Abu Dhabi, UAE",0097126218005
Dr. Sabah Al Sagban Clinic - Abu Dhabi,ABU DHABI,Clinic,,"P.O Box 7972,Abu Dhabi
",0097126330990
Dr. Walaa Fakhr Medical Centre (Baniyas) Abu Dhabi,ABU DHABI,Clinic,,"Najda Street, Abu Dhabi Islamic Bk Bldg
P.O.Box: 41381
Abu Dhabi - UAE",0097126336662
Duo Prime Care Medical Center LLC - Abu Dhabi,ABU DHABI,Clinic,,"Building No. B628-9, Near Emirates Identity Authority, Mussafa M4, Sanaya, Abu Dhabi",0097125554339
Duri Dental Clinic (Khalidiya) Abu Dhabi,ABU DHABI,Clinic,,"Khalidiya, 16th st, beside Khalidiya Public Park - Abu Dhabi",97126665551
ELEGANCE MEDICAL CENTER (AL JIMI) AL AIN,ABU DHABI,Clinic,,"AL JIMI AREA, AL AIN",0097137227420
EXCELLENCE MEDICAL CENTRE FOR HEARING AND BALANCE (SHAKHBOUT CITY) ABU DHABI,ABU DHABI,Clinic,,"579 NASEEM AL BARR STREET, SHAKHBOUT CITY, ABU DHABI",971507218180
EXCELLENCY GHAYATHI POLY CLINICS LLC (AL DHAFRAH) ABU DHABI,ABU DHABI,Clinic,Western Region,"KHALIFA COMPLEX D&E FLOOR 14 LAND NUMBER C 81, AL DHAFRAH, ABU DHABI",97126777676
Eastern Al Ahili Medical Center (M-24) Abu Dhabi,ABU DHABI,Clinic,," M-24,Mussaffah , Abudhabhi , UAE.",9715856005
Eastern Al Ahili Medical Center Branch 1 - Abu Dhabi,ABU DHABI,Clinic,,"Ahalia Hospital Building, Block A, 3rd Floor, Hamdan Street, Abu Dhabi 
",0097124442235
Eastmans Dental Clinic (Khalidiyah) Abu Dhabi,ABU DHABI,Clinic,,"P2, Tower #2, Shining Towers, Khalidiyah, Abu Dhabi",97126212828
Emerald Medical Centre  - Abu Dhabi,ABU DHABI,Clinic,,"Mussafah 37, Near Fresh and More Supermarket",0097125554164
Emirates Clinic & Medical Service Center - Al Ain,ABU DHABI,Clinic,Al Ain City,"Al Ain Main Street
",0097137644744
Emirates Confidenty Medical Center ,ABU DHABI,Clinic,,"SHEIKHA SHAMSA BINT MOHAMMED BIN KHALIFA AL NAHYAN,MEZANNINE 1 AND 2, FLAT # 102-103 ANF 201,BURAIMI RD ",97137376491
Emirates Dermatology & Cosmetology Center - Sole Proprietorship LLC - Abu Dhabi,ABU DHABI,Clinic,,"Building No. 836, Street 30, Zone 2, Sector 78, Al Khaleej Al Arabi Street, Abu Dhabi, Beside Al Qadi M. C.",0097125555255
Emirates International Polyclinic- Al Ain,ABU DHABI,Clinic,Al Ain City,"P.O. Box: 18088
Al Ain, UAE",97137637252
Emirates Jordanian Medical Center - Abu Dhabi,ABU DHABI,Clinic,,"Abu Dhabi, Baniyas West,Next to Baniyas Court P.O. Box: 79814
",0097125836999
Ever Care Medical Clinic - Abu Dhabi,ABU DHABI,Clinic,,"Near Shati Al Madina Supermarket, Musaffah, Saniyiah M17, Abu Dhabi, UAE",0097128731973
Excellent Medical Center  - Abu Dhabi,ABU DHABI,Clinic,,Saeweed  Residential Compound Worker City 02 Al mafraq Abu Dhabi,0097125544469
Exeter Medical Center for Bone & Joint Health- Abu Dhabi,ABU DHABI,Clinic,,"P.O. Box: 13 1300
Abu Dhabi, UAE",0097126354321
Expert Medical Clinic- Abu Dhabi,ABU DHABI,Clinic,,"Mojumaat Workers Village Hameem Road, Abu Dhabi P.o. BOx: 6153",0097126225566
Express Ghayathi Clinic - Abu Dhabi,ABU DHABI,Clinic,Western Region,Western Region,0097128744430
Extra Care Medical Center- Abu Dhabi,ABU DHABI,Clinic,,"National Bank of Oman, Al Najda St.

",0097126344922
FAMOUS MEDICAL CENTRE LLC - ABU DHABI,ABU DHABI,Clinic,,"GROUND FLOOR, SHOP # 6 & 7. 48 ST,  M-10, LAL MARKET, ABU DHABI	48ST PO BOX	132005
",97125467888
Fakih Medical Center - Abu Dhabi,ABU DHABI,Clinic,,"P.O. Box: 31453, Abu Dhabi",0097124414848
Fatima Medical Center (Abu Backer Al Siddique Rd) Al Ain,ABU DHABI,Clinic,,"Mezzanine Floor, Damas/Joyalukkas Jewellary Building, Abu Backer Al Siddique Road, Town Center, Al Ain",0097137513883
First Global Clinic - Sole Proprietorship LLC - Abu Dhabi,ABU DHABI,Clinic,,"Zayed The 1st Street, Khalidiya, P.O. Box:63126, Abu Dhabi",0097126650015
First Medical Center - Abu Dhabi,ABU DHABI,Clinic,,"P.O. Box: 27934, Khalidiya, Al Khaleej Al Arabi Street # 30",0097126666992
Freedom Medical Poly Clinic (Musaffah) Abu Dhabi,ABU DHABI,Clinic,,"1st Floor, Building #4 , Plot 11, M-4 , Musaffah, Abu Dhabi. U.A.E.
",0097126336744
French Dental Aesthetic Centre  - Abu Dhabi,ABU DHABI,Clinic,,"Airport Road, Next to Pan Emirates Furniture
P.O.Box: 47247
Abu Dhabi, UAE",0097124462333
GENTLE DENTAL & MEDICAL CARE CENTRE (AL BATEEN) ABU DHABI,ABU DHABI,Clinic,Al Bateen,"VILLA 6, AL BATEEN STREET, ABU DHABI",97126764642
GH MEDICAL CENTER (AL MAFRAQ) ABU DHABI,ABU DHABI,Clinic,Mafraq,"AL JABER ACCOMMODATION WORKERS CITY -1	AL MAFRAQ
",97126289933
Gems Medical Clinic - LLC - Al Ain,ABU DHABI,Clinic,Al Ain City,"Town Center, Main Street, Al Ain",0097137855575
Genet Dental Center (Muroor Road) Abu Dhabi,ABU DHABI,Clinic,,"Junaid Tower 2nd Floor, Opposite Emirates Discount Market, Muroor Road, Abu Dhabi",0097126669945
Glitter Dringenden Clinics - Abu Dhabi,ABU DHABI,Clinic,,"Glitter Clinic, Delma St., opp. Trans Ad",0097126266675
Golden Care Medical Centre - Abu Dhabi,ABU DHABI,Clinic,,"Ground Floor, Building 94, Mussaffah M-37, ABu Dhabi",0097124499881
Golden Choice Medical Center - Abu Dhabi,ABU DHABI,Clinic,,"Musaffah Sanayya M-17, Near Shati Al Madina Supermarket, Abu Dhabi
",0097124486266
Golden Cure Medical Centre (Shabiya M 11) Abu Dhabi,ABU DHABI,Clinic,,"Shabiya M 11, Building # 5799 - Abu Dhabi, UAE",97128784631
Golden Health Medical Center - Abu Dhabi,ABU DHABI,Clinic,,Hameem Road Al Salam Living City,0097125855552
Golden Sands Medical Center - Abu Dhabi,ABU DHABI,Clinic,,"P.O.Box.8189
Abu Dhabi, UAE",0097126427171
Golden Tulip Medical Centre LLC - Abu Dhabi,ABU DHABI,Clinic,,"11th Street, M17, Mussafah",0097125556608
Gulf Pearl Dental Clinic (Al Naser St.) Abu Dhabi,ABU DHABI,Clinic,,"Office #203, Mezzanine Floor, Saqer Al Mehairbi Building, Al Naser Street, Landmark: Near Al Masoud Travel, Abu Dhabi, U.A.E.
",97126345680
H H C MEDICAL CLINIC - SOLE PROPRIETORSHIP LLC (AL MAFRAQ) ABU DHABI,ABU DHABI,Clinic,,"MILCO CAMP- Al Mafraq Workers City
",097125463520
HEALTH PLUS FAMILY HEALTH CENTER L.L.C- BRANCH 1 (KHALIFA CITY A) ABU DHABI,ABU DHABI,Clinic,,"12TH STREET, AL FORSAN, KHALIFA CITY A UNIT NO. 1, TOWER E P.O. ",97126818877
HEALTH PLUS FAMILY HEALTH CENTER L.L.C.- BRANCH 2 (SAADIYAT) ABU DHABI,ABU DHABI,Clinic,Saadiyat Island,"C8, SDN1, AL SAADIYAT, SHATI AL SAADIYAT ST ABU DHABI, PO BOX 60843
",971600503035
HEALTHGO MEDICAL CENTER (AL MAFRAQ CITY) ABU DHABI,ABU DHABI,Clinic,,"GURN YAFUR, AL MAFRAQ CITY, ABU DHABI",97125851331
HEALTHLINE MEDICAL CENTER LLC (ELECTRA ST)ABU DHABI ,ABU DHABI,Clinic,,"Mezzanine Floor, Ali Amid Al Rumaity Building, Opposite Hamid Centre, Electra Street, Al Markaziya, P.O. Box: 8147 Abu Dhabi, UAE",97126344424
HHD Home Health Care (Oud Al Touba Rd) Al Ain,ABU DHABI,Clinic,Al Ain City,"Office No. 201, Building No. 136, Oud Al Touba Road, Al Ain",0097137800292
HIGH LIFE MEDICAL CENTER (AL MAFRAQ) ABU DHABI,ABU DHABI,Clinic,,"BUILDING NO.8 PARCO MALL, AL MAFRAQ INDUSTRIAL 2 (CHINA CAMP), ABU DHABI",97125850081
HIGH TECH DENTAL CENTER LLC - ABU DHABI,ABU DHABI,Clinic,,"Office No:604 | 6thFloor | Almanara Pharmacy building| Khalifa Street | Abu Dhabi 
P.O Box: 45541 

",0097126276644
HOLISTIC MEDICAL CENTRE SOLE PROPRIETORSHIP LLC BRANCH,ABU DHABI,Clinic,,"162 Al Dhafra Rd
Madinat Zaid, Abu Dhabi 
",0097126660388
Haddad  Medical & Dental Center - Abu Dhabi,ABU DHABI,Clinic,,"P.O.Box: 7411
Abu Dhabi, UAE",0097126325096
Hakeem Dental Center - Abu Dhabi,ABU DHABI,Clinic,,"Office 103-104, 1st Floor, Block 35, Sector 9-2 West, Al Salam Street, Al Shiekh Mohammed Bin Khalifa Bin Zayed Building, AUH",0097126654200
Hakeem Dental Center Branch 1 (Hamdan St.) Abu Dhabi,ABU DHABI,Clinic,,"Binbrook Building, Hamdan Street, Abu Dhabi",0097126795600
Hala Medical Centre - Abu Dhabi,ABU DHABI,Clinic,,"Opposite to ADCB Bank, Gayathi  02 - 8741797/02 - 8742437
",0097128742437
Hamdan Medical Center - Al Ain,ABU DHABI,Clinic,Al Ain City," P.O. Box 18784
Al Ain, UAE
",0097137654797
Harley Street Dental Center - Abu Dhabi,ABU DHABI,Clinic,,"Suite 101 Buliding of Abu Dhabi Islamic Bank, Near Central Bank, A15 Marina Village",0097124916885
Health & Style Medical Centre  - Abu Dhabi,ABU DHABI,Clinic,,"1st Floor Office Tower, BHS Building, Hamdan Street, Abu Dhabi",0097126330515
Health Clear Medical Center LLC - Abu Dhabi,ABU DHABI,Clinic,,"Ahmed Hamd Hameed Alsuwaidi Building Shop No. 06, Musaffah Industrial Area M13, Abu Dhabi",0097125538383
Health Plus Childrens Medical Center (Al Khaleej Al Arabi St.) Abu Dhabi,ABU DHABI,Clinic,,"Al Khaleej Al Arabi St., Abu Dhabi, UAE",97126582221
Health Plus Diabetes and Endocrinology - Abu Dhabi,ABU DHABI,Clinic,,"P.O. Box: 61292, Abu Dhabi",0097125571818
Health Plus Family Health Center - Abu Dhabi,ABU DHABI,Clinic,,Branch of Health plus Women Health -Al Bandar ,0097126433494
Health Plus Women's Health Center-Abu Dhabi ,ABU DHABI,Clinic,,"P.O. Box: 60991, Hazza Bin Zayed St.",0097126266805
Health Time Medical Centre - Abu Dhabi,ABU DHABI,Clinic,,"Bldg 08, 1st Floor Plot F2C4-8 Al Mafraq Industrial 2 (China Camp) Baniyas West, Abu Dhabi",0097125554006
Healthshades Medical Centre (Mussafah) Abu Dhabi,ABU DHABI,Clinic,Mussafah,"M37, behind fresh & more supermarket, Mussafah, Senayia, Abu Dhabi",0097125545999
Hikma Medical Centre  Dental - Abu Dhabi,ABU DHABI,Clinic,Khalifa City ,"Villa no. 147 , 12th Street، Opposite Al Forsan Village, Khalifa City A - Abu Dhabi
(Beside City Vet Clinic)",0097126720482
Holistic Medical Centre (Khalifa City) - Abu Dhabi,ABU DHABI,Clinic,,"Villa 141, 12th Street, Khalifa City A, Abu Dhabi",0097126661567
Hollywood Smile Medical Center - Abu Dhabi,ABU DHABI,Clinic,,"Khalifa Street
P.O. Box 7435
Abu Dhabi, UAE",0097126271371
Home Health Medical Centre (Mussafah) Abu Dhabi,ABU DHABI,Clinic,,"1st Floor, Bldg No 31، Shabiya 11، Mussafah, Abu Dhabi - UAE",0097125530162
Hope Medical Center - Abu Dhabi,ABU DHABI,Clinic,,"GCC New Office Building, Plot No: 384 / Building 46, Al Mafraq Industrial Area, Abu Dhabi",0097125551430
ICON CLINIC LLC,ABU DHABI,Clinic,,"PLAZA 30 BLDG. 9-B GROUND FLOOR, AL NAHYAN CAMP, ABU DHABI, UAE
",971255816699
ILLC MEDICAL CLINIC - SOLE PROPRIETORSHIP LLC (AL MAFRAQ) ABU DHABI,ABU DHABI,Clinic,,"Al Nasser Workers Village, AL Mafraq-Abu Dhabi
",091725538098
INTERCONTINENTAL DENTAL CLINIC LLC (AL SAUD ST) ABU DHABI,ABU DHABI,Clinic,,"KING ABDULLAH BIN ABDULAZIZ AL SAUD STREET, ABU DHABI, UAE",97126665323
Ibn Al Nafis Medical Centre LLC - Abu Dhabi,ABU DHABI,Clinic,,"Bin Sagar Tower,Najda St.,
P.O.box: 42528
Abu Dhabi - U.A.E",0097126324200
Ibn Al Nafis Medical Centre LLC - Branch 1 - Abu Dhabi,ABU DHABI,Clinic,,"Ibn Nafees Medical Center Bramch 1, Villa 94, 16th Street, Khalifa City A, Abu Dhabi",0097125553800
Ibn Sina Medical Center - Abu Dhabi,ABU DHABI,Clinic,,"Box 3084
Abu Dhabi, UAE",0097126816400
Ibn Sina Medical Centre - Branch 1 - Abu Dhabi,ABU DHABI,Clinic,,"Al Reef Compound Beside Select Market, Abu Dhabi",0097126739001
Ideal Medical Center - Abu Dhabi,ABU DHABI,Clinic,,"P.O. Box: 25376
Abu Dhabi, U.A.E
Beside the central market",0097126224611
Ideal Medical Center - Al Ain,ABU DHABI,Clinic,Al Ain City,".Al Jemi, Behind Careffourm, Al Ain, U.A.E email: id_clinic@hotmail.com",0097137626046
Indus Medical Centre LLC - Abu Dhabi,ABU DHABI,Clinic,,"Near Punjab Flower Restaurant And Parco Hypermartket, China Camp, Workers Village 2, Mafraq Abu Dhabi",007125851800
Infiniti Clinic For General Medicine  - Abu Dhabi,ABU DHABI,Clinic,Western Region,"Al Wadi Building, Second Floor, Industrial Area, Madinat Zayed, Western Region, Abu Dhabi ",0097128882622
Intercare Health Center  - Abu Dhabi,ABU DHABI,Clinic,,"Unit B35, Marina Vilage, Abu Dhabi",0097126390080
Ishtar Medical Centre (Al Najdah St.) Abu Dhabi,ABU DHABI,Clinic,,"Abu Dhabi Plaza Complex , Flat 405, Oposite Al Mariah Mall, Fatima Bint Mubarak Street (Al Najdah St.), Abu Dhabi, UAE",97126333886
Ittihad Medical Center - Abu Dhabi ,ABU DHABI,Clinic,,"P.O.Box 46091
Abu Dhabi-UAE",0097126226611
Ivory Medical Center - Al Ain,ABU DHABI,Clinic,Al Ain City,"Centrali District, Near Clock Round About, Hessa Bint Mohammed Street, Al Ain",0097137376339
Juman Pearls Dental Clinic - Abu Dhabi,ABU DHABI,Clinic,,"No. 7 M01 Flr. Heidelberg Bldg., Muroor Rd. Abu Dhabi
P.O. Box: 35769, Abu Dhabi
",0097124484647
KKT Orthopedic Spine Center - Sole Proprietorship (Al Bateen) Abu Dhabi,ABU DHABI,Clinic,Al Bateen,"Near American Community School, Al Bateen, Abu Dhabi",0097126815550
KOREAN COSMETICS MEDICAL CENTER LLC - ABU DHABI,ABU DHABI,Clinic,," Al Muwaiji, Sharia Al Muwaiji, 135: Khalifa Bin Zayed Street, Building, Mr. Mohammed Joaan Rashid Al Badi, Abu Dhabi",97137828880
Karachi Medical Polyclinic - Abu Dhabi,ABU DHABI,Clinic,,"M40, ICAD Area Mussafah, Abu Dhabi",0097125500730
Khalifa Medical Centre - Abu Dhabi,ABU DHABI,Clinic,,"P.O. Box: 550, Al Falah Street.",0097126771400
Khyber Medical Centre (Al Dhafrah) Abu Dhabi,ABU DHABI,Clinic,Western Region,"Western Region, Madinat Zayed, Sanaya, Anjaz Building, Emirates Transport Road, Abu Dhabi",0097128847654
KidsHeart Medical Center - Abu Dhabi,ABU DHABI,Clinic,,"54 Al karamah Street, Corner Delma Street",0097124458881
Kohat Medical Centre - Abu Dhabi,ABU DHABI,Clinic,,"M-40 Mussaffah
P.O. Box: 110826",0097125511129
Kohat Valley Medical Centre LLC - Abu Dhabi,ABU DHABI,Clinic,,"Abu Dhabi, UAE",0097125511129
LAHORE MEDICAL CENTRE (MUSSAFAH) ABU DHABI,ABU DHABI,Clinic,,"17, NEAR SHABAB, MUSSFAH SUPERMARKET, SANAIYA M-26, MUSSAFA, ABU DHABI",97125462548
LEVANTINE MEDICAL CENTER (AL BATEEN) AL AIN,ABU DHABI,Clinic,Al Ain City,"SOUQ EXTRA, FIRST FLOOR
ROAD 2 AL BATEEN
",91737666339
LEVARD MEDICAL CENTER (AL YAHAR) AL AIN,ABU DHABI,Clinic,,"ST 92, AL WAHA AL AAMERAH , AL AIN",97137808102
LEVARD MEDICAL CENTER - BRANCH (AL NAEMAH) AL AIN,ABU DHABI,Clinic,,"HAZZA IBN SULTAN ST, NEIMA , AL AIN -1ST FLOOR  OF EARTH  RETAIL SUPERMARKET


",97137511133
LIFECARE MEDICAL CENTER LLC (AL WATHBA) - ABU DHABI ,ABU DHABI,Clinic,,"NBB WORKERS CITY (A), RAZEEN, AL WATHBA, ABU DHABI
",97125826812
LIWA MEDICAL CENTRE (AL DHAFRA) ABU DHABI,ABU DHABI,Clinic,Western Region,"BUILDING-C17, AL TAJANUS STREET, ABU DHABI",97128822877
LLH Medical Centre Al Musaffah  - AUH,ABU DHABI,Clinic,Mussafah,"Plot - C173, M Floor, Shabia 9 , Musaffah, Near Al Najah Private School, Abu Dhabi",0097125531414
LLH Medical Centre Al Musaffah LLC - Branch 3,ABU DHABI,Clinic,Mussafah,"M40, KM Trading Building, ICAD, 16 Street, Musaffah Industrial Area, Abu Dhabi",0097124116450
LLH Medical Centre Al Musaffah LLC- Branch 1,ABU DHABI,Clinic,Mussafah,"Near labotel Camp, Mafraq industry, Abu Dhabi",00971565024995
LLH Medical Centre LLC-  Abu Dhabi,ABU DHABI,Clinic,Mussafah,"No. C55, Musaffah , Shabiya ME II, Near to Al Madina Supermarket Building, Abu Dhabi",0097124116452
Lakeshore Medical Center (Tourist Club) Abu Dhabi,ABU DHABI,Clinic,,"Near Sedar Building, Future Pharmacy Bldg., 1st Floor Room 103, Tourist Club Area, ABu Dhabi",0097126740090
Laurette Medical Centre (Old Manaseer Area)- Al Ain,ABU DHABI,Clinic,Al Ain City,"Old Manaseer Area,  Falaj Hazza Round About, Al Ain",0097137663662
Life Care Clinic - Abu Dhabi,ABU DHABI,Clinic,,"Magenta Real Estate Management LLC, Magenta Pearl Village, Abu Dhabi",0097125824916
Lilac Medical Centre - Abu Dhabi,ABU DHABI,Clinic,Al Bateen,"20th Floor C1 Building, Behind ADIB Bank, Al Bateen, Abu Dhabi",0097122222469
London Consulting Medical Center (Al Manaseer) Abu Dhabi,ABU DHABI,Clinic,,"Street #10, Shk. Khalifa Bin Shakboot St., Al Manaseer, VillaNo.253, Abu Dhabi
",0097126261661
MEDICLINIC HOSPITALS (ALZAWIYAH ST) ABU DHABI,ABU DHABI,Clinic,,"ALZAWIYAH ST, ABU DHABI",97124126110
MEDICLINIC HOSPITALS L.L.C (CLINICS) - BRANCH (CORNICHE) ABU DHABI,ABU DHABI,Clinic,,"ABU DHABI INVESTMENT AUTHORITY 
CORNICHE
",097126139548
MEDLINK MEDICAL CENTRE (AIRPORT RD) ABU DHABI,ABU DHABI,Clinic,,"SHEIKH RASHID BIN SAEED STREET, MEZZANINE FLOOR, SAEED HAMED AL HAMILY BUILDING #59, AIRPORT ROAD, ABU DHABI",97126584455
METRO INTERNATIONAL  MEDICAL CENTER LLC (AL RAHB) ABU DHABI,ABU DHABI,Clinic,Al Rahba,"Emirates post Building AL RAHB ST
",97125566024
MOON LIGHT MEDICAL CENTER LLC (Sanaiya) - Al Ain,ABU DHABI,Clinic,Al Ain City,"Plot No. 37 Road No. 15, Batha Alhyer, Sanaiya, Al Ain",0097137519966
MUBARAK MEDICAL CENTER - BRANCH (WORKER CITY 2) ABU DHABI,ABU DHABI,Clinic,,"AL ESHOUSH VILLAGE, AL MAFRAQ WORKERS-CITY 2 ",97125837772
Macani Medical Center (Khalidiya St.) - Abu Dhabi,ABU DHABI,Clinic,,"201 - 205, Al Montazah Tower, Khalidiya, Abu Dhabi",0097126422424
Majestic Dental Center - Abu Dhabi,ABU DHABI,Clinic,,"Al Falah St., Opp. Abu baker Mosque, Abu Dhabi P.O. Box: 107374 ",0097126669161
Manchester Dental Center - Abu Dhabi,ABU DHABI,Clinic,,"Zayed the First Street, Khalidiya, P.O.Box : 60113, Abu Dhabi, ",0097126669411
Mardan Medical Center - Sole Proprietorship (Mussafah) Abu Dhabi,ABU DHABI,Clinic,Mussafah,"Ground Floor Shop No., 2 & 3 Bldg. Owner Shuaa Al Sahab General Maintenance, M32, Mussafah, Abu Dhabi",0097124411413
Mariam Medical Center (Baniyas) Abu Dhabi,ABU DHABI,Clinic,,"Shop No. 2B Plot No. F2C4_1, Magenta Peral Village, Al Mafraq Industrial 2, Baniyas, Abu Dhabi",0097126214626
Maribel Dental Clinic (Al Falah St.) Abu Dhabi ,ABU DHABI,Clinic,," Office # 104, Al Falah Street, Near Al Falah Plaza, PO Box 7072, Abu Dhabi City, Abu Dhabi, UAE ",0097126424942
Max Care Medical Clinic - Abu Dhabi,ABU DHABI,Clinic,,"Musaffah, M43, 7th Street, Abu Dhabi, UAE",0097148748355
Maxim Medical Centre (ICAD3) Abu Dhabi,ABU DHABI,Clinic,,"Al Dhafra Workers Village, ICAD 3, Mussafah, Abu Dhabi",0097125500161
Medica International Medical Center (Corniche St) Abu Dhabi,ABU DHABI,Clinic,,"Corniche St, Markaziya, Abu Dhabi",0097126282293
Medical Speciality Centre (Khalidiya) Abu Dhabi,ABU DHABI,Clinic,,"Zayed 1st Street, Khalidiya, Abu Dhabi",0097126336325
Mediclinic - Khalifa City LLC,ABU DHABI,Clinic,,"#284 Villa, Near Police Station, Khalifa City A, Abu Dhabi",0097128856700
Mediclinic Al Mamora LLC - Abu Dhabi,ABU DHABI,Clinic,,"P.O. Box: 46713, Abu Dhabi
",0097126723400
Mediclinic Hospitals - Al Musafah Speciality Clinics-Shabiya,ABU DHABI,Clinic,,"Al Musaffah, Abu Dhabi",0097124066874
Mediclinic Hospitals - Baniyas Clinics - Abu Dhabi,ABU DHABI,Clinic,,"P.O. Box: 46713
Baniyas, Abu Dhabi",0097124066938
Mediclinic Hospitals - Branch 6 (Zakher) Al Ain,ABU DHABI,Clinic,Al Ain City,"Zakher Near Al Ain Paradise Park, Al Ain",0097137628899
Mediclinic Hospitals - Madinat Zayed Speciality - WR,ABU DHABI,Clinic,Western Region,"Beda Zayed, Western Region, Abu Dhabi",0097128848883
Medline Medical Centre (Mussafah) - Abu Dhabi,ABU DHABI,Clinic,Mussafah,"M-26, Mussafah, Abu Dhabi",0097125530577
Medlux Medical Center (Mafraq) Abu Dhabi,ABU DHABI,Clinic,,"Plot No. 6, Door No.2, Mafraq Industrial Area 1, Abu Dhabi",0097126229333
Medstar Clinics Sanaiya Al Ain LLC ,ABU DHABI,Clinic,Al Ain City,"P.O. Box: 14444, Al Ain",0097137819229
Medstar ICAD Medical Center LLC- Abu Dhabi,ABU DHABI,Clinic,,"P.O. Box: 46713
Icad Residential City, Sahab Zone near Gate 3
Abu Dhabi",0097124066938
Merhi Dental & Orthodontic Center - Abu Dhabi,ABU DHABI,Clinic,,"P.O.BOX.52848
Abu Dhabi",0097126779600
Mesk Al Madina Medical Center  - Abu Dhabi,ABU DHABI,Clinic,,"ICAD Residential City
M40, Plot 96, Mussafah
P.O. Box: 30107, Abu Dhabi",0097125504333
Mezyad Medical Center - Abu Dhabi,ABU DHABI,Clinic,,"132526, Abu Dhabi",0097125519977
Modern Al Salam Otrho. & Dental Center - Al Ain,ABU DHABI,Clinic,Al Ain City,Al AIN ,0097137668688
Modern Center ,ABU DHABI,Clinic,,"P.O. Box 80015
Al Ain, UAE",0097137664764
Mubarak Medical Centre - Al Ain,ABU DHABI,Clinic,Al Ain City,"PO box 15488,
Al Ain,",0097137642978
Munich Medical & Rehabilitation Center - Al Ain,ABU DHABI,Clinic,Al Ain City,"Al Marfaa, Falaj Hazzaa, Near Falaj Hazzaa Police Station, Al Ain",0097137713870
My Health Medical Centre - Abu Dhabi,ABU DHABI,Clinic,,"Baniyas East 3_2,0, Mr. Nasser Salem Hameed Al Dahak Building, Abu Dhabi, UAE ",0097126767873
NAZEK MEDICAL CENTER - ABU DHABI,ABU DHABI,Clinic,,"Nazek medical center, Villa 25, Abu Dhabi
",97137550009
NMC Royal Family Medical Centre (Mohammed Bin Zayed City) - Abu Dhabi,ABU DHABI,Clinic,,"Prestige Tower, Near Capital Mall
Mohammed Bin Zayed City, ABu Dhabi
P.O. Box : 114621",0097126911500
NMC Royal Medical Center - Al Karama Branch - Abu Dhabi,ABU DHABI,Clinic,,"Near International Community School, Al Faris Street, Karama, Abu Dhabi",0097126144900
NMC Royal Medical Center - Shahama Branch - Abu Dhabi,ABU DHABI,Clinic,,"Opp. Deerfields Mall, C170, Shahama, Abu Dhabi",0097128859400
NMC Royal Medical Centre (Elektra Street) - Abu Dhabi,ABU DHABI,Clinic,,"Sama Tower Building, Sheikh Zayed 2nd Street. Elektra Road, Abu Dhabi",0097124978465
NOVA DENT CENTER - ABU DHABI,ABU DHABI,Clinic,,"P.O Box 112303 
Al Khalij Al Arabi st. 06 street near Gulf Diagnostic Center 
Dr. Yaser",0097126657557
New Al Ain Medical Clinics Center  - Abu Dhabi,ABU DHABI,Clinic,Al Ain City,"M101, Paris Gift Palace Building, Town Centre, Al Ain
P.O. Box: 17394 , Abu Dhabi",0097137641448
New Famous Medical Centre (Musaffah)  - Abu Dhabi,ABU DHABI,Clinic,,"Musaffah 34, Salem Hamees Salem Abdalla Building, Near KM Trading, Abu Dhabi",0097125538040
New Hyderabad Clinic (Mussafah) Abu Dhabi,ABU DHABI,Clinic,,"79th Street, Mussafah, Near NMC Pharmacy, Abu Dhabi, UAE",0097125522252
New Look Medical Center (Khabisi) - Al Ain,ABU DHABI,Clinic,Al Ain City,"Khabisi, Opposite Of Hazza Bin Zayed Stadium, Al Ain,UAE
",0097137857988
New Look Medical Center (Muroor Road) - Abu Dhabi,ABU DHABI,Clinic,,"Muroor Road, Opposite Of Madinat Zayed Shopping Center, Abu Dhabi
",0097126333361
New Look Medical Center Branch 1 (Extra Mall) - Al Ain,ABU DHABI,Clinic,Al Ain City,"Souq Extra Mall, Al Ain,UAE
",0097137857988
New Look Medical Center Branch 3 (Al Yahar)  - Al Ain,ABU DHABI,Clinic,Al Ain City,"Al Yahar, Al Ain",0097137857988
New Look Medical Center Branch 4 (Baniyas East) - Abu Dhabi,ABU DHABI,Clinic,,"Baniyas East 11, Abu Dhabi",0097125500603
New Medical Centre  - Branch of Abu Dhabi 2,ABU DHABI,Clinic,,"Plot No. 230, Sector Shiebat Al Salam
Zone Sanaiya, Al Ain",0097137044700
New National Medical Centre  - Br 1 - Abu Dhabi,ABU DHABI,Clinic,,"NASE ABDULLAH AL YATEEM BUILDING NO. 27, AL MADEENAH AS SINA IYAH 2ND STREET ICAD, SECTOR M36 PLOT 138",0097125852420
New National Medical Centre - Abu Dhabi,ABU DHABI,Clinic,,"P.O.BOX 30666
Abu Dhabi, UAE",0097125520100
Noor Al Ahli Medical Center - Abu Dhabi,ABU DHABI,Clinic,Al Ain City,"Building #243-A, Sanaya, Al Ain, Abu Dhabi  PO Box: 83339
",0097137665852
Noor Al Ahli Medical Center Branch 1 - Abu Dhabi,ABU DHABI,Clinic,Mussafah,"M Floor, Gate #1, Inside Mall, Musaffah, ICAD Residential City, AUH  PO Box: 2419
",0097125575890
Noor Al Ahli Medical Center Branch 2 - Abu Dhabi,ABU DHABI,Clinic,Mussafah,"M Shabiyah, Building #C-5, Musaffah, AUHPO Box: 2419
",0097125530368
Noor Al Ahli Medical Center Branch 4 - Abu Dhabi,ABU DHABI,Clinic,,"Baniyas West, Abu Dhabi  PO Box: 2419
",0097125858529
Noor Al Ahli Medical Center Branch 6 - Abu Dhab,ABU DHABI,Clinic,,"Marfa Souq, Opposite Abu Saeed Mosque, Mirfa, Al Dhafrah Region, Abu Dhabi, UAE",0097128833020
Noor Al Shifa Medical Center - Abu Dhabi,ABU DHABI,Clinic,,"New Shahama, Dubai Mafraq Road, Abu Dhabi",0097125633380
Noor Alahli Medical Center - Branch 3,ABU DHABI,Clinic,,"BEHIND LIWA CENTER, HAMDAN STREET, ABU DHABI  ",97126811533
Nora Medical Centre - Abu Dhabi,ABU DHABI,Clinic,,"P.O. Box 7959
Abu Dhabi, UAE

Dr. Sarda",0097126411121
North Island Clinic - Abu Dhabi,ABU DHABI,Clinic,,"NORTH ISLAND Oilfield, Abu Dhabi",97126020575
"Novomed Centers Branch 2 (Al Saud Street, Al Bateen) - Abu Dhabi",ABU DHABI,Clinic,,"King Abdullah Bin Abdulaziz, Al Saud Street, Al Bateen, Abu Dhabi",0097122222106
Novomed Centers Branch of Abu Dhabi 1 (Al Awwal St) -Al Ain,ABU DHABI,Clinic,,"Villa 13, Towayya Al Ragayeb, Mohammed Ibn Zayed, Al Awwal Street, Dubai Al Ain Road, Al Ain",0097137222230
ORTHOPLUS MEDICAL CENTER LLC - AL AIN,ABU DHABI,Clinic,Al Ain City,"AL AIN COOPERATIVE SOCIETY BLDG. 1ST FLOOR
AL SALAMAT
",97137800738
Oasis Medical Centre - Abu Dhabi,ABU DHABI,Clinic,Mussafah,"ICAD, Mussafa 
",0097125506691
Oasis Medical Centre Branch 1 - Abu Dhabi,ABU DHABI,Clinic,Al Falah,"M floor, Oasis Building, Al Falah Street, Madinat Zayed Area, AUH PO Box: 2419",0097126763282
Occu Med Clinic - Abu Dhabi,ABU DHABI,Clinic,,"Global Ascent Business Center 15G, Mussafah Industrial area, Abu Dhabi",0097125134000
One Eighty Medical Center - Abu Dhabi,ABU DHABI,Clinic,Al Ain City,"Room 202, 2nd floor Abu Dhabi Islamic Bank Building Women's Banking Oud Al Touba Al Ain",0097137640001
Orthoplus Bone And Joint Center (Main St.) Al Ain,ABU DHABI,Clinic,Al Ain City,"Al Fardan Exchange Building, Main Street, Town Center, Al Ain, UAE",0097137800378
Oxford Medical Center (Muroor Road) Abu Dhabi,ABU DHABI,Clinic,,"Abu Dhabi, AL Muroor, Near Amirates Genral Market",0097124489666
PATTAYA MEDICAL CENTRE (MUSSAFAH) ABU DHABI,ABU DHABI,Clinic,,"RASHID KHADIM RASHID ALMOHARI,1ST FLOOR, FLAT # 216, MUSSAFAH INDUSTRIAL AREA M-37  ",97125530233
PERFECT SMILE DENTAL CENTRE LLC (HAMDAN ST) ABU DHABI,ABU DHABI,Clinic,,"OFFICE 203, AL DHABI TOWER, HAMDAN STREET, ABU DHABI",97126334660
PETRA MEDICAL CARE CENTRE (ALDANAH) ABU DHABI,ABU DHABI,Clinic,,"ESCAPE TOWER, ALDANAH AREA, SULTAN BIN ZAYED, ABU DHABI",97126411899
Pearly Smile Dental Center - Abu Dhabi,ABU DHABI,Clinic,,Dr. Safwan,0097126393677
Pearly Smile Dental Center LLC - Branch 1 - Abu Dhabi ,ABU DHABI,Clinic,,"Khalifa City A, 16 Street C11, Building M4, Abu Dhabi ",0097125566520
Peshawar Medical Centre - Abu Dhabi,ABU DHABI,Clinic,,"Infront of ICAD City,
ME#40 Sanaiya Mussaffah
Abu Dhabi
P.O. Box: 13111",0097125508987
Pride Medical Center - Al Ain,ABU DHABI,Clinic,Al Ain City,Street No: 15 Batha Al Hayyer Sanaiya Al Ain,0097137998920
Prime Care Medical Center (M-4) Abu Dhabi,ABU DHABI,Clinic,,"Mussafah, M/4, Sanaiya - Abu Dhabi, UAE ",97125538188
Prime Cure Medical Center (Al Falah St) Abu Dhabi,ABU DHABI,Clinic,,"Mezar Salem Bldg., Al Falah (Jawazat) St., Beside Wear Mart, Carrefour & Kalyan Silk, Abu Dhabi",0097126342424
Pristine Dental Clinic (Musaffah) Abu Dhabi,ABU DHABI,Clinic,,"53rd Street, Musaffah ME-10, Shabiya, Abu Dhabi",0097126446650
Proficiency Medical Center - Abu Dhabi,ABU DHABI,Clinic,,"C 199, Near The Model School, Shabiya 12, Mussaah, Abu Dhabi",97125533171
Providence International Medical & Cosmetic Center LLC Abu Dhabi,ABU DHABI,Clinic,,"Camp Tower Building M1, Muroor Road Al Nahyan Camp, Abu Dhabi, Next to TeaTime Cafeteria, Opposite of ADCB",0097126661197
Pyramids Dialysis Center (Neima) Al Ain,ABU DHABI,Clinic,Al Ain City,"24 St, Street No. 24, Villa No 1, Neima, Al Ain      ",97137627060
Quality Care Medical Center (Corniche St.) AUH,ABU DHABI,Clinic,,"Corniche St. Crossing Liwa Street, Abu Dhabi, UAE",0097126260600
Qualitydent Medical Centre (Al Bateen St.) - Abu Dhabi,ABU DHABI,Clinic,,"1st Floor Salama Residence Corniche Road, Al Bateen St., Abu Dhabi
",0097126679993
RELAX HEALTH INTERNATIONAL MEDICAL CENTER (MADINAT ZAYED) ABU DHABI,ABU DHABI,Clinic,,"KHALIFA STREET, MADINET ZAYED , ALDHAFRA REGION, ABU DHABI",97128860088
ROYAL CARE MEDICAL CENTRE (FALAJ) AL AIN,ABU DHABI,Clinic,,"FALAJ HAZZA, AL AIN",97137666448
ROYAL CARE MEDICAL CENTRE - BRANCH1 (AL YAHAR) AL AIN,ABU DHABI,Clinic,,"AL YAHAR, AL AIN",97137814455
Rahat Medical Centre - Abu Dhabi,ABU DHABI,Clinic,,"P.O. Box 44094
Abu Dhabi, UAE
Dr. Upjinder kavr",0097126333924
Rahmath Sila Clinic - Abu Dhabi,ABU DHABI,Clinic,,"UAE Exchange Building, Al Sila, Abu Dhabi",0097128724999
Rana Medical Center - Al Ain,ABU DHABI,Clinic,Al Ain City," Sh. Mubarak R/A Ammeria St. # 63-A, Along Labor Office, Back side of Jimi Mall",0097137636308
Real Health Center (Al Jahili) Al Ain,ABU DHABI,Clinic,Al Ain City,"128 Al Mutaredh Street, Rotana Roundabout, Al Jahili, Al Ain",0097137010100
Right Choice Medical Center (Mussafah Sanaiya M10) Abu Dhabi,ABU DHABI,Clinic,,"Musaffah industrial area block M10, Mussafah Sanaiya, Abu Dhabi, UAE",97124917600
Rival Rehabilitation Center - Al Ain,ABU DHABI,Clinic,Al Ain City,"61st Street, Al Wagan, Al Ain",97137228949
Royal Spanish Center Lasik Eyes & Cosmetic- Abu Dhabi,ABU DHABI,Clinic,,"Villa No. 273/3, Al Falah Road, Abu Dhabi",0097126662050
Royal Star Dental Clinic - Sole Proprietorship (Corniche) Abu Dhabi,ABU DHABI,Clinic,,"Al Sahel Towers - Villa 5, Street 43A Beside - Corniche Rd - Abu Dhabi, UAE",0097126667646
SAMA TABRIZI DENTISTRY LLC (NUZHA ST) ABU DHABI,ABU DHABI,Clinic,,"NUZHA ST, NO 5, FIRST FLOOR, FLAT 104, MINISTRIES COMPLEX, NEAR KHALIFA PARK, ABU DHABI",97125833328
SARHAD MEDICAL CENTER - ABU DHABI,ABU DHABI,Clinic,,"MUSAFFAH SANAIYA 2, M2
Street # 17
",97125544887
SHROUQ AL SABAH MEDICAL CENTER (AL JIMI) AL AIN,ABU DHABI,Clinic,,"BLDG. NO. 209, BALADIYA STREET, AL AIN",97137801233
SOFT CARE MEDICAL CENTER  (ALAWWAL ST) ABU DHABI,ABU DHABI,Clinic,,"VILLA NO 53, SHEIKH KHALIFA BIN ZAYED ALAWWAL STREET, AL AIN",97137532121
STANFORD MEDICAL CENTER (AL BATEEN) ABU DHABI,ABU DHABI,Clinic,,"VILLA 438, AL KHALEEJ AL ARABI ST AL BATEEN, ABU DHABI",97127775777
Sadiq Polyclinic (Musaffah) - Abu Dhabi,ABU DHABI,Clinic,,"Opposite Spinneys Near ICAD City Street 11, Mussafah Industrial Area M37, Abu Dhabi",0097125506804
Safe Care Dental Center (Baniyas East 12) AUH,ABU DHABI,Clinic,,"Shaheen SuperMarket Building, East 12, Baniyas City, Abu Dhabi, UAE",0097125868655
Sahara Medical Center - Abu Dhabi,ABU DHABI,Clinic,,"C02 near ICAD Residential City M44, Sector 16, Mussaffah, Abu Dhabi ",0097125556393
Sama Alsham Dental & Medical Center (Hamdan St) Abu Dhabi,ABU DHABI,Clinic,,"Hamdan Strett, Abu Dhabi, UAE",0097126264334
Sama Alshamkha Medical Center - Abu Dhabi,ABU DHABI,Clinic,,"AlShamkha Near ADNOC technical Insitute , Behind Al Qima School 
",0097125866020
Sama Tabrizi Dentistry  - Al Ain,ABU DHABI,Clinic,Al Ain City,"Villa #5, Oud Bin Saghan St., Al Muwaiji, Al Ain",0097137661178
Scand Care Dental Clinic - Abu Dhabi,ABU DHABI,Clinic,,"HILI Mall NDOOD JHAM BANI YAS STR PRP 39259, AL AIN",0097126213556
Sehaty Medical Center (Musaffah) Abu Dhabi,ABU DHABI,Clinic,Mussafah,"Unit 29, ICAD 3, Musaffah, Abu Dhabi",0097124447336
Sewak Al Emarat Dental Center (Shakboot City) Abu Dhabi,ABU DHABI,Clinic,,"Shakboot City, Street 66, Villa # 7, Abu Dhabi",0097125552011
Shadi Internatinal Dental & Orthodontic Cent - AUH,ABU DHABI,Clinic,,"Al Murror Street 
ADCB Building 
12 Floor 
Flat 1202",0097126228880
Shah Al Hosn PLQ - Abu Dhabi,ABU DHABI,Clinic,Western Region,"Western Region,Al Dhafra, Abu Dhabi",97126024518
Shaheen Medical Centre - Abu Dhabi,ABU DHABI,Clinic,,PO Box 32384,0097126411345
Sheikh Khalifa Energy Clinic - ADNOC - Abu Dhabi,ABU DHABI,Clinic,,Sheikh Khalifa Energy Complex - Abu Dhabi,0097126020575
Sky Dental Center  - Branch 1 (Al Salam St) Abu Dhabi,ABU DHABI,Clinic,,"Khalifa A city , Alforsan village , Villa No.45 – Abu Dhabi",97126677448
Sky Dental Center [Hamdan St.] Abu Dhabi,ABU DHABI,Clinic,,"Hamdan St, Behind Liwa Center, Next to K Mart &  - Abu Dhabi",0097126268880
Smile Al Reem Dental Center- Abu Dhabi,ABU DHABI,Clinic,,"Beside Mcdonalds Al Khalidiya, Kamala Tower, Abu Dhabi",0097126660922
Smile Factory Dental Center  (Baniyas East) Abu Dhabi,ABU DHABI,Clinic,,"Baniyas East - Behind Mafraq Mall, 17 Street, Villa 54, Abu Dhabi, UAE",97125840409
Smile First Dental Center (Salam St) - Abu Dhabi,ABU DHABI,Clinic,,"M01 - Arzanah Tower, Salam St., Abu Dhabi",0097126226672
"Smile Line Dental Center (Dabbas Street, Khalidiya) - Abu Dhabi",ABU DHABI,Clinic,,"Villa #54, Al Dabbas Street (16th St) - Behind Khalidiya Park, Abu Dhabi",0097122222667
Sno Wellness Medical Center (Al Nahyan) Abu Dhabi,ABU DHABI,Clinic,,"Villa 4, Plaza 30, Al Nahyan, Abu Dhabi",97124936789
South Island Clinic - Abu Dhabi,ABU DHABI,Clinic,,"South Island Oilfeild, Abu Dhabi
",97126020575
Spectra Dental Clinic LLC - Abu Dhabi,ABU DHABI,Clinic,,"1202, Al Niyadi building, Airport Road, Abu Dhabi",0097126421565
Spectrum Medical Center Branch 1 - Abu Dhabi,ABU DHABI,Clinic,Al Ain City,"Main Street Shobra Building
First Floor, Al Ain
P.O Box: 99977",0097137800778
Spectrum Medical Centre - Al Ain,ABU DHABI,Clinic,,"Near Lulu Murabba Express, 137 Zayed Bin Sultan Street, Hilton Road, Downtown, Al Kuwaitat, Al Ain",0097137556598
Star Al Ahalia Medical Center LLC - Abu Dhabi,ABU DHABI,Clinic,,"Building C76, Near Gayathi Market, Gayathi, Abu Dhabi PO Box: 2419",0097128744677
Star Medical Center LLC - Abu Dhabi,ABU DHABI,Clinic,,"Flat 202, Anarkali Plaza, Hamdan Bin Muhammad Road, Abu Dhabi",0097126661003
Star Medical Center LLC - Branch 1 - Abu Dhabi,ABU DHABI,Clinic,,"Office 8,9,10, Building 67, M-26, Sanaya, Musaffah, Abu Dhabi",0097125558081
Sultan Medical Centre - Al Ain,ABU DHABI,Clinic,Al Ain City,"P.O Box: 15484,
Al Ain, UAE.",0097137641525
Summer Land Medical Centre - Abu Dhabi,ABU DHABI,Clinic,,"Villa 39, 15st. Exit 333 Shakhbout City, Khalifa City B, Abu Dhabi",0097125822888
Sun Medical Clinic - Al Ain,ABU DHABI,Clinic,Al Ain City,"Mahmoud Al Baloushi Building, Street 04, Sanayia, Al Ain",0097137215434
Sun Medical Clinic - Branch 1 - Al Ain,ABU DHABI,Clinic,Al Ain City,"Above Gulf Sun Hypermarket, Street 07, Sanayia, Al Ain",0097137803177
Swat Medical Poly Clinic - Abu Dhabi,ABU DHABI,Clinic,,"Musaffah M-40, Bldg 116, Street 11",0097125550038
Swedish Medical Center - Abu Dhabi,ABU DHABI,Clinic,,"P.O.Box 42414
Villa A1, Al Awasir street ,Opp Spinneys, Al Khalidiya - Abu Dhabi",0097126811122
TABRIZI EXPRESS DENTISTRY LLC (AL MUWAIJI) AL AIN,ABU DHABI,Clinic,Khalifa City ,"OUD BIN SAGHAN STREET, AL MUWAIJI, AL AIN	OUD BIN SAGHAN STREET PO BOX 66225
",97137661178
TIME CURE MEDICAL CENTER (MUSAFFAH) ABU DHABI,ABU DHABI,Clinic,,"ARAB COOK REST. BUILDING
MUSSAFAH
",97125508998
TRUDOC HEALTH CARE LLC - BRANCH OF ABU DHABI 1,ABU DHABI,Clinic,,ABU DHABI,971561884181
TRUE LIFE PRIMARY CARE CENTER LLC - AL AIN,ABU DHABI,Clinic,Al Ain City,"Industrial Zone, Peace Division, 122: Khalifa Bin Zayed The First Street, Building, Mr. Mohammed Thalloub Salem Hamad and others, Al Ain",97137854343
Tabibak Medical Clinic- Abu Dhabi,ABU DHABI,Clinic,,"HABSHAN, SHOP NO 2, BLOCK 291, HABSHAN ABU HASSA ROAD, WAHDA SUHAIL,AL MAZROUEI TRANSPORT CORPORATION",0097126225566
Taha Dental & Medical Center - Abu Dhabi,ABU DHABI,Clinic,Al Falah,P.O.Box 27754 ,0097126343438
Taj Dental Clinic - Abu Dhabi,ABU DHABI,Clinic,,"P.O Box 37886
Liwa st. Adjacent to lari Exchange Al Ain Jewellery Bldg. 0 Floor No 03 ",0097126220300
Tajmeel Dental Center - Branch 1 (Al Rowda) Abu Dhabi,ABU DHABI,Clinic,,"Al Karamah Street, Al Rowda, Abu Dhabi Tel 02-6107897  alt email: anya.uvelle@tajmeel.ae; rhea.navarroza@tajmeel.ae",0097126107809
Tajmeel Kids Park Medical Centre - Abu Dhabi,ABU DHABI,Clinic,,"P.O. Box: 94666 , Abu Dhabi",0097122015505
Tajmeel Specialized Medical Center (Al Raha City) Abu Dhabi,ABU DHABI,Clinic,,"23rd Floor, Al Dar Head Quarters Building, Behind Al Raha Mall, Al Raha City, Abu Dhabi",0097123047954
Talat Medical Center - Abu Dhabi,ABU DHABI,Clinic,,"P.O. Box 25339
Abu Dhabi, UAE",0097126426545
Talat Medical Centre New Al Musaffah - Abu Dhabi,ABU DHABI,Clinic,Mussafah,"Shabiya ME 12, Al-Musaffah,
Abu Dhabi, UAE P.O.Box: 25339
",0097125527100
The Health Team Medical Center (Al Mutaredh) Al Ain,ABU DHABI,Clinic,Al Ain City,40 2nd St Al Mutaredh Al Ain,0097137372211
The Heart Medical Center LLC (Al Khabisi) Al Ain,ABU DHABI,Clinic,,"Opposite VIP Gate of Sh. Hazza Stadium & Al Ain Hospital, Same side as Preventive Medicine,  Al Khabisi St., Al Ain - UAE",0097137511122
The Royal London Medical Center LLC - Al Ain,ABU DHABI,Clinic,Al Ain City,Al Ain Mouiji,0097137557155
The Specialist Diabetes Treatment & Research Centre (Al Arabi St) Abu Dhabi,ABU DHABI,Clinic,,"Al Khaleej Al Arabi Street, Next to Sheikh Zayed Military Hospital
Intersection of 29 & 30 Street, P.O.Box: 48338",0097124040800
The Specialist Diabetes Treatment & Research Centre - Branch 2 (Saif Ghubash St) - Abu Dhabi,ABU DHABI,Clinic,,"Saif Ghubash Street, Zayed Sports City Stadium, Abu Dhabi",0097124040800
The Specialist Diabetes Treatment & Research Centre Branch (Tawam) - Al Ain,ABU DHABI,Clinic,Al Ain City,Beside Tawam Hospital Al Ain,0097137464800
Thomas Dental Centre- Abu dhabi,ABU DHABI,Clinic,,"Lotus Medical Clinic
Al Falah Street (Old Passport Road)
PO Box 2572, Abu Dhabi",0097126414400
Top Care Medical Centre - Abu Dhabi,ABU DHABI,Clinic,Mussafah,"Al Eskan AL Jamae Building ,Shops no. R023, R024,R025 – Ground Floor ,  Mussafah Industrial Area,  Abu Dhabi-UAE  ",0097125500620
UNITEAM PRIMARY HEALTH CARE CENTER (AL WATHBA SOUTH) ABU DHABI,ABU DHABI,Clinic,,"ASPEN MEDICAL, ZAHR AL OYOUN STREET. ",97126650002
UNITEAM PRIMARY HEALTH CARE CENTER (Mohamed Bin Zayed City) ABU DHABI,ABU DHABI,Clinic,,"ASPEN MEDICAL, AL FARHAN STREET, ABU DHABI",971800200700
UNITEAM PRIMARY HEALTH CARE CENTER LLC BRANCH (ABU SAMRA) ABU DHABI,ABU DHABI,Clinic,,"ASPEN MEDICAL 6TH STREET
",97122087000
UNITEAM PRIMARY HEALTH CARE CENTER LLC BRANCH (AL DAHRA) ABU DHABI,ABU DHABI,Clinic,,"ASPEN MEDICAL 22ND STREET
",97122087000
UNITEAM PRIMARY HEALTH CARE CENTER LLC BRANCH (UM GHAFFA) ABU DHABI,ABU DHABI,Clinic,,"ASPEN MEDICAL AHL AL HAZM STREET
",97122087000
UNITEAM PRIMARY HEALTH CARE CENTER LLC- ABU DHABI,ABU DHABI,Clinic,,"ASPEN MEDICAL AL TTABA' STREET
",9712208700
UNIVERSAL SPECIALTY MEDICAL CENTER (MUSSAFAH) ABU DHABI,ABU DHABI,Clinic,,"C/150,SHABIYA 9,MUSSAFAH, ABU DHABI",97125524425
Ultra Medical Center (Al Jimi) Al Ain,ABU DHABI,Clinic,Al Ain City,Sheikh Mubarak (Al Jimi) Round About - Al Ain,97137625552
Umm Al Lulu Clinic - Abu Dhabi,ABU DHABI,Clinic,,"Umm Al Lulu Island, Abu Dhabi UAE",0097126024518
Umm Shaif Field Clinic - Abu Dhabi,ABU DHABI,Clinic,,"Umm Shaif Field, Abu Dhabi",97126024518
Unique Health Care Clinic LLC - Abu Dhabi,ABU DHABI,Clinic,,"Al Sarab Building, Mussafah Industrial M14, Near UBL Bank Mussafah, Abu Dhabi",0097125755333
Upper Zakum Clinic - Abu Dhabi,ABU DHABI,Clinic,,"Upper Zakum Oilfield, Abu Dhabi",97126020575
Urgent Care Medical Center (Zayed Bin Sultan St) Al Ain,ABU DHABI,Clinic,Al Ain City,"ZAYED BIN SULTAN ST. BLDG.136, 2ND FLR. AL RUBAINAH, AL AIN, UAE
",97137811008
Vista Care Specialized Clinic- Abu Dhabi,ABU DHABI,Clinic,,"Sheikh Zayed 1st Electra St
P.O. Box: 34531, Abu Dhabi",0097126263649
WESTERN MEDICAL CENTER (KHALIFA CITY) ABU DHABI,ABU DHABI,Clinic,,"AL MIREEF ST. VILLA # 4, PLOT #105 , OPP. AL YASMINA SCHOOL, KHALIFA CITY, ABU DHABI",97125565522
WHITE LILY MEDICAL CENTRE (BANIYAS) ABU DHABI,ABU DHABI,Clinic,Baniyas,"1ST FLOOR, BAWABAT AL SHARQ MALL, BANIYAS, ABU DHABI",97125556388
WLDY Medical Center (Jimi Area) - Abu Dhabi,ABU DHABI,Clinic,Al Ain City,"Front of Jimi Mall, Al Jimi Area, Al Ain",0097137222393
Wazirustan Medical Centre LLC - Abu Dhabi,ABU DHABI,Clinic,,"KHALIFA VILLA	Albaradi 
Abu Dhabi, UAE.",0097128741400
Well Care Medical Center - Abu Dhabi,ABU DHABI,Clinic,,"P.O.Box: 54557
Electra Street, Al Hamra Plaza",0097126766000
Well Health Medical Centre - Abu Dhabi,ABU DHABI,Clinic,,"Abu Dhabi, UAE ",0097126429393
West Island Clinic - Abu Dhabi,ABU DHABI,Clinic,,"West Island Oilfield, Abu Dhabi
",97126020575
Western Towers Al Ahlia Medical Center - Abu Dhabi,ABU DHABI,Clinic,Madinat Zayed,"MZE-Plot #158, Shop #10, Sanaya, Madina Zayed, AUH PO Box: 2419",0097128840522
YAS Health Care - Abu Dhabi,ABU DHABI,Clinic,Al Nahyan ,"2nd flr, Dusit Thani Commercial Complex
Al Muroor road .Al Nahyan,Opposite Al Jazeera Club
P.O. Box: 44852, Abu Dhabi",0097123336999
Yas Health Care Branch 1 - Abu Dhabi,ABU DHABI,Clinic,," Mustarhim St, Al Sa'adah Area, Ground Floor Retail-A, Al Falahi Tower, Mustarhim St, Muroor Road, Abu Dhabi",97123336999
Your Dental & Medical Center (Khalifa City A) Abu Dhabi,ABU DHABI,Clinic,,"KHALIFA CITY A, 16TH STREET,   ABU DHABI",97125855999
Zakum West Super Complex Clinic - Abu Dhabi,ABU DHABI,Clinic,,"Zakum West Island, Abu Dhabi",97126024518
Zenith Medical & Dental Center - Abu Dhabi,ABU DHABI,Clinic,,"P. O. Box 4287
Abu Dhabi, UAE",0097126216016
Zia Medical Centre - Abu Dhabi,ABU DHABI,Clinic,,"PO Box 13111,
Abu Dhabi, UAE",0097125522201
AL ANAMEL MEDICAL CENTER (AL BATEEN) ABU DHABI,ABU DHABI,Day Surgery Center,,"Al-Khaleej Al-Arabi Street, Beside First Medical Center, Villa 346, Al Bateen, Abu Dhabi",0097126662858
Advanced Center for Day Care Surgery (Airport Rd.) Abu Dhabi,ABU DHABI,Day Surgery Center,,"Jasmine Tower Building , Airport Road , Beside RAK Bank , Abu Dhabi , UAE",97126227700
Al Hosn One Day Surgery Centre - Abu Dhabi,ABU DHABI,Day Surgery Center,,"P.O.Box: 29078
Al Nasr Street, Obaid Jaber Bld,
Abu Dhabi, UAE",0097126215159
Al Mazroui Medical Centre One Day Surgery ,ABU DHABI,Day Surgery Center,,"PO Box 54873
Al Najda Street
Abu Dhabi
",0097126723232
Beverly Hills Medical Center (Al Karamah) Abu Dhabi,ABU DHABI,Day Surgery Center,,"Opp to Shuifat International School, Khalifa Bin Mohammed Street, Abu Dhabi",0097122222494
Burjeel Day Surgery Center (Al Reem) - Abu Dhabi,ABU DHABI,Day Surgery Center,,"ARC Tower, Al Reem Island, Abu Dhabi",0097123079999
CosmeSurge & Emirates Hospital (Al Karamah) Abu Dhabi,ABU DHABI,Day Surgery Center,,"Junction Al Karamah Street with Delma Street, Before Sultan bin Zayed Al Nahyan Stadium, Abu Dhabi",0097124466422
Cosmesurge Emarites Hospital For One Day Surgery - Al Ain,ABU DHABI,Day Surgery Center,,"AL JIMI, AL JIMI AREA, AL AIN",97137620022
EHG EMIRATES HOSPITAL DAY SURGERY LLC,ABU DHABI,Day Surgery Center,,"P2 The Shining Towers, Mubarak Bin Mohammed street, Khalidiya, Abu Dhabi",0097125014000
Elyzee Day Surgery Medical Center,ABU DHABI,Day Surgery Center,,AL BATEEN- KING ABDULLA BIN ABDULAZIZ AL SAUD STREET ,97125664222
Gulf International Cancer Centre (Al Bahia) Abu Dhabi,ABU DHABI,Day Surgery Center,,"Al Bahia, Beside Falcon Aviation Accommodation, Exit 39 ",0097125635558
Harley Street Medical Centre - Abu Dhabi,ABU DHABI,Day Surgery Center,,"Marina Village, Villa No. A 20, A 21 and A 22
Abu DHabi U.A.E.",0097126133999
Health Line Medical Centre - Abu Dhabi,ABU DHABI,Day Surgery Center,,"Baniyas East 11,26th St",0097125668600
Health Shield Medical Center (Salam St) Abu Dhabi,ABU DHABI,Day Surgery Center,,"Ministry Complex, Beside Khalifa Park, Al salam St., Abu Dhabi",0097126985651
Heart Beat Medical Center & One Day Surgery (Mushrif Area) Abu Dhabi,ABU DHABI,Day Surgery Center,,"Plot 103, Mushrif Area Opposite Khalifa University - Shk. Rashid Bin Saeed St - Abu Dhabi",0097124449494
Look Wow One Day Surgery (AL Jimi) Al Ain,ABU DHABI,Day Surgery Center,Al Ain City,"In front of Sheikh Hazza Bin Zaid Stadium, Al Ain",0097137227227
Magrabi Eye & Ear Center - Abu Dhabi,ABU DHABI,Day Surgery Center,,"4th Floor, Al Nakheel Tower, Baniyas Najda Street, Al Markaziya, Abu Dhab, Near National Bank of Oman",0097126345000
Magrabi Eye Center - Day Care Surgery - Al Ain,ABU DHABI,Day Surgery Center,Al Ain City,"P.O. Box: 85547
Al Ain",0097137612424
Magrabi Specialized Hospital Day care Surgeries (Al Khaleej Al Arabi St.),ABU DHABI,Day Surgery Center,,"Al Khaleej Al Arabi Street, Near Zakat Fund, P.O Box 46583 Abu Dhabi  Tel No: 02-6345000",0097124446565
Marina Health Promotion Center  - Abu Dhabi,ABU DHABI,Day Surgery Center,,"Marina Mall, Abu Dhabi",0097123338333
Medical Park Consultants One Day Surgery Center (Al Bateen)  Abu Dhabi,ABU DHABI,Day Surgery Center,,"Beside Al Bateen Municipality, Abu Dhabi, Beside BNP Paribas Bank",0097123048888
Moorfields Eye Hospital Centre (Marina Village) Abu Dhabi,ABU DHABI,Day Surgery Center,,Marina Village Villa B01 & B02 behind Marina Mall - in front of Mirage Marina Cafe,0097126356161
TARMEEM ORTHOPEDIC AND SPINE DAY SURGERY CENTRE (KHALIFA CITY) ABU DHABI,ABU DHABI,Day Surgery Center,,"  2 AL TASHREEF ST, KHALIFA CITY, SECTOR 33, ABU DHABI",97123013800
Unique Al Ahalia Ophthalmology One Day Surgery Medical Center (Delma St.) Abu Dhabi,ABU DHABI,Day Surgery Center,,"Junction Delma Street with Old Airport Road, Abu Dhabi PO Box: 2419",0097126262666
Wellness One Day Surgery Centre - Abu Dhabi,ABU DHABI,Day Surgery Center,,"Villa 111, 21st Muroor Dihan St., Al Zafranah, 
P.O. Box: 52613, Abu Dhabi
",0097126422424
YAS CLINIC ONE DAY SURGERY (MUSSAFAH) ABU DHABI,ABU DHABI,Day Surgery Center,,Dalma Mall - Mussafah,0097126416999
Yateem Eye Center and Day Care Surgery (Khalifa City A) Abu Dhabi,ABU DHABI,Day Surgery Center,,"SW 16, Khalifa City A, Parallel Avenue to 29th Street, Abu Dhabi ",0097126666167
Accuracy Plus Medical Laboratory (Hamdan St.) Abu Dhabi,ABU DHABI,Diagnostics,,"M02, Aster Pharmacy Building, Hamdan Street - Abu Dhabi",0097126333923
Al Borg Diagnostic Centre For Laboratories (Al Najda St) Abu Dhabi ,ABU DHABI,Diagnostics,,"Al Najda St. (Fatima Bint Mubarak) Bin Arrar Building, 1st Floor, Abu Dhabi",00800252674
Al Borg Diagnostic Centre For Laboratories (Khalifa Bin Zayed St) Al Ain,ABU DHABI,Diagnostics,Al Ain City,"Unit No. 201, Bin Sedira Building, Khalifa Bin Zayed Street, Al Ain",00800252674
Al Taj Medical Laboratory - Al Ain,ABU DHABI,Diagnostics,Al Ain City,"Above Al Fardan Exchange, Mezzanine Floor, Main Street, Town Center, Al Ain",0097137666082
Biotech Diagnostic Centre Medical Laboratory LLC - Al Ain,ABU DHABI,Diagnostics,Al Ain City,"Flat No. 103, Mezzanine Floor, Al Haja Store Building, Town Centre Area, Al Ain, UAE",0097137516518
Dar Al Mouasah Diagnostic Center,ABU DHABI,Diagnostics,,"P. O. Box 41810
Abu Dhabi
United Arab Emirates",0097126260066
Ideal Clinical Laboratories - Abu Dhabi,ABU DHABI,Diagnostics,,"C-44, Mezzanine Floor, Opposite to Emirates Future International Academy",0097125558448
Life Medical Diagnostics - Abu Dhabi,ABU DHABI,Diagnostics,,"P.O.Box 7917, Abu Dhabi-UAE, Previously Life Diagnostic Centre
",0097126332300
Mena Labs Medical Laboratory (Najda St) - Abu Dhabi,ABU DHABI,Diagnostics,,"2nd Floor Al Mazroui Building, Najda Street, Abu Dhabi, UAE",0097124483699
Proficiency Healthcare Diagnostic Laboratories  - AUH,ABU DHABI,Diagnostics,,P.O. Box: 39430,0097124919300
Proficiency Specialist Laboratories - Abu Dhabi,ABU DHABI,Diagnostics,,"Mohamed bin Zayed, C 219, Abu Dhabi
",0097125533171
The Open MRI Center - Abu Dhabi,ABU DHABI,Diagnostics,,Delma Street; Al Nahyan Com Bldg ; 5B; Abu Dhabi,0097124442246
UNILABS DIAGNOSTICS LLC (KHALIFA ST) ABU DHABI,ABU DHABI,Diagnostics,,"Khalifa St, Above Manara Pharmacy, Abu Dhabi
",0097126274767
ADNOC - AL DHANNAH HOSPITAL - ABU DHABI (AL RUWAIS HOSPITAL),ABU DHABI,Hospital,Ruwais,"Al Ruwais, Al Dhafra Region",97126020535
AL ABEER MEDICAL CENTER DAY SURGERY UNIT LLC (ELECTRA) ABU DHABI,ABU DHABI,Hospital,,"BLDG. NO. 5022, FATIMA BINT MUBARAK ST., ABU DHABI, UAE",97126330440
Ain Al Khaleej Hospital (Al Jimi)  Al Ain,ABU DHABI,Hospital,Al Ain City,"Hamdan Bin Mohammad Street, Behind Al Jimi Mall, Al Jimi - Al Ain",97137133333
Al Ahalia Hospital (Hamdan St) Abu Dhabi,ABU DHABI,Hospital,,"Hamdan Street, Abu Dhabi",0097126262666
Al Ahalia Hospital (Mussafah) Abu Dhabi,ABU DHABI,Hospital,," M-24,Mussaffah, Near BMW Show Room
",0097128119119
Ambulance and Public Safety Department- Abu Dhabi,ABU DHABI,Hospital,,"Al Muroor Road, P.O Box:: 253, Abu Dhabi, UAE",97125131555
BURJEEL FARHA HOSPITAL (BID BIN AMMAR) AL AIN,ABU DHABI,Hospital,Al Ain City,"Ashraj District, Bida Bin Ammer Road, 17th Street, Al Ain",0097137099000
BURJEEL MEDICAL CITY LLC-ABUDHABI,ABU DHABI,Hospital,Mohammed Bin Zayed,"BURJEEL MEDICAL CITY,MOHOMMED BIN ZAYED CITY
",97127773333
Bareen International Hospital (M.B.Z. City) Abu Dhabi,ABU DHABI,Hospital,,"Next to Shaikah Fatima Bint Mubarak Mosque, Z-15, Mohammad Bin Zayed City - Abu Dhabi",0097125545554
Burjeel Hospital (Najdah St.) Abu Dhabi,ABU DHABI,Hospital,,"Beside Dar Al Shifa Hospital, Junction Fatima Bint Mubarak (Najdah) Street with Hazza Bin Zayed Street - Abu Dhabi",0097122222332
Burjeel Royal Hospital (Sheikh Khalifa Bin Zayed Rd.) Al AIn,ABU DHABI,Hospital,Al Ain City,"Sheikh Khalifa Bin Zayed Road, behinde Golden sheep restaurant - Al Ain",0097137991111
Cleveland Clinic - Abu Dhabi,ABU DHABI,Hospital,,"Al Maryah Island, Abu Dhabi",0097125019000
Czech Rehabilitation Hospital - Sole Proprietroship (Al Jimi Area) Al Ain,ABU DHABI,Hospital,Al Ain City,"Opposite Al Ain Fertility Center, Al Jimi Area, Al Ain, UAE",0097137665544
Danat Al Emarat Hospital for Women & Children (Abu Dhabi Gate City) Abu Dhabi,ABU DHABI,Hospital,,Abu Dhabi Gate City، Abu Dhabi,0097126149999
Emirates International Hospital (Al Jimi) Al Ain,ABU DHABI,Hospital,Al Ain City,"Al Jimi, Al-Ain",97137637252
Gulf Diagnostic Center (Al Khaleej Al Arabi St) Abu Dhabi,ABU DHABI,Hospital,,"Al Khaleej Al Arabi St - Abu Dhabi, UAE",0097124177254
Health Point Hospital (Zayed Sports City) Abu Dhabi,ABU DHABI,Hospital,,"Airport Road inside Zayed Sports City,Between Gate 1 and 6 Entrances - Abu Dhabi",0097124929000
Kanad Hospital (Sanaiya St.) Al Ain,ABU DHABI,Hospital,Al Ain City,"Sanaiya St, Near Etisalat, Al Ain",0097137131111
LLH Hospital (Electra St) Abu Dhabi,ABU DHABI,Hospital,,"Al Marwa Tower, Electra Street",0097126335522
LLH Hospital (Musaffah)  Abu Dhabi,ABU DHABI,Hospital,,"16th, Street, SANAYYA – 7, Industrial Area, Sector 43, M1 Musaffah, Abu Dhabi, UAE",0097125557711
Lifecare Hospital (Mafraq) Abu Dhabi ,ABU DHABI,Hospital,,"Gate 6, Al Raha Workers Village, Al Wathba, Baniyas, Al Mafraq",0097125856333
Lifecare Hospital (Mussafah) Abu Dhabi,ABU DHABI,Hospital,Mussafah,"M-24,Musaffah,Near Village Mall - Abu Dhabi",0097125557747
MEDICLINIC HOSPITALS L.L.C. (AL AIN BRANCH HOSPITAL),ABU DHABI,Hospital,Al Ain City,"Al Mada Complex, Next to Choitram Supermarket, Khalifa Street, Al Ain   alternate number: 03-7060231",0097137667666
MILLENNIUM HOSPITAL LLC - ABU DHABI,ABU DHABI,Hospital,,"NEAR SARAVANAA BHAVAN, SHABIYA, MUSSAFAH, ABU DHABI",97128119170
Medeor 24x7 Hospital (Muroor Road) Abu Dhabi,ABU DHABI,Hospital,,"Opposite Empost, Madinat Zayed Area, Muroor Road",0097126900600
Mediclinic Al Noor Hospital (Airport Rd) Abu Dhabi,ABU DHABI,Hospital,,"Mear Madinat Zayed Sports City
P. O. Box: 48481",0097124446655
Mediclinic Al Noor Hospital (Khalifa St) Abu Dhabi,ABU DHABI,Hospital,,"Khalifa Street, next to First Abu Dhabi Bank (FAB)",0097126265265
Mediclinic Hospital Al Jowhara (Shakhboot Bin Sultan St.) Al Ain,ABU DHABI,Hospital,Al Ain City,"Shakhboot Bin Sultan St, Civic Center, Al Ain",0097137051591
NMC Royal Hospital (Khalifa City) Abu Dhabi,ABU DHABI,Hospital,,Khalifa City Plot p-1 SE 4 -16 street Zone 135,0097122035000
NMC Royal Womens Hospital (Muroor St.) Abu Dhabi,ABU DHABI,Hospital,,"Tower B, Mohammed bin Zayed Stadium, Al Jazira Club, Opposite to Dusit Thani Sultan Bin Zayed the First St - Muroor Rd - Abu Dhabi",0097125082000
NMC Specialty Hospital (Electra Street)  - Abu Dhabi,ABU DHABI,Hospital,,"Zayed the First street, Madinath Zayed Area, Near Sama Tower - Abu Dhabi
P.O.Box 46222, Abu Dhabi- UAE",0097126332255
National Ambulance -  Abu Dhabi,ABU DHABI,Hospital,,"Al Muroor Road, P.O Box:: 253, Abu Dhabi, UAE",97125968687
New Medical Centre Speciality Hospital (Shakhboot Bin Sultan St) Al Ain,ABU DHABI,Hospital,Al Ain City,"Opposite Baladiya Park, Shakhboot Bin Sultan Street, Near Ayla hotel, Al Ain",0097137555999
PHOENIX HOSPITAL L.L.C ,ABU DHABI,Hospital,Mussafah,"M-10, Shabiyah, Musaffah",97126151515
REEM HOSPITAL (REEM ISLAND) ABU DHABI,ABU DHABI,Hospital,,"Reem Island,Opposite Sorbonne University ,Abu Dhabi",971558300313
REVITAL REHABILITATION HOSPITAL (AL FOAH) AL AIN,ABU DHABI,Hospital,Al Ain City,"AL TAWWASH STREET, AL FOAH, AL AIN, UAE
",97137144444
SEHA Emirates Hospital LLC - Abu Dhabi,ABU DHABI,Hospital,,Al Nahyan Camp Area Abu Dhabi,0097124438999
Specialized Medical Care Hospital (Hessa bint Mohamed St.) Al Ain,ABU DHABI,Hospital,Al Ain City,"Hessa bint Mohamed St., P.O.Box 59189, Al Ain- UAE",0097137552291
YAS CLINIC KHALIFA CITY - ABU DHABI,ABU DHABI,Hospital,,NEAR AL RAWAFED PVT SCHOOL- MHANNA ST - KHALIFA CITY - SE44 - ABU DHABI,97124945555
Al Jaber Optical Centre Llc (Abu Dhabi Mall),ABU DHABI,Optical Center,,"ABU DHABI MALL, LEVEL # 1, ABU DHABI MALL, ABU DHABI",97126456111
Aster Opticals Branch of Abu Dhabi 1 ,ABU DHABI,Optical Center,,Abu Dhabi,97144086579
Magrabi - AlAin Bawadi Mall BR,ABU DHABI,Optical Center,,"GF105 - Ak Bawadi Mall
Al Ain",0097137840020
Magrabi Optical  - Abu Dhabi Mall Br,ABU DHABI,Optical Center,,"Unit#D25, 3rd Floor, Abu Dhabi Mall
",0097126444403
Magrabi Optical  - Al Ain Jimi Mall Br ,ABU DHABI,Optical Center,Al Ain City,"Ground Floor, Unit#EGF03
Jimi Mall",0097137630680
Magrabi Optical - Abu Dhabi-Marina Mall,ABU DHABI,Optical Center,,"Ground Floor, New Extension",0097126816961
Magrabi Optical - Bawabat Al Sharq Mal,ABU DHABI,Optical Center,,"Bawbat al Shareq
1st Floor, Unit R A 041",0097125864339
Magrabi Optical Company - Branch of Abu Dhabi 10,ABU DHABI,Optical Center,,Shop # L1 - 152 Yas Island - Yas Mall Level 1,0097125651615
Magrabi Optical Company - Branch of Abu Dhabi 13,ABU DHABI,Optical Center,,"Behind Al Wahda Mall, Abu Dhabi, Airport Street",0097126435690
Magrabi Optical Company - Branch of Abu Dhabi 14,ABU DHABI,Optical Center,,"Shop # G039, Ground Floor, Al Ain Mall",0097137646171
Magrabi Optical Company - Branch of Abu Dhabi 7,ABU DHABI,Optical Center,,"1st floor Unit 167, Dalma Mall Mussafah",0097125583780
Magrabi Optical Company - Branch of Abu Dhabi 9,ABU DHABI,Optical Center,,"Al HIli Mall, Al Ain",97137843570
Majzoub Optic (Khalifa St.) Abu Dhabi,ABU DHABI,Optical Center,,"Ranim Al Falahi Building, Next to Pizza Hut Bldg., Opposite Capital Park,Al Markaziyah, Khalifa Street, Abu Dhabi, UAE
",97126271142
RIVOLI EYE ZONE ( BRANCH OF EXCEL ENTERPRISES)  BRANCH OF ABU DHABI 3 (AVANTI YAS) ABU DHABI,ABU DHABI,Optical Center,,"G 170A, GROUND FLOOR, OPPOSITE RIVOLI WATCHES, FASHION ENTRANCE, FASHION CAR PARK, YAS MALL, ABU DHABI",97125650440
RIVOLI EYE ZONE (BRANCH OF EXCEL ENTERPRISES LLC - BRANCH OF ABU DHABI 1-AUH Mall-ABU DHABI,ABU DHABI,Optical Center,,"B 71, FIRST FLOOR, OPPOSITE RIVOLI, MAIN ENTRANCE, MAIN PARKING, TOURIST CLUB, ABU DHABI MALL
",97126410017
RIVOLI EYE ZONE (BRANCH OF EXCEL ENTERPRISES) LLC -BRANCH OF ABU DHABI 1-Alain Mall-AL AIN,ABU DHABI,Optical Center,,"G-116, GROUND FLOOR, NEAR CARREFOUR, AL AIN MALL, AL AIN
",97137612326
RIVOLI EYE ZONE (BRANCH OF EXCEL ENTERPRISES) LLC -BRANCH OF ABU DHABI 4- Jimi-AL AIN,ABU DHABI,Optical Center,Al Ain City,"AJM-G-W-14, GROUND FLOOR, NEXT TO COFFEE CLUB, AL JIMI MALL, AL AIN
",97137227167
RIVOLI EYE ZONE BR OD EXCEL ENTERPRISES ( L.L.C ) - BRANCH OF ABU DHABI 3- Dalma-ABU DHABI,ABU DHABI,Optical Center,,"GR109, GROUND FLOOR, NEXT TO 2XL, DALMA MALL, ABU DHABI
",97125503155
RIVOLI EYE ZONE BR OF EXCEL ENTERPRISES - BRANCH OF ABU DHABI 4- BAS-ABU DHABI,ABU DHABI,Optical Center,,"RA037, FIRST FLOOR, NEAR ALDO ACCESSORIES, BAWABAT AL SHARQ MALL, ABU DHABI
",97125821819
RIVOLI EYE ZONE BRANCH OF EXCEL ENTERPRISES - BRANCH OF ABU DHABI 2 (FORSAN CENTRAL MALL) ABU DHABI,ABU DHABI,Optical Center,,"G 04, GROUND FLOOR, NEXT TO STARBUCKS, MAIN ENTRANCE, FORSAN CENTRAL MALL, ABU DHABI",97123097254
RIVOLI EYE ZONE BRANCH OF EXCEL ENTERPRISES -BRANCH OF ABU DHABI 8 (GALLERIA MALL) ABU DHABI,ABU DHABI,Optical Center,,"11135, FIRST FLOOR, NEXT TO SAMSUNG, MAIN ENTRANCE, P4, GALLERIA MALL, ABU DHABI",97126260121
RIVOLI EYE ZONE BRANCH OF EXCEL ENTERPRISES L L C - BRANCH OF ABU DHABI 5- Al Wahda GF-ABU DHABI,ABU DHABI,Optical Center,,"130 ,GROUND FLOOR ,NEXT TO MOTHER CARE ,MAIN ENTRANCE ,MAIN ENTRANCE PARKING ,AL WAHDA MALL
",97125647032
RIVOLI EYE ZONE BRANCH OF EXCEL ENTERPRISES LLC -BRANCH OF ABU DHABI 4- BRANCH OF ABU DHABI 5- Bawad,ABU DHABI,Optical Center,Al Ain City,"G-97, GROUND FLOOR, OPPOSITE CUPLE, AL BAWADI MALL, AL AIN
",97137809031
RIVOLI EYZONE BRANCH OF EXCEL INTERPRISS LLC -BRANCH OF ABU DHABI- YAS-ABU DHABI,ABU DHABI,Optical Center,,"G-114, GROUND FLOOR, NEAR COSTA COFFEE, UNIT NO. G114, GROUND FLOOR; YAS MALL, ABU DHABI
",97126717067
Rivoli Eyezone - Al Wahda Mall - AUH,ABU DHABI,Optical Center,,"Al Wahda Mall Extension, 1St Level,Abu Dhabi
",0097124417090
Rivoli Eyezone - Galleria Mall - AUH,ABU DHABI,Optical Center,,"Rivoli Eyezone , level 2 , near lemongrass restaurant , the Galleria,  Al Maryah island, Abu Dhabi		
",0097126797378
Rivoli Eyezone - Khalidiya Mall - AUH,ABU DHABI,Optical Center,,"26th Street, Crossing Sheikh Zayed, 1st Street. Al Khalidiya. Abu Dhabi
",0097126581267
Rivoli Eyezone - Marina Mall - AUH,ABU DHABI,Optical Center,,"Rivoli Eyezone- Ground Floor, Next To Marks & Spencers, Marina Mall, Abu Dhabi			
",0097126819330
Unique Al Ahalia Opticals - Abu Dhabi,ABU DHABI,Optical Center,Mussafah,"Building 81C, Ground Floor, ME-10, Musaffah, Shabiya, Abu Dhabi PO Box: 2419",0097125596531
Yateem Opticals  - Branch 9 (Kalidiya Mall) Abu Dhabi,ABU DHABI,Optical Center,Khalidiyah ,"Showroom Unit # 255, 1st Floor, Khalidiya Mall, Abu Dhabi",0097126354999
Yateem Optician (Hamdan St) Abu Dhabi,ABU DHABI,Optical Center,,"Crystal Tower, Showroom is Situated on the Basement, Ground and Mezzanine Floor, Hamdan Street, Abu Dhabi",0097126776222
Yateem Optician Branch (Al Wahda Mall) Abu Dhabi,ABU DHABI,Optical Center,,"1st Floor, FF 258, Al Wahda Mall, Abu Dhabi",0097124437460
Yateem Optician Branch 11 (Dalma Mall) Abu Dhabi,ABU DHABI,Optical Center,,"1st Floor, Shop No. FF023, Dalma Mall, Abu Dhabi",0097125516202
Yateem Optician Branch 13 (Bawabat Al Sharq Mall) Abu Dhabi,ABU DHABI,Optical Center,,"Unit No. RA 063+062, Ground Floor, Bawabat Al Sharq Mall, Baniyas, Abu Dhabi",0097125858786
Yateem Optician Branch 17 (Ruwais Mall) Abu Dhabi,ABU DHABI,Optical Center,,"Shop No. 29, 1st Floor, Ruwais Mall, Abu Dhabi",0097128766622
Yateem Optician Branch 2 (Main St) Al Ain,ABU DHABI,Optical Center,,"Ground & Mezzanine Floor, Near over Bridge Main Street, Al Ain",0097137663432
Yateem Optician Branch 3 (Khalifa St) Abu Dhabi,ABU DHABI,Optical Center,,Ground Floor of Attiq Al Mazroui Bldg. Khalifa St. Abu Dhabi,0097126277022
Yateem Optician Branch 5 (Tourist Club Area) Abu Dhabi,ABU DHABI,Optical Center,,"Shop No. B-51, Abu Dhabi Mall, Tourist Club Area, Abu Dhabi",0097126451566
Yateem Optician Branch 6 (Marina Mall) Abu Dhabi,ABU DHABI,Optical Center,,"1st Floor, Marina Mall, end of Corniche Road, Abu Dhabi",0097126818170
Yateem Optician Branch 7 (Al Ain Mall),ABU DHABI,Optical Center,Al Ain City,"Shop No. F-37, Al Ain Mall, Al Ain",0097137510025
Yateem Optician-Global Market Square,ABU DHABI,Optical Center,,"11310 (SU), 1, The Galleria Al Maryah Island,Global Market Square, Al Maryah Island, Abu Dhabi
",91426776447
Yateem Optician-Mushrif Mall,ABU DHABI,Optical Center,,"Mushrif Mall, Airport Road, Al Mushrif , Abu Dhabi 
",97128823228
Yateem Optics (Yas Mall) Abu Dhabi,ABU DHABI,Optical Center,,"Shop No. G-091 & G-092, Yas Mall, Yas Island, Abu Dhabi",0097125651444
Yateem Optics Branch 1 (Khalifa City A) Abu Dhabi,ABU DHABI,Optical Center,,"Unit No. G-3, SW16, Parallel Avenue to 29th Street, Khalifa City A, Airport Road, Abu Dhabi",0097126666402
Yateem Optics-Dalma Mall,ABU DHABI,Optical Center,,"Yateem Optics Shop No. FF040 located on 1st Floor, Dalma Mall, Abu Dhabi
",97125508633
 AH Care Pharmacy LLC,ABU DHABI,Pharmacy,,"SHOP #6, CLOCK TOWER, FATIMA BINT MUBARAK STREET, ABU DHABI, UAE 
",97125465601
ABU DHABI PHARMACY (NAJDA ST) ABU DHABI,ABU DHABI,Pharmacy,,"BESIDE MITSUBISHI SHOWROOM BLDG., NAJDA STREET, ABU DHABI",97128865628
ADD CARE PHARMACY (ZAYED FIRST ST) ABU DHABI,ABU DHABI,Pharmacy,,"MOHAMED SALIM HAMEED BULDING, GROUND FLOOR, NEAR MR BAKER, ZAYED FIRST STREET, ABU DHABI
",97126669073
ADNOC - Al Dabbayia Pharmacy - Western Region,ABU DHABI,Pharmacy,Western Region,"Al Dabbayia Area, Al Salia Road, Abu Dhabi, Western Region ",0097126020575
ADNOC - Al Ruwais Medical Center Pharmacy - Western Region,ABU DHABI,Pharmacy,Western Region,"Al Ruwais City, Al Sila Road, Abu Dhabi, Western Region",0097126020575
ADNOC - Asab Pharmacy - Western Region,ABU DHABI,Pharmacy,Western Region,"Asab Area, Al Sila Road, Abu Dhabi, Western Region

",0097126020575
ADNOC - Bu Hasa Pharmacy - Western Region,ABU DHABI,Pharmacy,Western Region,"Buhasa Area, Abu Dhabi, Western Region
 P.O. Box: 11876
",0097126020575
ADNOC - Habshan Pharmacy - Western Region,ABU DHABI,Pharmacy,Western Region,"Habshan Area, Al Sila Road, Abu Dhabi, Western Region P.O. Box: 11876",0097126020575
ADNOC - Ruwais Hospital Pharmacy - Al Dhafra Region,ABU DHABI,Pharmacy,Western Region,"Ruwais, Al Dhafra Region, Abu Dhabi, UAE",97126020575
ADNOC - Zirku Pharmacy - Abu Dhabi,ABU DHABI,Pharmacy,,"Zirku Oilfield, Abu Dhabi
",97126020575
ADNOC Onshore Medical Centre Pharmacy - Abu Dhabi,ABU DHABI,Pharmacy,,"Adco Medical Centre, Near Adco Operations,Al Khalidiyah,1st Corniche Street",97126020575
ADNOC Technical Institute Pharmacy - Abu Dhabi,ABU DHABI,Pharmacy,,"Al Shawamekh, Near Schlumberger - Abu Dhabi",97126020575
ADSCC Pharmacy - Abu Dhabi,ABU DHABI,Pharmacy,,,971509045078
AL ABEER PHARMACY LLC (ELECTRA) ABU DHABI,ABU DHABI,Pharmacy,,"BLDG. NO. 5022, FATIMA BINT MUBARAK ST., ABU DHABI, UAE",0097126314400
AL AIN PHARMACY - BRANCH 1 -  Al Sarooj New Area - Al Ain,ABU DHABI,Pharmacy,Al Ain City,"""Shabhat (Unit G-08, Al Shabat Plaza, Al Ain) 
Al Sarooj new area""",97137656506
AL AIN PHARMACY - BRANCH 2 - AL AIN,ABU DHABI,Pharmacy,Al Ain City,"Al Aliah Mall, Al Yahar South, Al Ain",97137669884
AL AIN PHARMACY - BRANCH 3 - AL AIN CITY CENTER,ABU DHABI,Pharmacy,,"Al Hili Nayifa Branch - Al Ain City Center Building, Al Ain",97137669788
AL AIN PHARMACY ZAKHER LLC - AL AIN,ABU DHABI,Pharmacy,Al Ain City,"Cooperative Building, Zakher, Al Ain",97137807767
AL AIN PHARMACY- (LLC) -BRANCH 10 - AL RUWAIS - ABU DHABI,ABU DHABI,Pharmacy,,"Ruwais (Ruwais 4), Abu Dhabi
(Behind Building 159 & Al Gharbia Megamart)",97124477065
AL AIN PHARMACY- (LLC) -BRANCH 11 - AL AIN MALL,ABU DHABI,Pharmacy,Al Ain City,"Al Ain Mall, Ground Floor, Opposite Carrefour ",97137661511
AL AIN PHARMACY- (LLC) -BRANCH 12 - AL JIMI,ABU DHABI,Pharmacy,Al Ain City,"Al Jimi Mall, New Extension, Basement Floor",97137666599
AL AIN PHARMACY- (LLC) -BRANCH 13 - FALAJ HAZZA - AL AIN,ABU DHABI,Pharmacy,Al Ain City,"Falaj Hazza - Home Royal Hypermarket Building, 
opposite-Higher College of Technology (Women College)",97137669220
AL AIN PHARMACY- (LLC) -BRANCH 15 - JIMI - AL AIN,ABU DHABI,Pharmacy,,"Jimi- Al Ameriya Branch, Near Al Mashreq Supermarket Building, AL AIN",97137228208
AL AIN PHARMACY- (LLC) -BRANCH 4 - Manaizlah - Al Ain,ABU DHABI,Pharmacy,Al Ain City,"Manaizlah Area,  Near  Wahat Supermarket, Al Ain",97137664430
AL AIN PHARMACY- (LLC) -BRANCH 5 - NEIMA - AL AIN,ABU DHABI,Pharmacy,Al Ain City,"Makani Mall, Neima
(Unit B-05, Makani Zakher Shopping Center) AL Ain",97137669918
AL AIN PHARMACY- (LLC) -BRANCH 6 - AL BATEEN - AL AIN,ABU DHABI,Pharmacy,Al Ain City,"Al Bateen/Salamat, near Extra Mall, Al Ain",97137669770
AL AIN PHARMACY- (LLC) -BRANCH 7 - TAWAM ST - AL AIN,ABU DHABI,Pharmacy,Al Ain City,"Asharej, Tawam Street, Al Ain",97137669772
AL AIN PHARMACY- (LLC) -BRANCH 8 -  AL MASOUDI - AL AIN,ABU DHABI,Pharmacy,Al Ain City,"Al Masoudi -  Grand Mart Building 
(Al Ain - Dubai Al Ain Road)",97137558655
AL AIN PHARMACY- (LLC) -BRANCH 9 - AL AIN SQUARE,ABU DHABI,Pharmacy,Al Ain City,"Hazaa Bin Zayed Stadium, Al Ain Square",97137663301
AL BARZA PHARMACY (AL YAHOUM ST) ABU DHABI,ABU DHABI,Pharmacy,,"AL HOSN, AL YAHOUM STREET, ABU DHABI",97126659172
AL HANEEN PHARMACY - SOLE PROPRIETORSHIP LLC (AL MAFRAQ) ABU DHABI,ABU DHABI,Pharmacy,,"CWRC- Al Rayan  – Al Mafraq Workers City
",091725463531
AL KHAZNA HEALTH PHARMACY (AL KHAZNA 1) ABU DHABI,ABU DHABI,Pharmacy,,"BUILDING NO 13, AL KHAZNA 1, ABU DHABI
",97128869238
AL MARINA PHARMACY LLC (ELECTRA ST) ABU DHABI,ABU DHABI,Pharmacy,,"ELECTRA STREET, NEAR SAFA EXPRESS SUPERMARKET, ABUDHABI, UAE",97126343454
AL MARINA PHARMACY LLC - BRANCH 1 (MUSAFFAH) ABU DHABI,ABU DHABI,Pharmacy,,"M37, NEAR DESH BANGLA SUPERMARKET, INDUSTRIAL AREA, MUSAFFAH, ABU DHABI, UAE",97125503115
AL RODA PHARMACY LLC - Al Ain,ABU DHABI,Pharmacy,Al Ain City,"Jimi, Khrais Area - Beside Al Noor Market",97137633770
AL Rida Pharmacy (Najda St.) Abu Dhabi,ABU DHABI,Pharmacy,,"Fatima Bint Mubarak (Najda St.), behind National Cinema, P.O. Box: 2419, Abu Dhabi, UAE",97126766125
AL TADAWI PHARMACY (MADINAT ZAYED) ABU DHABI,ABU DHABI,Pharmacy,,"ANJAZ BUILDING, EMIRATES TRASNPORT ROAD, ABU DHABI",97128844222
ALAIN PHARMACY UMM GHAFAH LLC - AL AIN,ABU DHABI,Pharmacy,,"Cooperative Building,Umm Ghaffa, Al Ain",97137809345
ALMAARED PHARMACY (MUSSAFAH) ABU DHABI,ABU DHABI,Pharmacy,,"M37, MUSSAFAH INDUSTRIAL, ABU DHABI",97125558810
ALMAQAM PHARMACY  - ABU DHABI,ABU DHABI,Pharmacy,Al Ain City,"HAMAD SUHAIL AL KHAILY EST.
TOWN CENTER
",97137681188
AMALIA PHARMACY - AL AIN,ABU DHABI,Pharmacy,Al Ain City,"Shop No. 5, Main Street near Standard Chartered Bank. Al Ain",0097137657651
ARABIAN HOME HEALTH CARE PHARMACY LLC (AL SUADA) ABU DHABI,ABU DHABI,Pharmacy,,"Mohammed Balabed Al Dhaheri  Al Suada St. Manhat 
",97126333062
ASTER PHARMACIES GROUP - ABU DHABI BRANCH 11 (AIRPORT RD) ABU DHABI,ABU DHABI,Pharmacy,,"SHOP NO.2, BUILDING NO.193, NEXT TO ADNOC PETROL STATION, SECTOR E 18_01, AIRPORT ROAD, ABU DHABI, UAE",97126274688
ASTER PHARMACIES GROUP - BRANCH ABU DHABI 10 (ELECTRA) ABU DHABI,ABU DHABI,Pharmacy,,"HEIRS OF DARWISH BIN AHMED BUILDING, SHOP NO:005, ZAYED 1ST ST, ELECTRA STREET, ABUDHABI, UAE",97128868770
ASTER PHARMACIES GROUP - BRANCH OF ABU DHABI 9 (MUROOR RD) ABU DHABI,ABU DHABI,Pharmacy,,"SHOP 2, BUILDING 139, AL WATHIQ STREET, SULTAN BIN ZAYED THE FIRST , BESIDE ZEHRAT LEBANON, MUROOR ROAD, ABUDHABI",97128869464
ASTER PHARMACY - FARMACIA HOME HEALTH CARE,ABU DHABI,Pharmacy,,"SafeerMall, Mussafah 
",0097125529395
Abdulla Pharmacy - Al Ain,ABU DHABI,Pharmacy,Al Ain City,"Near Kabuthor R/A, 7th Street, Saniya, Al Ain",0097137216444
Abu Sharia Pharmacy - Abu Dhabi,ABU DHABI,Pharmacy,,P. O. Box: 46142,0097126670181
Advanced Al Ain Pharmacy - Al Ain,ABU DHABI,Pharmacy,Al Ain City,"Oasis Hospital - next to Starbucks Coffe Shop, Al Mutawaa, Al Ain",0097137227626
Advanced Cure Pharmacy - Abu Dhabi,ABU DHABI,Pharmacy,,"Al Bateen Sector 19, West 3/17, Near Al Bateen Mall",0097126359922
Ain Al Khaleej Pharmacy - Al Ain,ABU DHABI,Pharmacy,Al Ain City,"Al Ain, UAE",0097137133333
Al Afdal Pharmacy - Abu Dhabi,ABU DHABI,Pharmacy,,"E-13 , Building NO: 982, Mina Street, Jazeerah Abu Dhabi PO Box: 131465",0097126334277
Al Ahalia National Pharmacy ,ABU DHABI,Pharmacy,Mussafah,"M-24, Musaffah, Near BMW show room ",0097128119119
Al Ahalia National Pharmacy LLC Branch 1 - Abu Dhabi,ABU DHABI,Pharmacy,Mussafah,"South Block, Al Ahalia Hospital Building, Tarif Road, M24, Near Workers Village, Musaffah, Abu Dhabi",0097128119119
Al Ain Ahalia Pharmacy - Al Ain,ABU DHABI,Pharmacy,Al Ain City,"Near Planning Round About, Opp. Hsbc Bank
",0097137557979
Al Ain Central Pharmacy Llc,ABU DHABI,Pharmacy,,"MNASZEF BUILDING OBAID SAIF MOHAMMED ZAITOUN AL MUHAIRI BUILDING, GROUND FLOOR, NEAR SAFEER MALL, NEAR SAFEER MALL, AL AIN",97137227515
Al Ain Modern Pharmacy - Al Ain,ABU DHABI,Pharmacy,Al Ain City,"Al Jimi, Al Ain	
",0097137628919
Al Ain Pharmacy - Al Ain,ABU DHABI,Pharmacy,Al Ain City,"Khalifa Street, Al Ain 
",0097137655120
Al Ain Pharmacy Bawadi Mall LLC - Al Ain,ABU DHABI,Pharmacy,,"Bawadi Mall, Unit G-121, Mezyad, Al Ain",0097137686687
Al Ain Pharmacy LLC Branch Earth - Asharej Branch 2 - Al Ain,ABU DHABI,Pharmacy,Al Ain City,"Asharej Branch 2
Earth Supermarket Building, near Al Maqam Police Station, Al Ain",97137666132
Al Amazon Pharmacy -  Abu Dhabi,ABU DHABI,Pharmacy,,"Emax Building, Hamdan St.
P.O. Box: 44375
Abu Dhabi",0097126784944
Al Anqood Pharmacy - Abu Dhabi,ABU DHABI,Pharmacy,Western Region,"Industrial Area, Madinat Zayed, Western Region, Abu Dhabi
",0097128845355
"Al Asaala Pharmacy (Shabia 9, Mussafah) - Abu Dhabi",ABU DHABI,Pharmacy,,"Building No. 40, Shabia 9, Mussafah, Abu Dhabi
",0097125595400
Al Bateen Pharmacy - Abu Dhabi,ABU DHABI,Pharmacy,,"P. O. Box: 46333
Near Eldorado Cinema",0097126766610
Al Burooj Pharmacy - Abu Dhabi,ABU DHABI,Pharmacy,,"M37 Behind Fresh & More, Musaffah, ABu Dhabi",0097125545999
Al Daman Pharmacy - Abu Dhabi,ABU DHABI,Pharmacy,,"Elictra Street, Beside Al Reef Inter. Hospital
P.O. Box: 126941
Abu Dhabi, U.A.E.",0097126320909
Al Dhafra Fields Pharmacy - Abu Dhabi,ABU DHABI,Pharmacy,Western Region,"Near Baniyas Spike Supermarket, Industrial Area, Beda Zayed City, Western Area Abu Dhabi",0097128845273
Al Falah Land Mark Pharmacy - Abu Dhabi,ABU DHABI,Pharmacy,,"Al Falah Street, Behind Abu Dhabi International Airport, Abu Dhabi Sweihan Al Hayer Road E20",0097125621528
Al Furqan Pharmacy - Abu Dhabi,ABU DHABI,Pharmacy,,"FF221 Ain Mafraq center, Al mafraq worker city 2 and adjacent to Basel medical center



",0097126440077
Al Hakeem Land Pharmacy - Abu Dhabi,ABU DHABI,Pharmacy,,P.O. Box: 34913,0097126669665
Al Hendawy Pharmacy - Abu Dhabi ,ABU DHABI,Pharmacy,,Al Muroor Road Opposite Madinat Zayed Shopping Center Al Hendawy Bldg,0097126214666
Al Hosn Pharmacy - Abu Dhabi,ABU DHABI,Pharmacy,,"Al Hilal Bank Building, Corniche, Abu Dhabi",0097126662739
Al Jamal Pharmacy - Al Ain,ABU DHABI,Pharmacy,Al Ain City,PO BOX 1303,0097137631160
Al Kamal Pharmacy - Abu Dhabi,ABU DHABI,Pharmacy,,"PO Box : 4000
Abu Dhabi - UAE",0097126669281
Al Madar Medical Center Pharmacy- Al Ain,ABU DHABI,Pharmacy,Al Ain City,"Al Ameria, Al Jimi, Al Ain",0097137621414
Al Magd Center Pharmacy (Saniya) -Al Ain,ABU DHABI,Pharmacy,Al Ain City,"Building No. 5 behid Al Masood Motors, Saniya, Al ain",00971338216406
Al Manara Al Bahia Pharmacy - Abu Dhabi,ABU DHABI,Pharmacy,,"Deerfield Ali Bahia
P.o. Box: 3084, Abu Dhabi",0097125635059
Al Manara Al Ruwais Pharmacy - Abu Dhabi,ABU DHABI,Pharmacy,,"Al Ruwais Mall
P.O. Box: 3084",0097128760210
Al Manara Global Pharmacy - Abu Dhabi,ABU DHABI,Pharmacy,,"Mina Center, Mina Coop
Mina
P.O. Box: 3084",0097126734777
Al Manara International Pharmacy - Abu Dhabi,ABU DHABI,Pharmacy,,"Tower B
Flat c66, Muroor Street, Al Nahyan Comp
P.O. Box: 3084",0097126427677
Al Manara Pharmacy - Abu Dhabi,ABU DHABI,Pharmacy,,"Dr. Abdul Karim
Al Manara Pharmacy
P.O.Box 3084
Abu Dhabi, UAE",0097126269966
Al Manara Pharmacy - Al Ain,ABU DHABI,Pharmacy,Al Ain City,"Al Manara Pharmacy
P.O.Box 3084
Abu Dhabi-UAE",0097137668787
Al Manara Pharmacy - Al Bawadi Mall - Al Ain,ABU DHABI,Pharmacy,Al Ain City,"Al Bawadi Mall, 
Mazyad Street
Al Khourer Al Ain
P.O. Box : 3084",0097137848802
Al Manara Pharmacy - Khalifa City- Abu Dhabi,ABU DHABI,Pharmacy,,"One Stop Center
Khalifa City
P.O. Box: 3084",0097125562979
Al Manara Pharmacy - World Trade Center- Abu Dhabi,ABU DHABI,Pharmacy,,"Hamdan Street
World Trade Center
P.o. Box: 3084",0097126331618
Al Manara Pharmacy Al Corniche- Abu Dhabi,ABU DHABI,Pharmacy,,"Corniche Nation Tower
P.O. Box: 3084",0097126675454
Al Manara Pharmacy Al Shawamekh- Abu Dhabi,ABU DHABI,Pharmacy,,Abu Dhabi,0097126814644
Al Manara Pharmacy Bawabat Al Sharq - Abu Dhabi,ABU DHABI,Pharmacy,,"Bawabat al Sharq Mall
P.O. Box: 3084, Abu Dhabi",0097125828270
Al Manara Pharmacy Boutik Mall- Al Ain,ABU DHABI,Pharmacy,Al Ain City,"Boutik Mall Abu Dhabi
P.O. Box: 3084",0097137644117
Al Manara Pharmacy Branch 1 - Abu Dhabi,ABU DHABI,Pharmacy,,"Al Marfa, Abu Dhabi
P.O. Box: 3084",0097128840497
Al Manara Pharmacy Capital Mall - Abu Dhabi,ABU DHABI,Pharmacy,,"Capital Mall, Mussafah
P.o. Box: 3084, Abu Dhabi",0097124447642
Al Manara Pharmacy Das Island- Abu Dhabi,ABU DHABI,Pharmacy,,"BAteen, Abu Dhabi
P.O. Box: 3084",0097126675454
Al Manara Pharmacy Marina Mall - Abu Dhabi,ABU DHABI,Pharmacy,,"Marina Mall, Abu Dhabi",0097126815080
Al Manara Pharmacy Yas Mall - Abu Dhabi,ABU DHABI,Pharmacy,,"Yas Mall
P.O. Box: 3084, Abu Dhabi",0097125650770
Al Mazroui Pharmacy - Abu Dhabi,ABU DHABI,Pharmacy,,"Dr. Fareed Mobayed
Al Mazroui Pharmacy
P. O. Box 47164
",0097126714006
Al Mazroui Pharmacy - Al Ain,ABU DHABI,Pharmacy,Al Ain City,"Al Mazroui Pharmacy
P.O.Box 80695
Al Ain- UAE",0097137665517
Al Mulla Pharmacy - Abu Dhabi,ABU DHABI,Pharmacy,,"Opp. Pakistan School Next to KFC, Muroor Road, Sector 29, Abu Dhabi",0097124487740
Al Muroj Pharmacy - Abu Dhabi,ABU DHABI,Pharmacy,,"Al Kabrath Baniyas West, Abu Dhabi, UAE",0097125845622
Al Muwailih Pharmacy (Mussafah) Abu Dhabi,ABU DHABI,Pharmacy,,"Shabiya M10, Mussafah, Abu Dhabi",0097125548334
Al Nada Pharmacy - Abu Dhabi,ABU DHABI,Pharmacy,,"Al Falah Street
P.O.Box: 26994
Abu Dhabi
UAE",0097551918366
Al Najah Pharmacy (Mina St) Abu Dhabi,ABU DHABI,Pharmacy,,"Mina Street Near Capital Hotel, Tourist Club Area, Abu Dhabi",0097126744832
Al Nasr Pharmacy - Al Ain,ABU DHABI,Pharmacy,Al Ain City,"Al Nasr Pharmacy
P.O. Box No. 1468,
Al Ain, U.A.E.",0097137655771
Al Noor Hospital Pharmacy (Baniyas East) AUH,ABU DHABI,Pharmacy,,"Villa # 170 Street 25, Sector 19, Zone 321, Baniyas East 9 - Abu Dhabi ",97125668800
Al Noor Hospital Pharmacy - Marawah-Abu Dhabi,ABU DHABI,Pharmacy,,Abu Dhabi,0097126139271
Al Noor Pharmacy - Al Mamoura - Abu Dhabi,ABU DHABI,Pharmacy,,"Mamoura Area behind Al Nahyan Camp
Abu Dhabi
P.O. Box:",0097126728229
Al Noor Pharmacy - Al Musaffah 2,ABU DHABI,Pharmacy,,"Near Saeed Bakery, Building # 179, Sector # M10, Mussafah, Abu Dhabi, UAE ",97126265265
Al Noor Pharmacy - Madinat Zayed 2 (Al Dhafra) ,ABU DHABI,Pharmacy,Western Region,"Al Dhafra Bldg Block C, Sports Club Bldg C, Madinat Zayed, Al Dhafra Region, Abu Dhabi",97126265265
Al Noor Pharmacy - Mid Town - Al - Yahar Branch,ABU DHABI,Pharmacy,Al Ain City,"Al Yahar, Al AIn",0097126578222
Al Noor Pharmacy - Mid Town - Branch 3 (Civic Center) Al Ain,ABU DHABI,Pharmacy,Al Ain City,Civic Center Al Ain,0097137051781
Al Noor Pharmacy - Midtown - Al Ain,ABU DHABI,Pharmacy,Al Ain City,"Civic Centre District, Al Ain City, UAE",97126265265
Al Qadi Advanced Pharmacy - Abu Dhabi,ABU DHABI,Pharmacy,,"P.O. Box: 468, Abu Dhabi",0097124439955
Al Qadi Pharmacy - Abu Dhabi,ABU DHABI,Pharmacy,,"PO Box 313_x000D_
Abu Dhabi",0097126341122
Al Rai Pharmacy (Electra St.) - Abu Dhabi,ABU DHABI,Pharmacy,,"Electra Street, Opposite KM Trading, Abu Dhabi",0097126508661
Al Raneen Pharmacy (Zayed IBN Sultan) Abu Dhabi,ABU DHABI,Pharmacy,Al Ain City,"Building Number 239, Opposite to Al Ansari Exchange, Next to Lucky Plaza Building, Zayed Bin Sultan Street, Hai Al Murabbah Area, Al Ain	Zayed Ibn Sultan
",97137365679
Al Riyadh Pharmacy (Baniyas) Abu Dhabi,ABU DHABI,Pharmacy,,"Al Shawamekh, Baniyas, Abu Dhabi",0097125829949
Al Saada Pharmacy (Hamdan St.) Abu Dhabi,ABU DHABI,Pharmacy,,"Next to United Bank Limited, Beside Tea Break Cafe, Hamdan St., Abu Dhabi",0097126278313
Al Sanaiya Pharmacy - Al Ain,ABU DHABI,Pharmacy,Al Ain City,"Al Ain Main Street
P. O. Box: 14063
Al Ain, UAE",0097137657105
Al Sham Pharmacy - Abu Dhabi,ABU DHABI,Pharmacy,,"Abu Dhabi, UAE",0097126318929
Al Sila Pharmacy - Abu Dhabi,ABU DHABI,Pharmacy,,"Baya, Sila, Abu Dhabi",0097128722087
Al Taif Pharmacy - Abu Dhabi,ABU DHABI,Pharmacy,,"Mussafah Rd, M 11, Nr Al Qatara S/Mkt PO Box 26994",0097125527057
Al Taweelah Pharmacy - Abu Dhabi,ABU DHABI,Pharmacy,,Abu Dhabi,0097125094444
Al Thuraya Pharmacy - Abu Dhabi,ABU DHABI,Pharmacy,,"P.O. Box: 46333, 
Opp. Shabiya Police Station
Abu Dhabi",0097126427827
Al Wathba Pharmacy - Abu Dhabi,ABU DHABI,Pharmacy,,"Dr. Tariq_x000D_
Al Wathba Pharmacy_x000D_
P.O.Box 10414",0097125833655
Al Zia Pharmacy - Abu Dhabi,ABU DHABI,Pharmacy,,"PO Box 13111_x000D_
Abu Dhabi, UAE",0097125529220
Algharbia Medicine Pharmacy - Abu Dhabi,ABU DHABI,Pharmacy,,"Mussaffah Shabiya 10, Near Prime Care Medical Centre
",0097125587652
All Care Pharmacy LLC - Abu Dhabi,ABU DHABI,Pharmacy,,"Delma Street, Villa 726, 724, Opposite of Zayed Education Campus, Abu Dhabi",0097126722758
Alneem Pharmacy (Al Shahama) - Abu Dhabi,ABU DHABI,Pharmacy,,"Hyper Remeez Building, Beside Emirates Park Zoo, Al Shahama, Abu Dhabi",097125666886
Alpha Care Pharmacy LLC - Abu Dhabi,ABU DHABI,Pharmacy,Mussafah,"Al Firdous Centre, Opposite Al Fahim, Sanaya-M3, Musaffah, Abu Dhabi Po Box: 91449",0097126766668
Althakhasysiya Althiqa Pharmacy LLC - Abu Dhabi,ABU DHABI,Pharmacy,,"Talat Pharmacy
P. O. Box 25339
Abu Dhabi, UAE",0097126316477
Althiqa Al Almyiah Pharmacy - Abu Dhabi,ABU DHABI,Pharmacy,,"Baniyas Cooperative Society, Shamama, Abu Dhabi",0097125633505
Althiqa Al Dowaliah Pharmacy - Abu Dhabi,ABU DHABI,Pharmacy,,"Beside Queens Palace Hotel, Muroor Street, Abu Dhabi",0097124419283
Amal Pharmacy - Abu Dhabi,ABU DHABI,Pharmacy,,"Behind Al Sultan BAkery, Baniyas East 9, Abu Dhabi, UAE",0097125833996
American Center Pharmacy - Abu Dhabi,ABU DHABI,Pharmacy,,"P.O. Box: 108699, Behind Khalidiya Mall, Nxt to Blood Bank",0097124433114
Apollo Pharmacy (Electra Street)  - Abu Dhabi,ABU DHABI,Pharmacy,,"Al Markazaiah Area, Near Al Mashael National Private School, Electra Street, Abu Dhabi",0097126344747
Arafat Pharmacy (Electra St.) Abu Dhabi,ABU DHABI,Pharmacy,,"Electra Street, Opposite Hamed Center, Abu Dhabi, UAE",0097126352473
Arafat Pharmacy Branch (Sanaiya Mussafah) - Abu Dhabi,ABU DHABI,Pharmacy,,"M37 Sanaiya, Mussafah, Abu Dhabi",0097125506906
Aster Pharmacies Group  - Branch of Abu Dhabi 3,ABU DHABI,Pharmacy,,"Building No. EC –C-19, Hamdan Street, Near to LULU International Exchange
",0097126229870
Aster Pharmacies Group - Branch of Abu Dhabi 1,ABU DHABI,Pharmacy,,"Al Hamed Building, Al Falah Street, Blue Diamond,  Behind Jumbo Electronics
",0097126437625
Aster Pharmacies Group - Branch of Abu Dhabi 2,ABU DHABI,Pharmacy,,"Dar Al Thalmiya, Khalidiya, Abu Dhabi, UAE, Behind Al Muhairy Centre
",0097126280582
Aster Pharmacies Group - Branch of Abu Dhabi 4,ABU DHABI,Pharmacy,,"Shop No 7&8,Bodebis building ,Defense Road, Deyyar
",0097124478482
Aster Pharmacies Group - Branch of Abu Dhabi 7 (Khalidiya) Abu Dhabi,ABU DHABI,Pharmacy,,"Al Shaheen Complex, Khalidiya, Abu Dhabi",0097126395140
Aster Pharmacy - Branch 5 - Abu Dhabi,ABU DHABI,Pharmacy,,"Building No 7, Zayed Street, Electra, Abu Dhabi  			

",0097124489240
Aster Pharmacy - Branch 6 - Abu Dhabi,ABU DHABI,Pharmacy,,"Shabiya#10, Near to Joyalukas Jewelry, Musaffah, Abu Dhabi",0097125502429
Aster Pharmacy - Branch 8 - Abu Dhabi,ABU DHABI,Pharmacy,,"Canon Building, Electra Street, Next to CBI Bank Building, Abu Dhabi	
",0097126711831
BAB AL MADINA PHARMACY  (MUSSAFAH) ABU DHABI,ABU DHABI,Pharmacy,,"16th Street, Mussafah M-26, Shop no. 06, near Grand Mosque, Abu Dhabi, UAE
",97126422464
BEST HEALTH CARE PHARMACY (MUSSAFFAH) ABU DHABI,ABU DHABI,Pharmacy,,"Al Sarab Building, Shop 23, Mussafah Industrial, M14, Mussafah",971565676760
BIN SINA DELMA MALL NEW PHARMACY - ABU DHABI,ABU DHABI,Pharmacy,,"Dalma Mall, ICAD 3  Floor - أبو ظبي
",97125512138
BIN SINA DELMA MALL PHARMACY - ABU DHABI,ABU DHABI,Pharmacy,,"Dalma Mall, ICAD Ground Floor - أبو ظبي
",97125512385
BLACK FALCON PHARMACY (GHAYATHI) ABU DHABI,ABU DHABI,Pharmacy,,"BIN ASHEER BUILDING, GHAYATHI NEW INDUSTRIAL AREA, WESTERN REGION GHAYATHI, ABU DHABI
",97128762647
Bab Al Teb Pharmacy (Mussafah) Abu Dhabi,ABU DHABI,Pharmacy,,"Bldg. No. 11, Musaffah Industrial Area M44, Opp. Gulva Coat Industry, Abu Dhabi, UAE",0097126261914
Babil Pharmacy - Abu Dhabi,ABU DHABI,Pharmacy,,"PO BOX - 02 - 6349500
Najda Street, Abu Dhabi, UAE",0097126349500
Baghdad Pharmacy - Abu Dhabi,ABU DHABI,Pharmacy,,"Musaffah, M.E. 12
PO Box No 9697,
Abu Dhabi",0097125523040
Bain Al Qasrain Pharmacy - Abu Dhabi,ABU DHABI,Pharmacy,,"ADNEC Center, Al Khaleej Street, Near ADNEC Capital Centre, AUH",0097124469300
Bangash Pharmacy LLC - Abu Dhabi,ABU DHABI,Pharmacy,,"Hamad Mubarak, Al Khaily Building, Sector 9, Baniyas East, Abu Dhabi",0097125837685
Bareen Pharmacy - Abu Dhabi,ABU DHABI,Pharmacy,,Mohamed Bin Zayed City,0097125545554
Bassem Pharmacy (Al Muroor St.) Abu Dhabi,ABU DHABI,Pharmacy,,"Near Jerusalem Bakery, Al Muroor Street, P.O.Box: 4765, Abu Dhabi, UAE",0097124466468
Beauty Pharmacy  - Abu Dhabi,ABU DHABI,Pharmacy,,"Abu Dhabi, P.O. Box: 110745",0097126420648
Better Life Pharmacy (Khalifa St.) Abu Dhabi,ABU DHABI,Pharmacy,,"Khalifa Street, next to Mohammed Rasool Khory (ROLEX) Building, Abu Dhabi, UAE",97126222230
Better Life Pharmacy LLC Branch 1 - Abu Dhabi,ABU DHABI,Pharmacy,,"Airport Road, Khalifa Street, Corniche Road, Abu Dhabi PO Box: 2419",0097126222230
Bin Sina Al Khalidiya Pharmacy - Abu Dhabi,ABU DHABI,Pharmacy,,"Khalidiya St.
Abu Dhabi",00000000000
Bin Sina Al Muroor Pharmacy - Abu Dhabi,ABU DHABI,Pharmacy,,Abu Dhabi,0097124498140
Bin Sina Dana Plaza Pharmacy - Abu Dhabi,ABU DHABI,Pharmacy,,"Dana Plaza 
ABU DHABI
P.O BOX 11245",0097126669240
Bin Sina New Pharmacy - AUH,ABU DHABI,Pharmacy,,Khalifa City,0097125562140
Bin Sina Pharmacy Mar. Mall - Abu Dhabi,ABU DHABI,Pharmacy,,"Basement Floor , Opposite Carrefour, Marina Mall, Abu Dhabi, UAE",97126815630
Blue Ocean Pharmacy  - Abu Dhabi,ABU DHABI,Pharmacy,Mohammed Bin Zayed,"Mussafah Me10 - Abu dhabi Opp. Karam Al Arab Restaurant, ",0097125532323
Bright Point Pharmacy - Abu Dhabi,ABU DHABI,Pharmacy,,"Murorr St. Opposite Dusit Thani Hotel
P.O. Box: 36856, Abu Dhabi",0097125082103
Burjeel Al Reem Pharmacy LLC - Abu Dhabi,ABU DHABI,Pharmacy,,"Gate and Arc Towers, R1-01 + RG-01, Al Reem Island",0097123079999
Burjeel Farha Pharmacy LLC,ABU DHABI,Pharmacy,Al Ain City,"Bida Bin Ammar, Asharej, Al Ain City",0097137099000
Burjeel Hospital Pharmacy  - Branch 1-Abu Dhabi,ABU DHABI,Pharmacy,,"Al Najda Street, Abu Dhabi",0097125085235
Burjeel Hospital Pharmacy - Abu Dhabi,ABU DHABI,Pharmacy,,Al Najda Street Abu Dhabi,0097125085677
Burjeel Medical City Pharmacy LLC,ABU DHABI,Pharmacy,,"28th Street, Mohommed Bin Zayed City
",97127773333
Burjeel Pharmacy (Deerfield Mall) Abu Dhabi,ABU DHABI,Pharmacy,,"Deerfield Mall, Al Bahiya
P.O. Box: 129067",0097125821555
Burjeel Pharmacy - Barari Mall,ABU DHABI,Pharmacy,Al Ain City,"Barari Outlet Mall. Shop 102, Upper Second Floor Abu Dhabi Al Ain",0097137991555
Burjeel Pharmacy - Branch 11 (Khalifa City) AUH,ABU DHABI,Pharmacy,,"opposite of Burger King, Khalifa City, Abu Dhabi",97125562421
Burjeel Pharmacy Al Marina - Abu Dhabi,ABU DHABI,Pharmacy,,"P3 Marina Mall, Corniche Road, Next to Mercedes Benz Showroom, Abu Dhabi",0097123338333
Burjeel Pharmacy Al Shamkha - Abu Dhabi,ABU DHABI,Pharmacy,,"Makani Mall, Al Shamkha, Abu Dhabi",0097126444400
Burjeel Pharmacy Branch 1 - Abu Dhabi,ABU DHABI,Pharmacy,,"Office Al reyami interior building 4th Floor, Sanad Building Shabia 9, Abu Dhabi",0097126412019
Burjeel Pharmacy LLC - Branch 10 - Abu Dhabi,ABU DHABI,Pharmacy,,"Po Box 51523
Abu Dhabi",0097126415533
Burjeel Pharmacy LLC - Branch 12 - Abu Dhabi,ABU DHABI,Pharmacy,,"Precint B1-01, Al Zeina, Al Raha Beach",0097122054301
Burjeel Pharmacy LLC - Branch 2,ABU DHABI,Pharmacy,,"Mazyad Mall, Musaffah",0097125534848
Burjeel Pharmacy LLC - Branch 3,ABU DHABI,Pharmacy,,"Khalifa A City
P.O. Box: 73048",0097125567933
Burjeel Pharmacy LLC - Branch 4,ABU DHABI,Pharmacy,,Mushrif Mall,0097124470407
Burjeel Pharmacy LLC - Branch 5  ,ABU DHABI,Pharmacy,,"Muroor St.
P.O. Box: 73048",0097126438330
Burjeel Pharmacy LLC - Branch 6,ABU DHABI,Pharmacy,,"Al Wahda Mall Extension
2nd Floor infront of Brigo Cafe",0097124918787
Burjeel Pharmacy LLC - Branch 7,ABU DHABI,Pharmacy,,Al Wehda,0097124437788
Burjeel Pharmacy LLC - Branch 8,ABU DHABI,Pharmacy,,Electra Street,0097126588918
Burjeel Royal Pharmacy LLC- Al Ain,ABU DHABI,Pharmacy,Al Ain City,Plot No. 18-06-006-004 Down Town Commercial & Rsidental Center,0097137991111
CLASSIC CARE PHARMACY (SWEIHAN) AL AIN,ABU DHABI,Pharmacy,Sweihan ,"BLOCK 12 - SHOP 1, UNIT, RAWDAT MUHAMMED,  SWEIHAN, STREET 34, Al AIN
",0097137346110
CLINIX PHARMACY (M11 INDUSTRIAL) ABU DHABI,ABU DHABI,Pharmacy,Mussafah,"GHAMRAN KHALFAN BUILDING, MUSAFFAH M11 INDUSTRIAL, ABU DHABI",97125500851
CLINIX PHARMACY (M17 INDUSTRIAL) ABU DHABI,ABU DHABI,Pharmacy,Mussafah,"SYED ALI LAHOOM BUILDING, MUSAFFAH M17 INDUSTRIAL, ABU DHABI",97125558611
Care Hospital Pharmacy,ABU DHABI,Pharmacy,,"SMCH BUILDING,GROUND FLOOR,  AL MUTAWA,AL JAHILI  ",97137552291
Care Pharmacy - Abu Dhabi,ABU DHABI,Pharmacy,,"PO Box 44162
Abu Dhabi
U.A.E",0097126393955
Charisma Pharmacy LLC - Abu Dhabi,ABU DHABI,Pharmacy,,"Hamdan St., Ziani Areaa",0097126775775
City Pharmacy (Hamdan St.) Abu Dhabi,ABU DHABI,Pharmacy,,"AL OTAIBA BUILDING, HAMDAN, ABU DHABI, UAE",97126323016
Cleveland Clinic Abu Dhabi In-Patient Pharmacy,ABU DHABI,Pharmacy,,"Al Maqam Tower, Abu Dhabi Global Market Square, Al Maryah Island",0097125019000
Cleveland Clinic Abu Dhabi Pharmacy,ABU DHABI,Pharmacy,,"Al Maqam Tower, Abu Dhabi Global Market Sqaure, Al Maryah Island, Abu Dhabi",0097125019000
Cooperative Al Ain Pharmacy Co Llc,ABU DHABI,Pharmacy,,"AL AIN COOPERATIVE BLDG, AL MANASEER STREET",97137675073
CosmeSurge & Emirates Hospital Pharmacy (Al Karamah) AUH,ABU DHABI,Pharmacy,,"Junction Al Karamah Street with Delma Street, Before Sultan bin Zayed Al Nahyan Stadium, Abu Dhabi",0097128832527
Cure Plus Pharmacy (Al Khabisi) Al Ain,ABU DHABI,Pharmacy,Al Ain City,"Shakboot Bin Sultan St., Al Khabisi, Al Ain",0097137655511
DANA MEDICAL CENTER PHARMACY  (SHAKHBOUT CITY) ABUDHABI,ABU DHABI,Pharmacy,,"STREET 72, SHAKHBOUT CITY, ABU DHABI  ",97125668600
DROPS PHARMACY (YAHER) AL AIN,ABU DHABI,Pharmacy,,"HAMAD AL NAIMI, YAHER, AL AIN",97137532705
DROPS PHARMACY BRANCH 1 (KHALIFA 38) ABU DHABI,ABU DHABI,Pharmacy,,"EARTH SUPERMARKET, KHALIFA 38, ABU DHABI",97128869114
DROPS PHARMACY BRANCH 2 (MBZ 12) ABU DHABI,ABU DHABI,Pharmacy,Mohammed Bin Zayed,"EARTH SUPERMARKET, MBZ 12, ABU DHABI",97128868599
DROPS PHARMACY BRANCH 3 (MBZ 3) ABU DHABI,ABU DHABI,Pharmacy,Mohammed Bin Zayed,"EARTH SUPERMARKET, MBZ 3, ABU DHABI",97126450569
DROPS PHARMACY BRANCH 4 (TIWAYAH) AL AIN,ABU DHABI,Pharmacy,,"EARTH SUPERMARKET, TIWAYAH, AL AIN",97137544694
Daar Al Misbah Pharmacy (Sanaya M11) - Abu Dhabi,ABU DHABI,Pharmacy,,"Sanayya M11, Near Bangali Masjid Abu Dhabi",0097126589844
Danat Al Emarat Hospital Pharmacy (Abu Dhabi Gate City) AUH,ABU DHABI,Pharmacy,,Abu Dhabi Gate City، Abu Dhabi ,97126149999
Dar Al Shifa Pharmacy - Abu Dhabi,ABU DHABI,Pharmacy,,"P.O.Box 2519
Abu Dhabi , U.A.E",0097126416999
Das Medical Center Pharmacy - Das Island,ABU DHABI,Pharmacy,,Das Island,97126020575
Dot Com Pharmacy - Abu Dhabi,ABU DHABI,Pharmacy,,"Delma Street, Opposite Transmed Office",0097126266675
Dream Pharmacy - Abu Dhabi,ABU DHABI,Pharmacy,,"P. O. Box: 61626
Abu Dhabi, UAE",0097126214400
EHG EMIRATES PHARMACY LLC (Khalidiya) Abu Dhabi,ABU DHABI,Pharmacy,,"P2 The shining towers, Mubarak Bin Mohammed Street, Khalidiyah, Abu Dhabi",0097125014047
Eastern Al Ahlia Pharmacy - Abu Dhabi,ABU DHABI,Pharmacy,,"Mr. Menom
Easter Al Ahlia Pharmacy
P.O. Box 2419
Abu Dhabi, UAE",0097125823859
Elyazia Pharmacy - Abu dhabi,ABU DHABI,Pharmacy,,"Muroor Road , Near Alam Supermarket, _x000D_
P.O Box 46333_x000D_
Abu Dhabi, UAE",0097124493700
Elyzee Pharmacy - Abu Dhabi,ABU DHABI,Pharmacy,,AL BATEEN- KING ABDULLA BIN ABDULAZIZ AL SAUD STREET ,97125664299
Emerald Pharmacy LLC - Abu Dhabi,ABU DHABI,Pharmacy,,"Shop. No.8 Near Emerald Medical Center, M37, ICAD Musaffah",0097125554165
Emirates International Hospital Pharmacy (Al Khabisi) - Al Ain,ABU DHABI,Pharmacy,Al Ain City,"11th Street, Al Khabisi, Al Ain",97137637252
Emirates Jordanian Pharmacy (Baniyas West) Abu Dhabi,ABU DHABI,Pharmacy,,"EJMC Building, Baniyas West (Exit 40), Abu Dhabi",0097125836999
Emirates Pharmacy - Al Ain,ABU DHABI,Pharmacy,Al Ain City,"Emirates Pharmacy
P.O. Box No. 15950
Al Ain, U.A.E.",0097137642717
Excellent Pharmacy LLC - Abu Dhabi,ABU DHABI,Pharmacy,,"SAWAEED RESIDENTIAL COMPOUND AL MAFRAQ WORKER CITY 2, Abu Dhabi",97125544469
Expert Pharmacy - Abu Dhabi,ABU DHABI,Pharmacy,,"Mojumaat Workers Village, Hameem Road, Abu Dhabi P.o. Box: 6153",0097126225566
Express Ghayathi Pharmacy - Abu Dhabi,ABU DHABI,Pharmacy,Western Region,Western Regio,0097128740121
Extra Care Pharmacy - Abu Dhabi,ABU DHABI,Pharmacy,,"Shop No 10, Al Najda Street, Mohammed Al Mazroui Building, Abu Dhabi",0097126716665
FANAR PHARMACY (MUSAFFAH) ABU DHABI,ABU DHABI,Pharmacy,,"M10, Industrial Area, Opposite Royal Emirates Supermarket, Abu Dhabi",97126675570
Fakih Medical Center Pharmacy - Abu Dhabi,ABU DHABI,Pharmacy,,Abu Dhabi,0097125545555
Falaj Hazza Pharmacy - Al Ain,ABU DHABI,Pharmacy,Al Ain City,"FAlaj Hazza
P. O. Box: 15484",0097137806111
Falcon Pharmacy (Ghayathi) Abu Dhabi,ABU DHABI,Pharmacy,,"MUBARAK ASHWAN BUILDING, G FLOOR	INDUSTRIAL SECTOR 18, ABU DHABI",97128743164
Famous Pharmacy LLC - Abu Dhabi,ABU DHABI,Pharmacy,,"Mussafah 34, Abu Dhabi",0097125521912
First Cure Pharmacy Branch (Khalidiya) Abu Dhabi,ABU DHABI,Pharmacy,,"Khalidiya, Section 8-9, Abu Dhabi",0097126784903
Future International Pharmacy (Shabia) Abu Dhabi (Previously Future Pharmacy Branch 1 ),ABU DHABI,Pharmacy,,"Musaffah Shabiya Sector 11, Near Home Health Medical Centre, Abu Dhabi",0097125595112
Future Pharmacy (Tourist Club) Abu Dhabi,ABU DHABI,Pharmacy,,P.O Box:52571 |TOURIST CLUB | ABU DHABI,0097126740090
GALAXY PHARMACY - ABU DHABI,ABU DHABI,Pharmacy,,"BLDG. NO. – 37/146, SHOP NO. 6, NEAR AHMED SALEM AL - MAHRAMI MOSQUE, OPP AL MADINA HYPERMARKET, MUSSAFFAH 37, ABU DHABI",97125575413
GHIYATHI PHARMACY - ABU DHABI,ABU DHABI,Pharmacy,," Khalifa Building No:7 Al Dhafra Region,Gayathi ,Abu Dhabi
",0097128741797
GIANT PHARMACY (MUSSAFAH  17) ABU DHABI,ABU DHABI,Pharmacy,Mussafah,"SHOP 11, MUSSAFAH  17, ABU DHABI",97125517211
GOOD CARE PHARMACY - SOLE PROPRIETORSHIP LLC (AL MAFRAQ) ABU DHABI,ABU DHABI,Pharmacy,,"Village inn 2- Al Mafraq Workers City
",097125500806
GRAND HEALTH PHARMACY SOLE PROPRIETORSHIP L.L.C - ABU DHABI,ABU DHABI,Pharmacy,,"Mussafah 12, Abu Dhabi near Modern school",0097125558140
GREEN CITY PHARMACY LLC (CITY TOWER CENTRE) AL AIN ,ABU DHABI,Pharmacy,Al Ain City,"AL AIN CITY TOWER CENTRE, ZYED BIN SULTAN STREET, 137TH  - AHMED BIN AMED BIN SUROOR BLDG.",97137515888
Golden Choice Pharmacy (Sanayya M10)- Abu Dhabi,ABU DHABI,Pharmacy,,"Sannaya M10, Near Aalaya Plaza Hypermarket, Abu Dhabi",0097126589621
Golden Cure Pharmacy LLC - Abu Dhabi,ABU DHABI,Pharmacy,,"Shabiya ME/11, Street No. 35, Building No. 5799, Musaffah, Abu Dhabi",0097126270890
Golden Health Pharmacy - Abu Dhabi,ABU DHABI,Pharmacy,,Hameem Road- Al Salam Living City,0097125855550
Golden Life Pharmacy  - Al Ain ,ABU DHABI,Pharmacy,Al Ain City,"Shop G578, Ground floor, Al Ain Mall, Al Ain",0097137221676
Golden Tulip Pharmacy LLC - Abu Dhabi,ABU DHABI,Pharmacy,,"11th Street, M17, Mussafah Near New Al Madina Hypermarket",0097125556608
Grand Pharmacy - Abu Dhabi,ABU DHABI,Pharmacy,,"Electra Street, Abu Dhabi City P.O.Box: 45580 E-mail: grandphr@eim.ae
",0097126768666
"Green Care Pharmacy (Shabiya 10, Mussafah) - Abu Dhabi",ABU DHABI,Pharmacy,,"Building No. 31, Opposite Arab Udupi Restaurant, Mussafah Shabiya 10, Abu Dhabi",0097126670882
Green Hills Pharmacy - Abu Dhabi,ABU DHABI,Pharmacy,,Mussafah ME - 12 Building No. 187 Shop No. 5 Abu Dhabi,0097125549080
Green Life Pharmacy (Mussafah) Abu Dhabi,ABU DHABI,Pharmacy,Mussafah,"Shabiya 10, Mussafah, Abu Dhabi",0097124481772
HEALING PHARMACY - SOLE PROPRIETORSHIP LLC (HAMEEM WORKER CITY) ABU DHABI,ABU DHABI,Pharmacy,,"Dhabi Hameem Camp- Hameem Worker City
",091725500806
HEALTH FIRST PHARMACY BRANCH 18 (AL SHAHAMA) ABU DHABI,ABU DHABI,Pharmacy,,"SHOP NO 1, GROUND FLOOR, AL RAHBA HOSPITAL,AL SHAHAMA, RAHBA CITY, ABU DHABI, UAE
",97125643948
HEALTHGO PHARMACY (AL MAFRAQ CITY) ABU DHABI,ABU DHABI,Pharmacy,,"GURN YAFUR, AL MAFRAQ CITY, ABU DHABI",97125851331
HEALTHLINE PHARMACY – MADINAT ALRYADH BRANCH - ABU DHABI,ABU DHABI,Pharmacy,,"GROUND FLOOR, SOUTH SHAMKA, ALRYADH CITY, SHAMKHA, ABU DHABI
",97125668600
HUB PHARMACY  (AL RUBAINAH) AL AIN,ABU DHABI,Pharmacy,,"SHEIKH ZAYED BIN SULTAN ST.( MAIN ST.) ZAYTON AL MANSOURI BLDG. NEAR SNOW WHITE GARMENT,AL RUBAINAH, AL AIN UAE",97137665555
Hani Pharmacy-  Abu Dhabi,ABU DHABI,Pharmacy,,Hamdan St. Abu Dhabi,0097126778501
Harley Street Pharmacy - Abu Dhabi,ABU DHABI,Pharmacy,,"Marina Village, Next to Marina Mall, Villa A 20,21,22",0097126133999
Health  First Royal Pharmacy- Abu Dhabi,ABU DHABI,Pharmacy,,"Khalidya Area_x000D_
Behind Choithram Supermarket_x000D_
P.O.Box: _x000D_
Abu Dhabi, UAE",0097126666427
Health First  Pharmacy- Branch 6-Abu Dhabi,ABU DHABI,Pharmacy,,"Judy Pharmacy
PO Box 4127
Abu Dhabi
U.A.E",0097126668798
Health First National Pharmacy- Al Ain,ABU DHABI,Pharmacy,Al Ain City,Near Snow White,0097137662131
Health First Pharmacy -  Branch 5,ABU DHABI,Pharmacy,,Shafiah Khalifa - Sector # 11,0097125530036
Health First Pharmacy - St. Regis,ABU DHABI,Pharmacy,,"St. Regis Building, Ground Floor St. Regis Hotel_x000D_
Sadiyat Island_x000D_
",0097126219720
Health First Pharmacy -Branch 3,ABU DHABI,Pharmacy,,Musaffah,0097125527070
Health First Pharmacy Branch 10 - Abu Dhabi,ABU DHABI,Pharmacy,,Abu Dhabi,0097125549055
Health First Pharmacy Branch 11 - Al Ain,ABU DHABI,Pharmacy,Al Ain City,"Souq Extra Al bateen LLC, 
Plot 14 Bateen -Al Ain",0097137804288
Health First Pharmacy Branch 12 - Abu Dhabi,ABU DHABI,Pharmacy,,"Shop No: G12, Al Falal Village 1, Al Falah City",0097126746989
Health First Pharmacy Branch 13 - Abu Dhabi,ABU DHABI,Pharmacy,,"Shop 417, 4th Floor Deerfields Mall, Al Bahia Abu Dhabi",0097125646364
Health First Pharmacy Branch 14 - Al Ain,ABU DHABI,Pharmacy,Al Ain City,"Shop No F14,Zayed Bin Sulthan Street,Barari Outlet Mall Al Ain
",0097137675176
Health First Pharmacy Branch 15 - Abu Dhabi,ABU DHABI,Pharmacy,,"Khalidiya West,Zayed The First Street,Near Al Muhairy Center,Abu Dhabi
",0097126220644
Health First Pharmacy Branch 7 (Airport Rd.) AUH,ABU DHABI,Pharmacy,,"in side Carrefour, Airport Road - Abu Dhabi",97124494209
Health First Pharmacy branch 8- Abu Dhabi,ABU DHABI,Pharmacy,,"New Al Wathba Pharmacy_x000D_
P.O.Box 10414_x000D_
Abu Dhabi, UAE",0097165394466
Health First Planet Pharmacy-  Branch 9 Abu Dhabi,ABU DHABI,Pharmacy,,Abu Dhabi,0097125577611
Health Line Pharmacy - Abu Dhabi,ABU DHABI,Pharmacy,,Baniyas East 11,0097125832908
Health Plus Pharmacy - Abu Dhabi,ABU DHABI,Pharmacy,,"P.O. Box: 60991,
Abu Dhabi
",0097126655422
Health Plus Pharmacy Branch 1 - AUH,ABU DHABI,Pharmacy,,"Hazaa Bin Zayed Street, Al Rowda, Abu Dhabi",0097124434450
Health Point Hospital Outpatient Pharmacy - AUH,ABU DHABI,Pharmacy,,"Airport Road, Inside Zayed Sports City
P.O. Box: 112308",009724929000
Health Point Pharmacy LLC - Abu Dhabi,ABU DHABI,Pharmacy,Mussafah,"Plot No 11, Building No 4, Shop No 5, M-4, Industrial Area, Musaffah, Abu Dhabi",0097125590203
Health Sheild Medical Center Pharmacy (Corniche Road) Abu Dhabi,ABU DHABI,Pharmacy,,"Corniche Road, Abu Dhabi, UAE",97126265722
Health Time Pharmacy - Abu Dhabi,ABU DHABI,Pharmacy,,"Bldg. 08 Ground Floor Plot F2C4-8, Al Mafraq Industrial 2, Baniyas West",0097125554006
Heart Beat Pharmacy (Mushrif Area) -Abu Dhabi,ABU DHABI,Pharmacy,,"Villa No. 6 Sheikh Rashid Bin Saeed Street Mushrif Area, Abu Dhabi",0097124449494
Hkmat Al Ain Pharmacy - Al Ain,ABU DHABI,Pharmacy,Al Ain City,"Shop No. 14, Al Seef Village, Abu Dhabi	
",0097126411225
Hope Pharmacy - Abu Dhabi,ABU DHABI,Pharmacy,,"GCC New Office Building Plot No. 384/ Building 46, Al Mafraq Industrial Area, Abu Dhabi",0097125552687
IBN RUSHD PHARMACY (AL NAHYAN) ABU DHABI,ABU DHABI,Pharmacy,,"3, AL NAHYAN ZONE - 1, ABU DHABI",97124457727
IBN SINA PHARMACY L.L.C. - BRANCH 12,ABU DHABI,Pharmacy,,"07, Three Sixty Real Estate Management Building: Abu Dhabi Island, Al Reem Island - Paragon Mall - Division
",97126585203
IBN SINA PHARMACY L.L.C. - BRANCH 17,ABU DHABI,Pharmacy,,"Al Falah Village 2-  Abudhabi
",97125669135
IBN SINA PHARMACY LLC - BRANCH (ZONE 6) ABU DHABI,ABU DHABI,Pharmacy,,"Plot No. 71, St 7, Zone 6 - Abu Dhabi
",97125550302
IBN SINA PHARMACY-SOLE PROPRIETORSHIP LLC (AL BATEEN) ABU DHABI,ABU DHABI,Pharmacy,,42 Al Hatl St - Al BateenW10 - W10 - Abu Dhabi,971445645702
Irvine Pharmacy - Al Ain,ABU DHABI,Pharmacy,,"Behind Main Street, Town Centre, Al Ain",0097137661516
JUNAID PHARMACY (AL DHAFRA) ABU DHABI,ABU DHABI,Pharmacy,Western Region,"BUILDING -C17, AL TAJANUS STREET, ABU DHABI",97128822844
Jasmine Tower Pharmacy- Abu Dhabi,ABU DHABI,Pharmacy,,"JASMINE TOWER BUILDING, BESIDE RAK BANK, AIRPORT ROAD - ABU DHABI",0097126336231
Junaid Pharmacy Branch - 1 - Abu Dhabi,ABU DHABI,Pharmacy,,"Shop-1, Building 313, ME-10, Mussafah, Abu Dhabi",0097125529944
KNIGHTS PHARMACY  (KARAMA ST) ABU DHABI,ABU DHABI,Pharmacy,,"VILLA NO # 209, NEAR SHEIKH KHALIFA MEDICAL CITY,AL KARAMAH STREET, ABU DHABI",97126219996
Khyber Pharmacy LLC - Abu Dhabi,ABU DHABI,Pharmacy,,"Municipality Building, Sector 4, Baniyas West, Abu Dhabi",0097125836800
Knights Pharmacy - Abu Dhabi,ABU DHABI,Pharmacy,,"Pink Building near Royal Rose Hotel, Electra Street, Abu Dhabi",009716767966
Kohat Pharmacy - Branch 1 - Abu Dhabi,ABU DHABI,Pharmacy,,"Abu Dhabi, UAE",009712620488
Kohat Pharmacy- Abu Dhabi,ABU DHABI,Pharmacy,,"Mussafah Industrial Area
M40
P.O. Box: 110826
",0097125531824
LA ROCHE PHARMACY - ABU DHABI,ABU DHABI,Pharmacy,,"Khalifa Compound, Tourist Club Area, Abu Dhabi",0097126455899
LAN CASTER PHARMACY (AL FOAH) AL AIN,ABU DHABI,Pharmacy,Al Ain City,"AL TAWWASH STREET, AL FOAH, AL AIN, UAE
",97137320016
LAND MARK MEDICARE PHARMACY (AL THAMARAH) ABU DHABI,ABU DHABI,Pharmacy,,"Al Raha Garden Al Thamarah Street, Abu Dhabi

",97126265569
LIFE CARE INTERNATIONAL PHARMACY L.L.C  BRANCH (AL WATHBA) - ABU DHABI,ABU DHABI,Pharmacy,,"NBB WORKERS CITY (A), RAZEEN, AL WATHBA, ABU DHABI

",97125845314
LIFE PHARMACY (TOWN CENTER) AL AIN,ABU DHABI,Pharmacy,,"SHOP NO: 01, MUBARAK AL KHAILY AL HAWASH BUILDING, TOWN CENTER, ABU DHABI
",97145610000
LIFE PHARMACY - BRANCH OF ABU DHABI 14 (AL FALAH) ABU DHABI,ABU DHABI,Pharmacy,,"SHOP NO: 3, BUILDING B/704, PLOT C182, AL FALAH PLAZA (FORMER BURGER KING), ABU DHABI, UAE",97145610000
LIFE PHARMACY - BRANCH OF ABU DHABI 2 (AL MINA) ABU DHABI,ABU DHABI,Pharmacy,,"SHOP M#14, FIRST FLOOR, NEAR GREEN CORNER & RASASI PERFURMES, MINA CENTER, AL SUHILIYAH STREET, AL MINA,ABU DHABI,UAE",97145610000
LIFE PHARMACY - BRANCH OF ABUDHABI 13 (AL BALOUSHI) ABU DHABI,ABU DHABI,Pharmacy,,"SHOP NO: 1, AL BALOUSHI TOWER, ABU DHABI",97145610000
LIFE PHARMACY BRANCH 10 - BRANCH OF ABU DHABI 53 (ELECTRA ST) ABU DHABI,ABU DHABI,Pharmacy,,"SHOP NO: 2, PLOT C22, DARWISH BIN AHMED BLDG, ELECTRA ST, ABU DHABI, UAE",97145610000
LIFE PHARMACY BRANCH 12 - BRANCH OF ABU DHABI 55 (HAMDAN ST) ABU DHABI,ABU DHABI,Pharmacy,,"G02, MURAIJEB TOWER, PLOT C 12, HAMDAN STREET, ABU DHABI",97145610000
LIFE PHARMACY BRANCH 16 - BRANCH OF ABU DHABI 77 (AL NAHYAN) ABU DHABI,ABU DHABI,Pharmacy,,"AL NAHYAN,P 178 ,ABU DHABI,UAE",97145610000
LIFE PHARMACY BRANCH 17 - BRANCH OF ABU DHABI 63 (AL BATEENA) ABU DHABI,ABU DHABI,Pharmacy,,"GF SHOP 01, PLOT C 29-C 42, AL JIMI AVENUE, AL BATEENA AREA,ABU DHABI, UAE",97145610000
LIFE PHARMACY BRANCH 18 BRANCH OF ABUDHABI 64 (AL RAYYANA) ABU DHABI,ABU DHABI,Pharmacy,,"SHOP RG-004, AL RAYYANA CENTRE,ABU DHABI,UAE",97145610000
LIFE PHARMACY BRANCH 19 BRANCH OF ABUDHABI 65 (AL SALAM ST) ABU DHABI,ABU DHABI,Pharmacy,,"SHOP NO#01,ADCP BUILDING P/1135,AL SALAM ST,AL ZAHIYA,ABU DHABI,UAE
",97145610000
LIFE PHARMACY BRANCH 21 (LIWAN) ABU DHABI,ABU DHABI,Pharmacy,,"SHOP NO#01,ADCP BUILDING P/1370,FARAH TOWER, LIWAN, ABU DHABI",97145610000
LIFE PHARMACY BRANCH 24 (OLD ROYAL BITE) ABU DHABI,ABU DHABI,Pharmacy,,"SHOP NO 1,PLOT C161,SECTOR ME-9,ABDULLA ALI YATEEM BILDING,OLD ROYAL BITE, ABU DHABI
",97145610000
LIFE PHARMACY BRANCH 25 - BRANCH OF ABUDHABI 85 (CENTRAL DISTRICT) AL AIN,ABU DHABI,Pharmacy,,"AL NEYADI BUILDING,TOWN CENTER,  CENTRAL DISTRICT, AL AIN",97145610000
LIFE PHARMACY BRANCH 26 - BRANCH OF ABU DHABI 86 (AL AIN MALL) ,ABU DHABI,Pharmacy,,"AL AIN MALL,GROUND FLOOR,SHOP NO#G144,ABU DHABI,UAE",97145610000
LIFE PHARMACY BRANCH 27 BRANCH OF ABUDHABI 87 - ABU DHABI,ABU DHABI,Pharmacy,,"SHOP NO: FF027, 028 & FF DS07 B, ABU DHABI
",97145610000
LIFE PHARMACY BRANCH 32 (NAVY GATE) ABU DHABI,ABU DHABI,Pharmacy,,"C-20 BUILDING (MIDDLE EAST OPTICAL BUILDING), NAVY GATE AREA, ABU DHABI
",97145610000
LIFE PHARMACY BRANCH 33 (AL NAHYAN) ABU DHABI,ABU DHABI,Pharmacy,,"C172 BUILDING ( P/1236 ADCP),SHOP NO 7&8,ME 9 MUSSAFAH, ABU DHABI
",97145610000
LIFE PHARMACY BRANCH 34 - BRANCH OF ABU DHABI 57 (ZAYED BIN SULTAN) AL AIN,ABU DHABI,Pharmacy,,"SHOP # G004, GROUND FLOOR, AL AIN MALL, AL AIN",97145610000
LIFE PHARMACY BRANCH 35 - BRANCH OF ABU DHABI 58 (AL AIN MALL) ,ABU DHABI,Pharmacy,,"AL AIN MALL,SECOND FLOOR,SHOP NO#S022,ABU DHABI,UAE",97145610000
LIFE PHARMACY BRANCH 36 BRANCH OF ABU DHABI 17 (VIEW TOWER) ABU DHABI,ABU DHABI,Pharmacy,,"UNIT NO: 1, VIEW TOWER, ABU DHABI",97145610000
LIFE PHARMACY BRANCH 37 BRANCH OF ABU DHABI 18 (KHALIDIYA) ABU DHABI,ABU DHABI,Pharmacy,,"UNIT NO: 3 &4, MERMAID TOWER, KHALIDIYA, ABU DHABI",97145610000
LIFE PHARMACY BRANCH 38 - BRANCH OF ABUDHABI 95 (KHALIFA BIN ZAYED) AL AIN,ABU DHABI,Pharmacy,,"SHOP NO: 03, PROPERTY NO: 136, KHALIFA BIN ZAYED STREET, AL AIN",97145610000
LIFE PHARMACY BRANCH 39 - BRANCH OF ABUDHABI 96 (HAMDAN ST) ABU DHABI,ABU DHABI,Pharmacy,,"SHOP NO. 14, BAIT AL SANAN, HAMDAN MAIN STREET,ABU DHABI,UAE",97145610000
LIFE PHARMACY BRANCH 40 (AL NAHYAN) ABU DHABI,ABU DHABI,Pharmacy,,"AL NAHYAN, OASIS SUPER MARKET, ABU DHABI
",97145610000
LIFE PHARMACY BRANCH 41 - BRANCH OF ABU DHABI 104 (AL JIMI) AL AIN,ABU DHABI,Pharmacy,,"INSIDE CARREFOUR , AL JIMI MALL, AL AIN, UAE",97145610000
LIFE PHARMACY BRANCH 43 BRANCH OF ABU DHABI 25 (AL REEF) ABU DHABI,ABU DHABI,Pharmacy,,"UNIT NO: DT-R3, AL REEF 1 COMMUNITY RETAIL AREA, AL REEF DOWN TOWN, ABU DHABI",97145610000
LIFE PHARMACY BRANCH 46 (AL SAADAH) ABU DHABI,ABU DHABI,Pharmacy,,"SHOP NO MU 06,MUROOR COMPLEX,AL SAADAH, ABU DHABI",97145610000
LIFE PHARMACY BRANCH 47 BRANCH OF ABU DHABI 29 (AL REEM ISLAND) ABU DHABI,ABU DHABI,Pharmacy,,"SHOWROOM 1, SEA FACE TOWER, AL REEM ISLAND, ABU DHABI",97145610000
LIFE PHARMACY BRANCH 49 - BRANCH ABUDHABI 101 - ABU DHABI,ABU DHABI,Pharmacy,,"SHOP NO: 07, ABU DHABI COOPERATIVE SOCIETY, SPAR, ABU DHABI
",97145610000
LIFE PHARMACY BRANCH 50 (AL DHAID ST) ABU DHABI,ABU DHABI,Pharmacy,,"FIRST FLOOR,PLOT NO C1,SHOP NO#7,SECTOR MQ8,AL DHAID STREET,RABDAN MALL, ABU DHABI
",97145610000
LIFE PHARMACY BRANCH 52 - BRANCH OF ABUDHABI 105 (BAWADI MALL) AL AIN,ABU DHABI,Pharmacy,,"INSIDE CARREFOUR , BAWADI MALL, AL AIN, UAE",97145610000
LIFE PHARMACY BRANCH 53 (AL RAHA BEACH) ABU DHABI,ABU DHABI,Pharmacy,,"SHOP NO 2,C13 BUILDING,ZEINA COMMUNITY,AL RAHA BEACH, ABU DHABI
",97145610000
LIFE PHARMACY BRANCH 54 (MUSHRIF MALL) ABU DHABI,ABU DHABI,Pharmacy,,"UNIT NO#248 & 249 A,SECOND FLOOR,MUSHRIF MALL, ABU DHABI
",97145610000
LIFE PHARMACY BRANCH 56 (AL SHAHAMA STREET) ABU DHABI,ABU DHABI,Pharmacy,,"SHOP NO#2&3,SOUK STREET,AL SHAHAMA STREET, ABU DHABI
",97145610000
LIFE PHARMACY BRANCH 57 (AL ZAHIYA) ABU DHABI,ABU DHABI,Pharmacy,,"SHOP NO#4,C15,AL ZAHIYA,TOURIST CLUB, ABU DHABI
",97145610000
LIFE PHARMACY BRANCH 58 (MAZYAD MALL) ABU DHABI,ABU DHABI,Pharmacy,,"UNIT NO G25,GROUND FLOOR,MAZYAD MALL, ABU DHABI
",97145610000
LIFE PHARMACY BRANCH ABUDHABI 11 (KHALIDIYA) ABU DHABI,ABU DHABI,Pharmacy,,"SHOP NO 1 ,BANIYAS TOWER,  KHALIDIYA AREA, ABU DHABI
",97145610000
LIFE PHARMACY BRANCH OF ABU DHABI 7 (BLOOM GARDENS) ABU DHABI,ABU DHABI,Pharmacy,,"RETAIL 03, PLOT C-111, GROUND FLOOR, BLOOM GARDENS, RETAILS B, ABU DHABI, UAE",97145610000
LIFE PHARMACY BRANCH OF ABU DHABI 9 (AL DANAH) ABU DHABI,ABU DHABI,Pharmacy,,"SHEIKHA SALAMA BUILDING, SHOP 01,PLOT C-79, BUILDING NO: P/52, NEAR EMIRATES DISCOUNT MARKET, AL DANAH, ABU DHABI, UAE",97145610000
LIFE PHARMACY BRANCH OF ABUDHABI 8 (AL HAMEEM ST) ABU DHABI,ABU DHABI,Pharmacy,,"UNIT NO#FF05,FIRST FLOOR, ARMED FORCES COOP SOCIETY, ABU DHABI",97145610000
LIFE PHARMACY BRANCH OF DUBAI - BRANCH OF ABU DHABI 1 (AL FALAH) ABU DHABI,ABU DHABI,Pharmacy,,"SHOP V3B-G-07, AL FALAH VILLAGE & NEIGHBOURHOOD CENTRE, ABU DHABI",97145610000
LIFE PHARMACY LLC - BRANCH OF ABU DHABI 33 (Marina Mall) Abu Dhabi,ABU DHABI,Pharmacy,,"Shop No. B08/09- Basement floor, Opposite to Carrefour Hypermarket,   Marina Mall, Abu Dhabi",97144566737
LIFE PHARMACY LLC BRANCH 15 - BRANCH OF ABU DHABI 76 (GHAMRI ST) ABU DHABI,ABU DHABI,Pharmacy,,"SHOP NO: 01, 02, & 03, C10 BUILDING, GHAMRI STREET, ABU DHABI",97145610000
LIFE PHARMACY LLC BRANCH 28 - BRANCH OF ABU DHABI 88 (AL JARRAH ST) AL AIN,ABU DHABI,Pharmacy,Al Ain City,"SHOP NO: 11, AL WAHA MALL AL FALAH STREET - ABU OBAIDA BIN AL JARRAH STREET, AL AIN",97145610000
LIFE PHARMACY LLC BRANCH 31 (Madinat Zayed) Abu Dhabi,ABU DHABI,Pharmacy,,"Unit no. G124, Madinat Zayed Shopping Center, Abu Dhabi, UAE",97144566737
LIFE PHARMACY LLC BRANCH 42 - BRANCH OF ABU DHABI 24 (RABDAN) ABU DHABI,ABU DHABI,Pharmacy,,LIFE PHARMACY LLC BRANCH 42 - BRANCH OF ABU DHABI 24 (RABDAN) ABU DHABI,97145610000
LIFE PHARMACY LLC BRANCH 51 BRANCH OF ABUDHABI 103,ABU DHABI,Pharmacy,,"C88 BUILDING, ARADAH STREET, AL NAHYAN, ABU DHABI
",97145610000
LIFE PHARMACY LLC BRANCH OF ABU DHABI 5(AIRPORT RD) ABU DHABI,ABU DHABI,Pharmacy,,"SHOP NO: 2/G02, W 14-2 BUILDING, PLOT C 17, AL GHAITH HOLDING TOWER, AIRPORT ROAD, ABU DHABI
",97145610000
LIFE PHARMACY LLC BRANCH OF DUBAI - BRANCH OF ABU DHABI 2 (AIRPORT RD) ABU DHABI,ABU DHABI,Pharmacy,,"UNIT NO: PR00005-GF-SH2, PR000054-GF-SH5, AL HAMRA BUILDING, AIRPORT ROAD, ABU DHABI",97145610000
LIFE PHRMACY - BRANCH OF ABUDHABI 6 (KHALIFA CITY) ABU DHABI,ABU DHABI,Pharmacy,,"SHOP NO#01,C1 BUILDING,KHALIFA CITY, ABU DHABI",97145610000
LLH  Hospital Pharmacy  - Abu Dhabi,ABU DHABI,Pharmacy,,"Al Marwa Towers, Muroor Road, Electra Street,",0097126335522
LLH Pharmacy - Abu Dhabi,ABU DHABI,Pharmacy,,P.O.BOX 94666,0097126335522
LLH Pharmacy Al Musaffah - Abu Dhabi,ABU DHABI,Pharmacy,,"Sanaya, sector 43, M1, Industrial, Musaffah",0097125557611
LLH Pharmacy Al Musaffah LLC - Abu Dhabi,ABU DHABI,Pharmacy,,"Mussafah, Abu Dhabi",0097124116451
Lahore Pharmacy - Abu Dhabi,ABU DHABI,Pharmacy,,"Infront of ICAD City
ME#40 Sanaiya Mussaffah, Abu Dhabi",0097125508988
Land Mark Plaza Pharmacy - Abu Dhabi,ABU DHABI,Pharmacy,,"P.O Box 46333
Hamdan St. Tourist Club Area ",0097126729400
Lara Pharmacy (Electra St) Abu Dhabi,ABU DHABI,Pharmacy,,"Fatima Bint Mubarak, Electra St. Opp. Royal Dental Clinic, Abu Dhabi",0097125757434
Life Care International Pharmacy - Abu Dhabi,ABU DHABI,Pharmacy,,PO BOX 41766 Gate No 6 Al Raha Workers  Village Al Wathba Baniyas ,0097125856661
Life Care International Pharmacy - Br.1 - AUH,ABU DHABI,Pharmacy,,"Mussafah
P.O. Box: 7400",0097125557747
Lotus Pharmacy - Abu Dhabi,ABU DHABI,Pharmacy,,"Pristege Building, City Tower opp. Mazyad Mall,
P.O. Box: 114621, Mussaffah, Abu Dhabi",0097126911570
Lulu Al Ain Pharmacy - Al Ain,ABU DHABI,Pharmacy,Al Ain City,"Lulu Hypermarket, Sanaiyah, Al Ain",0097137212330
Lulu Al Ain Pharmacy - Branch,ABU DHABI,Pharmacy,Al Ain City,"Lulu Hypermarket, Kuwaitat, Al Ain",0097137640677
Lulu Al Foah Pharmacy  - Al Ain,ABU DHABI,Pharmacy,Al Ain City,"Lulu Hypermarket, Al Foah, Al Ain",0097137843221
Lulu Khalidiyah Pharmacy  - AUH,ABU DHABI,Pharmacy,,"Lulu Hypermarket, Khalidiyah, Abu Dhabi (Khalidiyah Mall)",0097126354440
Lulu Raha Pharmacy - Abu Dhabi,ABU DHABI,Pharmacy,,"Lulu Hypermarket, Al Raha, Abu Dhabi",0097125562607
MAX PHARMACY (AL ITIHAD ST) ABU DHABI,ABU DHABI,Pharmacy,,"70 AL ITIHAD ST RABDAN, ABU DHABI",97125555097
MEDICINA AL MUNEERA PHARMACY (AL RAHA) ABU DHABI,ABU DHABI,Pharmacy,,"AL RAHA STREET, AL RAHA BEACH - ABU DHABI",0097125513004
MEDICINA PHARMACY - BRANCH 3  - ABU DHABI,ABU DHABI,Pharmacy,,"AL FALAHI BUILDING, NEAR TO SHAKESPEARE CAFE, MUROOR STREET ",97126440615
MEDICINA PHARMACY - BRANCH 9  - ABU DHABI,ABU DHABI,Pharmacy,,"ARIZONA MEDICAL DENTAL CENTRE BUILDING, AL ZAAB AREA ",97126815025
MEDICINA PHARMACY BAIN AL JASRAIN - SOLE PROPRIETORSHIP LLC  - ABU DHABI,ABU DHABI,Pharmacy,,"6th Street Al Maqta Bain Al Jasrain (Near to Shaikh Hamdan Bin Muhamad Al Nahyan Mosque), Abu Dhabi, UAE",97125840477
MEDICINA PHARMACY BRANCH 13 - ABU DHABI,ABU DHABI,Pharmacy,,"BESIDE FATIMA SUPERMARKET, AIRPORT ROAD ",97126783216
MEDICLINIC PHARMACY - ALNOOR - BRANCH 1 (Airport Road) AUH,ABU DHABI,Pharmacy,,"Airport Road, next to the Airport Road Park, Opposite off Zayed Sport City, Abu Dhabi",97126139497
MEDICLINIC PHARMACY - ALNOOR –BRANCH (REEM MALL) ABU DHABI,ABU DHABI,Pharmacy,,"ALZAWIYAH ST, ABU DHABI",97124126110
MEDMAX PHARMACY (MUSSAFAH) ABU DHABI,ABU DHABI,Pharmacy,,"P/216   C-89, AL UMMAL STREET, ABU DHABI",97128868699
METRO INTERNATIONAL MEDICAL CENTER PHARMACY LLC (AL RAHBA) ABU DHABI,ABU DHABI,Pharmacy,Al Rahba,"Emirates post Building AL RAHB ST
",97125566024
MILLENIUM HOSPITAL PHARMACY LLC - ABU DHABI,ABU DHABI,Pharmacy,,"NEAR SARAVANAA BHAVAN, SHABIYA, MUSSAFAH, ABU DHABI",97128119119
MOON LIGHT MEDICAL CENTER PHARMACY LLC (SANAIYA) AL AIN,ABU DHABI,Pharmacy,Al Ain City,"Plot No. 37, Road no. 15, Batha Al Hayer, Sanaiya, Al Ain",0097137519966
MUBARAK PHARMACY - BRANCH (AL MAFRAQ) ABU DHABI,ABU DHABI,Pharmacy,,"AL ESHOUSH VILLAGE, AL MAFRAQ WORKERS-CITY 2 ",97125837796
Madinat Zayed Ahliyya Pharmacy - Abu Dhabi,ABU DHABI,Pharmacy,,"Sector 10, Shabia, Abu Dhabi, UAE  P.O. Box : 2419    
",0097125593711
Majed Pharmacy (Al Siddiq St) Al Ain,ABU DHABI,Pharmacy,,"Abu Bakr Al Siddiq Street, Meena Bazar, Below Modern Medical Centre, Al Ain",0097137641117
Mansour Pharmacy - Abu Dhabi ,ABU DHABI,Pharmacy,,PO Box 32384,0097126422287
Mansour Pharmacy - Branch 1 - Abu Dhabi,ABU DHABI,Pharmacy,Mussafah,"M40 - ICAD area, Mussafah",0097125500735
Mariam Pharmacy - Abu Dhabi,ABU DHABI,Pharmacy,,"P.O.Box : 71469
Abu Dhabi
UAE",0097126421043
Marina Pharmacy (Al Corniche) - AUH,ABU DHABI,Pharmacy,,"Ground Floor, Central Market (the souk), Khalifa Street, Abu Dhabi

",0097126399554
Marqab Pharmacy- Abu Dhabi,ABU DHABI,Pharmacy,,"P.O. Box: 92947
Musaffah",0097125552291
Med Care Pharmacy (Musaffah) Abu Dhabi,ABU DHABI,Pharmacy,,"Unit 29, ICAD 3, Musaffah, Abu Dhabi",0097124447336
Medcart Pharmacy (Tawazun) Abu Dhabi,ABU DHABI,Pharmacy,,"Tawazun Industrial Park, Abu Dhabi",0097124927204
Medeor 24X7 Pharmacy - Abu Dhabi,ABU DHABI,Pharmacy,,"Opposite Empost
Madinat Zayed Area",0097126900600
Medi Cure Pharmacy LLC - Abu Dhabi,ABU DHABI,Pharmacy,,"Mafraq Workers City 1, Baniyas West, Abu Dhabi",0097126228383
Medical Park Pharmacy - Abu Dhabi,ABU DHABI,Pharmacy,,"Al Bateen Municipality, Abu Dhabi  Dr. Banan / Dr. Attar (Pharmacists in Charge) 052-8791819
Dr. Monica (Insurance In-charge) - 056 - 6779524
",0097123048888
Medicell Pharmacy (Mussafah) Abu Dhabi,ABU DHABI,Pharmacy,,"PLOT 12, M38 MUSSAFAH, M38, ABU DHABI",97124441478
Medicina Al Ghnaymah - Al Ain,ABU DHABI,Pharmacy,Al Ain City,"Grand Mart Supermarket Building, Ghnaymah Street, Al Ain, UAE
",97137612770
Medicina Alfalah Pharmacy - Abu Dhabi,ABU DHABI,Pharmacy,,"Al Falah Village 5, Village Centre Street, Al Falah Community, AUH ",0097125846880
Medicina Ghayathi Mall - Abu Dhabi,ABU DHABI,Pharmacy,,"Arada Ghayathi Ruwais Rd Ghiyathi Ghayathi Housing Project, Abu Dhabi, UAE",97123091688
Medicina Gulf Pharmacy - Abu Dhabi,ABU DHABI,Pharmacy,,"Muroor Street,Near Emke Trading, AUH",0097124483454
Medicina International Pharmacy - Abu Dhabi,ABU DHABI,Pharmacy,,"Muroor Street, Near Alam Supermarket, AUH",0097124496744
Medicina Pharmacy - Abu Dhabi,ABU DHABI,Pharmacy,,"Khalifa Street, Opp Al Noor Hospital, AUH",0097126589543
Medicina Pharmacy - Branch 10,ABU DHABI,Pharmacy,,"CENTRAL MALL, KHALIFA CITY A ",97125571194
Medicina Pharmacy - Branch 11,ABU DHABI,Pharmacy,,"OPP. EMIRATES IDENTITY AUTHORITY, 12TH STREET, KHALIFA CITY A ",97126415691
Medicina Pharmacy - Branch 12,ABU DHABI,Pharmacy,,"AL BALADIYYA ST, AL JIMI AREA ",97137555957
Medicina Pharmacy - Branch 14,ABU DHABI,Pharmacy,,"BLOOM MARINA, AL BATEEN ",97126711706
Medicina Pharmacy - Branch 15,ABU DHABI,Pharmacy,,"P.O.Box: 34702
Abu Dhabi, UAE",0097124419287
Medicina Pharmacy - Branch 16,ABU DHABI,Pharmacy,,"ROYAL GULF HYPERMARKET, KHALIFA CITY B ",97126736525
Medicina Pharmacy - Branch 17,ABU DHABI,Pharmacy,,"AL GHABAT, BANIYAS EAST ",97126736538
Medicina Pharmacy - Branch 8,ABU DHABI,Pharmacy,,"ARMED FORCES COOPERATIVE SOCIETY, SHAB AL ASHKAR ",97137664715
Medicina Pharmacy -Branch 2,ABU DHABI,Pharmacy,,"BANIYAS EAST 8, BANIYAS GOLD SOUQ ",97125501800
Medicina Pharmacy -Branch 4,ABU DHABI,Pharmacy,,"AMAYA TOWERS, SHAMS ABU DHABI, AL REEM ISLAND ",97126500168
Medicina Pharmacy -Branch 5,ABU DHABI,Pharmacy,,"BAIN AL JESSRAIN,  NEAR TO SHAIKH HAMDAN BIN MUHAMAD AL NAHYAN MOSQUE ",97125840477
Medicina Pharmacy -Branch 6,ABU DHABI,Pharmacy,,"AL FALAH VILLAGE CENTRE 4, NEW AL FALAH ",97125844114
Medicina Pharmacy -Branch 7,ABU DHABI,Pharmacy,,"GF Retail 04 Al Maqta Mall, Abu Dhabi, UAE",97128865844
Medicina Pharmacy Branch 1 - AUH,ABU DHABI,Pharmacy,,"shop B1-13 Global Outlet mall Global City Al Rahba Al Shahama, Abu Dhbai UAE",0097124479940
Medicina Pharmacy Branch 20 - Al Ain,ABU DHABI,Pharmacy,Al Ain City,"Shop No. 4 Road 28 Al Mnaizlah, Falaj Hazzaa District, Al Ain, UAE",97137668913
Medicina Pharmacy-Branch18,ABU DHABI,Pharmacy,,"WEST YAS PLAZA,YAS ISLAND ",97125651144
Medicina Pharmacy-Branch19,ABU DHABI,Pharmacy,,"R2RH+V6 AL JARF,AL GHADEER ",97125837989
Medicine Mart Pharmcy LLC - Abu Dhabi,ABU DHABI,Pharmacy,Mussafah,"Industrial Area, Mussafah",0097125541847
Medicine Plus Pharmacy (Khalifa City) Abu Dhabi,ABU DHABI,Pharmacy,,"Khalifa City A, Al Rayaana Complex, Abu Dhabi",0097126665356
Mediclinic Pharmacy - Al Ain - Branch 5,ABU DHABI,Pharmacy,Al Ain City,"Al Khbisi Near Johara Dubai Islamic Bank, Al Ain",0097137628899
Mediclinic Pharmacy - Al Noor (Khalifa St.) - Abu Dhabi,ABU DHABI,Pharmacy,,Khalifa Street - Abu Dhabi,97126265265
Mediclinic Pharmacy - Branch 4 (Khalifa St.) - Al Ain,ABU DHABI,Pharmacy,Al Ain City,Khalifa Street - Al Ain,97126265265
Mediclinic Pharmacy - Khalifa City,ABU DHABI,Pharmacy,,"#284 Villa, Near Police Station, Khalifa City A , Abu Dhabi",0097128856700
Medline Pharmacy (Mussafah) - Abu Dhabi,ABU DHABI,Pharmacy,Mussafah,"M-26 Mussafah, Abu Dhabi",00971505416858
Medlux Pharmacy (Mafraq) Abu Dhabi,ABU DHABI,Pharmacy,,"Mafraq Industrial Area 1, Abu Dhabi",0097126229722
Medstar Hamdan Pharmacy LLC - Abu Dhabi,ABU DHABI,Pharmacy,,"Al Noor Pharmacy
P.O. Box 46713
",0097126722117
Medstar Pharmacy (ICAD Res.) Mussafah - AUH,ABU DHABI,Pharmacy,,"ICAD Residential City, ICAD City 1, Mussafah, Abu Dhabi",97124066900
Medstar Pharmacy Sanaiya Al Ain LLC,ABU DHABI,Pharmacy,Al Ain City,"P.O. Box: 46713
",0097124066938
Modern Dar Al Shifa Pharmacy (Musaffah)- Abu Dhabi,ABU DHABI,Pharmacy,,"Industrial Area 9, Musaffah
Near Dana hotel - Abu Dhabi
P.O. Box: 50585 Abu Dhabi",0097125557939
Modern Dar Al Shifa Pharmacy - Abu Dhabi,ABU DHABI,Pharmacy,,"Al Yousef pharmacy Near Dana Hotel  tourist Club Area 
P.O. Box 34875
",0097126446100
Modern Ibn Sina Pharmacy- Al Ain (Alphamed),ABU DHABI,Pharmacy,Al Ain City,"Jimi Mall
P.O. Box: 23099",0097137620605
Modern Pharmacy - Abu Dhabi,ABU DHABI,Pharmacy,,"P.O.Box 1586
Dubai-UAE",0097126226646
Mother Pharmacy -Al Ain,ABU DHABI,Pharmacy,Al Ain City,Main Street Meena Bazar Al Ain,0097137515822
Mubarak Pharmcy - Al Ain,ABU DHABI,Pharmacy,Al Ain City,"Po box 15488,
Al Ain, UAE",0097137642978
Munich Medical Center Pharmacy - Al Ain,ABU DHABI,Pharmacy,Al Ain City,"Falaj Hazzaa, Al Ain",0097137138777
NAHDI PHARMACY (DALMA MALL) ABU DHABI,ABU DHABI,Pharmacy,,"DALMA MALL, ABU DHABI",971501273314
NAHDI PHARMACY (YAS MALL) ABU DHABI,ABU DHABI,Pharmacy,,"YAS MALL, ABU DHABI",971501062070
NAHEL AL AIN PHARMACY LLC - AL AIN,ABU DHABI,Pharmacy,Al Ain City,"Al Ain Ladies Club, Markhaniya, Al Ain",97137851188
NAZEK PHARMACY - AL AIN,ABU DHABI,Pharmacy,Al Ain City,"Nazek medical center , Villa 25, Al Ain",97137550009
NEW AL AIN PHARMACY – BRANCH AL DHAHER - AL AIN,ABU DHABI,Pharmacy,,"Al Daher, (after Barrari Mall) Al Ain",97137516675
NEW NATIONAL MEDICAL CENTRE PHARMACY LLC - BRANCH (MUSAFFAH) ABU DHABI,ABU DHABI,Pharmacy,Mussafah,"SECTOR M36, PLOT 138 SANIAH 2ND STREET, MUSAFFAH,ABUDHABI	
",97126282400
NEXT HEALTH PHARMACY LLC (HAMEEM RD) ABU DHABI,ABU DHABI,Pharmacy,,"HAMEEM ROAD, HAMEEM MALL, ABU DHABI",97128867332
NMC Pharmacy - Branch 1 (Khalifa City) Abu Dhabi,ABU DHABI,Pharmacy,," NMC Royal Hospital, Khalifa City, Abu Dhabi",0097126179143
NMC Pharmacy-Abu Dhabi,ABU DHABI,Pharmacy,,"Abu Dhabi, UAE",0097126179820
NOOR AL SHIFA PHARMACY (MUSSAFAH) ABU DHABI,ABU DHABI,Pharmacy,,"STREET16, SYED AL GHANIM BUILDING, ABU DHABI",97124411413
NOVOMED PHARMACY LLC - AL AIN,ABU DHABI,Pharmacy,Al Ain City,"MOHAMMED IBN ZAYED AL AWWAL STREET
BUILDING NO-47
",97137222230
National Al Ain Pharmacy - Al Ain,ABU DHABI,Pharmacy,Al Ain City,"Hili, Al Ain
",0097137627116
Natural Life Pharmacy - AUH,ABU DHABI,Pharmacy,,Dalma Mall Abu Dhabi,0097120000000
New Abu Dhabi Pharmacy  (Al Falah St.) AUH,ABU DHABI,Pharmacy,,"Next to Taha Medical Center, Al Falah Street (Old Passport Road) - Abu Dhabi",97126777625
New Al Ain Pharmacy - Al Ain,ABU DHABI,Pharmacy,Al Ain City,"Al Muwaiji, near City Center, Al Ain
",0097137554440
New Al Daman Pharmacy - Abu Dhabi,ABU DHABI,Pharmacy,,P. O. Box: 126941,0097126216700
New Al Manara Pharmacy - Abu Dhabi,ABU DHABI,Pharmacy,,"New Al Manara Pharmacy
P.O.Box 3084
Abu Dhabi-UAE",0097126815080
New Al Sham Pharmacy- Abu Dhabi,ABU DHABI,Pharmacy,,"Abu Dhabi Island E09_02 sector Al salam street behind Lulu supermarket Russian Embassy area.
Abu Dhabi, UAE",0097126262080
New Amareeta Pharmacy - Abu Dhabi,ABU DHABI,Pharmacy,,"P.O.Box: 44391
Abu Dhbai
UAE",0097126668500
New Dar Nouri Pharmacy - Abu Dhabi,ABU DHABI,Pharmacy,,"P.O. Box: 26790, Khalidiya Street, Nxt to Fatima Super Market, Abu Dhabi",0097126341436
New Land Mark Plaza Pharmacy - Abu Dhabi,ABU DHABI,Pharmacy,,"P. O. Box: 46333_x000D_
Dalma Centre Building_x000D_
",0097126316886
New Look Medical Center Pharmacy (Khaibsi) - Al Ain,ABU DHABI,Pharmacy,Al Ain City,"Front of Sheik Hazza Stadium Area, Khaibsi, Al Ain",0097137633345
New Medical Centre Pharmacy - Al Ain,ABU DHABI,Pharmacy,Al Ain City,Abu Dhabi UAEP.O Box 6222 NMC Member ,0097137555999
New National Medical Centre Pharmacy - Abu Dhabi,ABU DHABI,Pharmacy,,"New National Medical Centre Pharmacy_x000D_
P.O.Box. 30666_x000D_
Abu Dhabi, UAE",0097125520100
New Pharmacy  -Abu Dhabi,ABU DHABI,Pharmacy,,"Mr Lokesh
New Pharmacy
P.O. Box 46222
Abu Dhabi-UAE",0097126322379
New Pharmacy Branch 2 (Khalifa City) - Abu Dhabi,ABU DHABI,Pharmacy,,"Khalifa City - Plot No. P-1, SE - 4 16th Street Zone 135 Abu DhabiNMC Royal Hospital - Main Entrance",0097126342877
New Pharmacy Company WLL - Branch 8 - Abu Dhabi,ABU DHABI,Pharmacy,,"Opposite Deerfields Mall, C170, Shahama, Abu Dhabi",0097128859403
New Pharmacy Company WLL Branch 7 - Abu Dhabi,ABU DHABI,Pharmacy,,"Near International Community School, Al Faris Street, Karama, Abu Dhabi",0097126144951
New Pharmacy Wll- Branch 1 - Abu Dhabi,ABU DHABI,Pharmacy,,Khalifa City Plot No. P-1 SE - 4 16th Street Zone 135,0097126228666
Nidham Ghiyathi Pharmacy- Abu Dhabi,ABU DHABI,Pharmacy,,"MAIN MARKET NEAR NBAD, GHIYATHI CITY,
P.O. BOX: 79450, ABU DHABI
",0097128741791
Noor Al Ahli Pharmacy - Al Ain,ABU DHABI,Pharmacy,Al Ain City,"Building #243-A, Sanaya, Al Ain, Abu Dhabi
",0097137673627
Noor Al Ahli Pharmacy Branch 1 - Abu Dhabi,ABU DHABI,Pharmacy,Mussafah,"M Floor, Gate #1, Inside Mall, Musaffah, ICAD Residential City, AUH 
",0097126146723
Noor Al Ahli Pharmacy Branch 2 - Abu Dhabi,ABU DHABI,Pharmacy,Mussafah,"M Shabiyah, Building #C-5, Musaffah, AUH
",0097125522309
Noor Al Ahli Pharmacy Branch 3 - Abu Dhabi,ABU DHABI,Pharmacy,,"Ground Floor, Ahmed Mohamed HArool Al Qubaisi Bldg., Sector 6, Plot # C13, Hamdan Street, AUH 
PO Box: 2419
",0097126263305
Noor Al Ahli Pharmacy Branch 4 - Abu Dhabi,ABU DHABI,Pharmacy,,"Baniyas West, Abu Dhabi PO Box: 2419	
",0097125668124
Noor Al Ahli Pharmacy Branch 6 - Abu Dhabi,ABU DHABI,Pharmacy,,"Opposite Home Center, Hamdan Street, Abu Dhabi",0097126210524
Noor Al Ahli Pharmacy Branch 7 - Abu Dhabi,ABU DHABI,Pharmacy,,"Ground Floor, Ahalia Hospital, Hamdan Street,AUH PO Box: 2419",0097126269545
Noor Al Hayat Pharmacy - Abu Dhabi,ABU DHABI,Pharmacy,,"Mussafah 10, Abu Dhabi next to Al Noor Hospital",0097125527454
Noor Alahli Pharmacy - Branch 5  (Ahalia Group),ABU DHABI,Pharmacy,,"BANIYAS WEST, NEAR DAR-AL-ULOOM SCHOOL, BANIYAS, ABU DHABI  ",97125831929
Noor Alahli Pharmacy - Branch 8  (Ahalia Group),ABU DHABI,Pharmacy,,"MARFA SOUQ, OPP ABUSAEED MOSQUE, MIRFA  ",97126410170
Oasis Hospital Pharmacy-Al Ain,ABU DHABI,Pharmacy,Al Ain City,"Sanaiya Street,opp etisalat, PO.Box : 1016, Al Ain",0097137221251
Olive Pharmacy (Muroor Road) - Abu Dhabi,ABU DHABI,Pharmacy,,"Near Al Marjaan Tower, Dhafeer Street, Muroor Road, ABu Dhabi",0097126742589
Orchid Pharmacy - Abu Dhabi,ABU DHABI,Pharmacy,,"Asma Al emarta Building, Near Al Wadi Furniture, Jareeda Ittehda Street, Maroor Road, Abu Dhabi",0097124431090
Oxford Pharmacy (Muroor Road) Abu Dhabi,ABU DHABI,Pharmacy,,"Al Muroor Road, Near Emirates General market",0097124489191
PHARMACY EXCELLENCY GHAYATHI POLY CLINICS (AL DHAFRAH) ABU DHABI,ABU DHABI,Pharmacy,Western Region,"KHALIFA COMPLEX D&E FLOOR 14 LAND NUMBER C 81, AL DHAFRAH, ABU DHABI",97126777676
PHILOSOPHY OF MEDICINE PHARMACY (AL HISN) ABU DHABI,ABU DHABI,Pharmacy,,"AL NASR STREET BUILDING, AL HISN, ABU DHABI",97126669823
PHOENIX HOSPITAL PHARMACY (Al Bustan Hospital Pharmacy)- Abu Dhabi,ABU DHABI,Pharmacy,Mussafah,"M-10, Shabiyah, Musaffah, Abu Dhabi",0097126151515
PUBLIC HEALTH PHARMACY LLC (BANIYAS) ABU DHABI,ABU DHABI,Pharmacy,,"SHOP NO 2B PLOT NO F2C4_1 MAGENTA PEARL VILLAGE, ABU DHABI
BANIYAS 
",97126678668
Pharmacy - Mediclinic Hospitals (Al Khair ) - Al Ain,ABU DHABI,Pharmacy,Al Ain City,"Al Khrair, Al Ain- Bawadi Mall (same building as Union National Bank) Zayed Bin Sultan Street (# 137)",0097137012509
Pharmacy Blue Moon - Abu Dhabi,ABU DHABI,Pharmacy,,"Al Dafah Street
P.O. Box: 29946
Abu Dhabi",0097124412882
Pharmacy The Specialist Diabetes Treatment & Research Centre Branch 2 (Saif Ghubash Street) - Abu Dh,ABU DHABI,Pharmacy,,"Saif Shubash Street, Zayed Sports City Stadium, Abu Dhabi",0097124040800
Pharmacy The Specialist Diabetes Treatment and Research Center Branch (Tawan) - Al Ain,ABU DHABI,Pharmacy,,"Beside Tawam Hospital, Al Ain",0097137464800
Prestige Pharmacy - Abu Dhabi,ABU DHABI,Pharmacy,,"Baniyas West, Kabrat, PO Box: 10343, Abu Dhabi  
",0097125858588
Pride Pharmacy - Al Ain,ABU DHABI,Pharmacy,Al Ain City,"Hili Sanaiya, Near KM Hypermarket beside Pride Medical Center, Al Ain",0097137998706
Prime Cure Pharmacy - Abu Dhabi,ABU DHABI,Pharmacy,,"Mezar Salem Building. (No C -  35) 
Al Falah (Jawazat) Street, 
P.O Box No. 31691 
",0097126342424
Prime London Pharmacy  - Abu Dhabi,ABU DHABI,Pharmacy,,"Khalifa Bin Shakboot street no. 10 Al Manaseer Villa No. 253, Abu Dhabi",0097124443034
QUEENS PHARMACY (MUSAFFAH) ABU DHABI,ABU DHABI,Pharmacy,,"MD BIN ZAYED CITY SECTOR 3 OPP CAPITAL MALL
",97125522252
REEM HOSPITAL - INPATIENT PHARMACY (REEM ISLAND) ABU DHABI,ABU DHABI,Pharmacy,Reem Island,"OPPOSITE SORBONNE UNIVERSITY, REEM ISLAND, ABU DHABI

",97128152000
REEM PHARMACY - ABU DHABI,ABU DHABI,Pharmacy,,"REEM ISLAND, REEM HOSPITAL, ABU DHABI",971559523061
RIGHT HEALTH PHARMACY (HABSAN) ABU DHABI,ABU DHABI,Pharmacy,,"SHOP NO: 2 AL DHAFRA, ABU DHABI
",97124460157
ROYAL CARE PHARMACY (FALAJ) AL AIN,ABU DHABI,Pharmacy,,"FALAJ HAAZA, AL AIN",97137666448
ROYAL TOP PHARMACY (AL MANHAL) ABU DHABI,ABU DHABI,Pharmacy,,"NO.514, SHEIKH RASHID BIN SAEED, ABU DHABI",97126266070
Rafa Pharmacy - Al Ain,ABU DHABI,Pharmacy,Al Ain City,"Near Golden fork restaurant - Al Ain
",0097137657006
Rainbow City Pharmacy LLC - Abu Dhabi,ABU DHABI,Pharmacy,,"Mussafah Sanaiya, M-4, Near Royal Grand Hypermarket, Abu Dhabi",0097125542322
Real 7 Pharmacy DMCC Branch (Masdar City) Abu Dhabi,ABU DHABI,Pharmacy,,"Unit No. M032, Ground Floor, My City Centre Masdar, Masdar City, Abu Dhabi",0097145610000
Roots Pharmacy (Al Sarooj St) Al Ain,ABU DHABI,Pharmacy,,"Al Sarooj Street, Al Niyadat, Al Ain",0097137377168
SARHAD PHARMACY - ABU DHABI,ABU DHABI,Pharmacy,,"MUSAFFAH SANAIYA 2, M2
STREET #18
",97125551429
STANLI DOT PHARMACY (MUSAFFAH) ABU DHABI,ABU DHABI,Pharmacy,,"MUSSAFA M11, ABU DHABI. U.A.E.
",9715466488
SUPERCARE PHARMACY - BRANCH OF ABU DHABI 6 (AL MUNEERA ISLAND) ABU DHABI,ABU DHABI,Pharmacy,,"SHOP# B-106, AL MUNEERA ISLAND, ABU DHABI",9726265645
SUPERCARE PHARMACY - BRANCH OF ABU DHABI 7 (YAS MALL) ABU DHABI,ABU DHABI,Pharmacy,,"SHOP# G-039, YAS MALL, YAS ISLAND, ABU DHABI",97126220988
SUPERCARE PHARMACY - BRANCH OF ABU DHABI 8 (AL REEM ISLAND) ABU DHABI,ABU DHABI,Pharmacy,,"SHOP# G-13, AL REEM ISLAND, ABU DHABI",97143504500
SUPERCARE PHARMACY - BRANCH OF ABU DHABI 9 (YAS ISLAND) ABU DHABI,ABU DHABI,Pharmacy,,"UNIT# RETAIL-03, WATERS EDGE BUILDING, YAS ISLAND, ABU DHABI",97143504500
Saad Pharmacy - Abu Dhabi,ABU DHABI,Pharmacy,,"P.O.Box: 2871
Abu Dhabi, UAE",0097126277332
Sahara Pharmacy (Musaffah) - Abu Dhabi,ABU DHABI,Pharmacy,,"P.O. Box: 9239, M44, Musaffah, Abu Dhabi",0097125556393
Sama Al Ain Pharmacy Llc,ABU DHABI,Pharmacy,,"AYLA HOTEL AL AIN, 1ST FLOOR KHALIFA IBN ZAYED, AL AWWAL STREET",97137619858
Sama Alshamkha Pharmacy - Abu Dhabi,ABU DHABI,Pharmacy,,"AlShamkha Near ADNOC technical Insitute , Behind Al Qima School 
",0097125866019
Sands Pharmacy - Abu Dhabi,ABU DHABI,Pharmacy,,"P.O.Box.8189
Abu Dhabi, UAE",0097126425688
Sas Al Nakhal Pharmacy - Abu Dhabi,ABU DHABI,Pharmacy,,International Airport Road - Abu Dhabi,97126020575
Sea City Pharmacy (Mussafah) AUH,ABU DHABI,Pharmacy,,"5 Street. M 17, Mussafah, Abu Dhabi",97125528871
Sea City Pharmacy - Abu Dhabi,ABU DHABI,Pharmacy,Mussafah,"12th Street, M-17, Musaffah, Abu Dhabi",0097125528801
Seha Emirates Pharmacy LLC - Abu Dhabi,ABU DHABI,Pharmacy,,"Al Nahyan Camp Area, Abu Dhabi",0097124451669
Select Pharmacy L.Lc,ABU DHABI,Pharmacy,,"GROUND FLOOR, SHOPE-5,  M-10, MUSSAFAH  ",97125540446
Sheikh Khalifa Energy Clinic Pharmacy - Abu Dhabi,ABU DHABI,Pharmacy,,Sheikh Khalifa Energy Complex - Abu Dhabi,97126020575
Sky Community Pharmacy - Abu Dhabi,ABU DHABI,Pharmacy,,"Sun & Sky Tower, Al Reem Island, Abu Dhabi
",0097126760880
Smart Health Pharmacy - Abu Dhabi,ABU DHABI,Pharmacy,,"Baniyas East, Mafraq Abu Dhabi",0097125851800
Sofitel Pharmacy - Al Ain,ABU DHABI,Pharmacy,Al Ain City,"Abela Supermarket, Maqam, Al Ain	
",0097137676439
Specialized Medical Care Hospital Pharmacy- Al Ain,ABU DHABI,Pharmacy,Al Ain City,Specialized Medical Care Hospital Al AIn,0097137552291
Star Al Ahalia Pharmacy - Abu Dhabi,ABU DHABI,Pharmacy,,"C76, Near Gayathi Market, Gayathi, Abu Dhabi PO Box: 2419	
",00097128744060
Summer Land Pharmacy - Abu Dhabi,ABU DHABI,Pharmacy,,"Villa No. 39, 15th Street, Shakhbout City, Khalifa City B, Abu Dhabi",0097125848733
Super Care Pharmacy - Branch of Abu Dhabi 1,ABU DHABI,Pharmacy,,"Yas Mall, Al Shahma, Abu Dhabi",0097125651654
Super Care Pharmacy - Branch of Abu Dhabi 2,ABU DHABI,Pharmacy,,Dalma Mall Al Mussafah ABu Dhabi,0097126653350
Super Care Pharmacy - Branch of Abu Dhabi 3 ,ABU DHABI,Pharmacy,,"Al Reef Community, Al Shhama, Abu Dhabi",0097125821044
SuperCare Pharmacy - Branch Of Abu Dhabi 5,ABU DHABI,Pharmacy,,"Al Wahda Mall, Al Asalah Street, Abu Dhabi
",97143504500
SuperCare Pharmacy LLC - Branch Of Abu Dhabi 4 (Abu Dhabi Mall),ABU DHABI,Pharmacy,,"Abu Dhabi Mall, Al Zahiyah, Abu Dhabi
",097143504500
Swat Pharmacy - Abu Dhabi,ABU DHABI,Pharmacy,,"Musafah M-40, Bldg. 116, Street 11",0097125550038
Swedish Medical Centre Pharmacy - Abu Dhabi,ABU DHABI,Pharmacy,,"Villa #1, 13th Street Opposite of Spinneys Khalidiya, Abu Dhabi",0097126811122
TIME CURE PHARMACY (MUSAFFAH) ABU DHABI,ABU DHABI,Pharmacy,,"MUSSAFAH
ARAB COOK REST. BUILDING
",97125508998
TRUE LIFE PHARMACY LLC - AL AIN,ABU DHABI,Pharmacy,Al Ain City,"Industrial Zone, Peace Division, 122: Khalifa Bin Zayed The First Street, Building, Mr. Mohammed Thalloub Salem Hamad and others , Al Ain",97137854443
Taba Pharmacy - Abu Dhabi,ABU DHABI,Pharmacy,,"Shabiya ME-9, Abu Dhabi",0097125556603
Taha Pharmacy - Abu Dhabi,ABU DHABI,Pharmacy,,"P.O.Box: 38672_x000D_
Abu Dhabi,  UAE.",0097126343447
Taibah Al Ain Pharmacy - Al Ain,ABU DHABI,Pharmacy,Al Ain City,"Behind Al Ain Hospital, Al Ain",0097137545288
Talat Pharmacy Al Musaffah- Abu Dhabi,ABU DHABI,Pharmacy,,"Musaffah Industrial area, Sector M39, Plot-12 P.O Box 25339",0097125526909
The Specialist Diabetes Treatment & Research Centre (Out Patient Pahrmacy) - Abu Dhabi,ABU DHABI,Pharmacy,,"P.O.Box: 48338
Next to Sheikh Zayed Military Hospital
Intersection of 29 & 30 Street",0097124040880
Thuhfa Al Andalus Pharmacy - Abu Dhabi,ABU DHABI,Pharmacy,,"Shop1, Bldg. no. 1291, Musaffah ME/11, Abu Dhabi, UAE",0097125522262
Top Care Pharmacy - Abu Dhabi,ABU DHABI,Pharmacy,Mussafah,"ICAD, Musaffah, Abu Dhabi .O. Box: 40490",0097125500625
Top Care Pharmacy Branch 1 - Abu Dhabi,ABU DHABI,Pharmacy,Mussafah,"Shop # R033, ICAD Residential City, Musafah, Abu Dhabi",0097126665131
Town Life Pharmacy (Abu Dhabi Mall),ABU DHABI,Pharmacy,,"Unit No. RA 18 (A15), Opp. Abu Dhabi Coop, Ground Floor, Abu Dhabi Mall, Abu Dhabi, UAE",0097145610000
Ultra Medical Center Pharmacy - Al Ain,ABU DHABI,Pharmacy,Al Ain City,"Villa #20, Street#2, Jimi Mall, Al Ain",0097137620055
Unique Al Ahalia Pharmacy,ABU DHABI,Pharmacy,,"SALAH ALAMRI BUILDING,GROUND FLOOR,ME-10, SHABIYA ",97125595441
Unique Al Ahalia Pharmacy - Branch 2,ABU DHABI,Pharmacy,,"DELMA STREET, AIRPORT ROAD  ",97126410039
Unique Al Ahalia Pharmacy Branch 1 - Abu Dhabi,ABU DHABI,Pharmacy,,"Behind Liwa Center, Hamdan Street, Abu Dhabi PO Box: 2419",0097126352775
Unique Care Pharmacy - Abu Dhabi,ABU DHABI,Pharmacy,,"Shop No. 07, Plot No. 85, M-13, Musaffah Industrial Area, Abu Dhabi",0097125535582
VENUS PHARMACY (MUSSAFAH) ABU DHABI,ABU DHABI,Pharmacy,,"C/150,VENUS PHARMACY, SHABIYA 9,MUSSAFAH, ABU DHABI",97125526629
Vivid Pharmacy - Abu Dhabi,ABU DHABI,Pharmacy,,"Shop 4, Building C- 168Shabia ME- 9, Mussafah",0097125546259
Wellness Pharmacy LLC - Abu Dhabi,ABU DHABI,Pharmacy,,"Villa # 111, 21 Dihan Street, Opp. Sheikh Khalifa Pakistani School, Muroor",0097126422424
Western Towers Al Ahalia Pharmacy - Abu Dhabi,ABU DHABI,Pharmacy,,"MZE-Plot #158, Shop #10, Sanaya, Madina Zayed, AUH PO Box: 2419",0097128841020
YAS PHARMACY (AL REEM ISLAND) ABU DHABI,ABU DHABI,Pharmacy,,"AL REEM ISLAND,  NEAR AL REEM ISLAND - SE44 - ABU DHABI",97124945555
YAS PHARMACY (KHALIFA ST) ABU DHABI,ABU DHABI,Pharmacy,,"KHALIFA STREET, NEAR AL RAWAFED PVT SCHOOL- MHANNA ST - KHALIFA CITY - SE44 - ABU DHABI",97124945555
Yas Pharmacy (Madinat Zayed) Abu Dhabi,ABU DHABI,Pharmacy,,"MADINAT ZAYED, ABU DHABI
",971509045078
Yateem Pharmacy (29th St) Abu Dhabi,ABU DHABI,Pharmacy,,"SW16, Parallel Avenue to 29th Street, Near ro New ADNOC Station (Al Forsan Sports Resort Area), Abu Dhabi",0097126666571
ZOE CARE PHARMACY LLC (SHABIYA) ABU DHABI,ABU DHABI,Pharmacy,,"MOHAMMED BIN ZAYED CITY,  C-77,  SHOP NO:2  SHABIYA ME -11, ABU DHABI",97125469611
Zanbaq Al Madina Pharmacy (Musaffah) - Abu Dhabi,ABU DHABI,Pharmacy,,"Icad Area, M40, Ploty No. 96, Musaffah, Abu Dhabi",009712550433
ADVANCED MEDICAL CENTRE (AL BUSTAN) AJMAN),AJMAN,Clinic,,"AL BUSTAN, FLAT NO 202, SECOND FLOOR CITY MART BUILDING AJMAN, UAE",0097167459969
AJMAN UNIVERSITY MEDICAL CENTER (AL JURF 1) AJMAN,AJMAN,Clinic,,"SHEIKH ZAYED CENTER FOR CONFERENCES AND EXHIBITIONS, AJMAN UNIVERSITY, UNIVERSITY STREET, AL JURF 1, AJMAN, UAE ",97167056229
AL HEMAYA GENERAL CLINIC LLC (JURF) - AJMAN,AJMAN,Clinic,,BUILDING NO. 103180388 JURF AJMAN,97165229703
AMTEK MEDICAL CENTER (AL NUAIMIYA 3) AJMAN,AJMAN,Clinic,,"FLAT NO-105, AL RAFAA TOWER-1, SHEIKH KHALIFA STREET, AJMAN",97167462120
Abdul Aziz Medical Centre LLC - Ajman,AJMAN,Clinic,,"Al Salam Building, Floor F, Office No. 5, Sheikh Maktoum Bin Rashid Street, Al Hamadiya, Ajman",0097167310722
Access Clinic (NEW SANAIYA) Ajman,AJMAN,Clinic,,"NEAR EMIRATES GAS SIGNAL, NEW SANAIYA, AJMAN-UAE",97167404778
Ahalia Medical Centre,AJMAN,Clinic,,"NEAR EMIRATES MARKET, ASYAD TOWER, AL ITTIHAD STREET  ",97167679587
Ajman Medical Center - Ajman,AJMAN,Clinic,,"Al Mobhat Roundabout, New Industrial Area, Al Zahra Building, Ajman",0097167430088
Al Ain Medical Center- Ajman,AJMAN,Clinic,,"Hafiz Ibrahim Street Al Ain Market Building,Al humamiya, Ajman",0097167406661
Al Bustan Medical Center (Jurf) Ajman,AJMAN,Clinic,,"Jurf Ajman, UAE Exchange Building, Near China Mall, Jurf, Ajman",0097167488202
Al Dhuha Medical Centre (Al Rumaila 3)- Ajman,AJMAN,Clinic,,"Rumaila 3, Shaikh Rashid Bin Humaid Street, Opposite to Ajman One Tower, Ajman",0097167405633
Al Durra Dental Clinic (Liwara 2) Ajman,AJMAN,Clinic,,"Near Al Ahlyia Charity School, Liwara Bldg. Liwara 2, Ajman",09710505502165
Al Elaj Medical Centre - Ajman,AJMAN,Clinic,,"Ramilah R/A, Opp. Verona Resort, Union national bank Bldg., Ajman",0097167418880
Al Gharafa Medical Centre - Ajman,AJMAN,Clinic,,"Near Al Manama Hypermarket Above Al Ahlia Exchange Centre, Ajman",0097167448322
Al Helal Medical Centre - Ajman,AJMAN,Clinic,,"Uthman Bin Affan St, Nakheel 1, Ajman",0097167446359
Al Jurf Medical Center - Ajman,AJMAN,Clinic,,"Flat 105, Private Properties Building, Beside Muroor University, Jurf, Ajman


",0097167499766
Al Madar Medical Centre (Sh. Khalifa St.) Ajman,AJMAN,Clinic,,"Flat 204 & 205, Al Ghumlasi Building, Sheikh Khalifa Street, Ajman",0097167412202
Al Nahrain Specialty Medical Center (Al Nuaimia 2) - Ajman,AJMAN,Clinic,,"Sky Tower Building, 6th Floor, Dheikh Khalifa Bin Zayed Road, Ajman",0097167449144
Al Nuaimia Clinic - Ajman,AJMAN,Clinic,,"Bagdad super market Building, New Sanaiya Industrial area, Near Sun city supermarket, Ajman",0097167432262
Al Raha Medical Clinic - Ajman,AJMAN,Clinic,,"Al Suwan Tower, Opp Arab Bank, Ajman Branch Sheikh Rashid Bin Humaid Street, Ajman
",0097167473100
Al Rukn Medical Center (Al Rashidiya 3) Ajman,AJMAN,Clinic,,"1st Floor, Room#18, Building #3, Manr Al Amar, Opposite Al Hooth Supermarket,Ajman",0097167402209
Al Sanaiya Clinic - Ajman,AJMAN,Clinic,,"Opp Ajman Korea Furniture , Next to China Mall, Al Jurf, Ajman
",0097167484078
Al Shifa Medical Specialist Centre - Ajman,AJMAN,Clinic,,"Office # 101, Bin Hamoodah Building, Al Badr Street, Al Bustan, PO Box: 922, Ajman
",0097167449498
Al Shrooq Polyclinic - Ajman,AJMAN,Clinic,,"Block A, 1st Floor, Flat 104 A, Karama Plaza Building, UAE Exchange Building, Opp Royal Cinema, Ajman
",0097167455688
Al Sultan Medical Center - Ajman,AJMAN,Clinic,,"Mushairif, Ajman",0097167444188
Alia Medical Centre- Ajman,AJMAN,Clinic,,"Al Shaab Building, Opp Kuwait Hospital,
Ajman, UAE.",0097167457755
Amina Medical Center (Al Jurf) Ajman,AJMAN,Clinic,,"Behind Ajman University, Near City Life Mall, Al Jurf, Ajman",0097167033778
Aster Medical Centre (Al Nuaimiah) Ajman,AJMAN,Clinic,," Opposite ADNOC Petrol Station and Ramada Hotel Sheikh Khalifa Bin Zayed St., Al Nuaimiah, Ajman, UAE",97167314799
Aster Plus Specialist Medical Center (Al Rashidiya 3) Ajman,AJMAN,Clinic,,"Al Manar Tower, Sheikh Rashid Bin Humeed St. Opp. Honda Showroom, Al Swan Al Rashidiya 3, Ajman",0097165308057
Aura Medical Center (Jurf Industrial 2) Ajman,AJMAN,Clinic,,"RAINBOW BUILDING,SHOP-21, JURF INDUSTRIAL AREA 2, DUBAI",97165265455
BAN DENTAL CLINIC LLC - AJMAN,AJMAN,Clinic,,"AL SHAMMARI BUILDING
",971501411904
BYNOONA MEDICAL CENTER (AL NUAIMIYA 2) AJMAN,AJMAN,Clinic,,"AL HOOT TYRE BUILDING, ADI BIN HATEIM STREET

",97167430015
COST CARE MEDICAL CENTER (AL NUAIMIYA 1) AJMAN,AJMAN,Clinic,,"AL MARZOOKI BUILDING, SHOP NO.1, GROUND FLOOR,AL NUAIMIYA 1,AJMAN,",97165275643
Careplus Medical Center LLC - Ajman,AJMAN,Clinic,,"Flat No. 115, 1st Floor, KM Trading Building, Opposite to Lulu Hypermarket, Ajman, UAE",0097167473341
City Medical Centre - Ajman,AJMAN,Clinic,,"Al Madeen Tower, Flat No.106, Above Al Ansari Exchange, Rashid Bin Humaid Street, Ajman

",0097167441882
Clinica Medical Center (Al Zora) Ajman,AJMAN,Clinic,," Villa 13, Flamingo Villas, Etihad Road, Al Zora ,P.O. Box: 666, Ajman, UAE",0097165619607
Dear Health Medical Center (Rashidiya 3) Ajman,AJMAN,Clinic,,"1st Floor, Al Swan Tower, Sheikh Rashid Bin Humad St. Rashidiya 3 , Ajman",00971674713366
Dr. Rajeevan Medical Centre - Ajman,AJMAN,Clinic,,"Near Sanaya Industrial Area, Ajman
",0097167431330
Eve Medical Center (Al Jurf) - Ajman,AJMAN,Clinic,,"Garden City Buiding Opp. New Immigration Office, Al Jurf, Ajman",0097167498042
FLOW MEDICAL CENTER AND PHYSIOTHERAPY (ZORAH) AJMAN,AJMAN,Clinic,,"VILLA 69 FLAMINGO AL ITTIHAD STREET AL ZORAH AJMAN
",971508626286
Family Medical Clinic - Ajman,AJMAN,Clinic,,"Shamma Real Estate Building,_x000D_
Al Zahra, Ajman, UAE.",0097167434800
First Aid Clinic (Al Jurf) Ajman,AJMAN,Clinic,,"Flat No. 106, 1st Floor, Near Oscar Grand Cellar, Behind China Mall, Al Jurf, Ajman",0097167446752
Golden Star Childrens Clinic (Al Rashidiya 2)- Ajman,AJMAN,Clinic,,"Ground Floor, Noor Building, Beside Ajman One Tower, Rashideya 3, Ajman. Tel No: 06-5544478",0097167422730
Huda Alalousi Specialized Medical Center LLC - Ajman,AJMAN,Clinic,,"Ajman, Al Zorah, Etihad Street, Flamingo Villa No. 41, Ajman",0097167487776
Ibn Sina Medical Centre - Ajman,AJMAN,Clinic,,"Al Quds Road, Al Quds Building,
PO Box 4749, Ajman, UAE.",0097167457755
Ibtesam Medical Centre - Ajman,AJMAN,Clinic,,"Flat 101-103, Andalus 1 Building, Sheikh Khalifa, Rashidiya 3, Ajman",0097167312929
International Specialist Medical Centre - Ajman,AJMAN,Clinic,,"Kuwait Road, Along Naimiya Towers (In Front of Al Madina Pharmacy) Shafiq Rana Mohd Building, 1st Floor, Naimia, Ajman  Tel No: 06-7499516",0097167463400
JABAL SINA MEDICAL CENTER LLC (RASHIDIYA 3) AJMAN,AJMAN,Clinic,,"ESCAPE TOWER , GROUND FLOOR, RASHIDIYA -3, SHEIKH RASHID BIN HUMAID AL NUAIMI STREET, AJMAN",97167402255
LLH Specialist Medical Center ( Al Nuaimia 2)- Ajman,AJMAN,Clinic,,"Mariyam Tower, King Faisal Street, Al Nuaimia 2 , Ajman",0097167486747
MAPLE MEDICAL CENTER-AJMAN,AJMAN,Clinic,,"AL SALAM STREET, RAWDA 3
FLAT NO : 559, ABDUL HAQUE BUILDING
",97165955921
MASFOOT MEDICAL CENTRE LLC (RASHIDIYA) AJMAN,AJMAN,Clinic,,"AJMAN  RASHIDIYA, NAER HASHIM FLOOR MILL, BADAR STREET
",97167452230
MUZEIRA MEDICAL CENTRE (HATTA RD) AJMAN,AJMAN,Clinic,,"RASHID AMAR BUILDING, 1ST FLOOR,AL MUZAIRAH, DUBAI-HATTA ROAD, AJMAN, UAE",97143512199
Maryam Dental Centre [Al Swan] Ajman,AJMAN,Clinic,,"203, 2nd FIoor, Ibrahim Khalifa Al Saeedi Building, Sheikh Rashid Bin Humeed Street , Al Swan, Ajman, UAE",0097167445696
Medo Medical Centre - Ajman,AJMAN,Clinic,,"Shaikh Khailfa Bin Zayed Road, Al Badar Bldg., 1st Floor, Flat 101",0097165556303
Metro Medical Centre - Ajman,AJMAN,Clinic,,"Al Nuaimiyah, Opp Ramada Hotel, Khalifa Bin Zayed St. Flat 3 ,4, 5 ,6 ,7 , Ajman",0097167469694
Modern Medical Centre (Industrial Area 3) - Ajman,AJMAN,Clinic,,"Tecton Building, Jeddah Street, Al Jurf Industrial Area 3, Ajman",0097167469695
NMC Medical Centre Ajman (Al Rashidiya1) Ajman,AJMAN,Clinic,,"1st Floor, Samha Tower, Opposite to Al Khor Tower Behind Safeer Market, Rashidiya 1 - Ajman, UAE",97167147666
NOOR AL SHIFA CLINIC (JURF) AJMAN,AJMAN,Clinic,,"METRO BUILDING , JURF, AJMAN",97165234870
National Clinic - Ajman,AJMAN,Clinic,,"New Sanaiya Industrial area, Near Lucky Roundabout and Lucky Supermarket,  Ajman
",0097167480780
Northern Al Ahliah Medical Centre (Ahalia Group),AJMAN,Clinic,,"AL WAKF BUILDING,GROUND FLOOR,BEHIND AJMAN GENERAL POST OFFICE & NBAD ",97167404941
ORIANA MEDICAL CENTER (JURF INDUSTRIAL AREA) AJMAN,AJMAN,Clinic,,"JURF INDUSTRIAL AREA
",971565918888
Oxygen Medical Center - Ajman,AJMAN,Clinic,,"Ajman Building, 48, Sheikh Khalifa Bin Zayed Road Nuaimeya 3, Ajman",0097167406022
Prime Medical Center AJM (Shk. Khalifa Bin Zayed St.) Ajman,AJMAN,Clinic,,Grand Mall - Sheikh Khalifa Bin Zayed St. - Ajman,0097142720720
RED MAPLE MEDICAL CENTER-AJMAN,AJMAN,Clinic,,"ABDUL HAQUE BUILDING
BAHIYA, AL JURF 3
",917467481778
RELIEF MEDICAL CENTER LLC (NAKHEEL 2) AJMAN,AJMAN,Clinic,,"G8, A BLOCK, AL DIWAN TOWER, SHEIKH RASHID BIN HUMEED STREET, AJMAN",97167483030
Rashid Centre For Diabetic And Research,AJMAN,Clinic,,UNIVERSITY STREET,97167118309
Right Health Clinic Jurf - Ajman,AJMAN,Clinic,,"Ajman, Al Jurf, UAE",0097167494969
Right Health Clinic Jurf 2 - Owned by Owner - One Person Co LLC - Ajman,AJMAN,Clinic,,"Shop No. 2, Jurf Industrial Zone 2, Ajman",0097167404141
SEHA MEDICAL CENTER (AL NUAIMIYA 1) AJMAN,AJMAN,Clinic,,AJMAN-ALNUAMYIA-1- ITTEHAD ROAD,97167404045
SHIFA AL JAZEERAH MEDICAL CENTRE LLC (SANAYYA) AJMAN,AJMAN,Clinic,,"Near Nesto Hyper MArket New SAnyya, Ind, Area2, Ajman, UAE",0097167444830
SHIFA AL JAZEERAH MEDICAL CENTRE LLC BRANCH 01-( JURF) AJMAN,AJMAN,Clinic,,"JURF 1, 397 / 3 , GROUND FLOOR, AJMAN - UAE
",97168812681
Skin and Teeth Medical Center LLC - Ajman,AJMAN,Clinic,,"Flamingo Villa, Villa No. 37, Al Zorah, Ajman, UAE",0097167444560
Thiqa Dental Clinic (Al Rumaila 3) - Ajman,AJMAN,Clinic,,"Al Shorofa 1 Builing Office No. 108, Sh. Rashid Bin Humaid, Next to Nissan Showroom, Ajman
",0097167467020
Thumbay Clinic Al Rashidiya 1 - Ajman,AJMAN,Clinic,,"Al Quds Street Rashidiya 3, Ajman",0097167119555
Thumbay Labs LLC (Al Jurf) Ajman,AJMAN,Clinic,,"Gulf Medical University, Al Jurf, Behind Khalifa Hospital, Ajman",0097167431333
VPM INTERNATIONAL HEALTHCARE LLC (KHALIFA ST) AJMAN,AJMAN,Clinic,,"EMIRATES NBD RESIDENTIAL TOWER, KHALIFA STREET, AJMAN",97167427427
Ajman Specialty General Hospital (Sheikh Maktoum Bin Rashid St.) Ajman,AJMAN,Hospital,,"Sheikh Maktoum Bin Rashid Street,Ajman Industrial 1,Near Irani Market - Ajman",97167484999
Amina Hospital - Ajman,AJMAN,Hospital,,"Al Quds St, Post Box 5625 - Ajman",97167114444
Saudi German Hospital (Al Tallah) Ajman,AJMAN,Hospital,,"Sheikh Ammar Bin Humaid Street (Besides CUCA City University College of Ajman),  Al Tallah Region, Ajman UAE",00971800744823
Sheikh Khalifa General Hospital Ajman,AJMAN,Hospital,,UNIVERSITY STREET ,97167118309
Sheikh Khalifa Hospital Masfout,AJMAN,Hospital,,MASFOUT ,97167118309
Sheikh Khalifa Women And Children Ajman,AJMAN,Hospital,,UNIVERSITY STREET,97167118309
Thumbay Hospital (Al Nuaimia 1) Ajman,AJMAN,Hospital,,Near United Arab Bank - Sheikh Jaber Al Sabah Street - Al Nuaimiyah 1 - Ajman,0097167463333
Thumbay University Hospital Complex (Al Jurf) - Ajman,AJMAN,Hospital,,AL JURF - Rashid Al-Khadar St - Ajman,0097167705555
Al Jaber Optical Centre,AJMAN,Optical Center,,"SHOP NO. A23, GROUND FLOOR, AJMAN CITY CENTER  ",0556002273
Grand Optics-  Ajman,AJMAN,Optical Center,,City Center Ajman,0097167480103
Yateem Optician (Liwara 2) Ajman,AJMAN,Optical Center,,"Unit G33, Ground Floor Lulu Hypermarket, Liwara 2, Ajman",0097167447658
Yateem optician - 1 ( Ajman City Centre ),AJMAN,Optical Center,,"Al Jurf, Ittihad, City Centre, Ajman
",0097167993000
Zo & Mo Opticals - Ajman,AJMAN,Optical Center,,"Inside THumbay Hospital, Near Hafiz Ibrahim road, Al Nuaimiyah, Ajman",0097167471002
AL ABRAR PHARMACY LLC,AJMAN,Pharmacy,,"LAVENDER TOWER
",0097167443741
AL BIRUNI PHARMACY (AL RASHIDIYA 3) AJMAN,AJMAN,Pharmacy,,"GRAND MALL AJMAN, GROUND FLOOR, 22, SHEIKH KHALIFA BIN ZAYED STREET, AL RASHIDIYA 3, AJMAN",971552213612
AL DIAA PHARMACY LLC (BADAR ST) AJMAN,AJMAN,Pharmacy,,"TATHIMA BUILDING, BADAR STREET, AJMAN",97167452869
AL HEMAYA PHARMACY ( JURF) - AJMAN,AJMAN,Pharmacy,,"BUILDING NO. 103180388, JURF, AJMAN",97167487251
AL SANAIYA PHARMACY ( Ind Area 1) AJMAN,AJMAN,Pharmacy,,"PO 3484 Shop No 8 & 9 ,Ground Floor ,Sheikh Ammar Bin Humaid Street ,Jurf  Ind Area 1
",97167404141
AL TALAL PHARMACY (JURF) AJMAN,AJMAN,Pharmacy,,"METRO BUILDING, JURF, AJMAN",9716741750
AURA PHARMACY LLC (Jurf 2) Ajman,AJMAN,Pharmacy,,"Behind Civil Defence, Ajman
Industrial Area, Jurf 2
",971547772924
Access Pharmacy - Ajman,AJMAN,Pharmacy,,"Haramain Souk,New Industrial Area, Near to Emirates Gas
",0097167462011
Aiwa Pharmacy - Ajman,AJMAN,Pharmacy,,"Thameer Building, Near KM Traing Shk Rashid Bin Humaid Road, Ajman",0097167445575
Ajman Specialty General Hospital Pharmacy - Ajman,AJMAN,Pharmacy,,"Hamidia - Al Zahra Road, near New Vegetables & Fruit Market, Ajman",0097167152200
Al Afdhal Pharmacy Ajman,AJMAN,Pharmacy,,"AJMAN MARKET COOPERATIVE SOCIETY, JURF  ",97167311318
Al Ain Pharmacy Center LLC - Ajman,AJMAN,Pharmacy,,"Al Ain Building, Hafiz Ibrahim Street, Ground Floor, Al Nuaimia, Ajman",0097167442542
Al Attar Pharmacy - Ajman,AJMAN,Pharmacy,,"Uthman bin Affan Road, Textile Bazar, Ajman",0097167427142
Al Bustan Pharmacy - Ajman,AJMAN,Pharmacy,,"Al Bustan Building, Opp Madina Police St.
P. O. Box: 12663
",0097167447969
Al Enaya Pharmacy (Zahra) Ajman,AJMAN,Pharmacy,,"Sheikh Zayed Street, Zahra, Ajman, United Arab Emirates",97167492212
Al Gharafa Pharmacy LLC - Ajman,AJMAN,Pharmacy,,"Al Mosalla Souq, Al Bustan, Ground Floor, Shop No. 2, Ajman, UAE",0097167410313
Al Hekmah Pharmacy - Ajman,AJMAN,Pharmacy,,"Kuwait Road, Along Naimiya Towers (In Front of Al Madina Pharmacy) Shafiq Rana Mohd Building, Ground Floor, Naimia, Ajman ",0097167466689
Al Isra Pharmacy (Rawdha 3) - Ajman,AJMAN,Pharmacy,,"Al Salam Street, Rawdha 3, Near Al Ghawas Restaurant, Ajman, UAE
",0097167673557
Al Khaleej Pharmacy (Al Quds St) - Ajman,AJMAN,Pharmacy,,"Al Quds St. Al Swan, Ajman",0097167444189
Al Madar Medical Center Pharmacy-Ajman,AJMAN,Pharmacy,,"Al Rawabi Building 3, Sheikh Khalifa Street, Ajman",00971067433443
Al Mamourah Pharmacy - Ajman,AJMAN,Pharmacy,,"Shk Rashid Bin Humaid Road Near Giant Signal and Magnum Plaza, Ajman",0097167426383
Al Marsa Pharmacy (University St) Ajman,AJMAN,Pharmacy,,"University Street, Near Khalifa Hospital, Al Jerf, Ajman",0097167473383
Al Musalla Pharmacy - Ajman,AJMAN,Pharmacy,,"Musalla Souq, Al Busthan, Ajman",0097167421271
Al Nahrain Pharmacy (Al Nuaimia 2) - Ajman,AJMAN,Pharmacy,,"Sky Tower Building Ground Floor, Shop # 2, Sheikh Khalifa Bin Zayed Road, Ajman",0097167499802
Al Neem Pharmacy - Ajman,AJMAN,Pharmacy,,"Subway Restaurant Building, Shk Ammar Road, Al Zahra Street, Ajman
",0097167488207
Al Nuaimia Pharmacy - Ajman,AJMAN,Pharmacy,,"Ali Hameed Mohammed Kumaiti, Ground Floor, al Nuaimia street, Al Nuaimia, Ajman",0097167467871
Al Omair Pharmacy LLC - Ajman,AJMAN,Pharmacy,,"Turas Building, Rashidiya 3 , Ground Floor, Shop No. 1, Ajman",0097167651477
Al Saqer Pharmacy - Ajman,AJMAN,Pharmacy,,"Musalla Souq,, Behind Al Ahalia Exchange Al Bustan, Ajman",0097167488329
Al Seha Pharmacy LLC -Ajman,AJMAN,Pharmacy,,"Shop no. 9 Ground Floor, Ibrahim Khalifa Building Al Quds Street, Ajman",0097167457887
Al Shifa Pharmacy - Ajman,AJMAN,Pharmacy,,Shamma Real Estate Building Al Zahra  P.O Box 7737 Ajman ,0097167457755
Al Swan Pharmacy - Ajman,AJMAN,Pharmacy,,"Al Ittihad Street, Below Specialist Med.Center & Al Ittihad Polyclinic,  PO Box: 1002, Ajman
",0097167404425
Al Zaman Pharmacy - Ajman,AJMAN,Pharmacy,,"Al Zaman Building, Shk Ammar Road, Rawda, Ajman
",0097167487272
Alfatah Pharmacy (Al Rawda 3) - Ajman,AJMAN,Pharmacy,,"Al Rawdah 3, Moweihat Sheikh Ammar St. Near Oxygen Burger, Ajman, UAE",0097167467975
Alya Pharmacy - Ajman,AJMAN,Pharmacy,,"Sultan Building, Rawdha 3, Ground Floor, Shop No. 5, Ajman, P.o. Box: 6639",0097167317878
Amina Hospital Pharmacy (Al Quds St.) Ajman,AJMAN,Pharmacy,,"Al Quds St, Post Box 5625 - Ajman, Post Box 5625 - Ajman",97167114444
Arabian Pharmacy (Al Jarf 1) - Ajman,AJMAN,Pharmacy,,"Al Jarf 1, Sheikh Ammar Bin Humaid St. Ground Floor, Humaideya, Ajman",0097167417887
Aster Pharmacy (Ajman Co-Op.) Ajman,AJMAN,Pharmacy,,"Ajman Co-Operative Society, Ajman, UAE",97167496363
Aster Pharmacy 154 (Rumaila 3) Ajman,AJMAN,Pharmacy,,"Al Aqar Tower 3, Shop No. 27, Ajman Corniche, Rumaila 3, Ajman",0097167314840
Aster Pharmacy 159 (Rashidiya 3) Ajman,AJMAN,Pharmacy,,"Shop No. 5, Al Manar Tower, Corniche Road, Rashidiya 3, Ajman",0097167453226
Aster Pharmacy 163 Br of Aster Pharmacies Group LLC - Ajman,AJMAN,Pharmacy,,"Shop No.7, Nesto Hypermarket, Al Imam Al Shafee Street, Hamidiya 1, Hamidiya, Ajman",097165461822
BAIT AL NEEM PHARMACY LLC (AL RAWDA 3) AJMAN,AJMAN,Pharmacy,,"SHOP NO4,DONUT TIME BUILD,NEAR BOUNTY SWEETS, SHIEKH AMMAR STREET, AL RAWDA- 3
",0065454019
DOCTOR SALIM PHARMACY (RUMAILA 1) AJMAN,AJMAN,Pharmacy,,"RASHID BIN HUMAID STRET, FAQRUDEEN BUILDING,  SHOP NO 8, AJMAN",97167458052
Dear Health Pharmacy (Old Industrial Area) Ajman,AJMAN,Pharmacy,,"Al Shamsi Real Estate Building, Old Industrial Area, Behind Ramada Hotel & Suits, Ajman",0097167471332
EVE PHARMACY LLC (HAMADIYA 1) AJMAN,AJMAN,Pharmacy,,"Qualty house Building 	Hamadiya 01, Ajman",97167319825
Elaj Medical Centre Pharmacy - Ajman,AJMAN,Pharmacy,,"Ramllah 3 Area, Opp Ajman Tower, Bldg. of Abdulla Mohammed Almuwaiji, Ajman",97167466300
Emirates Pharmacy - Ajman,AJMAN,Pharmacy,,"PO Box 4749,_x000D_
Ajman - UAE",0097167474900
Family Care Pharmacy LLC - Ajman,AJMAN,Pharmacy,,"Wall Street Bldg. Ground Floor, Shop 5, Ajman
",97167429880
First Aid Pharmacy (Al Jurf) Ajman,AJMAN,Pharmacy,,"Shop No. 4, First Aid Pharmacy Building, Near Oscar Grand Cellar, Ajman",0097167446752
Galaxy Pharmacy (Sheikh Rashid Bin Abdul Aziz St.) Ajman,AJMAN,Pharmacy,,"Horizon Tower D, Shop # 3, Sheikh Rashid Bin Abdul Aziz Street, Ajman",97167441886
Grand Pharmacy (Sheikh Khalifa Bin Zayed St.) Ajman,AJMAN,Pharmacy,,"Spinneys, Dana Plaza, Near Spinneys, Sheikh Khalifa Bin Zayed St., Ajman, UAE",97167444840
HALA PHARMACY BR 54 (INDUSTRIAL 2) AJMAN,AJMAN,Pharmacy,,"SHOP NO: 4 & 5, EMARATS MARKET, AJMAN, UAE",97145610000
HALA PHARMACY LLC - BRANCH 50 (Al Zahra Area) Ajman,AJMAN,Pharmacy,,"Plot No: 1133, Marwa Building, Rawda 2, Southern Sector, Al Zahra Area, Ajman",97144566737
Hala Pharmacy Branch 01 (Ajman City Centre),AJMAN,Pharmacy,,"Unit No. 58, Gorund floor, Entrance D, Ajman City Centre, Ajman, UAE",0097145610000
Hala Pharmacy Branch 49 (Rumaila) Ajman,AJMAN,Pharmacy,,"Unit No. Shop No. 3, Rumaila, Al Shorafa Tower 2, Ajman, UAE",009714561000
JABAL SINA PHARMACY (RASHIDIYA 3) AJMAN,AJMAN,Pharmacy,,"ESCAPE TOWER , GROUND FLOOR, RASHIDIYA -3, SHEIKH RASHID BIN HUMAID AL NUAIMI STREET, AJMAN",97167402255
LIFE PHARMACY 28 BR OF LIFE PHARMCY LLC- AJMAN,AJMAN,Pharmacy,,"SHAMEKHA BUILDING
NEUIMEIA 3 AJMAN
",97145610000
LIFE PHARMACY 32 (AL TALLAH) AJMAN,AJMAN,Pharmacy,,"SHOP GF 5&6, NESTO HYPERMARKET, AL TALLAH, AJMAN",97145610000
LIFE PHARMACY LLC BRANCH 62- AJMAN,AJMAN,Pharmacy,,"AL ARYAM BUILDING
NEUIMEIA AJMAN
",97145610000
Life Pharmacy (Al Ramila) Ajman ,AJMAN,Pharmacy,,"Shop No. 108, Al Manama Hypermarkets, Al Ramila, Ajman Road - Ajman",97167452188
Lulu Pharmacy - Ajman,AJMAN,Pharmacy,,"Lulu Hypermarket, Al Bustan, Ajman",0097167457771
MANSOUR PHARMACY LLC (RASHIDIYA 3) AJMAN,AJMAN,Pharmacy,,"AL SAALI BUILDING, RASHIDIYA-3, AJMAN
",97167483760
MAPLE PHARMACY L.L.C-AJMAN,AJMAN,Pharmacy,,"ABDUL HAQUE BUILDING
BAHIYA, INDUSTRIAL AREA, AL JURF-3
",971467481778
MEDON PHARMACY (Al HAMIDIYA) AJMAN,AJMAN,Pharmacy,,"Opp: ADNOC Petrol Station, Sheikh Ammar Bin Humaid Street-Al Hamidiya-Ajman",97167491188
Mawjood Pharmacy - Ajman,AJMAN,Pharmacy,,"Ayisha Mahmoud Building, Al Quds Street, Opposite Amina  Hospital, Ajman
",0097167429030
Medi Care Pharmacy LLC - Ajman,AJMAN,Pharmacy,,"Near Ain Al Madina Hypermarket, Lucky R/A, New Industrial Area, Ajman, UAE",0097167646539
Medi Prime Pharmacy AJM (Shk. Khalifa Bin Zayed St.) Ajman,AJMAN,Pharmacy,,Grand Mall - Sheikh Khalifa Bin Zayed St - Ajman,0097142720720
Medicina 29 Pharmacy - Ajman,AJMAN,Pharmacy,,"Ajman Union Coop., Near to tech group and holiday beach club, Al Rumailah, Ajman",0097167472207
Medicine Home Pharmacy (New Industrial Area) - Ajman,AJMAN,Pharmacy,,"Al Zahra, Al Moehat Round About, New Industrial Area, Ajman",0097167485290
Medicom 18 (Safeer Mall) Ajman,AJMAN,Pharmacy,,"Safeer Mall, Sheikh Khalifa Bin Zayed Street - Ajman",97167464665
Medicom Pharmacy 27 -  Ajman,AJMAN,Pharmacy,,"Shop No.1, Abdullah abu shihab Building, Sheikh kaleefa street
",0097167412013
Metro Meds Pharmacy - Ajman,AJMAN,Pharmacy,,"P.O. Box: 16168_x000D_
Ajman, UAE_x000D_
Below Metro Medical Centre, Sheikh Khalifa Bin Zayed St._x000D_
",0097167469692
Metro Pharmacy - Ajman,AJMAN,Pharmacy,,"Tecton Buildng, Jeddah street, Al Jurf Industrial Area 3, Ajman",0097164769664
Modern Pharmacy - Ajman,AJMAN,Pharmacy,,"Ajman City Center,_x000D_
P.O.Box 1586,_x000D_
Ajman, UAE",0097167480066
Nasser Pharmacy  (Kuwait Street) - Ajman,AJMAN,Pharmacy,,"Kuwait Street, Nuaimia 1, Behind Thumbay Hospital, Ajman",0097167460667
New Grand Pharmacy (King Faisal Rd.) Ajman,AJMAN,Pharmacy,,"Marayem Building,King Faisal Road,Al Nuaiemiyah - Ajman",97167412588
New Medical Centre Pharmacy Branch (Rashidiya) Ajman,AJMAN,Pharmacy,,"NMC Medical Centre Bldg., Near Safeer Market, Samha Plaza, Rashidiya, Ajman",0097167147600
New Sanaiya Pharmacy - Ajman,AJMAN,Pharmacy,,"Bagdad super market Building, New Sanaiya Industrial area, Near Sun city supermarket, Ajman
",0097167434034
Noor Alshifa Pharmacy - Ajman,AJMAN,Pharmacy,,"City Mall, Al Tallah 2, Ajman",0097167673042
Northern Al Ahliah Pharmacy,AJMAN,Pharmacy,,"AL WAKF BUILDING,GROUND FLOOR,BEHIND AJMAN GENERAL POST OFFICE & NBAD ",97167401876
ORIANA PHARMACY BRANCH 3 (JURF INDUSTRIAL AREA) AJMAN,AJMAN,Pharmacy,,"JURF INDUSTRIAL AREA
",971565918888
Orchid Al Rgayeb Pharmacy (Hamadiya) Ajman,AJMAN,Pharmacy,,"Nesto Hypermarket, Al Raqayib, Hamadiya, Ajman, UAE",00971565227928
PRISTINE PHARMACY LLC-AJMAN,AJMAN,Pharmacy,,"SHOP NO 1 & 2, AJMAN BANK PROPERTY BLDG. RASHIDIYA 3, AJMAN
",97167497547
Pharmacy Ahalia,AJMAN,Pharmacy,,"NEAR EMIRATES MARKET, ASYAD TOWER, AL ITTIHAD STREET  ",97167679587
RED MAPLE PHARMACY LLC-AJMAN,AJMAN,Pharmacy,,"AL SALAM STREET, RAWDA 3
ABDUL HAQUE BUILDING
",971467481778
RELIEF PHARMACY LLC (NAKHEEL 2) AJMAN,AJMAN,Pharmacy,,"G8, A BLOCK, AL DIWAN TOWER, SHEIKH RASHID BIN HUMEED STREET, AJMAN",97167483030
Rashid Center For Diabetes And Research Pharmacy,AJMAN,Pharmacy,,UNIVERSITY STREET,97167118309
Right Health Pharmacy Jurf - Ajman,AJMAN,Pharmacy,,"P.O. Box : 3484, Ajman, UAE",0097167494969
Right Health Pharmacy Jurf - Owned by Owner - One Person Co LLC - Ajman,AJMAN,Pharmacy,,"Shop No. 2, Jurf Industrial Zone2, Ajman",0097167404141
SABEEL PHARMACY (AL ZORAH) AJMAN,AJMAN,Pharmacy,,"Flamingo Mall, Al Ittihad Street, Al Zorah, Ajman",97167464842
SHAMS MUZEIRA PHARMACY  (HATTA RD) AJMAN,AJMAN,Pharmacy,,"RASHID AMAR BUILDING, AL MUZAIRAH, DUBAI-HATTA ROAD, AJMAN, UAE",97148240037
SHIFA AL JAZEERAH CENTRE  PHARMACY LLC (SANAYYA) AJMAN,AJMAN,Pharmacy,,"Muhdda Building, Near Nest Hypermarket, New Sanaya, Individual Area 2, Ajman, UAE",0097167444830
SHIFA AL JAZEERAH CENTRE PHARMACY - L.L.C - Branch 01 (JIDDAH) AJMAN,AJMAN,Pharmacy,,"JURF 1, 397 / 3,GROUND FLOOR,JIDDAH STREET,OPPOSITE NEAR LUCKY CENTRE,JURF 1	JIDDAH STREET
",97167677511
Saudi German Hospital Pharmacy (Sheikh Ammar Bin Humaid Street) - Ajman,AJMAN,Pharmacy,,"Sheikh Ammar Bin Humaid Street, Beside CUCA City University College of Ajman, AL Tallah Region, Ajman",00971800744823
Sheikh Khalifa Hospital Masfout Pharmacy,AJMAN,Pharmacy,,MASFOUT ,97167118309
Sheikh Khalifa Hospital Pharmacy - Ajman,AJMAN,Pharmacy,,UNIVERSITY STREET ,97167118309
Sheikh Khalifa Maternity And Pediatric Pharmacy,AJMAN,Pharmacy,,UNIVERSITY STREET,97167118309
Shifa Al Madina Pharmacy (Sanaiya)- Ajman,AJMAN,Pharmacy,,"Lucky Round About, Sanaiya Industrial Area, Ajman",0097167493093
Super Care Pharmacy Branch 01 - Ajman,AJMAN,Pharmacy,,"Ajman City Center, Ajman",0097143504500
Supercare Pharmacy - Ajman,AJMAN,Pharmacy,,P.O. Box: 118347,0097167497255
TOPCARE PLUS PHARMACY LLC,AJMAN,Pharmacy,,"Shop #1, Souk Al Mubarak Hypermarket Building
",009716768006
Thumbay Hospital Pharmacy (Al Nuaimia 1) - Ajman,AJMAN,Pharmacy,,"Thumbay Hospital Ajman- E11, Al Ettehad Street, Al Nuaimiyah (Near Hafiz Ibrahim Road), Ajman",0097167463333
Thumbay Pharmacy (Al Nakheel 1) Ajman,AJMAN,Pharmacy,,"Near Ajman Chamber of Commerce, Al owan, Al Nakheel 1, Ajman, UAE",0097167470701
Thumbay Pharmacy 1 (Rashidiya 1) Ajman,AJMAN,Pharmacy,,"Mariyam Ahmed Wosaeed Mohammed Al Kitbi Building, Al Ittihad Street, Mushrif Commercial Area, Rashidiya 1, Ajman, UAE",0097167438333
Thumbay Pharmacy 13 (Al Nuaimiyah) Ajman,AJMAN,Pharmacy,,"Kuwaiti Street Road, Al Nuaimiyah, Ajman",0097167319494
Thumbay Pharmacy 14 - Ajman,AJMAN,Pharmacy,,Bader Street Near Ladies Park,0097167475091
Thumbay Pharmacy 15 (Hamdiyeah) Ajman,AJMAN,Pharmacy,,"Inside Kenz Hyper market, Hamdiyeah, Ajman, UAE",0097167450792
Thumbay Pharmacy 18 - Ajman,AJMAN,Pharmacy,,"Rashid Al Khadar St. University St, Thumbay Medicity, Al Jurf 1, Ajman",0097167119111
Thumbay Pharmacy 2 (Al Nuaimiyah) Ajman,AJMAN,Pharmacy,,"Al Nuaimiyah, Near Home Centre - Ajman, UAE",0097167051594
Thumbay Pharmacy 4 (Al Nuaimiyah) - Ajman,AJMAN,Pharmacy,,"Thumbay Hospital, Al Nuaimiyah,  Ajman, UAE",0097167466660
Thumbay Pharmacy 5 (Sheikh khalifa Bin Zayed St.) Ajman,AJMAN,Pharmacy,,"Al Rawabi 1 Building, Sheikh khalifa Bin Zayed Street - Ajman, UAE",0097167454883
Thumbay University Hospital Complex Pharmacy (Al Jurf) - Ajman,AJMAN,Pharmacy,,"Al Jurf, Near Body & Soul Health Club, P.O. Box: 4184, Ajman
",0097167438333
Top Care Pharmacy Al Jadeeda (Jurf Industrial 3) - Ajman,AJMAN,Pharmacy,,"Hamad Abdulla Saeed Bin Ali, Jurf Industrial 3, Ajman",0097167317277
24 Hours Dental Clinic LLC - Dubai,DUBAI,Clinic,,"#602, Holiday Inn Crown Plaza Commercial Tower, Shaik Zayed Road, Trade Center 1 (Area) Dubai",0097143554466
360 MEDICAL CENTER (GHURAIR) DUBAI,DUBAI,Clinic,,"FIRST FLOOR , WAFI MALL ,UM GHURAIR DUBAI",97143420360
A G CARE MEDICAL CENTER FZCO ( Dubai Silicon Oasis) DUBAI,DUBAI,Clinic,,Arabian Gate Towers. Dubai Silicon Oasis,97143337766
ABSOLUTE WELLNESS MEDICAL CENTRE & DIAGNOSTIC- DUBAI,DUBAI,Clinic,,"SALMAN EBRAHIM BUILDING	LATIFA HAMDAN STREET, DUBAI
",97143361355
ADVANCED CARE MEDICAL CENTER (DIP 1) DUBAI,DUBAI,Clinic,,"44 STREET, ALICO AL MADINA HYPERMARKET BUILDING, DUBAI",97143463099
ADVANCED CARE MEDICAL CENTER BRANCH - AL QUOZ 2,DUBAI,Clinic,AL QOUZ SECOND,"PASON'S SUPERMARKET BUILDING, BEHIND JOTUN PAINT FACTORY, AL QUOZ 2",97142355200
ADVANCED CARE MEDICAL CENTER BRANCH -DIC,DUBAI,Clinic,,"""Souq No :4, Shop Number : 4 & 5,
Seihshoweb 4, Labour City 3,
Dubai Industrial City,
Dubai - UAE""
",97148786503
ADVANCED CARE MEDICAL CENTER LLC BRANCH (INDUSTRIAL AREA 1) DUBAI,DUBAI,Clinic,,"CROWN MALL, GROUND FLOOR, SHOP NO: 30, JEBAL ALI INDUSTRIAL AREA 1
",091743807807
AL AZHAR CLINIC LLC 4,DUBAI,Clinic,,"""Building Name: XPO Mall 
 Street Name: MADINAT HYPERMARKET Apartment/Villa Number: 10
Area Name: Jebel Ali Industrial-3""
",0097148806616
AL BADIYA DENTAL CLINIC (DUBAI FESTIVAL CITY) DUBAI,DUBAI,Clinic,,"BIN SOUGHAT BUILDING,FIRST FLOOR, DUBAI FESTIVAL CITY, 
NAD AL HAMAR ROAD
",97142830777
AL BIRUNI HOME HEALTH CARE (DIP 1) DUBAI,DUBAI,Clinic,,"CEO Building, First Industrial Street, Dubai",97142619321
AL HANA MODERN MEDICAL CENTER LLC (AL MANKHOOL) DUBAI,DUBAI,Clinic,,"2ND FLOOR, AL HANA CENTER, AL MANKHOOL ROAD, AL JAFILIYA, DUBAI, U.A.E",97143244034
AL RUKN MEDICAL CENTER LLC  (JEBEL ALI) DUBAI BRANCH,DUBAI,Clinic,,"SHOP NO 21 , JABEL ALI INDIUSTRIAL AREA 1 JABEL ALI DUBAI
",97145548530
AL SEYOUH MEDICAL CENTER (INDUSTRIAL 4) SHARJAH,DUBAI,Clinic,,"BUILDING MATERIAL COMPLEX, INDUSTRIAL 4, SHARJAH",97165594836
AL SHIFA AL UROPI MEDICAL CENTER DWC - DUBAI,DUBAI,Clinic,,"B3 THE PULSE RESIDENCE PARK PODIUM, DUBAI WORLD CENTRAL, DUBAI, U.A.E",97144759111
ALLEANZA HEALTHCARE LLC (BUSINESS BAY) DUBAI,DUBAI,Clinic,,"BURLINGTON TOWER, BUSINESS BAY, DUBAI",97143400025
AMERICAN HOSPITAL CLINICS DUBAI HILLS (BR OF AMERICAN HOSPITAL DUBAI L.L.C),DUBAI,Clinic,UMM SUQEIM FIRST,"DUBAI HILLS MALL, UMM SUQEIM 1, DUBAI",97143775500
AMERICAN HOSPITAL CLINICS JUMEIRAH BR OF AMERICAN HOSPITAL DUBAI LLC,DUBAI,Clinic,,"GALLERIA MALL, GROUND FLOOR ,AL WASL, JUMERIAH 1",97143776835
AMERICAN HOSPITAL CLINICS NAD AL SHEBA (BR OF AMERICAN HOSPITAL DUBAI LLC) DUBAI,DUBAI,Clinic,,"AVENUE MALL, NAD AL SHEBA 1, DUBAI",97143774010
AMSA HOME HEALTH CARE LLC (BUSINESS BAY) DUBAI,DUBAI,Clinic,,"MARASI DRIVE, 1205,AL MANARA TOWER,BUISNESS BAY, DUBAI",97142775688
ANCHASSY SMILE DENTAL & AESTHETIC CLINIC LLC (JUMEIRAH) DUBAI,DUBAI,Clinic,JUMEIRA FIRST,"VILLA 3 KAMALI JUMEIRAH 1 DUBAI UNITED ARAB EMIRATES
",0097143433360
ASTER MEDICAL CENTRE ARJAN - DUBAI,DUBAI,Clinic,,"AL SAYYAH RESIDENCE, GROUND FLOOR 13-16, BARSHA SOUTH 3RD, ARJAN, DUBAI",97145643776
ASTER MEDICAL CENTRE JVC - DUBAI,DUBAI,Clinic,,"108 DAMAC TOWERS , GROUND FLOOR, LAZUWARD SW STREET , BARSHA SOUTH ,JUMEIRAH VILLAGE CIRCLE, 8703, DUBAI",0097142800899
ASTER MEDICAL CENTRE REMRAAM,DUBAI,Clinic,RAS AL KHOR IND. SECOND,"REMRAAM COMMUNITY CENTRE,FLOOR GROUND FLOOR-FLAT RETAIL 08,RERAAM ,NEAR GEANT SUPERMARKET, DUBAI",0097143333423
ASTER MEDICAL CENTRE SHIEKH ZAYED ROAD BR OF DM HEALTHCARE LLC,DUBAI,Clinic,,"AL MANAL TOWER
TRADE CENTER 1
",97143200438
ASTER MEDICAL CENTRE SPORTS CITY BR OF DM HEALTHCARE LLC-Dubai,DUBAI,Clinic,,"SPANISH BUILDING -FLOOR G ,SHOP NO-3 ,AL HEBIAH FORTH ,DUBAI SPORT CITY 	SPANISH BUILDING -FLOOR G ,SHOP NO-3 ,AL HEBIAH FORTH ,DUBAI SPORT CITY 
",9714577919
ASTER PHARMACY 157  - CLINIC (MADINAT AL MATAAR) DUBAI,DUBAI,Clinic,MADINAT AL MATAAR,EXPO VILLAGE RESIDENCES 4 -GROUND FLOOR -EXPO VILLAGE - NEAR EXPO METRO STATION-MADINAT AL MATAR,0045475037
AXIS DENTAL CLINIC (2ND DEC ST) DUBAI,DUBAI,Clinic,,"NAEMA ALI BUAMIM BUILDING, 2ND DECEMBER STREET, DUBAI",97143984350
Abbara Polyclinic - Dubai,DUBAI,Clinic,AL MURAQQABAT,"Al Riqqa Street, Dubai, UAE",0097142685333
Abeer Al Noor Polyclinic - Deira - Dubai ,DUBAI,Clinic,,"Afra Al Shaikh Mijrin Mohammad Al Kendi Building-11,Behind Al Futtaim Masjid ,Near Delhi Restaurant ,18th Street ,Frij Murar,Deira ,Dubai
",0097142343017
Abeer Al Noor Polyclinic - Muhaisnah - Dubai,DUBAI,Clinic,,"Ground Floor, Room No 6&31, Street #19, Musthafa Mall, Grand Hypermarket, Muhaisnah 2, Dubai",0097142729966
Abeer Al Noor Polyclinic - Qusais - Dubai,DUBAI,Clinic,AL QUSAIS FIRST,"Qusais, Opp Union cooperative, Dubai
",0097142612248
Abris Medical Center LLC - Dubai,DUBAI,Clinic,,"Nearby Dubai Museum, Meena BAzar, Al Fahidi Street, Dubai",0097143535356
Abu Hail Clinic,DUBAI,Clinic,,,0097140000000
Access Clinic -  Sonapure 2 - Dubai,DUBAI,Clinic,MUHAISANAH SECOND,"First floor, Dubai Municipality Bldg., Muhaisna 2, Shop #4, Sonpur Dubai",0097142637279
Access Clinic - Al Quoz - Dubai,DUBAI,Clinic,AL QOUZ FOURTH,"Al Arif Building
Al Quoz 1
P.o. Box: 8703",0097143217544
Access Clinic - Bur Dubai,DUBAI,Clinic,AL RAFFA,"Souk Al Kabeer,
P.O. Box: 8703
",0097143527300
Access Clinic - DIP - Dubai ,DUBAI,Clinic,DUBAI INVESTMENT PARK FIRST,"P.O.Box : 8103, Unit 2 & 3, Mezzanine Floor, Ramla Building, DIP, Dubai",0097144544660
Access Clinic - DIP 2 - Dubai,DUBAI,Clinic,DUBAI INVESTMENT PARK SECOND,"Kadris Mall, Ground Floor, SHop No. 7, DIP 2, Jebel Ali, Majelan Al Madeena Supermarket",0097148833028
Access Clinic - International City - Dubai,DUBAI,Clinic,WARSAN FIRST,"Al Warsan First, Morocco Cluster
P.O. Box: 8703",0097143606587
Access Clinic - Jafza- Dubai,DUBAI,Clinic,JABAL ALI SECOND,"Food court 3, Jafza, P.O. Box: 8703
Dubai",0097148806577
Access Clinic - Sonapur - Dubai,DUBAI,Clinic,MUHAISANAH SECOND,"P.O. Box: 8703
Dubai",0097142510266
Access Clinic DIC (Saih Shuaib 2)  - Dubai,DUBAI,Clinic,,"Sapphire Mall, 1st Floor, Shop No. 39-42, Dubai Industrial Park, Saih Shuaib 2, Al Madeena Hypermarket, Dubai",0097145896619
Access Clinic Persian Zone - Dubai,DUBAI,Clinic,WARSAN FIRST,"Persia NO4, Ground, Shop No. 10, International City, Dubai",0097145520139
Achira Clinics - Dubai,DUBAI,Clinic,,"Unit 5002, 5th Floor, Al Rigga Street, Al Rigga Business Centre,IBIS Hotel, Dubai",0097142238513
Adam Vital Physiotherapy and Rehabilitation (Nad Al Hamar Road) Dubai ,DUBAI,Clinic,,"Index Holding Building, Nad Al Hamar Road, Al Kheeran, Dubai",0097142515000
Advanced Care Medical Center (Al QUOZ) - Dubai,DUBAI,Clinic,AL QOUZ FOURTH,"P.O. Box: 283235
Near National Cement, Al Qouz 4
Dubai",0097143397664
Advanced Care Medical Center Branch (DIP) - Dubai,DUBAI,Clinic,DUBAI INVESTMENT PARK SECOND,"DIP, Dubai, P.O Box: 283235,
",0097148850788
Advanced Care Medical Center Branch (Muhaisnah 2) - Dubai,DUBAI,Clinic,MUHAISANAH SECOND,"Shop # 17, Ground Floor, Shaklan Hypermarket 2, 32A Street, Near Al Qusais Bus Station, Dubai",0097142636800
Advanced Care Oncology Center (Jebel Ali Village) Dubai,DUBAI,Clinic,,"Al Furjan, Jabel Ali 1, Dubai, UAE",0097145656300
Advanced Hearing & balancing Center - Dubai,DUBAI,Clinic,UMM HURAIR SECOND,"Shop 107, First Floor, WAFI Shopping Mall, Oud Metha Road, Dubai PO Box 211150
 
",0097143422422
Akeela Dental Clinic (Jebel Ali 1) Dubai,DUBAI,Clinic,,"Ground Floor, Bldg. GFA-7, The Gardens Boulevard, Jebel Ali 1, Dubai",0097144229009
Al Abdul Razzak Clinic - Dubai,DUBAI,Clinic,AL HUDAIBA," 255 Ahmed Al Otaibah Building, Al Diyafah, Dubai PO Box 8068, Dubai, UAE 
",0097143988055
Al Aliaa Polyclinic - Dubai,DUBAI,Clinic,JUMEIRA SECOND,"Villa 327, Jumeirah Beach Road, Juemirah 2, Dubai",0097143493600
Al Amal Polyclinic - Dubai,DUBAI,Clinic,AL SATWA,"Behind Satwa Govt. Clinic, Opposite Emirates Bank,  Satwa, Dubai, UAE.",0097143329833
Al Aman Medical Center LLC - Dubai,DUBAI,Clinic,,"Office 301, Above Jesco Supermarket, Pearl Building, Deira Dubai",0097142288490
Al Azhar Clinic - (DIP) Branch 2 - Dubai,DUBAI,Clinic,,"Parsons S/M Building, DIP 2, Dubai ",0097148895306
Al Azhar Clinic - Dubai,DUBAI,Clinic,,"Ali Mesmar Shopping Mall, Behind Ramla Supermarket, Dubai Investment Park (DIP) Labor Accomodation Area, Dubai 
",0097148859596
Al Azhar Clinic Branch - Dubai,DUBAI,Clinic,,"12 Al Aradhi Al Alya Foodstuff Trading LLC, Jebel Ali Industrial Area 1, Near Nesto & Parco Supermarket, Dubai ",0097148800545
Al Barsha Al Noor Polyclinic - Dubai,DUBAI,Clinic,AL BARSHA FIRST,"301, Elite Business Centre,Opposite Hypermarket, Al Barsha 1, Behind MOE, Dubai",0097142218122
Al Bayan Medical Center - Dubai,DUBAI,Clinic,NAIF,"P.O. Box: 87546
Deira, Dubai",0097142719008
Al Biraa Arthritis & Bone Clinic - Dubai,DUBAI,Clinic,AL MANARA,"Al Biraa Arthritis & Bone Clinic
Villa# 1029, Al Wasl Road, Al Manara
P.O. Box 191422, ",0097143487031
Al Borj Medical Center - Dubai,DUBAI,Clinic,,"Al Borj Medical Center
Al Dhiyafa Road
P O Box  23719
Dubai, UAE",0097143212220
Al Das Clinic (The Palm Jumeirah) - Dubai,DUBAI,Clinic,,"Ground Floor, Shoreline Trunk 10,  Al Das Building, The Palm Jumeirah, Dubai",0097144529998
Al Dehyafa Specialized Orthod & Dent Clinic- Dubai,DUBAI,Clinic,AL BADA'A,"P.O. Box: 111660, Al Makhtoum Bldg., AL Diyafa Road, Dubai, UAE ",0097143463330
Al Diyafa Modern Medical Center - Dubai,DUBAI,Clinic,AL BADA'A,"Al Diyafa Modern Medical Centre
Al Diyafa Street,
P.O. Box 24544
Dubai-UAE",0097143454945
Al Fahim Medical Centre - Dubai,DUBAI,Clinic,,"P.O.Box: 113563
Deira Tower",0097142224722
Al Fida Medical Centre - Dubai,DUBAI,Clinic,AL KARAMA,"Flat No. 127, Al Attar Shopping Mall, Karama, Dubai 
",0097143355357
Al Hana Medical Center (Satwa) Dubai,DUBAI,Clinic,,"Satwa Home Building, Behind Satwa Municipality Spring Super Market, Satwa, Dubai",0097143491488
Al Khail Medical Centre - Dubai,DUBAI,Clinic,AL QOUZ THIRD,"Shop No.57&58, Al Quoz Mall, Al Quoz Industrial Area, Beside Al Ahli Driving School, Dubai",0097143306745
Al Khail Medical Centre Branch - Dubai,DUBAI,Clinic,DUBAI INVESTMENT PARK SECOND,"1st Floor, Shop No 2, Inside Fida Al Madina Hypermarket DIP-2, Dubai",0097148823131
Al Lubnani Medical Center LLC Dubai Branch,DUBAI,Clinic,,"605, Elite Business Tower, Al Barsha Dubai, 00971508806363",0097142288766
Al Manara Specialized Medical Center (Jumeirah) Dubai,DUBAI,Clinic,,"Villa #797, Safa 2, Al Wasl Road, Jumeirah, Dubai",0097142629666
Al Mansoor Medical Center - Dubai,DUBAI,Clinic,AL RAFFA,"Al Musalla Road, 101 Moosa Building, P.O. Box: 43136, Bur Dubai, Dubai
",0097143554040
Al Mashaher Medical Centre - Dubai,DUBAI,Clinic,,"Muhaisnah 2, Sheikh Khalid Buildng, Street 24, Near UAE Exchange, Dubai",00971426633309
Al Massa Polyclinic - Dubai,DUBAI,Clinic,UMM SUQEIM SECOND,"Villa 1082, Al Wasl Road, Umm Suqeim 2, Jumeirah, Dubai ",0097143282327
Al Munira Clinic - Dubai,DUBAI,Clinic,AL RAFFA,"Al Munira Clinic
Opposite Dubai Marine Hotel
P.O. Box 51561
Dubai, UAE",0097143522813
Al Muraqabat Dental Center - Dubai,DUBAI,Clinic,AL MURAQQABAT,"Dubai, UAE",0097142662843
Al Murjan Medical Center (Al Quoz) - Dubai,DUBAI,Clinic,AL QOUZ THIRD,"102, Burshid Building,Nissan Showroom,Noor Islamic Metro Station, Dubai",0097143395575
Al Noor Polyclinic - Diera - Dubai,DUBAI,Clinic,NAIF,"P.O.Box 26160
Dubai-UAE",0097142233324
Al Noor Polyclinic - Satwa - Dubai,DUBAI,Clinic,AL SATWA,"Satwa, Dubai",0097143498100
Al Qudra Medical Centre - Dubai,DUBAI,Clinic,TRADE CENTER FIRST,"White Crown Tower 8th  floor Flat # 801 Sheikh Zayed Road Dubai, UAE ",0097143319109
Al Quoz City Star Polyclinic (Al QUOZ) - Dubai,DUBAI,Clinic,AL QOUZ FOURTH,"P.O. Box: 241274, Al Quoz, Opp. Al Madinah Supermarket, Dubai ",0097143285130
Al Rafa Poly clinic - Tecom - Dubai ,DUBAI,Clinic,AL BARSHA FIRST,"Ground Floor, Icon Towers, Barsha Heights, Tecom, Al Barsha, Dubai",0097144534830
Al Rafa Polyclinic International City - Dubai,DUBAI,Clinic,WARSAN FIRST,"Building Name: RUSSIAN CLUSTER
Flat No: V-20,
Floor No: GROUND FLOOR
PO Box No: 8703
",0097144227944
Al Rashidiya Al Noor Polyclinic- Dubai,DUBAI,Clinic,AL RASHIDIYA,"Behind Bin sougath Centre, Rashidiya, Dubai 
",0097142862410
Al Rashidiyah Private Polyclinic - Dubai,DUBAI,Clinic,AL RAFFA,"RTA Multistory Parking Bldg., 2nd floor, Opp Ambassador Hotel, Al Falah Street ",0097143939383
Al Sanaiya Medical Clinic (SONAPUR) - Dubai,DUBAI,Clinic,," Muhaisnah 2, Labor Camp Area, Near Baladiya Labor Camp - SONAPUR ",0097142543500
Al Sanaiya Medical Clinic Br (Al Quoz) - Dubai,DUBAI,Clinic,AL QOUZ FOURTH,"Al Quoz Industrial Area 4, Near Al Madina Supermarket, Dubai 
",0097143407548
Al Shaab Medical Centre - Dubai,DUBAI,Clinic,HOR AL ANZ,Al Shaab Colony Po BOX 8703 Dubai  Hor Al Anz ,0097142970870
Al Shifa Al Khaleeji Medical Center - Dubai,DUBAI,Clinic,AL KHABAISI,"Shifa Al Khallej Medical Center
Al Khaymah Building
PO 86930
Dubai, UAE",0097142940786
Al Shifa Al Khaleeji Medical Centre LLC Branch - Dubai,DUBAI,Clinic,,"Bayan Business Centre, DIP 1, Dubai, UAE",0097148800920
Al Shifa International Clinic (Jebel Ali 1) Dubai,DUBAI,Clinic,,"Shop 2, Khalid Jamal,
Jebel Ali Commercial Building,
Near Joseph Advertisement,
Parco - Jebel Ali, Dubai",0097148800878
Al Sohool  Orthodontic & Dental Center (Al Riqqa) Dubai,DUBAI,Clinic,AL MURAQQABAT,"Opposite To Al Maya Super Market, Al Rigga Road, Al Riqqa, Deira, Dubai",0097142273769
Al Tadawi Medical Center-Al Qiyadah,DUBAI,Clinic,,"DUBAI POLICE HEADQUATERS , AL QIYADAH  ",97142097050
Al Tadawi Medical Centre Branch - Dubai,DUBAI,Clinic,AL JAFILIYA,"36th Street, Sheikha Khalifa Bin Zayed Street, Main Bldg., Residency and Foreign Affairs",0097147075599
Al Taif Medical Centre - Dubai,DUBAI,Clinic,NAIF,"P.O. Box: 22098
Opp. West Hotel, Naif Road, Deira, Dubai",0097142222383
Al Ula Clinic - Dubai,DUBAI,Clinic,AL KARAMA,"Zabeel Road, Opp Central Post Office
P.O.Box 28246
Dubai UAE",0097143967828
Al Waha Clinic - Dubai,DUBAI,Clinic,MANKHOOL,"Flat No. 105, 1st Floor - Khalid Bin Al Waleed Rd - Dubai - United Arab Emirates",0097143514150
Al Warqa Medical Centre - Dubai,DUBAI,Clinic,AL WARQA'A FIRST,Al Warqa PO Box 8703 DM Healthcare LLC ,0097142803890
Al Zahra Private Medical Centre - Dubai,DUBAI,Clinic,TRADE CENTER FIRST,"Al Safa Tower, Sheikh Zayed Road, Trade Center 1, Dubai, PO Box: 23614",0097143315000
Ali Medical Centre - Dubai,DUBAI,Clinic,NAIF,"Naif Road 
Diera 
Duabi",0097142246566
Amala Medical Center (Al Quoz 4) - Dubai,DUBAI,Clinic,,"Shop 9 & 10, Al Khail Mall
P.O. Box: 45236, Al Quoz
Dubai",0097143219548
Amber Clinics LLC - Rigga - Dubai ,DUBAI,Clinic,AL MURAQQABAT,"P.O Box: 2547
II Floor, Rigga Business Centre, 
Rigga Road
Deira, Dubai",0097142309100
American Aesthetic Medical Center (Al Safa 1) Dubai ,DUBAI,Clinic,AL SAFA FIRST,"Exit 45, Safa 1, Umm Al Sheif Road, Tanzania Consulate, Dubai",97143806518
American Center for Psychiatry & Neurology (Jumeirah 3) Dubai,DUBAI,Clinic,JUMEIRA THIRD,"office S01 & S02, 2nd floor, Sunset Mall, Jumeirah 3, - Dubai",0097143806667
American Hospital Clinics Alkhawaneej (Br of American Hospital Dubai LLC) Dubai,DUBAI,Clinic,,"Last Exit, Al Khawaneej, Dubai",0097145261200
American Hospital Clinics Dubai Al Barsha (Al Barsha 2) -Dubai,DUBAI,Clinic,,"Unit 8, Galleria Mall Al Barsha 2, Dubai",0097143333522
American Hospital Clinics Dubai Media City  (Sheikh Zayed Road) -Dubai,DUBAI,Clinic,,"Business Central Towers, Sheikh Zayed Road, Dubai",0097143333522
American Hospital Clinics Mira Br of American Hospital Dubai LLC - Dubai,DUBAI,Clinic,,"Mira Town Center, Ground Floor, Al Yalayis-1, Near to Mira Town House community 
",091743775937
American Wellness Center FZ - LLC - Dubai,DUBAI,Clinic,,"Al Faris Building 39, Ground Floor, Units 4, 5 and 6.
Dubai Healthcare City.",0097145144042
Amsa Medical Center And Kidney Care LLC,DUBAI,Clinic,,"29A Street, Port Saeed, Deira
Business Avenue Building, Unit 2 & 2A
",97145519661
Amsa Renal Care 1 - Dubai,DUBAI,Clinic,UMM HURAIR SECOND,"Unit 1001, Block C, Al Razi Bldg., Bldg., No. 64, DHCC, Oud Metha, Dubai ",0097144542626
Anaya Medical Center - Dubai,DUBAI,Clinic,AL QOUZE IND.THIRD,"Farnek Building, Al Quoz Industry 3, Dubai",0097143441615
Anaya Medical Center LLC Branch - Dubai,DUBAI,Clinic,JABAL ALI FIRST,"Shop # 18, Crystal Mall, Jebel Ali 1, Dubai",0097142341479
Angel Wings Medical Center - Dubai,DUBAI,Clinic,AL BARSHA FIRST,"Unit 609, 6th Floor, Pinnacle Building, Sheikh Zayed Road, Al Barsha 1, Dubai ",0097143936211
Apex Medical Clinics - Motor City - Dubai,DUBAI,Clinic,,"Unit 303, Apex Atrium Motorcity, Dubai",97143608881
Apple Clinic (International City - France) - Dubai,DUBAI,Clinic,,"International City
France Cluster
Bldg # 96
P. O. Box: 78601",0097144227533
Apple International Poly Clinic (International City- Greece)- Dubai,DUBAI,Clinic,,"Greece K-14, International City, Dubai",0097142776211
Aquacare Medical Center- Dubai,DUBAI,Clinic,,"890 Al Wasl Rd., Umm Suqeim 1, Jumeirah,Dubai",97143477433
Araks Dental Clinic DMCC (JLT) Dubai,DUBAI,Clinic,,"3205 Indigo Icon Tower, Cluster F, JLT, Dubai",0097145655134
Armada Medical Centre (JLT)- Dubai,DUBAI,Clinic,,"Unit 1901-1911, Armada 2, Plot No: JLT-PH2-P2A, Jumeirah Lake Towers, Dubai	",0097143990022
Arwa Dental Clinic- Dubai,DUBAI,Clinic,,"P.O. Box: 33202
Dubai, UAE",0097142955200
Ash Tree Clinic (Bur) Dubai,DUBAI,Clinic,,"Al Balooch Bldg. Shop # 1 & 2, Al Raffa Police Station, Bur, Dubai",0097143337633
Ashokan Medical Clinic- Dubai,DUBAI,Clinic,,"Naif Road, Near Khalifa Mosque
Al Lootha Bldg. Deira, Dubai
P.O. Box: 80064",0097142730220
Aster Al Nahda Medical Centre - Dubai,DUBAI,Clinic,,"8 Basim and yousef Building, AL Nahda",0097142399119
Aster Imaging Centre Al Muteena,DUBAI,Clinic,,"AL GHURAIR REAL ESTATE BUILDING,GROUND FLOOR,SHOP NO. 4,AL MUTEENA STREET ",97142532900
Aster Jabel Ali Medical Center (Br of D M Health,DUBAI,Clinic,,"Aster Medical Centre, Nesto Hypermarket, Jebel Ali, Dubai P.O. Box.No: 8703

",0097148841962
Aster Jubilee Medical Complex  - Dubai,DUBAI,Clinic,,"Khalid Bin Al Waleed Road, Bur Dubai, Dubai
",0097145090325
Aster Medical Center (JLT) Aster Plus - Dubai,DUBAI,Clinic,,"Red Diamond Building, Near Carrefour Market, Jumeirah Lake Towers - Dubai",0097144204069
Aster Medical Center -  Qusais ,DUBAI,Clinic,,"Al Fattan Building, Ground Floor, Damascus Street, Al Qusais",0097144400500
Aster Medical Center Al Quoz - Dxb (PLUS),DUBAI,Clinic,AL QOUZ FOURTH,"1st floor, Al Khail Mall, Latifa Bint Hamdan Street, Al Quoz 4, Dubai
",0097144400500
Aster Medical Center Deira ,DUBAI,Clinic,,"Sheikha Rajaa majed Al Qassimi, 2nd Flr, Flt No 202,204 
Opp Al Futtaim Mosque Naif Deira",0097142945095
Aster Medical Center International City - Dubai,DUBAI,Clinic,,"V19 Russia Cluster, Al Warsan First
International City
P.O. Box: 8703",0097144312273
Aster Medical Centre Abu Hail - Dubai,DUBAI,Clinic,,"GROUND FLOOR, SHOP NO.2, 24 Street, NEAR CHOITHRAM SUPER MARKET, HOR AL ANZ (EAST)",0097142692785
Aster Medical Centre Al Qusais - Dubai,DUBAI,Clinic,,"Capital Building, Sheikh Colony near Dafza Metro Station, Near Raymond Shop, Al Qusais First
",0097142632202
Aster Medical Centre Arabian Ranches - Dxb (Premium),DUBAI,Clinic,,"1ST FLOOR, SHOP NO. FF13, THE VILLAGE MALL - ARABIAN RANCHES COMMUNITY CENTRE, ARABIAN RANCHES II",0097144560485
Aster Medical Centre Aswaaq Mall ,DUBAI,Clinic,,"Aswaaq Bldg., Al Barsha, Dubai UAE",0097143471540
Aster Medical Centre Business Bay,DUBAI,Clinic,,"Business Bay, Burj Khalifa",0097144508896
Aster Medical Centre Muhaisna,DUBAI,Clinic,,"Muhaisnah Plaza
P.O. Box: 8703",0097142592154
Aster Medical Centre Ras Al Khor (Industrial 3) Dubai,DUBAI,Clinic,RAS AL KHOR IND. THIRD,"Shop No 16-17, Ground Floor, Marhaba Mall, Ras Al Khor, Industrial Area 3, Dubai",0097143425354
Aster Orthopedics and Physiotherapy Centre (Al Warqaa 1) Dubai,DUBAI,Clinic,AL WARQA'A FIRST,"Hanbal Al Madani building, Ground Floor, Al Warqaa 1, Dubai",0097142831026
Aster Plus Medical Center (Dubai Land) - Dubai,DUBAI,Clinic,,"Skycourts Tower D, Ground Floor, R 7B, Wadi Al Safa 5, Dubai Land, Dubai, UAE",0097143435645
Aster Plus Medical Centre (Al Barsha Heights) - Dubai,DUBAI,Clinic,,"Al Bafta Grand Tower, near Westzone supermarket - Al Barsha Rd - Al Barsha 1 ",0097143472420
Aster Plus Medical Centre Silicon Oasis,DUBAI,Clinic,,"Silicon Gate 1
Dubai Silicon Oasis
P.O Box: 8703",0097143332122
Aster Specialist Centre for Orthopedic & Physiotherapy - Dxb,DUBAI,Clinic,,"AL AHBABI BUILDING, SHOP NO# 1, DAMASCUS STREET, AL QUSAIS 2, DUBAI, UAE",0097143311006
Aster Specialist Medical Centre (Int'l City) Dubai,DUBAI,Clinic,WARSAN FIRST,"The Pavilion Mall, RETAIL-10,ICP-RT-11/11A/11B, France Cluster,International City, Dubai",0097144279554
Avanee Poly Clinic (Al Karama) Dubai,DUBAI,Clinic,,"Zabeel Road, Hamsa Bldg
Office 417, Al Karama
",97143278833
Axon Medica Medical Center (The Gardens) Dubai,DUBAI,Clinic,JABAL ALI FIRST,"GFA-8, The Gardens, Jebel Ali, Dubai",0097144599904
Axon Medica Polyclinic (Al Rashidiya Branch) - Dubai,DUBAI,Clinic,AL RASHIDIYA,"Ground Floor, Rashidiya Central Market Bldg., Near Union Cooperative Society, Al Rashidiya, Dubai",0097142859880
Axon Medica Polyclinic (Silicon Oasis) Dubai,DUBAI,Clinic,,"Nadd Hessa Apartment, Lynx Tower, Opp. New Lulu Hypermarket Site, Dubai",0097143484992
Azhar Clinic 3 (Ras Al Khor) - Dubai,DUBAI,Clinic,,"Shop No. 12, Vegetable and Fruit Market, Al Aweer, Dubai",0097142230244
B.R. Medical Suites - Dubai,DUBAI,Clinic,,"P.O. Box: 505162
Flat 4001 4Th Floor, Al Razi Bldg
Buldg # 64, District 1, DHCC",0097144392305
BEST HEALTH MEDICAL CENTER (MUHAISNAH 4) DUBAI,DUBAI,Clinic,,"MADINA HYPER MARKET BUILDING , MUHAISNAH 4, DUBAI",97142500818
Basmat Albayan Medical Centre,DUBAI,Clinic,,"FLAT 19, FIRST FLOOR, JUMAIRAH CENTER, JUMAIRAH STREET, JUMAIRAH 1   ",97143434701
Bay Avenue Dental Centre - Dubai,DUBAI,Clinic,,"1701, Regal Tower, Opposite JW Marriott Marquis Hotel, Business Bay, Dubai",0097142770247
Better Life Clinic- Dubai,DUBAI,Clinic,,"P.O. Box: 2289
Lebanese Grill Rest., Near Ramada Hotel, Bur Dubai,Mankhool Road. Dubai",0097143592255
Bio Vista Medical Centre (AL NAHDA SECOND)- Dubai,DUBAI,Clinic,AL NAHDA SECOND,"Flat No. 403, 4th Floor, Sundos Al Nahda Building, Amman Street, Al Nahda 2nd, Dubai",0097142557155
Bissan Dental Center (Al Barsha 1) Dubai,DUBAI,Clinic,,"1103, 11th floor, Tameem House, Al Thanya Street, Barsha Heights, Tecom, Dubai, UAE",0097143743388
Blue Bell Medical Centre - Dubai,DUBAI,Clinic,,"Al Attar Business Centre, near karama Metro Station, Next to ADCB, Karama, Dubai",0097143426565
Blue Tree Clinics (Al Wasl Rd.) Dubai,DUBAI,Clinic,,"Villa No 967, Al Wasl Road, Umm Suqueim 2 - Dubai",0097143488262
Blue Tree Clinics Branch - Dubai,DUBAI,Clinic,,"Villa 805, Jumeirah Beach RD, Umm Sequim 3, Dubai",0097143488262
Boston Diabetes & Endocrine Center -Dubai,DUBAI,Clinic,,"115 Level 1, Mardoof Building,
Sheikh Zayed Road, Dubai
P. O. Box: 57334",0097143805888
Bright Life Medical Center (DIP 2) Dubai,DUBAI,Clinic,DUBAI INVESTMENT PARK SECOND,"1st Floor Pason's Hypermarket, Above Landmark Bldg. Dubai Investment PArk 2, Dubai",0097148833000
Bright Smile Dental and Orthodontic Center - Dubai,DUBAI,Clinic,JUMEIRA FIRST,"Apartment 105, Al Shafar Building 7, Al Wasl Road, Jumeirah 1, Dubai",0097143449675
Bright White Dental Center - Dubai,DUBAI,Clinic,,"Villa G2U2, AL Wasel Road, Jumeirah 1, Dubai",0097143344484
CLOVER MEDICAL CENTER ( MIRDIF) DUBAI,DUBAI,Clinic,MIRDIF,"MIRDIF HILLS AVENUE, 78TH STREET2, MIRDIF
",97142590266
CLOVER MEDICAL CENTER (AL NAHDA) DUBAI,DUBAI,Clinic,AL NAHDA SECOND,"AL AHLI HOUSE, ALNAHDA2
",97142633655
CLOVER MEDICAL CENTER LLC (BURDUBAI) DUBAI,DUBAI,Clinic,,"BIN THANI BUILDING, BURDUBAI
",97143852500
COOPER HEALTH CLINIC (AL WASL) DUBAI,DUBAI,Clinic,,"1ST FLOOR, J3 MALL, AL MANARA, AL WASL ROAD, DUBAI, UAE",97143508800
Canadian Spezd Cen. for Orho. & Den. Treatment FZ ,DUBAI,Clinic,OUD METHA,"P.O. Box: 505146, DHCC",0097144281499
Canadian Wellness Centre (Al Quoz)- Dubai,DUBAI,Clinic,,"Sheikh Suhail Building, Level 1 Office 3, Near Automall and Al Masraf Bank, Al Qouz, Dubai",0097143217646
Care One Polyclinic - Dubai,DUBAI,Clinic,DUBAI INVESTMENT PARK FIRST,"Shop 31-32, Ramla Hypermarket, Dubai Investment Park 1, Dubai",0097148836656
Care Plus Medical Centre - Dubai,DUBAI,Clinic,,"Jebel Ali Industrial Area 1, P.O. Box 95900, Dubai, UAE_x000D_
",0097148829333
Care and Cure Medical Center - Dubai,DUBAI,Clinic,,"Office No - 101 & 102 , Po.Box No - 392676, Eiffel Accommodation-2 BLDG, Opp: Belhasa Driving School , Near Al Khail Mall, Alquoz-3 , Dubai , U.A.E.",97143399162
Central Polyclinic - Dubai,DUBAI,Clinic,,"Al Ghurair City_x000D_
P.O. Box 13647_x000D_
Dubai, UAE",0097142280009
City Centre Clinic - Al Barsha South 2 (Br of MAF Healthcare,DUBAI,Clinic,,My City Centre Al Barsha South 2,0097142052777
City Centre Clinic - Nad Al Hamar (Br of MAF Healthcare LLC),DUBAI,Clinic,,"Bel Remaitha Club Bldg. Al Rebath St., Nad Al Hamar, Dubai",0097142052777
Clinicare (Naif ) - Dubai,DUBAI,Clinic,,"Ahmed Plaza Bulding, Opposite to Al Futtaim Mosque, Naif, Dubai, UAE",0097142717175
Clinicare Samari ( Ras Al Khor Industrial Area 3) -Dubai,DUBAI,Clinic,,"Samari Retail Mall, Next to SAmari Residence, Ras Al Khor Industrial Area 3, Dubai, UAE",0097143322682
Clover Medical Centre - Dubai,DUBAI,Clinic,,"307 Warsan Tower Office Wing, Al Thanya 3, Tecom, Dubai
",0097143688062
Community Medical Center ( Satwa)- Dubai,DUBAI,Clinic,,"Community Medical Centre
Near Satwa Round About
P.O. Box 8055
Dubai-UAE",0097143985328
CosmeSurge Clinics - Conrad Tower - Dubai,DUBAI,Clinic,,"18th floor , Conrad tower,Sheikh Zayed Road,DUBAI",97143728888
CosmeSurge Clinics - Marina - Dubai,DUBAI,Clinic,,"FLOOR NO: 33, HABTOOR BUSINESS TOWER, MARINA, ALSUFOUH ROAD, DUBAI",97144471777
CosmeSurge Clinics LLC - Jumeirah - Dubai,DUBAI,Clinic,,"VILLA 124 , JUMEIRAH BEACH ROAD, DUBAI",97143445915
Cosmocare Medical Center (Satwa) - Dubai,DUBAI,Clinic,,"108 (1st Floor) Khaluifa al Nabooda Building,2nd December street, Satwar RA, Dubai",0097143798747
Cosmopolitan Medical Centre - Dubai,DUBAI,Clinic,,"Mashreq Bank Bldg, Al Khor, Bur Dubai (Prev. Al Baraka Polyclinic)
P.O.Box : 45099
",0097143257457
Cosmopolitan Medical Centre Br.  -Al Mamzar - Dubai ),DUBAI,Clinic,,"Abuhak, Hor Al Anz East, Dubai
P.O. Box: 21866
Dubai",0097142687272
Creative Smile Dental Surgery Clinic Branch (Al Mankhool) Dubai,DUBAI,Clinic,,"201, Computer Plaza Blldg. Al Ain Center, Next to Al Fahidi Metro Exit 1, Bur, Dubai",0097142523559
DENTAL HOME LLC (2ND DECEMBER ST) DUBAI,DUBAI,Clinic,,"AL GHAZAL SHOPPING MALL
2ND DECEMBER STREET
",97143587000
DENTISTREE DENTAL CLINIC (AL MINA RD) DUBAI,DUBAI,Clinic,MADINAT DUBAI AL MELAHEYAH,"SHOP 3, WASL PORT VIEWS 8, NEXT TO HYATT PLACE JUMEIRAH, AL MINA ROAD, DUBAI",97142529935
DHA - AIRPORT MEDICAL CENTER CONCOURSE A,DUBAI,Clinic,,"AL GARHOUD, DUBAI INTERNATIONAL AIRPORT, TERMINAL 3",971566288793
DHA - AIRPORT MEDICAL CENTER CONCOURSE B,DUBAI,Clinic,,"AL GARHOUD, AIRPORT, DUBAI",971566288793
DHA - AIRPORT MEDICAL CENTER CONCOURSE C,DUBAI,Clinic,,"Al Garhoud, Dubai International Airport, Terminal 1",971566288793
DHA - AIRPORT MEDICAL CENTER CONCOURSE D,DUBAI,Clinic,,"Al Garhoud, Airport Terminal 1 ",971566288793
DHA - Airport Medical Centre,DUBAI,Clinic,,"Concourse C, Airport Terminal 1, Dubai International Airport, Dubai",0097145021263
DHA - Al Badaa Health Center,DUBAI,Clinic,,"17 73 B St, Jumeirah, Al Satwa, Dubai  ",0097145081001
DHA - Al Barsha Health Centre,DUBAI,Clinic,,"376, HADAEQ MOHAMMED BIN RASHID",00971400000000
DHA - Al Mamzar Health Center,DUBAI,Clinic,,"OFFICE # 02, MEZZANINE FLOOR, DAR AL WUHEIDA BUILDING, WUHEIDA ROAD, HOR AL ANZ",0097145021800
DHA - Al Mankhool Health Center,DUBAI,Clinic,,"AL MANKHOOL ROAD,BUR DUBAI, BEHIND EID MUSALLA MOSQUE",0097140000000
DHA - Al Mezhar Health Center,DUBAI,Clinic,,"AL MIZHAR 1 - 262,GOVERNMENT BUILDING, 2 FLOORS",0097140000000
DHA - Dubai Airport Free Zone area clinics (DAFZA),DUBAI,Clinic,,"Dubai Airport Free Zone Area, Dubai",971566288793
DHA - Dubai Diabetes Center,DUBAI,Clinic,,"Al Hudaiba Awards Buildings, Near the Union House, Southern end of 2nd of December Street,Block C,1st Floor, Dubai
",0097143546633
DHA - Dubai Physiotherapy & Rehabilitation Center,DUBAI,Clinic,,,0097140000000
DHA - EXPO CLINIC,DUBAI,Clinic,,DUBAI,971566288793
DHA - EXPO EMERGENCY CENTER,DUBAI,Clinic,,DUBAI,971566288793
DHA - HR,DUBAI,Clinic,,,009714000000
DHA - Khawaneej Health Centre,DUBAI,Clinic,,"AL KHAWANEEJ ROAD, AL MIZHAR 1",0097140000000
DHA - Lusaily Clinic,DUBAI,Clinic,,AL LSAILY,0097140000000
DHA - Nadd Al Hammar Health Center,DUBAI,Clinic,,"GROUND FLOOR,NADD AL HAMAR - 416",0097145023701
DHA - Nadd Al Shiba Clinic,DUBAI,Clinic,,"NAD AL SHEBA 1 - 618, HADAEQ MOHAMMED BIN RASHID",0097140000000
DHA - Primary Health Care,DUBAI,Clinic,,,0097140000000
DHA - Safa Health Center,DUBAI,Clinic,,AL WASL ROAD,009714000000
DHA - Thalassemia Center,DUBAI,Clinic,,"Thalassemia Centre, Oud Metha St, Al Jadag, Latifa Women and Children Hospital",0097142193044
DHA - Towar Health Centre,DUBAI,Clinic,,AL NAHDA ROAD,0097140000000
DHA - UMM SUQEIM HEALTH CENTER,DUBAI,Clinic,,"VILLA 123, JUMEIRA FIRST, UMM SUQEIM HEALTH CENTER, DUBAI",97145021551
DHA - Za'abeel Health Center,DUBAI,Clinic,,ZA'ABEEL 2 - 337,0097145021263
DOHA PHARMACY EXPRESS CLINIC (SHEIKH ZAYED ROAD) DUBAI,DUBAI,Clinic,,"AL ATTAR TOWER, SHK.ZAYED ROAD, DUBAI",97145610000
DR ABDULLA S CLINIC (AMMAN ST) DUBAI,DUBAI,Clinic,,"Mona Residence, Amman Street, Al Qusais Industrial Area 5, Dubai",97142388778
DR PAUL DENTAL CLINIC (MIRDIF) DUBAI,DUBAI,Clinic,,"47TH STREET, 4001 AL BARAJEEL OASIS COMPLEX, DUBAI",97143965822
DR SUNNY MEDICAL CENTRE - JEBEL ALI,DUBAI,Clinic,,"SALEM MALL
NEAR ETISALAT TOWER 
",97142529966
DR. ISMAIL POLYCLINIC MALL BR(JEBAL ALI 1ST) DUBAI,DUBAI,Clinic,JABAL ALI FIRST,"JEBAL ALI GATE MALL, SHOP-22	JEBAL ALI INDESTRIAL FIRST, DUBAI
",97143474537
DR. JOY DENTAL CLINIC (DUBAI SILICON OASIS) DUBAI,DUBAI,Clinic,,"""PLOT-12-007-SOUQ EXTRA II-1- RET-13 & RET-14, DUBAI SILICON OASIS",971504923047
DR. KAYASSEH MEDICAL CLINIC (2ND DECEMBER ST) DUBAI,DUBAI,Clinic,,"2ND DECEMBER ST AL DIYAFAH AL OTAIBA BLDG, DUBAI",0097143985010
DR. NAJAT HAZIMEH CLINIC FZ LLC (AL TEBEYAH ST) DUBAI,DUBAI,Clinic,,"IBN SINA BUILDING 27 BLOCK B 4TH FLOOR RM 405, ALMADINAH AL TEBEYAH STREET 2, DUBAI",97144218815
DR.SG POLY CLINIC CO LLC - DUBAI,DUBAI,Clinic,,"CRYSTAL BUSINESS CENTRE BUILDING	2C STREET, DUBAI",971502170019
DRONCALL HOME HEALTH CARE CENTER (CRYSTAL TOWER) DUBAI,DUBAI,Clinic,,"CRYSTAL TOWER, AL ASAYEL ST, DUBAI
",971600566119
DXBONE BONE AND JOINT EXCELLENCE CENTER BRANCH ( AL GARHOUD) DUBAI,DUBAI,Clinic,,"Blanco Niro Building, Near GGICO Metro, Al Garhoud, 61A, Dubai, UAE",91748808311
Dentcare Center International FZ - Dubai,DUBAI,Clinic,,"P.O. Box: 3914_x000D_
Dubai, UAE",0097144370111
Digital Polyclinic - Dubai,DUBAI,Clinic,,"Suite 110, Office Court Building Oud Metha road
P. O. Box: 47957",0097143355011
Diversified and Integrated Sports Clinic (D.I.S.C) FZ (DMCC Branch) Dubai,DUBAI,Clinic,,"Unit 1304, Swiss Tower, Cluster Y, Jumeirah Lake Towers, DMCC, Dubai",0097145516070
Diversified and Integrated Sports Clinic (D.I.S.C) FZ LLC,DUBAI,Clinic,,"Unit 304, Block B, Ibn Sina Building 27, DHCC, Dubai",0097145516070
Docib Clinic - Dubai,DUBAI,Clinic,MUHAISANAH FOURTH,"Lulu Village, Dubai P.O.Box: 77456 
",0097142544123
Doctor Mohannad Dental Clinic LLC - Dubai,DUBAI,Clinic,,"#7, 1st Floor, Hamd Ahmedbin Soughat Building, Nad Al Hamr, Ras Al Khor (Area), Dubai",0097142899441
Doctors Clinic - Dubai,DUBAI,Clinic,AL RIGGA,"ddress: Office # 206, 2nd Floor, Al Owais Building, Baniyas Road, Al Nasser Square, Deira, Dubai         
 Landmark: Opposite Landmark Hotel Zip Code: 39031
",0097142246688
Dr Joy Dental Clinic (Palm Jumeirah) Dubai,DUBAI,Clinic,,"Golden Mile 2, Building No. 7, Shop No. 2, Palm Jumeirah, Dubai",0097142435888
Dr Majdi El Halik Ped Phys & Mental Rehab,DUBAI,Clinic,,"AL RAZI BLDG. 64, DHCC, DUBAI",97144392339
Dr Sara Medical Center LLC (Al Muraqqabat) Dubai,DUBAI,Clinic,AL MURAQQABAT,"Al Muraqqabat, Malik Salim Al Bakhit Centre, No. 111, Dubai",0097142232255
Dr. Abdul Latheef's Clinic - Dubai,DUBAI,Clinic,,"P.O. Box 11739
Dubai, UAE",0097142717901
Dr. Abdul Rahman Shihabi Clinic - Dubai,DUBAI,Clinic,,"Dr. Med. Abdul Rahman Sihihab_x000D_
Nr Ramada Hotel, Spinneys Supermarket_x000D_
PO Box 11773_x000D_
Dubai",0097143521444
Dr. Aburas Dental Center - Dubai,DUBAI,Clinic,AL MURAQQABAT,"Al Makhtoum St., Office 401, Doha Center, Deira P.O. Box: 11048, Dubai

",0097142980089
Dr. Aburas Dental Center BR - Dubai,DUBAI,Clinic,AL SAFA SECOND,"Jumeirah Villa 833/A, Al Wasl Road, Umm Suqeim 1, Al Safa 2, Dubai
",0097143952131
Dr. Ali Jafar Surgical Clinic - Dubai,DUBAI,Clinic,,"Box 9165
Dubai- United Arab Emirates",0097143985275
Dr. Dina Pediatric Dentistry Clinic - Dubai,DUBAI,Clinic,,"Villa 248, Al Wasl Road Jumeira 1",0097143440055
Dr. Fathi Omara Medical Polyclinic (Mirdiff) - Dubai,DUBAI,Clinic,,"Mirdif 35 Mall, 2nd Floor - 60 C St - Dubai  P.O.Box 4850 ",0097142666775
Dr. Fathi Omara Medical Polyclinic Branch (Dubai Festival City) - Dubai,DUBAI,Clinic,,"6 Nadd Al Hamar Road, Dubai Festival City 412, Ras Al Khor, Dubai. (Sky Business Center Building, Ground floor, Room G-05)",0097142660065
"Dr. Fatma Al Marashi Advanced Center For Endocrine, Diabetes & Metabolism FZ (DHCC) Dubai",DUBAI,Clinic,,"4009 4th Floor, Block C Al Razi building, Dubai Healthcare City",97145136155
Dr. Hassan Fayek Polyclinic - Dubai,DUBAI,Clinic,,"Century 21 Building Office 406, Abubakker Siddique Road Deira Dubai, UAE",0097142666411
Dr. Humeira Badsha Medical Center,DUBAI,Clinic,,"BEACH PARK PLAZA, GROUND FLOOR, SHOP # 8 ",97143856009
Dr. Hussein Labib Dental Clinic - Dubai,DUBAI,Clinic,,"P.O.Box 11170
Dubai
United Arab Emirates
",0097142699953
Dr. Ismail Medical Center - Al Karama Dubai,DUBAI,Clinic,,"A4,first floor, Sheikh Mohammed Building, Al Karama
P.O.Box 6628, Dubai - UAE
",0097143378585
Dr. Ismail Medical Centre - Al Quoz - Dubai,DUBAI,Clinic,,"BEhind Ola Al Madina Super Market, AL Quoz, Dubai",0097143381550
Dr. Ismail Medical Centre - Muhaisanah,DUBAI,Clinic,MUHAISANAH SECOND,Muhaisanah,0097142646529
Dr. Ismail New Polyclinic- Discovery Garden - Dubai,DUBAI,Clinic,,"DG,Zen-02 Cluster, Building 12 Shop 2,8,9, Grand Midwest hotel ,Discovery Garden, Jebel Ali",0097144494087
Dr. Ismail Polyclinic Branch - Jebel Ind2 - Dubai,DUBAI,Clinic,,"AWQAF BULD, FIRST FLOOR, NEAR PRACO AREA, JEBAL IND- 2, DUBAI",0097148877750
Dr. Ismail day Surgical Centre (Al Karama) Dubai,DUBAI,Clinic,,"Behind Lulu Hypermarket, Next Etislat Office, 41 Street, Al Karama, Dubai",0097143962533
Dr. John Clinic -  Dubai,DUBAI,Clinic,,"P.O. Box: 25262,_x000D_
Al Qusais, Dubai_x000D_
",0097142617176
Dr. Johnny Sayegh Clinic - Dubai,DUBAI,Clinic,,"Office #302, Al Wadi Bldg., Sh. Zayed Rd., Dubai",0097143806474
Dr. Joseph's Polyclinic - Dubai,DUBAI,Clinic,,"1st Floor,Al Jaber Building,Al Karama,Above Al Mankhool Pharmacy Next To Al Kifaf Apartments,Near Sunrise Super Market - Dubai P.O.Box 50730",0097143378828
Dr. Joy Dental Clinic (Umm Suqeim 2) Dubai,DUBAI,Clinic,UMM SUQEIM SECOND,"Villa No. 1021, Al Wasl Road, Umm Suqeim 2, Jumeirah - Dubai",00097143285332
Dr. Joy Dental Clinic - Burjuman Branch - Dubai,DUBAI,Clinic,MANKHOOL,"Flat No. 1002 &1003, 10Th Floor,  Burjuman Business Tower, Al Mankhoul, Bur-Dubai",0097143555357
Dr. Joy Dental Clinic - Mirdif Branch - Dubai,DUBAI,Clinic,,"Central Mall, Ground Floor, Stree no. 15 Mirdif, Dubai",0097142845722
Dr. Khalid Al Najar Clinic - Dubai,DUBAI,Clinic,,"Al Reem Tower, 5th Floor, Suite 505, AL Makhtoum Street, Deira",0097142221009
Dr. Koya Clinic - Dubai,DUBAI,Clinic,,"Opp. Naif Souk Al Wasel
Deira
Dubai
UAE",0097142225854
Dr. Madiha Al Haddad Clinic - Dubai,DUBAI,Clinic,,"P.O. Box: 127556, Al Diyafa Road, EIB Building, Flat 312, Dubai",0097143254484
Dr. Manal Harb Medical Center (Sheikh Zayed Rd) Dubai,DUBAI,Clinic,,"Office 3001, 30 Floor, Al Attar Tower, Shaikh Zayed Road, Dubai",0097143251222
Dr. Mansoori Clinic - Dubai,DUBAI,Clinic,,"103, 1st Floor, Zeenah Building, Port Saeed Area, Deira, Dubai",0097142989995
Dr. Maysoon Al Kaisi Clinic - Dubai,DUBAI,Clinic,,"OFFICE NO O-130,1ST FLOOR, ALFERDOUS BUILDING(ALFERDOUS 4), ALSAFA-1, Dubai
",0097142662044
Dr. Mohammed Al Zubaidy Clinic (Al Rigga Rd.) Dubai,DUBAI,Clinic,,"Green Corner Building - 205 - Al Rigga Rd - Dubai, UAE",97142277533
Dr. Moopens Medical Center (Karama)  - Dubai,DUBAI,Clinic,,P. O. Box: 8703 Karama Br. ,0097143374767
Dr. Nada A. Hamza Clinic For OB & Gyne & Infertility - DXB,DUBAI,Clinic,,"Office 1008, Mai Tower Bldg., Amman & Baghdad Street, Al Nahda - 1, Dubai",0097142656611
Dr. Nadia Atra Dental Clinic - Dubai,DUBAI,Clinic,,"Flat No 101, Zeenah Building, Port Saeed, Deira, Dubai
",0097143483332
Dr. Namir Subhi Ahmed Dental Clinic - Dubai,DUBAI,Clinic,,"Doha Center Flat 202, 2nd Floor Al Maktoum Street, Dubai",0097142980019
Dr. Paul Dental Clinic - Dubai,DUBAI,Clinic,,"Office 101 & 102, Al Nasr Plaza Offices, Oud Metha, Dubai ",0097143575783
Dr. Radhakrishnan Medical Centre- Dubai,DUBAI,Clinic,,"Al Falasi Bldg., Mezanine Floor, Hoor Al Anz, Deira, Dubai",0097142659270
Dr. Rafih Khoury Dental Clinic (Safa 1) Dubai,DUBAI,Clinic,AL SAFA FIRST," #232,2nd floor,Matloob Building, Safa 1, Sheikh Zayed Road, Dubai, UAE",97142621010
Dr. Reena Beegum Clinic (JAFZA) - Dubai,DUBAI,Clinic,,"1st Floor, Nesto Hypermarket, New West Accommodation, Jabal Ali Free Zone, Dubai",0097148808856
Dr. Reena Beegum Clinic - Dubai,DUBAI,Clinic,NAIF,"P. O. Box: 251600, NAIF, Snow White Building, Mezzanine Floor Omar Bin Al-Khattab Rd Fish Round About
Dubai, UAE",0097142240060
Dr. Sai Ganesh Medical Centre - Dubai,DUBAI,Clinic,,"B203  Sapphire Tower Al Etihad Rd. Deira, _x000D_
Dubai_x000D_
P.O. Box: 182299",0097142560866
Dr. Sanjay Medical Center - Dubai,DUBAI,Clinic,,"P.O. Box: 283699, Al Khail Mall 2nd Floor, Al quoz, Industrial Area- 4, Dubai ",0097143285999
Dr. Shanil Medical Centre LLC - Dubai,DUBAI,Clinic,,"Propertycorp Bldg C12, China Cluster, Al Warsan 1st, Behind Dragonmart 1, International City, Dubai",0097144308384
Dr. Vinod Jain Clinic - Dubai,DUBAI,Clinic,,"P.O.Box: 51241_x000D_
Dubai, UAE",0097143967979
Dr. Zuhair Sikafi Clinic - Dubai,DUBAI,Clinic,,"P.O. Box 33848
Dubai, UAE",0097143522331
Dubai Corporation for Ambulance Services - Dubai,DUBAI,Clinic,,Government of Dubai,0097142922222
Dubai Dental Clinic - Dubai,DUBAI,Clinic,,"Dubai Healthcare City, Building Number: 34, Dubai
",0097143838904
Dubai London Clinic & Speciality Hospital (Palm Jumeirah) Dubai,DUBAI,Clinic,,"Nakheel Mall, Lower Ground Level I B-001A, 02, 03A, Palm Jumeirah, Dubai",0097143782843
Dubai London Clinic (Branch) (Jumeira 2) - Dubai,DUBAI,Clinic,JUMEIRA SECOND,"Villa 440A, Al Wasl Road, Jumeira 2, Dubai",0097143782921
Dubai Specialized Med. Center & Research Labs - Dubai,DUBAI,Clinic,,"near Dubai Pharmacy College for Girls, Al Muhaisna 1 Dubai",0097142646124
Dubai Star Polyclinic- Dubai,DUBAI,Clinic,AL MIZHAR FIRST,"Arabian Center, Al Khawaneej Road, Al Mizhar 1, Dubai, UAE ",0097142844242
Dubal Medical Center - Dubai,DUBAI,Clinic,,P.O.Box: 3627,0097148022410
Dulsco Medical Clinic (Al Qouz 4) - Dubai,DUBAI,Clinic,AL QOUZ FOURTH,"Al Qouz Industrial area 4, in Dulsco Village ",0097143232442
Dulsco Medical Clinic Branch (DIC) - Dubai,DUBAI,Clinic,,"Sheikh Mohammed Bin Zayed Road, Labor Village 1, Industrial City, Dubai ",0097144219354
Duraiya Kamal Medical Clinic - Dubai,DUBAI,Clinic,,"Flat 105, Al Gaz Building, Baniyas Square, Deira, Dubai PO Box: 32153 
",0097142238612
"EMIRATES HOSPITALS CLINICS, MARINA GROUND FLOOR",DUBAI,Clinic,,"""G01 G02, Al Habtoor Bussiness tower , Dubai Marina
",97144471555
EMIRATES HOSPITALS REHABILITATION & HOMECARE SERVICES LLC -BR-Umm Sequim,DUBAI,Clinic,,"Villa #54, Street #8A, Al Safa Second
",97142691090
EMIRATES HOSPITALS REHABILITATION & HOMECARE SERVICES LLC-Deira,DUBAI,Clinic,,"""Villa # 13, Street # 5A, Abu Hail
Behind Dubai Women's Association""
",97142691090
EMIRATES SPORTS MED - PALM JUMEIRAH,DUBAI,Clinic,,"Palm Jumeirah,Golden Mile 9,Dubai
",97142428663
Ear Care Medical Center (Jumeirah 1) Dubai,DUBAI,Clinic,,"Villa No. 2, Al Wasl Road 182 - 184, Jumeira 1, Dubai",97143520040
Ebsaar Eye Surgery Center - Dubai,DUBAI,Clinic,JUMEIRA FIRST,"P.O. Box: 333397, Villa # 32A, Jumeirah 1, behind The Village, Dubai",0097143440122
Emirates Hospital Clinics LLC Palm Br,DUBAI,Clinic,,"Mezzanine Building 9, Palm Jumeirah Dubai",0097142428663
Emirates Hospital and Clinics Branch (Conrad Office  Tower)- Dubai,DUBAI,Clinic,,"18th floor , Conrad tower,Sheikh Zayed Road,DUBAI",97143728888
Emirates Hospitals & Clinics (Marina) Dubai,DUBAI,Clinic,,"27th Floor, Habtoor Business Tower, Dubai Marina
PO Box: 73663, Dubai",0097144471555
Emirates Hospitals & Clinics (Nad Al Sheba 4) Dubai,DUBAI,Clinic,,"Aswaaq Mall Nad Al Sheba 4, Dubai",0097145285800
Emirates Hospitals Clinics Business Bay LLC - Dubai,DUBAI,Clinic,,"Mezzanine Floor, Business Bay Avenue, Dubai  ",0097143683813
Emirates Hospitals and Clinics - Branch (Marina) Dubai,DUBAI,Clinic,,habtoor Business Tower,0097144471555
Emirates Star Medical Centre - Dubai,DUBAI,Clinic,,"P.O.Box 96968_x000D_
AL Quoz_x000D_
Dubai, UAE",0097143468861
Emirates Star Medical Centre Branch (JAFZA)- Dubai,DUBAI,Clinic,,"Jafza North Next to Village Hypermarket, Dubai",0097145904924
Exeter Medical Center for Bone and Joint - Dxb,DUBAI,Clinic,,"Street 4A Villa 30, Jumeirah Beach Road
P.O. Box: 62248, Dubai",0097143801015
F M C Medical Center  LLC - Dubai,DUBAI,Clinic,UMM SUQEIM SECOND,"Villa 921, Al Wasl Road, Umm Suqueim 2, Jumeirah, Beside Emarat Gas Station,Dubai",0097143218388
FAITH JABAL MEDICAL CENTER (JABAL ALI) DUBAI,DUBAI,Clinic,,"SHOP NO 4,LABOUR CAMP BUILDING, JABAL ALI INDUSTRIAL AREA, DUBAI
",97143956479
FAMILY DENTAL CENTER  LLC (AL MAJAZ) SHARJAH,DUBAI,Clinic,,"ALMAJAS, BUHAIRAH, CORNICHE ST. SHARJAH",971555777126
FAMILY DENTAL CLINIC (DSO) DUBAI,DUBAI,Clinic,,"PLOT NO 12 , 032SELICON HEIGHTS, DUBAI SILICON OASIS",971524047766
FARNEK GENERAL CLINIC (INDUSTRIAL AREA) DUBAI,DUBAI,Clinic,,"FARNEK VILLAGE JEBAL ALI IND AREA	ST 80C
",9714382440
FERDOWS MEDICAL CENTER L.L.C. (PORT SAEED) - DUBAI,DUBAI,Clinic,,"CENTURION STAR BUILDING,FLOOR # 306, 3RD FLOOR PORT SAEED , DEIRA  ",97143213330
FIRST RESPONSE CLINIC LLC (AL BARSHA SOUTH 4TH) DUBAI,DUBAI,Clinic,,"REEM EMAAR BUILDING, AL BARSHA SOUTH FOURTH, DUBAI",97148769540
FIRST RESPONSE HEALTHCARE LLC - DUBAI,DUBAI,Clinic,,"ZAROUNI BUSINESS CENTRE, OFFICE NO 604, DUBAI",97145836887
Family Clinic (Satwa) - Dubai,DUBAI,Clinic,,"Satwa,Dubai,U.A.E.",0097143451145
Fattan Dental Clinic (Trade Centre) - Dubai,DUBAI,Clinic,,"room 3501, 35th floor, Aspin Commercial Tower Bldg., Sheikh Zayed Road, Trade Centre, Dubai    
",0097143550236
First Medical Center (Muraqqabat) Dubai,DUBAI,Clinic,,"Al Haleeba Plaza, 7th Floor, Al Muraqqabat Street, Deira, Dubai",97142976868
French Dental Clinic FZ LLC - Dubai,DUBAI,Clinic,,"Room 2026, BLock C, Al Razi 64, Dubai Healthcare City ",0097144298218
Front Line Medical Center LLC - Dubai,DUBAI,Clinic,,"106, B Block, Al Attar Centre, Karama, Opp. Spinneys, Above Chappan Bhog Restaurant , Dubai",0097143979702
GERMAN HEART CENTRE BREMEN FZ (DHCC) DUBAI,DUBAI,Clinic,,"BUILDING 39, DUBAI HEALTHCARE CITY, DUBAI UAE
",97143624797
GERMAN MEDICAL CENTER (UMM HURAIR 2) DUBAI,DUBAI,Clinic,,"Ibn Sina Bldg. 27, Block B – 302 / 404, Umm Hurair 2, Dubai Healthcare City, Dubai
",97144322989
GLUCARE INTEGRATED DIABETES CENTER LLC - DUBAI,DUBAI,Clinic,,"JUMEIRAH 1, VILLA NO 1, DUBAI",97142201570
GREEN CITY MEDICAL CENTER (AL QOUZ FOURTH) DUBAI,DUBAI,Clinic,AL QOUZ FOURTH,"Oberoi Building, Al Quoz 4, Dubai",0097143333450
GREEN LIFE MEDICAL CLINIC LLC (JUMEIRAH 1) DUBAI,DUBAI,Clinic,,"Villa 161 Jumeirah 1, Dubai",97143433222
GSM Medical Centre LLC - Dubai,DUBAI,Clinic,,"Euroepan Business Center, Ground Floor G29, Opposite Greens Community, DIP-1, Dubai",0097148831002
Gardens Medical Centre - Dubai,DUBAI,Clinic,,"""Aster Clinic, Discovery Gardens"" Building no. 9, Zen Cluster, Discovery Garden, Dubai ",0097144489151
Gardens Specialty Clinic - Dubai,DUBAI,Clinic,,"""Aster Gardens Specialty Clinic, Discovery Gardens"" Building No 10, Zen Cluster, Street No 1, Behind Chelsea Hotel Apartments, Discovery Garden, Dubai",0097142767512
General Med. Cent. - DXB(Trade Cent. Apts. Br.) (GMCClinics),DUBAI,Clinic,,"Trade Center Appartments, Sheikh Zayed Road 
",0097143313544
General Medical Center - Tecom (GMCClinics),DUBAI,Clinic,,"3rd floor; #302: Tameem House; Tecom; Dubai
",0097145676888
General Medical Center 1BR (GMCClinics),DUBAI,Clinic,,"Magrudy Center, Jumeira Beach Road, Dubai ",0097143494880
"General Medical Center, Green Community Br (GMCClinics)",DUBAI,Clinic,,"1st Floor, “The Market” Shopping Centre, Green Community, DIP, P.O. Box 11962, Dubai ",0097148853225
German Neuroscience Center Fz Llc,DUBAI,Clinic,,"DISTRICT 1, AL RAZI BLDG. 64, FLAT 2006, 2ND FLOOR, BLOCK A, DUBAI HEALTHCARE CITY",97144298578
German Neuroscience Center Fz Llc ,DUBAI,Clinic,,"PLATINUM TOWER,28TH FLOOR ,FLAT #2804, 2805, 2806 ",97144298578
Getwell Medical Centre - Dubai,DUBAI,Clinic,,P.O.Box : 31690,0097143595935
Ghussais Clinic,DUBAI,Clinic,,,0097140000000
Globe Health General Clinic (Al Hudaiba) - Dubai,DUBAI,Clinic,AL HUDAIBA,"1st Floor, Flat No.111, December 2nd Street, Yousef Al Otaiba Bldg., Al Diyafah, Near Satwa Bus Station, Dubai",0097143464180
Go Dental Clinic (Karama) - Dubai,DUBAI,Clinic,,"Al Attar Centre, Block A,3rd Floor, Flat 315, 317 Karama, Dubai",0097143979522
Good Health Polyclinic - Dubai,DUBAI,Clinic,AL QUSAIS FIRST,"Damascus Street ,Mohd Bin Dahi Building, Flat No 101 1st Floor Above Sindbad Bakery,Chicken Tikka, Sangeetha Rest 
",0097142619969
Goodwill Clinic LLC,DUBAI,Clinic,,"JABAL ALI INDUSTRIAL 1
",0097148848777
Gorgeous Smile Dental Center (Media City) Dubai,DUBAI,Clinic,,"Arenco Tower, Office 103 - Level 101 Area, Media City, Dubai",0097144561946
Grand Infinity Medical Center - Dubai,DUBAI,Clinic,MUHAISANAH FOURTH,"Muhaisnah 4, Mohaisna New Bldg., Dubai",0097142515458
Grand Infinity Medical Center -Branch (Jebel Ali) - Dubai,DUBAI,Clinic,,"Project Muteena, SHOP NO:4,Next to GRAND EXCELSIOR HOTEL, Muteena, Deira, Dubai",0097143361055
HALA PHARMACY 13 EXPRESS CLINIC (INTERNATIONAL CITY) DUBAI,DUBAI,Clinic,,"SHOP # 22 & 24,S-6 BUILDING, SPAIN CLUSTER,INTERNATIONAL CITY, DUBAI",97145610000
HEALTH BAY POLY CLINIC (WOMENS CARE) AL WASL - DUBAI,DUBAI,Clinic,AL WASL,"UMM AL SHEIF, AL WASL ROAD	UMM AL SHEIF
",97143487140
HEALTH CONNECT POLY CLINIC (AL SAFA 5) DUBAI,DUBAI,Clinic,,"VILLANOVA COMMUNITY MALL, WADI AL SAFA 5, DUBAI
",97145547335
HEALTHHUB  (BR OF ALFUTTAIM HEALTHCARE SINGLE PERSON COMPANY LLC) JABEL ALI 1 DUBAI,DUBAI,Clinic,JABAL ALI FIRST,"Festival Plaza Mall , Jabel Ali-1 , Festival Plaza street, Dubai",97145697350
HMC Medical Center (Motor City) - Dubai,DUBAI,Clinic,,"G03, Detroit House, Blue Mart Super Market, Motor City, Dubai",0097145668336
HTK Medical Center - Dubai,DUBAI,Clinic,,Doha Center Al Maktoum Street Deira Dubai,0097142957776
Hadi & Hofmann Medical Center - Dubai,DUBAI,Clinic,,"P.O. Box: 333414_x000D_
Dubai, UAE",0097143498484
Hamly Medical Centre - Dubai,DUBAI,Clinic,,"PO Box 22096_x000D_
Dubai_x000D_
UAE",0097143342323
Harley International Medical Clinic (Al Barsha) Dubai,DUBAI,Clinic,,"2nd Floor, 202, Al Attar Business Center,  Al Barsha, Dubai, UAE",0097143986677
Harley International Medical Clinic (Al Raffa) - Dubai,DUBAI,Clinic,,P.O.Box: 34801,0097143986677
Harley International Medical Clinic (Al Raffa) Dubai,DUBAI,Clinic,,"#303, 3rd Floor, D Block, Nashwan Building, Al Mankhool, Bur Dubai",0097143989988
Health Bay Polyclinic (Al Wasl) Dubai,DUBAI,Clinic,,"Villa 1-5, D92, Al Wasl Road, Umm Al Sheif, Dubai",0097143487140
Health Bay Polyclinic (Umm Suqeim 2) - Dubai,DUBAI,Clinic,,"Al Wasel Road, Umm Suqeim, Dubai P.O. Box: 118012",0097143487140
Health Bay Polyclinic Branch (Motor City - Al Hebiah 1) Dubai,DUBAI,Clinic,,"Detroit House, Unit G04, Ground Floor, Motor City, Dubai",0097143487140
Health Call (Dubai Healthcare City) Dubai,DUBAI,Clinic,,"P.O.Box: 505032
Dubai Healthcare City
Ibn Sina Bldg.",0097143635343
Health Family Clinic (Karama) - Dubai,DUBAI,Clinic,,"3rd Floor, 309, Al Kifaf Coml. Building(Avenue Showroom Building) , Opp. New Burjman Centre, Karama, Dubai",0097143960034
Healthhub  Br of Al Futtaim Healthcare Single Person Company LLC (Al Muteena),DUBAI,Clinic,AL MUTEENA,"AL MUTEENA STREET 58, BUILDING 1084 , NEXT TO VIVA SUPERMARKET ,DEIRA
",9714597366
Healthhub (Br of Alfuttaim Health Care Single Person Company LLC) Tecom - Dubai,DUBAI,Clinic,AL THANYAH FIRST,"AL THANYAH FIRST ART, HEIGHTS SHOP 4,5,6, NEAR TECOM METRO STATION, DUBAI
",97145963080
Healthhub (Br of Alfuttaim Healthcare) Al Karama - Dubai,DUBAI,Clinic,," Al Kifaf Mansion Building , Groud Floor , Al Karama, Dubai",97145967121
Healthhub (Br of Alfuttaim Healthcare) Al Nahda 2 - Dubai,DUBAI,Clinic,," Essa Saleh Al Gurg Building , Amman Street , Al Nahda-2, Dubai",97145967355
Healthhub (Br. Al Futtaim Healthcare) Discovery Garden - Jebel Ali,DUBAI,Clinic,,"ZEN Cluster 3 - Ground Floor, Building No. 6, Discovery Garden, Jebel Ali, Dubai",0097142040499
Healthhub (Br. Al Futtaim Healthcare) Silicon Oasis - Dubai,DUBAI,Clinic,,"G - G06 Lynx Tower , Dubai Silicon Oasis, Dubai",0097142085952
Healthhub (Br. Alfuttaim Healthcare)  Dubai Festival City- Dubai,DUBAI,Clinic,,"Dubai Festival City Mall, Dubai",0097142085953
Healthhub Br of Alfuttaim Healthcare Single Person Company (Qusais 1) - Dubai,DUBAI,Clinic,AL QUSAIS FIRST,"Manazel Deira Building, Ground Floor, Next to Fortune Plaza Hotel, Qusais 1, Dubai",0097142040400
Healthhub Br. Alfuttaim Healthcare (International City) -Dubai,DUBAI,Clinic,,"Warsan 1st, Warsan Street, IC1-77B Building, International City, Dubai",0097143057640
Healthub (Br Alfuttaim Healthcare) Al Warqaa 1 - Dubai,DUBAI,Clinic,,"Al Warqaa 1, Al Warqa St. Mushroom Building No. 3 , Dubai",0097142186222
Heartfirst Medical Centre,DUBAI,Clinic,,"Ibn Sina Building, Block A, Office 206, DHCC, Dubai, UAE",0097144298298
Hellenic Dental Clinic (Jumeirah 1) - Dubai,DUBAI,Clinic,JUMEIRA FIRST,"Villa G4U1 Al Wasl Road Jumeirah 1, Dubai
",0097143490422
Hope Care Polyclinic (Hor Al Anz) Dubai,DUBAI,Clinic,HOR AL ANZ,"Hamad Khalfan Building 1, 26th Stree, Shop 1 to 6, Hor Al Anz, Dubai",0097142268881
Houston Medical Clinic (Al Barsha) - Dubai,DUBAI,Clinic,AL BARSHA FIRST,"102 And 103, Elite Busnes Center, Al Barsha 1, Dubai P.O. Box: 50224",0097143850603
Houston Medical Clinic (Al Quoz 3) Dubai,DUBAI,Clinic,,"Office No. 101, RNA Resource Building, Al Quoz 3, Dubai",0097143850603
I Care Karama (Br. Excel Healthcare) Dubai,DUBAI,Clinic,,"Al Wasl, Karama Dubai",0097143872555
IMPLANTREE DENTAL & AESTHETICS CLINIC (TRADE CENTER) DUBAI,DUBAI,Clinic,,"SHEIK ZAYED ROAD, 503, LATIFA TOWER, TRADE CENTER AREA, DUBAI",97143523173
ISLAMABAD MEDICAL CLINIC LLC (AL BADA) DUBAI,DUBAI,Clinic,,"OFFICE 305, AL MAYA BUILDING , AL HUDAIBA STREET, AL BADA, DUBAI",97143886432
Ibn Al Nafees Medical Clinic - Dubai,DUBAI,Clinic,,"P.O.Box: 94082, Bin Rumaitha Building, Al Rebat St., Dubai",0097142899621
Ibrahim Abbara Derm. & Vener. Clinic-  Dubai,DUBAI,Clinic,,"P.O. Box: 49380
Dubai, UAE",0097143988853
Icare Al Redda -Mankhool- Dxb,DUBAI,Clinic,,"Shop 1, Plot 316-530, Ground Floor, Al Rafaa Building (C),Kuwait Street, Bur Dubai, Dubai",0097145628622
Icare Clinic (Jebel Ali 1) Dubai,DUBAI,Clinic,,"Building No. 4, Zen Cluster, Discovery Gardens, Dubai",0097145727544
Icare Discovery Garden - Dubai,DUBAI,Clinic,,"Ground Level  | Building 18, Street 1, Zen Cluster, Jebel Ali Garden
",0097144522242
Icare Mirdiff - Dubai,DUBAI,Clinic,,"Opp Spinneys, Uptown Mirdiff
Al Khawanej Road
P.O. Box: 25030",0097142110000
Icare Oasis Center - Dubai,DUBAI,Clinic,,"Waha Centre, Bur Dubai, Office 301",0097143847272
Illinois Medical Centre - Dubai,DUBAI,Clinic,,"Near Mercato Mall
Villa 43
",0097143499977
Integrated Rheumatology & Arthritis Center - Dubai,DUBAI,Clinic,,"105 Building, 47, Dubai healthcare City",0097144568952
Islamabad Medical Clinic (Hor Al Anz) Dubai,DUBAI,Clinic,WARSAN FIRST,"SHOP 4,RESIDENCE 0943, HOR AL ANZ	ABU BAKER AL SIDDQUE ROAD, DUBAI",0097142572477
Italian Dental Clinic (Dubai Healthcare City) - Dubai,DUBAI,Clinic,,Bldg 33 Unit 1 Groubd Floor Dubai Healthcare City,0097144580040
J HOPKINS MEDICAL (DSO) DUBAI,DUBAI,Clinic,,"OFFICE NO.602 & 604,PARK AVENUE TOWER, DUBAI SILCON OASIS - DUBAI UAE
",97143207979
JADAF LIFE PHARAMCY EXPRESS CLINIC (AL JEDAFF) DUBAI,DUBAI,Clinic,,"RETAIL#1, RIAH TOWERS, CULTURE VILLAGE, AL JEDDAF, DUBAI - UAE
",97145610000
JTS Medical Centre - Dubai ,DUBAI,Clinic,,"P.O. Box: 33662 , Dubai",00971437999954
Jansons Medical Centre - Dubai,DUBAI,Clinic,,"Bur Dubai, Opp. All Raffa Police Station, Dubai 
",0097143939011
Jansons Stars Polyclinic - Dubai,DUBAI,Clinic,AL RAFFA,"Previously Known as Jansons Shaheen Polyclinic
Updated Dec12
P.O. Box 5868
Dubai, UAE
",0097143933280
Jehad International Medical Clinic- Dubai,DUBAI,Clinic,,"Crown Plaza Hotel, Commercial Tower 7th Floor, Flat 706, Sheikh Zayed Road, Dubai, UAE",0097143311773
Josephs Qusais Polyclinic,DUBAI,Clinic,,"P.O.Box : 50730
Dubai, UAE",0097142636767
Jumeira American Clinic (Jumeirah 1) Dubai,DUBAI,Clinic,,"Dubai Healthcare City, Building 64, Floor 1, Dubai, UAE",97143444100
Jupiter Al Nahda Polyclinic - Dubai,DUBAI,Clinic,,"P.O.Box: 126997  TRIO - BLDG, Near Shara Centre, Al Nahda, Dubai.",0097142344429
Jupiter Al Qusais Polyclinic - Dubai,DUBAI,Clinic,,"P.O.Box. 20657  Al Qusais Dubai, UAE",0097142613936
Jupiter Speciality Medical Center - Dubai,DUBAI,Clinic,,"P.O.Box : 123047, Villa No : 108,Near Al Karama Metro Station, Duabi",0097143866330
KIMS Medical Centre - Dubai,DUBAI,Clinic,,"Next to Abu Bakar Al Seddique Metro Station, Al Dosari Bldg, Ground Floor, Deira, Dubai PO.Box: 82909,",0097142624500
KINGS COLLEGE HOSPITAL LONDON MEDICAL AND AESTHETIC CENTRE (MARINA) DUBAI,DUBAI,Clinic,,"G FLOOR, MARINA WALK MALL
",97145199791
KINGS COLLEGE HOSPITAL LONDON MEDICAL AND DIABETES CENTRE (DUBAI HILLS),DUBAI,Clinic,," PARK HEIGHTS 2 , DUBAI HILLS, DUBAI",971448185666
Karama Medical Center Al Quoz Mall Br - Dubai,DUBAI,Clinic,AL QOUZ THIRD,"BUILDING NAME : AL  QOUZ MALL , UNIT/ VILLA NO.  SHOP NO 27, 28 ,31, 32 . MAKANI NUMBER : 2075479749

",00971043306040
Karama Medical Center Br - (JVC) Dubai,DUBAI,Clinic,,"No. 4 Bldg M1, AMSA Jumeirah Village Circle, Dubai",0097144229867
Karama Medical Centre (Burjuman 247) Dubai,DUBAI,Clinic,,"Al Yateem Bldg. Shop No. ! & 2, Near Burjuman Metro Station, Dubai",0097143533008
Karama Medical Centre (Karama) - Dubai,DUBAI,Clinic,AL KARAMA,"Sony Showroom Building, Karama area
P.O.Box 52001
Dubai, UAE
",0097143366889
Karama Medical Centre - DIP Branch,DUBAI,Clinic,DUBAI INVESTMENT PARK FIRST,"1st Floor Park Shopping Copmlex, DIP, Dubai",0097148858538
Karama Medical Centre Br - Al Quoz,DUBAI,Clinic,AL QOUZ FOURTH,"Al Quoz Industrial Area 4
P. O. Box: 52001",0097143413645
Karama Medical Centre Br Muhaisnah - Dubai,DUBAI,Clinic,MUHAISANAH SECOND,"Jiwin Staff Accomodation, Opp Dubai Municipality, Muhaisnah 2, Sonapur, Dubai",0097142630341
Karama Medical Centre Br. Al Khail Gate (AL QUOZ ) - Dubai,DUBAI,Clinic,AL QOUZ SECOND,"New West Zone Mall, Al Khail Gate, Dubai",0097144533534
Keerthi Medical Center - Dubai,DUBAI,Clinic,,"P.O. Box: 117310
Dubai, U.A.E",0097143344256
Khadr Cardiology Clinic (Jumeira 3) Dubai,DUBAI,Clinic,,"Jumeira 3, near HSBC Bank, Dubai, UAE
",0097143881444
Khalidha Medical Centre - Dubai,DUBAI,Clinic,,"1st Floor, Office 103 &104, Shehar-E-Karachi Restaurant Bldg., Latifah Bint Hamdan St., Al Quoz Industrial Area -3, Dubai
",0097143381947
Kids Neuro Clinic & Rehab Centre (Dubai Healthcare City) Dubai,DUBAI,Clinic,,"Block C, 6th floor, Unit 6004 to  Block D, 1st floor, Unit 1015 same building Al Razi Medical Complex Building 64 Dubai Healthcare City, Dubai, UAE  ",0097145570326
Kidsheart Medical Center (DHCC) - Dubai,DUBAI,Clinic,OUD METHA,"Building 27, Block A, 6th Floor, #604, Dubai Healthcare City, Dubai",0097144529970
Kings College Hospital London Medical Centre (Br of KCH Healthcare LLC) - Dubai,DUBAI,Clinic,,"Marina District 10, The Residence at Marina Gate, Dubai Marina, Dubai",0097145813222
Kings Medical Center (Al Rigga) - Dubai,DUBAI,Clinic,,"Al Rigga, Ibis Hotel, Commercial Tower, 4002, Dubai",0097142552020
Klinika Maharlika LLC - Dubai,DUBAI,Clinic,,"18th Floor, Al Hana Center, Al Jaffliya Satwa, Dubai",0097143855333
LAVERA CLINIC LLC (RAS AL KHOR) DUBAI,DUBAI,Clinic,,"AMA Building	Ras al khor
",97143209100
LEGACY DENTAL CENTER (BUR) DUBAI,DUBAI,Clinic,,"CLOVER BAY TOWER, AL ABRAJ, DUBAI",97145148190
LIFE AL QUSAIS PHARMACY EXPRESS CLINIC (DAMASCUS STREET) DUBAI,DUBAI,Clinic,,"NEAR ICARE CLINIC,AL HURAIZ BUILDING, DAMASCUS STREET, DUBAI
",97145610000
LIFE CLINIC 2 BR OF LIFE CLINIC (DAMASCUS STREET) DUBAI,DUBAI,Clinic,,"BIN DHAHI BUILDING , GROUND FLOOR DAMASCUS STREET AL QUSAIS. LANDMARK: NEAR DUBAI GRAND HOTEL ZIP CODE: 111389",97145610000
LIFE DWTC PHARMACY EXPRESS CLINIC (WTC) DUBAI,DUBAI,Clinic,,"CONCOURSE 1, DUBAI WORLD TRADE CENTRE, DUBAI, UAE",97145610000
LIFE MEDICAL CENTRE 3 BR OF LIFE CLINIC LLC (AL WARQA) DUBAI,DUBAI,Clinic,AL WARQA'A FIRST,"RAJA AND SISTERS BANATH RASHID BUILDING, AL WARQA'A FIRST
",97145610000
LIFE MURAQABAT PHARMACY EXPRESS CLINIC (AL MURAQABAT) DUBAI,DUBAI,Clinic,,"SHOP#1,R471 BUILDING,WASL TRIO BLOCK A,AL MURAQABAT RD,DUBAI",97145610000
LIFE PEARL PHARMACY EXPRESS CLINIC (MARINA) DUBAI,DUBAI,Clinic,,"SHOP#9, MARINA PEARL BULDG,D UBAI MARINA, DUBAI",97145610000
LIFE PHARMACY 16 EXPRESS CLINIC (MARSA) DUBAI,DUBAI,Clinic,,"UNIT NO. R-18, GROUND FLOOR – BLUEWATERS RESIDENCES 8, MARSA, DUBAI, UAE",97145610000
LIFE PHARMACY 25 EXPRESS CLINIC (AL KARAMA) DUBAI,DUBAI,Clinic,,"AJSM INVESTMENT BUILDING, AL KARAMA, DUBAI",97145610000
LIFE PHARMACY 74 EXPRESS CLINIC (MARINA) DUBAI,DUBAI,Clinic,,"SHOP NO. 3, ELITE RESIDENCE, DUBAI MARINA, DUBAI",97145610000
LIFE PHARMACY 77 EXPRESS CLINIC (SATWA) DUBAI,DUBAI,Clinic,,"FIRST FLOOR,MANILA MALL, BELJAFLA, SATWA, DUBAI",97145610000
LIFE PHARMACY BARSHA SOUTH FOURTH EXPRESS CLINIC (AL BARSHA),DUBAI,Clinic,,"THE MANHATTAN, AL BARSHA SOUTH, DUBAI
",97145610000
LIFE PHARMACY EXPRESS CLINIC (SHEIKH ZAYED ROAD) DUBAI,DUBAI,Clinic,,"MAZNINE FLOOR,WHITE SWAN BUILDING, SHIEKH ZAYED ROAD, DUBAI",97145610000
LIFE POLYCLINIC (DSO) DUBAI,DUBAI,Clinic,,"PLOT-21-001-PALACE TOWERS 1, DUBAI SILICON OASIS, DUBAI, UAE",97145610000
LIFE POLYCLINIC (JVC) DUBAI,DUBAI,Clinic,,"UNIT NO JV-TCM-AN-G075B, GROUND FLOOR, THE CIRCLE MALL, JVC, DUBAI",97145610000
LIFE POLYCLINIC 1 (DISCOVERY GARDEN) DUBAI,DUBAI,Clinic,,"ZEN 4, DISCOVERY GARDENS, DUBAI UAE",97145610000
La Familia Medical Center LLC - Dubai,DUBAI,Clinic,,"I-Rise Tower, Barsha Heights Office 10 E1, ",0097144430700
La Mar Aesthetic Surgery Centre (Al Wasl Road) Dubai,DUBAI,Clinic,UMM SUQEIM SECOND,"Al Wasl Road, Um Suqeim 2, Villa 1206, Dubai",0097142355551
Laser Eye Medical Center-sheikh Zayed-Dubai,DUBAI,Clinic,,"P.O.Box : 33870, ROOM 104,JUMEIRAH TERRACE BUILDING,JUMEIRAH 1, Duabi, UAE ",0097143431744
Life Medical Center DMCC - Dubai,DUBAI,Clinic,,"Cluster T Fortune Executive Tower, Dubai",0097144539633
Life Works Holistic Counselling Centre (UMM SUQEIM SECOND) - Dubai,DUBAI,Clinic,UMM SUQEIM SECOND,"Bahwan Villas 1230, Near Union Corp. Al Wasl Road,UMM SUQEIM SECOND, Dubai",0097142245736
Lifeguard General Clinic LLC (Jebal Ali),DUBAI,Clinic,,"SHOP # 8 , AL MEDINA SUPERMARKET COMPLEX
70 STREET JEBAL ALI INDUSTRIAL AREA
",97145806451
Live Care Clinic LLC - Dubai,DUBAI,Clinic,,"13th Street, 1st Floor, Shoppers Mall, Jebel Ali Industrial Area 1, Dubai",0097148848848
Lookswoow Dental Clinic (The Dubai Mall) Dubai,DUBAI,Clinic,,"The Dubai Mall, Ground Floor Next to Galleries Lafayette, Dubai, UAE",97144487016
Lotus Dental Clinic (Al Nahda 2) Dubai,DUBAI,Clinic,AL NAHDA SECOND," 106, Platinum Business Centre، Baghdad Street, Al Nahda 2, Behind NMC Hospital - Dubai
",0097143971667
Lotus Medical Center (Al Quoz 3) Dubai,DUBAI,Clinic,,"#101, Al Rostamani Bldg., Near Al khail mall, Al Qouz 3, Dubai ",0097143465380
MAG Health Clinic (Al Barsha 1) - Dubai,DUBAI,Clinic,,"Sheikh Zayed Road, Al Barsha",0097143794444
MAGNUM CLINIC FZE-DUBAI,DUBAI,Clinic,,"201&216, SIT Tower, Dubai Silicon Oasis, Dubai ",0097143973738
MED ONE MEDICAL CENTER (AL QUSAIS 2) DUBAI,DUBAI,Clinic,,"AL FATTAN BUILDING AL QUSAIS 2, DUBAI",0097143412774
MEDCARE MEDICAL CENTER TOWN SQUARE BR OF MEDCARE LLC - DUBAI,DUBAI,Clinic,,"Town Square Zahra Breeze 4A, Apt/Villa No:211Al-Yalayis 2

",97144079100
MEDI CENTRES POLYCLINIC (DSO) DUBAI,DUBAI,Clinic,,"NADD HESSA, DUBAI SILICON PLAZA, DUBAI, UAE

",97143266641
MEDI SENSE CLINIC (SHEIKH ZAYED RD) DUBAI,DUBAI,Clinic,,"THE CURVE BLDG, SHEIK ZAYED ROAD, DUBAI",97143809803
MEDICAL VILLAGE ( JUMEIRAH 3) DUBAI,DUBAI,Clinic,,"MEDICAL VILLAGE MC BUILDING, GROUND FLOOR & FIRST FLOOR, VILLA 520, JUMEIRAH BEACH ROAD, JUMEIRAH-3, DUBAI",97143469999
MEDICLINIC AL BARSHA DIALYSIS CENTRE - DUBAI,DUBAI,Clinic,,,9174000000
MEDLITE MEDICAL CENTER (INTERNATIONAL CITY) DUBAI,DUBAI,Clinic,,"Shop 5 & 6, Riviera Dreams Bldg., CBD-20, International City, Dubai",0097144585859
MMI Dental Center (City Walk) Dubai,DUBAI,Clinic,AL BADA'A,"Al Wadi Building, Office No. 202, Al Badaa Area, Sheikh Zayed Road-South, Dubai",0097143467677
MOBILE DOCTORS HEALTHCARE (PORT SAEED) DUBAI,DUBAI,Clinic,PORT SAEED,"AL NABOODAH BUILDING, SAME AS GREEN HOUSE SUPERMARKET , BLOCK E, 4TH  FLOOR, OFFICE#31, NEAR DIERA CITY CENTRE DUBAI UAE
",97143531555
MULTI SPECIALTY HEALTH CARE CO. (AL MAMZAR) DUBAI,DUBAI,Clinic,,"BLD NO 948, AL MAMZAR, DUBAI",97143857888
MVR Cancer Centre (Al Garhoud) Dubai,DUBAI,Clinic,AL GARHOUD,"Ground Floor, Flora Inn Hotel, Airport Road, Al Garhoud, Dubai",0097142327111
MYO MEDICAL CENTER (BARSHA HEIGHTS) DUBAI,DUBAI,Clinic,,"1004 THE ONE TOWER BUILDING , TECOM - DUBAI INTERNET CITY, DUBAI, U.A.E",97145802422
Mahboubi Medical Center - Dubai,DUBAI,Clinic,,"Nasser Square Banyas Tower, Dubai, UAE P.O.Box: 1347 ",0097142221615
Maissan Medical Clinic - Dubai,DUBAI,Clinic,,"P.O. Box: 13761, Al Muraqabat St., Sultan Lootah Bld., Flat 202",0097142977995
Manhal Medical Centre (Al Safa 1) Dubai,DUBAI,Clinic,,"101 SMJ 1, Building, Sheikh Zayed Road, Al Safa 1, Dubai",0097143284560
Marhaba Medical Centre - Dubai,DUBAI,Clinic,,"Fish Roundabout, Dubai",0097142224844
Marina Dental Center - Dubai,DUBAI,Clinic,,"P.O. Box: 500696
Dubai UAE",0097143693625
Marina Medical Center - Dubai,DUBAI,Clinic,,"Ground Floor, Retail 2, Botanica Tower, Al Sofouh Road, Dubai Marina, Dubai",0097143999939
Max Medical Clinic - Dubai,DUBAI,Clinic,,"Saih Shuaib 3, Dubai Industrial City, Dubai",0097148748355
Medcare Medical Center Al Khawaneej - Dubai,DUBAI,Clinic,,"Dakakeen Center, Khawaneej 1,Dubai, UAE",0097142803954
Medcare Medical Center Discovery Gardens  - Dubai,DUBAI,Clinic,,"Road No.7, Discovery Pavillion Building, Beside Geant Supermarket - Dubai, UAE",0097145530290
Medcare Medical Center Jumeirah (UMM SUQEIM FIRST) Dubai,DUBAI,Clinic,UMM SUQEIM FIRST,"Umm Suqeim 1,Jumeirah Beach Road,, Near to Umm Suqeim Municipality Office - Dubai, UAE",0097143953115
Medcare Medical Centre (Mirdif City Centre) Dubai,DUBAI,Clinic,,"Unit No. 350, Medical & Beauty Services area, Central Galleria, East Walk, Mirdif City Centre - Dubai, UAE",0097142840722
Medcare Medical Centre JBR - Dubai,DUBAI,Clinic,,"Shop P41, Jumeirah Beach Residence,The Walk, Sadaf Cluster Plaza Level - Dubai, UAE",0097144539450
Medcare Medical Centre Marina - Dubai,DUBAI,Clinic,,"Sukoon Towers ,Al Emreef Street, JBR, next to Radisson Blu Hotel, Dubai, UAE",0097145586467
Medcare Medical Centre Motor City - Dubai,DUBAI,Clinic,,"Building No. 3, The Ribbon mall, Motor City - Dubai, UAE",0097145147969
Medcare Medical Centre Rashidiya - Dubai,DUBAI,Clinic,AL RASHIDIYA,"The Bin Sougat Mall, Rashidiya, Airport Road, Dubai, UAE",0097142885881
Medcare Medical Centre UpTown (Mirdif) Dubai,DUBAI,Clinic,,"Mirdif Mall, Mirdif , Dubai",0097142847199
Medcare Physiotherapy & Rehabilitation Centre (Shk. Zayed Rod.) Dubai,DUBAI,Clinic,,"2nd Floor, SMJ 1 Bldg, 2nd Interchange , Sheikh Zayed Road - Dubai, UAE",0097143240511
Medcare Speciality Pediatric Clinic (Jumeirah) Dubai,DUBAI,Clinic,,"3 Jumeirah Beach Road , Dubai, UAE",0097143210430
Medcare Specialty Centre Mirdif Uptown - Dubai,DUBAI,Clinic,,"Al Barajeel Oasis Complex Bldg, Dubai, UAE",0097142363593
Medi Family Polyclinic (Silicon Oasis)- Dubai,DUBAI,Clinic,,"DSOA-SIT Tower 1-115, dubai silicon Oasis, Dubai, UAE",0097143922267
Medica Zone Clinic (Al Wasl Road) - Dubai,DUBAI,Clinic,,"Villa No.18, Al Wasl Road, Umm Suqueim 2, Dubai, U.A.E",0097143383100
Medical Specialists Centre (BR) - Dubai,DUBAI,Clinic,,"Near Holiday Inn Dubai - Al Barsha near Sharaf DG,  P.O. Box: 2099",0097143409495
Medical Specialists Centre - Dubai,DUBAI,Clinic,,"Dubai Real Estate Centre, Near Capitol Hotel, Al Mina Road, P.O.Box. 2099, Bur Dubai, Dubai",0097143454040
Medicentres Int'l (Br.) - Dxb Motorcity,DUBAI,Clinic,,"P.O. Box: 505019, Motorcity
Dubai, UAE",0097143608866
Medicentres Polyclinic - Al Furjan - Dubai,DUBAI,Clinic,,"Al Furjan Villas, Al Furjan Pavillion, Shopping Mall, FRPJ - R25&26, Al Furjan, Dubai",0097142432672
Medicentres Polyclinic Jumeirah Branch,DUBAI,Clinic,,"JPV-RTL-12, Jumeirah Park Pavilion, Jumeirah Park",0097145516311
Mediclinic Al Qusais - Dubai,DUBAI,Clinic,,"Dubai Residential Oasis, Al Qusais PO Box 30622, Dubai, UAE",0097146028999
Mediclinic Al Sufouh - Dubai,DUBAI,Clinic,,"Knowledge Village, Block 10 PO Box 500723, Dubai, UAE",0097143661030
Mediclinic Al Tawar Dialysis Centre (Br of Mediclinic clinics Investment LLC),DUBAI,Clinic,,"Al Twar Third, Al Tawar Dialysis Center Dubai UAE
",97145216444
Mediclinic Arabian Ranches - Dubai,DUBAI,Clinic,,"PO Box 282602, Dubai, UAE
Arabian Ranches Community",0097144534020
Mediclinic Ibn Battuta Clinic (Day Surgery) (The Gardens) Dubai,DUBAI,Clinic,,"Ibn Battuta Mall, China Court PO Box 117093, Dubai, UAE",0097142478331
Mediclinic Meadows - Dubai,DUBAI,Clinic,,"The Meadows Community PO Box 282414, Dubai",0097144534040
Mediclinic Meaisem - Dubai,DUBAI,Clinic,,"G044, Ground Floor, City Centre Me'aisem, Media Production City, Sheikh Mohammed Bin Zayed Rd. Dubai",0097142052772
Mediclinic Mirdif Clinic - Dubai,DUBAI,Clinic,,"Flat no: 13, Ground Floor,  Uptown Mirdiff, Behind Spinneys Super
",0097142881302
Mediclinic Springs Clinic (Al Thanayah 4) Dubai,DUBAI,Clinic,,"Al Sohool Street, Meadows Town Centre, Dubai",0097145103222
Medicorp Gulf Medical Clinic - Dubai,DUBAI,Clinic,,"Al Shafar Bldg., No. 7, Al Wasl Road, Al Badaa, Jumeirah 1, Dubai",0097143121000
Medicure Centre (MANKHOOL)- Dubai,DUBAI,Clinic,MANKHOOL,"MANKHOOL, Back Side of eppco petrol pump  P.O.Box: 5719, Dubai, UAE.

",0097143984866
Medicure Centre Branch (Dubai Silicon Oasis) - Dubai,DUBAI,Clinic,,"Dubai Silicon Oasis,  Palacae Tower, P.O. Box: 5719, Dubai
",0097143793931
Medicure Poly Clinic (UMM SUQEIM 2) Dubai-2) Dubai,DUBAI,Clinic,UMM SUQEIM SECOND,"VILLA NO. 1166, OPP: J3 MALL, AL WASL ROAD, UMM SEQUIM-2
",009712881221
Medilife Polyclinic LLC - Dubai,DUBAI,Clinic,AL QOUZ FOURTH,"Al Ameed Mall, Al Qouz 4, Dubai",0097143219550
Medrise Medical Center FZ (26 St) - Dubai,DUBAI,Clinic,UMM HURAIR SECOND,"Al Faris Bldg 39, DHCC, Dubai",0097143635353
Medze Clinic (Deira) Dubai,DUBAI,Clinic,,"Al Mulla Building, Shop No. 1 & 2, Baniyas Street, Deira, Dubai",0097142380924
Mercato Family Clinic - Dubai,DUBAI,Clinic,,"P.O. Box: 28658, Dubai
",0097143448844
Merrimac Dialysis Center FZ LLC (Oud Metha) Dubai,DUBAI,Clinic,,"BUILDING 64 - UNIT 2022-23 BLOCK C
DUBAI HEALTHCARE CITY
",97142408521
Mini Vm Polyclinic,DUBAI,Clinic,,"SUNRISE SUPERMARKET BUILDING, DAMASCUS ROAD, AL GHUSAIS  ",97142639995
Mint Dental Care (Al Thanyah 1) Dubai,DUBAI,Clinic,,"ameem House Building, Tecom,Unit No. 1906, Al Thanyah 1 - Dubai",0097145135722
Miracure Medical Centre LLC - Dubai,DUBAI,Clinic,,"Office No. 1-4, First Floor, Rashid Buset Building, Ras al Khor 2, Dubai",0097143202500
Modern Family Clinic - Dubai,DUBAI,Clinic,,"10 UmmHurair Building, Zabeel Road, Al Karama, Dubai
",0097143343263
Monroe Medical Center (Al Wasl) Dubai,DUBAI,Clinic,AL WASL,"Office # 205, 2nd Floor, Al Wadi Building, Sheikh Zayed Road, Near Mazaya Center, City Walk, Dubai",0097143380085
Moon Light Dental Center (Jumeirah 1) Dubai,DUBAI,Clinic,,"Villa G6 U7 Al Wasl Road, Jumeirah 1, Dubai",97143855501
Moopens Al Quoz Medical Centre  ,DUBAI,Clinic,AL QOUZ SECOND,Al Quoz Area,0097143387871
Muhaisna Specialist Medical Centre ,DUBAI,Clinic,,"Sonapur
P. O. Box: 45491",0097142644155
Multi Care Medical Centre (Al Quoz)- Dubai,DUBAI,Clinic,,"Al Khail Gate Community Center, Near Blue Mart Hyper Market, Dubai",009714245863
Multi Care Medical Centre (Liwaan) Dubai,DUBAI,Clinic,,"Binghatti Building, Queue Point, Liwaan, Dubai",0097145786713
Mustafa Alqaysi Medical Center (Al Nahda 1) Dubai,DUBAI,Clinic,AL NAHDA FIRST,"Mai Tower Ground Floor, Amman Street, Al Nahda 1, Dubai, UAE",0097148868823
My Doc Specialist Medical Centre DMCC (JLT) - Dubai,DUBAI,Clinic,,"Fortune Executive Tower, Unit 1405, 14th Floor, Street T, Cluster T, Jumeirah Lakes Tower, Dubai",0097143607089
My Pedia Clinic (Dubai Healthcare City) - Dubai,DUBAI,Clinic,,"Unit 1011, Al Razi Bldg No.64 
First Floor, Block B, DHCC
P.O. Box: 505206
Dubai",0097144305926
N L V MEDICAL CENTER (JUMEIRAH 2) DUBAI,DUBAI,Clinic,,"AL WASL ROAD, JUMEIRAH 2, DUBAI",97145207777
NAJMAT AL SHIFA MEDICAL CENTER LLC (AL WARSAN 1) DUBAI,DUBAI,Clinic,,"ENGLAND CLUSTER Y 21, AL WARSAN 1, DUBAI",97145802450
NATURES LIFE EXPRESS CLINIC (JUMEIRAH) DUBAI,DUBAI,Clinic,,"AL WASL ROAD , DUBAI, JUMEIRAH",97145610000
NEW AL KANZ PHARMACY BRANCH EXPRESS CLINIC (JLT) DUBAI,DUBAI,Clinic,,"J2 TOWER, CLUSTER J -JLT, DUBAI UAE",97145610000
NIGHTINGALE HEALTH SERVICES CO LLC (AL QUOZ IND. 3),DUBAI,Clinic,,"GOLD AND DIAMOND PARK BLDG 7, ROOM 119
SHEIKH ZAYED ROAD
",97143203847
NMC (International City) - Dubai,DUBAI,Clinic,,"China Cluster D01, Shop # 11 & 20 Ground Floor, Warsan 1, Dubai",97148108808
NMC Polyclinic (DP World - JAFZA) - Dubai,DUBAI,Clinic,MENA JABAL ALI,"DP World Clinic, Jebel Ali Free Zone, Dubai",0097148896399
Naif Medical Centre - Dubai,DUBAI,Clinic,,"Opposite to White House Carpet Shop, Flat 104, Naif Road, Deira
",0097142725527
Nasser Clinic - Dubai,DUBAI,Clinic,,"Al Qusais, Dubai",0097142631316
Nasser Medical Consultant Centre - Dubai,DUBAI,Clinic,,"P.O.Box. 7784
Dubai, UAE",0097142698400
Net Care Clinic - Dubai,DUBAI,Clinic,AL HUDAIBA,"Al Deyafa Street; P.O. Box: 51776
Dubai, UAE",0097143988838
Neuropedia Childrens Neuroscience Center (Jumeirah 1) - Dubai,DUBAI,Clinic,JUMEIRA FIRST,"Villa 136B/24 Beach Road Jumeirah 1, Dubai, UAE",0097143431113
New Al Musalla Medical Centre (Muhaisnah 2) - Dubai,DUBAI,Clinic,,"UAE Exchange & Shakalan 2 Super Market Building, Muhaisnah 2, Sonapur, Dubai",0097142641449
New Apollo Polyclinic - Dubai,DUBAI,Clinic,,"Suite No. 101, Karama Centre, Karama, Dubai",0097143379040
New Emirates Medical Centre (Deira) Dubai,DUBAI,Clinic,AL MURAQQABAT,"Building 684, Al Hawai Trading, 2nd Floor 202, AL MURAQQABAT, Dubai",0097142283555
New Health Call (JLT)  Dubai,DUBAI,Clinic,,"Red Diamond Building, Flat 107, Jumeirah Lakes Towers, Dubai",0097144537772
New Lotus Medical Center - Dubai,DUBAI,Clinic,AL QUSAIS FIRST,"#201, Dubai Bldg. Cooperation Society, Above Sunrise Supermarket, Opps. Grand Hotel,  AL QUSAIS FIRST",0097142619795
New Medical Centre -Deira - Dubai,DUBAI,Clinic,,"Abu Hail, Al Habtour Building, Dubai",0097142339900
New Sanaiya Clinic (DIP) - Dubai,DUBAI,Clinic,DUBAI INVESTMENT PARK FIRST,"DIP, Dubai",0097143791311
New Sanaiya Clinic - Br Hor Al Anz - Dubai,DUBAI,Clinic,,"Ali Mesmar Building, Hor Al Anz, Dubai",0097142681333
New Sanaiya Clinic - Dubai,DUBAI,Clinic,,"Muhaisnah 2, Labor Accomodation Area, Al Abbar Complex, Near Madina Supermarket - SONAPUR
",0097142648101
Noa Dental Clinic - Dubai,DUBAI,Clinic,,"Unit 109, Al Hana Center, Mankhool Road, Dubai",0097143987075
Noor Al Shefa Clinic (Jebel Ali Mall) - Dubai,DUBAI,Clinic,,"Jebel Ali Industrial Area, Near Parco Hypermarket, Inside Jebel Ali Mall, Dubai",0097148878155
Noor Al Shefa Clinic (Ras Al Khor) - Dubai,DUBAI,Clinic,,"Union Co-op Bldg., Near Fruits and Vegetable Market, Ras Al Khor, Al Aweer, Dubai",0097143886601
Noor Al Shefa Clinic Br1 (Al Quoz) - Dubai,DUBAI,Clinic,AL QOUZ THIRD,"Room No:107, Al Ghurair Int'l Exchange Building, Al Quoz, Industrial Area 3, Opposite  KFC Accommodation, Al Rustamani Road, Dubai
",0097143807636
Noor Al Shefa Clinic Br3 (JAFZA South) - Dubai,DUBAI,Clinic,,"Jafza Mall, Jafza South, Jebel ali Free Zone, Dubai
",0097148817530
Noor Al Shefa Clinic Br4 (JAFZA West) - Dubai,DUBAI,Clinic,,"107, 1st Floor, Meena Retail Free Zone Building, Opp. Village Hyper Market, Near Gate No. 7, JAFZA West accomodation area, Dubai email: nascjafza4@nooralshefa.com
",0097148844666
Noor Alahalia Medicalcentre,DUBAI,Clinic,,"MAMZAR  CENTRE, GROUND FLOOR ",97142547556
Northwest Clinic for Diabetes and Endocrinology - Dubai,DUBAI,Clinic,,"937 Al Wasl Road Umm Suqiem 2, Al Manara, Dubai",0097143307117
Novitas Clinic (Warsan 1) Dubai,DUBAI,Clinic,WARSAN FIRST,"Prime Residence II, Ground Floor,  Unit 4, International City,  Round About, Dubai",97145693389
Novomed Centers (Sheikh Zayed Road) - Dubai,DUBAI,Clinic,,"Marina Plaza - Suite 3005, 30th Floor - Marina, Dubai",0097142741300
Novomed Centers FZ (Dubai Healthcare City)- Dubai,DUBAI,Clinic,OUD METHA,"Office No.3013, Block C/D, Al Razi Building 64 Dubai Healthcare City - Dubai",0097142765600
Novomed Integrative Medicine (Jumeirah 3) - Dubai,DUBAI,Clinic,JUMEIRA THIRD, 2nd Floor | Sunset Mall | Beach Road | Jumeirah 3 - Dubai,0097143215222
Nucleus Clinic (Jumeirah) Dubai,DUBAI,Clinic,,"Mezzanine Floor, AL Fattan Marine Tower, JBR walk Jumeirah, Dubai",97143209003
Nucleus Clinic FZE (Palm Jumeirah) Dubai,DUBAI,Clinic,,"Anantara Residences, Palm Jumeirah, Dubai
",971585814929
ONYX MEDICAL CENTER (AL BARSHA SOUTH) DUBAI,DUBAI,Clinic,,"VILLA 22,23, VINCITORE BOULEVARD,  AL BARSHA SOUTH, DUBAILAND
",97145669920
ORTHOCURE SPORTSMED CLINIC,DUBAI,Clinic,,"The Mall, 2nd Floor, Shop 4,5,6, Umm Suqeim Third,Umm Suqeim Third, Jumeirah
",97147181887
OXFORD MEDICAL CENTER (ROLLA) DUBAI,DUBAI,Clinic,,"AL ROLLA STREET, AL SHRAFI BUILDING, DUBAI",97143925070
Openminds Psychiatry Counselling and Neuroscience Centre (Al Tanayah 1) Dubai,DUBAI,Clinic,,"The One Tower, Al Tanayah 1, Al Barsha, Dubai",0097148761444
Oris Dental Center (Jumeirah) - Dubai,DUBAI,Clinic,UMM SUQEIM THIRD,"Villa No. 855 A, Umm Suqeim 3, Jumeirah Beach Road, Opposite Wild Wadi, Dubai, UAE",0097143809990
Oris Dental Center (Mirdif) - Dubai,DUBAI,Clinic,MIRDIF,"Umm Suqeim 3, Jumeirah Beach Rd., Opposite Burj Al Arab Hotel, Villa 855 A, Dubai, UAE",0097142847774
Orthocure Medical Center- Dubai,DUBAI,Clinic,,"Level 2, Mirdif Avenue Mall, Dubai, UAE",0097142888812
Orthosports Medical Center (Sheikh Zayed Road) - Dubai,DUBAI,Clinic,,"Mezzanine Floor, Addiyar Building 5 - 58B Street Sheikh Zayed Road, Dubai
",0097143450601
Oxygen Plus Medical Center LLC - Dubai,DUBAI,Clinic,,"Sheikh Zayed Road, Grand Sheraton Hotel, Dubai",0097143887088
PEARLY WHITE DENTAL CLINIC LLC (PORT SAEED) DUBAI,DUBAI,Clinic,,"CENTURION STAR TOWER A- BLOCK, PORT SAEED, DUBAI",97145486452
PHYSIOMOVE PHYSIOTHERAPY CENTER (BUSINESS BAY) DUBAI,DUBAI,Clinic,,"THE OPUS TOWER BY ZAHA HADID BUSINESS BAY 11TH FLOOR, OFFICE C1103 - DUBAI	SAME BUILING OPUS BY OMNIYAT
",97148742333
PHYSIOWELL CHIROPRACTIC AND PHYSIOTHERAPY CENTRE LLC (AL MANARA AREA),DUBAI,Clinic,,"VILLA 947 AL WASL ROAD AL MANARA AREA
",97142692121
PRIME MEDICAL CENTER (SHEIKH ZAYED ROAD),DUBAI,Clinic,AL QOUZ SECOND,"IBRI HOUSE, MEZZANINE & GROUND FLOOR, SHEIKH ZAYED ROAD, 
P. O. Box: 5239",00971042929777
PRIME MEDICAL CENTER (Salah Al Din St.) Dubai,DUBAI,Clinic,,"Salah Al Din St Opposite to Reef Mall,  P.O.Box 5239, Dubai, UAE

",0097142720720
PRIME MEDICAL CENTER AL WARQA (BR OF PRIME MEDICAL CENTER LLC) DUBAI,DUBAI,Clinic,,"AL WARQA CITY MALL, GROUND FLOOR AL WARQA 3, DUBAI, UAE",97147070999
PRIME MEDICAL CENTER NADD AL HAMAR (BR OF PRIME MEDICAL CENTER LLC),DUBAI,Clinic,NADD AL HAMAR,"GROUND FLOOR, UNION COOP, NADD AL HAMAR, DUBAI, UAE
",97147070999
PRIMECORP MEDICAL CENTER -  DEIRA,DUBAI,Clinic,UMM RAMOOL,"6th floor, Gulf Air Building (same building of Prime Medical Center Deira), Salahuddin Road, Deira, Dubai",0097147070999
PRIMECORP MEDICAL CENTER ALQOUZ (BR OF PRIMECORP MEDICAL CENTER LLC),DUBAI,Clinic,,"IBRI HOUSE MEZZANINE FLOOR SHEIKH ZAYED ROAD OPPOSITE NOOR BANK METRO STATION DUBAI, UAE
",0091747070999
PROCARE AVENUES MEDICAL CENTER LLC (MIRDIF) DUBAI,DUBAI,Clinic,,"S01, 2ND FLOOR, MIRDIF AVENUE MALL Al Khawaneej Street
",97143984444
PULSE CENTER (UMM SUQEIM 1) DUBAI,DUBAI,Clinic,,"VILLA 27, AL RADDI STREET, NEAR BUFFALO WILD WINGS RESTAURANT, UMM SUQEIM 1, DUBAI  ",97143953848
Pakistan Medical Center (Oudh Metha) Dubai,DUBAI,Clinic,,"12, PAKISTAN ASSOCIATION DUBAI, 11TH STREET, OUD MAITHA. DUBAI",0097143373632
Panacea Medical & Wellness Centre (Umm Hurair) Dubai,DUBAI,Clinic,,"2nd floor, Easa Saleh Al Gurg Building, Khalid Bin Al Waleed Road, Umm Hurair, Dubai, UAE",97143582020
Panorama Medical Centre (Al Maktoum St Deira) Dubai,DUBAI,Clinic,,"Al Maktoum Street, Opp. Al Reem Tower, Nasa Bldg. 309, Deira, Dubai",0097142231297
Paradise Plus Poly Clinic (DIP 2) DUBAI,DUBAI,Clinic,,"ALYALAIS STREET, SHOP NO-8, ABOVE ALMAYA SUPER MARKET, DIP 2, DUBAI",0097148848270
Pearls Polyclinic (Al Mamzar) Dubai,DUBAI,Clinic,,"Al Mamzar, Al Wuheida st., al Khalafi Bldg., (Dubai Islamic Bank Bldg. 2nd Floor # 202",0097142387788
Perfect Smile Orthodontic & Cosmetic Dental Center,DUBAI,Clinic,,"2nd Floor Room 201, The Binary By Omniyat, Al Abraj Street, Business Bay Dubai UAE, 

",0097143856100
Peshawar Medical Center (Arjan ) Dubai,DUBAI,Clinic,,Al Salam Building Al Barsha South Arjan PO Box 80418 Dubai UAE ,0097147700948
Physiocare,DUBAI,Clinic,,"P.O. Box: 565104, Physiocare FZ LLC #2027 Block B, Al Razi Bldg. # 64, Dist. 1, DHCC",0097144298560
Primacare Speciality Clinics - Dubai,DUBAI,Clinic,,"6TH FLOOR, MUSALLA TOWER, KHALID BIN AL WALEED ROAD, AL HAMRIYA, NEAR SHARAF DG METRO STATION, DUBAI",0097143966123
Prime Medical Center (Bur Dubai) - Burjuman,DUBAI,Clinic,,"3rd Floor, Burjuman Center, Khalid Bin Al Waleed Road, Dubai
",97147070999
Prime Medical Center (Mizhar) Dubai,DUBAI,Clinic,AL MIZHAR FIRST,"AL MIZHAR, ARABIAN CENTRE BLDG, GROUND FLOOR, KHAWANEJ ROAD, DUBAI, UAE",0097142845522
Prime Medical Center (RTA Branch) - Dubai,DUBAI,Clinic,,"Ground Floor,Block B,RTA Head Quarters, Ummu Ramool, Dubai",0097143389339
Prime Medical Center - Reef Mall - Dubai,DUBAI,Clinic,,"3rd Floor of Reef Mall, Salahuddin Road, Deira, Dubai",0097146079928
Prime Medical Center Barsha Heights (Sheikh Zayed Rd.) - Dubai,DUBAI,Clinic,,"Barsha Heights Onyx Tower, Greens - Sheikh Zayed Rd - Dubai",97147070999
Prime Medical Center Dubai Airport (Br of Prime Medical Center LLC) Dubai,DUBAI,Clinic,,"ARRIVAL AREA, DUBAI INTERNATIONAL AIRPORT TERMINAL 1
AIRPORT ROAD
",97147070999
Prime Medical Center Jumeirah (Al Wasl Road) Dubai,DUBAI,Clinic,,"Al Ferdous 1 Building, Al Wasl Road, Dubai",97147070999
Prime Medical Center Motor City - Dubai,DUBAI,Clinic,,"1st Floor, first Avenua Mall, Al Hebaiah First Area, Motor City, Dubai, UAE",0097146079928
Primecorp Medical Center (Jabal Ali Branch) Dubai,DUBAI,Clinic,JABAL ALI FIRST,"P.O. Box: 7162 ALEC Camp 12 Jabal Ali Industrial 1st G03-G04 Plot 282, Dubai",97147070999
Primecorp Medical Center Al Qusais (Br of Primecorp Medical Center LLC) Dubai,DUBAI,Clinic,,"Ground Floor, Al Qusais Plaza, Damascus Street, Al Qusais Dubai",0097146079928
Primecorp Medical Center Al Warsan (Br Of Primecorp Medical Center LLC),DUBAI,Clinic,,"DUBAI MUNICIPALITY ACCOMMODATION, AL WARSAN 3
",97147070999
Primecorp Medical Center DIP - Dubai,DUBAI,Clinic,DUBAI INVESTMENT PARK FIRST,"P.O. Box: 7162 Building No. 33, Al Futtaim Accomodation Street No 53, Dubai",0097146079928
Primecorp Medical Center DWC  - Dubai,DUBAI,Clinic,SAIH SHUAIB 1,"P.O. Box: 7162 Dubai Aviation Engineerin Projects, Al Maktoum International Airport, Dubai",0097146079928
Professor Al Samarrai Medical Center FZ - LLC,DUBAI,Clinic,,"Al Razi Medical Complex Building 64, Bock D, Suite 2018, Dubai Healthcare City",0097144233669
QAM CLINICAL LABORATORY LLC (LATIFA BINT) DUBAI,DUBAI,Clinic,,"ALBONIAN BUILDING, LATIFA BINT HAMDAN STREET, DUBAI",97143556643
QAMAR AL MADINA MEDICAL CENTER (AL QUOZ 4) DUBAI,DUBAI,Clinic,AL QOUZ FOURTH,"AL BONIAN BUILDING, OPPOSITE TO SHARAFUDEEN RESTAURANT,AL QOUZ 4,  LATIFA BINT HAMDAN STREET, DUBAI
",97143556643
QUEENS DENTAL CENTER LLC (AL KARAMA) DUBAI,DUBAI,Clinic,,"GROUND FLOOR, HAMDAN JUMA BUILDING, BEHIND KARAMA FISH MARKET
",97143984445
RAMADA LIFE EXPRESS CLINIC (BUR) DUBAI,DUBAI,Clinic,,"NEAR HOTEL RAMADA, BUR DUBAI",97145610000
RAMADI PHYSIO AND NEURO REHAB CENTER DMCC (JLT) DUBAI,DUBAI,Clinic,,"UNIT NO 2908, INDIGO ICON PLOT NO: JLT-PH1-F3A JUMEIRAH LAKES TOWERS DUBAI UAE
",9715802276
RELEAF MEDICAL CENTER LLC BRANCH (AL QOUZ 2) DUBAI,DUBAI,Clinic,AL QOUZE IND.SECOND,KHALFAN MOHAMED BIN LAHEJI,97143377977
RELEAF MEDICAL CENTER LLC BRANCH-DUBAI,DUBAI,Clinic,AL QOUZ FIRST,"AL SHOWAIB REAL ESTATE


",97143377977
RELEAF MEDICAL CENTER LLC BRANCHNCH (JABEL ALI)-DUBAI,DUBAI,Clinic,JABAL ALI INDUSTRIAL FIRST,"SALIM ALI RASHID SUWAILIM
",97143377977
RELEVA CLINIC MEDICAL CENTER LLC,DUBAI,Clinic,,"1144 Villa Al Wasl Rd Umm SuqeimUmm Suqeim 2, Dubai, UAE",0091743294666
REMEDY PLUS MEDICAL CLINIC (AL QUOZ 3) DUBAI,DUBAI,Clinic,,"44TH, DEL-ANI HOLDING, AL QUOZ 3, DUBAI",97143340312
ROYAL LIFE EXPRESS CLINIC (AL WARQA),DUBAI,Clinic,,"UNIT # 1 OLD HOME NEEDS SM, AL WARQA, DUBAI, UAE
",97145610000
Re Leaf Medical Centre (DIP 2) - Dubai,DUBAI,Clinic,,"Fakhree Centre LLC, Pason Hypermarket Building, 1st Floor, DIP 2
",0097148814918
Revive Dental Clinic (Umm Hurair 2) Dubai,DUBAI,Clinic,,"Office #303 Block-C Building 27, 26th Street, Umm Hurair 2, Dubai",97142764269
Rona Rabah Dental Clinic (Business Bay) - Dubai,DUBAI,Clinic,,"Suite 111, Burlington Tower, Business Bay, Dubai",0097145586998
Roya Medical Center (Al Wasl Road) Dubai,DUBAI,Clinic,JUMEIRA FIRST,"Jumeirah 1, Al Wasl Road, Villa 198-A, 34 Street 14, Dubai",0097143455251
Ruby Clinic - Dubai,DUBAI,Clinic,,"China Cluster H-6, International City, Dubai
",0097144226899
SAUDI GERMAN CLINICS (DAMAC HILLS) DUBAI,DUBAI,Clinic,,"SAUDI GERMAN CLINIC, ARTESIA TOWER - DAMAC HILLS 2, DUBAI, UAE",97143890000
SAUDI GERMAN CLINICS - AKOYA - DUBAI,DUBAI,Clinic,,"AL YUFRAH 2, COMMUNITY RECREATRION AND LEISURE, DUBAI
",97143890373
SOFIA SMILE CLINIC (SILICON OASIS) DUBAI,DUBAI,Clinic,,"D54, DUBAI SILICON OASIS, PALACE TOWER T1, 16TH FLOOR, OFFICE 1602, DUBAI",97145763366
Sahara Dental Clinic and Orthodontic Centre (Umm Suqeim 1) Dubai,DUBAI,Clinic,UMM SUQEIM FIRST,"Umm Suqeim 1, Jumeirah, Dubai",0097143804666
Sai Ganesh Medical Centre (Al Qusais) - Dubai,DUBAI,Clinic,,"Abdulla Al Fahedi Building, Suite No. 106, Damascus Street, Al Qusais, Dubai",0097142500017
Saleem Polyclinic  - Dubai,DUBAI,Clinic,AL SATWA,"Marjana Plaza Building
P.O.Box 8703
Dubai, UAE",0097143495353
Salubrity Valley Clinic LLC (Industrial Area 1) Dubai,DUBAI,Clinic,,"Transguard Accommodation, Ground Floor, Jebel Ali Camp 1, Industrial Area 1, Dubai
",97142507929
Saudi German Clinics (Jumeirah Road) Dubai,DUBAI,Clinic,UMM SUQEIM THIRD,"The Mall, Ground Floor, Jumeirah Road, Umm Suqeim 3, opp. Jumeirah Beach Resort, Dubai",97143890005
Sekher Medical Clinic (Al Quoz 4)  Dubai,DUBAI,Clinic,,"Arabian Gulf Building, office No. 101, Al Quoz Ind. Area 4 Dubai, UAE",0097143387749
Seven Dental Centre - Dubai,DUBAI,Clinic,JUMEIRA THIRD,"Arenco 506B JUMEIRA THIRD P.O.Box: 72123 Dubai, UAE",0097143952177
Seven Dimensions Medical Centre (Al Barsha) Dubai,DUBAI,Clinic,AL BARSHA SOUTH THIRD,"1st Floor Diamond Business Center Arjan Exit Road, Near Miracle Garden Arjan, Al Barsha South 3, Dubai",0097142434777
Shams Al Assil Polyclinic - Dubai,DUBAI,Clinic,,"Deira, Opp. City Centre, Dubai, P.O. Box: 96588",0097142955881
Shams Moopen Dental Clinic LLC Branch - Al Warqa - Dubai,DUBAI,Clinic,,"ASWAAQ MALL, GROUND FLOOR, SHOP #1, ASWAAQ MALL, AL WARQA 2, DUBAI
",97145470009
Shams Moopens Dental Clinic - Jumeirah,DUBAI,Clinic,,"Villa 17, Jumeira Road, Dubai (Opposite Dubai Zoo;  close to La Mer and Mercato Mall)",0097143997522
Sheikh Manaa Bin Hasher Almaktoum Polyclinic (Jumeirah 1) Dubai,DUBAI,Clinic,,"Al Shafar Bldg. 7, Al Wasl Road, Jumeirah 1, Dubai",009743420642
Shine & Smile Dental Clinic (Al Barsha 1) Dubai,DUBAI,Clinic,AL BARSHA FIRST,"708 Elite Business Center, Al Barsha 1, Dubai, UAE",0097142242100
Sirajudeen Medical Centre - Dubai,DUBAI,Clinic,,"Jumbo Sony Building, Karama, Dubai P.O.Box: 2696",0097143345955
Smile Art (Br. of Oracare Dental Clinic) -  Satwa -Dubai,DUBAI,Clinic,,"Dune Center 201, 2nd December St., (Al Diyafah), Al Badaa, Al Satwa, Dubai",0097143570705
Smile Design Clinic- Dubai,DUBAI,Clinic,,"1st Floor Zalfa Building
Next to Jumeirah Creak Side Hotel
P.O. Box: 214505
Dubai",0097142395776
Smile Essentials Dental Clinic (Al Karama) Dubai,DUBAI,Clinic,AL KARAMA,"Suit #314, Al Attar Shopping Mall, Next to Karama Center, Kuwait St. Al Karama, Dubai",0097142979464
Star Revive Medical Center (Jumeira 3) Dubai,DUBAI,Clinic,JUMEIRA THIRD,"SUNSET MALL, JUMEIRAH 3, Dubai
",97143334461
Sultan Al Olama Medical Center (Al Quoz)- Dubai,DUBAI,Clinic,,"Shop 5, Aswaaq Malls Al Qouz, Al Qoze Street, Al Qoze 1, Dubai",097142565550
Sultan Al Olama Medical Center (Etihad) - Dubai,DUBAI,Clinic,,"Shop F07, 1st Floor, Eitihad Mall, Al Khawaneej Road, Muhaisnah 1, Dubai",0097142565550
Sultan Al Olama Medical Center (Mirdiff) - Dubai,DUBAI,Clinic,,"15th Street, Central Building, Algeria Road, Mirdif, Dubai",0097142565550
Sultan Al Olama Medical Center (Sheikh Zayed) - Dubai,DUBAI,Clinic,,"Office 2, 1st Floor, Indigo Center 7, Al Manara Street, Opposite Times Square Mall,  Sheikh Zayed Road, Dubai",0097142565550
Sultan Al Olama Medical Center Branch,DUBAI,Clinic,,"Shop 08, Al Furjan Pavilion, Al Furjan",0097142565550
Sultan Al Olama Medical Center Branch ICP - Dubai,DUBAI,Clinic,,"France P27 International City, France Cluster, Dubai",0097142565550
Sultan Al Olama Medical Center(Al Barsha Mall) - Dubai,DUBAI,Clinic,,"Flat 27, Ground Floor, Al Barsha Second, Al Barsha Mall, Dubai",0097142565550
Syed Sadiq General Practitioner Clinic LLC - Dubai,DUBAI,Clinic,,"Office 304, Al Rostami Building, Latifa Bint Hamdan Street, Al Quoz 3, Dubai",0097143306781
Symbiosis Medical Centre (Silicon Oasis) - Dubai,DUBAI,Clinic,,"Community Centre, Nad Al Sheba, Dubai Silicon Oasis, Dubai ",0097143925577
Synergy Integrated Medical Center- Dubai,DUBAI,Clinic,AL MANARA,"Al Wasl Road, Umm Suqeim 2, Villa No: 1055, Al Manara, Dubai, UAE.
Dubai",0097143485452
TASHAFI (BR OF ALFUTTAIM HEALTHCARE SINGLE PERSON COMPANY LLC) AL BARSHA - DUBAI,DUBAI,Clinic,AL BARSHA FIRST,"Al Khawaneej St. Al Mizhar, Al Mizhar 1, Dubai",9718002344
THE CHILDRENS MEDICAL CENTRE,DUBAI,Clinic,,"""1064 Al Wasl Road
Umm Suqeim 2
Dubai",97143282149
THE CLINIC BY MEDCARE (BR OF MEDCARE HOSPITAL LLC.) MEADOWS - DUBAI,DUBAI,Clinic,,"MEADOWS VILLAGE, APT NO. 584
AL THANAYAH 4
",97144079100
THE DOCTORS HUB POLYCLINIC LLC (MURAQQABAT) DUBAI,DUBAI,Clinic,AL MURAQQABAT,"OFFICE NO: 108,GREEN CORNER BUILDING,28,AL JAZEIRA STREET,AL MURAQQABAT - 124,DUBAI
",971563845557
THE LAB PHYSIOTHERAPY & REHABILITATION CENTER (MOTOR CITY) DUBAI,DUBAI,Clinic,,"CONTROL TOWER # 504 MOTOR CITY
",97145802304
TOTAL CARE CLINIC (MUHAISANAH SECOND) DUBAI,DUBAI,Clinic,MUHAISANAH SECOND,"Shop 1, Galadari Brothers Accommodation building, MUHAISANAH SECOND
",0045967040
TOTAL CARE CLINIC BR ALFUTTAIM HEALTHCARE SINGLE PERSON COMPANY LLC,DUBAI,Clinic,,"Grand Hypermarket Building , S08-M
",97145967201
TOTAL CARE CLINIC BR.ALFUTTAIM HEALTHCARE SINGLE PERSON COMPANY (AL QUOZ -3)-DUBAI,DUBAI,Clinic,,"Salman Ebrahim Building , AL quoz -3 , Next to Al khail Mall , Behind Enoc Petrol station  , First Floor 101 , 102 , 103 ,104 , 105",97142082127
TRUDOC HEALTH CARE LLC,DUBAI,Clinic,," Office 701, Building 1, Bay Square, Business Bay",97143961415
TRUDOC HEALTHCARE LLC (BUSINESS BAY) DUBAI,DUBAI,Clinic,,"BUSINESS BAY, DUBAI",971561884181
Tajmeel Royal Clinic LLC - Dubai,DUBAI,Clinic,,"Tajmeel Royal Clinic, Near to Metropolitan Hotel, Umm Al Sheif, Sheikh Zayid Rd
",97145091010
The Dental House Center (Al Qusais 2) Dubai,DUBAI,Clinic,,"#203, Al Hilal Bank Building, Al Qusais-2, Dubai",0097142345777
The Modern Medical Consultation Center - Dubai,DUBAI,Clinic,AL MURAQQABAT,"107, 1st Floor, Al Maktoum Street, Al Maktoum Tower, Opposite Samaya Hotel Dubai, UAE P.O. Box 3960

",0097142228772
The Practice Poly Clinic LLC - Dubai,DUBAI,Clinic,,"2205 Westbury Tower, Burj Khalifa Boulevard, Dubai UAE",0097142434733
Toothsmiths Dental Centre - Dubai,DUBAI,Clinic,,"Suite M06, Bin Thani Bldg., Umm Hurair 1, Above NBAD Bank, Near Burjuman Centre, Dubai
",0097143577700
Top Medical Center (Marina) - Dubai,DUBAI,Clinic,AL SAFOUH SECOND,"Grosvenor house building, Marina P.O. Box: 72195
Al Sufouh",0097143958159
Toronto Medical Center (Al Qouz 3) - Dubai,DUBAI,Clinic,,"Al Qouz 3, Near Al Khail Mall Adeem Building Office 101",0097142638093
Ultra Care Medical Group - Dubai,DUBAI,Clinic,,"Al Hudaiba Area  , Yousif Al Otaiba Building ,  305-Al Diyafah Road or 2 ND of December Street  , Plot # 027 , Municipality # 3220165 ,  Makani # 2631792410 , Flat # 311",0097142230033
Unicare Medical Center (Burjuman) - Dubai,DUBAI,Clinic,,"23 North Wing, BurJuman Centre، Sheik Khalifa Bin Zayed Road، Ground Floor Opp. Metro Exit 3 - Dubai

",0097143529292
Unicare Medical Center Br (Mankhool) - Dubai,DUBAI,Clinic,,"172 Mankhool Road, Al Hudaiba, Dubai PO Box: 49527
",0097143980880
Union Medical Centre - Dubai,DUBAI,Clinic,,"PO Box 8703 Karama 
Dubai, UAE",0097143978828
Unique Smile Clinic LLC - Dubai,DUBAI,Clinic,,unit 107 al shafar building 7 al wasal road jumeirah dubai UAE,0097142502471
Uptodate Medicare Centre- Dubai,DUBAI,Clinic,,"P.O. Box: 117476, AL Diyafa Rd., Above Dubai Islamic Bank, Satwa",0097143986608
VENETO CLINIC FZ-LLC,DUBAI,Clinic,,,97145641222
VERSAI CLINIC LLC - DUBAI,DUBAI,Clinic,,"9TH STREET, NAD AL HAMMAR AVENUES 
AMAYA PLAZA, OFFICE NO 4 
",97145487111
VILLANOVA COSMETIC AND SURGICAL CENTER (EX.SHAIKH MAKTOUM BIN HAMDAN DENTAL CENTER)- Dubai,DUBAI,Clinic,,"Jumeirah Terrace Office (110-114)
P.O. Box: 213620, Jumeirah
Dubai",0097143276669
Vcare Polyclinic - Dubai,DUBAI,Clinic,,"Nasmah Tower, Ground Floor, Al Nahda 1, Dubai",0097142654400
Venocare Vascular Surgery Clinic - Dubai,DUBAI,Clinic,,"Terrace Bldg., Office 101, 2nd December St., Jumeirah, Dubai",0097143551166
Vida Clinics (Al Raffa) - Dubai,DUBAI,Clinic,AL RAFFA,"39B, Mezzanine Floor, Al Rais Shopping Center, Rolla Street, Burdubai, Dubai",0097143252525
Vida Clinics Branch (Muhaisnah 2) Dubai,DUBAI,Clinic,MUHAISANAH SECOND,"Al Madina Hypermarket (Mango Market 2) Muhaisnah 2, Shop 8,9,10, Dubai",0097143283333
Vila Fortuny Laser Centre (Jumeirah 3) Dubai,DUBAI,Clinic,,"Villa 728B, Al Wasl Road, Umm Sequim Spinneys, Jumeirah 3, Dubai",0097143943618
Vista Healthcare Clinic- Dubai,DUBAI,Clinic,,"P.O. Box: 112167, 3, Sultan Business Centre ( Adj. to Lamcy Plaza), Oud Metha, Dubai",0097143344223
Vitalite Health And Wellness Center (Mudon Community) Dubai,DUBAI,Clinic,,"Mudon Community Center, Al Qudra Road, Dubai
                   



                                                         ",9715897110
WELLBEING CARE CLINIC (UMM SEQUIM 2) DUBAI,DUBAI,Clinic,," VILLA # 1130, AL WASL ROAD, UMM SEQUIM 2, DUBAI",97143484406
WESTERN MEDICAL CENTER BRANCH LLC (HAMRIYA) BUR DUBAI,DUBAI,Clinic,,"NML B8 JC - 3RD ST 
HAMRIYA- BUR DUBAI
",97143545636
WHITELINE MEDICAL CENTER LLC (MIZHAR 1) DUBAI,DUBAI,Clinic,,"#1 Westzone Mall, Mizhar 1,Dubai
",97142388869
WINDSOR MEDICAL CENTER (AL SAFA 2) DUBAI,DUBAI,Clinic,,"AL WAS ROAD, 36 VILLA, COMPLEX, JUMEIRA, VILLA-24, AL SAFFA 2ND, DUBAI, UAE",97143955540
We Care Medical Center - Dubai,DUBAI,Clinic,,"Hamsah Building, Ground Floor, Ansar Gallery, Khalid Bin Waleed Road, Karama, Dubai",0097142611061
Western Medical Centre ( Jumeirah 1) - Dubai,DUBAI,Clinic,JUMEIRA FIRST,"Villa 267B, Al Wasel Road, Al Bada'a, Jumeirah 1, Dubai, UAE",0097143855655
Westminster Ortho Med Clinic (Block A) Dubai,DUBAI,Clinic,,"203, Block A, Ibn Sina Building 27, Dubai Healthcare City",0097142765606
White Line Dental Clinic (Rigga) - Dubai,DUBAI,Clinic,,"Room 204, 2nd Floor, Green Corner Building, Near Al Ghurair Center and Juice World Al Rigga, Dubai",009714886661
Wooridul Spine Center - Dubai,DUBAI,Clinic,AL SAFA SECOND,"P.O.Box : 126091, Dubai, UAE",0097143046767
Yasmin Shifa Dental Clinic (Damascus St) Dubai,DUBAI,Clinic,,"6th Floor, Al Qusais Plaza, Damascus Street, Dubai, UAE",0097142638393
ZEE DENT POLYCLINIC FZE (SILICON OASIS) DUBAI,DUBAI,Clinic,,"SIT TOWER, SILICON OASIS GATE-1, DUBAI
",97142687456
ZEN LIFE POLYCLINIC CO (AL JADAF) DUBAI,DUBAI,Clinic,,"SHOP 3, EMERALD JADAF METRO BUILDING, DUBAI",97142541800
Zabeel Ladies Club,DUBAI,Clinic,,"ZABEEL LABIES CLUB BUILDING, GROUND FLOOR, NEAR SHAIKH RASHID SREET, ZABEEL 1 AREA, DUBAI",97143820043
Zahrat Al Shefa Medical Centre (Sonapur) Dubai,DUBAI,Clinic,MUHAISANAH SECOND,"Al Ghaith Building, Muhaisnah 2, Sonapur, Dubai",0097148878155
Zia Medical Centre - Dubai,DUBAI,Clinic,UMM SUQEIM FIRST,"1st & 2nd Floor, Jumeirah Beach Road, Umm Suqeim 1, Opp FGB Bank
",0097143387878
Zulekha Medical Center - Dubai ,DUBAI,Clinic,,"P.O.Box 35469_x000D_
Dubai, UAE_x000D_
",0097142613004
ALOKA EYE CLINIC (AL MANKHOOL) DUBAI,DUBAI,Day Surgery Center,,"GF, AL RAFA BUILDING, OPPOSITE TO ASTER HOSPITAL, AL MANKHOOL
",97145466379
AMERICAN SPINE CENTER - DHCC - DUBAI,DUBAI,Day Surgery Center,,"AL RAZI BUILDING, DUBAI HEALTHCARE CITY, DUBAI

",97144541131
Al Moosa Clinics & Day Surgery Center (JUMEIRA FIRST) - Dubai,DUBAI,Day Surgery Center,JUMEIRA FIRST,"Villa 36 5B Street, Al Wasl Road,  Jumeirah 1, Dubai  

",0097143452999
Al Tadawi Medical Centre - Dubai,DUBAI,Day Surgery Center,PORT SAEED,"Al Masood Tower, Airport Road, Port Saeed, Dubai",0097142999626
Armada One Day Surgical Center (JLT)  Dubai,DUBAI,Day Surgery Center,JUMEIRA ISLAND ONE,"Level 19 Armada Tower 2 Jumeirah Lake Towers (JLT), Dubai",0097143990022
Aster Day Surgery Centre (Al Raffa) Dubai,DUBAI,Day Surgery Center,AL RAFFA,"Kuwait Road,Al Mankhool Area - Dubai",0097143766824
BERLIN HEALTH CARE (AL REBAT ST) DUBAI,DUBAI,Day Surgery Center,,"AL REBAT STREET
NADD ALHAMAR
",97143999488
Charme Day Surgery Center (Al Manara) -Dubai,DUBAI,Day Surgery Center,,"VILLA NO 1035, AL WASL ROAD,OPPOSITE TO  UNION COOPERATIVE ",97143808889
Cocoona Day Surgical Center (UMM SUQEIM FIRST) -  Dubai,DUBAI,Day Surgery Center,UMM SUQEIM FIRST,"Villa 894, 15c street, Al Raaji Street, Al Wasl Road, Umm Suqueim1, Dubai",0097143941090
Dr. Joy Dental Clinic Branch (Al Manara)- Dubai,DUBAI,Day Surgery Center,,"Villa No. 1041, Obaid Bin Jarsh Villa, Al Wasl Road, Umm Suquim 2, Al Manara, Jumeirah, Dubai",009743468333
Dr. Moopen Polyclinic (Al Muteena) Dubai,DUBAI,Day Surgery Center,AL MUTEENA,"Al Muteena Street, Al Muteena Bldg Project 1, Dubai",0097142979000
Dr. Rami Hamed Center - Dubai,DUBAI,Day Surgery Center,,"52 Al Biruni Bldg. Dubai Healthcare City
P.O. Box: 212619
 
",0097142798200
Dr. Sulaiman Al Habib Medical Center (Day Surgery) (Al Safa) - Dubai,DUBAI,Day Surgery Center,AL SAFA SECOND,"Plot  357-0709, Ground Floor, Indigo Central 1, Al Safa 2, Sheikh Zayed Road, Dubai",0097145813333
Dubai London Clinic & Speciality Hospital (Branch) (UMM AL SHEIF)- Dubai,DUBAI,Day Surgery Center,UMM AL SHEIF,"Waitrose , Al Thanyah Centre, Ground Floor, Shop 9, Al Thanya St,Umm Al Sheif - Dubai
",0097143782990
Dubai London Clinic & Speciality Hospital Br. (The Villa)  - Dubai,DUBAI,Day Surgery Center,,"The Villa Centro Mall, Ground Floor, Shop No. HC 1, Dubai",0097143782821
Dubai London Clinic Garhoud (Festival Br) - Dubai,DUBAI,Day Surgery Center,,"Festival City Ground Floor - Power Centre - Opp Costa Coffee_x000D_
PO Box 23416",0097143955455
Emirates Hospital Day Surgery and Medical Center (Motor City) Dubai,DUBAI,Day Surgery Center,,"Honsho St., Opp to Dubai Kartdrome, Motor City, Dubai",0097148716900
Emirates Integra Medical and Surgery Centre (DHCC) - Dubai,DUBAI,Day Surgery Center,,"Room 09r6/09r7-Ground Floor, Room 1027-1st Floor, Dubai",0097144343966
Eye Consultants (Oud Metha R.)  Dubai,DUBAI,Day Surgery Center,,"Al Razi Building 64, Block C, 1st Floor, Healthcare City, Oud Metha Road, Dubai UAE - Dubai",0097144211299
Health Bay Day Surgery Center (Umm Suqeim 2) Dubai,DUBAI,Day Surgery Center,,"Villa 977, Al Wasl Road, Umm Suqeim 2, Dubai",0097143487140
Healthhub Br of Alfuttaim Health Care Single Person Company LLC (Dubai Festival City) Dubai,DUBAI,Day Surgery Center,,"Festival City Mall, Next to IKEA, Ground Floor, Dubai Festival City, Dubai",97145967100
Imperial Healthcare Institute - Dubai,DUBAI,Day Surgery Center,,"PO Box: 505133,Dubai Healthcare City
",0097144393737
Kings College Hospital London Medical Centre - Dubai,DUBAI,Day Surgery Center,,"Al Kharbash Building, 2nd Floor, Billqetair street (Former 7B street), Umm Seqeim 1, Dubai",0097143789555
Laser Eye Care and Research Center (Dubai Healthcare City) -Dubai,DUBAI,Day Surgery Center,,"Office No .402, B block ,
 Building No.27,
 Dubai health care city,
 Duabi, UAE",0097143622955
MAWI DAY SURGICAL CENTER (UMM SUQUEIM 1) DUBAI,DUBAI,Day Surgery Center,,"7B Street, UMM SUQUEIM 1, JUMEIRAH 3, DUBAI",97143855566
Medcare Dr Saeed Al Shaikh Gastro And Obesity (Br Of Medcare Hospital LLC) Dubai,DUBAI,Day Surgery Center,,"AL MATLOUB BUILDING, SHOW ROOM 1 2 3, Dubai
SHEIKH ZAYED ROAD, AL SAFA - 1
",97144079100
Medcare Medical Center Al Barsha - Dubai,DUBAI,Day Surgery Center,AL BARSHA FIRST,"1st street, Trio Building, Near Grandiose Stores, Dubai, UAE",0097143255015
Mediclinic Deira Cinic Br of Mediclinic Clinics Investment ,DUBAI,Day Surgery Center,,"City Centre Officer Building, Port Saeed, Adjacent to Pullman Hotel, Dubai, UAE  T 04-6055999",0097142052894
Mediclinic Dubai Mall Medical Centre (Day Surgery) (Downtown) Dubai,DUBAI,Day Surgery Center,,"Level 7, Fashoin Parking, The Dubai Mall, Dubai P.O. Box: 282890
",0097144495111
Medstar Healthcare Llc,DUBAI,Day Surgery Center,,"GROUND FLOOR, GULF TOWERS, OUD METHA",97143577877
New Vision Eye Center  - Dubai,DUBAI,Day Surgery Center,,"P. O. Box: 56737,
Dubai Healthcare City,
Dubai, UAE.
",0097144519595
North American Lasik and Eye Surgery Center- Dubai,DUBAI,Day Surgery Center,,Al Wasl Rd. Dubai,0097143447766
Professor Sakla Spanish Eye Clinic (Umm Al Sheif) Dubai,DUBAI,Day Surgery Center,,McLaren Building - 119 Sheikh Zayed Rd - Dubai,0097143243244
Quironsalud Barcelona Ophthalmological Institute- Dubai,DUBAI,Day Surgery Center,,"Villa 1187, 304 Al Wasl Road, Umm Al Sheif District, Dubai",0097143422228
SHAMMA CLINIC BY NOVOMED LLC,DUBAI,Day Surgery Center,,"10C Street Villa 41, Jumeriah 1, Dubai",0097143498800
ULTRALASIK EYE CENTER FZ LLC - DUBAI,DUBAI,Day Surgery Center,,"Ibn Sina 27
RIYADH ST
",97145572472
United Medical Center  - Dubai,DUBAI,Day Surgery Center,,"P.O. Box: 8119
Oud Metha, Wafi Mall
",0097143708888
Advanced Diagnostic Center - Dubai,DUBAI,Diagnostics,AL MURAQQABAT,"418 Hamarain Shopping Center, Al Muraqabat Abu Bakar Al Siddiq Street, Deira, Dubai",0097143203883
Advanced Radiology Centre - Dubai,DUBAI,Diagnostics,UMM SUQEIM SECOND,"Villa 687 Umm Suqeim 2, Jumeirah Beach Road, Dubai, UAE
Dubai, U.A.E",0097143790902
Airis Imaging and Diagnostic Centre LLC -  Dubai,DUBAI,Diagnostics,,"Al Nahda 1, Opposite NMC Speciality Hospital, Al Shamsi Building, Near Mega Mart Supermarket, Dubai",0097148525916
Al Borg Laboratory - Dubai,DUBAI,Diagnostics,AL MURAQQABAT,"Century Building 21, Abu Baker Al Siddique Road, Next to Hamarain Centre, Al Muraqqabat, Deira, Dubai, Toll Free: 800252674",0097142977780
Al Diyafa Medical Diagnostic Centre - Dubai,DUBAI,Diagnostics,AL BADA'A,"P.O. Box: 24544, Al Diyafa Road, Satwa Above Sedar Showroom Flat # 205, Dubai",0097143457100
Al Etihad Diagnostic Centre- Dubai,DUBAI,Diagnostics,AL SAFA SECOND,"Villa 875, Al Wasl Road, Al Safa 2
Al Manara Junction Umm Sequeim
P.O. Box: 15591, Dubai",0097143952231
Allied Medical Centre - Dubai,DUBAI,Diagnostics,AL SATWA,"2nd December Street, Satwa, Dubai",0097143328111
American Upright MRI (DIP 1) - Dubai,DUBAI,Diagnostics,,"Retail 01, RDK-1, Plot #598-1207, Dubai Investment Park-1,Dubai, UAE",0097148853838
BioSytech Medical Laboratory - Dubai,DUBAI,Diagnostics,,P.O.Box: 49527 Villa 172 Mankhoul Road  Satwa Dubai,0097143988567
Biohealth Diagnostic Center (Al Karama) - Dubai,DUBAI,Diagnostics,,"Um Hurrair Road, Zabeel Building Entrance # 3, Roem 107, Near Karama Post Office, Dubai",0097143885828
Clinical Pathology Services,DUBAI,Diagnostics,,"AL QUOZ INDUSTRIAL AREA # 4, UMM SUQUEIM ROAD",97143883660
Deira City Medical Diagnostic Centre - Dubai,DUBAI,Diagnostics,,"M-05/06, Al Reem Towers|  Al Maktoum Road, Rigga Al Buteen | Deira-  Dubai P.O. Box: 43536
",0097142723555
Doctors Clinic & Diagnostic Centre - Dubai ,DUBAI,Diagnostics,,"03r1-03r3, Grnd Flr, Block A, Al Razi Bldg. 64 P.O. Box: 505009, DHCC, Dubai",0097144579111
Eastern Clinical Laboratories - Dubai,DUBAI,Diagnostics,,"Elite Business Center, 105 First Floor, Opp. Lulu Hypermarket,
Al Barsha 1",0097143255730
Emirates Specialized laboratory - Dubai,DUBAI,Diagnostics,,"Al Wasal, Jumeirah, Dubai",0097143486645
Eurofins Biomnis Middle East (Al Wasl Rd) Dubai,DUBAI,Diagnostics,,"VILLA NUMBER- 5-10 V, SHAIKH ALMUR BIN MAKTOUM JUMA AL MAKTOUM COMPLEX, AL BADAA, AL WASL ROAD  ",97145149449
Freiburg Medical Laboratory Middle East - Dubai,DUBAI,Diagnostics,,"204,205,206,208-Al Kilaf Commercial Bldg#47, Sh. Khalifa Bin Zayed Road, Dubai

",0097143962227
Global Hawk Imaging and Diagnostics - Dubai,DUBAI,Diagnostics,,"Shop # 2,Al Shaya Building,Al Ittihad Road,Port Saeed, Deira - Dubai",0097142364477
Ideal Diagnostic Centre - Dubai,DUBAI,Diagnostics,,"OFFICE 103, KHALID AL ATTAR BUILDING, ABOVE MAX SHOWROOM/ORANGE SUPERMARKET, OPP. BURJUMAN CENTRE",0097143979255
MEDIC Medical Diagnostic & Imaging Centre Polycli,DUBAI,Diagnostics,,"MEDIC Polyclinic
P.O.Box 6619
Dubai- UAE
Medic Bldg. Khalid Bin walid St, 
Mezzanine Floor.",0097143554111
MEDSOL - Al Abbar Laboratories for Research & Medical Analy,DUBAI,Diagnostics,MANKHOOL,"Khalid Bin Al Waleed Road, United Bank Building, 508",0097143592641
MEDSOL - Dubai Medical Laboratory - Dubai,DUBAI,Diagnostics,,"Level2, Rigga Business Center, Rigga, Dubai, U.A.E Tel: +971 4 2309201
",0097142309200
MEDSOL - Histopathology & Specialty Laboratory (Rigga) Dubai,DUBAI,Diagnostics,,"Level2, Rigga Business Center, Rigga, Dubai, U.A.E",97142309275
Medinova Diagnostic Center - Dubai,DUBAI,Diagnostics,,"Medinova Diagnostic Center
P.O.Box 8703
Dubai, UAE",0097143936396
Mega Scan Centre - Dubai,DUBAI,Diagnostics,,"Atrium Centre, Khaled Bin Al Waleed Street, Bur Dubai, Dubai",0097143585888
Minerva Diagnostic Laboratory (Karama) Dubai,DUBAI,Diagnostics,AL KARAMA,"M-13, Umm Hurair Building, Al Zabeel Road, Karama, Dubai, UAE",97143343727
Optimum Diagnostic Clinic (Jumeira Lakes Tower) Dubai,DUBAI,Diagnostics,,"Jumeirah Lake Tower, cluster X, X3 Tower, 8th Floor, Flat 806 & 807, Dubai",0097143605222
PH Diagnostics - Dubai,DUBAI,Diagnostics,,"Al Abbas Building - 1, First Floor, Khalid Bin Al Waleed Street, Bank St. Burdubai, Dubai",0097143543350
PREMIER DIAGNOSTIC CENTER - SALH ELDIN,DUBAI,Diagnostics,,"AL MUTEENA BUILDING, GROUND FLOOR, SALAHUDDIN STREET, Deira

",0097142208899
Proficiency Healthcare Diagnostic Laboratories - Dubai,DUBAI,Diagnostics,,"410, Yes Business Centre Building, Al Barsha 1, Dubai",0097142776162
Resonance Imaging and Diagnostic Center (Umm Suqeim 2) Dubai,DUBAI,Diagnostics,,"VILLA NO. 1204, AL WASL, DUBAI",97142295550
Star Metropolis Clinical Laboratories & Health Services Middle East - Dubai,DUBAI,Diagnostics,,"802 - 803, Al Musalla Tower, 8th Floor, Bur, Dubai, UAE
",0097143231647
UNILABS MIDDLE EAST (JUMEIRAH) DUBAI,DUBAI,Diagnostics,,"111, Block B, Al Hudaiba Awards Buildings, Jumeirah - Dubai, UAE",97143586606
York Diagnostic Laboratories JLT - Dubai,DUBAI,Diagnostics,,"P.O. Box: 282482
Jumeira Lakes Tower",0097144327470
AL TADAWI SPECIALTY HOSPITAL LLC (AL GARHOUD) DUBAI,DUBAI,Hospital,,"AL TADAWI HOSPITAL BUILDING, UM RAMOOL ROAD, NEAR RTA HQ, AL GARHOUD, DUBAI PO BOX 13079",97142309999
Adam Vital Ortus Hospital (Al Garhoud) Dubai,DUBAI,Hospital,AL GARHOUD,"Al Waleed Building, 10th Street, Near GGICO, Metro Station Al Garhoud, Dubai",0097142068999
Al Garhoud Private Hospital (Al Garhoud) - Dubai,DUBAI,Hospital,AL GARHOUD,"Al Garhoud, behind Millenium Hotel - Dubai",0097144545000
Al Jalila Children's Speciality Hospital (Oud Metha) Dubai,DUBAI,Hospital,AL JADAF,"Oud Metha Al Jaddaf, Dubai",0097142811001
Al Zahra Pvt Hospital (AL BARSHA FIRST) - Dubai,DUBAI,Hospital,AL BARSHA FIRST,"Al Barsha, near to Sharaf DG Metro Station, Sheikh Zayed Road, Dubai
",0097143786666
American Academy Of Cosmetic Surgery Hospital,DUBAI,Hospital,,"BUILDING 73, DISTRICT 1 ",97144237600
American Hospital - Dubai,DUBAI,Hospital,OUD METHA,"19th Street, Oud Metha, Dubai
",971043367777
Aster Hospital (Al Qusais) - Dubai,DUBAI,Hospital,AL QUSAIS SECOND,"9 A Street, Al Qusais Industrial Area 2,Al Qusais, Dubai",0097144400500
Aster Hospital (Al Raffa) - Dubai,DUBAI,Hospital,AL RAFFA,"Kuwait Street, Mankhool, Next to Sharaf DG, Bur Dubai, DXB, P.O Box: 8703",0097144400500
Aster Hospital Sonapur (Muhaisnah 2) Dubai,DUBAI,Hospital,,"ASTER HOSPITAL, SONAPUR, ALGERIA STREET, MUHAISNAH 2, DUBAI",97144400500
BARRAQUER EYE HOSPITAL (AL JADAF) DUBAI,DUBAI,Hospital,,"DUBAI HEALTHCARE CITY - PHASE II, AL JADAF, DUBAI, UAE",97145739999
Belhoul European Hospital (AL BADA'A) - Dubai,DUBAI,Hospital,AL BADA'A,"Dune Center Buiding, 8 A Street, 2nd December Street, Al Satwa، Near Jumeirah Rotana, P.O.Box: 4674, Dubai",0097143454000
Burjeel Hospital for Advanced Surgery  (AL QUOZ ) Dubai,DUBAI,Hospital,AL QOUZ FIRST,"Al Quoz Industrial First, Sheikh Zayed Road, Dubai",0097142700407
CLEMENCEAU MEDICAL CENTER FZ-LLC,DUBAI,Hospital,,"PLOT 22, DUBAI HEALTHCARE CITY PHASE 2, NEAR MARRIOT RESIDENCE,AL JADAF",97142481111
Canadian Specialist Hospital (HOR AL ANZ ) Dubai,DUBAI,Hospital,HOR AL ANZ EAST,"Behind Ministry of Environment and Water - Abu Hail Rd. - Deira - Dubai, P. O. Box: 15881",0097147072222
Cedars - Jebel Ali International Hospital (MENA JABAL ALI)- Dubai ,DUBAI,Hospital,MENA JABAL ALI,"Street No.2, Jebel Ali Freezone, Dubai,P.O.Box 17666",0097148814000
Cosmesurge Plastic Surgery Hospital and Clinics LLC - Dubai,DUBAI,Hospital,,"UM-SUQUIM SECOND, BEACH ROAD, DUBAI",97145200444
DHA - Dubai  Hospital,DUBAI,Hospital,AL BARAHA,04-2714444,0097142195000
DHA - Hatta Hospital,DUBAI,Hospital,,"04-2197000
",00971448147000
DHA - Latifa Hospital,DUBAI,Hospital,,"Oud Metha Road, Al Jadaf, Dubai 

",0097142193000
DHA - Rashid Hospital - Dubai,DUBAI,Hospital,,"Oud Metha Area - Dubai  Tel: 04-2192000 04-5024455; 04-2195000, 04-2714444; 04-3371111
",0009742191000
DUBAI LONDON HOSPITAL LLC (UMM SUQEIM SECOND) DUBAI,DUBAI,Hospital,,"UMM SUQEIM SECOND, DUBAI",97143782999
Dr. Sulaiman Al Habib Hospital (Dubai Healthcare City) - Dubai,DUBAI,Hospital,UMM HURAIR SECOND,Building 57 - Dubai Healthcare City - Umm Hurair 2 - Dubai,0097144297777
Dubai London Clinic & Speciality Hospital - Dubai,DUBAI,Hospital,UMM SUQEIM SECOND,"P.O.Box 12119
Dubai
United Arab Emirates",0097143782999
Dubai Medical University Hospital - Dubai,DUBAI,Hospital,MUHAISNAH FIRST,"DUBAI MEDICAL UNIVERSITY HOSPITAL BUILDING
MUHAISNAH 1,STREET 33
Dubai",97142120055
Emirates Hospital (Jumeirah 2) Dubai,DUBAI,Hospital,JUMEIRA SECOND,"Opposite Jumeirah Beach Park, Jumeirah Beach Street, Jumeirah, Dubai, PO. Box 73663",0097145200500
Emirates Specialty Hospital (Dubai Healthcare City) Dubai,DUBAI,Hospital,,Building 62 Dubai Healthcare City - Oud Metha Rd - Dubai,009712484500
Fakeeh University Hospital - Dubai,DUBAI,Hospital,,"Dubai Silicon Oasis, Dubai, UAE  ",97144144626
Gargash Hospital (Umm Suqeim) Dubai,DUBAI,Hospital,,"Umm Suqeim, Umm Al Sheif, Dubai",0097147030000
International Modern Hospital (Al Raffa) Dubai,DUBAI,Hospital,AL RAFFA,Port Rashid Road Al Mankhool Area - Dubai,0097144063000
Iranian Hospital (AL BADA'A)  Dubai,DUBAI,Hospital,AL BADA'A,"Al Wasl Road, Iranian Hospital Building, Dubai",0097144046574
Kings College Hospital London (Dubai Hills) Dubai,DUBAI,Hospital,,"Marabea Street, Dubai Hills Estate, Dubai",0097145199999
MIRDIF PRIVATE HOSPITAL LLC (AL MIZHAR) DUBAI,DUBAI,Hospital,,"BESIDE MODERN EDUCATION SCHOOL, AL MIZHAR, DUBAI",97145889210
Magrabi Eye Hospital (Dubai Healthcare City) Dubai,DUBAI,Hospital,UMM HURAIR SECOND,"Dubai Healthcare City, Al Razi Bldg. #64, Blk E, 2nd Flr. #2038",0097144370606
Medcare Eye Center (Al Safa 1) Dubai,DUBAI,Hospital,AL SAFA FIRST,"Mathloob Buidling, Block F, First Floor, Shk Zayed Road, Dubai  ",0097143807333
Medcare Hospital (Al Safa 1) Dubai,DUBAI,Hospital,AL SAFA FIRST,"Hadiqa Street, Al safa,Near Al Safa Park - Dubai",0097144079135
Medcare Orthopaedics & Spine Hospital (Al Safa) Dubai,DUBAI,Hospital,AL SAFA FIRST,"22 A street, From Sheikh Zayed Road, 2nd Interchange - Dubai",0097143768400
Medcare Women & Child Hospital (Al Safa 2) Dubai,DUBAI,Hospital,AL SAFA SECOND,"Beside Manara Services Centre، Sheikh Zayed Road, Dubai, alternate tel no: 04-4079220/04-3010758",0097143010888
Medeor 24X7 Hospital (Umm Hurair 1) Dubai,DUBAI,Hospital,UMM HURAIR FIRST,"Consulates Area, Sheikh Khalifa Bin Zayed Road, Bur Dubai - Dubai",0097143500600
Mediclinic City Hospital (Dubai Healthcare City) - Dubai,DUBAI,Hospital,UMM HURAIR SECOND,Building 35 Dubai Healthcare City - Dubai,0097144359999
Mediclinic Parkview Hospital (Al Barsha South) Dubai,DUBAI,Hospital,,"Umm Suqeim St - Dubai, Al Barsha South Third Dubai ",0097144168851
Mediclinic Welcare Hospital (Al Garhoud)  Dubai,DUBAI,Hospital,AL GARHOUD,"Behind Grand Stores, Sheikh Rashid Rd. - Dubai",0097142827788
Moorfields Eye Hospital (Dubai Healthcare City) Dubai,DUBAI,Hospital,,"Dubai Healtcare City, Dist. 1, Al Razi Bldg. 64, Block E, Floor 3 ",0097144297888
NMC HOSPITAL (BR OF NMC ROYAL HOSPITAL LLC) DIP - DUBAI,DUBAI,Hospital,,"PLOT NO 598-639, IN FRONT OF GREEN COMMUNITY, AL ZAROUNI BUILDING, DIP 1, DUBAI, UAE",97148019129
NMC Royal Hospital (DIP 1) Dubai,DUBAI,Hospital,DUBAI INVESTMENT PARK FIRST,"Plot no # 598/122,Dubai Investments Park 1,Behind Falcon house - Dubai",0097148108800
NMC Specialty Hospital (Al Nahda 2) Dubai,DUBAI,Hospital,AL NAHDA SECOND,Next to Bait AL Khair Building - 7 A St - Amman St - Dubai,0097142679999
Neuro Spinal Hospital (Al Barsha) Dubai,DUBAI,Hospital,,"Dubai Science Park - Umm Suqeim St  Al Barsha South, Dubai",0097143420000
Novomed Specialized Surgical Hospital (Umm Suqeim 3) Dubai,DUBAI,Hospital,UMM SUQEIM THIRD,"26th Street, Opposite to King's School - Al Wasl Rd - Dubai",0097145542121
Prime Hospital (Al Garhoud)  Dubai,DUBAI,Hospital,AL GARHOUD,"Airport Road, Al Garhoud, Next to Le Meridian Hotel - Dubai",0097142929777
Saudi German Hospital (AL BARSHA 3) Dubai,DUBAI,Hospital,AL BARSHA THIRD,"Hessa Street 331 West, Al Barsha 3, Exit 36 Sheikh Zayed Road, Opposite of American School - Dubai",0097143890000
Thumbay Hospital (Al Qusais 1) Dubai,DUBAI,Hospital,AL QUSAIS FIRST,"13th Street, Near Stadium Metro Station, Behind Lulu Hypermarket, Al Qusais - Dubai, P.O. Box: 3917",0097146030555
Valiant Healthcare (City Walk) Dubai,DUBAI,Hospital,,"13th St. City Walk, Dubai",0097143872222
Zulekha Hospital (Al Nahda 2) Dubai ,DUBAI,Hospital,AL NAHDA SECOND,"Al Doha St - Dubai, P.O.Box 4857",0097142678866
AL BARAKAT INTERNATIONAL UNITED GROUP(AL QUSAIS)  DUBAI,DUBAI,Optical Center,,"MADINA MALL,17-1 FIRST FLOOR, AL MUHAISNAH 4 ",97142568322
AL JABER OPTICAL CENTRE LLC - DUBAI FESTIVAL CITY 2,DUBAI,Optical Center,,"Unit No. SC108, Groud Floor
FESTIVAL CITY WATERFRONT
",97143510016
AL JABER OPTICAL CENTRE LLC - KHAWANEEJ - DUBAI,DUBAI,Optical Center,,Al Khawaneej Walk - Al Khawaneej - Al Khawaneej 1 - Dubai,97145220236
AL JABER OPTICAL CENTRE LLC - MEAISEM CITY CENTRE - DUBAI,DUBAI,Optical Center,,"MEAISEM CITY CENTRE, DUBAI
",91745220236
AL YATEEM OPTICIAN -FZE (DSO) DUBAI,DUBAI,Optical Center,,"Silicon central,Dubai silicon Oasis
",97142833862
AVANTI WORLDS FINEST EYEWEAR BR OF EXCEL ENTERPRISES LLC- MOE-DUBAI,DUBAI,Optical Center,,"J032B, FIRST FLOOR, NEAR HUGO BOSS, MALL OF THE EMIRATES, DUBAI
",97143798177
AVANTI WORLDS FINEST EYEWEAR BR OF EXCEL ENTERPRISES LLC-DCC-DUBAI,DUBAI,Optical Center,,"M-044C, 1ST FLOOR, NEXT TO OMEGA, MAIN ENTRANCE, DEIRA CITY CENTRE, DUBAI
",97142360203
AVANTI WORLDS FINEST EYEWEAR BR OF EXCEL ENTERPRISES LLC-Dubai Mall-DUBAI,DUBAI,Optical Center,,"2ND FLOOR, OPPOSITE MONTEGRAPPA, NEW FASHION AVENUE, NEW FASHION AVENUE P7/P8, THE DUBAI MALL 
",97142381674
AVANTI WORLDS FINEST EYEWEAR BR OF EXCEL ENTERPRISES LLC-MCC-DUBAI,DUBAI,Optical Center,,"GROUND FLOOR, OPPOSITE ADIDAS, MALL MAIN ENTRANCE B, DUBAI, DUBAI
",97142593025
Al Jaber Optical Centre Branch City Walk,DUBAI,Optical Center,,"CITY WALK BUILDING, GROUND FLOOR, UNIT # 51, AL SAFA ROAD, AL WASL AREA, DUBAI, UAE",97143448633
Al Jaber Optical Centre LLC (Nakheel Mall) Dubai,DUBAI,Optical Center,,"WAFI CITY MALL, FLOOR # 1, NEW EXTENSION, WAFI CITY MALL",97143279788
Al Jaber Optical Centre LLC(Arabian Center),DUBAI,Optical Center,,"Shop No. 1624, Ground Floor, Arabian Center",0097142845051
Al Jaber Optical Centre LLC(Aswaaq - Mizhar),DUBAI,Optical Center,,"Shop No. 16, Ground Floor
Aswaaq Mizhar",0097122845054
Al Jaber Optical Centre LLC(Bin Sougat),DUBAI,Optical Center,,"GE-01,Ground Floor at Spinneys
Bin Sougat",0097142861180
Al Jaber Optical Centre LLC(Deira City Centre),DUBAI,Optical Center,,"Unit No. B68, Second Floor
Deira City Centre",0097142954400
Al Jaber Optical Centre LLC(Dubai Mall),DUBAI,Optical Center,,"Unit No. LG 099-1, Lower Ground Floor
Dubai Mall",0097143398100
Al Jaber Optical Centre LLC(Jumeirah Twn Cent),DUBAI,Optical Center,,"Shop No. 15, Ground Floor
Jumairah Town Center",0097143429933
Al Jaber Optical Centre LLC(Mall Of Emirates)-,DUBAI,Optical Center,,"Unit No. D-17, Ground Floor
Mall Of Emirates",0097143411322
Al Jaber Optical Centre LLC(Mirdif City Cntre),DUBAI,Optical Center,,"Shop No. F-050, First Floor
Mirdif City Centre",0097142843771
Al Jaber Optical Centre LLC(Sheikh Zayed 1),DUBAI,Optical Center,,"Ground Floor, Khalid Al Attar Tower, Sheikh Zayed Road
Sheikh Zayed 1",0097143311955
Al Jaber Optical Centre Llc -Br,DUBAI,Optical Center,,"SADAF 4, GROUND FLOOR, JUMEIRAH BEACH RESIDENCE, AFTER MOVEN PICK HOTEL, JUMEIRAH BEACH RESIDENCE, DUBAI",97144342727
Al Jaber Optical Centre Llc Branch,DUBAI,Optical Center,,"UNIT NO 14, GROUND FLOOR, GALLERIA MALL  ",97143417898
Al Jaber Optical Centre Llc New Springs Village Br,DUBAI,Optical Center,,"SHOP NO. NSPV- GF 04, GROUND FLOOR, SPRING VILLAGE  ",97144250668
Al Jaber Optical Centre Llc-Al Mizhar,DUBAI,Optical Center,,"ASWAQ AL MIZHAR, GROUND FLOOR, AL MIZHAR, DUBAI",97142845054
Al Jaber Optical Centre Llc-Dubai Marina Mall,DUBAI,Optical Center,,"DUBAI MARINA MALL, FLOOR # 1, UNIT # FF050, DUBAI MARINA MALL, DUBAI",97143997733
Al Jaber Optical Centre Llc-Dubai Outlet Mall,DUBAI,Optical Center,,"DUBAI OUTLET MALL, GROUND FLOOR, SHOP # 110A, DUBAI OUTLET MALL, DUBAI",97144255828
Al Jaber Optical Centre Llc-Greens Centre 2,DUBAI,Optical Center,,"E-OPTICS, R7, THE GREENS CENTRE 2, SHEIKH ZAYED ROAD, DUBAI",97143639494
Al Jaber Optical Centre Llc-Ibn Battuta Mall,DUBAI,Optical Center,,"IBN BATTUTA MALL, TUNISIA COURT, SHOP # 55, IBN BATTUTA MALL, DUBAI",97143369806
Aster Optics (Bur) Dubai,DUBAI,Optical Center,,"BAIT AL WALEED BUILDING, GROUND FLOOR, KHALID BIN WALEED ROAD, NEAR TO AL FAHIDI METRO STATION, BUR DUBAI",97143512447
Aster Optics 3 (Br of Aster Opticals LLC) Al Karama - Dubai,DUBAI,Optical Center,,"Al Karama, Dubai",97144086579
Aster Optics 4 (Br of Aster Opticals LLC) Al Qusais 1 - Dubai,DUBAI,Optical Center,,"Al Qusais 1, Dubai",97144086579
Aster Optics 5 (Br of Aster Opticals LLC) Al Safa 1 - Dubai ,DUBAI,Optical Center,,"Al Safa 1, Dubai",97144086579
Aster Optics 6 (Br of Aster Opticals LLC) Jebel Ali 1,DUBAI,Optical Center,,"Jebel Ali 1, Dubai",97144086579
BARAKAT OPTICAL BR(AL AIN DUBAI ROAD) DUBAI,DUBAI,Optical Center,,"DUBAI OUTLET MALL,OPPOSITE NIKE SPORTS SHOP,F48 FIRST FLOOR ",97144259816
BARAKAT OPTICAL BR(AL BARSHA SOUTH) DUBAI,DUBAI,Optical Center,AL BARSHA SOUTH FIRST,"UNIONCOOP SOUTHMALL, AL BARSHA SOUTH DUBAI",97142636712
BARAKAT OPTICAL BR(AL WOROOD 1 ST) DUBAI,DUBAI,Optical Center,,"JUMEIRAH PARK PAVILION,OPPOSITE MASAKIN AL FURJAN ",97145531416
BARAKAT OPTICAL BR(DUBAI FESTIVAL CITY) DUBAI,DUBAI,Optical Center,,"DUBAI FESTIVAL CITYBUILDING ,AT008, GROUND FLOOR,NBD AND SUPER CARE PHARMACY ",97142325650
BARAKAT OPTICAL BR(DUBAI SILICON OASIS) DUBAI,DUBAI,Optical Center,,"18A CEDRE SHOPPING CENTER, EMIRATES ROAD,SPINNEY'S ",97143268111
BARAKAT OPTICAL BR(JUMEIRAH 1) DUBAI,DUBAI,Optical Center,JUMEIRA FIRST,"JUMEIRAH PLAZA BULIDING , GROUND FLOOR,FLAG HOUSE AND SPINNEY'S ",9714349945
BARAKAT OPTICAL BR(MIRDIFF) DUBAI,DUBAI,Optical Center,MIRDIF,"UPTOWN MIRDIFF BUILDING, FLAT # 14 ",97142888430
BARAKAT OPTICAL(UMM SUQEIM 1) DUBAI,DUBAI,Optical Center,UMM SUQEIM FIRST,"Villa 604 UMM SUQEIM 1
",97143954006
DUBAI OPTICAL BRANCH (UMM SEQUEM FIRST) DUBAI,DUBAI,Optical Center,UMM SUQEIM FIRST,"GF329, DUBAI HILLS MALL NEAR P1-L STORM COASTER ENTRANCE UM SUQEIM FIRST
",97143254954
DUBAI OPTICAL FUJAIRAH,DUBAI,Optical Center,,"G046 GROUND FLOOR, FUJAIRAH CITY CENTRE, FUJAIRAH	FUJAIRAH
",97192236222
Dubai Opticals,DUBAI,Optical Center,,"1ST FLOOR, IN FRONT OF G2000 SHOP, DUBAI FESTIVAL CITY",97142325692
Eyezone Br Of Excel Enterprises L.L.C,DUBAI,Optical Center,,"G52, GROUND FLOOR, OUTLET MALL, DUBAI  ",97143617970
Grand Optics (Al Attar Tower) - Dubai,DUBAI,Optical Center,,"Unit E19, Ground Floor, Deira City Centre, Dubai",97042954699
Grand Optics (BR. Mirdif City Centre),DUBAI,Optical Center,,"Mirdif City Centre, Dubai",0097142840056
Grand Optics (Jumeirah 3) Dubai,DUBAI,Optical Center,,"Jumeirah 3, Dubai",97144086579
Grand Optics - Br1 (Jumeirah Beach Residence),DUBAI,Optical Center,,"Jumeirah Beach Residence, Dubai",0097144233809
Grand Optics - Mall of Emirates,DUBAI,Optical Center,,Mall Of Emirates Dubai,0097143410350
Grand Optics BR -  Motor City,DUBAI,Optical Center,,"Uptown Motor City, Dubai",0097144279833
Grand Optics Dubai Mall,DUBAI,Optical Center,,"The Dubai Mall, Dubai",0097143398776
Grand Optics- Arabian Raches,DUBAI,Optical Center,,"Wadi Al Safa, Arabian Ranches, Dubai",971043619420
I SEA BR OF AL JABER OTPICAL CENTRE LLC - CIRCLE MALL - DUBAI,DUBAI,Optical Center,,"CIRCLE MALL, DUBAI
",97145220236
I SEE BR OF AL JABER OPTICAL - FESTIVAL CITY BRANCH - DUBAI,DUBAI,Optical Center,,"UNIT NO. RC012
RAS AL KHOR
",0917556002230
LIFE OPTICAL 1 (JUMEIRAH) DUBAI,DUBAI,Optical Center,,"AL WASL ROAD, JUMEIRAH, UPTOWN MIRDIFF, DUBAI
",97145610000
LIFE OPTICAL 2 (BR. OF  LIFE OPTICAL LLC) (AL WASL) DUBAI,DUBAI,Optical Center,,"NEXT TO WELCARE CLINIC, NEAR  SPINNEYS, UPTOWN MIRDIFF, AL WASL, DUBAI",97145610000
LIFE OPTICAL LLC (AL WARQA) DUBAI,DUBAI,Optical Center,,"RAJA AND SISTER BUILDING
AL WARQA
",97145610000
LIFE OPTICAL LLC BRANCH (JVC) DUBAI,DUBAI,Optical Center,,"CIRCLE MALL DUBAI
JVC
",97145610000
MAGRABI OPTICAL CO-LLC - DUBAI HILLS,DUBAI,Optical Center,,"Unit 156, First Floor, Dubai Hills Mall, Barsha, Dubai",97126816961
MAGRABI OPTICAL COMPANY LLC (SPRINGS SOUK) DUBAI,DUBAI,Optical Center,,"AL AFNAN ST, UNIT 156, FIRST FLOOR, SPRING SOUQ MALL, DUBAI
",97142329866
MOORFIELDS EYE HOSPITAL OPTICAL CENTER-DUBAI,DUBAI,Optical Center,,"Al Razi Building 64,Floor 3,Dubai Health Care City
",97144297853
Magrabi Optical  -  Dubai Mall BR,DUBAI,Optical Center,,"Dubai Mall
GF197",0097143398984
Magrabi Optical  - Arabian Center BR,DUBAI,Optical Center,,"Arabian Plaza , 
GF-1622",0097142845530
Magrabi Optical  - Dubai Marina Mall Br,DUBAI,Optical Center,,"Shp #GF 006,
Dubai Marina Mall",0097143997570
Magrabi Optical  - Ibn Battuta Mall Br,DUBAI,Optical Center,,"China Court UNit 147A
Ibn Battutal Mall",0097143685683
Magrabi Optical  - Mall of the Emirates,DUBAI,Optical Center,,"Unit E-09
Frist Level, Mall of the Emirates
Dubai",0097143410445
Magrabi Optical - Jumeria Village Cent,DUBAI,Optical Center,,"Shop 1, Jumeira Dubai",0097143499984
Magrabi Optical - Mirdiff City Center ,DUBAI,Optical Center,,"Shop #D019
Mirdiff City Centre",0097142843246
Magrabi Optical -Dubai Festival Center ,DUBAI,Optical Center,,"Dubai Festival City
UnitSC201",0097142329866
Maybach Boutique,DUBAI,Optical Center,,"Dubai Mall
",97143495401
Nau Optical Br Of Magrabi Optical Co Llc,DUBAI,Optical Center,,TDM-LG-146-3 DUBAI MALL/BURJ KHALIFA ,97143253003
OPTI VISION GLASSES TRADING LLC BRANCH (DUBAI FESTIVAL) DUBAI,DUBAI,Optical Center,,"SU216, FIRST FLOOR, DUBAI FESTIVAL PLAZA JABEL ALI VILLAGE
",97145774741
OPTI VISION GLASSES TRADING LLC BRANCH (DUBAI OUTLET) DUBAI,DUBAI,Optical Center,,"F119, FIRST FLOOR NEAR FOOD COURT, DUBAI OUTLET MALL	AL AIN ROAD
",97142416165
Occhiali Optics (Mall of Emirates) Dubai,DUBAI,Optical Center,,"Ground Floor Unit # D28B, Mall of Emirates, Dubai",0097143414020
Occhiali Optics (Mirdif City Center) Dubai,DUBAI,Optical Center,,"1st Floor, Mirdif City Center, Sheikh Mohammed Bin Zayed Road, Dubai",0097142845905
Occhiali Vision International (Al Ghurair City) Dubai,DUBAI,Optical Center,AL MURAQQABAT,"Unit # GD40B, Al Ghurair City Bldg. Dubai",0097143445020
Occhiali Vision International (Burjuman Center) Dubai,DUBAI,Optical Center,,"BJC/GF/0009B, Burjuman Center, Dubai",0097143200686
Occhiali Vision International (Dubai Mall) ,DUBAI,Optical Center,,"SF 164, The Dubai Mall, Dubai",0097144341303
Opti Vision-City Centre,DUBAI,Optical Center,,"UNIT D7, LOWER GROUND, NEAR JACKY'S ELECTRONICS",97142941004
Opti Vision-Mall Of The Emirates,DUBAI,Optical Center,,"UNIT B21, GROUND FLOOR, IN FRONT OF CARREFOUR",97143414090
Optifashion (Dubai Mall) Dubai,DUBAI,Optical Center,,"G013, DUBAI MALL, FINANCIAL CENTER STREET, BURJ KHALIFA, DUBAI",97144224583
Optifashion (Mirdif City Center) Dubai,DUBAI,Optical Center,,"F029, MIRDIF CITY CENTER, SHEIKH MOHAMMED BIN ZAYED RD, DUBAI",97143376500
Optx Twenty Twenty-Al Barsha,DUBAI,Optical Center,,"MALL OF THE EMIRATES, SHOP NO. B11b, GROUND FLOOR, AL BARSHA, DUBAI",97143850509
Optx Twenty Twenty-Deira,DUBAI,Optical Center,,"DEIRA CITY CENTRE MALL, SHOP NO. E08B, LOWER GROUND FLOOR,, DEIRA, DUBAI",97142502277
RIVOLI EYE ZONE BR OF EXCEL ENTERPRISES (DUBAI HILLS) DUBAI,DUBAI,Optical Center,,"FF295, FIRST FLOOR, NEAR MONTBLANC, ENTRANCE 2, AL KHAIL ROAD, DUBAI",97148926943
RIVOLI EYE ZONE BR OF EXCEL ENTERPRISES LLC AL GHURAIR-DUBAI,DUBAI,Optical Center,,"GB21, GROUND FLOOR, NEAR TO THE ATRIUM, GROUND FLOOR, AL GHURAIR MALL, DEIRA, DUBAI
 ",97142561023
RIVOLI EYE ZONE BR OF EXCEL ENTERPRISES LLC MERCATO-DUBAI,DUBAI,Optical Center,,"SHOP NO.08, FIRST FLOOR, VIRGIN MEGASTORE, MERCATO MALL, DUBAI
",97143427639
RIVOLI EYE ZONE BR OF EXCEL ENTERPRISES LLC NAKHEEL MALL-DUBAI,DUBAI,Optical Center,,"NKM-F-059A, FIRST FLOOR, NEAR SEPHORA, NAKHEEL MALL, PALM JUMEIRAH, DUBAI
",97143452312
RIVOLI EYE ZONE BR OF EXCEL ENTERPRISES LLC- DFP-DUBAI,DUBAI,Optical Center,,"SU116, GROUND FLOOR, NEAR IKEA, FESTIVAL PLAZA, DUBAI
",97148816336
RIVOLI EYE ZONE BR OF EXCEL ENTERPRISES LLC- MOE II-DUBAI,DUBAI,Optical Center,,"J-16, FIRST FLOOR, OPPOSITE MARKS & SPENSERS, MALL OF THE EMIRATES, DUBAI
",97143260569
RIVOLI EYE ZONE BR OF EXCEL ENTERPRISES LLC- Waitrose-DUBAI,DUBAI,Optical Center,,"R04 ,GROUND FLOOR ,OPPOSITE WAITROSE  ,MAIN ENTRANCE ,MAIN PARKING ,WAITROSE MOTORCITY
",97143380084
RIVOLI EYEZONE BR OF EXCEL ENTERPRISES LLC- TDM FF-DUBAI,DUBAI,Optical Center,,"1ST FLOOR, FF135, OPPOSITE LA SENZA, FASHION AVENUE, THE DUBAI MALL
",97143200257
Rivoli Br Of Rivoli Enterprises L.L.C Dubai Marina,DUBAI,Optical Center,,"GF-009, GROUND FLOOR, MARINA MALL, DUBAI  ",97143792218
Rivoli Eye Zone (ARABIAN CENTRE) - Dubai,DUBAI,Optical Center,,"1821, GROUND FLOOR, ARABIAN CENTRE, DUBAI  ",97142322039
Rivoli Eyezone - Burjuman,DUBAI,Optical Center,,"Shop No – L1 – 0008A Burjuman Centre , Dubai
",0097143516788
Rivoli Eyezone - Dubai Festival City,DUBAI,Optical Center,RAS AL KHOR,"Dubai Festival City, Al Kheeran, Ras Al Khor, Dubai
",0097142326670
Rivoli Eyezone - Dubai Mall,DUBAI,Optical Center,,"Unit SF 204, next to Reel Cinema, Dubai
",0097143253182
Rivoli Eyezone - Dubai Mall Dubai,DUBAI,Optical Center,,"LOWER GROUND FLOOR, TDM-LG-188, THE DUBAI MALL, DOWNTOWN  ",97143253343
Rivoli Eyezone - Mirdif City Centre,DUBAI,Optical Center,,"Mirdif City Centre, Sh Mohamed Bin Zayed Road, Dubai	
",0097142843690
Rivoli Eyezone - Oasis Centre,DUBAI,Optical Center,AL QOUZ FIRST,"Oasis Cente, Sheikh Zayed Road, 2Nd Interchange، Al Quoz 1 – Dubai	
",0097143397647
Rivoli Eyezone Br Of Excel Enterprises Llc - Dcc,DUBAI,Optical Center,,"LEVEL 1, FLAT M004, DEIRA CITY CENTER, STREET 22 30, NEXT TO SUN AND SANDS, PORT SAEED   ",97142590841
Rivoli Eyezone Br Of Excel Enterprises Llc - Ibn,DUBAI,Optical Center,,"GROUND FLOOR, CF-185, NEAR INDIA COURT/ MONTBLANC, Ibn Batutta Mall ",97148826373
STYLE 88 BR OF EXCEL ENTERPRISES (DFC) DUBAI,DUBAI,Optical Center,,"AT-028, FIRST FLOOR, OPPOSITE IKEA, IKEA ENTRANCE, IKEA PARKING, DUBAI FESTIVAL CITY",97142710580
STYLE 88 BR OF EXCEL ENTERPRISES (MOE) DUBAI,DUBAI,Optical Center,,"F11 I, FIRST FLOOR, OPPOSITE DU, METROLINK ENTRANCE, CARREFOUR ENTRANCE C PARKING, MALL OF THE EMIRATES, DUBAI",97143990681
STYLE 88 BR OF EXCEL ENTERPRISES LLC- DOV-DUBAI,DUBAI,Optical Center,,"N-04, GROUND FLOOR, RIVOLI, OUTLET VILLAGE, DUBAI
",97142963108
Sun Eye Optical (JBR Road) Dubai,DUBAI,Optical Center,,"2A-06, The Beach, JBR Road, Jumeirah Beach Residence, Dubai",0097144250860
Super Vision Opticals  -Times Square - Dubai,DUBAI,Optical Center,,"P.O Box: 27367, Deira
Dubai",0097142625250
Super Vision Opticals (Al Qusais) Dubai,DUBAI,Optical Center,,"Below Zulekha Medical Centre, Damascus Street, Al Qusais - Dubai",97144616296
Super Vision Opticals - Al Mazaya Ctr - Dubai,DUBAI,Optical Center,,"Unti G35, Ground Floor, Mazaya Shopping Centre, Sheikh Zayed Road, Dubai",0097143212660
Super Vision Opticals - Al Tawar - Dubai,DUBAI,Optical Center,,"Al TAwar Emirate Co-Operative
Society Mall Al Mizhar",0097142642022
Super Vision Opticals - Bin Sougat Ctr - Dubai,DUBAI,Optical Center,,"Unit No 46, Mezzanine Floor, Bin Sougat Centre, Rashidiya, Dubai",0097142625250
Super Vision Opticals - Nad Al Hamar - Dubai,DUBAI,Optical Center,,"Unit No. 5, Ground Floor, Aswaaq Mall, Nad Al Hamar, Dubai",0097142845556
Super Vision Opticals LLC (Main) - Dubai,DUBAI,Optical Center,,Hor Al Anz,0097142845556
YATEEM OPTICIAN (DUBAI HILLS),DUBAI,Optical Center,,"DUBAI HILLS MALL, DUBAI HILLS ESTATE, UAE",97142565756
Yateem Optic (Al Dayafah Road) Dubai,DUBAI,Optical Center,,"Shop #02, Ground Floor, Al Diyafa Bldg. Al Diyafa Road, Satwa Round About, Dubai",0097145066040
Yateem Optician (Al Wasl Road) Dubai,DUBAI,Optical Center,,"Shop No. S 50, Bldg R 532, Al Wals Vita, Al Wasl Road, Dubai",0097143436406
Yateem Optician (Burjuman Center) Dubai,DUBAI,Optical Center,,"BJC/L1/0009, Burjuman Center, Dubai",0097143522067
Yateem Optician (Dubai Mall),DUBAI,Optical Center,,"Unit #LG 143, Lower Ground Floor, The Dubai Mall Bldg.",0097144340266
Yateem Optician (Galleria Mall) Dubai,DUBAI,Optical Center,AL WASL,"Unit No. 15A, Galleria Mall, Wasel St. Dubai",0097143431355
Yateem Optician (Mirdif City Center) Dubai,DUBAI,Optical Center,,"Unit No. C061, Ground Floor, Mirdif City Center, Dubai",0097142840660
Yateem Optician (Palm Jumeirah) Dubai,DUBAI,Optical Center,,"Ground Floor, Unit No. 11. Atlantis Hotel, Palm Jumeirah, Dubai",0097144579440
Yateem Optician (Souk Al Madinat Jumeirah) Dubai,DUBAI,Optical Center,,"Unit No. 15, Souk Al Madinat, Jumeirah, Dubai",0097143686512
Yateem Optician - Al Ghurir Branch (Al Rigga) Dubai,DUBAI,Optical Center,,"Shop # G 52, Ground Floor, Al Ghurair City Bldg. Al Rigga, Dubai",0097142281787
Yateem Optician - Al Jumeirah Branch - Dubai,DUBAI,Optical Center,,"Unit #02, Ground Floor, Jumeirah Beach Road, Dubai",0097143490909
Yateem Optician - Al Riga Branch - Dubai,DUBAI,Optical Center,AL MURAQQABAT,"Shop # S01 & S02, Al Owais Bldg. Al Riqqa, Dubai",0097142222265
Yateem Optician - Emirates Tower Branch - Dubai,DUBAI,Optical Center,,"Unit #30, 1srt Floor, Emirates Tower Bldg. Sheikh Zayed Road/Trade Center, Dubai",0097143303301
Yateem Optics (Arabian Plaza) Dubai,DUBAI,Optical Center,,"Unit #U2733, 1st Floor, Arabian Center Bldg, Al Mezhar 1, Arabian Plaza, Dubai",0097142845505
Yateem Optics (Ibn Batuta Mall) Dubai,DUBAI,Optical Center,,"Shop No. IBS-GF-B-G-09, Ibn Batuta Mall Expansion, Jebel Ali, Dubai",0097144210789
Yateem Optics (Mall of Emirates) Dubai,DUBAI,Optical Center,,"Unit # C31, Ground Floor, Mall of Emirates Bldg. Al Barsha South, Dubai",0097143414010
Yateem Optics-Dubai Mall,DUBAI,Optical Center,,"Yateem Optics Unit TDM-SF-116 , Dubai Mall, Dubai 
",97143253669
Yateem Optics-Nakheel Mall,DUBAI,Optical Center,,"Yateem Optics  Unit NKM-P030, Nakheel Mall , Dubai 
",97145786099
Yateem Optics-The Pointe Mall,DUBAI,Optical Center,,"Yateem Optics  Unit TPT-G-B-IN29,The Pointe Malll , Dubai 
",97145897708
ZEISS VISION CENTRE BY AVANTI BR OF EXCEL ENTERPRISES (DUBAI HILLS MALL) DUBAI,DUBAI,Optical Center,,"UNIT NO.FF28, FIRST FLOOR, DUBAI HILLS MALL, AL KHAIL ROAD, DUBAI",97143403708
Zo & Mo Opticals - Dubai,DUBAI,Optical Center,,"13th Street, Al Qusais 1, Inside Thumbay Hsopital Dubai, Near Stadium Metro Station",0097146030688
800 Pharmacy - Dubai,DUBAI,Pharmacy,,"Marina Towers, Near Spinneys, Marina Walk, Dubai

",0097143663410
800 Pharmacy Branch - Dubai,DUBAI,Pharmacy,UMM SUQEIM FIRST,"Shop No 5D, Ground Floor, Park Building, Opposite Cordova Residence, Near Mosque, Beside Aswaq Market, Knowledge Village, Umm Suqeim, Dubai
",0097144486054
ABWAB AL KHEIR PHARMACY LLC (DEIRA) DUBAI,DUBAI,Pharmacy,,"MURAQABAT COMMERCIAL, SALAH AL DIN, DUBAI",97147708176
AHLANCARE PHARMACY LLC  (AL WARSAN 1) DUBAI,DUBAI,Pharmacy,,"ENGLAND CLUSTER Y 21 G FLOOR, AL WARSAN 1, DUBAI",97145805927
AIWA PHARMACY (MUHAISANAH 2) DUBAI,DUBAI,Pharmacy,,"BULDING:8,STREET:13,NEAR AZHAR ALMADINA SUPER MARKET, SONAPUR,DUBAI
MUHAISNAH 2
",97142200234
AL MUSYAF PHARMACY LLC,DUBAI,Pharmacy,,"HATTA DUBAI ROUTE,SUROOR BUILDING",97148521039
AL NEEM PHARMACY LLC BRANCH (INTERNATIONAL CITY) DUBAI,DUBAI,Pharmacy,,"J07, Morocco Cluster-International City, Dubai",97145841144
AL SHIFA UROPI PHARMACY (AL QUSAIS) DUBAI,DUBAI,Pharmacy,,"ANANAS BUILDING,SHOP NO.8,204th  ROAD STREET,AL NAHDA-2, AL QUSAIS, DUBAI,U.A.E",971448529529
AL SHIFA UROPI PHARMACY DWC - DUBAI,DUBAI,Pharmacy,,"B3 THE PULSE RESIDENCE PARK PODIUM, DUBAI WORLD CENTRAL,DUBAI, U.A.E
",97144759111
AL TADAWI SPECIALTY HOSPITAL LLC PHARMACY (AL GARHOUD) DUBAI,DUBAI,Pharmacy,,"AL TADAWI HOSPITAL BUILDING, UM RAMOOL ROAD, NEAR RTA HQ, AL GARHOUD, DUBAI",97142309999
ALICO ADVANCED CARE PHARMACY (DIP 1) DUBAI,DUBAI,Pharmacy,,"44 STREET, ALICO AL MADINA HYPERMARKET BUILDING, 1ST FLOOR, DUBAI",97143961255
ALQUOZ ADVANCED CARE PHARMACY LLC,DUBAI,Pharmacy,AL QOUZ SECOND,"PASON'S SUPERMARKET BUILDING, BEHIND JOTUN PAINT FACTORY, AL QUOZ 2
",97142355222
AMERICAN CENTER PHARMACY LLC (JBR) DUBAI,DUBAI,Pharmacy,,"SUNSET MALL, 2ND FLOOR, JUMEIRAH BEACH ROAD, DUBAI",97142379100
AMERICAN HOPSITAL CLINICS PHARMACY DUBAI MEDIA CITY - DUBAI,DUBAI,Pharmacy,,"BUSINESS CENTRAL TOWERS, DUBAI MEDIA CITY",97142741018
AMERICAN HOSPITAL CLINICS PHARMACY ALKHAWANEEJ BR OF AMERICAN HOSPITAL DUBAI LLC,DUBAI,Pharmacy,,Dubai,97143776397
APOTEC PHARMACY (AL JADAF) DUBAI,DUBAI,Pharmacy,,"ABDULLA AL ROAMATHI BUILDING, AL JADDAF, DUBAI",97142340411
ARABELLA PHARMACY (JBR) DUBAI,DUBAI,Pharmacy,,"SHOP# GM-04, SADAF 4, JUMEIRAH BEACH RESIDENCE, DUBAI",97143504500
ARABELLA PHARMACY LLC BRANCH (DUBAI MALL),DUBAI,Pharmacy,,"Lower Ground Floor, Opposite Waitrose Supermarket, Dubai Mall, Dubai
",971045915141
ASTER HOSPITAL PHARMACY SONAPUR LLC - DUBAI,DUBAI,Pharmacy,,"ASTER HOSPITAL, SONAPUR, ALGERIA STREET, MUHAISNAH, DUBAI",97144546003
ASTER PHARMACY 162 (JVC) DUBAI,DUBAI,Pharmacy,,"SHOP NO:6, MASJID BUILDING, DISTRICT 10, JUMEIRAH VILLAGE CIRCLE, NEXT TO SALEH MOHAMMED BIN LAHEJ MASJID, DUBAI",97144580678
ASTER PHARMACY 165 (BR OF ASTER PHARMACIES GROUP LLC) DUBAI HILLS,DUBAI,Pharmacy,,"SWAY RESIDENCES, SHOP NO: RETAIL-3, HADAEQ SHEIKH MOHAMMED BIN RASHID, DUBAI HILLS",97147187190
ASTER PHARMACY 167 (DOWNTOWN) DUBAI,DUBAI,Pharmacy,,"SHOP NO-041, SECOND FLOOR, METROLINK BAY, THE DUBAI MALL, SHEIKH MOHAMMED BIN RASHED BOULEVARD, DOWNTOWN, DUBAI",97143341829
ASTER PHARMACY 170 (AL MERKADH) DUBAI,DUBAI,Pharmacy,,"SHOP# 6,GROUND FLOOR, BUILDING 1, PHASE 2, SOBHA HARTLAND, AL MERKADH, GREENS, DUBAI",97142588717
ASTER PHARMACY 173 (JUMEIRAH 3RD) DUBAI,DUBAI,Pharmacy,,"SHOP 9, BUILDING NO: 2259186831, UNION COOPERATIVE SOCIETY, AL SAFA, JUMEIRAH THIRD, DUBAI, UAE",97143325595
ASTER PHARMACY 206 (BR OF ASTER PHARMACIES GROUP LLC),DUBAI,Pharmacy,,"SHAIKH MOHAMMED BIN RASHID BOULEVARD, NEXT TO ADDRESS FOUNTAIN VIEW HOTEL. SHOP NO: BF02,BURJ DUBAI
",97145475036
Abeer Al Noor Pharmacy (Rashidiya) Dubai,DUBAI,Pharmacy,AL RASHIDIYA,"Rashidiyat Mahalat Building, Plot No. 348-0, Shop No. 11 & 12, 12th Street, Rashidiya, Dubai",0097142362305
Abeer Pharmacy - Dubai,DUBAI,Pharmacy,,"Abeer Pharmacy_x000D_
Al Nakheel Street_x000D_
POB 27121_x000D_
Dubai, UAE",0097142273411
Abris Pharmacy LLC - Dubai,DUBAI,Pharmacy,,"Nearby Dubai Musem, Meena BAzar, Al Fahidi Street, Dubai",0097143535357
Access Pharmacy - Al Quoz 3 - Dubai,DUBAI,Pharmacy,,"Al Arif Building, GF-1, Al Qouze-3, Al Qouze
",0097143807218
Access Pharmacy 2 - Dubai,DUBAI,Pharmacy,,"Access Clinic Building, Al Muhaisina-2, Sonapur, Near to Bus Station
",0097142672946
Access Pharmacy 3 - DIP2 - Dubai ,DUBAI,Pharmacy,,"Shop No:8, 550 SQFT.AT, Plot # 597-874, DIP-2, Near to Access Clinic DIP
",0097142672946
Adam Vital Ortus Hospital Pharmacy (Al Garhoud) - Dubai,DUBAI,Pharmacy,,"Al Waleed Building 10th Street, Al Garhoud, Dubai",0097142068999
Advanced Care Pharmacy- Dubai,DUBAI,Pharmacy,,"P.O. Box: 283166_x000D_
Near National Paints, Al qouz 3_x000D_
Dubai, UAE",0097143307120
Advanced Care Plus Pharmacy - Dubai,DUBAI,Pharmacy,,"P.O. Box: 282576, Jebel Ali Free Zone
",0097148829700
Advanced Star Pharmacy - Dubai,DUBAI,Pharmacy,,"P.O. Box: 95900,
Dubai",0097148851154
Ajmal Pharmacy - Dubai,DUBAI,Pharmacy,,"P.O.Box: 33811
Dubai",0097143360801
Al Afdhal Pharmacy 1 - Dubai,DUBAI,Pharmacy,,"Old Nata Building, Baniyass Square, Dubai",0097142283357
Al Ahram Pharmacy - Dubai,DUBAI,Pharmacy,,"Bin Daen Building, Opposite Satwa Bus Station, Al Satwa Street, Satwa, Dubai",0097143318060
Al Ameen Pharmacy- Dubai,DUBAI,Pharmacy,,"P.o. Box: 39547_x000D_
Frij Murar, Naif Road_x000D_
Dubai, UAE",0097142713695
Al Asheera Pharmacy - Dubai,DUBAI,Pharmacy,,"Al Asheera Pharmacy
P.O. Box 4850
Dubai, UAE",0097142681115
Al Aweer Society Pharmacy - Dubai,DUBAI,Pharmacy,,"Union cop, Near Fruit & Veg Market
",0097143978899
Al Azhar Al Jadeeda Pharmacy - Dubai,DUBAI,Pharmacy,JABAL ALI INDUSTRIAL FIRST,"Near Nesto & Parco Supermarket, Jebel Ali Industrial Area 1, Dubai",0097148800703
Al Azhar Pharmacy - Dubai,DUBAI,Pharmacy,,"Shop 4, Ali Mesmar Complex, Behind Ramla Supermarket, Dubai Investment Park (DIP)",0097148859598
Al Baraka Pharmacy,DUBAI,Pharmacy,,"MOHD. IBRAHIM BLDG, BEHIND MAKTOUM HOSPITAL",97142230500
Al Corniche Pharmacy - Dubai,DUBAI,Pharmacy,,"PO Box 30045_x000D_
Dubai_x000D_
",0097143447220
Al Dorra Pharmacy - Dubai,DUBAI,Pharmacy,,"Villa 351, Beach Park,Near Medcare child clinic, Jumeira
",0097143952212
Al Ehsan Pharmacy - Dubai,DUBAI,Pharmacy,,"Al shaab colony, Hor al anz - Deira dubai
PO Box 50585
Bur Dubai, UAE",0097142975986
Al Enaya Al Faeqa Pharmacy (International City) Dubai,DUBAI,Pharmacy,,"International City Englad X17, Dubai",0097143213151
Al Faisal Pharmacy - Dubai,DUBAI,Pharmacy,,"Choitram, Umm sequm
",971043485102
Al Farah Pharmacy LLC - Dubai,DUBAI,Pharmacy,AL NAHDA FIRST,"Al Qamzi Building, Behind Sahara Centre, Al Nahda 1, Dubai",0097142507306
Al Fardoos Pharmacy - Dxb ,DUBAI,Pharmacy,,"Supreme residency, International city
",0097143334133
Al Garhoud Hospital Pharmacy - Dubai,DUBAI,Pharmacy,,"Al Garhoud, behind Millenium Hotel - Dubai",0097144545000
Al Ghubaiba Pharmacy - Dubai,DUBAI,Pharmacy,,"Ice Factory Bldg., Shop#3, Ground Floor, Dubai",0097143266042
Al Hawi Pharmacy - Dubai ,DUBAI,Pharmacy,,"P.O.Box 71246
Dubai, UAE",0097142221445
Al Hikma Pharmacy (Salahudin St)  Dubai,DUBAI,Pharmacy,,"Salahudin Street, Shop 4, Al Shaya Hotel, Dubai",0097142663188
Al Jalila Children's Specialty Hospital Pharmacy - Dubai,DUBAI,Pharmacy,,"Plot 3260585, Oud Metha Al Jaddaf, Dubai",0097142811634
Al Jaseel Pharmacy LLC - Dubai,DUBAI,Pharmacy,,"Al Rostamani Road, Al Hasimi Building, Al Qouz 3, Industrial Area, Dubai, UAE",0097143213441
Al Juma Pharmacy - Dubai,DUBAI,Pharmacy,,"Opp. To Lulu centre - Karama
PO Box 50585
Dubai, UAE",0097143348981
Al Jumeiyah Al Taawoniyah Pharmacy Dubai,DUBAI,Pharmacy,,"Dubai,UAE",0097143986302
Al Kanz Pharmacy - Dubai ,DUBAI,Pharmacy,,"Abu Baker Al Sidq Road, Deira,",0097142690684
Al Khair Community Pharmacy - Dubai,DUBAI,Pharmacy,,"Unit 14, Ground Floor, City Bay Business Centre Hor Al Anz East, Deira, Dubai 	


",0097142505768
Al Khan Pharmacy LLC - Dubai,DUBAI,Pharmacy,,"Hala Building Damascuss Street, Opposite Emirates NBD, Al Qusais 2, Dubai, UAE",0097142634347
Al Khawaneej Pharmacy - Dubai,DUBAI,Pharmacy,,"Khalaf Alnan Bldg., Shop No. 9, Al Khawaneej, Dubai ",0097142892210
Al Madina Al Sanaiya Pharmacy - Dubai,DUBAI,Pharmacy,,"Al Quoz Industrial Area 4 , Gemzi Complex, Near Al Madina Supermarket, Dubai
",0097143406761
Al Manara Al Manzil Pharmacy - Dubai ,DUBAI,Pharmacy,,"Al Sheikh Zayed Road _x000D_
Dukkan Al Manzil_x000D_
P.O. Box: 181513",0097143621161
Al Manara Al Raeda Pharmacy - Dubai,DUBAI,Pharmacy,,Al Rigga St. Al Ghurair Center LLC,0097142952871
Al Manara Delta Pharmacy - Dubai,DUBAI,Pharmacy,,"Dubai Mall Street, Dubai Mall Metro Link
P.O. Box: 181513",0097143451005
Al Manara Garden Pharmacy- Dubai,DUBAI,Pharmacy,,"Ibn Batuta Mall
P.O Box: 181513",0097143669940
Al Manara Pharmacy (Dubai Healthcare City) - Dubai,DUBAI,Pharmacy,,"Shop No.1
Ground Floor Building 49 Dubai",0097126814644
Al Manara Pharmacy - Dubai,DUBAI,Pharmacy,,"Al Maktoum Street_x000D_
P.O.Box: 13335_x000D_
Dubai, UAE",0097142222032
Al Manara Pharmacy Al Ghazal Mall - Dubai,DUBAI,Pharmacy,,"Al Badaa Al Ghazal Mall_x000D_
P.O. Box: 181513",0097143529584
Al Manara Pharmacy Alsufouh - Dubai,DUBAI,Pharmacy,,"Sufouh Street, Elite Residence_x000D_
P.O. Box: 181513, Dubai",0097142779361
Al Manara Pharmacy Branch - Dubai,DUBAI,Pharmacy,,"Dubai Silicon Oasis_x000D_
P.O. Box: 181513",0097143330554
Al Manara Pharmacy Remal Mall - Dubai,DUBAI,Pharmacy,,"Al Barari , Dubai_x000D_
P.O. Box: 181513",0097143337146
Al Manara Sunset Mall -Dubai,DUBAI,Pharmacy,,"Jumeirah 2 Sunset Mall
P.O. Box: 181513",0097143881820
Al Mankhool Pharmacy - Dubai,DUBAI,Pharmacy,,"TRIO3 BUILDING, BEHIND SAHARA MALL, AL NAHDA 2, DUBAI
P.O.Box 111751
Dubai-UAE",0097142554427
Al Manzil Pharmacy - Dubai,DUBAI,Pharmacy,,"Royal Parco S/M, DIP2, Dubai ",0097148841441
Al Moosa Day Surgery Center Pharmacy - Dubai,DUBAI,Pharmacy,,"Villa 36 5B Street, Al Wasl Road,  Jumeirah 1, Dubai PO Box: 73633	

",0097143452999
Al Muraggabat Pharmacy - Dubai,DUBAI,Pharmacy,,"Building 123, Abu Baker Al Siddiq Road, Near Movenpic Hotel, Deira, Dubai",0097142396425
Al Musalla Pharmacy - Dubai,DUBAI,Pharmacy,UMM SUQEIM FIRST,"Kharbash Building, Jumeriah Road, Umm Suqem 1, Dubai, UAE",0097143284548
Al Naseem Pharmacy - Dubai,DUBAI,Pharmacy,,"P.O.Box : 47540_x000D_
Dubai, UAE",0097142635277
Al Neem Grand Pharmacy (Muhaisnah 4) - Dubai,DUBAI,Pharmacy,,"Fresh Masco Hypermarket Building, 27-E Street, Muhaisnah 4, Dubai",0097142237770
Al Neem Green Pharmacy (Al Quoz 3) - Dubai,DUBAI,Pharmacy,,"Bright Medical Center Building, Al Quoz 3, Dubai",097143355557
Al Neem Pharmacy - Intl City - Dubai,DUBAI,Pharmacy,,"CBD 20, Near First Medical Center, Rivera Dreams, International City, Dubai
",0097143697130
Al Neem Pharmacy - Jafza South - Dubai,DUBAI,Pharmacy,,"COMMERCIAL CENTER FOOD COURT 3, SHOP NO116, JAFZA SOUTH, DUBAI
",0097148809667
Al Neem Pharmacy - Jafza West - Dubai,DUBAI,Pharmacy,,"12th RoundAbout, Near Gate #7.Nesto Hypermarket Building, Karakchinno Food Court, JAFZA WEST, Dubai
",0097148876650
Al Neem Star Pharmacy LLC - Dubai,DUBAI,Pharmacy,AL QOUZ FOURTH,"Al Ameed Plaza, Near Al Khail Mall, Al Qouz 4, Dubai",0097143219550
Al Omaraa Pharmacy LLC - Dubai,DUBAI,Pharmacy,,"Shop # 27 7 28, Ground Floor, Pyramid Building, Sheikh Khalifa Bin Zayed Road,",0097143969221
Al Plaza Pharmacy - Dubai,DUBAI,Pharmacy,,"P.O. Box: 89200,

Dubai, UAE",0097143445711
Al Qoze Pharmacy - Dubai,DUBAI,Pharmacy,,"Near khalifa super market - Al Qouz
P.O. Box: 50585
Dubai, UAE",0097143384401
Al Rafah Pharmacy- Dubai,DUBAI,Pharmacy,,"P.O. Box: 51640_x000D_
Dubai, UAE",0097143939402
Al Rafea Pharmacy - Dubai,DUBAI,Pharmacy,,"Ramachandran_x000D_
Al Rafea Pharmacy_x000D_
P.O. Box no. 35469, _x000D_
Dubai, UAE.",0097142632224
Al Raha Pharmacy - Dubai,DUBAI,Pharmacy,,"Khalid bin waleed rd - Bur dubai
P.O.Box 6975
Dubai- UAE",0097143523383
Al Rais Pharmacy - Dubai,DUBAI,Pharmacy,,PO Box 5249,0097143519581
Al Rasheed Pharmacy LLC - Dubai,DUBAI,Pharmacy,,"Al Maktoum Building, Ground Floor, Shop # 7/8, Dubai",0097142721108
Al Rawda Pharmacy - Dubai,DUBAI,Pharmacy,,"P.O.Box: 89651
Dubai, UAE",0097142940786
Al Rawda Pharmacy LLC Branch - Dubai,DUBAI,Pharmacy,,"Bayan Business Centre DIP 1 , Dubai, UAE",0097148800920
Al Rayan Pharmacy (Al Karama) - Dubai,DUBAI,Pharmacy,,"Shop 13, Ground Floor, Star of Karama Bldg., Street 16, Al Karama, Dubai",0097143347476
Al Razi Pharmacy - Dubai,DUBAI,Pharmacy,,"Al Razi Pharmacy Al Nahda Mai Tower, Dubai",0097142208503
Al Safa Al Quoz Pharmacy - Dubai,DUBAI,Pharmacy,,"Khalifa Dhalen Abdulla Al Muhairi Building, First Block No 1189, Al Quoz, Dubai",0097143808824
Al Sanaiya Pharmacy - Dubai,DUBAI,Pharmacy,," Muhaisnah 2, Labor Accomodation Area, Bel Rasheed Complex, Near Baladiya Camp - SONAPUR",0097142543500
Al Seha Al Kubra Pharmacy - Dubai,DUBAI,Pharmacy,,"Al Khail Mall Building, Second Floor, Shop No. 27, Al Quoz 4",0097143219926
Al Shifa Pharmacy - Dubai (Aster),DUBAI,Pharmacy,,"Near Union Medical centre - Karama
P.O.Box: 50585 near Union Mrdical Center , Iranian School karama
Dubai, UAE",0097143969469
Al Shihhe Pharmacy - Dubai,DUBAI,Pharmacy,,"Al Shihhe Building, Al Rasheed Road, Near J Mart Supermarket, Deira, Dubai",0097142726899
Al Shohob Pharmacy - Dubai,DUBAI,Pharmacy,,"Madeya Obaid Khalid BUilding, Al Shamal, Dubai",0097142255556
Al Tadawi Pharmacy - Dubai,DUBAI,Pharmacy,,"Al Masood Tower, Airport Road, Port Saeed, Dubai",0097142038888
Al Tamimi New Pharmacy LLC Branch - Dubai,DUBAI,Pharmacy,,Dubai,0097142641808
Al Tamimi New Pharmacy- Dubai,DUBAI,Pharmacy,,"Al Quoz
P.O. Box: 66924, Dubai",0097143381913
Al Tamimi Pharmacy - Dubai,DUBAI,Pharmacy,,"Al Quoz, Dubai
P.O. Box: 24013",0097143381455
Al Warqa Pharmacy - Dubai,DUBAI,Pharmacy,,"Near Mass super market - Warqa
P.O. Box: 50585 Near Mass Supermarket 
Dubai, UAE",0097142801691
Al Wasel Community Pharmacy - Dubai,DUBAI,Pharmacy,,"Union Cooperative, Al Wasel, Al Satwa, Dubai
",0097143212062
Al Wasl Balsam Pharmacy - Dubai,DUBAI,Pharmacy,,"P.O. Box: 12321 Dubai, UAE",0097142823108
Al Woqaya Pharmacy - Dubai(Protection Pharmacy),DUBAI,Pharmacy,,"Al Woqaya Pharmacy
P.O.Box 27227
Dubai, UAE",0097143348348
Al Zahra Hospital Pharmacy- Dubai,DUBAI,Pharmacy,,"Sheikh Zayed Road, 
Al Zahra Hospital
P.O. Box: 124412",0097143786666
Al Zahra Pharmacy - Dubai ,DUBAI,Pharmacy,,"P.O. Box: 71246
Dubai, UAE",0097143373045
Alfa Pharmacy (Aster) - Dubai,DUBAI,Pharmacy,,"Alfattan building ,qusais
Damascus Street 
Qusais
Duabi",0097142806714
Almanzil Aljadeed Pharmacy LLC - Dubai,DUBAI,Pharmacy,,"Shop No. 13, Vegetable and Fruit MArket, Al Aweer, Dubai",0097142230244
Almawrid Pharmacy (Br of Pharmac Bricks Healthcare Investments LLC)  - Dubai,DUBAI,Pharmacy,,"Sheikh Hashar Bin Hamad Bldg. Shop #2, Dubai",0097143707007
Alpha Care International Pharmacy - Dubai,DUBAI,Pharmacy,,"Shop#2, Luxury Building, Al Karama, Dubai",0097143795548
Alpha Peoples Pharmacy - Dubai,DUBAI,Pharmacy,,"Shop #10, Zeenah Building, Port Saeed, Opp Deira City Center, Carrefour parking # 3, Dubai",0097142567787
Alpha Peoples Pharmacy - ENOC,DUBAI,Pharmacy,,"Site 1039, Shop No 6, Sheikh Mohd Bin Zayed Road, Plot 685-103
Nad Al Shiba",0097143237293
Amaan Pharmacy - Dubai,DUBAI,Pharmacy,,P>o>box: 78872,0097142647264
Amber Clinics (Deira) Pharmacy - Dubai,DUBAI,Pharmacy,AL RIGGA,"Business Center, 2nd Floor, Al Rigga, Near Ibis Hotel, Deira, Dubai",0097142325109
American Hospital Pharmacy - Dubai,DUBAI,Pharmacy,,Near Movenpick Hotel - Oud Metha Rd - Dubai,97143776846
Amsa Pharmacy,DUBAI,Pharmacy,,"Business Avenue Building
29A Street, Port Saeed, Deira
",0097142325161
Apex Atrium Pharmacy - Dubai,DUBAI,Pharmacy,,"G07, Apex Atrium Motorcity, Dubai",0097142778205
Apple Care Pharmacy - Dubai,DUBAI,Pharmacy,,"France Cluster Bldg., P-01, Al Warsan-1, International City, Dubai",0097144322568
Apple Care Pharmacy Branch (Al Warsan 1) Dubai,DUBAI,Pharmacy,,"Al Warsan 1, Greece K-14, International City, Dubai",0097142776210
Arabella Pharmacy - Dubai,DUBAI,Pharmacy,,"P.O.Box : 118347_x000D_
Spinney's",0097143504573
Arabella Pharmacy Branch,DUBAI,Pharmacy,,"Spinneys Jumeirah 1, Beach Road, Dubai",0097143430188
Ardh Al Naseem Pharmacy (Al Nahda 2) Dubai,DUBAI,Pharmacy,,"Al Magrudy Residence, Amman Street, Al Nahda 2, Dubai",0097142809242
Arifa Pharmacy (Abu Hail Street) - Dubai,DUBAI,Pharmacy,,"Ahli Building, Hor Al Anz East, Abu Hail Street, Dubai",0097142389696
Armada Pharmacy - Dubai,DUBAI,Pharmacy,,"Unit S10, Armada 2, Plot No: JLT-PH2-P2A, Jumeirah Lake Towers, Dubai	",0097143990033
Ash Tree Pharmacy (Bur) Dubai,DUBAI,Pharmacy,,"Al Balooch Bldg. Shop No. 3, Al Raffa Police Station, Bur, Dubai",0097143337633
Asia Pharmacy - Dubai,DUBAI,Pharmacy,,"Asia Pharmcy_x000D_
P.O.Box 381_x000D_
Dubai-UAE",0097143527183
Asma Pharmacy - Dubai,DUBAI,Pharmacy,,"Behind Naif police station - Deira dubai
P.O. Box: 4266
Dubai, UAE",0097142222786
Aster Al Hayat Pharmacy - Dubai,DUBAI,Pharmacy,,"Shop No 3,Easa Saleh Al Gurg Building,Near to Al Adil Super Market, Rolla Street, Burdubai, Dubai		
",0097143552633
Aster Alshafar Pharmacy,DUBAI,Pharmacy,,"Lamcy plaza, 1st floor
",0097143352727
Aster DCC Pharmacy LLC - Dubai,DUBAI,Pharmacy,,"Shop No. M-020, 1st Floor, Deira City Center, Deira, Dubai",0097142210732
Aster DIP Pharmacy - Dubai,DUBAI,Pharmacy,,"Ramla Hypermarket, Dubai Investment Park
",0097148800996
Aster Day Surgery Centre Pharmacy ( Kuwaiti St) Dubai,DUBAI,Pharmacy,,"Kuwaiti Street 14, Showroom 1, Al Yateem Building, Dubai",0097143766824
Aster Grand Pharmacy - Al Nahda - Dubai,DUBAI,Pharmacy,,"AB Plaza Building, Ground Floor, Shop # 8, Al Nahda",0097142505712
Aster Healthcare Hypermarket  - DXB,DUBAI,Pharmacy,,"Al Raffa Building , Opp Aster Hospital , Mankhool Road, Mankool,  Burdubai, Dubai",0097143399523
Aster Hospital Pharmacy (Br of Aster DM Healthcare FZC) Dubai Branch - Dubai,DUBAI,Pharmacy,,"Al Qusais, 9AStreet, Al Qusais Industrial Area 2, Dubai",0097144400500
Aster Hospital Pharmacy - Dubai,DUBAI,Pharmacy,,"Kuwait Street, Mankhool Next to Sharaf DG_x000D_
P.O. Box: 8703",0097143814943
Aster JBR Pharmacy - Dubai,DUBAI,Pharmacy,,"P42, plaza level,sadaf 4,The Walk, JBR
",0097144471127
Aster Jebel Ali Pharmacy - Dubai,DUBAI,Pharmacy,,"Nesto Hyper Market, Shop # 5, Jebel Ali",0097148840237
Aster Medical Center Pharmacy Al Muhaisna Br of DM Healthcare LLC - Dubai,DUBAI,Pharmacy,,"Shop No1, Zaraa residence 1, Muhaisnah 4, Lulu village, Behind St.Mary's catholic high school, Dubai",97145479070
Aster Pharmacies Group Branch Expo 2020 (Sustainability Pavilion) Dubai,DUBAI,Pharmacy,,"GF1, Sustainability Pavilion, Expo 2020
",0091745477218
Aster Pharmacy 1- Dubai,DUBAI,Pharmacy,,"Kalid bin waleed road, Burdubai
",0097143863800
Aster Pharmacy 100 - Dubai,DUBAI,Pharmacy,,"Al Razi building, Building No 64, D block, DHCC
",0097144343922
Aster Pharmacy 101 - Dubai,DUBAI,Pharmacy,,"AQU Building, Al Qusais1, Sheikh colony, Near to DAFZA metro Station
",0097142382342
Aster Pharmacy 102 - Dubai,DUBAI,Pharmacy,,"Shop 2, Saeed Hamad Musleh Jamhour Al Ahbabi Building, Al Qusais Second, Al Qusais
",0097142610833
Aster Pharmacy 103 - Dubai,DUBAI,Pharmacy,,"Building-N04, Shop No.S-04, Al Warsan First, International city, Persia Cluster
",0097142765802
Aster Pharmacy 104 (Al Warqa 1) Dubai,DUBAI,Pharmacy,,"Shop No. 1, Hanbal Shafie Al Madani Bldg. Al Warqa 1, Dubai",0097142829440
Aster Pharmacy 104 - Dubai,DUBAI,Pharmacy,,"Building-L-11, Shop No.2, Greece Cluster, International city,Near Thomsun Super Market
",0097142775973
Aster Pharmacy 105 - Dubai,DUBAI,Pharmacy,,"Bldg. I - 11, Shop No. 02, Al Warsan First,International city, Morocco Cluster
",0097142275972
Aster Pharmacy 109 - Dubai,DUBAI,Pharmacy,,"Mirdiff Building, Near to Dubai Geant Supermarket, Ghuroob Community, Mirdiff
",0097144582727
Aster Pharmacy 110 - Dubai,DUBAI,Pharmacy,,"Mandarin Building, Ground floor, Street 13A, Oud Mehtha, Near Lamcy Plaza
",00971443963158
Aster Pharmacy 111 - Dubai,DUBAI,Pharmacy,,"Muhaisinah Plaza Building, Shop No.6,Muhaisanah 4,Lulu Village, Near The Indian Academy, Behind Madina Mall
",0097142593195
Aster Pharmacy 112 - Dubai,DUBAI,Pharmacy,,"Mohamed Khlifa Al Khalafi Building, Ground Floor,Rolla Street, Al Raffa, BurDubai
",0097143252920
Aster Pharmacy 113 - Dubai,DUBAI,Pharmacy,,"Mirdif Mall, Uptown Mirdif,Near to Medcare clinic, Mirdif
",0097142839542
Aster Pharmacy 114 - Dubai,DUBAI,Pharmacy,,"Shop No 12 & 13,Aswaq  Mall, Al Barsha South 1, Al Barsha
",0097143851455
Aster Pharmacy 115 - Dubai,DUBAI,Pharmacy,,"Discovery Pavilion,Street 7,Discovery Garden
",0097145546021
Aster Pharmacy 116 - Dubai,DUBAI,Pharmacy,,"Mirdif Commercial Complex, Shop No. 1 &2, Mirdif, Westzone Super Market 
",0097142884190
Aster Pharmacy 117 - Dubai,DUBAI,Pharmacy,,"Shop No. 12, Bait Al-Waleed, Al-Souq Al-Kabeer, Mankhool,Bur Dubai, UAE

",0097143252882
Aster Pharmacy 118 - Dubai,DUBAI,Pharmacy,,"OBS Building,Ground Floor, Shop No.2, Near to NMC Hospital, Amman Road,Al Nahda
",0097142393397
Aster Pharmacy 119 - Dubai,DUBAI,Pharmacy,,"Shop No.7,Meadows, Emirates Hills 3,Enoc 1086

",0097142672946
Aster Pharmacy 120 - Dubai,DUBAI,Pharmacy,,"Abdul Raouf Mohammed Saleh Alavi Building, Al Warqa 1, Al Warqa, Near Aswaq Mall
",0097142803995
Aster Pharmacy 123 - Dubai,DUBAI,Pharmacy,,"Shop No3, Al Ghurair Real Estate Building, Al Muteena Street, Deira, Near Dubai Palm Hotel
",0097142731282
Aster Pharmacy 124 - Dubai,DUBAI,Pharmacy,,"Ground Floor,Sukoon Tower, Marina, Dubai
",0097145546282
Aster Pharmacy 126 - Dubai,DUBAI,Pharmacy,,"Mohammed & Rashed Khalifa Building, Iranian School Road, Opp: Wall Street Exchange, Karama, Burdubai
",0097143967100
Aster Pharmacy 127- Dubai,DUBAI,Pharmacy,,"Royal Oceanic-1, S-01,Plot No:218, Marsa Dubai, Near Le Meridien, Dubai Marina
",0097145547096
Aster Pharmacy 128 - Dubai,DUBAI,Pharmacy,AL BARSHA SOUTH FIRST,"Shop # 1, New ENOC, Umm Sequim St, Al Barsha South, Dubai, UAE     
",0097144405945
Aster Pharmacy 129 - Dubai,DUBAI,Pharmacy,,"Ground Floor,Marjana Plaza Building, Al Bada, Satwa
",0097143590530
Aster Pharmacy 130 - Dubai,DUBAI,Pharmacy,,"Ground Floor , Duja Tower, Trade Center First, Next to Sheraton grand hotel, Sheik Zayed Road, Dubai
",0097143866768
Aster Pharmacy 131 (Al Barsha) - Dubai,DUBAI,Pharmacy,,"Al Barsha, Trio Building, Dubai",0097143475733
Aster Pharmacy 132 - Dubai,DUBAI,Pharmacy,,"Sheikh Suhail Building , Hor Al Anz East, Plot #133-142 , Abu Hail ,Dubai ,UAE
",0097142692835
Aster Pharmacy 134  - Dubai,DUBAI,Pharmacy,,"Golden Sands Building, Barsha 1st, Al Barsha, Near to Lulu
",0097143271483
Aster Pharmacy 135 - Dubai,DUBAI,Pharmacy,,"Shop No 04, Rushia V 19,International City
",0097144511674
Aster Pharmacy 136 - Dubai,DUBAI,Pharmacy,,"Al Qouz, Opposite Grand mall, Al qouz- Fourth, Abdulla alasmawi buiding
",0097143808539
Aster Pharmacy 137 - DXB,DUBAI,Pharmacy,,"Retail shop 6, The pavilion mall, Opp. Union Co op, France cluster, International city, Dubai",0097144224515
Aster Pharmacy 138 - Dubai,DUBAI,Pharmacy,,"Ground Floor, Al Jabar Building, Near Sunrise Supermarket, Al Karama, Dubai 
",0097143377329
Aster Pharmacy 141 - DXB,DUBAI,Pharmacy,,"Shop No SC 021, Ground Floor, Dubai Festival City Mall, Dubai",0097142365418
Aster Pharmacy 142  - DXB,DUBAI,Pharmacy,,"Shop No 4 , Al Fattan Building ,Plot No 233-129, Behind Snow White,  Al Qusais, Dubai",0097142205966
Aster Pharmacy 143 - Dubai,DUBAI,Pharmacy,,"The Ribbon Building 3, Al Hebiah First , Plot 94- 0, Motor City, Dubai
",0097144430474
Aster Pharmacy 144 - Dubai,DUBAI,Pharmacy,,"Shop 5 & 6, Al Maalik Buiding, Al Shab, Near to Talal Super Market, Hor Al Anz
",0097142212250
Aster Pharmacy 145 - DXB,DUBAI,Pharmacy,,"Shop no: 1, Al Waleed Building. Opp. Union Medical Centre, Iranian School Road, Karama, Dubai",0097143547745
Aster Pharmacy 146  - DXB,DUBAI,Pharmacy,,"Shop 32, Souk al Kabeer Building, Near to Ghubaiba Bus Staion, Opp.Etisalat-Shindagha, Next to Access Clinic , Burdubai",0097143271059
Aster Pharmacy 147 - Dubai,DUBAI,Pharmacy,,"Aster Jubilee Medical Complex, Khaleed Bin Al-Waleed Street, Near to Al Fahidi Metro Station, Burdubai
",0097143254026
Aster Pharmacy 148 - Dubai,DUBAI,Pharmacy,,"Shop No 5, Jamal Omar Bin Hyder Building, 4B Street, Sheikh Khalifa Bin Zayed Road, Karama, Dubai			
",0097143404005
Aster Pharmacy 149 - DXB,DUBAI,Pharmacy,,"Shop 2 & 3, Al Wasl Building, Behind Lulu Hypermarket, Karama, Burdubai, DUbai",0097143969469
Aster Pharmacy 150 - Dubai,DUBAI,Pharmacy,,"Shop No. 6, Pinnacle Tower, Marina Marsa, Dubai",0097143794306
Aster Pharmacy 152 - Dubai,DUBAI,Pharmacy,,"Food Court 3,Commercial Center, Jebel Ali Free Zone South, Near Access Clinic JAFZA, Dubai	
",0097148809102
Aster Pharmacy 155 (Deira) - Dubai,DUBAI,Pharmacy,,"Ground Floor, Business Centre, Al Rigga, Dubai",0097142280204
Aster Pharmacy 156 (Industrial City) Dubai,DUBAI,Pharmacy,,"Shop No. 6, Sapphire Mall, Dubai Industrial City, Near to Al Maktoum International Airport, Dubai",0097145877191
Aster Pharmacy 157 - Dubai,DUBAI,Pharmacy,AL WASL,"R-531-A, Dar Al Wasl Building, Al Wasl Road, Near Safa, Dubai
",0097143867820
Aster Pharmacy 158 - Dubai,DUBAI,Pharmacy,,"Talal Supermarket, Dubai Investment Park, DIP, Dubai		
",0097148800282
Aster Pharmacy 160 (86 St) Dubai,DUBAI,Pharmacy,DUBAI INVESTMENT PARK FIRST,"Jabal Ali Shopping Center, 86 Street, Dubai Investment Park 1, Dubai",0097148847176
Aster Pharmacy 161 (Al Aweer) Dubai,DUBAI,Pharmacy,,"Marhaba Mall, Ras Al Khor, Al Aweer, Dubai",0097143424262
Aster Pharmacy 164 (Al Ain Rd) Dubai,DUBAI,Pharmacy,,"Shop No. R-7B, Tower D, Sky Courts, Al Ain Road, Dubai",0097143208941
Aster Pharmacy 172 -Dubai,DUBAI,Pharmacy,,"Al Barsha South 2, Arjan, Dubai
",97145786364
Aster Pharmacy 2 - Dubai,DUBAI,Pharmacy,,"Unit No 4&5, Ground Floor, Carrefour Centre, Dubai Investment Park
",0097148858044
Aster Pharmacy 200 - DXB,DUBAI,Pharmacy,,"Building No :241-487, Al Nahda 2, Al Qusais, Dubai",0097142362839
Aster Pharmacy 201 - Dubai,DUBAI,Pharmacy,TRADE CENTER FIRST,"Shop No3, Al Manal Tower, Next to Crown Plaza Hotel, Trade Center First, Sheikh Zayed Road, Dubai
",0097143209481
Aster Pharmacy 202 - Dubai,DUBAI,Pharmacy,,"Bin Sougat Center, Airport Road, Al Rashidiya, Near Metro Station, Dubai ",0097142540474
Aster Pharmacy 204 - Dubai,DUBAI,Pharmacy,AL QUSAIS FIRST,"Al Qusais Building, Damascuss Street, Near Grand hotel, Al Qusais First, Dubai			
",0097142203889
Aster Pharmacy 205 - Dubai,DUBAI,Pharmacy,,"PVE-G-02, Palm Views East Building, Palm Jumeira, Dubai			
",0097144221521
Aster Pharmacy 3  - Dubai,DUBAI,Pharmacy,,"G32 ground floor, Dubai outlet mall

",0097144437250
Aster Pharmacy 5 - Dubai,DUBAI,Pharmacy,,"Shop No 02, CBD 29, Al Warsan 1st, International City
",0097144473169
Aster Pharmacy 6 - Dubai,DUBAI,Pharmacy,,"Dubai Silicon Gate 1 - Building, First Floor, F-S-101A, Gate 1, Silicon Oasis, Opposite Choithram & Baskin Robins
",0097143262600
Aster Pharmacy 98 - Dubai,DUBAI,Pharmacy,,"Sameya Khalifa Mohamed Al Fuqaei Building, Shop No.8, 24th Street. Muhaisina 2nd, Sonapur
",0097142521711
Aster Tecom Pharmacy - Dubai,DUBAI,Pharmacy,,"Tecom Free Zone Area
P. O. Box: 50585",0097144534840
Avenue Pharmacy  - Dubai,DUBAI,Pharmacy,,"Aspect Towers, Bay Avenue, Business Bay, Dubai",0097144357450
Axon Medica Pharma (Silicon Oasis) Dubai,DUBAI,Pharmacy,,"NAdd Hessa Apartment, Lynx Tower, Opp. New Lulu Hyper Market Site, Dubai",0097143484992
Axon Medica Pharmacy LLC - Dubai,DUBAI,Pharmacy,JABAL ALI FIRST,"GFA-8, Ground Floor, Jebel Ali, Dubai",0097144213377
Axon Pharma - Dubai,DUBAI,Pharmacy,AL RASHIDIYA,"Ground Floor, Rashidiya Central Market Building, Near Union Corporation and Rashidiya Police Station, Dubai",0097142868501
BALSAM PHARMACY (AL GARHOUD) DUBAI,DUBAI,Pharmacy,,"31 A STREET, CHOITHRAMS BUILDING, AL GARHOUD AREA, DUBAI",97142827288
BARRAQUER EYE HOSPITAL PHARMACY (AL JADAF) DUBAI,DUBAI,Pharmacy,,"DUBAI HEALTHCARE CITY - PHASE II, AL JADAF, DUBAI, UAE",97145739999
BASMAT AL IFRAH PHARMACY LLC-DUBAI,DUBAI,Pharmacy,AL BARSHA SOUTH FIRST,"AL SALAM BLDG. ARJAN, DUBAI
",97147700948
BERLIN DAY SURGICAL HOSPITAL PHARMACY (AL REBAT) DUBAI,DUBAI,Pharmacy,,"NADD ALHAMAR, AL REBAT STREET, DUBAI",97143999488
Bab Al Hayat Pharmacy - Dubai,DUBAI,Pharmacy,,"Fida Al Madina Supermarket, Ground Floor, DIP 2, Dubai",0097148831644
Bab Al Noor Pharmacy - Dubai,DUBAI,Pharmacy,,"Shop#5, Ground Floor, Musthafa Mall, Grand Hypermarket, Muhaisnah 2, Sonapur, Dubai",0097143444293
Bader Pharmacy - Dubai,DUBAI,Pharmacy,,"Bader Pharmacy_x000D_
P.O.Box 6975_x000D_
Dubai- UAE",0097143348129
Bait Al Maqdes Pharmacy - Dubai,DUBAI,Pharmacy,,"Arabilla Bldg., 15C St. Hor Al Anz East, Dubai",0097142667211
Bait Al Shifa New Pharmacy - Dubai,DUBAI,Pharmacy,,"Balsam Al Shifa New Pharmacy_x000D_
P.O.Box 7832_x000D_
Dubai- UAE",0097142666464
Bait Al Shifa New Pharmacy LLC Branch,DUBAI,Pharmacy,,"DP World Clinic, Near frigo Glass & Al Rostamani Logistic",0097148896399
Balsam Al Diyafa Pharmacy- Dubai,DUBAI,Pharmacy,,"P.O. Box: 12321, Al Diyafa",0097142823108
Balsam Al Garhoud Pharmacy - Dubai,DUBAI,Pharmacy,,"P.O. Box : 12321_x000D_
Dubai - UAE",0097142823108
Balsam Al Hadeetha Pharmacy - Dubai,DUBAI,Pharmacy,,"Balsam Al Hadeetha Pharmacy_x000D_
POB 12321_x000D_
Dubai, UAE",0097142823108
Balsam Al Jadeeda Pharmacy - Dubai,DUBAI,Pharmacy,,"Balsam Al Jadeeda Pharmacy_x000D_
POB 12321_x000D_
Dubai, UAE",0097142823108
Baniyas Life Pharmacy (Br of Life Pharmacy LLC) - Dubai,DUBAI,Pharmacy,,"Al Ashrfiah Building, Near Clock Tower, Deira, Dubai
	
",0097142550173
Barsha Rose Gardens Pharmacy - Dubai ,DUBAI,Pharmacy,,"Shop # 1, Rose Gardens Hotel Apartment Bldg, Al Barsha 1, Dubai
",0097143792990
Bay Square Pharmacy - Dubai ,DUBAI,Pharmacy,,"Unit G-03, BB11,Next to Choitram Supermarket, Bldg. No.BB11, Bay Square, Business Bay, Dubai",0097145515344
Belhoul European Pharmacy - Dubai,DUBAI,Pharmacy,,"1st Floor, Dune Building, 2nd December Street, Al Badaa, Dubai",0097143454000
Beta Pharmacy - Mirdif - Dubai ,DUBAI,Pharmacy,,"Mirdriff City Centre 
Dubai 
UAE",0097142840678
Better Life Pharmacy - Dubai,DUBAI,Pharmacy,,AL Quoz,0097143414626
Bin Seray Pharmacy - Dubai,DUBAI,Pharmacy,,"P.O. Box: 71246
Dubai, UAE",0097143355446
Bin Sina 40 - Dubai,DUBAI,Pharmacy,,"Financial Center St.,
Dubai Mall",0097143253410
Bin Sina Emirates Pharmacy  - Dubai ,DUBAI,Pharmacy,,P.O. Box: Sheikh Zayed Road,0097143410346
Bin Sina Healthcare Pharmacy - Dubai,DUBAI,Pharmacy,,DHCC,0097144298242
Bin Sina Pharmacy - Dubai,DUBAI,Pharmacy,,"P.O.Box 11245
Dubai, UAE",0097142221071
BinSina 43 (Barsha Boutique) Dubai,DUBAI,Pharmacy,,Al Barsha Boutique Building - Dubai,97143950305
Bio Vista Pharmacy LLC - Dubai,DUBAI,Pharmacy,,"Shop No. 2, Sundos al Nahda Building, Dubai",0097142552575
Blue Bell International Pharmacy LLC - Dubai,DUBAI,Pharmacy,,"Ground Floor, Al Attar Business Centre, Near ADCB Metro Station, Karama, Dubai",0097143231366
Border Pharmacy (Silicon Oasis) Dubai,DUBAI,Pharmacy,,"Le Slarium Building, Tek Corporation, Nad Hessa Street, Dubai Silicon Oasis, Dubai, UAE",0097143793515
Burjeel Al Hayyat Pharmacy (Jebel Ali 1)Dubai,DUBAI,Pharmacy,,"Omran Camp, Hessyan Second Jabel Ali, Dubai",0097143519119
Burjeel Hospital for Advanced Surgery Pharmacy,DUBAI,Pharmacy,AL QOUZE IND.FIRST,"Sheikh Zayed Road, Near Nestle Building , Al Quoz Industrial 1st, Dubai",0097142700407
Burjuman Pharmacy LLC - Dubai,DUBAI,Pharmacy,,"Ground Floor, Khalid Bin Al Walid Street, Inside Burjuman Center, Bur Dubai, DUBAI ",0097145610000
C C S Life Pharmacy - Dubai,DUBAI,Pharmacy,,"Unit No. 2, Ground Floor, Shindagha City Centre, Bur, Dubai",0097145610000
CENTRAL UNITED PHARMACY (DEIRA) DUBAI,DUBAI,Pharmacy,,"SHOP NO: 001, MIRDIF CITY CENTER, DEIRA",97145610000
CLEMENCEAU MEDICAL CENTER FZ-LLC PHARMACY,DUBAI,Pharmacy,,"PLOT 22, DUBAI HEALTHCARE CITY PHASE 2, NEAR MARRIOT RESIDENCE,AL JADAF",097142481111
Canadian Specialist Hospital Pharmacy - Dubai,DUBAI,Pharmacy,,"Abu Hail, Deira, Dubai (In-Patient Pharmacy)",0097147072222
Care & Cure Pharmacy - Dubai,DUBAI,Pharmacy,,"Discovery Gardens
P.O. Box: 22958",0097144390384
Care Mark Pharmacy (Silicon Oasis) Dubai,DUBAI,Pharmacy,,"Dubai Silicon Oasis, Bin Ghatti Vista, Shop no. 2, Dubai, UAE",0097143310044
Care Well Pharmacy - Dubai,DUBAI,Pharmacy,,"Al Qouz Mall, Shop No 20, Al Qouz Ind. 3, Dubai",0097143419008
Cedars Jebel Ali International Hospital Pharmacy - Dubai,DUBAI,Pharmacy,,"Dubal Road Near Jebel Ali Free Zone Gate #2, Jebel Ali Dubai",0097148814662
Central Market Pharmacy - Dubai,DUBAI,Pharmacy,,"Near to DAFZA metro station, Al Qusais,Dubai

P.O. Box : 50585",0097142613451
City Hospital Pharmacy- Dubai,DUBAI,Pharmacy,,"Dubai Health Care City
P.O. Box: 505004",0097144359999
City Land Life Pharmacy (Wadi Al Safa 4) Dubai,DUBAI,Pharmacy,,"Unit No. 260, City Land The Mall, Wadi Al Safa, Dubai, UAE",0097145610000
City Life Pharmacy - Dxb ,DUBAI,Pharmacy,,"Shop #2, City Tower 1, Near to crown Plaza,Sheikh Zayed Road, Dubai
",0097143410072
City Pharmacy - Dubai,DUBAI,Pharmacy,,"Showroom, Dubai PO Box: 24831
",0097142240566
City Relief Pharmacy (Deira) Dubai,DUBAI,Pharmacy,,"Sheikh Hashir Buidling, Shop No. 9, Opposite Khalid Masjid Naif Road, Deira, Dubai",0097142242951
Co-Operative Pharmacy - DXB,DUBAI,Pharmacy,,"P.O. Box: 71246
Dubai, UAE",0097142269283
Country Pharmacy -  Dubai,DUBAI,Pharmacy,,"Al Fahidi, Shaikha Latifa, P.O Box: 11476 ",0097143536689
Creek Life Pharmacy (Br. of Life Pharmacy) - Dubai Creek Residence - Dubai,DUBAI,Pharmacy,,"Unit No. DCA A01 - GFR 04 , Ground Floor, Dubai Creek Residence, Dubai",009714561000
DHA PHARMACIES,DUBAI,Pharmacy,,"DUBAI, UAE",971504546185
DR ABDULLA S PHARMACY (AMMAN ST) DUBAI,DUBAI,Pharmacy,,"MONA RESIDENCE BUILDING, AMMAN STREET, DUBAI",97142388778
DROPS PHARMACY EST (BARSHA 1) DUBAI,DUBAI,Pharmacy,,"TARDIS, BARSHA 1, DUBAI",97143206500
Dania Pharmacy (Hor Al Anz) Dubai,DUBAI,Pharmacy,,"Block No. 1, Plot No. 533.0, Makani No. 31868 96344, Nasser Ahmad Nasser Lootah Building, Hor Al Anz, Dubai",009742528266
Dar Al Naseem Pharmacy (Muhaisnah 4) Dubai,DUBAI,Pharmacy,,"Muhaisnah Plaza Building, Beirut Street, Muhaisnah 4, Dubai",0097142576266
Dar Al Noor Pharmacy LLC - Dubai,DUBAI,Pharmacy,,"Shaiban Building, Shop # 1-2, Naif Road, Deira, Dubai",0097142322080
Deira Life Pharmacy - Dubai ,DUBAI,Pharmacy,,"Shop#2,State 1 building, Abubaker Al Siddique Road,  Rigga, Dubai
",0097142380116
Diamond 3 Pharmacy - Dubai,DUBAI,Pharmacy,,"Near to Marina Metro Station Dubai Marina
",0097144537217
Docib Pharmacy - Dubai,DUBAI,Pharmacy,,"Desert Home Building, Oud Metha, Dubai Near Shk Rashid Hospital",0097143962270
Doha Pharmacy - Dubai,DUBAI,Pharmacy,,"Al Attar Tower
Sheikh Zayed Road
P.O.Box: 71246
Dubai, UAE",0097143430603
Dr. Joseph Polyclinic Community (Out Patient) Pharmacy - Dubai,DUBAI,Pharmacy,AL KARAMA,"Al Jaber Bldg. Next to Al Kifaf Apartments, Near Sunrise Supermarket, Karama, Dubai",0097143541663
Dr. Rami Hamed Center Internal Pharmacy,DUBAI,Pharmacy,,"Ground & 5th Floor, Building No. 52 (Al Biruni), Dubai Healthcare City, Dubai",0097142798200
Dragon Mart Pharmacy - Dubai ,DUBAI,Pharmacy,,"Dragon Mart Main Entrance
",0097143334133
Dragon Pharmacy - Dubai,DUBAI,Pharmacy,,"Dragon mart , BAN 05& 06
",0097143687409
Dream Pharmacy - Dubai,DUBAI,Pharmacy,,"Dream Tower Al Maya Supermarket , Marina
",0097144227844
Dubai Life Pharmacy - Dubai,DUBAI,Pharmacy,,"P.O. Box: 71246
Dubai, UAE",0097143291162
Dubai Medical University Hospital - Out-Patient Pharmacy - Dubai,DUBAI,Pharmacy,MUHAISNAH FIRST,"DUBAI MEDICAL UNIVERSITY HOSPITAL BUILDING
MUHAISNAH 1,STREET 33
Dubai",97142120055
Dubal Pharmacy (Aster) - Dubai,DUBAI,Pharmacy,,"Dubai, UAE",0097148022684
Dulsco Pharmacy (Br of Dulsco LLC) - Dubai,DUBAI,Pharmacy,,"Dulsco Village, Al Quoz Industrial Area 4, Dubai, UAE",0097143232442
Dulsco Pharmacy - Dubai,DUBAI,Pharmacy,,"Sheikh Mohammed Bin Zayed Road, Labor Village 1, Industrial City, Dubai email: clinic@duslco.ae",00097144216584
EMIRATES HOSPITALS AND CLINICS LLC BRANCH (AMBULATORY PHARMACY) CONRAD - DUBAI,DUBAI,Pharmacy,,"18th Floor, Conrad Business Towers, Sheikh Zayed Road, Dubai",97143728877
East Hill Pharmacy - Dubai,DUBAI,Pharmacy,,"Awqaf Building, Ground Floor Shop 1, Parco Area_x000D_
Jebel Ali Industrial Area 2",0097148877752
Elaj Pharmacy - Dubai ,DUBAI,Pharmacy,,"P.O. Box: 71246
Dubai, UAE",0097142683377
Emirates Hospital Pharmacy- Dubai,DUBAI,Pharmacy,,"P.O. Box: 73663
Dubai",0097143496666
Emirates Pharmacy (Discovery Gardens) Dubai,DUBAI,Pharmacy,,"Building 18, Ground Floor, Street 1, Zen Cluster Discovery Gardens, Dubai, UAE",00971582969058
Emirates Pharmacy (Karama) - Dubai,DUBAI,Pharmacy,,"Wasl Properties Building No. R364, Shop No. 5 , Al Karama, Dubai",009714387255
Emirates Pharmacy (Motor City) - Dubai,DUBAI,Pharmacy,,"Nad Al Sheba, Motor City, Dubai",0097145549370
Emirates Pharmacy - Dubai,DUBAI,Pharmacy,,"P.O Box : 211471, Botanica Tower, Marina , Duabi. ",0097143792136
Emirates Specialty Hospital Pharmacy (Dubai Healthcare City) - Dubai,DUBAI,Pharmacy,,Building No. 62 - Dubai Health Care City,009712484500
Experts Pharmacy - Dubai,DUBAI,Pharmacy,,"Shop 10, Al Khail Mall, P O Box 283699, Al Quoz 
Dubai",0097143307808
Extra Life Pharmacy - Dubai ,DUBAI,Pharmacy,,"Akas Inn hotel Apartment (behind Holiday Inn Al Barsha
",0097148855122
FAITH ACACIA PHARMACY LLC,DUBAI,Pharmacy,," AL SOUFUH SITES SOUFUH GARDENS, AL SOUFUH, DUBAI UAE
",97145831633
FAITH AHLAN PHARMACY (AL NAHDA) DUBAI,DUBAI,Pharmacy,,"SHOP NO 8, KING ABDA RASHID MOHAMMED ALI AL FALSI, AL NAHDA, DUBAI",97142641808
FAITH AL KHAIL PHARMACY (AL QUOZ 4) DUBAI,DUBAI,Pharmacy,,"SHOP. NO. 1 AL KHAIL HEIGHTS 1A-1B, AL QUOZ 4, NEAR TO AL QUOZ GENERAL STAR TRADING DUBAI, UAE",9714554273
FAITH CAP 1 PHARMACY (AL MIZHAR 1ST) DUBAI,DUBAI,Pharmacy,,"ENOC 1014  TUNIS RD AL MIZHAR FIRST - DUBAI
",97142255121
FAITH EUROPEAN PHARMACY LLC,DUBAI,Pharmacy,,"MEYAN MALL UM SUQAIM SECOND ROAD ADJACENT - AL THANYA - JUMEIRAH ST - DUBAI
",97142381881
FAITH JABAL PHARMACY (JEBEL ALI) DUBAI,DUBAI,Pharmacy,,"SHOP NUMBER 5 LABOUR CAMP BUILDING, JEBEL ALI INDUSTRIAL AREA FIRST, JEBEL ALI, DUBAI, UAE",97143965609
FAITH WALK PHARMACY (JBR) DUBAI,DUBAI,Pharmacy,,"AMWAJ, JBR, DUBA, UAE",97142641808
FAJAR ALSATWA PHARMACY LLC - DUBAI,DUBAI,Pharmacy,,"BUILDING #396, AL BADA OASIS BLDG., OPP. IRANIAN HOSPITAL EMERGENCY GATE P.O. BOX: 11578, AL HUDAIBAH STREET,SATWA, DUBAI, UAE",0097142981526
FAKEEH UNIVERSITY HOSPITAL PHARMACY - DUBAI,DUBAI,Pharmacy,,"Dubai Silicon Oasis, Dubai, UAE",97144144626
FESTIVAL LIFE PHARMACY BR OF LIFE PHARMACY LLC,DUBAI,Pharmacy,,"UNIT NO. - SU108 & SU109, GROUND FLOOR, FESTIVAL PLAZA, Dubai 
",97145610000
Faith Pharmacy - Dubai,DUBAI,Pharmacy,,"NEAR AL FUTTAIM MOSQUE, DEIRA, NAIF ROAD, DUBAI, PO Box 1201
",0097142365626
Faith Way Pharmacy - Dubai,DUBAI,Pharmacy,,"Jumeira 1- Dubai
P.O. Box; 24685",0097143798953
Faith Way Pharmacy LLC (Branch) - Dubai,DUBAI,Pharmacy,,"Center Residence, Al Muteena, Dubai, UAE",0097143327827
Fajer Mirdiff Pharmacy,DUBAI,Pharmacy,,"BURJ NAHAR BUILDING,MUTEENA, DEIRA",97142324233
Fajr Al Madina Pharmacy - Dubai,DUBAI,Pharmacy,,"Farnek Building, Al Quoz Industry 3, Dubai",0097143410401
Fajr Al Madina Pharmacy LLC Branch - Dubai,DUBAI,Pharmacy,,"Jabel Ali 1, Dubai",0097142974494
Farmax Pharmacy - Dubai,DUBAI,Pharmacy,,"Saih Shuaib 3, Dubai Industrial City, Dubai",0097148748355
Fawagee Pharmacy - DXB ,DUBAI,Pharmacy,,"P.O. Box: 71246
Dubai, UAE",0097142894111
Fawagee Scient. Pharm.-DXB,DUBAI,Pharmacy,,"P.O. Box: 71246
Dubai, UAE",0097142881800
Filli Pharmacy - Dubai,DUBAI,Pharmacy,,"Karama, Al Attar Center_x000D_
P.O.Box 15072_x000D_
Dubai, UAE",0097143969402
Fit For Life Pharmacy LLC - Dubai,DUBAI,Pharmacy,DUBAI INVESTMENT PARK FIRST,"Shop#8, Ground Floor, Ramlah Mall, Dubai Investment Park1, Jebel Ali, Dubai",0097148836865
GALLERIA UNITED PHARMACY (AL WASL RD) DUBAI,DUBAI,Pharmacy,,"SHOP NO: 13, (SHEIKHA HIND BIN MAKTOUM BIN JUMA AL MAKTOUM) GALLERIA MALL, NEXT TO JUMEIRAH POST OFFICE, BUR DUBAI, AL WASL ROAD",97145610000
GLUCARE INTEGRATED DIABETES CENTER LLC (PHARMACY)  DUBAI,DUBAI,Pharmacy,,"VILLA NO 1, JUMEIRAH 1, DUBAI",97142201570
GRAND UNITED PHARMACY (SHEIKH ZAYED) DUBAI,DUBAI,Pharmacy,,"SHOP NO: GF012, GROUND FLOOR, NEAR FASHION PARKING, DUBAI MALL, SHEIKH ZAYED STREET, DUBAI",97145610000
GSM GREENS PHARMACY LLC,DUBAI,Pharmacy,,"EUROPEAN BUSINESS CENTER, GROUND FLOOR G29, DUBAI INVESTMENT PARK FIRST, DUBAI
",97148833177
GULF PHARMACY LLC (BARSHA 1) DUBAI,DUBAI,Pharmacy,AL BARSHA FIRST,"Gulfdrug Building ,Al Barsha 1 
",97415014162
Gargash Hospital Pharmacy LLC,DUBAI,Pharmacy,," GARGASH HOSPITAL ,UM AL SHEIF ",97147030000
Gate Better Life Pharmacy - Dubai,DUBAI,Pharmacy,,"Shop 1&2, New West Zone Mall, Al Khail Gate, Dubai",0097145586281
German Medical Center Pharmacy (UMM HURAIR 2) DUBAI,DUBAI,Pharmacy,,"Ibn Sina Bldg. 27, Block B – 302 / 404, Umm Hurair 2, Dubai Healthcare City, Dubai",97144322989
Ghazal Al Jabal Pharmacy - Dubai,DUBAI,Pharmacy,,"Express Madeena, Muhaisna 2, Dubai",0097142540460
Ghazal Jumeirah Pharmacy - Dubai,DUBAI,Pharmacy,,"Mohd Bel Obaida Building, Satwa, Dubai",0097143494882
Globehealth Pharmacy LLC - Dubai,DUBAI,Pharmacy,,"Shop 4, Residence 0943, Hor Al Anz
Abu Baker Al Siddique Road
Dubai",0097142572447
Gold Life Pharmacy (Br of Life Pharmacy LLC) - Dubai,DUBAI,Pharmacy,AL QOUZ THIRD,"Unit no. GDP-5-G-R5-004, Gold and Diamond Park, Sheik Zayed Road, Dubai",0097143410243
Golden Life Pharmacy - DXB ,DUBAI,Pharmacy,,"P.O. Box: 71246
Dubai, UAE",0097143430077
Golden Sands Pharmacy - Dubai,DUBAI,Pharmacy,,"Al Ain centre - Bur dubai
P.O.Box 5585 
Dubai, UAE",0097143511444
Goodwill Pharmacy LLC,DUBAI,Pharmacy,,"JABAL ALI INDUSTRIAL 1
",0097148805790
Grand Infinity Pharmacy (Jebel Ali) - Dubai,DUBAI,Pharmacy,,"Project Muteena, SHOP NO:4,Next to GRAND EXCELSIOR HOTEL, Muteena, Deira, Dubai",0097143361148
Grand Infinity Pharmacy - Dubai,DUBAI,Pharmacy,MUHAISANAH FOURTH,"Shop #4, Ground Floor, Al Qasser Building, Beirut Street, Muhaisnah 4, Near Al Madina, Dubai  alt tel no: 04-2155775",0097142515458
Grand Life Pharmacy - Dubai,DUBAI,Pharmacy,,"P.O. Box: 71246
Dubai, UAE",00971504513790
Grand Muriat Pharmacy - Dubai,DUBAI,Pharmacy,AL HAMRIYA,"Ali Bin Salem Bin Jassim Mosque Building, Behind Al Hamriya Post Office, Hamriya, Deira, Dubai",0097142639986
Grand Royal Pharmacy - DXB,DUBAI,Pharmacy,,"P.O. Box: 71246
Dubai, UAE",0097143593445
Green Community Pharmacy - Dubai,DUBAI,Pharmacy,,"Green Community, DIP, Dubai
",0097148853636
HALA PHARMACY (Business Bay) Dubai,DUBAI,Pharmacy,,"Shops nos. 13 & 14,Ground floor, Water’s Edge Damac Maison Canal Views, Business Bay, Dubai",97144566737
HARLEY INTERNATIONAL MEDICAL CLINIC PHARMACY (MANKHOOL) DUBAI,DUBAI,Pharmacy,MANKHOOL,"NASHWAN BUILDING,III RD  FLOOR, D 303, 128, MANKHOOL
",97143986677
HEALTH FIRST PHARMACY 55,DUBAI,Pharmacy,,"G04, BLOCK A, BUILDING NO.27, DUBAI HEALTHCARE CITY, DUBAI, UAE
",97145776210
HEALTH FIRST PHARMACY 56,DUBAI,Pharmacy,,"UNIT P143 LEVEL POD EMIRATES FINANCIAL TOWERS, DUBAI INTERNATIONAL FINANCIAL CENTRE, DUBAI, UAE
",97145488253
HEALTHHUB PHARMACY (BR OF ALFUTTAIM HEALTH CARE SINGLE PERSON),DUBAI,Pharmacy,,"Grand Hypermarket Building , S08-M
""JABAL ALI INDUSTRIAL
FIRST""
",97145967201
HEALTHHUB PHARMACY BR. ALFUTTAIM HEALTHCARE SINGLE PERSON COMPANY (JEBEL ALI 1) DUBAI,DUBAI,Pharmacy,,"FESTIVAL PLAZA MALL, JEBEL ALI 1, DUBAI

",97142082127
HEALTHHUB PHARMACY8 (BR OF ALFUTTAIM HEALTHCARE SINGLE PERSON COMPANY LLC) AL BARSHA 1 - DUBAI,DUBAI,Pharmacy,AL BARSHA FIRST,"AL BARSHA FIRST Al Hawa Street ABDUL JALIL MAHDI MOHAMED AL ASMAWI SHOWROOM 3, DUBAI",97145967372
HORIZON HEALTH PHARMACY LLC,DUBAI,Pharmacy,,"AL THURAYA TOWER
TECOM
",971044541225
HTK Pharmacy - Dubai,DUBAI,Pharmacy,,"Doha Center Al Maktoom Street, Deira DUbai",0097142957776
Hafsa Pharmacy - Dubai,DUBAI,Pharmacy,,"ZEN 03 CLuster,Building 12 Shop, Shop 8, Discovery Garden Jebel Ali_x000D_
",0097144494089
Hakeem Pharmacy FZE (DUBAI SILICON OASIS),DUBAI,Pharmacy,,"IT plaza , Dubai Silicon Oasis 
11 Nad Hissa , DSO, Dubai 
",97142591709
Hala Pharmacy 13 - Dubai,DUBAI,Pharmacy,,"Shop # 22 & 24,S-6 Building, Spain Cluster,International City,Dubai
",0097144307562
Hala Pharmacy 14 - Dubai,DUBAI,Pharmacy,,"Shop No.1, Marina Diamond 5 (A) Dubai Marina, Dubai
",0097144305460
Hala Pharmacy 15 - Dubai,DUBAI,Pharmacy,,"Shop No5&6, Bldng No:Zen 2-020,Plot no169,Discovery Gradens, Dubai
",0097142766318
Hala Pharmacy 16 - Dubai,DUBAI,Pharmacy,,"Shop # S01,Bildg # N07,Persia Cluster, Internl City, Dubai UAE
",0097144306947
Hala Pharmacy 19 LLC - Dubai,DUBAI,Pharmacy,WARSAN FIRST,"S-16, P 17 Building , France Cluster, Al Warsan, International City, Dubai

",0097144307323
Hamriya Life Pharmacy - Dubai ,DUBAI,Pharmacy,,"Ground Floor,Union Co-operative Society,Hamriya Shopping Centre,Deira Hor Al Anz East,Dubai ",0097143205128
Hatta Pharmacy,DUBAI,Pharmacy,,"EMIRATES COOPERATIVE BLDG, GROUND FLOOR",97148521794
Health First 5 Pharmacy -  Dubai,DUBAI,Pharmacy,,"DTS Bldg., Shup# 5&6, Behind Union Merto Station",0097142280102
Health First Pharmacy 1 - Dubai,DUBAI,Pharmacy,,"Tamin House, Tecom",0097144377533
Health First Pharmacy 11 - Dubai,DUBAI,Pharmacy,,"Shop 8, Building 3, Beside Juicy Avenue, Bay Square, Business Bay, Dubai",0097144550100
Health First Pharmacy 2 - Dubai,DUBAI,Pharmacy,,"P.O.Box 15072_x000D_
Dubai, UAE",0097142287027
Health First Pharmacy 23 - Dubai,DUBAI,Pharmacy,,"Hamarain Centre_x000D_
P.O.Box 15072_x000D_
Dubai, UAE",0097142693618
Health First Pharmacy 24 (Al Twar) Dubai,DUBAI,Pharmacy,,Dubai International Airport - Al Twar - Dubai,97144329158
Health First Pharmacy 25 - Dubai,DUBAI,Pharmacy,,"Souk Extra Shopping Center-Barsha, Shop No S6, Grd Flr,Barsha-2,Next to Barsha 2-Park3",0097143992116
Health First Pharmacy 27 - Dubai,DUBAI,Pharmacy,,"IMPZ, Crescent Tower B Bldg., G01 Ground Floor, Meaisem First Community, Dubai",0097144253020
Health First Pharmacy 3- Dubai,DUBAI,Pharmacy,,Marina dubai,0097143999020
Health First Pharmacy 30 - Dubai,DUBAI,Pharmacy,,"Al Attar Center- Near Spinney's, Karama, Dubai",0097143709030
Health First Pharmacy 33 - Dubai,DUBAI,Pharmacy,,Shop No(G/A7) Al Kifaf Residential Building Al Karama Dubai,0097143963068
Health First Pharmacy 34- Dubai,DUBAI,Pharmacy,,"Shop No.3 Ibrahim Bin Albdulrahim Qassem Bldg._x000D_
Bur Dubai",0097143852791
Health First Pharmacy 37 - Dubai,DUBAI,Pharmacy,,"Mediterranean Building, Canal Residence West,Hessa Street,Dubai Sports City,Dubai
",0097143606023
Health First Pharmacy 38 - Dubai,DUBAI,Pharmacy,,"Saleh Bin Lahej Building 338, Oud metha, lamzy Plaza_x000D_
",0097143960695
Health First Pharmacy 4 - Dubai,DUBAI,Pharmacy,,"Unit G110, Lake SIde Right, Executive Rowers, business Bay",0097144587004
Health First Pharmacy 41 - Dubai,DUBAI,Pharmacy,,"Shop No 6, Uptown Mirdiff Mall_x000D_
Mirdiff Dubai_x000D_
P.O. Box: 87150",0097142882296
Health First Pharmacy 45 - Dubai,DUBAI,Pharmacy,,"Shop No:4,AlRawba Building,Opposite lulu super market,Halim Street,Al Barsha,Dubai
",0097143965891
Health First Pharmacy 48 - Dubai,DUBAI,Pharmacy,,"Shop No 5,Jumeirah Road,Opposite to Spinneys,Jumeirah 1, Dubai
",0097143430616
Health First Pharmacy 52 - Dubai,DUBAI,Pharmacy,,"White Crown Tower Building, Ground Floor, 34 Sheikh Zayed Road, Dubai",0097143253056
Health First Pharmacy 9 - Dubai,DUBAI,Pharmacy,,"Al barsha South, Summer 2 Jumeirah Village_x000D_
Dubai",0097144058681
Health Point Pharmacy (Al Barsha) Dubai,DUBAI,Pharmacy,AL BARSHA SOUTH FOURTH,"Unit No. 2 & 3, Chaimaa Premiere, JVC, Al Barsha South Fourth, Dubai",0097145610000
Healthhub Pharmacy (Br Alfuttaim Healthcare) Al Warqaa 1 - Dubai,DUBAI,Pharmacy,,"Al Warqaa 1, Al Warqa Street, Mushroom Building No. 3, Dubai",0097142186222
Healthhub Pharmacy (Br of Alfuttaim Health Care Single Person Company LLC) - Dubai,DUBAI,Pharmacy,,"Al Qusais, Dubai",0097142040454
Healthhub Pharmacy (Br of Alfuttaim Health Care Single Person company LLC) Tecom - Dubai,DUBAI,Pharmacy,AL THANYAH FIRST,"AL THANYAH FIRST ART, HEIGHTS SHOP 4,5,6, NEAR TECOM METRO STATION, DUBAI
",971523915802
Healthhub Pharmacy (Br of Alfuttaim Healthcare) Al Karama - Dubai,DUBAI,Pharmacy,," Al Kifaf Mansion Building , 11th street , Al Karama, Dubai",97145967121
Healthhub Pharmacy (Br of Alfuttaim Healthcare) Al Nahda 2 - Dubai,DUBAI,Pharmacy,,"Essa Saleh Al Gurg Building , Amman street , Al Nahda-2, Dubai",97145967355
Healthhub Pharmacy (Br of Alfuttiam Healthcare) Arabian Center - Dubai,DUBAI,Pharmacy,,Al Khawaneej St - Al Mizhar - Al Mizhar 1 - Dubai,9718002344
Healthhub Pharmacy (Br. Al Futtaim Healthcare) - Discovery Garden - Dubai,DUBAI,Pharmacy,,"ZEN Cluster - 3, Ground Floor, Building No. 6, Discovery Garden Jabel Ali- 1, Dubai",0097142040496
Healthhub Pharmacy (Br. Alfuttaim Healthhcare)  Silicon Oasis - Dubai,DUBAI,Pharmacy,,Nad Al Sheba - Lynx Tower Silicon Oasis - Dubai,0097142040499
Healthhub Pharmacy Br of Al Futtaim Healthcare Single Person Company LLC (Al Muteena),DUBAI,Pharmacy,AL MUTEENA,"AL MUTEENA STREET 58, BUILDING 1084 , NEXT TO VIVA SUPERMARKET ,DEIRA
",97145967368
Healthhub Pharmacy Br of Alfuttaim Health Care Single Person Company LLC (Dubai Festival City) Dubai,DUBAI,Pharmacy,,"Healthhub Day Surgical Center, Next to IKEA, Mezzanine Floor, Dubai Festival City, Dubai",97145967101
Healthhub Pharmacy Br. Alfuttaim Healthcare (International City) - Dubai,DUBAI,Pharmacy,,"Warsan 1st, Warsan Street, Warsan Building, IC1-77 Building, International City",0097143057655
Healthy Life Pharmacy - DXB,DUBAI,Pharmacy,,"P.O. Box: 71246
Dubai, UAE",0097143416801
Highway Pharmacy - Dubai,DUBAI,Pharmacy,,"enoc station, opp. Wasel hospital
",0097143334133
Hill Life Pharmacy LLC - Dubai,DUBAI,Pharmacy,,"41 Street, Wasl Hub Building. Dubai",0097143232286
Hills Community Pharmacy - Dubai,DUBAI,Pharmacy,,"Spring-14, Town Centre, Dubai
",0097143617575
Hope Care Pharmacy (Hor Al Anz) Dubai,DUBAI,Pharmacy,HOR AL ANZ,"Hamad Khalfan Building 1, 26th St, shop 7-8, Hor Al Anz, Dubai",0097142268881
IBN SINA 100 PHARMACY (AL QUDRA RD) DUBAI,DUBAI,Pharmacy,,"Al Qudra Rd - Dubai
",97143202302
IBN SINA 36 PHARMACY (BR OF IBN SINA GROUP PHARMACIES (L.L.C)),DUBAI,Pharmacy,,"Wasl 51
",97143854224
IBN SINA 39 PHARMACY (BR OF IBN SINA GROUP PHARMACIES (L.L.C)),DUBAI,Pharmacy,,"Al Barshaa - 2  aswaaq mall barshaa 2 Aswaaq Supermarket
",97143543210
IBN SINA 41 PHARMACY (BR OF IBN SINA GROUP PHARMACIES (L.L.C)),DUBAI,Pharmacy,,"Meydan Heights - Nad Al ShebaNad Al Sheba 1 - Dubai
",97143271417
IBN SINA 50 PHARMACY (BR OF IBN SINA GROUP PHARMACIES (L.L.C)),DUBAI,Pharmacy,AL WASL,"Wasl Trio
",97142500496
IBN SINA 52 PHARMACY (BR OF IBN SINA GROUP PHARMACIES )L.L.C,DUBAI,Pharmacy,,"Jumeirah Pavilion, Community Centre
",97144250584
IBN SINA 54 PHARMACY (BR OF IBN SINA GROUP PHARMACIES )L.L.C,DUBAI,Pharmacy,TRADE CENTER SECOND,"Trade Center - 2  Emirates Towers
",97143523073
IBN SINA 55 PHARMACY )BR OF IBN SINA GROUP PHARMACIES )L.L.C((,DUBAI,Pharmacy,,"alatar avenue center I-Rise
",97145521384
IBN SINA 58 PHARMACY (BR OF IBN SINA GROUP PHARMACIES (L.L.C)),DUBAI,Pharmacy,,"Emaar Square Building 1
",97144584338
IBN SINA 60 PHARMACY (BR OF IBN SINA GROUP PHARMACIES )L.L.C,DUBAI,Pharmacy,,"Ranches Souk(Wadi Alsafa 7) 
",97144293156
IBN SINA 61 PHARMACY (BR OF IBN SINA GROUP PHARMACIES (L.L.C)),DUBAI,Pharmacy,,"Umm Suqaim Mall, Coop
",97143465104
IBN SINA 62 PHARMACY )BR OF IBN SINA GROUP PHARMACIES )L.L.C,DUBAI,Pharmacy,," AL Hebiah-1 Dubai Land - Mudon  Al Salam Town Centre
",97145148927
IBN SINA 63 PHARMACY (BR OF IBN SINA GROUP PHARMACIES (L.L.C)),DUBAI,Pharmacy,,"Sheikh Zayed Rd - Jebel Ali Village - Dubai
",97145754893
IBN SINA 64 PHARMACY (BR OF IBN SINA GROUP PHARMACIES (L.L.C)),DUBAI,Pharmacy,,"Galleria Al Barsha
",97143205132
IBN SINA 67 PHARMACY (DUBAI HILLS MALL) DUBAI,DUBAI,Pharmacy,,"DUBAI HILLS MALL, DUBAI HILLS ESTATE, DUBAI",97143200253
IBN SINA 71 PHARMACY )BR OF IBN SINA GROUP PHARMACIES )L.L.C((,DUBAI,Pharmacy,,"Al Hebiah First First Avenue
",97145667627
IBN SINA 72 PHARMACY (THE GREENS) DUBAI,DUBAI,Pharmacy,,PANORAMA AT THE VIEWS AND GREENS - 6TH ST - THE GREENS - DUBAI,97144242065
IBN SINA 73 PHARMACY (BR OF IBN SINA GROUP PHARMACIES )L.L.C,DUBAI,Pharmacy,,"The Matrix
",97142424028
IBN SINA 74 PHARMACY )BR OF IBN SINA GROUP PHARMACIES )L.L.C((,DUBAI,Pharmacy,,"Al Mezhar - 1 Khartoum Street 7 Nwz West Zone Mall L.L.C.
",97142245307
IBN SINA 75 PHARMACY (MIRDIF) DUBAI,DUBAI,Pharmacy,,"MIRDIF, CORNER 47/78 STREET - DUBAI",97142204386
IBN SINA 78 PHARMACY (BR OF IBN SINA GROUP PHARMACIES (L.L.C)),DUBAI,Pharmacy,,"AL Hebiah-1 AL Hebiah-1 The New Springs Village
",97144252745
IBN SINA 80 PHARMACY )BR OF IBN SINA GROUP PHARMACIES )L.L.C((,DUBAI,Pharmacy,,"The Resisdence At Marina Gate 1
",97145897405
IBN SINA 81 PHARMACY (BR OF IBN SINA GROUP PHARMACIES (L.L.C)),DUBAI,Pharmacy,,"La Mer
",97143855578
IBN SINA 85 PHARMACY )BR OF IBN SINA GROUP PHARMACIES )L.L.C((,DUBAI,Pharmacy,,"Seventh Heaven, Al Barari Firm Management, Sheikh Mohammed bin Zayed Road, E311 Opposite to Global Village - Dubai
",97145472423
IBN SINA 86 PHARMACY )BR OF IBN SINA GROUP PHARMACIES )L.L.C((,DUBAI,Pharmacy,,"Box Park By Meraas
",97143427048
IBN SINA 87 PHARMACY (BR OF IBN SINA GROUP PHARMACIES (L.L.C)),DUBAI,Pharmacy,,"Al Qoze - 2  Al Khail Street Aswaaq Supermarket Al Quoz
",97143231128
IBN SINA 89 PHARMACY (BR OF IBN SINA GROUP PHARMACIES (L.L.C)),DUBAI,Pharmacy,AL KHWANEEJ FIRST,"Beside Geant Hypermarket - Al Khawaneej St - Al KhawaneejAl Khawaneej 1 - Dubai
",97145464606
IBN SINA 90 PHARMACY (AL SAFA 4) DUBAI,DUBAI,Pharmacy,,"CITY LAND MALL, WADI AL SAFA 4, BESIDE GLOBAL VILLAGE - E311 - DUBAI",97148786435
IBN SINA 92 PHARMACY (TRADE CENTRE 1) DUBAI,DUBAI,Pharmacy,,AL MOOSA TOWER 1 - TRADE CENTRE - TRADE CENTRE 1 - DUBAI,97142506121
IBN SINA 94 PHARMACY (INTERNATIONAL AIRPORT) DUBAI,DUBAI,Pharmacy,,DUBAI INTERNATIONAL AIRPORT,97143928373
IBN SINA 95 PHARMACY (BR OF IBN SINA GROUP PHARMACIES (L.L.C)),DUBAI,Pharmacy,,"Silicon Oasis - Souq Extra, Souq Extra Mall - Dubai
",97143201644
IBN SINA 96 PHARMACY (BR OF IBN SINA GROUP PHARMACIES (L.L.C)-DUBAI,DUBAI,Pharmacy,,"Souq Extra - Al QuozAl Quoz 1 - Dubai
",97142640718
IBN SINA 97 PHARMACY (BR OF IBN SINA GROUP PHARMACIES (L.L.C)-DUBAI,DUBAI,Pharmacy,,"Dubai Design District - Dubai

",097148761001
IBN SINA 98 PHARMACY )BR OF IBN SINA GROUP PHARMACIES L.L.C- DUBAI,DUBAI,Pharmacy,,"Mall - Festival Blvd  - Dubai
Dubai Festival City
",97142325234
IBN SINA 99 PHARMACY (JUMEIRAH 1) DUBAI,DUBAI,Pharmacy,,"Jumeirah Beach Rd - Jumeirah - Jumeirah 1 - Dubai
",97143400296
IBN SINA PHARMACY 66 - DUBAI,DUBAI,Pharmacy,,"Private owned , Building No:59, Floor: Ground Unit No: G02",97144228832
IBN SINA SCIENTIFIC PHARMACY (LAYAN COMMUNITY) DUBAI,DUBAI,Pharmacy,,"SPINNEYS, LAYAN COMMUNITY, LAYAN 27JM+Q3W, GROUND FLOOR - INSIDE SPINNEYS - DUBAI",97144580211
IBN Sina 51 Pharmacy br of (ibn sina Group Pharmacy),DUBAI,Pharmacy,,"Jebeel Ali - 1 Street 7 Discovery Pavilion
",97145516175
Ibn Al Azwar Pharmacy - Dubai,DUBAI,Pharmacy,,"Near Eppco Petrol Station, Ras Al Khor Industrial Area, Oman- Hatta Road, Dubai.",0097143331504
Ibn Roshd Modern Pharmacy - Dubai  ,DUBAI,Pharmacy,,"Al Mina Road , Next to Capital Hotal _x000D_
P.O Box 2099 ",0097143408786
Ibn Roshd Pharmacy - Dubai,DUBAI,Pharmacy,,"Dubai Real Estate Building, Al Mina Road, Dubai",0097143454518
Ibn Sina 21 Pharmacy - Festival City ,DUBAI,Pharmacy,,"P.o. Box: 11245
",0097142329757
Ibn Sina 29 Pharmacy - Dubai,DUBAI,Pharmacy,,"P.o. Box: 11245
Dubai Mall",0097142116666
Ibn Sina 30 Pharmacy ( Alphamed) - Dubai,DUBAI,Pharmacy,,"Al Khurtoom Street, Near Aswaaq Mall, Mizhar",97137133333
Ibn Sina 34 Pharmacy - Dubai,DUBAI,Pharmacy,,"Aswaaq Al Mizhar
P.O. Box: 1",0097142804340
Ibn Sina 38 Pharmacy - Dubai,DUBAI,Pharmacy,,"MIrdif City Center
P.O. Box: 11245",0097142116610
Ibn Sina 44 Pharmacy - Dubai,DUBAI,Pharmacy,,"P.O. Box: 11245, 
Trade Center Sconde
Jumeira Tower",0097143513249
Ibn Sina 45 pharmacy (br of ibn sina group pharmacies(L.L.C)),DUBAI,Pharmacy,,"Nakheel Mall
",97145686691
Ibn Sina Group Pharmacies (L.L.) BR 32- Dubai ,DUBAI,Pharmacy,,"Ibn  Batuta Mall
P.O. Box: 11245",0097142116666
Ibn Sina Pharmacy (31) - Dubai (Alphamed),DUBAI,Pharmacy,,"P.O. Box: 11245_x000D_
Mizhar",0097148105555
Ibn Sina Twenty Five Pharmacy - Dubai (Alphamed),DUBAI,Pharmacy,,"P.O Box: 11245, Jumeirah Beach Road 15
",0097143940934
International Modern Hospital Pharmacy - Dubai,DUBAI,Pharmacy,,"Sheikh Rashid Road, International Moden Hospital Building",0097144063030
Iqra Pharmacy - Dubai,DUBAI,Pharmacy,, Opp.Al Fattaim Masjid Naif Road  Deira Dubai P. O. box; 50585,0097142289164
J B R Life Pharmacy 2 - Dubai,DUBAI,Pharmacy,,"Shop No. 2406, Ground Floor, The Beach JBR, Dubai, UAE",0097145610000
J.B.R. Life Pharmacy-Dubai ,DUBAI,Pharmacy,,Jumeirah Beach Road,0097143410008
JBR Bahar Pharmacy - Dubai ,DUBAI,Pharmacy,,"Shp # P25, Bahar Tower - 4 Near Al Maya supermarket, JBR
",0097143659920
JBR Murjan Pharmacy  - Dubai,DUBAI,Pharmacy,,"Shp # P57, Murjan Tower - 2, Near Daily gourmet Supermarket, JBR
",0097144517202
JBR Sadaf Pharmacy - Dubai ,DUBAI,Pharmacy,,"Shp # P32, Sadaf Tower - 2, Near Al Maya Supermarket, JBR",0097143659925
JBR Shams Pharmacy - Dubai ,DUBAI,Pharmacy,,"Shp # PT24, Shams Tower-1, Near Al Maya Supermarket, JBR
",0097144253592
JEBAL ALI ADVANCED CARE PHARMACY LLC (INDUSTRIAL AREA 1) DUBAI,DUBAI,Pharmacy,,"CROWN MALL, GROUND FLOOR, SHOP NO: 26, JEBAL ALI INDUSTRIAL AREA 1
",97145693777
JVC Life Pharmacy - Dubai,DUBAI,Pharmacy,,"Shop # GS3,Opp to Bluemart Supermarket, Emirates Garden II- Mulberry, Al Barsha South 4th, Jumeirah Village Circle (JVC),Dubai",0097145578841
JVT Life Pharmacy - DXB ,DUBAI,Pharmacy,,"Shop G-02 & G-03, Near Milestone Supermarket,Imperial Residence Tower, JVT, Dubai  ",0097145511914
Jadaf Life Pharmacy (Br of Life Pharmacy LLC) - Dubai,DUBAI,Pharmacy,,"Retail #1, Riah Towers, Culture Village, Al Jeddaf, Dubai",0097145610000
Jansons Pharmacy - Dubai,DUBAI,Pharmacy,,"Opposite Al Raffa Police Station _x000D_
Bur Dubai_x000D_
P.O. Box: 121574",0097143514118
Jebel Ali Gardens Pharmacy - Dubai,DUBAI,Pharmacy,,"Enoc station, Behind ibn batuta Mall
",0097143334133
Jumeira Better Life Pharmacy -  Dubai,DUBAI,Pharmacy,,"Jumeira Village Circle
Shop no. 5, Bldg. M1
Amsa, Jumeira VIllage
",0097144472086
Karama Life Pharmacy (Br of Life Pharmacy LLC) - Dubai,DUBAI,Pharmacy,AL KARAMA,"Shop no. 1 & 2 , Al Karama Building , Karama , Dubai	
	
",0097143450875
Karama One Pharmacy - Dubai,DUBAI,Pharmacy,,"Shop# 2 n 3 Karama, Dubai",0097143796632
Khalidha Pharmacy - Dubai,DUBAI,Pharmacy,,"1st Floor, Office 103 &104, Shehar-E-Karachi Restaurant Bldg., Latifah Bint Hamdan St., Al Quoz Industrial Area -3, Dubai
",0097143952885
Kims Pharmacy - Dubai,DUBAI,Pharmacy,,"Next to Abu Bakar Al Seddique Metro Station, Al Dosari Building, Group Floor",0097142624500
Kings College Hospital London Pharmacy Br of KCH Healthcare (Dubai Hills) - Dubai,DUBAI,Pharmacy,,"Al Marabea Street, Al Khail Road, Dubai Hills Estate, Dubai",0097145199999
LIFE PHARMACY (FORTUNE) DUBAI,DUBAI,Pharmacy,,"UNIT NO. GR02, FORTUNE TOWER, DUBAI",97145610000
LIFE PHARMACY (OASIS) DUBAI,DUBAI,Pharmacy,,"UNIT A005, GROUND FLOOR, LULU HYPERMARKET, SILICON OASIS CENTRAL MALL, DUBAI SILICON OASIS, DUBAI",97145610000
LIFE PHARMACY (THE HILLS) DUBAI,DUBAI,Pharmacy,,"UNIT NO.R29, GROUND FLOOR, THE HILLS, DUBAI",97145610000
LIFE PHARMACY 101 BR OF LIFE PHARMACY (BEIRUT) DUBAI,DUBAI,Pharmacy,,"ENOC SITE 98, SHOP 3, BEIRUT ST, D 60, NEAR MADINA MALL, DUBAI, UAE",97145610000
LIFE PHARMACY 102 BR OF LIFE PHARMACY (MARRAKECH ST) DUBAI,DUBAI,Pharmacy,,"ENOC SITE 1005, SHOP 5, MARRAKECH ST, UMM RAMOOL, NEAR NEW RTA COMPLEX, DUBAI, UAE",97145610000
LIFE PHARMACY 103 (DUBAI SPORTS CITY) DUBAI,DUBAI,Pharmacy,,"ENOC SITE 1039, SHOP 3, DUBAI SPORTS CITY, DUBAI, UAE
",97145610000
LIFE PHARMACY 104 BR OF LIFE PHARMACY (INTERNET CITY) DUBAI,DUBAI,Pharmacy,,"ENOC SITE 1060, UNIT 4 (REST4) SHEIKH ZAYED ROAD, INTERNET CITY, DUBAI, UAE",97145610000
LIFE PHARMACY 105 - DUBAI,DUBAI,Pharmacy,,"BIN DAHI BUILDING, SHOP NO. 01 + M, PLOT NO: 232-113, DUBAI
",97145610000
LIFE PHARMACY 106 BR OF LIFE PHARMACY (JVC) DUBAI,DUBAI,Pharmacy,,"SHOP NO: 01, PLOT NO: 360, AURION RESIDENCE, JUMEIRAH VILLAGE CIRCLE",97145610000
LIFE PHARMACY 107 (BUSINESS BAY) DUBAI,DUBAI,Pharmacy,,"SHOP NO 13, 14 WATERS EDGE BUILDING, BUSINESS BAY, DUBAI
",97145610000
LIFE PHARMACY 108 (DUBAI HILLS MALL) DUBAI,DUBAI,Pharmacy,,"UNIT NO. DHM-LG-007, DUBAI HILLS MALL, DUBAI
",97145610000
LIFE PHARMACY 109 (JEBEL ALI 1) DUBAI,DUBAI,Pharmacy,,"SHOP NO: 4, 5 & 6, PLOT NO: 4620, ZEN 4, DISCOVERY GARDENS, JEBEL ALI 1, (FORMER ICARE CLINIC/EMIRATES HOSPITAL), DUBAI",97145610000
LIFE PHARMACY 110 BR. OF LIFE PHARMACY (MEAISEM 1) DUBAI,DUBAI,Pharmacy,,"RETAIL UNIT 16, LAGO VISTA-B BUILDING, ME’AISEM 1, IMPZ, DUBAI",97145610000
LIFE PHARMACY 116 BR OF LIFE PHARMACY (BUSINESS BAY) DUBAI,DUBAI,Pharmacy,,"SHOP NO: 04, BAYZ BY DANUBE, BUSINESS BAY, DUBAI, UAE",97145610000
LIFE PHARMACY 117 BR. OF LIFE PHARMACY (ARJAN) DUBAI,DUBAI,Pharmacy,,"PLOT NO: 278, RETAIL NO: 6, AL BARSHA SOUTH THIRD, ARJAN, DUBAI UAE
",97145610000
LIFE PHARMACY 118 (AL FURJAN) DUBAI,DUBAI,Pharmacy,,"SAWAN RESIDENCY,PLOT NO: AFMU029A, JEBEL ALI VILLAGE, AL FURJAN, DUBAI
",97145610000
LIFE PHARMACY 120 (OUD AL MUTEENA) DUBAI,DUBAI,Pharmacy,,"SHOP NO#7,AL MADINA SUPERMARKET, OUD AL MUTEENA, DUBAI
",97145610000
LIFE PHARMACY 121 ( AL KWANEEJ 2) DUBAI,DUBAI,Pharmacy,,"PLOT NO#2823154, SHOP NO#1,Q1 MALL, AL KWANEEJ 2, DUBAI
",97145610000
LIFE PHARMACY 122 BR OF LIFE - DUBAI,DUBAI,Pharmacy,,"SHOP NO#1,ABDULLA AL RASOOL BUILDING, DUBAI
",97145610000
LIFE PHARMACY 17 BR OF LIFE PHARMACY LLC - Dubai,DUBAI,Pharmacy,AL KHWANEEJ FIRST,"Unit No NC 03, Ground Floor, Al Khawaneej Mall Dubai
Al Khawaneej Mall Dubai",97145610000
LIFE PHARMACY 21 BR OF LIFE PHARMACY LLC - Dubai,DUBAI,Pharmacy,,"Unit No: .LG 168, Lower Ground Floor, Waitrose Entrance , The Dubai Mall, Dubai - UAE 
The Dubai Mall, Dubai",97145610000
LIFE PHARMACY 23 BR OF LIFE PHARMCY LLC-DUBAI,DUBAI,Pharmacy,,"MARINA DIAMOND A1
DUBAI MARINA
",97145610000
LIFE PHARMACY 24 (Dragonmart) Dubai,DUBAI,Pharmacy,,"Unit No. G-D-14, Dragonmart Complex 2, Dubai, UAE",97144566737
LIFE PHARMACY 26 BR OF LIFE PHARMACY LLC - DUBAI,DUBAI,Pharmacy,AL THANYAH THIRD,"Shop Number R VCC A8, Arabian Ranches I, Dubai, UAE",0097145610000
LIFE PHARMACY 27 BR OF LIFE PHARMACY LLC - Dubai,DUBAI,Pharmacy,WADI AL ASAFA 7,"Unit No. FF01-1, FIRST FLOOR, ARABIAN RANCHES II , Dubai
ARABIAN RANCHES II , Dubai",97145610000
LIFE PHARMACY 29 BR OF LIFE PHARMACY LLC - Dubai,DUBAI,Pharmacy,ME'AISEM FIRST,"Unit No. G 030, Ground Floor, City Centre Meaisem, Dubai UAE
City Centre Meaisem, Dubai UAE",97145610000
LIFE PHARMACY 44 (Oasis Center) Dubai,DUBAI,Pharmacy,,"Ground floor - Unit No. 1009, Oasis Center, Dubai, UAE. ",97144566737
LIFE PHARMACY 45 ( BFL SHOWROOM) DUBAI,DUBAI,Pharmacy,,"SHOP NO.2, BFL SHOWROOM (EX BRANDS FOR LESS), DUBAI
",97145610000
LIFE PHARMACY 46 (Al Nahda) DUBAI,DUBAI,Pharmacy,,"Unit no. 1410, Ground Floor, Arabian Centre, Al Mizhar, Dubai,UAE",97144566737
LIFE PHARMACY 47 (Town Square) Dubai,DUBAI,Pharmacy,,"Unit 2 &3, Nshama Community Centre, Town Square Dubai, UAE",97144566737
LIFE PHARMACY 48 (Al Mizhar) Dubai,DUBAI,Pharmacy,,"Unit no. 1410, Ground Floor, Arabian Centre, Al Mizhar, Dubai,UAE",97144566737
LIFE PHARMACY 51 (Golden Mile Galleria) Dubai,DUBAI,Pharmacy,,"Unit No. GM2-B-7-RT-23 B, Golden Mile Galleria, Dubai, UAE",97144566737
LIFE PHARMACY 52 (INTERNATIONAL CITY) DUBAI,DUBAI,Pharmacy,,"Building 28, Shop No. 11,13,14,15,16, France Cluster, International City, Dubai",097145610000
LIFE PHARMACY 53 (Al Warsan) Dubai,DUBAI,Pharmacy,,"Prime Residence 1, Al Warsan first, Dubai",97144566737
LIFE PHARMACY 54 (Dubai Creek) DUBAI,DUBAI,Pharmacy,,"GFR04, Ground Floor, Dubai Creek Residence South Podium, Dubai",97144566737
LIFE PHARMACY 56 (Al Safa Park) Dubai,DUBAI,Pharmacy,,"Unit No. B1-S1, Ground Floor, Al Safa Park Complex, Dubai, UAE.",97144566737
LIFE PHARMACY 58 (Al Thanyah) DUBAI,DUBAI,Pharmacy,,"Unit No. 29, Vida The Hills Podium, Al Thanyah Third Dubai.",97144566737
LIFE PHARMACY 59 BR OF LIFE PHARMACY LLC - DUBAI,DUBAI,Pharmacy,,"THE CIRCLE MALL JVC DUBAI
JVC
",97145610000
LIFE PHARMACY 65 (LIWAN) DUBAI,DUBAI,Pharmacy,,"SHOP NO: 04, GROUND FLOOR, LIWAN MALL, DUBAI, UAE",97145610000
LIFE PHARMACY 66 BR OF LIFE PHARMCY LLC-DUBAI,DUBAI,Pharmacy,,"AL AYYAN BUILDING
INTERNATIONAL CITY 2
",97145610000
LIFE PHARMACY 68 BR OF LIFE PHARMCY LLC-DUBAI,DUBAI,Pharmacy,,"shop No:02 , Nesto Hypermarket Burjil Nahar Mall deira dubai",97145610000
LIFE PHARMACY 69 BR OF LIFE PHARMCY LLC-DUBAI,DUBAI,Pharmacy,,"R&S BUILDING AL WARQA
",97145610000
LIFE PHARMACY 70 (JVR) DUBAI,DUBAI,Pharmacy,,"SHOP NO: 06 & 07, GROUND FLOOR, GMM TOWER, JUMEIRAH VILLAGE CIRCLE, DUBAI, UAE",97145610000
LIFE PHARMACY 71 (AL BARSHA SOUNT 4TH) DUBAI,DUBAI,Pharmacy,,"UNIT NO: R 02 IN MILANO GIOVANNI BOUTIQUE SUITES, AL BARSHA SOUTH FOURTH , DUBAI, UAE",97145610000
LIFE PHARMACY 72 (NAD AL SHIBA) DUBAI,DUBAI,Pharmacy,,"UNITS- G24,25,30 LOCATION:- AVENUE MALL - NAD AL SHIBA, DUBAI",97145610000
LIFE PHARMACY 73 (MARSA) DUBAI,DUBAI,Pharmacy,,"SHOP NO. 5, PRINCESS TOWER, (DUBAI MARINA) MARSA, DUBAI",97145610000
LIFE PHARMACY 74 (MARINA) DUBAI,DUBAI,Pharmacy,,"SHOP NO. 3, ELITE RESIDENCE, DUBAI MARINA, DUBAI",97145610000
LIFE PHARMACY 76 (AL RIGGA) DUBAI,DUBAI,Pharmacy,,"SHOP GF 05, PLOT 124-523, AL FARAA BUILDING, AL RIGGA, DUBAI, UAE",97145610000
LIFE PHARMACY 77 (BELJAFLA) DUBAI,DUBAI,Pharmacy,,"SHOP NO: 03, 04, & 05, PLOT NO: 333-396,MANILA MALL, BELJAFLA, SATWA, DUBAI",97145610000
LIFE PHARMACY 78 (BUR) DUBAI,DUBAI,Pharmacy,,"SHOP NO: 1, SOUK AL KABEER BUILDING, PLOT NO: 312-1040, NEXT TO BUR DUBAI BUS STATION, DUBAI, UAE",97145610000
LIFE PHARMACY 79 (AL KARAMA) DUBAI,DUBAI,Pharmacy,,"SHOP 3, AL ZAROONI BUILDING ,OPPOSITE TO BURJUMAN CENTER, AL KARAMA, DUBAI",97145610000
LIFE PHARMACY 80 BR OF LIFE PHARMACY LLC,DUBAI,Pharmacy,,"Shop 5 , Dolphin Hotel Apartments, Khalid Bin Waleed Road, Dubai, UAE",0097145610000
LIFE PHARMACY 81 (NEW MOTOR CITY) DUBAI,DUBAI,Pharmacy,,"SHOP R30 (EX FAB BANK), PLOT NO: 11, FOX HILL 5, NEW MOTOR CITY",97145610000
LIFE PHARMACY 82 (JVC) DUBAI,DUBAI,Pharmacy,,"10C,BUILDING,JVC,DUBAI,UAE",97145610000
LIFE PHARMACY 83 (DEIRA) DUBAI,DUBAI,Pharmacy,,"UNIT NO: RETAIL 01  & 02, PLOT NO: 4, BUILDING 1 (ONE DEIRA 1), DEIRA ENRICHMENT PROJECT,UAE",97145610000
LIFE PHARMACY 84 (DEIRA) DUBAI,DUBAI,Pharmacy,,"UNIT NO: 02, PLOT NO: 1, BUILDING 1 (OSHA 1), DEIRA ENRICHMENT PROJECT,DUBAI,UAE",97145610000
LIFE PHARMACY 85 (JVC) DUBAI,DUBAI,Pharmacy,,"UNIT NO#02,AMSA2,AL ALBARSHA SOUTH4,JVC,DUBAI,UAE",97145610000
LIFE PHARMACY 86 (AL NAHDA 2) DUBAI,DUBAI,Pharmacy,,"SHOP NO: 1, NESTO HYPER MARKET, AL NAHDA 2, DUBAI, UAE",97145610000
LIFE PHARMACY 87 (NAL AL SHIBA 3) DUBAI,DUBAI,Pharmacy,,"GROUND CAFE NO. 01, PLOT 616-5116, THE ARCH MALL, NAD AL SHIBA 3,DUBAI,UAE",97145610000
LIFE PHARMACY 88 (MAJAN) DUBAI,DUBAI,Pharmacy,,"ANDALUSIA MALL,MAJAN,DUBAI,UAE",97145610000
LIFE PHARMACY 94 (UMM SEQUIM 2ND) DUBAI,DUBAI,Pharmacy,,"SHOP NO. 3, PLOT 362 - 1068,  MOHAMED SAEED RASHED AL TAYER BUILDING, JBR, UMM SEQUIM 2ND",97145610000
LIFE PHARMACY 95 (DUBAI LAND) DUBAI,DUBAI,Pharmacy,,"SHOP NO: 9 & 10, PLOT NO: 648-9145, TURTLE AVENUE, DUBAI LAND RESIDENTIAL COMPLEX, DUBAI",97145610000
LIFE PHARMACY 96 (AL WARSAN) DUBAI,DUBAI,Pharmacy,,"SHOP 29, 30 &31, GEEPAS COMMERCIAL CENTER, AL WARSAN, DUBAI, UAE",97145610000
LIFE PHARMACY 97 (BUSINESS BAY) DUBAI,DUBAI,Pharmacy,,"SHOP NO. 13, WATER EDGE, BUSINESS BAY, DUBAI",97145610000
LIFE PHARMACY 98 (ROLLA ST) DUBAI,DUBAI,Pharmacy,,"AL BUKHASH BLDG,ROLLA STREET,DUBAI,UAE",97145610000
LIFE SILICON PHARMACY (Dubai Silicon Oasis) Dubai,DUBAI,Pharmacy,,"Showroom  G01, Palace Tower T1 , Opposite Choithram Supermarket , Dubai Silicon Oasis, Dubai UAE",97144566737
LIFE `PHARMACY 45 (Al Warqa) Dubai,DUBAI,Pharmacy,,"Shop 4 to 8, Raja & Sister Building, Plot 421-688, Opposite to Al Kabayal, Al Warqa, Dubai, UAE",97144566737
LIWAN PHARMACY LLC (LIWAN) DUBAI,DUBAI,Pharmacy,,"SHOP NO 1, MHA WADI AL SAFA 2,LIWAN, DUBAI

",0045809651
La Riviera Life Pharmacy (Br of Life Pharmacy LLC) - Dubai,DUBAI,Pharmacy,,"Unit S02 in La Riviera Tower, Dubai Marina, Dubai",0097145610000
Life Abu Hail Pharmacy - DXB ,DUBAI,Pharmacy,,"Hor Al Anz East, Abu Hail Residence, Dubai
",0097143345553
Life Al Bada Pharmacy - Dubai ,DUBAI,Pharmacy,,"S # 1; Al Badaa Bldg,P 78 Al Badaa,Dubai
",0097143596837
Life Al Barsha Fourth 2 (Br of Life Pharmacy LLC) - Dubai,DUBAI,Pharmacy,AL BARSHA SOUTH FOURTH,"Shop no. 1, Prime Business Center A, Al Barsha South Fourth (Plot no: 240), Dubai
",0097144566737
Life Al Barsha Pharmacy-DXB ,DUBAI,Pharmacy,,"Near Lulu hyper Market
Al Barsha",0097143473451
Life Al Barsha South Fourth (Br of Life Pharmacy LLC)-Dubai,DUBAI,Pharmacy,AL BARSHA SOUTH FOURTH,"Shop no. G01-B, Manhattan Building, Near Choithram , JVC Village No. 2,  Al Barsha South Fourth Community, Dubai		
",0097142417418
Life Al Hamriya (Br of Life Pharmacy LLC) - Dubai,DUBAI,Pharmacy,,"Unit A, Ground floor, Fathima Hypermarket, Khalid Bin Al Waleed Rd., Bur Dubai, Dubai	",0097143571148
Life Al Karama Pharmacy -Dubai ,DUBAI,Pharmacy,,"Near Burger King  Next to Ministry of Health
",0097143969774
Life Al Mizhar First (Br of Life Pharmacy LLC) - Dubai,DUBAI,Pharmacy,AL MIZHAR FIRST,"Unit no. 2630, Arabian Center, Al Mizhar, Dubai",0097142360046
Life Al Nahda Pharmacy - Dubai,DUBAI,Pharmacy,,"Shop # 3, Twin Tower, Plot # 241-555, Al Nahda , Dubai 
",0097142636919
Life Al Qusais Pharmacy - DXB,DUBAI,Pharmacy,,"Near Icare Clinic,Al Huraiz Building, Damascus Street, Dubai",0097142633318
Life Al Riqqa 2 (Br of Life Pharmacy LLC) - Dubai,DUBAI,Pharmacy,,"Shop # AGC 30, Ground Floor, Al ghurair Centre, Dubai",009714561000
Life Al Riqqa Pharmacy - Dubai ,DUBAI,Pharmacy,,"Shop# F67, Opp. To Carrefour, Al Ghurair Centre, Al Riqqa, Dubai
",0097142248362
Life Al Shab Pharmacy - Dubai,DUBAI,Pharmacy,,"Shop 1 & 2, Plot # 127-0422, Malik Building, Al Shaab Colony, Hor Al Anz, Dubai
",0097143205629
Life Al Warqa 2 (Al Warqa First) Dubai,DUBAI,Pharmacy,AL WARQA'A FIRST,"Shop No. 5, Ground Floor, Al Jabri Building, Al Warqa First, Dubai, UAE",0097145610000
Life Al Warqa Pharmacy - Dubai ,DUBAI,Pharmacy,,"Shop 1 & 2,  Hamdan Al Shaikh Mejren Mohammad Ahmad Al Kendi Al Merri Bldg. , Al Warqa 1st, Dubai",0097142865244
Life Al Yalayis 1 (Br of Life Pharmacy 3 LLC) - Dubai,DUBAI,Pharmacy,,"Unit No. MIRA - GF-005, Mira Town Centre, Al Qudra Street, Al Reem Tower, Reem Community, Dubai	
	
",0097143683426
Life DIP Pharmacy - Dubai ,DUBAI,Pharmacy,,"Near Choithrams  Supermarket, Market Mall, DIP,Greens, Dubai
",0097148851933
Life Express Pharmacy - Dubai ,DUBAI,Pharmacy,,"Near Welcare Hospital Al Garhoud , Dubai, Al Mamzar area
",0097142833422
Life Guard Pharmacy - Dubai,DUBAI,Pharmacy,,"Office No - 101 & 102 , Po.Box No - 392676, Eiffel Accommodation-2 BLDG, Opp: Belhasa Driving School , Near Al Khail Mall, Alquoz-3 , Dubai , U.A.E.",97143399162
Life Home HealthCare-Dubai,DUBAI,Pharmacy,,"LIfe Healthcare Group
P.O. Box: 71246
Al Barsha, Dubai",0097143624802
Life Island Pharmacy - Dubai,DUBAI,Pharmacy,,"Unit No: JI-B5 -RI-05D, Jumeriah, Pavilion Master Community, Dubai
",0097145610000
Life Mayfair Pharmacy -Dubai ,DUBAI,Pharmacy,,"S-02, Mayfair residence Tower, Business bay, Dubai
",0097145516840
Life More Pharmacy (Marabea' St.) Dubai ,DUBAI,Pharmacy,,3 Al Marabea' St - Dubai,0097142882044
Life Muraqabat Pharmacy - Dubai,DUBAI,Pharmacy,,"Shop#1,R471 building,Wasl Trio block A,Al Muraqabat Rd,Dubai
",0097142979201
Life One Pharmacy- Dubai ,DUBAI,Pharmacy,,"Life Healthcare Group
P.O. Bix: 71246
Al Barsha, Dubai",0097143335877
Life Pearl Pharmacy - Dubai ,DUBAI,Pharmacy,,"Shop#9, Marina pearl Buldg,Dubai Marina,Dubai
",0097145516770
Life Pharmacy (District 1) Dubai,DUBAI,Pharmacy,,"Unit No. 09RI, Building No. 64, Distirct 1, Block D, Ground Floor, DHCC, Dubai",0097145610000
Life Pharmacy - Clover Bay - Dubai,DUBAI,Pharmacy,,"Shop # 1, Clover Bay Tower, Business Bay, Dubai 
",0097145610000
Life Pharmacy - Dubai ,DUBAI,Pharmacy,,"White Swan Building, Shiekh Zayed Road, Dubai",0097143328385
Life Pharmacy - Lamcy Branch - Dubai,DUBAI,Pharmacy,,"Unit 134, Next to I care Clinic, Ground Floor, Lamcy Plaza, Dubai
",0097145610000
Life Pharmacy 10 (Br of Life Pharmacy LLC) - Dubai,DUBAI,Pharmacy,,"Shop # 6 , Ground Floor, Al Fattan Shopping Centre, JBR Walk, Dubai",0097145610000
Life Pharmacy 11 (Br. of Life Pharmacy) -Barsha -Dubai,DUBAI,Pharmacy,,"Shop No. 2, Near Creative Minds Shop, Barsha, Umm Seqeim Road, Dubai",009714561000
Life Pharmacy 12 (Sheikh Zayed Rd) Dubai,DUBAI,Pharmacy,,"Shop 1, The Tower, Financial Centre, Sheikh Zayed Road, Dubai",0097145610000
Life Pharmacy 13 (Al Hudaiba) Dubai,DUBAI,Pharmacy,,"Shop No.1, Carrefour, Al Hudaiba, Dubai",0097145610000
Life Pharmacy 15 (Hor Al Anz) Dubai,DUBAI,Pharmacy,,"Shop No. 13, Bayat Complex, Hor Al Anz East, Dubai",0097145610000
Life Pharmacy 16 ( Marsa) Dubai,DUBAI,Pharmacy,,"Unit No. R-18, ground Floor, Bluewaters Residences 8, Marsa, Dubai",0097145610000
Life Pharmacy 18 (City Walk 1) Dubai,DUBAI,Pharmacy,,"Shop No. 6, Ground Floor, City Walk 1, Dubai",0097145610000
Life Pharmacy 19 (Mirdif) Dubai,DUBAI,Pharmacy,,"Inside Carrefour, Mirdif City Centre, Dubai",0097145610000
Life Pharmacy 20 (Deira) Dubai,DUBAI,Pharmacy,,"Inside Carrefour, Deira City Centre, Dubai",0097145610000
Life Pharmacy 22 (Al Barshaa 1) Dubai,DUBAI,Pharmacy,,"Inside Carrefour, Mall of the Emirates, Dubai",0097145610000
Life Pharmacy 25 (Karama) Dubai,DUBAI,Pharmacy,,"Unit 6 to 12, AJSM Investment Building, (Old Family Supermarket) Karama, Dubai",0097145610000
Life Pharmacy 3 - Dubai ,DUBAI,Pharmacy,,"Shop FA-19, Dragon Mart 2, International City, Dubai. 
",0097143410008
Life Pharmacy 3 Branch - Dubai ,DUBAI,Pharmacy,,"LG01A, Next to Fitness First, Al Etihad Street, Deira City Centre, Dubai PO Box: 71246",0097142366021
Life Pharmacy 4 - Dubai ,DUBAI,Pharmacy,,"Shop LF15, Metro Link, Ibn Battuta, Dubai
",0097142779199
Life Pharmacy 5 - Dubai,DUBAI,Pharmacy,,"Shop#AT040A,First Floor, Dubai Festival City Mall, Dubai
",0097145610000
Life Pharmacy 7 - Dubai,DUBAI,Pharmacy,,"Al Furjan South-Unit # FRJP-R-24, Jebel Ali, Dubai
",0097543098682
Life Pharmacy 8 (Br of Life Pharmacy LLC) - Dubai,DUBAI,Pharmacy,,"Unit no. F11H, First Floor, Mall of Emirates, Dubai	
",0097145610000
Life Pharmacy Barsha Heights (Al Thanayah 3) Dubai,DUBAI,Pharmacy,,"Shop No. 8, Al Shaiba Tower, Barsha Heights (Tecom), Dubai, UAE",0097145610000
Life Pharmacy CCM (Mirdif) Dubai,DUBAI,Pharmacy,MIRDIF,"Unit No. D006A, Ground Floor, Mirdif City Centre, Dubai",0097145610000
Life Pharmacy DFC (Business Bay) Dubai,DUBAI,Pharmacy,,"Unit No. RC-021, First Floor, Dubai Festival City, Dubai, UAE",0097145610000
Life Pharmacy DIP 2 (Br of Life Pharmacy LLC) - Dubai,DUBAI,Pharmacy,DUBAI INVESTMENT PARK SECOND,"Unit No.6,Ramla Mall, DIP, Dubai			
",0097148802157
Life Pharmacy DMCC Branch - Dubai,DUBAI,Pharmacy,,"G11, Dubai Gate 1, Jumeirah Lakes Towers, Dubai		
",0097145610000
Life Pharmacy DWTC (Majlis) Dubai,DUBAI,Pharmacy,,"Shop No. R021.02, Concourse 1, Dubai World Trade Centre, Dubai, UAE",0097145610000
Life Pharmacy Damascus (Al Qusais) Dubai,DUBAI,Pharmacy,,"Shop No. 1, Next to Al Kabayl Center, Al Qusais 2 Bldg., Damascus St. Al Qusais, Dubai, UAE",0097145610000
Life Pharmacy Dusseldorf (Al Barsha 1) Dubai,DUBAI,Pharmacy,,"Shop No. 4, Dusseldorf Business Point, Al Barsha 1, Dubai, UAE",0097145610000
Life Pharmacy I B M 2 (Jebel Ali 1) Dubai,DUBAI,Pharmacy,,"Unit No. IBS-GF-54 & IBS-GF-54A, Court-S, Ibn Battuta Mall, Dubai",0097145610000
Life Pharmacy IBM (Jebel Ali 1) Dubai,DUBAI,Pharmacy,,"Unit No. IBS-GF-078, Persia Court, Ibn Batuta Mall, Dubai",0097145610000
Life Pharmacy JVT 2 - Dubai,DUBAI,Pharmacy,,"Shop No. R01, Next to Triangle Supermarket, Green Park Building, JVT, Dubai, UAE",0097145610000
Life Pharmacy Marina (Al Seba St) Dubai,DUBAI,Pharmacy,,"Ground Floor, DEC Dubai Marina Tower 2, Choitrams, Marina, Dubai",0097145610000
Life Pharmacy Marina Walk - Dubai,DUBAI,Pharmacy,,"Unit No. GA2, Ground Floor, Dubai Marina Towers Retails, Marina Walk, Dubai, UAE",0097145610000
Life Pharmacy N K Mall (Br. of Life Pharmacy) - Dubai ,DUBAI,Pharmacy,,"GF R29, Ground Floor, The Hills Dubai ",0097145610000
Life Pharmacy Two - Dubai ,DUBAI,Pharmacy,,"Al Kawakeb Bldg A, 1st Interchange,Sheikh Zayed Road, Dubai
",0097143550057
Life Pharmacy Village Mall (Jumeirah 1) Dubai,DUBAI,Pharmacy,JUMEIRA FIRST,"Shop No. 24 & 25, The Village Mall, Jumeirah First, Dubai",0097145610000
Life Plus Pharmacy (Bank St.) Dubai,DUBAI,Pharmacy,,"Ubl Building, Near Family supermarket, Bank Street, Bur Dubai, Dubai
",0097143513334
Life Rose Pharmacy -Dubai,DUBAI,Pharmacy,,"Shop - 10, E07 Building, Plot No 67, China Cluster, International City, Dubai
",0097145521395
Life Trident Pharmacy - Dubai ,DUBAI,Pharmacy,,"Shop No. R01 Near Marina Hotel Apt,Next to Blue Mart Suprmarket, , Marina Scape Tower, Dubai Marina
",0097145531092
Life Two Pharmacy LLC (Branch) - Dubai,DUBAI,Pharmacy,,"Shop # G84 & G85,Bay Avenue- Business Bay,Al Khaleej Al Tejari 1 Street, next to WHSmith Dubai
	
",0097145520750
Life Vision Pharmacy - Dubai ,DUBAI,Pharmacy,,"Shop G+1, Vision Tower, Business Bay, Dubai		 
",0097145543255
Live Care Pharmacy LLC - Dubai,DUBAI,Pharmacy,,"Shoppers Mall, Jebel Ali, Dubai",0097148845562
Liwa Pharmacy - Dubai ,DUBAI,Pharmacy,,"Victoria Residence
P.O.Box : 71246
Dubai, UAE


",0097143592266
Lotus Pharmacy - Dubai,DUBAI,Pharmacy,,"Shop #4, Saif Ali Rashid Building, Al Qusais - 1",0097143433134
Lulu Barsha Pharmacy - Dubai,DUBAI,Pharmacy,,"Lulu Hypermarket, Al Barsha, Dubai Near Mall of the emirates",0097143418828
Lulu Center Pharmacy - Dubai,DUBAI,Pharmacy,,"Lulu Hypermarket, Al Qusais, Dubai",0097142988771
Lulu Karama Pharmacy  - Dubai,DUBAI,Pharmacy,,"Lulu Hypermarket, Al Karama, Dubai",0097143369970
Luqman Pharmacy - Dubai,DUBAI,Pharmacy,,"P.O.Box: 57213 Satwa Main Road 
Dubai, UAE",0097143312654
MAS LIFE PHARMACY (AL SEEF) DUBAI,DUBAI,Pharmacy,,"UNIT NO. P1-08-1, MARSA AL SEEF,  DUBAI, UAE",97145610000
MEADOWS LIFE PHARMACY (Meadows Village) Dubai,DUBAI,Pharmacy,,"Unit no. GF-32, New Meadows Village, Dubai, UAE",97144566737
MED ONE PHARMACY  LLC  (AL QUSAIS 2) DUBAI,DUBAI,Pharmacy,,"AL QUSAIS PARK, AL FATTAN BUILDING AL QUSAIS 2, DUBAI",0097143412774
MEDI PRIME PHARMACY AL WARQA (BR OF MEDI PRIME PHARMACY (LLC) ) DUBAI,DUBAI,Pharmacy,,"AL WARQA CITY MALL, GROUND FLOOR AL WARQA 3, DUBAI, UAE",97147070999
MEDI PRIME PHARMACY NADD AL HAMAR (BR OF MEDI PRIME PHARMACY) DUBAI,DUBAI,Pharmacy,NADD AL HAMAR,"GROUND FLOOR, UNION COOP, NADD AL HAMAR, DUBAI, UAE
",97147070999
MEDICOM PHARMACY 1 - AL JAMEYA  PHARMACY - DUBAI,DUBAI,Pharmacy,,"Union Cooperative Society, Al Twar 1, Dubai
",0097142633677
MEDICOM PHARMACY 10 - AL SABA  PHARMACY - DUBAI,DUBAI,Pharmacy,,"Near Up Town Mall, Mirdif, Dubai
",0097142885995
MEDICOM PHARMACY 11 - NEW FLAME  PHARMACY - DUBAI,DUBAI,Pharmacy,,"Opp. Al Towar Centre, Al Qusais, Dubai
",0097142611551
MEDICOM PHARMACY 35 LLC,DUBAI,Pharmacy,,"BANIYAS SQUARE, DEIRA
",0097143455920
MEDICOM PHARMACY 36 LLC,DUBAI,Pharmacy,,"SH OMAR OBAID ALMAJIDS BUILDING
",009714948922
MEDICOM PHARMACY 37 LLC,DUBAI,Pharmacy,,"RAMLA INVESTMENT
",0097142597788
MEDICOM PHARMACY 5 - EMIRATES CO-OP  PHARMACY - DUBAI,DUBAI,Pharmacy,,"Emirates Cooperative Society, Al Twar, Dubai
",0097142649929
MEDICOM PHARMACY 6 - MAZAYA  PHARMACY - DUBAI,DUBAI,Pharmacy,,"Mazaya Centre,Sh Zayed Road, Dubai
",0097143435522
MEDICOM PHARMACY 7 - FLAME  PHARMACY - DUBAI,DUBAI,Pharmacy,,"Al Mizhar Mall, Al Mizhar-I, Dubai
",0097142876804
MEDSEVEN PHARMACY LTD (DIFC) DUBAI,DUBAI,Pharmacy,,"PARK TOWERS, UNIT P1-01, DUBAI INTERNATIONAL FINANCIAL CENTRE, DUBAI",97145647274
MERCURY PLUS PHARMACY (INDUSTRIAL AREA 1) DUBAI,DUBAI,Pharmacy,,"JEBEL ALI, UBAID ULLAH GROUND FLOOR SHOP NO.2 INDUSTRIAL AREA 1, DUBAI
",97142992294
MIRDIF PRIVATE HOSPITAL PHARMACY LLC (AL MIZHAR) DUBAI,DUBAI,Pharmacy,,"BESIDE MODERN EDUCATION SCHOOL, AL MIZHAR, DUBAI",97145889260
Madinat AlQuoz Pharmacy - Dubai,DUBAI,Pharmacy,,"Farnet Building, Al Rostamani Area, Al Quoz, Dubai",0097143388522
Manchester Community Pharmacy - Dubai,DUBAI,Pharmacy,,"Shop 2, Ground Floor, Manchester Tower 1, Dubai Marina, Marsa, Dubai
",0097143957205
Mansion Pharmacy - Dubai ,DUBAI,Pharmacy,,"Next to Marina Mall , Dubai Marina
",0097144537262
Marina Care 2 Pharmacy  - Dubai,DUBAI,Pharmacy,,"Iranian Hospital New Building,Al Wasl, Satwa, Dubai

",00971522133626
Marina Care Pharmacy - Dubai,DUBAI,Pharmacy,AL WASL,"Iranian Hospital Old Building, Satwa, Al Wasl Road, Dubai
",0097143436020
Marina Center Pharmacy (DIFC) Dubai,DUBAI,Pharmacy,,"Unit TB1 - 10, Level B1, Gate Building, Dubai International Financial Centre
",0097143637484
Marina Greens Pharmacy (Jebel Ali) Dubai,DUBAI,Pharmacy,,"Ground Floor, The Greens Village, The Greens, Jebel Ali, Dubai
Landmark: Near Choithram Supermarket",0097143663130
Marina Jumeirah Pharmacy - Dubai,DUBAI,Pharmacy,,"P.O. Box: 72640_x000D_
Dubai, U.A.E_x000D_
",0097143486710
Marina Life Pharmacy-Dubai ,DUBAI,Pharmacy,,"Life Healthcare Group
P.O. Box: 71246
Al Barsha, Dubai",0097144202447
Marina Old Town Pharmacy - Dubai,DUBAI,Pharmacy,,"P.O. Box: 72640_x000D_
Dubai, U.A.E_x000D_
",0097144201172
Marina Palm Pharmacy - Dubai,DUBAI,Pharmacy,,"P.O. Box: 72640
Dubai, U.A.E
",0097144355963
Marina Pharmacy (Burj Station) - Dubai,DUBAI,Pharmacy,,"Burj Khalifa Metro Station, Dubai",0097143809669
Marina Pharmacy (City Centre Station) - Dubai,DUBAI,Pharmacy,,"Deira City Center Metro Station,Al Ittihad, Dubai ",0097142500682
Marina Pharmacy (JBR) - Dubai,DUBAI,Pharmacy,,"Promenade/Paloma Bldg., Al Safouh Jumeirah Beach Residence, Dubdai
",0097144470955
Marina Pharmacy (Shorooq) - Dubai,DUBAI,Pharmacy,,"Shop #: G07, Shorooq Community Center, Mirdiff Dubai
",0097145587756
Marina Pharmacy (South Br) - Dubai,DUBAI,Pharmacy,AL BARSHA SOUTH FIRST,"Al Barsha South, My City Center, Um Suqeim Road, Dubai
",0097145541140
Marina Pharmacy Al Mustaqbal (Br of Marina Pharmacy LLC),DUBAI,Pharmacy,AL BADA'A,"B# 5, Valeant clinic, Bur Dubai, Al Wasl Street, Dubai
",0097143466889
Marina Pharmacy Care 1 (Al Wasl Road) - Dubai,DUBAI,Pharmacy,,Al Wasl Road Dubai Iranian Hospital,0097143466889
Marina Pharmacy Care 3 (Al Wasl Road) Dubai,DUBAI,Pharmacy,,"Al wAsl Road Iranian Hospital Polyclinic, Dubai",0097143466889
Marina Pharmacy Care 5 (Al Asayel St) Dubai,DUBAI,Pharmacy,,"Al Asayel St Iranian Clinic (Safa Clinic), Dubai",0097143466889
Marina Pharmacy City Walk (Al Albaany St) Dubai,DUBAI,Pharmacy,,"Al Albaany St. Next to Sh Zaid Road city Walk Phase 2, Dubai",0097143466889
Marina Pharmacy Gate (Sheikh Zayed Road) Dubai,DUBAI,Pharmacy,,"P.O. Box: 72640
Shop # 15, The Gate Building, Ground Floor, Dubai",0097144227914
Marina Pharmacy Golden Mile 1 - Dubai,DUBAI,Pharmacy,,"Golden Mile One Building, GoIden Mile Souq, Palm Jumeirah, Dubai
",0097144549550
Marina Pharmacy Golden Mile 2 - Dubai,DUBAI,Pharmacy,,"Golden Mile Two Building, GoIden Mile Souq, Palm Jumeirah, Dubai	
",00971522133626
Marina View Pharmacy - Dubai ,DUBAI,Pharmacy,,"Dubai Marina,Marina heights Building, Dubai
",0097144479780
Marsa Life Pharmacy - Dubai ,DUBAI,Pharmacy,,"Shop#7, Al Marsa Marina, MAG 218, Dubai Marina, Dubai",0097144298431
Mashreq Pharmacy - Dubai,DUBAI,Pharmacy,,"Opposite Fortune Grand Hotel Bin Hindi Building, Damascus Road, Al Qusais, Dubai
",0097142634081
Med Save Pharmacy - Dubai,DUBAI,Pharmacy,,"Near Union National Bank, Mirdiff
P. O. Box: 50585",0097142847600
Med X Pharmacy LLC - Dubai,DUBAI,Pharmacy,,"Bel Remaitha Club Building, Al Rebaat Street, Nad al Hamar, Dubai",0097142854641
Medcare Hospital MOSH Pharmacy - Dubai,DUBAI,Pharmacy,,"PO Box 215565 Sheikh Zayed Road, Sheikh Ahmad Bin Saeed Bldg.,Al Safa Dubai",0097143136666
Medcare Hospital Pharmacy - Dubai,DUBAI,Pharmacy,,"363 Medcare Hospital, opp. of Al Safa part Gate 1, Al Wasl Rd. Dubai PO Box 215565",0097144079116
Medcare Women and Childrens Hospital Pharmacy - Dubai,DUBAI,Pharmacy,,"Medcare Women & Child Hospital Br of Medcare Hospital Building, Al Safa 2, Dubai",0097143010888
Medeor 24X7 Pharmacy - Dubai,DUBAI,Pharmacy,,"Embassy District, Umm Hurair -1, Sheikh Khalifa Bin Zayed Street (D88)
In House Pharmacy",0097143500609
Medi Green Pharmacy  - Dubai,DUBAI,Pharmacy,,"Shop #3, Buhussain Building, DOHA street  AL Qusais -1, Dubai (near to Al Noor Poly Clinic & Dr.Joseph polyclinic)",0097142652535
Medi Green Pharmacy LLC Branch - Dubai,DUBAI,Pharmacy,,"18th Street, Frij Murar, Deira, Dubai",0097142542757
Medi Link Pharmacy - Dubai,DUBAI,Pharmacy,,"Shop B14_x000D_
Arabian Ranches Community Centre_x000D_
Dubai",0097143618218
Medi Prime Al Mizhar Pharmacy- DXB,DUBAI,Pharmacy,,"Arabian Centre Bldg., Ground Floor, Shop #1122, Al Khawaneej Road, Mirdiff,  Dubai , additional no. 0097147070691",0097147070690
Medi Prime Pharmacy - Dubai,DUBAI,Pharmacy,,"P.O.Box: 5239
Deira, Dubai,
UAE",00971427202333
Medi Prime Pharmacy - Reef Mall - Dubai,DUBAI,Pharmacy,,"3rd Floor of Reef Mall, Salahuddin Road, Deira, Dubai",0097147070575
Medi Prime Pharmacy Al Qusais Br of Medi Prime Pharmacy,DUBAI,Pharmacy,,"Ground Floor Al Qusais Plaza, Damascus Street, Al Qusais, Dubai",0097146079876
Medi Prime Pharmacy Barsha Heights (Br of Medi Prime Pharmacy LLC) - Dubai,DUBAI,Pharmacy,,"Ground Floor, the Onyx Tower 1, The Greens (Al Thanyah Third), Dubai, UAE",0097146079928
Medi Prime Pharmacy Jumeirah - Dubai,DUBAI,Pharmacy,,"Ground Floor, Al Ferdous 1, al Wasl Road, Al Safa, Dubai",0097146079928
Medi Prime Pharmacy Motor City - Dubai,DUBAI,Pharmacy,,"1st Floor, First Avenue Mall, Al Hebalah First Area, Motor  City, Dubai",0097146079928
Medi Prime Pharmacy RTA (RTA HQ) -Al Rashidiya- Dubai,DUBAI,Pharmacy,,"Ground Floor, Block C, RTA Headquarter, Um Ramool, Al Rashidiya, Dubai",0097146079928
Medicina 1 Pharmacy - Dubai,DUBAI,Pharmacy,,"Al Maktoum Steet, Wasl District Souq, Dubai PO Box: 31225",0097142943248
Medicina 2 Pharmacy - Dubai,DUBAI,Pharmacy,,"Nad Al Hamar, Nad Al Hamar Mall, Dubai",0097142898201
Medicina 3 Pharmacy,DUBAI,Pharmacy,,"THE MALL, OPPOSITE JUMEIRA BEACH HOTEL, JUMIERAH ROAD ",97143219943
Medicina 4 Pharmacy - Dubai,DUBAI,Pharmacy,,"Shop No.1 Grandiose Supermarket Jumeirah 2, Dubai


",0097145463322
Medicina Beach Road Pharmacy - Dubai,DUBAI,Pharmacy,,"Nadd Al Hamar, Shop #01, Nesto Hypermarket Nadd Al Hamar Dubai",97142239282
Medicina First Pharmacy - Dubai,DUBAI,Pharmacy,,"UMM SUQEIM FIRST
Building Name : Zia Medical Centre
Unit/Villa No : Shop #02
",00971043882677
Medicina Gate Avenue - Dubai,DUBAI,Pharmacy,,"Level 14 The Gate Building, DIFC, Dubai, UAE",97145786945
Medicina Pharmacy - Dubai,DUBAI,Pharmacy,,"Opp. Marine Home Interiors and Life Heatlhcare Group, Umm Suqeium Street, Al BArsha 2, DXB",0097143237202
Medicina Pharmacy 10,DUBAI,Pharmacy,,"MAISAN RESIDENCE BUILDING, DUBAI SCIENCE PARK, AL BARSHA SOUTH ",97144285505
Medicina Pharmacy 11 - Dubai,DUBAI,Pharmacy,,"Shop No 3, Ground Floor, Building #40, Dubai Healthcare City, Dubai",0097144547696
Medicina Pharmacy 12,DUBAI,Pharmacy,,"GROUND FLOOR, NEAR TO DU , DEIRA CITY CENTER  ",97142952422
Medicina Pharmacy 13,DUBAI,Pharmacy,,"MIRDIF 35, AL KHAWANEEJ ROAD ",97142280566
Medicina Pharmacy 14 (Medicina Group),DUBAI,Pharmacy,,"MEDICINA PHARMACY 14 (MEDICINA GROUP) REGAL TOWER,GROUND FLOOR,AL SA'ADA STREET BUSINESS BAY   ",97144425538
Medicina Pharmacy 15,DUBAI,Pharmacy,,"NEAR ENOC PETROL STATION, HESSA STREET ",97148875072
Medicina Pharmacy 16,DUBAI,Pharmacy,,"PARK CENTRE MIRDIF, NEAR MIRDIF PARK 1 ",97143456556
Medicina Pharmacy 18,DUBAI,Pharmacy,,"WARQA MALL, AL WARQA FOURTH ",97142710587
Medicina Pharmacy 39,DUBAI,Pharmacy,,"SHOP NO 5, UPTOWN MIRDIF ",97142883898
Medicina Pharmacy 5 - Dubai,DUBAI,Pharmacy,,"Grand Midwest View Hotel Apartment, Shk Zayed Road, Al Barsha 1, Dubai",0097143794954
Medicina Pharmacy 6 - Dubai,DUBAI,Pharmacy,,"Al Attar Business Centre, Al Barsha 1, Sheikh Zayed Road, Dubai",0097143993370
Medicina Pharmacy 7 - Dubai,DUBAI,Pharmacy,,"Al Khaleej Centre, Al Mankhool Road, Burdubai",0097143526663
Medicina Pharmacy 8,DUBAI,Pharmacy,,"NEAR MASS SUPERMARKET, AL WARQAA 1 ",97142800674
Medicina Pharmacy 9 - Dubai,DUBAI,Pharmacy,,"Shop 03 Western Community Center Wadi Al Safa 2, Dubai, UAE",97145149146
Medicina Pharmacy Branch 17,DUBAI,Pharmacy,,"NEXT TO CARREFOUR MARKET, NOVA BUILDING, DUBAI SILICON OASIS ",97143450503
Medicine Shoppe Micro Pharmacy- DXB Barsha-ASTER,DUBAI,Pharmacy,,"Al Barsha
Dubai",0097143237939
Mediclinic Al Sufouh Pharmacy -  Dubai,DUBAI,Pharmacy,,"No 13 Knowledge Village Tecom_x000D_
Dubai_x000D_
P.O. Box: 500723",0097143661030
Mediclinic Deira Clinic Pharmacy,DUBAI,Pharmacy,,"Port Saeed, Deira City Centre
P.O Box: 112222",0097142052713
Mediclinic Dubai Mall Pharmacy -  Dubai,DUBAI,Pharmacy,,"Borj Khalifa Dubai Mall_x000D_
P.O Box: 282890",0097144495111
Mediclinic Ibn Battuta Clinic Pharmacy - Dubai,DUBAI,Pharmacy,,"Shop 142, China Court Ibn Battuta Mall, Jebel Ali First, Dubai",0097144409000
Mediclinic Parkview Hospital LLC Pharmacy - Dubai,DUBAI,Pharmacy,,"AL Barsha South, Third Dubai",0097144168810
Mediclinic Welcare Hospital Pharmacy - Dubai,DUBAI,Pharmacy,,"Nasser Lootah Building
2nd Street Al Garhoud
P.O. Box: 31500",0097142828110
Medicom - Al Pharabi Pharmacy - Dubai,DUBAI,Pharmacy,,"Ground Floor, Al Hayam Hotel, Gold Souq, Dubai
",0097142264844
Medicom 12 - Dubai Century Pharmacy - Dubai,DUBAI,Pharmacy,,"Behind Bin Souqat Centre, Al Rashidiya, Dubai
",0097142859110
Medicom 13 - Home Pharmacy - Dubai,DUBAI,Pharmacy,,"Oppostie :- Karama Centre, Karama, Dubai
",0097143977739
Medicom 14 - Madina Mall - Dubai,DUBAI,Pharmacy,,"Madina Mall, Shop 1 17, Al Qusais
",0097142558733
Medicom 2 - Al Wasl Pharmacy - Dubai,DUBAI,Pharmacy,,"Mercato Centre, Jumeira Beach Road, Dubai
",0097143448333
Medicom 4 - Town Pharmacy - Dubai,DUBAI,Pharmacy,,"Town Centre, Jumeira Beach Road, Dubai
",0097143440077
Medicom 8 - Century Pharmacy - Dubai,DUBAI,Pharmacy,,"Century Mall, Hamriya, Dubai
",0097142965040
Medicom 9 - Al Qemma Pharmacy - Dubai,DUBAI,Pharmacy,,"Opp. Al Qusais Police Station, Al Qusais, Dubai
",0097142640818
Medicom Pharmacy 15 - Dubai,DUBAI,Pharmacy,,"Opposite KFC, Rigga Street",0097142297670
Medicom Pharmacy 16 - Dubai,DUBAI,Pharmacy,,"Near Sabka Bus Station, Dubai",0097142263614
Medicom Pharmacy 31 - Dubai,DUBAI,Pharmacy,,"Ahmed Ramadha Juma Building, Al Satwa, Dubai",0097143859232
Medicom Pharmacy 33 - Dubai,DUBAI,Pharmacy,,"Mohammed Al Mur Bin Shaikh Mejren Bin Sultan Building, Frij Al Murar, Deira Dubai",0097142733237
Medicom Pharmacy 34 LLC - Dubai,DUBAI,Pharmacy,,"Ground Floor, Cloud 8 Building, Al Qusais 1, Dubai",0097142544001
Medicure Pharmacy (Branch) - Dubai,DUBAI,Pharmacy,,"P.O. Box: 5719 Villa No. 5-B, Ruqiya Saleh Villa, Dubai",0097143984866
Medicure Pharmacy - Dubai,DUBAI,Pharmacy,,"Dubai Silicon Oasis 
Palace Tower
P.o. Box: 5719, Dubai",0097143926268
Medilife Pharmacy - Dubai ,DUBAI,Pharmacy,,"Shop #1, Choithram Bldg, Plot B/1416, Opp Safa Park, Al Wasl Dubai
",0097143237223
Medshop Gardens Pharmacy- Dubai,DUBAI,Pharmacy,,"Zen Cluster, Discovery Gardens
, Bldg 9 Shop No: 3
Discovery Gardens",0097144329596
Medstar Healthcare Pharmacy,DUBAI,Pharmacy,,"GULF TOWERS,GROUND FLOOR,NEAR KM TRADING ",97143577877
Mercato Family Pharmacy Co - Dubai,DUBAI,Pharmacy,,"Jumeira, 69th A Jumeirah Beach Road, Dubai",0097143854401
Mezhar Life pharmacy-Dubai,DUBAI,Pharmacy,,"Emirates CooperativeSociety, Al Mezhar, Dubai
",0097142571177
Mirdif Pharmacy- Dubai,DUBAI,Pharmacy,,"P.O. Box: 14029_x000D_
Dubai, UAE",0097142885481
Modern Bin Sina Pharmacy - Dubai,DUBAI,Pharmacy,,"Alphamed_x000D_
Modern Ibn Sina Pharmacy_x000D_
P.O.Box 11245",0097143986026
Modern Family Pharmacy- Dubai,DUBAI,Pharmacy,,"11 Umm Hurair Building, Zabeel Road, Karama, Dubai",0097143885633
Modern Life Pharmacy-Dubai,DUBAI,Pharmacy,,"Life Healthcare Group
P.O. Box: 71246
Al Barsha, Dubai",00971505589967
Modern Medi Prime Pharmacy- DXB,DUBAI,Pharmacy,,"Ibri House, Ground Floor, Sheikh Zayed Road, Dubai P.O. Box:  5239",0097143387387
Modern Pharmacy - Dubai,DUBAI,Pharmacy,,"P.O.Box 1586_x000D_
Dubai-UAE Al Maktoum Road Baniyas Deira ",0097142223879
Moorfields Eye Hospital Dubai Pharmacy,DUBAI,Pharmacy,,"P.O. Box: 50504, Dubai",0097144297888
Mother Pharmacy- Dubai,DUBAI,Pharmacy,,"P.O. Box: 81845
Next ro United Hyper Market, Dubai Cinema 
Hoor Al Hanz, Dubai",0097142974329
Motor Community Pharmacy - Dubai,DUBAI,Pharmacy,,"Emirates Road, Green Community, Motor City, Dubai
",0097144541527
Muhaisna Star Pharmacy-DXB,DUBAI,Pharmacy,,PO. Box 45491,0097142644034
Multi Care Pharmacy (Al Quoz) - Dubai,DUBAI,Pharmacy,,"Al Khail Gate Community Centre, Near Bluemart Hypermarket, Dubai",009714245863
Muriat Pharmacy - Dubai,DUBAI,Pharmacy,,"Hamad Rashd Hamad Ghedyer Building Opposite American Hospital Oud Metha, Dubai PO Box: 60052",0097143796771
Murshid Pharmacy - Dubai,DUBAI,Pharmacy,,"Al Bateena Building, Al Bateen, Murshid Bazar, Deira, Dubai",0097142252774
Musalla Al Quoz Pharmacy,DUBAI,Pharmacy,,"Al Khail Mall , Dubai",0097143285928
Musalla Sonapoor Pharmacy - Dubai,DUBAI,Pharmacy,,"Awlaf Building, Muhaisnah 2,Sonapoor, Dubai",0097142544461
NAD SHAMMA PHARMACY LLC,DUBAI,Pharmacy,,"NEW KADOOLI BUILDING
2A STREET 21
",971042514107
NAHDI PHARMACY BRANCH 3 (DUBAI HILLS MALL) DUBAI,DUBAI,Pharmacy,," Dubai hills mall

",97151988079
NAHDI PHARMACY BRANCH LLC 2 (AL BARSHA) DUBAI,DUBAI,Pharmacy,AL BARSHA SOUTH FOURTH,"GHALIA Tower	AL BARSHA SOUTH FOURTH

",971502825807
NAHDI PHARMACY LLC (AL WASL) DUBAI,DUBAI,Pharmacy,AL WASL,"UNION CO OP AL WASL,AL WASL STREET,47608
",0045911095
NAHDI PHARMACY LLC(Branch) DUBAI HILLS ESTATE - DUBAI,DUBAI,Pharmacy,,"PARK HEIGHTS 2, DUBAI HILLS ESTATE
",0045919737
NAHDI PHARMACY LLC(Branch) PALM JUMEIRA - DUBAI,DUBAI,Pharmacy,,"NAKHEEL MALL , PAM JUMEIRAH",0045726287
NAJMA AL MUSALLAH PHARMACY (AL QOUZ THIRD) DUBAI,DUBAI,Pharmacy,AL QOUZ THIRD,"OBEROI BUILDING	HADEEQ MOHAMMED BIN RASHID STREET (12,44 STREET)
",97145465079
NEO PHARMACY LLC BRANCH,DUBAI,Pharmacy,JABAL ALI FIRST,"SALIM ALI RASHID SUWAILIM
",97143885436
NEO PHARMACY LLC BRANCH-(BIN LAHEJI)-DUBAI,DUBAI,Pharmacy,,"KHALFAN MOHAMED BIN LAHEJI
",97143320266
NEO PHARMACY LLC BRANCH-DUBAI,DUBAI,Pharmacy,,"55 STREET , B NO 28

",97142360063
NEW ADVANCED CARE PHARMACY LLC,DUBAI,Pharmacy,,"""Souq No :4, Shop Number : 3,
Seihshoweb 4, Labour City 2,
Dubai Industrial City,
Dubai - UAE""
",97148786503
NEW HEALTH SIGN PHARMACY LLC (BUR) DUBAI,DUBAI,Pharmacy,,"SHOP NO.2, BOOKASH BUILDING, NEAR ASTORIA HOTEL, BUR DUBAI, UAE
",97143208755
NEW VIDA PHARMACY CO. LLC (MUHAISNAH 2) DUBAI,DUBAI,Pharmacy,,"Madina supermarket, MEDICAL FITNES CENTER - NEAR AL - Muhaisnah 2
",97143252525
NMC DIC Clinic and Pharmacy (Br of NMC Royal Hospital LLC) Out-Patient Pharmacy Dubai,DUBAI,Pharmacy,,"China Cluster D01, Shop # 11 & 20 Ground Floor, Warsan 1, Dubai",97148108808
NMC HOSPITAL PHARMACY BR OF NMC ROYAL HOSPITAL - DIP - DUBAI,DUBAI,Pharmacy,DUBAI INVESTMENT PARK FIRST,"PLOT NO 598-639, IN FRONT OF GREEN COMMUNITY, AL ZAROUNI BUILDING, DIP 1, DUBAI, UAE",97148108800
NMC Royal Hospital Pharmacy - Dubai,DUBAI,Pharmacy,DUBAI INVESTMENT PARK FIRST,"DIP 1 Residential Zone, Plot no 5981220, DIP Park 1, Dubai",0097148108868
NMC Speciality Hospital Pharmacy (Al Nahda) - Dubai,DUBAI,Pharmacy,,"NMC Speciality Hospital, Dubai- Al Nahda . PO BOX 7832",0097142679999
NOVITAS PHARMACY LLC,DUBAI,Pharmacy,WARSAN FIRST,"SPAIN CLUSTER, INTERNATIONAL CITY PRIME RESIDENCE II
",97145693389
NOVITAS PHARMACY LLC - BRANCH (JABAL ALI FIRST) DUBAI,DUBAI,Pharmacy,JABAL ALI FIRST,"JABAL ALI FIRST , CROWN MALL	G05	PO BOX 1166267134
",971044918666
NOVO PHARMACY LLC (BRANCH) DUBAI,DUBAI,Pharmacy,,"AL BAFTA GRAND DEIRA, G-FLOOR, AL MURAQABBAT ROAD, DEIRA, DUBAI, U.A.E.
",97145474214
NOVOMED CENTERS PHARMACY (MARINA) DUBAI,DUBAI,Pharmacy,,"Rm 3006 30th Floor Marina Plaza, Dubai Marina",0097145576235
Nad Al Hamar Pharmacy- Dubai,DUBAI,Pharmacy,,"Next to Khalil Mall, Al Rostamani Building Al Quoz, Dubai",0097143284298
Nahda Sahara Pharmacy LLC - Dubai,DUBAI,Pharmacy,,Dubai,0097142582750
Najmat Al Shams Pharmacy (Dubai Land Residence) - Dubai,DUBAI,Pharmacy,,"Dubai Land Residence Abidos Hotel Apartment, Dubai",0097145221453
Nakheel Pharmacy - Dubai,DUBAI,Pharmacy,,"Dubai healthCare city, Al Baker Bldg., next to Mashreq Bank
",0097144370530
Nature's Life Pharmacy Dxb ,DUBAI,Pharmacy,,"Al Wasl Road , Dubai, Jumeirah
",0097143441122
Neo Pharmacy (DIP-2) - Dubai,DUBAI,Pharmacy,,"Fakhree Centre LLC, Passons Hypermarket Building, Ground Floor, DIP-2, Dubai, UAE",0097148814919
Neuro Spinal Hospital Pharmacy (Al Barsha) - Dubai,DUBAI,Pharmacy,,"Dubai Science Park - Umm Suqeim St, Al Barsha South, Dubai",0097143420000
New Al Hadiqa Pharmacy - Dubai,DUBAI,Pharmacy,,"Jumeirah, Wasl Square, Jumeirah 
",0097143791553
New Al Kanz Pharmacy Br (JLT) - Dxb ,DUBAI,Pharmacy,,"Shop Mag 214 , JLT, Dubai  Cluster R, Dubai",0097145521830
New Al Kanz Pharmacy Br JLT Lakeshore,DUBAI,Pharmacy,,"Lakeshore Tower ( Bojwani), JLT,Dubai Cluster Y ,Dubai ",0097145521649
New Al Kanz Pharmacy Branch - Dubai ,DUBAI,Pharmacy,,"J2 Tower, Cluster J -JLT, Dubai UAE
",0097143929669
New Al Manara Pharmacy - Dubai,DUBAI,Pharmacy,,Tecom Investments FZ LLC,0097143604495
New Al Nahda Pharmacy - Dubai,DUBAI,Pharmacy,,"No. 1 Al Nahda 3 bldg, Bfre Emts Star Hotel Apart, Dubai
",0097142672855
New Al Neem Pharmacy - Dubai,DUBAI,Pharmacy,,"Express Al Madina Hypermarket Building, Shop No. 5, Jiwin Staff Accomodation, Al Quoz 2, Dubai
",0097143282121
New Al Quoz Pharmacy - Dubai,DUBAI,Pharmacy,,"Near New grand mall - Al Qouz
P.O. Box: 50585
Dubai, UAE
near old grand shopping  Mall , al qoz, ",0097143385854
New Al Shaima Pharmacy - Dubai,DUBAI,Pharmacy,,"Shop No. 4, Mozna Bldg., Opposite Union Cooperative Society, Al Qusais, Dubai",0097142616286
New Al Shifa Pharmacy - Dubai,DUBAI,Pharmacy,,"Builing No:20, Russian Cluster,Int'l City
International City
P. O. Box: 50585",0097144227474
New Al Suwaidi Pharmacy - Dubai,DUBAI,Pharmacy,,"Opposite KFC, Near Civil Defense Office, Satwa Roundabout, Dubai

",0097143859219
New Aster Pharmacy JLT - Dubai,DUBAI,Pharmacy,,"Shop no. G011-b, Red Diamond Building JLT
",0097143697728
New Better Life Pharmacy - Dubai,DUBAI,Pharmacy,,"BUIDLING NAME-AL QOUZ MALL , SHOP NO 26 , MAKANI NO-2075479749

",00971043423448
New Cosmopolitan Pharmacy - Dubai,DUBAI,Pharmacy,,"Ahmed Behzad Building, Al Fahidi Street, Bur Dubai",0097143536338
New Grand Murqabat Pharmacy - Dxb ,DUBAI,Pharmacy,,"Shop# 5 , AL Murqabat Street,  AL Murqabat Bldg., Dubai UAE.
",0097142552275
New Grand One Pharmacy - Dubai ,DUBAI,Pharmacy,,"Khalid Bin Walid Road, Al Mankhool Building, Dubai
",0097143518474
New Ibn Sina Pharmacy - Dubai,DUBAI,Pharmacy,,"Alphamed_x000D_
New Ibn Sina Pharmcy_x000D_
P.O.Box 11245_x000D_
Dubai-UAE",0097142954367
New Mamzar Pharmacy - Dubai,DUBAI,Pharmacy,,"Century Mall Shopping Mall, Deira, Al Mamzar Street, Dubai
",0097142967710
New Mankhool Pharmacy - Dubai,DUBAI,Pharmacy,,"Villa #108, Al Karama, Next to Jupiter Specialty Medical Center",0097143858580
New Mazaya Pharmacy Est - Dubai,DUBAI,Pharmacy,,"Shk Zayed Road, G06, Mazaya Shopping Centre, Dubai
",0097143211433
New Medi Prime Pharmacy Burjuman - Dubai,DUBAI,Pharmacy,,"3rd Floor BurJuman Center Khalid Bin Al Waleed Road, Bur Dubai",0097143584797
New Medicina Pharmacy - Dubai,DUBAI,Pharmacy,,"API 1000, Al Wasl Road, Dubai
",0097143853313
New Motor City Pharmacy - Dubai,DUBAI,Pharmacy,,"Uptown Motor city retail, Block B, NW Motor city, Dubai
",0097144474022
New Rashed Pharmacy (Hor Al Anz) Dubai,DUBAI,Pharmacy,,Inside Rashid Hospital Main Entrance,0097143338796
New Salah Aldin Pharmacy - Dubai ,DUBAI,Pharmacy,,"Shop # G-3,Al Waha Mosque-RS, Dubai Silicon Oasis
",0097143335822
New Sanaiya Pharmacy - Dubai,DUBAI,Pharmacy,,"Muhaisnah 2, Al Abbar Complex,  Near Madina Supermarket - SONAPUR, Dubai
",0097142648202
New Silicon Pharmacy (Br of Life Pharmacy LLC)  - Dubai,DUBAI,Pharmacy,NADD HESSA,"Retail 01, Le Presidium Tower, Dubai Silicon Oasis, Nadd Al Hessa, Dubai		
	
",0097143204410
New Smile Pharmacy - Al Quoz 2 Dubai,DUBAI,Pharmacy,,"Al Quoz 2, Dubai
",0097143381330
New Spring Pharmacy (Br of Life Pharmacy LLC) - Dubai,DUBAI,Pharmacy,AL THANYAH FIRST,"Unit No. NSPV-FF-26, The New Spring Village, Dubai		
",0097145610000
New SuperCare Pharmacy Media City - Dubai,DUBAI,Pharmacy,,"Dubai Media City,_x000D_
Bldg. No. 7",0097143902445
Nice Life Pharmacy - Dubai,DUBAI,Pharmacy,,"Ground Floor, Shop No:AG 12, Al Hudaiba Awards Building ,Block A, 2nd December Street, Jumeirah 1, Dubai",97145467076
Nile Pharmacy - Dubai,DUBAI,Pharmacy,,"Al Suloom Building, Dubai",00971042660132
Noor Al Iman Pharmacy - Dubai ,DUBAI,Pharmacy,,"Shop 1, Plot # 356-257, Jumeirah 3, Dubai
",0097143790110
Noor Al Madina Pharmacy (Al Quoz 1) Dubai,DUBAI,Pharmacy,,"Shop No. 7, Al Quoz 1, Dubai",0097143306606
Noor Al Mamzar Pharmacy - Dubai ,DUBAI,Pharmacy,,"Shop # 18,AB Plaza 1,Near Canadian Specialist Hospital, Al Mamzar 

",0097142669299
Noor Al Qusais Pharmacy -  Dubai,DUBAI,Pharmacy,,"DAMASCUSS STREET OPPOSITE SUNRISE SUPERMARKET NEAR DUBAI GRAND HOTEL, AL QUSAIS
P.O. BOX:",0097142633844
Noor Al Satwa Pharmacy- Dubai,DUBAI,Pharmacy,,"Inside Emirates Petrol Station – Satwa , Dubai
",0097143443221
Noor Al Shefaa Pharmacy - Dubai,DUBAI,Pharmacy,,"Abnaa Omar Obaid Al Majid, Naif Road, Deira, Dubai",0097142396671
Nova Advanced Care Pharmacy LLC - Dubai,DUBAI,Pharmacy,MUHAISANAH SECOND,"Shop # 17, Ground Floor, Shaklan Hypermarket 2, 32A Street, Near Al Qusais Bus Station, Dubai",0097142638227
Novo Pharmacy LLC (Branch) - Dubai,DUBAI,Pharmacy,,"Al Khaleej Road, Hyatt Regenecy Hotel, Dubai",0097142391516
Novo Pharmacy LLC - Dubai,DUBAI,Pharmacy,,"Al Garhoud, 2nd Street Shop #1, Al Asmawii Building Opp. Welcare Hospital, Dubai",0097142517434
OPENMINDS PSYCHIATRY COUNSELLING AND NEUROSCIENCE CENTRE (PHARMACY) AL BARSHA - DUBAI,DUBAI,Pharmacy,,"SHEIK ZEYED, THE ONE TOWER, 9TH FLOOR, 902-905, TECOM , AL BARSHA, DUBAI",97148761444
Oasis Life Pharmacy - Dubai ,DUBAI,Pharmacy,,"Residential Oasis, Ghusias, Dubai
",0097142586774
Oasis Pharmacy - Dubai,DUBAI,Pharmacy,,"Shop 13&14, Dubai Trade Centre Hotel, Apartments, Block A, Shk Zayed Road
",0097143313391
Orbit Star Pharmacy LLC - Dubai,DUBAI,Pharmacy,,"Shop # 1-2, Al Attar Business Avenue, Ground Floor, Barsha 1, Dubai",0097142348918
Our Life Guard Pharmacy (Jebel Ali),DUBAI,Pharmacy,,"SHOP # 5 , AL MEDINA SUPERMARKET COMPLEX, JEBAL ALI-A
70 STREET JEBAL ALI INDUSTRIAL AREA
",97145809681
PARADISE PLUS PHARMACY (DIP 2) DUBAI,DUBAI,Pharmacy,,"ALYALAIS STREET, SHOP NO. 9, ABOVE ALMAYA SUPER MARKET, DIP 2, DUBAI",97148848270
PRISTINE CARE PHARMACY (JEBEL ALI)  DUBAI BRANCH,DUBAI,Pharmacy,,"SHOP NO 13 , JABEL ALI INDIUSTRIAL AREA 1 JABEL ALI DUBAI
",97145548530
Palmstrip Pharmacy - Dubai,DUBAI,Pharmacy,,"Palmstrip Mall Building Jumeirah Beach Road Area, Dubai.

",009713862335
Panacea Pharmacy Madinat- Dubai,DUBAI,Pharmacy,,"Madinat Jumeriah souk,Shop no.90, Umm suqeum, Jumeriah beach road, Near to Burj al arab hotel
",0097142822209
Panacea Pharmacy REEF - Dubai,DUBAI,Pharmacy,,"Ground Floor, Reef Mall,Salah Al Din Road, Deira, Near to Ansar Gallery
",0097142239805
Panorama Rx Pharmacy (Al Thanyah 3) - Dubai,DUBAI,Pharmacy,,"Panorama Building, Unit No. 9, Next to Regent International School, Al Thanyah 3, Dubai, UAE",0097144557256
Park Better Life Pharmacy - Dubai,DUBAI,Pharmacy,,"Park Shopping Centre, DIP",0097148848859
Peoples Pharmacy - Dubai,DUBAI,Pharmacy,,"Pacifice Tecom, Shop #3, Vista Tower, Al Barsha 3

",0097144475425
Pharma One Pharmacy - Dubai,DUBAI,Pharmacy,,"Shop No. 4, Fatima Bldg., Beirut St., Muhaisnah 4, Dubai",0097142631107
Pharma Zone Pharmacy DIP LLC - Dubai,DUBAI,Pharmacy,,"Souq Extra Mall, Inside Ewan Residences, Shop 1, Opp. Al Maya Supermarket, DIP 1, Dubai",97148800001
PharmaChoice Pharmacy (DHCC) Dubai,DUBAI,Pharmacy,,"Building No. 57, Dr. Sulaiman Al Habib Hospital, Ground Floor, Dubai Healthcare City",97144297777
PharmaChoice Pharmacy Owned by Dr. Sulaiman Al Habib  Hospital FZ LLC One Person Company LLC - Dubai,DUBAI,Pharmacy,,"Dubai Healthcare City
",0097144297777
Pharmachoice Pharmacy Owned by Dr Sulaiman Al Habib Hospital One Person Company LLC - Dubai,DUBAI,Pharmacy,AL SAFA SECOND,"Indigo Central 1, Plot 357-0709, Ground Floor, Dubai",0097145813340
Pic Pax Pharmacy (Al Marqabat) Dubai,DUBAI,Pharmacy,,"SB18 RETAIL UNIT, AL GHURAIR CENTER	AL MARQABAT, DUBAI",0097142889955
Premier Pharmacy - Dubai,DUBAI,Pharmacy,,"Aboobaker Al Siddique Road, Inside Hamarain Centre, Deira, Dubai

",0097142699215
Primacare Pharmacy - Dubai,DUBAI,Pharmacy,MANKHOOL,"Mezzanine Floor, 240 Al Musalla Tower/ Mall, Bank Street, Khalid Bin Al Waleed Road, Al Hamriya Area, Dubai",0097143966123
Prime Hospital Pharmacy (Al Garhoud) Dubai,DUBAI,Pharmacy,,"Casa Blanca St, 
Prime Hospital
P.O. Box: 121205
Dubai",0097142929777
Primecorp Medical Center Al Warsan Pharmacy (Br Of Primecorp Medical Center LLC),DUBAI,Pharmacy,,"DUBAI MUNICIPALITY ACCOMMODATION, AL WARSAN 3
",97147070999
Pristine Pharmacy - Dubai ,DUBAI,Pharmacy,,"Shop#9, 10, 11a, 11b at Nile Region, Wafi Mall, Umm Hurair 2, Dubai",0097143852248
QAMAR AL MADINA PHARMACY (AL QUOZ 4) DUBAI,DUBAI,Pharmacy,AL QOUZ FOURTH,"Al Bonian Building, Opposite Sharafudeen Restaurant, AL QOUZ FOURTH, Dubai",97143556643
QUIRONSALUD MEDICAL INSTITUTE PHARMACY LLC-DUBAI,DUBAI,Pharmacy,AL WASL,"VILLA 1187, UMM AL SHEIF DISTRICT, DUBAI
",971434222228
Qalb Al Iman Pharmacy - Dubai,DUBAI,Pharmacy,,"Hamid Ibrahim Al Mazrooqi
Naif Rd, Deira
P.O. Box: 251465",0097142723240
Qamar Al Satwa Pharmacy- Dubai,DUBAI,Pharmacy,,"MATER SALEM OBAID AL ARTI BLDG,
AL BADA ST., AL SATWA
P.O. BOX: 99651, DUBAI
",0097143441720
RAHEQ AL AZHAR PHARMACY,DUBAI,Pharmacy,,"""Building Name: XPO Mall 
 Street Name: MADINAT HYPERMARKET Apartment/Villa Number: 4 
Area Name: Jebel Ali Industrial-1""
",0091748800703
RALS PHARMACY (AL QUSAIS) DUBAI,DUBAI,Pharmacy,,"Bin Shabib Mall, Ground Floor, Shop 12, Baghdad Street, Dubai
",009178007257
RIGHT HEALTH PHARMACY LLC (BRANCH) KARAMA - DUBAI,DUBAI,Pharmacy,,"AL YATEEM BUILDING, SHOP NO. 1 & 2, NEAR BURJUMAN METRO STATION, BACKSIDE OF BONANZA, KARAMA, DUBAI",97143488818
RIGHT HEALTH PHARMACY LLC (SONAPUR) DUBAI,DUBAI,Pharmacy,,"SUMAIYA AHMAD YOUSUF MOHAMMAD BUILDING,  GROUND FLOOR,  MUHAISANAH SECOND
",97143335502
RX Pharmacy - Dubai,DUBAI,Pharmacy,,"Ground Floor, Ahmed Plaza Building, Opposite to Al Futtaim Mosque, 
Naif Road, Deira, Dubai, UAE, P. O. Box 392734 ",0097143555129
Ramada Life Pharmacy - Dubai,DUBAI,Pharmacy,,"Al Musalla, Al Tawhidi Bldg., Near hotel Ramada, Bur Dubai
",0097143528104
Ramada Pharmacy (Hor Al Anz) Dubai,DUBAI,Pharmacy,,"Hor Al Anz East Area, Opposite Canadian Specialist Hospital, Abuhail, Dubai",0097142661842
Rand Pharmacy - Dubai,DUBAI,Pharmacy,,"Safa Tower, Sheikh Zayed Road, Dubai",0097143315780
Rashid Pharmacy - Dubai,DUBAI,Pharmacy,,"Near Guest Line Hotel ,Rigga Road Deira
P O Box No.: 50585, Dubai UAE",0097142211739
Real 10 Pharmacy - Dubai ,DUBAI,Pharmacy,,"Shop#1, Elite Building, Opp. Lulu Hyper market, Al Barsha, Dubai",0097143479744
Real 3 Pharmacy - Dubai ,DUBAI,Pharmacy,,"Shop no 1, Emart Supermarket, Umm Hurair, Dubai",0097143575446
Real 4 Pharmacy - Dubai ,DUBAI,Pharmacy,,"Po no 483, Shop no 3, Escaper Tower , Near Business Bay Metro, Dubai",0097143881558
Real 5 Pharmacy - Dubai ,DUBAI,Pharmacy,,"Al Nahda Twin Tower Bldg., Next to Carrefour Express, Aman Road, Al Nadha 2, Dubai
",0097142577545
Real 6 Pharmacy - Dubai ,DUBAI,Pharmacy,,"Shop # 1, Al Salaam Tower, Sheik Zayed Road,chelsea Dubai",0097143529988
Real 7 Pharmacy - Dubai ,DUBAI,Pharmacy,,"Ground Floor, E3 , Sabah Tower 1, Jumeirah Lake Towers, Dubai",0097144391776
Real 7 Pharmacy DMCC Branch - Dubai,DUBAI,Pharmacy,AL THANYAH FIFTH,"Shop PL-7, Lake Terrace, Cluster D, Jumeirah Lakes Towers, Dubai		
	
",0097142428798
Real 7 Pharmacy JLT Branch - Dubai ,DUBAI,Pharmacy,,"Unit# GS03, Plot# JLT - Ph1- A3, Lake Side Res Tower, DUbai
",0097145516506
Real One Pharmacy - Dubai ,DUBAI,Pharmacy,,"Shp # 1&2 Al Balooch Bldg, Near AlRafa Police st, Bur Dubai",0097143887704
Real Pharmacy - Dubai ,DUBAI,Pharmacy,,"Belselah Building, Next to Marina Furniture, Dubai",0097143413745
Relief Pharmacy - Dubai,DUBAI,Pharmacy,,"Opp. Al Futaim Mosque, 
Naif Road, Deira 
P.O. Box: 113894
Dubai, UAE",0097142285462
Riviera Life Pharmacy - DXB ,DUBAI,Pharmacy,,"SHOP # 1, Riviera Dreams Bldg,CBD Cluster,Next to Papa John Pizza, INTERNATIONAL CITY,DUBAI
",0097144564220
Rock Star Pharmacy - Dubai,DUBAI,Pharmacy,,"Peral Creek Hotel, Opposite Durraiya Kamal Medical Center, Dubai
",0097142348277
Rokn Al Mezher Pharmacy - Dubai,DUBAI,Pharmacy,,"Al Qusais, Dubai_x000D_
P.o. Box: 19382",0097142635469
Royal Grand Pharmacy - Dubai ,DUBAI,Pharmacy,,"France Cluster, International City next to Carrefour express, Dubai
",0097144474078
Royal Life Pharmacy-DXB ,DUBAI,Pharmacy,,"Mankhool Street, Sheikh Ahmed Tower",0097143529229
Royal Marina Pharmacy - Dubai ,DUBAI,Pharmacy,,"Al Barsha, Opp Abidos Hotel,Dubai
",0097143475991
Royal Memzar Pharmacy - DXB ,DUBAI,Pharmacy,,"Al Mamzar Centre, Dubai, Al Mamzar , Dubai
",0097142659552
Royal Pharmacy- Dubai,DUBAI,Pharmacy,,"Khalid Bin Walid Walid Road, Opp. Hotel Ascott, Dubai",0097143522426
Royal Ruby Pharmacy - Dubai,DUBAI,Pharmacy,,"Hassan Ali Ali Bhai Building, New Industrial Area # 3- Al Quoz, Dubai",0097143791121
Ruby Pharmacy - Dubai,DUBAI,Pharmacy,,"China Cluster H-6, International City, Dubai",0097144226899
RxNow Pharmacy (Al Barsha South 3rd) Dubai,DUBAI,Pharmacy,,"Shop 12 The Wings Block B
Al Barsha South Third
",97145820999
S Z R Life Pharmacy (Sheikh Zayed Road) -  Dubai,DUBAI,Pharmacy,,"Showroom No. 2, Al Kawakeb (D Block), Sheikh Zayed Road, Dubai, UAE",0097145610000
SBN 2 Pharmacy - Dubai,DUBAI,Pharmacy,,"Shop #5, Old Delhi Darbar Building, Naif Road, Near Naif Police Station, Deira, DUbai",0097142714040
SBN Pharmacy - Dubai,DUBAI,Pharmacy,,"Shop 1, Al Sabah Building, Baniyas Road, Deir Creek, Dubai",0097142955319
SEHA PHARMACY (KARAMA) DUBAI,DUBAI,Pharmacy,,"WASL ONYX BUILDING SHOP 9, KARAMA, DUBAI",97142848233
SHAJARAT AL NEEM PHARMACY LLC,DUBAI,Pharmacy,,"MINA JEBAL ALI
",00971523559564
SOUKARE PHARMACY L.L.C - DUBAI,DUBAI,Pharmacy,,DUBAI,971505536845
STAY WELL PHARMACY (DUBAI HILLS) DUBAI,DUBAI,Pharmacy,,"DUBAI HILLS MALL, HADAEQ SHEIKH MOHAMMED BIN RASHID, PLOT NO. 1460, DUBAI",97143773975
STAY WELL PHARMACY JUMEIRAH (BR OF UNITED MEDICAL SUPPLIES (UNIMED)) DUBAI,DUBAI,Pharmacy,,"Gallerial Mall, AL Wasel Street, Jumeirah DUBAI Po Box 118484",97143773869
STAY WELL PHARMACY SOUK ALKABEER (BR OF UNITED MEDICAL SUPPLIES (UNIMED)) DUBAI,DUBAI,Pharmacy,,"AL Souq Al Kabeer Building 2, Ground Floor Meena Bazar – Bur Dubai Po Box  118484


",9713273122
SULTAN PHARMACY LLC -DUBAI,DUBAI,Pharmacy,,"Shop NO 5 & 6 Al Souq Al Kabeer, Bur Dubai , UAE
Building Name - Zahra Hassan Mukhtar
Makani Number - 2803895108

",97143945392
SUPER CARE PHARMACY (UMM SUQEIM 2) DUBAI,DUBAI,Pharmacy,,"INSIDE DUBAI LONDON CLINIC & SPECIALTY HOSPITAL, UMM SUQEIM 2, DUBAI",97143504500
SUPER CARE PHARMACY LLC BRANCH (AL BARSHA 3) DUBAI,DUBAI,Pharmacy,,"Shop# G09 & G10, Union Co-Operative, Hessa Street, Al Barsha 3, Dubai
",971043504500
SUPER CARE PHARMACY LLC BRANCH (CENTRAL MALL) DUBAI,DUBAI,Pharmacy,,"Shop# G22, Central Mall, Khalid Bin Al Waleed Road, Dubai
Al Fahidi
",97145480990
SUPER CARE PHARMACY LLC BRANCH (GHURAIR) DUBAI,DUBAI,Pharmacy,,"Shop# F62, 1st Floor, Al Ghurair Mall, Opposite Carrefour, Al Rigga Road, Deira, Dubai
",97145488857
SUPER CARE PHARMACY LLC BRANCH (JUMEIRAH VILLA CIRCLE) DUBAI,DUBAI,Pharmacy,,"Shop# S-02, Spica Residence, Al Khail Road, Al Barsha South Fourth (Jumeirah Villa Circle), Dubai
",97143504500
SUPER CARE PHARMACY LLC BRANCH (MUHAISNAH FIRST) DUBAI,DUBAI,Pharmacy,,"Shop# 25, Al Khawaneej Street, Etihad Mall, Al Muhaisnah First, Dubai
",97143504500
SUPER CARE PHARMACY LLC BRANCH (OUD METHA) DUBAI,DUBAI,Pharmacy,,"Shop# 02, RTA Building, Umm Hurair Street, Oud Metha, Dubai
",97143504500
SUPER CARE PHARMACY LLC BRANCH (UMM SUQEIM) DUBAI,DUBAI,Pharmacy,,"Shop# S-20, Umm Suqeim Road, The Wings Podium Building, Al Barsha South Third, Arjan, Dubai
",97143504500
SUPER CARE PHARMACY LLC BRANCH (WADI AL SAFA 7) DUBAI,DUBAI,Pharmacy,,"Shop# 14, Serena Market, Serena community, Wadi Al Safa 7, Dubai
",971045488819
SUPER CARE PHARMACY LLC BRANCH DUBAI,DUBAI,Pharmacy,,"Al Warqa 1
Q1 Mall, Al Warqa 1, Dubai
",97145463325
SUPERCARE PHARMACY (ARABIAN RANCHES) DUBAI,DUBAI,Pharmacy,,"SHOP# GF-02, RESIDENTS CLUB BUILDING, WADI AL SAFA 7, DUBAI",97144562014
SUPERCARE PHARMACY (DOWNTOWN) DUBAI,DUBAI,Pharmacy,,"UNIT# G2, MOVENPICK HOTEL APARTMENTS, DOWNTOWN, DUBAI",97143504500
SUPERCARE PHARMACY (DUBAI HILLS MALL) DUBAI,DUBAI,Pharmacy,,"SHOP# G-074, DUBAI HILLS MALL, DUBAI",97142526603
SUPERCARE PHARMACY (DUBAI MALL) DUBAI,DUBAI,Pharmacy,,"SHOP# TDM-LG-196, LOWER GROUND, DUBAI MALL, DUBAI",97143504500
SUPERCARE PHARMACY (JLT) DUBAI,DUBAI,Pharmacy,,"SHOP# S-01, O2 RESIDENCES, AL THANYA FIFTH, JLT, DUBAI",97145681439
SUPERCARE PHARMACY (JVC) DUBAI,DUBAI,Pharmacy,,"UNIT# R-05, REEF RESIDENCE, AL BARSHA SOUTH FOURTH (JUMEIRAH VILLA CIRCLE), DUBAI",97143504500
SUPERCARE PHARMACY (VILLANOVA) DUBAI,DUBAI,Pharmacy,,"SHOP# 12, WADI AL SAFA 5, VILLANOVA MARKETPLACE, DUBAI",97143504500
Safa Society Pharmacy-DXB ,DUBAI,Pharmacy,,"Union Co-operative Building Opposite Safa Park, Jumeirah",0097143946618
Safe Way Pharmacy - Dubai,DUBAI,Pharmacy,,"Gardenia 2, Emirates Garden 1, District 12, Jumeirah Village Cirle (JVC), Dubai",0097143638598
Sahara Star Pharmacy - Dubai,DUBAI,Pharmacy,,"Bu Hail, Hamriya Shopping Centre, Dubai",0097142688485
Salah Aldin Pharmacy-DXB,DUBAI,Pharmacy,,"Salahudin Road, Deira, Dubai",0097142728233
Salubrity Valley Pharmacy LLC (Industrial Area 1) Dubai,DUBAI,Pharmacy,,"Transguard Accommodation, Ground Floor, Jebel Ali Camp 1, Industrial Area 1, Dubai
",97142507929
Samari Rx Pharmacy (Industrial Area 3) - Dubai,DUBAI,Pharmacy,,"Samari Retail Mall, Next to Samari Residence, Ras Al Khor Industrial Area 3, Dubai, UAE",0097143330538
Samary Pharmacy - Dubai,DUBAI,Pharmacy,,"Jebel Ali Industrial Area, Near Parco Hypermarket, Jebel Ali Mall, Dubai",0097148878011
Samer Pharmacy - Dubai ,DUBAI,Pharmacy,,"Shk.Hamdan Colony, Karama, Dubai
",0097143971909
Sands Community Pharmacy - Dubai,DUBAI,Pharmacy,,"Shop No. G 07, Remraam Community Centre, Al Hebiah Fifth, Hessa Street, Dubailand, U.A.E.",0097145576093
Sara Pharmacy - Dubai,DUBAI,Pharmacy,,"Spinneys, Karama
",0097143969999
Saudi German Hospital Pharmacy- Dubai,DUBAI,Pharmacy,,"Opposite of American School of Dubai, Al Barsha 3, Dubai

",0097143890000
Shefaa Al Madeena Pharmacy (Umm Suqeim 2) Dubai,DUBAI,Pharmacy,UMM SUQEIM SECOND,"Al Ghadeer Gas Station, Al Manara, Umm Sequeim2, Dubai",0097143214197
Shefaa Al Madeena Pharmacy LLC (Al Barsha 1) Dubai,DUBAI,Pharmacy,,"Shop #2, Al Telal 11 Building, Al BArsha 1, Dubai",0097143475988
Shindagha Pharmacy - Dubai,DUBAI,Pharmacy,,"Carrefour - Bur dubai
",0097143933889
Smile Pharmacy (Sonapur) Dubai,DUBAI,Pharmacy,,"G Floor, Al Abbar building, Near Feorz Talal Supermarket & Al naboodah camp, Muhaisinah-2 (Sonapur), Al Qusais, Dubai",97142643567
Stay Well Pharmacy (Al Barsha 2) Dubai,DUBAI,Pharmacy,,"1st Floor, Galleria Mall, Al Barsha 2, Dubai",0097145261228
Super Care Pharmacy 26 - Dubai,DUBAI,Pharmacy,,"Emaar Boulevard Downtown, Dubai",0097144302731
Super Care Pharmacy 28 - Dubai,DUBAI,Pharmacy,,"Al Badia Glof Club by Inetcontinental, Dubai Festival City, Dubai",0097142591134
Super Care Pharmacy 29 - Dubai,DUBAI,Pharmacy,,"Next to Spinneys, the Villa Mall, Dubai Land, Dubai",0097144561672
Super Care Pharmacy 31 - Dubai,DUBAI,Pharmacy,,"Burj Al Najoom, Down Town, Dubai",0097144305839
Super Care Pharmacy 33 DMCC - Dubai,DUBAI,Pharmacy,,"Claster C Gold Crest Executive, Jumeirah Lake towers, Dubai",0097144539683
Super Care Pharmacy 38 - Dubai,DUBAI,Pharmacy,,"Between 47th Street and 15th Street near Uptown Mirdif Park, Dubai",0097143504500
Super Care Pharmacy 39 - Dubai,DUBAI,Pharmacy,,"Le Grande Mall, Dubai Marina, Dubai",0097144218806
Super Care Pharmacy 43 - Dubai,DUBAI,Pharmacy,,"Burjuman Mall, Dubai",0097143256464
Super Care Pharmacy 44 - Dubai,DUBAI,Pharmacy,,"Fox Hill4, Union Properties, Al Hebiah 1st, Motor City, Dubai",00971434429314
Super Care Pharmacy DMCC - Dubai,DUBAI,Pharmacy,,"Unit #59, Fortune Executive Tower, JLT-PH2-T1A, Emirates Hill, Cluster T, Jumeirah Lake Towers, Dubai",0097145525603
Super Care Pharmacy LLC Branch (Abu Hail) Dubai,DUBAI,Pharmacy,,"Shop# 04, Ground Floor, Union Coop, Abu Hail, Dubai
",97143504500
Super Care Pharmacy LLC Branch (Al Barsha) Dubai,DUBAI,Pharmacy,,"Shop# 07 & 08, 23rd Street, Al Barsha South Mall, Al Barsha, Dubai
",0097143504500
Super Care Pharmacy LLC Branch (DIFC) DUBAI,DUBAI,Pharmacy,,"Shop# 07, Al Sukook Street, Gate Precinct Building 5, Za'abeel 2, DIFC, Dubai
",0043504500
Super Care Pharmacy LLC Branch (JBR-Marsa) Dubai,DUBAI,Pharmacy,,"Shop# 3102B, M3-B1, Jumeirah Beach Residence, Marsa, Dubai
",97143504500
Super Care Pharmacy LLC Branch (Marsa) Dubai,DUBAI,Pharmacy,,"Shop# 03, Ground Floor, Diamond 6A Building, Opposite Dubai Marina Tram Station, Marsa, Dubai
",97143504500
Super Care Pharmacy LLC Branch (Nad Al Shiba 3) Dubai,DUBAI,Pharmacy,,"Nad Al Shiba Pavillion, Nad Al Shiba 3, Dubai
",91743504500
Super Care Pharmacy LLC Branch (Sheik Zayed Road) Dubai,DUBAI,Pharmacy,,"Shop# 01, ""A"" Tower Building, Sheik Zayed Road, Dubai
",91743504500
Super Care Pharmacy LLC Branch - Dubai,DUBAI,Pharmacy,,"Retail #2, 7 Tower Complex, Emirates Tower 4, DSO, Dubai",0097143504500
Super Care Pharmacy LLC Branch - Dubai Marina - Dubai,DUBAI,Pharmacy,,"Dubai Marina, Dubai, UAE",97145661780
Super Care Pharmacy Meaisem - Dubai,DUBAI,Pharmacy,,"Me'aisem City Center, Dubai",0097143504500
Super Life Pharmacy- DXB,DUBAI,Pharmacy,,"Near Spinneys, Meadows Community Centre, Dubai",0097143608800
SuperCare Emirates Pharmacy - Dubai,DUBAI,Pharmacy,,"P.O.Box: 118347_x000D_
Mall of the Emirates",0097143410871
SuperCare Gardens Pharmacy (Ibn Battuta Mall) Dubai,DUBAI,Pharmacy,,"Persian Court, Ibn Battuta Mall (Adjecent to Paris Gallery) Ibn Battuta Mall, Dubai, United Arab Emirates",97143669800
SuperCare Jumeirah Pharmacy - Dubai ,DUBAI,Pharmacy,,"Magrudy's shopping mall_x000D_
P.O.Box: 118347",0097143445246
SuperCare Mankhool Pharmacy - Dubai ,DUBAI,Pharmacy,,Nashwan Building,0097143989092
SuperCare Pharmacy - Dubai  (Wasl Road),DUBAI,Pharmacy,,"Shop#5, Block#4, Al Ferdous Building, Al Wasl Road, DUBAI, UAE",0097143943595
SuperCare Pharmacy 41 - Dubai,DUBAI,Pharmacy,,Water Front Market Corniche Deira Dubai,0097142248640
SuperCare Pharmacy LLC (Branch) Jebel Ali 1 - Dubai,DUBAI,Pharmacy,,"Festival Plaza Mall, Jebel Ali 1, Dubai",97148806991
SuperCare Pharmacy LLC - Branch - Nad Al Sheba - Dubai,DUBAI,Pharmacy,,"Meydan Heights, Nad Al Sheba, Dubai",97143588358
SuperCare Pharmacy LLC - Motor City - Dubai,DUBAI,Pharmacy,,"Motor City, Dubai",97145466383
Supercare Pharmacy Al Thanya,DUBAI,Pharmacy,,"P.O. Box: 118347_x000D_
Al Thanya Centre,Dubai",0097143388195
Supercare Pharmacy Arabian Plaza- Dubai ,DUBAI,Pharmacy,,"P.O. Box: 118347_x000D_
Dubai, UAE",0097142845540
Supercare Pharmacy Aswaaq Umm Suqeim- Dubai,DUBAI,Pharmacy,,"P.O. Box: 118347_x000D_
Umm Suqeim 3, Aswaaq Building",0097143306643
Supercare Pharmacy DCC- Dubai,DUBAI,Pharmacy,,"Deira City Center, Port Saeed_x000D_
P.O Box: 118347_x000D_
Dubai",0097142501211
Supercare Pharmacy DIP- Dubai,DUBAI,Pharmacy,,"P.O. Box:118347, Block A_x000D_
DIP, Dubai",0097148852826
Supercare Pharmacy Dubai Mall- Dubai ,DUBAI,Pharmacy,,"P.O. Box: 118347_x000D_
Dubai Mall, Dubai",0097144341687
Supercare Pharmacy Festival City- Dubai ,DUBAI,Pharmacy,,P.O. Box: ,0097142325577
Supercare Pharmacy JLT- Dubai,DUBAI,Pharmacy,,"P.O. Box: 118347,_x000D_
Shop. 1, GF Al Shera Tower,_x000D_
Plot No. PH1-E2_x000D_
JLT, Dubai_x000D_
",0097144541157
Supercare Pharmacy MARSA- Dubai,DUBAI,Pharmacy,,"P.O. Box: 118347_x000D_
Marina Silveren",0097144232850
Supercare Pharmacy Mirdif 2 - Dubai,DUBAI,Pharmacy,,"Mirdif (251)_x000D_
Spinneys_x000D_
P.O. Box: 118347_x000D_
Dubai",0097142858222
Supercare Pharmacy Mirdif- Dubai,DUBAI,Pharmacy,,"P.O. Box: 118347_x000D_
Mirdif City Center",0097142839171
Supercare Pharmacy Oasis Centre- Dubai,DUBAI,Pharmacy,,"P.O. Box: 118347_x000D_
Oasis Centre, Dubai",0097143397683
Supercare Pharmacy Sheikh Zayed Road- Dubai,DUBAI,Pharmacy,,"Oasis Tower, Sheikh Zayed Road,_x000D_
P.O. Box: 118347",0097143798802
Supercare Pharmacy Silicon Oasis- Dubai,DUBAI,Pharmacy,,Academic City Road,0097143423307
Supercare Pharmacy Umm Suqeim -Dubai,DUBAI,Pharmacy,,"P.O. Box: 7011_x000D_
Jumeira Beach Road_x000D_
Dubai London Clinic",0097143504500
Supercare Pharmacy Wasl Square - Dubai,DUBAI,Pharmacy,,"P.O Box: 118347_x000D_
Wasl Square, Wasl Rd._x000D_
Dubai",0097143884080
Sustainable Life Pharmacy - Dubai,DUBAI,Pharmacy,AL SAFA FIRST,"B-1, The sustainable  City, Al Wadi Al Safa 7, Dubai",0097145610000
THUMBAY PHARMACY 12 BR OF THUMBAY PHARMACY LLC,DUBAI,Pharmacy,,P.O. Box : 1885 Albadaa Near Bilal Mosque,0097143448162
Taj Pharmacy - Dubai,DUBAI,Pharmacy,,"Taj Palace Hotel, Deira",0097142282849
Tajmeel Royal Pharmacy LLC - Dubai,DUBAI,Pharmacy,,"Tajmeel Royal Clinic, Near to Metropolitan Hotel, Umm Al Sheif, Sheikh Zayid Rd
",97145091020
Tariq Pharmacy-DXB ,DUBAI,Pharmacy,,"Al Bustan Centre, Al Qusais, Dubai
",0097142635020
The Point Life Pharmacy (Br of Life Pharmacy LLC) - Dubai,DUBAI,Pharmacy,,"Nect to Reel Cinemas, The Point, Palm Jumeirah, Dubai",0097145610000
Thumbay Pharmacy - Dubai,DUBAI,Pharmacy,,"Plot No 123-1080, Al Ghurair Bldg.,Al Muteena St., Deira City, Dubai",0097142512929
Thumbay Pharmacy 10 (Br of Thumbay Pharmacy LLC) - Dubai,DUBAI,Pharmacy,,"P.O. Box: 1885, AD Almeiri Building, Near Shaik Zayed Family Gathering",0097142733515
Thumbay Pharmacy 16 (Qusaias) - Dubai,DUBAI,Pharmacy,,"1:3 B Street, Sheikh Rashid Colony, Masjid Al Ansar Builidng, Near Ceylon Bake House, Dubai",0097142637991
Thumbay Pharmacy 2 (Br of Thumbay Pharmacy LLC) - Dubai,DUBAI,Pharmacy,,"P.O. Box: 1885 Damascus Street, Near EPCO Petrol Pump",0097142676705
Thumbay Pharmacy 5 (Br of Thumbay Pharmacy LLC) - Dubai,DUBAI,Pharmacy,,"Al Esbiji, Near Astoria Hotel, Dubai",0097143539755
Thumbay Pharmacy 6 (Br of Thumbay Pharmacy LLC) - Dubai,DUBAI,Pharmacy,,P.O. Box: 1885 Community No. 373 Street No. 38,0097143994694
Thumbay Pharmacy 7 (Br of Thumbay Pharmacy LLC) - Dubai,DUBAI,Pharmacy,,P.O. Box: 1885 Al Mashroom Building,0097144508540
Thumbay Pharmacy 8 (Br of Thumbay Pharmacy LLC) - Dubai,DUBAI,Pharmacy,,"P.O. Box: 1885 Al Diyafa Street, Satwa",0097143594520
Thumbay Pharmacy 9 (Br of Thumbay Pharmacy LLC) - Dubai,DUBAI,Pharmacy,,"Al Amal Street, Damac Executive Bay Tower, Dubai",0097144426539
Thumbay Pharmacy LLC Branch - Dubai,DUBAI,Pharmacy,,"AMA - Holding Building, Near Marhaba Mall",0097143201400
Town Life Pharmacy-DXB ,DUBAI,Pharmacy,,"Mirdiff Uptown  (Welcare Clinic), Dubai
",0097142848355
Town Square Life Pharmacy - Dubai,DUBAI,Pharmacy,,"Unit No. 4, Ground Floor, Town Square Development Zahra Apartments, Dubai, UAE",0097145610000
Track Community Pharmacy- Dubai,DUBAI,Pharmacy,,"Uptown Motor City, Dubai

",0097144475828
Tram Life Pharmacy - Dxb ,DUBAI,Pharmacy,,"Al Seef Tower 1, Behind Tamani Hotel, Dubai Marina, Dubai
",0097145586744
Tulip Two Pharmacy - Dubai,DUBAI,Pharmacy,,Al Quoz 1/13 Street Dubai,0097143882311
UNITED PHARMACY (AL BARSHA FIRST) DUBAI,DUBAI,Pharmacy,,"SHOP: K02, MALL OF THE EMIRATES,K AL BARSHA FIRST, DUBAI",97145610000
UNITED PHARMACY 2 (AL BARSHA) DUBAI,DUBAI,Pharmacy,,"SHOP NO: G20, AL BARSHA MALL, AL BARSHA, DUBAI",97145610000
UNITED PHARMACY IBN BATTUTA (NAKHEEL) DUBAI,DUBAI,Pharmacy,,"SHOP NO: IBS-GF-244, NAKHEEL, CHINA COURT, IBN BATTUTA MALL, DUBAI",97145610000
Umm Hurair Pharmacy - Dubai ,DUBAI,Pharmacy,,"G5&G6 - J3 MALL, Al Manara, Dubai
",0097143343206
Unicare Pharmacy - Dubai,DUBAI,Pharmacy,,"P.O> Box No: 113343_x000D_
Burjman Centre_x000D_
Dubai",0097143599523
Unicare Star Pharmacy (Satwa) - Dubai ,DUBAI,Pharmacy,,"Near Baqer Mohebi, Mankhool Road, Satwa, Dubai",0097143868811
Union Pharmacy - Dubai,DUBAI,Pharmacy,,"Near al rafa poly clinic - Bur Dubai
P.O.Box 50585 Al Rafa Road , Computer St. Bur Dubai 
Dubai- UAE",0097143935619
Uptown Community Pharmacy - Dubai,DUBAI,Pharmacy,,"Ground Floor, Geant Community Centre, Remraam, Dubailand, Dubai",0097145135160
Uptown Pharmacy - Dubai,DUBAI,Pharmacy,,"J3 Mall, 1st Floor, Al Wasl Road, Al Manara, Dubai, UAE
",0097143392762
VALIANT HEALTHCARE LLC (IN-PATIENT PHARMACY) DUBAI,DUBAI,Pharmacy,,"13 STREET, CITY WALK, DUBAI",971403872260
VITA UNITED PHARMACY (JUMEIRAH 1) DUBAI,DUBAI,Pharmacy,,"SHOP NO# 54, OPPOSITE CARREFOUR, WASL VITA MALL, AL WASL ROAD, JUMEIRAH 1, WASL REAL ESTATE, DUBAI",97145610000
VIVA PHARMACY LLC,DUBAI,Pharmacy,,"VILLA NO.117B
AL WASL ROAD JUMEIRAH 1ST
",971043231317
Vcare Pharmacy - Dubai,DUBAI,Pharmacy,,"Nasmah Tower, Ground Floor, Al Nahda 1, Near Ajman Al Manama Supermarket, Dubai",0097142389492
Village Pharmacy-DXB,DUBAI,Pharmacy,JABAL ALI INDUSTRIAL FIRST,"New West Camp, Jebel Ali Free Zone, Dubai P.O. Box: 454591
",0097148839904
Vita Care Pharmacy (Satwa) Dubai,DUBAI,Pharmacy,,"Opp. to Al Maya Supermarket, Al Hudeiba Road, Satwa, Dubai",0097143425556
Wecare E R X Pharmacy (Al Karama) Dubai,DUBAI,Pharmacy,,"Groud Floor, Shop 2
Ansar Gallery, Karama, Hamsah Building
Khalid Bin Al Waleed 
122542",0097148804179
Wellmart Pharmacy - Dubai,DUBAI,Pharmacy,,"Shop 34, EBC Building, In Front of Fitness DIP, Dubai",0097148135375
West Hill Pharmacy - Dubai,DUBAI,Pharmacy,,"West Hill Pharmacy_x000D_
P.O.Box 6628_x000D_
Dubai- UAE",0097143377131
Weston Pharmacy Bur - Dubai,DUBAI,Pharmacy,,"Shop No. 3, Abdullah Khorry Building, Al Musalla Road, Bur Dubai",0097142652767
Yacoub Pharmacy - Dubai,DUBAI,Pharmacy,,"Near ABS Bank - Khalid bin Waleed rd - Bur dubai - Dubai
P.O.Box: 5585 ",0097143523332
Yara Pharmacy - Dubai,DUBAI,Pharmacy,,"Al Riqua Street, Green Corner Bldg
P.O.Box 71246
Dubai- UAE",0097142225503
Yassat Life Pharmacy (Caliber Plaza) - Dubai,DUBAI,Pharmacy,,"Shop no. 7 & 8 , Ground Floor , Caliber Plaza, Dubai Production City, Dubai	
	",0097145646424
Yassat Life Pharmacy (Mercure Hotel) - Dubai,DUBAI,Pharmacy,,"Shop 1, Yassat Gloria hotel , Tecom, Sheikh Zayed Road, Dubai",0097143792799
ZAHRATH AL NEEM PHARMACY (AL BARSHA) DUBAI,DUBAI,Pharmacy,,"Geepass Building - Arjan, Dubai	Arjan-Al Barsha, Dubai",97145824333
ZEN LIFE PHARMACY CO (AL JADAF) DUBAI,DUBAI,Pharmacy,,"SHOP 3A, EMERALD JADAF METRO BUILDING, DUBAI",97143238235
Zabeel Pharmacy (Business Bay) - Dubai,DUBAI,Pharmacy,,"Shop No. 2, Blue Bay Tower, Marasi Drive Street, Business Bay, Near to Steigenberger, Dubai",0097145897129
Zahrat Al Noor Pharmacy (DIP 2) Dubai,DUBAI,Pharmacy,DUBAI INVESTMENT PARK SECOND,"1st Floor Pason's Hypermarket Above Landmark Restaurant, Dubai Investment Park 2, Dubai",0097148814111
Zahrat Al Shefa Pharmacy LLC - Dubai,DUBAI,Pharmacy,MUHAISANAH SECOND,"Al Ghaith Building, Muhaisnah 2, Sonapur, Dubai",0097148878155
Zayd Pharmacy - Dubai ,DUBAI,Pharmacy,,"Shk. Zayed Road, Dubai",0097143291325
Zulekha Hospital Pharmacy- Dubai,DUBAI,Pharmacy,,"Al Nahda 2, Dubai
Zulekha Hospital
P.O. Box: 48577",0097142678866
Zulekha Pharmacy - Dubai,DUBAI,Pharmacy,,"Bur Dubai, Near Al Rafa Police Station_x000D_
P.O.Box : 381_x000D_
Dubai, UAE",0097143934757
AL AHLI MEDICAL CENTER LLC-FUJAIRAH,FUJAIRAH,Clinic,,"HAMAD BIN ABDULLAH ROAD
1ST FLOOR, HSBC BANK BUILDING
",97192220228
AL Sharq Medical Center (Al Etihad) Fujairah,FUJAIRAH,Clinic,,"P.O. Box: 2766, Al Etihad, Fujairah - UAE",97192222444
Al Hayl Medical Centre (Al Hayl) Fujairah,FUJAIRAH,Clinic,,"Al Hayl Ind. Area, Opposite Fijairah Plastic Factory, P.O Box 4803, Fujairah, UAE",0097192221920
Al Massa Dental Clinic (Sh. Hamad Bin Abdullah St.) Fujairah,FUJAIRAH,Clinic,,"Office # 104, 1st Floor, First Gulf Bank Building, Opposite Baskin Robbins, Sheikh Hamad Bin Abdullah Street, Town Centre, P.O. Box: 7611, Fujairah, UAE",0097192231153
Al Sharq Medical  (DIBBA) Fujairah,FUJAIRAH,Clinic,,"Shaikh Mohammed Street, Near Dibba Municipality, Dibba - Fujairah",97192444711
Al Sharq Medical Centre - Cosmomed (Al Etihad) Fujairah,FUJAIRAH,Clinic,,"Al Etihad, P.O. Box: 2766, Fujairah - UAE Fujairah",0097192249545
Alfa Clinical LLC - Fujairah,FUJAIRAH,Clinic,,"Near Fujairah Montessori, Al Basara Street, Fujairah",97192222932
Aster Medical Centre (Hamad Bin Abdullah St.) Fujairah,FUJAIRAH,Clinic,,"Opposite Choithram Super Market, Hamad Bin Abdullah St., P.O.Box: 7038, Fujairah  ",97192234912
CosmeSurge Clinics LLC - Fujairah Branch,FUJAIRAH,Clinic,,"THIRD FLOOR,ALWADI TOWER, AHAMD BIN ABDULLA STREET , FUJAIRAH",97192230003
Dr. Yasser Seif Dental Clinic - Fujairah,FUJAIRAH,Clinic,,"M-02, Al Yasmeen Building, Hamad Bin Abdullah Street, Fujairah, UAE  email: dryasserins@gmail.com",0097192222321
Emirates Medical Centre - Fujairah,FUJAIRAH,Clinic,,"Nasser Ali Khammas Building, Flat # 106, Opposite Thomas Cook Al Rostamani Money Exchange, Behind OLd Maternity Hospital, Gold Souk RoundAbout, Sh. Zayed Road, Fujairah",97192233199
Fujairah Port Medical Center (Fujairah Sea Port) Fujairah,FUJAIRAH,Clinic,,"Inside Fujairah Sea Port, Near Duty Free, Khorfakkan-Fujairah Road, P.O. Box: 1195, Fujairah",97192228678
"Life Care Medical Center (Al Ghurfah) Dibba, Al Fujairah",FUJAIRAH,Clinic,,"Rugaylat Rd. Next to Fortune Royal Hotel, Al Ghurfah, Dibba, Al Fujairah",0097192444346
MAKAH MEDICAL CLINIC-FUJAIRAH,FUJAIRAH,Clinic,,"BLOCK Q
89",97192225501
Makkah Medical Center (Eid Musalla Rd.) Fujairah,FUJAIRAH,Clinic,,"1st Floor Flat No. 104, Same Building of Al-Atlal Car Accessories, Beside Royal Hotel Apartment, Opposite Masjid Omar Al Khatab & Eid Musalla, Fujairah
",97192225051
National Medical Center (Gurfa) Fujairah,FUJAIRAH,Clinic,,"Same Building of Arabian Auto Parts, Beside Fortune Royal Hotel, Rugaylat Rd., Gurfa - Fujairah, P.O.Box.1360, 
Fujairah, UAE.",0097192232064
Northern Al Ahliah Medical Center,FUJAIRAH,Clinic,,"NORTHERN AL AHLIAH MEDICAL COMPLEX, GROUND FLOOR, FATHIMA ROUND ABOUT,  E89, AL GURFA  ",97192242515
SUHA MEDICAL CENTER LLC (RUGAYLAT) - FUJAIRAH,FUJAIRAH,Clinic,,"MAKANI NO: 34650 11816, SALEH MOFLEH ALIASYOUD SHEHHI BUILDING, RUGAYLAT ROAD, AL BIDYA, FUJAIRAH
",97192233360
Smiles R Us For Dentistry (Rugaylat Rd) Fujairah,FUJAIRAH,Clinic,,"Rugaylat Road, Al Hail Tower, Fujairah",0097192224868
Al Sharq Hospital (Corniche Rd.) Fujairah,FUJAIRAH,Hospital,,Corniche Road next to Umbrella Beach - Fujairah,97192249999
MOH - Masafi Hospital - Fujairah,FUJAIRAH,Hospital,,1016 E88 - Fujairah,0097192065555
Thumbay Hospital - Fujairah,FUJAIRAH,Hospital,,"Sheikh Khalifa Bin Zayed Road, Next to Fujairah Football Club & Stadium - Fujairah, PO Box 7585",0097192244233
RIVOLI EYE ZONE OF EXCEL ENTERPRISES LLC FUJAIRAH- FUJ CC- FUJAIRAH,FUJAIRAH,Optical Center,,"G-05A, GROUND FLOOR, NEAR CENTERPOINT, FUJAIRAH CITY CENTRE, FUJAIRAH
",97192230040
Yateem Optician (Town Centre 1) Fujairah,FUJAIRAH,Optical Center,,"Unit #9, Trade Centre, Hamad Bin Abdullah Street, Next to Al Diar Siji Hotel , Town Centre 1, Fujairah",0097192222068
Yateem Optician - Branch 3 (Fujairah Mall),FUJAIRAH,Optical Center,,"Shop No. 039, 1st Floor, Fujairah Mall, Fujairah",0097192224616
Zo & Mo Opticals (Sheik Zayed Rd.) Fujairah,FUJAIRAH,Optical Center,,"Outside Thumbay Hospital, Beside Football Stadium, Near Al Ahli Club, Sheik Zayed Road, P.O. Box: 7585 - Fujairah",971092244381
AL ASDIQAA PHARMACY-FUJAIRAH,FUJAIRAH,Pharmacy,,"BLOCK Q
89",971551413684
Al Khan Pharmacy (Eid Musalla Rd) Fujairah,FUJAIRAH,Pharmacy,,"Eid Musalla Road Opposite to Masjid Umar Alkhatab Barakat Building
",0097192234154
Al Manara Pharmacy (Century Mall) Fujairah,FUJAIRAH,Pharmacy,,"Century Mall, Al Qasar Rd، Near Umbrella Beach, Fujairah",97192234792
Al Sharq Family Pharmacy (Al Etihad) Fujairah,FUJAIRAH,Pharmacy,,"P.O. Box: 2766, Al Etihad, Fujairah
",0097192227490
Al Sharq Hospital Pharmacy (Al Faseel) Fujairah,FUJAIRAH,Pharmacy,,"Corniche Road next to Umbrella Beach - Al Faseel, Fujairah",0097192059889
Al Sharq Modern Pharmacy (Al Faseel 1) Fujairah,FUJAIRAH,Pharmacy,,"Corniche Street, Po Box: 802, Al Faseel 1, Fujairah",0097192231442
Al Sharq Pharmacy (Dibba) Fujairah,FUJAIRAH,Pharmacy,,"Shaikh Mohammed Street, Near Dibba Municipality, Dibba - Fujairah",0097192059568
Al Zaytoon Pharmacy (Hamad Bin Abdullah St.) Fujairah,FUJAIRAH,Pharmacy,,"Opposite Fish Market, Al Jaber Tower, Hamad Bin Abdullah Street, Fujairah",0097192235445
Aster Pharmacy (Hamad Bin Abdulla Rd) Fujairah,FUJAIRAH,Pharmacy,,"Emirates Spring Building - Hamad Bin Abdulla Rd - Fujairah
",97192238322
Aster Pharmacy 8 (Century Mall) Fujairah,FUJAIRAH,Pharmacy,,"Rugaylat Rd Century mall - Fujairah
",97192230701
Better Life Pharmacy (Hamad Bin Abdulla Rd) Fujairah,FUJAIRAH,Pharmacy,,"Hamad Bin Abdulla Road, Fujairah",0097192227299
East Coast Ahalia Pharmacy ( Ahalia Group),FUJAIRAH,Pharmacy,,"GROUND FLOOR, NORTHERN AL AHLIAH MEDICAL COMPLEX, FATHIMA ROUND ABOUT, E89, AL GURFA  ",97192235744
Fujairah Port Pharmacy (Fujairah Sea Port) Fujairah,FUJAIRAH,Pharmacy,,"Inside Fujairah Sea Port, Near Duty Free, Khorfakkan-Fujairah Road, P.O. Box: 1195, Fujairah
",0097192228007
HEALTH CURE PHARMACY - FUJAIRAH,FUJAIRAH,Pharmacy,,"Balack Tower, Next To Ajman Perfumes,Hamad Bin Abdullah Street, Fujairah,UAE",97192220466
Health First 19 Pharmacy (Hamad Bin Abdulla St) Fujairah,FUJAIRAH,Pharmacy,,"Hamad Bin Abdulla St., Dibba - Fujairah",0097192444376
Health First 20 Pharmacy (Dibba) Fujairah,FUJAIRAH,Pharmacy,,"Muhalab St., P.O Box No. 232, Dibba, Fujairah, UAE.",97192447064
Health First Pharmacy 16 (Rugaylat Rd) Fujairah,FUJAIRAH,Pharmacy,,"Beside Commercial Bank of Dubai, Shaikh Hamad Bin Abdullah St., Rugaylat Rd., Fujairah",97192229295
Health First Pharmacy 17 (Al Shuraia) Fujairah,FUJAIRAH,Pharmacy,,"Opp. Century Mall, Al Shuraia, Palace street, Fujairah",97192230340
Health First Pharmacy 18 (Skh. Zayed Bin Sultan St.) Fujairah,FUJAIRAH,Pharmacy,,"Skh. Zayed Bin Sultan St., Nr Thomas Cook Money Exchange, P.O.Box No. 232, Fujairah, UAE.",97192231540
Health First Pharmacy 21 (Al MAdhab) Fujairah,FUJAIRAH,Pharmacy,,"Dana Plaza Cinema Bldg., 1st Floor, Al Madhab St., Al MAdhab, Near KM Trading, Cinema Plaz",0097192234518
Health First Pharmacy 26 (Murbah)  Fujairah,FUJAIRAH,Pharmacy,,"Souq Extra Fujairah Center, Murbah, Fujairah",97192373985
LIFE PHARMACY LLC FUJAIRAH BR 1,FUJAIRAH,Pharmacy,,"Unit No. G 078, Ground Floor, City Centre Fujairah, UAE",97144566737
LIFE PHARMACY LLC FUJAIRAH BRANCH 2,FUJAIRAH,Pharmacy,,"SHOP NO: 1, SULTAN AL SHAMSI BLDG- AL FUJAIRAH 123
",97145610000
LIFE PHARMACY(SAKAKAM STREET)  FUJAIRAH ,FUJAIRAH,Pharmacy,,"SHOP NO#2,SALEH BIN LAHEJ BUILDING,SAKAKAM STREET, FUJAIRAH
",97145610000
Life Care Pharmacy (Al Ghurfah) Fujairah,FUJAIRAH,Pharmacy,,"Rugaylat Rd. Next to Fortune Royal Hotel, Al Ghurfah, Dibba, Al Fujairah
",97192441445
Lulu Dibba Pharmacy (Dibba) Fujairah,FUJAIRAH,Pharmacy,,"Lulu Hypermarket, Dibba, Fujairah",97192431399
Medicina 28 Pharmacy (Dibba) Fujairah,FUJAIRAH,Pharmacy,,"Safeer Centre Next to NBAD, Dibba, Fujairah",97192441604
Medicina Pharmacy 20  (Sheikh Hamad Bin Abdullah St.) Fujairah,FUJAIRAH,Pharmacy,,"Sheikh Hamad Bin Abdullah Street, Next Fuala, Fujairah POP Box: 1298",97192235894
National Medical Center Pharmacy - Fujairah,FUJAIRAH,Pharmacy,,"Same Building of Arabian Auto Parts, Beside Fortune Royal Hotel, Rugaylat Rd., Al Gurfa - Fujairah, P.O.Box.1360, 
Fujairah, UAE.",0097192232850
Reaia Pharmacy (Al Hayl Industrial St.) Fujairah,FUJAIRAH,Pharmacy,,"Al Hayl Medical Centre Building, Al Hayl Industrial Street, Opposite Fujairah Plastic Company,, Fujairah",9712345678
SUHA PHARMACY LLC (RUGAYLAT)- FUJAIRAH,FUJAIRAH,Pharmacy,,"MAKANI NO: 34650 11816, SALEH MOFLEH ALIASYOUD SHEHHI BUILDING, RUGAYLAT ROAD, AL BIDYA, UJAIRAH
",97192233370
Taiba Pharmacy (Masafi-Fujairah Rd.) Fujairah,FUJAIRAH,Pharmacy,,"Opp. UAE exchange, Masafi-Fujairah Road - Fujairah",0097192564749
Thumbay Hospital Pharmacy (Shk. Khalifa Bin Zayed Rd.) Fujairah,FUJAIRAH,Pharmacy,,"Sheikh Khalifa Bin Zayed Road, Next to Fujairah Football Club & Stadium - Fujairah",0097192244233
Thumbay Pharmacy 17 (Shaikh Zayed Bin Sultan Rd.) Fujairah,FUJAIRAH,Pharmacy,,"Old Arab Bank Building, Opposite Fatima Shopping Centre, P.O. Box : 7585, Shaikh Zayed Bin Sultan Rd - Fujairah",0097192221253
Thumbay Pharmacy 6 (Sheikh Zayed Rd.) Fujairah,FUJAIRAH,Pharmacy,,"Thumbay Hospital Building, Old Block, Sheikh Zayed Road, Fujairah",0097192358362
Waadi Al Zaytoon Pharmacy ( Hamad Bin Abdulla St.) Fujairah,FUJAIRAH,Pharmacy,,"Choitram Building, Hamad Bin Abdulla Street, Fujairah",0097192233046
AL NEBRAS MEDICAL CENTER (AL JUWAIS) RAS AL KHAIMAH,RAS AL KHAIMAH,Clinic,,"GOLF 2 TOWER MEZANINE FLOOR
Al mountasir Road Opposite Adib Bank
",97172277007
ALYA MEDICAL CENTRE L.L.C (AL QASIMI)-RAK,RAS AL KHAIMAH,Clinic,,"ADIL AL NUAIMI BUILDING 	SHEIKH SAQR BIN MUHAMMAD AL QASIMI STREET, RAK
",97172441235
Al Afia Medical Centre (Al-Jazeera) RAK,RAS AL KHAIMAH,Clinic,,"AL JAZEERA PORT ROAD, NEAR AL HAMRA PHARMACY, RAS AL KHAIMAH",97172447323
Al Ahlia Medical Centre (Ahalia Group),RAS AL KHAIMAH,Clinic,,"CREEK PLAZA BUILDING,GROUND FLOOR,AL JAZAH ROAD ",97172331533
Al Ekhlas Specialized Clinic (Al Muntasir Rd) Ras Al Khaimah,RAS AL KHAIMAH,Clinic,,"Al Muntasir Road, Ras Al Khaimah",0097172288275
Al Ghail Medical Centre - Ras Al Khaimah,RAS AL KHAIMAH,Clinic,,"AL GHAIL SHOPPING CENTRE (MOHD. SHAAMS RASHID AL MAZROOI BLDG),  ",0097172589464
Al Hudaibah Medical Center (Al Nakheel) RAK,RAS AL KHAIMAH,Clinic,,"1st Floor, Al Hudaibah Building, Next To Al Nakheel Pharmacy, Oman Street, Al Nakheel, Ras Al Khaimah",97172222188
Al Lulu Dental Clinic (AL Juwais) RAK,RAS AL KHAIMAH,Clinic,,"6th Floor Flat 601, AL Nakheel Towers, Opposite of Rak mall, AL Juwais, Ras Al-Khaimah",97172269091
Al Noor Dental Center (Nakheel) Ras Al Khaimah,RAS AL KHAIMAH,Clinic,,"P.O. Box: 9834, Al Jazaa Pharmacy Building (Behind RAK Insurance Bldg.) First Floor, Flat # 102, Etisalat Road, Nakheel, RAK",97172288451
Al Rafidain Medical Center (Al Kharran) RAK,RAS AL KHAIMAH,Clinic,," NEAR KHARAN ROUNDABOUT, AL  ANSARI BUILDING, Al Kharran, Ras Al Khaimah, UAE",97172335500
Al Reef Medical & Orthodontics Clinic - Branch 1 (Al Nakheel) RAK,RAS AL KHAIMAH,Clinic,,"Muntasir Road, Near Manama Hypermarket, Al Nakheel, P.O. Box: 858, Ras Al Khaimah",97172283838
Al Saada Specialized Medical Center (Nakheel) Ras Al Khaimah,RAS AL KHAIMAH,Clinic,,"Room 504, 5th Floor Nakheel Tower, Opposite Rak Mall, Nakheel, Ras Al Khaimah",009712330500
Al Salama Medical Centre (Al Rams Rd.) RAK,RAS AL KHAIMAH,Clinic,,"Near Emirates Eye Clinic, Al Rams Road, P.O. Box: 5358, Ras Al Khaimah",97172226022
Al Shifa General Medical Clinic - Ras Al Khaimah,RAS AL KHAIMAH,Clinic,,"Ayshath Ali Saif Bldg. Floor No 1, Ras Al Khaimah
",97172580010
Al Wafa Dental Clinic (Al Nakheel) RAK,RAS AL KHAIMAH,Clinic,,"RM 1003, Al Naeem Mall Tower 3, Bin Dhaher Road, Al Nakheel, RAK",97172288286
Arafa Medical Center (Al Hisn Rd.) RAK,RAS AL KHAIMAH,Clinic,,"Al Hisn Road, Near Red Crescent Society, P.O.Box: 3493, Ras Al Khaimah",0097172337898
Aster Medical Centre (Al Nakhee) - RAK,RAS AL KHAIMAH,Clinic,,"Next To Malabar Gold & Diamonds, Opposite United Arab Bank, Al Nakheel, Muntasir - Ras al Khaimah",97172338866
Bright Dental Centre ( Al Muntasir Rd.) RAK,RAS AL KHAIMAH,Clinic,,"P.O. Box: 7933 Golf Tower, Near Shobra, RAK Mall,  Al Muntasir Rd. - Ras al Khaimah",97172282228
CARE TOUCH DENTAL ORTHODONTIC CENTER,RAS AL KHAIMAH,Clinic,,"PO Box 5786, Rak Immigration
Street, Al Maemoura Rd.
Ras Al Khaimah,
UAE",0097172440440
CAREPOINT MEDICAL CENTER (AL NAKHEEL) RAS AL KHAIMAH,RAS AL KHAIMAH,Clinic,,"BIN DHAHER ROAD AL NAKHEEL FRONT OF NAEEM MALL, RASAL KHAIMAH, UAE",97172333370
Corniche Medical Center (Al Nakheel) RAK,RAS AL KHAIMAH,Clinic,,"Sheikh Saqr Bin Mohammed Al Qassimi Road, Al Nakheel, P.O.Box 5340, Ras Al Khaimah",0097172228456
CosmeSurge Clinics - RAK Julphar Tower - Ras Al Khaimah,RAS AL KHAIMAH,Clinic,,"FLOORNO:1 ,JULPHAR TOWER, ALNAKHEEL AREA,RAS AL KHAIMAH",97172037788
CosmeSurge Clinics Villa - RAK,RAS AL KHAIMAH,Clinic,,"AL DHAITH NORTH,SHEIKH RASHID BIN ZAYED STREET, RAS AL KHAIMAH",97172356001
DIJLAH MEDICAL CENTRE LLC -RAK,RAS AL KHAIMAH,Clinic,,"SHEIKH MOHAMMED BIN SALEM ROAD, DAHAN RAS AL KHAIMAH
",97172334304
Dr. Emad Abdel Bari Clinic (Al Nakheel) RAK,RAS AL KHAIMAH,Clinic,,"Before Choitram Supermarket, Mezzanine floor, Dhposah Building, Amman Street with Nakheel, P.O.Box: 1970, RAK",97172222353
Dr. Sherif Specialist Medical Centre (Al Nakheel) - RAK,RAS AL KHAIMAH,Clinic,," Al Montaser St., Oxygen Pharmacy Building, Al Nakheel, Ras Al Khaimah",97172280800
Emirates Cardiology Clinic (Corniche Al Qawasem) RAK,RAS AL KHAIMAH,Clinic,,"Corniche Al Qawasem, General Tower, Apartment: 303, RAK",97172222649
Emirates Hospitals & Clinics LLC - RAK 1 - Ras Al Khaimah,RAS AL KHAIMAH,Clinic,,"Julpher Towers, Al Hisn Rd - Suhaim, RAK, UAE",97172037788
European Medical Centre (Corniche Al Qawassim) RAK,RAS AL KHAIMAH,Clinic,,"N.S. Tower, 1st Floor, Flat 102, Corniche Al Qawassim, Ras Al Khaimah
",0097172333702
Eve Medical Center LLC (KHUZAM RD) RAK,RAS AL KHAIMAH,Clinic,,"VILLA NO 12, KHUZAM ROAD, NEAR OLD CLOCK, ROUND ABOUT , RAK
",97167498042
Health Medical Center (Khuzam) -Ras Al Khaimah,RAS AL KHAIMAH,Clinic,,"Opposite Khalid Huriah Restaurant, Khuzam, Ras Al Khaimah",0097172334041
I SMILE DENTAL CENTER LLC (SUHAIM) RAS AL KHAIMAH,RAS AL KHAIMAH,Clinic,,"Julphar Office Tower Floor 23 Unit 10 Al Hisn Road Ras Al Khaimah UAE
",97172339944
Infinity Dental Clinic (Dafan Al Khor) RAK,RAS AL KHAIMAH,Clinic,,"Al Jazeera Building, Al Madeena Supermarket, Corniche Al Quasim, Dafan Al Khor, RAK",0097172260726
JULPHAR IMPLANT & COSMETIC DENTAL CENTER (NAKHEEL) RAS AL KHAIMAH,RAS AL KHAIMAH,Clinic,,"AL HISN ROAD, NAKHEEL, JULPHAR TOWERS, 27tTH FLOOR, UNIT 2711, RAS ALKHAIMAH",97172271999
JULPHAR IMPLANT & COSMETIC DENTAL CENTER - BRANCH1 (AL HAMRA) RAS AL KHAIMAH,RAS AL KHAIMAH,Clinic,,"PARIS STREET, AL HAMRA GOLF, BLDG GG002, RAS AL KHAIMAH",97172227700
Khozam Medical Center (Al Nakheel) RAK,RAS AL KHAIMAH,Clinic,,"2nd Floor, Rm 202, Dubai Islamic Bank Building, Al Nakheel,  Ras Al Khaimah, UAE",97172277666
MARHABA MEDICAL CENTER (AL NAKHEEL) RAS AL KHAIMAH,RAS AL KHAIMAH,Clinic,,"GF-02, Al Nakheel Building, Near Al Hoot Supermarket, Al Muntasir Road, Ras al Khaimah
",97172364667
MENDHAN MEDICAL CENTER LLC (AL NAKHEEL) RAK,RAS AL KHAIMAH,Clinic,,"Fourth Floor, Khatiri Building, Behind Nakheel Hotel, Al Nakheel, Ras Al Khaimah",97172286364
MODERN POLYCLINIC (NAKHEEL) - RAK,RAS AL KHAIMAH,Clinic,,"Concord bldg. M04 Al Nakheel street, RAK, UAE
",97172282678
NMC Royal Medical Centre (Al Qawasim Corniche) RAK,RAS AL KHAIMAH,Clinic,, Al Qawasim Corniche - Ras al Khaimah,0097172332832
Nexus Medical Clinic (Jazeera Al Hamra) RAK,RAS AL KHAIMAH,Clinic,,"NATIONAL GAS CO`S BUILDING,  AL HAMRA, RAS AL KHAIMAH",97172332134
Oman Medical Centre (Al Nakheel) RAK,RAS AL KHAIMAH,Clinic,,"Bin Dahir Street, Al Nakheel, PO Box: 4758, Ras Al Khaimah
",97172288488
RAK College of Dental Sciences FZC - Ras Al Khaimah,RAS AL KHAIMAH,Clinic,,"Ground Floor, RAK Dental Street, Al Qudisat, Rakez, Ras Al Khaimah",97172222593
RAK Dental Care & Implant Centre (Al Qassimi St) RAK,RAS AL KHAIMAH,Clinic,,"304 NS Tower Al Qassimi Street, Near Mangrove Hotel, Corniche, Ras Al Khaimah
",97172330443
RAK Smile Dental Clinic (Al Nakheel) RAK,RAS AL KHAIMAH,Clinic,,"Nakheel, Concord Building, Mezzanin Floor M03, Back of Gulf Hypermarket, Ras Al khaimah",97172260804
ROSE DENTAL CENTER LLC (ALMUNTASIR RD) RAS AL KHAIMAH,RAS AL KHAIMAH,Clinic,,"AL MUNTASIR ROAD, DUBAI ISLAMIC BANK BUILDING, RAS AL KHAIMAH",97172287711
Ras Al Khaimah Medical Center (Al Jazeerah Al Hamra) RAK,RAS AL KHAIMAH,Clinic,,Al Hamra Mall Near to the food court First level - RAK,97172278308
Ras Al Khaimah Medical Center (Ghalilah) RAK,RAS AL KHAIMAH,Clinic,,Sha'am - North Ras Al Khaimah - United Arab Emirates,0097172279994
Ras Al Khaimah Medical Centre (Al Jazeera) RAK ,RAS AL KHAIMAH,Clinic,,RAK UAE,0097172432226
Retaj Medical Center (Al Dhait) RAK,RAS AL KHAIMAH,Clinic,,"Sheikh Muhammed Bin Salem Rd, Near KFC and Pizza Hut, Al Dhait South B, United Insurance Building F1 - Ras Al Khaimah",0097172359818
Shifa Al Jazeerah Medical Center (Al Rams Rd.) RAK,RAS AL KHAIMAH,Clinic,,"Al Nakheel, Oman Street, Mezzanine F., Fathima Hypermarket Building, Al Rams Rd., RAK",0097172211218
Smile Care Medical center (Al Nakheel) RAK,RAS AL KHAIMAH,Clinic,,"Mezzanine Floor, Hamad Tower beside city Max Hotel, opposite hilton hotel, Bin Daher Street, Al Nakheel, RAK",97172282080
Specialist's Medical Center (King Faisal St.) RAK,RAS AL KHAIMAH,Clinic,,"King Faisal street, Beside Samir Al Mahmood Furniture, P.O. Box: 802, RAK

",97172332255
Thumbay Clinic (Nakheel.) RAK,RAS AL KHAIMAH,Clinic,,"Next to Doubletree Hilton Hotel, Al Jazah Road, Al Nakheel, RAK",0097172267464
Union Medical & Dental Center (Al Nakheel) RAK,RAS AL KHAIMAH,Clinic,,"Snowhite Garments, Old commercial bank of dubai building, Al Nakheel, Ras Al Khaimah ",97172272402
Al Oraibi Hospital (Al Nakheel) - RAK,RAS AL KHAIMAH,Day Surgery Center,,Opp. Side to Home Center Al Muntasser Street - Ras Al-Khaimah,0097172288511
Al Zahrawi Hospital - Ras Al Khaimah,RAS AL KHAIMAH,Day Surgery Center,,"Sheikh Saqr Bin Mohammed Al Qassimi Road (E 18 Road), near to Taj Mahal Restaurant - Ras Al Khaimah, P.O.Box 5442",97172288544
International Radiology Center (Al Nakhee) RAK,RAS AL KHAIMAH,Diagnostics,,"Muntasir St., Nakheel, P.O 28982 - RAK",97172338088
Lab Plus Medical Laboratory (Al Nakheel) RAK,RAS AL KHAIMAH,Diagnostics,,"Flat No. 102, 1st Floor, Dana Building, Al Nakheel, Ras Al Khaimah
",97172282789
MOH - Abdullah Bin Omran Hospital - Ras ,RAS AL KHAIMAH,Hospital,,Airport Rd - Ras al Khaimah,0097172444444
MOH - Ibrahim Bin Hamad Obaid Allah Hospital - Ras Al Khaimah,RAS AL KHAIMAH,Hospital,,Al Hudiabah St - Ras al Khaimah,0097172465501
RAK Hospital (Al Juwais) Ras Al Khaimah,RAS AL KHAIMAH,Hospital,,"Al Juwais, Al Qusaidat - Next to RAK Medical & Health Sciences University - Ras al Khaimah, P.O.Box: 11393",0097172074444
Sheikh Khalifa Speciality Hospital - Ras Al Khaimah,RAS AL KHAIMAH,Hospital,,"AL SHOHADAA ROAD,TRUCK ROAD",97172010371
Al Jaber Optical Centre Llc Ras Al Khaimah,RAS AL KHAIMAH,Optical Center,,"MANAR MALL, GROUND FLOOR, SHOP # 82, MANAR MALL, RAK",97172276761
Rivoli Eyezone Of Excel Enterprises Rak Llc 1,RAS AL KHAIMAH,Optical Center,,"GROUND FLOOR, FLAT NO: GF-127, MANAR MALL, NEW EXTENSION: NEXT TO TRIDOM, AL MUNTASIR RD  ",97172667584
Yateem Optician (RAK Mall) Ras Al Khaimah,RAS AL KHAIMAH,Optical Center,,"Shop No. F-52, 1st Floor, RAK Mall, Khuzam Road, Ras Al Khaimah",0097172264001
Yateem Optician Rak1 (Yateem Group),RAS AL KHAIMAH,Optical Center,,MANAR MALL ,97172210627
AL ABRAR PHARMACY - RAS AL KHAIMAH,RAS AL KHAIMAH,Pharmacy,,"BUILDING NO:1 AL JAZEERA
AL HAMRA
",97172080157
AL AHD PHARMACY - RAS AL KHAIMAH,RAS AL KHAIMAH,Pharmacy,,"NEAR SAFEER MARKET
",97172333443
AL DOAA PHARMACY - RAS AL KHAIMAH,RAS AL KHAIMAH,Pharmacy,,"NEAR AUTOCOOL CAR ACCESSORIES
",97172231500
AL MAZROUEI PHARMACY (AL KHARRAN) RAS AL KHAIMAH,RAS AL KHAIMAH,Pharmacy,,"SHEIKH RASHID BIN, SAEED STREET, AL KHARRAN, RAS AL KHAIMAH
",97172442274
AL YAMAMAH BRANCH 1 -  RAS AL KHAIMAH,RAS AL KHAIMAH,Pharmacy,,"SHEIKH KAYED BIN MUHAMMAD
",97172223500
AL YAMAMAH PHARMACY -  RAS AL KHAIMAH,RAS AL KHAIMAH,Pharmacy,,"NEAR SAIF BIN GHOBASH HOSPITAL
",97172222561
ALYA PHARMACY L.L.C (AL QASIMI) - RAK ,RAS AL KHAIMAH,Pharmacy,,"ADIL AL NUAIMI BUILDING 	SHEIKH SAQR BIN MUHAMMAD AL QASIMI STREET, RAK
",97172441235
Ahlan Pharmacy - Ras Al Khaimah,RAS AL KHAIMAH,Pharmacy,,"Muntasir Road, Opposite to Pak Centre, Ras Al Khaimah",0097172288857
Al Afia Pharmacy - Ras Al Khaimah,RAS AL KHAIMAH,Pharmacy,,"Al Juwais_x000D_
Opp. RAK Hospital, Ras Al Khaimah",0097172227270
Al Ahlia Pharmacy Rak Branch (Ahalia Group),RAS AL KHAIMAH,Pharmacy,,"CREEK PLAZA BUILDING, GROUND FLOOR, AL JAZAH ROAD  ",97172275993
Al Ghail Pharmacy  - Ras Al Khaimah,RAS AL KHAIMAH,Pharmacy,,"Ayshath Ali Saif Bldg. Floor No 1, Ras Al Khaimah
",971559931007
Al Hsayat Pharmacy - RAK,RAS AL KHAIMAH,Pharmacy,,"P.O. Box: 159, Ras Al Khaimah_x000D_
UAE",0097172277002
Al Huda Pharmacy - RAK,RAS AL KHAIMAH,Pharmacy,,"Al Muntaser Road, Al nakheel, RAK",0097172276161
Al Iman Pharmacy LLC - Ras Al Khaimah,RAS AL KHAIMAH,Pharmacy,,"Airport Road al Kharan, Near to Al Kharan Round About, Ras Al Khaimah",0097172441204
Al Julan Pharmacy - Ras Al Khaimah,RAS AL KHAIMAH,Pharmacy,,"Julphar Road, Al Nakheel, Ras Al Khaimah",0097172239878
Al Lulu RAK Pharmacy - RAK,RAS AL KHAIMAH,Pharmacy,,"Lulu Hypermarket, RAK Mall, Ras Al Khaimah",0097172264393
Al Manara Pharmacy - Ras Al Khaimah,RAS AL KHAIMAH,Pharmacy,,"Corniche Tower Plaza 3
Plat No. 2 Corniche Al Qawasim Street
P.O. Box: 181513",0097172339422
Al Nakheel Pharmacy - Ras Al Khaimah,RAS AL KHAIMAH,Pharmacy,,"Al Nakheel Pharmacy_x000D_
P.O. Box 5350_x000D_
Ras Al Khaimah",00971722226821
Al Noor Pharmacy (Al Nakheel) RAK,RAS AL KHAIMAH,Pharmacy,,"Al Nakheel Bldg., Shop 1 Oman Street, Al Nakheel, Ras Al Khaimah",97172333729
Al Safaa Pharmacy - Ras Al Khaimah,RAS AL KHAIMAH,Pharmacy,,"Near to Wonder Lead Corporate Training Institute, Sheikh Muhd Bin Salem Road, North Ras Al Khaimah",0097172239878
Al Shams Pharmacy - Ras Al Khaimah,RAS AL KHAIMAH,Pharmacy,,AL GHAIL SHOPPING CENTRE (MOHD. SHAAMS RASHID AL MAZROOI BLDG) ,0097172589301
Al Suwaidi Pharmacy (Oman St) Ras Al Khaimah,RAS AL KHAIMAH,Pharmacy,,"Ground Floor, Sultan Mattar Building, Near Ajman Building, Oman Street, P.O. Box:858, Ras Al Khaimah",97172228111
Al Watania Pharmacy - Ras Al Khaimah,RAS AL KHAIMAH,Pharmacy,,"Al Watania Pharmacy_x000D_
P.O. Box 5350_x000D_
Ras Al Khaimah, UAE",0097172355767
Al Zahrawi Pharmacy - Ras Al Khaimah,RAS AL KHAIMAH,Pharmacy,,"Al Zahrawi Pharmacy_x000D_
Oman Street, Opp Choithram Sup_x000D_
P.O.Box 5442_x000D_
Ras Al Khaimah - UAE",0097172289544
Aster Pharmacies Group (Safeer Mall) RAK,RAS AL KHAIMAH,Pharmacy,,"Shop No.GF50, Safeer Mall, Airport Road,Ras Al Khaimah
",0097172352213
Aster Pharmacies Group Branch 1 (Al Mataf Road) RAK,RAS AL KHAIMAH,Pharmacy,,"Opp. Al Khaleej Supermarket, Al Mataf Road, Julan, After Adaf Round about,RAK",0097172681224
Aster Pharmacy - Branch 2 (Al Dhait South) RAK,RAS AL KHAIMAH,Pharmacy,,"Ali Sultan Ali Onwan Al Neimi Building Opp. Birla Institute of Technology Al Dhait South, Ras Al Khaima,U.A.E
",0097172361664
Balsam Pharmacy - Ras Al Khaimah,RAS AL KHAIMAH,Pharmacy,,"Balsam Pharmacy_x000D_
P. O. Box 858_x000D_
Ras Al Khaimah, UAE",0097172222868
CAREPOINT PHARMACY (AL NAKHEEL) RAS AL KHAIMAH,RAS AL KHAIMAH,Pharmacy,,"BIN DHAHER ROAD AL NAKHEEL FRONT OF NAEEM MALL, RASAL KHAIMAH, UAE",97172333370
Corniche Pharmacy - Ras Al Khaimah,RAS AL KHAIMAH,Pharmacy,,"Corniche Pharmacy_x000D_
P.O. Box 5350_x000D_
Ras Al Khaimah",0097172229779
Emirates Dubai Pharmacy LLC Branch - RAK,RAS AL KHAIMAH,Pharmacy,,"1st Floor, Avenue Building, Julphar Towers Ras Al Khaimah",0097172037744
Hala Pharmacy 21 (Al Nadiyah) Ras Al-Khaimah,RAS AL KHAIMAH,Pharmacy,,"Opposite to Emirates Market ,Sheikh Muhammad Bin Salem Road,Al Nadiyah ,Ras Al Khaimah 
",97172369729
Hala Pharmacy 22 - Ras Al-Khaimah ,RAS AL KHAIMAH,Pharmacy,,"Sheikh Rashid Bin Saeed Road ,Al Kharran , Ras Al Khaimah 
",0097172433432
Hala Pharmacy 23 (Al Dhaid) RAK,RAS AL KHAIMAH,Pharmacy,,"My City Centre, Al Dhaid, Ras Al Khaimah – UAE
",97172355984
Hala Pharmacy 25 (Manar Mall) RAK,RAS AL KHAIMAH,Pharmacy,,"Unit no. 123, Ground floor, Manar Mall, Ras Al Khaimah
",97145610000
Hala Pharmacy 34 (Al Nakheel Area) Ras Al Khaimah,RAS AL KHAIMAH,Pharmacy,,"Opp Manar Mall, Al Nakrheel Area, Ras Al Khaimah, UAE",0097145610000
Hala Pharmacy 36 (Al Kharain Area) Ras Al Khaimah,RAS AL KHAIMAH,Pharmacy,,"Shop No. 5, Block 6, on Plot No. 406060029, Al Kharain Area, RAK, UAE",0097145610000
Health First Pharmacy 14 (Al Rams) RAK,RAS AL KHAIMAH,Pharmacy,,"Opposite of Al-Ruwais Cafeteria, Al Rams Street, Al Rams, Ras Al Khaimah, UAE",0097172662295
Health First Pharmacy 22  - Ras Al Khaimah,RAS AL KHAIMAH,Pharmacy,,"P.O.Box: 22625 Sharjah
Al Manar Mall
Ras Al Khaimah, UAE",0097172274848
Health First Pharmacy 50 (Al Nadeya) RAK,RAS AL KHAIMAH,Pharmacy,,"Shk Ahmed Ben Sagar Bldg., Al Nadeya, Opp RAK Bank, Shk Mohd Bin Salem Rd, RAK",97172358018
IBN SINA BRANCH 2,RAS AL KHAIMAH,Pharmacy,,"BinSina Pharmacy Grove Village
",97172353448
IBN SINA PHARMACY,RAS AL KHAIMAH,Pharmacy,,"Mall - Sheikh Mohammad Bin Salem Road Ground Floor - Al Hamra Village - Ras al Khaimah
",97172434488
IBN SINA PHARMACY - Branch1,RAS AL KHAIMAH,Pharmacy,,"Sheikh Rashid Bin Saeed Al Maktoum Rd Shop 46, Ground Floor, Al Naeem City Center - Al Dhait North - Ras al Khaimah
",97172362086
IBN SINA Pharmacy - Branch 3,RAS AL KHAIMAH,Pharmacy,,"Al Muntasir Rd - Ras al Khaimah
",097172463661
Indian Pharmacy - Ras Al Khaimah,RAS AL KHAIMAH,Pharmacy,,"Indian Pharmacy
P.O. Box 5350
Ras Al Khaimah, UAE",0097172333951
JABAL AL NOOR PHARMACY - RAS AL KHAIMAH,RAS AL KHAIMAH,Pharmacy,,"NEAR JMART SUPERMARKET
",97172263430
JOORI PHARMACY (AL NAKHEEL) RAK,RAS AL KHAIMAH,Pharmacy,,"JOORI PHARMACY BUILDING, AL ORAIBI STREET
",97172286364
Julfar Pharmacy - Ras Al Khaimah,RAS AL KHAIMAH,Pharmacy,,"Al Jolan Shaaim Road Near Hadaf Supermarket
P.O. box: 29877, RAK",0097172235937
LIFE PHARMACY (AL QUSAIDAT) RAS AL KHAIMAH,RAS AL KHAIMAH,Pharmacy,,"SHOP 5 & 6, NESTO HYPERMARKET, AL QUSAIDAT,RAS AL KHAIMAH,UAE",97145610000
LIFE PHARMACY (VENICE AVENUE) RAS AL KHAIMAH,RAS AL KHAIMAH,Pharmacy,,"SHOP NO# 01,VENICE AVENUE, RAS AL KHAIMAH
",97145610000
LIFE PHARMACY LLC - RAK BRANCH 1 (NAKHEEL ST) RAS AL KHAIMAH,RAS AL KHAIMAH,Pharmacy,,"SHOP NO: 01, GULF HYPERMARKET LLC, AL MUNTASIR ROAD, NAKHEEL STREET, RAS AL KHAIMAH",97145610000
Marhaba Al Jadeeda Pharmacy,RAS AL KHAIMAH,Pharmacy,,"UNITED ARAB BANK BUILDING, AL NAKHEEL ",97172449330
Marhaba Pharmacy (Al Muntaser R.) Ras Al Khaimah,RAS AL KHAIMAH,Pharmacy,,"Al Muntaser Road opposite, Al Harmeen Bookshop, Ras Al Khaimah, UAE",97172277970
Medical Centre Pharmacy - Ras Al Khaimah,RAS AL KHAIMAH,Pharmacy,,"Medical Centre Pharmacy
P.O. Box No. 855, 
Ras AL Khaimah, UAE",0097172337544
Medicina 27 Pharmacy - Ras Al Khaimah,RAS AL KHAIMAH,Pharmacy,,"Safeer Market, Al Qawasim Corniche, RAK",0097172332580
Medicina Pharmacy 32,RAS AL KHAIMAH,Pharmacy,,"ARMED FORCES COOPERATIVE SOCIETY, AL HAMHAM ",97172585587
Medicina Pharmacy 34,RAS AL KHAIMAH,Pharmacy,,EMIRATES NATIONAL SCHOOL - AL DHAIT SOUTH ,97172284785
Medicina Pharmacy 35 - Ras Al Khaimah,RAS AL KHAIMAH,Pharmacy,,"RAMEZ HYPER MALL, AL DHAIT SOUTH, NORTHERN RAK",97172218376
Medicom 23 (Al Kharan)  RAK,RAS AL KHAIMAH,Pharmacy,,"Airport Road, Al Kharan, Opp: Bin Zahir Boys School,Ras Al Khaimah, UAE
",0097172441433
NEXUS PHARMACY LLC (AL HAMRA) RAS AL KHAIMAH,RAS AL KHAIMAH,Pharmacy,,"NATIONAL GAS CO`S BUILDING,  AL HAMRA, RAS AL KHAIMAH",97172332134
NMC Royal Pharmacy - RAK,RAS AL KHAIMAH,Pharmacy,,"Sultan Fadel Building, Al Qwasim Corniche, Ras Al Khaimah",0097172332831
Noor Al Shefaa Pharmacy - RAK,RAS AL KHAIMAH,Pharmacy,,"Near Meried R/A, Al Meried, RAK P O Box:9831",0097172260700
Noor Al Shefaa Pharmacy L.L.C (Alneem Group),RAS AL KHAIMAH,Pharmacy,,"IBRAHIM BAKIT SALIM ALAYAN, AL MARID  ",0528648485
Oxygen Pharmacy (Muntazir Road) - Ras Al Khaimah,RAS AL KHAIMAH,Pharmacy,,"Near Gulf Hypermarket, Muntazir Road, Al Nakheel, RAK",0097172238998
RAK Hospital Pharmacy ,RAS AL KHAIMAH,Pharmacy,,RAK Hospital in front of Saqar Hospital,0097172074245
Ras Al Khaimah Al Jazira Pharmacy - RAK,RAS AL KHAIMAH,Pharmacy,,"B-1, Ground Floor, G+11, Behind RAK Ceramics, RAK",0097172432249
Ras Al Khaimah Ghalila Pharmacy - RAK,RAS AL KHAIMAH,Pharmacy,,"Ahmed Laha Buidling, Ras Al Khaimah",0097172334950
Retaj Pharmacy - RAK,RAS AL KHAIMAH,Pharmacy,,"United Insurance Company Building, Al Dhait South, Ras Al Khaimah",0097172277726
SHEIKH KHALIFA SPECIALTY HOSPITAL PHARMACY - RAS AL KHAIMAH,RAS AL KHAIMAH,Pharmacy,,"RAS AL KHAIMAH, UAE",971702070371
SUPERCARE PHARMACY (MANARA MALL) RAS AL KHAIMAH,RAS AL KHAIMAH,Pharmacy,,"SHOP# 87, GROUND FLOOR, MANAR MALL, RAS AL KHAIMAH",97172082728
Shifa Al Jazeerah Pharmacy - RAK,RAS AL KHAIMAH,Pharmacy,,"Al Nakheel, Oman Street, Mezzanine Flr, Fathima Hypermarket Building, RAK",0097172211218
Thumbay Pharmacy 11 (Muntasir R.) RAK,RAS AL KHAIMAH,Pharmacy,,"Muntasir Road, Next to Lulu Center Nakheel, Ras Al Khaimah, UAE",0097172339440
Thumbay Pharmacy 7 (Al Jazah Rd.) RAK,RAS AL KHAIMAH,Pharmacy,,"Golden Crown Building, Next to Golden Crown Restaurant, Al Jazah Raod, Ras al Khaimah, UAE",0097172267190
Thumbay Pharmacy 9 (Al Khuzam) RAK,RAS AL KHAIMAH,Pharmacy,,"Opp Ras Al Khaimah Hotel, Al Khuzam, Ras Al Khaimah, UAE",0097172358362
UMDC PHARMACY LLC (AL NAKHEEL) Ras Al Khaimah,RAS AL KHAIMAH,Pharmacy,,"CBD Bank Building, Near Snow White, Garments, Al Nakheel 
",97172272757
Zahrat Noor Al Shefaa Pharmacy L.L.C,RAS AL KHAIMAH,Pharmacy,,"FATIMA HYPERMARKET BUILDING, AL MAMOURAH  ",97172220103
 N.M.C DENTAL CENTRE LLC,SHARJAH,Clinic,,"3rd Floor, Al Buhaira Bldg, Next to KFC, Buhaira Corniche, Sharjah,  UAE",97165738300
ACCESS AL SAJAA CLINIC (AL SAJAA) - SHARJAH,SHARJAH,Clinic,,"GROUND FLOOR, AL SAJAA SHOPPING CENTRE, FLOOR NO. 25 & 26, AL SAJAA INDUSTRIALAREA, PO. BOX : 33556, SHARJAH, UAE
",97167678795
ADIB MEDICAL CENTRE (AL MAJAZ) SHARJAH,SHARJAH,Clinic,,"AL FARDAN BLDG, FLAT# 1702, 17TH FLOOR, BUHAIRA CORNICHE, SHARJAH
",97165565052
AL FURQAN MEDICAL CENTRE LLC (INDUSTRIAL AREA 11) SHARJAH,SHARJAH,Clinic,,"SALEM SAEED OMAI AL JABERI BUILDING , FOURTH INDUSTRIAL STREET/INDUSTRIAL AREA 11",97165353868
AL NASEEM MEDICAL CENTRE (AL WAHDA ST) SHARJAH,SHARJAH,Clinic,,"AL WAHDA BUILDING 2 , FIRST FLOOR, M106	AL WAHDA STREET
",97165691000
AL SAAD DENTAL CLINIC (AL TAWUN ST) - SHARJAH,SHARJAH,Clinic,,"NEXT TO PULLMAN HOTEL, AL SAAD TOWER 1, 2ND FLOOR, SHARJAH, UAE
",97165277255
ASTER AL SUWAIHAT MEDICAL CENTER (WASIT STREET) SHARJAH,SHARJAH,Clinic,,"SHARJAH CO OP BUILDING ,GROUND FLOOR,WASIT STREET,SHARJAH - UAE
",097165210102
ASTER MUWAILEH MEDICAL CENTER - SHARJAH,SHARJAH,Clinic,,"BIN THARYEM -8, GROUND FLOOR,MUWAILEH - BH STREET SH.MOHAMED BIN ZAYED",0097165358027
Abdul Ghani Medical Centre - Sharjah,SHARJAH,Clinic,,"Dr. Abdul Ghani Siddique  Al Fardan Centre, Sharjah 
",0097165562727
Abrahams Medical Centre (Al Zahra St.) Sharjah,SHARJAH,Clinic,,"Rolla Tower building , 303 Al Zahra street , Rolla square - Sharjah, UAE",0097165612737
Access Al Rolla Medical Centre - Sharjah,SHARJAH,Clinic,,"Ibrahim Mohammed Al Medfa'a St., Adnic Tower, opportunity Union National Bank, Rolla - Sharjah",0097165612050
Access Clinic (Muwailih) Sharjah,SHARJAH,Clinic,,"Mubarak Building, University Road, Muwailih - Sharjah - UAE",97165359933
Advanced Medical Center - Sharjah,SHARJAH,Clinic,,"Cornish Al Buhaira, Al Fardan Center, Sharjah, UAE",0097165561220
Afdhal Ibtisamah Dental Clinic - Sharjah,SHARJAH,Clinic,,"Flat No. 206, Hilli 6 Building, King Faizal Street, Al Nud, Al Qasimia, Sharjah, UAE",0097165243338
Ahlan Medical Center (Al Nahda) Sharjah,SHARJAH,Clinic,,"Above Maharajan Discount Center, Opposite Sahara Center, P.O. Box: 1498, Al Nahda, Sharjah, UAE",97165305882
Ajyad Medical Center [Corniche Buhairah] Sharjah,SHARJAH,Clinic,,"Corniche Buhairah, Al Durrah Tower - 708 - Sharjah, UAE",0097165547745
Al Afdal Medical Centre - Sharjah,SHARJAH,Clinic,,"G8, Al Tawoos Building, Immigration Road, Al Mahatah, Sharjah, UAE",0097165623409
Al Ahalia Regional Medical Centre - Sharjah,SHARJAH,Clinic,,"Opp Etisalat, Al Musallah, Sharjah",0097165621700
Al Amal Medical Center - Sharjah,SHARJAH,Clinic,Al Khan,"203 Al helal Building All Itthihad Road, Opposite to Safeer Mall, Al Khan, Sharjah",0097165258927
Al Amanah Medical Centre - Sharjah,SHARJAH,Clinic,,"Al Mubarak Center, Al Arooba Street, Sharjah
",0097165615545
Al Amumah Medical Center - Sharjah,SHARJAH,Clinic,,"Flat 103, Noor Building, Al Sharq, Al Nabba",0097165667661
Al Arif Heart & Childrens Medical Centre LLC - Sharjah,SHARJAH,Clinic,,"Shop # 2, Al Andalus Tower, opposite to Al Mubarak Centre, Al Mujarrah, Sharjah",0097165639800
Al Azhar Medical Clinic (Sajaa) - Sharjah,SHARJAH,Clinic,,"Near Sharjah Cooperative Society Camp , Sajaa, Sharjah ",971564602172
Al Barakah Polyclinic (Industrial Area 5) Sharjah,SHARJAH,Clinic,,"Industrial Area 5, Near Maaza Signal, Same Bldg. Emirates Keys, Sharjah",0097165431763
Al Bayan Medical Center (Buhairah) Sharjah,SHARJAH,Clinic,,"Flat 1602, Sarah Al Emirate Tower Corniche Buhairah, Sharjah",0097165619393
Al Bisharah Medical Centre (Majaz 3) Sharjah,SHARJAH,Clinic,,"Flat No. 706 & 705, Sarah Al Emarat Tower, Corniche Al Buhairah, Majaz 3, Sharjah
",0097165544731
Al Burj Al Thahbi Medical Centre (Industrial Area 3) - Sharjah,SHARJAH,Clinic,,"Industrial Area No. 3, Near Khansaheb Building
",0097165275553
Al Bustan Medical Centre - Al Dhaid ,SHARJAH,Clinic,,"Flate No.102,103,104; Falaj Al Mualla Road,Near Vegetable & Fruits Market, Ali Ahmad saif, Building, Al Dhaid, Sharjah

",0097168829924
Al Dallah Medical Centre (Rolla) Sharjah,SHARJAH,Clinic,,"1st Floor 103, Souq Al Rolla Building, Opposite KM Trading centre, Near to Sunrise Supermarket",0097165614266
Al Darary Medical Centre (Industrial Area 1) Sharjah,SHARJAH,Clinic,,"Industrial Area 1, Behind Sharjah City Centre,  Sharjah",0097165336176
Al Dawli Medical Cosmetic Center (Al Majaz 3) Sharjah,SHARJAH,Clinic,,"401-402 Sarl Al Emarat Tower, Buhaira Corniche, Al Majaz 3, Sharjah",0097165257711
Al Deyafa Medical Centre- Sharjah,SHARJAH,Clinic,,"AL Nahda Park Round About, Al Nahda, Sharjah ",0097165301717
Al Dhaman Medical Centre - Sharjah,SHARJAH,Clinic,,"Behind Old Sharjah Cinema, Near SNTTA, Mina Road, Marijah, Sharjah UAE",0097165686814
Al Dunia Medical Center (Industrial Area 12)- Sharjah,SHARJAH,Clinic,,"Al Shamsi Building, Shop No. 9-10, Industrial Area No. 12, Near Geco Signal, Sharjah",0097165546644
"Al Enwan ""The Address"" Medical Centre - Khor Fakkan",SHARJAH,Clinic,," Bredi 2 Area, Sheikh Khalid Street, Khorfakkan, Sharjah 

",0097192383881
Al Faiez Medical Centre - Sharjah,SHARJAH,Clinic,,"Near Madam R/A Madam _x000D_
P.O Box 12744 _x000D_
Sharjah , UAE ",0097168861202
Al Ghari Consultation Speciality Clinic- Sharjah,SHARJAH,Clinic,,"Al Banna Plaza Building,  Floor 6,  Flat 82 , Sharjah  
",0097165598998
Al Hashmi Clinic (Khor Fakkan)  Sharjah,SHARJAH,Clinic,,"P.O.Box.10066,
Khorfakkan, Sharjah, UAE",0097192387265
Al Hayat Medical Centre- Sharjah,SHARJAH,Clinic,,"P.O. Box: 4570, Dana Tower, Buhairah Corniche, 35th Floor, Flat # 3503.",0097165549078
Al Kanary Medical Centre (Emirates Rd.) Sharjah,SHARJAH,Clinic,,"Ground & Mezzanine Floor, Fatima Saif Building, Emirates Road, Moweileh Commercial, Opposite UAE Exchange Centre, Sharjah, UAE",97165344439
Al Khajah Medical Center - Sharjah  ,SHARJAH,Clinic,,"Al Fardan Center, Sharjah, UAE, P.O.Box: 26826",0097165562200
Al Lubnani Medical Center (Al Taawun)- Sharjah,SHARJAH,Clinic,,"Mai Tower Al Mamzar, Sharjah
P.O. Box:39216",0097165652929
Al Lulu Medical Center - Sharjah,SHARJAH,Clinic,,"102, Business Link Building, Al Arouba Street, Al Khalidia, Sharjah",0097165646252
Al Madar Medical Centre,SHARJAH,Clinic,,"AL BASSAM CENTRE, 1ST FLOOR, FLAT 102, BUHAIRAH CORNICHE STREET,",97165548558
Al Maher Medical Center (Abu Shagara) Sharjah,SHARJAH,Clinic,,"King Faisal Road, Abu Shagara,Sharjah",0097165420066
Al Maliha Medical Centre (Main Road) Al Dhaid,SHARJAH,Clinic,,"Salem Bin Jersh Building, Opposite Etisalat, , Main Road, Al Dhaid, Sharjah, UAE",0097168823334
Al Manarah Medical Center - Sharjah,SHARJAH,Clinic,,"Flat No. 201-202, 2nd Floor, Al Majaz 3,
Bin Dhaen Tower, Al Buhairah Corniche, Sharjah",0097165266060
Al Mansour Medical Centre - Sharjah,SHARJAH,Clinic,,"Flat 101, City Compass Tower, Buhairah Corniche, Sharjah",0097165372050
Al Marijah Medical Centre - Sharjah,SHARJAH,Clinic,,"Flat 10,Shaikh Suad Building, Mina Road, Al Jubail, Sharjah  PO Box: 6264",0097165691400
Al Minha Medical Center - Sharjah,SHARJAH,Clinic,,"Ibn Batuta Building, Ground Floor
Abu Shaghara, Sharjah
P.O. Box: 29230",0097165599541
Al Moosa Private Medical Center - Sharjah,SHARJAH,Clinic,,"Crystal Plaza Block C, 4th Floor 403, Al Majaz, Buhairah Corniche, Sharjah ",0097165618178
Al Mueed Medical Centre LLC - Sharjah,SHARJAH,Clinic,,"Saif Al Midfa Building, 1st Floor, arabian Gulf Street, Al Nabba, Sharjah",0097165631429
Al Nahda Medical Center (Bukhara St) Sharjah,SHARJAH,Clinic,,"Al Daghaya Tower, 2nd Floor, 201, 202, Bukhara Street, Sharjah",0097165384466
Al Noor International Medical Center - Sharjah,SHARJAH,Clinic,,"Al Buhaira, Corniche Road, Northen Emirate, Sharjah",0097165933999
Al Qasimiah Medical Clinic (Sajaa Industrial Area) Sharjah,SHARJAH,Clinic,,"1st Floor, Ali Mossa Building, Near Sharjah Cement Factory, Sajaa Industrial Area, Sharjah",0097165310050
Al Rabee Clinic - Sharjah,SHARJAH,Clinic,,"Flat No. 201, Block B, Baghlaf Alfazer Bldg., Al Khan Street,
Industrial Area 2, Sharjah",0097165391222
Al Rahah Medical Center - Sharjah,SHARJAH,Clinic,,"Industrial Area 2, Near Sedana Signal, Above Asia Pharmacy, Sharjah, UAE",0097165425260
Al Sabah Medical Centre (Muwailih) - Sharjah,SHARJAH,Clinic,,"Muwailih, Sharjah",0097165315001
Al Safi Medical Center (Sajja) Sharjah,SHARJAH,Clinic,,"Al Sajaa Industrial Area, Sharjah",0097165551973
Al Saha Clinic - Sharjah,SHARJAH,Clinic,,"P.O.Box 20861_x000D_
Sharjah-UAE",0097165684322
Al Salam Medical Centre - Sharjah,SHARJAH,Clinic,,"Flat 208, 2nd Floor,  Above UAE Exchange Building, Rolla, Sharjah alternate email: alsalamsharjah@yahoo.com",0097165614262
Al Sarraf Medical Centre - Sharjah,SHARJAH,Clinic,,"Buhairah Corniche, Sharjah",0097165538787
Al Sehoul Dental Center- Sharjah,SHARJAH,Clinic,,"P.O. Box: 45794_x000D_
Sharjah",0097165744633
Al Shamil Medical Centre LLC - Sharjah,SHARJAH,Clinic,,"Al Wasit St, ADIB Building, 1st Floor, Flat No. 113, Samnan Area, Sharjah",0097165663343
Al Shams Al Jadeed Medical Centre - Sharjah,SHARJAH,Clinic,,"Double Cola Road , Near Lacnor _x000D_
P.O BOx 60936 _x000D_
Sharjah, UAE _x000D_
",0097165397539
Al Shams Medical & Diagnostic Centre - Sharjah,SHARJAH,Clinic,,PO Box 150461,0097165353004
Al Shams Medical Centre - Sharjah,SHARJAH,Clinic,,"Center Pilar R/A Near Investbank bldg. _x000D_
PO Box 34792 Sharjah  ",0097165424255
Al Shifa Al Khaleeji Medical Centre - Sharjah ,SHARJAH,Clinic,,"P. O Box 41347, Catterpillar road, Industrial Area – 2, Sharjah",0097165328558
Al Shifa Al Uropi Medical Center - Sharjah,SHARJAH,Clinic,,"Qadissiya, Tiger Bldg., Ground Floor, Al Nahda, Sharjah",0097165376969
Al Shifa Medical Centre (Sh. Khalid Bin Mohammed Al Qasimi St.) Khor Fakkan,SHARJAH,Clinic,,"Sheikh Khalid Bin Mohammed Al Qasimi Street, Al Bridi, Khor Fakkan Town, UAE",97192384288
Al Waha Medical Centre (Al Sharq St) Sharjah,SHARJAH,Clinic,,"Yousuf Al Serkal Bldg. No 16, Al Arooba Al Mujarrah, Sharjah",0097165654542
Al Yamamah Medical Centre - Sharjah,SHARJAH,Clinic,,"Enpi Building, First Floor, Flat No. 101 & 102, Industiral Area 10, 4th Industrial Street, Sharjah",0097165352160
Al Zeyarat Medical Centre - Sharjah,SHARJAH,Clinic,,"Villa 205, Sheikh Zayed Street, Samnan, Near Union corp Halwan, Sharjah",0097165668966
Alibtesama Al Jathaba Dental Clinic - Sharjah,SHARJAH,Clinic,,"University City Area, Muweileh Street, Al Razi Bldg., Flat No. 102, Al Sala RIA, Sharjah email for approvals:  alibtesamadentalclinic@gmail.com",0097165428818
Alpha Medical Center - Sharjah,SHARJAH,Clinic,,"P.O.Box 20110
Sharjah-UAE",0097165617577
Annie Dental Centre (Abu Shagara) Sharjah,SHARJAH,Clinic,,"Al Jabri Bldg. Opp. Abu Shagara Etisalat Flat No. 103/104, Sharjah",0097165594454
Antony Medical Centre (Al Mubarak Center) Sharjah,SHARJAH,Clinic,,"Al Mubarak Center, Near To Rotana Hotel, Al Sharq Street, Al Ghuwair, _4062, Sharjah, UAE",0097165630555
Arab Doctors Specialist Centre - Sharjah,SHARJAH,Clinic,,Sharjah,0097165544414
Aster Abu Shagharah Medical Center (Abu Shagharah) Sharjah,SHARJAH,Clinic,,"Shop No 1, Ground Floor, Aster Building, Near Abu Shagharah Park, Abu Shagharah",97165568225
Aster Abu Tina Medical Center (Bu Tina) Sharjah,SHARJAH,Clinic,,"Shaikh Majid Bin Saud Bin Khalid Building, Ground Floor, Shop No 1 &2, Al Sharq Street No 103, Abutina Sharjah
",97165619045
Aster Al Nahda Medical Center - Sharjah,SHARJAH,Clinic,,"Golden Sands Tower - Al Ittihad St., P.O. Box: 8703, Al Nahda, Sharjah",97165267111
Aster Medical Center (Al Majaz 1)- Sharjah,SHARJAH,Clinic,,"P.O. Box: 8703,King faizal road.
Sharjah",0097165509006
Aster Plus Al Nahda Medical Center - Branch 1 - (Al Nahda) - Sharjah ,SHARJAH,Clinic,,"Al Shaiba Bldg. Ground Floor Opp. Carrefour Express, Al Nahda Area, Sharjah",0097165958792
BRIGHT SMILE DENTAL CENTER (MUWEILAH) SHARJAH,SHARJAH,Clinic,,"AL TENEIJI BLDG. OFFICE NO 302, NEXT TO SUPER BONANZA HYPERMARKET,MUWEILAH COMMERCIAL 
",0065613333
Bab Al Sajaah Medical Centre (Sajjah) Sharjah,SHARJAH,Clinic,,"Shop # 4 & 5, Malik Hammad Sultan Building, Ground Floor, Near Noor al Sajjah Supermarker, Sharjah",0097165598211
Bachir Jumaa Specialist Centre (Al Taawun St) Sharjah,SHARJAH,Clinic,,"Al Taawun Street, Tiger 1, Flat 103, Sharjah",0097165257550
Basmat Al Hayat Medical Center - Sharjah,SHARJAH,Clinic,,"Buhairah Corniche, Al Majaz 3, Sharjah, UAE",0097165655336
Bhatia Medical Centre - Sharjah,SHARJAH,Clinic,,"1st Floor, Flat #2, Al Arouba Street, Rolla Square, Sharjah",0097165753888
Bissan Medical Centre - Sharjah,SHARJAH,Clinic,,"#103 Golden Tower Building, Buhairah Corniche, Sharjah, UAE",0097165737005
Bristol Medical Centre - Sharjah,SHARJAH,Clinic,,"Shop No. 13 & 14 Ground Floor, Juma Al Majid Residential Complex, Al Nahda, Sharjah",0097165266615
Bushra Specialist Medical Centre (Buhaira Corniche) Sharjah,SHARJAH,Clinic,,"5th Floor, Al Reem Tower, MOH Building, Buhaira Corniche, Sharjah",0097165511551
California Medical Centre (Al Majaz 1) Sharjah,SHARJAH,Clinic,,"10th Floor, Crystal Plaza, Buhaira Corniche Road, Al Majaz 1, Sharjah",0097165224422
Care Medical Centre - Sharjah,SHARJAH,Clinic,,"1st Floor, NWAEM, Centre, WAsit Street, Al Shahba, Sharjah, UAE",0097165455501
Central Medical Polyclinic (Suk Al Markazi)  Khor Fakkan,SHARJAH,Clinic,,"Khorfakkan, Suk Al Markazi, Nect to Alsafeer Centre, Sharjah, UAE",0097192387649
Community Medical Center - Sharjah,SHARJAH,Clinic,,"Flat 1104, Crystal Plaza, Tower C, Al Buhaira Corniche - Sharjah 
",0097165735733
Consultants' Polymedi (AL Wahda St.) Sharjah,SHARJAH,Clinic,,"AL Wahda Street, Industrial Area 4, Near Toyota Showroom Sharah UAE.",0097165335555
CosmeSurge & Emirates Clinics One Day Surgery - Sharjah,SHARJAH,Clinic,,"RAFFAA, ALMUNTAZAH ROAD,SHARJAH",97165245444
Cosmo Health Medical Centre LLC - Sharjah,SHARJAH,Clinic,,"Villa B 568, Culture Roundabout, Al Ramlla, Sharjah",0097165669910
Crystal Dental Clinic - Sharjah,SHARJAH,Clinic,,"Crystal Plaza Building, Block C, Flat 603, Sharjah",0097165623224
Cure Medical Center Physiotherapy LLC - Sharjah,SHARJAH,Clinic,Al Khan,"Office Entrance, 202, ASAS Tower, Al Khan Corniche Street, Sharjah",0097165303999
DAR AL AMAN MEDICAL CENTRE (MUWEILAH) SHARJAH,SHARJAH,Clinic,,"AL NAHDA 1 BUILDING INDUSTRIAL AREA, UNIVERSITY CITY, SHARJAH",97165777227
DIGITAL DENTAL CENTRE FZ (RAHMANIYA) SHARJAH,SHARJAH,Clinic,,"CLINIC NO.4 CLINICAL BUILDING 1, AL DHAID ROAD, RAHMANIYA, SHARJAH
",97165556363
DR. ASHOK MENON MEDICAL CENTER (ABU SHAGARA) SHARJAH,SHARJAH,Clinic,,"CITY TOWER BUILDING, HARAM BIN MELHAN STREET, SHARJAH",97165530557
DR. TAGHRID ALTAIE DENTAL CLINIC (AL MAJAZ 1) SHARJAH,SHARJAH,Clinic,,"504, CORNICHE PLAZA 2, BUHAIRA CORNICHE STREET, SHARJAH",97165592425
Dallas Medical Centre - Sharjah,SHARJAH,Clinic,,"Villa 386B Wasit Road, Al Falaj Sharjah",0097165627778
Damas Medical Center - Sharjah,SHARJAH,Clinic,,"Al Dana Tower, Corniche, Sharjah 
",0097165566411
Dar Al Salam Medical Center LLC - Sharjah,SHARJAH,Clinic,,"Unit 14, Al Mubarak Hypermarket Building, Sharjah, UAE",0097165213535
Doctors Medical Center - Sharjah,SHARJAH,Clinic,,"5th& 6th Floor, ADCB Bank building, Meena Road, Near Central post office, Rolla – Sharjah",0097165632100
Dooa Clinic [ Hamriyah F.Z.] Sharjah,SHARJAH,Clinic,,"Near Emirates Post, Hamriyah Free Zone - phase 1, Sharjah",97165260188
Dr. Ali S. Hindi Clinic (Al Bu Daniq) - Sharjah,SHARJAH,Clinic,,"Al Wahda Street, Al Thuraya Building, Sharjah, UAE.",0097165746006
Dr. Assad Al Dajani Specialist Centre - Sharjah,SHARJAH,Clinic,,"Corniche Plaza 2, Buhairah Corniche, Sharjah, UAE",0097165727700
Dr. Basil Medical Clinic - Sharjah,SHARJAH,Clinic,,"Room 404, 4th Floor, Corniche Buhaira, Corniche Plaza II, Opp.Marbella Resort, Sharjah",0097165746646
Dr. Eyad Gabour Specialist Eye Clinic - Sharjah,SHARJAH,Clinic,,"1st Floor, Flat 16, Jamal Abdul Nasser Street, Above Union Pharmacy, Sharjah ",0097165594002
Dr. Fawzia Aljeziri Medical Center Al Falaj - Sharjah,SHARJAH,Clinic,,"Villa 404, Al Wasit Street Al Falaj Area Sharjah",0097165252528
Dr. Mohammad Al Nounou Clinic - Sharjah,SHARJAH,Clinic,,"801, Al Durrah Tower, Al Wahda Street, Buhairah Corniche, Sharjah    mohamed.elnounou@gmail.com; mnclinic801@gmail.com Ms. April",0097165565656
Dr. Sabaa Medical Centre - Sharjah,SHARJAH,Clinic,,"Al Majaz, Jamal Abdul Naser St. Sharjah
",0097165530092
Dr. Sai Ganesh Pillai's Clinic - Sharjah,SHARJAH,Clinic,,"P.O Box 43633 Bank sadirat Iran Building Opp UAE Exchange , rolla , Sharjah",0097165687831
Dr. Samia Kheder Clinic - Sharjah,SHARJAH,Clinic,,"P.O.Box 19869
Sharjah, UAE",0097165565589
Dr. Sanjay Medical Centre - Sharjah,SHARJAH,Clinic,,"201, Al Mubarak Centre, Al Arouba street, Al Nabaa, Rolla, Sharjah
",0097165626525
Dr. Tigani Shayeb Clinic - Sharjah,SHARJAH,Clinic,,"P.O.Box 48505, Sharjah, UAE ",0097165561126
Dr. Ziad Baghdan Clinic - Sharjah,SHARJAH,Clinic,,"1st Floor, Flat 110, Al Muhairy Building, Al Wahda Street, Same Building of Crystal Palace Stores, Sharjah
",0097165333949
EBN HAYAN MEDICAL CENTER (AL MAJAZ 2 ) SHARJAH,SHARJAH,Clinic,,"Sarh Al Emarat Tower 3rd floor , Al Majaz Sharjah
",97165256366
EMIRATES HOSPITALS CLINICS - SHARJAH,SHARJAH,Clinic,,"Al Fardan Centre, R floor Shop No: 2, Buheira Corniche  Road, Al Majaz 3 Sharjah
",97165133777
Elite Medical Center (Al Khan) - Sharjah,SHARJAH,Clinic,,"Al Khan, Khalidiya Villa 6 After Iwan Hotel
",0097165309898
Emirates International Medical Centre ((Al Sharq St) - Sharjah,SHARJAH,Clinic,,"Al Rifah, Al Sharq Street, Villa No. 996, Sharjah",0097165226107
Enjab Medical Centre (Al Intifada St) Sharjah,SHARJAH,Clinic,,Al Durrah Tower - 6th floor - Al Intifada St - Sharjah,0097165563433
European Dental Center - Sharjah,SHARJAH,Clinic,,"First Floor, Flat 101, Buhairah Corniche, Sharjah ",0097165529366
Eve Medical Center LLC (AL FAYHA ST) SHARJAH,SHARJAH,Clinic,,"OPPOSITE OF NMC MAYSALOON,  VILLA 59, SHARJAH
",97167498042
Ewan Medical Centre - Sharjah,SHARJAH,Clinic,,"OFFICE 603, AL DURRAH TOWER, AL BUHAIRA CORNICHE, AL MAJAZ 3, SHARJAH",97165774166
First Gulf Medical Center - Sharjah,SHARJAH,Clinic,,"Flat No: 102, 1st Floor,
Al Reem Building II, Muwailah,
Near National Paints,
Maliha Road (Sharjah-Kalba Road),
Sharjah - UAE.",0097165347573
Florida Dental Clinic - Sharjah,SHARJAH,Clinic,,"Suite #101, First Floor, Al Bayan Building, Al Khan Street, Sharjah, UAE",0097165562966
French Medical Centre - Sharjah,SHARJAH,Clinic,,"Flat No. 201 Al Buhairah Building, Buhairah Corniche Sharjah UAE",009716744266
GALAL MEDICAL CENTRE (AL KHAN) SHARJAH,SHARJAH,Clinic,,"ASAS BULDING, ALKHAN CORNICH, SHARJAH",971528221101
Ganin Medical Center - Sharjah,SHARJAH,Clinic,,"Flat 1001 & 1002, Sarh Al Emarat Building Corniche Al Buhairah Opp. Sharjah Arab Tourism, Sharjah ",0097165315553
Genova Medical Centre (Al Khan) Sharjah,SHARJAH,Clinic,Al Khan,"Robot Park Tower, Office 308 & 306, Near Al Qasba Canal, Al Khan, Sharjah",0097165566036
German Medical Oasis - Sharjah,SHARJAH,Clinic,,"Flat No. 803, 8th Floor, Al Durrah Tower, Al Buhaira Corniche, Sharjah",0097165565564
German Pearl Dental Clinic (Corniche St.) Sharjah,SHARJAH,Clinic,,"Flat 1303, 13th Floor, Belrashid Bldg., Buheira Corniche Street, Sharjah",0097165755114
Good Health Specialized Medical Centre (Al Nahda) Sharjah,SHARJAH,Clinic,,"1st Floor, Al Mansoor Tiger Bldg., Next Lulu Hypermarket, Al Nahda, Sharjah, UAE",97165541600
HANEEFA MEDICAL CENTER LLC (MUWEILAH STREET) SHARJAH,SHARJAH,Clinic,,"MUWEILAH COMMERCIAL BUILDING, 15/1 125 MUWEILAH STREET, SHARJAH
",97165729880
HAPPY WAY MEDICAL CENTER (MAREJAH) SHARJAH,SHARJAH,Clinic,,"RESIDENCE 7 BUILDING 3RD FLOOR OPP ZAM ZAM REST AL MAREJAH, SHARJAH
",97165300540
HERMOSA MEDICAL CENTER (INDUSTRIAL AREA) SHARJAH,SHARJAH,Clinic,,"UNIVERSITY CITY RD – INDUSTRIAL AREA MUWAILEH COMMERCIAL – SHARJAH 
",97165355507
Hakim Medical Center (Abu Shagara) Sharjah,SHARJAH,Clinic,,"2nd Floor, HSBC Building, Offcie # 212, Opposite To E-Max, King Faizal Street, Abu Shagara, Sharjah, UAE",97165599234
Hannover Medical Center - Sharjah,SHARJAH,Clinic,,"Office 1902, Sarah Al Emarat Tower, Al Majaz 3, Corniche St., Sharjah",0097165433226
Healers Medical Center [Abu Shagara] Sharjah,SHARJAH,Clinic,,"Al Thorya Tower, Sallm Bin Omair St., Abu Shagara, Sharjah - U.A.E",0097165539851
Helal Kalba Medical Clinic (Kalba Street) - Sharjah,SHARJAH,Clinic,,"Maryman Rashid Muhammad Building Opp. Sharjah Coorperative Society, Kalba Industrial Area, Sharjah",0097192776886
Ideal Medical Center - Sharjah,SHARJAH,Clinic,,"Flat No 102/104/106 Sheikh Khalid Bldg., 1st Flr, Block A, Al Orooba Street, Rolla Square",0097165623844
Ishaq Bin Omran Medical Center - Sharjah,SHARJAH,Clinic,,"Al Qarayen 2, Sheikh Mohammed Bin Sultan Al Qassimi Street, Sharjah",0097165180800
Jory Medical Centre (Al Khan) Sharjah,SHARJAH,Clinic,Al Khan,"Al Baker 5 Tower, 4th Floor 402, Al Khan Corniche Street, Shajah",0097165227676
Jumana Dental Clinic - Sharjah,SHARJAH,Clinic,,"Al Dar Building,
9, Al Estiqlal Street,M Floor, Office 3
Abu Shagara, city Sharjah
",0097165556711
Kedar Dental Centre (Buhaira Corniche) Sharjah,SHARJAH,Clinic,,"Ameer Bukamseen Tower, Flat No 108, 109, 110, Buhaira Corniche, Sharjah",0097165544001
LABCARE - Al Enaiah Medical Lab.  Sharjah,SHARJAH,Clinic,,"Sarh Al Emarat Building, Flat 605, 606 Corniche St., Sharjah, UAE",0097165566086
Lamasat Medical Center (Al Taawun)  - Sharjah,SHARJAH,Clinic,,"Al Taawun, Opposite Sharjah Expo Center Al Sham Tower, 2nd floor, Flat 204, Sharjah, UAE",0097165591619
Liberty Medical Centre - Sharjah,SHARJAH,Clinic,,"Shop No. 2, Nayeli-3 Building, Abushaghara, Liberty Signal, King Abdul Aziz street, Sharjah ",0097165599379
Limar Medical Centre (Buhaira Corniche) Sharjah,SHARJAH,Clinic,,"Al Shamsi Building, 3rd Floor, Above Madfoon Khaima, Buhaira Corniche, Sharjah",0097165744245
MGM Medical Centre (King Faisal St.) Sharjah,SHARJAH,Clinic,,"Above Suzuki Showroom & CBI Bank, King Faisal St., Al Nud, Sharjah
",0097165741444
MOTHER & FETUSES MEDICAL CENTER (AL AZRA) SHARJAH,SHARJAH,Clinic,,"VILLA 458 WASIT ST, WASIT SUBURB, AL AZRA, SHARJAH",97167411031
Mampilly Medical Center (Rolla)- Sharjah,SHARJAH,Clinic,,"SHARJAH GOLD CENTER (1 FLOOR) NEXT TO KM TRADING, ROLLA , SHARJAH  
",0097165616464
Manchester Medical Centre (Al-Mamzar) Sharjah,SHARJAH,Clinic,,"302 Al Baker 5 Building, Backside of Sharjah Expo Center, Al Taawun R., Al-Mamzar, Sharjah, UAE",97165547373
Marina Medical Center - Sharjah,SHARJAH,Clinic,,"P.O.Box 130083
Mezzanine Floor, Al Soor Building
Ibrahim Mohd Al Medfa Street
Above Lifeline Pharmacy, Al Soor Area
Al Mina Road, Sharjah
Sharjah, UAE
",0097165625234
Mathew Medical Centre - Sharjah,SHARJAH,Clinic,,"111, 1st Floor, Block B, Al Khalaj Building, King Faisal Street, Between Choithram, Sharjah
",0097165595594
Medcare Al Nahda Medical Center (Al Taawun ) Sharjah,SHARJAH,Clinic,,"Al Jawhara Building, Al Taawun Street, Taawun - Sharjah, UAE",0097165257497
Metawi Medical Centre - Sharjah,SHARJAH,Clinic,,"Sharjah Al Wahda Street ,Mezzanine Floor,Al Thuraya Building Above Al Reyamy Furniture ",0097165742999
My Family Medical Centre (Buhaira Corniche) Sharjah ,SHARJAH,Clinic,,"Al Durrah Tower,Corniche Road, Next To Al Fardan Center, Buhaira Corniche,Sharjah, UAE",0097165565670
NMC ROYAL MEDICAL CENTRE (Halwan) Sharjah ,SHARJAH,Clinic,,"Opp. Al Qassimi Hospital, Wasit Street, Shahba - Sharjah, UAE",97165061666
Nathani Medical Centre - Sharjah,SHARJAH,Clinic,,"Rotana Hotel R/A, Al Owais Building, Sharjah-UAE   Change of name on 5th dec. 05",0097165686200
New Bhatia Medical Centre LLC - Sharjah,SHARJAH,Clinic,,"904 Golden Tower, Buhairah Corniche, Sharjah",0097165242550
New Medical Center - Sharjah,SHARJAH,Clinic,,"1st and 2nd Floor, Bel Rashid Building Buhairah Corniche, Sharjah, UAE P.O.Box 25262

",0097165758000
New Sunny Medical Centre (Rolla) - Sharjah,SHARJAH,Clinic,,"3rd Floor, Al Mutawa Building, Behind UAE Exchange, Al Arouba Street, Umm Tarafa, Rolla, Sharjah, UAE",0097165639966
Newyork Medical Centre (Al Majaz 1) - Sharjah,SHARJAH,Clinic,,"401, Corniche Plaza 1, Buhaira Corniche, Opposite Marbella Resort & Holiday International, Sharjah, UAE",0097165223887
ORIANA SPECIALITY HOSPITAL CLINICS (AL GOUZ) SHARJAH,SHARJAH,Clinic,,"AL GOAZ, SHARJAH
",971565918989
Orchid Medical Centre - Sharjah,SHARJAH,Clinic,,"Al Khan Palace Tower, Sharjah, UAE",0097165288110
Oxygen Medical Center - Sharjah,SHARJAH,Clinic,,"210 Al Hilal Tower, Al Wahda St., Al Khan Area Sharjah",0097165544488
PRIMECORP MEDICAL CENTER L.L.C SHJ 1 (AL NAHDA) SHARJAH,SHARJAH,Clinic,,"SHOP NO. 1 AL RODA TOWER 2, MAKALA ST. AL NAHDA SHARJAH 
",091747070999
Perfect Medical Centre (Rolla)- Sharjah,SHARJAH,Clinic,,"Rolla, UAE Exchange Bldg. ",0097165630009
Peshawar Medical Centre LLC - Sharjah,SHARJAH,Clinic,,"Rolla Mall, 3rd Floor, Flat No. 308 & 309, Sharjah",0097165633755
Premier Medical Centre (Rolla) Sharjah,SHARJAH,Clinic,,"Emirates Post Office Bldg. Al Ghuwair, Rolla, Sharjah",0097165616188
Prime Medical Center (Al Nahda) Sharjah,SHARJAH,Clinic,,"Al Roda Tower-2 Malaka Street, Al Nahda, Sharjah, UAE",0097165251800
Prime Medical Centre Al Qasimia (King Abdul Aziz St.) Sharjah,SHARJAH,Clinic,,"Immigration Road, Near Mashreq Bank, King Abdul Aziz St., Sharjah, UAE",0097165752200
Prime Specialist Medical Centre (Al Majaz-1) - Sharjah,SHARJAH,Clinic,,"Safeer Market Building, King Faisal St., Al Majaz-1, Sharjah, UAE",0097165752200
Prime Specialist Medical Centre (University City Road) Sharjah,SHARJAH,Clinic,,"Ground Floor, Zero 6 Mall, Al Junairah, University City Road, Sharjah",0097146079928
REAYAHT AL JAMAL MEDICAL CENTER (AL MAJAZ 1) SHARJAH,SHARJAH,Clinic,," AL NAKHEEL TOWER, 110 CORNICHE ST, AL MAJAZ 1, SHARJAH",97165620260
RUKIN AL SHIFAA MEDICAL CENTRE (AL ROLLA) SHARJAH,SHARJAH,Clinic,,"AL MUTHWA BUILDING, ROLLA SQUARE PARK, SHARJAH",97165740800
Reem Al Nahda Medical Diagnostic Center - Sharjah,SHARJAH,Clinic,,"Al Nahda, In Front of Carrefour, Sharjah ",0097165620831
Reem Medical Diagnostic Centre (Rolla) - Sharjah,SHARJAH,Clinic,,"Al Arouba Street, Juma Al Mutawa Bldg., Rolla, Sharjah",0097165620831
Regal Medical Centre  (Muwailih) Sharjah,SHARJAH,Clinic,,"Flat 104, 1st Floor, Al Wadi Buidling, Kalba Road, above Jenoub Al Madina Supermarket, Muwailih, Sharjah email:vasudeva.dr@gmail.com",0097165354175
Riaz Medical Center - Sharjah,SHARJAH,Clinic,,"Al Shahba, Al Wasit Street, Sharjah, UAE",0097165583351
Right Medical Centre - Sharjah,SHARJAH,Clinic,,"1st Floor, Saleh Bin Saleh Building, King Faisal Street, Near Prime Tower Hotel, Sharjah, UAE",0097165551575
SEAFARER CLINIC (KHALID PORT) SHARJAH,SHARJAH,Clinic,,"PK 16 D, KHALID PORT, SHARJAH",97165634522
SHIFA AL RABEE MEDICAL CENTRE (MUWAILEH) SHARJAH,SHARJAH,Clinic,,"SHIFA AL RABEE MEDICAL CENTRE BUILDING,2609,GROUND FLOOR,MUWAILEH COMMERCIAL,INDUSTRIAL AREA,BUS STATION ROAD, MUWAILEH INDUSTRIAL AREA COMMERCIAL SHJ,SHARJAH,UAE	MUWAILEH COMMERCIAL
",9715959123
Sabah Al Noor Medical Center - Sharjah,SHARJAH,Clinic,,"M2, Block A, Mr. Baker Building, King Faisal Road, Abu Shaghara, Sharjah",0097165558441
Sahara Medical Centre (Al Nahda)- Sharjah,SHARJAH,Clinic,,"Al Nahda, Sharjah, UAE P.O.Box: 65257",0097165318887
Saif Zone Medical Clinic - Sharjah,SHARJAH,Clinic,,"F2 Area, Sharjah International Airport, Free Zone, Opposite Purvi Enterprises, Sharjah",0097165578471
Sama Al Sham Dental Clinic - Sharjah,SHARJAH,Clinic,,"Al Mahatta Area, King Abdul Aziz Street, Sharjah",0097167673474
Sameena Medical Centre (Al Nabba) Sharjah,SHARJAH,Clinic,,"Flat-101, Al Zahra Building (above Al Fardan Exchange), Clock Tower Roundabout, Sharjah",0097165636192
Samnan Medical Centre - Sharjah,SHARJAH,Clinic,,"Flat 110, Bank Bldg._x000D_
P.O.Box: 151080_x000D_
Sharjah, U.A.E",0097165663500
Sana Habib Medical Centre LLC - Sharjah,SHARJAH,Clinic,,"C.G. Mall C-block, 4th Floor, Opposite Nova Park, Sharjah",0097165396566
Sarah Medical Centre-sharjah,SHARJAH,Clinic,,"SARA TOWER, FLOOR # 4, FLAT # 84, CORNICHE ROAD",97165568888
Shamaal Al Ahalia Medical Centre,SHARJAH,Clinic,,"NEAR CLOCK TOWER,OPP.KALYAN SILKS,SHEIKH ZAYED STREET ",97165744529
Shanthi Medical Centre (Abu Shagara)  Sharjah,SHARJAH,Clinic,,King Faisal Street - Abu Shagara - Sharjah,0097165558991
Sharjah International Holistic Health Centre - Shj,SHARJAH,Clinic,,"M Floor - Flat 4,5,6, King Abdul Al Aziz Street, Al Nahda, Opposite of City Bank, Sharjah",0097165720088
Shifa Al Jazeera Medical Centre  (Al Zahra St) - Sharjah,SHARJAH,Clinic,,"Next to Al Musalla Pharmacy, Al Zahra Street, Rolla, Sharjah",0097165617277
Shiyas and Ifthikar Medical Center - Sharjah,SHARJAH,Clinic,,"Al Wasit Road, Samnan, Halwan, Sharjah",0097165668745
Sidrah Medical Centre (Al Tawoun St) - Sharjah,SHARJAH,Clinic,,"Al Mamzar 1, Al Tawoun St., Tiger Building 4, Mezanina Floor, Next to Al Amal Tower, Sharjah",0097165655657
Siyad Specialist Medical Centre (Muwailih) Sharjah,SHARJAH,Clinic,,"Shop No. 1, Al Wadi Bldg. Maliha Road, Muweilah, Sharjah",0097165358305
Solanki Dental Center - Sharjah,SHARJAH,Clinic,,"P.O. Box: 38987, Villa #3, Street #2, Al Falaj, Sharjah  ",0097165616556
Specialized Medical Centre (Al Majaz 1 ) Sharjah,SHARJAH,Clinic,,"Salem Tower, Opposite of Al Noor Mosque, Same Building of Al Samadi Sweets, Buheira Corniche Road - Sharjah, UAE",97165736800
Starcare Medical Center (Rolla) Sharjah,SHARJAH,Clinic,,"Malabar Plaza, First Floor, Al Ghuwair 8th Al Arowba Street, Rolla, Sharjah",0097165611099
Sunny Al Buhairah Medical Centre (Al Majaz) Sharjah,SHARJAH,Clinic,,"Formerly known as NMC Sunny Al Buhairah Medical Centre 1st Floor، Next to Kakooli Tower, Near Buhairah Police Station, Al Majaz",97165566689
Sunny Al Nahda Medical Centre (Al Nahda) Shj,SHARJAH,Clinic,,"Formerly known as NMC Sunny Al Nahda Medical Centre First Floor, Al Shaiba Building, Al Nahda,Opp. Carrefour Express, Al Nahda, Sharjah, UAE",97165305252
Sunny Maysloon Speciality Medical Centre (Maysloon) Sharjah,SHARJAH,Clinic,,"Formerly known as NMC Sunny Maysloon Speciality Medical Centre, Near LuLu Hypermarket, Al Kuwait St., Maysloon - Sharjah, UAE",0097165455966
Sunny Medical Centre (Al Shahba) - Sharjah,SHARJAH,Clinic,,"Formerly known as NMC Sunny Medical Centre 1st Floor, Shaikha Anood Building, Wasit Street, Shahba - Sharjah, UAE",97165388966
Sunny Sharqan Medical Center (Al Sharq St.) Sharjah,SHARJAH,Clinic,,"Formerly known as NMC Sunny Sharqan - Al Sharq St , Al Arouba Street, Towards Ajman, Sharjah, UAE",97165667996
Sunny Speciality Medical Centre (Rolla) - Sharjah,SHARJAH,Clinic,,"Formerly known as NMC Sunny Speciality Medical Centre 1st Floor, Eisa Building-2, Opp. Rolla Square, Rolla, Sharjah - Sharjah",97165455966
Tejan Dental Center - Sharjah,SHARJAH,Clinic,,"Office 102, Qasr Qortoba Building, University City Road, Muailah Commercial, Sharjah",00971547000755
Thumbay Clinic (Abu Shagara) - Sharjah,SHARJAH,Clinic,,"Behind City Max Hotel, Alwahda 1, Abu Shagara, Sharjah UAE, P.O Box: 77773

",97165523177
Thumbay Clinic (Kalba) - Sharjah,SHARJAH,Clinic,,Al Wahda St. Kalba,0097192773337
Thumbay Medical & Dental Speciality Center (muwailih) - Sharjah,SHARJAH,Clinic,,"""Next to National Paint Roundabout,
Sharjah
""
",0097165358111
Ugarit Dental Center LLC - Sharjah,SHARJAH,Clinic,,"Corniche Street, Al Majazi, Al Buhairah Building 101, Sharjah",0097165335055
Unicare Medical Centre - Sharjah,SHARJAH,Clinic,,"I Floor, Al Shamshi Building, Clock Tower",0097165630313
Veno Care Vascular Surgery Clinic LLC Branch (Al Qasba) Sharjah,SHARJAH,Clinic,,"OFFICE 1710 17TH FLOOR AL HIND TOWER AL QASBA, DUBAI",97165467333
WE CARE MEDICAL CENTRE LLC  (INDUSTRIAL AREA 10) SHARJAH,SHARJAH,Clinic,,"INDUSTRIAL AREA 10, SHOP NO 2,KHANSAHIB BUILDING , SHARJAH
INDUSTRIAL AREA 10
",97165779977
Yas Medical Center (Sajja) - Sharjah,SHARJAH,Clinic,,"Sajaa Industrial Area, Near Alimoosa Company",0097165361258
ZULEKHA MEDICAL CENTER - AL KHAN - SHARJAH,SHARJAH,Clinic,,"THE GATE TOWER BUILDING, AL KHAN, SHARJAH",97165060499
Zaferulla Medical Centre- Sharjah,SHARJAH,Clinic,,"Tiger Building, Ground Floor, Flat No. 13 & 14, Sharjah",0097165443080
Al Saha Wa Al Shifaa One Day Surgery Hospital (Rolla Mall) Sharjah,SHARJAH,Day Surgery Center,,"Office # 307, 3rd Floor, Rolla Mall, City of Sharjah, UAE",0097165632618
Dar Al Oyoun Eye Hospital for One Day Surgery (Corniche St.) Sharjah,SHARJAH,Day Surgery Center,,"Office 1101 & 1102, Crystal Plaza, Block C, 11th Floor, Buhairah Corniche, Corniche St., Sharjah",0097165750015
Emirates European Hospital (Rolla) Sharjah,SHARJAH,Day Surgery Center,,"Al Sharq St, Rolla - Sharjah",0097165619444
GAELAN MEDICAL CARE ONE DAY SURGERY HOSPITAL (AL TAAWUN) SHARJAH,SHARJAH,Day Surgery Center,,"Al Maha Tower, Al Taawun Street, Sharjah",97165942222
Oriana Hospital For One Day Surgery (Al Taawum St.)  Sharjah,SHARJAH,Day Surgery Center,,"Mezzanine Floor, Manazil Tower 2, Al Taawum St., Al Khan, Sharjah
",0097165251000
Thumbay Hospital DayCare (Muwailih) Sharjah,SHARJAH,Day Surgery Center,,"University City Road, Muwailih, Sharjah",0097165449444
Al Borj Medical Laboratory - Sharjah,SHARJAH,Diagnostics,,"P.O Box 73543,Crystal Plaza Bldg., 3rd floor, Office# 304, corniche buhaira st., sharjah, UAE",0097165752100
Al Durrah Radiology Center - Sharjah,SHARJAH,Diagnostics,,"Al Durrah Tower, 1st Floor, F4-F11, Corniche Al Buhaira, Sharjah",0097165569888
Al Safwa Radiology Center LLC - Sharjah,SHARJAH,Diagnostics,,"3rd Floor, GC Mall, King Faisal Street, Sharjah",0097165563969
Aster Diagnostic Center (Aster),SHARJAH,Diagnostics,,"GROUND FLOOR, SHOP NO 1 -3, HANBAL AL MADANI BUILDING, ABU SHAGARA  ",97165973300
Class Medical & Diagnostic Center  - Sharjah,SHARJAH,Diagnostics,,"1st Floor, Al Orouba Street, Al Saud Tower, Sharjah 
Sharjah, UAE",0097165652332
Elm Al AMRHDH Medical Laboratory - Sharjah,SHARJAH,Diagnostics,,"601  Crescent Tower, Buhairah Corniche PO Box: 83350, Sharjah
",0097165454801
International Radiology & Diagnostic Services Branch 1(Al Taawun) - Shj,SHARJAH,Diagnostics,,"Egyptian Trading Centre, 2nd Floor, Al Taawun Street, Al Majaz, Sharjah",0097165566305
International Radiology & Diagnostic Services Centre (Majaz) - Shj,SHARJAH,Diagnostics,,"Crystal Plaza Bldg, Buhairah Corniche, Sharjah",0097165738088
MEDSOL - Mediplus Diagnostic Centre - Sharjah,SHARJAH,Diagnostics,,"PO Box 46052,
Sharjah 
U.A.E",0097165634347
Medical House For Diagnosis & Treatment - Sharjah,SHARJAH,Diagnostics,,"Zahra Street, Sharjah
",0097165632828
Mena Labs Medical Laboratories LLC - Sharjah,SHARJAH,Diagnostics,,"Office #403, Belrasheed Toer 1, Buhairah Corniche, Sharjah, UAE",0097165754979
Modern Medical Lab (Rolla) Sharjah,SHARJAH,Diagnostics,,"201, 2nd Floor, Al Khudra Building, Rolla Square, Sharjah",0097165659961
Texas Medical Lab - Sharjah,SHARJAH,Diagnostics,,"Villa No.141
Shaikh Zayed Road
Al Ghubaiba
Sharjah
Mob 050 9712320",0097165622988
ASTER HOSPITAL (AL BU DANIQ) SHARJAH,SHARJAH,Hospital,,"SHEIKH SAQR BIN KHALID AL QASIMI, AL BU DANIQ, SHARJAH",97144400500
Burjeel Specialty Hospital (Maysaloon) Sharjah,SHARJAH,Hospital,,"Near Al Fayha Park, Opposite Lulu Al Fayha, Maysaloon, Sharjah",0097165075073
CENTRAL HOSPITAL LLC (MAYSALOON) SHARJAH,SHARJAH,Hospital,,"Sheikh Zayed St, Mysaloon Near Clock Tower - Sharjah",0097165639900
DAR AL KAMAL HOSPITAL (AL SHARQ) SHARJAH,SHARJAH,Hospital,,"DAR AL KAMALA AL SHARQ, AL HEERAH SUBURB, AL FISHT, SHARJAH",97165997777
MOH - Al Qassimi Women's & Children's Hospital - Sharjah,SHARJAH,Hospital,,"Sharjah , Wasit Street; Sharjah ",0097165120000
Medcare Hospital (King Faisal St.) Sharjah,SHARJAH,Hospital,,"King Faisal Street, Sharjah, UAE",0097165949701
NMC Royal Hospital (Al Zahra Private Hospital) - Al Gharb - Sharjah,SHARJAH,Hospital,,"Al Zahra St, Near Clock Tower - Sharjah,  P.O.Box 3499",0097165168821
ORIANA SPECIALITY HOSPITAL (AL TAAWUN) SHARJAH,SHARJAH,Hospital,,"PULLMAN HOTEL , AL TAAWUN
",971565918989
Saudi German Hospital (Al Qasimi St.) Sharjah,SHARJAH,Hospital,,Intersection of Mohammed Bin Saqr Al Qasimi Street Al Sharq Area Opposite Al Quds Mosque - Sharjah,0097143890045
Sharjah Corniche Hospital (Corniche Al Buhaira St.) Sharjah,SHARJAH,Hospital,,"Corniche Plaza II, 10th Floor,Opposite Marbella resort, Buhairah - Corniche Al Buhaira Street, Sharjah, P.O. Box: 21218
",0097165751222
Thumbay Hospital Day Care (Rolla) - Sharjah,SHARJAH,Hospital,,"Near Rolla Mall, Opposite Al Kabael Centre, Sharjah",0097165440555
University Dental Hospital ( University City Rd.) Sharjah,SHARJAH,Hospital,,"University Of Sharjah، University City Road - Sharjah, alternate email: rana.nasir@udhs.ae",0097165057666
University Hospital (University City) Sharjah,SHARJAH,Hospital,,"University City, University Street - Sharjah",0097165058555
Zulekha Hospital (Al Nasseriya) Sharjah ,SHARJAH,Hospital,,"Al Zahra St., P.O.Box 457, Sharjah-UAE",0097165060182
AL JABER OPTICAL CENTRE LLC - AL ZAHIA CITY CENTRE - SHARJAH,SHARJAH,Optical Center,,"SHOP NO. A031, FIRST FLOOR
AL ZAHIA 
",091765107587
Al Jaber Optical Centre 7,SHARJAH,Optical Center,,"SHOP NO.GF13, GROUND FLOOR, ZERO 6 MALL  ",97165423636
Al Jaber Optical Centre L L C Shj.2,SHARJAH,Optical Center,,"SHOP NO. 120, GROUND FLOOR, SAHARA CENTRE  ",97165542116
Al Jaber Optical Centre Llc-Sahara Centre,SHARJAH,Optical Center,,"SAHARA CENTRE, GROUND FLOOR, SAHARA CENTRE, SHARJAH",97165315445
Al Jaber Optical Centre Llc-Sharjah City Centre,SHARJAH,Optical Center,,"SHARJAH CITY CENTRE, FLOOR # 2, SHOP # U10B, SHARJAH CITY CENTRE, SHARJAH",97165335424
Excel Enterprises Llc Br2 ( Rivoli Group),SHARJAH,Optical Center,,"SAHARA MALL,GROUND FLOOR, FLAT # G178,  ",11111111111
Excel Enterprises Llc Shj.Br / Br 1,SHARJAH,Optical Center,,"MEGA MALL,GROUND FLOOR,AL ESTEQLAL ST ",5753294
Magrabi Optical - Sharjah Al Zahia,SHARJAH,Optical Center,,"Al Zahia City Center ,Shop A081, 2nd floor - Sharjah
",97165465770
Magrabi Optical - Sharjah Mega Mall Br,SHARJAH,Optical Center,,Mega Mall Sharjah,0097165744012
Optx Twenty Twenty Llc,SHARJAH,Optical Center,,"SAHARA CENTRE, GROUND FLOOR, SHOP # 190, AL NAHDA SHARJAH AREA, AL NAHDA",97165303357
RIVOLI EYE ZONE OF EXCEL ENTERPRISES LLC SHJ 2- SCC-SHARJAH,SHARJAH,Optical Center,,"FIRST FLOOR, NEXT TO DAMAS, MAIN ENTRANCE, SHARJAH CITY CENTRE
",97165221997
RIVOLI EYE ZONE OF EXCEL ENTERPRISES LLC SHJ 3- Zahia-SHARJAH,SHARJAH,Optical Center,,"A-109 ,LEVEL 2 ,OPPOSITE RED TAG ,ENTRANCE H ,PARKING ZONE H ,AL ZAHIA CITY CENTRE
",97165420063
Yateem Optician (Al Majaz 3) Sharjah,SHARJAH,Optical Center,,"Unit No. 32, Mezzanine Floor, Al Majaz 3, Buheira, Sharjah",0097165562677
Yateem Optician 5,SHARJAH,Optical Center,,"Al Zahia City Centre, Groud floor Sharjah
",97165466306
Yateem Optician Shj 1 (Sahara Centre) Sharjah,SHARJAH,Optical Center,,"Unt No. G6KG21, Sahara Centre, Sharjah",0097165300605
Yateem Optician Shj 2 (Sahara Centre) Sharjah,SHARJAH,Optical Center,,"Shop No. F261, Sahara Centre, Sharjah",0097165564050
Yateem Optician Shj 3 (City Centre) Sharjah,SHARJAH,Optical Center,,"B-052, City Centre, Sharjah",0097165288065
ABUDHABI PHARMACY,SHARJAH,Pharmacy,,"OPP.SHARJAH CO-OPERATIVE 
",00971566465995
AL AJWAH PHARMACY (MUWEILAH) SHARJAH,SHARJAH,Pharmacy,,"MUWEILAH COMMERCIAL BLDG, NO. 6, SHOP 2 OPPOSITE NESTO MUWEILLAH, SHARJAH",97167023555
AL HAMRIA PHARMACY,SHARJAH,Pharmacy,,"AL BADAR TOWER SHOP NO.2 NEAR HOT BURGER AL NAHDA, SHARJAH UAE
",97165218887
AL MUBARAK CENTRE PHARMACY (ROLLA) SHARJAH,SHARJAH,Pharmacy,,"GROUND FLOOR, AL SHARQ STREET, AL NABBA, INSIDE AL MUBARAK CENTRE MALL, ROLLA, SHARJAH, UAE
",97165638034
AL NOOR AL SAATE PHARMACY (ABU SHAGARA) SHARJAH,SHARJAH,Pharmacy,,"SHOP NO:1, SABAH AL NOOR MEDICAL CENTRE BUIDING, KING FAISAL STREET, ABU SHAGARA, SHARJAH, UAE",97165727600
AL SAMA PHARMACY LLC,SHARJAH,Pharmacy,,"ANAS BIN MUATAH STREET SHOP NO. 2 & 3, SYED PLAZA BUILDING
",97165508820
AL SANA PHARMACY LLC,SHARJAH,Pharmacy,,"AL QASSIMIYA STREET
SYED PLAZA BUILDING
",971065731610
AL SEYOUH PHARMACY (INDUSTRIAL 4) SHARJAH,SHARJAH,Pharmacy,,"BUILDING MATERIAL COMPLEX, INDUSTRIAL AREA 4, SHARJAH
",97165594836
AL TEMOUH PHARMACY (KHALIDIYA ALKHAN) SHARJAH,SHARJAH,Pharmacy,,"SHARJAH COOPERATIVE SOCIETY, KHALIDHIYA AL KHAN, SHARJAH",97165101442
ARABIAN HOME HEALTH PHARMACY (BUHAIRAH) SHARJAH,SHARJAH,Pharmacy,,"CRYSTAL PLAZA, BLOCK # 29, CORNICHE ROAD, SHARJAH",97165748588
ASTER HOSPITAL PHARMACY (AL BU DANIQ) SHARJAH,SHARJAH,Pharmacy,,"SHEIKH SAQR BIN KHALID AL QASIMI, AL BU DANIQ, SHARJAH, UAE",97144400500
ASTER PHARMACIES GROUP (KALBA) SHARJAH,SHARJAH,Pharmacy,,"PLOT 25, SAJIDHA HYPERMARKET, AL WAHDA STREET, KALBA, SHARJAH",97196061832
ASTER PHARMACIES GROUP - BRANCH 4 (SAJJAH) SHARJAH,SHARJAH,Pharmacy,,"SHOP NO.22 & 23, PLOT NO:7664, SAJAH MALL, ALI MOOSA STREET, SAJJAH, SHARJAH, UAE",97165466057
Abaq Al Nada Pharmacy LLC -Sharjah,SHARJAH,Pharmacy,,"Kairali Building, Al Ghuwair Street, Ground Floor, Shop No.21 Sharjah P.O. Box: 4350",0097165541077
Abu Shaghara Pharmacy - Sharjah,SHARJAH,Pharmacy,,"Abu Shaghara
",0097165536414
Abwab Bait Al Maqdes Pharmacy - Sharjah,SHARJAH,Pharmacy,,Al Khan St. Sharjah,0097165565363
Aknaf Bait Al Maqdes Pharmacy  - Sharjah,SHARJAH,Pharmacy,,"Al Baker  5 Tower,Corniche Al Khan Street Sharjah, UAE",0097165500602
Al Afdhal Pharmacy - Sharjah,SHARJAH,Pharmacy,,"Rolla Ajman Road, Rolla, Sharjah",0097165217622
Al Ahliah Pharmacy,SHARJAH,Pharmacy,,"Abdulla Ismail Bldg., Sheikh Zayed Street, Opp Kalyan Silks, Near Clock Tower, Maisaloon - Zaikzaid, Sharjah, UAE",97165313698
Al Ahsan Pharmacy - Sharjah,SHARJAH,Pharmacy,,"Muwailah, Sharjah University Road, Sharjah",0097165449393
Al Aman Pharmacy - Sharjah,SHARJAH,Pharmacy,,"Joy Alukas Building, Opposite Rolla Park, Rolla Street, Rolla, Al Ghuwair, Sharjah, UAE",97165233991
Al Ameed Pharmacy - Sharjah,SHARJAH,Pharmacy,,"Near Gifts Village, Al Istiqlal Road, Sharjah",0097165730006
Al Aqsa Pharmacy - Sharjah,SHARJAH,Pharmacy,,"Al Tawoon Building
Back Side of W. Wilson Hospital
Al Tawoon, Sharjah",0097165774704
Al Azhar Pharmacy,SHARJAH,Pharmacy,,"COOPERATIVE SOCIETY BUILDING, SAJJA, INDUSTRIAL AREA NO:1, SAJJA INDUSTRIAL AREA   ",97165352323
Al Badr Al Kamil Pharmacy LLC - Sharjah,SHARJAH,Pharmacy,,"Near Nesto Hypermarket, Muwaileh, Sharjah",0097165420407
Al Barsha Pharmacy (Manama) Sharjah ,SHARJAH,Pharmacy,,"Shop # 1, Emirates & Al Manama Centre,next to fire station Roundabout Sharjah",0097165754046
Al Basma Pharmacy - Sharjah,SHARJAH,Pharmacy,,"Nassaria Road Near Zulekha Hospital Opp. Nesto Hyper Market, sharjah",0097165646848
Al Bassam Pharmacy - Sharjah,SHARJAH,Pharmacy,,"Buhairah, Corniche, Sharjah",0097165379446
Al Bawsalah Pharmacy LLC - Sharjah,SHARJAH,Pharmacy,,"Al Shams Diagnostic Centre Building, Industrial Area 15, National Paint Area, Sharjah",0097165300400
Al Burhan Pharmacy (Maliha Rd.) Sharjah,SHARJAH,Pharmacy,,"Near Siyad Specialist Medical Centre,Al Mowaileh Commercial, Maliha Road, Sharjah, UAE",97165438500
Al Burj Al Thahbi Phamracy (Industrial Area 3) - Sharjah,SHARJAH,Pharmacy,,"Industrial Area No. 3, Sharjah
",0097165275554
Al Bustan Pharmacy - Sharjah,SHARJAH,Pharmacy,,"P.O. Box: 41496, Near AL Nahdah Park, Beside Ansar Mall, Sharjah",0097165309963
Al Canary Pharmacy - Sharjah,SHARJAH,Pharmacy,,"P.O. Box: 28994_x000D_
Sharjah, UAE",0097165352980
Al Dawa & Al Jamal Pharmacy (Muella) Sharjah,SHARJAH,Pharmacy,,"Muella, Back Street, University Sharjah University Shop 3 & 4, Sharjah",0097167433464
Al Dhafrah Pharmacy - Sharjah,SHARJAH,Pharmacy,,"Al Noor Tower Next to Sultan Suites al Majaz 3, Sharjah, UAE",0097165552277
Al Dhia Pharmacy (Muwaileh St)- Sharjah,SHARJAH,Pharmacy,,"Opp. Udday Bin Hatem Mosque, Near UNiversity City Road, Muwaileh, Sharjah",0097165771561
Al Dunia Pharmacy (Industrial Area 12) Sharjah,SHARJAH,Pharmacy,,"Al Shamsi building, Shop No 11 Near Geco Signal, Industrial Area No 12, Sharjah, UAE",0097165620406
Al Elaj Pharmacy - Sharjah,SHARJAH,Pharmacy,,"Al Shahba Plaza, Wasit St. Sharjah",0097165583058
Al Enwan Pharmacy (Al Marija St) - Sharjah,SHARJAH,Pharmacy,,"Behind RAK Bank Meena Road, Down Marijah Medical Center, Al Marija St. Sharjah",0097165559111
Al Farah Al Hadithah Pharmacy (Al Qasimia) - Sharjah,SHARJAH,Pharmacy,,"Al Qasimia, King Faisal Road, Al Qubaizi Building, Ground Floor, Shop No. 1, Opp. Al Marzouqi Tower (C.G. Mall), Sharjah",0097165746066
Al Farah Pharmacy - Sharjah,SHARJAH,Pharmacy,,"Nasser Al Sheebah Building, Al Nahda, Sharjah Behind Al Nahda Park",0097165363707
Al Fardan Centre Pharmacy (Buhaira) Shj ,SHARJAH,Pharmacy,,"Shop No. G-16-20, Inside Al fardan centre, Buhaira Conrniche Road - Sharjah
",97165752809
Al Fares Pharmacy - Sharjah,SHARJAH,Pharmacy,,"Zakhir 1 Tower Al Taawun Road, Opposite Al Khaleej Mall, AL Mamzer, Sharjah UAE
",0097165304212
Al Farooq Pharmacy - Sharjah,SHARJAH,Pharmacy,,"Al Nada, Opp Sahara Centre Sharjah",0097165315343
Al Furqan Pharmacy (Al Madam) - Sharjah,SHARJAH,Pharmacy,,"MATTAR BUILDING,GROUND FLOOR,SHOP 9 , AL MADAM, SHARJAH",009718861030
Al Ghad Al Afdal Pharmacy LLC (AL QUSAIS) SHARJAH,SHARJAH,Pharmacy,,"SHOP #06, GROUND FLOOR, AL RAYYAN TOWER (LULU HYPERMARKET), AL NAHDA STREET, AL QUSAIS INDUSTRIAL AREA 3, SHARJAH
",97165436979
Al Ghaith Pharmacy (Abu Shagara) -Sharjah,SHARJAH,Pharmacy,,"Shop NO. 6 Al Jabri Building, Opp. Etisalat Abu Shagara, Sharjah",0097165566598
Al Hadhar Pharmacy LLC - Sharjah,SHARJAH,Pharmacy,,"Sharjah, UAE",0097165545487
Al Hameediya Pharmacy - Sharjah,SHARJAH,Pharmacy,,"Al Meena Street, Rolla, Sharjah",0097165721744
Al Hamraa Pharmacy- RAK,SHARJAH,Pharmacy,,"Opp. Al Jazeerah Health Centre, Al Jazeerah Al Hamra,_x000D_
RAS Al Khaimah, UAE",0097172447788
Al Hashmi Pharmacy - Khor Fakkan,SHARJAH,Pharmacy,,Near Fountain Round About,0097192367265
Al Hayat Al Saeeda Pharmacy LLC (AL MAJAZ) SHARJAH,SHARJAH,Pharmacy,,"SHOP #02, GROUND FLOOR, LULU HYPERMARKET, AL MAJAZ, KING FAISAL ROAD, AL NAHDA STREET, SHARJAH
",97165436979
Al Hijrah Pharmacy (Industrial Area) Sharjah,SHARJAH,Pharmacy,,"Malik Walid Building, Al Sajaa St. Sajaa Industrial Area, Sharjah",0097165361622
Al Hikma Pharmacy (Buteena Area) Sharjah,SHARJAH,Pharmacy,,"Buteena Area, Al Zarah St. Shop 2 & 3, Sharjah",0097165656100
Al Inaya (Care) Pharmacy - Sharjah,SHARJAH,Pharmacy,,"Al Tawun Mall, Sharjah",0097165776812
Al Inaya Al Mutaqadimah Pharmacy - Sharjah,SHARJAH,Pharmacy,,"Shop 2 Al Reem Bldg., 1 Muwailah, Maliha Road		
P.O. Box: 61456, Sharjah, UAE		
",0097165345663
Al Itekal Pharmacy - Sharjah,SHARJAH,Pharmacy,,"Al Salam Bldg
Abu Shagara
P. O. Box: 28636",0097165531141
Al Itihad Pharmacy - Sharjah,SHARJAH,Pharmacy,,"Union Pharmacy Building, Ground Floor, ajmal Abdul Nasser Street, Majaz, Near Al Wahda Post Office, Sharjah",0097142733237
Al Karaz Pharmacy LLC - Sharjah,SHARJAH,Pharmacy,,"R & S Building, G Floor, 42nd Street, Al Nahda, Sharjah, UAE",0097165668225
Al Kindi Pharmacy - Sharjah,SHARJAH,Pharmacy,,"P.O.Box : 25290_x000D_
Sharjah_x000D_
UAE",0097165733177
Al Madinah Pharmacy (Al Madam) - Sharjah,SHARJAH,Pharmacy,,"Al Madam round about, Dubai - Hatta road P.O. Box 13437",0097168861018
Al Majaz Pharmacy (Al Majaz 1) Sharjah,SHARJAH,Pharmacy,,"Luta Building, Jamal Abdur Nasir Street, Al Majaz 1, Al Majaz District, Sharjah",97165599799
Al Maleha Pharmacy - Sharjah,SHARJAH,Pharmacy,,"P.O. Box: 13626, Shop No.4, Salim Bin Jarsh Bldg,
Opp. Etisalat, Al Dhaid
Sharjah, UAE",0097168826855
Al Manara University Pharmacy - Sharjah,SHARJAH,Pharmacy,,Sharjah,0097165589004
Al Manarah Pharmacy (Al Taawun) Sharjah,SHARJAH,Pharmacy,,"Opp. Sharjah New Expo Center, Near Alarab Mall, Al Taawun Area, Sharjah",97165774665
Al Mansoor Pharmacy (Al-Wahda St.) Sharjah,SHARJAH,Pharmacy,,"Near City Centre, Al Wahda St. P.O. Box: 737, Sharjah, UAE",97165591700
Al Mawadah Pharmacy - Sharjah,SHARJAH,Pharmacy,,"Immigration Road - Sharjah
",0097165744878
Al Mawjood Pharmacy (Al Musallah) - Sharjah,SHARJAH,Pharmacy,,"Shop No. 4 Reemacks Building, Opp Rolla Square Park near Grand Mall, Al Musallah, Sharjah",0097165242425
Al Meena Pharmacy -  Sharjah,SHARJAH,Pharmacy,,"Meena Road Opp. ADCB next to SATA, Sharjah",0097165625055
Al Moaalaj Pharmacy (Abu Shagara) - Sharjah,SHARJAH,Pharmacy,,"Shop No. 3, Ground Floor, Sharjah",0097165214865
Al Musalla Pharmacy - Sharjah,SHARJAH,Pharmacy,,"Shop No.5&6, Al Zahra Rd., Al Musalla Area, Sharjah",0097165616136
Al Nadia Pharmacy (Al Qasimiya) Sharjah,SHARJAH,Pharmacy,,"Al Habtoor Building, Suhail Bin Hunaif Street, Alnad, Al Qasimiya, Sharjah, UAE",0097165759745
Al Nahar Pharmacy - Sharjah,SHARJAH,Pharmacy,,"Al Nahda Area, Nahada Street, Shyba Bldg., Opp to Carrefour Express",0097165545882
Al Nahda Pharmacy (Al Khan) Sharjah,SHARJAH,Pharmacy,,"Shop # 10 & 11, Ground Floor, Al Kakooli Building, Opposite Old Expo Centre, Al Khan, Sharjah, UAE",97165561122
Al Najim Al Azraq Pharmacy (Al Ittihad Rd) Sharjah,SHARJAH,Pharmacy,, Shop No.1 Damas 57 Building Next to Ansar Mall - Al Ittihad Rd - Sharjah,97165288851
Al Nas Pharmacy L.L.C (Alneem Group),SHARJAH,Pharmacy,,"MUHAMMED SYEED BUILDING, AL WASHAH  ",0505486313
Al Nasr Pharmacy - Khor Fakkan,SHARJAH,Pharmacy,,"Po Box No 10887
Sharjah UAE",0097192384188
Al Neel Pharmacy - Sharjah,SHARJAH,Pharmacy,,"Shop No. 1, Al Safa Tower, Al Nahda, Sharjah",0097165622106
Al Nuzha Pharmacy - Sharjah,SHARJAH,Pharmacy,,"Ground Floor, Buhairah Corniche, Sharjah
",0097165454282
Al Orouba Pharmacy - Sharjah,SHARJAH,Pharmacy,,"P. O. Box: 47
Sharjah UAE",0097165623355
Al Qasimiah Pharmacy (Sajaa Industrial Area) Sharjah,SHARJAH,Pharmacy,,"Ground Floor, Ali Moosa Bldg. Near Sharjah Cement Factory, Al Sajaa Industrial Area, Sharjah",0097165310177
Al Quds Pharmacy - Sharjah,SHARJAH,Pharmacy,,"Al Quds Pharmacy
P.O.Box 2614
Sharjah-UAE",0097165739306
Al Rawdha Pharmacy (Al Zahra St.) Sharjah,SHARJAH,Pharmacy,,"Ground Floor, Biluding C, Al Zahra Hospital, Al Zahra Street, Sharjah, UAE",00910565054987
Al Rayan Pharmacy LLC - Sharjah,SHARJAH,Pharmacy,,"Sharjah, UAE",0097165509475
Al Razy Pharmacy - Sharjah,SHARJAH,Pharmacy,,"Al Zarouni Building, Behind Ansar Mall, Al Nahda, Sharjah		",0097165377844
Al Reef Pharmacy (Industrial Area 1) Sharjah,SHARJAH,Pharmacy,,"Mohd. Hissan Al Shareef Building, Al Nahda New, Industrial Area 1, Sharjah",0097165330212
Al Riyadh Pharmacy - Sharjah,SHARJAH,Pharmacy,,"Al Wasit Street , Al Shahba Area, Sharjah PO Box: 3805  ",0097165584299
Al Sabah Pharmacy - Sharjah,SHARJAH,Pharmacy,,"HNC Clinic Building, Behind Al Madina Hypermarket, Muweilah, Sharjah
",0097165302468
Al Sadaf Pharmacy (Sajjah Industrial Area) Sharjah,SHARJAH,Pharmacy,,"Shop #4 & 5 Malik Hammad Sultan Building, Ground Floor, Near Noor Al Sajjah Supermarket, Sajjah Industrial Area, Sharjah",0097165598211
Al Sadiq Pharmacy - Sharjah,SHARJAH,Pharmacy,,"Jamal Abdul Nasir Street, Al Nahda, Sharjah, UAE",0097165549947
Al Safi Pharmacy (Industrial Area) Sharjah,SHARJAH,Pharmacy,,"Al Sajaa Industrial Area, Sharjah",0097165551973
Al Saha & Al Jamal Pharmacy (Naserya Area) Sharjah,SHARJAH,Pharmacy,,"Naserya Area, Back Side Al Zahrah Street, Shop 1,2,2,4,5,6, Istanbul Hypermarket, Sharjah",0097165210090
Al Saha Pharmacy (Al Muwailah) Sharjah,SHARJAH,Pharmacy,,"Fire Station Road, Al Muwailah, Sharjah",97165426630
Al Saif Pharmacy - Sharjah,SHARJAH,Pharmacy,,"Al Wahda Road, Liberty Signal,Sharjah",0097165533811
Al Sama Al Zarqa Pharmacy - Sharjah,SHARJAH,Pharmacy,,"Daid Road, Near Sharjah Cement Factory, Sajja, Sharjah",0097165311873
Al Samah Pharmacy (Al Qassimih St) - Sharjah,SHARJAH,Pharmacy,,"Shaikh Saqar Bin Khalid Al Qassimi Street, Al Ghubaibah, Sharjah",0097165660366
Al Samha Pharmacy (Abushagara) - Sharjah,SHARJAH,Pharmacy,,"Al Amira Residence, Big Bazaar Hypermarket Building, Abushagara, Sharjah",00971544938922
Al Seha Al Kubra Pharmacy  - Sharjah,SHARJAH,Pharmacy,,"Behind Dr. Sunny Clinic, Al Shahba, Sharjah
",0097165721213
Al Shifa Pharmacy (Al Majaz) Sharjah,SHARJAH,Pharmacy,,"Jamal Abdul Nasir Street, Al Majaz Area, Sharjah",0097165553913
Al Shifa Uropi Pharmacy - Sharjah,SHARJAH,Pharmacy,,"Ground Floor, Block C, Qadissiya (Tiger) Building, Al Nahda, Near Sahara Center, Sharjah",0097165394609
Al Shualla Pharmacy (Safeer Mall)  Sharjah,SHARJAH,Pharmacy,,"Safeer Mall, Al Ittihad Road (Dubai-Sharjah Road) - Sharjah",97165313648
Al Taif Pharmacy (Muwailih) Sharjah ,SHARJAH,Pharmacy,,"Shop # 2 & 3, Nesto Hypermarket LLC-Branch 1, Muwailih Commercial, Sharjah",97165505411
Al Taj Pharmacy - Sharjah,SHARJAH,Pharmacy,,"Danat Al Khan Bldg., Al Khan Corniche St. Sharjah",0097165444322
Al Tamimi Pharmacy (Al Rolla) Sharjah,SHARJAH,Pharmacy,,"Al Tamimi Building, Near Kaliyan Jewellers, Rolla, Sharjah",97165624990
Al Taqwa Pharmacy - Sharjah,SHARJAH,Pharmacy,,"Abdul Aziz Al Majed Bldg., Al Nahda St. Sharjah",0097165319211
Al Tawar Pharmacy (Al Qasimiah) Sharjah,SHARJAH,Pharmacy,,"Next to Al Afdal Medical Center, King Abdul Aziz Street, Al Qasimiah, Sharjah",0097165334111
Al Ufuq Pharmacy LLC - Sharjah,SHARJAH,Pharmacy,,"Nesto Centre Building, Ground Floor, National Paints, Sharjah",0097165443771
Al Wafaa Pharmacy - Sharjah,SHARJAH,Pharmacy,,"Near Lacnor Diary, Double Cola Road, Industrial Area 4,  PO Box: 150248, Sharjah 
",0097165331139
Al Wasfa Pharmacy - Sharjah,SHARJAH,Pharmacy,,"MALIK AL RAHMA BUILDING	IBRAHIM AL MEDFA STREET, SHARJAH",97165569080
Al Washah Pharmacy - Sharjah,SHARJAH,Pharmacy,,"Falaj Al Mualla Road, Near Fruit and Vegetable Market, Al Dhaid, Sharjah",0097168833240
Al Wasl Pharmacy - Sharjah,SHARJAH,Pharmacy,,"Al Ghuwair Street, Near Giant Supermarket & K.M.Trading, Rolla,  PO Box: 23484, Sharjah
",0097165238666
Al Yamama Pharmacy (Industrial Area 10) - Sharjah,SHARJAH,Pharmacy,,"Industrial Area 10, Bin Laden Road, Enpi Building, Ground Floor, Opposite Technical Glass Company, Sharjah",0097165346004
Al Zaman Pharmacy(Al Wahda St) - Sharjah,SHARJAH,Pharmacy,,"Al Wahda Street, Al Wafa Building, Sharjah, UAE",0097165771990
Al Zaytoon Pharmacy  -Kalba - Sharjah,SHARJAH,Pharmacy,,"Shop No.1, Abdu Lateef Bldg., Sheikh Saeed Al Qasimi Street, Kalba Sharjah",0097192773390
Alexis Pharmacy (Muweilah) - Sharjah,SHARJAH,Pharmacy,," Behind Al Thiqa Club, Muweilah, Sharjah",009716506000
Alexis Zulekha Pharmacy (Al Zahra Street) - Sharjah,SHARJAH,Pharmacy,,"Next o Zulekha Hospital Sharjah Building Al Zahra Street, Nasserya, Sharjah",0097165060000
Alpha Al Wahda Pharmacy LLC - Sharjah,SHARJAH,Pharmacy,,"Al Nahda Juma Al Majid Bldg., Sharjah",0097165545858
Anwar Bait Al Maqdes Pharmacy - Sharjah,SHARJAH,Pharmacy,,"Ewan Bldg., Muwaileh, Sharjah",0097165426300
Arabian Pharmacy (Industrial Area) Sharjah,SHARJAH,Pharmacy,,"Industrial Area, Sharjah",0097165434390
Asia Pharmacy - Sharjah,SHARJAH,Pharmacy,,"Industrial Area 2, Near Sedana signal, Sharjah ",0097165335970
Aster Al Buhairah Pharmacy (Al Buhairah) Sharjah,SHARJAH,Pharmacy,,"Sedar Bldg, Near Automatic Restaurant, Buhairah Corniche, Al Buhairah, Sharjah, UAE

",0097165444542
Aster Pharmacies Group LLC - SHJ BR - Branch 2 - Sharjah,SHARJAH,Pharmacy,,"Shop No.2, Bin Thareem Building, Muwailah Commercial Road, Near to Aster Clinic, Muwailah, Sharjah",97165321063
Aster Pharmacies Group LLC - SHJ BR - Branch 3 - Sharjah,SHARJAH,Pharmacy,,"1st Floor, Sharjah City Centre, Opp: Carrefour, Al Wahda Street, Sharjah",97165950110
Aster Pharmacies Group LLC - SHJ BR - Branch 5 - Sharjah,SHARJAH,Pharmacy,,"Shop No:1, Rashid Buiding, Near Al Madina Shopping center, University Road, Muwailiah,Sharjah ",97165538496
Aster Pharmacies Group LLC -SHJ BR -Branch 1 (Sweihat) Sharjah,SHARJAH,Pharmacy,," Sweihat,Sharjah
Shop No:3, Sharjah Co-Operative Society, 
",0097165465240
Aster Pharmacy (Al Nahda) Sharjah,SHARJAH,Pharmacy,,"Beside Nahda Park, Opposite to Carrefour express, Al Nahda, Sharjah
",0097165253663
Aster Pharmacy 106 (Al Ittihad Rd.) Sharjah,SHARJAH,Pharmacy,,"Goldensands Building, Al Ittihad Road ,Al Nahda, Near to Shafeer Mall
",0097165749669
Aster Pharmacy 107 (King Faisal St.) Sharjah,SHARJAH,Pharmacy,,"Al Khayyal Mosque, Hassan Baba Hassan Building, King Faisal St., Sharjah, UAE
",97165734704
Aster Pharmacy 108 (Rolla) Sharjah,SHARJAH,Pharmacy,,"Ibrahim Mohamed Al Medfaa Street, Next to SATA, Um Al Tarafa Area, Rolla, Sharjah, Near to Access Clinic
",0097165610012
Aster Pharmacy 121 (Al Nahda) Sharjah,SHARJAH,Pharmacy,," Al Nahda Tower, Al Nahda,Opp Juma Al Majid Building 
",0097165544504
Aster Pharmacy 122 (Abu Shagara) Sharjah,SHARJAH,Pharmacy,,"Aster building, Near aster clinic, Near Abu Shagara Park, Abu shagara",0097165570996
Aster Pharmacy 125 (Al Tawoun) Sharjah,SHARJAH,Pharmacy,,"Al Deyar Buiding, Near Tawoun R/A, Al Tawoun, Sharjah
",0097165303016
Aster Pharmacy 133 - Sharjah,SHARJAH,Pharmacy,,"Al Sharq Street,Next to Fine Fair, Butina, Opp: Sharjah Cop Soceity
",0097165619322
Aster Pharmacy 139 (Khorfakkan) Sharjah,SHARJAH,Pharmacy,Khor Fakkan Port,"Sheikh Khalid Road, Opposite to ADNOC Petrol Station, Next to Khorfakkan Police Station Round About, Khorfakkan",00971092371301
Aster Pharmacy 140 (King Faisal St.) Sharjah,SHARJAH,Pharmacy,,"Sultaco Building, King Faisal Street, Sharjah		
",97165445001
Aster Pharmacy 151 (Al Tawoon) Sharjah,SHARJAH,Pharmacy,,"Shop No.4, Mamzer 1 Tower, Opp. Sharjah Palace Hotel, Tawun Street, Al Tawoon,Sharjah",0097165453109
Aster Pharmacy 153 (Al Nahda) Sharjah,SHARJAH,Pharmacy,,"Mubarak Building, University Road, Muweilah,  Sharjah, U.A.E",0097165220938
Aster Pharmacy 203 (Al Taawun) Sharjah,SHARJAH,Pharmacy,,"Same Building of Arab Doctors Clinic Al Taawun , Sharjah, UAE
",97165396955
Bader Pharmacy - Sharjah,SHARJAH,Pharmacy,,"Rolla Square, Sharjah, UAE",0097165614751
Bait Al Dawaa Pharmacy - Sharjah,SHARJAH,Pharmacy,,"Al Khan Area, Al Taawun Street, Lotah Building, Shop No. 2 ",0097165772511
Bait Al Hikmah Pharmacy (Maysaloon) Sharjah,SHARJAH,Pharmacy,,"Maysaloon, Back Al Kuwait Street, Shop 4, Beside Lulu Supermarket, Sharjah",0097165304919
Bait Al Maqdes Al Jadeedah Pharmacy - Sharjah,SHARJAH,Pharmacy,,"P.O. Box: 41496_x000D_
Abu Shagara, Opp. Abu Shaghara Park,_x000D_
Sharjah",0097165486100
Bait Al Maqdes Pharmacy - Sharjah,SHARJAH,Pharmacy,,"Bait Al Maqdas Pharmacy
P.O.Box 41496
Sharjah - UAE",0097165534363
Bait Al Shifa Pharmacy - Sharjah,SHARJAH,Pharmacy,,"Kalba road, Near National Paints, Sharjah",0097165611891
Bawabat Al Enwan Pharmacy (Sheikh Khalid St) Sharjah,SHARJAH,Pharmacy,,"Villa 1, Khorfakkan city, Sheikh Khalid Street, Sharjah",0097192370808
Bilal Pharmacy - Sharjah,SHARJAH,Pharmacy,,"P. O. Box: 41347, Sharjah",0097165324224
Bin Sina Grand - Sharjah,SHARJAH,Pharmacy,,"Majeed Bldg., Near Al Masa Cinema, Buhairah St., Sharjah
",0097165567662
Bin Sina Pharmacy - Sharjah Corniche Branch,SHARJAH,Pharmacy,,"Al Majaz, Corniche Plaza, Corniche St.,  Buhairah 2 Building, Sharjah
",0097165726885
Boorj Al Rolla Pharmacy - Sharjah,SHARJAH,Pharmacy,,"Shop No 29 & 30, Al Rolla Road, Al Guwair Area, Opposite Rolla Park",0097165217190
Borj Sarah Pharmacy - Sharjah,SHARJAH,Pharmacy,,"P.O.Box: 806_x000D_
Sara Tower, Near Al Massa Cinema",0097165564651
Burjeel Specialty Hospital Pharmacy (Maysaloon) Sharjah,SHARJAH,Pharmacy,,"Near Al Fayha Park, Opp. Lulu Al Fayha, Maysaloon, Sharjah",0097165075073
CITY LIFE PHARMACY LLC BRANCH SHARJAH,SHARJAH,Pharmacy,,"AL MAMZER BUILDING
AL TAAWUN SHARJAH
",97145610000
Central Private Hospital Pharmacy - Sharjah,SHARJAH,Pharmacy,,"Al Zahra Street, Clock Tower, Al Nabba, Sharjah",0097165639900
Consultants' Pharmacy- Sharjah,SHARJAH,Pharmacy,,"P.O. Box: 692, New Toyota Showroom, Al Wahda Street, Sharjah",0097165335555
Cooperative Pharmacy,SHARJAH,Pharmacy,,"NEAR AL ZAHRA HOSPITAL, GROUND FLOOR, SHOP # 2, AL ZAHRA STREET, ROLLA AREA",97165613392
Cristal Pharmacy ( Al Taawun St.) Sharjah,SHARJAH,Pharmacy,,"Near Emirates NBD Bank, Al Taawun Street, Sharjah",97165773100
DAR AL KAMAL PHARMACY (AL SHARQ) SHARJAH,SHARJAH,Pharmacy,,"AL SHARQ ST, AL HEERAH SUBURB AL FISHT, SHARJAH",97165997777
DAR AL NEEM PHARMACY LLC,SHARJAH,Pharmacy,,"AL MUNTAZAH
",00097165593344
DAR AL SAJAA PHARMACY LLC (SAJJA) SHARJAH,SHARJAH,Pharmacy,,"ADBDEL RAHMAN SULTAN ALI BIN HADDA AL SUWAIDI BUILIDING, BUILDING NO. 4075, SANAYYA STREET, SAJJA, SHARJAH, UAE
",97165659077
Dajla Pharmacy - Sharjah,SHARJAH,Pharmacy,,"Al Nasser Building, Opp Sharjah Cooperative, Near Ajman TV Building, Nuaimia, Ajman
",0097167466704
Danat Al Sharq Pharmacy (Corniche St) - Sharjah,SHARJAH,Pharmacy,,"Buhairah Corniche Street, Bu Khamseen Tower",0097165660061
Dar Al Dawaa Pharmacy - Sharjah,SHARJAH,Pharmacy,,"Right Medical Center Building, Abu Shagara, Sharjah
",0097165449544
Dar Al Farah Pharmacy - Sharjah,SHARJAH,Pharmacy,,"Ahmed Tariam Building, Opp. Al Qasimi Hospital, Al Khezammia Area, Sharjah
",0097165743825
Dar Al Hayat Pharmacy LLC - Sharjah,SHARJAH,Pharmacy,,"Shop No. 2, Bin Madaeya Building, Al Soor Area, Behind Sharjah Central Post Office",0097165643337
Dar Al Hikmah Pharmacy - Sharjah,SHARJAH,Pharmacy,,"Al Qasba Building Behind Al Fardan Centre, Sharjah",0097165567358
Dar Al Inaya Pharmacy - Sharjah,SHARJAH,Pharmacy,,"Shop No. 4, Al Bayan Building, Muweilah, Sharjah",0097165515617
Dar Al Naseem Pharmacy (Al Majaz 1) Sharjah,SHARJAH,Pharmacy,,"Shop # 14, Near Gold Souq, Al Majaz 1, Sharjah",97165436979
Deira Pharmacy LLC - Sharjah,SHARJAH,Pharmacy,,"1st Floor, Al Mubarak Center Building, Al Sharq Street, Al Nabaa, Sharjah",0097165631359
Delmon Pharmacy - Sharjah,SHARJAH,Pharmacy,,"Muhammad Juma Al Muthawa Building

Ground Floor, Shop No: 19, 20, 21

Al Ghuwair Arooba Street, Rolla,

Sharjah, United Arab Emirates",0097165504331
Delta Al Dhaid Pharmacy - Sharjah,SHARJAH,Pharmacy,,"Sharjah Co-operative Society Building, Sharjah Co-operative Society – Al Dhaid, Fujairah Road, Sharjah	",0097168828636
Delta Al Mamzar Pharmacy - Sharjah,SHARJAH,Pharmacy,,"Khan Oasis Building, Sharjah-Dubai Road. Opp. Safeer Mall, Sharjah
",0097165771703
Delta Modern Pharmacy - Sharjah,SHARJAH,Pharmacy,,"Awad Ahmad Jazairi Building, Jamal Abdul Nazar Street, Near Brands for less show room, Sharjah	
",0097165554490
Delta Pharmacy - Sharjah,SHARJAH,Pharmacy,,"Sharjah Co-operative Society Building, Sharjah Co-operative – Sweihat Branch, Sharjah 	
",0097165382770
Doctors Pharmacy - Sharjah,SHARJAH,Pharmacy,,"Opp. Swiss Bell Hotel, Arabian Gulf Street, Sharjah",0097165614813
Emirates European Hospital Pharmacy - Sharjah,SHARJAH,Pharmacy,,"Al Qulaaya Area, Al Rouba Road, Al Sharj Street, Sharjah",0097165619444
Enjab Hospital Pharmacy - Sharjah,SHARJAH,Pharmacy,,"Al Durrah Tower, Next to Al Fardan Shopping Center, Behind Buhairah Police Station, 6th Floor, Sharjah",0097165566769
Experts Pharmacy (Al Zahra St.) Sharjah,SHARJAH,Pharmacy,,"Opposite Umm Qura Bookshop, Near Nassiraya Police Station, Al Zahra Street, Sharjah, UAE",97165654635
FAITH ZONE PHARMACY FZC,SHARJAH,Pharmacy,," SHOP NO A 11-02  INTERNATIONAL AIRPORT - SHOP NO A 11-02 - SAIF ZONE - SHARJAH
",97165658787
Family Care Pharmacy (Al Buteena) Sharjah,SHARJAH,Pharmacy,,Near Al Muroor Al Buteena Sharjah,0097165658008
GAELAN PHARMACY (AL KHAN) SHARJAH,SHARJAH,Pharmacy,,"AL MAHA TOWER	AL KHAN AREA AL TAWOUN STREET 
",97165942222
Garden Pharmacy - Sharjah,SHARJAH,Pharmacy,,Near Al Ahlya Exchange Rolla Sharjah,0097165211727
Golden Life Pharmacy - Shj ,SHARJAH,Pharmacy,,Between Tawun Mall & Qasba Channel - Sharjah,97165775501
Grand Hamad Pharmacy - Sharjah,SHARJAH,Pharmacy,,"P.O. Box: 40718
Asswailem Tower, Shop No1,2 Al Ittihad Street
Al Nahda",0097165257556
HALA PHARMACY BR 45 (AL NAHDA) SHARJAH,SHARJAH,Pharmacy,,"SHOP 9, JUMA AL MAJID BUILDING, AL NAHDA, SHARJAH
",97145610000
HALA PHARMACY BR 52 (MUWEILAH) SHARJAH,SHARJAH,Pharmacy,,"SHOP 13 & 14, PLOT NO: 3088, MUWELIAH BUILDING, MUWELIAH COMMERCIAL, NEXT TO BONANZA, SHARJAH",97145610000
HALA PHARMACY BR 55 (MUWEILAH) SHARJAH,SHARJAH,Pharmacy,,"SHOP 01, GROUND FLOOR, AL SHAMSI BUILDING, MUWELIAH COMMERCIAL, SHARJAH",97145610000
HALA PHARMACY BRANCH 40 (AL NAHDA) SHARJAH,SHARJAH,Pharmacy,,"UNIT NO. G07 TO G 13, AL AMEER TOWER, GROUND FLOOR, AL NAHDA, SHARJAH, UAE",97145610000
HALA PHARMACY BRANCH 43 (MUWEILAH) SHARJAH,SHARJAH,Pharmacy,,"UNIT 1 & 2, MUWELIAH BUILDING, MUWELIAH COMMERCIAL, SHARJAH, UAE",97145610000
HALA PHARMACY BRANCH 47 (MUWEILAH) SHARJAH,SHARJAH,Pharmacy,,"UNIT NO. G 01 & 02, GROUND FLOOR, LULU HYPERMARKET, MUWEILAH SHARJAH",97145610000
HALA PHARMACY BRANCH 48 (AL MAJAZ) SHARJAH,SHARJAH,Pharmacy,,"SHOP 3 & 4, GROUND FLOOR, DIAMOND PLAZA 2, AL MAJAZ, SHARJAH",97145610000
HALA PHARMACY BRANCH 56 (BUHEIRAH) SHARJAH,SHARJAH,Pharmacy,,"SHOWROOM 1, AL GHARFI BUILDING (EX MASHREQ BANK), BUHEIRAH CORNICHE, AL SHARJAH",97145610000
HALA PHARMACY LLC - BRANCH 38-SHARJAH,SHARJAH,Pharmacy,,"AL ZAHIA CITY CENTER
SHARJAH UAE
",97145610000
HALA PHARMACY LLC - BRANCH 51 - Sharjah,SHARJAH,Pharmacy,,"Showroom No: 1 Plot 236-236, Al Buhaira Insurance Tower, Sharjah, UAE",97144566737
HANEEFA PHARMACY LLC  (MUWEILAH STREET) SHARJAH,SHARJAH,Pharmacy,,"MUWEILAH COMMERCIAL BUILDING, 15/1 125 MUWEILAH STREET, SHARJAH",97165729880
HEALTH CARE PHARMACY LLC,SHARJAH,Pharmacy,,"SHARJAH COOPERATIVE SOCIETY BUILDING
SHARAH ABOOBACKER STREET
",97192772394
HEALTH FIRST PHARMACY BRANCH 10,SHARJAH,Pharmacy,,"UNIT NO: 223, FIRST FLOOR, NEAR NOVO CINEMAS, SAHARA CENTRE, AL NAHDA SHARJAH, UAE
",97165468173
HEALTH FIRST PHARMACY BRANCH 8,SHARJAH,Pharmacy,,"SHOP NO.M008B, MATAJER MIRGHAB, MIRGHAB, SHARJAH, UAE
",97165462537
HEALTH FIRST PHARMACY BRANCH 9,SHARJAH,Pharmacy,,"SHOP NO 1 & 2,SHARJAH COOPERATIVE SOCIETY,AL SUYOH SUBURB,AL SUYOH 4, SHARJAH, UAE
",97165325886
Hadeqat Al Rola Pharmacy (Al Arouba St.) Sharjah,SHARJAH,Pharmacy,,"Opposite Rolla Square Park, Al Arouba St, Um Tarafa, Sharjah,UAE",97165748283
Hala Pharmacy (Al Qassimia) Sharjah,SHARJAH,Pharmacy,,"Shop # 12,13 & 14,Opposite to Mega Mart, Al Qassimia, Sharjah
",97165515213
Hala Pharmacy - Branch 1 (Abu Shaghara) Shj ,SHARJAH,Pharmacy,,"Shop No. 1 & 2, K M Trading Shopping Centre, Abu Shaghara - Sharjah
",97165485898
Hala Pharmacy - Branch 10 (Al Nasserya) Shj,SHARJAH,Pharmacy,,"Hala Phy Br 10 - Showroom No 1, Bdng No 997, Al Nasserya, Sharjah 
",97165239833
Hala Pharmacy - Branch 12 -Shj,SHARJAH,Pharmacy,,"Shop No 1,  Manazil Tower 1, Plot no 89, Al Qassimiya, Sharjah
",0097165519931
Hala Pharmacy - Branch 18 (Al Majaz 1) Sharjah,SHARJAH,Pharmacy,,"Shop G2, Salem Tower (Plot 430), Near United Arab Bank,oppt to Al Noor Mosque, Al Majaz 1, Sharjah",97165561718
Hala Pharmacy - Branch 19 (King Faisal Street) Sharjah,SHARJAH,Pharmacy,,"Shop No.4 & 5, Al Alami Centre -1 , Near Spinneys King Faisal Street, Sharjah",97165560640
Hala Pharmacy - Branch 2 (Abu Shagara) Shj ,SHARJAH,Pharmacy,,"Shop # 4 & 5,Near to Abu Shagara Park, Sharjah
",97165759287
Hala Pharmacy - Branch 26 (Al Nasseriya) Sharjah,SHARJAH,Pharmacy,,"Opp. Carrefour, My City Centre, Al Nasseriya - Sharjah		
	
",97165220367
Hala Pharmacy - Branch 28 - Oasis Mall - Sharjah ,SHARJAH,Pharmacy,,"Shop 1, Unit No. 1006, Oasis Mall, Sharjah",0097145610000
Hala Pharmacy - Branch 3 (Al Nud) Shj,SHARJAH,Pharmacy,,"Shop No. 2, Bufyeer 222 Building, Near Al Bustan Hotel - Sharjah
",97165501340
Hala Pharmacy - Branch 4 (Al-Ghuwair) Shj ,SHARJAH,Pharmacy,,"Persian Gulf Street, Al Khaleej Building, Near Sharjah Rotana Hotel, Al-Ghuwair, Sharjah
",97165627128
Hala Pharmacy - Branch 5 (Al-Arouba St.) Shj ,SHARJAH,Pharmacy,,"Shop No. 1,2 &14, Rolla Building, Al-Arouba St., Sharjah
",97165218353
Hala Pharmacy - Branch 6 (Al-Majaz 3) Shj,SHARJAH,Pharmacy,,"Shop No. 2, Corniche B Building, Buhaira Conrniche Road, Al-Majaz 3,  Sharjah",97165372761
Hala Pharmacy - Branch 8 - Shj ,SHARJAH,Pharmacy,,"Hala 8 Pharmacy - Shop No 4,Zubaidi Bldng, Al Majaz, Sharjah  
",0097165516022
Hala Pharmacy - Branch 9 (Arouba St.) Shj ,SHARJAH,Pharmacy,,"Shop # 1 & 2,Al Arouba Build,Al Arouba Street,Sharjah
",97165519865
Hala Pharmacy Branch 11 (Al Ittihad Rd.) Shj,SHARJAH,Pharmacy,,"Shop No.2 Al Nahda Tower Sharjah same old Chachos Near to Safeer Mall - Al Ittihad Rd - Sharjah
",97165454123
Hala Pharmacy Branch 20 (City Centre) Sharjah,SHARJAH,Pharmacy,,"Unit B051, Sharjah City Centre ,Sharjah			",97165226348
Hala Pharmacy Branch 27 (Al Juraina) Sharjah,SHARJAH,Pharmacy,,"Unit no. J-040, Ground Floor, Matajer Al Juraina, Sharjah",97165526718
Hala Pharmacy Branch 33 (Buhaira Corniche) - Sharjah,SHARJAH,Pharmacy,,"Shop Unite No. 1 & 2, Golden Tower, Buheirah Corniche, Sharjah",0097145610000
Hala Pharmacy Branch 35 (Al Taawun Rd) - Sharjah,SHARJAH,Pharmacy,,"Shop No. 1, Arab Doctors Specialist center Building, Al Taawun Rd. Sharjah, UAE",0097145610000
Hala Pharmacy Branch 42 (Butina) Sharjah,SHARJAH,Pharmacy,,"Unit #14 & 15, Ground Floor, Nesto Hypermarket, Butina, Sharjah",0097145610000
Hala Pharmacy Branch 46 (Taawun) -Sharjah,SHARJAH,Pharmacy,,"Shop. No. 3, Al Shaam Tower, Al Taawun Roundabout, Sharjah",009714561000
Hala Pharmacy Branch 7 (Al Majaz 2) Shj,SHARJAH,Pharmacy,,"Al Zaabi Building, Plot No. 315, Jamal Abdul Nassar Street, Next-Istanbul Supermarket, Sharjah",97165506126
Hala Pharmacy LLC Branch 44 (Sahara Centre) Sharjah,SHARJAH,Pharmacy,,"Unit 162, Ground Floor, Sahara Centre, Sharjah",0097145610000
Hamad Al Ihterafeya Pharmacy LLC - Sharjah,SHARJAH,Pharmacy,,sharjah,0097165014700
Hamad Al Mumayazah Pharmacy LLC - Sharjah,SHARJAH,Pharmacy,,Al Sharqan Extension Towards Ajman,0097165238054
Hamad Al Oula Pharmacy LLC - Sharjah,SHARJAH,Pharmacy,,"Opposite Al Qassimi Hospital - Shahba Area, Sharjah",0097165061600
Hamad Pharmacy - Sharjah,SHARJAH,Pharmacy,,"Hammad Pharmacy
P.O.Box 40718
Sharjah, UAE",0097165582800
Haramain Pharmacy (Al Nahda) Sharjah,SHARJAH,Pharmacy,,"Al Taheira Tower, Next to Al Madina Supermarket, Al Nahda, Al Nahda District, Sharjah, UAE",97165316779
Health First Pharmacy (Al Majaz 2) Sharjah,SHARJAH,Pharmacy,,"Corniche Shop No 4-2A, Ground Floor, Al Majaz 2, Buhairah Corniche, Sharjah",97165643275
Health First Pharmacy - Br3 (Khorfakkan) Sharjah,SHARJAH,Pharmacy,,"Al Safeer Center, Khorfakkan, Sharjah",97165725313
Health First Pharmacy - Br4 (Al Matajer Mall) Sharjah,SHARJAH,Pharmacy,,"Al Matajer Mall, Wasit Area, Shop No 1, Sharjah",97165534225
Health First Pharmacy - Branch 7 (Al Khan) Sharjah,SHARJAH,Pharmacy,,"Shop No. K05 to K07, Ground Floor, Opposite Carrefour, Matajer MAll, Al Khan, Sharjah",0097165285143
Health First Pharmacy Br 2 (Al Wahda St.) Sharjah,SHARJAH,Pharmacy,,"Al Wahda Street, Sharjah, UAE",97165336128
Health First Pharmacy Branch 6 (Al Sharq St.) Sharjah,SHARJAH,Pharmacy,,"Shop No 1, Al Sharq Street, Sharjah Co-Operative Society, Sharjah, UAE
",0097165650415
Hussain Pharmacy - Sharjah,SHARJAH,Pharmacy,,"Behind Kia Motors, King Faisal Street, Abu Shaghara, Sharjah ",0097165551804
IBN SINA 70 PHARMACY,SHARJAH,Pharmacy,,"Duty Free, Sharjah Airport - Sharjah
",97165641565
IBN SINA AL RAHMANIAH PHARMACY,SHARJAH,Pharmacy,,"Abu Amr Al Basri St  - Sharjah
Al RahmaniyaKshishah 6
",97165300039
IBN SINA AL ZAHIAH PHARMACY,SHARJAH,Pharmacy,,"City Centre Al Zahia - Sharjah
",91765550534
IBN SINA PHARMACY  37,SHARJAH,Pharmacy,,"Al Juraina - 06 Mall - Sharjah 
",97165420283
IBN SINA PHARMACY (MAZAIRAH) SHARJAH,SHARJAH,Pharmacy,,"SHARJAH HEALTHCARE CITY, 8H59+QWC - AL RAHMANIYA - MAZAIRAH - SHARJAH",97165388357
Ibn Batuta Pharmacy - Sharjah,SHARJAH,Pharmacy,,"Hasan Bin Thabet Street, Behind Sarah Emirate Tower, Buhairah Corniche, Majaz 3 Sharjah",0097165561544
Ishaq Bin Omran Pharmacy (Al Qassimi St) Sharjah,SHARJAH,Pharmacy,,"Sheikh Salem Al Qassimi St. Al Qarayen Area, Sharjah",0097165180875
JESR AL SHIFA PHARMACY (AL NAHDA) SHARJAH,SHARJAH,Pharmacy,,"QADESIA TIGER BUILDING, NEXT TO QUICK SUPER MARKET, SAHARA CENTER LINE, AL NAHDA SHARJAH",97165242042
Janah Pharmacy - Sharjah,SHARJAH,Pharmacy,,"Fine Fair Building, Buteena, Sharjah",0097165643980
LIFE PHARMACY (AL KHAN) SHARJAH,SHARJAH,Pharmacy,,"SHOP NO.  3, 4, & 5, NESTO HYPERMARKET, AL KHAN, SHARJAH",97145610000
LIFE PHARMACY LLC SHJ BR BRANCH 2 (MUWEILAH) SHARJAH,SHARJAH,Pharmacy,,"SHOP NO. 7, BUKHATIR SQUARE ONE BUILDING, PLOT NO 17/696, MUWELIAH COMMERCIAL, SHARJAH",97145610000
LIFE PHARMACY LLC SHJ BRANCH 6 (KING FISAL ST) SHARJAH,SHARJAH,Pharmacy,,"SHOP NO: 04,  MALIK FISAL BUILDING, PLOT NO: 336, KING FISAL STREET,SHARJAH",97145610000
LIFE PHARMACY SHJ BR 3 (AL JADA) SHARJAH,SHARJAH,Pharmacy,,"UNIT NO: M21, M22, & M23, MISK 1, ALJADA.SHARJAH,UAE",97145610000
LIFE PHARMACY SHJ BRANCH 7 (HALWAN ST) SHARJAH,SHARJAH,Pharmacy,,"SHOP NO: 04 & 5, PLOT NO 540, AL ABAR BUILDING, HALWAN STREET, SHARJAH, UAE",97145610000
LIVE CARE PHARMACY LLC (INDUSTRIAL AREA 10) SHARJAH,SHARJAH,Pharmacy,,"INDUSTRIAL AREA 10, SHOP NO 1,KHANSAHIB BUILDING , SHARJAH
",97165779797
Lamia Pharmacy - Sharjah,SHARJAH,Pharmacy,,"Corniche Al Buhaira
P.O.Box 20031
Sharjah, UAE",0097165680781
Lana Pharmacy (Muweilah) - Sharjah,SHARJAH,Pharmacy,,"Muscat Building, University Road, Muweilah, Sharjah",0097165691876
Life Line Pharmacy - Sharjah,SHARJAH,Pharmacy,,"SHAIKH ESHAM BUILDING,GROUND FLOOR,AL WASIT  ",97165659407
Liwa Pharmacy (Al Qasimiah) Sharjah,SHARJAH,Pharmacy,,"King Abdul Azeez Road, Behind Emirates NBD Bank, Al Qasimiah, Sharjah",0097165598500
Lulu Al Buhairah Pharmacy (Buhairah) -Sharjah,SHARJAH,Pharmacy,,"Lulu Hypermarket Building, Buhairah, Sharjah",0097165641567
Lulu Al Falah Pharmacy - Sharjah,SHARJAH,Pharmacy,,"Lulu Hypermarket, Al Wahda Street, Sharjah",0097165362225
Lulu Al Nahda Pharmacy - Sharjah,SHARJAH,Pharmacy,,"Lulu Hypermarket, Al Nahda, Sharjah",0097165454611
MEDCOM 44 PHARMACY,SHARJAH,Pharmacy,,"Sharjah Co-Op Society
",0097165341433
MEDCOM 45 PHARMACY,SHARJAH,Pharmacy,,"Safari Mall
",0097165622346
MEDICINA 22 PHARMACY (WATERFRONT) SHARJAH,SHARJAH,Pharmacy,,"KALBA RUGAYLAT RD., KALBA WATERFRONT, EAGLE HILLS, SHARJAH",0097192770371
MERCURY PHARMACY (INDUSTRIAL AREA 3) SHARJAH,SHARJAH,Pharmacy,,"AL WASIT BLDG. NEAR AL TALAL SUPERMARKET
INDUSTRIAL AREA 3
",97165228988
MERCURY STAR PHARMACY (INDUSTRIAL AREA 15) SHARJAH,SHARJAH,Pharmacy,,"SHOP NO.8, ALI MOOSA BUILDING, INDUSTRIAL AREA 15, SHARJAH
",97167677767
MUZEIRA PHARMACY (COOPERATIVE SOCIETY) SHARJAH,SHARJAH,Pharmacy,,"SHOP NO. 11 SHARJAH COOPERATIVE SOCIETY, AL ZUBAIR STREET, SHARJAH, UAE",97165422337
Majid Pharmacy (Bank St.) Sharjah,SHARJAH,Pharmacy,,"Beside Fathima Supermarket, Bank Street, P.O.Box 393, Rolla,Sharjah, UAE",0097165683422
Manara Al Corniche Pharmacy - Sharjah,SHARJAH,Pharmacy,,"Al Buhaira Area, Latifa Towel Building 
Sharjah
P.O. Box: 43451",0097165514180
Marhaba Pharmacy LLC - Sharjah,SHARJAH,Pharmacy,,Sharjah,0097165238130
Masafi Pharmacy (Al Yarmouk) Sharjah,SHARJAH,Pharmacy,,"Ground Floor, Al Jurwan Building, Opposite Gold Centre, Al Yarmouk, Sharjah, UAE",97165732221
Medcare Hospital Pharmacy - Sharjah,SHARJAH,Pharmacy,,"King Faisal Street, Sharjah, UAE ",0097165949701
Medi Prime Al Majaz Pharmacy (University City Road) Sharjah,SHARJAH,Pharmacy,,"Ground Floor, zero 6 Mall, Al Junairah, University City Road, Sharjah",0097146079928
Medi Prime Al Majaz Pharmacy - Sharjah,SHARJAH,Pharmacy,,"Safeer Market Building - King Faisal St., Al Majaz-1, Sharjah, UAE",0097165044044
Medi Prime Al Nahda Pharmacy (Al Nahda) Sharjah,SHARJAH,Pharmacy,,"Al Roda Tower-2, Malaka Street, Al Nahda, Sharjah, UAE",0097147070373
Medi Prime Al Qasimiah Pharmacy (King Abdul Aziz St.) Sharjah,SHARJAH,Pharmacy,,"Immigration Road, Near Mashreq Bank, King Abdul Aziz St., Sharjah, UAE",0097165752200
Medicare Pharmacy LLC - Sharjah,SHARJAH,Pharmacy,,"Medicare Pharmacy
P.O.Box 24721
Sharjah-UAE",0097167429202
Medicina 23 Pharmacy - Sharjah,SHARJAH,Pharmacy,,"CENTRAL SHARJAH SHOP #02, SHEIKH RASHID BIN SAQR ALQASIMI STREET, HALWAN SUBURB, SAMNAN SHARJAH",0097165303980
Medicina 24 Pharmacy - Sharjah,SHARJAH,Pharmacy,,"Al Nad Street, Near Dubai Islamic Bank, Qasimiya, Sharjah",0097165723255
Medicina 25 Pharmacy - Sharjah,SHARJAH,Pharmacy,,"Al Wasit Street, Al Shahba Area, Near to Dr. Sunny Medical Center, Sharjah",0097165660741
Medicina 33 Pharmacy,SHARJAH,Pharmacy,,"EMIRATES NATIONAL SCHOOL, BUILDING F, AL RAHMANIA ",97167448476
Medicina Pharamacy 31,SHARJAH,Pharmacy,,"CITY CENTRE SHARJAH, AL WAHDA ROAD ",97165246525
Medicom 17 (Ansar Mall) Sharjah,SHARJAH,Pharmacy,,"Ansar Mall, Al Nahda,Sharjah, UAE",97165313256
Milan Pharmacy (Abu Shagara) - Sharjah,SHARJAH,Pharmacy,,"Modern Clinic Building, King Faisal Street, Abu Shagara, Sharjah",0097165420077
Millenium Pharmacy - Sharjah,SHARJAH,Pharmacy,,"Millennium Pharmacy
P.O.Box 21636
Sharjah-UAE",0097165689416
Modern Al Riqqa Pharmacy - Sharjah,SHARJAH,Pharmacy,,"P.O.Box 1586
Sharjah, UAE",0097165243214
Modern Bait Al Maqdes Pharmacy - Sharjah,SHARJAH,Pharmacy,,"PO Box 41496_x000D_
Sharjah_x000D_
UAE",0097165552070
Muhammad Ayaz Pharmacy (Wasit St) - Sharjah,SHARJAH,Pharmacy,,"Ahmed Bin Ali Building, Wasit Street, Sharjah",0097165526224
NAJMAT MUWAILEH PHARMACY LLC,SHARJAH,Pharmacy,,"MUWEILAH STREET
 AL WATANYAH REAL ESTATE, MEHTA BUILDING
",971065220260
NMC Medical Centre  FZC Pharmacy - Sharjah,SHARJAH,Pharmacy,,"P Mall M1 Saif Zone, Sharjah",0097165028384
NMC Royal Hospital Pharmacy(Al Zahra Hospital Pharmacy) - Al Gharb - Sharjah,SHARJAH,Pharmacy,,"Al Zahra St, Near Clock Tower - Sharjah,  P.O.Box 3499",97165639343
Najmat Abu Shagara Pharmacy (Abu Shagara) Sharjah,SHARJAH,Pharmacy,,"Delux Building, Abu Shagara , Sharjah, UAE",97165424044
Najmat Sahara Al Jadeeda Pharmacy LLC - Sharjah,SHARJAH,Pharmacy,,Sharjah,0097165318334
Naseef Pharmacy - Sharjah,SHARJAH,Pharmacy,,"Al Oruba St. Al Nabaa,Sharjah  P.O.Box: 21002, ",0097165626780
Naseem Al Bataeh Pharmacy - Sharjah,SHARJAH,Pharmacy,,"Sharjah Cooperative Society Building, Al Bataeh, Sharjah",0097168833352
Nawaiem Pharmacy - Sharjah,SHARJAH,Pharmacy,,"Nasser Al Shiba Building, Near prime medical centre, Al Nahda, Sharjah
",0097165565195
Nejoum Abu Shaghara Pharmacy - Sharjah,SHARJAH,Pharmacy,,"Al Qasimia, King Abdul Azeez Road, Sharjah",0097165554450
New Al Wafa Pharmacy - Sharjah,SHARJAH,Pharmacy,,"Sh. Faisal Al Qassemi Bldg, Kalba Road, Industrial Area No.15, PO Box: 150248, Sharjah
",0097165353580
New Bin Sina Pharmacy- Sharjah,SHARJAH,Pharmacy,,"Mega Mall, Sharjah",0097165744066
New City Pharmacy (Al Majaz) Sharjah,SHARJAH,Pharmacy,,"Al Majaz, Opposite of Buhairah Police Station, Sharjah",0097165593636
New Medical Centre Pharmacy - Sharjah,SHARJAH,Pharmacy,,"Bel Resheed Corniche 1, Ground Floor, Buhairah Corniche, Sharjah",0097165974180
New Medical Centre Pharmacy Branch 1 (Al Majaz) Sharjah,SHARJAH,Pharmacy,,"Kakooli Tower, Near Buhairah Police Station, Al Majaz, Sharjah",0097167410907
Noor Al Bayan Pharmacy - Sharjah,SHARJAH,Pharmacy,,"Muwaileh, Behind Maleha Road, Shop No.2, Ground Floor, PO Box: 23484, Sharjah",0097165388102
Noor Al Nahdah Pharmacy - Sharjah,SHARJAH,Pharmacy,,"Al Nahda Street, Near Mc Donalds Outlet, Al Nahdah,  PO Box: 23484, Sharjah
",0097165560606
Noora Al Jadeeda Pharmacy - Sharjah,SHARJAH,Pharmacy,,"Maleha Street, Industrial Area 17,Opp.Madina Supermarket, PO Box: 23484, Sharjah

",0097165427878
Noora Pharmacy - Sharjah,SHARJAH,Pharmacy,,"Industrial Area 3, 2nd Industrial Street, Caterpillar Signal,  PO Box: 23484, Sharjah
",0097165422188
ORIANA PHARMACY BRANCH 1 (AL TAAWUN) SHARJAH,SHARJAH,Pharmacy,,"PULLMAN HOTEL , AL TAAWUN
",971565918989
ORIANA PHARMACY BRANCH 2 (AL GOUZ) SHARJAH,SHARJAH,Pharmacy,,"AL GOAZ , SHARJAH",971565918989
Orchid Pharmacy (Al Khan) Sharjah,SHARJAH,Pharmacy,,"Al Khan Palace Building, Near by Petrofac, Sharjah, UAE",0097165559337
Oriana Pharmacy - Sharjah,SHARJAH,Pharmacy,,"Al Khan, Sharjah
P.O. Box 31070
",0097165525770
PESHAWAR PHARMACY (AL GHUWAIR) SHARJAH,SHARJAH,Pharmacy,,"ROLLA MALL, 2ND FLOOR ,SHOP NO 233&234	AL GHUWAIR
",97165643300
Palmyra Pharmacy (Al Taawun) Sharjah,SHARJAH,Pharmacy,,"AL BAKER 4,BIN BAZ STREET ",97165362100
Pharmacy One (Al Sharq St.) - Sharjah,SHARJAH,Pharmacy,,"Al Rifah, Al Sharq St., Villa No. 966, Sharjah",0097165226107
REEM AL NAHDAH PHARMACY LLC (AL NAHDA) SHARJAH,SHARJAH,Pharmacy,,"Bin Ham Tower Bldg. Opp. Carrefour Market, Near Al Nahda Park, Al Nahda Sharjah
",97165255825
Rafeah Pharmacy L.L.C - Sharjah,SHARJAH,Pharmacy,,"ABUSHAGRA TOWER, ABU SHAGARA  ",0559878099
Rasha Pharmacy - Sharjah,SHARJAH,Pharmacy,,"Tariq Bin Zayar Road, Near Al Gowair Market, Rolla Sharjah",0097165625889
Rawabina Pharmacy - Sharjah,SHARJAH,Pharmacy,,"Al Khan Street, Al Khaledia , Sharjah, UAE",0097165519654
Reem Al Nahdah Pharmacy - Sharjah,SHARJAH,Pharmacy,,"Bin Ham Tower, Al Nahda",0097165255825
Reem Pharmacy (Abu Shaghara) Sharjah,SHARJAH,Pharmacy,,"Ground Floor, Ahmed SAeed Saif Bin Buthi, Abu Shaghara, Sharjah",97165594194
Rkn Al Raha Pharmacy - Sharjah,SHARJAH,Pharmacy,,"Tiger Building, G 6,7,8, Sharjah",97165670569
Royal Garden Pharmacy (Al Ghuwair) Sharjah,SHARJAH,Pharmacy,,"Eisa Building 2, Al Ghuwair Street, Sharjah",97165652555
Rukn Al Hayat Pharmacy L.L.C (Alneem Group),SHARJAH,Pharmacy,,"KALOTI TOWER, AL MAJAZ  ",97165444534
Rukn Al Salam Pharmacy LLC - Sharjah,SHARJAH,Pharmacy,,"Unit 14, Al Mubarak Hypermarket Building, Sharjah, UAE",0097165213535
Rukn Al Ufuq Pharmacy (Muweilah) Sharjah,SHARJAH,Pharmacy,,The Square-2 Building-University Road-Muweilah Commercial - Sharjah,0097165500363
Rukn Al Wahda Pharmacy (Al Estiqlal St) - Sharjah,SHARJAH,Pharmacy,,"Baniyas Building, Behind Megamall, Al Bu Daniq, Al Estiqlal Street, Sharjah",0097165433757
Rukn Al Yasmeen Pharmacy - Sharjah,SHARJAH,Pharmacy,,"#332, Ground Floor, Rolla Mall, Sharjah",0097165632618
SAHARA AL JAZEERA PHARMACY (INDUSTRIAL AREA 10) SHARJAH,SHARJAH,Pharmacy,,"KHAN SAHEB BUILDING, NEAR GECO SIGNAL, INDUSTRIAL AREA 10, SHARJAH, UAE",97165353345
SCIENTIFIC PHARMACY - SHARJAH,SHARJAH,Pharmacy,,"JASIM MOHD AL MAHMOOD BUILDING, YAZEED BIN AL HARETH STREET, SHARJAH, UAE",97165487289
SHIFA AL JAZEERAH CENTER PHARMACY LLC SHJ BR (MUWAILEH) SHARJAH,SHARJAH,Pharmacy,,"SHIFA AL RABEE MEDICAL CENTRE BUILDING,GROUND FLOOR ,2609,BUS STATION ROAD, MUWAILEH INDUSTRIAL AREA COMMERCIAL SHJ,UAE
",97165347730
SUPER CARE PHARMACY LLC - SHJ BR - BRANCH 3 (AL ZAHIA CITY CENTER) ,SHARJAH,Pharmacy,,"Ground Floor, Entrance B, City Center AL ZAHIA, SHARJAH
",971465463247
Sahara Life Pharmacy - Sharjah ,SHARJAH,Pharmacy,,"B-04, Next to Spinneys, Sahara Centre, Sharjah
",0097165566349
Sahara Pharmacy - Sharjah,SHARJAH,Pharmacy,,"First Floor, Unit 162 Sahara Centre, Sharjah",0097165312227
Saif Al Khan Pharmacy - Sharjah,SHARJAH,Pharmacy,,"Al Khan Street, Opposite Sharjah College, Sharjah",0097165391300
Saif Zone Pharmacy - Sharjah,SHARJAH,Pharmacy,,"F2 Area, Sharjah International Airport, Free Zone, Opposite Purvi Enterprises, Sharjah",0097165578560
Salim Pharmacy (Al Majaz 1) Sharjah,SHARJAH,Pharmacy,,"Salem Tower, Buheira, Corniche Road,  Near Al Noor Mosque, Al Majaz 1, Al Majaz, Sharjah",97165736262
Salsabeel Pharmacy LLC - Sharjah,SHARJAH,Pharmacy,,"P.O. Box: 83075, Shop #1, Tami-3 Bldg, Near Al Nahda Park, Al Nahda",0097165368988
Saudi German Hospital Pharmacy - Shajah,SHARJAH,Pharmacy,,"PO. Box: 61313, Sharjah, UAE",00971800744823
Shams Al Nahda Pharmacy (Al Nahda Rd) Sharjah,SHARJAH,Pharmacy,,"Hafish House Shop No. 1, opp. Etisalat Building, Al Nahda Road, Sharjah",0097165722096
Sharjah Ahalia Pharmacy (Al Musalla) Sharjah,SHARJAH,Pharmacy,,"Ibrahim Al Medfa Street, Al Musalla, Sharjah",0097165621600
Sharjah Pharmacy - Sharjah,SHARJAH,Pharmacy,,"Sharjah Pharmacy
P.O. Box 40718, 
Sharjah, UAE",0097165623850
Starcare Pharmacy (Rolla) Sharjah,SHARJAH,Pharmacy,,"Ground Floor, Malabar Plaza, Near Rolla Park, Rolla Sharjah",97165611099
Super Care Pharmacy LLC - SHJ BR - Branch 2 (Buhaira Corniche) Sharjah,SHARJAH,Pharmacy,,"Shop# 05, Sarh Al Emarat Tower, Al Majaz 1, Corniche Buhaira Street, Sharjah
",0097143504500
SuperCare Pharmacy (City Center) Sharjah ,SHARJAH,Pharmacy,,"Opposite Carrefour, City Center, Sharjah",97165396211
Supercare Pharmacy 1 - Sharjah,SHARJAH,Pharmacy,,"SAHARA CENTER,AL NAHDA,P.O. Box: 118347
Sharjah",0097165517015
Thumbay Pharmacy (Al Qulaya'ah) Shj.,SHARJAH,Pharmacy,,"Al Qulaya'ah, Sharjah, UAE",0097167487812
Thumbay Pharmacy 1 (Yarmook) Shj,SHARJAH,Pharmacy,,"Kuwaiti Round-About, Near Jesco Supermarket, Yarmook Area - Sharjah, UAE",00971656143619
Thumbay Pharmacy 3 (Al Muwaileh) Shj.,SHARJAH,Pharmacy,,"Building No 384, Next To National Paint Round About, Opposite Fire Station, Al Muwaileh - Sharjah, UAE",0097165356497
Thumbay Pharmacy 4 (Al Majaz 1) Shj.,SHARJAH,Pharmacy,,"King Faisal St, Al Majaz 1, Sharjah",0097165518509
Thumbay Pharmacy 6 (Muwailah) Shj.,SHARJAH,Pharmacy,,"Shop # 5, University Road, Next To Thumbay Clinic, Near To Sharjah Blood Transfusion Center, Sharjah, UAE",0097165356789
Thumbay Pharmacy Branch 12 (Al Sharq St) - Sharjah,SHARJAH,Pharmacy,,"303 Al Sharq Street, Opposite ADNOC Petrol Pump Near to NMC Medical Centre, Sharjah",0097165622749
Thumbay Pharmacy LLC - Shj Br - Branch 11 - Sharjah,SHARJAH,Pharmacy,,"S116 Al Wihda Street, Obeid saeed Building No. 4, Abu Shaghara, Sharjah",0097165356497
Thumbay Pharmacy LLC - Shj. Br - Branch 10,SHARJAH,Pharmacy,,"Al Baraha, Near Thumbay Clinic, Near RAK Bank Kalba",0097192774070
Tulip Pharmacy - Sharjah,SHARJAH,Pharmacy,,"Al Estiqlal Street Bu Daniq Abu Shaghara, Sharjah, UAE",97165622106
UNITED PHARMACY AL ZAHIAH (MUWEILAH) SHARJAH,SHARJAH,Pharmacy,,"SHOP NO:A078, LEVEL 2, NEAR GATE A PARKING ENTRANCE, ZAHIA CITY CENTRE, BEHIND THE UNIVERSITY CITY STREET, MUWEILAH, SHARJAH",97145610000
UNITED PHARMACY AL ZAHIAH - BRANCH 1 (UNIVERSITY CITY RD) SHARJAH,SHARJAH,Pharmacy,,"UNIT NO J001 , MATAJER AL JURAINA CENTRE , UNIVERSITY CITY ROAD , SHARJAH, UAE",97145610000
UNITED PHARMACY AL ZAHIAH - BRANCH 2 (KHORFAKKAN) SHARJAH,SHARJAH,Pharmacy,,"SHOP NO: G01, KHALIFA KHAMIS AL MATTAR BUILDING, KHORFAKKAN, SHARJAH",97145610000
University Hospital Sharjah Pharmacy (University City) - Sharjah,SHARJAH,Pharmacy,,"Muweilah Area, University City, Behind Medical College University of Sharjah, Sharjah",0097165058555
Wajeat Al Khoor Pharmacy - Shj ,SHARJAH,Pharmacy,,"Buhaira Corniche ,Riviera Tower , Sharjah",0097165373883
Waseem Pharmacy (Al Taawun) Sharjah,SHARJAH,Pharmacy,,"DAFCO Building, Taawun Area - Sharjah, UAE",97165770930
Yas Pharmacy LLC - Sharjah,SHARJAH,Pharmacy,,"P.O. Box : 31223, SAJAA, SHARJAH",0097165361256
Yasmin Pharmacy - Sharjah,SHARJAH,Pharmacy,,"Shop No.1,Yasmin Building 1,Opp. Sharjah Cricket Stadium, Ind Area 6,  PO Box: 19585, Sharjah

",0097165584662
ZULEKHA PHARMACY (AL KHAN) SHARJAH,SHARJAH,Pharmacy,,"7, GATE TOWER, RAWAD KAWRNISH, ALBHAYAR SHOP # 7, AL KHAN, SHARJAH",97165060498
Zahrat Al Madinah Pharmacy (National Paint) Sharjah,SHARJAH,Pharmacy,,"Near Kanary Clinic,Sheikh Mohammad Bin Zayed Road - National Paint, Sharjah, UAE",97165327075
Zahrat Al Rabie Pharmacy - Sharjah,SHARJAH,Pharmacy,,"Sharjah, Alkhan Area, Alkhaledya Street",0097165546800
Zamzam Pharmacy - Sharjah,SHARJAH,Pharmacy,,"Shop No. 10, Jamal Abdulla Al Shamlan Bldg., National Paint, University Road, Industrial Area 15, Sharjah",0097165357141
Zulekha Hospital Pharmacy - Sharjah,SHARJAH,Pharmacy,,"Al Zahra Street, Al Nasserya, Sharjah (Opp. Nesto Hypermarket)",0097165060170
AL HAYAT MEDICAL CENTER (AL RAMLA) UMM AL QUWAIN,UMM AL QUWAIN,Clinic,,"VILLA NO 15, AL RAMLA, UMM AL QUWAIN",97167663233
Aesthetica Dental Center (Al Ittihad St) Umm Al Quwain,UMM AL QUWAIN,Clinic,,"Al Salama City, Al Qarayen 1, Al Ittihad Street, Umm Al Quwain",0097167666505
Al Khaleej Medical Centre - UAQ,UMM AL QUWAIN,Clinic,,"King Faisal Street, UAQ
",0097167651212
Al Noor Clinic - Umm Al Quwain,UMM AL QUWAIN,Clinic,,"Flat #1, 1st Floor, Sheikh Rashid Building, Jameya, UAQ ",0097167646373
CRYSTAL FAMILY DENTAL CARE (AL MUDAR 2) UMM AL QUWAIN,UMM AL QUWAIN,Clinic,,"M01, ALJWAHARA BUILDING, UAQ MALL",971526854700
DAR AL HAYAT MEDICAL CENTER (NEW INDUSTRIAL AREA) UMM AL QUWAIN,UMM AL QUWAIN,Clinic,,"ETISALAT R/A, MAKANI NO: 66617 25827, UMM AL QUWAIN",97165624885
DR ANMAR DENTAL CENTER (KING FAISAL) UMM AL QUWAIN,UMM AL QUWAIN,Clinic,,"Flat 207-Alandalus Building King Faisal Road Al Ras Area Umm Al Quwain U.A.E PO BOX 002036
",97165452542
Dr. Asish Dental Centre - Umm Al Quwain,UMM AL QUWAIN,Clinic,,"Flat 301,302, Above Miami Gym, Next to National Bank of Umm Al Quwain, UAQ, UAE",0097167641993
Dr. Muna Khalfan Medical Center (Sanayya 4) Umm Al Quwain,UMM AL QUWAIN,Clinic,,"Flat No. 202, Al Dana Building, Near NBQ Bank, Umm Al Quwain",00971649222
Dr. Sinan Eye Clinic (King Faisal R) UAQ,UMM AL QUWAIN,Clinic,,"Flat 208, Al Ras Building, Near Arab Sea Restaurant, King Faisal R., Al Ras Area, P.O. Box: 2036, UAQ, UAE",0097501108424
Dr. Sunny Medical Center (King Faisal St.) Umm Al Quwain,UMM AL QUWAIN,Clinic,,"King Faisal Street, Near Carrefour Market, P.O. Box 7641,Umm Al Quwain, UAE
",0097167666933
New Al Khaleej Medical Center - UAQ,UMM AL QUWAIN,Clinic,,"Villa #14, Area 1, Al Salama Street, Umm Al Quwain PO Box: 1062",0097167679989
Thumbay Clinic - UAQ,UMM AL QUWAIN,Clinic,,"King Faisal Street, Al Ras, UAQ",0097167051533
ULTIMATE ADVANCED Q MEDICAL CENTER (KING FAISAL ST) UMM AL QUWAIN,UMM AL QUWAIN,Clinic,,"AL MASA 4 BUILDING, OFFICE N0 205, UMM AL QUWAIN,KING FAISAL STREET PO BOX 002126

",97167654545
YASMED MEDICAL CENTER LLC (NEW INDUSTRIAL AREA) UMM AL QUWAIN,UMM AL QUWAIN,Clinic,,"YASMED MEDICAL CENTER BUILDING	NEW INDUSTRIAL AREAPO BOX 533
",97165299064
Sheikh Khalifa General Hospital (Al Salama St.) UAQ,UMM AL QUWAIN,Hospital,,"Al Salama St., Opp. Ministry of Social Affairs - Umm Al Quawain                                                                              ",0097167061111
AL NEEM PHARMACY LLC  (KING FAISAL RD) UMM AL QUWAIN ,UMM AL QUWAIN,Pharmacy,,"SHOP NO 3&4, Dr. SUNNY MEDICAL CENTRE BUILDING,KING FAISAL ROAD, UMM AL QUWAIN
",0067675263
Al Iman Pharmacy LLC - Umm Al Quwain,UMM AL QUWAIN,Pharmacy,,"King Faisal Road, Next to Ahlan supermarket, Al Batheen, Al Humrah B, Ras Al Khaimah",0097167682797
Al Mulla Pharmacy - UAQ ,UMM AL QUWAIN,Pharmacy,,"Umm Al Qaiwain UAE.
",0097167647364
Al Safa Pharmacy - UAQ,UMM AL QUWAIN,Pharmacy,,"City Mall, Al Salamah, Umm Al Quwain",0097142397957
GLOBAL CARE PHARMACY (ALMAQTAA 1) UMM AL QUWAIN,UMM AL QUWAIN,Pharmacy,,"ALMASA 4, KING FISAL, ALMAQTAA 1, UMM AL QUWAIN",97167433366
Hayat Al Jadedh Pharmacy - Umm Al Quwain,UMM AL QUWAIN,Pharmacy,,"Dr. Sunny Medical Centre Building, Near Nissan Showroom, Umm Al Quwain, UAE",97165531777
Health First Pharmacy 12 - UAQ,UMM AL QUWAIN,Pharmacy,,"P.O.Box: 22625 Sharjah_x000D_
Pharmacy Location_x000D_
Umm Al Quwain Main Road_x000D_
Umm Al Quwain, UAE",0097167656180
Health First Pharmacy 28 - UAQ,UMM AL QUWAIN,Pharmacy,,"Saeed Muhamed Al Masafri, Ground Floor, King Faisal St., Old Souk, Popular Typing Center",0097167656180
Ibn Batuta Pharmacy (Green Belt Area) - Umm Al Quwain,UMM AL QUWAIN,Pharmacy,,"P.O. Box: 4954, Shop No. 1, Umm Al Quwain Charity Building, Opposite to Umm al Quwain Mall, Green Belt Area, UAE",0097165231577
Jabal Al Noor Pharmacy (Kind Faisal St) Umm Al Quwain,UMM AL QUWAIN,Pharmacy,,"King Faisal St. Souq Jamiyah, UAQ",0097167667304
LIFE PHARMACY - BRANCH 1 (AL SALAMA ST) UMM AL QUWAIN,UMM AL QUWAIN,Pharmacy,,"SHOP NO: 1 & 2, PLOT NO: 360, (NEW COMMERCIAL COMPLEX) AL SALAMA STREET, UMM AL QUWAIN",97145610000
LIFE PHARMACY BRANCH 2 (KING FAISAL ST) UMM AL QUWAIN,UMM AL QUWAIN,Pharmacy,,"UAE EXCHAGE SHOWROOM, KING FAISAL STREET,UMM AL QUAWIN,UAE",97145610000
Lulu Center Pharmacy (King Faisal Street) -Umm Al Quwain,UMM AL QUWAIN,Pharmacy,,"Mall oF Umm Al Quwain, King Faisal street, Umm Al Quwain",00971501073671
Medicina Pharmacy 38 - Umm Al Quwain,UMM AL QUWAIN,Pharmacy,,"SAFEER HYPERMARKET, AL SALAMAH - UMM AL QUWAIN",97165725689
Medicom Pharmacy 26 (King Faisal Rd.) UAQ,UMM AL QUWAIN,Pharmacy,,"Manama Hypermarket, King Faisal Road - Umm Al Quawain
",97167649734
Medicom Pharmacy 33 LLC - UAQ Branch,UMM AL QUWAIN,Pharmacy,,"Al Salama  Round About, Umm Al Quwain",0097167650014
NEXUS PHARMACY (SALAMA 2) UMM AL QUWAIN,UMM AL QUWAIN,Pharmacy,," AL SALAMA STREET, AL SALAM BUILDING, UMM AL QUWAIN",97165691149
Roua Pharmacy - UAQ,UMM AL QUWAIN,Pharmacy,,"Opp Lulu Centre UAQ, Same Building of Dr. Rana Clinics, UAQ",0097167660688
Salma Pharmacy - Umm Al Quwain,UMM AL QUWAIN,Pharmacy,,"RAK- Dubai Road, UAQ",0097167671162
Sheikh Khalifa General Hospital Pharmacy - Umm Al Quwain,UMM AL QUWAIN,Pharmacy,," Al Salama, Opp. Ministry of Social Affairs - Umm Al Quawain
",0097167061111
Tajeran Pharmacy-UAQ,UMM AL QUWAIN,Pharmacy,,"P.O.Box : 2854,
King Faisal Road,
UAQ, UAE",0097167652291
Thumbay Pharmacy 8 (Majid Al Awal Roundabout) UAQ,UMM AL QUWAIN,Pharmacy,,"Shop No 5, King Faisal Road, Al Raas C, Next to Thumbay Clinic Near to Lulu Hypermarket, Majid Al Awal Roundabout, UAQ",0097167051544
YASMED PHARMACY LLC (NEW INDUSTRIAL AREA) UMM AL QUWAIN,UMM AL QUWAIN,Pharmacy,,"YASMED MEDICAL CENTER BUILDING	NEW INDUSTRIAL AREA PB BOX 533
",97165299064
