PROVIDER NAME,EMIRATE,PROVIDER TYPE,AREA,ADDRESS,TELEPHONE
Al Ain Ahili Medical Centre (Shk. Khalifa) Al Ain,AUH,Clinic,Al Ain City,"Opposite Al Sahir Cafeteria, Sheikh Khalifa Street, Al Ain
",97126228294
Ittihad Medical Center - Abu Dhabi ,AUH,Clinic,,"P.O.Box 46091
Abu Dhabi-UAE",0097126226611
Central Clinic - Abu Dhabi,AUH,Clinic,,"Level-2, New Emistate Tower. Hamdan Street, Next to Marks & Spencer",0097126323497
Western Towers Al Ahlia Medical Center - Abu Dhabi,AUH,Clinic,Madinat Zayed,"MZE-Plot #158, Shop #10, Sanaya, Madina Zayed, AUH PO Box: 2419",0097128840522
Express Ghayathi Clinic - Abu Dhabi,AUH,Clinic,Western Region,Western Region,0097128744430
Noor Al Ahli Medical Center Branch 2 - Abu Dhabi,AUH,Clinic,Mussafah,"M Shabiyah, Building #C-5, Musaffah, AUHPO Box: 2419
",0097125530368
Oasis Medical Centre - Abu Dhabi,AUH,Clinic,Mussafah,"ICAD, Mussafa email: ICADAMC@ahaliagroup.ae
",0097125506691
Holistic Medical Centre (Khalifa City) - Abu Dhabi,AUH,Clinic,,"Villa 141, 12th Street, Khalifa City A, Abu Dhabi",97126661567
Eastern Al Ahili Medical Center Branch 1 - Abu Dhabi,AUH,Clinic,,"Ahalia Hospital Building, Block A, 3rd Floor, Hamdan Street, Abu Dhabi 
",0097124442235
Rahmath Sila Clinic - Abu Dhabi,AUH,Clinic,,"UAE Exchange Building, Al Sila, Abu Dhabi",0097128724999
Noor Al Ahli Medical Center Branch 1 - Abu Dhabi,AUH,Clinic,Mussafah,"M Floor, Gate #1, Inside Mall, Musaffah, ICAD Residential City, AUH  PO Box: 2419
",0097125575890
Providence International Medical & Cosmetic Center LLC Abu Dhabi,AUH,Clinic,,"Camp Tower Building M1, Muroor Road Al Nahyan Camp, Abu Dhabi, Next to TeaTime Cafeteria, Opposite of ADCB",0097126661197
Noor Al Shifa Medical Center - Abu Dhabi,AUH,Clinic,,"New Shahama, Dubai Mafraq Road, Abu Dhabi",0097125633380
Star Al Ahalia Medical Center LLC - Abu Dhabi,AUH,Clinic,,"Building C76, Near Gayathi Market, Gayathi, Abu Dhabi PO Box: 2419",0097128744677
Eastern Al Ahili Medical Center (M-24) Abu Dhabi,AUH,Clinic,," M-24,Mussaffah , Abudhabhi , UAE.",9715856005
Noor Al Ahli Medical Center Branch 4 - Abu Dhabi,AUH,Clinic,,"Baniyas West, Abu Dhabi  PO Box: 2419
",0097125858529
Noor Al Ahli Medical Center Branch 6 - Abu Dhab,AUH,Clinic,,"Marfa Souq, Opposite Abu Saeed Mosque, Mirfa, Al Dhafrah Region, Abu Dhabi, UAE",0097128833020
Oasis Medical Centre Branch 1 - Abu Dhabi,AUH,Clinic,Al Falah,"M floor, Oasis Building, Al Falah Street, Madinat Zayed Area, AUH PO Box: 2419",0097126763282
Noor Al Ahli Medical Center - Abu Dhabi,AUH,Clinic,Al Ain City,"Building #243-A, Sanaya, Al Ain, Abu Dhabi  PO Box: 83339
",0097137665852
Al Wahda Medical Centre - Abu Dhabi,AUH,Clinic,,"P.O.Box: 71469
Defence Road
Abu Dhabi, UAE",0097126418383
Al Borg Diagnostic Centre For Laboratories (Khalifa Bin Zayed St) Al Ain,AUH,Diagnostics,Al Ain City,(Khalifa Bin Zayed St) Al Ain,
Ideal Clinical Laboratories - Abu Dhabi,AUH,Diagnostics,,"P. O. Box 41810
Abu Dhabi
United Arab Emirates",0097126260066
United Arab Emirates,AUH,Diagnostics,,"C-44, Mezzanine Floor, Opposite to Emirates Future International Academy",0097125558448
Medstar Pharmacy Sanaiya Al Ain LLC,AUH,Pharmacy,Al Ain City,"P.O. Box: 46713
",0097124066938
Noor Al Ahli Pharmacy - Al Ain,AUH,Pharmacy,Al Ain City,"Building #243-A, Sanaya, Al Ain, Abu Dhabi
",0097137673627
Eastern Al Ahlia Pharmacy - Abu Dhabi,AUH,Pharmacy,,"Mr. Menom
Easter Al Ahlia Pharmacy
P.O. Box 2419
Abu Dhabi, UAE",0097125823859
Unique Al Ahalia Pharmacy,AUH,Pharmacy,,"SALAH ALAMRI BUILDING,GROUND FLOOR,ME-10, SHABIYA ",97125595441
Western Towers Al Ahalia Pharmacy - Abu Dhabi,AUH,Pharmacy,,"MZE-Plot #158, Shop #10, Sanaya, Madina Zayed, AUH PO Box: 2419",0097128841020
AL Rida Pharmacy (Najda St.) Abu Dhabi,AUH,Pharmacy,,"Fatima Bint Mubarak (Najda St.), behind National Cinema, P.O. Box: 2419, Abu Dhabi, UAE",97126766125
Noor Alahli Pharmacy - Branch 8  (Ahalia Group),AUH,Pharmacy,,"MARFA SOUQ, OPP ABUSAEED MOSQUE, MIRFA  ",97126410170
Noor Alahli Pharmacy - Branch 5  (Ahalia Group),AUH,Pharmacy,,"BANIYAS WEST, NEAR DAR-AL-ULOOM SCHOOL, BANIYAS, ABU DHABI  ",97125831929
Noor Al Ahli Pharmacy Branch 4 - Abu Dhabi,AUH,Pharmacy,,"Baniyas West, Abu Dhabi PO Box: 2419	
",0097125668124
Noor Al Ahli Pharmacy Branch 2 - Abu Dhabi,AUH,Pharmacy,Mussafah,"M Shabiyah, Building #C-5, Musaffah, AUH
",0097125522309
MILLENIUM HOSPITAL PHARMACY LLC - ABU DHABI,AUH,Pharmacy,,"NEAR SARAVANAA BHAVAN, SHABIYA, MUSSAFAH, ABU DHABI",97128119119
GALAXY PHARMACY - ABU DHABI,AUH,Pharmacy,,"BLDG. NO. – 37/146, SHOP NO. 6, NEAR AHMED SALEM AL - MAHRAMI MOSQUE, OPP AL MADINA HYPERMARKET, MUSSAFFAH 37, ABU DHABI",97125575413
Better Life Pharmacy (Khalifa St.) Abu Dhabi,AUH,Pharmacy,,"Khalifa Street, next to Mohammed Rasool Khory (ROLEX) Building, Abu Dhabi, UAE",97126222230
Better Life Pharmacy LLC Branch 1 - Abu Dhabi,AUH,Pharmacy,,"Airport Road, Khalifa Street, Corniche Road, Abu Dhabi PO Box: 2419",0097126222230
Al Ain Ahalia Pharmacy - Al Ain,AUH,Pharmacy,Al Ain City,"Near Planning Round About, Opp. Hsbc Bank
",0097137557979
Unique Al Ahalia Pharmacy - Branch 2,AUH,Pharmacy,,"DELMA STREET, AIRPORT ROAD  ",97126410039
New Abu Dhabi Pharmacy  (Al Falah St.) AUH,AUH,Pharmacy,,"Next to Taha Medical Center, Al Falah Street (Old Passport Road) - Abu Dhabi",97126777625
Star Al Ahalia Pharmacy - Abu Dhabi,AUH,Pharmacy,,"C76, Near Gayathi Market, Gayathi, Abu Dhabi PO Box: 2419	
",00097128744060
Noor Al Ahli Pharmacy Branch 1 - Abu Dhabi,AUH,Pharmacy,Mussafah,"M Floor, Gate #1, Inside Mall, Musaffah, ICAD Residential City, AUH 
",0097126146723
Unique Al Ahalia Pharmacy Branch 1 - Abu Dhabi,AUH,Pharmacy,,"Behind Liwa Center, Hamdan Street, Abu Dhabi PO Box: 2419",0097126352775
Madinat Zayed Ahliyya Pharmacy - Abu Dhabi,AUH,Pharmacy,,"Sector 10, Shabia, Abu Dhabi, UAE  P.O. Box : 2419    
",0097125593711
Al Ahalia National Pharmacy LLC Branch 1 - Abu Dhabi,AUH,Pharmacy,Mussafah,"South Block, Al Ahalia Hospital Building, Tarif Road, M24, Near Workers Village, Musaffah, Abu Dhabi",0097128119119
Al Ahalia National Pharmacy ,AUH,Pharmacy,Mussafah,"M-24, Musaffah, Near BMW show room ",0097128119119
Noor Al Ahli Pharmacy Branch 6 - Abu Dhabi,AUH,Pharmacy,,"Opposite Home Center, Hamdan Street, Abu Dhabi",0097126210524
Noor Al Ahli Pharmacy Branch 7 - Abu Dhabi,AUH,Pharmacy,,"Ground Floor, Ahalia Hospital, Hamdan Street,AUH PO Box: 2419",0097126269545
Noor Al Ahli Pharmacy Branch 3 - Abu Dhabi,AUH,Pharmacy,,"Ground Floor, Ahmed Mohamed HArool Al Qubaisi Bldg., Sector 6, Plot # C13, Hamdan Street, AUH 
PO Box: 2419
",0097126263305
PHOENIX HOSPITAL PHARMACY (Al Bustan Hospital Pharmacy)- Abu Dhabi,AUH,Pharmacy,Mussafah,"M-10, Shabiyah, Musaffah, Abu Dhabi",0097126151515
Expert Pharmacy - Abu Dhabi,AUH,Pharmacy,,"Mojumaat Workers Village, Hameem Road, Abu Dhabi P.o. Box: 6153",0097126225566
Golden Health Pharmacy - Abu Dhabi,AUH,Pharmacy,,Hameem Road- Al Salam Living City,0097125855550
Medstar Hamdan Pharmacy LLC - Abu Dhabi,AUH,Pharmacy,,"Al Noor Pharmacy
P.O. Box 46713
",0097126722117
ADNOC - Asab Pharmacy - Western Region,AUH,Pharmacy,Western Region,"Asab Area, Al Sila Road, Abu Dhabi, Western Region

",0097126020575
ADNOC - Ruwais Hospital Pharmacy - Al Dhafra Region,AUH,Pharmacy,Western Region,"Ruwais, Al Dhafra Region, Abu Dhabi, UAE",97126020575
Al Manara Pharmacy - Al Bawadi Mall - Al Ain,AUH,Pharmacy,Al Ain City,"Al Bawadi Mall, 
Mazyad Street
Al Khourer Al Ain
P.O. Box : 3084",0097137848802
Al Wathba Pharmacy - Abu Dhabi,AUH,Pharmacy,,"Dr. Tariq_x000D_
Al Wathba Pharmacy_x000D_
P.O.Box 10414",0097125833655
Aster Pharmacies Group - Branch of Abu Dhabi 1,AUH,Pharmacy,,"Al Hamed Building, Al Falah Street, Blue Diamond,  Behind Jumbo Electronics
",0097126437625
Bin Sina Pharmacy Mar. Mall - Abu Dhabi,AUH,Pharmacy,,"Basement Floor , Opposite Carrefour, Marina Mall, Abu Dhabi, UAE",97126815630
Health First Pharmacy Branch 10 - Abu Dhabi,AUH,Pharmacy,,Abu Dhabi,0097125549055
Health First Pharmacy Branch 13 - Abu Dhabi,AUH,Pharmacy,,"Shop 417, 4th Floor Deerfields Mall, Al Bahia Abu Dhabi",0097125646364
Health First Pharmacy Branch 14 - Al Ain,AUH,Pharmacy,Al Ain City,"Shop No F14,Zayed Bin Sulthan Street,Barari Outlet Mall Al Ain
",0097137675176
JUNAID PHARMACY (AL DHAFRA) ABU DHABI,AUH,Pharmacy,Western Region,"BUILDING -C17, AL TAJANUS STREET, ABU DHABI",97128822844
Lulu Al Foah Pharmacy  - Al Ain,AUH,Pharmacy,Al Ain City,"Lulu Hypermarket, Al Foah, Al Ain",0097137843221
Lulu Raha Pharmacy - Abu Dhabi,AUH,Pharmacy,,"Lulu Hypermarket, Al Raha, Abu Dhabi",0097125562607
National Al Ain Pharmacy - Al Ain,AUH,Pharmacy,Al Ain City,"Hili, Al Ain
",0097137627116
Natural Life Pharmacy - AUH,AUH,Pharmacy,,Dalma Mall Abu Dhabi,0097120000000
Sofitel Pharmacy - Al Ain,AUH,Pharmacy,Al Ain City,"Abela Supermarket, Maqam, Al Ain	
",0097137676439
Town Life Pharmacy (Abu Dhabi Mall),AUH,Pharmacy,,"Unit No. RA 18 (A15), Opp. Abu Dhabi Coop, Ground Floor, Abu Dhabi Mall, Abu Dhabi, UAE",0097145610000
ADNOC - Bu Hasa Pharmacy - Western Region,AUH,Pharmacy,Western Region,"Buhasa Area, Abu Dhabi, Western Region
 P.O. Box: 11876
",0097126020575
ADNOC - Habshan Pharmacy - Western Region,AUH,Pharmacy,Western Region,"Habshan Area, Al Sila Road, Abu Dhabi, Western Region P.O. Box: 11876",0097126020575
Al Anqood Pharmacy - Abu Dhabi,AUH,Pharmacy,Western Region,"Industrial Area, Madinat Zayed, Western Region, Abu Dhabi
",0097128845355
Al Dhafra Fields Pharmacy - Abu Dhabi,AUH,Pharmacy,Western Region,"Near Baniyas Spike Supermarket, Industrial Area, Beda Zayed City, Western Area Abu Dhabi",0097128845273
Al Manara Global Pharmacy - Abu Dhabi,AUH,Pharmacy,,"Mina Center, Mina Coop
Mina
P.O. Box: 3084",0097126734777
Al Manara Pharmacy - World Trade Center- Abu Dhabi,AUH,Pharmacy,,"Hamdan Street
World Trade Center
P.o. Box: 3084",0097126331618
Al Manara Pharmacy Branch 1 - Abu Dhabi,AUH,Pharmacy,,"Al Marfa, Abu Dhabi
P.O. Box: 3084",0097128840497
Al Muroj Pharmacy - Abu Dhabi,AUH,Pharmacy,,"Al Kabrath Baniyas West, Abu Dhabi, UAE",0097125845622
Al Riyadh Pharmacy (Baniyas) Abu Dhabi,AUH,Pharmacy,,"Al Shawamekh, Baniyas, Abu Dhabi",0097125829949
Aster Pharmacies Group - Branch of Abu Dhabi 2,AUH,Pharmacy,,"Dar Al Thalmiya, Khalidiya, Abu Dhabi, UAE, Behind Al Muhairy Centre
",0097126280582
BAB AL MADINA PHARMACY  (MUSSAFAH) ABU DHABI,AUH,Pharmacy,,"16th Street, Mussafah M-26, Shop no. 06, near Grand Mosque, Abu Dhabi, UAE
",97126422464
CLINIX PHARMACY (M11 INDUSTRIAL) ABU DHABI,AUH,Pharmacy,Mussafah,"GHAMRAN KHALFAN BUILDING, MUSAFFAH M11 INDUSTRIAL, ABU DHABI",97125500851
Health First Pharmacy -Branch 3,AUH,Pharmacy,,Musaffah,0097125527070
Health First Pharmacy Branch 12 - Abu Dhabi,AUH,Pharmacy,,"Shop No: G12, Al Falal Village 1, Al Falah City",0097126746989
Health First Pharmacy branch 8- Abu Dhabi,AUH,Pharmacy,,"New Al Wathba Pharmacy_x000D_
P.O.Box 10414_x000D_
Abu Dhabi, UAE",0097165394466
Lulu Khalidiyah Pharmacy  - AUH,AUH,Pharmacy,,"Lulu Hypermarket, Khalidiyah, Abu Dhabi (Khalidiyah Mall)",0097126354440
Medicina Al Muneera Pharmacy - Abu Dhabi,AUH,Pharmacy,,"Al Raha Beach, Al Muneera Island, Near Al Raha Mall, AUH",0097125513004
ADNOC Technical Institute Pharmacy - Abu Dhabi,AUH,Pharmacy,,"Al Shawamekh, Near Schlumberger - Abu Dhabi",97126020575
Al Ain Modern Pharmacy - Al Ain,AUH,Pharmacy,Al Ain City,"Al Jimi, Al Ain	
",0097137628919
Al Ain Pharmacy Bawadi Mall LLC - Al Ain,AUH,Pharmacy,,"Bawadi Mall, Unit G-121, Mezyad, Al Ain",0097137686687
Al Manara Al Ruwais Pharmacy - Abu Dhabi,AUH,Pharmacy,,"Al Ruwais Mall
P.O. Box: 3084",0097128760210
Alneem Pharmacy (Al Shahama) - Abu Dhabi,AUH,Pharmacy,,"Hyper Remeez Building, Beside Emirates Park Zoo, Al Shahama, Abu Dhabi",097125666886
Althiqa Al Almyiah Pharmacy - Abu Dhabi,AUH,Pharmacy,,"Baniyas Cooperative Society, Shamama, Abu Dhabi",0097125633505
Aster Pharmacies Group - Branch of Abu Dhabi 4,AUH,Pharmacy,,"Shop No 7&8,Bodebis building ,Defense Road, Deyyar
",0097124478482
Bin Sina Al Muroor Pharmacy - Abu Dhabi,AUH,Pharmacy,,Abu Dhabi,0097124498140
Health First National Pharmacy- Al Ain,AUH,Pharmacy,Al Ain City,Near Snow White,0097137662131
Hkmat Al Ain Pharmacy - Al Ain,AUH,Pharmacy,Al Ain City,"Shop No. 14, Al Seef Village, Abu Dhabi	
",0097126411225
Lulu Al Ain Pharmacy - Branch,AUH,Pharmacy,Al Ain City,"Lulu Hypermarket, Kuwaitat, Al Ain",0097137640677
Modern Ibn Sina Pharmacy- Al Ain (Alphamed),AUH,Pharmacy,Al Ain City,"Jimi Mall
P.O. Box: 23099",0097137620605
New Al Manara Pharmacy - Abu Dhabi,AUH,Pharmacy,,"New Al Manara Pharmacy
P.O.Box 3084
Abu Dhabi-UAE",0097126815080
ADNOC Onshore Medical Centre Pharmacy - Abu Dhabi,AUH,Pharmacy,,"Adco Medical Centre, Near Adco Operations,Al Khalidiyah,1st Corniche Street",97126020575
Al Ain Pharmacy - Al Ain,AUH,Pharmacy,Al Ain City,"Khalifa Street, Al Ain 
",0097137655120
Al Manara Pharmacy - Abu Dhabi,AUH,Pharmacy,,"Dr. Abdul Karim
Al Manara Pharmacy
P.O.Box 3084
Abu Dhabi, UAE",0097126269966
Al Manara Pharmacy - Al Ain,AUH,Pharmacy,Al Ain City,"Al Manara Pharmacy
P.O.Box 3084
Abu Dhabi-UAE",0097137668787
Al Manara Pharmacy Al Corniche- Abu Dhabi,AUH,Pharmacy,,"Corniche Nation Tower
P.O. Box: 3084",0097126675454
Al Manara Pharmacy Al Shawamekh- Abu Dhabi,AUH,Pharmacy,,Abu Dhabi,0097126814644
Aster Pharmacy - Branch 5 - Abu Dhabi,AUH,Pharmacy,,"Building No 7, Zayed Street, Electra, Abu Dhabi  			

",0097124489240
Bab Al Teb Pharmacy (Mussafah) Abu Dhabi,AUH,Pharmacy,,"Bldg. No. 11, Musaffah Industrial Area M44, Opp. Gulva Coat Industry, Abu Dhabi, UAE",0097126261914
Health First Pharmacy -  Branch 5,AUH,Pharmacy,,Shafiah Khalifa - Sector # 11,0097125530036
Medicina Gulf Pharmacy - Abu Dhabi,AUH,Pharmacy,,"Muroor Street,Near Emke Trading, AUH",0097124483454
New Al Ain Pharmacy - Al Ain,AUH,Pharmacy,Al Ain City,"Al Muwaiji, near City Center, Al Ain
",0097137554440
Taibah Al Ain Pharmacy - Al Ain,AUH,Pharmacy,Al Ain City,"Behind Al Ain Hospital, Al Ain",0097137545288
ADNOC - Al Ruwais Medical Center Pharmacy - Western Region,AUH,Pharmacy,Western Region,"Al Ruwais City, Al Sila Road, Abu Dhabi, Western Region",0097126020575
Al Manara Pharmacy - Khalifa City- Abu Dhabi,AUH,Pharmacy,,"One Stop Center
Khalifa City
P.O. Box: 3084",0097125562979
Al Manara Pharmacy Boutik Mall- Al Ain,AUH,Pharmacy,Al Ain City,"Boutik Mall Abu Dhabi
P.O. Box: 3084",0097137644117
Aster Pharmacies Group  - Branch of Abu Dhabi 3,AUH,Pharmacy,,"Building No. EC –C-19, Hamdan Street, Near to LULU International Exchange
",0097126229870
Bangash Pharmacy LLC - Abu Dhabi,AUH,Pharmacy,,"Hamad Mubarak, Al Khaily Building, Sector 9, Baniyas East, Abu Dhabi",0097125837685
Health First  Pharmacy- Branch 6-Abu Dhabi,AUH,Pharmacy,,"Judy Pharmacy
PO Box 4127
Abu Dhabi
U.A.E",0097126668798
Health First Planet Pharmacy-  Branch 9 Abu Dhabi,AUH,Pharmacy,,Abu Dhabi,0097125577611
Medicina International Pharmacy - Abu Dhabi,AUH,Pharmacy,,"Muroor Street, Near Alam Supermarket, AUH",0097124496744
Medicina Pharmacy Branch 1 - AUH,AUH,Pharmacy,,"shop B1-13 Global Outlet mall Global City Al Rahba Al Shahama, Abu Dhbai UAE",0097124479940
Al Manara International Pharmacy - Abu Dhabi,AUH,Pharmacy,,"Tower B
Flat c66, Muroor Street, Al Nahyan Comp
P.O. Box: 3084",0097126427677
Al Manara Pharmacy Das Island- Abu Dhabi,AUH,Pharmacy,,"BAteen, Abu Dhabi
P.O. Box: 3084",0097126675454
Aster Pharmacies Group - Branch of Abu Dhabi 7 (Khalidiya) Abu Dhabi,AUH,Pharmacy,,"Al Shaheen Complex, Khalidiya, Abu Dhabi",0097126395140
Health First Pharmacy Branch 15 - Abu Dhabi,AUH,Pharmacy,,"Khalidiya West,Zayed The First Street,Near Al Muhairy Center,Abu Dhabi
",0097126220644
Real 7 Pharmacy DMCC Branch (Masdar City) Abu Dhabi,AUH,Pharmacy,,"Unit No. M032, Ground Floor, My City Centre Masdar, Masdar City, Abu Dhabi",0097145610000
Al Burooj Pharmacy - Abu Dhabi,AUH,Pharmacy,,"M37 Behind Fresh & More, Musaffah, ABu Dhabi",0097125545999
Al Manara Pharmacy Bawabat Al Sharq - Abu Dhabi,AUH,Pharmacy,,"Bawabat al Sharq Mall
P.O. Box: 3084, Abu Dhabi",0097125828270
Al Manara Pharmacy Marina Mall - Abu Dhabi,AUH,Pharmacy,,"Marina Mall, Abu Dhabi",0097126815080
Aster Pharmacy - Branch 8 - Abu Dhabi,AUH,Pharmacy,,"Canon Building, Electra Street, Next to CBI Bank Building, Abu Dhabi	
",0097126711831
Bin Sina Al Khalidiya Pharmacy - Abu Dhabi,AUH,Pharmacy,,"Khalidiya St.
Abu Dhabi",00000000000
Bin Sina Dana Plaza Pharmacy - Abu Dhabi,AUH,Pharmacy,,"Dana Plaza 
ABU DHABI
P.O BOX 11245",0097126669240
BIN SINA DELMA MALL PHARMACY - ABU DHABI,AUH,Pharmacy,,"Dalma Mall, ICAD Ground Floor - أبو ظبي
",97125512385
Health First Pharmacy - St. Regis,AUH,Pharmacy,,"St. Regis Building, Ground Floor St. Regis Hotel_x000D_
Sadiyat Island_x000D_
",0097126219720
Health First Pharmacy Branch 11 - Al Ain,AUH,Pharmacy,Al Ain City,"Souq Extra Al bateen LLC, 
Plot 14 Bateen -Al Ain",0097137804288
Health First Pharmacy Branch 7 (Airport Rd.) AUH,AUH,Pharmacy,,"in side Carrefour, Airport Road - Abu Dhabi",97124494209
Junaid Pharmacy Branch - 1 - Abu Dhabi,AUH,Pharmacy,,"Shop-1, Building 313, ME-10, Mussafah, Abu Dhabi",0097125529944
Lulu Al Ain Pharmacy - Al Ain,AUH,Pharmacy,Al Ain City,"Lulu Hypermarket, Sanaiyah, Al Ain",0097137212330
Medicina Pharmacy - Abu Dhabi,AUH,Pharmacy,,"Khalifa Street, Opp Al Noor Hospital, AUH",0097126589543
ADNOC - Al Dabbayia Pharmacy - Western Region,AUH,Pharmacy,Western Region,"Al Dabbayia Area, Al Salia Road, Abu Dhabi, Western Region ",0097126020575
ADNOC - Zirku Pharmacy - Abu Dhabi,AUH,Pharmacy,,"Zirku Oilfield, Abu Dhabi",97126020575
ASTER PHARMACY - FARMACIA HOME HEALTH CARE,AUH,Pharmacy,,"SafeerMall, Mussafah 
",0097125529395
Advanced Al Ain Pharmacy - Al Ain,AUH,Pharmacy,Al Ain City,"Oasis Hospital - next to Starbucks Coffe Shop, Al Mutawaa, Al Ain",0097137227626
Al Manara Al Bahia Pharmacy - Abu Dhabi,AUH,Pharmacy,,"Deerfield Ali Bahia
P.o. Box: 3084, Abu Dhabi",0097125635059
Al Manara Pharmacy Capital Mall - Abu Dhabi,AUH,Pharmacy,,"Capital Mall, Mussafah
P.o. Box: 3084, Abu Dhabi",0097124447642
Al Manara Pharmacy Yas Mall - Abu Dhabi,AUH,Pharmacy,,"Yas Mall
P.O. Box: 3084, Abu Dhabi",0097125650770
Aster Pharmacy - Branch 6 - Abu Dhabi,AUH,Pharmacy,,"Shabiya#10, Near to Joyalukas Jewelry, Musaffah, Abu Dhabi",0097125502429
Bin Sina New Pharmacy - AUH,AUH,Pharmacy,,Khalifa City,0097125562140
CLINIX PHARMACY (M17 INDUSTRIAL) ABU DHABI,AUH,Pharmacy,Mussafah,"SYED ALI LAHOOM BUILDING, MUSAFFAH M17 INDUSTRIAL, ABU DHABI",97125558611
Express Ghayathi Pharmacy - Abu Dhabi,AUH,Pharmacy,Western Region,Western Regio,0097128740121
Khyber Pharmacy LLC - Abu Dhabi,AUH,Pharmacy,,"Municipality Building, Sector 4, Baniyas West, Abu Dhabi",0097125836800
Medicina Alfalah Pharmacy - Abu Dhabi,AUH,Pharmacy,,"Al Falah Village 5, Village Centre Street, Al Falah Community, AUH ",0097125846880
Medicina Pharmacy - Branch 15,AUH,Pharmacy,,"P.O.Box: 34702
Abu Dhabi, UAE",0097124419287
Medstar Pharmacy (ICAD Res.) Mussafah - AUH,AUH,Pharmacy,,"ICAD Residential City, ICAD City 1, Mussafah, Abu Dhabi",97124066900
ADVANCED MEDICAL CENTRE (AL BUSTAN) AJMAN),AJM,Clinic,,"AL BUSTAN, FLAT NO 202, SECOND FLOOR CITY MART BUILDING AJMAN, UAE",0097167459969
Al Elaj Medical Centre - Ajman,AJM,Clinic,,"Ramilah R/A, Opp. Verona Resort, Union national bank Bldg., Ajman",0097167418880
Al Gharafa Medical Centre - Ajman,AJM,Clinic,,"Near Al Manama Hypermarket Above Al Ahlia Exchange Centre, Ajman",0097167448322
Golden Star Childrens Clinic (Al Rashidiya 2)- Ajman,AJM,Clinic,,"Ground Floor, Noor Building, Beside Ajman One Tower, Rashideya 3, Ajman. Tel No: 06-5544478",0097167422730
Ibtesam Medical Centre - Ajman,AJM,Clinic,,"Flat 101-103, Andalus 1 Building, Sheikh Khalifa, Rashidiya 3, Ajman",0097167312929
Medo Medical Centre - Ajman,AJM,Clinic,,"Shaikh Khailfa Bin Zayed Road, Al Badar Bldg., 1st Floor, Flat 101",0097165556303
Ajman Medical Center - Ajman,AJM,Clinic,,"Al Mobhat Roundabout, New Industrial Area, Al Zahra Building, Ajman",0097167430088
Al Bustan Medical Center (Jurf) Ajman,AJM,Clinic,,"Jurf Ajman, UAE Exchange Building, Near China Mall, Jurf, Ajman",0097167488202
Al Sanaiya Clinic - Ajman,AJM,Clinic,,"Opp Ajman Korea Furniture , Next to China Mall, Al Jurf, Ajman
",0097167484078
Huda Alalousi Specialized Medical Center LLC - Ajman,AJM,Clinic,,"Ajman, Al Zorah, Etihad Street, Flamingo Villa No. 41, Ajman",0097167487776
Al Dhuha Medical Centre (Al Rumaila 3)- Ajman,AJM,Clinic,,"Rumaila 3, Shaikh Rashid Bin Humaid Street, Opposite to Ajman One Tower, Ajman",0097167405633
Clinica Medical Center (Al Zora) Ajman,AJM,Clinic,," Villa 13, Flamingo Villas, Etihad Road, Al Zora ,P.O. Box: 666, Ajman, UAE",0097165619607
Al Nahrain Specialty Medical Center (Al Nuaimia 2) - Ajman,AJM,Clinic,,"Sky Tower Building, 6th Floor, Dheikh Khalifa Bin Zayed Road, Ajman",0097167449144
Al Rukn Medical Center (Al Rashidiya 3) Ajman,AJM,Clinic,,"1st Floor, Room#18, Building #3, Manr Al Amar, Opposite Al Hooth Supermarket,Ajman",0097167402209
First Aid Clinic (Al Jurf) Ajman,AJM,Clinic,,"Flat No. 106, 1st Floor, Near Oscar Grand Cellar, Behind China Mall, Al Jurf, Ajman",0097167446752
Metro Medical Centre - Ajman,AJM,Clinic,,"Al Nuaimiyah, Opp Ramada Hotel, Khalifa Bin Zayed St. Flat 3 ,4, 5 ,6 ,7 , Ajman",0097167469694
Al Nuaimia Clinic - Ajman,AJM,Clinic,,"Bagdad super market Building, New Sanaiya Industrial area, Near Sun city supermarket, Ajman",0097167432262
Right Health Clinic Jurf - Ajman,AJM,Clinic,,"Ajman, Al Jurf, UAE",0097167494969
Abdul Aziz Medical Centre LLC - Ajman,AJM,Clinic,,"Al Salam Building, Floor F, Office No. 5, Sheikh Maktoum Bin Rashid Street, Al Hamadiya, Ajman",0097167310722
Dear Health Medical Center (Rashidiya 3) Ajman,AJM,Clinic,,"1st Floor, Al Swan Tower, Sheikh Rashid Bin Humad St. Rashidiya 3 , Ajman",00971674713366
Modern Medical Centre (Industrial Area 3) - Ajman,AJM,Clinic,,"Tecton Building, Jeddah Street, Al Jurf Industrial Area 3, Ajman",0097167469695
National Clinic - Ajman,AJM,Clinic,,"New Sanaiya Industrial area, Near Lucky Roundabout and Lucky Supermarket,  Ajman
",0097167480780
Skin and Teeth Medical Center LLC - Ajman,AJM,Clinic,,"Flamingo Villa, Villa No. 37, Al Zorah, Ajman, UAE",0097167444560
Thiqa Dental Clinic (Al Rumaila 3) - Ajman,AJM,Clinic,,"Al Shorofa 1 Builing Office No. 108, Sh. Rashid Bin Humaid, Next to Nissan Showroom, Ajman
",0097167467020
Al Ain Medical Center- Ajman,AJM,Clinic,,"Hafiz Ibrahim Street Al Ain Market Building,Al humamiya, Ajman",0097167406661
Al Durra Dental Clinic (Liwara 2) Ajman,AJM,Clinic,,"Near Al Ahlyia Charity School, Liwara Bldg. Liwara 2, Ajman",09710505502165
Careplus Medical Center LLC - Ajman,AJM,Clinic,,"Flat No. 115, 1st Floor, KM Trading Building, Opposite to Lulu Hypermarket, Ajman, UAE",0097167473341
International Specialist Medical Centre - Ajman,AJM,Clinic,,"Kuwait Road, Along Naimiya Towers (In Front of Al Madina Pharmacy) Shafiq Rana Mohd Building, 1st Floor, Naimia, Ajman  Tel No: 06-7499516",0097167463400
LLH Specialist Medical Center ( Al Nuaimia 2)- Ajman,AJM,Clinic,,"Mariyam Tower, King Faisal Street, Al Nuaimia 2 , Ajman",0097167486747
SHIFA AL JAZEERAH MEDICAL CENTRE LLC (SANAYYA) AJMAN,AJM,Clinic,,"Near Nesto Hyper MArket New SAnyya, Ind, Area2, Ajman, UAE",0097167444830
Right Health Pharmacy Jurf - Ajman,AJM,Pharmacy,,"P.O. Box : 3484, Ajman, UAE",0097167494969
Right Health Pharmacy Jurf - Owned by Owner - One Person Co LLC - Ajman,AJM,Pharmacy,,"Shop No. 2, Jurf Industrial Zone2, Ajman",0097167404141
Al Bustan Pharmacy - Ajman,AJM,Pharmacy,,"Al Bustan Building, Opp Madina Police St.
P. O. Box: 12663
",0097167447969
Northern Al Ahliah Pharmacy,AJM,Pharmacy,,"AL WAKF BUILDING,GROUND FLOOR,BEHIND AJMAN GENERAL POST OFFICE & NBAD ",97167401876
Pharmacy Ahalia,AJM,Pharmacy,,"NEAR EMIRATES MARKET, ASYAD TOWER, AL ITTIHAD STREET  ",97167679587
AL SANAIYA PHARMACY ( Ind Area 1) AJMAN,AJM,Pharmacy,,"PO 3484 Shop No 8 & 9 ,Ground Floor ,Sheikh Ammar Bin Humaid Street ,Jurf  Ind Area 1
",97167404141
Hala Pharmacy Branch 01 (Ajman City Centre),AJM,Pharmacy,,"Unit No. 58, Gorund floor, Entrance D, Ajman City Centre, Ajman, UAE",0097145610000
Life Pharmacy (Al Ramila) Ajman ,AJM,Pharmacy,,"Shop No. 108, Al Manama Hypermarkets, Al Ramila, Ajman Road - Ajman",97167452188
Lulu Pharmacy - Ajman,AJM,Pharmacy,,"Lulu Hypermarket, Al Bustan, Ajman",0097167457771
Access Pharmacy - Ajman,AJM,Pharmacy,,"Haramain Souk,New Industrial Area, Near to Emirates Gas
",0097167462011
Grand Pharmacy (Sheikh Khalifa Bin Zayed St.) Ajman,AJM,Pharmacy,,"Spinneys, Dana Plaza, Near Spinneys, Sheikh Khalifa Bin Zayed St., Ajman, UAE",97167444840
New Grand Pharmacy (King Faisal Rd.) Ajman,AJM,Pharmacy,,"Marayem Building,King Faisal Road,Al Nuaiemiyah - Ajman",97167412588
Aster Pharmacy (Ajman Co-Op.) Ajman,AJM,Pharmacy,,"Ajman Co-Operative Society, Ajman, UAE",97167496363
Aster Pharmacy 159 (Rashidiya 3) Ajman,AJM,Pharmacy,,"Shop No. 5, Al Manar Tower, Corniche Road, Rashidiya 3, Ajman",0097167453226
New Sanaiya Pharmacy - Ajman,AJM,Pharmacy,,"Bagdad super market Building, New Sanaiya Industrial area, Near Sun city supermarket, Ajman email: newsanaiyagroup@yahoo.com
",0097167434034
Aster Pharmacy 154 (Rumaila 3) Ajman,AJM,Pharmacy,,"Al Aqar Tower 3, Shop No. 27, Ajman Corniche, Rumaila 3, Ajman",0097167314840
Aster Pharmacy 163 Br of Aster Pharmacies Group LLC - Ajman,AJM,Pharmacy,,"Shop No.7, Nesto Hypermarket, Al Imam Al Shafee Street, Hamidiya 1, Hamidiya, Ajman",97165461822
Hala Pharmacy Branch 49 (Rumaila) Ajman,AJM,Pharmacy,,"Unit No. Shop No. 3, Rumaila, Al Shorafa Tower 2, Ajman, UAE",009714561000
Medicina 29 Pharmacy - Ajman,AJM,Pharmacy,,"Ajman Union Coop., Near to tech group and holiday beach club, Al Rumailah, Ajman",0097167472207
Medicom 18 (Safeer Mall) Ajman,AJM,Pharmacy,,"Safeer Mall, Sheikh Khalifa Bin Zayed Street - Ajman",97167464665
Medicom Pharmacy 27 -  Ajman,AJM,Pharmacy,,"Shop No.1, Abdullah abu shihab Building, Sheikh kaleefa street
",0097167412013
Metro Pharmacy - Ajman,AJM,Pharmacy,,"Tecton Buildng, Jeddah street, Al Jurf Industrial Area 3, Ajman",0097164769664
Al Nuaimia Pharmacy - Ajman,AJM,Pharmacy,,"Ali Hameed Mohammed Kumaiti, Ground Floor, al Nuaimia street, Al Nuaimia, Ajman",0097167467871
Al Saqer Pharmacy - Ajman,AJM,Pharmacy,,"Musalla Souq,, Behind Al Ahalia Exchange Al Bustan, Ajman",0097167488329
Al Mansoor Medical Center - Dubai,DXB,Clinic,AL RAFFA,"Al Musalla Road, 101 Moosa Building, P.O. Box: 43136, Bur Dubai, Dubai
",0097143554040
ADVANCED CARE MEDICAL CENTER BRANCH -DIC,DXB,Clinic,,"""Souq No :4, Shop Number : 4 & 5,
Seihshoweb 4, Labour City 3,
Dubai Industrial City,
Dubai - UAE""
",97148786503
ADVANCED CARE MEDICAL CENTER LLC BRANCH (INDUSTRIAL AREA 1) DUBAI,DXB,Clinic,,"CROWN MALL, GROUND FLOOR, SHOP NO: 30, JEBAL ALI INDUSTRIAL AREA 1
",091743807807
Advanced Care Medical Center Branch (Muhaisnah 2) - Dubai,DXB,Clinic,MUHAISANAH SECOND,"Shop # 17, Ground Floor, Shaklan Hypermarket 2, 32A Street, Near Al Qusais Bus Station, Dubai",0097142636800
Al Amal Polyclinic - Dubai,DXB,Clinic,AL SATWA,"Behind Satwa Govt. Clinic, Opposite Emirates Bank,  Satwa, Dubai, UAE.",0097143329833
Blue Bell Medical Centre - Dubai,DXB,Clinic,,"Al Attar Business Centre, near karama Metro Station, Next to ADCB, Karama, Dubai",0097143426565
Jansons Stars Polyclinic - Dubai,DXB,Clinic,AL RAFFA,"Previously Known as Jansons Shaheen Polyclinic
Updated Dec12
P.O. Box 5868
Dubai, UAE
",0097143933280
Karama Medical Centre Br. Al Khail Gate (AL QUOZ ) - Dubai,DXB,Clinic,AL QOUZ SECOND,"New West Zone Mall, Al Khail Gate, Dubai",0097144533534
Noor Al Shefa Clinic (Jebel Ali Mall) - Dubai,DXB,Clinic,,"Jebel Ali Industrial Area, Near Parco Hypermarket, Inside Jebel Ali Mall, Dubai",0097148878155
Peshawar Medical Center (Arjan ) Dubai,DXB,Clinic,,Al Salam Building Al Barsha South Arjan PO Box 80418 Dubai UAE ,0097147700948
Zahrat Al Shefa Medical Centre LLC - Dubai,DXB,Clinic,MUHAISANAH SECOND,"Al Ghaith Building, Muhaisnah 2, Sonapur, Dubai   
Email- auditnascgroup@gmail.com; zahrat@nooralshefa.com",0097148878155
Advanced Care Medical Center (Al QUOZ) - Dubai,DXB,Clinic,AL QOUZ FOURTH,"P.O. Box: 283235
Near National Cement, Al Qouz 4
Dubai",0097143397664
Al Lubnani Medical Center LLC Dubai Branch,DXB,Clinic,,"605, Elite Business Tower, Al Barsha Dubai, 00971508806363",0097142288766
Al Mashaher Medical Centre - Dubai,DXB,Clinic,,"Muhaisnah 2, Sheikh Khalid Buildng, Street 24, Near UAE Exchange, Dubai",00971426633309
Al Sanaiya Medical Clinic (SONAPUR) - Dubai,DXB,Clinic,," Muhaisnah 2, Labor Camp Area, Near Baladiya Labor Camp - SONAPUR email: newsanaiyagroup@yahoo.com",0097142543500
Dr. Ismail Medical Center - Al Karama Dubai,DXB,Clinic,,"A4,first floor, Sheikh Mohammed Building, Al Karama
P.O.Box 6628, Dubai - UAE
",0097143378585
Houston Medical Clinic (Al Barsha) - Dubai,DXB,Clinic,AL BARSHA FIRST,"102 And 103, Elite Busnes Center, Al Barsha 1, Dubai P.O. Box: 50224",0097143850603
Kings Medical Center (Al Rigga) - Dubai,DXB,Clinic,,"Al Rigga, Ibis Hotel, Commercial Tower, 4002, Dubai",0097142552020
Medze Clinic (Deira) Dubai,DXB,Clinic,,"Al Mulla Building, Shop No. 1 & 2, Baniyas Street, Deira, Dubai",0097142380924
Mustafa Alqaysi Medical Center (Al Nahda 1) Dubai,DXB,Clinic,AL NAHDA FIRST,"Mai Tower Ground Floor, Amman Street, Al Nahda 1, Dubai, UAE",0097148868823
Oxygen Plus Medical Center LLC - Dubai,DXB,Clinic,,"Sheikh Zayed Road, Grand Sheraton Hotel, Dubai",0097143887088
QAMAR AL MADINA MEDICAL CENTER (AL QUOZ 4) DUBAI,DXB,Clinic,AL QOUZ FOURTH,"AL BONIAN BUILDING, OPPOSITE TO SHARAFUDEEN RESTAURANT,AL QOUZ 4,  LATIFA BINT HAMDAN STREET, DUBAI
",97143556643
Re Leaf Medical Centre (DIP 2) - Dubai,DXB,Clinic,,"Fakhree Centre LLC, Pason Hypermarket Building, 1st Floor, DIP 2
",0097148814918
Smile Essentials Dental Clinic (Al Karama) Dubai,DXB,Clinic,AL KARAMA,"Suit #314, Al Attar Shopping Mall, Next to Karama Center, Kuwait St. Al Karama, Dubai",0097142979464
Unicare Medical Center Br (Mankhool) - Dubai,DXB,Clinic,,"172 Mankhool Road, Al Hudaiba, Dubai PO Box: 49527
",0097143980880
Al Taif Medical Centre - Dubai,DXB,Clinic,NAIF,"P.O. Box: 22098
Opp. West Hotel, Naif Road, Deira, Dubai",0097142222383
Angel Wings Medical Center - Dubai,DXB,Clinic,AL BARSHA FIRST,"Unit 609, 6th Floor, Pinnacle Building, Sheikh Zayed Road, Al Barsha 1, Dubai email: awingsmc@gmail.com",0097143936211
Care Plus Medical Centre - Dubai,DXB,Clinic,,"Jebel Ali Industrial Area 1, P.O. Box 95900, Dubai, UAE_x000D_
",0097148829333
Dr. Reena Beegum Clinic - Dubai,DXB,Clinic,NAIF,"P. O. Box: 251600, NAIF, Snow White Building, Mezzanine Floor Omar Bin Al-Khattab Rd Fish Round About
Dubai, UAE",0097142240060
Emirates Star Medical Centre Branch (JAFZA)- Dubai,DXB,Clinic,,"Jafza North Next to Village Hypermarket, Dubai",0097145904924
GSM Medical Centre LLC - Dubai,DXB,Clinic,,"Euroepan Business Center, Ground Floor G29, Opposite Greens Community, DIP-1, Dubai",0097148831002
HMC Medical Center (Motor City) - Dubai,DXB,Clinic,,"G03, Detroit House, Blue Mart Super Market, Motor City, Dubai",0097145668336
Karama Medical Center Br - (JVC) Dubai,DXB,Clinic,,"No. 4 Bldg M1, AMSA Jumeirah Village Circle, Dubai",0097144229867
Miracure Medical Centre LLC - Dubai,DXB,Clinic,,"Office No. 1-4, First Floor, Rashid Buset Building, Ras al Khor 2, Dubai",0097143202500
Multi Care Medical Centre (Liwaan) Dubai,DXB,Clinic,,"Binghatti Building, Queue Point, Liwaan, Dubai",0097145786713
Al Azhar Clinic - (DIP) Branch 2 - Dubai,DXB,Clinic,,"Parsons S/M Building, DIP 2, Dubai email: newsanaiyagroup@yahoo.com",0097148895306
Al Shifa Al Khaleeji Medical Centre LLC Branch - Dubai,DXB,Clinic,,"Bayan Business Centre, DIP 1, Dubai, UAE",0097148800920
Doctors Clinic - Dubai,DXB,Clinic,AL RIGGA,"ddress: Office # 206, 2nd Floor, Al Owais Building, Baniyas Road, Al Nasser Square, Deira, Dubai         
 Landmark: Opposite Landmark Hotel Zip Code: 39031
",0097142246688
Dr. Ismail Medical Centre - Al Quoz - Dubai,DXB,Clinic,,"BEhind Ola Al Madina Super Market, AL Quoz, Dubai",0097143381550
Dr. Ismail New Polyclinic- Discovery Garden - Dubai,DXB,Clinic,,"DG,Zen-02 Cluster, Building 12 Shop 2,8,9, Grand Midwest hotel ,Discovery Garden, Jebel Ali",0097144494087
Dr. Ismail Polyclinic Branch - Jebel Ind2 - Dubai,DXB,Clinic,,"AWQAF BULD, FIRST FLOOR, NEAR PRACO AREA, JEBAL IND- 2, DUBAI",0097148877750
DR. ISMAIL POLYCLINIC MALL BR(JEBAL ALI 1ST) DUBAI,DXB,Clinic,JABAL ALI FIRST,"JEBAL ALI GATE MALL, SHOP-22	JEBAL ALI INDESTRIAL FIRST, DUBAI
",97143474537
Dr. Ismail day Surgical Centre (Al Karama) Dubai,DXB,Clinic,,"Behind Lulu Hypermarket, Next Etislat Office, 41 Street, Al Karama, Dubai",0097143962533
Dr. Reena Beegum Clinic (JAFZA) - Dubai,DXB,Clinic,,"1st Floor, Nesto Hypermarket, New West Accommodation, Jabal Ali Free Zone, Dubai",0097148808856
Dulsco Medical Clinic (Al Qouz 4) - Dubai,DXB,Clinic,AL QOUZ FOURTH,"Al Qouz Industrial area 4, in Dulsco Village  cherryl.abawag@dulsco.ae; mubarak.kozhikkal@dulsco.ae",0097143232442
Dulsco Medical Clinic Branch (DIC) - Dubai,DXB,Clinic,,"Sheikh Mohammed Bin Zayed Road, Labor Village 1, Industrial City, Dubai email: clinic@duslco.ae",0097144219354
Front Line Medical Center LLC - Dubai,DXB,Clinic,,"106, B Block, Al Attar Centre, Karama, Opp. Spinneys, Above Chappan Bhog Restaurant , Dubai",0097143979702
Houston Medical Clinic (Al Quoz 3) Dubai,DXB,Clinic,,"Office No. 101, RNA Resource Building, Al Quoz 3, Dubai",0097143850603
Medilife Polyclinic LLC - Dubai,DXB,Clinic,AL QOUZ FOURTH,"Al Ameed Mall, Al Qouz 4, Dubai",0097143219550
New Emirates Medical Centre (Deira) Dubai,DXB,Clinic,AL MURAQQABAT,"Building 684, Al Hawai Trading, 2nd Floor 202, AL MURAQQABAT, Dubai",0097142283555
Noor Al Shefa Clinic (Ras Al Khor) - Dubai,DXB,Clinic,,"Union Co-op Bldg., Near Fruits and Vegetable Market, Ras Al Khor, Al Aweer, Dubai",0097143886601
Noor Al Shefa Clinic Br1 (Al Quoz) - Dubai,DXB,Clinic,AL QOUZ THIRD,"Room No:107, Al Ghurair Int'l Exchange Building, Al Quoz, Industrial Area 3, Opposite  KFC Accommodation, Al Rustamani Road, Dubai    Alt Email - nascdubai2015@gmail.com
",0097143807636
Noor Al Shefa Clinic Br3 (JAFZA South) - Dubai,DXB,Clinic,,"Jafza Mall, Jafza South, Jebel ali Free Zone, Dubai
",0097148817530
Primacare Specialty Clinics Branch - Dubai,DXB,Clinic,MANKHOOL,"MEZZANINE FLOOR, MUSALLA TOWER, KHALID BIN AL WALEED ROAD, AL HAMRIYA, NEAR SHARAF DG METRO STATION, DUBAI",0097143966123
Sirajudeen Medical Centre - Dubai,DXB,Clinic,,"Jumbo Sony Building, Karama, Dubai P.O.Box: 2696",0097143345955
Lifeguard General Clinic LLC (Jebal Ali),DXB,Clinic,,"SHOP # 8 , AL MEDINA SUPERMARKET COMPLEX
70 STREET JEBAL ALI INDUSTRIAL AREA
",97145806451
Advanced Care Oncology Center (Jebel Ali Village) Dubai,DXB,Clinic,,"Al Furjan, Jabel Ali 1, Dubai, UAE",0097145656300
Al Azhar Clinic Branch - Dubai,DXB,Clinic,,"12 Al Aradhi Al Alya Foodstuff Trading LLC, Jebel Ali Industrial Area 1, Near Nesto & Parco Supermarket, Dubai email: newsanaiyagroup@yahoo.com",0097148800545
Al Murjan Medical Center (Al Quoz) - Dubai,DXB,Clinic,AL QOUZ THIRD,"102, Burshid Building,Nissan Showroom,Noor Islamic Metro Station, Dubai",0097143395575
Anaya Medical Center - Dubai,DXB,Clinic,AL QOUZE IND.THIRD,"Farnek Building, Al Quoz Industry 3, Dubai",0097143441615
Dr. Ismail Medical Centre - Muhaisanah,DXB,Clinic,MUHAISANAH SECOND,Muhaisanah,0097142646529
Karama Medical Centre Br - Al Quoz,DXB,Clinic,AL QOUZ FOURTH,"Al Quoz Industrial Area 4
P. O. Box: 52001",0097143413645
MAGNUM CLINIC FZE-DUBAI,DXB,Clinic,,"201&216, SIT Tower, Dubai Silicon Oasis, Dubai email: rashidbjw@gmail.com",0097143973738
New Al Musalla Medical Centre (Muhaisnah 2) - Dubai,DXB,Clinic,,"UAE Exchange & Shakalan 2 Super Market Building, Muhaisnah 2, Sonapur, Dubai email: musallainsurance@gmail.com",0097142641449
Noor Al Shefa Clinic Br4 (JAFZA West) - Dubai,DXB,Clinic,,"107, 1st Floor, Meena Retail Free Zone Building, Opp. Village Hyper Market, Near Gate No. 7, JAFZA West accomodation area, Dubai email: nascjafza4@nooralshefa.com
",0097148844666
Al Shifa International Clinic (Jebel Ali 1) Dubai,DXB,Clinic,,"Shop 2, Khalid Jamal,
Jebel Ali Commercial Building,
Near Joseph Advertisement,
Parco - Jebel Ali, Dubai",0097148800878
Apple International Poly Clinic (International City- Greece)- Dubai,DXB,Clinic,,"Greece K-14, International City, Dubai",0097142776211
Karama Medical Centre (Karama) - Dubai,DXB,Clinic,AL KARAMA,"Sony Showroom Building, Karama area
P.O.Box 52001
Dubai, UAE
",0097143366889
Karama Medical Centre - DIP Branch,DXB,Clinic,DUBAI INVESTMENT PARK FIRST,"1st Floor Park Shopping Copmlex, DIP, Dubai",0097148858538
Karama Medical Centre Br Muhaisnah - Dubai,DXB,Clinic,MUHAISANAH SECOND,"Jiwin Staff Accomodation, Opp Dubai Municipality, Muhaisnah 2, Sonapur, Dubai",0097142630341
Klinika Maharlika LLC - Dubai,DXB,Clinic,,"18th Floor, Al Hana Center, Al Jaffliya Satwa, Dubai",0097143855333
Multi Care Medical Centre (Al Quoz)- Dubai,DXB,Clinic,,"Al Khail Gate Community Center, Near Blue Mart Hyper Market, Dubai",009714245863
New Apollo Polyclinic - Dubai,DXB,Clinic,,"Suite No. 101, Karama Centre, Karama, Dubai",0097143379040
Yasmin Shifa Dental Clinic (Damascus St) Dubai,DXB,Clinic,,"6th Floor, Al Qusais Plaza, Damascus Street, Dubai, UAE",0097142638393
Karama Medical Centre (Burjuman 247) Dubai,DXB,Clinic,,"Al Yateem Bldg. Shop No. ! & 2, Near Burjuman Metro Station, Dubai",0097143533008
Al Sanaiya Medical Clinic Br (Al Quoz) - Dubai,DXB,Clinic,AL QOUZ FOURTH,"Al Quoz Industrial Area 4, Near Al Madina Supermarket, Dubai email: newsanaiyagroup@yahoo.com
",0097143407548
Anaya Medical Center LLC Branch - Dubai,DXB,Clinic,JABAL ALI FIRST,"Shop # 18, Crystal Mall, Jebel Ali 1, Dubai",0097142341479
Apple Clinic (International City - France) - Dubai,DXB,Clinic,,"International City
France Cluster
Bldg # 96
P. O. Box: 78601",0097144227533
Bright Life Medical Center (DIP 2) Dubai,DXB,Clinic,DUBAI INVESTMENT PARK SECOND,"1st Floor Pason's Hypermarket, Above Landmark Bldg. Dubai Investment PArk 2, Dubai",0097148833000
Cosmopolitan Medical Centre - Dubai,DXB,Clinic,,"Mashreq Bank Bldg, Al Khor, Bur Dubai (Prev. Al Baraka Polyclinic)
P.O.Box : 45099
",0097143257457
Emirates Star Medical Centre - Dubai,DXB,Clinic,,"P.O.Box 96968_x000D_
AL Quoz_x000D_
Dubai, UAE",0097143468861
Grand Infinity Medical Center -Branch (Jebel Ali) - Dubai,DXB,Clinic,,"Building No. 26 E1-01, Hessayan 2nd, Jebel Ali, Dubai",0097142621791
Live Care Clinic LLC - Dubai,DXB,Clinic,,"13th Street, 1st Floor, Shoppers Mall, Jebel Ali Industrial Area 1, Dubai",0097148848848
Max Medical Clinic - Dubai,DXB,Clinic,,"Saih Shuaib 3, Dubai Industrial City, Dubai",0097148748355
Muhaisna Specialist Medical Centre ,DXB,Clinic,,"Sonapur
P. O. Box: 45491",0097142644155
NMC Polyclinic (DP World - JAFZA) - Dubai,DXB,Clinic,MENA JABAL ALI,"DP World Clinic, Jebel Ali Free Zone, Dubai",0097148896399
GREEN CITY MEDICAL CENTER (AL QOUZ FOURTH) DUBAI,DXB,Clinic,AL QOUZ FOURTH,"Oberoi Building, Al Quoz 4, Dubai",0097143333450
New Sanaiya Clinic (DIP) - Dubai,DXB,Clinic,DUBAI INVESTMENT PARK FIRST,"DIP, Dubai email : newsanaiyagroup@yahoo.com",0097143791311
New Sanaiya Clinic - Br Hor Al Anz - Dubai,DXB,Clinic,,"Ali Mesmar Building, Hor Al Anz, Dubai email: newsanaiyagroup@yahoo.com ",0097142681333
New Sanaiya Clinic - Dubai,DXB,Clinic,,"Muhaisnah 2, Labor Accomodation Area, Al Abbar Complex, Near Madina Supermarket - SONAPUR  alternate email: newsanaiyaclinic@gmail.com
",0097142648101
Paradise Plus Poly Clinic (DIP 2) DUBAI,DXB,Clinic,,"ALYALAIS STREET, SHOP NO-8, ABOVE ALMAYA SUPER MARKET, DIP 2, DUBAI",0097148848270
Vida Clinics Branch (Muhaisnah 2) Dubai,DXB,Clinic,MUHAISANAH SECOND,"Al Madina Hypermarket (Mango Market 2) Muhaisnah 2, Shop 8,9,10, Dubai",0097143283333
AL AZHAR CLINIC LLC 4,DXB,Clinic,,"""Building Name: XPO Mall 
 Street Name: MADINAT HYPERMARKET Apartment/Villa Number: 10
Area Name: Jebel Ali Industrial-3""
",0097148806616
Ash Tree Clinic (Bur) Dubai,DXB,Clinic,,"Al Balooch Bldg. Shop # 1 & 2, Al Raffa Police Station, Bur, Dubai",0097143337633
Advanced Care Medical Center Branch (DIP) - Dubai,DXB,Clinic,DUBAI INVESTMENT PARK SECOND,"DIP, Dubai, P.O Box: 283235,
",0097148850788
Al Azhar Clinic - Dubai,DXB,Clinic,,"Ali Mesmar Shopping Mall, Behind Ramla Supermarket, Dubai Investment Park (DIP) Labor Accomodation Area, Dubai email: newsanaiyagroup@yahoo.com
",0097148859596
Al Hana Medical Center (Satwa) Dubai,DXB,Clinic,,"Satwa Home Building, Behind Satwa Municipality Spring Super Market, Satwa, Dubai",0097143491488
Al Munira Clinic - Dubai,DXB,Clinic,AL RAFFA,"Al Munira Clinic
Opposite Dubai Marine Hotel
P.O. Box 51561
Dubai, UAE",0097143522813
Al Quoz City Star Polyclinic (Al QUOZ) - Dubai,DXB,Clinic,AL QOUZ FOURTH,"P.O. Box: 241274, Al Quoz, Opp. Al Madinah Supermarket, Dubai email: insurance.dmdc2015@gmail.com",0097143285130
Al Shifa Al Khaleeji Medical Center - Dubai,DXB,Clinic,AL KHABAISI,"Shifa Al Khallej Medical Center
Al Khaymah Building
PO 86930
Dubai, UAE",0097142940786
Cosmopolitan Medical Centre Br.  -Al Mamzar - Dubai ),DXB,Clinic,,"Abuhak, Hor Al Anz East, Dubai
P.O. Box: 21866
Dubai",0097142687272
Karama Medical Center Al Quoz Mall Br - Dubai,DXB,Clinic,AL QOUZ THIRD,"BUILDING NAME : AL  QOUZ MALL , UNIT/ VILLA NO.  SHOP NO 27, 28 ,31, 32 . MAKANI NUMBER : 2075479749

",00971043306040
Khalidha Medical Centre - Dubai,DXB,Clinic,,"1st Floor, Office 103 &104, Shehar-E-Karachi Restaurant Bldg., Latifah Bint Hamdan St., Al Quoz Industrial Area -3, Dubai
",0097143381947
Ruby Clinic - Dubai,DXB,Clinic,,"China Cluster H-6, International City, Dubai email: newsanaiyagroup@yahoo.com
",0097144226899
Toronto Medical Center (Al Qouz 3) - Dubai,DXB,Clinic,,"Al Qouz 3, Near Al Khail Mall Adeem Building Office 101",0097142638093
Vida Clinics (Al Raffa) - Dubai,DXB,Clinic,AL RAFFA,"39B, Mezzanine Floor, Al Rais Shopping Center, Rolla Street, Burdubai, Dubai",0097143252525
ADVANCED CARE MEDICAL CENTER BRANCH - AL QUOZ 2,DXB,Clinic,AL QOUZ SECOND,"PASON'S SUPERMARKET BUILDING, BEHIND JOTUN PAINT FACTORY, AL QUOZ 2",97142355200
Grand Infinity Medical Center - Dubai,DXB,Clinic,MUHAISANAH FOURTH,"Muhaisnah 4, Mohaisna New Bldg., Dubai",0097142515458
Care and Cure Medical Center - Dubai,DXB,Clinic,,"Office No - 101 & 102 , Po.Box No - 392676, Eiffel Accommodation-2 BLDG, Opp: Belhasa Driving School , Near Al Khail Mall, Alquoz-3 , Dubai , U.A.E.",97143399162
KIMS Medical Centre - Dubai,DXB,Clinic,,"Next to Abu Bakar Al Seddique Metro Station, Al Dosari Bldg, Ground Floor, Deira, Dubai PO.Box: 82909,",0097142624500
Minerva Diagnostic Laboratory (Karama) Dubai,DXB,Diagnostics,AL KARAMA,"M-13, Umm Hurair Building, Al Zabeel Road, Karama, Dubai, UAE",97143343727
Advanced Diagnostic Center - Dubai,DXB,Diagnostics,AL MURAQQABAT,"418 Hamarain Shopping Center, Al Muraqabat Abu Bakar Al Siddiq Street, Deira, Dubai email: insurance@adcenter.ae",0097143203883
Eastern Clinical Laboratories - Dubai,DXB,Diagnostics,,"Elite Business Center, 105 First Floor, Opp. Lulu Hypermarket,
Al Barsha 1",0097143255730
Al Borg Laboratory - Dubai,DXB,Diagnostics,AL MURAQQABAT,"Century Building 21, Abu Baker Al Siddique Road, Next to Hamarain Centre, Al Muraqqabat, Deira, Dubai, Toll Free: 800252674",0097142977780
Emirates Specialized laboratory - Dubai,DXB,Diagnostics,,"Al Wasal, Jumeirah, Dubai",0097143486645
Airis Imaging and Diagnostic Centre LLC -  Dubai,DXB,Diagnostics,,"Al Nahda 1, Opposite NMC Speciality Hospital, Al Shamsi Building, Near Mega Mart Supermarket, Dubai",0097148525916
DHA - Hatta Hospital,DXB,Hospital,,"04-2197000  RCM_MEIbrahim@dha.gov.ae
",00971448147000
Live Care Pharmacy LLC - Dubai,DXB,Pharmacy,,"Shoppers Mall, Jebel Ali, Dubai",0097148845562
Advanced Care Pharmacy- Dubai,DXB,Pharmacy,,"P.O. Box: 283166_x000D_
Near National Paints, Al qouz 3_x000D_
Dubai, UAE",0097143307120
Nova Advanced Care Pharmacy LLC - Dubai,DXB,Pharmacy,MUHAISANAH SECOND,"Shop # 17, Ground Floor, Shaklan Hypermarket 2, 32A Street, Near Al Qusais Bus Station, Dubai",0097142638227
Fajr Al Madina Pharmacy - Dubai,DXB,Pharmacy,,"Farnek Building, Al Quoz Industry 3, Dubai",0097143410401
Gate Better Life Pharmacy - Dubai,DXB,Pharmacy,,"Shop 1&2, New West Zone Mall, Al Khail Gate, Dubai",0097145586281
Al Manzil Pharmacy - Dubai,DXB,Pharmacy,,"Royal Parco S/M, DIP2, Dubai email: newsanaiyagroup@yahoo.com",0097148841441
Jumeira Better Life Pharmacy -  Dubai,DXB,Pharmacy,,"Jumeira Village Circle
Shop no. 5, Bldg. M1
Amsa, Jumeira VIllage
",0097144472086
Royal Ruby Pharmacy - Dubai,DXB,Pharmacy,,"Hassan Ali Ali Bhai Building, New Industrial Area # 3- Al Quoz, Dubai email: newsanaiyagroup@yahoo.com ",0097143791121
Muhaisna Star Pharmacy-DXB,DXB,Pharmacy,,PO. Box 45491,0097142644034
Burjeel Al Hayyat Pharmacy (Jebel Ali 1)Dubai,DXB,Pharmacy,,"Omran Camp, Hessyan Second Jabel Ali, Dubai",0097143519119
Zahrat Al Noor Pharmacy (DIP 2) Dubai,DXB,Pharmacy,DUBAI INVESTMENT PARK SECOND,"1st Floor Pason's Hypermarket Above Landmark Restaurant, Dubai Investment Park 2, Dubai",0097148814111
BASMAT AL IFRAH PHARMACY LLC-DUBAI,DXB,Pharmacy,AL BARSHA SOUTH FIRST,"AL SALAM BLDG. ARJAN, DUBAI
",97147700948
NEW ADVANCED CARE PHARMACY LLC,DXB,Pharmacy,,"""Souq No :4, Shop Number : 3,
Seihshoweb 4, Labour City 2,
Dubai Industrial City,
Dubai - UAE""
",97148786503
Advanced Care Plus Pharmacy - Dubai,DXB,Pharmacy,,"P.O. Box: 282576, Jebel Ali Free Zone
",0097148829700
Advanced Star Pharmacy - Dubai,DXB,Pharmacy,,"P.O. Box: 95900,
Dubai",0097148851154
Dulsco Pharmacy - Dubai,DXB,Pharmacy,,"Sheikh Mohammed Bin Zayed Road, Labor Village 1, Industrial City, Dubai email: clinic@duslco.ae",00097144216584
Dulsco Pharmacy (Br of Dulsco LLC) - Dubai,DXB,Pharmacy,,"Dulsco Village, Al Quoz Industrial Area 4, Dubai, UAE",0097143232442
QAMAR AL MADINA PHARMACY (AL QUOZ 4) DUBAI,DXB,Pharmacy,AL QOUZ FOURTH,"Al Bonian Building, Opposite Sharafudeen Restaurant, AL QOUZ FOURTH, Dubai",97143556643
Smile Pharmacy (Sonapur) Dubai,DXB,Pharmacy,,"G Floor, Al Abbar building, Near Feorz Talal Supermarket & Al naboodah camp, Muhaisinah-2 (Sonapur), Al Qusais, Dubai",97142643567
New Smile Pharmacy - Al Quoz 2 Dubai,DXB,Pharmacy,,"Al Quoz 2, Dubai
",0097143381330
Hill Life Pharmacy LLC - Dubai,DXB,Pharmacy,,"41 Street, Wasl Hub Building. Dubai",0097143232286
Hafsa Pharmacy - Dubai,DXB,Pharmacy,,"ZEN 03 CLuster,Building 12 Shop, Shop 8, Discovery Garden Jebel Ali_x000D_
",0097144494089
Grand Infinity Pharmacy - Dubai,DXB,Pharmacy,MUHAISANAH FOURTH,"Shop #4, Ground Floor, Al Qasser Building, Beirut Street, Muhaisnah 4, Near Al Madina, Dubai  alt tel no: 04-2155775",0097142515458
Grand Infinity Pharmacy (Jebel Ali) - Dubai,DXB,Pharmacy,,"Building No.26 E1-01, Hessyan 2ND Jebel Ali Dubai",0097142621791
Musalla Sonapoor Pharmacy - Dubai,DXB,Pharmacy,,"Awlaf Building, Muhaisnah 2,Sonapoor, Dubai",0097142544461
Al Azhar Al Jadeeda Pharmacy - Dubai,DXB,Pharmacy,JABAL ALI INDUSTRIAL FIRST,"Near Nesto & Parco Supermarket, Jebel Ali Industrial Area 1, Dubai email: newsanaiyagroup@yahoo.com",0097148800703
Al Azhar Pharmacy - Dubai,DXB,Pharmacy,,"Shop 4, Ali Mesmar Complex, Behind Ramla Supermarket, Dubai Investment Park (DIP) email: newsanaiyagroup@yahoo.com",0097148859598
JEBAL ALI ADVANCED CARE PHARMACY LLC (INDUSTRIAL AREA 1) DUBAI,DXB,Pharmacy,,"CROWN MALL, GROUND FLOOR, SHOP NO: 26, JEBAL ALI INDUSTRIAL AREA 1
",97145693777
Fajr Al Madina Pharmacy LLC Branch - Dubai,DXB,Pharmacy,,"Jabel Ali 1, Dubai",0097142974494
New Better Life Pharmacy - Dubai,DXB,Pharmacy,,"BUIDLING NAME-AL QOUZ MALL , SHOP NO 26 , MAKANI NO-2075479749

",00971043423448
New Sanaiya Pharmacy - Dubai,DXB,Pharmacy,,"Muhaisnah 2, Al Abbar Complex,  Near Madina Supermarket - SONAPUR, Dubai
",0097142648202
Ruby Pharmacy - Dubai,DXB,Pharmacy,,"China Cluster H-6, International City, Dubai email: newsanaiyagroup@yahoo.com",0097144226899
Al Rayan Pharmacy (Al Karama) - Dubai,DXB,Pharmacy,,"Shop 13, Ground Floor, Star of Karama Bldg., Street 16, Al Karama, Dubai",0097143347476
Al Sanaiya Pharmacy - Dubai,DXB,Pharmacy,," Muhaisnah 2, Labor Accomodation Area, Bel Rasheed Complex, Near Baladiya Camp - SONAPUR",0097142543500
Zahrat Al Shefa Pharmacy LLC - Dubai,DXB,Pharmacy,MUHAISANAH SECOND,"Al Ghaith Building, Muhaisnah 2, Sonapur, Dubai",0097148878155
West Hill Pharmacy - Dubai,DXB,Pharmacy,,"West Hill Pharmacy_x000D_
P.O.Box 6628_x000D_
Dubai- UAE",0097143377131
East Hill Pharmacy - Dubai,DXB,Pharmacy,,"Awqaf Building, Ground Floor Shop 1, Parco Area_x000D_
Jebel Ali Industrial Area 2",0097148877752
Primacare Pharmacy - Dubai,DXB,Pharmacy,MANKHOOL,"Mezzanine Floor, 240 Al Musalla Tower/ Mall, Bank Street, Khalid Bin Al Waleed Road, Al Hamriya Area, Dubai",0097143966123
800 Pharmacy - Dubai,DXB,Pharmacy,,"Marina Towers, Near Spinneys, Marina Walk, Dubai

",0097143663410
Al Juma Pharmacy - Dubai,DXB,Pharmacy,,"Opp. To Lulu centre - Karama
PO Box 50585
Dubai, UAE",0097143348981
Al Manara Pharmacy - Dubai,DXB,Pharmacy,,"Al Maktoum Street_x000D_
P.O.Box: 13335_x000D_
Dubai, UAE",0097142222032
Al Manara Pharmacy Alsufouh - Dubai,DXB,Pharmacy,,"Sufouh Street, Elite Residence_x000D_
P.O. Box: 181513, Dubai",0097142779361
Al Musalla Pharmacy - Dubai,DXB,Pharmacy,UMM SUQEIM FIRST,"Kharbash Building, Jumeriah Road, Umm Suqem 1, Dubai, UAE",0097143284548
Aster Healthcare Hypermarket  - DXB,DXB,Pharmacy,,"Al Raffa Building , Opp Aster Hospital , Mankhool Road, Mankool,  Burdubai, Dubai",0097143399523
Aster Pharmacy 101 - Dubai,DXB,Pharmacy,,"AQU Building, Al Qusais1, Sheikh colony, Near to DAFZA metro Station
",0097142382342
Aster Pharmacy 104 - Dubai,DXB,Pharmacy,,"Building-L-11, Shop No.2, Greece Cluster, International city,Near Thomsun Super Market
",0097142775973
Aster Pharmacy 114 - Dubai,DXB,Pharmacy,,"Shop No 12 & 13,Aswaq  Mall, Al Barsha South 1, Al Barsha
",0097143851455
Aster Pharmacy 130 - Dubai,DXB,Pharmacy,,"Ground Floor , Duja Tower, Trade Center First, Next to Sheraton grand hotel, Sheik Zayed Road, Dubai
",0097143866768
Aster Pharmacy 145 - DXB,DXB,Pharmacy,,"Shop no: 1, Al Waleed Building. Opp. Union Medical Centre, Iranian School Road, Karama, Dubai",0097143547745
Aster Pharmacy 152 - Dubai,DXB,Pharmacy,,"Food Court 3,Commercial Center, Jebel Ali Free Zone South, Near Access Clinic JAFZA, Dubai	
",0097148809102
Aster Pharmacy 155 (Deira) - Dubai,DXB,Pharmacy,,"Ground Floor, Business Centre, Al Rigga, Dubai",0097142280204
Aster Pharmacy 157 - Dubai,DXB,Pharmacy,AL WASL,"R-531-A, Dar Al Wasl Building, Al Wasl Road, Near Safa, Dubai
",0097143867820
Docib Pharmacy - Dubai,DXB,Pharmacy,,"Desert Home Building, Oud Metha, Dubai Near Shk Rashid Hospital",0097143962270
Dragon Mart Pharmacy - Dubai ,DXB,Pharmacy,,"Dragon Mart Main Entrance
",0097143334133
Elaj Pharmacy - Dubai ,DXB,Pharmacy,,"P.O. Box: 71246
Dubai, UAE",0097142683377
Fawagee Scient. Pharm.-DXB,DXB,Pharmacy,,"P.O. Box: 71246
Dubai, UAE",0097142881800
Golden Sands Pharmacy - Dubai,DXB,Pharmacy,,"Al Ain centre - Bur dubai
P.O.Box 5585 
Dubai, UAE",0097143511444
Hala Pharmacy 16 - Dubai,DXB,Pharmacy,,"Shop # S01,Bildg # N07,Persia Cluster, Internl City, Dubai UAE
",0097144306947
Health First Pharmacy 37 - Dubai,DXB,Pharmacy,,"Mediterranean Building, Canal Residence West,Hessa Street,Dubai Sports City,Dubai
",0097143606023
Ibn Sina Group Pharmacies (L.L.) BR 32- Dubai ,DXB,Pharmacy,,"Ibn  Batuta Mall
P.O. Box: 11245",0097142116666
Life Al Mizhar First (Br of Life Pharmacy LLC) - Dubai,DXB,Pharmacy,AL MIZHAR FIRST,"Unit no. 2630, Arabian Center, Al Mizhar, Dubai",0097142360046
Life Al Qusais Pharmacy - DXB,DXB,Pharmacy,,"Near Icare Clinic,Al Huraiz Building, Damascus Street, Dubai",0097142633318
Life Al Shab Pharmacy - Dubai,DXB,Pharmacy,,"Shop 1 & 2, Plot # 127-0422, Malik Building, Al Shaab Colony, Hor Al Anz, Dubai
",0097143205629
Life Express Pharmacy - Dubai ,DXB,Pharmacy,,"Near Welcare Hospital Al Garhoud , Dubai, Al Mamzar area
",0097142833422
Life Pharmacy 16 ( Marsa) Dubai,DXB,Pharmacy,,"Unit No. R-18, ground Floor, Bluewaters Residences 8, Marsa, Dubai",0097145610000
Life Pharmacy 5 - Dubai,DXB,Pharmacy,,"Shop#AT040A,First Floor, Dubai Festival City Mall, Dubai	 email: insurance@life-me.com
",0097145610000
Life Pharmacy Damascus (Al Qusais) Dubai,DXB,Pharmacy,,"Shop No. 1, Next to Al Kabayl Center, Al Qusais 2 Bldg., Damascus St. Al Qusais, Dubai, UAE",0097145610000
Lulu Barsha Pharmacy - Dubai,DXB,Pharmacy,,"Lulu Hypermarket, Al Barsha, Dubai Near Mall of the emirates",0097143418828
MEDICOM PHARMACY 11 - NEW FLAME  PHARMACY - DUBAI,DXB,Pharmacy,,"Opp. Al Towar Centre, Al Qusais, Dubai
",0097142611551
Marina Pharmacy Gate (Sheikh Zayed Road) Dubai,DXB,Pharmacy,,"P.O. Box: 72640
Shop # 15, The Gate Building, Ground Floor, Dubai",0097144227914
Marina Pharmacy Golden Mile 1 - Dubai,DXB,Pharmacy,,"Golden Mile One Building, GoIden Mile Souq, Palm Jumeirah, Dubai
accounts@marinapharmacy.com/insurance@marinapharmacy.com
",0097144549550
Marina View Pharmacy - Dubai ,DXB,Pharmacy,,"Dubai Marina,Marina heights Building, Dubai
",0097144479780
Marsa Life Pharmacy - Dubai ,DXB,Pharmacy,,"Shop#7, Al Marsa Marina, MAG 218, Dubai Marina, Dubai. Alt email: insurance@life-me.com",0097144298431
Medicina 1 Pharmacy - Dubai,DXB,Pharmacy,,"Al Maktoum Steet, Wasl District Souq, Dubai PO Box: 31225",0097142943248
Medilife Pharmacy - Dubai ,DXB,Pharmacy,,"Shop #1, Choithram Bldg, Plot B/1416, Opp Safa Park, Al Wasl Dubai
",0097143237223
Najmat Al Shams Pharmacy (Dubai Land Residence) - Dubai,DXB,Pharmacy,,"Dubai Land Residence Abidos Hotel Apartment, Dubai",0097145221453
New Al Hadiqa Pharmacy - Dubai,DXB,Pharmacy,,"Jumeirah, Wasl Square, Jumeirah 
",0097143791553
New Al Kanz Pharmacy Br JLT Lakeshore,DXB,Pharmacy,,"Lakeshore Tower ( Bojwani), JLT,Dubai Cluster Y ,Dubai email: insurance@life-me.com",0097145521649
New Ibn Sina Pharmacy - Dubai,DXB,Pharmacy,,"Alphamed_x000D_
New Ibn Sina Pharmcy_x000D_
P.O.Box 11245_x000D_
Dubai-UAE",0097142954367
Nice Life Pharmacy - Dubai,DXB,Pharmacy,,"Ground Floor, Shop No:AG 12, Al Hudaiba Awards Building ,Block A, 2nd December Street, Jumeirah 1, Dubai",97145467076
Noor Al Iman Pharmacy - Dubai ,DXB,Pharmacy,,"Shop 1, Plot # 356-257, Jumeirah 3, Dubai
",0097143790110
Palmstrip Pharmacy - Dubai,DXB,Pharmacy,,"Palmstrip Mall Building Jumeirah Beach Road Area, Dubai.

",009713862335
Real 7 Pharmacy DMCC Branch - Dubai,DXB,Pharmacy,AL THANYAH FIFTH,"Shop PL-7, Lake Terrace, Cluster D, Jumeirah Lakes Towers, Dubai		
	
",0097142428798
Real Pharmacy - Dubai ,DXB,Pharmacy,,"Belselah Building, Next to Marina Furniture, Dubai",0097143413745
Union Pharmacy - Dubai,DXB,Pharmacy,,"Near al rafa poly clinic - Bur Dubai
P.O.Box 50585 Al Rafa Road , Computer St. Bur Dubai 
Dubai- UAE",0097143935619
RIGHT HEALTH PHARMACY LLC (BRANCH) KARAMA - DUBAI,DXB,Pharmacy,,"AL YATEEM BUILDING, SHOP NO. 1 & 2, NEAR BURJUMAN METRO STATION, BACKSIDE OF BONANZA, KARAMA, DUBAI",97143488818
Al Ehsan Pharmacy - Dubai,DXB,Pharmacy,,"Al shaab colony, Hor al anz - Deira dubai
PO Box 50585
Bur Dubai, UAE",0097142975986
Al Manara Al Raeda Pharmacy - Dubai,DXB,Pharmacy,,Al Rigga St. Al Ghurair Center LLC,0097142952871
Al Manara Pharmacy Branch - Dubai,DXB,Pharmacy,,"Dubai Silicon Oasis_x000D_
P.O. Box: 181513",0097143330554
Al Manara Pharmacy Remal Mall - Dubai,DXB,Pharmacy,,"Al Barari , Dubai_x000D_
P.O. Box: 181513",0097143337146
Al Shifa Pharmacy - Dubai (Aster),DXB,Pharmacy,,"Near Union Medical centre - Karama
P.O.Box: 50585 near Union Mrdical Center , Iranian School karama
Dubai, UAE",0097143969469
Aster Grand Pharmacy - Al Nahda - Dubai,DXB,Pharmacy,,"AB Plaza Building, Ground Floor, Shop # 8, Al Nahda",0097142505712
Aster Jebel Ali Pharmacy - Dubai,DXB,Pharmacy,,"Nesto Hyper Market, Shop # 5, Jebel Ali",0097148840237
Aster Pharmacy 1- Dubai,DXB,Pharmacy,,"Kalid bin waleed road, Burdubai
",0097143863800
Aster Pharmacy 117 - Dubai,DXB,Pharmacy,,"Shop No. 12, Bait Al-Waleed, Al-Souq Al-Kabeer, Mankhool,Bur Dubai, UAE

",0097143252882
Aster Pharmacy 150 - Dubai,DXB,Pharmacy,,"Shop No. 6, Pinnacle Tower, Marina Marsa, Dubai",0097143794306
Aster Pharmacy 164 (Al Ain Rd) Dubai,DXB,Pharmacy,,"Shop No. R-7B, Tower D, Sky Courts, Al Ain Road, Dubai",0097143208941
Aster Tecom Pharmacy - Dubai,DXB,Pharmacy,,"Tecom Free Zone Area
P. O. Box: 50585",0097144534840
Bin Sina Healthcare Pharmacy - Dubai,DXB,Pharmacy,,DHCC,0097144298242
Dream Pharmacy - Dubai,DXB,Pharmacy,,"Dream Tower Al Maya Supermarket , Marina
",0097144227844
Dubai Life Pharmacy - Dubai,DXB,Pharmacy,,"P.O. Box: 71246
Dubai, UAE",0097143291162
Grand Royal Pharmacy - DXB,DXB,Pharmacy,,"P.O. Box: 71246
Dubai, UAE",0097143593445
Health First Pharmacy 27 - Dubai,DXB,Pharmacy,,"IMPZ, Crescent Tower B Bldg., G01 Ground Floor, Meaisem First Community, Dubai",0097144253020
Health First Pharmacy 3- Dubai,DXB,Pharmacy,,Marina dubai,0097143999020
Health First Pharmacy 52 - Dubai,DXB,Pharmacy,,"White Crown Tower Building, Ground Floor, 34 Sheikh Zayed Road, Dubai",0097143253056
Healthy Life Pharmacy - DXB,DXB,Pharmacy,,"P.O. Box: 71246
Dubai, UAE",0097143416801
Ibn Sina 30 Pharmacy ( Alphamed) - Dubai,DXB,Pharmacy,,"Al Khurtoom Street, Near Aswaaq Mall, Mizhar",97137133333
Karama One Pharmacy - Dubai,DXB,Pharmacy,,"Shop# 2 n 3@ Karama, Dubai
",0097143796632
LIFE PHARMACY 29 BR OF LIFE PHARMACY LLC - Dubai,DXB,Pharmacy,ME'AISEM FIRST,"Unit No. G 030, Ground Floor, City Centre Meaisem, Dubai UAE
City Centre Meaisem, Dubai UAE",97145610000
Life Abu Hail Pharmacy - DXB ,DXB,Pharmacy,,"Hor Al Anz East, Abu Hail Residence, Dubai
",0097143345553
Life Al Barsha Fourth 2 (Br of Life Pharmacy LLC) - Dubai,DXB,Pharmacy,AL BARSHA SOUTH FOURTH,"Shop no. 1, Prime Business Center A, Al Barsha South Fourth (Plot no: 240), Dubai
",0097144566737
Life Al Riqqa 2 (Br of Life Pharmacy LLC) - Dubai,DXB,Pharmacy,,"Shop # AGC 30, Ground Floor, Al ghurair Centre, Dubai",009714561000
Life Island Pharmacy - Dubai,DXB,Pharmacy,,"Unit No: JI-B5 -RI-05D,Jumeriah,Pavilion Master Community, Dubai	email: insurance@life-me.com
",0097145610000
Life Pharmacy 13 (Al Hudaiba) Dubai,DXB,Pharmacy,,"Shop No.1, Carrefour, Al Hudaiba, Dubai",0097145610000
Life Pharmacy 20 (Deira) Dubai,DXB,Pharmacy,,"Inside Carrefour, Deira City Centre, Dubai",0097145610000
Life Pharmacy 3 Branch - Dubai ,DXB,Pharmacy,,"LG01A, Next to Fitness First, Al Etihad Street, Deira City Centre, Dubai PO Box: 71246",0097142366021
Liwa Pharmacy - Dubai ,DXB,Pharmacy,,"Victoria Residence
P.O.Box : 71246
Dubai, UAE


",0097143592266
Lulu Karama Pharmacy  - Dubai,DXB,Pharmacy,,"Lulu Hypermarket, Al Karama, Dubai",0097143369970
MEDICOM PHARMACY 5 - EMIRATES CO-OP  PHARMACY - DUBAI,DXB,Pharmacy,,"Emirates Cooperative Society, Al Twar, Dubai
",0097142649929
Marina Care Pharmacy - Dubai,DXB,Pharmacy,AL WASL,"Iranian Hospital Old Building, Satwa, Al Wasl Road, Dubai
accounts@marinapharmacy.com/insurance@marinapharmacy.com
",0097143436020
Marina Life Pharmacy-Dubai ,DXB,Pharmacy,,"Life Healthcare Group
P.O. Box: 71246
Al Barsha, Dubai",0097144202447
Marina Pharmacy (Shorooq) - Dubai,DXB,Pharmacy,,"Shop #: G07, Shorooq Community Center, Mirdiff Dubai
accounts@marinapharmacy.com/insurance@marinapharmacy.com
",0097145587756
Marina Pharmacy Care 3 (Al Wasl Road) Dubai,DXB,Pharmacy,,"Al wAsl Road Iranian Hospital Polyclinic, Dubai",0097143466889
Medicine Shoppe Micro Pharmacy- DXB Barsha-ASTER,DXB,Pharmacy,,"Al Barsha
Dubai",0097143237939
Medicom - Al Pharabi Pharmacy - Dubai,DXB,Pharmacy,,"Ground Floor, Al Hayam Hotel, Gold Souq, Dubai
",0097142264844
Medicom 12 - Dubai Century Pharmacy - Dubai,DXB,Pharmacy,,"Behind Bin Souqat Centre, Al Rashidiya, Dubai
",0097142859110
New Al Kanz Pharmacy Br (JLT) - Dxb ,DXB,Pharmacy,,"Shop Mag 214 , JLT, Dubai  Cluster R, Dubai",0097145521830
New Mazaya Pharmacy Est - Dubai,DXB,Pharmacy,,"Shk Zayed Road, G06, Mazaya Shopping Centre, Dubai
",0097143211433
Ramada Life Pharmacy - Dubai,DXB,Pharmacy,,"Al Musalla, Al Tawhidi Bldg., Near hotel Ramada, Bur Dubai
",0097143528104
Real 7 Pharmacy JLT Branch - Dubai ,DXB,Pharmacy,,"Unit# GS03, Plot# JLT - Ph1- A3, Lake Side Res Tower, DUbai
",0097145516506
Sara Pharmacy - Dubai,DXB,Pharmacy,,"Spinneys, Karama
",0097143969999
Shindagha Pharmacy - Dubai,DXB,Pharmacy,,"Carrefour - Bur dubai
",0097143933889
Tariq Pharmacy-DXB ,DXB,Pharmacy,,"Al Bustan Centre, Al Qusais, Dubai
",0097142635020
Al Dorra Pharmacy - Dubai,DXB,Pharmacy,,"Villa 351, Beach Park,Near Medcare child clinic, Jumeira
",0097143952212
Al Faisal Pharmacy - Dubai,DXB,Pharmacy,,"Choitram, Umm sequm
",971043485102
Al Kanz Pharmacy - Dubai ,DXB,Pharmacy,,"Abu Baker Al Sidq Road, Deira,",0097142690684
Al Manara Al Manzil Pharmacy - Dubai ,DXB,Pharmacy,,"Al Sheikh Zayed Road _x000D_
Dukkan Al Manzil_x000D_
P.O. Box: 181513",0097143621161
Al Manara Sunset Mall -Dubai,DXB,Pharmacy,,"Jumeirah 2 Sunset Mall
P.O. Box: 181513",0097143881820
Al Qoze Pharmacy - Dubai,DXB,Pharmacy,,"Near khalifa super market - Al Qouz
P.O. Box: 50585
Dubai, UAE",0097143384401
Al Warqa Pharmacy - Dubai,DXB,Pharmacy,,"Near Mass super market - Warqa
P.O. Box: 50585 Near Mass Supermarket 
Dubai, UAE",0097142801691
Amaan Pharmacy - Dubai,DXB,Pharmacy,,P>o>box: 78872,0097142647264
Aster Pharmacy 105 - Dubai,DXB,Pharmacy,,"Bldg. I - 11, Shop No. 02, Al Warsan First,International city, Morocco Cluster
",0097142275972
Aster Pharmacy 112 - Dubai,DXB,Pharmacy,,"Mohamed Khlifa Al Khalafi Building, Ground Floor,Rolla Street, Al Raffa, BurDubai
",0097143252920
Aster Pharmacy 118 - Dubai,DXB,Pharmacy,,"OBS Building,Ground Floor, Shop No.2, Near to NMC Hospital, Amman Road,Al Nahda
",0097142393397
Aster Pharmacy 124 - Dubai,DXB,Pharmacy,,"Ground Floor,Sukoon Tower, Marina, Dubai
",0097145546282
Aster Pharmacy 128 - Dubai,DXB,Pharmacy,AL BARSHA SOUTH FIRST,"Shop # 1, New ENOC, Umm Sequim St, Al Barsha South, Dubai, UAE     
",0097144405945
Aster Pharmacy 129 - Dubai,DXB,Pharmacy,,"Ground Floor,Marjana Plaza Building, Al Bada, Satwa
",0097143590530
Aster Pharmacy 156 (Industrial City) Dubai,DXB,Pharmacy,,"Shop No. 6, Sapphire Mall, Dubai Industrial City, Near to Al Maktoum International Airport, Dubai",0097145877191
Bin Seray Pharmacy - Dubai,DXB,Pharmacy,,"P.O. Box: 71246
Dubai, UAE",0097143355446
Bin Sina Pharmacy - Dubai,DXB,Pharmacy,,"P.O.Box 11245
Dubai, UAE",0097142221071
City Life Pharmacy - Dxb ,DXB,Pharmacy,,"Shop #2, City Tower 1, Near to crown Plaza,Sheikh Zayed Road, Dubai
",0097143410072
City Pharmacy - Dubai,DXB,Pharmacy,,"Showroom, Dubai PO Box: 24831
",0097142240566
Co-Operative Pharmacy - DXB,DXB,Pharmacy,,"P.O. Box: 71246
Dubai, UAE",0097142269283
Gold Life Pharmacy (Br of Life Pharmacy LLC) - Dubai,DXB,Pharmacy,AL QOUZ THIRD,"Unit no. GDP-5-G-R5-004, Gold and Diamond Park, Sheik Zayed Road, Dubai",0097143410243
Health First Pharmacy 24 (Al Twar) Dubai,DXB,Pharmacy,,Dubai International Airport - Al Twar - Dubai,97144329158
Health First Pharmacy 48 - Dubai,DXB,Pharmacy,,"Shop No 5,Jumeirah Road,Opposite to Spinneys,Jumeirah 1, Dubai
",0097143430616
Ibn Sina 38 Pharmacy - Dubai,DXB,Pharmacy,,"MIrdif City Center
P.O. Box: 11245",0097142116610
Iqra Pharmacy - Dubai,DXB,Pharmacy,, Opp.Al Fattaim Masjid Naif Road  Deira Dubai P. O. box; 50585,0097142289164
Jebel Ali Gardens Pharmacy - Dubai,DXB,Pharmacy,,"Enoc station, Behind ibn batuta Mall
",0097143334133
La Riviera Life Pharmacy (Br of Life Pharmacy LLC) - Dubai,DXB,Pharmacy,,"Unit S02 in La Riviera Tower, Dubai Marina, Dubai",0097145610000
Life Al Karama Pharmacy -Dubai ,DXB,Pharmacy,,"Near Burger King  Next to Ministry of Health
",0097143969774
Life Muraqabat Pharmacy - Dubai,DXB,Pharmacy,,"Shop#1,R471 building,Wasl Trio block A,Al Muraqabat Rd,Dubai
",0097142979201
Life One Pharmacy- Dubai ,DXB,Pharmacy,,"Life Healthcare Group
P.O. Bix: 71246
Al Barsha, Dubai",0097143335877
Life Pharmacy (District 1) Dubai,DXB,Pharmacy,,"Unit No. 09RI, Building No. 64, Distirct 1, Block D, Ground Floor, DHCC, Dubai",0097145610000
Life Pharmacy 18 (City Walk 1) Dubai,DXB,Pharmacy,,"Shop No. 6, Ground Floor, City Walk 1, Dubai",0097145610000
Life Pharmacy DMCC Branch - Dubai,DXB,Pharmacy,,"G11, Dubai Gate 1, Jumeirah Lakes Towers, Dubai		
",0097145610000
Mansion Pharmacy - Dubai ,DXB,Pharmacy,,"Next to Marina Mall , Dubai Marina
",0097144537262
Marina Center Pharmacy (DIFC) Dubai,DXB,Pharmacy,,"Unit TB1 - 10, Level B1, Gate Building, Dubai International Financial Centre
",0097143637484
Marina Pharmacy (South Br) - Dubai,DXB,Pharmacy,AL BARSHA SOUTH FIRST,"Al Barsha South, My City Center, Um Suqeim Road, Dubai
accounts@marinapharmacy.com/insurance@marinapharmacy.com
",0097145541140
Marina Pharmacy City Walk (Al Albaany St) Dubai,DXB,Pharmacy,,"Al Albaany St. Next to Sh Zaid Road city Walk Phase 2, Dubai",0097143466889
Medicina 4 Pharmacy - Dubai,DXB,Pharmacy,,"Shop No.1 Grandiose Supermarket Jumeirah 2, Dubai


",0097145463322
Medicom 13 - Home Pharmacy - Dubai,DXB,Pharmacy,,"Oppostie :- Karama Centre, Karama, Dubai
",0097143977739
Modern Bin Sina Pharmacy - Dubai,DXB,Pharmacy,,"Alphamed_x000D_
Modern Ibn Sina Pharmacy_x000D_
P.O.Box 11245",0097143986026
Modern Life Pharmacy-Dubai,DXB,Pharmacy,,"Life Healthcare Group
P.O. Box: 71246
Al Barsha, Dubai",00971505589967
Noor Al Mamzar Pharmacy - Dubai ,DXB,Pharmacy,,"Shop # 18,AB Plaza 1,Near Canadian Specialist Hospital, Al Mamzar 

",0097142669299
Premier Pharmacy - Dubai,DXB,Pharmacy,,"Aboobaker Al Siddique Road, Inside Hamarain Centre, Deira, Dubai

",0097142699215
Real One Pharmacy - Dubai ,DXB,Pharmacy,,"Shp # 1&2 Al Balooch Bldg, Near AlRafa Police st, Bur Dubai",0097143887704
Riviera Life Pharmacy - DXB ,DXB,Pharmacy,,"SHOP # 1, Riviera Dreams Bldg,CBD Cluster,Next to Papa John Pizza, INTERNATIONAL CITY,DUBAI
",0097144564220
Warsan Life Pharmacy (International City) Dubai,DXB,Pharmacy,,"Building 28, Shop No. 11,13,14,15,16, France Cluster, International City, Dubai",097145610000
Yacoub Pharmacy - Dubai,DXB,Pharmacy,,"Near ABS Bank - Khalid bin Waleed rd - Bur dubai - Dubai
P.O.Box: 5585 ",0097143523332
800 Pharmacy Branch - Dubai,DXB,Pharmacy,UMM SUQEIM FIRST,"Shop No 5D, Ground Floor, Park Building, Opposite Cordova Residence, Near Mosque, Beside Aswaq Market, Knowledge Village, Umm Suqeim, Dubai
accounts@marinapharmacy.com/insurance@marinapharmacy.com
",0097144486054
Access Pharmacy - Al Quoz 3 - Dubai,DXB,Pharmacy,,"Al Arif Building, GF-1, Al Qouze-3, Al Qouze
",0097143807218
Access Pharmacy 2 - Dubai,DXB,Pharmacy,,"Access Clinic Building, Al Muhaisina-2, Sonapur, Near to Bus Station
",0097142672946
Al Aweer Society Pharmacy - Dubai,DXB,Pharmacy,,"Union cop, Near Fruit & Veg Market
",0097143978899
Al Fardoos Pharmacy - Dxb ,DXB,Pharmacy,,"Supreme residency, International city
",0097143334133
Al Manara Delta Pharmacy - Dubai,DXB,Pharmacy,,"Dubai Mall Street, Dubai Mall Metro Link
P.O. Box: 181513",0097143451005
Al Manara Pharmacy (Dubai Healthcare City) - Dubai,DXB,Pharmacy,,"Shop No.1
Ground Floor Building 49 Dubai",0097126814644
Asma Pharmacy - Dubai,DXB,Pharmacy,,"Behind Naif police station - Deira dubai
P.O. Box: 4266
Dubai, UAE",0097142222786
Aster Pharmacy 111 - Dubai,DXB,Pharmacy,,"Muhaisinah Plaza Building, Shop No.6,Muhaisanah 4,Lulu Village, Near The Indian Academy, Behind Madina Mall
",0097142593195
Aster Pharmacy 113 - Dubai,DXB,Pharmacy,,"Mirdif Mall, Uptown Mirdif,Near to Medcare clinic, Mirdif
",0097142839542
Aster Pharmacy 123 - Dubai,DXB,Pharmacy,,"Shop No3, Al Ghurair Real Estate Building, Al Muteena Street, Deira, Near Dubai Palm Hotel
",0097142731282
Aster Pharmacy 127- Dubai,DXB,Pharmacy,,"Royal Oceanic-1, S-01,Plot No:218, Marsa Dubai, Near Le Meridien, Dubai Marina
",0097145547096
Aster Pharmacy 148 - Dubai,DXB,Pharmacy,,"Shop No 5, Jamal Omar Bin Hyder Building, 4B Street, Sheikh Khalifa Bin Zayed Road, Karama, Dubai			
",0097143404005
Aster Pharmacy 201 - Dubai,DXB,Pharmacy,TRADE CENTER FIRST,"Shop No3, Al Manal Tower, Next to Crown Plaza Hotel, Trade Center First, Sheikh Zayed Road, Dubai
",0097143209481
Aster Pharmacy 98 - Dubai,DXB,Pharmacy,,"Sameya Khalifa Mohamed Al Fuqaei Building, Shop No.8, 24th Street. Muhaisina 2nd, Sonapur
",0097142521711
Bin Sina Emirates Pharmacy  - Dubai ,DXB,Pharmacy,,P.O. Box: Sheikh Zayed Road,0097143410346
Burjuman Pharmacy LLC - Dubai,DXB,Pharmacy,,"Ground Floor, Khalid Bin Al Walid Street, Inside Burjuman Center, Bur Dubai, DUBAI ",0097145610000
City Land Life Pharmacy (Wadi Al Safa 4) Dubai,DXB,Pharmacy,,"Unit No. 260, City Land The Mall, Wadi Al Safa, Dubai, UAE",0097145610000
Dragon Pharmacy - Dubai,DXB,Pharmacy,,"Dragon mart , BAN 05& 06
",0097143687409
Our Life Guard Pharmacy (Jebel Ali),DXB,Pharmacy,,"SHOP # 5 , AL MEDINA SUPERMARKET COMPLEX, JEBAL ALI-A
70 STREET JEBAL ALI INDUSTRIAL AREA
",97145809681
Extra Life Pharmacy - Dubai ,DXB,Pharmacy,,"Akas Inn hotel Apartment (behind Holiday Inn Al Barsha
",0097148855122
Health First Pharmacy 41 - Dubai,DXB,Pharmacy,,"Shop No 6, Uptown Mirdiff Mall_x000D_
Mirdiff Dubai_x000D_
P.O. Box: 87150",0097142882296
Ibn Sina 21 Pharmacy - Festival City ,DXB,Pharmacy,,"P.o. Box: 11245
",0097142329757
Ibn Sina Twenty Five Pharmacy - Dubai (Alphamed),DXB,Pharmacy,,"P.O Box: 11245, Jumeirah Beach Road 15
",0097143940934
JBR Murjan Pharmacy  - Dubai,DXB,Pharmacy,,"Shp # P57, Murjan Tower - 2, Near Daily gourmet Supermarket, JBR
",0097144517202
LIFE PHARMACY 21 BR OF LIFE PHARMACY LLC - Dubai,DXB,Pharmacy,,"Unit No: .LG 168, Lower Ground Floor, Waitrose Entrance , The Dubai Mall, Dubai - UAE 
The Dubai Mall, Dubai",97145610000
LIFE PHARMACY 27 BR OF LIFE PHARMACY LLC - Dubai,DXB,Pharmacy,WADI AL ASAFA 7,"Unit No. FF01-1, FIRST FLOOR, ARABIAN RANCHES II , Dubai
ARABIAN RANCHES II , Dubai",97145610000
Life Al Riqqa Pharmacy - Dubai ,DXB,Pharmacy,,"Shop# F67, Opp. To Carrefour, Al Ghurair Centre, Al Riqqa, Dubai
",0097142248362
Life Al Warqa 2 (Al Warqa First) Dubai,DXB,Pharmacy,AL WARQA'A FIRST,"Shop No. 5, Ground Floor, Al Jabri Building, Al Warqa First, Dubai, UAE",0097145610000
Life Home HealthCare-Dubai,DXB,Pharmacy,,"LIfe Healthcare Group
P.O. Box: 71246
Al Barsha, Dubai",0097143624802
Life Pharmacy 15 (Hor Al Anz) Dubai,DXB,Pharmacy,,"Shop No. 13, Bayat Complex, Hor Al Anz East, Dubai",0097145610000
Life Pharmacy I B M 2 (Jebel Ali 1) Dubai,DXB,Pharmacy,,"Unit No. IBS-GF-54 & IBS-GF-54A, Court-S, Ibn Battuta Mall, Dubai",0097145610000
Life Pharmacy Village Mall (Jumeirah 1) Dubai,DXB,Pharmacy,JUMEIRA FIRST,"Shop No. 24 & 25, The Village Mall, Jumeirah First, Dubai",0097145610000
Life Two Pharmacy LLC (Branch) - Dubai,DXB,Pharmacy,,"Shop # G84 & G85,Bay Avenue- Business Bay,Al Khaleej Al Tejari 1 Street, next to WHSmith Dubai
	
",0097145520750
Lulu Center Pharmacy - Dubai,DXB,Pharmacy,,"Lulu Hypermarket, Al Qusais, Dubai",0097142988771
MEDICOM PHARMACY 7 - FLAME  PHARMACY - DUBAI,DXB,Pharmacy,,"Al Mizhar Mall, Al Mizhar-I, Dubai
",0097142876804
Medicina 2 Pharmacy - Dubai,DXB,Pharmacy,,"Nad Al Hamar, Nad Al Hamar Mall, Dubai",0097142898201
Medicom 4 - Town Pharmacy - Dubai,DXB,Pharmacy,,"Town Centre, Jumeira Beach Road, Dubai
",0097143440077
Murshid Pharmacy - Dubai,DXB,Pharmacy,,"Al Bateena Building, Al Bateen, Murshid Bazar, Deira, Dubai",0097142252774
New Grand One Pharmacy - Dubai ,DXB,Pharmacy,,"Khalid Bin Walid Road, Al Mankhool Building, Dubai
",0097143518474
New Mamzar Pharmacy - Dubai,DXB,Pharmacy,,"Century Mall Shopping Mall, Deira, Al Mamzar Street, Dubai
",0097142967710
New Medicina Pharmacy - Dubai,DXB,Pharmacy,,"API 1000, Al Wasl Road, Dubai
",0097143853313
New Silicon Pharmacy (Br of Life Pharmacy LLC)  - Dubai,DXB,Pharmacy,NADD HESSA,"Retail 01, Le Presidium Tower, Dubai Silicon Oasis, Nadd Al Hessa, Dubai		
	
",0097143204410
Real 4 Pharmacy - Dubai ,DXB,Pharmacy,,"Po no 483, Shop no 3, Escaper Tower , Near Business Bay Metro, Dubai",0097143881558
Royal Grand Pharmacy - Dubai ,DXB,Pharmacy,,"France Cluster, International City next to Carrefour express, Dubai
",0097144474078
Royal Memzar Pharmacy - DXB ,DXB,Pharmacy,,"Al Mamzar Centre, Dubai, Al Mamzar , Dubai
",0097142659552
Taj Pharmacy - Dubai,DXB,Pharmacy,,"Taj Palace Hotel, Deira",0097142282849
Umm Hurair Pharmacy - Dubai ,DXB,Pharmacy,,"G5&G6 - J3 MALL, Al Manara, Dubai
",0097143343206
Yassat Life Pharmacy (Caliber Plaza) - Dubai,DXB,Pharmacy,,"Shop no. 7 & 8 , Ground Floor , Caliber Plaza, Dubai Production City, Dubai	
	",0097145646424
Al Raha Pharmacy - Dubai,DXB,Pharmacy,,"Khalid bin waleed rd - Bur dubai
P.O.Box 6975
Dubai- UAE",0097143523383
Aster Alshafar Pharmacy,DXB,Pharmacy,,"Lamcy plaza, 1st floor
",0097143352727
Aster DIP Pharmacy - Dubai,DXB,Pharmacy,,"Ramla Hypermarket, Dubai Investment Park
",0097148800996
Aster Hospital Pharmacy (Br of Aster DM Healthcare FZC) Dubai Branch - Dubai,DXB,Pharmacy,,"Al Qusais, 9AStreet, Al Qusais Industrial Area 2, Dubai",0097144400500
Aster Pharmacy 100 - Dubai,DXB,Pharmacy,,"Al Razi building, Building No 64, D block, DHCC
",0097144343922
Aster Pharmacy 102 - Dubai,DXB,Pharmacy,,"Shop 2, Saeed Hamad Musleh Jamhour Al Ahbabi Building, Al Qusais Second, Al Qusais
",0097142610833
Aster Pharmacy 103 - Dubai,DXB,Pharmacy,,"Building-N04, Shop No.S-04, Al Warsan First, International city, Persia Cluster
",0097142765802
Aster Pharmacy 132 - Dubai,DXB,Pharmacy,,"Sheikh Suhail Building , Hor Al Anz East, Plot #133-142 , Abu Hail ,Dubai ,UAE
",0097142692835
Aster Pharmacy 136 - Dubai,DXB,Pharmacy,,"Al Qouz, Opposite Grand mall, Al qouz- Fourth, Abdulla alasmawi buiding
",0097143808539
Aster Pharmacy 137 - DXB,DXB,Pharmacy,,"Retail shop 6, The pavilion mall, Opp. Union Co op, France cluster, International city, Dubai",0097144224515
Aster Pharmacy 138 - Dubai,DXB,Pharmacy,,"Ground Floor, Al Jabar Building, Near Sunrise Supermarket, Al Karama, Dubai 
",0097143377329
Aster Pharmacy 141 - DXB,DXB,Pharmacy,,"Shop No SC 021, Ground Floor, Dubai Festival City Mall, Dubai",0097142365418
Aster Pharmacy 146  - DXB,DXB,Pharmacy,,"Shop 32, Souk al Kabeer Building, Near to Ghubaiba Bus Staion, Opp.Etisalat-Shindagha, Next to Access Clinic , Burdubai",0097143271059
Aster Pharmacy 161 (Al Aweer) Dubai,DXB,Pharmacy,,"Marhaba Mall, Ras Al Khor, Al Aweer, Dubai",0097143424262
Aster Pharmacy 205 - Dubai,DXB,Pharmacy,,"PVE-G-02, Palm Views East Building, Palm Jumeira, Dubai			
",0097144221521
Aster Pharmacy 5 - Dubai,DXB,Pharmacy,,"Shop No 02, CBD 29, Al Warsan 1st, International City
",0097144473169
Aster Pharmacy 6 - Dubai,DXB,Pharmacy,,"Dubai Silicon Gate 1 - Building, First Floor, F-S-101A, Gate 1, Silicon Oasis, Opposite Choithram & Baskin Robins
",0097143262600
Baniyas Life Pharmacy (Br of Life Pharmacy LLC) - Dubai,DXB,Pharmacy,,"Al Ashrfiah Building, Near Clock Tower, Deira, Dubai
	
",0097142550173
Beta Pharmacy - Mirdif - Dubai ,DXB,Pharmacy,,"Mirdriff City Centre 
Dubai 
UAE",0097142840678
BinSina 43 (Barsha Boutique) Dubai,DXB,Pharmacy,,Al Barsha Boutique Building - Dubai,97143950305
Health First Pharmacy 2 - Dubai,DXB,Pharmacy,,"P.O.Box 15072_x000D_
Dubai, UAE",0097142287027
Health First Pharmacy 23 - Dubai,DXB,Pharmacy,,"Hamarain Centre_x000D_
P.O.Box 15072_x000D_
Dubai, UAE",0097142693618
Health First Pharmacy 30 - Dubai,DXB,Pharmacy,,"Al Attar Center- Near Spinney's, Karama, Dubai",0097143709030
Health First Pharmacy 34- Dubai,DXB,Pharmacy,,"Shop No.3 Ibrahim Bin Albdulrahim Qassem Bldg._x000D_
Bur Dubai",0097143852791
Health First Pharmacy 38 - Dubai,DXB,Pharmacy,,"Saleh Bin Lahej Building 338, Oud metha, lamzy Plaza_x000D_
",0097143960695
Health First Pharmacy 4 - Dubai,DXB,Pharmacy,,"Unit G110, Lake SIde Right, Executive Rowers, business Bay",0097144587004
Highway Pharmacy - Dubai,DXB,Pharmacy,,"enoc station, opp. Wasel hospital
",0097143334133
Ibn Al Azwar Pharmacy - Dubai,DXB,Pharmacy,,"Near Eppco Petrol Station, Ras Al Khor Industrial Area, Oman- Hatta Road, Dubai.",0097143331504
Ibn Sina 34 Pharmacy - Dubai,DXB,Pharmacy,,"Aswaaq Al Mizhar
P.O. Box: 1",0097142804340
JBR Bahar Pharmacy - Dubai ,DXB,Pharmacy,,"Shp # P25, Bahar Tower - 4 Near Al Maya supermarket, JBR
",0097143659920
Jadaf Life Pharmacy (Br of Life Pharmacy LLC) - Dubai,DXB,Pharmacy,,"Retail #1, Riah Towers, Culture Village, Al Jeddaf, Dubai",0097145610000
Life Al Yalayis 1 (Br of Life Pharmacy 3 LLC) - Dubai,DXB,Pharmacy,,"Unit No. MIRA - GF-005, Mira Town Centre, Al Qudra Street, Al Reem Tower, Reem Community, Dubai	
	
",0097143683426
Life DIP Pharmacy - Dubai ,DXB,Pharmacy,,"Near Choithrams  Supermarket, Market Mall, DIP,Greens, Dubai
",0097148851933
Life Pharmacy - Clover Bay - Dubai,DXB,Pharmacy,,"Shop # 1, Clover Bay Tower, Business Bay, Dubai email: insurance@life-me.com
",0097145610000
Life Pharmacy 10 (Br of Life Pharmacy LLC) - Dubai,DXB,Pharmacy,,"Shop # 6 , Ground Floor, Al Fattan Shopping Centre, JBR Walk, Dubai",0097145610000
Life Pharmacy 25 (Karama) Dubai,DXB,Pharmacy,,"Unit 6 to 12, AJSM Investment Building, (Old Family Supermarket) Karama, Dubai",0097145610000
Life Pharmacy IBM (Jebel Ali 1) Dubai,DXB,Pharmacy,,"Unit No. IBS-GF-078, Persia Court, Ibn Batuta Mall, Dubai",0097145610000
Life Pharmacy Marina (Al Seba St) Dubai,DXB,Pharmacy,,"Ground Floor, DEC Dubai Marina Tower 2, Choitrams, Marina, Dubai",0097145610000
Life Pharmacy N K Mall (Br. of Life Pharmacy) - Dubai ,DXB,Pharmacy,,"GF R29, Ground Floor, The Hills Dubai ",0097145610000
Life Plus Pharmacy (Bank St.) Dubai,DXB,Pharmacy,,"Ubl Building, Near Family supermarket, Bank Street, Bur Dubai, Dubai
",0097143513334
MEDICOM PHARMACY 1 - AL JAMEYA  PHARMACY - DUBAI,DXB,Pharmacy,,"Union Cooperative Society, Al Twar 1, Dubai
",0097142633677
Marina Pharmacy Al Mustaqbal (Br of Marina Pharmacy LLC),DXB,Pharmacy,AL BADA'A,"B# 5, Valeant clinic, Bur Dubai, Al Wasl Street, Dubai	accounts@marinapharmacy.com/insurance@marinapharmacy.com
",0097143466889
Marina Pharmacy Care 5 (Al Asayel St) Dubai,DXB,Pharmacy,,"Al Asayel St Iranian Clinic (Safa Clinic), Dubai",0097143466889
Medicina First Pharmacy - Dubai,DXB,Pharmacy,,"UMM SUQEIM FIRST
Building Name : Zia Medical Centre
Unit/Villa No : Shop #02
",00971043882677
Medicom 8 - Century Pharmacy - Dubai,DXB,Pharmacy,,"Century Mall, Hamriya, Dubai
",0097142965040
Medicom 9 - Al Qemma Pharmacy - Dubai,DXB,Pharmacy,,"Opp. Al Qusais Police Station, Al Qusais, Dubai
",0097142640818
New Al Quoz Pharmacy - Dubai,DXB,Pharmacy,,"Near New grand mall - Al Qouz
P.O. Box: 50585
Dubai, UAE
near old grand shopping  Mall , al qoz, ",0097143385854
Panacea Pharmacy Madinat- Dubai,DXB,Pharmacy,,"Madinat Jumeriah souk,Shop no.90, Umm suqeum, Jumeriah beach road, Near to Burj al arab hotel
",0097142822209
Real 3 Pharmacy - Dubai ,DXB,Pharmacy,,"Shop no 1, Emart Supermarket, Umm Hurair, Dubai",0097143575446
Royal Pharmacy- Dubai,DXB,Pharmacy,,"Khalid Bin Walid Walid Road, Opp. Hotel Ascott, Dubai",0097143522426
S Z R Life Pharmacy (Sheikh Zayed Road) -  Dubai,DXB,Pharmacy,,"Showroom No. 2, Al Kawakeb (D Block), Sheikh Zayed Road, Dubai, UAE",0097145610000
Yara Pharmacy - Dubai,DXB,Pharmacy,,"Al Riqua Street, Green Corner Bldg
P.O.Box 71246
Dubai- UAE",0097142225503
Kims Pharmacy - Dubai,DXB,Pharmacy,,"Next to Abu Bakar Al Seddique Metro Station, Al Dosari Building, Group Floor",0097142624500
Samary Pharmacy - Dubai,DXB,Pharmacy,,"Jebel Ali Industrial Area, Near Parco Hypermarket, Jebel Ali Mall, Dubai",0097148878011
Al Madina Al Sanaiya Pharmacy - Dubai,DXB,Pharmacy,,"Al Quoz Industrial Area 4 , Gemzi Complex, Near Al Madina Supermarket, Dubai
",0097143406761
Almanzil Aljadeed Pharmacy LLC - Dubai,DXB,Pharmacy,,"Shop No. 13, Vegetable and Fruit MArket, Al Aweer, Dubai",0097142230244
Better Life Pharmacy - Dubai,DXB,Pharmacy,,AL Quoz,0097143414626
Park Better Life Pharmacy - Dubai,DXB,Pharmacy,,"Park Shopping Centre, DIP",0097148848859
Al Hawi Pharmacy - Dubai ,DXB,Pharmacy,,"P.O.Box 71246
Dubai, UAE",0097142221445
Al Manara Garden Pharmacy- Dubai,DXB,Pharmacy,,"Ibn Batuta Mall
P.O Box: 181513",0097143669940
Al Manara Pharmacy Al Ghazal Mall - Dubai,DXB,Pharmacy,,"Al Badaa Al Ghazal Mall_x000D_
P.O. Box: 181513",0097143529584
Aster DCC Pharmacy LLC - Dubai,DXB,Pharmacy,,"Shop No. M-020, 1st Floor, Deira City Center, Deira, Dubai",0097142210732
Aster Pharmacy 119 - Dubai,DXB,Pharmacy,,"Shop No.7,Meadows, Emirates Hills 3,Enoc 1086

",0097142672946
Aster Pharmacy 120 - Dubai,DXB,Pharmacy,,"Abdul Raouf Mohammed Saleh Alavi Building, Al Warqa 1, Al Warqa, Near Aswaq Mall
",0097142803995
Aster Pharmacy 149 - DXB,DXB,Pharmacy,,"Shop 2 & 3, Al Wasl Building, Behind Lulu Hypermarket, Karama, Burdubai, DUbai",0097143969469
Aster Pharmacy 2 - Dubai,DXB,Pharmacy,,"Unit No 4&5, Ground Floor, Carrefour Centre, Dubai Investment Park
",0097148858044
Avenue Pharmacy  - Dubai,DXB,Pharmacy,,"Aspect Towers, Bay Avenue, Business Bay, Dubai",0097144357450
Golden Life Pharmacy - DXB ,DXB,Pharmacy,,"P.O. Box: 71246
Dubai, UAE",0097143430077
Grand Life Pharmacy - Dubai,DXB,Pharmacy,,"P.O. Box: 71246
Dubai, UAE",00971504513790
Hala Pharmacy 15 - Dubai,DXB,Pharmacy,,"Shop No5&6, Bldng No:Zen 2-020,Plot no169,Discovery Gradens, Dubai
",0097142766318
Health First 5 Pharmacy -  Dubai,DXB,Pharmacy,,"DTS Bldg., Shup# 5&6, Behind Union Merto Station",0097142280102
Ibn Sina 29 Pharmacy - Dubai,DXB,Pharmacy,,"P.o. Box: 11245
Dubai Mall",0097142116666
Ibn Sina 44 Pharmacy - Dubai,DXB,Pharmacy,,"P.O. Box: 11245, 
Trade Center Sconde
Jumeira Tower",0097143513249
J B R Life Pharmacy 2 - Dubai,DXB,Pharmacy,,"Shop No. 2406, Ground Floor, The Beach JBR, Dubai, UAE",0097145610000
J.B.R. Life Pharmacy-Dubai ,DXB,Pharmacy,,Jumeirah Beach Road,0097143410008
JBR Shams Pharmacy - Dubai ,DXB,Pharmacy,,"Shp # PT24, Shams Tower-1, Near Al Maya Supermarket, JBR
",0097144253592
JVT Life Pharmacy - DXB ,DXB,Pharmacy,,"Shop G-02 & G-03, Near Milestone Supermarket,Imperial Residence Tower, JVT, Dubai  ",0097145511914
Karama Life Pharmacy (Br of Life Pharmacy LLC) - Dubai,DXB,Pharmacy,AL KARAMA,"Shop no. 1 & 2 , Al Karama Building , Karama , Dubai	
	
",0097143450875
Life Al Bada Pharmacy - Dubai ,DXB,Pharmacy,,"S # 1; Al Badaa Bldg,P 78 Al Badaa,Dubai
",0097143596837
Life Al Barsha South Fourth (Br of Life Pharmacy LLC)-Dubai,DXB,Pharmacy,AL BARSHA SOUTH FOURTH,"Shop no. G01-B, Manhattan Building, Near Choithram , JVC Village No. 2,  Al Barsha South Fourth Community, Dubai		
",0097142417418
Life Pharmacy - Dubai ,DXB,Pharmacy,,"White Swan Building, Shiekh Zayed Road, Dubai",0097143328385
Life Pharmacy 11 (Br. of Life Pharmacy) -Barsha -Dubai,DXB,Pharmacy,,"Shop No. 2, Near Creative Minds Shop, Barsha, Umm Seqeim Road, Dubai",009714561000
Life Pharmacy 12 (Sheikh Zayed Rd) Dubai,DXB,Pharmacy,,"Shop 1, The Tower, Financial Centre, Sheikh Zayed Road, Dubai",0097145610000
Life Pharmacy 22 (Al Barshaa 1) Dubai,DXB,Pharmacy,,"Inside Carrefour, Mall of the Emirates, Dubai",0097145610000
Life Pharmacy Barsha Heights (Al Thanayah 3) Dubai,DXB,Pharmacy,,"Shop No. 8, Al Shaiba Tower, Barsha Heights (Tecom), Dubai, UAE",0097145610000
Life Pharmacy DIP 2 (Br of Life Pharmacy LLC) - Dubai,DXB,Pharmacy,DUBAI INVESTMENT PARK SECOND,"Unit No.6,Ramla Mall, DIP, Dubai			
",0097148802157
Life Pharmacy DWTC (Majlis) Dubai,DXB,Pharmacy,,"Shop No. R021.02, Concourse 1, Dubai World Trade Centre, Dubai, UAE",0097145610000
Life Pharmacy Dusseldorf (Al Barsha 1) Dubai,DXB,Pharmacy,,"Shop No. 4, Dusseldorf Business Point, Al Barsha 1, Dubai, UAE",0097145610000
Life Pharmacy Marina Walk - Dubai,DXB,Pharmacy,,"Unit No. GA2, Ground Floor, Dubai Marina Towers Retails, Marina Walk, Dubai, UAE",0097145610000
Life Rose Pharmacy -Dubai,DXB,Pharmacy,,"Shop - 10, E07 Building, Plot No 67, China Cluster, International City, Dubai
",0097145521395
Life Trident Pharmacy - Dubai ,DXB,Pharmacy,,"Shop No. R01 Near Marina Hotel Apt,Next to Blue Mart Suprmarket, , Marina Scape Tower, Dubai Marina
",0097145531092
MEDICOM PHARMACY 6 - MAZAYA  PHARMACY - DUBAI,DXB,Pharmacy,,"Mazaya Centre,Sh Zayed Road, Dubai
",0097143435522
Marina Jumeirah Pharmacy - Dubai,DXB,Pharmacy,,"P.O. Box: 72640_x000D_
Dubai, U.A.E_x000D_
",0097143486710
Marina Pharmacy (JBR) - Dubai,DXB,Pharmacy,,"Promenade/Paloma Bldg., Al Safouh Jumeirah Beach Residence, Dubdai
accounts@marinapharmacy.com/insurance@marinapharmacy.com
",0097144470955
LIFE PHARMACY 80 BR OF LIFE PHARMACY LLC,DXB,Pharmacy,,"Shop 5 , Dolphin Hotel Apartments, Khalid Bin Waleed Road, Dubai, UAE",0097145610000
Med Save Pharmacy - Dubai,DXB,Pharmacy,,"Near Union National Bank, Mirdiff
P. O. Box: 50585",0097142847600
Medicina Beach Road Pharmacy - Dubai,DXB,Pharmacy,,"Nadd Al Hamar, Shop #01, Nesto Hypermarket Nadd Al Hamar Dubai",97142239282
Medicina Pharmacy 7 - Dubai,DXB,Pharmacy,,"Al Khaleej Centre, Al Mankhool Road, Burdubai",0097143526663
Mezhar Life pharmacy-Dubai,DXB,Pharmacy,,"Emirates CooperativeSociety, Al Mezhar, Dubai
",0097142571177
New Al Kanz Pharmacy Branch - Dubai ,DXB,Pharmacy,,"J2 Tower, Cluster J -JLT, Dubai UAE
",0097143929669
New Salah Aldin Pharmacy - Dubai ,DXB,Pharmacy,,"Shop # G-3,Al Waha Mosque-RS, Dubai Silicon Oasis
",0097143335822
Rashid Pharmacy - Dubai,DXB,Pharmacy,,"Near Guest Line Hotel ,Rigga Road Deira
P O Box No.: 50585, Dubai UAE",0097142211739
Real 10 Pharmacy - Dubai ,DXB,Pharmacy,,"Shop#1, Elite Building, Opp. Lulu Hyper market, Al Barsha, Dubai",0097143479744
Real 6 Pharmacy - Dubai ,DXB,Pharmacy,,"Shop # 1, Al Salaam Tower, Sheik Zayed Road,chelsea Dubai",0097143529988
Real 7 Pharmacy - Dubai ,DXB,Pharmacy,,"Ground Floor, E3 , Sabah Tower 1, Jumeirah Lake Towers, Dubai",0097144391776
Royal Life Pharmacy-DXB ,DXB,Pharmacy,,"Mankhool Street, Sheikh Ahmed Tower",0097143529229
Salah Aldin Pharmacy-DXB,DXB,Pharmacy,,"Salahudin Road, Deira, Dubai",0097142728233
Sustainable Life Pharmacy - Dubai,DXB,Pharmacy,AL SAFA FIRST,"B-1, The sustainable  City, Al Wadi Al Safa 7, Dubai",0097145610000
Tram Life Pharmacy - Dxb ,DXB,Pharmacy,,"Al Seef Tower 1, Behind Tamani Hotel, Dubai Marina, Dubai
",0097145586744
Alfa Pharmacy (Aster) - Dubai,DXB,Pharmacy,,"Alfattan building ,qusais
Damascus Street 
Qusais
Duabi",0097142806714
Arifa Pharmacy (Abu Hail Street) - Dubai,DXB,Pharmacy,,"Ahli Building, Hor Al Anz East, Abu Hail Street, Dubai",0097142389696
Aster Day Surgery Centre Pharmacy ( Kuwaiti St) Dubai,DXB,Pharmacy,,"Kuwaiti Street 14, Showroom 1, Al Yateem Building, Dubai",0097143766824
Aster JBR Pharmacy - Dubai,DXB,Pharmacy,,"P42, plaza level,sadaf 4,The Walk, JBR
",0097144471127
Aster Medical Center Pharmacy Al Muhaisna Br of DM Healthcare LLC - Dubai,DXB,Pharmacy,,"Shop No1, Zaraa residence 1, Muhaisnah 4, Lulu village, Behind St.Mary's catholic high school, Dubai",97145479070
Aster Pharmacy 109 - Dubai,DXB,Pharmacy,,"Mirdiff Building, Near to Dubai Geant Supermarket, Ghuroob Community, Mirdiff
",0097144582727
Aster Pharmacy 115 - Dubai,DXB,Pharmacy,,"Discovery Pavilion,Street 7,Discovery Garden
",0097145546021
Aster Pharmacy 116 - Dubai,DXB,Pharmacy,,"Mirdif Commercial Complex, Shop No. 1 &2, Mirdif, Westzone Super Market 
",0097142884190
Aster Pharmacy 131 (Al Barsha) - Dubai,DXB,Pharmacy,,"Al Barsha, Trio Building, Dubai",0097143475733
Aster Pharmacy 134  - Dubai,DXB,Pharmacy,,"Golden Sands Building, Barsha 1st, Al Barsha, Near to Lulu
",0097143271483
Aster Pharmacy 135 - Dubai,DXB,Pharmacy,,"Shop No 04, Rushia V 19,International City
",0097144511674
Aster Pharmacy 142  - DXB,DXB,Pharmacy,,"Shop No 4 , Al Fattan Building ,Plot No 233-129, Behind Snow White,  Al Qusais, Dubai",0097142205966
Aster Pharmacy 158 - Dubai,DXB,Pharmacy,,"Talal Supermarket, Dubai Investment Park, DIP, Dubai		
",0097148800282
Aster Pharmacy 160 (86 St) Dubai,DXB,Pharmacy,DUBAI INVESTMENT PARK FIRST,"Jabal Ali Shopping Center, 86 Street, Dubai Investment Park 1, Dubai",0097148847176
Aster Pharmacy 200 - DXB,DXB,Pharmacy,,"Building No :241-487, Al Nahda 2, Al Qusais, Dubai",0097142362839
Aster Pharmacy 3  - Dubai,DXB,Pharmacy,,"G32 ground floor, Dubai outlet mall

",0097144437250
Bay Square Pharmacy - Dubai ,DXB,Pharmacy,,"Unit G-03, BB11,Next to Choitram Supermarket, Bldg. No.BB11, Bay Square, Business Bay, Dubai",0097145515344
Bin Sina 40 - Dubai,DXB,Pharmacy,,"Financial Center St.,
Dubai Mall",0097143253410
Cedars Jebel Ali International Hospital Pharmacy - Dubai,DXB,Pharmacy,,"Dubal Road Near Jebel Ali Free Zone Gate #2, Jebel Ali Dubai",0097148814662
Central Market Pharmacy - Dubai,DXB,Pharmacy,,"Near to DAFZA metro station, Al Qusais,Dubai

P.O. Box : 50585",0097142613451
Creek Life Pharmacy (Br. of Life Pharmacy) - Dubai Creek Residence - Dubai,DXB,Pharmacy,,"Unit No. DCA A01 - GFR 04 , Ground Floor, Dubai Creek Residence, Dubai",009714561000
Diamond 3 Pharmacy - Dubai,DXB,Pharmacy,,"Near to Marina Metro Station Dubai Marina
",0097144537217
Doha Pharmacy - Dubai,DXB,Pharmacy,,"Al Attar Tower
Sheikh Zayed Road
P.O.Box: 71246
Dubai, UAE",0097143430603
FESTIVAL LIFE PHARMACY BR OF LIFE PHARMACY LLC,DXB,Pharmacy,,"UNIT NO. - SU108 & SU109, GROUND FLOOR, FESTIVAL PLAZA, Dubai 
",97145610000
Hala Pharmacy 13 - Dubai,DXB,Pharmacy,,"Shop # 22 & 24,S-6 Building, Spain Cluster,International City,Dubai
",0097144307562
Hala Pharmacy 19 LLC - Dubai,DXB,Pharmacy,WARSAN FIRST,"S-16, P 17 Building , France Cluster, Al Warsan, International City, Dubai

",0097144307323
Hamriya Life Pharmacy - Dubai ,DXB,Pharmacy,,"Ground Floor,Union Co-operative Society,Hamriya Shopping Centre,Deira Hor Al Anz East,Dubai email: insurance@life-me.com; ",0097143205128
Health First Pharmacy 11 - Dubai,DXB,Pharmacy,,"Shop 8, Building 3, Beside Juicy Avenue, Bay Square, Business Bay, Dubai",0097144550100
Health First Pharmacy 45 - Dubai,DXB,Pharmacy,,"Shop No:4,AlRawba Building,Opposite lulu super market,Halim Street,Al Barsha,Dubai
",0097143965891
Health First Pharmacy 9 - Dubai,DXB,Pharmacy,,"Al barsha South, Summer 2 Jumeirah Village_x000D_
Dubai",0097144058681
JBR Sadaf Pharmacy - Dubai ,DXB,Pharmacy,,"Shp # P32, Sadaf Tower - 2, Near Al Maya Supermarket, JBR",0097143659925
JVC Life Pharmacy - Dubai,DXB,Pharmacy,,"Shop # GS3,Opp to Bluemart Supermarket, Emirates Garden II- Mulberry, Al Barsha South 4th, Jumeirah Village Circle (JVC),Dubai",0097145578841
LIFE PHARMACY 17 BR OF LIFE PHARMACY LLC - Dubai,DXB,Pharmacy,AL KHWANEEJ FIRST,"Unit No NC 03, Ground Floor, Al Khawaneej Mall Dubai
Al Khawaneej Mall Dubai",97145610000
Life Al Barsha Pharmacy-DXB ,DXB,Pharmacy,,"Near Lulu hyper Market
Al Barsha",0097143473451
Life Al Warqa Pharmacy - Dubai ,DXB,Pharmacy,,"Shop 1 & 2,  Hamdan Al Shaikh Mejren Mohammad Ahmad Al Kendi Al Merri Bldg. , Al Warqa 1st, Dubai",0097142865244
Life Pharmacy 3 - Dubai ,DXB,Pharmacy,,"Shop FA-19, Dragon Mart 2, International City, Dubai. 
",0097143410008
Life Pharmacy CCM (Mirdif) Dubai,DXB,Pharmacy,MIRDIF,"Unit No. D006A, Ground Floor, Mirdif City Centre, Dubai",0097145610000
Life Pharmacy DFC (Business Bay) Dubai,DXB,Pharmacy,,"Unit No. RC-021, First Floor, Dubai Festival City, Dubai, UAE",0097145610000
LIFE PHARMACY 26 BR OF LIFE PHARMACY LLC - DUBAI,DXB,Pharmacy,AL THANYAH THIRD,"Shop Number R VCC A8, Arabian Ranches I, Dubai, UAE",0097145610000
Life Pharmacy JVT 2 - Dubai,DXB,Pharmacy,,"Shop No. R01, Next to Triangle Supermarket, Green Park Building, JVT, Dubai, UAE",0097145610000
MEDICOM PHARMACY 10 - AL SABA  PHARMACY - DUBAI,DXB,Pharmacy,,"Near Up Town Mall, Mirdif, Dubai
",0097142885995
Marina Care 2 Pharmacy  - Dubai,DXB,Pharmacy,,"Iranian Hospital New Building,Al Wasl, Satwa, Dubai accounts@marinapharmacy.com/insurance@marinapharmacy.com

",00971522133626
Marina Greens Pharmacy (Jebel Ali) Dubai,DXB,Pharmacy,,"Ground Floor, The Greens Village, The Greens, Jebel Ali, Dubai
Landmark: Near Choithram Supermarket",0097143663130
Marina Pharmacy (Burj Station) - Dubai,DXB,Pharmacy,,"Burj Khalifa Metro Station, Dubai
accounts@marinapharmacy.com/insurance@marinapharmacy.com
",0097143809669
Marina Pharmacy (City Centre Station) - Dubai,DXB,Pharmacy,,"Deira City Center Metro Station,Al Ittihad, Dubai 
accounts@marinapharmacy.com/insurance@marinapharmacy.com
",0097142500682
Marina Pharmacy Care 1 (Al Wasl Road) - Dubai,DXB,Pharmacy,,Al Wasl Road Dubai Iranian Hospital,0097143466889
Medicina Pharmacy - Dubai,DXB,Pharmacy,,"Opp. Marine Home Interiors and Life Heatlhcare Group, Umm Suqeium Street, Al BArsha 2, DXB",0097143237202
Medicina Pharmacy 11 - Dubai,DXB,Pharmacy,,"Shop No 3, Ground Floor, Building #40, Dubai Healthcare City, Dubai",0097144547696
Medicom 2 - Al Wasl Pharmacy - Dubai,DXB,Pharmacy,,"Mercato Centre, Jumeira Beach Road, Dubai
",0097143448333
New Al Manara Pharmacy - Dubai,DXB,Pharmacy,,Tecom Investments FZ LLC,0097143604495
New Grand Murqabat Pharmacy - Dxb ,DXB,Pharmacy,,"Shop# 5 , AL Murqabat Street,  AL Murqabat Bldg., Dubai UAE.
",0097142552275
Noor Al Shefaa Pharmacy - Dubai,DXB,Pharmacy,,"Abnaa Omar Obaid Al Majid, Naif Road, Deira, Dubai",0097142396671
Panacea Pharmacy REEF - Dubai,DXB,Pharmacy,,"Ground Floor, Reef Mall,Salah Al Din Road, Deira, Near to Ansar Gallery
",0097142239805
Pristine Pharmacy - Dubai ,DXB,Pharmacy,,"Shop#9, 10, 11a, 11b @ Nile Region, Wafi Mall, Umm Hurair 2, Dubai",0097143852248
Real 5 Pharmacy - Dubai ,DXB,Pharmacy,,"Al Nahda Twin Tower Bldg., Next to Carrefour Express, Aman Road, Al Nadha 2, Dubai
",0097142577545
Super Life Pharmacy- DXB,DXB,Pharmacy,,"Near Spinneys, Meadows Community Centre, Dubai",0097143608800
The Point Life Pharmacy (Br of Life Pharmacy LLC) - Dubai,DXB,Pharmacy,,"Nect to Reel Cinemas, The Point, Palm Jumeirah, Dubai",0097145610000
Town Square Life Pharmacy - Dubai,DXB,Pharmacy,,"Unit No. 4, Ground Floor, Town Square Development Zahra Apartments, Dubai, UAE",0097145610000
Yassat Life Pharmacy (Mercure Hotel) - Dubai,DXB,Pharmacy,,"Shop 1, Yassat Gloria hotel , Tecom, Sheikh Zayed Road, Dubai",0097143792799
Zabeel Pharmacy (Business Bay) - Dubai,DXB,Pharmacy,,"Shop No. 2, Blue Bay Tower, Marasi Drive Street, Business Bay, Near to Steigenberger, Dubai",0097145897129
Access Pharmacy 3 - DIP2 - Dubai ,DXB,Pharmacy,,"Shop No:8, 550 SQFT.AT, Plot # 597-874, DIP-2, Near to Access Clinic DIP
",0097142672946
Aster Al Hayat Pharmacy - Dubai,DXB,Pharmacy,,"Shop No 3,Easa Saleh Al Gurg Building,Near to Al Adil Super Market, Rolla Street, Burdubai, Dubai		
",0097143552633
Aster Hospital Pharmacy - Dubai,DXB,Pharmacy,,"Kuwait Street, Mankhool Next to Sharaf DG_x000D_
P.O. Box: 8703",0097143814943
Aster Pharmacy 104 (Al Warqa 1) Dubai,DXB,Pharmacy,,"Shop No. 1, Hanbal Shafie Al Madani Bldg. Al Warqa 1, Dubai",0097142829440
Aster Pharmacy 110 - Dubai,DXB,Pharmacy,,"Mandarin Building, Ground floor, Street 13A, Oud Mehtha, Near Lamcy Plaza
",00971443963158
Aster Pharmacy 126 - Dubai,DXB,Pharmacy,,"Mohammed & Rashed Khalifa Building, Iranian School Road, Opp: Wall Street Exchange, Karama, Burdubai
",0097143967100
Aster Pharmacy 143 - Dubai,DXB,Pharmacy,,"The Ribbon Building 3, Al Hebiah First , Plot 94- 0, Motor City, Dubai
",0097144430474
Aster Pharmacy 144 - Dubai,DXB,Pharmacy,,"Shop 5 & 6, Al Maalik Buiding, Al Shab, Near to Talal Super Market, Hor Al Anz
",0097142212250
Aster Pharmacy 147 - Dubai,DXB,Pharmacy,,"Aster Jubilee Medical Complex, Khaleed Bin Al-Waleed Street, Near to Al Fahidi Metro Station, Burdubai
",0097143254026
Aster Pharmacy 202 - Dubai,DXB,Pharmacy,,"Bin Sougat Center, Airport Road, Al Rashidiya, Near Metro Station, Dubai ",0097142540474
Aster Pharmacy 204 - Dubai,DXB,Pharmacy,AL QUSAIS FIRST,"Al Qusais Building, Damascuss Street, Near Grand hotel, Al Qusais First, Dubai			
",0097142203889
Barsha Rose Gardens Pharmacy - Dubai ,DXB,Pharmacy,,"Shop # 1, Rose Gardens Hotel Apartment Bldg, Al Barsha 1, Dubai
",0097143792990
C C S Life Pharmacy - Dubai,DXB,Pharmacy,,"Unit No. 2, Ground Floor, Shindagha City Centre, Bur, Dubai",0097145610000
Deira Life Pharmacy - Dubai ,DXB,Pharmacy,,"Shop#2,State 1 building, Abubaker Al Siddique Road,  Rigga, Dubai. email: insurance@life-me.com 
",0097142380116
Dubal Pharmacy (Aster) - Dubai,DXB,Pharmacy,,"Dubai, UAE",0097148022684
Fawagee Pharmacy - DXB ,DXB,Pharmacy,,"P.O. Box: 71246
Dubai, UAE",0097142894111
Hala Pharmacy 14 - Dubai,DXB,Pharmacy,,"Shop No.1, Marina Diamond 5 (A) Dubai Marina, Dubai
",0097144305460
Health First Pharmacy 1 - Dubai,DXB,Pharmacy,,"Tamin House, Tecom",0097144377533
Health First Pharmacy 25 - Dubai,DXB,Pharmacy,,"Souk Extra Shopping Center-Barsha, Shop No S6, Grd Flr,Barsha-2,Next to Barsha 2-Park3",0097143992116
Health First Pharmacy 33 - Dubai,DXB,Pharmacy,,Shop No(G/A7) Al Kifaf Residential Building Al Karama Dubai,0097143963068
Health Point Pharmacy (Al Barsha) Dubai,DXB,Pharmacy,AL BARSHA SOUTH FOURTH,"Unit No. 2 & 3, Chaimaa Premiere, JVC, Al Barsha South Fourth, Dubai",0097145610000
Ibn Sina Pharmacy (31) - Dubai (Alphamed),DXB,Pharmacy,,"P.O. Box: 11245_x000D_
Mizhar",0097148105555
Life Al Hamriya (Br of Life Pharmacy LLC) - Dubai,DXB,Pharmacy,,"Unit A, Ground floor, Fathima Hypermarket, Khalid Bin Al Waleed Rd., Bur Dubai, Dubai	",0097143571148
Life Al Nahda Pharmacy - Dubai,DXB,Pharmacy,,"Shop # 3, Twin Tower, Plot # 241-555, Al Nahda , Dubai 
",0097142636919
Life Mayfair Pharmacy -Dubai ,DXB,Pharmacy,,"S-02, Mayfair residence Tower, Business bay, Dubai
",0097145516840
Life More Pharmacy (Marabea' St.) Dubai ,DXB,Pharmacy,,3 Al Marabea' St - Dubai,0097142882044
Life Pearl Pharmacy - Dubai ,DXB,Pharmacy,,"Shop#9, Marina pearl Buldg,Dubai Marina,Dubai
",0097145516770
Life Pharmacy - Lamcy Branch - Dubai,DXB,Pharmacy,,"Unit 134, Next to I care Clinic, Ground Floor, Lamcy Plaza, Dubai
",0097145610000
Life Pharmacy 19 (Mirdif) Dubai,DXB,Pharmacy,,"Inside Carrefour, Mirdif City Centre, Dubai",0097145610000
Life Pharmacy 4 - Dubai ,DXB,Pharmacy,,"Shop LF15, Metro Link, Ibn Battuta, Dubai
",0097142779199
Life Pharmacy 7 - Dubai,DXB,Pharmacy,,"Al Furjan South-Unit # FRJP-R-24, Jebel Ali, Dubai
",0097543098682
Life Pharmacy 8 (Br of Life Pharmacy LLC) - Dubai,DXB,Pharmacy,,"Unit no. F11H, First Floor, Mall of Emirates, Dubai	
",0097145610000
Life Pharmacy Two - Dubai ,DXB,Pharmacy,,"Al Kawakeb Bldg A, 1st Interchange,Sheikh Zayed Road, Dubai
",0097143550057
Life Vision Pharmacy - Dubai ,DXB,Pharmacy,,"Shop G+1, Vision Tower, Business Bay, Dubai		 
",0097145543255
Marina Old Town Pharmacy - Dubai,DXB,Pharmacy,,"P.O. Box: 72640_x000D_
Dubai, U.A.E_x000D_
",0097144201172
Marina Palm Pharmacy - Dubai,DXB,Pharmacy,,"P.O. Box: 72640
Dubai, U.A.E
",0097144355963
Marina Pharmacy Golden Mile 2 - Dubai,DXB,Pharmacy,,"Golden Mile Two Building, GoIden Mile Souq, Palm Jumeirah, Dubai		accounts@marinapharmacy.com/insurance@marinapharmacy.com
",00971522133626
Medicina Pharmacy 5 - Dubai,DXB,Pharmacy,,"Grand Midwest View Hotel Apartment, Shk Zayed Road, Al Barsha 1, Dubai",0097143794954
Medicina Pharmacy 6 - Dubai,DXB,Pharmacy,,"Al Attar Business Centre, Al Barsha 1, Sheikh Zayed Road, Dubai",0097143993370
Medicom 14 - Madina Mall - Dubai,DXB,Pharmacy,,"Madina Mall, Shop 1 17, Al Qusais
",0097142558733
Medshop Gardens Pharmacy- Dubai,DXB,Pharmacy,,"Zen Cluster, Discovery Gardens
, Bldg 9 Shop No: 3
Discovery Gardens",0097144329596
Nature's Life Pharmacy Dxb ,DXB,Pharmacy,,"Al Wasl Road , Dubai, Jumeirah
",0097143441122
New Al Nahda Pharmacy - Dubai,DXB,Pharmacy,,"No. 1 Al Nahda 3 bldg, Bfre Emts Star Hotel Apart, Dubai
",0097142672855
New Al Shifa Pharmacy - Dubai,DXB,Pharmacy,,"Builing No:20, Russian Cluster,Int'l City
International City
P. O. Box: 50585",0097144227474
New Aster Pharmacy JLT - Dubai,DXB,Pharmacy,,"Shop no. G011-b, Red Diamond Building JLT
",0097143697728
New Motor City Pharmacy - Dubai,DXB,Pharmacy,,"Uptown Motor city retail, Block B, NW Motor city, Dubai
",0097144474022
New Spring Pharmacy (Br of Life Pharmacy LLC) - Dubai,DXB,Pharmacy,AL THANYAH FIRST,"Unit No. NSPV-FF-26, The New Spring Village, Dubai		
",0097145610000
Oasis Life Pharmacy - Dubai ,DXB,Pharmacy,,"Residential Oasis, Ghusias, Dubai
",0097142586774
Royal Marina Pharmacy - Dubai ,DXB,Pharmacy,,"Al Barsha, Opp Abidos Hotel,Dubai
",0097143475991
Safa Society Pharmacy-DXB ,DXB,Pharmacy,,"Union Co-operative Building Opposite Safa Park, Jumeirah",0097143946618
Samer Pharmacy - Dubai ,DXB,Pharmacy,,"Shk.Hamdan Colony, Karama, Dubai
",0097143971909
Town Life Pharmacy-DXB ,DXB,Pharmacy,,"Mirdiff Uptown  (Welcare Clinic), Dubai
",0097142848355
Uptown Pharmacy - Dubai,DXB,Pharmacy,,"J3 Mall, 1st Floor, Al Wasl Road, Al Manara, Dubai, UAE
",0097143392762
Zayd Pharmacy - Dubai ,DXB,Pharmacy,,"Shk. Zayed Road, Dubai",0097143291325
ALQUOZ ADVANCED CARE PHARMACY LLC,DXB,Pharmacy,AL QOUZ SECOND,"PASON'S SUPERMARKET BUILDING, BEHIND JOTUN PAINT FACTORY, AL QUOZ 2
",97142355222
Khalidha Pharmacy - Dubai,DXB,Pharmacy,,"1st Floor, Office 103 &104, Shehar-E-Karachi Restaurant Bldg., Latifah Bint Hamdan St., Al Quoz Industrial Area -3, Dubai
",0097143952885
AL AHLI MEDICAL CENTER LLC-FUJAIRAH,FUJ,Clinic,,"HAMAD BIN ABDULLAH ROAD
1ST FLOOR, HSBC BANK BUILDING
",97192220228
Al Sharq Medical Centre - Cosmomed (Al Etihad) Fujairah,FUJ,Clinic,,"Al Etihad, P.O. Box: 2766, Fujairah - UAE Fujairah",0097192249545
Dr. Yasser Seif Dental Clinic - Fujairah,FUJ,Clinic,,"M-02, Al Yasmeen Building, Hamad Bin Abdullah Street, Fujairah, UAE  email: dryasserins@gmail.com",0097192222321
Smiles R Us For Dentistry (Rugaylat Rd) Fujairah,FUJ,Clinic,,"Rugaylat Road, Al Hail Tower, Fujairah",0097192224868
Fujairah Port Medical Center (Fujairah Sea Port) Fujairah,FUJ,Clinic,,"Inside Fujairah Sea Port, Near Duty Free, Khorfakkan-Fujairah Road, P.O. Box: 1195, Fujairah",97192228678
Al Hayl Medical Centre (Al Hayl) Fujairah,FUJ,Clinic,,"Al Hayl Ind. Area, Opposite Fijairah Plastic Factory, P.O Box 4803, Fujairah, UAE",0097192221920
Makkah Medical Center (Eid Musalla Rd.) Fujairah,FUJ,Clinic,,"1st Floor Flat No. 104, Same Building of Al-Atlal Car Accessories, Beside Royal Hotel Apartment, Opposite Masjid Omar Al Khatab & Eid Musalla, Fujairah
",97192225051
East Coast Ahalia Pharmacy ( Ahalia Group),FUJ,Pharmacy,,"GROUND FLOOR, NORTHERN AL AHLIAH MEDICAL COMPLEX, FATHIMA ROUND ABOUT, E89, AL GURFA  ",97192235744
Al Khan Pharmacy (Eid Musalla Rd) Fujairah,FUJ,Pharmacy,,"Eid Musalla Road Opposite to Masjid Umar Alkhatab Barakat Building
",0097192234154
Aster Pharmacy (Hamad Bin Abdulla Rd) Fujairah,FUJ,Pharmacy,,"Emirates Spring Building - Hamad Bin Abdulla Rd - Fujairah
",97192238322
Medicina Pharmacy 20  (Sheikh Hamad Bin Abdullah St.) Fujairah,FUJ,Pharmacy,,"Sheikh Hamad Bin Abdullah Street, Next Fuala, Fujairah POP Box: 1298",97192235894
Health First 19 Pharmacy (Hamad Bin Abdulla St) Fujairah,FUJ,Pharmacy,,"Hamad Bin Abdulla St., Dibba - Fujairah",0097192444376
Health First Pharmacy 18 (Skh. Zayed Bin Sultan St.) Fujairah,FUJ,Pharmacy,,"Skh. Zayed Bin Sultan St., Nr Thomas Cook Money Exchange, P.O.Box No. 232, Fujairah, UAE.",97192231540
Health First Pharmacy 26 (Murbah)  Fujairah,FUJ,Pharmacy,,"Souq Extra Fujairah Center, Murbah, Fujairah",97192373985
Taiba Pharmacy (Masafi-Fujairah Rd.) Fujairah,FUJ,Pharmacy,,"Opp. UAE exchange, Masafi-Fujairah Road - Fujairah",0097192564749
Health First Pharmacy 16 (Rugaylat Rd) Fujairah,FUJ,Pharmacy,,"Beside Commercial Bank of Dubai, Shaikh Hamad Bin Abdullah St., Rugaylat Rd., Fujairah",97192229295
Health First 20 Pharmacy (Dibba) Fujairah,FUJ,Pharmacy,,"Muhalab St., P.O Box No. 232, Dibba, Fujairah, UAE.",97192447064
Medicina 28 Pharmacy (Dibba) Fujairah,FUJ,Pharmacy,,"Safeer Centre Next to NBAD, Dibba, Fujairah",97192441604
Health First Pharmacy 17 (Al Shuraia) Fujairah,FUJ,Pharmacy,,"Opp. Century Mall, Al Shuraia, Palace street, Fujairah",97192230340
Al Manara Pharmacy (Century Mall) Fujairah,FUJ,Pharmacy,,"Century Mall, Al Qasar Rd، Near Umbrella Beach, Fujairah",97192234792
Health First Pharmacy 21 (Al MAdhab) Fujairah,FUJ,Pharmacy,,"Dana Plaza Cinema Bldg., 1st Floor, Al Madhab St., Al MAdhab, Near KM Trading, Cinema Plaz",0097192234518
Lulu Dibba Pharmacy (Dibba) Fujairah,FUJ,Pharmacy,,"Lulu Hypermarket, Dibba, Fujairah",97192431399
Aster Pharmacy 8 (Century Mall) Fujairah,FUJ,Pharmacy,,"Rugaylat Rd Century mall - Fujairah
",97192230701
Al Ghail Medical Centre - Ras Al Khaimah,RAK,Clinic,,"AL GHAIL SHOPPING CENTRE (MOHD. SHAAMS RASHID AL MAZROOI BLDG),  ",0097172589464
Al Saada Specialized Medical Center (Nakheel) Ras Al Khaimah,RAK,Clinic,,"Room 504, 5th Floor Nakheel Tower, Opposite Rak Mall, Nakheel, Ras Al Khaimah",009712330500
RAK Dental Care & Implant Centre (Al Qassimi St) RAK,RAK,Clinic,,"304 NS Tower Al Qassimi Street, Near Mangrove Hotel, Corniche, Ras Al Khaimah
",97172330443
RAK Smile Dental Clinic (Al Nakheel) RAK,RAK,Clinic,,"Nakheel, Concord Building, Mezzanin Floor M03, Back of Gulf Hypermarket, Ras Al khaimah",97172260804
Retaj Medical Center (Al Dhait) RAK,RAK,Clinic,,"Sheikh Muhammed Bin Salem Rd, Near KFC and Pizza Hut, Al Dhait South B, United Insurance Building F1 - Ras Al Khaimah",0097172359818
Al Rafidain Medical Center (Al Kharran) RAK,RAK,Clinic,," NEAR KHARAN ROUNDABOUT, AL  ANSARI BUILDING, Al Kharran, Ras Al Khaimah, UAE",97172335500
Bright Dental Centre ( Al Muntasir Rd.) RAK,RAK,Clinic,,"P.O. Box: 7933 Golf Tower, Near Shobra, RAK Mall,  Al Muntasir Rd. - Ras al Khaimah",97172282228
Health Medical Center (Khuzam) -Ras Al Khaimah,RAK,Clinic,,"Opposite Khalid Huriah Restaurant, Khuzam, Ras Al Khaimah",0097172334041
Nexus Medical Clinic (Jazeera Al Hamra) RAK,RAK,Clinic,,"NATIONAL GAS CO`S BUILDING,  AL HAMRA, RAS AL KHAIMAH",97172332134
Al Afia Medical Centre (Al-Jazeera) RAK,RAK,Clinic,,"AL JAZEERA PORT ROAD, NEAR AL HAMRA PHARMACY, RAS AL KHAIMAH",97172447323
Al Ahlia Pharmacy Rak Branch (Ahalia Group),RAK,Pharmacy,,"CREEK PLAZA BUILDING, GROUND FLOOR, AL JAZAH ROAD  ",97172275993
Aster Pharmacy - Branch 2 (Al Dhait South) RAK,RAK,Pharmacy,,"Ali Sultan Ali Onwan Al Neimi Building Opp. Birla Institute of Technology Al Dhait South, Ras Al Khaima,U.A.E
",0097172361664
Medicina 27 Pharmacy - Ras Al Khaimah,RAK,Pharmacy,,"Safeer Market, Al Qawasim Corniche, RAK",0097172332580
Health First Pharmacy 22  - Ras Al Khaimah,RAK,Pharmacy,,"P.O.Box: 22625 Sharjah
Al Manar Mall
Ras Al Khaimah, UAE",0097172274848
Hala Pharmacy 21 (Al Nadiyah) Ras Al-Khaimah,RAK,Pharmacy,,"Opposite to Emirates Market ,Sheikh Muhammad Bin Salem Road,Al Nadiyah ,Ras Al Khaimah 
",97172369729
Hala Pharmacy 34 (Al Nakheel Area) Ras Al Khaimah,RAK,Pharmacy,,"Opp Manar Mall, Al Nakrheel Area, Ras Al Khaimah, UAE",0097145610000
Al Lulu RAK Pharmacy - RAK,RAK,Pharmacy,,"Lulu Hypermarket, RAK Mall, Ras Al Khaimah",0097172264393
Aster Pharmacies Group (Safeer Mall) RAK,RAK,Pharmacy,,"Shop No.GF50, Safeer Mall, Airport Road,Ras Al Khaimah
",0097172352213
Aster Pharmacies Group Branch 1 (Al Mataf Road) RAK,RAK,Pharmacy,,"Opp. Al Khaleej Supermarket, Al Mataf Road, Julan, After Adaf Round about,RAK",0097172681224
Hala Pharmacy 23 (Al Dhaid) RAK,RAK,Pharmacy,,"My City Centre, Al Dhaid, Ras Al Khaimah – UAE
",97172355984
Health First Pharmacy 50 (Al Nadeya) RAK,RAK,Pharmacy,,"Shk Ahmed Ben Sagar Bldg., Al Nadeya, Opp RAK Bank, Shk Mohd Bin Salem Rd, RAK",97172358018
Al Manara Pharmacy - Ras Al Khaimah,RAK,Pharmacy,,"Corniche Tower Plaza 3
Plat No. 2 Corniche Al Qawasim Street
P.O. Box: 181513",0097172339422
Medicom 23 (Al Kharan)  RAK,RAK,Pharmacy,,"Airport Road, Al Kharan, Opp: Bin Zahir Boys School,Ras Al Khaimah, UAE
",0097172441433
Hala Pharmacy 25 (Manar Mall) RAK,RAK,Pharmacy,,"Unit no. 123, Ground floor, Manar Mall, Ras Al Khaimah
",97145610000
Health First Pharmacy 14 (Al Rams) RAK,RAK,Pharmacy,,"Opposite of Al-Ruwais Cafeteria, Al Rams Street, Al Rams, Ras Al Khaimah, UAE",0097172662295
Hala Pharmacy 22 - Ras Al-Khaimah ,RAK,Pharmacy,,"Sheikh Rashid Bin Saeed Road ,Al Kharran , Ras Al Khaimah 
",0097172433432
Hala Pharmacy 36 (Al Kharain Area) Ras Al Khaimah,RAK,Pharmacy,,"Shop No. 5, Block 6, on Plot No. 406060029, Al Kharain Area, RAK, UAE",0097145610000
Al Dallah Medical Centre (Rolla) Sharjah,SHJ,Clinic,,"1st Floor 103, Souq Al Rolla Building, Opposite KM Trading centre, Near to Sunrise Supermarket",0097165614266
Al Mueed Medical Centre LLC - Sharjah,SHJ,Clinic,,"Saif Al Midfa Building, 1st Floor, arabian Gulf Street, Al Nabba, Sharjah",0097165631429
Al Shamil Medical Centre LLC - Sharjah,SHJ,Clinic,,"Al Wasit St, ADIB Building, 1st Floor, Flat No. 113, Samnan Area, Sharjah",0097165663343
Al Zeyarat Medical Centre - Sharjah,SHJ,Clinic,,"Villa 205, Sheikh Zayed Street, Samnan, Near Union corp Halwan, Sharjah",0097165668966
Annie Dental Centre (Abu Shagara) Sharjah,SHJ,Clinic,,"Al Jabri Bldg. Opp. Abu Shagara Etisalat Flat No. 103/104, Sharjah",0097165594454
Kedar Dental Centre (Buhaira Corniche) Sharjah,SHJ,Clinic,,"Ameer Bukamseen Tower, Flat No 108, 109, 110, Buhaira Corniche, Sharjah",0097165544001
Al Bisharah Medical Centre (Majaz 3) Sharjah,SHJ,Clinic,,"Flat No. 706 & 705, Sarah Al Emarat Tower, Corniche Al Buhairah, Majaz 3, Sharjah
",0097165544731
Al Mansour Medical Centre - Sharjah,SHJ,Clinic,,"Flat 101, City Compass Tower, Buhairah Corniche, Sharjah",0097165372050
Al Nahda Medical Center (Bukhara St) Sharjah,SHJ,Clinic,,"Al Daghaya Tower, 2nd Floor, 201, 202, Bukhara Street, Sharjah",0097165384466
Al Rahah Medical Center - Sharjah,SHJ,Clinic,,"Industrial Area 2, Near Sedana Signal, Above Asia Pharmacy, Sharjah, UAE alternate email: rahaclinic.sharjah@gmail.com",0097165425260
Al Shams Medical & Diagnostic Centre - Sharjah,SHJ,Clinic,,PO Box 150461,0097165353004
Care Medical Centre - Sharjah,SHJ,Clinic,,"1st Floor, NWAEM, Centre, WAsit Street, Al Shahba, Sharjah, UAE",0097165455501
Central Medical Polyclinic (Suk Al Markazi)  Khor Fakkan,SHJ,Clinic,,"Khorfakkan, Suk Al Markazi, Nect to Alsafeer Centre, Sharjah, UAE",0097192387649
Dallas Medical Centre - Sharjah,SHJ,Clinic,,"Villa 386B Wasit Road, Al Falaj Sharjah",0097165627778
Helal Kalba Medical Clinic (Kalba Street) - Sharjah,SHJ,Clinic,,"Maryman Rashid Muhammad Building Opp. Sharjah Coorperative Society, Kalba Industrial Area, Sharjah",0097192776886
Mampilly Medical Center (Rolla)- Sharjah,SHJ,Clinic,,"SHARJAH GOLD CENTER (1 FLOOR) NEXT TO KM TRADING, ROLLA , SHARJAH  Email: mmcinsurance2019@gmail.com
",0097165616464
 N.M.C DENTAL CENTRE LLC,SHJ,Clinic,,"3rd Floor, Al Buhaira Bldg, Next to KFC, Buhaira Corniche, Sharjah,  UAE",97165738300
Al Kanary Medical Centre (Emirates Rd.) Sharjah,SHJ,Clinic,,"Ground & Mezzanine Floor, Fatima Saif Building, Emirates Road, Moweileh Commercial, Opposite UAE Exchange Centre, Sharjah, UAE",97165344439
Al Qasimiah Medical Clinic (Sajaa Industrial Area) Sharjah,SHJ,Clinic,,"1st Floor, Ali Mossa Building, Near Sharjah Cement Factory, Sajaa Industrial Area, Sharjah",0097165310050
Al Sabah Medical Centre (Muwailih) - Sharjah,SHJ,Clinic,,"Muwailih, Sharjah",0097165315001
Al Shams Medical Centre - Sharjah,SHJ,Clinic,,"Center Pilar R/A Near Investbank bldg. _x000D_
PO Box 34792 Sharjah  ",0097165424255
First Gulf Medical Center - Sharjah,SHJ,Clinic,,"Flat No: 102, 1st Floor,
Al Reem Building II, Muwailah,
Near National Paints,
Maliha Road (Sharjah-Kalba Road),
Sharjah - UAE.",0097165347573
Hannover Medical Center - Sharjah,SHJ,Clinic,,"Office 1902, Sarah Al Emarat Tower, Al Majaz 3, Corniche St., Sharjah",0097165433226
Newyork Medical Centre (Al Majaz 1) - Sharjah,SHJ,Clinic,,"401, Corniche Plaza 1, Buhaira Corniche, Opposite Marbella Resort & Holiday International, Sharjah, UAE",0097165223887
Peshawar Medical Centre LLC - Sharjah,SHJ,Clinic,,"Rolla Mall, 3rd Floor, Flat No. 308 & 309, Sharjah",0097165633755
Reem Al Nahda Medical Diagnostic Center - Sharjah,SHJ,Clinic,,"Al Nahda, In Front of Carrefour, Sharjah email: receivables@reemmedical.com ",0097165620831
Al Afdal Medical Centre - Sharjah,SHJ,Clinic,,"G8, Al Tawoos Building, Immigration Road, Al Mahatah, Sharjah, UAE",0097165623409
Dar Al Salam Medical Center LLC - Sharjah,SHJ,Clinic,,"Unit 14, Al Mubarak Hypermarket Building, Sharjah, UAE",0097165213535
Dr. Fawzia Aljeziri Medical Center Al Falaj - Sharjah,SHJ,Clinic,,"Villa 404, Al Wasit Street Al Falaj Area Sharjah",0097165252528
Al Ahalia Regional Medical Centre - Sharjah,SHJ,Clinic,,"Opp Etisalat, Al Musallah, Sharjah",0097165621700
Al Burj Al Thahbi Medical Centre (Industrial Area 3) - Sharjah,SHJ,Clinic,,"Industrial Area No. 3, Near Khansaheb Building
",0097165275553
Al Maliha Medical Centre (Main Road) Al Dhaid,SHJ,Clinic,,"Salem Bin Jersh Building, Opposite Etisalat, , Main Road, Al Dhaid, Sharjah, UAE",0097168823334
Al Safi Medical Center (Sajja) Sharjah,SHJ,Clinic,,"Al Sajaa Industrial Area, Sharjah",0097165551973
Al Shifa Al Uropi Medical Center - Sharjah,SHJ,Clinic,,"Qadissiya, Tiger Bldg., Ground Floor, Al Nahda, Sharjah",0097165376969
Liberty Medical Centre - Sharjah,SHJ,Clinic,,"Shop No. 2, Nayeli-3 Building, Abushaghara, Liberty Signal, King Abdul Aziz street, Sharjah  email:  lmcshj@hotmail.com; kmfeby@hotmail.com",0097165599379
Reem Medical Diagnostic Centre (Rolla) - Sharjah,SHJ,Clinic,,"Al Arouba Street, Juma Al Mutawa Bldg., Rolla, Sharjah",0097165620831
Yas Medical Center (Sajja) - Sharjah,SHJ,Clinic,,"Sajaa Industrial Area, Near Alimoosa Company",0097165361258
Al Arif Heart & Childrens Medical Centre LLC - Sharjah,SHJ,Clinic,,"Shop # 2, Al Andalus Tower, opposite to Al Mubarak Centre, Al Mujarrah, Sharjah",0097165639800
Al Barakah Polyclinic (Industrial Area 5) Sharjah,SHJ,Clinic,,"Industrial Area 5, Near Maaza Signal, Same Bldg. Emirates Keys, Sharjah",0097165431763
Al Shams Al Jadeed Medical Centre - Sharjah,SHJ,Clinic,,"Double Cola Road , Near Lacnor _x000D_
P.O BOx 60936 _x000D_
Sharjah, UAE _x000D_
",0097165397539
Al Shifa Al Khaleeji Medical Centre - Sharjah ,SHJ,Clinic,,"P. O Box 41347, Catterpillar road, Industrial Area – 2, Sharjah",0097165328558
Al Waha Medical Centre (Al Sharq St) Sharjah,SHJ,Clinic,,"Yousuf Al Serkal Bldg. No 16, Al Arooba Al Mujarrah, Sharjah",0097165654542
Al Yamamah Medical Centre - Sharjah,SHJ,Clinic,,"Enpi Building, First Floor, Flat No. 101 & 102, Industiral Area 10, 4th Industrial Street, Sharjah",0097165352160
Basmat Al Hayat Medical Center - Sharjah,SHJ,Clinic,,"Buhairah Corniche, Al Majaz 3, Sharjah, UAE",0097165655336
Lamasat Medical Center (Al Taawun)  - Sharjah,SHJ,Clinic,,"Al Taawun, Opposite Sharjah Expo Center Al Sham Tower, 2nd floor, Flat 204, Sharjah, UAE",0097165591619
Regal Medical Centre  (Muwailih) Sharjah,SHJ,Clinic,,"Flat 104, 1st Floor, Al Wadi Buidling, Kalba Road, above Jenoub Al Madina Supermarket, Muwailih, Sharjah email:vasudeva.dr@gmail.com",0097165354175
Dooa Clinic [ Hamriyah F.Z.] Sharjah,SHJ,Clinic,,"Near Emirates Post, Hamriyah Free Zone - phase 1, Sharjah",97165260188
Healers Medical Center [Abu Shagara] Sharjah,SHJ,Clinic,,"Al Thorya Tower, Sallm Bin Omair St., Abu Shagara, Sharjah - U.A.E",0097165539851
Limar Medical Centre (Buhaira Corniche) Sharjah,SHJ,Clinic,,"Al Shamsi Building, 3rd Floor, Above Madfoon Khaima, Buhaira Corniche, Sharjah",0097165744245
Riaz Medical Center - Sharjah,SHJ,Clinic,,"Al Shahba, Al Wasit Street, Sharjah, UAE",0097165583351
Siyad Specialist Medical Centre (Muwailih) Sharjah,SHJ,Clinic,,"Shop No. 1, Al Wadi Bldg. Maliha Road, Muweilah, Sharjah",0097165358305
Afdhal Ibtisamah Dental Clinic - Sharjah,SHJ,Clinic,,"Flat No. 206, Hilli 6 Building, King Faizal Street, Al Nud, Al Qasimia, Sharjah, UAE",0097165243338
Ahlan Medical Center (Al Nahda) Sharjah,SHJ,Clinic,,"Above Maharajan Discount Center, Opposite Sahara Center, P.O. Box: 1498, Al Nahda, Sharjah, UAE",97165305882
Al Darary Medical Centre (Industrial Area 1) Sharjah,SHJ,Clinic,,"Industrial Area 1, Behind Sharjah City Centre,  Sharjah",0097165336176
Al Faiez Medical Centre - Sharjah,SHJ,Clinic,,"Near Madam R/A Madam _x000D_
P.O Box 12744 _x000D_
Sharjah , UAE ",0097168861202
AL SAAD DENTAL CLINIC (AL TAWUN ST) - SHARJAH,SHJ,Clinic,,"NEXT TO PULLMAN HOTEL, AL SAAD TOWER 1, 2ND FLOOR, SHARJAH, UAE
",97165277255
Crystal Dental Clinic - Sharjah,SHJ,Clinic,,"Crystal Plaza Building, Block C, Flat 603, Sharjah",0097165623224
Emirates International Medical Centre ((Al Sharq St) - Sharjah,SHJ,Clinic,,"Al Rifah, Al Sharq Street, Villa No. 996, Sharjah",0097165226107
Marina Medical Center - Sharjah,SHJ,Clinic,,"P.O.Box 130083
Mezzanine Floor, Al Soor Building
Ibrahim Mohd Al Medfa Street
Above Lifeline Pharmacy, Al Soor Area
Al Mina Road, Sharjah
Sharjah, UAE
",0097165625234
Sameena Medical Centre (Al Nabba) Sharjah,SHJ,Clinic,,"Flat-101, Al Zahra Building (above Al Fardan Exchange), Clock Tower Roundabout, Sharjah",0097165636192
Sidrah Medical Centre (Al Tawoun St) - Sharjah,SHJ,Clinic,,"Al Mamzar 1, Al Tawoun St., Tiger Building 4, Mezanina Floor, Next to Al Amal Tower, Sharjah",0097165655657
Zaferulla Medical Centre- Sharjah,SHJ,Clinic,,"Tiger Building, Ground Floor, Flat No. 13 & 14, Sharjah",0097165443080
Class Medical & Diagnostic Center  - Sharjah,SHJ,Diagnostics,,"1st Floor, Al Orouba Street, Al Saud Tower, Sharjah EMAIL: classmedstar@gmail.com

Sharjah, UAE",0097165652332
Al Borj Medical Laboratory - Sharjah,SHJ,Diagnostics,,"P.O Box 73543,Crystal Plaza Bldg., 3rd floor, Office# 304, corniche buhaira st., sharjah, UAE",0097165752100
Al Durrah Radiology Center - Sharjah,SHJ,Diagnostics,,"Al Durrah Tower, 1st Floor, F4-F11, Corniche Al Buhaira, Sharjah",0097165569888
Al Ahliah Pharmacy,SHJ,Pharmacy,,"Abdulla Ismail Bldg., Sheikh Zayed Street, Opp Kalyan Silks, Near Clock Tower, Maisaloon - Zaikzaid, Sharjah, UAE",97165313698
Hala Pharmacy Branch 35 (Al Taawun Rd) - Sharjah,SHJ,Pharmacy,,"Shop No. 1, Arab Doctors Specialist center Building, Al Taawun Rd. Sharjah, UAE",0097145610000
Health First Pharmacy (Al Majaz 2) Sharjah,SHJ,Pharmacy,,"Corniche Shop No 4-2A, Ground Floor, Al Majaz 2, Buhairah Corniche, Sharjah",97165643275
Medicina 22 Pharmacy - Sharjah,SHJ,Pharmacy,,"Safeer Center Next to Kalba Health Complex, Kalba, Sharjah",0097162770371
Wajeat Al Khoor Pharmacy - Shj ,SHJ,Pharmacy,,"Buhaira Corniche ,Riviera Tower , Sharjah",0097165373883
Al Manarah Pharmacy (Al Taawun) Sharjah,SHJ,Pharmacy,,"Opp. Sharjah New Expo Center, Near Alarab Mall, Al Taawun Area, Sharjah",97165774665
Aster Pharmacies Group LLC - SHJ BR - Branch 5 - Sharjah,SHJ,Pharmacy,,"Shop No:1, Rashid Buiding, Near Al Madina Shopping center, University Road, Muwailiah,Sharjah ",97165538496
Aster Pharmacy 121 (Al Nahda) Sharjah,SHJ,Pharmacy,," Al Nahda Tower, Al Nahda,Opp Juma Al Majid Building 
",0097165544504
Aster Pharmacy 151 (Al Tawoon) Sharjah,SHJ,Pharmacy,,"Shop No.4, Mamzer 1 Tower, Opp. Sharjah Palace Hotel, Tawun Street, Al Tawoon,Sharjah",0097165453109
New City Pharmacy (Al Majaz) Sharjah,SHJ,Pharmacy,,"Al Majaz, Opposite of Buhairah Police Station, Sharjah",0097165593636
Hala Pharmacy - Branch 2 (Abu Shagara) Shj ,SHJ,Pharmacy,,"Shop # 4 & 5,Near to Abu Shagara Park, Sharjah
",97165759287
Hala Pharmacy - Branch 26 (Al Nasseriya) Sharjah,SHJ,Pharmacy,,"Opp. Carrefour, My City Centre, Al Nasseriya - Sharjah		
	
",97165220367
Hala Pharmacy Branch 33 (Buhaira Corniche) - Sharjah,SHJ,Pharmacy,,"Shop Unite No. 1 & 2, Golden Tower, Buheirah Corniche, Sharjah",0097145610000
Health First Pharmacy - Br3 (Khorfakkan) Sharjah,SHJ,Pharmacy,,"Al Safeer Center, Khorfakkan, Sharjah",97165725313
Lulu Al Buhairah Pharmacy (Buhairah) -Sharjah,SHJ,Pharmacy,,"Lulu Hypermarket Building, Buhairah, Sharjah",0097165641567
Masafi Pharmacy (Al Yarmouk) Sharjah,SHJ,Pharmacy,,"Ground Floor, Al Jurwan Building, Opposite Gold Centre, Al Yarmouk, Sharjah, UAE",97165732221
Medicina 24 Pharmacy - Sharjah,SHJ,Pharmacy,,"Al Nad Street, Near Dubai Islamic Bank, Qasimiya, Sharjah",0097165723255
Al Shualla Pharmacy (Safeer Mall)  Sharjah,SHJ,Pharmacy,,"Safeer Mall, Al Ittihad Road (Dubai-Sharjah Road) - Sharjah",97165313648
Hala Pharmacy - Branch 4 (Al-Ghuwair) Shj ,SHJ,Pharmacy,,"Persian Gulf Street, Al Khaleej Building, Near Sharjah Rotana Hotel, Al-Ghuwair, Sharjah
",97165627128
Hala Pharmacy Branch 42 (Butina) Sharjah,SHJ,Pharmacy,,"Unit #14 & 15, Ground Floor, Nesto Hypermarket, Butina, Sharjah",0097145610000
Sahara Life Pharmacy - Sharjah ,SHJ,Pharmacy,,"B-04, Next to Spinneys, Sahara Centre, Sharjah
",0097165566349
Al Barsha Pharmacy (Manama) Sharjah ,SHJ,Pharmacy,,"Shop # 1, Emirates & Al Manama Centre,next to fire station Roundabout Sharjah",0097165754046
Al Majaz Pharmacy (Al Majaz 1) Sharjah,SHJ,Pharmacy,,"Luta Building, Jamal Abdur Nasir Street, Al Majaz 1, Al Majaz District, Sharjah",97165599799
Aster Pharmacy 125 (Al Tawoun) Sharjah,SHJ,Pharmacy,,"Al Deyar Buiding, Near Tawoun R/A, Al Tawoun, Sharjah
",0097165303016
Aster Pharmacy 133 - Sharjah,SHJ,Pharmacy,,"Al Sharq Street,Next to Fine Fair, Butina, Opp: Sharjah Cop Soceity
",0097165619322
Aster Pharmacy 203 (Al Taawun) Sharjah,SHJ,Pharmacy,,"Same Building of Arab Doctors Clinic Al Taawun , Sharjah, UAE
",97165396955
Experts Pharmacy (Al Zahra St.) Sharjah,SHJ,Pharmacy,,"Opposite Umm Qura Bookshop, Near Nassiraya Police Station, Al Zahra Street, Sharjah, UAE",97165654635
Hala Pharmacy Branch 7 (Al Majaz 2) Shj,SHJ,Pharmacy,,"Al Zaabi Building, Plot No. 315, Jamal Abdul Nassar Street, Next-Istanbul Supermarket, Sharjah",97165506126
Hala Pharmacy LLC Branch 44 (Sahara Centre) Sharjah,SHJ,Pharmacy,,"Unit 162, Ground Floor, Sahara Centre, Sharjah",0097145610000
Health First Pharmacy - Branch 7 (Al Khan) Sharjah,SHJ,Pharmacy,,"Shop No. K05 to K07, Ground Floor, Opposite Carrefour, Matajer MAll, Al Khan, Sharjah",0097165285143
Lulu Al Nahda Pharmacy - Sharjah,SHJ,Pharmacy,,"Lulu Hypermarket, Al Nahda, Sharjah",0097165454611
Al Fardan Centre Pharmacy (Buhaira) Shj ,SHJ,Pharmacy,,"Shop No. G-16-20, Inside Al fardan centre, Buhaira Conrniche Road - Sharjah
",97165752809
Al Mawadah Pharmacy - Sharjah,SHJ,Pharmacy,,"Immigration Road - Sharjah
",0097165744878
Al Najim Al Azraq Pharmacy (Al Ittihad Rd) Sharjah,SHJ,Pharmacy,, Shop No.1 Damas 57 Building Next to Ansar Mall - Al Ittihad Rd - Sharjah,97165288851
Aster Pharmacy 107 (King Faisal St.) Sharjah,SHJ,Pharmacy,,"Al Khayyal Mosque, Hassan Baba Hassan Building, King Faisal St., Sharjah, UAE
",97165734704
Aster Pharmacy 122 (Abu Shagara) Sharjah,SHJ,Pharmacy,,"Aster building, Near aster clinic, Near Abu Shagara Park, Abu shagara",0097165570996
Bin Sina Pharmacy - Sharjah Corniche Branch,SHJ,Pharmacy,,"Al Majaz, Corniche Plaza, Corniche St.,  Buhairah 2 Building, Sharjah
",0097165726885
Cristal Pharmacy ( Al Taawun St.) Sharjah,SHJ,Pharmacy,,"Near Emirates NBD Bank, Al Taawun Street, Sharjah",97165773100
Hala Pharmacy - Branch 18 (Al Majaz 1) Sharjah,SHJ,Pharmacy,,"Shop G2, Salem Tower (Plot 430), Near United Arab Bank,oppt to Al Noor Mosque, Al Majaz 1, Sharjah",97165561718
Hala Pharmacy - Branch 8 - Shj ,SHJ,Pharmacy,,"Hala 8 Pharmacy - Shop No 4,Zubaidi Bldng, Al Majaz, Sharjah  
",0097165516022
Hala Pharmacy - Branch 9 (Arouba St.) Shj ,SHJ,Pharmacy,,"Shop # 1 & 2,Al Arouba Build,Al Arouba Street,Sharjah
",97165519865
Health First Pharmacy Branch 6 (Al Sharq St.) Sharjah,SHJ,Pharmacy,,"Shop No 1, Al Sharq Street, Sharjah Co-Operative Society, Sharjah, UAE
",0097165650415
Lulu Al Falah Pharmacy - Sharjah,SHJ,Pharmacy,,"Lulu Hypermarket, Al Wahda Street, Sharjah",0097165362225
Medicina 25 Pharmacy - Sharjah,SHJ,Pharmacy,,"Al Wasit Street, Al Shahba Area, Near to Dr. Sunny Medical Center, Sharjah",0097165660741
Salim Pharmacy (Al Majaz 1) Sharjah,SHJ,Pharmacy,,"Salem Tower, Buheira, Corniche Road,  Near Al Noor Mosque, Al Majaz 1, Al Majaz, Sharjah",97165736262
Aster Pharmacy (Al Nahda) Sharjah,SHJ,Pharmacy,,"Beside Nahda Park, Opposite to Carrefour express, Al Nahda, Sharjah
",0097165253663
Aster Pharmacy 140 (King Faisal St.) Sharjah,SHJ,Pharmacy,,"Sultaco Building, King Faisal Street, Sharjah		
",97165445001
Bin Sina Grand - Sharjah,SHJ,Pharmacy,,"Majeed Bldg., Near Al Masa Cinema, Buhairah St., Sharjah
",0097165567662
Golden Life Pharmacy - Shj ,SHJ,Pharmacy,,Between Tawun Mall & Qasba Channel - Sharjah,97165775501
Hala Pharmacy (Al Qassimia) Sharjah,SHJ,Pharmacy,,"Shop # 12,13 & 14,Opposite to Mega Mart, Al Qassimia, Sharjah
",97165515213
Manara Al Corniche Pharmacy - Sharjah,SHJ,Pharmacy,,"Al Buhaira Area, Latifa Towel Building 
Sharjah
P.O. Box: 43451",0097165514180
Medicina 23 Pharmacy - Sharjah,SHJ,Pharmacy,,"CENTRAL SHARJAH SHOP #02, SHEIKH RASHID BIN SAQR ALQASIMI STREET, HALWAN SUBURB, SAMNAN SHARJAH",0097165303980
Waseem Pharmacy (Al Taawun) Sharjah,SHJ,Pharmacy,,"DAFCO Building, Taawun Area - Sharjah, UAE",97165770930
Al Manara University Pharmacy - Sharjah,SHJ,Pharmacy,,Sharjah,0097165589004
Aster Pharmacy 108 (Rolla) Sharjah,SHJ,Pharmacy,,"Ibrahim Mohamed Al Medfaa Street, Next to SATA, Um Al Tarafa Area, Rolla, Sharjah, Near to Access Clinic
",0097165610012
Aster Pharmacy 139 (Khorfakkan) Sharjah,SHJ,Pharmacy,Khor Fakkan Port,"Sheikh Khalid Road, Opposite to ADNOC Petrol Station, Next to Khorfakkan Police Station Round About, Khorfakkan",00971092371301
Hala Pharmacy - Branch 19 (King Faisal Street) Sharjah,SHJ,Pharmacy,,"Shop No.4 & 5, Al Alami Centre -1 , Near Spinneys King Faisal Street, Sharjah",97165560640
Hala Pharmacy - Branch 28 - Oasis Mall - Sharjah ,SHJ,Pharmacy,,"Shop 1, Unit No. 1006, Oasis Mall, Sharjah",0097145610000
Hala Pharmacy - Branch 3 (Al Nud) Shj,SHJ,Pharmacy,,"Shop No. 2, Bufyeer 222 Building, Near Al Bustan Hotel - Sharjah
",97165501340
Hala Pharmacy - Branch 5 (Al-Arouba St.) Shj ,SHJ,Pharmacy,,"Shop No. 1,2 &14, Rolla Building, Al-Arouba St., Sharjah
",97165218353
Hala Pharmacy Branch 11 (Al Ittihad Rd.) Shj,SHJ,Pharmacy,,"Shop No.2 Al Nahda Tower Sharjah same old Chachos Near to Safeer Mall - Al Ittihad Rd - Sharjah
",97165454123
Haramain Pharmacy (Al Nahda) Sharjah,SHJ,Pharmacy,,"Al Taheira Tower, Next to Al Madina Supermarket, Al Nahda, Al Nahda District, Sharjah, UAE",97165316779
Health First Pharmacy - Br4 (Al Matajer Mall) Sharjah,SHJ,Pharmacy,,"Al Matajer Mall, Wasit Area, Shop No 1, Sharjah",97165534225
Health First Pharmacy Br 2 (Al Wahda St.) Sharjah,SHJ,Pharmacy,,"Al Wahda Street, Sharjah, UAE",97165336128
Al Dhia Pharmacy (Muwaileh St)- Sharjah,SHJ,Pharmacy,,"Opp. Udday Bin Hatem Mosque, Near UNiversity City Road, Muwaileh, Sharjah",0097165771561
Al Mansoor Pharmacy (Al-Wahda St.) Sharjah,SHJ,Pharmacy,,"Near City Centre, Al Wahda St. P.O. Box: 737, Sharjah, UAE",97165591700
Al Taif Pharmacy (Muwailih) Sharjah ,SHJ,Pharmacy,,"Shop # 2 & 3, Nesto Hypermarket LLC-Branch 1, Muwailih Commercial, Sharjah",97165505411
Aster Al Buhairah Pharmacy (Al Buhairah) Sharjah,SHJ,Pharmacy,,"Sedar Bldg, Near Automatic Restaurant, Buhairah Corniche, Al Buhairah, Sharjah, UAE

",0097165444542
Hala Pharmacy - Branch 12 -Shj,SHJ,Pharmacy,,"Shop No 1,  Manazil Tower 1, Plot no 89, Al Qassimiya, Sharjah
",0097165519931
Hala Pharmacy - Branch 6 (Al-Majaz 3) Shj,SHJ,Pharmacy,,"Shop No. 2, Corniche B Building, Buhaira Conrniche Road, Al-Majaz 3,  Sharjah",97165372761
Medicom 17 (Ansar Mall) Sharjah,SHJ,Pharmacy,,"Ansar Mall, Al Nahda,Sharjah, UAE",97165313256
New Bin Sina Pharmacy- Sharjah,SHJ,Pharmacy,,"Mega Mall, Sharjah",0097165744066
Hala Pharmacy Branch 46 (Taawun) -Sharjah,SHJ,Pharmacy,,"Shop. No. 3, Al Shaam Tower, Al Taawun Roundabout, Sharjah",009714561000
Al Saha Pharmacy (Al Muwailah) Sharjah,SHJ,Pharmacy,,"Fire Station Road, Al Muwailah, Sharjah",97165426630
Aster Pharmacies Group LLC - SHJ BR - Branch 2 - Sharjah,SHJ,Pharmacy,,"Shop No.2, Bin Thareem Building, Muwailah Commercial Road, Near to Aster Clinic, Muwailah, Sharjah",97165321063
Aster Pharmacies Group LLC - SHJ BR - Branch 3 - Sharjah,SHJ,Pharmacy,,"1st Floor, Sharjah City Centre, Opp: Carrefour, Al Wahda Street, Sharjah",97165950110
Aster Pharmacy 106 (Al Ittihad Rd.) Sharjah,SHJ,Pharmacy,,"Goldensands Building, Al Ittihad Road ,Al Nahda, Near to Shafeer Mall
",0097165749669
Aster Pharmacy 153 (Al Nahda) Sharjah,SHJ,Pharmacy,,"Mubarak Building, University Road, Muweilah,  Sharjah, U.A.E",0097165220938
Hala Pharmacy - Branch 1 (Abu Shaghara) Shj ,SHJ,Pharmacy,,"Shop No. 1 & 2, K M Trading Shopping Centre, Abu Shaghara - Sharjah
",97165485898
Hala Pharmacy - Branch 10 (Al Nasserya) Shj,SHJ,Pharmacy,,"Hala Phy Br 10 - Showroom No 1, Bdng No 997, Al Nasserya, Sharjah 
",97165239833
Hala Pharmacy Branch 20 (City Centre) Sharjah,SHJ,Pharmacy,,"Unit B051, Sharjah City Centre ,Sharjah			",97165226348
Hala Pharmacy Branch 27 (Al Juraina) Sharjah,SHJ,Pharmacy,,"Unit no. J-040, Ground Floor, Matajer Al Juraina, Sharjah",97165526718
Al Inaya Al Mutaqadimah Pharmacy - Sharjah,SHJ,Pharmacy,,"Shop 2 Al Reem Bldg., 1 Muwailah, Maliha Road		
P.O. Box: 61456, Sharjah, UAE		
",0097165345663
Dr. Sunny Medical Center (King Faisal St.) Umm Al Quwain,UMQ,Clinic,,"King Faisal Street, Near Carrefour Market, P.O. Box 7641,Umm Al Quwain, UAE
",0097167666933
YASMED MEDICAL CENTER LLC (NEW INDUSTRIAL AREA) UMM AL QUWAIN,UMQ,Clinic,,"YASMED MEDICAL CENTER BUILDING	NEW INDUSTRIAL AREAPO BOX 533
",97165299064
Medicom Pharmacy 26 (King Faisal Rd.) UAQ,UMQ,Pharmacy,,"Manama Hypermarket, King Faisal Road - Umm Al Quawain
",97167649734
Health First Pharmacy 28 - UAQ,UMQ,Pharmacy,,"Saeed Muhamed Al Masafri, Ground Floor, King Faisal St., Old Souk, Popular Typing Center",0097167656180
Lulu Center Pharmacy (King Faisal Street) -Umm Al Quwain,UMQ,Pharmacy,,"Mall oF Umm Al Quwain, King Faisal street, Umm Al Quwain",00971501073671
Health First Pharmacy 12 - UAQ,UMQ,Pharmacy,,"P.O.Box: 22625 Sharjah_x000D_
Pharmacy Location_x000D_
Umm Al Quwain Main Road_x000D_
Umm Al Quwain, UAE",0097167656180
YASMED PHARMACY LLC (NEW INDUSTRIAL AREA) UMM AL QUWAIN,UMQ,Pharmacy,,"YASMED MEDICAL CENTER BUILDING	NEW INDUSTRIAL AREA PB BOX 533
",97165299064
Al Mulla Pharmacy - UAQ ,UMQ,Pharmacy,,"Umm Al Qaiwain UAE.
",0097167647364
