PROVIDER NAME,EMIRATE,PROVIDER TYPE,AREA,ADDRESS,TELEPHONE
CIGNA HEALTHGUARDSM NETWORK NETWORK TIER COMPREHENSIVE COMPREHENSIVE EXCL. AHD GENERAL AL GARHOUD PRIVATE HOSPITAL,DXB,Hospital,Dubai,,(04)4545000
AL JALILA CHILDREN’S SPECIALTY HOSPITAL FZ LLC,DXB,Hospital,Dubai,,(04)2811000
AL ZAHRA HOSPITAL,DXB,Hospital,Dubai,,(04)3786666
AMERICAN ACADEMY OF COSMETIC SURGERY HOSPITAL (AACSH) FZ LLC,DXB,Hospital,Dubai,,(04)4237600
ASTER HOSPITAL (ASTER),DXB,Hospital,Dubai,,(04)3814800
BELHOUL EUROPEAN HOSPITAL LLC,DXB,Hospital,Dubai,,(04)3454000
BELHOUL SPECIALITY HOSPITAL,DXB,Hospital,Dubai,,(04)2140301
BURJEEL HOSPITAL FOR ADVANCED SURGERY,DXB,Hospital,Dubai,,(04)4070100
CANADIAN SPECIALIST HOSPITAL DEIRA BRANCH,DXB,Hospital,Dubai,,(04)7072222
CEDARS JEBEL ALI INTERNATIONAL HOSPITAL ( CEDARS GROUP),DXB,Hospital,Dubai,,(04)8814000
DR. SULAIMAN AL HABIB HOSPITAL FZ-LLC,DXB,Hospital,Dubai,,(04)4297777
DUBAI LONDON SPECIALTY HOSPITAL (ALSO KNOWN AS DUBAI LONDON CLINIC),DXB,Hospital,Dubai,,(04)3782999
(DENTAL & DERMATOLOGY NOT COVERED ON DIRECT BILLING) EMIRATES HOSPITAL (DENTAL NOT COVERED ON DIRECT BILLING),DXB,Hospital,Dubai,,(04)3496666
EMIRATES SPECIALITY HOSPITAL FZ LLC (EMIRATES HOSPITAL GROUP),DXB,Hospital,Dubai,,(04)2484500
HATTA HOSPITAL ( DHA FACILITY),DXB,Hospital,Dubai,,(04)8147000
INTERNATIONAL MODERN HOSPITAL,DXB,Hospital,Dubai,,(04)3988888
IRANIAN HOSPITAL (DENTAL & OPTICAL SERVICES NOT ON DIRECT BILLING WEF,DXB,Hospital,Dubai,,(04)3440250
26.05.2011) NETWORK TIER COMPREHENSIVE COMPREHENSIVE EXCL. AHD GENERAL LIFELINE HOSPITAL (FORMERLY KNOWN AS JEBEL ALI HOSPITAL),DXB,Hospital,Dubai,,(04)8845666
MAGRABI EYE HOSPITAL (FORMERLY KNOWN AS MAGRABI SPECIALITY HOSPITAL),DXB,Hospital,Dubai,,(04)4370606
MEDCARE HOSPITAL LLC (VISITNG CONSULTANTS COVERED ONLY UPTO AGREED,DXB,Hospital,Dubai,,(04)4079100
MEDCARE TARIFFS) MEDCARE ORTHOPAEDICS & SPINE HOSPITAL (BR OF MEDCARE HOSPITAL L.L.C),DXB,Hospital,Dubai,,(04)3768400
MEDCARE WOMEN AND CHILDREN HOSPITAL (BR OF MEDCARE HOSPITAL (L.L.C)),DXB,Hospital,Dubai,,(04)3010888
MEDEOR 24 X 7 HOSPITAL,DXB,Hospital,Dubai,,(04)43500632
MEDICLINIC CITY HOSPITAL FZ LLC (MEDICLINIC GROUP),DXB,Hospital,Dubai,,(04)4359999
MEDICLINIC WELCARE HOSPITAL LLC (MEDICLINIC GROUP),DXB,Hospital,Dubai,,(04)2827788
MOORFIELDS EYE HOSPITAL DUBAI,DXB,Hospital,Dubai,,(04)4297888
NEUROSPINAL HOSPITAL,DXB,Hospital,Dubai,,(04)3420000
NMC ROYAL HOSPITAL LLC (NMC GROUP) (EX. NMC HOSPITAL LLC),DXB,Hospital,Dubai,,(04)8108800
NMC SPECIALTY HOSPITAL (NMC GROUP),DXB,Hospital,Dubai,,(04)2679999
PRIME HOSPITAL LLC (PRIME GROUP),DXB,Hospital,Dubai,,(04)2929777
SAUDI GERMAN HOSPITAL (SAUDI GERMAN GROUP),DXB,Hospital,Dubai,,(04)3890000
THUMBAY HOSPITAL DUBAI (THUMBAY GROUP),DXB,Hospital,Dubai,,(04)6030555
ZULEKHA HOSPITAL AL GHUSAIS,DXB,Hospital,Dubai,,(04)2678866
ABBARA POLYCLINIC,DXB,Clinic,Dubai,,(04)2685333
ABEER AL NOOR POLYCLINIC (FORMERLY KNOWN AS ABEER POLYCLINIC) (ABEER AL,DXB,Clinic,Dubai,,(04)2612248
NOOR GROUP) ABEER AL NOOR POLYCLINIC LLC BRANCH (ABEER AL NOOR GROUP),DXB,Clinic,Dubai,,(04)2343017
ABEER ALNOOR POLYCLINIC LLC BRANCH,DXB,Clinic,Dubai,,(04)2729966
ABRIS MEDICAL CENTRE LLC,DXB,Clinic,Dubai,,(04)3535356
ABUHAMOUR MEDICAL CENTRE,DXB,Clinic,Dubai,,(04)3635353
ACACIA MEDICAL CENTER,DXB,Clinic,Dubai,,(04)3445515
ACCESS CLINIC (BR OF DM HEALTHCARE LLC) (ASTER),DXB,Clinic,Dubai,,(04)2269828
ACCESS CLINIC ALQOUZ (ASTER),DXB,Clinic,Dubai,,(04)3217544
NETWORK TIER COMPREHENSIVE COMPREHENSIVE EXCL. AHD GENERAL ACCESS CLINIC BUR DUBAI (ASTER),DXB,Clinic,Dubai,,(04)3527300
ACCESS CLINIC DIP (BR OF DM HEALTHCARE LLC) (ASTER),DXB,Clinic,Dubai,,(04)8800408
ACCESS CLINIC DIP 2 (ASTER),DXB,Clinic,Dubai,,(04)8833028
ACCESS CLINIC FREEZONE BR OF DM HEALTHCARE LLC (ASTER),DXB,Clinic,Dubai,,(04)8806577
ACCESS CLINIC INTERNATIONAL CITY BR OF DH (ASTER),DXB,Clinic,Dubai,,(04)3606587
ACCESS CLINIC PERSIAN ZONE (ASTER),DXB,Clinic,Dubai,,(04)5520139
ACCESS CLINIC SONAPUR 2 (ASTER),DXB,Clinic,Dubai,,(04)2637279
ACCESS CLINIC SONAPUR BR OF DM HEALTHCARE LLC (ASTER),DXB,Clinic,Dubai,,(04)2510266
ADVANCE HEARING AND BALANCE CENTER,DXB,Clinic,Dubai,,(04)3422422
ADVANCED CARE MEDICAL CENTER (CAREPLUS GROUP),DXB,Clinic,Dubai,,(04)3397664
ADVANCED CARE MEDICAL CENTER BRANCH (CAREPLUS GROUP),DXB,Clinic,Dubai,,(04)8850788
ADVANCED CARE ONCOLOGY CENTER LLC,DXB,Clinic,Dubai,,(04)2854665
ADVANCED ORTHOSPINE HEALTH CENTER,DXB,Clinic,Dubai,,(04)3444828
ADVANCED SPECIALIST MEDICAL CENTER,DXB,Clinic,Dubai,,(04)2524666
AHD MEDICAL CENTER,DXB,Clinic,Dubai,,(04)2850364
AL ALIAA POLYCLINIC,DXB,Clinic,Dubai,,(04)3493600
AL ALIAA POLYCLINIC L.L.C. BRANCH,DXB,Clinic,Dubai,,(04)3214559
AL AMAL POLY CLINIC,DXB,Clinic,Dubai,,(04)3329833
AL AMAN MEDICAL CENTRE,DXB,Clinic,Dubai,,(04)2288490
AL AWEER MEDICAL CLINIC (ASTER),DXB,Clinic,Dubai,,(04)3333423
AL AZHAR CLINIC (BRANCH) (NEW SANAIYA GROUP),DXB,Clinic,Dubai,,(04)8800545
AL AZHAR CLINIC BRANCH (NEW SANAIYA GROUP),DXB,Clinic,Dubai,,(04)8895306
AL AZHAR CLINIC DIP I (NEW SANAIYA GROUP),DXB,Clinic,Dubai,,(04)8859596
AL BARSHA AL NOOR POLYCLINIC LLC (EX M I M S MEDICAL CENTER L.L.C.),DXB,Clinic,Dubai,,(04)3486333
AL BARSHA CLINIC LLC (AL CHEMIST HEALTHCARE LLC ),DXB,Clinic,Dubai,,(04)3478285
AL BAYAN MEDICAL CENTRE,DXB,Clinic,Dubai,,(04)2719008
NETWORK TIER COMPREHENSIVE COMPREHENSIVE EXCL. AHD GENERAL AL BIRAA ARTHRITIS & BONE CLINIC,DXB,Clinic,Dubai,,(04)3487031
AL BORJ MEDICAL CENTRE,DXB,Clinic,Dubai,,(04)3212220
AL DAS MEDICAL CLINIC,DXB,Clinic,Dubai,,(04)4529998
AL DHAFRA MEDICAL CENTRE,DXB,Clinic,Dubai,,(04)2735959
AL DIYAFA MODERN MEDICAL CENTRE,DXB,Clinic,Dubai,,(04)3454945
AL FAHIM MEDICAL CENTRE,DXB,Clinic,Dubai,,(04)2224722
AL FALAH MEDICAL CLINIC,DXB,Clinic,Dubai,,(04)2717223
AL FASHT MEDICAL CENTRE,DXB,Clinic,Dubai,,(06)5255585
AL FIDA MEDICAL CENTRE,DXB,Clinic,Dubai,,(04)3355357
AL GARHOUD PRIVATE HOSPITAL CLINIC JUMEIRAH BR OF HEALTH AND MEDICAL,DXB,Clinic,Dubai,,(04)3422288
SERVICE (EX CRESCENT MEDICAL CENTER) AL JAMEELA POLYCLINIC,DXB,Clinic,Dubai,,(04)2727716
AL KHAIL MEDICAL CENTER BRANCH,DXB,Clinic,Dubai,,(04)8823131
AL KHAIL MEDICAL CENTRE,DXB,Clinic,Dubai,,(04)3306745
AL KHAYAL MEDICAL CENTRE,DXB,Clinic,Dubai,,(04)2765600
AL MAJID CLINIC LLC,DXB,Clinic,Dubai,,(04)2292030
AL MANSOOR MEDICAL CENTRE,DXB,Clinic,Dubai,,(04)3554040
AL MANSOOR MEDICAL CENTRE (BRANCH),DXB,Clinic,Dubai,,(04)3397437
AL MARIFFA MEDICAL CENTER LLC,DXB,Clinic,Dubai,,(04)2522133
AL MARIYA POLYCLINIC,DXB,Clinic,Dubai,,(04)2500700
AL MASHAHER MEDICAL CENTRE,DXB,Clinic,Dubai,,(04)2633309
AL MASSA POLYCLINIC,DXB,Clinic,Dubai,,(04)3282327
AL MOUSA MEDICAL CENTRE,DXB,Clinic,Dubai,,(04)3452999
DOCIB CLINIC LLC (EX AL MUHAISNAH POLYCLINIC),DXB,Clinic,Dubai,,(04)2544123
AL MUNIRA POLYCLINIC,DXB,Clinic,Dubai,,(04)3522813
AL MURJAN MEDICAL CENTRE,DXB,Clinic,Dubai,,(04)3395575
NEW AL MUSALLA MEDICAL CENTRE ( EX AL MUSALLA MEDICAL CENTRE (BRANCH),DXB,Clinic,Dubai,,(04)2641449
NETWORK TIER COMPREHENSIVE COMPREHENSIVE EXCL. AHD GENERAL AL NOOR POLYCLINIC (BR OF GULF HEALTHCARE INTERNATIONAL LLC (AL SATWA)) (GHI,DXB,Clinic,Dubai,,(04)3498100
GROUP) AL NOOR POLYCLINIC (BR OF GULF HEALTHCARE INTERNATIONAL LLC (DEIRA)) (GHI,DXB,Clinic,Dubai,,(04)2233324
GROUP) AL QUDRA MEDICAL CENTRE,DXB,Clinic,Dubai,,(04)3319109
AL QUOZ CITY STAR POLYCLINIC,DXB,Clinic,Dubai,,(04)3285130
AL QUSAIS STAR POLYCLINIC,DXB,Clinic,Dubai,,(04)2580411
AL RAFA POLYCLINIC BR OF DM HEALTHCARE LLC (ASTER),DXB,Clinic,Dubai,,(04)4534830
AL RAFA POLYCLINIC INTERNATIONAL CITY BRANCH (ASTER),DXB,Clinic,Dubai,,(04)4227944
AL RAHA MEDICAL CLINIC,DXB,Clinic,Dubai,,(04)3517272
AL RAHIF MEDICAL CLINIC,DXB,Clinic,Dubai,,(04)2647886
AL RASHIDIYA AL NOOR POLYCLINIC (ABEER AL NOOR GROUP),DXB,Clinic,Dubai,,(04)2862410
AL RAZI POLYCLINIC,DXB,Clinic,Dubai,,(04)2282814
AL RUKHAIMI POLYCLINIC,DXB,Clinic,Dubai,,(04)2209888
AL SANAIYA MEDICAL CLINIC (NEW SANAIYA GROUP),DXB,Clinic,Dubai,,(04)2543500
AL SANAIYA MEDICAL CLINIC BR (NEW SANAIYA GROUP),DXB,Clinic,Dubai,,(04)3407548
AL SHAAB MEDICAL CENTRE (ASTER),DXB,Clinic,Dubai,,(04)2970870
"AL SHAMIL MEDICAL CENTRE, L.L.C",DXB,Clinic,Dubai,,(04)5663343
AL SHIFA AL KHALEEJI MEDICAL CENTRE,DXB,Clinic,Dubai,,(04)2940786
AL SHIFA INTERNATIONAL CLINIC (EX DR. MOHAN'S CLINIC),DXB,Clinic,Dubai,,(04)3972999
AL SULTAN MEDICAL CENTRE,DXB,Clinic,Dubai,,(04)2899033
AL TADAWI MEDICAL CENTER ( AL TADAWI GROUP),DXB,Clinic,Dubai,,(04)2097050
AL TADAWI MEDICAL CENTER (BRANCH),DXB,Clinic,Dubai,,(04)2852245
AL TADAWI MEDICAL CENTER (BRANCH),DXB,Clinic,Dubai,,(04)2148228
AL TAIF EAST MEDICAL CENTRE,DXB,Clinic,Dubai,,(04)3334418
AL TAIF MEDICAL CENTRE,DXB,Clinic,Dubai,,(04)2222383
AL TAMAYOZ MEDICAL CENTER,DXB,Clinic,Dubai,,(04)2209900
NETWORK TIER COMPREHENSIVE COMPREHENSIVE EXCL. AHD GENERAL AL ULA CLINIC,DXB,Clinic,Dubai,,(04)3967828
AL WAHA CLINIC (KNOWN AS SKYLINE MEDICAL CLINIC),DXB,Clinic,Dubai,,(04)3514150
AL WARQA MEDICAL CENTRE (ASTER),DXB,Clinic,Dubai,,(04)2800899
AL ZAHRA PRIVATE MEDICAL CENTRE,DXB,Clinic,Dubai,,(04)3315000
ALI MEDICAL CENTRE,DXB,Clinic,Dubai,,(04)2246566
ALLIANCE MEDICAL CENTRE,DXB,Clinic,Dubai,,(04)3863366
ALMAVITA MEDICAL CLINIC FZ LLC,DXB,Clinic,Dubai,,(04)4504055
AMALA 1 MEDICAL CENTER LLC (EX DR. DUDHANI'S CLINIC),DXB,Clinic,Dubai,,(04)3533414
AMALA MEDICAL CENTRE,DXB,Clinic,Dubai,,(04)3306727
AMBER CLINIC (BR OF GULF HEALTHCARE INTERNATIONAL LLC) (FORMERLY KNOWN AL,DXB,Clinic,Dubai,,(04)2309100
NOOR POLYCLINIC) (GHI GROUP) AMBER CLINICS IC BR OF AMBER CLINIC LLC (GHI GROUP),DXB,Clinic,Dubai,,(04)2777102
AMERICAN CENTER FOR PSYCHIATRY & NEUROLOGY LLC,DXB,Clinic,Dubai,,(04)3806667
AMERICAN EXCELLENCE MEDICAL AND DENTAL CENTER,DXB,Clinic,Dubai,,(04)3955113
AMERICAN HEART CENTRE FZ LLC,DXB,Clinic,Dubai,,(04)4370670
AMERICAN OUTPATIENT CLINICS LLC (TERMINATED EFF. 01-12-2017),DXB,Clinic,Dubai,,(04)2855546
AMERICAN SPINE CENTER FZ LLC,DXB,Clinic,Dubai,,(04)4541131
AMERICAN WELLNESS CENTER FZ-LLC,DXB,Clinic,Dubai,,(04)5144042
AMSA RENAL CARE FZ LLC,DXB,Clinic,Dubai,,(04)4542626
ANAYA MEDICAL CENTER LLC,DXB,Clinic,Dubai,,(04)3441615
ANGEL WINGS MEDICAL CENTRE LLC,DXB,Clinic,Dubai,,(04)3936211
APEX MEDICAL CLINICS LLC,DXB,Clinic,Dubai,,(04)3608881
APPLE CLINIC,DXB,Clinic,Dubai,,(04)4227533
AQUACARE MEDICAL CENTER,DXB,Clinic,Dubai,,(04)3211020
ARABLE MEDICAL CENTER LLC,DXB,Clinic,Dubai,,(04)3883004
ARMADA MEDICAL CENTRE JLT,DXB,Clinic,Dubai,,(04)3990022
NETWORK TIER COMPREHENSIVE COMPREHENSIVE EXCL. AHD GENERAL ASHOKAN MEDICAL CLINIC,DXB,Clinic,Dubai,,(04)2730220
ASMA MEDICAL CENTRE,DXB,Clinic,Dubai,,(04)2285838
ASTER AL NAHDA MEDICAL CENTER (BR OF DM HEALTHCARE LLC) (ASTER),DXB,Clinic,Dubai,,(04)2399119
ASTER BEAUTY CLINIC (ASTER),DXB,Clinic,Dubai,,(04)2800899
ASTER IMAGING CENTRE AL MUTEENA (BR OF D M HEALTHCARE LLC) (ASTER),DXB,Clinic,Dubai,,(04)2532900
ASTER JABEL ALI MEDICAL CENTER (ASTER),DXB,Clinic,Dubai,,(04)8841962
ASTER JLT MEDICAL CENTER BR OF DM HEALTHCARE (ASTER),DXB,Clinic,Dubai,,(04)4204069
ASTER JUBILEE MEDICAL COMPLEX( FORMERLY KNOWN AS AL RAFA POLYCLINIC &,DXB,Clinic,Dubai,,(04)5090323
INDIAN SPECIALIST MEDICAL CENTER) (ASTER) ASTER MEDICAL CENTER AL BARSHA (ASTER),DXB,Clinic,Dubai,,(04)3472420
ASTER MEDICAL CENTER AL MUHAISNA (BR OF DM HEALTHCARE LLC) (ASTER),DXB,Clinic,Dubai,,(04)2592154
ASTER MEDICAL CENTER AL QUSAISE (ASTER),DXB,Clinic,Dubai,,(04)2632202
ASTER MEDICAL CENTER DEIRA (ASTER),DXB,Clinic,Dubai,,(04)2945095
ASTER MEDICAL CENTER INTERNATIONAL CITY (ASTER),DXB,Clinic,Dubai,,(04)4312273
ASTER MEDICAL CENTER MARINA (BR OF DM HEALTHCARE LLC) (ASTER),DXB,Clinic,Dubai,,(04)3639716
ASTER MEDICAL CENTER SILICON OASIS (ASTER),DXB,Clinic,Dubai,,(04)3332177
ASTER MEDICAL CENTRE (ASTER),DXB,Clinic,Dubai,,(04)2576333
ASTER MEDICAL CENTRE ABU HAIL(ASTER),DXB,Clinic,Dubai,,(04)2632785
ASTER MEDICAL CENTRE AL KHAWANEEJ BR OF DM HEALTHCARE LLC,DXB,Clinic,Dubai,,(04)2116555
ASTER MEDICAL CENTRE AL QOUZ BR OF DM HEALTHCARE L LC (ASTER),DXB,Clinic,Dubai,,(04)4400500
ASTER MEDICAL CENTRE ASWAAQ MALL (ASTER),DXB,Clinic,Dubai,,(04)3471540
ASTER MEDICAL CENTRE BUSINESS BAY (FORMERLY KNOWN AS MEDCARE MEDICAL,DXB,Clinic,Dubai,,(04)4508896
CENTRE (BUSINESS BAY) (ASTER) ASTER SPECIALIST CENTER FOR ORTHOPEDICS & PHYSIOTHERAPY (ASTER),DXB,Clinic,Dubai,,(04)3311006
ASTER SPECIALIST MEDICAL CENTRE INTERNATIONAL CITY BR OF DM HEALTHCARE LLC ( (04),DXB,Clinic,Dubai,,4279554
ASTER) NETWORK TIER COMPREHENSIVE COMPREHENSIVE EXCL. AHD GENERAL AXON MEDICA MEDICAL CENTER LLC ( EX ORION FAMILY MEDICAL CENTRE LLC),DXB,Clinic,Dubai,,(04)4599904
AXON MEDICA POLYCLINIC BR OF AMLED INVESTMENT MANAGEMENT LLC (AXON,DXB,Clinic,Dubai,,(04)2859880
GROUP)(FORMERLY SOFT TOUCH VITALIS POLYCLINIC) BADR AL SAMAA MEDICAL CENTRE,DXB,Clinic,Dubai,,(04)3578681
BELLA VITA MEDICAL CENTER LLC,DXB,Clinic,Dubai,,(04)2613301
BERLIN DENTAL CLINIC,DXB,Clinic,Dubai,,(04)3554466
BETTER LIFE CLINIC,DXB,Clinic,Dubai,,(04)3592255
BIO VISTA MEDICAL CENTRE L L C,DXB,Clinic,Dubai,,(04)2557155
BISSAN DENTAL CENTER LLC,DXB,Clinic,Dubai,,(04)3743388
BLUE TREE CLINICS BRANCH,DXB,Clinic,Dubai,,(04)3282686
BLUE TREE CLINICS LLC,DXB,Clinic,Dubai,,(04)3488262
BLUEBELL MEDICAL CENTRE,DXB,Clinic,Dubai,,(04)3426565
BOSTON DIABETES & ENDOCRONE CENTER,DXB,Clinic,Dubai,,(04)3805555
BOURGEOIS DENTAL CLINIC LLC,DXB,Clinic,Dubai,,(04)3853383
BR MEDICAL SUITES FZ LLC (NMC GROUP),DXB,Clinic,Dubai,,(04)4392305
BURJEEL MEDICAL AND WELLNESS CENTER LLC,DXB,Clinic,Dubai,,(04)2026000
CAMALI CLINIC CHILD AND ADULT MENTAL HEALTH FZ LLC,DXB,Clinic,Dubai,,(04)2766064
CARE ONE POLY CLINIC LLC,DXB,Clinic,Dubai,,(04)8836656
CARE PLUS MEDICAL CENTRE (CAREPLUS GROUP),DXB,Clinic,Dubai,,(04)8829333
CEDARS CLINIC (CEDARS GROUP),DXB,Clinic,Dubai,,(04)8814467
CITY CENTRE CLINIC BR OF MAJID AL FUTTAIM HEALTHCARE LLC-AL BARSHA SOUTH (04),DXB,Clinic,Dubai,,2052773
2(MAJID AL FUTTAIM HEALTHCARE) CITY CENTRE CLINIC BR OF MAJID AL FUTTAIM LLC – NAD AL HAMMAR (MAJID AL (04),DXB,Clinic,Dubai,,2052775
FUTTAIM HEALTHCARE) CITY CENTRE CLINIC BR OF MAJID AL FUTTAIM LLC-IBN BATTUTA MALL (MAJID AL (04),DXB,Clinic,Dubai,,2052774
FUTTAIM HEALTHCARE) CITY MEDICAL CENTRE,DXB,Clinic,Dubai,,(04)2831611
CLINICARE SAMARI BR OF IMARA HEALTH CARE L.L.C ( IMARA GROUP),DXB,Clinic,Dubai,,(04)3322682
NETWORK TIER COMPREHENSIVE COMPREHENSIVE EXCL. AHD GENERAL CLINICARE BR OF IMARA HEALTH CARE L.L.C ( IMARA GROUP),DXB,Clinic,Dubai,,(04)2617175
COCOONA DAY SURGICAL CENTER,DXB,Clinic,Dubai,,(04)3884589
COMMUNITY MEDICAL CENTRE,DXB,Clinic,Dubai,,(04)3985328
COSMESURGE & EMIRATES HOSPITAL CLINICS (BRANCH) - (MARINA BRANCH),DXB,Clinic,Dubai,,(04)4579274
(EMIRATES HOSPITAL GROUP) COSMESURGE & EMIRATES HOSPITAL CLINICS LLC (EMIRATES HOSPITAL GROUP),DXB,Clinic,Dubai,,(04)3855333
COSMESURGE & EMIRATES HOSPITAL CLINICS LLC BRANCH (EMIRATES HOSPITAL GROUP,DXB,Clinic,Dubai,,(04)4471555
COSMOCARE MEDICAL CENTER (EX WELFARE MEDICAL CENTER LLC),DXB,Clinic,Dubai,,(04)3798747
COSMOPOLITAN MEDICAL CENTRE (COSMOPOLITAN MEDICAL CENTRE GROUP),DXB,Clinic,Dubai,,(04)3257497
COSMOPOLITAN MEDICAL CENTRE LLC (COSMOPOLITAN MEDICAL CENTRE GROUP),DXB,Clinic,Dubai,,(04)2687272
DAR AL SHEFAA MEDICAL CENTER LLC,DXB,Clinic,Dubai,,(04)3586627
DERMA ZONE LASER AND COSMETIC CENTER LLC (EX HANNOVER MEDICAL CENTER),DXB,Clinic,Dubai,,(04)3883880
DERMAMED CLINIC,DXB,Clinic,Dubai,,(04)3852222
DIGESTIVE HEALTH & ENDOSCOPY CONSULTANTS,DXB,Clinic,Dubai,,(04)5520496
DIGITAL POLYCLINIC,DXB,Clinic,Dubai,,(04)3355011
DOCTOR RACHIDA SABRANE CLINIC,DXB,Clinic,Dubai,,(04)3587566
DOCTORS CLINIC LLC (AL CHEMIST HEALTHCARE LLC ),DXB,Clinic,Dubai,,(04)2246688
DOW DIAGNOSTICS FZ LLC,DXB,Clinic,Dubai,,(04)5149449
DR. ABDUL LATHEEF'S CLINIC,DXB,Clinic,Dubai,,(04)2717901
DR. ABDUL RAHMAN SHIHABI CLINIC,DXB,Clinic,Dubai,,(04)3521444
DR. ABDULLA’S CLINIC,DXB,Clinic,Dubai,,(04)3209412
DR. ALI JAFAR CLINIC (SURGICAL),DXB,Clinic,Dubai,,(04)3985275
DR. AMAL ALIAS FERTILITY AND GYNAECOLOGY CENTER,DXB,Clinic,Dubai,,(04)2401101
NETWORK TIER COMPREHENSIVE COMPREHENSIVE EXCL. AHD GENERAL DR. AZZAM AL ABDULRAZZAK CLINIC (FORMERLY KNOWN AS AL ABDUL RAZZAK CLINIC),DXB,Clinic,Dubai,,(04)3988055
Dr. DEENA ALQEDRAH MEDICAL CENTER (Ex DR. DEENA AL QEDRAH GENERAL &,DXB,Clinic,Dubai,,(04)3674448
VASCULAR SURGERY CLINIC) DR. FATHI EMARA POLYCLINIC,DXB,Clinic,Dubai,,(04)2666775
DR. HAGHI SPECIALITY CLINIC (EX DR. HAGHI EYE CLINIC),DXB,Clinic,Dubai,,(04)3865566
ACHIRA CLINICS ( EX DR. HASAN ACHIRA DENTAL CLINIC),DXB,Clinic,Dubai,,(04)2238513
DR. HASSAN FAYEK POLY CLINIC,DXB,Clinic,Dubai,,(04)2666411
DR. HUDA SHAHEEN MEDICAL CENTRE,DXB,Clinic,Dubai,,(04)2628266
DR. ISMAIL MEDICAL CENTRE (BRANCH) (DR. ISMAIL GROUP),DXB,Clinic,Dubai,,(04)2646529
DR. ISMAIL MEDICAL CENTRE (DR. ISMAIL GROUP),DXB,Clinic,Dubai,,(04)3381550
DR. ISMAIL MEDICAL CENTRE (SAME AS DR. ISMAIL POLYCLINIC) (DR. ISMAIL GROUP),DXB,Clinic,Dubai,,(04)3378585
DR. ISMAIL MEDICAL POLYCLINIC (DR. ISMAIL GROUP),DXB,Clinic,Dubai,,(04)8877750
DR. ISMAIL POLYCLINIC (BRANCH) (DR. ISMAIL GROUP),DXB,Clinic,Dubai,,(04)4494087
DR. JOHN CLINIC,DXB,Clinic,Dubai,,(04)2617176
DR. JOHNNY SAYEGH CLINIC,DXB,Clinic,Dubai,,(04)3806474
DR. JOHNS MEDICAL CENTER ( EX AL MUHAISNAH POLYCLINIC BR),DXB,Clinic,Dubai,,(04)3585666
DR. JOSEPH POLYCLINIC (BR OF GULF HEALTHCARE INTERNATIONAL (LLC)) (GHI GROUP),DXB,Clinic,Dubai,,(04)3378828
DR. KAMKAR MEDICAL CHILD WELLNESS CENTER LLC,DXB,Clinic,Dubai,,(04)2393131
DR. KAMKAR MEDICAL & PHYSIOTHERAPY CENTRE,DXB,Clinic,Dubai,,(04)2697171
DR. KOYA'S CLINIC (ASTER),DXB,Clinic,Dubai,,(04)2225854
DR. MADIHA AL HADDAD CLINIC,DXB,Clinic,Dubai,,(04)3254484
DR. MAGDI ISKANDER CLINIC,DXB,Clinic,Dubai,,(04)2686848
DR. MAJDI EL HALIK PEDIATRIC PHYSICAL & MENTAL REHABILITATION CENTER FZ-LLC,DXB,Clinic,Dubai,,(04)4392339
DR. MAYSOON AL KAISI CLINIC,DXB,Clinic,Dubai,,(04)2662044
NETWORK TIER COMPREHENSIVE COMPREHENSIVE EXCL. AHD GENERAL DR. MAZEN MOHAMAD POLYCLINIC LLC ( EX DR. MAZEN PEDIATRIC SPECIALITY CLINIC,DXB,Clinic,Dubai,,(04)3216051
LLC (BRANCH) DR. MAZEN PEDIATRIC SPECIALITY CLINIC,DXB,Clinic,Dubai,,(04)3746862
DR. MOHMMED AL ZUBAIDY CLINIC (EX DR. MOHD. SH. AL ZUBAIDY CLINIC,DXB,Clinic,Dubai,,(04)2277533
DR. MOOPEN'S AL QUOZ MEDICAL CENTRE (ASTER),DXB,Clinic,Dubai,,(04)3387871
DR. MOOPENS MEDICAL CENTRE (FORMERLY KNOWN AS SHAMS MOOPEN'S DENTAL,DXB,Clinic,Dubai,,(04)3374767
PRACTICE) (ASTER) DR. MOOPEN'S POLYCLINIC (ASTER),DXB,Clinic,Dubai,,(04)2979000
DR. MUEEN RAJA CLINIC,DXB,Clinic,Dubai,,(04)2717416
DR. NADA A HAMZA CLINIC FOR OBS & GYN & INFERTILITY,DXB,Clinic,Dubai,,(04)2656611
DR. NADIA ATRA DENTAL CLINIC,DXB,Clinic,Dubai,,(04)3483332
DR. NAZAR AZHARI CLINIC(FORMERLY KNOWN AS DR. NIZAR AZHARI CLINIC),DXB,Clinic,Dubai,,(04)2287555
DR. NOUHA CHOUMAN SPECIALIZED CLINIC,DXB,Clinic,Dubai,,(04)2667007
DR. NOUHAL KAMEL IBRAHIM CLINIC ( TEMPORARY CLOSURE WEF 01-08-2017),DXB,Clinic,Dubai,,(04)2952020
DR. RADHAKRISHNAN MEDICAL CENTRE,DXB,Clinic,Dubai,,(04)2659270
DR. RADHI AL-HILOU ENT CLINIC,DXB,Clinic,Dubai,,(04)3370333
DR. RAJA ASFOUR CLINIC,DXB,Clinic,Dubai,,(04)3215503
DR. RAMI HAMED CENTER FZ LLC,DXB,Clinic,Dubai,,(04)2798200
DR. REENA BEEGUM CLINIC,DXB,Clinic,Dubai,,(04)2240060
DR. REENA BEEGUM CLINIC ( BRANCH ) (EX NOOR AL SHEFA CLINIC),DXB,Clinic,Dubai,,(04)8808856
DR. SAI GANESH MEDICAL CENTRE LLC (BRANCH OF DR. SAI GANESH PILLAI'S CLINIC-SHJ),DXB,Clinic,Dubai,,(04)2560866
DR. SALAH AL RUBAIE DERMATOLOGY & VENEREOLOGY CLINIC,DXB,Clinic,Dubai,,(04)2977716
DR. SANJAY MEDICAL CENTRE,DXB,Clinic,Dubai,,(04)3285999
DR. SHANIL MEDICAL CENTRE LLC,DXB,Clinic,Dubai,,(04)4308384
DR. SHOUMA CLINIC (SUSPENSION WEF 01.04.16),DXB,Clinic,Dubai,,(04)2666355
DR. SULAIMAN AL HABIB MEDICAL CENTRE (ALSO KNOWN AS DUBAI MEDICAL CENTRE),DXB,Clinic,Dubai,,(04)4297777
NETWORK TIER COMPREHENSIVE COMPREHENSIVE EXCL. AHD GENERAL DR. TALASS MEDICAL AND DENTAL CENTRE,DXB,Clinic,Dubai,,(04)3687070
DR. TAZYEEN GYNAE AND POLYCLINIC LLC ( EX DR. TAZYEEN GYNAE & OBSTETRICS,DXB,Clinic,Dubai,,(04)3746922
CLINIC ) DR. VINOD JAIN CLINIC,DXB,Clinic,Dubai,,(04)3967979
DR. VODELA SHANKAR MEDICAL POLYCLINIC,DXB,Clinic,Dubai,,(04)2217938
DR. ZUHAIR SIKAFI CLINIC,DXB,Clinic,Dubai,,(04)3522331
DR.JOSEPH GHRAYEB POLYCLINIC,DXB,Clinic,Dubai,,(04)3376377
DR.RAJAN’S ORTHOPAEDIC SPECIALITY CLINIC,DXB,Clinic,Dubai,,(04)2294959
DRS. NICOLAS & ASP CENTRE (FORMERLY DRS. NICOLAS & ASP CLINIC GREEN,DXB,Clinic,Dubai,,(04)4511777
COMMUNITY) DRS. NICOLAS & ASP CLINIC JBR REMAL BRANCH,DXB,Clinic,Dubai,,(04)4364077
DRS. NICOLAS & ASP CLINIC MARINA WALK (DERMATOLOGY NOT COVERED ON DIRECT,DXB,Clinic,Dubai,,(04)3609977
BILLING) DRS. NICOLAS & ASP CLINIC MIRDIFF,DXB,Clinic,Dubai,,(04)2884411
DUA CLINIC BRANCH 1,DXB,Clinic,Dubai,,(04)8811531
DUA CLINIC LLC,DXB,Clinic,Dubai,,(04)2771102
DUBAI BONE & JOINT CENTRE,DXB,Clinic,Dubai,,(04)4231400
DUBAI COSMETIC SURGERY (FORMERLY KNOWN AS EURO AMERICAN CLINIC),DXB,Clinic,Dubai,,(04)3485575
DUBAI LONDON CLINIC GARHOUD BRANCH (DENTAL NOT COVERED ON DIRECT BILLING),DXB,Clinic,Dubai,,(04)2325751
DUBAI MEDICAL GROUP,DXB,Clinic,Dubai,,(04)2628887
DUBAI SPECIALISED MEDICAL CENTRE & RESEARCH LABS,DXB,Clinic,Dubai,,(04)2646124
DUBAI STAR POLYCLINIC,DXB,Clinic,Dubai,,(04)2958850
DULSCO MEDICAL CLINIC (FORMERLY KNOWN AS IBN AL NAFEES MEDICAL CLINIC),DXB,Clinic,Dubai,,(04)3499908
DURRAIYA KAMAL CLINIC,DXB,Clinic,Dubai,,(04)2238612
EBSAAR EYE SURGERY CENTER,DXB,Clinic,Dubai,,(04)3440122
ELITE MEDICAL CENTER,DXB,Clinic,Dubai,,(04)3495363
NETWORK TIER COMPREHENSIVE COMPREHENSIVE EXCL. AHD GENERAL EMIRATES HOSPITALS CLINICS BUSINESS BAY L.L.C (EMIRATES HOSPITAL GROUP),DXB,Clinic,Dubai,,(04)3250034
EMIRATES HOSPITAL CLINICS LLC PALM BR (EMIRATES HOSPITAL GROUP),DXB,Clinic,Dubai,,(04)2428663
EMIRATES HOSPITALS WELLNESS & OBESITY CENTER LLC (EMIRATES HOSPITAL GROUP),DXB,Clinic,Dubai,,(04)8001397
EMIRATES INTEGRA MEDICAL AND SURGERY CENTRE FZ LLC (EX SAPPHIRE DAY,DXB,Clinic,Dubai,,(04)4343966
SURGICAL CENTRE FZ - LLC (EX SAGAR DAY SURGICAL CENTRE FZ LLC) EMIRATES STAR MEDICAL CENTRE LLC,DXB,Clinic,Dubai,,(04)3468861
EUROMED CLINIC CENTRE,DXB,Clinic,Dubai,,(04)3945422
EXCEL HEALTHCARE L.L.C.-BRANCH GARDEN (ICARE CLINICS),DXB,Clinic,Dubai,,(04)4522242
EXCEL HEALTHCARE L.L.C.-BRANCH OASIS CENTER (ICARE CLINICS),DXB,Clinic,Dubai,,(04)3847077
EXCELLENCY PHYSIOTHERAPY CENTER L.L.C,DXB,Clinic,Dubai,,(04)4533377
EXETER MEDICAL CENTER FOR BONE & JOINT HEALTH LLC,DXB,Clinic,Dubai,,(04)3801015
EXPERT MEDICAL CENTER LLC,DXB,Clinic,Dubai,,(04)3444508
EYE CONSULTANTS FZ LLC,DXB,Clinic,Dubai,,(04)4211299
FALCON MEDICAL CLINIC,DXB,Clinic,Dubai,,(04)3554352
FAMILY CLINIC,DXB,Clinic,Dubai,,(04)3451145
FARHA CLINICS CHILDREN CENTRE,DXB,Clinic,Dubai,,(04)3922267
FATHIMA MEDICAL CENTRE,DXB,Clinic,Dubai,,(04)2396363
FETO MATERNAL & GENETYX CENTER FZ LLC,DXB,Clinic,Dubai,,(04)3604040
FRONTLINE MEDICAL CENTER LLC,DXB,Clinic,Dubai,,(04)3979702
FULL CARE MEDICAL CENTRE LLC,DXB,Clinic,Dubai,,(04)2885522
GALINUS PHYSIONTHERAPY CENTER,DXB,Clinic,Dubai,,(04)2277700
GARDENS MEDICAL CENTRE (ASTER),DXB,Clinic,Dubai,,(04)4489151
GARDENS SPECIALITY CLINIC (ASTER),DXB,Clinic,Dubai,,(04)2767512
GAUBA MEDICAL CENTRE (FORMERLY KNOWN AS GAUBA EYE CLINIC) (TERMINATED,DXB,Clinic,Dubai,,(04)3525626
EFF. 01.06.16) GENERAL MEDICAL CENTER BR2 OF GMC HEALTHCARE LLC (EX GENERAL MEDICAL,DXB,Clinic,Dubai,,(04)3313544
CENTRE (GMC ASSOCIATED CLINICS GROUP) NETWORK TIER COMPREHENSIVE COMPREHENSIVE EXCL. AHD GENERAL GENERAL MEDICAL CENTRE BR OF GMC HEALTH CARE LLC (EX GENERAL MEDICAL,DXB,Clinic,Dubai,,(04)5676888
CENTRE (GMC ASSOCIATED CLINICS GROUP) GERMAN HEART CENTRE BREMEN,DXB,Clinic,Dubai,,(04)3624797
GERMAN MEDICAL CENTER FZ LLC,DXB,Clinic,Dubai,,(04)4322989
GERMAN NEUROSCIENCE CENTER FZ LLC (FORMERLY KNOWN AS GERMAN CENTER FOR,DXB,Clinic,Dubai,,(04)4298578
NEUROLOGY & PSYCHIATRY) GERMAN NEUROSCIENCE CENTER FZ LLC,DXB,Clinic,Dubai,,(04)4298578
GET ON TRACK PHYSIOTHERAPY AND REHABILITATION CENTER,DXB,Clinic,Dubai,,(04)3805569
GETWELL MEDICAL CENTRE,DXB,Clinic,Dubai,,(04)3595935
GLOBEHEALTH GENERAL CLINIC LLC ( EX AMRITA MEDICAL CENTRE (FORMERLY KNOWN,DXB,Clinic,Dubai,,(04)3464180
AS AMRITA MEDICAL GROUP) GLOBEHEALTH POLYCLINIC LLC (EX AMSA HEALTH CARE LLC),DXB,Clinic,Dubai,,(04)2775688
GOOD HEALTH POLYCLINIC,DXB,Clinic,Dubai,,(04)2619969
GOOD LIVING MEDICAL CENTRE,DXB,Clinic,Dubai,,(04)3546060
GRAND INFINITY MEDICAL CENTER L.L.C,DXB,Clinic,Dubai,,(04)2515458
GREEN COMMUNITY BR OF GMC HEALTH CARE LLC (EX GENERAL MEDICAL CENTRE,DXB,Clinic,Dubai,,(04)8853225
(GMC ASSOCIATED CLINICS GROUP) GSM MEDICAL CENTER LLC,DXB,Clinic,Dubai,,(04)8831002
GULF MEDICAL CENTRE,DXB,Clinic,Dubai,,(04)2627799
HADI & HOFMANN MEDICAL CENTER (FORMERLY KNOWN AS DRS. HADI & HOFMANN,DXB,Clinic,Dubai,,(04)3498484
DENTAL CLINIC) HAMLY MEDICAL CENTRE,DXB,Clinic,Dubai,,(04)3342323
HARLEY INTERNATIONAL MEDICAL CLINIC,DXB,Clinic,Dubai,,(04)3986677
HARLEY INTERNATIONAL MEDICAL CLINIC BRANCH,DXB,Clinic,Dubai,,(04)3986677
HEAL WELL MEDICAL CENTER L.L.C,DXB,Clinic,Dubai,,(04)312312
HEALTH AND HEALTH CENTER,DXB,Clinic,Dubai,,(04)4394959
HEALTH BAY POLYCLINIC (BRANCH) (PYSIOTHERAPY NOT COVERED ON DIRECT BILLING,DXB,Clinic,Dubai,,(04)2524511
SERVICES) (HEALTH BAY POLYCLINIC GROUP) NETWORK TIER COMPREHENSIVE COMPREHENSIVE EXCL. AHD GENERAL HEALTH BAY POLYCLINIC (PYSIOTHERAPY NOT COVERED ON DIRECT BILLING SERVICES),DXB,Clinic,Dubai,,(04)3487140
HEALTH BAY POLYCLINIC BR (HEALTH BAY POLYCLINIC GROUP),DXB,Clinic,Dubai,,(04)8004272
HEALTH BAY POLYCLINIC BRANCH AL THANYA (PYSIOTHERAPY NOT COVERED ON,DXB,Clinic,Dubai,,(04)3219393
DIRECT BILLING SERVICES) (HEALTH BAY POLYCLINIC GROUP) HEALTH BAY POLYCLINIC MARINA BR OF HEALTH BAY DAY SURGERY L.L.C (HEALTH BAY (04),DXB,Clinic,Dubai,,8004272
POLYCLINIC GROUP) HEALTH CALL (HEALTH CALL GROUP),DXB,Clinic,Dubai,,(04)3635343
HEALTH CARE MEDICAL CENTRE (GYNECOLOGY NOT COVERED ON DIRECT BILLING,DXB,Clinic,Dubai,,(04)3445550
SERVICES) HEALTH FAMILY CLINIC (EX HEALTH PLUS CLINIC),DXB,Clinic,Dubai,,(04)3960034
HEALTHBAY BAY POLYCLINIC LLC (BRANCH) (HEALTH BAY POLYCLINIC GROUP),DXB,Clinic,Dubai,,(04)4516808
HEARLIFE CLINIC,DXB,Clinic,Dubai,,(04)4573099
HEART FIRST MEDICAL CENTRE,DXB,Clinic,Dubai,,(04)4298298
HMRT MEDICAL CLINIC (SAME AS HMRT POLYCLINIC),DXB,Clinic,Dubai,,(04)2655888
HOUSE HEALTH MEDICAL CENTER,DXB,Clinic,Dubai,,(04)2526262
HOUSTON CLINIC,DXB,Clinic,Dubai,,(04)3850603
HTK MEDICAL CENTER,DXB,Clinic,Dubai,,(04)2957776
IBN AL HAITHAM MEDICAL CENTER,DXB,Clinic,Dubai,,(04)3963332
IBN AL NAFEES MEDICAL CLINIC,DXB,Clinic,Dubai,,(04)2899621
IBRAHIM ABBARA DERMATOLOGY & VENEREOLOGY CLINIC (FORMERLY KNOWN AS DR.,DXB,Clinic,Dubai,,(04)3988853
IBRAHIM ABBARA) ICARE AL BARSHA (ICARE CLINICS),DXB,Clinic,Dubai,,(04)3139111
ICARE AL QUSAIS (ICARE CLINICS),DXB,Clinic,Dubai,,(04)2073636
ICARE LAMCY BRANCH OF EXCEL HEALTHCARE (ICARE CLINICS),DXB,Clinic,Dubai,,(04)7092900
ICARE MIRDIFF (ICARE CLINICS),DXB,Clinic,Dubai,,(04)2110000
IMC MEDICAL CENTER,DXB,Clinic,Dubai,,(04)3320007
NETWORK TIER COMPREHENSIVE COMPREHENSIVE EXCL. AHD GENERAL F M C MEDICAL CENTER LLC ( EX IMC MEDICAL CENTER LLC BRANCH),DXB,Clinic,Dubai,,(04)3218288
IMPERIAL HEALTHCARE INSTITUTE,DXB,Clinic,Dubai,,(04)4393737
INDEX MEDICAL CENTER (ALSO KNOWN AS SAMSUNG MEDICAL CENTER IN,DXB,Clinic,Dubai,,(04)4495454
COLLABORATION WITH INDEX HOLDING) INNOVATIVE HEALING SYSTEMS CLINIIC FZ-LLC,DXB,Clinic,Dubai,,(04)4276629
INTEGRATED RHEUMATOLOGY AND ARTHRITIS CENTER FZ LLC,DXB,Clinic,Dubai,,(04)4568952
INTERNATIONAL EYE SURGERY CENTRE DAY CARE SURGERY,DXB,Clinic,Dubai,,(04)3441142
JANSON STAR POLYCLINIC (FORMERLY KNOWN AS JANSON SHAHEEN POLYCLINIC),DXB,Clinic,Dubai,,(04)3933280
JANSONS MEDICAL CENTRE,DXB,Clinic,Dubai,,(04)3939011
JEHAD INTERNATIONAL MEDICAL CLINIC( TERMINATED WEF 27.09.16),DXB,Clinic,Dubai,,(04)3311773
JOSEPH QUSAIS POLYCLINIC (BR OF GULF HEALTHCARE INTERNATIONAL LLC)) (GHI,DXB,Clinic,Dubai,,(04)2636767
GROUP) JTS MEDICAL CENTER LLC,DXB,Clinic,Dubai,,(04)3799954
JUMEIRAH AMERICAN CLINIC (FORMERLY KNOWN AS DR. MUSTAFA AYAD CLINIC),DXB,Clinic,Dubai,,(04)3444100
JUPITER AL NAHDA POLYCLINIC(KNOWN AS DR. JOSEPH’S AL NAHDA POLYCLINIC),DXB,Clinic,Dubai,,(04)2344429
JUPITER AL QUSAIS POLYCLINIC LLC (EX UNITY MEDICAL CLINIC),DXB,Clinic,Dubai,,(04)2630987
JUPITER SPECIALTY MEDICAL CENTER LLC (KNOWN AS DR. JOSEPH'S SPECIALTY MEDICAL,DXB,Clinic,Dubai,,(04)3866330
CENTER LLC CO.) KARAMA MEDICAL CENTRE BR JUMEIRAH ( KARAMA MEDICAL CENTER GROUP),DXB,Clinic,Dubai,,(04)4229867
KARAMA MEDICAL CENTRE BR MUHAISNAH ( KARAMA MEDICAL CENTER GROUP),DXB,Clinic,Dubai,,(04)2630341
KARAMA MEDICAL CENTRE (KARAMA MEDICAL CENTER GROUP),DXB,Clinic,Dubai,,(04)3366889
KARAMA MEDICAL CENTRE AL QUOZ MALL BR. (KARAMA MEDICAL CENTER GROUP),DXB,Clinic,Dubai,,(04)3388227
KARAMA MEDICAL CENTRE BR. (KARAMA MEDICAL CENTER GROUP),DXB,Clinic,Dubai,,(04)3413645
KARAMA MEDICAL CENTRE BR. (KARAMA MEDICAL CENTER GROUP),DXB,Clinic,Dubai,,(04)8848368
KARAMA MEDICAL CENTRE BR. AL KHAIL GATE (KARAMA MEDICAL CENTER GROUP),DXB,Clinic,Dubai,,(04)4533534
KAUL CLINIC,DXB,Clinic,Dubai,,(04)3596800
NETWORK TIER COMPREHENSIVE COMPREHENSIVE EXCL. AHD GENERAL KEERTHI MEDICAL CENTER,DXB,Clinic,Dubai,,(04)3344256
KHADR CARDIOLOGY CLINIC,DXB,Clinic,Dubai,,(04)3881444
KHALIDHA MEDICAL CENTRE L.L.C.,DXB,Clinic,Dubai,,(04)3381947
KIDS NEURO CLINIC AND REHAB CENTER FZ LLC,DXB,Clinic,Dubai,,(04)5570326
KIDSHEART MEDICAL CENTER FZ LLC ( EX KIDSHEART AMERICAN CHILDRENS MEDICAL,DXB,Clinic,Dubai,,(04)4529970
CENTER FZ LLC (FORMERLY KIDS HEART AMERICAN FETAL & CHILDREN'S HEART CENTRE) KIMS MEDICAL CENTRE LLC,DXB,Clinic,Dubai,,(04)2624500
KIND CARE MEDICAL CENTER LLC,DXB,Clinic,Dubai,,(04)3388588
KINGS COLLEGE HOSPITAL LONDON MEDICAL CENTRE (BR OF KCH HEALTHCARE LLC),DXB,Clinic,Dubai,,(04)3789555
"KINGS COLLEGE HOSPITAL LONDON, MEDICAL CENTRE BR OF KCH HEALTH CARE LLC",DXB,Clinic,Dubai,,(04)5813222
KOREHAB CLINIC FZ LLC,DXB,Clinic,Dubai,,(02)433151
KUUR PHYSIOTHERAPY CENTER LLC BRANCH,DXB,Clinic,Dubai,,(04)4253318
LA FAMILIA MEDICAL CENTER LLC,DXB,Clinic,Dubai,,(04)4430700
LAKESHORE MEDICAL CENTRE (FORMERLY KNOWN AS DUNES MEDICAL CENTRE),DXB,Clinic,Dubai,,(04)3961335
LASER EYE CARE & RESEARCH CENTER ( PART OF LASER EYE MEDICAL CENTRE),DXB,Clinic,Dubai,,(04)3622955
LASER MEDICAL CENTER LLC (SAME GROUP OF LASER EYE CARE & RESEARCH CENTRE),DXB,Clinic,Dubai,,(04)3431744
LIFE MEDICAL CENTRE JLT,DXB,Clinic,Dubai,,(04)4539633
LIFELINE MEDICAL CENTER BRANCH (LIFELINE GROUP),DXB,Clinic,Dubai,,(04)3273111
LIFELINE MEDICAL CENTRE (JEBEL ALI HOSPITAL GROUP),DXB,Clinic,Dubai,,(04)3988890
LIFELINE MEDICAL CENTRE (JEBEL ALI HOSPITAL GROUP),DXB,Clinic,Dubai,,(04)3991119
LIFELONG POLYCLINIC,DXB,Clinic,Dubai,,(04)3443999
LIFE WORKS HOLISTIC COUNSELLING CENTRE,DXB,Clinic,Dubai,,(04)2245736
LIVERPOOL MEDICAL CLINIC,DXB,Clinic,Dubai,,(04)3599066
LONDON SLEEP CENTER FZ-LLC,DXB,Clinic,Dubai,,(04)4527665
NETWORK TIER COMPREHENSIVE COMPREHENSIVE EXCL. AHD GENERAL LOTUS MEDICAL CENTER ( PART OF NEW LOTUS MEDICAL CENTRE),DXB,Clinic,Dubai,,(04)3465380
MAGNUM GULF MEDICAL CENTER LLC,DXB,Clinic,Dubai,,(04)3973738
MAHBOUBI MEDICAL CLINIC,DXB,Clinic,Dubai,,(04)2221615
MAISSAN MEDICAL CLINIC,DXB,Clinic,Dubai,,(04)2977995
MAMZAR SMILES SPECIALITY CENTER,DXB,Clinic,Dubai,,(04)2964442
MARHABA MEDICAL CENTRE,DXB,Clinic,Dubai,,(04)2224844
MARINA MEDICAL CENTER,DXB,Clinic,Dubai,,(04)3999939
MATHUR DENTAL & ORTHODONTIC CLINIC,DXB,Clinic,Dubai,,(04)3552371
MED LIFE CLINIC,DXB,Clinic,Dubai,,(04)3494944
MEDCARE MEDICAL CENTRE AL BARSHA BR OF MEDCARE HOS (MEDCARE HOSPITAL,DXB,Clinic,Dubai,,(04)3255015
GROUP) MEDCARE MEDICAL CENTRE – MOTOR CITY (BR OF MEDCARE HOSPITAL (L.L.C) (04),DXB,Clinic,Dubai,,5147969
(MEDCARE HOSPITAL GROUP) MEDCARE MEDICAL CENTRE (MEDCARE HOSPITAL GROUP),DXB,Clinic,Dubai,,(04)4539450
MEDCARE MEDICAL CENTRE DISCOVERY GARDENS (MEDCARE HOSPITAL GROUP),DXB,Clinic,Dubai,,(04)5530290
MEDCARE MEDICAL CENTRE MARINA (MEDCARE HOSPITAL GROUP),DXB,Clinic,Dubai,,(04)5586467
MEDCARE MEDICAL CENTRE RASHIDIYA BR OF MEDCARE HOSPITAL LLC (MEDCARE (04),DXB,Clinic,Dubai,,2885881
HOSPITAL GROUP) MEDCARE MEDICAL CENTRE(MEDCARE HOSPITAL GROUP),DXB,Clinic,Dubai,,(04)2840722
MEDCARE MEDICAL CENTRE(MEDCARE MEDICAL CENTRE GROUP),DXB,Clinic,Dubai,,(04)2847199
MEDCARE MEDICAL CENTRE(MEDCARE MEDICAL CENTRE GROUP),DXB,Clinic,Dubai,,(04)3953115
MEDCARE PAEDIATRIC SPECIALTY CLINIC ( BR OF MEDCARE HOSPITAL LLC) (MEDCARE,DXB,Clinic,Dubai,,(04)3210430
HOSPITAL GROUP) MEDCARE PHYSIOTHERAPY AND REHABILITATION CENTER (BR OF MEDCARE HOSPITAL,DXB,Clinic,Dubai,,(04)3240511
LLC) (MEDCARE HOSPITAL GROUP) MEDCARE SPECIALTY CENTER (MEDCARE HOSPITAL GROUP),DXB,Clinic,Dubai,,(04)2363593
MEDEOR DOWN TOWN MEDICAL CENTER LLC ( EX MOSAIC MEDICALC ENTER LLC ),DXB,Clinic,Dubai,,(04)3638080
MEDGATE CENTRE,DXB,Clinic,Dubai,,(04)3952575
NETWORK TIER COMPREHENSIVE COMPREHENSIVE EXCL. AHD GENERAL ACE MEDICAL CENTRES ( BR OF MEDI CENTRES POLYCLINIC LLC ) MEDI CENTRES,DXB,Clinic,Dubai,,(04)4560880
POLYCLINIC (BRANCH) (MEDICENTRES GROUP) MEDI CENTRES POLYCLINIC JUMEIRAH BRANCH (MEDICENTRES GROUP),DXB,Clinic,Dubai,,(04)5516311
MEDI CENTRES POLYCLINIC LLC (BRANCH) (MEDICENTRES GROUP),DXB,Clinic,Dubai,,(04)4538666
MEDI CENTRES POLYCLINIC LLC BRANCH (MEDICENTRES GROUP),DXB,Clinic,Dubai,,(04)4538777
MEDI CENTRES POLYCLINIC LLC BRANCH (MEDICENTRES GROUP),DXB,Clinic,Dubai,,(04)2773470
MEDICAL INTERNATIONAL SPECIALIST CENTRE,DXB,Clinic,Dubai,,(04)3499100
MEDICAL SPECIALIST CENTRE (BR),DXB,Clinic,Dubai,,(04)3409495
MEDICENTRES POLYCLINIC (ALSO KNOWN AS MEDICENTRES INTERNATIONAL CLINIC),DXB,Clinic,Dubai,,(04)3608866
"(DENTAL, DERMATOLOGY & PSYCHIATRIC NOT COVERED ON DIRECT BILLING) MEDICLINIC AL BAHR CLINIC LLC (MEDICLINIC GROUP ) ( EX MANCHESTER CLINIC)",DXB,Clinic,Dubai,,(04)3440300
MEDICLINIC AL QUSAIS CLINIC LLC (MEDICLINIC GROUP),DXB,Clinic,Dubai,,(04)2586466
MEDICLINIC AL SUFOUH (MEDICLINIC GROUP),DXB,Clinic,Dubai,,(04)3661030
MEDICLINIC ARABIAN RANCHES CLINIC (BR. OF MEDICLINIC CLINICS INVESTMENT LLC),DXB,Clinic,Dubai,,(04)4534020
(MEDICLINIC GROUP) MEDICLINIC DEIRA CLINIC BR OF MEDICLINIC CLINICS INVESTMENT LLC (MEDICLINIC,DXB,Clinic,Dubai,,(04)2052777
GROUP) WEF 10-07-2018 (EX.CITY CENTRE CLINIC -MAJID AL FUTTAIM HEALTHCARE) MEDICLINIC DUBAI MALL MEDICAL CENTER (BR. OF MEDICLINIC CLINICS INVESTMENT),DXB,Clinic,Dubai,,(04)4495111
(MEDICLINIC GROUP) (DENTAL SERVICES WEF 15.09.14) MEDICLINIC IBN BATTUTA CLINIC LLC (MEDICLINIC GROUP),DXB,Clinic,Dubai,,(04)4409000
MEDICLINIC MEADOWS CLINIC (BR. OF MEDICLINIC CLINICS INVESTMENT LLC),DXB,Clinic,Dubai,,(04)4453970
(MEDICLINIC GROUP) MEDICLINIC MEAISEM (MEDICLINIC GROUP) WEF 10-07-2018 (EX. CITY CENTRE CLINIC -,DXB,Clinic,Dubai,,(04)20527711
MAJID AL FUTTAIM HEALTHCARE) MEDICLINIC MIRDIFF CLINIC LLC (MEDICLINIC GROUP),DXB,Clinic,Dubai,,(04)2881302
MEDICLINIC WELCARE OUTPATIENT CENTRE (MEDICLINIC GROUP),DXB,Clinic,Dubai,,(04)2827788
MEDICORP GULF MEDICAL CLINIC,DXB,Clinic,Dubai,,(04)3121000
NETWORK TIER COMPREHENSIVE COMPREHENSIVE EXCL. AHD GENERAL MEDICURE POLY CLINIC (EX MEDICURE CENTRE),DXB,Clinic,Dubai,,(04)3984866
MEDICURE POLY CLINIC BRANCH (EX MEDICURE CENTRE BRANCH (MEDICURE GROUP),DXB,Clinic,Dubai,,(04)3793931
MEDILIFE POLYCLINIC LLC,DXB,Clinic,Dubai,,(04)3219550
MEDLINE MEDICAL CENTER LLC,DXB,Clinic,Dubai,,(04)3542777
MEDWIN MEDICAL CENTER (PEACE WORLD GROUP),DXB,Clinic,Dubai,,(04)3955044
MEDZE CLINIC BR OF MEDZE HEALTHCARE LLC,DXB,Clinic,Dubai,,(04)2240060
MEDZE STARMED POLYCLINIC LLC (EX SAMAA MEDICAL CENTRE (BR) ( MEDZE HEALTH (04),DXB,Clinic,Dubai,,2620660
CARE LLC) MEHR POLYCLINIC,DXB,Clinic,Dubai,,(04)2283738
MERCATO FAMILY CLINIC (ALSO KNOWN AS SURGICAL MEDICAL ENDOSCOPIC CENTRE),DXB,Clinic,Dubai,,(04)3448844
METROPOLITAN MEDICAL CENTER LLC,DXB,Clinic,Dubai,,(04)3795402
MIDAC MEDICAL CENTER,DXB,Clinic,Dubai,,(04)2857333
MIDEAST POLYCLINIC,DXB,Clinic,Dubai,,(04)2216888
MINAL MEDICAL CENTRE,DXB,Clinic,Dubai,,(04)3420990
MIRACURE MEDICAL CENTRE LLC (EX MEHRISH MEDICAL CLINIC),DXB,Clinic,Dubai,,(04)3202500
MIRDIF CENTER FOR PHYSIOTHERAPY & REHABILITATION LLC,DXB,Clinic,Dubai,,(04)2559297
MODERN FAMILY CLINIC (ALSO KNOWN AS MODERN CHILD SPECIALITY CLINIC),DXB,Clinic,Dubai,,(04)3343263
MUHAISNA SPECIALIST MEDICAL CENTRE (AL CHEMIST HEALTHCARE LLC ),DXB,Clinic,Dubai,,(04)2644155
MUSTAFA ALQAYSI MEDICAL CENTER LLC,DXB,Clinic,Dubai,,(04)8868823
MY HEALTH MEDICAL CENTER,DXB,Clinic,Dubai,,(04)2522100
MY PEDIA CLINIC FZ LLC,DXB,Clinic,Dubai,,(04)4305926
N9NE MEDICAL INSTITUTE,DXB,Clinic,Dubai,,(04)4499944
NAIF MEDICAL CENTRE,DXB,Clinic,Dubai,,(04)2716224
NASSER CLINIC,DXB,Clinic,Dubai,,(04)2631316
NASSER MEDICAL CONSULTANT CENTRE,DXB,Clinic,Dubai,,(04)2698400
NETWORK TIER COMPREHENSIVE COMPREHENSIVE EXCL. AHD GENERAL NATIONAL MEDICAL CENTRE,DXB,Clinic,Dubai,,(04)3453906
NET CARE CLINIC CENTRE,DXB,Clinic,Dubai,,(04)3988838
"NEUROPEDIA, CHILDRENS NEUROSCIENCE CENTER",DXB,Clinic,Dubai,,(04)3431113
NEW APOLLO POLYCLINIC,DXB,Clinic,Dubai,,(04)3379040
NEW EMIRATES MEDICAL CENTER,DXB,Clinic,Dubai,,(04)2283555
NEW HEALTH CALL JLT (HEALTH CALL GROUP),DXB,Clinic,Dubai,,(04)4537772
NEW LOTUS MEDICAL CENTER (DR. IQBAL SPECIALITY MEDICAL CENTRE),DXB,Clinic,Dubai,,(04)2619795
NEW LOTUS MEDICAL CENTER LLC BRANCH ( PART OF NEW LOTUS MEDICAL CENTRE),DXB,Clinic,Dubai,,(04)3211213
NEW MEDICAL CENTRE ( EX NEW MEDICAL CENTRE HOSPITAL (NMC GROUP),DXB,Clinic,Dubai,,(04)2689800
NEW SANAIYA CLINIC (NEW SANAIYA GROUP),DXB,Clinic,Dubai,,(04)2648202
NEW SANAIYA CLINIC BRANCH (NEW SANAIYA GROUP),DXB,Clinic,Dubai,,(04)2681333
NEW VISION EYE CENTER,DXB,Clinic,Dubai,,(04)4519595
NICE CARE MEDICAL CENTER,DXB,Clinic,Dubai,,(04)3794444
NISA WELL WOMAN CLINIC FZ LLC,DXB,Clinic,Dubai,,(04)5136972
NOOR AL SHEFA CLINIC,DXB,Clinic,Dubai,,(04)3886601
NOOR AL SHEFA CLINIC BRANCH,DXB,Clinic,Dubai,,(04)3886601
NOOR ALAHALIA MEDICALCENTRE ( AHALIA GROUP),DXB,Clinic,Dubai,,(04)2547556
NOOR ALSHEFA CLINIC,DXB,Clinic,Dubai,,(04)9237227
NOORA POLYCLINIC,DXB,Clinic,Dubai,,(04)2246364
NORTH AMERICAN LASIK AND EYE SURGERY CENTER LLC,DXB,Clinic,Dubai,,(04)3447766
NORTHWEST CLINIC FOR DIABETES AND ENDOCRINOLOGY,DXB,Clinic,Dubai,,(04)3307117
OCCUPATIONAL HEALTH INTERNATIONAL (GHI AMBER GROUP),DXB,Clinic,Dubai,,(04)2306410
OCP MEDICAL CENTER LLC,DXB,Clinic,Dubai,,(04)3519933
OKARE PHYSIOTHERAPY CENTER,DXB,Clinic,Dubai,,(04)2323332
OMAYA MEDICAL CENTRE,DXB,Clinic,Dubai,,(04)2242281
OMNICARE MEDICAL CENTRE,DXB,Clinic,Dubai,,(04)3388990
NETWORK TIER COMPREHENSIVE COMPREHENSIVE EXCL. AHD GENERAL OPEN MRI FOR SPINE SURGERY,DXB,Clinic,Dubai,,(04)3422120
OPTIMUM DIAGNOSTIC CLINIC JLT,DXB,Clinic,Dubai,,(04)3605222
ORCHID REPRODUCTIVE AND ANDROLOGY SERVICES FZ -LLC (EX DR. WAFA GYN &,DXB,Clinic,Dubai,,(04)4377520
FERTILITY CENTRE FZ LLC) OREGON INTERNATIONAL TRAINING CENTER AND HOME CARE LLC,DXB,Clinic,Dubai,,(04)3458951
ORTHOCURE MEDICAL CENTER,DXB,Clinic,Dubai,,(04)2888812
ORTHOSPORTS MEDICAL CENTER,DXB,Clinic,Dubai,,(04)3450601
OSRATY FOR PHYSIO AND REHAB,DXB,Clinic,Dubai,,(04)2559444
OUD AL MUTEENA MEDICAL CENTER,DXB,Clinic,Dubai,,(04)2852245
OXFORD MEDICAL CENTER,DXB,Clinic,Dubai,,(04)3511164
OXYGEN PLUS MEDICAL CENTER (OXYGEN GROUP),DXB,Clinic,Dubai,,(04)3887088
PANACEA MEDICAL AND WELLNESS CENTRE,DXB,Clinic,Dubai,,(04)3582020
PEARL DENTAL CLINIC,DXB,Clinic,Dubai,,(04)4270710
PEARLS POLYCLINIC,DXB,Clinic,Dubai,,(04)2387788
PESHAWAR MEDICAL CENTRE,DXB,Clinic,Dubai,,(04)2974040
PHYSIO VILLE PHYSIOTHREAPY CENTER LLC,DXB,Clinic,Dubai,,(04)3339994
PHYSIO WORLD MIDDLE EAST FZ LLC,DXB,Clinic,Dubai,,(04)5579855
PHYSIOART PHYSIOTHERAPY CENTER,DXB,Clinic,Dubai,,(04)3856677
PHYSIOCARE FZ LLC,DXB,Clinic,Dubai,,(04)4298560
PRIMACARE SPECIALITY CLINICS LLC (EX AL MUSALLA MEDICAL CENTRE (AL CHEMIST,DXB,Clinic,Dubai,,(04)3966123
HEALTHCARE LLC ) PRIME CORP MEDICAL CENTRE (EX AL QUOZ PRIME CORP MEDICAL CENTRE) (PRIME,DXB,Clinic,Dubai,,(04)3396047
GROUP) PRIME MEDICAL CENTER AL QUSAIS BR OF PRIME MEDICAL CENTER LLC ( PRIME GROUP),DXB,Clinic,Dubai,,(04)6079876
PRIME MEDICAL CENTER REEF MALL ( PRIME GROUP),DXB,Clinic,Dubai,,(04)6079928
PRIME MEDICAL CENTER RTA BRANCH (PRIME GROUP),DXB,Clinic,Dubai,,(04)2720720
PRIME MEDICAL CENTRE (BRANCH) LLC (PRIME GROUP),DXB,Clinic,Dubai,,(04)2845522
NETWORK TIER COMPREHENSIVE COMPREHENSIVE EXCL. AHD GENERAL PRIME MEDICAL CENTRE BUR DUBAI LLC (PRIME GROUP),DXB,Clinic,Dubai,,(04)3570033
PRIME MEDICAL CENTRE JUMEIRAH LLC (PRIME GROUP),DXB,Clinic,Dubai,,(04)3494545
PRIME MEDICAL CENTRE LLC (PRIME GROUP),DXB,Clinic,Dubai,,(04)2720720
PRIME MEDICAL CENTER MOTOR CITY (BR OF MEDI PRIME PHARMACY (LLC) (PRIME,DXB,Clinic,Dubai,,(04)7070160
GROUP) PRIME MEDICAL CENTRE SHEIKH ZAYED ROAD LLC (PRIME GROUP),DXB,Clinic,Dubai,,(04)3389389
PRIMECORP MEDICAL CENTER LLC DIP (PRIMECORP - PRIME GROUP),DXB,Clinic,Dubai,,(04)2720720
PRIMECORP MEDICAL CENTER DWC (BR OF PRIMECORP MEDICAL CENTER LLC) (PRIME (04),DXB,Clinic,Dubai,,2720720
GROUP) PRIMECORP MEDICAL CENTER LLC JABAL ALI BRANCH ( PRIME GROUP),DXB,Clinic,Dubai,,(04)2329787
PRIORY WELLBEING CENTRE,DXB,Clinic,Dubai,,(04)2453800
PROFESSOR AL SAMARRAI MEDICAL CENTRE,DXB,Clinic,Dubai,,(04)4233669
PROFICIENCY HEALTHCARE DIAGNOSTIC LABORATORIES LLC,DXB,Clinic,Dubai,,(04)2776162
RAK DIABETES CENTER (Br of ARABIAN HEALTHCARE GROUP LLC),DXB,Clinic,Dubai,,(04)3801104
RAMADA MEDICAL CENTRE,DXB,Clinic,Dubai,,04-3987287
RAMADI PHYSIO CLINIC,DXB,Clinic,Dubai,,(04)3431916
RASHIDIYA PRIVATE POLYCLINIC,DXB,Clinic,Dubai,,(04)3939383
RIAZ MEDICAL CENTRE (PART OF RIAZ MEDICAL CENTRE SHJ),DXB,Clinic,Dubai,,(04)42644130
RIVA LASER MEDICAL CENTER LLC,DXB,Clinic,Dubai,,(04)2598831
ROCHESTER WELLNESS CLINIC,DXB,Clinic,Dubai,,(04)3942257
ROYAL CROWN DENTAL CLINIC,DXB,Clinic,Dubai,,(04)2958077
ROYAL PALACE MEDICAL CENTRE,DXB,Clinic,Dubai,,(04)2692202
RUBY CLINIC FZ CO (NEW SANAIYA GROUP),DXB,Clinic,Dubai,,(04)4226899
SAGAR HEALTHCARE & DIAGNOSTICS FZ LLC,DXB,Clinic,Dubai,,(04)4343966
SALEEM POLYCLINIC (ASTER) (FORMERLY KNOWN AS DR. SALEEM K. T. CLINIC),DXB,Clinic,Dubai,,(04)3495353
SAMA MEDICAL CENTER,DXB,Clinic,Dubai,,(04)3881151
SAMAA MEDICAL CENTRE,DXB,Clinic,Dubai,,(04)3955422
NETWORK TIER COMPREHENSIVE COMPREHENSIVE EXCL. AHD GENERAL SEHATY POLYCLINIC,DXB,Clinic,Dubai,,(04)3444574
SEKHER MEDICAL CLINIC,DXB,Clinic,Dubai,,(04)3387749
SHAMS AL ASSIL POLYCLINC,DXB,Clinic,Dubai,,(04)2955881
SHANGHAI MEDICAL CENTER,DXB,Clinic,Dubai,,(04)3743338
SHANGHAI MEDICAL CENTER LLC BRANCH (EX FIRST MEDICAL CENTRE BRANCH (FIRST,DXB,Clinic,Dubai,,(04)4585859
MEDICAL CENTRE GROUP) SHARIF EYE CENTER FZ LLC,DXB,Clinic,Dubai,,(04)4233664
SHEIKH MANAA BIN HASHER ALMAKTOUM POLYCLINIC LLC,DXB,Clinic,Dubai,,(04)3420642
SIRAJUDEEN MEDICAL CENTRE,DXB,Clinic,Dubai,,(04)3345955
SNOWDONIA MEDICAL CENTRE,DXB,Clinic,Dubai,,(04)3383100
SOMERSET CLINIC FZ LLC,DXB,Clinic,Dubai,,(04)3612403
SPANISH CENTRE LASIK & EYES & COSMETIC LLC,DXB,Clinic,Dubai,,(04)3434634
SPECIALIZED MEDICAL & DENTAL CENTER,DXB,Clinic,Dubai,,(04)3278111
SULTAN AL OLAMA MEDICAL CENTER (BRANCH),DXB,Clinic,Dubai,,(04)2565550
SULTAN AL OLAMA MEDICAL CENTRE,DXB,Clinic,Dubai,,(04)2845778
SULTAN AL OLAMA MEDICAL CENTRE BR,DXB,Clinic,Dubai,,(04)3468686
SULTAN AL OLAMA MEDICAL CENTRE BRANCH,DXB,Clinic,Dubai,,(04)4362672
SULTAN AL OLAMA MEDICAL CENTRE BRANCH ICP,DXB,Clinic,Dubai,,(04)2445232
SUN FACE MEDICAL AESTHETIC CENTRE DMCC,DXB,Clinic,Dubai,,(04)4432346
SYMBIOSIS MEDICAL CENTRE (PART OF SYMBIOSIS HEALTHCARE),DXB,Clinic,Dubai,,(04)3925577
SYNERGY INTEGRATED MEDICAL CENTER (TOP MEDICAL CENTRE GROUP),DXB,Clinic,Dubai,,(04)3485452
THE DENTAL SPA,DXB,Clinic,Dubai,,(04)3952005
THE FRENCH CLINIC FZ LLC,DXB,Clinic,Dubai,,(04)4298450
THE GENERAL MEDICAL CENTRE 1 BR OF GMC HEALTH CARE LLC (EX GENERAL MEDICAL,DXB,Clinic,Dubai,,(04)3495959
CENTRE (GMC ASSOCIATED CLINICS GROUP) THE LAKES CLINIC,DXB,Clinic,Dubai,,(04)4534848
THE MODERN MEDICAL CONSULTATION CENTRE,DXB,Clinic,Dubai,,(04)2228772
NETWORK TIER COMPREHENSIVE COMPREHENSIVE EXCL. AHD GENERAL THE NATIONAL MEDICAL CENTRE,DXB,Clinic,Dubai,,(04)2225888
THE PHYSIO CENTRE FZ LLC,DXB,Clinic,Dubai,,(04)4370570
THE PRACTICE POLY CLINIC L.L.C,DXB,Clinic,Dubai,,(04)2434733
THUMBAY CLINIC DUBAI BRANCH (THUMBAY GROUP),DXB,Clinic,Dubai,,(04)2633133
THUMBAY CLINIC LLC BRANCH (THUMBAY GROUP),DXB,Clinic,Dubai,,(04)3261666
THUMBAY CLINIC LLC BRANCH SATWA (THUMBAY GROUP),DXB,Clinic,Dubai,,(04)3461555
TOP MEDICAL CENTRE (TOP MEDICAL CENTRE GROUP),DXB,Clinic,Dubai,,(04)3958159
TORONTO MEDICAL CENTER LLC,DXB,Clinic,Dubai,,(04)2638093
TRANSFORM SPECIALIST MEDICAL CENTERE LLC,DXB,Clinic,Dubai,,(04)3449997
TRUST MEDICAL LABORATORY,DXB,Clinic,Dubai,,(04)2398766
ULTRA CARE MEDICAL GROUP (ULTRA CARE MEDICAL GROUP),DXB,Clinic,Dubai,,(04)2230033
ULTRA CARE MEDICAL GROUP-BR (ULTRA CARE MEDICAL GROUP),DXB,Clinic,Dubai,,(04)3959361
UNICARE MEDICAL CENTER ( BRANCH) ( UNICARE MEDICAL CENTER),DXB,Clinic,Dubai,,(04)3529292
UNICARE MEDICAL CENTRE,DXB,Clinic,Dubai,,(04)3529292
UNICARE MEDICAL CENTRE BRANCH (GROUP OF UNICARE MEDICAL CENTRE),DXB,Clinic,Dubai,,(04)3980880
UNION MEDICAL CENTRE (ASTER),DXB,Clinic,Dubai,,(04)3978828
UNITED MEDICAL CENTER LLC (OUTPATIENT SERIVCES ONLY INCL DENTAL),DXB,Clinic,Dubai,,(04)3708888
UPTODATE MEDICARE CENTRE,DXB,Clinic,Dubai,,(04)3986608
VASAN EYE CARE (BR OF VASAN HEALTH PROJECTS LLC),DXB,Clinic,Dubai,,(04)3579444
VCARE POLYCLINC LLC,DXB,Clinic,Dubai,,(04)2654400
VEIN CARE & SURGERY CENTER,DXB,Clinic,Dubai,,(04)4343000
VENOCARE VASCULAR SURGERY CLINIC,DXB,Clinic,Dubai,,(04)3551166
VIDA CLINICS LLC,DXB,Clinic,Dubai,,(04)3252525
VISTA HEALTHCARE CLINIC,DXB,Clinic,Dubai,,(04)3344223
WE CARE MEDICAL CENTER LLC,DXB,Clinic,Dubai,,(04)2611061
WELLBEING MEDICAL CENTRE,DXB,Clinic,Dubai,,(04)3484406
NETWORK TIER COMPREHENSIVE COMPREHENSIVE EXCL. AHD GENERAL WELLNESS AVENUE MEDICAL CENTRE LLC,DXB,Clinic,Dubai,,97142231110
WESTERN MEDICAL CENTRE,DXB,Clinic,Dubai,,(04)3855655
WESTMINSTER ORTHO MED CLINIC FZ- LLC,DXB,Clinic,Dubai,,(04)2765606
WORLD HEALTHCARE LLC,DXB,Clinic,Dubai,,(04)3375066
XIE HE MEDICAL CENTER,DXB,Clinic,Dubai,,(04)4233055
YOUR HEALTH CLINIC LLC,DXB,Clinic,Dubai,,(04)5579224
ZABEEL CLINIC (SUSPENDED WEF 01.07.16),DXB,Clinic,Dubai,,(04)3370142
ZABEEL LADIES CLUB ( EX ZLC PHYSIOTHERAPY CENTRE),DXB,Clinic,Dubai,,(04)3820043
ZIA MEDICAL CENTRE LLC,DXB,Clinic,Dubai,,(04)3387878
ZULEKHA MEDICAL CENTRE,DXB,Clinic,Dubai,,(04)2613004
ZULEKHA MEDICAL CENTRE BRANCH ( ZULEKHA MEDICAL CENTER),DXB,Clinic,Dubai,,(04)2221919
AKEELA DENTAL CLINIC,DXB,Dental,Dubai,,(04)4229009
AL DEHYAFA SPECIALISED ORTHODONTIC & DENTAL CLINIC,DXB,Dental,Dubai,,(04)3452001
AL MAHER MEDICAL CENTRE LLC,DXB,Dental,Dubai,,(04)3443348
AL MAJD MEDICAL CLINIC,DXB,Dental,Dubai,,(04)2974644
AL MURAQABAT DENTAL CENTRE,DXB,Dental,Dubai,,(04)2662843
AL REEM DENTAL CLINIC,DXB,Dental,Dubai,,(04)3850250
AL ROWAAD DENTAL CENTER,DXB,Dental,Dubai,,(04)2976556
AL SOHOOL ORTHODONTIC AND DENTAL CENTER,DXB,Dental,Dubai,,(04)2273769
AMERICAN MEDICAL & DENTAL CENTRE - AMDC (FORMERLY KNOWN AS AMERICAN,DXB,Dental,Dubai,,(04)3748428
DENTAL CLINIC) AXIS DENTAL CLINIC LLC,DXB,Dental,Dubai,,(04)3984350
BAMBOAT DENTAL CLINIC,DXB,Dental,Dubai,,(04)3285333
BAY AVENUE DENTAL CENTRE,DXB,Dental,Dubai,,(04)2770247
BIN ARAB DENTAL CENTRE (PART OF BIN ARAB DENTAL CLINIC),DXB,Dental,Dubai,,(04)2278827
BIN ARAB DENTAL CENTRE BRANCH (PART OF BIN ARAB DENTAL CLINIC),DXB,Dental,Dubai,,(04)3202008
BIN ARAB DENTAL CLINIC (TERMINATED EFF. 01.06.16),DXB,Dental,Dubai,,(04)3485900
NETWORK TIER COMPREHENSIVE COMPREHENSIVE EXCL. AHD GENERAL BRIGHT SMILE DENTAL AND ORTHODONTIC CENTER LLC,DXB,Dental,Dubai,,(04)3449675
CANADIAN SPECIALIZED DENTAL CENTER FOR ORTHODONTICS AND DENTAL (04),DXB,Dental,Dubai,,4281499
TREATMENTS CENTRAL POLYCLINIC,DXB,Dental,Dubai,,(04)2280009
CHARME POLYCLINIC LLC,DXB,Dental,Dubai,,(04)3808889
CLOVE DENTAL CLINIC LLC,DXB,Dental,Dubai,,(04)3435424
CLOVER MEDICAL CENTRE LLC,DXB,Dental,Dubai,,(04)3688062
DENTAL CLUB CLINIC EST,DXB,Dental,Dubai,,(04)2524343
DENTAL HEALTH CLINIC,DXB,Dental,Dubai,,(04)4478928
DENTAMAX MEDICAL CENTER ( EX AL QUSAIS MEDICAL CENTER),DXB,Dental,Dubai,,(04)2636717
DENTCARE CENTER INTERNATIONAL,DXB,Dental,Dubai,,(04)4370111
DENTCARE J B R MEDICAL CENTER,DXB,Dental,Dubai,,(04)583598
DR DINA PEDIATRIC DENTISTRY CLINIC,DXB,Dental,Dubai,,(04)3440055
DR JOY DENTAL CLINIC L.L.C BRANCH,DXB,Dental,Dubai,,(04)3555357
DR LUMA AL KURBASI SPECIALIZED DENTAL CLINIC LLC (EX FATMA AL BERMANI,DXB,Dental,Dubai,,(04)2222075
SPECIALIZED DENTAL CLINIC) DR. ABDELWAHAB MOHD. ELHAMY DENTAL CLINIC,DXB,Dental,Dubai,,(04)2682244
DR. ABURAS DENTAL CENTER,DXB,Dental,Dubai,,(04)2980089
DR. ABURAS DENTAL CENTER L.L.C. (BRANCH) (DR. ABURAS DENTAL CENTER GROUP),DXB,Dental,Dubai,,(04)3952131
DR. ALI AL KAISSI DENTAL CLINIC,DXB,Dental,Dubai,,(04)2680602
DR. EHAB RASHED DENTAL CLINIC,DXB,Dental,Dubai,,(04)3461546
DR. HELMI'S SPECIALIZED IMPLANTOLOGY & DENTAL CENTRE,DXB,Dental,Dubai,,(04)2682684
DR. HUSSEIN LABIB DENTAL CLINIC,DXB,Dental,Dubai,,(04)2699953
DR. JOY DENTAL CLINIC - JUMEIRAH (SUSPENDED WEF 01.07.15),DXB,Dental,Dubai,,(04)3285332
DR. JOY DENTAL CLINIC - KARAMA,DXB,Dental,Dubai,,(04)3979522
DR. JOY DENTAL CLINIC BRANCH,DXB,Dental,Dubai,,(04)2845722
NETWORK TIER COMPREHENSIVE COMPREHENSIVE EXCL. AHD GENERAL DR. MANSOORI CLINIC,DXB,Dental,Dubai,,(04)2989995
DR. MARIETTE WILLIAM MORGOS DENTAL CLINIC,DXB,Dental,Dubai,,(04)3376446
DR MOHAMMAD IMAD DENTAL CLINIC,DXB,Dental,Dubai,,(04)8521096
DR. MOHANNAD DENTAL CLINIC,DXB,Dental,Dubai,,(04)2899441
DR. NAMIR SUBHI AHMED DENTAL CLINIC,DXB,Dental,Dubai,,(04)2980019
DR. PAUL DENTAL CLINIC LLC,DXB,Dental,Dubai,,(04)3575783
DR. RAFIH KHOURY DENTAL CLINIC,DXB,Dental,Dubai,,(04)3982000
DR.HAMMAM ZOGHBI MEDICAL CENTER LLC,DXB,Dental,Dubai,,(04)2945499
DR.ZEINAB DENTAL CLINIC,DXB,Dental,Dubai,,(04)3968992
DR. WILLIAM’S DENTAL CENTER,DXB,Dental,Dubai,,(04)3467677
DRS. NICOLAS & ASP CLINIC JUMEIRAH MAIN BRANCH (24*7),DXB,Dental,Dubai,,(04)3947777
"DRS. NICOLAS & ASP, PAEDIATRIC DENTISTRY CENTRE (FORMERLY KNOWN AS DRS.",DXB,Dental,Dubai,,(04)3497477
NICOLAS & ASP CLINIC JBR MURJAN) DUBAI DENTAL CLINIC FZ LLC (REINSTATED DIRECT BILLING WEF 01.04.15),DXB,Dental,Dubai,,(04)4248777
ESSENTIAL DENTAL CENTER,DXB,Dental,Dubai,,(04)2776055
EUROPEAN UNIVERSITY COLLEGE FZ - LLC (FORMERLY KNOWN AS DRS. NICOLAS & ASP,DXB,Dental,Dubai,,(04)3624790
CLINIC DHCC) EXTREME CARE POLYCLINIC,DXB,Dental,Dubai,,(04)2555383
FRENCH DENTAL CLINIC FZ LLC,DXB,Dental,Dubai,,(04)4298218
GENERAL MEDICAL CENTRE (GMC ASSOCIATED CLINICS GROUP),DXB,Dental,Dubai,,(04)3495959
GERMAN DENTAL OASIS,DXB,Dental,Dubai,,(04)3635367
HELLENIC DENTAL CLINIC,DXB,Dental,Dubai,,(04)3490422
HUSSAM DENTAL CLINIC,DXB,Dental,Dubai,,(04)3343421
ILLINOIS POLYCLINIC,DXB,Dental,Dubai,,(04)3499977
IMC MEDICAL CENTER DENTAL BRANCH (EX MOUAFFAQ BRIGHT TEETH CLINIC),DXB,Dental,Dubai,,(04)3251222
INFINITY PLUS MEDICAL CENTER LLC (EX DR.HAMMAMZOGHBI MEDICAL CENTER LLC ),DXB,Dental,Dubai,,(04)2945499
NETWORK TIER COMPREHENSIVE COMPREHENSIVE EXCL. AHD GENERAL INTERNATIONAL AESTHETIC MEDICAL CENTRE,DXB,Dental,Dubai,,(04)3498000
INTERNATIONAL DENTAL CLINIC,DXB,Dental,Dubai,,(04)3433360
LA PERLA DENTAL CLINIC,DXB,Dental,Dubai,,(04)4321732
LEVANTINE DENTAL CLINIC,DXB,Dental,Dubai,,(04)3385677
LUZAN DENTAL CENTER,DXB,Dental,Dubai,,(04)3311116
MAHBOUBI POLYDENTAL CLINIC,DXB,Dental,Dubai,,(04)3458686
MARINA DENTAL CENTRE (FORMERLY KNOWN AS MARINA DENTAL CLINIC -,DXB,Dental,Dubai,,(04)3693625
KNOWLEDGE VILLAGE) (TOP MODERN DENTAL GROUP) MEMORIAL DENTAL CLINIC,DXB,Dental,Dubai,,(04)4272438
MEMMORIAL DENTAL CLINIC FZ LLC (EMIRATES HOSPITAL GROUP),DXB,Dental,Dubai,,(04)4272438
MINT DENTAL CARE LLC,DXB,Dental,Dubai,,(04)5135722
MUNICH DENTAL CLINIC,DXB,Dental,Dubai,,(04)3454400
MUNICH DENTAL CLINIC (BRANCH),DXB,Dental,Dubai,,(04)3450055
NAGEM DENTAL CENTER LLC,DXB,Dental,Dubai,,(04)4564090
NOA DENTAL CLINIC,DXB,Dental,Dubai,,(04)3987075
NORTH CAROLINA DENTAL PRACTICE FZ LLC,DXB,Dental,Dubai,,(04)3635328
PERFECT SMILE ORTHODONTHIC AND COSMETIC DENTAL CENTER,DXB,Dental,Dubai,,(04)3856100
QUALITY CARE DENTAL CENTER,DXB,Dental,Dubai,,(04)3454441
RONA RABAH DENTAL CLINIC LLC,DXB,Dental,Dubai,,(04)5586998
ROYAL DENTAL CARE L.L.C,DXB,Dental,Dubai,,(04)3854422
ROYAL SMILE DENTAL CLINIC LLC,DXB,Dental,Dubai,,(04)3523173
ROYAL WING HEALTH CARE CENTER,DXB,Dental,Dubai,,(04)2855479
SDC CLINIC DENTAL AND COSMETICS LLC (EX SCOTTISH DENTAL CENTER),DXB,Dental,Dubai,,(04)3284888
SEVEN DENTAL CENTRE,DXB,Dental,Dubai,,(04)3952177
SHAIKH MAKTOUM BIN HAMDAN DENTAL CENTER,DXB,Dental,Dubai,,(04)3276669
SHAMS MOOPEN DENTAL CLINIC (FORMERLY KNOWN AS DR. MOOPEN'S MEDICAL,DXB,Dental,Dubai,,(04)3997522
CENTRE MARINA) NETWORK TIER COMPREHENSIVE COMPREHENSIVE EXCL. AHD GENERAL SHINE AND SMILE DENTAL CLINIC LLC,DXB,Dental,Dubai,,(04)2242100
SMILE DESIGN CLINIC LLC,DXB,Dental,Dubai,,(04)2395776
SMILE ESSENTIALS DENTAL CLINIC L.L.C.,DXB,Dental,Dubai,,(04)2979464
SMILE FIXERS DENTAL CLINIC,DXB,Dental,Dubai,,(04)4217089
SMILE SPA DENTAL CLINIC,DXB,Dental,Dubai,,(04)2362337
THE DENTAL BOUTIQUE JLT,DXB,Dental,Dubai,,(04)3996630
THE DENTAL HOUSE CENTER (BR OF DOCTOR MOHANNAD DENTAL CLINIC),DXB,Dental,Dubai,,(04)2345777
TOOTHSMITHS DENTAL CENTRE,DXB,Dental,Dubai,,(04)3577700
TOWER CLINIC FZ LLC,DXB,Dental,Dubai,,(04)3622939
UNIQUE SMILE CLINIC L.L.C,DXB,Dental,Dubai,,(04)2502471
VERSAILLES DENTAL CLINIC,DXB,Dental,Dubai,,(04)4298288
WESTERN ORTHODONTIC AND DENTAL CENTRE,DXB,Dental,Dubai,,(04)3455993
BIOSYTECH MEDICAL LABORATORY LLC (EX BIOSYTECH POLYCLINIC & DIAGNOSTIC CENTRE) NETWORK TIER COMPREHENSIVE COMPREHENSIVE EXCL. AHD GENERAL CPS CLINICAL PATHOLOGY SERVICES ( EX IBS LABORATORIES FOR RESEARCH AND MEDICAL ANALYSIS L.L.C.) MEDSOL AL ABBAR LABORATORIES FOR RESEARCH & MEDICAL ANALYSIS (BR OF GULF HEALTHCARE INTERNATIONAL LLC) (MEDSOL GROUP) MEDSOL DUBAI MEDICAL LABORATORY (BR OF GULF HEALTHCARE INTERNATIONAL LLC) (MEDSOL GROUP) NETWORK TIER COMPREHENSIVE COMPREHENSIVE EXCL. AHD GENERAL ONE DAY SURGERY CENTRE ONE DAY SURGERY CENTRE ONE DAY SURGERY CENTRE ONE DAY SURGERY CENTRE ONE DAY SURGERY EMIRATES HOSPITAL DAY SURGERY & MEDICAL CENTRE L.L.C (EMIRATES HOSPITAL CENTRE GROUP) ONE DAY SURGERY CENTRE ONE DAY SURGERY CENTRE ONE DAY SURGERY CENTRE ONE DAY SURGERY CENTRE ONE DAY SURGERY CENTRE ONE DAY SURGERY CENTRE ONE DAY SURGERY CENTRE ONE DAY SURGERY CENTRE AL BARAKAT INTERNATIONAL UNITED GROUP (BARAKAT GROUP),DXB,Optical,Dubai,,(04)3954008
NETWORK TIER COMPREHENSIVE COMPREHENSIVE EXCL. AHD GENERAL AL JABER OPTICAL CENTRE LLC - ARABIAN RANCHES 2 ( AL JABER GROUP),DXB,Optical,Dubai,,(04)4324736
AL JABER OPTICAL CENTRE LLC (AL JABER GROUP),DXB,Optical,Dubai,,(04)2845051
AL JABER OPTICAL CENTRE LLC (AL JABER GROUP),DXB,Optical,Dubai,,(04)2845054
AL JABER OPTICAL CENTRE LLC (AL JABER GROUP),DXB,Optical,Dubai,,(04)2861180
AL JABER OPTICAL CENTRE LLC (AL JABER GROUP),DXB,Optical,Dubai,,(04)2954400
AL JABER OPTICAL CENTRE LLC (AL JABER GROUP),DXB,Optical,Dubai,,(04)2326446
AL JABER OPTICAL CENTRE LLC (AL JABER GROUP),DXB,Optical,Dubai,,(04)3997733
AL JABER OPTICAL CENTRE LLC (AL JABER GROUP),DXB,Optical,Dubai,,(04)4255828
AL JABER OPTICAL CENTRE LLC (AL JABER GROUP),DXB,Optical,Dubai,,(04)3398100
AL JABER OPTICAL CENTRE LLC (AL JABER GROUP),DXB,Optical,Dubai,,(04)3607466
AL JABER OPTICAL CENTRE LLC (AL JABER GROUP),DXB,Optical,Dubai,,(04)3326236
AL JABER OPTICAL CENTRE LLC (AL JABER GROUP),DXB,Optical,Dubai,,(04)2249444
AL JABER OPTICAL CENTRE LLC (AL JABER GROUP),DXB,Optical,Dubai,,(04)3639494
AL JABER OPTICAL CENTRE LLC (AL JABER GROUP),DXB,Optical,Dubai,,(04)3369806
AL JABER OPTICAL CENTRE LLC (AL JABER GROUP),DXB,Optical,Dubai,,(04)3429933
AL JABER OPTICAL CENTRE LLC (AL JABER GROUP),DXB,Optical,Dubai,,(04)3311955
AL JABER OPTICAL CENTRE LLC (AL JABER GROUP),DXB,Optical,Dubai,,(04)3360773
AL JABER OPTICAL CENTRE LLC (AL JABER GROUP),DXB,Optical,Dubai,,(04)2843771
AL JABER OPTICAL CENTRE LLC (AL JABER GROUP),DXB,Optical,Dubai,,(04)3411322
AL JABER OPTICAL CENTRE LLC (AL JABER GROUP),DXB,Optical,Dubai,,(04)3279788
AL JABER OPTICAL CENTRE LLC -BR (AL JABER GROUP),DXB,Optical,Dubai,,(04)4342727
AL JABER OPTICAL CENTRE LLC BR MADINAT JUMEIRA (AL JABER GROUP),DXB,Optical,Dubai,,(04)4489285
AL JABER OPTICAL CENTRE LLC BRANCH (AL JABER GROUP),DXB,Optical,Dubai,,(04)3448633
ALPHA OPTICAL L.L.C (BRANCH) (ALPHA GROUP),DXB,Optical,Dubai,,(04)3253353
ALPHA OPTICAL OUTLET (BR OF ALPHA OPTICAL LLC) (ALPHA GROUP),DXB,Optical,Dubai,,(04)4264999
ASTER OPTICS (ASTER),DXB,Optical,Dubai,,(04)3512447
NETWORK TIER COMPREHENSIVE COMPREHENSIVE EXCL. AHD GENERAL BARAKAT OPTICAL BRANCH DUBAI MALL (BARAKAT GROUP),DXB,Optical,Dubai,,(04)3954008
BARAKAT OPTICAL DSO BRANCH ( BARAKAT GROUP),DXB,Optical,Dubai,,(04)3954008
BARAKAT OPTICAL (BARAKAT GROUP),DXB,Optical,Dubai,,(04)3954008
BARAKAT OPTICAL BR MARDAF (BARAKAT GROUP),DXB,Optical,Dubai,,(04)3954008
BARAKAT OPTICAL BR. DUBAI OUTLET (BARAKAT GROUP),DXB,Optical,Dubai,,(04)3954008
BARAKAT OPTICAL BRANCH JUMAIRA (BARAKAT GROUP),DXB,Optical,Dubai,,(04)3954008
BARAKAT OPTICAL DISCOVERY PAVILION BRANCH ( BARAKAT GROUP),DXB,Optical,Dubai,,(04)3954008
BARAKAT OPTICAL FESTIVAL CITY ( BARAKAT GROUP),DXB,Optical,Dubai,,(04)3954008
BARAKAT OPTICAL JPV BRANCH (BARAKAT GROUP),DXB,Optical,Dubai,,(04)3954008
BARAKAT OPTICAL MADINA MALL BRANCH (BARAKAT GROUP),DXB,Optical,Dubai,,(04)3954008
DUBAI NOBLE OPTICALS (LLC) (GULF OPTICS GROUP),DXB,Optical,Dubai,,(04)2635952
DUBAI OPTICAL (L.L.C.) BRANCH (DUBAI OPTICAL GROUP),DXB,Optical,Dubai,,(04)3461931
DUBAI OPTICAL CO (L.L.C.) BRANCH (DUBAI OPTICAL GROUP),DXB,Optical,Dubai,,(04)3685540
DUBAI OPTICAL CO (L.L.C.) BRANCH (DUBAI OPTICAL GROUP),DXB,Optical,Dubai,,(04)2840103
DUBAI OPTICALS (BR) (DUBAI OPTICAL GROUP),DXB,Optical,Dubai,,(04)2325692
DUBAI OPTICALS BRANCH (DUBAI OPTICAL GROUP),DXB,Optical,Dubai,,(04)3554767
EMIRATES OPTICAL LLC (EMIRATES OPTICS),DXB,Optical,Dubai,,(04)3451010
EMIRATES OPTICAL LLC (EMIRATES OPTICS),DXB,Optical,Dubai,,(04)3383809
EMIRATES OPTICAL LLC BR (EMIRATES OPTICS),DXB,Optical,Dubai,,(04)3256119
EMIRATES OPTICAL LLC BR (EMIRATES OPTICS),DXB,Optical,Dubai,,(04)2840809
EXECUTIVE OPTICS LLC BRANCH (GRAND OPTICS GROUP),DXB,Optical,Dubai,,(04)2558004
EXECUTIVE OPTICS LLC BRANCH RAS ALKHOR (GRAND OPTICS GROUP),DXB,Optical,Dubai,,(04)3331872
EXECUTIVE OPTICS LLC JUMERAH (GRAND OPTICS GROUP),DXB,Optical,Dubai,,(04)3943723
GRAND OPTICS (L.L.C.) (GRAND OPTICS GROUP),DXB,Optical,Dubai,,(04)3619420
GRAND OPTICS (L.L.C.) (GRAND OPTICS GROUP),DXB,Optical,Dubai,,(04)3586324
GRAND OPTICS (L.L.C.) (GRAND OPTICS GROUP),DXB,Optical,Dubai,,(04)4233809
NETWORK TIER COMPREHENSIVE COMPREHENSIVE EXCL. AHD GENERAL GRAND OPTICS (L.L.C.) (GRAND OPTICS GROUP),DXB,Optical,Dubai,,(04)3609009
GRAND OPTICS (L.L.C.) (GRAND OPTICS GROUP),DXB,Optical,Dubai,,(04)2840056
GRAND OPTICS (L.L.C.) (GRAND OPTICS GROUP),DXB,Optical,Dubai,,(04)3410350
GRAND OPTICS (L.L.C.) (GRAND OPTICS GROUP),DXB,Optical,Dubai,,(04)4279833
GRAND OPTICS (L.L.C.) (GRAND OPTICS GROUP),DXB,Optical,Dubai,,(04)4203674
GRAND OPTICS (L.L.C.) (GRAND OPTICS GROUP),DXB,Optical,Dubai,,(04)2279907
GRAND OPTICS (L.L.C.) (GRAND OPTICS GROUP),DXB,Optical,Dubai,,(04)3936133
GRAND OPTICS (L.L.C.) (GRAND OPTICS GROUP),DXB,Optical,Dubai,,(04)3398776
GRAND OPTICS (L.L.C.) (GRAND OPTICS GROUP),DXB,Optical,Dubai,,(04)2954699
GRAND OPTICS (LLC) (BRANCH) (GRAND OPTICS GROUP),DXB,Optical,Dubai,,(04)2959656
GRAND OPTICS (LLC) (BRANCH) (GRAND OPTICS GROUP),DXB,Optical,Dubai,,(04)3586324
GRAND SUNGLASSES (L.L.C.) BRANCH (GRAND OPTICS GROUP),DXB,Optical,Dubai,,(04)2329878
GULF OPTICS (GULF OPTICS GROUP),DXB,Optical,Dubai,,(04)2616424
GULF OPTICS ESTABLISHMENT (GULF OPTICS GROUP),DXB,Optical,Dubai,,(04)2260502
GULF OPTIK STORE (GULF OPTICS GROUP),DXB,Optical,Dubai,,(04)2284328
MAGRABI OPTICAL CO. LLC (MAGRABI GROUP),DXB,Optical,Dubai,,(04)2845530
MAGRABI OPTICAL CO. LLC (MAGRABI GROUP),DXB,Optical,Dubai,,(04)3511104
MAGRABI OPTICAL CO. LLC (MAGRABI GROUP),DXB,Optical,Dubai,,(04)2504438
MAGRABI OPTICAL CO. LLC (MAGRABI GROUP),DXB,Optical,Dubai,,(04)2329866
MAGRABI OPTICAL CO. LLC (MAGRABI GROUP),DXB,Optical,Dubai,,(04)3997570
MAGRABI OPTICAL CO. LLC (MAGRABI GROUP),DXB,Optical,Dubai,,(04)4264949
MAGRABI OPTICAL CO. LLC (MAGRABI GROUP),DXB,Optical,Dubai,,(04)3398984
MAGRABI OPTICAL CO. LLC (MAGRABI GROUP),DXB,Optical,Dubai,,(04)3685683
MAGRABI OPTICAL CO. LLC (MAGRABI GROUP),DXB,Optical,Dubai,,(04)2843246
MAGRABI OPTICAL CO. LLC (MAGRABI GROUP),DXB,Optical,Dubai,,(04)3410445
MAGRABI OPTICAL CO. LLC (MAGRABI GROUP),DXB,Optical,Dubai,,(04)3499984
NETWORK TIER COMPREHENSIVE COMPREHENSIVE EXCL. AHD GENERAL MAGRABI OPTICAL COMPANY LLC BRANCH (MAGRABI GROUP),DXB,Optical,Dubai,,(04)2441213
MAGRABI OPTICAL COMPANY LLC BRANCH DUBAI MALL (MAGRABI GROUP),DXB,Optical,Dubai,,(04)3398876
MAGRABI OPTICAL COMPANY LLC MERCATO BRANCH (MAGRABI GROUP),DXB,Optical,Dubai,,(04)3427258
MAGRABI OPTICAL CO. LLC -SHJ BR 1 (MAGRABI GROUP),DXB,Optical,Dubai,,(04)5377680
MAGRABI OPTICAL COMPANY LLC (BRANCH) (MAGRABI GROUP),DXB,Optical,Dubai,,(04)2957556
MINI GRAND OPTICS BR (GRAND OPTICS GROUP),DXB,Optical,Dubai,,(04)3398776
OCCHIALI OPTICIAN MOE (YATEEM GROUP),DXB,Optical,Dubai,,(04)3414020
OCCHIALI OPTICIAN VISION INTERNATIONAL (YATEEM GROUP),DXB,Optical,Dubai,,(04)4341303
OCCHIALI OPTICS MIRDIFF (YATEEM GROUP),DXB,Optical,Dubai,,(04)2840199
OPTI VISION (BR OF DUBAI OPTICAL L.L.C) (DUBAI OPTICAL GROUP),DXB,Optical,Dubai,,(04)3510051
OPTI VISION (BR OF DUBAI OPTICAL L.L.C) (DUBAI OPTICAL GROUP),DXB,Optical,Dubai,,(04)4341282
OPTI VISION (BR OF DUBAI OPTICAL L.L.C) (DUBAI OPTICAL GROUP),DXB,Optical,Dubai,,(04)2941004
OPTI VISION (BR OF DUBAI OPTICAL L.L.C) (DUBAI OPTICAL GROUP),DXB,Optical,Dubai,,(04)4264944
OPTI VISION (BR OF DUBAI OPTICAL L.L.C) (DUBAI OPTICAL GROUP),DXB,Optical,Dubai,,(04)3414090
OPTIC CENTRE (LLC) (BRANCH) (GRAND OPTICS GROUP),DXB,Optical,Dubai,,(04)2558004
OPTIC CENTRE (LLC) (BRANCH) (GRAND OPTICS GROUP),DXB,Optical,Dubai,,(04)2207712
OPTIC CENTRE (LLC) (BRANCH) (GRAND OPTICS GROUP),DXB,Optical,Dubai,,(04)3331872
OPTIC CENTRE (LLC) (BRANCH) (GRAND OPTICS GROUP),DXB,Optical,Dubai,,(04)2690790
OPTIC CENTRE (LLC) (BRANCH) (GRAND OPTICS GROUP),DXB,Optical,Dubai,,(04)3943723
OPTIC CENTRE (LLC) (BRANCH) (GRAND OPTICS GROUP),DXB,Optical,Dubai,,(04)3354006
OPTIC CENTRE (LLC) (BRANCH) (GRAND OPTICS GROUP),DXB,Optical,Dubai,,(04)2845550
OPTX TWENTY TWENTY – MEAISEM CITY CENTRE (AL JABER GROUP),DXB,Optical,Dubai,,(04)4579082
OPTX TWENTY TWENTY (LLC) (BRANCH) (AL JABER GROUP),DXB,Optical,Dubai,,(04)2502277
OPTX TWENTY TWENTY (LLC) (BRANCH) (AL JABER GROUP),DXB,Optical,Dubai,,(04)3850509
OPTX TWENTY TWENTY LLC BRANCH (AL JABER GROUP),DXB,Optical,Dubai,,(04)5589965
OPTXT 20/20 (AL JABER GROUP),DXB,Optical,Dubai,,(04)3551313
NETWORK TIER COMPREHENSIVE COMPREHENSIVE EXCL. AHD GENERAL OPTXT TWENTY TWENTY - SHINDAGA(AL JABER GROUP),DXB,Optical,Dubai,,(04)3277012
OSCAR OPTIC (EMIRATES OPTICS),DXB,Optical,Dubai,,(04)2287067
PERFECT VISION - AL HUTHEBAH (PERFECT VISION ),DXB,Optical,Dubai,,(04)3984891
PERFECT VISION - AL MUSALLA BRANCH (PERFECT VISION ),DXB,Optical,Dubai,,(04)3552393
PERFECT VISION LLC - AL KARAMA CENTER (PERFECT VISION ),DXB,Optical,Dubai,,(04)3366331
RIVOLI EYE ZONE (BRANCH OF EXCEL ENTERPRISES) L.L.C ( RIVOLI GROUP),DXB,Optical,Dubai,,(04)3531400
RIVOLI EYE ZONE DUBAI MALL BR-EXCEL ENTERPRISES LLC ( RIVOLI GROUP),DXB,Optical,Dubai,,(04)3253182
RIVOLI EYE ZONE(BRANCH OF EXCEL ENTERPRISES)L.L.C ( RIVOLI GROUP),DXB,Optical,Dubai,,(04)2326670
RIVOLI EYE ZONE(BRANCH) RIVOLI GROUP(LLC) ( RIVOLI GROUP),DXB,Optical,Dubai,,(04)3397647
RIVOLI EYEZONE BR OF EXCEL ENTERPRISES ( RIVOLI GROUP),DXB,Optical,Dubai,,(04)2843690
RODENSTOCK OPTICAL (L.L.C) (DUBAI OPTICAL GROUP),DXB,Optical,Dubai,,(04)3308660
SUN EYE OPTICAL (YATEEM GROUP),DXB,Optical,Dubai,,(04)4250860
SUN VISION (DUBAI OPTICAL GROUP),DXB,Optical,Dubai,,(04)2941040
SUPER VISION OPTICALS LLC (SUPER VISION GROUP),DXB,Optical,Dubai,,(04)2683021
SUPER VISION OPTICALS LLC (SUPER VISION GROUP),DXB,Optical,Dubai,,(04)3441711
SUPER VISION OPTICALS LLC (SUPER VISION GROUP),DXB,Optical,Dubai,,(04)3212660
SUPER VISION OPTICALS LLC (SUPER VISION GROUP),DXB,Optical,Dubai,,(04)2642022
SUPER VISION OPTICALS LLC (SUPER VISION GROUP),DXB,Optical,Dubai,,(04)2616296
SUPER VISION OPTICALS LLC (SUPER VISION GROUP),DXB,Optical,Dubai,,(04)2862827
SUPER VISION OPTICALS LLC (SUPER VISION GROUP),DXB,Optical,Dubai,,(04)2699880
SUPER VISION OPTICALS LLC (SUPER VISION GROUP),DXB,Optical,Dubai,,(04)3466161
SUPER VISION OPTICALS LLC) (SUPER VISION GROUP),DXB,Optical,Dubai,,(04)2845556
ULTRA VISION (L.L.C.) (GRAND OPTICS GROUP),DXB,Optical,Dubai,,(04)2945539
VISIBILITY OPTIC (GULF OPTIC GROUP),DXB,Optical,Dubai,,(04)2635952
VISIOIN CARE OPTICALS L.L.C.,DXB,Optical,Dubai,,(04)3242455
VISIOIN CARE OPTICALS L.L.C. BRANCH,DXB,Optical,Dubai,,(04)3242455
NETWORK TIER COMPREHENSIVE COMPREHENSIVE EXCL. AHD GENERAL YATEEM OPTICIAN (YATEEM GROUP),DXB,Optical,Dubai,,04-3436406
YATEEM OPTICIAN AL DIYAFA (YATEEM GROUP),DXB,Optical,Dubai,,(04)3453405
YATEEM OPTICIAN AL FAHIDI (YATEEM GROUP),DXB,Optical,Dubai,,(04)3535333
YATEEM OPTICIAN AL GHURAIR (YATEEM GROUP),DXB,Optical,Dubai,,(04)2281787
YATEEM OPTICIAN ARABIAN PLAZA (YATEEM GROUP),DXB,Optical,Dubai,,(04)2845505
YATEEM OPTICIAN BURJUMAN (YATEEM GROUP),DXB,Optical,Dubai,,(04)3522067
YATEEM OPTICIAN DUBAI MALL (YATEEM GROUP),DXB,Optical,Dubai,,(04)4340266
YATEEM OPTICIAN EMIRATES TOWER (YATEEM GROUP),DXB,Optical,Dubai,,(04)3303301
YATEEM OPTICIAN JBC (YATEEM GROUP),DXB,Optical,Dubai,,(04)3490909
YATEEM OPTICIAN LAMCY (YATEEM GROUP),DXB,Optical,Dubai,,(04)3347438
YATEEM OPTICIAN LLC -GALLERIA BRANCH (YATEEM GROUP),DXB,Optical,Dubai,,(04)3431355
YATEEM OPTICIAN MADINAT (YATEEM GROUP),DXB,Optical,Dubai,,(04)3686512
YATEEM OPTICIAN MIRDIFF (YATEEM GROUP),DXB,Optical,Dubai,,(04)2840990
YATEEM OPTICIAN MOE (YATEEM GROUP),DXB,Optical,Dubai,,(04)3414010
YATEEM OPTICIAN RIGGA (YATEEM GROUP),DXB,Optical,Dubai,,(04)2222265
YATEEM OPTICIAN VISION MIRDIFF (YATEEM GROUP),DXB,Optical,Dubai,,(04)2888481
YATEEM OPTICS (YATEEM GROUP) (YATEEM GROUP),DXB,Optical,Dubai,,(04)5066000
ZO&MO OPTICALS (THUMBAY GROUP),DXB,Optical,Dubai,,(04)6030595
AHALIA HOSPITAL COMPANY (LLC) (SAME AS AL AHLI HOSPITAL) ELECTIVE DENTAL,AUH,Hospital,Abu Dhabi,,(02)6262666
SERVICES NOT AVAILABLE ON DIRECT BILLING AL AHALI HOSPITAL COMPANY BRANCH 1 (AHALIA GROUP) ELECTIVE DENTAL SERVICES,AUH,Hospital,Abu Dhabi,,(02)8119119
NOT AVAILABLE ON DIRECT BILLING AL BUSTAN SPECIALTY HOSPITAL L.L.C. (AHALIA GROUP) ELECTIVE DENTAL SERVICES (02),AUH,Hospital,Abu Dhabi,,6151515
NOT AVAILABLE ON DIRECT BILLING AL CORNICHE HOSPITAL IVF CENTER (ABU DHABI HEALTH SERVICES COMPANY - SEHA,AUH,Hospital,Abu Dhabi,,(02)6724900
GROUP) AL MAFRAQ HOSPITAL (ABU DHABI HEALTH SERVICES COMPANY - SEHA GROUP),AUH,Hospital,Abu Dhabi,,(02)5011111
AL RAHA HOSPITAL (FORMERLY KNOWN AS GENERAL MEDICAL CENTRE HOSPITAL),AUH,Hospital,Abu Dhabi,,(02)6330440
NETWORK TIER COMPREHENSIVE COMPREHENSIVE EXCL. AHD GENERAL AL RAHBA HOSPITAL (ABU DHABI HEALTH SERVICES COMPANY - SEHA GROUP),AUH,Hospital,Abu Dhabi,,(02)5064444
AL RUWAIS HOSPITAL (ADNOC GROUP),AUH,Hospital,Abu Dhabi,,(02)6022444
AL SALAMA HOSPITAL,AUH,Hospital,Abu Dhabi,,(02)6711220
BAREEN INTERNATIONAL HOSPITAL (NMC GROUP),AUH,Hospital,Abu Dhabi,,(02)5545555
BEHAVIORAL SCIENCES PAVILION (ABU DHABI HEALTH SERVICES COMPANY - SEHA,AUH,Hospital,Abu Dhabi,,(02)8190000
GROUP) BURJEEL HOSPITAL,AUH,Hospital,Abu Dhabi,,(02)5085555
CAMBRIDGE MEDICAL & REHABILITATION CENTRE LLC – BRANCH 1 ( LONG TERM (02),AUH,Hospital,Abu Dhabi,,5104104
REHABILITATION SERVICES ) CORNICHE HOSPITAL (ABU DHABI HEALTH SERVICES COMPANY - SEHA GROUP),AUH,Hospital,Abu Dhabi,,(02)6724900
DANAT AL EMARAT HOSPITAL FOR WOMEN AND CHILDREN L.L.C,AUH,Hospital,Abu Dhabi,,(02)6149999
DAR AL SHIFA HOSPITAL,AUH,Hospital,Abu Dhabi,,(02)6416999
DELMA HOSPITAL M61 (ABU DHABI HEALTH SERVICES COMPANY - SEHA GROUP),AUH,Hospital,Abu Dhabi,,(02)8070000
HEALTH SHEILDS MEDICAL CENTER LLC ( EX EMIRATES FRENCH HOSPITAL LLC),AUH,Hospital,Abu Dhabi,,(02)6265722
(FORMERLY KNOWN AS HOPITAL FRANCO EMIRIEN) GHIATHY HOSPITAL (ABU DHABI HEALTH SERVICES COMPANY - SEHA GROUP),AUH,Hospital,Abu Dhabi,,(02)8070000
GULF DIAGNOSTIC CENTRE HOSPITAL - WLL (FORMERLY KNOWN AS GULF DIAGNOSTIC,AUH,Hospital,Abu Dhabi,,(02)6658090
CENTRE) LIFECARE HOSPITAL LLC (LIFELINE GROUP),AUH,Hospital,Abu Dhabi,,(02)5856333
LIFECARE HOSPITAL LLC BRANCH 1 (LIFELINE GROUP),AUH,Hospital,Abu Dhabi,,(02)4148226
LIFELINE HOSPITAL (LIFELINE GROUP),AUH,Hospital,Abu Dhabi,,(02)6335522
LIWA HOSPITAL M64 (ABU DHABI HEALTH SERVICES COMPANY - SEHA GROUP),AUH,Hospital,Abu Dhabi,,(02)8070000
LLH HOSPITAL L.L.C. (FORMERLY KNOWN AS LIFELINE HOSPITAL MUSAFFAH) (LIFELINE,AUH,Hospital,Abu Dhabi,,(02)5557711
GROUP) MADINAT ZAYED HOSPITAL (ABU DHABI HEALTH SERVICES COMPANY - SEHA GROUP),AUH,Hospital,Abu Dhabi,,(02)8070000
MAGRABI SPECIALIZED HOSPITAL (FORMERLY KNOWN AS MAGRABI SPECIALITY,AUH,Hospital,Abu Dhabi,,(02)6345000
HOSPITAL) NETWORK TIER COMPREHENSIVE COMPREHENSIVE EXCL. AHD GENERAL MAGRABI SPECIALIZED HOSPITAL (PART OF MAGRABI SPECIALIZED HOSPITAL),AUH,Hospital,Abu Dhabi,,(02)4446565
MARFA HOSPITAL M63 (ABU DHABI HEALTH SERVICES COMPANY - SEHA GROUP),AUH,Hospital,Abu Dhabi,,(02)8070000
MEDEOR 24X7 HOSPITAL ABUDHABI,AUH,Hospital,Abu Dhabi,,(02)6900600
MEDICLINIC HOSPITAL LLC BRANCH 2 (MEDICLINIC GROUP ) ( EX AL NOOR HOSPITAL,AUH,Hospital,Abu Dhabi,,(02)4446655
AIRPORT ROAD (AL NOOR GROUP) MEDICLINIC HOSPITALS LLC (MEDICLINIC GROUP )( EX AL NOOR HOSPITAL (AL NOOR,AUH,Hospital,Abu Dhabi,,(02)6265265
GROUP) NATION HOSPITAL OWNED BY BIN OMEIR MEDICAL GROUP SOLE PROPRIETORSHIP L.L.C.,AUH,Hospital,Abu Dhabi,,(02)2011111
NATIONAL HOSPITAL,AUH,Hospital,Abu Dhabi,,(02)6711000
NMC ROYAL WOMENS HOSPITAL LLC (NMC GROUP) (EX. BRIGHT POINT ROYAL,AUH,Hospital,Abu Dhabi,,(02)5082000
WOMENS HOSPITAL LLC) NMC SPECIALTY HOSPITAL LLC (FORMERLY KNOWN AS NEW MEDICAL CENTRE,AUH,Hospital,Abu Dhabi,,(02)6332255
HOSPITAL) (NMC GROUP) SEHA EMIRATES HOSPITAL (FORMERLY KNOWN SEHA EMIRATES ONE DAY SURGERY,AUH,Hospital,Abu Dhabi,,(02)4438999
CENTER LLC) (IBN NAFEES MEDICAL CENTRE GROUP) SHEIKH KHALIFA MEDICAL CITY (SKMC) (R30) (ABU DHABI HEALTH SERVICES COMPANY -,AUH,Hospital,Abu Dhabi,,(02)8190000
SEHA GROUP) SILA HOSPITAL M62 (ABU DHABI HEALTH SERVICES COMPANY - SEHA GROUP),AUH,Hospital,Abu Dhabi,,(02)8070000
UNIVERSAL HOSPITAL LLC,AUH,Hospital,Abu Dhabi,,(02)6435555
ABU SALMAN MEDICAL CENTRE,AUH,Clinic,Abu Dhabi,,(02)5522549
ACACIA ADVANCED MEDICAL CENTER LLC (EX. CANADIAN MEDICAL COSMETIC CENTER,AUH,Clinic,Abu Dhabi,,(02)5551551
LLC) ADAM & EVE SPECIALIZED MEDICAL CENTER LLC,AUH,Clinic,Abu Dhabi,,(02)6767366
NETWORK TIER COMPREHENSIVE COMPREHENSIVE EXCL. AHD GENERAL ADD CARE MEDICAL CENTER LLC,AUH,Clinic,Abu Dhabi,,(02)5555599
ADVANCED CENTER FOR DAY CARE SURGERY,AUH,Clinic,Abu Dhabi,,(02)6227700
ADVANCED CURE DIAGNOSTIC CENTRE-LLC-BRANCH 2,AUH,Clinic,Abu Dhabi,,(02)4100900
AILABOUNI MEDICAL CLINIC (RE-INSTATEMENT WEF 01.08.15),AUH,Clinic,Abu Dhabi,,(02)6440125
AIRPORT EMERGENCY CLINIC (R37) (ABU DHABI HEALTH SERVICES COMPANY - SEHA GROUP) AL AHLI SPECIALISTS MEDICAL CENTRE,AUH,Clinic,Abu Dhabi,,(02)4487553
AL AMAL MEDICAL CENTRE LLC,AUH,Clinic,Abu Dhabi,,(02)5832331
AL AMEEN MEDICAL CENTRE (AL AMEEN MEDICAL CENTRE GROUP),AUH,Clinic,Abu Dhabi,,(02)6339722
AL AMEEN MEDICAL CENTRE LLC BRANCH 1,AUH,Clinic,Abu Dhabi,,(02)5503115
AL BUROOJ MEDICAL CENTRE LLC,AUH,Clinic,Abu Dhabi,,(02)5545999
AL DHAFRA MODERN CLINIC,AUH,Clinic,Abu Dhabi,,(02)8846651
AL FALAH MEDICAL POLYCLINIC,AUH,Clinic,Abu Dhabi,,(02)6211814
AL FARHAN MEDICAL CENTRE LLC BRANCH (REINSTATED DIRECT BILLING WEF 28-05-18),AUH,Clinic,Abu Dhabi,,(02)5833417
AL GHAZALI SPECIALIZED POLYCLINCS LLC,AUH,Clinic,Abu Dhabi,,(02)6344424
AL HENDAWY MEDICAL CENTER,AUH,Clinic,Abu Dhabi,,(02)6213666
AL JASRAIN MEDICAL CENTRE,AUH,Clinic,Abu Dhabi,,(02)5588680
AL KAMAL MEDICAL CENTRE,AUH,Clinic,Abu Dhabi,,(02)6651464
AL KARAMA MEDICAL CLINIC LLC,AUH,Clinic,Abu Dhabi,,(02)5834988
AL KHAZNA MEDICAL CLINIC,AUH,Clinic,Abu Dhabi,,(02)5560042
AL MAFRAQ MEDICAL CENTRE (AL SALAMA HOSPITAL GROUP),AUH,Clinic,Abu Dhabi,,(02)5833500
AL MANHAL HEALTH CENTER (R30 (ABU DHABI HEALTH SERVICES COMPANY - SEHA GROUP) AL MARFA AL AHLI MEDICAL CENTRE (AHALIA GROUP) ELECTIVE DENTAL SERVICES NOT,AUH,Clinic,Abu Dhabi,,(02)8833638
AVAILABLE ON DIRECT BILLING AL MARIA MEDICAL CENTRE (AL AMEEN MEDICAL CENTRE GROUP),AUH,Clinic,Abu Dhabi,,(02)6331330
NETWORK TIER COMPREHENSIVE COMPREHENSIVE EXCL. AHD GENERAL AL MAZROUI MEDICAL CENTRE ONE DAY SURGERY LLC (FORMERLY MAZROUI HOSPITAL,AUH,Clinic,Abu Dhabi,,(02)6723232
ONE DAY SURGERY) AL NASSEEM MEDICAL CENTRE LLC (EX AL NASSEEM CLINIC),AUH,Clinic,Abu Dhabi,,(02)6342834
AL NOOR HOSPITAL CLINIC -ETISALAT (AL NOOR GROUP),AUH,Clinic,Abu Dhabi,,(02)4066413
AL NOOR HOSPITAL FAMILY CARE CENTER - GHAYATHI (AL NOOR GROUP),AUH,Clinic,Abu Dhabi,,(02)8848883
AL NOOR HOSPITAL FAMILY CARE CENTER (AL NOOR GROUP),AUH,Clinic,Abu Dhabi,,(02)6723400
AL NOOR HOSPITAL FAMILY CARE CENTER- AL BATEEN (AL NOOR GROUP),AUH,Clinic,Abu Dhabi,,(02)6816661
AL NOOR HOSPITAL FAMILY CARE CENTER-BANIYAS (AL NOOR GROUP),AUH,Clinic,Abu Dhabi,,(02)5668800
AL NOOR HOSPITAL MEDICAL CENTER - MARAWAH (AL NOOR GROUP),AUH,Clinic,Abu Dhabi,,(02)6139270
AL NOOR HOSPITAL MEDICAL CENTER-KHALIFA CITY L.L.C. ( AL NOOR GROUP),AUH,Clinic,Abu Dhabi,,(02)8856700
AL NOOR HOSPITAL MEDICAL CLINIC - BUTINAH ( AL NOOR GROUPS),AUH,Clinic,Abu Dhabi,,(02)8092119
AL NOOR HOSPITAL SPECIALITY CLINICS - AL MUSAFAH BRANCH (AL NOOR GROUP),AUH,Clinic,Abu Dhabi,,(02)4066874
AL QADI MEDICAL CENTRE,AUH,Clinic,Abu Dhabi,,(02)4437777
AL RAFA MEDICAL CENTRE LLC (ASTER),AUH,Clinic,Abu Dhabi,,(02)6266672
AL RAYYAN MEDICAL CLINIC,AUH,Clinic,Abu Dhabi,,(02)5522262
AL REEM DENTAL & COSMETIC CENTER,AUH,Clinic,Abu Dhabi,,(02)6655357
AL SALAMA ONE DAY SURGERY CENTER (AL SALAMA HOSPITAL GROUP),AUH,Clinic,Abu Dhabi,,(02)5047900
AL TAMAYZ MEDICAL CENTER,AUH,Clinic,Abu Dhabi,,(02)5837700
AL WAHDA MEDICAL CENTRE,AUH,Clinic,Abu Dhabi,,(02)6418383
ALAFIA GHYATHI MEDICAL CENTRE LLC,AUH,Clinic,Abu Dhabi,,(02)8740133
ALL CARE MEDICAL CENTER L.L.C.,AUH,Clinic,Abu Dhabi,,(02)6660818
ALMADINA MEDICAL CENTER FOR SPECIALTY CLINICS LLC,AUH,Clinic,Abu Dhabi,,(02)6439779
ALPHA MEDICAL CENTRE,AUH,Clinic,Abu Dhabi,,(02)5558383
NETWORK TIER COMPREHENSIVE COMPREHENSIVE EXCL. AHD GENERAL AMBULATORY HEALTHCARE - PROVISION OF HEALTH SERVICE OFFICE (ABU DHABI HEALTH SERVICES COMPANY - SEHA GROUP) AMERICAN CENTER FOR PSYCHIATRY & NEUROLOGY,AUH,Clinic,Abu Dhabi,,(02)6664866
AMERICAN CRESCENT HEALTH CARE CENTRE,AUH,Clinic,Abu Dhabi,,(02)6325000
AMERICAN EUROPEAN MEDICAL CENTRE,AUH,Clinic,Abu Dhabi,,(02)4455477
AMERICAN EXCELLENCE MEDICAL & DENTAL CENTER,AUH,Clinic,Abu Dhabi,,(02)6582228
AMRITA MEDICAL CENTRE,AUH,Clinic,Abu Dhabi,,(02)6661555
AMWAJ MEDICAL CENTRE,AUH,Clinic,Abu Dhabi,,(02)6273888
ANSARI MEDICAL CENTRE - LLC,AUH,Clinic,Abu Dhabi,,(02)6394139
APOLLO MEDICAL CENTRE LLC (APOLLO MEDICAL CENTRE LLC GROUP),AUH,Clinic,Abu Dhabi,,(02)6397733
APOLLO MEDICAL CENTRE LLC BRANCH 1 ( EX APOLLO MEDICAL CENTRE LLC - BRANCH,AUH,Clinic,Abu Dhabi,,(02)5559495
2 ( APOLLO MEDICAL CENTRE LLC GROUP) APOLLO MEDICAL CENTRE LLC BRANCH 2 ( EX APOLLO MEDICAL CENTRE LLC - BRANCH,AUH,Clinic,Abu Dhabi,,(02)5575531
3 ( APOLLO MEDICAL CENTRE LLC GROUP) ARABIAN ISLAND MEDICAL CENTRE,AUH,Clinic,Abu Dhabi,,(02)5520250
ASAB CLINIC (ADNOC GROUP),AUH,Clinic,Abu Dhabi,,(02)6020535
AWAZEN CENTER LLC,AUH,Clinic,Abu Dhabi,,(02)4411944
BANIYAS AL AHLI MEDICAL CENTRE (AHALIA GROUP) ELECTIVE DENTAL SERVICES NOT,AUH,Clinic,Abu Dhabi,,(02)5836634
AVAILABLE ON DIRECT BILLING BANIYAS MEDICAL CLINICS,AUH,Clinic,Abu Dhabi,,(02)5831116
BASEL MEDICAL CLINIC,AUH,Clinic,Abu Dhabi,,(02)6343837
BEVERLY HILLS MEDICAL CENTER LLC,AUH,Clinic,Abu Dhabi,,(02)2222494
BUHASA CLINIC (ADNOC GROUP),AUH,Clinic,Abu Dhabi,,(02)6020535
BURJEEL HOSPITALIVF CENTER,AUH,Clinic,Abu Dhabi,,(02)5085555
BURJEEL MEDICAL CENTER AL SHAMKHA LLC,AUH,Clinic,Abu Dhabi,,(02)5085511
BURJEEL MEDICAL CENTRE (YAS MALL) LLC (EX. MEDEOR MEDICAL CENTRE (YAS MALL),AUH,Clinic,Abu Dhabi,,(02)2054555
LLC) NETWORK TIER COMPREHENSIVE COMPREHENSIVE EXCL. AHD GENERAL BURJEEL MEDICAL CENTRE ALZEINA LLC (EX. MEDEOR MEDICAL CENTRE LLC),AUH,Clinic,Abu Dhabi,,(02)2054555
BURJEEL MEDICAL CENTRE LLC,AUH,Clinic,Abu Dhabi,,(02)5085555
BURJEEL NEUROREHABILITATION AND PHYSIOTHERAPY CENTER (SUSPENDED ON,AUH,Clinic,Abu Dhabi,,(02)2051444
DIRECT BILLING WEF 01.04.18) CANADIAN MEDICAL & REHABILITATION CENTER LLC,AUH,Clinic,Abu Dhabi,,(02)5551151
CANADIAN MEDICAL CENTER LLC,AUH,Clinic,Abu Dhabi,,(02)5559999
CARE FIRST MEDICAL CENTER,AUH,Clinic,Abu Dhabi,,(02)3344474
CAREWELL MEDICAL CENTRE,AUH,Clinic,Abu Dhabi,,(02)6728966
CAREWELL MODERN MEDICAL CENTRE,AUH,Clinic,Abu Dhabi,,(02)6317117
CENTRAL CLINIC LLC,AUH,Clinic,Abu Dhabi,,(02)6323497
CHARISMA MEDICAL CENTER LLC,AUH,Clinic,Abu Dhabi,,(02)6775775
CITY CLINIC,AUH,Clinic,Abu Dhabi,,(02)6417226
CLARION MEDICAL CENTER,AUH,Clinic,Abu Dhabi,,(02)6666675
CONSULTANTS MEDICAL CENTRE (FORMERLY KNOWN AS AL AQSA MEDICAL CENTRE),AUH,Clinic,Abu Dhabi,,(02)6794100
COSMESURGE & EMIRATES CLINICS FOR ONE DAY SURGERY LLC - BRANCH 1 (EMIRATES,AUH,Clinic,Abu Dhabi,,(02)5572220
HOSPITAL GROUP) COSMESURGE & EMIRATES CLINICS FOR ONE DAY SURGERY LLC (EMIRATES HOSPITAL,AUH,Clinic,Abu Dhabi,,(02)4466422
GROUP) COSMPOLITAN MEDICAL CENTRE,AUH,Clinic,Abu Dhabi,,(02)6314422
DABBAYIA CLINIC (ADNOC GROUP),AUH,Clinic,Abu Dhabi,,(02)6020535
DANA MEDICAL CENTER L.L.C,AUH,Clinic,Abu Dhabi,,(02)6661551
DAR AL SHIFA MEDICAL CENTRE (ASTER),AUH,Clinic,Abu Dhabi,,(02)6456100
DAR AL SHIFAA DAY CARE SURGERY L.L.C,AUH,Clinic,Abu Dhabi,,(02)6416999
D F W MEDICAL CENTER L.L.C,AUH,Clinic,Abu Dhabi,,(02)6666347
DOCTOR ABDALLAH AZZAM PAEDIATRIC CLINIC LLC,AUH,Clinic,Abu Dhabi,,(02)6344185
DOCTOR ATIQUR RAHMN POLYCLINIC,AUH,Clinic,Abu Dhabi,,(02)6398331
NETWORK TIER COMPREHENSIVE COMPREHENSIVE EXCL. AHD GENERAL QUALITY CARE MEDICAL CENTER LLC ( EX DR. AHMED HASSAN FIKRY MEDICAL CENTRE),AUH,Clinic,Abu Dhabi,,(02)6260600
DR. FAIZ HADDAD CLINIC,AUH,Clinic,Abu Dhabi,,(02)6271299
DR. GUPTA MEDICAL CLINIC,AUH,Clinic,Abu Dhabi,,(02)6337357
DR. MOOPENS MEDICAL POLYCLINIC (ASTER) (FORMERLY KNOWN AS DR. MOOPEN'S,AUH,Clinic,Abu Dhabi,,(02)5557078
MUSSAFFA MEDICAL CENTRE) DR. REZA SODAGAR CLINIC,AUH,Clinic,Abu Dhabi,,(02)6218005
DR. SABAH AL SAKBAN MEDICAL CLINIC (EX DR. SABAH AL SAGBAN CLINIC),AUH,Clinic,Abu Dhabi,,(02)6330990
DR.AHMED ABU SHARIA MEDICAL CENTRE LLC,AUH,Clinic,Abu Dhabi,,(02)6674882
EASTERN AL AHILI MEDICAL CENTER – BRANCH 1 (AHALIA GROUP) ELECTIVE DENTAL,AUH,Clinic,Abu Dhabi,,(02)4442235
SERVICES NOT AVAILABLE ON DIRECT BILLING EASTERN AL ALHLI MEDICAL CENTER (AHALIA GROUP) ELECTIVE DENTAL SERVICES NOT,AUH,Clinic,Abu Dhabi,,(02)5856005
AVAILABLE ON DIRECT BILLING ELITE MEDICAL CENTER,AUH,Clinic,Abu Dhabi,,(02)6665010
ELITE STYLE PHYSIOLOGY TREATMENT CENTRE L.L.C,AUH,Clinic,Abu Dhabi,,(02)6650034
ELYZEE DAY SURGERY MEDICAL CENTER,AUH,Clinic,Abu Dhabi,,(02)5664222
EMERALD MEDICAL CENTRE LLC,AUH,Clinic,Abu Dhabi,,(02)5554164
EUPHORIA MEDICAL CENTER,AUH,Clinic,Abu Dhabi,,(02)6424400
EVER CARE MEDICAL CLINIC,AUH,Clinic,Abu Dhabi,,(02)8731973
EXCELLENT MEDICAL CENTRE,AUH,Clinic,Abu Dhabi,,(02)5544469
EXETER MEDICAL CENTER FOR BONE & JOINT HEALTH ( EX EXETER MEDICAL CENTER),AUH,Clinic,Abu Dhabi,,(02)6354321
EXPERT MEDICAL CLINIC (GOLDEN HEALTH GROUP),AUH,Clinic,Abu Dhabi,,(02)6225566
EXPRESS GHAYATI CLINIC,AUH,Clinic,Abu Dhabi,,(02)8744430
EXTRA CARE MEDICAL CENTRE LLC,AUH,Clinic,Abu Dhabi,,(02)6344922
FAKIH IVF FERTILITY CENTER LLC,AUH,Clinic,Abu Dhabi,,(02)4444107
FAKIH MEDICAL CENTER LLC,AUH,Clinic,Abu Dhabi,,(02)4414848
FAMOUS MEDICAL CENTRE L.L.C,AUH,Clinic,Abu Dhabi,,(02)5513866
NETWORK TIER COMPREHENSIVE COMPREHENSIVE EXCL. AHD GENERAL FIRST GLOBAL CLINIC – SOLE PROPRIETORSHIP L.L.C. (Ex ASIAN PHILIPPINE MEDICAL,AUH,Clinic,Abu Dhabi,,(02)6650015
CENTER LLC ) FUTURE CURE MEDICAL CLINIC LLC,AUH,Clinic,Abu Dhabi,,(02)6740090
FUTURE MEDICAL CENTER,AUH,Clinic,Abu Dhabi,,(02)4484455
GAYATHI AL AHLI MEDICAL CENTRE (AHALIA GROUP) ELECTIVE DENTAL SERVICES NOT,AUH,Clinic,Abu Dhabi,,(02)8741267
AVAILABLE ON DIRECT BILLING GENET MEDICAL CENTER L.L.C,AUH,Clinic,Abu Dhabi,,(02)6669945
GOLDEN CURE MEDICAL CENTER LLC ( EX AL MAZEN MEDICAL CENTER FOR COSMO,AUH,Clinic,Abu Dhabi,,(02)6272817
DERMATOLOGY) GOLDEN HEALTH MEDICAL CENTER (GOLDEN HEALTH GROUP),AUH,Clinic,Abu Dhabi,,(02)6225566
GOLDEN HEALTH MOBILE MEDICAL UNIT (GOLDEN HEALTH GROUP),AUH,Clinic,Abu Dhabi,,(02)6225566
GOLDEN SANDS MEDICAL CENTRE,AUH,Clinic,Abu Dhabi,,(02)6427171
GOLDEN TULIP MEDICAL CENTRE LLC,AUH,Clinic,Abu Dhabi,,(02)5556608
GULF INTERNATIONAL CANCER CENTRE,AUH,Clinic,Abu Dhabi,,(02)5635558
HABSHAN CLINIC (ADNOC GROUP),AUH,Clinic,Abu Dhabi,,(02)6020535
HADDAD MEDICAL & DENTAL CENTER,AUH,Clinic,Abu Dhabi,,(02)6325096
HALA MEDICAL CENTRE (FORMERLY KNOWN RAHMA MEDICAL CLINIC) (RAHMA,AUH,Clinic,Abu Dhabi,,(02)8742437
MEDICAL CLINIC GROUP) HARLEY STREET MEDICAL CENTER,AUH,Clinic,Abu Dhabi,,(02)26133999
HEALTH & STYLE MEDICAL CENTRE LLC (FORMERLY KNOWN AS EYE CARE CLINIC),AUH,Clinic,Abu Dhabi,,(02)6330515
HEALTH CLEAR MEDICAL CENTER LLC,AUH,Clinic,Abu Dhabi,,(02)5538383
HEALTH PLUS CHILDREN’S SPECIALTY CENTER,AUH,Clinic,Abu Dhabi,,(02)6582221
HEALTH PLUS DIABETES AND ENDOCRINOLOGY CENTER,AUH,Clinic,Abu Dhabi,,(02)6660363
HEALTH PLUS FAMILY HEALTH CENTER,AUH,Clinic,Abu Dhabi,,(02)5571818
HEALTH PLUS FERTILITY CENTER,AUH,Clinic,Abu Dhabi,,(02)6433494
HEALTH PLUS WOMEN’S HEALTH CENTER,AUH,Clinic,Abu Dhabi,,(02)6433494
HEALTHLINE MEDICAL CENTER,AUH,Clinic,Abu Dhabi,,(02)5668600
HEALTH TIME MEDICAL CENTRE,AUH,Clinic,Abu Dhabi,,(02)5554006
NETWORK TIER COMPREHENSIVE COMPREHENSIVE EXCL. AHD GENERAL HEALTHWAY MEDICAL CENTRE,AUH,Clinic,Abu Dhabi,,(02)5828982
HOLISTIC MEDICAL CENTRE,AUH,Clinic,Abu Dhabi,,(02)6661567
HOME HEALTH MEDICAL CENTRE LLC,AUH,Clinic,Abu Dhabi,,(02)5530162
"HOME HEALTH MEDICAL CENTRE LLC, BRANCH 1",AUH,Clinic,Abu Dhabi,,(02)6212321
HOPE MEDICAL CENTER L.L.C,AUH,Clinic,Abu Dhabi,,(02)5551430
HYDERABAD MEDICAL CENTRE,AUH,Clinic,Abu Dhabi,,(02)6275875
IBN KHALDOUN MEDICAL SPECIALITY CENTER L.L.C,AUH,Clinic,Abu Dhabi,,(02)6335556
IBN NAFEES MEDICAL CENTER BRANCH 1,AUH,Clinic,Abu Dhabi,,(02)5553800
IBN NAFEES MEDICAL CENTRE (SAME AS IBN NAFIS MEDICAL CENTRE),AUH,Clinic,Abu Dhabi,,(02)6324200
IBN SINA MEDICAL CENTRE (IBN SINA GROUP),AUH,Clinic,Abu Dhabi,,(02)6816400
IBN SINA MEDICAL CENTRE- BRANCH 1 (IBN SINA GROUP),AUH,Clinic,Abu Dhabi,,(02)6739001
INDUS MEDICAL CENTER LLC,AUH,Clinic,Abu Dhabi,,(02)5851800
INFINTI CLINIC FOR GENERAL MEDICINE LLC,AUH,Clinic,Abu Dhabi,,(02)8882622
INTERCARE HEALTH CENTER LLC,AUH,Clinic,Abu Dhabi,,(02)6390080
ISHTAR MEDICAL CENTER,AUH,Clinic,Abu Dhabi,,(02)6333886
ITTIHAD MEDICAL CENTRE,AUH,Clinic,Abu Dhabi,,(02)6226611
JEBEL DHANNA (ADNOC GROUP),AUH,Clinic,Abu Dhabi,,(02)6022444
KARACHI MEDICAL POLYCLINIC,AUH,Clinic,Abu Dhabi,,(02)5500730
KHALIFA MEDICAL CENTRE,AUH,Clinic,Abu Dhabi,,(02)6771400
KHYBER MEDICAL CENTRE,AUH,Clinic,Abu Dhabi,,(02)6426477
KIDS HEART MEDICAL CENTER LLC,AUH,Clinic,Abu Dhabi,,(02)4458881
KING'S COLLEGE HOSPITAL CLINICS LLC,AUH,Clinic,Abu Dhabi,,(02)5014000
KLINIKA MAHARLIKA - BRANCH OF ABU DHABI 1 (EMIRATES HOSPITAL GROUP),AUH,Clinic,Abu Dhabi,,(02)6310209
KOHAT MEDICAL CENTRE LLC,AUH,Clinic,Abu Dhabi,,(02)5511129
L.A. MEDICAL CENTRE L.L.C.,AUH,Clinic,Abu Dhabi,,(02)6666084
LIFE MEDICAL CENTRE (FORMERLY KNOWN AS LIFE DIAGNOSTIC CENTRE),AUH,Clinic,Abu Dhabi,,(02)6332300
NETWORK TIER COMPREHENSIVE COMPREHENSIVE EXCL. AHD GENERAL LINDE HEALTHCARE MIDDLE EAST LLC. (TERMINATED WEF 01.09.16),AUH,Clinic,Abu Dhabi,,(02)4950100
LLH MEDICAL CENTRE AL MUSAFFAH (LIFELINE GROUP),AUH,Clinic,Abu Dhabi,,(02)5531414
LLH MEDICAL CENTER AL MUSAFFAH LLC-BRANCH 1 (LIFELINE GROUP),AUH,Clinic,Abu Dhabi,,(02)5856333
LLH MEDICAL CENTER LLC (LIFELINE GROUP),AUH,Clinic,Abu Dhabi,,(02)6282222
LONDON CONSULTING MEDICAL CENTER LLC,AUH,Clinic,Abu Dhabi,,(02)6261661
MADINA ZAYED AL AHLI MEDICAL CENTRE (AHALIA GROUP) ELECTIVE DENTAL SERVICES,AUH,Clinic,Abu Dhabi,,(02)8848855
NOT AVAILABLE ON DIRECT BILLING MAKKAH SPECIALISED MEDICAL CENTRE,AUH,Clinic,Abu Dhabi,,(02)6223245
MANZIL HOME HEALTHSERVICES LLC,AUH,Clinic,Abu Dhabi,,(02)6439770
MARINA HEALTH PROMOTION CENTER L.L.C,AUH,Clinic,Abu Dhabi,,(02)3338333
MAXIM MEDICAL CENTRE L.L.C,AUH,Clinic,Abu Dhabi,,(02)5500161
MEDICAL SPECIALITY CENTRE LLC,AUH,Clinic,Abu Dhabi,,(02)6336325
MEDICLINIC CORNICHE MEDICAL CENTRE LLC (MEDICLINIC GROUP),AUH,Clinic,Abu Dhabi,,(02)6343377
MEDSTAR ICAD MEDICAL CENTER L.L.C (MEDSTAR GROUP),AUH,Clinic,Abu Dhabi,,(02)5845657
MESK ALMADINA MEDICAL CENTRE LLC,AUH,Clinic,Abu Dhabi,,(02)5504333
MEZYAD MEDICAL CENTRE,AUH,Clinic,Abu Dhabi,,(02)5519977
MY HEALTH MEDICAL CENTRE LLC ( EX MIAMI EMIRATES MEDICAL CENTRE),AUH,Clinic,Abu Dhabi,,(02)6767873
MODERN DOCTORS CENTRE,AUH,Clinic,Abu Dhabi,,(02)5524455
MUBARAK MEDICAL CENTER – BRANCH 1,AUH,Clinic,Abu Dhabi,,(02)5837772
NADIA MEDICAL CENTRE (NMC GROUP),AUH,Clinic,Abu Dhabi,,(02)6424774
NEW AL MAZROUI POLYCLINIC (PART OF AL MAZROUI HOSPITAL),AUH,Clinic,Abu Dhabi,,(02)5530663
NEW NATIONAL MEDICAL CENTRE (NATIONAL HOSPITAL GROUP),AUH,Clinic,Abu Dhabi,,(02)5520100
NEW NATIONAL MEDICAL CENTRE LLC BRANCH -1 (NATIONAL HOSPITAL GROUP),AUH,Clinic,Abu Dhabi,,(02)5852420
NEW SADD MAARED MEDICAL CENTRE,AUH,Clinic,Abu Dhabi,,(02)5633073
NMC DAY SURGERY CENTER LLC (NMC GROUP),AUH,Clinic,Abu Dhabi,,(02)6911500
NMC ROYAL MEDICAL CENTRE L.L.C. (NMC GROUP),AUH,Clinic,Abu Dhabi,,(02)5133111
NETWORK TIER COMPREHENSIVE COMPREHENSIVE EXCL. AHD GENERAL NOOR AL AHLI MEDICAL CENTER BRANCH 2 (AHALIA GROUP) ELECTIVE DENTAL (02),AUH,Clinic,Abu Dhabi,,5530368
SERVICES NOT AVAILABLE ON DIRECT BILLING NOOR AL AHLI MEDICAL CENTER BRANCH 4 (AHALIA GROUP) ELECTIVE DENTAL (02),AUH,Clinic,Abu Dhabi,,5858529
SERVICES NOT AVAILABLE ON DIRECT BILLING NOOR ALAHLI MEDICAL CENTER BRANCH-1 (AHALIA GROUP) ELECTIVE DENTAL (02),AUH,Clinic,Abu Dhabi,,5575890
SERVICES NOT AVAILABLE ON DIRECT BILLING NOOR ALAHLI MEDICAL CENTER - BRANCH 3 (AHALIA GROUP),AUH,Clinic,Abu Dhabi,,(02)6811533
NOOR ALAHLI MEDICAL CENTER - BRANCH 6 (AHALIA GROUP),AUH,Clinic,Abu Dhabi,,(02)8119170
NORA POLYCLINICS (ALSO KNOWN AS NORA MEDICAL CENTRE),AUH,Clinic,Abu Dhabi,,(02)6411121
OASIS MEDICAL CENTRE - BRANCH 1 (AHALIA GROUP) ELECTIVE DENTAL SERVICES NOT (02),AUH,Clinic,Abu Dhabi,,6763282
AVAILABLE ON DIRECT BILLING OASIS MEDICAL CENTRE (AHALIA GROUP) ELECTIVE DENTAL SERVICES NOT AVAILABLE,AUH,Clinic,Abu Dhabi,,(02)5506691
ON DIRECT BILLING OCCUMED CLINIC LLC,AUH,Clinic,Abu Dhabi,,(02)5134000
OPEN MRI FOR SPINE SURGERY - BRANCH OF ABU DHABI 1,AUH,Clinic,Abu Dhabi,,(02)4496613
OXFORD MEDICAL CENTER,AUH,Clinic,Abu Dhabi,,(02)4489666
PESHAWAR MEDICAL CENTRE LLC (ZIA MEDICAL CENTRE LLC GROUP),AUH,Clinic,Abu Dhabi,,(02)5508987
PRIME MEDICAL CENTER (**NOT A PART OF PRIME GROUP),AUH,Clinic,Abu Dhabi,,(02)6342424
PROF. DR. AHMED KAMEL CLINIC,AUH,Clinic,Abu Dhabi,,(02)6260040
PROFICIENCY MEDICAL CLINIC,AUH,Clinic,Abu Dhabi,,(02)5533171
PROVIDENCE INTERNATIONAL MEDICAL AND COSMETIC CENTER L.L.C,AUH,Clinic,Abu Dhabi,,(02)6661197
QUALITY DIAGNOSTIC LABORATORY,AUH,Clinic,Abu Dhabi,,(02)6456788
QUSAHWIRA CLINIC (ADNOC GROUP),AUH,Clinic,Abu Dhabi,,(02)6020535
RAHAT MEDICAL CENTRE,AUH,Clinic,Abu Dhabi,,(02)6333924
RAHMATH SILA CLINIC,AUH,Clinic,Abu Dhabi,,(02)8724999
RIGHT CHOICE MEDICAL CENTER,AUH,Clinic,Abu Dhabi,,(02)4917600
ROYAL SPANISH CENTER LASIK EYES &COSMETIC LLC (SUSPENDED ON DIRECT BILLING (02),AUH,Clinic,Abu Dhabi,,6662050
WEF 13.02.18) NETWORK TIER COMPREHENSIVE COMPREHENSIVE EXCL. AHD GENERAL RUWAIS HOUSING MEDICAL CENTER (ADNOC GROUP),AUH,Clinic,Abu Dhabi,,(02)6020535
SADD MAAREB MEDICAL CENTRE (SUSPENDED ON DIRECT BILLING WEF 15.05.2018),AUH,Clinic,Abu Dhabi,,(02)5832625
SAHARA MEDICAL CENTER LLC,AUH,Clinic,Abu Dhabi,,(02)5556393
SAHEL CLINIC (ADNOC GROUP),AUH,Clinic,Abu Dhabi,,(02)6022444
SAMA ALSHAMKHA MEDICAL CENTER,AUH,Clinic,Abu Dhabi,,(02)5866020
SEHATY MEDICAL CENTER (GOLDEN HEALTH GROUP),AUH,Clinic,Abu Dhabi,,(02)6225566
SHAH GENERAL CLINIC (ADNOC GROUP),AUH,Clinic,Abu Dhabi,,(02)6022444
STAR AL AHALIA MEDICAL CENTER L.L.C (AHALIA GROUP),AUH,Clinic,Abu Dhabi,,(02)8744677
SWEDISH MEDICAL CENTRE (SUSPENDED ON DIRECT BILLING WEF 01.08.15),AUH,Clinic,Abu Dhabi,,(02)6811122
TABIBAK MEDICAL CENTER (GOLDEN HEALTH GROUP),AUH,Clinic,Abu Dhabi,,(02)6225566
TABIBAK MEDICAL CLINIC (GOLDEN HEALTH GROUP),AUH,Clinic,Abu Dhabi,,(02)6225566
TAHA MEDICAL CENTRE,AUH,Clinic,Abu Dhabi,,(02)6343438
TAJMEEL SPECIALIZED MEDICAL CENTER LLC,AUH,Clinic,Abu Dhabi,,(02)3047999
TALAT MEDICAL CENTRE,AUH,Clinic,Abu Dhabi,,(02)6426545
TALAT MEDICAL CENTRE NEW AL MUSAFFAH (EX TALAT MEDICAL CENTRE),AUH,Clinic,Abu Dhabi,,(02)5527100
THE AMERICAN SURGECENTER (AMERICAN EUROPEAN MEDICAL CENTRE GROUP),AUH,Clinic,Abu Dhabi,,(02)4430909
(SUSPENDED ON DIRECT BILLING WEF 19.04.2018) THE DOCTORS MEDICAL CENTER LLC,AUH,Clinic,Abu Dhabi,,(02)6663378
THE SPECIALIST DIABETES TREATMENT & RESEARCH CENTRE ( IMPERIAL COLLEGE (02),AUH,Clinic,Abu Dhabi,,4040800
LONDON DIABETES CENTRE ) L.L.C -BRANCH 2 THE SPECIALIST DIABETIES TREATMENT & RESEARCH CENTER-IMPERIAL COLLEGE,AUH,Clinic,Abu Dhabi,,(02)4040886
LONDON DIABETES CENTRE TOPCARE MEDICAL CENTRE,AUH,Clinic,Abu Dhabi,,(02)5500620
ULTRA CARE MEDICAL CENTRE,AUH,Clinic,Abu Dhabi,,(02)4434700
UNIQUE AL AHALIA OPHTHALMOLOGY MEDICAL CENTER L L C (AHALIA GROUP),AUH,Clinic,Abu Dhabi,,(02)5599666
ELECTIVE DENTAL SERVICES NOT AVAILABLE ON DIRECT BILLING NETWORK TIER COMPREHENSIVE COMPREHENSIVE EXCL. AHD GENERAL UNIQUE AL AHALIA OPHTHALMOLOGY MEDICAL CENTER L.L.C. - BRANCH (AHALIA,AUH,Clinic,Abu Dhabi,,(02)6216900
GROUP) ELECTIVE DENTAL SERVICES NOT AVAILABLE ON DIRECT BILLING UNIQUE ALAHALIA OPHTHALMOLOGY ONE DAY SURGERY MEDICAL CENTER (AHALIA,AUH,Clinic,Abu Dhabi,,(02)6262666
GROUP) UNIQUE CARE WELL MEDICAL CENTRE L.L.C,AUH,Clinic,Abu Dhabi,,(02)5510598
UNIVERSAL SPECIALTY MEDICAL CENTER,AUH,Clinic,Abu Dhabi,,(02)5524425
VISTA CARE SPECIALIZED CLINIC,AUH,Clinic,Abu Dhabi,,(02)6263649
WELL CARE MEDICAL CENTRE,AUH,Clinic,Abu Dhabi,,(02)6766000
WELL HEALTH MEDICAL CENTER LLC,AUH,Clinic,Abu Dhabi,,(02)6429393
WESTERN TOWERS AL AHALIA MEDICAL CENTRE (AHALIA GROUP),AUH,Clinic,Abu Dhabi,,(02)8840522
YAS HEALTHCARE,AUH,Clinic,Abu Dhabi,,(02)3336999
BURJEEL OASIS MEDICAL CENTER LLC ( EX ZENA MEDICAL CENTRE),AUH,Clinic,Abu Dhabi,,(02)8847128
ZIA MEDICAL CENTRE LLC (ZIA MEDICAL CENTRE LLC GROUP),AUH,Clinic,Abu Dhabi,,(02)5522201
(02)8116571 AL MAFRAQ DENTAL CENTER (ABU DHABI HEALTH SERVICES COMPANY - SEHA GROUP),AUH,Dental,Abu Dhabi,,(02)8116651
AL REEM DENTAL CENTER LLC,AUH,Dental,Abu Dhabi,,(02)6660922
AL SAFWA SPECIALIZED DENTAL CENTER,AUH,Dental,Abu Dhabi,,(02)6262989
BARBARA DENTAL CLINIC,AUH,Dental,Abu Dhabi,,(02)6269898
BEAUTY TRICK MEDICAL CENTER,AUH,Dental,Abu Dhabi,,(02)6422771
BOSTON DENTAL CENTER,AUH,Dental,Abu Dhabi,,(02)6667070
CREATIVE DENTAL CENTER LLC (SUSPENDED WEF 30/07/2018),AUH,Dental,Abu Dhabi,,(02)4440458
HOLLYWOOD SMILE MEDICAL CENTER ( EX FAMILY DENTAL CLINIC),AUH,Dental,Abu Dhabi,,(02)6271371
INTERCONTINETAL DENTAL CLINIC,AUH,Dental,Abu Dhabi,,(02)6665323
MARIBEL DENTAL CENTER,AUH,Dental,Abu Dhabi,,(02)6424942
NETWORK TIER COMPREHENSIVE COMPREHENSIVE EXCL. AHD GENERAL PEARLY SMILE DENTAL CENTER L.L.C. BRANCH,AUH,Dental,Abu Dhabi,,(02)5566520
PEARLY SMILE DENTAL CENTRE,AUH,Dental,Abu Dhabi,,(02)06393677
SCANDCARE,AUH,Dental,Abu Dhabi,,(02)6213556
SMILE LINE DENTAL CENTER L.L.C,AUH,Dental,Abu Dhabi,,(02)2222667
SKY DENTAL CENTER LLC,AUH,Dental,Abu Dhabi,,(02)6268880
TAJ DENTAL CENTER,AUH,Dental,Abu Dhabi,,(02)6220300
THOMAS DENTAL CENTRE,AUH,Dental,Abu Dhabi,,(02)6414400
EMIRATES JORDANIAN MEDICAL CENTER LLC ( EX EMIRATES JORDANIAN DIAGNOSTIC CENTER LLC ) PROFICIENCY HEALTHCARE DIAGNOSTIC LABORATORIES LLC (EX PROFICIENCY CENTRAL LABORATORIES) SEHA DIALYSIS SERVICES - AL MAFRAQ HOSPITAL (ABU DHABI HEALTH SERVICES COMPANY - SEHA GROUP) NETWORK TIER COMPREHENSIVE COMPREHENSIVE EXCL. AHD GENERAL SEHA DIALYSIS SERVICES - AL MARFA HOSPITAL (ABU DHABI HEALTH SERVICES COMPANY - SEHA GROUP) SEHA DIALYSIS SERVICES - AL RAHBA HOSPITAL (ABU DHABI HEALTH SERVICES COMPANY - SEHA GROUP) SEHA DIALYSIS SERVICES - AL SILA HOSPITAL (ABU DHABI HEALTH SERVICES COMPANY - SEHA GROUP) SEHA DIALYSIS SERVICES - AL WAGAN HOSPITAL (ABU DHABI HEALTH SERVICES COMPANY - SEHA GROUP) SEHA DIALYSIS SERVICES - DELMA HOSPITAL (ABU DHABI HEALTH SERVICES COMPANY - SEHA GROUP) SEHA DIALYSIS SERVICES - GHAITHY HOSPITAL (ABU DHABI HEALTH SERVICES COMPANY - SEHA GROUP) SEHA DIALYSIS SERVICES - MADINAT ZAYED HOSPITAL (ABU DHABI HEALTH SERVICES COMPANY - SEHA GROUP) SEHA DIALYSIS SERVICES - SHEIKH KHALIFA MEDICAL CITY (ABU DHABI HEALTH SERVICES COMPANY - SEHA GROUP) SEHA DIALYSIS SERVICES - TAWAM HOSPITAL (ABU DHABI HEALTH SERVICES COMPANY - SEHA GROUP) SHEIKH KHALIFA MEDICAL CITY DIALYSIS CENTRE (ABU DHABI HEALTH SERVICES COMPANY - SEHA GROUP) DISEASE PREVENTION DISEASE PREVENTION & SCREENING CENTRE - AL MARFA (ABU DHABI HEALTH SERVICES COMPANY - SEHA GROUP) CENTER DISEASE PREVENTION DISEASE PREVENTION & SCREENING CENTER - DELMA (ABU DHABI HEALTH SERVICES COMPANY - SEHA GROUP) CENTER DISEASE PREVENTION DISEASE PREVENTION & SCREENING CENTER - MUSSAFAH (ABU DHABI HEALTH SERVICES COMPANY - SEHA GROUP) CENTER NETWORK TIER COMPREHENSIVE COMPREHENSIVE EXCL. AHD GENERAL DISEASE PREVENTION DISEASE PREVENTION & SCREENING CENTER - SILA (ABU DHABI HEALTH SERVICES COMPANY - SEHA GROUP) CENTER BLOOD DONATION MOBILE CLINIC 1 (ABU DHABI HEALTH SERVICES COMPANY - SEHA GROUP) MOBILE MAMMOGRAM IMAGING (ABU DHABI HEALTH SERVICES COMPANY - SEHA GROUP) ONE DAY SURGERY CENTRE ONE DAY SURGERY CENTRE ONE DAY SURGERY CENTRE ONE DAY SURGERY CENTRE ONE DAY SURGERY CENTRE ONE DAY SURGERY CENTRE ONE DAY SURGERY CENTRE ONE DAY SURGERY CENTRE AL JABER OPTICAL CENTRE LLC - BR (AL JABER GROUP),AUH,Optical,Abu Dhabi,,(02)2221107
AL JABER OPTICAL CENTRE LLC - BRANCH OF ABU DHABI 13 (AL JABER GROUP),AUH,Optical,Abu Dhabi,,(02)5868717
AL JABER OPTICAL CENTRE LLC (AL JABER GROUP),AUH,Optical,Abu Dhabi,,(02)6456111
AL JABER OPTICAL CENTRE LLC (AL JABER GROUP),AUH,Optical,Abu Dhabi,,(02)5504584
NETWORK TIER COMPREHENSIVE COMPREHENSIVE EXCL. AHD GENERAL EYEYZONE ( BR OF EXCEL ENTERPRISES ) BRANCH OF ABU DHABI 1 ( RIVOLI GROUP),AUH,Optical,Abu Dhabi,,(02)4417090
EYEZONE (BR OF EXCEL ENTRPRISES (L L C)- BRANCH OF ABU DHABI 3 ( RIVOLI GROUP),AUH,Optical,Abu Dhabi,,(02)6797378
EYZONE (BR OF EXCEL ENTERPRISES(L.L.C)) - BRANCH OF ABU DHABI 2 ( RIVOLI GROUP),AUH,Optical,Abu Dhabi,,(02)6819330
GRAND OPTICS (GRAND OPTICS GROUP),AUH,Optical,Abu Dhabi,,(02)6814988
GRAND SUNGLASSES L.L.C. BRANCH (GRAND OPTICS GROUP),AUH,Optical,Abu Dhabi,,(02)6814988
MAGRABI OPTICAL COMPANY - BRANCH OF ABU DHABI 7 (MAGRABI GROUP),AUH,Optical,Abu Dhabi,,(02)5583780
MAGRABI OPTICAL COMPANY BRANCH OF ABU DHABI 9 (MAGRABI GROUP),AUH,Optical,Abu Dhabi,,(02)5635240
MAGRABI OPTICAL COMPANY LLC - BRANCH OF ABU DHABI 5 (MAGRABI GROUP),AUH,Optical,Abu Dhabi,,(02)5864339
MAGRABI OPTICAL COMPANY - LLC - BRANCH OF ABU DHABI 10 (MAGRABI GROUP),AUH,Optical,Abu Dhabi,,(02)5651615
MAGRABI OPTICAL COMPANY L.L.C - BRANCH OF ABU DHABI 12 (MAGRABI GROUP),AUH,Optical,Abu Dhabi,,(02)4470703
MAGRABI OPTICAL COMPANY L.L.C - BRANCH OF ABU DHABI 13 (MAGRABI GROUP),AUH,Optical,Abu Dhabi,,(02)6435690
MAGRABI OPTICAL COMPANY L.L.C (MAGRABI GROUP),AUH,Optical,Abu Dhabi,,(02)6711961
MAGRABI OPTICAL CO. LLC (MAGRABI GROUP),AUH,Optical,Abu Dhabi,,(02)6444403
MAGRABI OPTICAL CO. LLC (MAGRABI GROUP),AUH,Optical,Abu Dhabi,,(02)6816961
MAJZOUB OPTICS,AUH,Optical,Abu Dhabi,,(02)6271142
OCCHIALI OPTICIAN AL WAHDA (YATEEM GROUP),AUH,Optical,Abu Dhabi,,(02)4437430
OCCHIALI OPTICIAN MARINA MALL (YATEEM GROUP),AUH,Optical,Abu Dhabi,,(02)6812699
OPTIVISION WORLD OPTICALS (DUBAI OPTICAL GROUP),AUH,Optical,Abu Dhabi,,(02)6580901
RIVOLI EYE ZONE -BRANCH OF EXCEL ENTERPRISES LLC - ABU DHABI ( RIVOLI GROUP),AUH,Optical,Abu Dhabi,,(02)6581267
YATEEM OPTICALS BRANCH 9 (YATEEM GROUP),AUH,Optical,Abu Dhabi,,(02)6354999
YATEEM OPTICIAN ABU DHABI MALL (YATEEM GROUP),AUH,Optical,Abu Dhabi,,(02)6451566
YATEEM OPTICIAN AL WAHDA MALL (YATEEM GROUP),AUH,Optical,Abu Dhabi,,(02)4437460
YATEEM OPTICIAN BRANCH (YATEEM GROUP),AUH,Optical,Abu Dhabi,,(02)4437460
NETWORK TIER COMPREHENSIVE COMPREHENSIVE EXCL. AHD GENERAL YATEEM OPTICIAN BRANCH 10 (YATEEM GROUP),AUH,Optical,Abu Dhabi,,(02)5581660
YATEEM OPTICIAN BRANCH -11 (YATEEM GROUP),AUH,Optical,Abu Dhabi,,(02)5516202
YATEEM OPTICIAN BRANCH 13 (YATEEM GROUP),AUH,Optical,Abu Dhabi,,(02)5858786
YATEEM OPTICIAN BRANCH 17 (YATEEM GROUP),AUH,Optical,Abu Dhabi,,(02)8766622
YATEEM OPTICIAN HAMDAN (YATEEM GROUP),AUH,Optical,Abu Dhabi,,(02)6776222
YATEEM OPTICIAN KHALIDIYA (YATEEM GROUP),AUH,Optical,Abu Dhabi,,(02)6342595
YATEEM OPTICIAN KHALIDIYA MALL (YATEEM GROUP),AUH,Optical,Abu Dhabi,,(02)6342595
YATEEM OPTICIAN KHALIFA (YATEEM GROUP),AUH,Optical,Abu Dhabi,,(02)6277022
YATEEM OPTICIAN MADINAT ZAYED (YATEEM GROUP),AUH,Optical,Abu Dhabi,,(02)6348844
YATEEM OPTICIAN MARINA MALL (YATEEM GROUP),AUH,Optical,Abu Dhabi,,(02)6818170
YATEEM OPTICIAN SHANGRI-LA (YATEEM GROUP),AUH,Optical,Abu Dhabi,,(02)5581660
YATEEM OPTICS (YATEEM GROUP),AUH,Optical,Abu Dhabi,,(02)5651444
PRIMARY HEALTHCARE CENTER PRIMARY HEALTHCARE AL BAHYA HEALTHCARE CENTER SHAHAMA (ABU DHABI HEALTH SERVICES COMPANY - CENTER SEHA GROUP) PRIMARY HEALTHCARE AL BATEEN HEALTHCARE CENTER (ABU DHABI HEALTH SERVICES COMPANY - SEHA CENTER GROUP) PRIMARY HEALTHCARE AL CORNICHE WOMENS HEALTH CENTER (ABU DHABI HEALTH SERVICES COMPANY - CENTER SEHA GROUP) PRIMARY HEALTHCARE AL DHAFRA FAMILY MEDICINE CENTER (ABU DHABI HEALTH SERVICES COMPANY - SEHA CENTER GROUP) PRIMARY HEALTHCARE AL ETTIHAD URGENT CARE CENTER (ABU DHABI HEALTH SERVICES COMPANY - SEHA CENTER GROUP) PRIMARY HEALTHCARE AL FALAH HEALTHCARE CENTER (ABU DHABI HEALTH SERVICES COMPANY - SEHA CENTER GROUP) PRIMARY HEALTHCARE CENTER NETWORK TIER COMPREHENSIVE COMPREHENSIVE EXCL. AHD GENERAL PRIMARY HEALTHCARE AL GHARBIA MOBILE MAMMOGRAPHY UNIT (ABU DHABI HEALTH SERVICES COMPANY - CENTER SEHA GROUP) PRIMARY HEALTHCARE AL HAYER HEALTHCARE CENTER (ABU DHABI HEALTH SERVICES COMPANY - SEHA CENTER GROUP) PRIMARY HEALTHCARE CENTER PRIMARY HEALTHCARE CENTER PRIMARY HEALTHCARE AL KHABISI HEALTH CARE CENTER (ABU DHABI HEALTH SERVICES COMPANY - SEHA CENTER GROUP) PRIMARY HEALTHCARE AL KHALEEJ HEALTHCARE CENTER (ABU DHABI HEALTH SERVICES COMPANY - SEHA CENTER GROUP) PRIMARY HEALTHCARE AL KHATIM HEALTHCARE CENTER (ABU DHABI HEALTH SERVICES COMPANY - SEHA CENTER GROUP) PRIMARY HEALTHCARE AL KHAZNAH HEALTHCARE CENTER (ABU DHABI HEALTH SERVICES COMPANY - SEHA CENTER GROUP) PRIMARY HEALTHCARE AL MADINA OCCUPATIONAL HEALTH CENTER (ABU DHABI HEALTH SERVICES COMPANY - CENTER SEHA GROUP) PRIMARY HEALTHCARE AL MAQAM HEALTH CARE CENTER (ABU DHABI HEALTH SERVICES COMPANY - SEHA CENTER GROUP) PRIMARY HEALTHCARE AL MAQTAA HEALTHCARE CENTER (ABU DHABI HEALTH SERVICES COMPANY - SEHA CENTER GROUP) PRIMARY HEALTHCARE AL MASOUDI PRIMARY HEALTH CARE CENTER (ABU DHABI HEALTH SERVICES COMPANY CENTER - SEHA GROUP) PRIMARY HEALTHCARE CENTER PRIMARY HEALTHCARE AL MUWEIJI HEALTHCARE CENTER (ABU DHABI HEALTH SERVICES COMPANY - SEHA CENTER GROUP) PRIMARY HEALTHCARE AL NAHDA HEALTHCARE CENTER (ABU DHABI HEALTH SERVICES COMPANY - SEHA CENTER GROUP) NETWORK TIER COMPREHENSIVE COMPREHENSIVE EXCL. AHD GENERAL PRIMARY HEALTHCARE AL NIYADAT HEALTHCARE CENTER (ABU DHABI HEALTH SERVICES COMPANY - SEHA CENTER GROUP) PRIMARY HEALTHCARE AL QUAA HEALTHCARE CENTER (ABU DHABI HEALTH SERVICES COMPANY - SEHA CENTER GROUP) PRIMARY HEALTHCARE AL REMAH HEALTHCARE CENTER (ABU DHABI HEALTH SERVICES COMPANY - SEHA CENTER GROUP) PRIMARY HEALTHCARE AL ROWDA HEALTHCARE CENTER (ABU DHABI HEALTH SERVICES COMPANY - SEHA CENTER GROUP) PRIMARY HEALTHCARE AL SAMHA HEALTHCARE CENTER (ABU DHABI HEALTH SERVICES COMPANY - SEHA CENTER GROUP) PRIMARY HEALTHCARE AL SHAMKHA HEALTHCARE CENTER (ABU DHABI HEALTH SERVICES COMPANY - SEHA CENTER GROUP) PRIMARY HEALTHCARE AL SHUEIB HEALTHCARE CENTER (ABU DHABI HEALTH SERVICES COMPANY - SEHA CENTER GROUP PRIMARY HEALTHCARE AL TOWAYYA CHILDREN'S SPECIALTY CENTER (ABU DHABI HEALTH SERVICES COMPANY - CENTER SEHA GROUP) PRIMARY HEALTHCARE AL YAHAR HEALTHCARE CENTER (ABU DHABI HEALTH SERVICES COMPANY - SEHA CENTER GROUP) PRIMARY HEALTHCARE AL ZAFARANAH HEALTHCARE CENTER (ABU DHABI HEALTH SERVICES COMPANY - SEHA CENTER GROUP) PRIMARY HEALTHCARE CENTER PRIMARY HEALTHCARE CENTER PRIMARY HEALTHCARE DISEASE PREVENTION AND SCREENING CENTER (ABU DHABI HEALTH SERVICES CENTER COMPANY - SEHA GROUP) PRIMARY HEALTHCARE DISEASE PREVENTION AND SCREENING CENTER - AL AIN (ABU DHABI HEALTH SERVICES CENTER COMPANY - SEHA GROUP) PRIMARY HEALTHCARE DISEASE PREVENTION AND SCREENING CENTER - GAIATHY (ABU DHABI HEALTH CENTER SERVICES COMPANY - SEHA GROUP) NETWORK TIER COMPREHENSIVE COMPREHENSIVE EXCL. AHD GENERAL PRIMARY HEALTHCARE DISEASE PREVENTION AND SCREENING CENTER - MADINAT ZAYED (ABU DHABI HEALTH CENTER SERVICES COMPANY - SEHA GROUP) PRIMARY HEALTHCARE JOURN YAFOUR HEALTHCARE CENTER (ABU DHABI HEALTH SERVICES COMPANY - SEHA CENTER GROUP) PRIMARY HEALTHCARE KHALIDIYA URGENT CARE CENTER (ABU DHABI HEALTH SERVICES COMPANY - SEHA CENTER GROUP) PRIMARY HEALTHCARE CENTER PRIMARY HEALTHCARE MADINAT MOHAMED BIN ZAYED HEALTHCARE CENTER (ABU DHABI HEALTH SERVICES CENTER COMPANY - SEHA GROUP) PRIMARY HEALTHCARE CENTER PRIMARY HEALTHCARE CENTER PRIMARY HEALTHCARE MUSSAFAH HEALTH CENTER (R37) (ABU DHABI HEALTH SERVICES COMPANY - SEHA CENTER GROUP) PRIMARY HEALTHCARE NEIMA PRIMARY HEALTH CARE CENTER (ABU DHABI HEALTH SERVICES COMPANY - CENTER SEHA GROUP) PRIMARY HEALTHCARE OUD AL TOBA PRIMARY HEALTH CARE CENTER (ABU DHABI HEALTH SERVICES CENTER COMPANY - SEHA GROUP) PRIMARY HEALTHCARE CENTER PRIMARY HEALTHCARE CENTER PRIMARY HEALTHCARE CENTER PRIMARY HEALTHCARE CENTER PRIMARY HEALTHCARE SWEIHAN HEALTH CARE CENTER (ABU DHABI HEALTH SERVICES COMPANY - SEHA CENTER GROUP) NETWORK TIER COMPREHENSIVE COMPREHENSIVE EXCL. AHD GENERAL PRIMARY HEALTHCARE CENTER PRIMARY HEALTHCARE CENTER (03)7133080/7133 081 CAMBRIDGE MEDICAL & REHABILITATION CENTRE LLC ( LONG TERM REHABILITATION SERVICES ) MEDICLINIC HOSPITAL LLC BRANCH 1 (MEDICLINIC GROUP )( EX AL NOOR HOSPITAL) (AL NOOR GROUP) MEDICLINIC HOSPITAL LLC BRANCH 4 (MEDICLINIC GROUP ) (EX AL NOOR MEDICAL COMPANY - AL NOOR HOSPITAL - LLC - BRANCH 4 (AL NOOR GROUP) UNIVERSAL HOSPITAL AL AIN LLC ( EX AL AIN CROMWELL WOMEN & CHILDREN HOSPITAL) AL AIN ALAHILI MEDICAL CENTRE (AHALIA GROUP) ELECTIVE DENTAL SERVICES NOT AVAILABLE ON DIRECT BILLING NETWORK TIER COMPREHENSIVE COMPREHENSIVE EXCL. AHD GENERAL AL MADAR MEDICAL CENTER- BRANCH 1 (AL MADAR GROUP) (TERMINATED WEF 01.03.2018) AL MADAR MEDICAL CENTRE BRANCH (AL MADAR GROUP) (TERMINATED WEF 01.03.2018) ASPETAR AL MADAR MEDICAL CENTER LLC (AL MADAR GROUP) (TERMINATED WEF 01.03.2018) COSMESURGE EMARITES HOSPITAL FOR ONE DAY SURGERY LLC-AL AIN BRANCH (EMIRATES HOSPITAL GROUP) NETWORK TIER COMPREHENSIVE COMPREHENSIVE EXCL. AHD GENERAL NOOR AL AHLI MEDICAL CENTRE (AHALIA GROUP) ELECTIVE DENTAL SERVICES NOT AVAILABLE ON DIRECT BILLING THE SPECIALIST DIABETES TREATMENT & RESEARCH CENTRE (IMPERIAL COLLEGE LONDON DIABETES CENTRE) LLC BRANCH NETWORK TIER COMPREHENSIVE COMPREHENSIVE EXCL. AHD GENERAL ONE DAY SURGERY CENTRE AJMAN SPECIALTY GENERAL HOSPITAL,AJM,Hospital,Ajman,,(06)7484999
AMINA HOSPITAL LLC,AJM,Hospital,Ajman,,(06)7114444
THUMBAY HOSPITAL LLC (EX GULF MEDICAL COLLEGE HOSPITAL & RESEARCH CENTRE,AJM,Hospital,Ajman,,(06)7463333
(L.L.C.) (THUMBAY GROUP) AALIYA MEDICAL CENTRE (AALIYA HEALTH FOUNDATAION GROUP),AJM,Clinic,Ajman,,(06)7475599
ACCESS MEDICAL CENTER (ASTER),AJM,Clinic,Ajman,,(06)7404778
NETWORK TIER COMPREHENSIVE COMPREHENSIVE EXCL. AHD GENERAL ADVANCED MEDICAL CENTRE ( KARAMA MEDICAL CENTER GROUP),AJM,Clinic,Ajman,,(06)7459969
ALAIN MEDICAL CENTER,AJM,Clinic,Ajman,,(06)7406661
CAREPLUS MEDICAL CENTER LLC (EX AL AWAEL MEDICAL CENTRE LLC),AJM,Clinic,Ajman,,(06)7473341
AL DHUHA MEDICAL CENTRE,AJM,Clinic,Ajman,,(06)7405633
AL GHARAFA MEDICAL CENTRE,AJM,Clinic,Ajman,,(06)7448322
AL HELAL MEDICAL CENTER,AJM,Clinic,Ajman,,(06)7446359
AL JARAF MEDICAL CENTRE (SAME AS AL JURF MEDICAL CENTER),AJM,Clinic,Ajman,,(06)7499766
AL MADAR MEDICAL CENTRE (AL MADAR GROUP),AJM,Clinic,Ajman,,(06)7412202
AL MANAL SPECIALIST MEDICAL CENTRE (TERMINATED EFF. 01.06.16),AJM,Clinic,Ajman,,(06)7412342
AL NAHRAIN MEDICAL CENTRE,AJM,Clinic,Ajman,,(06)7449144
AL NAUMIA MEDICAL CLINIC (NEW SANAIYA GROUP),AJM,Clinic,Ajman,,(06)7437633
AL RAHA MEDICAL CENTRE,AJM,Clinic,Ajman,,(06)7473100
AL RUKN MEDICAL CENTER,AJM,Clinic,Ajman,,(06)7402209
AL SANAIYA CLINIC (NEW SANAIYA GROUP),AJM,Clinic,Ajman,,(06)7484078
AL SHROOQ POLYCLINIC,AJM,Clinic,Ajman,,(06)7455688
AL SULTAN MEDICAL CENTER L.L.C,AJM,Clinic,Ajman,,(06)7444188
AMTEK MEDICAL CENTER,AJM,Clinic,Ajman,,(06)7462120
ASTER MEDICAL CENTRE BR (ASTER),AJM,Clinic,Ajman,,(06)7314799
BALSAM DENTAL CLINIC,AJM,Clinic,Ajman,,(06)7474704
CITY MEDICAL CENTRE,AJM,Clinic,Ajman,,(06)7441882
DEAR HEALTH MEDICAL CENTRE,AJM,Clinic,Ajman,,(06)7471335
DR. RAJEEVAN'S CLINIC,AJM,Clinic,Ajman,,(06)7431330
ELAJ MEDICAL CENTRE LLC,AJM,Clinic,Ajman,,(06)7418880
FAMILY MEDICAL CLINIC (AALIYA HEALTH FOUNDATAION GROUP),AJM,Clinic,Ajman,,(06)7434800
IBIN SINA MEDICAL CENTRE (AALIYA HEALTH FOUNDATAION GROUP),AJM,Clinic,Ajman,,(06)7457755
IBTESAM MEDICAL CENTER LLC,AJM,Clinic,Ajman,,(06)7312929
NETWORK TIER COMPREHENSIVE COMPREHENSIVE EXCL. AHD GENERAL INTERNATIONAL SPECIALIST MEDICAL CENTRE,AJM,Clinic,Ajman,,(06)7463400
KHALID MEDICAL CLINIC (FORMERLY KNOWN AS KHALID MEDICAL CENTRE),AJM,Clinic,Ajman,,(06)7468128
LLH SPECIALIST MEDICAL CENTER (Ex. AL MANAL SPECIALIST MEDICAL CENTRE),AJM,Clinic,Ajman,,(06)7486747
METRO MEDICAL CENTRE,AJM,Clinic,Ajman,,(06)7469694
MUSHERIF MEDICAL CENTER,AJM,Clinic,Ajman,,(06)7444920
NATIONAL CLINIC (NEW SANAIYA GROUP),AJM,Clinic,Ajman,,(06)7480780
NEW IBN SINA MEDICAL CENTRE (AALIYA HEALTH FOUNDATAION GROUP),AJM,Clinic,Ajman,,(06)7413330
NEWCARE MEDICAL CENTER,AJM,Clinic,Ajman,,(06)7444353
NMC MEDICAL CENTRE AJMAN LLC (NMC GROUP),AJM,Clinic,Ajman,,(06)7147666
NORTHERN AL AHLIAH MEDICAL CENTRE (AHALIA GROUP),AJM,Clinic,Ajman,,(06)7404941
OXYGEN MEDICAL CENTER (BRANCH OF OXYGEN MEDICAL CENTER SHJ) (OXYGEN,AJM,Clinic,Ajman,,(06)7406022
GROUP) PRIME MEDICAL CENTER AJM ·LLC (PRIME GROUP),AJM,Clinic,Ajman,,(04)2720720
ROYAL CLINIC (EX ROYAL GENERAL MEDICAL CENTRE),AJM,Clinic,Ajman,,(06)7422210
SARAH MEDICAL CLINIC (AL SHAMS MEDICAL GROUP),AJM,Clinic,Ajman,,(06)8522116
(06)7442626 / 7441744 THUMBAY CLINIC AJMAN BRANCH (THUMBAY GROUP),AJM,Clinic,Ajman,,(06)7466661
THUMBAY CLINIC L.L.C ALRASHIDIYA 1 (THUMBAY GROUP),AJM,Clinic,Ajman,,(06)7119555
YASEEN MEDICAL CENTER,AJM,Clinic,Ajman,,(06)7474491
DENT CARE MEDICAL CENTRE,AJM,Dental,Ajman,,(06)7478910
DR.ASISH MEDICAL CENTRE,AJM,Dental,Ajman,,(06)7435070
RAWNAK AL IBTISAMA DENTAL CLINIC,AJM,Dental,Ajman,,(06)7472248
(06)7441414 / 7424456 DUBAI OPTICAL (DUBAI OPTICAL GROUP),AJM,Optical,Ajman,,(06)7431635
GRAND OPTICS (L.L.C.) BRANCH (GRAND OPTICS GROUP),AJM,Optical,Ajman,,(06)7480103
NETWORK TIER COMPREHENSIVE COMPREHENSIVE EXCL. AHD GENERAL GRAND SUNGLASSES (GRAND OPTICS GROUP),AJM,Optical,Ajman,,(06)7430913
PAAMA OPTICAL L.L.C,AJM,Optical,Ajman,,556315023
YATEEM OPTICIAN (YATEEM GROUP),AJM,Optical,Ajman,,(06)7447658
ZO & MO OPTICALS (THUMBAY GROUP),AJM,Optical,Ajman,,(06)7411178
AL SHARQ INTERNATIONAL HOSPITAL,FUJ,Hospital,Fujairah,,(09)2249999
THUMBAY HOSPITAL LLC FUJAIRAH BRANCH ( EX GULF MEDICAL COLLEGE HOSPITAL &,FUJ,Hospital,Fujairah,,(09)2244233
RESEARCH CENTRE L.L.C) (THUMBAY GROUP) AL RIKABI SPECIALIST CLINIC,FUJ,Clinic,Fujairah,,(09)2222797
AL SHARQ MEDICAL CENTRE COSMOMED (AL SHARQ HEALTHCARE GROUP),FUJ,Clinic,Fujairah,,(09)2249545
AL SHARQ MEDICAL CENTER DIBBA -FORMER KNOWN AS NEW FUJAIRAH MEDICAL,FUJ,Clinic,Fujairah,,(09)2444711
CENTRE (AL SHARQ HEALTHCARE GROUP) AL SHARQ MEDICAL CENTER-AL ETIHAD - FORMER KNOWN AS FAMILY MEDICAL,FUJ,Clinic,Fujairah,,(09)2222444
CENTRE (AL SHARQ HEALTHCARE GROUP) AL SHARQ MEDICAL CENTER-AL FASEEL -FORMER KNOWN AS FUJAIRAH MEDICAL,FUJ,Clinic,Fujairah,,(09)2232555
CENTRE(AL SHARQ HEALTHCARE GROUP) AL SHARQ MEDICAL CENTRE - QIDFA (AL SHARQ HEALTHCARE GROUP),FUJ,Clinic,Fujairah,,(09)2384550
ASTER MEDICAL CENTER (ASTER),FUJ,Clinic,Fujairah,,(09)2234913
COSMESURGE CENTER & EMIRATES HOSPITAL CLINICS (EMIRATES HOSPITAL GROUP),FUJ,Clinic,Fujairah,,(09)2024000
COSMOMED MEDICAL CENTRE (AL SHARQ HEALTHCARE GROUP),FUJ,Clinic,Fujairah,,(09)2249545
DIBBA MEDICAL CENTER,FUJ,Clinic,Fujairah,,(09)2447447
DR. EID SPECIALISED CLINIC,FUJ,Clinic,Fujairah,,(09)2233311
DR. RAWHI M. FALEH MEDICAL CENTRE,FUJ,Clinic,Fujairah,,(09)2224808
EMIRATES MEDICAL CENTRE (FORMERLY KNOWN AS EMIRATES PRIVATE CLINIC),FUJ,Clinic,Fujairah,,(09)2233199
FUJAIRAH PORT MEDICAL CENTRE (AL SHARQ HEALTHCARE GROUP),FUJ,Clinic,Fujairah,,(09)2228678
INTERNATIONAL MEDICAL CENTRE (SUSPENDED WEF 03.08.14),FUJ,Clinic,Fujairah,,(09)2229585
KHORFAKKAN PORT CLINIC (AL SHARQ HEALTHCARE GROUP),FUJ,Clinic,Fujairah,,(09)2371400
KHORFAKKAN PORT MEDICAL CENTRE(AL SHARQ HEALTHCARE GROUP),FUJ,Clinic,Fujairah,,(09)2371400
NETWORK TIER COMPREHENSIVE COMPREHENSIVE EXCL. AHD GENERAL MERASHID MEDICAL CENTRE,FUJ,Clinic,Fujairah,,(09)2220883
MOZOON MEDICAL CENTRE,FUJ,Clinic,Fujairah,,(09)2239595
NATIONAL MEDICAL CENTRE (NATIONAL MEDICAL CENTRE GROUP),FUJ,Clinic,Fujairah,,(09)2232850
ROYAL DENTAL CLINIC,FUJ,Clinic,Fujairah,,(09)2244112
THUMBAY CLINIC LLC FUJAIRAH (THUMBAY GROUP),FUJ,Clinic,Fujairah,,(09)2227455
AL RAWAD ORTHODONTIC CENTER,FUJ,Dental,Fujairah,,(09)2223849
MAJESTY MEDICAL CENTER ( EX MAJESTY DENTAL CENTER),FUJ,Dental,Fujairah,,(09)2227888
AL JABER OPTICAL CENTRE LLC (AL JABER GROUP),FUJ,Optical,Fujairah,,(09)2283999
YATEEM OPTICIAN (YATEEM GROUP),FUJ,Optical,Fujairah,,(09)2222068
YATEEM OPTICIAN LLC FUJAIRAH BRANCH 3 (YATEEM GROUP),FUJ,Optical,Fujairah,,(09)2224616
ZO & MO OPTICALS (THUMBAY GROUP),FUJ,Optical,Fujairah,,(09)2244381
NETWORK TIER COMPREHENSIVE COMPREHENSIVE EXCL. AHD GENERAL COSMESURGE & EMIRATESCLINICS FOR ONE DAY SURGERY (EMIRATES HOSPITAL GROUP) NETWORK TIER COMPREHENSIVE COMPREHENSIVE EXCL. AHD GENERAL ONE DAY SURGERY CENTRE AL ZAHRA HOSPITAL (DENTAL NOT COVERED ON DIRECT BILLING W.E.F 01.02.2018),SHJ,Hospital,Sharjah,,(06)5619999
CENTRAL PRIVATE HOSPITAL,SHJ,Hospital,Sharjah,,(06)5639900
ENJAB MEDICAL CENTRE LLC ( EX ENJAB HOSPITAL FOR DAY CARE),SHJ,Hospital,Sharjah,,(06)5563433
MEDCARE HOSPITAL LLC - SHJ BR. (MEDCARE HOSPITAL GROUP),SHJ,Hospital,Sharjah,,(06)5949701
ROYAL HOSPITAL,SHJ,Hospital,Sharjah,,(06)5452222
SAUDI GERMAN HOSPITAL SHARJAH (SAUDI GERMAN GROUP),SHJ,Hospital,Sharjah,,800744823
UNIVERSITY DENTAL HOSPITAL (SUSPENDED WEF 03.09.14),SHJ,Hospital,Sharjah,,(06)5057666
UNIVERSITY HOSPITAL SHARJAH,SHJ,Hospital,Sharjah,,(06)5058555
ZULEKHA HOSPITAL,SHJ,Hospital,Sharjah,,(06)5658866
NETWORK TIER COMPREHENSIVE COMPREHENSIVE EXCL. AHD GENERAL AL HAYAT MEDICAL CENTRE,SHJ,Clinic,Sharjah,,(06)5549078
ABDUL GHANI MEDICAL CENTRE(FORMERLY KNOWN AS THE ENT CLINIC DR. ABDUL,SHJ,Clinic,Sharjah,,(06)5562727
GHANI SIDDIQUE) ABRAHAMS MEDICAL CENTRE,SHJ,Clinic,Sharjah,,(06)5612737
ACCESS AL ROLLA MEDICAL CENTER (ASTER),SHJ,Clinic,Sharjah,,(06)5612050
ACCESS CLINIC (ASTER),SHJ,Clinic,Sharjah,,(06)5359933
ADVANCED EYE CLINIC,SHJ,Clinic,Sharjah,,(06)5561220
AFIF MEDICAL CENTRE,SHJ,Clinic,Sharjah,,(06)5740091
AHLAN WA SAHLAN MEDICAL CENTER,SHJ,Clinic,Sharjah,,(06)5306161
AJYAD MEDICAL CENTER,SHJ,Clinic,Sharjah,,(06)5547745
AL AFYA MEDICAL CENTRE LLC,SHJ,Clinic,Sharjah,,(06)5626060
AL AHALIA REGIONAL MEDICAL CENTRE,SHJ,Clinic,Sharjah,,(06)5621700
AL AMAL MEDICAL CENTRE,SHJ,Clinic,Sharjah,,(06)5258927
AL AMANAH MEDICAL CENTRE,SHJ,Clinic,Sharjah,,(06)5615545
AL AMUMAH MEDICAL CENTER,SHJ,Clinic,Sharjah,,(06)5667661
AL BANNA MEDICAL CENTRE,SHJ,Clinic,Sharjah,,(06)5752233
AL BAYAN MEDICAL CENTER,SHJ,Clinic,Sharjah,,(06)5619393
AL BILAL MEDICAL CENTER,SHJ,Clinic,Sharjah,,(06)5530100
AL BUSTAN MEDICAL CENTRE,SHJ,Clinic,Sharjah,,(06)8829924
AL DARARY MEDICAL CENTRE,SHJ,Clinic,Sharjah,,(06)5336176
AL DEYAFA MEDICAL CENTRE,SHJ,Clinic,Sharjah,,(06)5301717
AL DHAMAN MEDICAL CENTRE (EX AL DHAMAN DENTAL CENTRE),SHJ,Clinic,Sharjah,,(06)5686814
AL DUNIA MEDICAL CENTER LLC,SHJ,Clinic,Sharjah,,(06)5546644
AL DURAH MEDICAL LAB,SHJ,Clinic,Sharjah,,(06)5568600
AL DURRAH RADIOLOGY CENTER,SHJ,Clinic,Sharjah,,(06)5569888
AL EMARAT NATIONAL MEDICAL CENTER LLC,SHJ,Clinic,Sharjah,,(06)5772058
AL ENAIAH MEDICAL LAB,SHJ,Clinic,Sharjah,,(06)5566086
NETWORK TIER COMPREHENSIVE COMPREHENSIVE EXCL. AHD GENERAL AL FAIEZ MEDICAL CENTRE (AL SHAMS MEDICAL GROUP),SHJ,Clinic,Sharjah,,(06)8861202
AL FURQAN MEDICAL CENTRE (AL SHAMS MEDICAL GROUP),SHJ,Clinic,Sharjah,,(06)5353868
AL GHARI CONSULTATION SPECIALITY CLINIC,SHJ,Clinic,Sharjah,,(06)5598998
AL IBTISAMA AL JAMELLA MEDICAL CENTRE,SHJ,Clinic,Sharjah,,(06)5262194
AL JAWDAH MEDICAL CENTER LLC,SHJ,Clinic,Sharjah,,(06)5255644
AL KANAREE MEDICAL CENTRE (AL SHAMS MEDICAL GROUP),SHJ,Clinic,Sharjah,,(06)5344439
AL KHAJAH MEDICAL CENTRE (SUSPENDED WEF 01.07.16),SHJ,Clinic,Sharjah,,(06)5562200
AL LUBNANI MEDICAL CENTER LLC,SHJ,Clinic,Sharjah,,(06)5652929
AL LULU MEDICAL CENTER,SHJ,Clinic,Sharjah,,(06)5646252
AL MADAR MEDICAL CENTRE,SHJ,Clinic,Sharjah,,(06)5548558
AL MAHER SPECIALITY MEDICAL CLINIC,SHJ,Clinic,Sharjah,,(06)5613843
AL MAHMOUD MEDICAL CENTRE,SHJ,Clinic,Sharjah,,(06)5617277
AL MALIHA MEDICAL CENTRE,SHJ,Clinic,Sharjah,,(06)8823334
AL MANARAH MEDICAL CENTER,SHJ,Clinic,Sharjah,,(06)5266060
AL MANSOUR MEDICAL CENTRE,SHJ,Clinic,Sharjah,,(06)5372050
AL MINHA MEDICAL CENTRE (AL DEYAFA MEDICAL CENTRE GROUP),SHJ,Clinic,Sharjah,,(06)5599541
AL MOOSA PRIVATE MEDICAL CENTER LLC SHARJAH BRANCH,SHJ,Clinic,Sharjah,,(06)5618178
AL MUNTASIR MEDICAL CENTER,SHJ,Clinic,Sharjah,,(06)5739545
AL NAHDA MEDICAL CENTER,SHJ,Clinic,Sharjah,,(06)5384466
AL NOOR INTERNATIONAL MEDICAL CENTER,SHJ,Clinic,Sharjah,,(06)5933999
AL QASIMIAH MEDICAL CENTER,SHJ,Clinic,Sharjah,,(06)5310050
AL QUDRAH MEDICAL CENTRE,SHJ,Clinic,Sharjah,,(06)5220555
AL QUSAIS STAR MEDICAL CENTRE,SHJ,Clinic,Sharjah,,(06)5350134
AL RABEE CLINIC (LIBERTY MEDICAL CENTRE GROUP),SHJ,Clinic,Sharjah,,(06)5391222
AL RAHAH MEDICAL CENTER LLC,SHJ,Clinic,Sharjah,,(06)5425260
AL RAID MODERN MEDICAL CENTRE,SHJ,Clinic,Sharjah,,(06)5507716
NETWORK TIER COMPREHENSIVE COMPREHENSIVE EXCL. AHD GENERAL AL RASHA MEDICAL CENTRE,SHJ,Clinic,Sharjah,,(06)5627223
AL SABAH MEDICAL CENTRE,SHJ,Clinic,Sharjah,,(06)5315001
AL SAHA CLINIC (SUSPENDED WEF 01.07.16),SHJ,Clinic,Sharjah,,(06)5684322
AL SANABEL MEDICAL CENTER,SHJ,Clinic,Sharjah,,(06)5486662
AL SARRAF MEDICAL CENTRE,SHJ,Clinic,Sharjah,,(06)5538787
AL SHAMS AL JADEED MEDICAL CENTRE (FORMERLY KNOWN AS AMRITHA MEDICAL,SHJ,Clinic,Sharjah,,(06)5397539
CENTRE) (AL SHAMS MEDICAL GROUP) AL SHAMS MEDICAL CENTRE (AL SHAMS MEDICAL GROUP),SHJ,Clinic,Sharjah,,(06)5424255
AL SHIFA AL KHALEEJI MEDICAL CENTER (FORMERLY KNOWN AS BILAL MEDICAL,SHJ,Clinic,Sharjah,,(06)5328558
CENTRE) AL SHIFA AL UROPI MEDICAL CENTER L.L.C,SHJ,Clinic,Sharjah,,(06)5376969
AL SHIFA MEDICAL SPECIALIST CENTRE,SHJ,Clinic,Sharjah,,(06)67449498
AL SHROOK POLYCLINIC,SHJ,Clinic,Sharjah,,(06)5685022
AL SOOR SPECIALIST CLINIC,SHJ,Clinic,Sharjah,,(06)5512913
AL TANOAA MEDICAL CENTRE (FORMERLY KNOWN AS ELAJ MEDICAL CENTRE SHARJAH,SHJ,Clinic,Sharjah,,(06)5722000
BRANCH) AL WAFIR MEDICAL CENTRE (TERMINATED EFF. 01.06.16),SHJ,Clinic,Sharjah,,(06)7431330
AL WAHDA MEDICAL CENTRE,SHJ,Clinic,Sharjah,,(06)5259888
AL YAMAMAH MEDICAL CENTRE,SHJ,Clinic,Sharjah,,(06)5352160
AL ZUMURUD MEDICAL CENTRE,SHJ,Clinic,Sharjah,,(06)5316697
ALPHA MEDICAL CENTRE,SHJ,Clinic,Sharjah,,(06)5617577
ALYSRA MEDICAL CENTRE,SHJ,Clinic,Sharjah,,(06)8822270
AMERICAN CENTER FOR PSYCHIATRY & NEUROLOGY,SHJ,Clinic,Sharjah,,(06)5125000
ANTONY MEDICAL CENTRE (FORMERLY KNOWN AS ANTONY'S CLINIC),SHJ,Clinic,Sharjah,,(06)5630555
ARAB DOCTORS SPECIALIST CENTER,SHJ,Clinic,Sharjah,,(06)5544414
ARABIAN MEDICAL CENTRE,SHJ,Clinic,Sharjah,,(06)5731066
ASTER ABU SHAGHARAH MEDICAL CENTER ( ASTER),SHJ,Clinic,Sharjah,,(06)5568225
NETWORK TIER COMPREHENSIVE COMPREHENSIVE EXCL. AHD GENERAL ASTER ABU TINA MEDICAL CENTRE (ASTER),SHJ,Clinic,Sharjah,,(06)5619045
ASTER AL NAHDA MEDICAL CENTER (ASTER),SHJ,Clinic,Sharjah,,(06)5267111
ASTER MEDICAL CENTER (ASTER),SHJ,Clinic,Sharjah,,(06)5509006
BAGHDAD MEDICAL CENTRE,SHJ,Clinic,Sharjah,,(06)8861115
BERLIN MEDICAL CENTRE,SHJ,Clinic,Sharjah,,(06)8833311
BHATIA MEDICAL CENTRE,SHJ,Clinic,Sharjah,,(06)5753888
BISSAN MEDICAL CENTRE,SHJ,Clinic,Sharjah,,(06)5737005
BRISTOL MEDICAL CENTRE,SHJ,Clinic,Sharjah,,(06)65266615
CARE MEDICAL CENTRE (IMARA GROUP),SHJ,Clinic,Sharjah,,(06)5455501
CLASS MEDICAL CENTRE,SHJ,Clinic,Sharjah,,(06)5652332
CLEVELAND MEDICAL CENTER (FORMERLY AL WISAM SPECIALISED MEDICAL CENTRE),SHJ,Clinic,Sharjah,,(06)5720720
COMMUNITY MEDICAL CENTER,SHJ,Clinic,Sharjah,,(06)5735733
CURE MEDICAL CENTER PHYSIOTHERAPY LLC,SHJ,Clinic,Sharjah,,(06)5303999
DAR AL HIKAMAH MEDICAL LAB,SHJ,Clinic,Sharjah,,(06)5519916
DAR BASMAH MEDICAL CENTRE,SHJ,Clinic,Sharjah,,(06)5441297
DOCTOR ALI SALEM EL HINDI CLIIC,SHJ,Clinic,Sharjah,,(06)5746006
DOCTORS MEDICAL CENTRE,SHJ,Clinic,Sharjah,,(06)5632100
"DR. AMAL JNEAD (EAR, NOSE & THROAT) CLINIC",SHJ,Clinic,Sharjah,,(06)5568687
DR. ASHOK MENON MEDICAL CENTRE,SHJ,Clinic,Sharjah,,(06)5530557
DR. AYAD GABOUR SPECIALIST EYE CLINIC (FORMERLY KNOWN AS AL KINDI MEDICAL,SHJ,Clinic,Sharjah,,(06)5594002
CENTRE) DR. CHITHRA SHAMSUDHEEN'S CLINIC,SHJ,Clinic,Sharjah,,(06)5620181
DR. FATIMA NOOH MEDICAL CENTER LLC,SHJ,Clinic,Sharjah,,(06)5661777
DR. JYOTHI CLINIC (TERMINATED wef 04.10.15),SHJ,Clinic,Sharjah,,(06)5686879
DR. SABAA MEDICAL CENTRE LLC (FORMERLY FATHI EMARA MEDICAL CENTRE),SHJ,Clinic,Sharjah,,(06)5530092
DR. SAI GANESH PILLAI'S CLINIC,SHJ,Clinic,Sharjah,,(06)5687831
NETWORK TIER COMPREHENSIVE COMPREHENSIVE EXCL. AHD GENERAL DR. SAMIR ABOUZEID CLINIC,SHJ,Clinic,Sharjah,,(06)5537007
DR. SANJAY MEDICAL CENTRE,SHJ,Clinic,Sharjah,,(06)5626525
DR. TIGANI SHAYEB MEDICAL CLINIC,SHJ,Clinic,Sharjah,,(06)5561126
DR.BASIL MEDICAL CLINIC,SHJ,Clinic,Sharjah,,(06)5746646
EMIRATES MEDICAL CENTRE,SHJ,Clinic,Sharjah,,(06)5551666
EMIRATES INT. MEDICAL CENTER,SHJ,Clinic,Sharjah,,(06)5226107
EWAN MEDICAL CENTER,SHJ,Clinic,Sharjah,,(06)5774166
FAHEEM TADROS MEDICAL CENTER,SHJ,Clinic,Sharjah,,(06)5566077
FIRST GULF MEDICAL CENTER (CAREPLUS GROUP),SHJ,Clinic,Sharjah,,(06)5347573
FRENCH MEDICAL CENTER (FORMERLY KNOWN AS THE FRENCH RHEUMATISM CLINIC),SHJ,Clinic,Sharjah,,(06)5744266
GANIN MEDICAL CENTER,SHJ,Clinic,Sharjah,,(06)5315553
GENOVA MEDICAL CENTER,SHJ,Clinic,Sharjah,,(06)5566036
GOLDEN STAR CHILDREN'S CLINIC,SHJ,Clinic,Sharjah,,(06)5544478
GOOD HEALTH SPECIALIZED MEDICAL CENTRE,SHJ,Clinic,Sharjah,,(06)5541600
HAKIM MEDICAL CENTRE,SHJ,Clinic,Sharjah,,(06)5599234
HEALERS MEDICAL CENTRE LLC,SHJ,Clinic,Sharjah,,(06)5539851
HEALTH CARE MEDICAL CENTRE,SHJ,Clinic,Sharjah,,(06)5736556
I CARE MEDICAL CENTER,SHJ,Clinic,Sharjah,,(06)5332554
IDEAL MEDICAL CENTRE,SHJ,Clinic,Sharjah,,(06)5623844
INTEGRATION MEDICAL CENTRE,SHJ,Clinic,Sharjah,,(06)5754045
INTERNATIONAL RADIOLOGY & DIAGNOSTIC SERVICES CENTRE.LLC- BRANCH 1 (06)556,SHJ,Clinic,Sharjah,,6305
(INTERNATIONAL RADIOLOGY CENTRE GROUP -SHJ) LAMASAT MEDICAL CENER,SHJ,Clinic,Sharjah,,(06)591619
LIBERTY MEDICAL CENTRE (LIBERTY MEDICAL CENTRE GROUP),SHJ,Clinic,Sharjah,,(06)5599379
LIFE CARE MEDICAL CENTRE LLC,SHJ,Clinic,Sharjah,,(06)5480033
NETWORK TIER COMPREHENSIVE COMPREHENSIVE EXCL. AHD GENERAL LUZON MEDICAL CENTRE,SHJ,Clinic,Sharjah,,(06)5566388
MADINAT AL AIN MEDICAL CENTRE,SHJ,Clinic,Sharjah,,(06)5388235
MAMPILLY MEDICAL CENTRE,SHJ,Clinic,Sharjah,,(06)5616464
MANCEHSTER MEDICAL CENTRE (FORMERLY LOYAL MEDICAL CENTRE),SHJ,Clinic,Sharjah,,(06)5547373
MARINA MEDICAL CENTER (GHI GROUP),SHJ,Clinic,Sharjah,,(06)5625234
MATHEW MEDICAL CENTRE ( Ex. MATHEW MEDICAL CLINIC),SHJ,Clinic,Sharjah,,(06)5595594
MEDCARE MEDICAL CENTER (MEDCARE HOSPITAL GROUP),SHJ,Clinic,Sharjah,,(06)6525749
MEDICARE MEDICAL CENTRE(ALSO KNOWN AS MEDICARE CLINIC),SHJ,Clinic,Sharjah,,(06)5626922
METAWI MEDICAL CLINIC (EX METAWI MEDICAL CENTRE),SHJ,Clinic,Sharjah,,(06)5742999
MGM MEDICAL CENTRE LLC,SHJ,Clinic,Sharjah,,(06)5741444
MIDDLE EAST MEDICAL CENTER,SHJ,Clinic,Sharjah,,(06)5757323
MINAL SPECIALISED CLINIC DERMATOLOGY (ALSO KNOWN AS MINAL MEDICAL CLINIC),SHJ,Clinic,Sharjah,,(06)5749610
MULK PHYSIOTHERAPY & HOME HEALTH CARE ( EX MULK PHYSIOTHERAPY CENTER),SHJ,Clinic,Sharjah,,(06)5253756
MY FAMILY MEDICAL CENTER,SHJ,Clinic,Sharjah,,(06)5565670
NAJM AL RAHA MEDICAL CENTER L.L.C,SHJ,Clinic,Sharjah,,(05)04307722
NANDA MEDICAL CENTER,SHJ,Clinic,Sharjah,,(06)5346522
NATHANI MEDICAL CENTRE,SHJ,Clinic,Sharjah,,(06)5686200
NEW CENTRAL POLYCLINIC,SHJ,Clinic,Sharjah,,(06)5353858
NEW LIFE MEDICAL CENTRE,SHJ,Clinic,Sharjah,,(06)5773551
NEW MEDICAL CENTRE (NMC GROUP),SHJ,Clinic,Sharjah,,(06)5758000
NEW SUNNY MEDICAL CENTRE LLC (NMC GROUP) ( EX NEW DR. SUNNY MEDICAL,SHJ,Clinic,Sharjah,,(06)5639966
CENTRE (DR. SUNNY'S GROUP) NEW ZULEKHA MEDICAL CENTRE (ZULEKHA MEDICAL CENTER AL QUSAIS GROUP),SHJ,Clinic,Sharjah,,(06)8828486
NEWYORK MEDICAL CENTRE,SHJ,Clinic,Sharjah,,(06)5223887
NOBEL MEDICAL CENTER (RE-INSTATEMENT WEF. 01.09.15),SHJ,Clinic,Sharjah,,(06)5446500
NETWORK TIER COMPREHENSIVE COMPREHENSIVE EXCL. AHD GENERAL NOOR AL FAJR MEDICAL CENTRE,SHJ,Clinic,Sharjah,,(06)5563711
NOOR AL MADINA MEDICAL CENTRE,SHJ,Clinic,Sharjah,,(06)5358605
ORIANA HOSPITAL CLINICS,SHJ,Clinic,Sharjah,,(06)5556600
OXYGEN MEDICAL CENTER (OXYGEN GROUP),SHJ,Clinic,Sharjah,,(06)5544485
PERFECT MEDICAL CENTRE,SHJ,Clinic,Sharjah,,(06)5630009
PREMIER MEDICAL CENTRE LLC,SHJ,Clinic,Sharjah,,(06)5616188
PRIME MEDICAL CENTER AL NAHDA (PRIME GROUP),SHJ,Clinic,Sharjah,,(06)5251800
PRIME MEDICAL CENTRE AL QASIMIA (ALSO KNOWN AS PRIME MEDICAL CENTRE & ONE DAY SURGICAL HOSPITAL (FORMERLY KNOWN AS PRIME MEDICAL CENTRE) (PRIME,SHJ,Clinic,Sharjah,,(06)5752200
GROUP) PRIME SPECIALIST MEDICAL CENTRE(PRIME GROUP),SHJ,Clinic,Sharjah,,(06)5752200
RAVI MEDICAL CENTRE LLC,SHJ,Clinic,Sharjah,,(06)5437455
REEM AL BAWADI MEDICAL & DIAGNOSTIC CENTER,SHJ,Clinic,Sharjah,,(06)5671707
REEM SPECIALISTS MEDICAL CENTRE (AL CHEMIST HEALTHCARE LLC ),SHJ,Clinic,Sharjah,,(06)5625422
RIAZ MEDICAL CENTRE,SHJ,Clinic,Sharjah,,(06)5583351
RIGHT MEDICAL CENTRE (FORMERLY KNOWN AS OMRAN MEDICAL CENTRE),SHJ,Clinic,Sharjah,,(06)5551575
RUKIN AL SHIFAA MEDICAL CENTRE,SHJ,Clinic,Sharjah,,(06)5740800
SABAH ALNOOR MEDICAL CENTER ( EX AL TAIF MEDICAL CENTRE) (ABEER AL NOOR,SHJ,Clinic,Sharjah,,(06)5558441
GROUP) SAHARA MEDICAL CENTRE LLC,SHJ,Clinic,Sharjah,,(06)5318887
SAIF ZONE MEDICAL CENTRE FZC,SHJ,Clinic,Sharjah,,(06)5578471
SALIM MEDICAL CENTRE LLC,SHJ,Clinic,Sharjah,,(06)5236000
SAMA AL ROLLA MEDICAL CENTRE,SHJ,Clinic,Sharjah,,(06)65622173
SAMNAN MEDICAL CENTRE,SHJ,Clinic,Sharjah,,(06)5663500
SANA HABIB MEDICAL CENTRE,SHJ,Clinic,Sharjah,,(06)5396566
SARA MEDICAL CENTRE,SHJ,Clinic,Sharjah,,(06)5568888
SCOTTISH MEDICAL CENTER,SHJ,Clinic,Sharjah,,(06)5737888
NETWORK TIER COMPREHENSIVE COMPREHENSIVE EXCL. AHD GENERAL SHAMAAL AL AHALIA MEDICAL CENTRE (AHALIA GROUP),SHJ,Clinic,Sharjah,,(06)5744529
SHANTI MEDICAL CENTRE (FORMERLY KNOWN AS DR. SHANTHI MEDICAL CENTRE),SHJ,Clinic,Sharjah,,(06)5558991
SHARJAH AIRPORT MEDICAL CENTER,SHJ,Clinic,Sharjah,,(06)5084903
SHARJAH INTERNATIONAL HOLISTIC HEALTH CARE,SHJ,Clinic,Sharjah,,(06)5720088
SHIYAS & IFTHIKAR MEDICAL CENTER (EX NAHAR MAMPILLY MEDICAL CENTRE),SHJ,Clinic,Sharjah,,(06)5668745
SIYAD SPECIALIST MEDICAL CENTRE,SHJ,Clinic,Sharjah,,(06)5358305
SPECIALISED MEDICAL CENTRE,SHJ,Clinic,Sharjah,,(06)5736800
SUNNY AL BUHAIRA MEDICAL CENTRE LLC ( NMC GROUP) ( EX SUNNY AL BUHAIRA,SHJ,Clinic,Sharjah,,(06)5566689
MEDICAL CENTRE SUNNY AL NAHDA MEDICAL CENTRE LLC ( NMC GROUP) ( EX SUNNY AL NAHDA,SHJ,Clinic,Sharjah,,(06)5305252
MEDICAL CENTRE (DR. SUNNY'S GROUP) SUNNY HALWAN SPECIALITY MEDICAL CENTRE LLC (NMC GROUP),SHJ,Clinic,Sharjah,,(06)5061666
SUNNY MAYSLOON SPECIALITY MEDICAL CENTRE LLC (NMC GROUP),SHJ,Clinic,Sharjah,,(06)5014777
SUNNY MEDICAL CENTRE LLC (NMC GROUP) ( EX DR. SUNNY MEDICAL CENTRE,SHJ,Clinic,Sharjah,,(06)5388966
SUNNY SHARQAN MEDICAL CENTRE LLC (NMC GROUP),SHJ,Clinic,Sharjah,,(06)5667996
SUNNY SPECIALITY MEDICAL CENTRE LLC (NMC GROUP) ( EX SUNNY SPECIALITY,SHJ,Clinic,Sharjah,,(06)5688707
MEDICAL CENTRE (DR. SUNNY'S GROUP) SUNRISE MEDICAL CENTRE LLC,SHJ,Clinic,Sharjah,,(06)5757003
THUMBAY CLINIC LLC 1 (THUMBAY GROUP),SHJ,Clinic,Sharjah,,(09)2773337
THUMBAY CLINIC LLC BRANCH 1 (THUMBAY GROUP),SHJ,Clinic,Sharjah,,(06)65212277
THUMBAY MEDICAL & DENTAL SPECIALITY CENTRE ( EX GMC MEDICAL & DENTAL SPECIALITY CENTRE (GULF MEDICAL COLLEGE HOSPITAL & RESEARCH CENTRE (L.L.C.),SHJ,Clinic,Sharjah,,(06)5358111
GROUP - AJMAN) (THUMBAY GROUP) UNICARE MEDICAL CENTRE,SHJ,Clinic,Sharjah,,(06)5630313
VENNIYIL CLINIC,SHJ,Clinic,Sharjah,,(06)5682258
YAS MEDICAL CENTER LLC,SHJ,Clinic,Sharjah,,(06)5361258
AHLAN MEDICAL CENTER,SHJ,Dental,Sharjah,,(06)5305882
AL DALIL MEDICAL CENTER,SHJ,Dental,Sharjah,,(06)5236566
NETWORK TIER COMPREHENSIVE COMPREHENSIVE EXCL. AHD GENERAL AL DAWLI DENTAL CENTRE,SHJ,Dental,Sharjah,,(06)5257711
AL ENAYA & AL JAMAL MEDICAL CENTER,SHJ,Dental,Sharjah,,(06)5252700
AL FAIHA MEDICAL CENTER,SHJ,Dental,Sharjah,,(06)5544420
AL MALIKY DENTAL CLINIC,SHJ,Dental,Sharjah,,(06)5388205
AL MUSTAQBAL DENTAL CLINIC,SHJ,Dental,Sharjah,,(06)5566130
AL WAHA MEDICAL CENTRE,SHJ,Dental,Sharjah,,(06)5654542
ALAFDAL DENTAL CLINIC,SHJ,Dental,Sharjah,,(06)5623409
ANNIE DENTAL CLINIC,SHJ,Dental,Sharjah,,(06)5594454
BASMAT AL HAYAT DENTAL CLINIC,SHJ,Dental,Sharjah,,(06)5655336
COSMO FRENCH MEDICAL CENTRE LLC ( EX FRENCH CENTRE OF DENTAL IMPLANT,SHJ,Dental,Sharjah,,(06)5722555
DALLAS MEDICAL CENTRE,SHJ,Dental,Sharjah,,(06)5627778
DAMAS MEDICAL CENTRE,SHJ,Dental,Sharjah,,(06)5566411
DR. NEMAT ABDUL MONEN DENTAL CLINIC,SHJ,Dental,Sharjah,,(06)5721052
DR. SAMIR MURAD MEDICAL CENTER,SHJ,Dental,Sharjah,,(06)5742434
DR.TALAL AL ASKARI MEDICAL CENTER (EX AL WAHDA DENTAL CLINIC),SHJ,Dental,Sharjah,,(06)5266099
EUROPEAN DENTAL MEDICAL CENTER LLC,SHJ,Dental,Sharjah,,(06)5529366
FIRST CARE DENTAL CLINIC,SHJ,Dental,Sharjah,,(06)5366955
GERMAN MEDICAL OASIS (FORMERLY KNOWN AS AMAL DENTAL CLINIC),SHJ,Dental,Sharjah,,(06)5565564
GERMAN PEARL DENTAL CLINIC,SHJ,Dental,Sharjah,,(06)5755114
KEDAR DENTAL CENTRE,SHJ,Dental,Sharjah,,(06)5544001
MARIAM DENTAL CENTRE LLC,SHJ,Dental,Sharjah,,(06)5739899
SOLANKI DENTAL CENTER,SHJ,Dental,Sharjah,,(06)5616556
SUNNY DENTAL CENTRE LLC (NMC GROUP) ( EX SUNNY DENTAL CENTRE (DR. SUNNY'S,SHJ,Dental,Sharjah,,(06)5738300
GROUP) TEBA DENTAL CLINIC,SHJ,Dental,Sharjah,,(06)5551581
NETWORK TIER COMPREHENSIVE COMPREHENSIVE EXCL. AHD GENERAL ONE DAY SURGERY AL SAHA WA AL SHIFAA ONE DAY SURGERY HOSPITAL (EX AL SAHA WA AL SHIFAA CENTRE SPECIALIST CLINIC COMPLEX ONE DAY SURGERY CENTRE ONE DAY SURGERY CENTRE ONE DAY SURGERY CENTRE ONE DAY SURGERY CENTRE ONE DAY SURGERY CENTRE ONE DAY SURGERY CENTRE NETWORK TIER COMPREHENSIVE COMPREHENSIVE EXCL. AHD GENERAL ONE DAY SURGERY CENTRE ONE DAY SURGERY W. WILSON SPECIALISED HOSPITAL (FORMERLY KNOWN AS W. WILSON HEALTH CENTRE CENTRE) AL JABER OPTICAL CENTRE LLC (AL JABER GROUP),SHJ,Optical,Sharjah,,(06)5315445
AL JABER OPTICAL CENTRE LLC (AL JABER GROUP),SHJ,Optical,Sharjah,,(06)5335424
AL ROUAYA AL WADEHA OPTICS LLC,SHJ,Optical,Sharjah,,(06)5622523
BARAKAT OPTICAL (BARAKAT GROUP),SHJ,Optical,Sharjah,,(04)3954008
DELMA OPTICALS,SHJ,Optical,Sharjah,,(06)5640653
DUBAI OPTICAL (DUBAI OPTICAL GROUP),SHJ,Optical,Sharjah,,(06)5743132
EXCEL ENTERPRISES LLC BR2 ( RIVOLI GROUP),SHJ,Optical,Sharjah,,(06)5306403
EXCEL ENTERPRISES LLC SHJ.BR / BR 1 ( RIVOLI GROUP),SHJ,Optical,Sharjah,,(06)5753294
GRAND OPTICS BR1 (GRAND OPTICS GROUP),SHJ,Optical,Sharjah,,(06)5332029
GRAND OPTICS BR1 (GRAND OPTICS GROUP),SHJ,Optical,Sharjah,,(06)5319940
GRAND OPTICS- LLC. BR 1 (GRAND OPTICS GROUP),SHJ,Optical,Sharjah,,(06)5319940
GRAND OPTICS- LLC. BR 2 (GRAND OPTICS GROUP),SHJ,Optical,Sharjah,,(06)5528014
GRAND OPTICS- LLC. BR 4 (GRAND OPTICS GROUP),SHJ,Optical,Sharjah,,(06)5239920
MAGRABI OPTICAL CO. LLC (MAGRABI GROUP),SHJ,Optical,Sharjah,,(06)5744012
MAGRABI OPTICAL - SHARJAH CITY CENTER (MAGRABI GROUP),SHJ,Optical,Sharjah,,(06)5257275
OPTIC CENTRE (GRAND OPTICS GROUP),SHJ,Optical,Sharjah,,(06)5740559
OPTIC CENTRE (GRAND OPTICS GROUP),SHJ,Optical,Sharjah,,(06)5625051
OPTIC CENTRE (GRAND OPTICS GROUP),SHJ,Optical,Sharjah,,(06)5663323
OPTIC CENTRE LLC (GRAND OPTICS GROUP),SHJ,Optical,Sharjah,,(06)5631545
OPTX TWENTY TWENTY LLC (AL JABER GROUP),SHJ,Optical,Sharjah,,(06)5303357
SUN VISION OPTICL TR. (DUBAI OPTICAL GROUP),SHJ,Optical,Sharjah,,(06)5751105
VISIOIN CARE OPTICALS L.L.C. SHJ BR,SHJ,Optical,Sharjah,,(06)3242455
YATEEM OPTICIAN AL FARDAN (YATEEM GROUP),SHJ,Optical,Sharjah,,(06)5562677
NETWORK TIER COMPREHENSIVE COMPREHENSIVE EXCL. AHD GENERAL YATEEM OPTICIAN SAHARA CENTRE (YATEEM GROUP),SHJ,Optical,Sharjah,,(06)5300605
