PROVIDER NAME,EMIRATE,PROVIDER TYPE,AREA,ADDRESS,TELEPHONE,SPECIALITY
SEHA EMIRATES HOSPITAL,AUH,HOSPITAL,ABU DHABI,AL LEDEEM STREET,02-4438999,GENERAL PRACTICE
***LIFECARE HOSPITAL,AUH,HOSPITAL,ABU DHABI,"BANIYAS STREET, WATHBA, GATE NO. 6 AL RAHA VILLAGE",02-5856333,MULTI-SPECIALITY
NMC SPECIALTY HOSPITAL,AUH,HOSPITAL,ABU DHABI,"ELECTRA STREET, AL KAMAL TOWERS",02-6332255,MULTI-SPECIALITY
***LLH HOSPITAL L.L.C./MF1954 (FORM LIFELINE HOSPITAL),AUH,HOSPITAL,ABU DHABI,"ELECTRA STREET, AL MARWA BUILDING",02-6335522,MULTI-SPECIALITY
AHALIA HOSPITAL,AUH,HOSPITAL,ABU DHABI,"HAMDAN STREET, OPPOSITE BANK OF BARODA.",02-6262666,MULTI-SPECIALITY
AL SALAMA HOSPITAL,AUH,HOSPITAL,ABU DHABI,"HAMDAN STREET, TOURIST CLUB AREA",02-6711220,MULTI-SPECIALITY
AL AHLIA HOSPITAL LLC - MUSAFFA BRANCH / MF3107,AUH,HOSPITAL,ABU DHABI,MASSAFAH,02-8119119,MULTI-SPECIALITY
***LLH HOSPITAL AL MUSAFFAH LLC,AUH,HOSPITAL,ABU DHABI,"MUSSAFAH, ALI KAHBOUS AL ZAABI",02-5557711,MULTI-SPECIALITY
ALMAZROUI MEDICAL CENTER ONE DAY SURGERY LLC-MF1327- ABU DHABI,AUH,HOSPITAL,ABU DHABI,"Najda Street ,Al Mazroui Building,Abu Dhabi",02-6723232,MULTI-SPECIALITY
BURJEEL FARHA HOSPITAL L.L.C. (formerly MEDEOR 24X7 INTERNATIONAL HOSPITAL L.L.C.),AUH,HOSPITAL,AL AIN,"ASHAREJ COMMERICAL & RESIDENTIAL CENTER, BIDA BIN AMMAR, ASHAREJ, AL AIN CITY",03-7099000,MULTI-SPECIALITY
"HEART BEAT MEDICAL CENTER & ONE DAY SURGERY L.L.C., AL MUSHARRAF (CONSULTANT MEDICAL CENTER)",AUH,HOSPITAL,AL MUSHARRAF,"SHEIKH RASHID BIN SAEED ST MUSHARRAF AREA, ABU DHABI.",02-4449494,MULTI-SPECIALITY
***SPECIALISED MEDICAL CARE HOSPITAL,AUH,HOSPITAL,ALAIN,"AL JAHLI STREET, NEAR AL AIN MUESUM",03-7552291,MULTI-SPECIALITY
EMIRATES INTERNATIONAL HOSPITAL,AUH,HOSPITAL,ALAIN,"CELEBRATIONS GROUNDS, AL KHABEESI",03-7637777,MULTI-SPECIALITY
***NMC SPECIALITY HOSPITAL,AUH,HOSPITAL,ALAIN,"OUD AL HASAN STREET , AL MUTAREDH AREA",03-7555999,MULTI-SPECIALITY
MEDEOR 24X7 HOSPITAL LLC,AUH,HOSPITAL,MADINAT ZAYED,"MUROOR ROAD, OPP EMPOST, MADINAT ZAYED AREA",02-6900600,MULTI-SPECIALITY
***LIFECARE HOSPITAL LLC-BRANCH 1-LIFELINE GROUP/MF2420,AUH,HOSPITAL,MUSAFFAH,MUSAFFAH,02-5566666,GENERAL PRACTICE
PHOENIX HOSPITAL LLC (prev. AL BUSTAN SPECIALTY HOSPITAL AUH AHALIA GROUP),AUH,HOSPITAL,MUSSAFAH,PLOT 1 SHABIA 10 MUSSAFAH,02-6151515,MULTI-SPECIALITY
***AL DANNAH HOSPITAL (prev. RUWAIS HOSPITAL),AUH,HOSPITAL,WESTERN REGION,RUWAIS,8007267,MULTI-SPECIALITY
AMINA HOSPITAL LLC (Excluding Dr. Naim Satme and Dr. Sohair Mohammed El Ameen Ibrahim Ali),AJM,HOSPITAL,AJMAN,"NEAR EMIRATES NBD BANK, AL QUDS STREET",06-7114444,MULTI-SPECIALITY
SAUDI GERMAN HOSPITAL AJMAN- SGH GROUP,AJM,HOSPITAL,AL TALLAH REGION,SHEIKH AMMAR BIN HUMAID STREET,06-7161040,MULTI-SPECIALITY
ASTER HOSPITAL BR OF ASTER DM HEALTHCARE - AL QUSAIS - DUBAI ( ATSER GROUP ),DXB,HOSPITAL,AL QUSAIS,"A9 STREET , MUHAISNAH 4 STREET ,ASTER HOSPITAL BUILDING , AL QUSAIS INDUSTRIAL AREA 2 , AL QUSAIS",04-3766888,MULTI-SPECIALITY
MEDEOR 24 X 7 HOSPITAL LLC,DXB,HOSPITAL,BUR DUBAI,"EMBASSY DISTRICT, UMM HURAIR-1, SHEIKH KHALIFA BIN ZAYED STREET, (D 88)",04-3500600,"OBSTETRICS/GYNECOLOGY, FAMILY PRACTICE, DENTAL"
ASTER DAY SURGERY CENTRE LLC-DM HEALTHCARE BR OF ASTER HOSPITAL DUBAI,DXB,HOSPITAL,BUR DUBAI,"KUWAIT ROAD, AL MANKHOOL AREA, AL RAFFA BUR DUBAI",04-4400500,MULTI-SPECIALITY
BELHOUL SPECIALITY HOSPITAL,DXB,HOSPITAL,DEIRA,"AL BARAHA AREA, NEAR JESCO",04-2733333,MULTI-SPECIALITY
NMC ROYAL HOSPITAL LLC-DIP,DXB,HOSPITAL,DUBAI INVESTMENT PARK,DUBAI INVESTMENT PARK,04-8108800,MULTI-SPECIALITY
CEDARS JEBEL ALI INTERNATIONAL HOSPITAL - ASTER GROUP,DXB,HOSPITAL,JEBEL ALI,"JEBEL ALI ROAD, NEXT TO DUGAS",04-4400500,MULTI-SPECIALITY
BELHOUL EUROPEAN HOSPITAL,DXB,HOSPITAL,JUMEIRAH,"AL DIYAFAH STREET, DUNE CENTER BUILDING",04-3454000,MULTI-SPECIALITY
ASTER HOSPITAL BR OF ASTER DM HEALTHCARE,DXB,HOSPITAL,MANKHOOL,"AL RAFA STREET, MANKHOOL",04-4400500,"GS, OBSTETRICS/GYNECOLOGY, PD, DR"
NMC SPECIALITY HOSPITAL,DXB,HOSPITAL,QUSAIS,"AL NADHA ROAD , NADHA 2, BEHIND SAHARA CENTER",04-2679999,MULTI-SPECIALITY
IRANIAN HOSPITAL,DXB,HOSPITAL,SATWA,"AL WASL ROAD, JUMERIAH 1",04-4046752,MULTI-SPECIALITY
AL SHARQ INTERNATIONAL HOSPITAL,FUJ,HOSPITAL,FUJAIRAH,FASEEL ROAD,09-2249999,MULTI-SPECIALITY
RAK HOSPITAL,RAK,HOSPITAL,RAS AL KHAIMAH,"AL QUSAIDAT, RAK HOSPITAL",07-2074444,MULTI-SPECIALITY
"BURJEEL SPECIALTY HOSPITAL LLC, SHARJAH (VPS GROUP)",SHJ,HOSPITAL,Al FAYHA,"Al FAYHA, NEAR ALFAYHA PARK ,SHARJAH.",06-5075510,MULTI-SPECIALITY
SHARJAH CORNICHE HOSPITAL,SHJ,HOSPITAL,BUHAIRAH,"CORNICHE STREET, AL BUHAIRAH",06-5751222,MULTI-SPECIALITY
CENTRAL HOSPITAL LLC,SHJ,HOSPITAL,MAYSALOON,"AL ZAHRA STREET , OPPOSITE TO AL ZAHRA HOSPITAL",06-5639900,MULTI-SPECIALITY
"AL SAHA WA AL SHIFAA ONE DAY SURGERY HOSPITAL, SHARJAH (AL SAHA WA AL SHIFA GROUP)",SHJ,HOSPITAL,ROLLA,"3RD FLOOR, ROLLA MALL, ROLLA, SHARJAH, UAE",06-5632618,MULTI-SPECIALITY
EMIRATES EUROPEAN HOSPITAL LLC ONE DAY SURGERY,SHJ,HOSPITAL,SHARJAH,"AL QULAYA, ALROUBA STREET, ROLLA",06-5619444,MULTI-SPECIALITY
"SAUDI GERMAN HOSPITAL SHJ BR, SHARJAH (Br. of SGH)",SHJ,HOSPITAL,SHARJAH,Al Qulayaa Area; Intersection of Al Sharq Road with Sheikh Mohd Bin Saqr Al Qasimi (Opposite Al Quds Mosque),8002211,MULTI-SPECIALITY
ORIANA HOSPITAL,SHJ,HOSPITAL,AL TAAWUN,AL TAAWUN STREET,06-5251000,MULTI-SPECIALITY
"ORIANA SPECIALITY HOSPITAL L.L.C, SHARJAH (ORIANA HOSPITAL)",SHJ,HOSPITAL,AL TAAWUN,"PULLMAN HOTEL, AL TAAWUN STREET, SHARJAH",06-5918888,MULTI-SPECIALITY
MILLENNIUM HOSPITAL L.L.C (AHALIA GROUP),AUH,HOSPITAL,MUSSAFAH,"ME 9 , BEHIND SAFEER MALL, MUSSAFAH, ABU DHABI",02-6113333,MULTI-SPECIALITY
"ASTER HOSPITAL SONAPUR LLC, MUHAISANAH (DM HEALTHCARE)",DXB,HOSPITAL,MANKHOOL,"Aster Hospital, Muhaisnah Algeria Street, Muhaisnah, Sonapur",04-4400500,MULTI-SPECIALITY
AL TADAWI SPECIALTY HOSPITAL L.L.C.,DXB,HOSPITAL,Umm Ramool,"NEAR RTA HQ, UMM RAMOOL ROAD, AL GARHOUD",04 2309999,MULTI-SPECIALITY
N M C HOSPITAL BR OF NMC ROYAL HOSPITAL LLC-DIP BLUE,DXB,HOSPITAL,DIP 1,"PLOT NO 598-639, IN FRONT OF GREEN COMMUNITY, NEAR EMICOOL HEAD OFFICE, DIP 1",04-8019129,MULTI-SPECIALITY
ASTER HOSPITAL - SHARJAH,SHJ,HOSPITAL,SHARJAH,"BEHIND MEGA MALL, AL BU DANIQ, SHARJAH",04-4400500,MULTI-SPECIALITY
IBN SINA MEDICAL CENTRE- BRANCH1-ABU DHABI/ MF4834 - IBN SINA MEDICAL CENTER,AUH,CLINIC,ABU DHABI,"ALREEF VILAS, ALREEF AREA",02-6739001,FAMILY MEDICINE
ADAM & EVE SPECIALIZED MEDICAL CENTRE LLC,AUH,CLINIC,ABU DHABI,"1ST FLOOR, AL OTAIBA BUILDING, ELECTRA STREET",02-6767366,GENERAL PRACTICE
"NEW LOOK MEDICAL CENTER L.L.C, ABU DHABI (NEW LOOK MEDICAL CENTER GRP)",AUH,CLINIC,ABU DHABI,ABU DHABI - Al Muroor Street,02-6333361,"GP, DENTAL"
TOP CARE MEDICAL CENTER,AUH,CLINIC,ABU DHABI,"Al Eskan AL Jamae Building, Shops no. R023, R024,R025 – Ground Floor, Mussafah Industrial Area, Abu Dhabi-UAE",02-5500620,GENERAL PRACTICE
ELYZEE DAY SURGERY MEDICAL CENTER LLC-MF3577,AUH,CLINIC,ABU DHABI,"AL BATEEN, KING ABDULLA BIN ABDULAZIZ AL SAUD STREET",02-5664222,"GENERAL PHYSICIAN, DENTISTRY"
NEW NATIONAL MEDICAL CENTRE-BRANCH1-NATIONAL HOSPITAL/MF3744,AUH,CLINIC,ABU DHABI,"AL MASAWOOD VILLAGE, HAMEEM CAMP",02-6711000,GENERAL PRACTICE
OXFORD MEDICAL CENTRE,AUH,CLINIC,ABU DHABI,AL MUROOR ROAD,02-4489666,MULTI-SPECIALITY
WELL HEALTH MEDICAL CENTER L.L.C - ABU DHABI - MF313,AUH,CLINIC,ABU DHABI,"AL NAHYAN CAMP, 43 AL HADBAH ST. ABU DHABI.",02-6429393,"GENERAL PRACTICE, OBSTETRICS & GYNECOLOGY, DERMATOLOGY"
EXTRA CARE MEDICAL CENTRE L.L.C - ABU DHABI - MF3621,AUH,CLINIC,ABU DHABI,"AL NAJDA STREET, NAHEL TOWER,NBO BUILDING,ABU DHABI",02-6344922,"GP, GENERAL DENTISTRY"
AMRITA MEDICAL CENTRE- ABU DHABI- MF1124,AUH,CLINIC,ABU DHABI,AL NASR STREET,02-6661555,MULTI-SPECIALITY
CLARION MEDICAL CENTER-MF5068,AUH,CLINIC,ABU DHABI,"BACKSIDE OF CHOITHRAMS, CLARION MEDICAL CENTER BUILDING, M1, AL KHALIDIYA, 3RD STREET",02-6666675,"GENERAL PHYSICIAN, DENTISTRY"
"NEW LOOK MEDICAL CENTER L.L.C - BRANCH 4, ABU DHABI (NEW LOOK MEDICAL CENTER GRP)",AUH,CLINIC,ABU DHABI,"BANIYAS EAST 11, ABU DHABI, UAE",02-5500603,"GP, DENTAL"
AL SALAMA ONE DAY SURGERY CENTER-AL SALAMA GROUP/MF2398,AUH,CLINIC,ABU DHABI,"BANIYAS EAST 43, ABU DHABI",02-5047900,GENERAL PRACTICE
EASTERN AHALIA MEDICAL CENTRE,AUH,CLINIC,ABU DHABI,"BANIYAS WEST, AL MAFRAQ, WORKERS CITY 2",02-5856005,GENERAL PRACTICE
STAR MEDICAL CENTER L.L.C - ABU DHABI - MF578,AUH,CLINIC,ABU DHABI,"BESTO HYPERMARKET BUILDING, ELECTRA STREET, FLOOR(203(, ABU DHABI",02-6661003,"GP, GENERAL DENTISTRY"
STAR MEDICAL CENTRE - BRANCH 1 - ABU DHABI - MF3569,AUH,CLINIC,ABU DHABI,"BESTO HYPERMARKET BUILDING, ELECTRA STREET, FLOOR(203(, ABU DHABI",02-6661004,"GP, GENERAL DENTISTRY"
IBN AL NAFIS MEDICAL CENTRE,AUH,CLINIC,ABU DHABI,"BIN SAGAR TOWER, FATIMA BINT MUBARAK ST",02-6324200,GENERAL PRACTICE
AMERICAN EUROPEAN MEDICAL CENTER LLC - MF1913,AUH,CLINIC,ABU DHABI,"BUILDING 196, 1ST FLOOR, OPPOSITE AL HILAL BANK, NEAR TO MARLIN FURNITURE, AIRPORT ROAD",02-4455477,MULTI-SPECIALITY
PRINCE MEDICAL CENTRE ONE DAY SURGERY,AUH,CLINIC,ABU DHABI,"DEFENSE ROOAD, HAZAA BIN ZAYED STREET",02-6415533,"GENERAL PRACTITIONER CLINIC,GYNECOLOGY AND OBSTETRICS,UROLOGY"
QUALITY CARE MEDICAL CENTER LLC -ABU DHABI / MF1011,AUH,CLINIC,ABU DHABI,"EMIRATES ISLAMIC BANK BUILDING, LIWA STREET CORNER, CORNICHE STREET",02-6260600,MULTI-SPECIALITY
"HEALTH TIME MEDICAL CENTER, ABU DHABI",AUH,CLINIC,ABU DHABI,F2C4ALMAFRAQ CHINA CAMP BEHIND PARCO MALL BANIYAS.,02-5554006,INTERNAL MEDICINE
GOLDEN HEALTH MEDICAL CENTER - MF4684,AUH,CLINIC,ABU DHABI,"GOLDEN HEALTH MEDICAL CENTER, HAMEEM ROAD, AL SALAM LIVING CITY, ABU DHABI.",02-5855552,"GENERAL PRACTITIONER, INTERNAL MEDICINE, UROLOGY"
NMC ROYAL FAMILY MEDICAL CENTRE L.L.C. - ABU DHABI - NMC GROUP/MF3335,AUH,CLINIC,ABU DHABI,"GROUND FLOOR, PRESTIGE TOWER, MOHAMMED BIN ZAYED CITY NEAR CAPITAL MALL",02-6911500,MULTI-SPECIALITY
"AL AMAL MEDICAL CENTRE LLC, ABU DHABI",AUH,CLINIC,ABU DHABI,HAMD MUBARAK HAMD BLDG. 1ST FLOOR.,02-5832331,MULTI-SPECIALITY
CHARISMA MEDICAL CENTER L.L.C - ABU DHABI -(AL BUROOJ MEDICAL CENTER LLC),AUH,CLINIC,ABU DHABI,"HAMDAN STREET, NEAR AL SHUROOQ HOTEL AND AL MUSSAFAH ELECTRIC BAKERY, ZIANI AREA, ABU DHABI",02-6775775,GENERAL PRACTIONAR
AL WAHDA MEDICAL CENTER,AUH,CLINIC,ABU DHABI,"HAZZAA BIN ZAYED STREET, OPPOSITE AL NAHDA MALL",02-6418383,"GENERAL PRACTICE, PEDIATRICS"
AL DHAFRA MODERN CLINIC,AUH,CLINIC,ABU DHABI,"INDUSTRIAL AREA, MADINAT ZAYED",02-8846651,GENERAL PRACTICE
DOCTOR ATIQUR RAHMAN POLYCLINIC,AUH,CLINIC,ABU DHABI,"MADINA ZAYED, BEHIND ABUDHABI CENTRAL POST OFFICE",02-6398331,"GENERAL PRACTICE, DERMATOLOGY"
"LIFECARE CLINIC LLC, AL MAFRAQ WORKERS CITY 2 (VPS GROUP)",AUH,CLINIC,ABU DHABI,"MAGENTA PEARL VILLAGE, AL MAFRAQ WORKERS CITY 2, ABU DHABI",02-5824916,GENERAL PRACTIONAR
NOOR ALAHLI MEDICAL CENTER - BRANCH 6-MF5121-AHALIA GROUP,AUH,CLINIC,ABU DHABI,"Marfa Souq, Opposite Abu Saeed Mosque, Mirfa, Al Dhafrah Region, Abu Dhabi, UAE",02-8833020,GENERAL PRACTICE
PESHAWAR MEDICAL CENTRE,AUH,CLINIC,ABU DHABI,"ME# 40 SANAIYA, MUSAFFAH",02-5508987,GENERAL PRACTICE
ADVANCED CENTER FOR DAYCARE SURGERY L.L.C,AUH,CLINIC,ABU DHABI,"MEZZANINE FLOOR, JASMINE TOWER BUILDING BESIDE RAK BANK, AIRPORT ROAD",02-6227700,MULTI-SPECIALITY
WESTERN TOWERS AL AHLIA MEDICAL CENTRE- ABUDHABI- MF4695 (AL AHLIA GROUP),AUH,CLINIC,ABU DHABI,"NEAR AL MAYA SUPER MARKET SANAYA, BEDA ZAYED",02-8840522,GENERAL PHYSICIAN
STAR AL AHALIA MEDICAL CENTER L.L.C- MF4729-AHALIA GROUP,AUH,CLINIC,ABU DHABI,"Near Gayathi Market, Gayathi City ; Building No. C76",02-8744677,GENERAL PRACTICE
SHAHEEN MEDICAL CENTER - ABU DHABI / MF1012,AUH,CLINIC,ABU DHABI,"NEAR IRANIAN SCHOOL , AL FALAH STREET , BUILDING 50 , AL DAFRAH , ABU DHABI",02-6411345,GENERAL PRACTICE
TALAT MEDICAL CENTER NEW AL MUSAFFAH,AUH,CLINIC,ABU DHABI,"NEAR TAXAS GIFT CENTER, ME-12 SHAHBIYA , MUSAFFAH",02-5527100,GENERAL PRACTICE
TALAT MEDICAL CENTRE,AUH,CLINIC,ABU DHABI,"OLD PASSPORT ROAD, ABU DHABI",02-6426545,GENERAL PRACTICE
TAHA DENTAL & MEDICAL CENTRE,AUH,CLINIC,ABU DHABI,"OLD PASSPORT ROAD, OPP. FATIMA SUPERMARKET BUILDING",02-6343438,MULTI-SPECIALITY
"LIFECARE MEDICAL CENTER LLC, RAZEEN (VPS GROUP)",AUH,CLINIC,ABU DHABI,"RAZEEN, AL WATHBA, ABU DHABI",02-5826812,GENERAL PRACTIONAR
ABU SALMAN MEDICAL CENTRE,AUH,CLINIC,ABU DHABI,"SHABIYA KHALIFA MUSSAFAH SECTOR 10 ABU DHABI NEAR ISLAM ABAD PHARMACY AND UAE EXCHANGE.,",02-5522549,GENERAL PRACTICE
ANSARI MEDICAL CENTRE LLC,AUH,CLINIC,ABU DHABI,"SHAIKH MOHAMED BIN BUTTI AL HAMID BUILDING, AL NASER STREET, NEAR OLD FISH MARKET",02-6394139,MULTI-SPECIALITY
AL NASEEM MEDICALCENTRE L.L.C - ABU DHABI - MF113,AUH,CLINIC,ABU DHABI,"UNIQUE PHARMACY BUILDING,FLAT N0-102,BEHIND HOME CENTRE, HAMDAN STREET, ABUDHABI",02-6399090,Otho
FIRST GLOBAL CLINIC-SOLE PROPRIETORSHIP L.L.C-ABUDHABI-MF3901,AUH,CLINIC,ABU DHABI,"VILLA NO.215, ZAYED THE 1ST STREET, KHALIDIYA",02-6650015,GENERAL PRACTITIONER
"SPECTRUM MEDICAL CENTER - BRANCH 1, AL AIN",AUH,CLINIC,AL AIN,"Shobra Shoe Building, First Floor, Main Street Al Ain",03-7800778,MULTI-SPECIALITY
"ALBA SMILE MEDICAL CENTER - BRANCH 1, Al Ain (NEW MEDICAL CENTER GRP)",AUH,CLINIC,AL AIN,"AL AIN - ASHAREEJ AREA, AL JIMI",03-7673033,"GP, DENTAL"
"AL BALSAM MEDICAL CENTER, AL AIN (NEW LOOK MEDICAL CENTER GRP) - Temporary Closure",AUH,CLINIC,AL AIN,Al Ain- AL JIMI - beside of Al jawhara Dubai Islamic Bank.,03-7666233,"GP, DENTAL"
MODERN CENTER,AUH,CLINIC,AL AIN,"AL GABA STREET , ATLAS JEWELLY BUILDING",03-7664764,"GENERAL PRACTICE,PED"
"WLDY MEDICAL CENTER, AL AIN (NEW LOOK MEDICAL CENTER GRP)",AUH,CLINIC,AL AIN,Al JIMI AREA,03-7666626,"GP, DENTAL"
"LAURETTE MEDICAL CENTRE, AL AIN (NEW LOOK MEDICAL CENTER GRP)",AUH,CLINIC,AL AIN,"Al Mutared Distric, 16TH STREET.",03-7663660,"GP, DENTAL"
NEW MEDICAL CENTRE L.L.C - BRANCH OF ABU DHABI 2/MF3794 temporary closed,AUH,CLINIC,AL AIN,AL WADI TRADING CENTRE BLDG. NEAR DAMAN HEALTH,03-7044700,GENERAL PRACTICE
"ALBA SMILE MEDICAL CENTER - BRANCH, AL AIN (NEW LOOK MEDICAL CENTER GRP)",AUH,CLINIC,AL AIN,Al Waqan - Al Ain.,03-7222288,"GP, DENTAL"
"NEW LOOK MEDICAL CENTER L.L.C. - BRANCH 3, AL AIN (NEW LOOK MEDICAL CENTER GRP)",AUH,CLINIC,AL AIN,"AL YAHAR - NEAR ADNOC DISTRIBUTION STATION, AL AIN",03-7666722,"GP, DENTAL"
"NAZEK MEDICAL CENTER, AL AIN (NEW LOOK MEDICAL CENTER GRP)",AUH,CLINIC,AL AIN,"ASHAREEJ AREA, AL JIMI AL AIN",03-7550009,"GP, DENTAL"
"(Temporary Closed) ALBA SMILE MEDICAL CENTER, AL AIN (NEW LOOK MEDICAL CENTER GRP)",AUH,CLINIC,AL AIN,"BANIYAS EAST 11, ABU DHABI, UAE",03-7511197,"GP, DENTAL"
ULTRA MEDICAL CENTER - AL AIN - MF4235,AUH,CLINIC,AL AIN,"BESIDE AL JIMI MALL, BUILDING#20, P O BOX 101151, AL AIN.",03-7625552,MULTI-SPECIALITY
"AL HILAL MEDICAL CENTRE LLC, ABU DHABI",AUH,CLINIC,AL AIN,"Building of Heirs of Late Mohamed Hamad Al Hurr Al Suwaidi, Plot-250, Town Centre, Main Road.",03-7849290,GENERAL PRACTIONAR
ORTHOPLUS BONE AND JOINT CENTER-MF1397,AUH,CLINIC,AL AIN,"FLAT NO :201 & 203 AL FARDAN EXCHANGE BUILDING, TOWN CENTER, MAIN STREET, CENTRAL DISTRICT, AL AIN ? P.O.BOX ? 83143.",03-7800378,MULTI-SPECIALITY
"NEW LOOK MEDICAL CENTER L.L.C. - BRANCH 2, AL AIN (NEW MEDICAL CENTER GRP)",AUH,CLINIC,AL AIN,"FORNT OF SHEIK HAZZA STADIUM AREA, AL AIN",03-7636665,"GP, DENTAL"
HAMDAN MEDICAL CENTRE,AUH,CLINIC,AL AIN,"HILTON STREET, OPPSOITE LULUCENTER",03-7654797,"GENERAL PRACTICE,OBSTETRICS/GYNECOLOGY"
"NEW LOOK MEDICAL CENTER L.L.C. - BRANCH 1, AL AIN (NEW MEDICAL CENTER GR)",AUH,CLINIC,AL AIN,"INSIDE EXTRA MALL, AL AIN",03-7222393,"GP, DENTAL"
AL SULTAN ADVANCED POLY CLINIC,AUH,CLINIC,AL AIN,"KHALID BIN SULTAN STREET, KHALID BIN SULTAN STREET",03-7806111,GENERAL PRACTICE
AL RANEEN MEDICAL CENTER,AUH,CLINIC,AL AIN,"LUCKY PLAZA BULD, LUCKY PLAZA BULD",03-7655602,GENERAL PRACTICE
"AL BASHEER MEDICAL CENTRE L.L.C, ABU DHABI",AUH,CLINIC,Al Ain,"M2/ABOVE HAYAT CENTRE, MAIN STREET, SHEIKHA MARYAM BUILDING, AL AIN",03-7665561,GENERAL PRACTICE
"SUN MEDICAL CENTER L.L.C, AL AIN",AUH,CLINIC,AL AIN,"Mahmoud Al Baloushi Building, Street No 4, Sanaiya, Al Ain , U.A.E",03-7215434,"GP, INTERNAL MEDICINE"
EMIRATES INTERNATIONAL POLYCLINIC,AUH,CLINIC,AL AIN,"MAIN STREET, AL KHABEESI",03-7669888,"GENERAL PRACTICE,DENTIST"
EMIRATES CLINIC & MEDICAL SERVICE CENTRE,AUH,CLINIC,AL AIN,"MAIN STREET, NEAR AL MASSA HOTEL APT",03-7644744,GENERAL PRACTICE
"DHIYARA MEDICAL CENTER, AL AIN",AUH,CLINIC,AL AIN,"MAIN STREET, TOWN CENTER ABOVE AL SANAIYA PHARMACY",050-4931027,GP
MEDSTAR CLINICS SANAIYA ALAIN LLC-MF3643- MEDSTAR,AUH,CLINIC,AL AIN,"MEDSTAR CLINICS SANAIYA AL AIN LLC, TOWN CENTER",03-7621007,GENERAL PRACTITIONER
AL FARABI MEDICAL CLINIC,AUH,CLINIC,AL AIN,"OPP MEENA BAZAR, OPP MEENA BAZAR",03-7515383,GENERAL PRACTICE
"SUN MEDICAL CENTER LLC - BRANCH 1, AL AIN",AUH,CLINIC,AL AIN,"Sayed Al Utaibah Building, Al Ain, Street No 7, Sanaiya, U.A.E",03-7803177,"GP, INTERNAL MEDICINE"
ALAIN AL AHALIA MEDICAL CENTRE,AUH,CLINIC,AL AIN,"SHABIYA KHALIFA, EMC BUILDING ( VILLA)",03-7559990,"DENTIST , GENERAL PRACTICE"
MUBARAK MEDICAL CENTER,AUH,CLINIC,AL AIN,"ZAYED BIN SULTAN STREET (STREET # 137), CENTRAL DISTRICT, AL AIN LANDMARK",03-7642978,"GENERAL PRACTICE, PEDIATRIC, GYNECOLOGY, RADIOLOGY"
AL BADER MEDICAL CENTER-ABU DHABI-MF2127,AUH,CLINIC,AL AIN,"BLDG. 138, ADIB WOMEN'S BANKING, OUD AL TOUBA, AL AIN",03-7640001,GENERAL PRACTITIONER
AL MEENA MEDICAL CENTRE,AUH,CLINIC,AL AIN,MAIN STREET,03-7800762,"GDN, GENERAL PRACTICE, OBSTETRICS/GYNECOLOGY"
L L H OASIS MEDICAL CENTRE L.L.C.,AUH,CLINIC,AL BADAA,"BLOCK-B, NEAR FGB BANK DHAFARA CLUB STADIUM BUILDING, BADA ZAYED (WESTERN REGION), ABU DHABI",02-5556038,GENERAL PRACTICE
MEDICAL PARK CONSULTANTS ONE DAY SURGERY CENTER,AUH,CLINIC,AL BATEEN,"AL BATEEN STREET, MGHEERS, NEAR TO BNP PARIBAS, ABU DHABI",02-3028888,"GENERAL PRACTICE, ENT, PEDIATRICS"
GOLDEN SANDS MEDICAL CENTRE,AUH,CLINIC,AL FALAH,"AL FALAH STREET, JUMMA AL MUREOKHI BLDG.",02-6427171,"GENERAL PRACTICE, INT. MED, OPHTHA"
OASIS MEDICAL CENTRE,AUH,CLINIC,AL FALAH,"MUSAFFAH, BESIDE FATIMAH SUPERMARKET",02-5506691,"GENERAL PRACTICE, GDN"
LLH MEDICAL CENTER LLC -MF3983- VPS GROUP,AUH,CLINIC,AL MARKAZIYAH,VILLA / BUILDING NAME: C 55;GROUND FLOOR;MAIN STREET: SHABIA ME 11; NEAR TO AL MADINA SUPERMARKET,02-6282222,GENERAL PRACTICE
MEZYAD MEDICAL CENTER-ABU DHABI-MF3159,AUH,CLINIC,AL MUSAFFAH,MEZYAD MALL,02-5519977,MULTI-SPECIALITY
NOOR AL AHLI MEDICAL CENTER BRANCH 1-ABU DHABI-MF4705,AUH,CLINIC,AL MUSAFFAH,"MEZZANINE FLOOR, GATE NO 1, INSIDE MADINA MALL, MUSAFFAH ICAD, RESIDENTIAL CITY, ABU DHABI",02-5575890,GENERAL PRACTICE
NOOR ALAHLI MEDICAL CENTER - BRANCH 4 - ABU DHABI - MF4926,AUH,CLINIC,AL MUSAFFAH,"Near Baniyas Court, Baniyas West, Abu Dhabi ; ME-9, Mussafah Industrial Area",02-5858529,"GENERAL PHYSICIAN, DENTISTRY"
NOOR ALAHLI MEDICAL CENTER - BRANCH 2-ABUDHABI-MF4851,AUH,CLINIC,AL MUSAFFAH,"Near Safeer Mall, ME-9, Mussafah Industrial Area; ME-9, Mussafah Industrial Area",02-5530368,"GENERAL PHYSICIAN, DENTISTRY"
AL HOSN ONE DAY SURGERY CENTER LLC - MF799,AUH,CLINIC,AL NASR,"AL NASR STREET, OPP. TO AL MASROUD TRAVEL AGENCY",02-6215159,GENERAL PRACTICE
SADD MAAREB MEDICAL CENTER,AUH,CLINIC,BANIYAS,BANIYAS EAST 8,02-5832625,GENERAL PRACTICE
AL FARHAN MEDICAL CENTRE,AUH,CLINIC,BANIYAS,"BANIYAS WEST, NEAR ALAIN TAXI STAND",02-5832998,GENERAL PRACTICE
EMIRATES JORDANIAN DIAGNOSTIC CENTER,AUH,CLINIC,BANIYAS,"BANIYAS WEST, NEAS BANIYAS COURT",02-5836999,MULTI-SPECIALITY
BANIYAS AHALIA MEDICAL CENTRE,AUH,CLINIC,BANIYAS,"BANIYAS, NEAR ZENITH SUPERMARKET,",02-5510606,"GENERAL PRACTICE, DENTISTRY"
LLH MEDICAL CENTRE AL MUSAFFAH LLC BRANCH 1 -MF4557- VPS GROUP,AUH,CLINIC,BANIYAS,"LABOTIL CAMP,CL-1-9-BG-002,MAFRAQ INDUSTRY, LABOTIL CAMP BUILDING.",02-586333,GENERAL PRACTICE
MARIAM MEDICAL CENTER L.L.C - ABU DHABI - MF335,AUH,CLINIC,BANIYAS,"SHOP NO.2B PLOT NO2B PLOT NO F2C4_1 MAGENTA PEARL VILLAGE ,AL-MAFRAQ INDUSTRIAL-2 (CHINA CAMP), BANIYAS , ABU DHABI",2-6214626,INTERNAL
CLASSIC CARE MEDICAL CENTER-MF4819,AUH,CLINIC,BUTINA,"FLAT106.107,NEAR FAB BANK , SWEIHAN, AL AIN SWEIHAN,AL HAYER ROAD",03-7346454,"GENERAL PRACTICE, GD"
MY HEALTH MEDICAL CENTRE LLC,AUH,CLINIC,ELECTRA,"ELECTRA STREET, AL HAMRA PLAZA BUILDING BLOCK-B, LEVEL-01",02-6767873,GENERAL PHYSICIAN
WELL CARE MEDICAL CENTRE,AUH,CLINIC,ELECTRA,"ELECTRA STREET, AL HAMRA TOWER BLDG",02-6766000,GENERAL PRACTICE
AL AMEEN CLINIC,AUH,CLINIC,ELECTRA,"ELECTRA STREET, NEXT TO HABIB BANK",02-6339722,"GENERAL PRACTICE, OTOLARYNGOLOGY"
FREEDOM MEDICAL CLINIC,AUH,CLINIC,ELECTRA,"ELECTRA STREET, NEXT TO LIFELINE HOSPITAL",02-6336744,INTERNAL MEDICINE
AL RAFA MEDICAL CENTRE LLC,AUH,CLINIC,HAMDAN,"United Square Building, Beside Khalidiya Mall, Khalidiya - Abu Dhabi",02-6266672,MULTI-SPECIALITY
NEW FAMOUS MEDICAL CENTRE LLC - ABU DHABI-MF5245,AUH,CLINIC,INDUSTRIAL AREA,"M-34, MUSSAFFAH STREET, INDUSTRIAL AREA, PO BOX NO.39299",02-5521912,MULTI-SPECIALITY
BASIL MEDICAL CENTER,AUH,CLINIC,KHALIDIYA,"F221A, 1ST FLOOR, MAFRAQ CENTRE, AL MAFRAQ WORKERS CITY 2, BANIYAS, ABU DHABI",02-6316831,"INT. MED.,ENT"
AL KAMAL MEDICAL &DENTAL CLINIC,AUH,CLINIC,KHALIDIYA,"KHALIDYA STREET , OPP. TO ABU DUBAI COMMERCIAL BANK",02-6651464,GENERAL PRACTICE
DIAMOND MEDICAL CENTER - AL AIN - MF4745,AUH,CLINIC,KHALIFA STREET,"BUILDING NO. 160, MOHD RASOL KHORI, KHALIFA STREET, AL AIN.",03-7844689,GENERAL PRACTICE
OASIS MEDICAL CENTRE-BRANCH1-MF4552- AL AHILI GROUP,AUH,CLINIC,MADINAT ZAYED,"OASIS BUILDING, AL FALAH STREET, NEAR CITIBANK, OLD PASSPORT ROAD, MADINAT ZAYED AREA",02-6763282,"GENERAL PHYSICIAN, DENTISTRY"
MUBARAK MEDICAL CENTER - BRANCH 1,AUH,CLINIC,MAFRAQ,AL MAFRAQ WORKERS CITY - 2,02-5837772,GENERAL PRACTICE
HOPE MEDICAL CENTER LLC - MF4598 - ABU DHABI,AUH,CLINIC,MAFRAQ,"GCC NEW OFFICE BUILDING, PLOT NO:384,BUILDING 46, NEAR AL HASSAN ENGINEERING CO, AL MAFRAQ INDUSTRIAL AREA - ABU DHABI.",02-5551430,GENERAL PRACTITIONER
WELLNESS ONE DAY SURGERY CENTRE LLC-MF3622-ABU DHABI,AUH,CLINIC,MUROOR,"AL ZAFRANAH, 21 MUROOR STREET, MUROOR, ABU DHABI",02-5089012,MULTI-SPECIALITY
CREATIVE DENTAL CLINIC-ABU DHBAI MF4593,AUH,CLINIC,MUROOR STREET,"BUILDING - 1248, MUROOR STREET, ABU DHABI",02-4440458,DENTIST
AL AMEEN MEDICAL CENTRE LLC-BRANCH 1-/MF4058,AUH,CLINIC,MUSAFAH,"M 37, INDUSTRIAL AREA",02-5503115,GENERAL PRACTICE
MEDLINE MEDICAL CENTRE LLC - ABU DHABI - MF3528,AUH,CLINIC,MUSAFAH,"M26, MUSAFFAH, ABU DHABI",02-5530577,GENERAL PRACTICE
HOME HEALTH MEDICAL CENTRE,AUH,CLINIC,MUSAFAH,MUSAFFAH SHABYIA,02-5530162,GENERAL PRACTICE
GOLDEN CURE MEDICAL CENTRE LLC-MF304,AUH,CLINIC,MUSAFAH,"MUSAFFAH, SHABIYA, ME/11, STREET NO-35, BUILDING NO.5799",02-6270890,GENERAL PHYSICIAN
MEDSTAR ICAD MEDICAL CENTER LLC-MF3931-MEDSTAR,AUH,CLINIC,MUSAFAH,"MUSSAFAH , ABU DHABI , UAE",02-5845657,GENERAL PRACTICE
MESK ALMADINA MEDICAL CENTER-ABU DHABI/ MF4048,AUH,CLINIC,MUSAFFAH,"ICAD M40 PLOT 96, MUSSAFAH",02-5504333,GENERAL PRACTICE
BIOLIFE MEDICAL CENTER LLC - prev Apollo Medical Centre,AUH,CLINIC,MUSAFFAH,"MEZZANINE FLOOR, C117, SHABIA ME9",02-5559495,GENERAL PRACTICE GDN
NEW NATIONAL MEDICAL CENTRE,AUH,CLINIC,MUSAFFAH,"MUSAFFAH ROAD, F-1 SHABIYA ROAD",02-5520100,MULTI-SPECIALITY
DR.MOOPENS MEDICAL CENTRE,AUH,CLINIC,MUSAFFAH,"MUSAFFAH, MUSAFFAH",02-5557078,GENERAL PRACTICE
"ALPHA MEDICAL CENTRE L.L.C, AUH (ALPHA MEDICAL GROUP) MF572",AUH,CLINIC,MUSAFFAH,"PLOT NO:1,AL FIRDOUS CENTER,SANAYYA-M3,MUSAFFAH",02-5558383,MULTI-SPECIALITY
LAHORE MEDICAL CENTRE ABU DHABI - MF366,AUH,CLINIC,MUSSAFAH,"17street ,Sanaiya Mussafah , M26, ABU DHABI",02-5462548,"GENERAL PRACTICE, DENTISTRY"
FAMOUS MEDICAL CENTRE L.L.C - ABU DHABI - MF4775,AUH,CLINIC,MUSSAFAH,"PLOT 48 , M10, MUSSAFAH ICAD, ABU DHABI",02-5467888,"GENERAL PRACTICE, DENTISTRY"
EMERALD MEDICAL CENTRE LLC - ABU DHABI - MF3918,AUH,CLINIC,MUSSAFAH,"SHOP 6,7,8,9. STREET 16, NEAR FRESH AND MORE, MUSSAFA M 37, ABU DHABI.",02-5554164,GENERAL PRACTICE
BAB AL MADINA MEDICAL CENTER L.L.C - ABU DHABI - MF4569,AUH,CLINIC,MUSSAFAH,"SHOP NO.6,PLOT NO 32M MOOSA AL AJBAN BUILDING, MUSSAFAH , ABU DHABI",02-6422464,"GP, DENTSTRY"
DR. SABAH AL-SAGBAN CLINIC,AUH,CLINIC,NAJDA,"MUROOR ROAD, OPPSITE TO EMIARTES MEDIA",02-6330990,DERMATOLOGY
BURJEEL MEDICAL CENTRE AL ZEINA-ABU DHABI-MF4436-VPS HEALTHCARE,AUH,CLINIC,RAHA,"AL ZEINA, AL RAHA, ABU DHABI",02-6991113,"GENERAL DENTISTRY, INTERNAL MEDICINE, ENT"
NOOR AL AHLI MEDICAL CENTER-ABU DHABI-MF4437,AUH,CLINIC,SANAIYA,"BUILDING NO. 243-A, NEAR OLD POLICE STATION, SANAYA, AL AIN, ABU DHABI",03-7665852,GENERAL PRACTICE
EASTERN AL AHILI MEDICAL CENTER-BRANCH1,AUH,CLINIC,SANAYA,"APITAL PHARMACY BUILDING, NEXT TO NBAD, MUSSAFAHA-2,",02-4442235,GENERAL PRACTICE
LLH MEDICAL CENTRE AL MUSAFFAH LLC,AUH,CLINIC,SHABIAH KHALIFA,"M-FLOOR, C-173,ME-9, SHABIA 9, ABU DHABI",02-5557711,MULTI-SPECIALITY
NEW SADD MAAREB MEDICAL CENTER,AUH,CLINIC,SHARJAH,SHAHAMA,02-5633073,GENERAL PRACTICE
DAR AL SHIFA MEDICAL CENTRE,AUH,CLINIC,TOURIST CLUB,"TOURIST CLUB AREA, BEHIND DANA PLAZA",02-6456100,MULTI-SPECIALITY
BURJEEL MEDICAL CENTRE ( YAS MALL ) LLC- VPS GROUP-ABUDHABI,AUH,CLINIC,YAS ISLAND,YAS ISLAND,02-2054505,"PEDIATRIC, GENERAL SURGERY, GENERAL PRACTIONER, RADIOLOGY"
LLH MEDICAL CENTER AL MUSAFFAH L.L.C.BRANCH 3-VPS GROUP ABU DHABI,AUH,CLINIC,ICAD,"M40. , ICAD, MUSAFFAH INDURSTRIAL AREA, ABU DHABI",02-4116450,General Practitioner Internal Medicine
NOOR ALAHLI MEDICAL CENTER-BRANCH 3-ABU DHABI-AHALIA GROUP,AUH,CLINIC,ABU DHABI,"NEAR DAR-AL-ULOOM SCHOOL, BANIYAS WEST",02-6811533,GENERAL PRACTITIONER; DENTAL
NORTHERN AL AHLIAH MEDICAL CENTRE-AHALIA GROUP,AJM,CLINIC,Al Bustan,"Behind NBAD,Old passport road; Al Bustan; Al Wakf Building",06-7404941,GENERAL PRACTICE
AL NAHRAIN MEDICAL CENTER-AJMAN,AJM,CLINIC,AJMAN,"6101-605, SKY TOWER BUILDING, SHEIKHA KHALIFA BIN ZAYED ROAD",06-7449144,MULTI-SPECIALITY
"ASTER SPECIALIST MEDICAL CENTER, AL MANAR TOWER (DM HEALTHCARE)",AJM,CLINIC,AJMAN,"Al Manar Tower, Sheikh Rashid bin Humeed Street, Opp. Honda Showroom, Ajman.",06-5308057,GENERAL PRACTICE
CITY MEDICAL CENTRE,AJM,CLINIC,AJMAN,Al Nakheel Al Rumailah 1 - Ajman,06-7441882,"GENERAL PRACTICE, DERM, OPHTH"
METRO MEDICAL CENTRE,AJM,CLINIC,AJMAN,"AL NUAIMIA, AJMAN",06-7469694,MULTI-SPECIALITY
FAMILY MEDICAL CLINIC,AJM,CLINIC,AJMAN,"AL SHAMMA REAL ESTATE BUILDING, AL SHAMMA REAL ESTATE BUILDING",06-7457136,GENERAL PRACTICE
AL DHUHA MEDICAL CENTRE - AJMAN,AJM,CLINIC,AJMAN,"AL SHURAFA TOWER 1, SHAIKH BIN RASHID HUMAID STREET, NEAR NISSAN SHOWROOM, RUMAILAH, AJMAN.",06-7405633,"GENERAL PRACTICE, OBS/GYNEACOLOGY"
PRIME MEDICAL CENTER AJM -LLC (PRIME HEALTH CARE GROUP),AJM,CLINIC,AJMAN,"GROUND FLOOR, GRAND MALL, SHEIKH KHALIFA BIN ZAYED STREET, AJMAN, UAE",06-5752200,PAED
RIGHT HEALTH CLINIC JURF2 LLC,AJM,CLINIC,AJMAN,Jurf Industrial Zone 2 - Ajman,06-7404141,GENERAL PRACTICE
AJMAN MEDICAL CENTER,AJM,CLINIC,AJMAN,"MOEHAT STREET, NEW INDUSTRIAL AREA, AJAMAN",06-7430088,"GENERAL PRACTICE, DENTIST, PEDIA, ORTHO"
NMC MEDICAL CENTER AJMAN LLC,AJM,CLINIC,Ajman,"Near Safeer market , Samha Plaza, Rashidya, Ajman",06-5455966,Clinic
AALIYA MEDICAL CENTRE LLC,AJM,CLINIC,AJMAN,"OPP KUWAIT HOSPITAL, ABOVE AL MANAMA S/M",06-7475599,GENERAL PRACTICE
ACCESS MEDICAL CENTRE- AJMAN-DR.MOOPEN'S GROUP,AJM,CLINIC,AJMAN,"SHOP NO. 13, AL HAMRAIN CENTRE",06-7404778,GENERAL PRACTICE
ADVANCED MEDICAL CENTRE,AJM,CLINIC,AL BUSTAN,"SHK RASHID BIN HUMAID STREET, UAE EXCHANGE BLDG",06-7441248,"GENERAL PRACTICE,OBSTETRICS/GYNECOLOGY"
AL BUSTAN MEDICAL CENTER- (AL GHARAFA MEDICAL CENTER),AJM,CLINIC,AL JURF,"JURF UAE EXCHANGE BLDG,NEAR CHINA MALL,JURF,AJMAN",06-7488202,Clinic
NEW IBIN SINA MEDICAL CENTRE,AJM,CLINIC,AL JURF,NEAR TRAFFIC & LICENSING DEPT,06-7414963,"INTERNAL MEDICINE,DENTIST"
"RIGHT HEALTH CLINIC JURF LLC, JURF-NEW SANAIYA GROUP",AJM,CLINIC,AL JURF,"SHOP NO-1, AL JURF INDUSTRIAL ZONE -2",06-7494969,GENERAL PRACTIONER
OXYGEN MEDICAL CENTER AJMAN,AJM,CLINIC,AL KHAN,"VILLA NUMBER 7, AL RUMAILAH, AJMAN",06-7406022,GENERAL PRACTICE
AL MADAR MEDICAL CENTER-AJMAN,AJM,CLINIC,NUAIMIA,"AL GHUMLASSI BLD, AL GHUMLASSI BLD",06-7412202,GENERAL PRACTICE
AL GHARAFA MEDICAL CENTER,AJM,CLINIC,AJMAN,"AL BUSTAN, AL AHALIA EXCHANGE BUILDING",06-7448322,"ENDOCONTICS , PATHOLOGIST,ENT , DENTIST"
IBN SINA MEDICAL CENTRE,AJM,CLINIC,AJMAN,"AL QUDS ROAD, SHK. HUMAID BUILDING.",06-7457755,GENERAL PRACTICE
AL SANAIYA CLINIC- AJMAN,AJM,CLINIC,AJMAN,"NEAR ALU GLASS,NEXT TO CHINA MALL AL JURF",06-7484078,GENERAL PRACTICE. GEN. SURGEON
NATIONAL CLINIC,AJM,CLINIC,AJMAN,"NEW SANAIYA INDUSTRIAL AREA,",06-7480780,"GENERAL PRACTICE, GEN. SURGEON"
AL NUAIMIA CLINIC,AJM,CLINIC,AJMAN,"NEW SANAIYA INDUSTRIAL AREA, NEAR SUN CITY SUPERMARKET",06-7432262,"GENERAL PRACTICE, GEN. SURGEON"
ASTER MEDICAL CENTRE,AJM,CLINIC,AJMAN,"SHK KHALIFA BIN ZAYED ST, OPP ADNOC PETROL STATION",06-7314799,GENERAL PRACTICE
ASTER MEDICAL CENTRE SILICON OASIS- DM HEALTHCARE,DXB,CLINIC,DUBAI SILICON OASIS,"101, 1ST FLOOR, SILICON GATE 1, OPP. CHOITRAM",04-3332177,GENERAL PRACTICE
ASTER MEDICAL CENTRE ABU HAIL BR OF DM HEALTHCARE,DXB,CLINIC,ABU HAIL,"SHOP NUMBER 2, SHEIKH SUHAIL BUILDING, NEAR CHITHRAM SUPER MARKET, HOR AL ANZ (EAST)",04-2692785,GENERAL PRACTICE
ASTER MEDICAL CENTRE ASWAAQ MALL -BR OF D M HEALHTCARE LLC,DXB,CLINIC,AL BARSHA,ASWAAQ - AL BARSHA SOUTH COMMUNITY CENTRE,04-3471540,"OB & Gyn, Derma, Family Med, Dental"
AL RAFA POLYCLINIC-BRANCH,DXB,CLINIC,AL BARSHA,"BARSHA, ICON TOWER",04-4534830,GENERAL PRACTICE
AL BARSHA AL NOOR POLYCLINIC,DXB,CLINIC,AL BARSHA,"ELITE BUSINESS CENTRE FLOOR NO :3 , FLAT NO : 301 IN FRONT OF LULU HYPERMARKET ALBARSHA,DUBAI",04-2218122,MULTI-SPECIALITY
ANGELWINGS MEDICAL CENTER LLC,DXB,CLINIC,AL BARSHA,"OFFICE 609, PINNACLE BUILDING, SHEIKH ZAYED ROAD",04-3936211,GENERAL PRACTICE
ASTER MEDICAL CENTRE AL BARSHA,DXB,CLINIC,AL BARSHA 1,"GROUND FLOOR, SHOP 1 & 13, ARENCO BUILDING",04-3472420,GENERAL PRACTICE
WE CARE MEDICAL CENTER LLC - DUBAI,DXB,CLINIC,AL KARAMA,"HAMSAH BUILDING, GROUND FLOOR ANSAR GALLERY, KHALID BIN AL WALEED ROAD, KARAMA, DUBAI.",04-2611061,MULTI-SPECIALITY
MULTI CARE MEDICAL CENTRE LLC,DXB,CLINIC,AL KHAIL,"LATIFA BINT HAMDAN, AL KHAIL GATE COMMUNITY CENTRE , DUBAI",04-4245863,MULTI-SPECIALITY
MEDICURE CENTER,DXB,CLINIC,AL MANKHOOL,"AL MANKHOUL, BEHIND EPPCO PETROL",04-3894866,"GENERAL PRACTICE, PEDIA"
ASTER MEDICAL CENTRE MUHAISNAH BR OF DM HEALTHCARE,DXB,CLINIC,AL MUHAISNAH,"FIRST FLOOR , FLAT 4, MUHAISNAH PLAZA BUILDING, BEIRUT ST, NEAR AL MADEENA MALL",04-2592154,GENERAL PRACTICE
JUPITER ALNAHDA POLY CLINIC,DXB,CLINIC,AL NAHDA,AL NAHDA,04-2344429,"GENERAL PRACTICE, PEDIATRICS"
DR. JOHN CLINIC,DXB,CLINIC,AL NAHDA,"AL NAHDA, AL MOZNA BLDG, AL QUSAIS",04-2617176,GENERAL PRACTICE OB/GYN
ASTER AL NAHDA MEDICAL CENTER-DR. MOOPENS GRP,DXB,CLINIC,AL NAHDA,"AL NAHDA, AMAN ST., OPP. NMC SPECIALTY HOSPI",04-2399119,"GENERAL PRACTICE OB/GYN, PED, DENT"
"DULSCO MEDICAL CLINIC, AL QUOZ (DULSCO GROUP)",DXB,CLINIC,AL QOUZ,"1215 DULSCO VILLAGE, AL QUOZ, DUBAI UAE.",04-3232442,GENERAL PRACTITIONAR
"TOTAL CARE CLINIC BR AL FUTTAIM HEALTHCARE SINGLE PERSON COMPANY LLC, AL QOUZ (AL FUTTAIM)",DXB,CLINIC,AL QOUZ THIRD,"Salman Ebrahim Building, Salman Ebrahim street, Next to Al khail Mall, Behind Enoc petrol pump.",04-7062103,Genral practice
ASTER MEDICAL CENTRE AL QOUZ BR OF DM HEALTHCARE L LC,DXB,CLINIC,Al QUOZ,"ABDULLA AL ASMAWI BUILDING , GROUND FLOOR, SHOP:1-7 , LATIFA BINT HAMDAN STREET",04-4400500,GENERAL PRACTICE
ACCESS CLINIC AL QOUZ BR OF DM HEALTHCARE,DXB,CLINIC,AL QUOZ,"AL ARIF BUILDING, NEAR UAE EXCHANGE, BEHIND CEMENT FACTORY, AL QUOZ",04-3217544,GENERAL PRACTICE
ADVANCED CARE MEDICAL CENTER,DXB,CLINIC,AL QUOZ,AL QOUZ,04-4339766,GENERAL PRACTICE
KARAMA MEDICAL CENTER,DXB,CLINIC,AL QUOZ,"AL QOUZ LABOUR CAMP , GRAND SHOPPING MALL",04-3413645,"GENERAL PRACTICE,PHYSI"
DR. MOOPEN'S AL QUOZ MEDICAL CENTRE,DXB,CLINIC,AL QUOZ,"AL QOUZ, GRAND MALL, AL QUOZ",04-3387871,"GENERAL PRACTICE, INTERNAL MED,"
AL MURJAN MEDICAL CENTRE,DXB,CLINIC,AL QUOZ,AL QUOZ,04-3395575,"GENERAL PRACTICE, DENTIST"
AL KHAIL MEDICAL CENTRE,DXB,CLINIC,AL QUOZ,"AL QUOZ IND. AREA-3, AL QUOZ MALL",04-3306745,"GENERAL PRACTICE, DENTIST"
KARAMA MEDICAL CENTER BRANCH-AL QUOZ MALL,DXB,CLINIC,AL QUOZ,AL QUOZ INDUSTRIAL AREA 3,04-3388227,GENERAL PRACTICE
"NEW SANAIYA CLINIC BRANCH, AL QUOZ- NEW SANAIYA GROUP",DXB,CLINIC,AL QUOZ,"AL QUOZ INDUSTRIAL AREA 3,",04-3791311,GENERAL PRACTIONER
SEKHER MEDICAL CLINIC,DXB,CLINIC,AL QUOZ,"AL QUOZ INDUSTRIAL AREA, FLAT NO. 104 1DT FLR ARABIAN GULF BLDG. AL QOUZ",04-3387749,GENERAL PRACTICE
AL SANAIYA CLINIC BR-AL QOUZ IND. AREA,DXB,CLINIC,AL QUOZ,"AL QUOZ, NEAR AL MADINA SUPERMARKET",04-3407548,"GENERAL PRACTICE, GEN SURGEON"
LOTUS MEDICAL CENTER L.L.C,DXB,CLINIC,AL QUOZ,"FLAT 101, AL ROSTAMANI BUILDING, AL QUOZ",04-3465380,"General Practice, DENTIST"
PRIMECORP MEDICAL CENTER ALQUOZ LLC BRANCH - DUBAI (PRIME HEALTHCARE GROUP),DXB,CLINIC,AL QUOZ,"IBRI HOUSE MEZZANINE FLOOR, SHEIKH ZAYED RIAD OPPOSITE TO NOOR BANK METRO STATION, DUBAI, UAE",04-7070999,MULTI-SPECIALITY
ANAYA MEDICAL CENTER LLC,DXB,CLINIC,AL QUOZ,"OFFICE NO-104,FARNEK BUILDING, AL QUOZ INDUSTRIAL AREA-3",04-3441615,GENERAL PRACTICE
KARAMA MEDICAL CENTRE BR. AL KHAIL GATE,DXB,CLINIC,AL QUOZ,"SHOP 41 & 42, NEW WEST ZONE MALL, AL KHAIL GATE, AL QUOZ",04-4533534,MULTI-SPECIALITY
AMALA MEDICAL CENTER LLC-DUBAI,DXB,CLINIC,AL QUOZ,"SHOP 9 & 10, SECOND FLOOR, AL KHAIL MALL",04-3306727,"GENERAL PRACTICE, GD"
"PRIMECORP MEDICAL CENTER AL QUSAIS (FORMERLY KNOWN AS PRIME MEDICAL CENTER AL QUSAIS BR OF PRIME MEDICAL CENTER LL, AL QUSAIS (PRIME HEALTHCARE GROUP)",DXB,CLINIC,AL QUSAIS,"GROUND FLOOR, ALQUSAIS PLAZA, DAMASCUS STREET, AL QUSAIS",04-6079876,"GP, PEDIATRICS"
ASTER MEDICAL CENTRE AL QUSAIS BR OF DM HEALTHCARE,DXB,CLINIC,AL QUSAIS 1,"SHOP NO: 2 & 3, AQU BUILDING, NEAR DUBAI AIRPORT FREE ZONE METRO STATION, AL QUSAIS 1",04-2632202,GENERAL PRACTICE
ASTER SPECIALIST CENTER FOR ORTHOPEDICS & PHYSIOTHERAPY,DXB,CLINIC,AL QUSAIS 2,"SHOP # 1, GROUND FLOOR, AL AHBABI BUILDING, DAMASCUS STREET",04-3311006,"GENERAL PRACTICE, ORTHO, PT"
AXON MEDICA POLYCLINIC,DXB,CLINIC,AL RASHIDIYA,"GROUND FLOOR, NEAR UNION COOPERATIVE SOCIETY, AL RASHIDIYA",04-2975462,GENERAL PRACTICE
PRIME MEDICAL CENTER BARSHA HEIGHTS BRANCH LLC (PRIME HEALTHCARE GROUP),DXB,CLINIC,AL THANYAH FIRST,"GROUND FLOOR, ONYX TOWER 1, BESIDE COSTA COFFEE, THE GREENS (AL THANYAH THIRD), DUBAI, UAE",04-7070999,MULTI-SPECIALITY
PRIME MEDICAL CENTER AL WARQA (BR OF PRIME MEDICAL CENTER L.L.C) - PRIME HEALTHCARE GROUP,DXB,CLINIC,AL WARQA,AL WARQA,04-7070999,MULTI-SPECIALITY
AL WARQA MEDICAL CENTER,DXB,CLINIC,AL WARQA,"WARQA AREA, MARS SUPERMARKET BLDG ,",04-2800899,"GENERAL PRACTICE,PED,DENTIST , DERMATALOGIST AND LASER SPECIALIST"
ASTER BEAUTY CLINIC (BR OF DM HEALTHCARE LLC),DXB,CLINIC,AL WARQA 2,"108 DAMAC TOWERS , GROUND FLOOR, LAZUWARD SW STREET , BARSHA SOUTH ,JUMEIRA VILLAGE CIRCLE, 8703",04-2800899,"DENTAL, DERMATOLOGY"
ASTER ORTHOPEDICS AND PHYSIOTHERAPY CENTRE BR OF DM HEALTHCARE LLC - AL WARQA 1 - ASTER DM HEALTHCARE,DXB,CLINIC,AL WARQAA 1,"HANBAL AL MADANI BUILDING, GROUND FLOOE, NEAR DUBAI LIBRARY, AL WARQA - 1",04-2831026,MULTI-SPECIALITY
VIENNA DENTAL CLINIC LLC-AL WASL- DUBAI,DXB,CLINIC,AL WASL,"DUBAI MEDIA CITY, AL SHATHA TOWER, MEZZANINE, OFFICE NO.1",04 589 7990,"GENRAL DENTISTRY , ORTHODNTIC"
AL SHAAB MEDICAL CENTER,DXB,CLINIC,ALSHAAB,"TALAL STREET , GALADARI BLDG",04-2970870,"PED,GENERAL PRACTICE-DENTIST, GENERAL PRACTICE-GYNECOLOGY,OBS&GYN"
ASTER MEDICAL CENTRE REM RAAM BR OF DM HEALTHCARE LLC,DXB,CLINIC,AWEER,AWEER,04-3333423,GENERAL PRACTICE
NOOR AL SHEFA AWEER - DUBAI,DXB,CLINIC,AWEER,"UNION CO-OPERATIVE BUILDING, FRUITS AND VEGETABLE MARKET",04-3886601,"GENERAL PRACTICE, DENTAL"
AL SHIFA INTERNATIONAL CLINIC,DXB,CLINIC,BUR DUBAI,"101, AL SHAMALI BUILDING, AL FAHIDI STREET, OPPOSITE KFC, ABOVE REGAL TEXTILE",04-3519199,MULTI-SPECIALITY
MUHAISNA SPECIALIST MEDICAL CENTRE,DXB,CLINIC,BUR DUBAI,"1026 SULTAN BUILDING AL MUHAISNA, BUR DUBAI",04-2644155,"GENERAL PRACTICE, DENTIST"
ABRIS MEDICAL CENTRE LLC- DUBAI,DXB,CLINIC,BUR DUBAI,"1ST FLOOR, SOUQ AL KABEER BUILDING, AL FAHIDI STREET,MEENA BAZAR",04-3535356,MULTI-SPECIALITY
AL RASHIDIYAH PRIVATE POLYCLINIC,DXB,CLINIC,BUR DUBAI,"2ND FLOOR, RTA MULTI STORY PARKING BUILDING, OPP AMBASSADOR HOTEL",04-3939383,MULTI-SPECIALITY
PRIME MEDICAL CENTRE BURDUBAI,DXB,CLINIC,BUR DUBAI,"3RD FLOOR OF BURJUMAN CENTER, KHALID BIN AL WALEED ROAD, DUBAI, UAE",04-3570033,MULTI-SPECIALITY
ASTER JUBILEE MEDICAL COMPLEX (For EBP members - Specialist referral center only),DXB,CLINIC,BUR DUBAI,"ASTER JUBILEE COMPLEX, KHALID BIN AL WALEED ROAD",04-3935115,MULTI-SPECIALITY
GETWELL MEDICAL CENTER,DXB,CLINIC,BUR DUBAI,"BANK STREET , MEDIC BUILDING",04-3595935,"CARDIOLOGY,OBSTETRICS/GYNECOLOGY"
BADR AL SAMAA MEDICAL CENTRE,DXB,CLINIC,BUR DUBAI,"BANK STREET, NEAR BURJUMAN CENTRE",04-3578681,"PHYSICIAN,CARDIAC,GENERAL PRACTICE,ORTHO,ENT,OPTHAL,OBSTETRICS/GYNECOLOGY,"
AL WAHA CLINIC,DXB,CLINIC,BUR DUBAI,"KHALID BIN WALID ROAD, RAMADA JUNCTION , EMIRATES ISLAMIC BANK , BENQ COMPUTER SHOWROOM .",04-3514150,"GENERAL PRACTICE, SPECIALIST DIABETOLOGIST"
BETTERLIFE CLINIC LLC,DXB,CLINIC,BUR DUBAI,"MANKHOOL ROAD, NEAR RAMADA HOTEL",04-3592255,GENERAL PRACTICE
AL MANSOOR MEDICAL CENTER,DXB,CLINIC,BUR DUBAI,MUSSA BUILDING,04-3554040,"GENERAL PRACTICE, DENTAL"
JANSONS MEDICAL CENTER,DXB,CLINIC,BUR DUBAI,"OPP. RAFAH POLICE STATION, KHYBER BUILDING, MEZZANINE FLOOR,",04-3939011,"DENTIST, GENERAL PRACTICE, OPHTHA"
ACCES CLINIC BURDUBAI BR OF DM HEALTHCARE LLC,DXB,CLINIC,BUR DUBAI,SOUQ AL KABEER BUILDING,04-3527300,GENERAL PRACTICE
PANACEA WELLNESS & MEDICAL CENTRE,DXB,CLINIC,BUR DUBAI,"TARIQ BIN ZIYAD RD, EASA SALEH AL GURG BLDG-201",04-3582020,"INTERNAL MEDICINE,OBSTETRICS/GYNECOLOGY,PAEDIATRICS"
"KARAMA MEDICAL CENTRE BR BURJUMAN - DUBAI ,( RIGHT HEALTH GROUP)",DXB,CLINIC,BURJUMAN,"SHOP NO.2,PLOT NO.611-0, ABDULLA ALI YATEEM BUILDING,AL KARAMA, BURJUMAN, DUBAI",04-3533008,Genral practice
ASTER MEDICAL CENTRE-BUSINESS BAY,DXB,CLINIC,BUSINESS BAY,"BUSINESS BAY, ASPECT TOWER-D, BAY AVENUE",04-4508896,"GENERAL PRACTICE, OB/GYN"
ASTER MEDICAL CENTRE DEIRA - DM HEALTHCARE,DXB,CLINIC,DEIRA,"2ND FLOOR, FLAT NO. 202,204, SHEIKHA RAJAA MAJED AL QASSIMI BUILDING, NAIF ROAD",04-2945095,"GENERAL PRACTICE OTO, OBSTETRICS/GYNECOLOGY"
PRIME MEDICAL CENTER REEF MALL-PRIME HEALTHCARE GROUP,DXB,CLINIC,DEIRA,"3RD FLOOR OF REEF MALL, SALAHUDDIN ROAD, DEIRA, DUBAI",04-6079916,GENERAL PRACTICE
PRIME CORP MEDICAL CENTER,DXB,CLINIC,DEIRA,"602 Prime Medical Center- Gulf, Salahuddin Road, Deira, Dubai-UAE (Opp. Reef Mall)",04-3396047,"GENERAL PRACTICE,SP"
AL SHIFA AL KHALEEJI MEDICAL CENTRE,DXB,CLINIC,DEIRA,"ABU BAKER AL SEDIQ STREET, OPP. DNATA HEAR AL HABTOOR BEHIND NISSAN SHOWRM.",04-2940786,"CARDIO,GENERAL PRACTICE,DXRAD,HEMA"
DR.RADHAKRISHNAN MEDICAL CENTER,DXB,CLINIC,DEIRA,ABU BAKER AL SIDIQI ROAD,04-2659270,"GENERAL PRACTICE, GE, D"
NEW MEDICAL CENTER LLC,DXB,CLINIC,DEIRA,ABUHAIL ROAD,04-2689800,MULTI-SPECIALITY
"ABEER AL NOOR POLYCLINIC LLC BRANCH, DEIRA(ABEER AL NOOR GROUP)",DXB,CLINIC,DEIRA,"Afra Al Shaikh Mijrin Mohammad Al Kendi Building-11,Behind Al Futtaim Masjid ,Near Delhi Restaurant ,18th Street ,Frij Murar,Deira , Dubai ,UAE",04-2343017,MULTI-SPECIALITY
MARHABA MEDICAL CENTRE,DXB,CLINIC,DEIRA,"AL MAKTOUM HOSPITAL ROAD, NEAR FISH ROUNDABOUT",04-2224844,"GENERAL PRACTICE,ENT"
DURRAIYA KAMAL MEDICAL CLINIC,DXB,CLINIC,DEIRA,"AL NASEER SQUARE, HSBC BUILDING , EMIRATES INDIAN MONEY EXCHANGE BUILDING",04-2238612,"GENERAL PRACTICE,GENERAL SURGEONOBSTETRICS/GYNECOLOGY,OPHTHA"
DOCTORS CLINIC,DXB,CLINIC,DEIRA,"AL NASR SQUARE, BEHIND HSBC BANK , OWAIS BUILDING , 2ND FLOOR",04-2246688,"DERMA,GENERAL PRACTICE,OPHTHA"
JUPITER AL QUSAIS POLYCLINIC LLC,DXB,CLINIC,DEIRA,"DUBAI - SHJ ROAD, NEAR AL GHUSAIS SIGNAL DXB SHARJAH RD.",04-2630987,"MED,PED."
DR. MOOPEN'S POLYCLINIC (For EBP members - Specialist referral center only),DXB,CLINIC,DEIRA,"SHOP NO: 2 & 3, AL GHURAIR REAL ESTATE BUILDING, NEAR DUBAI PALM HOTEL, AL MUTEENA STREET DUBAI",04-2289169,MULTI-SPECIALITY
AL NOOR POLY CLINIC-GHI GROUP,DXB,CLINIC,DEIRA,"NAIF ROAD , OPPOSITE AL FUTTIAM MOSQUE",04-2233324,MULTI-SPECIALITY
ASHOKAN MEDICAL CLINIC,DXB,CLINIC,DEIRA,"NAIF ROAD, FLAT NO. 302 AL LOOTHA BLDG",04-2730220,OPTHALMOLOGY
AL-TAIF MEDICAL CLINIC,DXB,CLINIC,DEIRA,"NAIF ROAD, OPP. WEST HOTEL.",04-2222383,"GENERAL PRACTICE, OBSTETRICS/GYNECOLOGY"
DR.KOYA'S CLINIC,DXB,CLINIC,DEIRA,"NAIF STREET , AL MARHOON TOWER , FLT NO 101-102",04-2225854,GENERAL PRACTICE
AL AMAN MEDICAL CENTRE - DERIA (BHATIA TRADERS),DXB,CLINIC,Deira,"OFFICE NO 301 , ABOVE JESCO SUPERMARKET , PEARL BUILDING",04-2288490,"GP, HEMATOLOGY, OPHTHALMOLOGY, DENTRISTRY"
AMBER AL NOOR POLYCLINIC-GHI GROUP,DXB,CLINIC,DEIRA,"RIGGA ROAD, RIGGA BUISNESS CENTRE-2 FLOOR",04-2309100,MULTI-SPECIALITY
PRIME MEDICAL CENTER,DXB,CLINIC,DEIRA,"SALUDHIN ROAD, 501, SH. SAUD AL QASSIMI BLDG.",04-2720720,MULTI-SPECIALITY
"ACCESS CLINIC DIC BR DM HEALTHCARE LLC, DIC (DM HEALTHCARE)",DXB,CLINIC,DIC,"Sapphire Mall, First Floor, Shop No 39-41,Saih Shuaib 2, Dubai Industrial Park, Dubai UAE",04-5896619,GENERAL PRACTICE
AL SHIFA AL KHALEEJI MEDICAL CENTRE BRANCH LLC,DXB,CLINIC,DIP,"Ground Floor, Bayan Business Centre, Opposite to Carrefour Centre, Next to Al Rawda Pharmacy, DIP-1",04-8800920,MULTI-SPECIALITY
GARDENS MEDICAL CENTRE,DXB,CLINIC,DISCOVERY GARDENS,"DISCOVERY GARDEN, DISCOVERY GARDEN NO-9,ZEN CLUSTERS",04-4489151,GENERAL PRACTICE
GARDENS SPECIALITY CLINIC- DM HEALTHCARE,DXB,CLINIC,DISCOVERY GARDENS,"Shop No. 2,3,8,9 Ground Floor, Building No. 10, Street No. 1, Zen Cluster, Discovery Gardens, Behind Chelsea Gardens Hotel Apartments",04-2767512,GENERAL PRACTICE
NOOR AL SHEFA CLINIC BRANCH,DXB,CLINIC,DUBAI,"ROOM NO.107, AL GHURAIR INTERNATIONAL EXCHANGE BUILDING, OPPOSITE KFE ACCOMMODATION, AL RUSTAMANI ROAD",04-3807636,GENERAL PHYSICIAN
ADVANCED CARE MEDICAL CENTER LLC (BRANCH),DXB,CLINIC,Dubai Industrial City,"Souq No :4, Shop Number : 4 & 5,Labour City 3",04-3807807,GENERAL PHYSICIAN
AL AZHAR CLINIC- BRANCH (DIP 2),DXB,CLINIC,DUBAI INVESTMENT PARK,DIP 2,04-8895306,GENERAL PRACTICE
PRIMECORP MEDICAL CENTER LLC DIP BRANCH,DXB,CLINIC,DUBAI INVESTMENT PARK,"DIP 2 , BULDING NO:33 ; AL FUTTAIM ACCOMADATION",04-8850788,MULTI-SPECIALITY
AL AZHAR CLINIC,DXB,CLINIC,DUBAI INVESTMENT PARK,"DUBAI INVESTMENT PARK, BEHIND RAMLA SUPERMARKET",04-8859596,"GENERAL PRACTICE, GEN SURGEON"
KARAMA MEDICAL CENTER,DXB,CLINIC,DUBAI INVESTMENT PARK,"DUBAI INVESTMENT PARK, DIP",04-8848368,GENERAL PRACTICE
ACCESS CLINIC-DUBAI INVESTMENT PARK-DR.MOOPENS GROUP,DXB,CLINIC,DUBAI INVESTMENT PARK,"DUBAI INVESTMENT PARK, RAMLA MALL, MEZANINE FLOOR, UNIT 2&3",04-8800408,GENERAL PRACTICE
ACCESS CLINIC BRANCH-DIP - DM HEALTHCARE,DXB,CLINIC,DUBAI INVESTMENT PARK,"FLAT NO 6 - 7, MEZZANINE FLOOR, WALID ALI IBRAHIM AL MANNAEI BUILDING, DIP-2, PO BOX 8703",04-8833028,GENERAL PRACTICE
"CARE ONE POLY CLINIC LLC, DUBAI",DXB,CLINIC,DUBAI INVESTMENT PARK 1,"GROUND FLOOR, RAMLA HYPERMARKET, DUBAI INVESTMENT PARK , DUBAI INVESTMENT PARK 1 STREET,",04-8836656,"GENERAL PHYSICIAN, GENERAL SURGERY"
"ASTER MEDICAL CENTRE DUBAI LAND BR OF DM HEALTHCARE LLC, DUBAI LAND (DM HEALTHCARE LLC)",DXB,CLINIC,DUBAI LAND,"Skycourts Tower D, Ground Floor, R 7B, Wadi Al Safa - 5, Dubai Land",04-3435645,GENERAL PRACTICE
NEW SANAIYA CLINIC BR- HOR AL ANZ,DXB,CLINIC,HOR AL ANZ,HOR AL ANZ,04-2681333,"GENERAL PRACTICE, GEN. SURGEON"
KIMS MEDICAL CENTRE,DXB,CLINIC,HOR AL ANZ,"HOR AL ANZ, NEXT TO ABU BAKER AL SIDDIQUE METRO STATION",04-2624500,"IM, GEN. SURGEON, DENTIST"
KHALIDHA MEDICAL CENTRE LLC,DXB,CLINIC,INDUSTRIAL AREA,INDUSTRIAL AREA,04-3381947,GENERAL PRACTICE
ASTER SPECIALIST MEDICAL CENTER INTERNATIONAL CITY BR OF DM HEALTHCARE - ASTER PLUS,DXB,CLINIC,INTERNATIONAL CITY,"FLAT NO-ICP-RT-11/11A/11B, RETAIL-10, FRANCE CLUSTER, THE PAVILION MALL, INTERNATIONAL CITY, LANDMARK :THE PAVILION MALL,OPPOSITE TO KFC,FRANCE CLUSTER.",04-4279554,MULTI-SPECIALITY
"GLOBEHEALTH POLYCLINIC LLC, INT CITY, DUBAI(GLOBEHEALTH GENERAL CLINIC)",DXB,CLINIC,INTERNATIONAL CITY,"GS04 ,PRIME RESIDENCY 2, SPAIN CLUSTER, INTERNATIONAL CITY",04-5587238,MULTI-SPECIALITY
ACCESS CLINIC PERSIAN ZONE -DM HEALTHCARE,DXB,CLINIC,INTERNATIONAL CITY,"PERSIA N04, GROUND, SHOP NO-10",04-5520139,GENERAL PRACTICE
NOVITAS CLINIC LLC- DUBAI,DXB,CLINIC,INTERNATIONAL CITY,"Prime Residence II, Dubai, International City",04-5693389,MULTI-SPECIALITY
ASTER MEDICAL CENTRE INTERNATIONAL CITY -DM HEALTHCARE,DXB,CLINIC,INTERNATIONAL CITY,"SHOP NO: 6,8 & 10 V-19 RUSSIA CLUSTER",04-4312273,"GENERAL PRACTICE, OBSTETRICS/GYNECOLOGY, PED"
ACCESS CLINIC INTERNATIONAL CITY-DR.MOOPEN'S GROUP,DXB,CLINIC,INTERNATIONAL CITY,"I -11 MORROCO CLUSTER, INTERNATIONAL CITY",04-3606587,MULTI-SPECIALITY
RUBY CLINIC,DXB,CLINIC,INTERNATIONAL CITY,"INTERNATIONAL CITY , CHINA CLUSTER H-6",04-4226899,"GENERAL PRACTICE, GEN. SURGEON"
AL RAFA POLYCLINIC - INTERNATIONAL CITY,DXB,CLINIC,INTERNATIONAL CITY,"INTERNATIONAL CITY , V-20 , RUSSIAN CLUSTER",04-4227944,"GENERAL PRACTICE, GENERAL MEDICINE"
DR REENA BEEGUM CLINIC BRANCH,DXB,CLINIC,JEBEL ALI,"1 ST FLOOR NESTO HYPERMARKET, NEW WEST ACCOMMODATION, JEBEL ALI FREE ZONE INSIDE NESTO HYPERMARKET",04-8808856,GENERAL PRACTICE
PRIMECORP MEDICAL CENTER DWC BR OF PRIMECORP MEDICAL CENTER LLC,DXB,CLINIC,JEBEL ALI,AL MAKTOUM INTL AIRPORT; DUBAI AVIATION ENGINEERING PROJECT,04-2720720,MULTI-SPECIALITY
AXON MEDICA MEDICAL CENTER LLC (prev. Orion Family MC),DXB,CLINIC,JEBEL ALI,"BLDG #8, STREET 1, THE GARDENS, JABEL ALI, DUBAI",04-4599904,MULTI-SPECIALITY
PRIMECORP MEDICAL CENTER LLC JABAL ALI BRANCH,DXB,CLINIC,JEBEL ALI,"BLDG ALEC CAMP 12; JABAL ALI INDUSTRIAL FIRST G03-G04 OF PLOT NO:282, JEBEL ALI INDUSTRIAL.",04-2720720,MULTI-SPECIALITY
CEDARS CLINIC - DUBAI,DXB,CLINIC,JEBEL ALI,"DUGHAS ROAD, CEDARS JEBEL ALI INTERNATIONAL HOSPITAL BUILDING",04-8814467,GENERAL PRACTICE
GSM MEDICAL CENTER LLC- DUBAI,DXB,CLINIC,JEBEL ALI,"EUROPEAN BUSINESS CENTER, 2/1, 70 STREET G FLOOR, SHOP 29 DUBAI INVESTMENT PARK 1 - 598,",04-8831002,"DERMATOLIGIST, DENTIST,OB GYN, PAEDITRICIAN,"
AL KHAIL MEDICAL CENTER BRANCH,DXB,CLINIC,JEBEL ALI,"FIRST FLOOR SHOP NO-2 FIDA AL MADINA HYPERMARKET, DIP-2 JABEL ALI DUBAI.",04-8823131,"GENERAL PRACTITIONER, GENERAL DENTISTRY"
"NOOR AL SHEFA CLINIC 3, JAFZA (NOOR AL SHEFA GROUP)",DXB,CLINIC,JEBEL ALI,"JAFZA MALL, JAFZA SOUTH, JEBEL ALI FREEZONE, DUBAI, UAE.",04-8817530,GENERAL PRACTITIONAR
ACCESS CLINIC FREEZONE,DXB,CLINIC,JEBEL ALI,"JAFZA, SOUTH JEBEL ALI",04-4546001,GENERAL PRACTICE
CARE PLUS MEDICAL CENTRE,DXB,CLINIC,JEBEL ALI,JEBAL ALI INDUSTRIAL AREA 1,04-8829333,GENERAL PRACTICE
ASTER JEBAL ALI MEDICAL CENTRE,DXB,CLINIC,JEBEL ALI,JEBEL ALI,04-8841161,GENERAL PRACTICE
AL AZHAR CLINIC BR- JEBEL ALI,DXB,CLINIC,JEBEL ALI,"JEBEL ALI INDUSTRIAL AREA 1, NEAR NESTO AND PARCO SUPERMARKET",04-8858373,"GENERAL PRACTICE, GEN. SURGEON"
ADVANCED CARE MEDICAL CENTER (BRANCH),DXB,CLINIC,JEBEL ALI,"NASEEM AL MADINA SUPERMARKET BUILDING, DIP, JEBEL ALI",04-3397664,GENERAL PRACTICE
AL SHIFA INTERNATIONAL CLINIC LLC BRANCH,DXB,CLINIC,JEBEL ALI,"Omran orange camp, water front",04-3519199,GP
NMC POLYCLINIC BRANCH OF NMC HOSPITAL LLC - JAFZA- (NMC HEALTH GROUP),DXB,CLINIC,JEBEL ALI FREE AREA,"JEBEL ALI FREEZONE , DP WORLD CLINIC, DUBAI",04-8896399,MULTI-SPECIALITY
NOOR AL SHEFA JEBEL ALI INDUSTRIAL AREA,DXB,CLINIC,JEBEL ALI INDUSTRIAL AREA,"JEBEL ALI INDUSTRIAL AREA, NEAR PARCO SUPER MARKET",04-8878155,GENERAL PRACTICE
ADVANCED ORTHOSPINE,DXB,CLINIC,JUMEIRAH,"209 AL SHAFAR BUILDING, AL WASL ROAD",04-3444828,PHYSICAL THERAPY/REHABILITATION
JUMERIAH PRIME MEDICAL CENTER,DXB,CLINIC,JUMEIRAH,"Ground Floor, Al Ferdous 1, Al Wasl Road, Al Safa Dubai",04-3494545,"PED,GENERAL PRACTICE,OBS&GYN"
ASTER MEDICAL CENTRE- JLT,DXB,CLINIC,JUMEIRAH LAKE TOWER,"JUMEIRAH LAKE TOWERS, SHOP # G05-A RED DIAMOND BUILDING",04-4204069,"FAMILY PRACTICE, PEDIA"
KARAMA MEDICAL CENTRE BR JV,DXB,CLINIC,JUMEIRAH VILLAGE CIRCLE,JUMEIRAH VILLAGE CIRCLE,04-4229867,GENERAL PRACTICE
JUPITER SPECIALTY MEDICAL CENTER,DXB,CLINIC,KARAMA,"AL KARAMA METRO STATION, AL MANKOOL EXIT, VILLA 108",04-3866330,MULTI-SPECIALITY
NEW APOLLO POLYCLINIC,DXB,CLINIC,KARAMA,"KARAMA CENTRE, NEW LULU",04-3379040,GENERAL PRACTICE
DR. JOSEPH'S POLYCLINIC-GHI GROUP,DXB,CLINIC,KARAMA,"UMM HURAIR 1, ABOVE MANKHOOL PHARMACY",04-3378828,MULTI-SPECIALITY
KARAMA MEDICAL CLINIC,DXB,CLINIC,KARAMA,"UMM HURAIR 1, ABOVE SONY SHOWROOM",04-3366889,MULTI-SPECIALITY
MOOPENS MEDICAL CENTRE BRANCH KARAMA -DM HEALTHCARE,DXB,CLINIC,KARAMA,"UMM HURAIR 1, OPPISTE LULU SUPERMARKET , BESIDES GODLEN FORK REST.",04-3374767,"DERMA,GENERAL PRACTICE,OBSTETRICS/GYNECOLOGY"
UNION MEDICAL CENTRE,DXB,CLINIC,KARAMA,"UMM HURAIR 1, OPPOSITE PIZZA INN , BESIDES GMART",04-3978828,"GENERAL PRACTICE, PEDIA, GYNAE"
SIRAJUDEEN MEDICAL CENTER,DXB,CLINIC,KARAMA,"UMM HURIAR 1, JUMBO BLDG , 1ST FLOOR,NEAR KARAMA FISH & VRG MARKET",04-3345955,"G.P,PED,TRAUMATOLOGY"
NOOR AHALIA MEDICAL CENTRE- DXB(AHALIA GROUP),DXB,CLINIC,MAMZAR,MAMZAR CENTRE DUBAI;,04-2547556,GENERAL PRACTICE
PRIME MEDICAL CENTER (BRANCH),DXB,CLINIC,MIZHAR,"KHAWANEEJ ROAD, AL MIZHAR AREA , ARABIAN CENTER",04-2720720,"G.P , GENERAL SURGERY , ORTHO , GYNE"
PRIME MEDICAL CENTER MOTOR CITY (Br of Prime Medical Center LLC),DXB,CLINIC,MOTOR CITY,"First Avenue Mall, Al Hebaiah First Area, Motor City, Dubai",04-6079916,CLINIC
ADVANCED CARE MEDICAL CENTER BRANCH - ADVANCED CARE GROUP,DXB,CLINIC,MUHAISANAH 2,"NEAR AL QUASIS BUS STATION 5 , 32A STREET . SHAKLAN HYPERMARKET 2 , MUHAISNAH 2.",04-3807807,GENERAL PRACTICE
KARAMA MEDICAL CENTRE BR. MUHAISNAH-DUBAI,DXB,CLINIC,MUHAISNAH,"JIWIN STAFF ACCOMADATION, OPP TO DUBAI MUNICIPALITY, MADINA HYPER MARKET COMPLEX",04-2630341,GENERAL PRACTICE
ABEER ALNOOR POLYCLINIC L L C Branch,DXB,CLINIC,MUHAISNAH 2,"Room No.6& 31,Ground Floor,Musthafa Mall,Street No.19,Muhaisnah-2",04-2729966,MULTI-SPECIALITY
"NEW AL MUSALLA MEDICAL CENTER, MUHAISNAH 2",DXB,CLINIC,MUHAISNAH 2,SHAKALAN 2 SUPERMARKET BUILDING MUHAISNAH 2,04-2641449,MULTI-SPECIALITY
GRAND INFINITY MEDICAL CENTER,DXB,CLINIC,MUHAISNAH 4,"NEW MOHASINA BUILDING, BEIRUT STREET",04-2515458,"GENERAL PRACTICE, INTERNAL SPECIALIST, OBSTETRICS/GYNECOLOGY, PEDIATRICS, DENTAL"
AL MUHAISNAH POLYCLINIC DOCIB,DXB,CLINIC,MUHAISNAH-4,LULU VILLAGE,04-2544123,"GENERAL PRACTICE, GENERAL MEDICINE"
CLINICARE (BR OF IMARA HEALTHCARE LLC) - DUBAI,DXB,CLINIC,NAIF,"AHMED PLAZA, OPP. TO AL FUTTAIM MOSQUE, NAIF ROAD, DEIRA, DUBAI, U.A.E",04-2617175,"GENERAL PRACTITIONER, GENERAL DENTISTRY, INTER MEDICINE"
VCARE POLYCLINIC LLC- DUBAI,DXB,CLINIC,QUASIS,"NASMAH TOWER, AL ITTIHAD ROAD, QUSAIS",04-2654400,"GENERAL DENTISTRY, GENERAL PRACTITIONER"
MUSTAFA ALQAYSI MEDICAL CENTER LLC,DXB,CLINIC,QUSAIS,"AL NAHDA 1 , ALQUSAIS, AMMAN STREET , MAI BUILDING , DUBAI",04-8868823,MULTI-SPECIALITY
ASTER MEDICAL CENTRE,DXB,CLINIC,QUSAIS,"AL QUSAIS, DAMASCUS STREET",04-3933033,OBSTETRICS/GYNECOLOGY
ABEER AL NOOR POLYCLINIC,DXB,CLINIC,QUSAIS,"AL QUSAIS, MOZNA BLDG",04-2862410,MULTI-SPECIALITY
NEW LOTUS MEDICAL CENTER,DXB,CLINIC,QUSAIS,"DAMASCUS STREET , ABOVE SUNRISE SUPERMARKET, NEAR GRAND HOTEL",04-2619795,"GENERAL PRACTICE, DENTIST"
GOOD HEALTH POLYCLINIC,DXB,CLINIC,QUSAIS,"DAMASCUS STREET , NEAR DUBAI GRAND HOTEL",04-2612000,GENERAL SURGERY
NASSER CLINIC,DXB,CLINIC,QUSAIS,"GHUAIS COOPERATIVE, DUBAI CO-OPERATIVE SOCIETY BLDG, QUSAIS",04-2631316,"GENERAL PRACTICE,PED"
DR. JOSEPH'S QUSAIS POLYCLINIC-GHI GROUP,DXB,CLINIC,QUSAIS,"GHUSAIS SHEIKH COLONY, GHUASIS COLONY / NEAR TALAL SUPERMARKT",04-2636767,"GENERAL PRACTICE,PED"
"ASTER MEDICAL CENTRE RAS AL KHOR BR OF DM HEALTHCARE LLC, RAS AL KHOR (DM HEALTHCARE)",DXB,CLINIC,RAS AL KHOR,"Marhaba Mall, Ground Floor, Shop No 16-17.",04-3425354,GENERAL PRACTICE
AL AZHAR CLINIC BRANCH 3-DUBAI-AL SANAIYA GROUP,DXB,CLINIC,RAS AL KHOR,"VEGETABLE AND FRUIT MARKET, SHOP NO 12, AL AWEER, RAS AL KHOR",04-2230244,GENERAL PRACTITIONER
CLINICARE SAMARI (BR OF IMARA HEALTHCARE LLC) - DUBAI,DXB,CLINIC,RAS AL KHOR INDUSTRIAL 3,"SAMARI RETAIL MALL, NEXT TO SAMARI RESIDENCES, RAS AL KHOR, INDUSTRIAL AREA 3, DUBAI",04-3322682,MULTI-SPECIALITY
PRIME MEDICAL CENTER RTA LLC - DUBAI (PRIME GROUP),DXB,CLINIC,RASHIDIYA,"BLOCK C, GROUND FLOOR, RTA HEADQUARTERS, UMMU RAMOOL, RASHIDIYA, DUBAI, UAE",04-2720720,GENERAL PRACTICE
AL NOOR POLY CLINIC (Br.)-GHI GROUP,DXB,CLINIC,SATWA,"AL HUBAIBA ROAD, OPP LAL'S SUPERMARKET",04-3498100,"ENT, OBSTETRICS/GYNECOLOGY, ORTHO"
NETCARE CLINIC,DXB,CLINIC,SATWA,"OFFICE # 107, 1ST FLOOR, DUBAI ISLAMIC BANK BUILDING, AL DHIYAFAH STREET",04-3988838,"OB GYNE, PEDIA, DENTIST"
AL SALEEM POLYCLINIC,DXB,CLINIC,SATWA,"PUBLIC BUS STATION AREA, MORJANA PLAZA BLDG.",04-4400500,"GENERAL PRACTICE,PED"
GLOBEHEALTH GENERAL CLINIC LLC (formerly known as Amrita Medical Centre),DXB,CLINIC,SATWA,"SATWA, ADEL GAFFAN BUILDING",04-3446484,GENERAL PRACTICE
"DULSCO MEDICAL CLINIC BRANCH, SMBZR (DULSCO GROUP) - temporary closed",DXB,CLINIC,SHAIKH ZAYED ROAD,"SHAIKH MOHAMMED BIN ZAYED ROAD, LABOUR VILLAGE, DUBAI, UAE.",04-3232442,GENERAL PRACTITIONAR
PRIME MEDICAL CENTER,DXB,CLINIC,SHK ZAYED RD,"SHEIKH ZAYED ROAD, IBRI HOUSE",04-3389389,MULTI-SPECIALITY
AXON MEDICA POLYCLINIC BR OF AXON MEDICA INVESTMENT MANAGEMENT LLC- DUBAI,DXB,CLINIC,SILICON OASIS,"Lynx building street, Lynx building, Silicon Oasis Dubai",04-3484992,MULTI-SPECIALITY
MEDICURE CENTRE BRANCH- SILICON OASIS,DXB,CLINIC,SILICON OASIS,SILICON OASIS,04-3793931,"PEDIA, ORTHO, GEN SURG."
ACCESS CLINIC SONAPURE2 -DM HEALTHCARE,DXB,CLINIC,SONAPUR,"DUBAI MUNICIPALITY BUILDING, FLOOR 1, SHOP NO 4, MUHAISINA 2, SONAPUR, DUBAI",04 2637279,"GENERAL PRACTICE, DENTAL"
"ZAHRAT AL SHEFA MEDICAL CENTRE LLC, MUHAISNAH 2 (NOOR AL SHEFA GROUP)",DXB,CLINIC,SONAPUR,"MUHAISNAH 2, AL GAITH BUILDING, SONAPUR, P O BOX 44957, DUBAI, UAE.",04-8878155,GENERAL PRACTITIONAR
ACCESS CLINIC SONAPUR,DXB,CLINIC,SONAPUR,"SAMEYA KHALIFA MOHD ALFUQAEI BUILDING, 24TH STREET, MUHAISANAH SECOND SONAPUR,",04-2510266,GENERAL PRACTICE
AL SANAIYA CLINIC,DXB,CLINIC,SONAPUR,"SONAPUR, NEAR BALADIYA CAMP",04-2543500,"GENERAL PRACTICE,GEN. SURGEON"
NEW SANAIYA CLINIC,DXB,CLINIC,SONAPUR,"SONAPUR, NEAR MADINA SUPERMARKET",04-2648101,"GENERAL PRACTICE,GEN. SURGEON"
ASTER MEDICAL CENTRE SHIEKH ZAYED ROAD BR OF DM HEALTHCARE LLC,DXB,CLINIC,Trade Center 1,"AL MANAL TOWER, TRADE CENTER 1, SHEIKH ZAYED ROAD, DUBAI-UAE",04-3200438,MULTI-SPECIALITY
"OXYGEN PLUS MEDICAL CENTER LLC,SZR- OXYGEN MEDICAL CENTER",DXB,CLINIC,TRADE CENTER FIRST,"FLAT 1805, GRAND SHERATON HOTEL, SHEIKH ZAYED ROAD",04-3887088,MULTI-SPECIALITY
F M C MEDICAL CENTER L L C,DXB,CLINIC,UMM SUQEIM 2,"AL WASL ROAD, UMSUQUEIM 2, VILLA # 5",04-3218388,MULTI-SPECIALITY
NMC DIC CLINIC AND PHARMACY BR OF NMC ROYAL HOSPITAL LLC - Dubai,DXB,CLINIC,WARSAN 1,"CHINA CLUSTER D01, GROUND FLOOR, SHOP NO.11 AND 20, WARSAN 1 , DUBAI",04-8108808,GP
AL SHARQ MEDICAL CENTER-AL ETIHAD,FUJ,CLINIC,FUJAIRAH,"AL SHARQI STREET , OPPOSITE SAFIR SUPERMARKET",09-2222444,"INTERNAL MEDICINE,ENT,DENTIST, OBSTETRICS/GYNAE, PED, DERMA"
COSMOMED,FUJ,CLINIC,FUJAIRAH,"AL SHARQI STREET , OPPOSITE SAFIR SUPERMARKET",09-2249545,DERMA
NORTHERN AL AHLIAH MEDICAL CENTRE-FUJAIRAH-AHALIA GROUP,FUJ,CLINIC,FUJAIRAH,"FATHIMA ROUND ABOUT,AL GURFA",09-2242515,GENERAL PRACTITIONER; DENTAL
FUJAIRAH PORT MEDICAL CENTRE,FUJ,CLINIC,FUJAIRAH,FUJAIRAH PORT,09-2228007,GENERAL PRACTICE
INTERNATIONAL MEDICAL CENTER,FUJ,CLINIC,FUJAIRAH,"GURDAH STREET , OPPSITE FISH MARKET",09-2229585,"OPHTHA,DENTIST,ENT,DERMA,GYNAE"
ASTER MEDICAL CENTRE FUJAIRAH,FUJ,CLINIC,FUJAIRAH,"OPPOSITE CHOITHRAM SUPER MARKET, HAMAD BIN ABDULLA STREET",09-2234912,GENERAL PRACTICE
EMIRATES MEDICAL CENTRE,FUJ,CLINIC,FUJAIRAH,"SHIEKH ZAYED ROAD, BESIDE THOMAS COOK AL ROSTOMANI , SIJI PHARMACY BUILDING",09-2233199,"DENTIST, INTERNAL MEDICINE,"
AL SHARQ MEDICAL CENTRE- DIBBA,FUJ,CLINIC,FUJAIRAH,"TRADE MARKET STREET, SIJI BUILDING",09-2444711,GENERAL PRACTICE
CENTRAL MEDICAL POLYCLINIC-FUJ,FUJ,CLINIC,KHORFAKKAN,"REAL ESTATE SERVICES BUILDING CORNICHE STREET, KHORFAKAN SHARJAH",09-2387649,ORTHODONTIST/DENTAL GENERAL PRACTITIONER
"AL RAFIDAIN MEDICAL CENTER LLC, RAK",RAK,CLINIC,AL KHARAN,"AL MUSAFRI BLDG, NEAR TO AL KHARAN R/A",07-2335500,GENERAL PRACTITIONER
RAS AL KHAIMAH MEDICAL CENTER AL HAMRA,RAK,CLINIC,HAMRA,"VILLA NO.-818, GATE NO.-6, AL HAMRA VILLAGE, RAS AL KHAIMAH",07-2278308,MULTI-SPECIALITY
RAS AL KHAIMAH MEDICAL CENTER AL NAKHEEL,RAK,CLINIC,RAS AL KHAIMAH,"NEAR FATHIMA SUPER MARKET, NAKHEEL, RAK",07-2335100,MULTI-SPECIALITY
AL GHAIL MEDICAL CENTER LLC - RAK - AL SHAMS GROUP,RAK,CLINIC,RAS AL KHAIMAH,"AL GHAIL SHOPPING CENTRE (MOHD. SHAAMS RASHID AL MAZROOI BLDG) AL GHAIL, PO. BOX 12884, RAS AL KHAIMAH.",06-5353004,"GENERAL PRACTITIONER, GENERAL DENTISTRY"
ARAFA MEDICAL CENTRE,RAK,CLINIC,RAS AL KHAIMAH,AL JISR BUILDING,07-2337898,"GENERAL PRACTICE, INTERNAL MEDICINE, PEDIATRICS"
AL FARABI SPECIALIST CLINIC,RAK,CLINIC,RAS AL KHAIMAH,"AL MUNTASSAR STREET , NAKHEEL ROAD",07-2276699,OTOLARYNGOLOGY (ENT)
EUROPEAN MEDICAL CENTER,RAK,CLINIC,RAS AL KHAIMAH,"CORNICH ROAD, AL QAQASIM",07-2333702,"ORTHO,G.P,GYNE."
AL NOOR DENTAL CENTER-RAK,RAK,CLINIC,RAS AL KHAIMAH,"Etisalat Street, Nakheel,Al Jazaa Pharmacy, Green Bldg. 1st floor 102, behind RAK Insurance",07-2288451,DENTAL
SPECIALIST'S MEDICAL CENTRE,RAK,CLINIC,RAS AL KHAIMAH,"FAISAL STREET , NEAR RAK OLD MUNICPALITY",07-2332255,GENERAL PRACTICE
"ALAHLIA MEDICAL CENTRE, RAS AL KHAIMAH (AHALIA GROUP)",RAK,CLINIC,RAS AL KHAIMAH,"GROUND FLOOR, CREEK PLAZA BUILDING, NEAR RAK GAS AND OPP. EXPO CENTRE, AL JAZAH ROAD, RAS AL KHAIMAH.",07-2331533,GENERAL PRACTICE
ASTER MEDICAL CENTRE -RAK -DM HEALTHCARE,RAK,CLINIC,RAS AL KHAIMAH,"NEXT TO MALABAR GOLD & DIAMONDS, OPPOSITE UNITED ARAB BANK, AL NAKHEEL, MUNTASIR , RAS AL KHAIMAH, UAE",07-2338866,"OBSTETRICS/GYNECOLOGY, DENTAL"
AL HUDAIBAH MEDICAL CENTRE,RAK,CLINIC,RAS AL KHAIMAH,"OMAN STREET , AL HUDAIBAH BUILDING, AL NAKHEEL",07-2222188,GENERAL SURGEON SP
CORNICHE MEDICAL CENTRE,RAK,CLINIC,RAS AL KHAIMAH,"OMAN STREET , AL NAKHEEL",07-2228456,DERMA
SHAAM MEDICAL CENTRE - RAK - AL SHAMS GROUP,RAK,CLINIC,RAS AL KHAIMAH,"OPP. SHAAM HOSPITAL, SHAAM, P.O.BOX 12884, RAS AL KHAIMAH.",06-5353004,"GENERAL PRACTITIONER, GENERAL DENTISTRY"
RAK MEDICAL CENTER AL JAZEERA,RAK,CLINIC,RAS AL KHAIMAH,RAS AL KHAIMAH,07-2213366,GENERAL PRACTICE
RAK MEDICAL CENTER GHALILLA,RAK,CLINIC,RAS AL KHAIMAH,RAS AL KHAIMAH,07-2432226,GENERAL PRACTICE
NMC ROYAL MEDICAL CENTRE / RAK,RAK,CLINIC,RAS AL KHAIMAH,"SULTAN FADEL BUILDING, AL QWASIM , CORNICHE ROAD",07-2332832,MULTI-SPECIALITY
INTERNATIONAL MEDICAL CENTER,RAK,CLINIC,RAS AL KHAIMAH,"VILLA 5, KHUZAM, OPP. NESNAS SUPERMARKET",07-2365366,"DENTIST, OPTH"
ASTER ABU SHAGHARAH MEDICAL CENTER,SHJ,CLINIC,ABU SHAGARA,"SHOP NO. 1, GROUND FLOOR, ASTER BUILDING",06-5568225,GENERAL PRACTICE
DR. ASHOK MENON CLINIC,SHJ,CLINIC,ABUSHAGARA,"ABU SHAGARA ROAD, FLAT NO. 12 LEVEL 1 CITY TOWER, ABUSHAGARA",06-5530557,"FAMILY PRACTICE,SURG."
EMIRATES MEDICAL CENTRE,SHJ,CLINIC,ABUSHAGARA,"KINF FAISAL STREET, OPP CHOITRAM SUPERMARKET",06-5551666,"GENERAL PRACTICE,DENTIST,HOMEO"
LIBERTY MEDICAL CENTRE,SHJ,CLINIC,ABUSHAGARA,"KING ABDUL AZEEZST, AL SAUD BLDG FLAT#104",06-5599379,GENERAL PRACTICE
ASTER ABU TINA MEDICAL CENTRE- DM HEALTHCARE,SHJ,CLINIC,ABUTINA,"SHEIKH MAJID BIN SAUD BIN KHALID BUILDING, GROUND FLR, AL SHARQ STREET NO. 103, ABUTINA",06-5619045,GENERAL PRACTICE
SUNNY SHARQAN MEDICAL CENTRE LLC - MOH7056 - SHARJAH (NMC GROUP),SHJ,CLINIC,AL AROUBA,"AL SHARQAN - EXTENSION AL AROUBA STREET, TOWARDS AJMAN, SHARJAH.",06-5667996,MULTI-SPECIALITY
AL DHAID MEDICAL CENTER,SHJ,CLINIC,AL DHAID,"OLD HOSPITAL ROAD, BEHIND VEGETABLE MARKET",06-8823535,GENERAL PRACTICE
BAGHDAD MEDICAL CENTRE - SHARJAH,SHJ,CLINIC,AL MADAM,"NATIONAL BANK OF ABU DHABI BUILDING, AL MADAM STREET",06-8861115,GENERAL PHYSICIAN
N.M.C MEDICAL CENTER L.L.C SHJ BR.,SHJ,CLINIC,AL MAJAZ,"AL ENTIFADHA ST, NEAR BUHAIRAH POLICE STATION",06-5566689,GENERAL PRACTICE
GANIN MEDICAL CENTER,SHJ,CLINIC,AL MAJAZ,"AL MAJAZ 3, BUHAIRA CORNICHE, SHARJAH",06-5315553,"OBS/GYNE,GENERAL DENTISTRY"
PRIME SPECIALIST MEDICAL CENTRE-SHARJAH,SHJ,CLINIC,AL MAJAZ 1,"2ND FLOOR OF SAFEER MARKET BUILDING, KING FAISAL STREET, AL MAJAZ-1, SHARJAH, UAE",06-5752200,GENERAL PRACTICE
SAHARA MEDICAL CENTRE LLC,SHJ,CLINIC,AL NADHA,"FLAT NO 105, AL SHAIBA BUILDING, OPP. AL NAHDA PARK, AL NAHDA, SHARJAH",06-5318887,"GP, DENTAL, OBG"
"ASTER AL NAHDA MEDICAL CENTER 1, AL NAHDA (DM HEALTHCARE)",SHJ,CLINIC,AL NAHDA,"Al Shaiba Building, Ground Floor, Opp. Carrefour Express, Near Dubai Sharjah High Way.",06-5958792,GENERAL PRACTICE
AHLAN MEDICAL CENTER- SHARJAH,SHJ,CLINIC,Al Nahda,"FLATE NO: 114, NBAD , OPPOSITE TO SAHARA CENTRE",06-5305882,GENERAL PRACTICE
AL SHIFA AL UROPI MEDICAL CENTER,SHJ,CLINIC,AL NAHDA,"GROUND FLOOR, QADISSIYA (TIGER) BUILDING - AL NAHDA, SHARJAH.",06-5376969,"VASCULAR SURGERY, GENERAL PRACTICE, DENTISTRY, OBSTRETICS AND GYNEACOLOGY"
N.M.C MEDICAL CENTER L.L.C SHJ BR.4,SHJ,CLINIC,AL NAHDA,"NEAR AL NAHDA PARK, NEAR AL NAHDA PARK",06-5305252,GENERAL PRACTICE
AL WAHDA MEDICAL CENTRE - SHARJAH,SHJ,CLINIC,AL NAHDA 1,"TAMI-3 BUILDING, 1ST FLOOR, NEAR AL NAHDA PARK",06-5259888,GENERAL PRACTICE
"AL AFDAL MEDICAL CENTER, SHJ",SHJ,CLINIC,AL QASSIMIA,"AL TAWOOS BLDG., AL MAHATTAH, KING ABDUL AZIZ, AL QASSIMIA",06-5590007,GP DENTAL
PRIME MEDICAL CENTER,SHJ,CLINIC,AL QASSIMIA,"IMMIGRATION ROAD, AL QASMIA BUILDING , NEAR MASHREQ BANK",06-5752200,"GENERAL PRACTICE,GYNE,PED,ENT"
NATHANI MEDICAL CENTER,SHJ,CLINIC,AL SHUAIHEEN,"ROLLA STREET, AL OWAIS BUILDING",06-5686200,ORTHOPEDICS
DR. ZIAD BAGHDAN CLINIC,SHJ,CLINIC,AL WAHDA,"AL WADHA STREET , ABOU GHAZALEH BLDG. FLAT 110",06-5333949,GENERAL PRACTICE
DR. HABIB ENT CLINIC,SHJ,CLINIC,BUHAIRA,"AL BUHARIA CORNICHE, CORNICHE PLAZA II FLAT 801",06-5727767,"ENT, GENERAL PRACTICE"
ADVANCED EYE CLINIC,SHJ,CLINIC,BUHAIRA,"BUHAIRA CORNICHE, AL FARDAN CENTER 207 A",06-5561220,OPTHALMOLOGY
NEW MEDICAL CENTRE,SHJ,CLINIC,BUHAIRA,"BUHAIRA CORNICHE, BELRESHED TOWER,NEXT TO CRYSTAL PLAZA",06-5758000,MULTI-SPECIALITY
BISSAN MEDICAL CENTRE,SHJ,CLINIC,BUHAIRA,"BUHAIRAH CORNICHE, FLAT 103 GOLDEN TOWER",06-5737005,"DENTIST, ORTHO"
DR. ABDUL GHANI SIDDIQUE - THE ENT CLINIC,SHJ,CLINIC,BUHAIRA,"CORNICHE ROAD, A-208/2,ALFARDAN CENTRE",06-5562727,ENT
AL KANARY MEDICAL CENTRE,SHJ,CLINIC,BUHAIRA,"NATIONAL PRINTS R/A, OPP UAE",06-5344439,"GENERAL PRACTICE,DENTIST"
ENJAB MEDICAL CENTER LLC,SHJ,CLINIC,BUHAIRAH,"AL BUHAIRAH CORNICHE, AL DURRAH TOWER, AL MAJAZ",06-5563433,GENERAL PRACTICE
DAMAS MEDICAL CENTER,SHJ,CLINIC,BUHAIRAH CORNICHE,"11TH FLOOR CORNICH PLAZA 1 BLDG, SHARJAH",06-5566411,DENTAL/DERMATOLOGY/GYNAECOLOGY
"LIMAR MEDICAL CENTER, SHARJAH (AL SAHA WA AL SHIFA GROUP)",SHJ,CLINIC,BUHAIRAH CORNICHE,"3RD FLOOR, BLOCK B, BUHAIRAH CORNICHE, AL SHAMSI, AL MAJAZ 1, SHARJAH",06-5744245,ORTHODONTICS
AL SHAMS AL JADEEDH MEDICAL CENTRE(EX AMRITA0,SHJ,CLINIC,DOUBLE COLA,"DOUBLE COLA ROAD, NEAR LACNOR",06-5397539,GENERAL PRACTICE
"AL DUNIA MEDICAL CENTER LLC, SHARJAH- AL RABEE CLINIC",SHJ,CLINIC,INDUSTRIAL AREA,"AL SHAMSI BUILDING SHOP NO-9-11, INDUSTRIAL AREA NO-12,STREET INDUSTRIAL ARE NO.3, SHARJAH",06-5384466,"GENERAL PHYSICIAN, DENTAL"
AL RABEE MEDICAL CENTER (FORMERLY KNOWN AS AL RABEE CLINIC),SHJ,CLINIC,INDUSTRIAL AREA,"INDUSTRIAL AREA 2, AL KHAN STREET",06-5391222,GENERAL PRACTICE
AL FURQAN MEDICAL CENTRE L.L.C,SHJ,CLINIC,INDUSTRIAL AREA,"SALIM AL JABERI BUILDING , BIN LADEN SQUARE, INDUSTRIAL # 11, SHARJAH",06-5353868,"GENERAL PRACTICE, DENTAL"
AL DARARY MEDICAL CENTRE,SHJ,CLINIC,INDUSTRIAL AREA 1,INDUSTRIAL AREA NO. 1,06-5336176,"GENERAL PRACTICE, DENTAL"
OXYGEN MEDICAL CENTER SHARJAH (Temporarily closed for Renovation),SHJ,CLINIC,KHALIFA STREET,"UNION INSURANCE BUILDING, AL NUAIMEYAH 3,KHALIFA ST., AJMAN",06-7406022,GENERAL PRACTICE
KHORFAKKAN PORT MEDICAL CENTRE,SHJ,CLINIC,KHORFAKAN,KHORFAKKAN PORT,09-2371400,GENERAL PRACTICE
MATHEW MEDICAL CENTRE,SHJ,CLINIC,KING FAISAL,"KING FAISAL ROAD, ABU SHAGARA",06-5595594,ENT
ASTER MEDICAL CENTRE,SHJ,CLINIC,KING FAISAL,"KING FAISAL ROAD, NEAR ADNOC GAS STATION",06-5509006,"SPECIALIST PHYSICIAN,GYNAE,ENT,DENTIST"
RIGHT MEDICAL CENTRE,SHJ,CLINIC,KING FAISAL,"KING FAISAL STREET , BEHIND EMAX AND SUNRISE SUPERMARKET BUILDING",06-5551575,"GENERAL PRACTICE, ORTHO, IM, DENTIST"
AL BARAKAH MEDICAL CLINIC,SHJ,CLINIC,KING FAISAL ROAD,"EMIRATES KEYS BUILDING, MAAZA SIGNAL, INDUSTRAIL AREA 4, KING FAISAL ROAD",06-5431763,GENERAL PHYSICIAN
AL FAIEZ MEDICAL CENTRE,SHJ,CLINIC,MADAM AREA,"MADAM R/A, MADAM",06-8861202,"GENERAL PRACTICE,GYNAE,DENTIST"
"SUNNY MAYSLOON SPECIALITY MEDICAL CENTRE LLC,SHARJAH - NMC HEALTHCARE",SHJ,CLINIC,MAYSALOON,"NEAR LULU HYPERMARKET, KUWAIT STREET,MAYSALOON",06-5455966,MULTI-SPECIALITY
"ASTER MUWAILEH MEDICAL CENTER, MUWAILEH (DM HEALTHCARE)",SHJ,CLINIC,MUWEILAH,"BIN THARYEM -8(GROUND FLOOR), MUWAILEH - BH STREET SH.MOHAMED BIN ZAYED, NEAR MASJID NEW MUWAILEH, SHARJAH UAE.",06-5358027,GENERAL PRACTICE
SIYAD SPECIALIST MEDICAL CENTRE,SHJ,CLINIC,NATIONAL PAINTS,"202-203, SIYAD MEDICAL BUILDING, NEAR NATIONAL PAINTS, MALIHA ROAD",06-5358305,GENERAL PHYSICIAN
DOCTORS MEDICAL CENTRE,SHJ,CLINIC,ROLLA,"ADCB BUILDING, NEAR SHARJAH POST OFFICE, ROLLA",06-5632100,"GYNECOLOGY,GENERAL PRACTICE,GEN.SURGEON"
ACCESS CLINIC ROLLA,SHJ,CLINIC,ROLLA,"ADNIC TOWER, GROUND FLOOR, FLAT NO 1,2,3, UM AL TARAFA",06-5612050,"GENERAL PRACTICE,DENTAL"
AL AMANAH MEDICAL CENTER,SHJ,CLINIC,ROLLA,"AL AROBA STREET , AL MUBARAK CENTRE (3RD FLOOR 308)",06-5615545,"DENTISTRY, ENT, INTERNAL MEDICINE"
DR. SANJAY MEDICAL CENTER,SHJ,CLINIC,ROLLA,"AL AROBA STREET , AL NABAA', / AL MUBARAK CENTER",06-5626525,"GENERAL SURGERY,OBSTETRICS/GYNECOLOGY,PED"
PERFECT MEDICAL CENTER,SHJ,CLINIC,ROLLA,"AL AROBA STREET , MOHD.AKEEL AND AHMED SHERANI BLDG",06-5630009,"GENERAL PRACTICE,ENT,ORTHO"
REEM MEDICAL DIAGNOSTIC CENTRE LLC,SHJ,CLINIC,ROLLA,"AL GHUWAIR, ROLLA",06-5620831,GENERAL PRACTICE
CLASS MEDICAL CENTRE,SHJ,CLINIC,ROLLA,"AL MURAQQAABTH ROAD, FLAT # 11 & 13 AL SAUD TOWER",06-5652332,OPTHALMOLOGY
ABRAHAMS MEDICAL CENTRE,SHJ,CLINIC,ROLLA,"AL ZAHRA STREET , ROLLA TOWER BUIDING,AL GUWAIR REGION",06-5612737,"GENERAL PRACTICE,OBSTETRICS/GYNECOLOGY"
ANTONY MEDICAL CENTRE,SHJ,CLINIC,ROLLA,"AROUBA STREET , AL MUBARAK CENTRE RM. 204",06-5630555,"GENERAL PRACTICE,OBSTETRICS/GYNECOLOGY,OPHTHA,PED"
UNICARE MEDICAL CENTRE,SHJ,CLINIC,ROLLA,"CLOCK TOWER ROUNDABT, OPP AL ZAHRA HOSPITAL",06-5630313,OTOLARYNGOLOGY (ENT)
MARINA MEDICAL CENTRE,SHJ,CLINIC,ROLLA,"Mezzanine Floor, Al Soor Building, Ibrahim Mohd Al Medfa Street, Above Lifeline Pharmacy, Al Soor Area, Al Mina Road, Sharjah",06-5625234,"DERMA,PED,GENERAL PRACTICE,DENTIST"
PREMIER MEDICAL CENTRE (ROYAL GARDEN PHARMACY),SHJ,CLINIC,ROLLA,"Mezzanine Floor, Emirates Post Office Building, Al Ghuwair, Rolla, Sharjah",06-5616188,"GP,GENERAL DENTISTRY,HOMEPATHY"
N.M.C MEDICAL CENTER L.L.C SHJ BR.2,SHJ,CLINIC,ROLLA,"ROLLA , ROLLA",06-5639966,GENERAL PRACTICE
IDEAL MEDICAL CENTER,SHJ,CLINIC,ROLLA,"ROLLA STREET, FLAT NO. 102, 1ST FLR. A BLK, UAE EXCHANGE BLDG.",06-5623844,MULTI-SPECIALITY
REEM SPECALISTS MEDICAL CENTRE.,SHJ,CLINIC,ROLLA,"ROLLA STREET, UAE EXCHANGE BUILDING",06-5625422,MULTI-SPECIALITY
MEDICARE CLINIC,SHJ,CLINIC,ROLLA,"ROLLA STREET, UAE EXCHANGE CENTRE BLDG. 4TH FLR.",06-5614225,"GENERAL PRACTICE,INT. MED."
MAMPILLY MEDICAL CENTER,SHJ,CLINIC,ROLLA,"SHARJAH GOLD CENTER(1 FLOOR) NEXT TO KM TRADING, ROLLA, SHARJAH",06-5616464,"GASTRO,OBSTETRICS/GYNECOLOGY,OPHTHA,PED"
SAIF ZONE MEDICAL CENTRE,SHJ,CLINIC,SAIF,SHARJAH AIRPORT INTERNATIONAL FREE ZONE CLINIC F2- 42-A,06-5578471,GENERAL PRACTICE
AL QASSIMMIAH MEDICAL CLINIC (ROYAL GARDEN PHARMACY),SHJ,CLINIC,SAJAA,"Ali Moosa Building, Near Sharjah Cement Factory, Sajaa Industrial Area",06-5310050,GP
AL AZHAR MEDICAL CLINIC - BR OF NEW SANAIYA GROUP,SHJ,CLINIC,SAJJA,"SHARJAH COOPERATIVE SOCIETY BUILDING, SAJJA, INDUSTRIAL AREA NO1 SHARJAH",06-5352323,CLINIC
CARE MEDICAL CENTER (BRANCH IF IMARA HLC) SHJ,SHJ,CLINIC,SHAHBA,1ST FLOOR WASIT STREET NWAEM CENTER AL SHAHBA SHARJAH,06-5455501,MULTI-SPECIALITY
N.M.C MEDICAL CENTER L.L.C SHJ BR.1,SHJ,CLINIC,SHAHBA,"AL WADHA STREET , DANA PLAZA BUILDING",06-5388966,"PED,GENERAL PRACTICE,GYN,OPHTHA,DERM"
NMC ROYAL MEDICAL CENTRE LLC (prev SUNNY HALWAN SPECIALITY MEDICAL CENTRE LLC),SHJ,CLINIC,SHAHBA,"NEAR LULU HYPERMARKET, KUWAIT STREET,MAYSALOON",06-5455966,MULTI-SPECIALITY
VENNIYIL MEDICAL CENTRE - (BHATIA TRADERS),SHJ,CLINIC,SHARJAH,"1st & 2nd floor investment building , al shauwaiheen , sharjah",06-5682258,MULTI-SPECIALITY
PRIME MEDICAL CENTER AL NAHDA,SHJ,CLINIC,SHARJAH,"AL NADHA ,",06-5251800,MULTI-SPECIALITY
REEM AL NAHDA MEDICAL DIAGNOSTIC CENTRE,SHJ,CLINIC,SHARJAH,"AL NAHDA, NEAR AL NAHDA PARK, OPP CARREFOUR MARKET",06-5304864,MULTI-SPECIALITY
LAMASAT MEDICAL CENTER,SHJ,CLINIC,SHARJAH,"AL SHAM TOWER,AL TAAWUN STREET, OPPOSITE SHARJAH EXPO CENTER",06-5591619,MULTI-SPECIALITY
AL BANNA MEDICAL CENTRE,SHJ,CLINIC,SHARJAH,"BEHIND NATIONAL BANK OF DUBAI, QASSIMIA",06-5752233,GENERAL PRACTICE
NMC DENTAL CENTRE LLC (prev. SUNNY DENTAL CENTER - SHJ),SHJ,CLINIC,SHARJAH,"BUHAIRA CORNICHE, BUHAIRA CORNICHE",06-5738300,MULTI-SPECIALITY
AL SHIFA AL KHALEEJI MEDICAL CENTRE,SHJ,CLINIC,SHARJAH,"CATERPILLAR ROAD, INDUSTRIAL AREA 2",06-5324224,"DENTIST, ORTHO, GENERAL PRACTICE, HOMEOPATHY"
AL SHAMS MEDICAL CENTRE,SHJ,CLINIC,SHARJAH,"CATERPILLAR SIGNAL,",06-5424255,"GENERAL PRACTICE,GYNAE,DENTIST"
"COSMO HEALTH MEDICAL CENTER, SHARJAH (NEW LOOK GROUP MEDICAL CENTER GRP)",SHJ,CLINIC,SHARJAH,"Culture Roundabout, Villa B 568, Culture Roundabout, Al Ramla West - Sharjah, U.A.E",06-5669910,"GP, DENTAL"
PRIME SPECIALIST MEDICAL CENTRE LLC - BRANCH 1 (SHARJAH),SHJ,CLINIC,SHARJAH,"GROUND FLOOR, ZERO 6 MALL, AL JURAINAH, UNIVERSITY CITY ROAD, SHARJAH",04-7070999,MULTI-SPECIALITY
AL AHLIA REGIONAL MEDICAL CENTRE,SHJ,CLINIC,SHARJAH,"IBRAHIM AL MEDFA STREET, OPP. ETISALAT MAIN BUILDING",06-5621700,GENERAL PRACTICE
AL MALIHA MEDICAL CENTER,SHJ,CLINIC,SHARJAH,MAIN ROAD OPPOSITE ETISALAT,06-8823334,GENERAL PRACTICE
MGM MEDICAL CENTRE LLC,SHJ,CLINIC,SHARJAH,"MGM MEDICAL CENTRE LLC, TOOM NO-205, 2ND FLOOR, AL FAISAL BUILDING 1, ABOVE SUZUKI SHOWROOM, KING FAIZAL ROAD, SHARJAH, UAE",06-5741444,"GENERAL PHYSICIAN, DENTIST"
ACCESS CLINIC MUWAILAH-DR. MOOPEN'S GROUP,SHJ,CLINIC,SHARJAH,"MUBARAK BUILDING, UNIVERSITY ROAD",06-5359933,GENERAL PRACTICE
FIRST GULF MEDICAL CENTRE,SHJ,CLINIC,SHARJAH,"NATIONAL PAINT R/A,",06-5347573,GENERAL PRACTICE
ZAFARULLAH MEDICAL CENTRE,SHJ,CLINIC,SHARJAH,"OP. MADEENA SUP. MRKT., MALIHA RD.",06-5443080,CLINIC
"SHAMAAL AL AHALIA MEDICAL CENTRE, SHARJAH (AHALIA GROUP)",SHJ,CLINIC,SHARJAH,"SHEIKH ZAYED STREET, NEAR CLOCK TOWER, OPP. KALYAN SILKS, SHARJAH.",06-5744529,GENERAL PRACTICE
ASTER AL NAHDA MEDICAL CENTRE-SHARJAH- DM HEALTHCARE,SHJ,CLINIC,SHARJAH,"SHOWROOM- 1, GROUND FLOOR, GOLDEN SANDS TOWER, AL NAHDA, SHARJAH",06 5267111,GENERAL PRACTICE
DUO PRIME CARE MEDICAL CENTER L.L.C - ABU DHABI - MF1505,AUH,CLINIC,MUSSAFAH,"B62,M4 STREET BUILDING NO.9, MUSSAFAH, ABU DHABI",02-5554339,GP - Internal - Genral Dentisitry
MEDZE CLINIC L.L.C,DXB,CLINIC,DEIRA,"G-01, THE CENTRE RESIDENCE, Abubakar Al Siddique Road,Al Muteena , Deira, Dubai, United Arab Emirates.",04-2380924,MULTI-SPECIALITY
SARHAD MEDICAL CENTER - ABU DHABI - MF1504,AUH,CLINIC,MUSSAFAH,"STREET 2 BUILDING 43,MUSSAFAH SANAIYA 2, ABU DHABI",02-5544887,GP - GENERAL DENTISTRY
RAK SMILE MEDICAL COMPLEX,RAK,CLINIC,AL NAKHEEL,"CONCORD AL MUNTASIR, AL NAKHEEL, RAS AL KHAIMAH",07-2260804,DENTAL
MAKKAH MEDICAL CENTER - FUJAIRAH,FUJ,CLINIC,AL MAHATA,"Eid Musalla road behind ADCB bank Fujairah ,Barakat building ,Faham Street ,Fujairah",09-2225051,GP
"BRITE MEDICARE MEDICALCENTER L L C, AL NAHDA",DXB,CLINIC,Al Nahda,"Flat no.403,Sundos Al Nahda Building, Al Nahda-2, Dubai, U.A.E.",04-5463535,MULTI-SPECIALITY
PATTAYA MEDICAL CENTRE AUH MF4438,AUH,CLINIC,Musaffah,"Building Number 216 Near I.Card,M-37, Mussafah Sanaiya, Abu Dhabi UAE",02-5530233,CLINIC
MOON LIGHT MEDICAL CENTER L.L.C - AL AIN - MF5363,AUH,CLINIC,AL AIN,"PLOT NO.37, ROAD NO.15,BATHA AL HAYER,SANAIYA, AL AIN",03-7519966,MULTI-SPECIALITY
"AL HANA MODERN MODERN MEDICAL CENTER LLC, AL JAFILIYA",DXB,CLINIC,DUBAI,"Al Hana Center, 2nd floor, Mankhool Road, Al Jafiliya, Dubai",04-3244034,MULTI-SPECIALITY
"NOOR ALAHLI MEDICAL CENTER L.L.C. - BRANCH, BANIYAS(AHALIA GROUP)",AUH,CLINIC,BANIYAS,"Near Zenith Supermarket / Daar -Al Uloom Private School, Baniyas, Abu Dhabi",02-5821206,"GENERAL PRACTICE, DENTISTRY"
"SEHATY MEDICAL CENTER, AL DHAFRA (YAS CLINIC GROUP)",AUH,CLINIC,ABU-DHABI,Al Dhafra – ICAD3 Abu Dhabi,02-5551412,GENERAL PRACTICE
"AIC MEDICAL CENTER, CWRC- AL RAYAN (YAS CLINIC GROUP)",AUH,CLINIC,ABU-DHABI,"CWRC- Al Rayan – Al Mafraq Workers City; Abu Dhabi, PO Box 4600",02-5463531,GENERAL PRACTICE
"ILLC MEDICAL CLINIC, AL NASSER WORKERS VILLAGE (YAS CLINIC GROUP)",AUH,CLINIC,ABU-DHABI,"AL Nasser Workers Village, AL Mafraq-Abu Dhabi",02-5538098,GENERAL PRACTICE
"A M H MEDICAL CLINIC, VILLAGE INN 2 (YAS CLINIC GROUP)",AUH,CLINIC,ABU-DHABI,"Village inn 2- Al Mafraq Workers City; Abu Dhabi, PO Box 4600",02-5551412,GENERAL PRACTICE
"H H C MEDICAL CLINIC, MILCO CAMP (YAS CLINIC GROUP)",AUH,CLINIC,ABU-DHABI,"MILCO CAMP- Al Mafraq Workers City -Abu Dhabi; Abu Dhabi, PO Box 4600",02-5463520,GENERAL PRACTICE
"A L D MEDICAL CLINIC, DHABI HAMEEM CAMP (YAS CLINIC GROUP)",AUH,CLINIC,ABU-DHABI,"Dhabi Hameem Camp- Hameem Worker City; Abu Dhabi, PO Box 4600",02-5533172,GENERAL PRACTICE
"A M C MEDICAL CLINIC, CCC HAMEEM CAMP (YAS CLINIC GROUP)",AUH,CLINIC,ABU-DHABI,"CCC HAMEEM CAMP-Hameem Worker City; Abu Dhabi, PO Box 4600",02-5463531,GENERAL PRACTICE
"CHC MEDICAL CLINIC, VILLAGE INN 1 (YAS CLINIC GROUP)",AUH,CLINIC,ABU-DHABI,Village inn 1- Al Mafraq Workers City; Abu Dhabi PO Box 4600,02-5463530,GENERAL PRACTICE
ASTER AL SUWAIHAT MEDICAL CENTER - SHARJAH (DM HEALTHCARE),SHJ,CLINIC,SWAIHAT,"Sharjah Co Op Building, Ground floor, Wasit Street, Suwaihat - Sharjah",04-4400500,"GP, Pediatrics, Internal Medicine"
ASTER PHARMACY 157 BR OF ASTER PHARMACIES GROUP LLC - CLINIC - DUBAI (DM HEALTHCARE),DXB,CLINIC,JEBEL ALI,EXPO VILLAGE RESIDENCES 4 -GROUND FLOOR -EXPO VILLAGE - NEAR EXPO METRO STATION-MADINAT AL MATAR- DUBAI,04-5475037,GP
FAMILY CLINIC (BR OF OXFORD MEDICAL CENTER L.L.C.)(DUBAI BRANCH),DXB,CLINIC,SATWA,"Bldg # 396, Al Bada Oasis Building, Opp. Iranian Hospital Emergency Gate, Al Hudaibah",04-3451145,MULTI-SPECIALITY
SPECIALIZED MEDICAL AND DENTAL CENTER,DXB,CLINIC,SATWA,"Al Mina Road, 2nd December Street, Al Hudaiba Awards Building",04-3278111,DENTAL
DR. ISMAIL MEDICAL CENTRE,DXB,CLINIC,AL QUOZ,"26TH STREET, NEXT TO OLA AL MADINA HYPERMARKET",04-3381550,"GENERAL PRACTICE, GEN. SURGEON"
DR. ISMAIL NEW POLYCLINIC,DXB,CLINIC,DISCOVERY GARDENS,"ZEN CLUSTER 3, OPP CHELEA TOWER HOTEL, GROUND FLOOR, FLAT 6 - 7, DISCOVERY GARDEN, JEBAL ALI",04-4494087,GENERAL PRACTICE
DR.ISMAIL POLYCLINIC-BRANCH JEBAL ALI,DXB,CLINIC,JEBEL ALI,"PARCO AREA, NEAR MINI GRAND MALL, JEBAL ALI IND-AREA-1",04-8877750,GENERAL PRACTICE
DR. ISMAIL POLYCLINIC KARAMA,DXB,CLINIC,KARAMA,"FLOOR #1, FLAT #11-12, SHEIKH MOHD BUILDING, 43-A STREET",04-3378585,MULTI-SPECIALITY
DR. ISMAIL MEDICAL CENTRE-MUHAISNAH BRANCH,DXB,CLINIC,MUHAISNAH,"NEAR MANGO HYPERMARKET, MUHAISNAH II,",04-2646529,GENERAL PRACTICE
"TOTAL CARE CLINIC (BR.ALFUTTAIM HEALTHCARE SINGLE PERSON COMPANY LLC), MUHAISNAH SONAPUR",DXB,CLINIC,MUHAISNAH,"Galadhari Brothers Co LLC BUILDING, Muhaisinah Second, 28,13a St.",8002344,GP
SABAH AL NOOR MEDICAL CENTER (previously known as AL TAIF MEDICAL CENTRE-SHARJAH),SHJ,CLINIC,KING FAISAL,"KING FAISAL STREET, JUMBO SONY BUILDING",06-5558441,GENERAL PRACTICE
MEDIC POLYCLINIC,DXB,CLINIC,KARAMA,"ZABEEL ROAD, LEVEL 2, HAMSAH COMMERCIAL COMPLEX, (OPPOSITE THE MINISTRY OF FOREIGN AFFAIRS)",04-3554111,CARDIOLOGY
DR. SANJAY MEDICAL CENTER-DUBAI,DXB,CLINIC,AL QUOZ,"AL QUOZ 4,2ND FLOOR, AL KHAIL MALL",04-3285999,GENERAL PRACTICE
ANAYA MEDICAL CENTER LLC BRANCH,DXB,CLINIC,JABAL ALI,"Shop No 18, Mezzanine Floor Floor, Crystal Mall, Hilal Al Madina Hypermarket Jabal Ali , Dubai",04-2341479,GENERAL PRACTICE
BRISTOL MEDICAL CENTRE,SHJ,CLINIC,AL NAHDA,"JUMA AL MAJID, AL NAHDA SHARJAH",06-5266615,MULTI-SPECIALITY
AL RUKN MEDICAL CENTER,AJM,CLINIC,RUMAILLAH AREA,"Al Zaheer Street, Rashidiya -3, Ajman Bank Property Building, FLAT No101-106, Ajman UAE",06-7482005,GENERAL PRACTIONER
NOOR MEDICAL CLINIC,SHJ,CLINIC,SHARJAH,"Opp. Arabian Gulf street, Al Shuwaiheen, Flat No 202, Sharjah",06-5684974,GENERAL PRACTIONER
COSMPOLITAN MEDICAL CENTRE L.L.C.,AUH,CLINIC,AL DHAFRA,"FF 221 HAMEEM MALL AL SALAM CITY, AL DHAFRA ABU DHABI",02-5555328,"GP, DENTAL"
REGAL MEDICAL CENTRE - SHARJAH,SHJ,CLINIC,NATIONAL PAINT R/A,"AL WADI BUILDING, FLAT 104, KALBA ROAD, NEAR NATIONAL PAINTS, SHARJAH.",06-5354175,GENERAL PRACTICE
AL ABEER MEDICAL CENTER DAY SURGERY UNIT L.L.C.,AUH,CLINIC,NAJDA,"BLDG. NO. 5022, ISMAEIL ABBAS KHOORI BUILDING, FATIMA BINT MUBARAK ST",02-6330440,MULTI-SPECIALITY
ALI MEDICAL CENTRE,DXB,CLINIC,DEIRA,"NAIF ROAD, ABOVE CONCORD RENT A CAR .(NEAR AL FUTTAIM MOSQUE)",04-2246566,GENERAL PRACTICE
"DR JOY DENTAL CLINIC LLC BRANCH, JVC BRANCH (DR JOY GRP)",DXB,CLINIC,JVC,"RT1007, First Floor Circle Mall, JVC",04-5799871,DENTAL
LIFE DWTC PHARMACY EXPRESS CLINIC,DXB,CLINIC,Dubai World Trade Centre,"Concourse 1, Dubai World Trade Centre, Dubai - UAE PO box 71246",04-5610000,MULTI-SPECIALITY
LIFE PHARMACY 74 EXPRESS CLINIC,DXB,CLINIC,DUBAI MARINA,"Shop No. 3, Elite Residence, Dubai Marina, Dubai",04-5610000,MULTI-SPECIALITY
NATURES LIFE EXPRESS CLINIC LLC,DXB,CLINIC,JUMEIRAH,"Al Wasl Road , Dubai, Jumeirah",04-5610000,MULTI-SPECIALITY
LIFE PHARMACY EXPRESS CLINIC,DXB,CLINIC,SHEIKH ZAYED ROAD,"Maznine Floor,White Swan Building, Shiekh Zayed Road",04-5610000,MULTI-SPECIALITY
DOHA PHARMACY EXPRESS CLINIC,DXB,CLINIC,SHEIKH ZAYED ROAD,"Al Attar Tower, Shk.Zayed Road, Dubai",04-5610000,MULTI-SPECIALITY
LIFE PEARL PHARMACY EXPRESS CLINIC,DXB,CLINIC,DUBAI MARINA,"Shop#9, Marina pearl Buldg,Dubai Marina,Dubai",04-5610000,MULTI-SPECIALITY
LIFE MURAQABAT PHARMACY EXPRESS CLINIC,DXB,CLINIC,AL MURAQABAT,"Shop#1,R471 building,Wasl Trio block A,Al Muraqabat Rd,dubai",04-5610000,MULTI-SPECIALITY
LIFE PHARMACY 16 EXPRESS CLINIC,DXB,CLINIC,MARSA,"Unit no. R-18, Ground Floor – Bluewaters Residences 8, Marsa, Dubai, UAE",04-5610000,MULTI-SPECIALITY
TAMAM OPTICAL LLC,DXB,CLINIC,AL QUSAIS,"BELRASHEED BUILDING, NEAR FORTUNE PLAZA HOTEL, AL NAHDA ROAD, AL QUSAIS DUBAI, UAE",04-2520636,OPTICAL
AL TAMAM OPTICS SHARJAH,SHJ,CLINIC,SHARJAH,"ALZAROUNI BUILDING (IN BETWEEN AL REEM BAKERY & MUSALLAH PARK), AL ZAHRA STREET ,SHARJAH",06-5616057,OPTICAL
ZIA MEDICAL CENTRE - ABU DHABI / MF1413,AUH,CLINIC,MUSAFFAH,"BUILDING NO. 104, SHABIYA KHALIFA, SECTOR 12 OPPOSITE UAE EXCHANGE BUILDING",02-5522201,MULTI-SPECIALITY
TAMAM OPTICS AJMAN,AJM,CLINIC,AJMAN,"SHEIKH BUILDING (NEAR GIANT SUPER MARKET),SHEIKH RASHID BINHUMAID STREET, AJMAN.",06-7446233,OPTICAL
AL QABAIL MEDICAL CENTRE LLC (prev. APOLLO MEDICAL CENTRE-ICAD BR-2),AUH,CLINIC,MUSAFFAH,"SHOP NO 9 & 10, AL JIMI WORKERS VILLAGE COMPLEX, ICAD ROAD",02-5575531,GENERAL PRACTICE GDN
MODERN FAMILY CLINIC,DXB,CLINIC,KARAMA,"ZABEEL STREET, AL KARAMA, UMM HURAIR BUILDING, SHOP NO. 5",04-3343263,MULTI-SPECIALITY
NEW AL KANZ PHARAMCY BRANCH EXPRESS CLINIC,DXB,CLINIC,"JLT, Dubai","J2 TOWER, CLUSTER J -JLT, DUBAI UAE",04 5610000,GENERAL PRACTICE
HALA PHARMACY 13 EXPRESS CLINIC,DXB,CLINIC,"INTERNATIONAL CITY,DUBAI","SHOP # 22 & 24,S-6 BUILDING, SPAIN CLUSTER,INTERNATIONAL CITY,DUBAI",04 5610000,GENERAL PRACTICE
LIFE PHARMACY 77EXPRESS CLINIC,DXB,CLINIC,AL SATWA,"FIRST FLOOR,MANILA MALL, BELJAFLA, SATWA DUBAI",04 5610000,MULTI-SPECIALITY
LIFE PHARMACY 25 EXPRESS CLINIC,DXB,CLINIC,AL KARAMA,AJSM investment Building - Al Karama - Dubai,04 5610000,MULTI-SPECIALITY
RETAJ MEDICAL CENTER LLC- RAK,RAK,CLINIC,RAS AL KHAIMAH,UNITED INSURANCE COMPANY BUILDING F1,07-2359818,"GENERAL PRACTICE, DENTAL,OBSTETRICS/GYNECOLOGY"
ORIANA MEDICAL CENTER LLC (AJMAN) - 8045,AJM,CLINIC,AL JURF,"AL JURF INDUSTRIAL ZONE 1, AJMAN",06-5771777,MULTI-SPECIALITY
ORIANA SPECIALITY HOSPITAL CLINICS - 7986,SHJ,CLINIC,AL GOAZ,"Sheikh Khalid Bin Khalid Al Qasimi Street, Al Goaz,Sharjah",06-5771777,MULTI-SPECIALITY
ADAM & EVE SPECIALIZED MEDICAL CENTRE L.L.C. BRANCH/ MF5163,AUH,CLINIC,KARAMA STREET,"BUILDING NUMBER 209, KARAMA STREET, NEAR KAYA COSMETIC CENTRE, ABU DHABI, Abu Dhabi, United Arab Emirates, 32866",02-6219996,CLINIC
LIFE AL QUSAIS PHARMACY EXPRESS CLINIC,DXB,CLINIC,AL Qusais,"Near Icare Clinic,Al Huraiz Building, Damascus Street",04-5610000,MULTI-SPECIALITY
JADAF LIFE PHARMACY (BR OF LIFE PHARMACY L.L.C),DXB,CLINIC,Al Jeddaf,"Retail#1, Riah Towers, Culture Village, Al Jeddaf, Dubai - UAE",04-5610000,MULTI-SPECIALITY
RAMADA LIFE EXPRESS CLINIC,DXB,CLINIC,AL MANKHOOL,"Near hotel Ramada, AL TAWHIDI BUILDING 2, AL MANKHOOL",04-5610000,MULTI-SPECIALITY
ROYAL LIFE EXPRESS CLINIC,DXB,CLINIC,Al Warqa,"Unit # 1 OLD HOME NEEDS SM, Al Warqa Dubai UAE",04-5610000,MULTI-SPECIALITY
AHALIA MEDICAL CENTRE AJMAN-1000405,AJM,CLINIC,AL ITTIHAD STREET,"Near Emirates Market, Al Ittihad Street, Asyad Tower",06-7497557,GENERAL PRACTICE
CARE POINT MEDICAL CENTER - RAK,RAK,CLINIC,AL NAKHEEL,AL NAKHEEL AREA - OPPOSITE NAEEM MALL - RAS AL KHAIMAH,07-2081222,MULTI-SPECIALITY
AL SHIFA AL UROPI MEDICAL CENTER DWC LLC,DXB,CLINIC,DUBAI,"DUBAI, DUBAI WORLD CENTRAL, MADINAT AL MATTAR STREET, BUILDING B3 THE PULSE RESIDENCE PARK PODIUM.",06-5242042,MULTI-SPECIALITY
SHIFA AL JAZEERA MEDICAL CENTRE - SHARJAH,SHJ,CLINIC,SHARJAH,Al Zahra'a St - Al Gharb - Al Musalla - Sharjah,06-5218889,MULTI-SPECIALITY
SHIFA AL JAZEERAH MEDICAL CENTRE LLC - RAK - BR OF AL MAHMOUD MEDICAL CENTRE,RAK,CLINIC,RAK,"M FLOOR, 12829, AL NAKHEEL,FATHIMA SUPERMARKET BUILDING, RAK.",07-2211218,MULTI-SPECIALITY
SHIFA AL RABEE MEDICAL CENTRE,SHJ,CLINIC,MUWEILAH,"SHIFA AL RABEE MEDICAL CENTRE BUILDING,GROUND FLOOR,2609,BUS STATION ROAD,MUWAILEH INDUSTRIAL AREA COMMERCIAL SHJ .",06-5959123,"GP,GENERAL DENTISTRY,INTERNAL MEDICINE, OB/GYN"
SHIFA AL JAZEERA MEDICAL CENTRE LLC-AJMAN (SHIFA AL JASEERA GROUP),AJM,CLINIC,AJMAN,"Muhdda Building, Near Nesto Hypermarket, New Sanaya, Ind. Area - 2, Ajman - U A E.",06-7444830,"GENERAL DENTISTRY, GENERAL PRACTICE, INTERNAL MEDICINE"
SHIFA AL JAZEERAH MEDICAL CENTRE - L.L.C 01,AJM,CLINIC,AL JURF,"JURF 1, 397 / 3 , GROUND FLOOR, AJMAN - UAE",06-8812681,"GP,GENERAL DENTISTRY"
"LIFE PHARMACY 44 EXPRESS CLINIC (BR OF LIFE PHARMACY L.L.C), OASIS MALL (LIFE GROUP)",DXB,CLINIC,Al Qouz,"Oasis Mall - Ground Floor, Shop No. 109 - Al Quoz 1 - Dubai",04-5610000,GENERAL PRACTICE
DENTIST DIRECT DS CLINIC L.L.C,DXB,CLINIC,AL Barsha,Ground Floor Shop G 23 i Rise Tower Barsha Heights,04-4559398,GENERAL PRACTICE
MENA LABS MEDICAL LABORATORY LLC - ABU DHABI - MF4829,AUH,DIAGNOSTICS,ABU DHABI,"AL MAZROUI BUILDING, 2ND FLOOR, NAJDA STREET, NEAR ABU DHABI MUNICIPALITY.",02-4483699,DIAGNOSTIC
"AL TAJ MEDICAL LABORATORY, ABU DHABI",AUH,DIAGNOSTICS,AL AIN,"Al Fardan Exchange Building, Town Center, Al Ain, U.A.E",03-7666082,LABORATORY
AL FARHAN MEDICAL LABORATORY L L C,AUH,DIAGNOSTICS,BANIYAS,"BANIYAS EAST, BEHIND SULTAN BAKERY",02-5833417,LABORATORY
IDEAL CLINICAL LABORATORIES,AUH,DIAGNOSTICS,MUSAFFAH,"C44,SHABIYAH SECTOR-10, MUSAFFAH",02-5558448,LABORATORY
PROFICIENCY HEALTHCARE DIAGNOSTIC LABORATORIES LLC DUBAI BR,DXB,DIAGNOSTICS,AL BARSHA 1,"410, YES BUSINESS CENTRE, AL BARSHA -1, DUBAI, UAE",04-2776162,LABORATORY
AIRIS IMAGING AND DIAGNOSTIC CENTER LLC,DXB,DIAGNOSTICS,AL NAHDA,"AL NAHDA 1, AMMAN STREET, OPP NMC HOSPITAL",04-8525916,DIAGNOSTIC
STAR METROPOLIS CLINICAL LABORATORIES - DUBAI (EBP WITH MEDNET CONNECT APPROVAL),DXB,DIAGNOSTICS,AL SAFA 1,"#212, MARDOOF BUILDING",04-3465268,LABORATORY
"PH DIAGNOSTICS LLC, DUBAI (EBP with MedNet connect approval)",DXB,DIAGNOSTICS,BUR DUBAI,"AL ABBAS BUILD.-1,FIRST FLOOR, NR. BURJUMAN METRO",04-3543350,DIAGNOSTIC CENTRE
AL ABBAR LAB. FOR RESEARCH & MED. ANALYSIS,DXB,DIAGNOSTICS,BUR DUBAI,"KHALID BIN WALID STREET , NEXT TO BURJUMAN CENTER , NEXT UBL BUILDING",04-3592641,"LABORATORY, RADIOLOGY"
MEDINOVA DIAGNOSTIC CENTRE,DXB,DIAGNOSTICS,BUSINESS BAY,"ASTER JUBILEE COMPLEX, KHALID BIN AL WALEED ROAD",04-3936396,"LABORATORY, RADIOLOGY"
AL BORG LABORATORY,DXB,DIAGNOSTICS,DEIRA,"ABU BAKER AL SEDICQUE, AL MAJID BLDG",04-2975566,"LABORATORY, RADIOLOGY"
"ASTER IMAGING CENTRE, AL MUTEENA (DM HEALTHCARE)",DXB,DIAGNOSTICS,DEIRA,"AL GHURAIR REAL ESTATE BUILDING, GROUND FLOOR, SHOP NO. 4, AL MUTEENA STREET, DEIRA.",04-2532900,DIAGNOSTIC
GLOBAL HAWK IMAGING & DIAGNOSTICS,DXB,DIAGNOSTICS,DEIRA,"AL ITTIHAD ROAD, NEAR KIA SHOWROOM",04-2364477,"LABORATORY, RADIOLOGY"
DUBAI MEDICAL LABORATORY,DXB,DIAGNOSTICS,DEIRA,"MAKTOUM STREET , DUBAI TOWER 2ND FLR. FLAT # 209",04-2213166,"LABORATORY, RADIOLOGY"
PREMIER DIAGNOSTIC CENTRE,DXB,DIAGNOSTICS,DEIRA,"SALAHUDIN STREET,",04-2208899,"CT,MRI,XRAY,USG,LAB"
CPS-CLINICAL PATHOLOGY SERVICES,DXB,DIAGNOSTICS,JUMEIRAH,UMM SUQUEIM ROAD,04-3883660,LABORATORY
BIOHEALTH DIAGNOSTIC CENTER - DUBAI,DXB,DIAGNOSTICS,KARAMA,"ZABEEL BLDG, UMM HURRAIR, KARAMA, DUBAI",04-3885828,LABORATORY -RADIOLOGY
"TRUST MEDICAL LABORATORY, MAMZAR",DXB,DIAGNOSTICS,MAMZAR,"AL MAMZAR- AL WAHIDA STREET, DIB BUILDING",04-2398766,DIAGNOSTICS
"HISTOPATHOLOGY AND SPECIALTY LABORATORY, DXB- MEDSOL",DXB,DIAGNOSTICS,RIGGA,"LEVEL 2 RIGGA BUSINESS CENTER, RIGGA",04-2309275,LABORATORY
EMIRATES SPECIALIZED LABORATORY,DXB,DIAGNOSTICS,UMM SUQUIM 2,"VILLA, AL WASL ROAD",04-3486645,LABORATORY
EMIRATES MEDICAL LABORATORY,SHJ,DIAGNOSTICS,BUHAIRA,"BUHAIRA CORICHE, AL SAMADI SWEET BUILDING",06-5736866,"LABORATORY, RADIOLOGY"
MENA LABS MEDICAL LABORATORY (PREV KNOWN AS UNIVERSAL MEDICAL LABORATORY) SHARJAH,SHJ,DIAGNOSTICS,BUHAIRA CORNICHE,"BEL-RESHEED TOWER 1, 4TH FLOOR, ROOM 403,AL BUHAIRA SAME BUILDING WITH NMC HOSPITAL",06-5754979,LABORATORY
"ASTER DIAGNOSTIC CENTER, MEGA MALL (DM HEALTHCARE)",SHJ,DIAGNOSTICS,MEGA MALL,"Abdullah Ahmed Abdul Rahman Building, Ground Floor, Shop No 1 -3, Behind Mega Mall, Behind King Abdulaziz Street.",06-5973300,DIAGNOSTIC
TEXAS MEDICAL LAB,SHJ,DIAGNOSTICS,SAMNAN AREA,"FIRST FLOOR, AL WASIT STREET",06-5622988,LABORATORY
AL SAFWA RADIOLOGY CENTER,SHJ,DIAGNOSTICS,SHARJAH,"3RD FLOOR, CG MALL, KING FAISAL STREET, AL MARZOUKI TOWER",06-5288110,LABORATORY
MEDIPLUS DISGNOSTIC CENTRE,SHJ,DIAGNOSTICS,SHARJAH,"AL AROOBA STREET, FLAT 303 MUBARAK CENTRE",06-5634347,"LABORATORY, RADIOLOGY"
AL BURJ MEDICAL LAB SHARJAH,SHJ,DIAGNOSTICS,SHARJAH,"CRYSTAL PLAZA TOWER C, 3RD FLOOR - 304 RM, KING FAISAL ROAD",06-5752100,LABORATORY
ADVANCED MEDICAL LABORATORY,AUH,DIAGNOSTICS,AL AIN,"MAIN STREET, SHEIKH AHMED BIN ZAYED BLDG.",03-7641441,LABORATORY
THE OPEN MRI CENTER LLC-MF2487,AUH,DIAGNOSTICS,AL NAYHAN,"AL NAHYAN COM BUILDING-5B, HANEEM STREET,",02-4442246,RADIOLOGY
UNILABS DIAGNOSTICS L.L.C(PREVIOUSLY KNOWN AS ANNAB LABORATORY LLC )- MF167,AUH,DIAGNOSTICS,KHALIFA STREET,"OFFICE#804, 8TH FLOOR, ITTIHAD BUILDING, KHALIFA STREET, ABU DHABI.",02-6274767,DIAGNOSTICS
"LULU RAHA PHARMACY - LLC , AL RAHA MALL , DOCIB GROUP",AUH,PHARMACY,ABU DHABI,"AL RAHA MALL, CHANNEL STREET ,ABUDHABI",02-5562607,PHARMACY
LIFE CARE INTERNATIONAL PHARMACY L.L.C- BRANCH - ABU DHABI - VPS GROUP,AUH,PHARMACY,ABU DHABI,"AL WATHBA STREET, RAZEEN WORKERS CITY, ABU DHABI",02-5826812,PHARMACY
"AL QADI PHARMACY & ESTABLISHMENT. L.L.C, ABU DHABI",AUH,PHARMACY,ABU DHABI,"Jasim Ahmed Al Hindi Bldg. Sheikh Zayed 1st Street Khalidiya, Abu Dhabi UAE",02-6341122,PHARMACY
"LULU AL AIN PHARMACY-LLC-BRANCH , Kuwaitat , DOCIB GROUP",AUH,PHARMACY,ABU DHABI,"NEAR BRAINI BORDER , KUWAITAT ABU DHABI , LULU HYPERMARKET BUILDING - AL AIN RD",03-7640677,PHARMACY
AL MARINA PHARMACY,AUH,PHARMACY,ABU DHABI,ABU DHABI,02-5503115,PHARMACY
BRIGHT POINT PHARMACY LLC,AUH,PHARMACY,ABU DHABI,ABU DHABI,02-5558825,PHARMACY
NEW AL SHAM PHARMACY,AUH,PHARMACY,ABU DHABI,"Abu Dhabi Island, E09_02 sector, Al salam street behind Lulu supermarket Russian Embassy area",02-6262080,PHARMACY
AL MANARA PHARMACY - BRANCH 10 - AL MANARA GROUP - PF2975,AUH,PHARMACY,ABU DHABI,"ABU DHABI MALL, ZAHIA, ABU DHABI",02-6452323,PHARMACY
BAIN AL QASRAIN PHARMACY,AUH,PHARMACY,ABU DHABI,ADNEC EXIBHITION CENTRE,02-4469300,PHARMACY
AL MANARA PHARMACY -BRANCH 5 - AL MANARA GROUP - PF2875,AUH,PHARMACY,ABU DHABI,"ADNEC, KHALEEJ ARABI STREET, ABU DHABI",02-6663083,PHARMACY
ELITE MODERN PHARMACY,AUH,PHARMACY,ABU DHABI,"AIRPORT ROAD, CARRFOUR CITY CENTRE",02-4494209,PHARMACY
BURJEEL RETAIL PHARMACY L.L.C - BRANCH 4 / PF1672,AUH,PHARMACY,ABU DHABI,"AIRPORT ROAD, SHOP 225-226, 2ND FLOOR, MUSHRIF MALL",02-4470407,PHARMACY
AL AFDAL PHARMACY,AUH,PHARMACY,ABU DHABI,"AL AFDAL PHARMACY OPPOSITE ROYAL ROSE HOTEL, ELECTRA STREET, ABUDHABI",02-6334277,PHARMACY
AL HAKEEM LAND PHARMACY - ABU DHABI - PF1274,AUH,PHARMACY,ABU DHABI,"AL DABBAS STREET , AL KHALIDIYAH, ABU DHABI",02-6669665,PHARMACY
MEDICINA PHARMACY-BRANCH 6-AUH-MEDICINA GRP-PF3001,AUH,PHARMACY,ABU DHABI,"Al Falah village 4, Abu Dhabi",02-5844114,PHARMACY
ASTER PHARMACIES GRP LLC-BR-ABUDHABI 1,AUH,PHARMACY,ABU DHABI,"AL HAMED BUILDING, AL FALAH STREET, BLUE DIAMOND, BEHIND JUMBO ELECTRONICS",02-6437625,PHARMACY
GULF DIAGNOSTIC CENTRE PHARMACY,AUH,PHARMACY,ABU DHABI,"AL KHALEED AL ARABI STREET, CORNICHE ROAD , ST.NO 13",02-6658090,PHARMACY
ALMANARA PHARMACY -BRANCH 4 - AL MANARA GROUP - PF2904,AUH,PHARMACY,ABU DHABI,"AL KHALEEJ ARABI STREET, Al MUSHRIF COOP, ABU DHABI",02-6662144,PHARMACY
SEHA EMIRATES PHARMACY-ABUDHABI-PF1729,AUH,PHARMACY,ABU DHABI,AL LEDEEM STREET,02-4451669,PHARMACY
EASTERN AL AHALIA PHARMACY,AUH,PHARMACY,ABU DHABI,"AL MAFRAQ, BANIYAS WEST, WORKERS CITY 2",02-5856005,PHARMACY
ALMANARA PHARMACY - BRANCH 8 - AL MANARA GROUP - PF2915,AUH,PHARMACY,ABU DHABI,"AL MANARA PHARMACY - AL FORSAN VILLAGE, KHALIFA CITY A, ABU DHABI",02-4481850,PHARMACY
ALMANARA ALRAEDA PHARMACY - AL MANARA GROUP - PF2720,AUH,PHARMACY,ABU DHABI,"AL MANARA PHARMACY, SAADIYAT RESIDENCE, ABU DHABI",02-6438811,PHARMACY
HEALTH FIRST PHARMACY L.L.C - BRANCH 1 - AL AIN (PLANET GROUP),AUH,PHARMACY,ABU DHABI,"Al Muhairi Group Building,Shop No 4,Central District,Town Center,Main Street, Near (Snow White),Al Ain",03-7662131,PHARMACY
OXFORD PHARMACY,AUH,PHARMACY,ABU DHABI,AL MUROOR ROAD,02-4489191,PHARMACY
MEDICINA PHARMACY BRANCH 3-AUH-MEDICINA GRP-PF2825,AUH,PHARMACY,ABU DHABI,Al Murror St. Al Falahi Building-AUH,02-6440615,PHARMACY
BURJEEL HOSPITAL PHARMACY BRANCH 1,AUH,PHARMACY,ABU DHABI,AL NAJDA STREET,02-5085235,PHARMACY
AL MAZROUI PHARMACY,AUH,PHARMACY,ABU DHABI,"AL NAJDA STREET, CLOCK TOWER BLDG.",02-6714007,PHARMACY
AL MANARA AL RUWAIS PHARMACY,AUH,PHARMACY,ABU DHABI,AL RUWAIS MALL,02-8760210,PHARMACY
GOLDEN HEALTH PHARMACY - PF2882 (BR OF GOLDEN HEALTH MEDICAL CENTER),AUH,PHARMACY,ABU DHABI,"AL SALAM LIVING CITY, HAMEEM ROAD, ABU DHABI.",02-6225566,PHARMACY
CURE PLUS PHARMACY L.L.C - AL AIN - PF3138,AUH,PHARMACY,ABU DHABI,"Al SIDRAH AL KHABISI , STREET 131, BUILDING 6 , AL AIN , UAE",03-7655511,PHARMACY
BURJEEL RETAIL PHARMACY L.L.C -BRANCH 6 / PF2536,AUH,PHARMACY,ABU DHABI,AL WAHDA MALL EXT. BUILDING,02-4437788,PHARMACY
BURJEEL RETAIL PHARMACY L.L.C -BRANCH 7 / PF1496,AUH,PHARMACY,ABU DHABI,AL WEHDA MALL,02-4437788,PHARMACY
ALMANARA PHARMACY -BRANCH 7 - AL MANARA GROUP - PF2922,AUH,PHARMACY,ABU DHABI,"ALREEF REGION, ABU DHABI",02-5521603,PHARMACY
HEALTH FIRST PHARMACY BR 8-PLANET PHARMACY/PF1149,AUH,PHARMACY,ABU DHABI,BANIYAS STREET,02-5823656,PHARMACY
LIFECARE INTERNATIONAL PHARMACY,AUH,PHARMACY,ABU DHABI,"BANIYAS STREET, AL WATHBA, AL RAHA VILLAGE GATE #6",02-5856333,PHARMACY
HEALTH FIRST PHARMACY BR 2 - PLANET PHARMACYY / PF1080,AUH,PHARMACY,ABU DHABI,"BANIYAS STREET, BESIDES COOPERATIVE SOCIETY",02-5831368,PHARMACY
ALMANARA PHARMACY BAWABAT ALSHARQ - AL MANARA GROUP - PF2666,AUH,PHARMACY,ABU DHABI,"BAWABAT ALSHARQ MALL, BANI YAS, ABU DHABI",02-5828270,PHARMACY
IBN NAFEES MEDICAL CENTRE PHARMACY (prev. BABIL PHARMACY),AUH,PHARMACY,ABU DHABI,"BIN SAGAR TOWER, FATIMA BINT MUBARAK ST",02-6349500,PHARMACY
GREEN CARE PHARMACY - SOLE PROPRIETORSHIP L.L.C. - ABU DHABI,AUH,PHARMACY,ABU DHABI,"BUILDING NO#31, AL MADAYEN ST, SHABIA 10, MUSAFFAH, ABU DHABI, UAE.",02-6670882,PHARMACY
ASTER PHARMACIES GROUP LLC-ABU DHABI 3,AUH,PHARMACY,ABU DHABI,"BUILDING NO. EC -C-19, HAMDAN STREET, NEAR TO LULU INTERNATIONAL EXCHANGE",02-6229870,PHARMACY
AL BAHAR AL AHMAR PHARMACY - ABU DHABI - PF2951,AUH,PHARMACY,ABU DHABI,"C88,Shop G2,Mohamed Bin Zayed City-ME11,Abu dhabi",02-8763338,PHARMACY
MEDICINA PHARMACY-BRANCH 1,AUH,PHARMACY,ABU DHABI,"CAPITAL HOUSE BUILDING, AL KHALEEJ AL ARABI STREET",02-4416232,PHARMACY
MEDICINA PHARMACY -BRANCH 10 - AUH-MEDICINA GRP - PF3051,AUH,PHARMACY,ABU DHABI,"Central Mall, Khalifa City , Abu Dhabi",02-5571194,PHARMACY
AL KASR AL AINY PHARMACY,AUH,PHARMACY,ABU DHABI,"CORNICHE STREET, BIN FREEH AL KUBISI BLDG.",02-6268802,PHARMACY
NATURAL LIFE PHARMACY-LIFE HEALTHCARE GROUP-ABU DHABI-PF2846,AUH,PHARMACY,ABU DHABI,"DALMA MALL, SECOND FLOOR, ABU DHABI",02-5535528,PHARMACY
BIN SINA PHARMACY,AUH,PHARMACY,ABU DHABI,DANA PLAZA,02-6669240,PHARMACY
BURJEEL PHARMACY,AUH,PHARMACY,ABU DHABI,DEERFIELD MALL,02- 5821555,PHARMACY
NEW MEDICAL CENTRE PHARMACY,AUH,PHARMACY,ABU DHABI,ELECTRA STREET,02-6341134,PHARMACY
NMC PHARMACY- BRANCH,AUH,PHARMACY,ABU DHABI,ELECTRA STREET,02-6179143,PHARMACY
AL RAI PHARMACY - ABU DHABI - PF1678,AUH,PHARMACY,ABU DHABI,"ELECTRA STREET , ABU DHABI",02-6508661,PHARMACY
NEW PHARMACY,AUH,PHARMACY,ABU DHABI,"ELECTRA STREET, BEHIND NEW MEDICAL CENTER BUILDING",02-6322379,PHARMACY
AL BATEEN PHARMACY,AUH,PHARMACY,ABU DHABI,"ELECTRA STREET, NEAR ELDARDO CINEMA",02-6766610,PHARMACY
AL DAMAN PHARMACY,AUH,PHARMACY,ABU DHABI,"ELECTRA STREET, OBAID HUMID AL MAZRAI",02-6320909,PHARMACY
BURJEEL RETAIL PHARMACY L.L.C - BRANCH 3 / PF2527,AUH,PHARMACY,ABU DHABI,"EMPOST BUILDING, KHALIFA CITY",02-5567933,PHARMACY
GOLDEN TULIP PHARMACY LLC,AUH,PHARMACY,ABU DHABI,"GOLDEN TULIP PHARMACY, NEXT TO PHARMALINK BUILDING, M17 SHANIYA MUSAFFAH INDUSTRIAL, 11TH STREET, ABU DHABI",02-5556608,PHARMACY
HEALTH FIRST PHARMACY BR 15 - PLANET PHARMACY/PF2799,AUH,PHARMACY,ABU DHABI,"GROUND FLOOR, ZAYED THE FIRST STREET, KHALIDIYA WEST",02-6220644,PHARMACY
Al SAADA PHARMACY-PF1179,AUH,PHARMACY,ABU DHABI,"Hamad suhail al khaily bld, Hamdan Street,Abudhabi",02-6278313,PHARMACY
NEW AL DAMAN PHARMACY,AUH,PHARMACY,ABU DHABI,"HAMDAN STREET, BACKSIDE OF HAMDAN CENTRE,MR.SHOA BLDG",02-6216700,PHARMACY
HANY PHARMACY,AUH,PHARMACY,ABU DHABI,"HAMDAN STREET, BIN HAM BLDG.",02-6778501,PHARMACY
NEW LAND MARK PHARMACY,AUH,PHARMACY,ABU DHABI,"HAMDAN STREET, DALMA CENTRE BUILDING",02-6316886,PHARMACY
CHARISMA PHARMACY L.L.C - ABU DHABI - ( AL BUROOJ MEDICAL CENTER LLC),AUH,PHARMACY,ABU DHABI,"HAMDAN STREET, NEAR AL SHUROOQ HOTEL AND AL MUSSAFAH ELECTRIC BAKERY, ZIANI AREA, ABU DHABI",02-6443331,PHARMACY
DAWN PHARMACY,AUH,PHARMACY,ABU DHABI,"HAMDAN STREET, OPP BARODA BANK",02-6269545,PHARMACY
LAND MARK PLAZAPHARMACY,AUH,PHARMACY,ABU DHABI,"HAMDAN STREET, TOURIST CLUB",02-6729400,PHARMACY
MARIAM PHARMACY / PF1183,AUH,PHARMACY,ABU DHABI,HAZZAM BIN ZAYED STREET,02-6421043,PHARMACY
LLH PHARMACY LLC,AUH,PHARMACY,ABU DHABI,"HCF BUILDING, NEAR LLH HOSPITAL MAIN BUILDING, ELECTRA STREET",02-6335522,PHARMACY
TOP CARE PHARMACY,AUH,PHARMACY,ABU DHABI,"ICAD, MUSAFFAH",02-5500620,PHARMACY
TOP CARE PHARMACY BRANCH-1-ABU DHABI-PF2702,AUH,PHARMACY,ABU DHABI,"ICAD, MUSAFFAH",02-6665131,PHARMACY
AL MANARA PHARMACY - BRANCH 15 - AL MANARA GROUP - PF3171,AUH,PHARMACY,ABU DHABI,"ICAD,TASAMEEM,MUSAFFAH,ABU DHABI",02-5503356,PHARMACY
GOLDEN LIFE PHARMACY L.L.C - ABU DHABI - LIFE HEALTHCARE GROUP - PF2845,AUH,PHARMACY,ABU DHABI,INSIDE YAS MALL ABU DHABI,04-5610000,PHARMACY
JASMINE TOWER PHARMACY,AUH,PHARMACY,ABU DHABI,"JASMINE TOWER BUILDING BESIDE RAK BANK, AIRPORT ROAD",02-6227700,PHARMACY
HEALTH FIRST JOUDY PHARMACY,AUH,PHARMACY,ABU DHABI,"KHALIDIYA STREET, BEHIND ZAHRET LEBNAN",02-6668798,PHARMACY
"LULU KHALIDIYAH PHARMACY -L.L.C, KHALIDIYAH MALL , DOCIB GROUP",AUH,PHARMACY,ABU DHABI,"KHALIDIYAH Mall ABUDHABI,Mubarak Bin Mohammed St.",02-6354440,PHARMACY
HEALTH FIRST PHARMACY BR 4 - PLANET PHARMACY/PF1275,AUH,PHARMACY,ABU DHABI,"KHALIDYA STREET, BEHIND CHOITRAM,",02-6666427,PHARMACY
NEW AL MANARA PHARMACY,AUH,PHARMACY,ABU DHABI,"KHALIDYA STREET, BESIDE PRESTIGE CAR SHOWROOM",02-6814644,PHARMACY
BIN SINA PHARMACY-KHALIFA CITY,AUH,PHARMACY,ABU DHABI,"KHALIFA CITY, KHALIFA CITY-A,C-2 BLOCK",02-5562140,PHARMACY
AL MANARA PHARMACY,AUH,PHARMACY,ABU DHABI,"KHALIFA STREET, BESIDES NATIONAL BANK OF ABUDHABI",02-6269966,PHARMACY
BURJEEL RETAIL PHARMACY L.L.C - BRANCH 8 / PF1673,AUH,PHARMACY,ABU DHABI,"MADEENAT ZAYED, MADEENAT ZAYED SHOPPING MALL",02-2222336,PHARMACY
AL MANARA PHARMACY-BRANCH1 - AL MANARA GROUP - PF2704,AUH,PHARMACY,ABU DHABI,"MADINAT ZAYED, AL GHARBIAH, ABU DHABI",02-8840497,PHARMACY
MEDLUX PHARMACY LLC - ABU DHABI,AUH,PHARMACY,ABU DHABI,"MAFRAQ INDUSTRIAL AREA ZONE 1 ABU DHABI , A, Plot No, 6",02-6229722,PHARMACY
AL FURQAN PHARMACY - ABU DHABI - PF2894,AUH,PHARMACY,ABU DHABI,"MAFRAQ WORKER CITY 2, CHINA CAMP, ABU DHABI",02-6440077,PHARMACY
"FUTURE PHARMACY L.L.C., ABU DHABI",AUH,PHARMACY,ABU DHABI,"MAHYOOF MOHAMMED MAHYOOF ALAMRY BUILDING, MEENA STREET, ABU DHABI",02-6740090,PHARMACY
AL MANARA PHARMACY AL SHAWAMEKH - AL MANARA GROUP - PF2749,AUH,PHARMACY,ABU DHABI,"MAKANI MALL, SHAWAMEKH, ABU DHABI",02-5850131,PHARMACY
AL MANARA PHARMACY- MARINA MALL,AUH,PHARMACY,ABU DHABI,"MARINA MALL, GROUND FLOOR, MARINA MALL",02-6817977,PHARMACY
AL MANARA PHARMACY SHAMS-BRANCH- MASDAR CITY - AL MANARA GROUP - PF2874,AUH,PHARMACY,ABU DHABI,"MASDAR CITY, CAMPUS BUILDING, NEAR KHALIFA CITY , ABU DHABI",02-6667960,PHARMACY
BURJEEL RETAIL PHARMACY L.L.C - BRANCH 2 / PF1656,AUH,PHARMACY,ABU DHABI,MAZYAD MALL,02-5534848,PHARMACY
AL ZIA PHARMACY,AUH,PHARMACY,ABU DHABI,"ME# 12 SHAHABYIA KHALIFA MUSSAFAH ABUDHABI UAE,",02-5529220,PHARMACY
LAHORE PHARMACY,AUH,PHARMACY,ABU DHABI,ME# 40 SANAYIAH MUSSAFAH,02-5508988,PHARMACY
DALIA PHARMACY,AUH,PHARMACY,ABU DHABI,MINA CO-OP,02-6734777,PHARMACY
EXTRA CARE PHARMACY L.L.C - ABU DHABI - PF2618,AUH,PHARMACY,ABU DHABI,"MOHD HILAL RASHID AL MAZROUI E11 C9 SHOP 10,AL NAJDA STREET, ABU DHABI",02-6344922,PHARMACY
MEDICINA GULF PHARMACY,AUH,PHARMACY,ABU DHABI,MUROOR STREET,02-4483454,PHARMACY
MEDICINA INTERNATIONAL PHARMACY,AUH,PHARMACY,ABU DHABI,MUROOR STREET,02-4496744,PHARMACY
AL MANARA PHARMACY - BRANCH 11 - AL MANARA GROUP - PF3026,AUH,PHARMACY,ABU DHABI,"MUROOR STREET 48, MUROOR CORP, ABU DHABI",02-6269448,PHARMACY
ALMANARA PHARMACY DAS ISLAND - AL MANARA GROUP - PF2741,AUH,PHARMACY,ABU DHABI,"MUROOR, DAS ISLAND, ABU DHABI",02-6410214,PHARMACY
ELYAZIA PHARMACY,AUH,PHARMACY,ABU DHABI,"MURROR AREA, NEAR ALAAM SUPER MARKET",02-4493700,PHARMACY
BURJEEL RETAIL PHARMACY L.L.C - BRANCH 5 / PF2505,AUH,PHARMACY,ABU DHABI,"MURUR ROAD,Y TOWER,",02-6438330,PHARMACY
MODERN DAR ALSHIFA PHARMACY,AUH,PHARMACY,ABU DHABI,"MUSAFFAH, INDUSTRIAL AREA-9,FIRST SIGNAL MUSSAFAH",02-5557939,PHARMACY
BLUE OCEAN PHARMACY-PF3065-AUH,AUH,PHARMACY,ABU DHABI,"Mussafah,ME10, Shabiya",02-5532323,PHARMACY
SMART PHARMACY,AUH,PHARMACY,ABU DHABI,MUSSAFFAH ABUDHABI,02-5592460,PHARMACY
AL RIDA PHARMACY,AUH,PHARMACY,ABU DHABI,NAJDA STREET,02-6766125,PHARMACY
AL THURAYYA PHARMACY,AUH,PHARMACY,ABU DHABI,"NAJDA STREET, OPP SHABIYA POLICE",02-6426827,PHARMACY
NOOR ALAHLI PHARMACY - BRANCH 7,AUH,PHARMACY,ABU DHABI,"Near Al Ahli Hospital, Hamdan Street, Abu Dhabi, U A E",02-6269545,PHARMACY
STAR AL AHALIA PHARMACY- PF2983 (AHALIA GROUP),AUH,PHARMACY,ABU DHABI,"Near Gayathi Market, Gayathi City ; Building No. C76",02-8744060,PHARMACY
MANSOUR PHARMACY - ABU DHABI/ PF1317,AUH,PHARMACY,ABU DHABI,"NEAR IRANIAN SCHOOL , AL FALAH STREET , BUILDING 50 , AL DAFRAH , ABU DHABI",02-6422287,PHARMACY
TALAT PHARMACY AL MUSAFFAH,AUH,PHARMACY,ABU DHABI,"NEAR TEXAS GIFT CENTRE ME-12 SHAHBIYA MUSAFFAH,",02-6426545,PHARMACY
LIFECARE INTERNATIONAL PHARMACY LLC-BRANCH 1-PF2581,AUH,PHARMACY,ABU DHABI,"NEAR VILLAGE MALL,NEXT TO WORKERS VILLAGE ,MUSAFFAH",02-4148215,PHARMACY
AL MANARA PHARMACY - BRANCH 6 - AL MANARA GROUP - PF2832,AUH,PHARMACY,ABU DHABI,"NEW YORK UNIVERSITY, SAADIAT, ABU DHABI",02-6664332,PHARMACY
ASTER PHARMACIES GROUP L.L.C- BRANCH OF ABU DHABI 8-PF3004,AUH,PHARMACY,ABU DHABI,"Next to CBI bank building,Electra Street,Canon Building;Abu Dhabi",02-6711831,PHARMACY
NEW PHARMACY COMPANY WLL BRANCH 2-NMC HEALTHCARE GROUP,AUH,PHARMACY,ABU DHABI,"NMC ROYAL HOSPITAL - MAIN ENTRANCE, NMC ROYAL HOSPITAL BUILDING, KHALIFA CITY",02 6342877,PHARMACY
PLANET PHARMACY-BR1-NPCC-PLANET PHARMACY,AUH,PHARMACY,ABU DHABI,NPCC MUSSAFAH WEST 5 (MW5) SECTOR NO 15 A,02-5549055,PHARMACY
BURJEEL PHARMACY BRANCH 10/PF1327,AUH,PHARMACY,ABU DHABI,"OLD DEFEENCE ROAD, BAKHEET SALEM AL MANZOORI",02-6415533,PHARMACY
AL THIQA AL THAKHASYSIYA PHARMACY LLC- ABUDHABI,AUH,PHARMACY,ABU DHABI,Old Passport Road -Al Falah St -Zone 1 -Abu Dhabi,02-6316477,PHARMACY
TAHA PHARMACY,AUH,PHARMACY,ABU DHABI,"OLD PASSPORT ROAD, OPP. FATIMA SUPERMAREKT",02-6343447,PHARMACY
MODERN DAR ALSHIFA PHARMACY,AUH,PHARMACY,ABU DHABI,"OLD TOURIST CLUB AREA, BEHIND DANA HOTEL ABU DHABI",02-6446100,PHARMACY
NOOR ALAHLI PHARMACY-BRANCH 6-PF3058 (AHALIA GROUP),AUH,PHARMACY,ABU DHABI,"Opposite Home Center, Hamdan St ; Hamdan Street",02-6210524,PHARMACY
BURJEEL PHARMACY AL MARINA LLC-PF2917- VSP HEATHCARE GROUP,AUH,PHARMACY,ABU DHABI,"P3 MARINA MALL , CORNICHE ROAD , NET TO MERCEDES , SHOWROOM",02-3338340,PHARMACY
NEW ABU DHABI PHARMACY,AUH,PHARMACY,ABU DHABI,PASSPORT ROAD,02-6777625,PHARMACY
AL ANQOOD PHARMACY - ABU DHABI - PF1755,AUH,PHARMACY,ABU DHABI,"PLOT NO 198 ,MAIN INDUSTRIAL , AL DHAFRA REGION, MADINAT ZAYED, ABU DHABI",02-8845355,PHARMACY
MADINA ZAYED AHALIA PHARMACY,AUH,PHARMACY,ABU DHABI,"Sector 10, Shabia, Abu Dhabi, UAE",02-5593711,PHARMACY
MEDICINA PHARMACY,AUH,PHARMACY,ABU DHABI,SHK KHALIFA STREET,02-6264041,PHARMACY
HEALTH FIRST PHARMACY-BRANCH 13,AUH,PHARMACY,ABU DHABI,"SHOP 417, DEERFIELD'S MALL,AL BAHIA ABUDHABI DUBAI ROAD, AL SAYYAR STREET",02-5646364,PHARMACY
ASTER PHARMACIES GROUP LLC-BRANCH OF ABU DHABI 4,AUH,PHARMACY,ABU DHABI,"SHOP NO. 7 & 8, BODEBIS BUILDING, DEFENSE ROAD, DEYYAR",02-4478482,PHARMACY
LIFE PHARMACY LLC - BRANCH OF ABU DHABI 33 - ABU DHABI - LIFE HEALTHCARE GROUP,AUH,PHARMACY,ABU DHABI,"Shop No. B08/09- Basement floor, Opposite to Carrefour Hypermarket, Marina Mall, Abu Dhabi,",04-5610000,PHARMACY
HEALTH FIRST PHARMACY-BRANCH 12,AUH,PHARMACY,ABU DHABI,"SHOP NO.: G12, ALFALAH VILLAGE 1, ALFALAH CITY",02-6746989,PHARMACY
HEALTH FIRST PLANET PHARMACY,AUH,PHARMACY,ABU DHABI,"SHOP SG-02, AL BANDAR BUILDING, AL RAHA BEACH",02-5577611,PHARMACY
AL MANARA PHARMACY - BRANCH 13 - AL MANARA GROUP - PF3108,AUH,PHARMACY,ABU DHABI,"SKMC, ABU DHABI",02-6814645,PHARMACY
AL MANARA PHARMACY -BRANCH 2 - AL MANARA GROUP - PF2833,AUH,PHARMACY,ABU DHABI,"SOUK QARYAT AL BERI, KHOR AL MAQTAA, ABU DHABI",02-6261403,PHARMACY
HEALTH FIRST PHARMACY L.L.C - BRANCH 11 - AL AIN (PLANET GROUP),AUH,PHARMACY,ABU DHABI,"Souq Extra Mall,Ground Floor,Shop No 10, Al Bateen 1,Al Bateen,AlAin",03-7804288,PHARMACY
AL AHALIA NATIONAL PHARMACY LLC - BRANCH1 - PF2777 - ABU DHABI - AHALIA GROUP,AUH,PHARMACY,ABU DHABI,"SOUTH BLOCK AHALIA HOSPITAL BUILDING, TARIFF ROAD , M-24 MUSSAFAH, ABU DHABI, U A E.",02-8119119,PHARMACY
HEALTH FIRST PHARMACY L.L.C - ABU DHABI (PLANET GROUP),AUH,PHARMACY,ABU DHABI,"St Regis Building ,East Collection Building, Shop No : R-G-LS-07 , Ground Floor , St Regis Hotel, Sadiyat Island,Abu Dhabi,UAE",02-6219720,PHARMACY
"AL QADI ADVANCED PHARMACY LLC, ABU DHABI",AUH,PHARMACY,ABU DHABI,"St.30, Zone 2 Sector 78, Al Khaleej Al Arabi",02-4439955,PHARMACY
LOTUS PHARMACY LLC,AUH,PHARMACY,ABU DHABI,"STREET NO. 79, ABU DHABI",02-6911570,PHARMACY
MEDICINA PHARMACY-BRANCH 7-AUH-MEDICINA GRP-PF3003,AUH,PHARMACY,ABU DHABI,"the Gate City, Abu Dhabi",02-6678701,PHARMACY
TOWN LIFE PHARMACY LLC,AUH,PHARMACY,Abu Dhabi,"Unit No, RA 18 (A15), Opp. Abu Dhabi Coop, Ground Floor, Abu Dhabi Mall, Abu Dhabi - UAE",04-5610000,PHARMACY
HARLEY STREET PHARMACY-PF1763,AUH,PHARMACY,ABU DHABI,"VILLA A18-A21, MARINA VILLAGE, MARINA RING SIDE",02-6133999,PHARMACY
WESTERN TOWERS AL AHALIA PHARMACY - PF2870 - ABU DHABI - AHALIA GROUP,AUH,PHARMACY,ABU DHABI,"WESTERN TOWERS AL AHALIA PHARMACY, MZE 19, PLOTE NO: 158, SHOPE NO; 10, SANAYA MADINA ZAYED, ABU DHABI, UAE.",02-8119119,PHARMACY
ALMANARA PHARMACY - YAS MALL - AL MANARA GROUP - PF2744,AUH,PHARMACY,ABU DHABI,"YAS ISLAND , YAS MALL, ABU DHABI",02-5650770,PHARMACY
AL NAJAH PHARMACY - ABU DHABI,AUH,PHARMACY,ABU DHABI CITY,"AL KAWR STREET, MUBARAK KHALED, ABU DHABI CITY , ABU DHABI",02-6744832,PHARMACY
"BETTER LIFE PHARMACY LLC-BRANCH 1, AUH",AUH,PHARMACY,AIRPORT ROAD,"AL SHERIEF TOWER, AIRPORT ROAD",02-6222230,PHARMACY
NAZEK PHARMACY- AL AIN (GOLDEN EAGLE GORUP),AUH,PHARMACY,AL AIN,"Abu Dhabi, Al Ain,Asharej, Bida bin Ammar, 18:18, Villa, Mr. Amer Kannoush Muhammad",03-7550009,PHARMACY
EMIRATES INTERNATIONAL HOSPITAL PHARMACY,AUH,PHARMACY,AL AIN,"11th street, Opposite to Al Ain Conventions Centre, Al Khabisi, Al Ain",03-7637777,PHARMACY
BURJEEL PHARMACY - BARARI MALL LLC,AUH,PHARMACY,AL AIN,"137TH STREET, BARARI OUTLET MALL, USF-01,02",02-5085673,PHARMACY
MEDICINA PHARMACY-BRANCH 8-AUH-MEDICINA GRP-PF3035,AUH,PHARMACY,AL AIN,"AFCOOP, Shab Alashkar, Alain",03-7664715,PHARMACY
"AL BALSAM MEDICAL CENTER PHARMACY, AL AIN (NEW LOOK MEDICAL CENTER GRP)",AUH,PHARMACY,AL AIN,AL Ain- AL JIMI - Beside of Al Jawhara Dubai Islamic Bank.,03-7666445,PHARMACY
"LULU ALFOAH PHARMACY.LLC , AL FOAH MALL , DOCIB GROUP",AUH,PHARMACY,AL AIN,"AL FOAH MALL , AL FOAH , AL AIN",03-7843221,PHARMACY
MEDICINA PHARMACY-BRANCH 12-AUH-MEDICINA GRP-PF3048,AUH,PHARMACY,AL AIN,"Al Jimi Area , Al Ain",03-7555957,PHARMACY
AL MANARA PHARMACY - BRANCH 12 - AL AIN,AUH,PHARMACY,AL AIN,"ALAIN KHALIFA STREET, AL AIN",03-7519443,PHARMACY
NOOR AL AHLI PHARMACY-ABU DHABI-PF2791,AUH,PHARMACY,AL AIN,"BUILDING NO 243-A, NEAR OLD POLICE STATION, SANAYA, AL AIN, ABU DHABI",02-8119119,PHARMACY
BURJEEL ROYAL PHARMACY LLC -PF2996- ALAIN,AUH,PHARMACY,AL AIN,"Downtown commercial and residential center , Burjeel Hospital building , Qesaideh sector, Al ain",03-7991111,PHARMACY
"NEW LOOK MEDICAL CENTER PHARMACY L.L.C, AL AIN (NEW LOOK MEDICAL CENTER GRP)",AUH,PHARMACY,AL AIN,FRONT OF SHIEK HAZZA STADIUM AREA - AL AIN,03-7633345,PHARMACY
ALMANARA PHARMACY HILI MALL - AL MANARA GROUP - AL AIN,AUH,PHARMACY,AL AIN,"HILI MALL, AL AIN",03-7853977,PHARMACY
TRUE LIFE PHARMACY L.L.C- AL AIN (GOLDEN EAGLE GROUP),AUH,PHARMACY,AL AIN,"Industrial Zone, Peace Division, 122: Khalifa Bin Zayed The First Street, Building, Mr. Mohammed Thalloub Salem Hamad and others",03-7854343,PHARMACY
AL NASR PHARMACY - AL AIN,AUH,PHARMACY,AL AIN,"MAIN STREET ,TOWN CENTRE,MUARABBA, BIN SALAMA BUILDING, AL AIN",03-7655771,PHARMACY
ABDULLA PHARMACY - AL AIN - PF1280,AUH,PHARMACY,AL AIN,"MARIAM YAHIA BUILDING,STREET 7TH,SANAIYA, AL AIN",03-7216444,PHARMACY
AL SENAEYA PHARMACY - AL AIN - PF1171,AUH,PHARMACY,AL AIN,"SAEED HILAL AL KUWAITI BUILDING NO.18,ZAYED BIN SULTAN STREET, STREET NO/137, TOWN CENTER, CENTRAL DISTRICT, NEAR AL ANSARI EXCHANGE, AL AIN",03-7657105,PHARMACY
"LULU AL AIN PHARMACY-LLC, SANAIYA , DOCIB GROUP",AUH,PHARMACY,AL AIN,SANAIYA - AL AIN ROAD - LULU HYPERMARKET BUILDING - ABU DHABI,03-7212330,PHARMACY
AL MANARA PHARMACY - BRANCH 9 - AL MANARA GROUP - AL AIN,AUH,PHARMACY,AL AIN,"STREET C2, BUILDING SAS, AL MANARA PHARMACY ZAKHER MAKANI, AL AIN",03-6814545,PHARMACY
FALAJ HAZZAA PHARMACY,AUH,PHARMACY,AL AIN,AL AIN,03-7806111,PHARMACY
ALMANARA PHARMACY-AL BAWADI MALL,AUH,PHARMACY,AL AIN,"AL BAWADI MALL,MAZYAD STREET,AL KHOURER",03-7848802,PHARMACY
CARE HOSPITAL PHARMACY,AUH,PHARMACY,AL AIN,AL JAHILI AREA,03-7552291,PHARMACY
SPECIALIZED MEDICAL CARE HOSPITAL PHARMACY,AUH,PHARMACY,AL AIN,AL JAHILI AREA,03-7552291,PHARMACY
MODERN IBN SINA PHARMACY- AL AIN,AUH,PHARMACY,AL AIN,AL JIMMI MALL,03-7620605,PHARMACY
NEW MEDICAL CENTER PHARMACY-LLC-ALAIN-NMC-BRANCH 1/PF2737 temporary closure,AUH,PHARMACY,AL AIN,AL WADI,03-7674404,PHARMACY
BURJEEL FARHA PHARMACY L.L.C. (formerly MEDEOR INTERNATIONAL PHARMACY L.L.C.),AUH,PHARMACY,AL AIN,"ASHAREJ COMMERICAL & RESIDENTIAL CENTER, BIDA BIN AMMAR, ASHAREJ, AL AIN CITY",03-7099000,PHARMACY
ALMANARA PHARMACY BOUTIK MALL,AUH,PHARMACY,AL AIN,BOUTIK MALL,03-7644117,PHARMACY
RAFA PHARMACY,AUH,PHARMACY,AL AIN,"KHALIFA STREET, NEAR GOLDEN FORK",03-7657006,PHARMACY
EMIRATES PHARMACY,AUH,PHARMACY,AL AIN,"MAIN STREET, SHEIKH SULTAN BIN SOROOR BLDG, NEAR CLOCK TOWER",03-7642717,PHARMACY
MAJED PHARMACY,AUH,PHARMACY,AL AIN,NEAR MEEANA BAZAAR,03-7641117,PHARMACY
MUBARAK PHARMACY,AUH,PHARMACY,AL AIN,OLD IMMIGRATION ROAD,03-7515992,PHARMACY
AL AIN AHALIA PHARMACY,AUH,PHARMACY,AL AIN,SHABIA KHALIFA STREET,03-7557979,PHARMACY
NEW MEDICAL CENTRE PHARMACY-AL AIN-NMC GROUP/PF1430,AUH,PHARMACY,AL AIN,"SHOP NO. 2, GROUND FLOOR FLOOR, PALM TOWER 3 , QANAT AL QAZBA",03-7555999,PHARMACY
HEALTH FIRST PHARMACY-BRANCH 14,AUH,PHARMACY,AL AIN,"SHOP NO. F14, BARARI OUTLET MALL, ZAYED BIN SULTHAN STREET",03-7675176,PHARMACY
ALHOSN PHARMACY,AUH,PHARMACY,AL CORNICHE,AL HILAL BANK BUILDING CORNICHE STREET,02-6262665,PHARMACY
"MEDMAX PHARMACY LLC AUH, PF3117",AUH,PHARMACY,AL DHAFRA,"AL DHAFRA WORKERS VILLAGE, ICAD-III",02-4469386,PHARMACY
ALFALAH LAND MARK PHARMACY-PF2779-LANDMARK GRP,AUH,PHARMACY,AL FALAH 3,"TOWN BUILDING, AL FALAH STREET, BEHIND ABU DHABI INTERNATIONAL AIRPORT,SWEIHAN - AL HAYER ROAD/ E20, NEAR MOHAMMED BIN ZAYED MOSQUE, STREET 15, AL FALAH 3",02-5621528,PHARMACY
NOOR AL AHLI PHARMACY BRANCH 1-ABU DHABI-PF2902,AUH,PHARMACY,AL MUSAFFAH,"MEZZANINE FLOOR, GATE NO. 1, INSIDE MADINA MALL, MUSAFFAH ICAD RESIDENTIAL CITY, ABU DHABI, UAE",02-5512661,PHARMACY
UNIQUE AL AHALIA PHARMACY-ABU DHABI-PF2736,AUH,PHARMACY,AL MUSAFFAH,"SALAH ALAMRI BUILDING, ME-10 SHABIYA, MUSAFFAH NEAR TO CRESCENT, ABU DHABI",02-5595441,PHARMACY
MEDICINA AL MUNEERA PHARMACY,AUH,PHARMACY,AL RAHA BEACH,"AL RAHA BEACH, AL MUNEERA ISLAND",02-5513004,PHARMACY
BURJEEL PHARMACY LLC-BRANCH 12-VPS HEALTHCARE-ABU DHABI,AUH,PHARMACY,AL RAHA BEACH,"PRECINCT B-01 AL RAHA BEACH , AL ZEINA",02-2054301,PHARMACY
MEDICINA PHARMACY-BRANCH 4-AUH-MEDICINA GRP-PF2945,AUH,PHARMACY,Al reem island,"Al reem island, Amaya tower -AUH",02-6500168,PHARMACY
BURJEEL AL REEM PHRMACY LLC - PF2897- VPS HEALTHCARE,AUH,PHARMACY,AL REEM ISLAND,"GATE AND ARC TOWERS, R1-01 + RG-01, AL REEM ISLAND",02-3079999,PHARMACY
BURJEEL PHARMACY AL SHAMKHA,AUH,PHARMACY,AL SHAMKHA,BANIYAS-AL SHAMKHA -UNIT(P3B)-ALSHAMKHA8-IST FL-BUILIDING ABU DHABI COOP,02-2051302,PHARMACY
SADD MAAREB PHARMACY,AUH,PHARMACY,BANIYAS,BANIYAS EAST 8,02-5832625,PHARMACY
BANGASH PHARMACY - LLC,AUH,PHARMACY,BANIYAS,"BANIYAS EAST, BEHIND SULTAN BAKERY SECTOR 9",02-5834217,PHARMACY
EMIRATES JORDANIAN PHARMACY L L C,AUH,PHARMACY,BANIYAS,BANIYAS WEST,02-5836999,PHARMACY
KHYBER PHARMACY LLC,AUH,PHARMACY,BANIYAS,"BANIYAS WEST, NEAR OLD BUS STAND",02-5836800,PHARMACY
LLH PHARMACY AL MUSAFFAH L.L.C-VPS GROUP ABU DHABI,AUH,PHARMACY,BANIYAS,"M40. , ICAD,MUSAFFAH INDURSTRIAL AREA, ABU DHABI",02-4116451,PHARMACY
AMAL PHARMACY - ABU DHABI -PF1187,AUH,PHARMACY,BANIYAS east 9,"BANIYAS EAST 9 ABU DHABI NEAR AL SULTAN BAKERY ,STREET 33RD, ABDULLAH EID SIYAH ALMANSOORI BUILDING G.F.",02-5833996,PHARMACY
HEALTH TIME PHARMACY - ABU DHABI - PF2998,AUH,PHARMACY,BANIYAS east 9,F2C4ALMAFRAQ CHINA CAMP BEHIND PARCO MALL BANIYAS ABU DHABI UAE.,02-5554006,PHARMACY
CLASSIC CARE PHARMACY-PF3029-AUH,AUH,PHARMACY,BUTINA,"FLAT106.107,NEAR FAB BANK , SWEIHAN, AL AIN SWEIHAN,AL HAYER ROAD",03-7346454,PHARMACY
FALCON PHARMACY L.L.C - ABU DHABI - PF3110,AUH,PHARMACY,DHAFRA,"MUBARAK ASHWAN BUILDING,INDUSTRIAL SECTOR 18 GAYATHI, AL DHAFRA REGION, ABU DHABI",02-8743164,PHARMACY
"AL THIQA AL ALMYIAH PHARMACY L.L.C, ABU DHABI",AUH,PHARMACY,ELECTRA,"Beside Holiday Inn Hotel, Electra Road, Abu Dhabi.",02-6338999,PHARMACY
ASTER PHARMACIES GROUP LLC-BRANCH OF ABU DHABI 5-ABU DHABI-PF2842,AUH,PHARMACY,ELECTRA,"BUILDING NO 7, ZAYED STREET, ELECTRA",02-4489240,PHARMACY
WELL CARE PHARMACY L.L.C-AUH-MEDICINA GRP-PF2873,AUH,PHARMACY,Electra Road,"Electra Road, Behind HONDA Show room ,Abu Dhabi",02-6779888,PHARMACY
ASTER PHARMACIES GROUP LLC- BRANCH OF ABUDHABI 2,AUH,PHARMACY,ELEKTRA,"Plot C88, section W9,ICT united square, next to khalidiya mall, Mubarak bin mohammad street, Khaldiya, Abu Dhabi",02-6279989,PHARMACY
EXPRESS GAYATHI PHARMACY-ABU DHABI-PF2595,AUH,PHARMACY,GAYATHI,"GAYATHI,INDUSTRIAL AREA",02-8740121,PHARMACY
NIDHAM GHIYATHI PHARMACY,AUH,PHARMACY,GHAYATHI,"NIDHAM GHIYATHI PHARMACY NEAR FAB BANK MAIN STREET, GHAYATHI ABU DHABI",02-8741791,PHARMACY
SAD PHARMACY,AUH,PHARMACY,HAMDAN,"AL DHANA, HAMDAN STREET, ABU DHABI",02-6277332,PHARMACY
APOLLO PHARMACY LLC,AUH,PHARMACY,HAMDAN,"Plot No-C -128, Sector No-3, Hamdan Street",02-6344747,PHARMACY
UNIQUE AL AHALIA PHARMACY BRANCH 1-ABU DHABI-PF2801,AUH,PHARMACY,HAMDAN,"RASHID AL HAMILI BUILDING, BEHIND LIWA CENTER, HAMDAN STREET, ABU DHABI, UAE",02-6352775,PHARMACY
MEDSTAR HAMDAN PHARMACY LLC-PF1144- MEDSTAR,AUH,PHARMACY,HAMDAN STREET,"MEDSTAR HAMDAN PHARMACY LLC, HAMDAN STREET,",02-5554757,PHARMACY
FAMOUS PHARMACY LLC- ABU DHABI-PF2977,AUH,PHARMACY,INDUSTRIAL AREA,"M-34, MUSSAFAH STREET, PO BOX-39299, INDUSTRIAL AREA, ABU DHBAI",02-5521912,PHARMACY
ASTER PHARMACIES GROUP LLC- BRANCH OF ABU DHABI 7,AUH,PHARMACY,khalidiya,"AL SHAHEEN COMPLEX, NEAR COITHRAM SUPERMARKET, KHALIDIYA, ABU DHABI",02-6395140,PHARMACY
PRIME LONDON PHARMACY LLC,AUH,PHARMACY,KHALIDIYA,"KHALIFA BIN SHAKBOOT STREET NO. 10, AL MANASEER VILLA NO. 253.",02-6261661,PHARMACY
YATEEM PHARMACY,AUH,PHARMACY,KHALIDIYA,"SW16, 39TH STREET, KHALIFA CITY A, AIRPORT RD, ABU DHABI",02-6666571,PHARMACY
NEW PHARMACY COMPANY WLL - BRANCH 1,AUH,PHARMACY,KHALIFA CITY,"16TH STREET, ZONE 135, PLOT NO. P-1, SE-4, KHALIFA CITY - ABU DHABI",02-6228666,PHARMACY
AL MANARA PHARMACY- KHALIFA CITY,AUH,PHARMACY,KHALIFA CITY,"ONE ST0P CENTER, OPP OF GIANT KHALIFA CITY-A",02-5562979,PHARMACY
MEDICINA PHARMACY-BRANCH 11-AUH-MEDICINA GRP-PF3042,AUH,PHARMACY,Khalifa City A,"Khalifa City A, Abu Dhabi",02-6415691,PHARMACY
MEDEOR PHARMACY 24X7-ABU DHABI-PF2790,AUH,PHARMACY,MADINAT ZAYED,"MUROOR ROAD, OPP EMPOST, MADINAT ZAYED AREA",02-6900600,PHARMACY
LIFE PHARMACY LLC BRANCH 31 BRANCH OF 6 - BRANCH OF ABU DHABI 12 - LIFE HEALTHCARE GROUP- PF3273,AUH,PHARMACY,MADINAT ZAYED,"UNIT NO.G124,MADINAT ZAYED SHOPPING CENTER,ABU DHABI",04-5610000,PHARMACY
MUBARAK PHARMACY-BRANCH 1,AUH,PHARMACY,MAFRAQ,AL MAFRAQ WORKERS CITY - 2,02-5837796,PHARMACY
"ROYAL INTERNATIONAL PHARMACY, MAFRAQ",AUH,PHARMACY,MAFRAQ,"CITY WORKERS NO.1, ELANGO BUILDING SHOP 3, OPPOSITE AL AIN ROAD FOR TRUCKS, BANIYAS MAFRAQ SANAYA,",02-5833735,PHARMACY
"ALTHIQA AL DOWALIAH PHARMACY L.L.C, ABU DHABI",AUH,PHARMACY,MUROOR,"Beside Queens palace Hotel, Muroor Road, Abu Dhabi.",02-4419283,PHARMACY
AL AHLIA PHARMACY,AUH,PHARMACY,MUROOR,MUROOR ROAD,02-4486276,PHARMACY
BURJEEL RETAIL PHARMACY L.L.C - BRANCH 1 / PF2952,AUH,PHARMACY,MUSAFAH,"LLH MEDICAL CENTRE BUILDING,SHABIA 9, MOHAMMED BIN ZAYED CITY,MUSAFFAH",02-6412019,PHARMACY
MEDSTAR PHARMACY ICAD RESIDINTAL LLC -PF2710- MEDSTAR,AUH,PHARMACY,MUSAFAH,"MUSSAFAH , ABU DHABI , UAE",02-5845657,PHARMACY
"GOLDEN CHOICE PHARMACY, ABU DHABI",AUH,PHARMACY,MUSAFAH,"RIGHT CHOICE MEDICAL CENTER, MUSAFAH -SANAYYA ABU DHABI",02-6589621,PHARMACY
SAHARA PHARMACY LLC - PF2639,AUH,PHARMACY,MUSAFAH,"SAHARA PHARMACY LLC, MUSAFFAH M44, NEAR ICAD RESI. P O BOX 9239. ABU DHABI, UAE.",02-5556392,PHARMACY
VIVID PHARMACY LLC -PF2865,AUH,PHARMACY,MUSAFAH,"SHOP-4, BUILDING C-168, SHABIA-9, MUSAFFAH",02-5546259,PHARMACY
TIME CURE PHARMACY,AUH,PHARMACY,MUSAFFAH,36 M1 MUSSAFAH,02-5508998,PHARMACY
NOOR ALAHLI PHARMACY - BRANCH 2,AUH,PHARMACY,MUSAFFAH,"Abu Shakra Building, M-9 Mussaffah, Abu Dhabi.",02-6269545,PHARMACY
AL MARINA PHARMACY BRANCH,AUH,PHARMACY,MUSAFFAH,MUSAFAH,02-5503115,PHARMACY
NOOR ALAHLI PHARMACY-BRANCH 4 -PF2999- ABU DHABI,AUH,PHARMACY,MUSAFFAH,"Near Safeer Mall, ME-9, Mussafah Industrial Area , ME-9, Mussafah Industrial Area ,",02-5668124,PHARMACY
MEDICELL PHARMACY LLC - ABU DHABI - PF2906,AUH,PHARMACY,MUSAFFAH,"PLOT 12, 38m STREET, MUSAFFAH, ABU DHABI",02-4441478,PHARMACY
"ALPHA CARE PHARMACY L.L.C., AUH (ALPHA MEDICAL GROUP) PF3000",AUH,PHARMACY,MUSAFFAH,"PLOT NO:1,AL FIRDOUS CENTER,SANAYYA-M3,MUSAFFAH",02-5558383,PHARMACY
ASTER PHARMACIES GROUP LLC-BRANCH OF ABU DHABI 6-ABU DHABI-PF2860,AUH,PHARMACY,MUSAFFAH,"SHABIYA # 10, NEAR TO JOU ALUKAS JEWELRY, MUSAFFAH",02-5502429,PHARMACY
HEALTH FIRST PHARMACY BR 3 -PLANET PHARMACY/PF1267,AUH,PHARMACY,MUSAFFAH,"SHAFIAH KHALIFA, SECTOR # 10",02-5527070,PHARMACY
HEALTH FIRST PHARMACY BR 5 - PLANET PHARMACY/PF1085,AUH,PHARMACY,MUSAFFAH,"SHAFIAH KHALIFA, SECTOR # 11",02-5530036,PHARMACY
AL GHARBIA MEDICINE PHARMACY - ABU DHABI - PF2879,AUH,PHARMACY,MUSSAFAH,"C-185, MUSAFFAH, SHABIYA ABU DHABI",02-5587652,PHARMACY
AL MANARA PHARMACY CAPITAL MALL,AUH,PHARMACY,MUSSAFAH,CAPITAL MALL,02-4447642,PHARMACY
MERAL PHARMACY,AUH,PHARMACY,MUSSAFAH,EAST 10,02-4441421,PHARMACY
ZANBAQ AL MADINA PHARMACY LLC,AUH,PHARMACY,MUSSAFAH,"ICAD M40 PLOT96 MUSSAFAH, ABU DHABI",02-5504333,PHARMACY
"AL BUROOJ PHARMACY LLC, MUSSAFAH SENYIA-PF2967- AL BUROOJ MEDICAL CENTRE",AUH,PHARMACY,MUSSAFAH,"KHALFAN KHALIFA AL MAZROEI, M37 BEHIND BENIYAS SUPERMARKET, MUSSAFAH SENYIA",02-5545999,PHARMACY
AL AHALIA INTERNATIONAL PHARMACY,AUH,PHARMACY,MUSSAFAH,MUSSAFAH M11,02-5592624,PHARMACY
DAAR AL MISBAH PHARMACY - ABU DHABI - PF2782,AUH,PHARMACY,MUSSAFAH,"MUSSAFAH SANAYYA, ABU DHABI",02-6989844,PHARMACY
FARMACIA HOME HEALTHCARE PHARMACY,AUH,PHARMACY,MUSSAFAH,"MUSSAFAH, SAFEER MALL",02-5529395,PHARMACY
PHOENIX HOSPITAL PHARMACY LLC (prev. AL BUSTAN HOSPITAL PHARMACY LLC AUH - AHALIA GROUP),AUH,PHARMACY,MUSSAFAH,PLOT 1 SHABIA 10 MUSSAFAH,02-6151515,PHARMACY
SELECT PHARMACY L.L.C - ABU DHABI - PF2946,AUH,PHARMACY,MUSSAFAH,"PLOT 48 , M10, MUSSAFAH ICAD, ABU DHABI",02-5467888,PHARMACY
GIANT PHARMACY L.L.C - ABU DHABI - PF3246,AUH,PHARMACY,MUSSAFAH,"PLT NO.97,BLDG PR000154GF, SHOP 11 ,NEAR EVACARE MEDICAL CENTER,M17 MUSAFFAH INDUSTRIAL,ABU DHABI",02-5517211,PHARMACY
NEW NATIONAL MEDICAL CENTRE PHARMACY,AUH,PHARMACY,MUSSAFAH,"SHABIYA KALIFA STREET, MUSFFAH 10 , SAFEER MALL",02-5520110,PHARMACY
UNIQUE CARE PHARMACY-PF2959,AUH,PHARMACY,MUSSAFAH,Shop 07 Plot 85 Mussafah M13,02-5535582,PHARMACY
EMERALD PHARMACY LLC-PF2649-AUH,AUH,PHARMACY,MUSSAFAH,"SHOP NO 8 :16TH STREET,ICAD,MUSAFFAH 37,MUSAFFAH",02-5554165,PHARMACY
BAB AL MADINA PHARMACY - ABU DHABI - PF2898,AUH,PHARMACY,MUSSAFAH,"SHOP NO.6,PLOT NO 32M MOOSA AL AJBAN BUILDING, MUSSAFAH , ABU DHABI",02-6422464,PHARMACY
BEST HEALTH CARE PHARMACY LLC - ABU DHABI - PF3041,AUH,PHARMACY,MUSSAFAH,"Shop number 23, Al-sarab Buidling, M14, Mussaffah Industrial Area, Abu Dhabi",02-5755333,PHARMACY
AL AHLIA NATIONAL PHARMACY LLC-AHALIA GROUP-ABU DHABI/PF2662,AUH,PHARMACY,MUSSAFAH,"TARIFF ROAD , M-24",02-8119151,PHARMACY
"SANDS PHARMACY, AL FALAH STREET- PF1256- GOLDEN SANDS MEDICAL CENTRE",AUH,PHARMACY,OLD PASSPORT ROAD,"JUMA EID AL MEREEKHI BUILDING, OLD PASSPORT ROAD",02-6425688,PHARMACY
GULF APOLLO PHARMACY LLC,AUH,PHARMACY,SHABIA,"NEAR SAFEER MALL & TIGER GYM, SHABIA ME-9",02-5591566,PHARMACY
FUTURE PHARMACY BRANCH 1-ABU DHABI-PF2725,AUH,PHARMACY,SHABIYA,"BUILDING 32, MUSSAFFAH, SHABIYA ME-11",02-5595112,PHARMACY
HEALTH FIRST PHARMACY BRANCH 18-PF2979-ABU DHABI,AUH,PHARMACY,SHAHAMA,"AL RAHBA HOSPITAL, AL SHAHAMA, RAHBA CITY, ABU DHABI",02-6666427,PHARMACY
NEW SADD MAAREB PHARMACY,AUH,PHARMACY,SHAHAMA,SHAHAMA,02-5633073,PHARMACY
AL ISTIQLAL PHARMACY-ABU DHABI-PF1426,AUH,PHARMACY,TOURIST CLUB,"AL SALAM STREET OPPOSITE OF ABU DHABI MUNICIPALITY, TOURIST CLUB AREA",02-6446125,PHARMACY
MEDSTAR PHARMACY SANAIYA LLC -PF2576- MEDSTAR,AUH,PHARMACY,TOWN CENTER,"AL AIN TOWER , - AL AIN - UAE",03-7621007,PHARMACY
TARGET PHARMACY,AUH,PHARMACY,UM AL NAR,UM AL NAR,02-5585133,PHARMACY
AL DANNAH HOSPITAL PHARMACY (Prev. RUWAIS HOSPITAL PHARMACY),AUH,PHARMACY,WESTERN REGION,RUWAIS,02-6020677,PHARMACY
BURJEEL RETAIL PHARMACY L.L.C - BRANCH 13 / PF2896,AUH,PHARMACY,YAS ISLAND,"L1 50 & 51 ,YAS MALL, YAS ISLAND , ABU DHABI",02-6991113,PHARMACY
MEDI PRIME PHARMACY- (PRIME MEDICAL) - PF1649,AUH,PHARMACY,ABU DHABI,"AL FALAH STREET , NEAR WEAR MART , MADINT ZAYED",02-6342424,PHARMACY
UNIQUE AL AHALIA PHARMACY - BRANCH 2-ABU DHABI-AHALIA GROUP,AUH,PHARMACY,ABU DHABI,DELMA STREET,02-6410039,PHARMACY
NOOR ALAHLI PHARMACY-BRANCH 5-ABU DHABI-AHALIA GROUP,AUH,PHARMACY,ABU DHABI,"NEAR DAR-AL-ULOOM SCHOOL, BANIYAS WEST",02-5831929,PHARMACY
NOOR ALAHLI PHARMACY-BRANCH 8-ABU DHABI-AHALIA GROUP,AUH,PHARMACY,ABU DHABI,"NEAR DAR-AL-ULOOM SCHOOL, BANIYAS WEST",02-6410170,PHARMACY
NOOR ALAHLI PHARMACY-BRANCH 3-AUH-AHALIA GROUP,AUH,PHARMACY,HAMDAN STREET,"NEAR AHALIA HOSPITAL, HAMDAN ST",02-6263305,PHARMACY
MEDI PRIME PHARMACY AJM- LLC,AJM,PHARMACY,AJMAN,"GROUND FLOOR, GRAND MALL, SHEIKH KHALIFA BIN ZAYED STREET, AJMAN, UAE",04-6079872,PHARMACY
GRAND PHARMACY,AJM,PHARMACY,AJMAN,"AJMAN, DANA PLAZA COMPLEX,NEAR SPINNEY",06-7444840,PHARMACY
Sabeel Pharmacy LLC,AJM,PHARMACY,AJMAN,"Ajman, Flamingo Mall, Al Zorah, Shop no. 10",06-7464842,PHARMACY
BUSTAN PHARMACY,AJM,PHARMACY,AJMAN,"AL BUSTAN STREET, AL BUSTAN BUILDING",06-7447969,PHARMACY
AL MUSALLA PHARMACY,AJM,PHARMACY,AJMAN,"AL BUSTAN STREET, MUSALLA SOUQ",06-7421721,PHARMACY
AL ENAYA PHARMACY LLC-MEENA PHARMACY GROUP,AJM,PHARMACY,AJMAN,"AL HAMIDIYAH STREET, NEAR AL HOOTH CENTRE",06-7492212,PHARMACY
AL SAQER PHARMACY - AL GHARAFA AJMAN,AJM,PHARMACY,AJMAN,AL MUSALLA BLDG NEAR TO AL AHALIA EXCHANGE,06-7488329,PHARMACY
AL NUAIMIA PHARMACY - AL GHARAFA AJMAN,AJM,PHARMACY,AJMAN,"AL NUAIMIA STREET, AJMAN",06-7467871,PHARMACY
METRO MEDS PHARMACY,AJM,PHARMACY,AJMAN,"AL NUAIMIA, AJMAN",06-7469694,PHARMACY
AL ZAMAN PHARMACY LLC - (AL NEEM PHARMACY GROUP),AJM,PHARMACY,AJMAN,"AL ZAMAN BUILDING, SHAIKH AMMAR STREET, AL ZAHRA,",06-7487272,PHARMACY
MAWJOOD PHARMACY - (AL NEEM PHARMACY GROUP),AJM,PHARMACY,AJMAN,"AYISHA MAHMOOD BUILDING, ALQUDS ROAD,AJMAN",06-7429030,PHARMACY
AL EMAN PHARMACY AJMAN,AJM,PHARMACY,AJMAN,"BANK STREET , NUIAMIA",06-7466407,PHARMACY
AL NAJEM PHARMACY-AJMAN (FAITH PHARMACIES),AJM,PHARMACY,AJMAN,"Exhibition - Showroom No: 9 Ajman New Industrial Area 2, Ajman UAE",06-7468070,PHARMACY
"AL NAHRAIN PHARMACY, AJMAN- AL NAHRAIN MEDICAL CENTER",AJM,PHARMACY,AJMAN,"GROUND FLOOR SHOP NO.2, SKY TOWER BUILDING, SHEIKHA KHALIFA BIN ZAYED ROAD",06-7499802,PHARMACY
"NORTHERN AL AHLIA PHARMACY, AL BUSTAN (AL AHALIA GROUP)",AJM,PHARMACY,AJMAN,"GROUND FLOOR, AL WAKF BUILDING, BEHIND AJMAN GENERAL POST OFFICE & NBAD, AL BUSTAN, AJMAN, UAE.",06-7401876,PHARMACY
GRAND EMIRATES PHARMACY-AALIYA HEALTH FOUNDATION GROUP,AJM,PHARMACY,AJMAN,"GROUND FLOOR, CORNICHE MALL, HH SHEIKH HUMAID BIN RASHID AL NUAIMI ROAD",06-7479711,PHARMACY
TOPCARE PHARMACY AL JADEEDA L.L.C - AJMAN (AL NEEM GROUP),AJM,PHARMACY,AJMAN,"HAMAD ABDULLA SAEED BIN ALI BUILDING, JURF INDUSTRIAL 3, AJMAN",06-7455223,PHARMACY
MEDICARE PHARMACY LLC,AJM,PHARMACY,AJMAN,"Hassan Bin Haitham Street,Al Madina Hypermarket building,New Industrial Area",06-7646 539,PHARMACY
NEW SANAIYA AJMAN PHARMACY,AJM,PHARMACY,AJMAN,"INDUSTRIAL AREA, NEAR SUN CITY SUPERMARKET",06-7434034,PHARMACY
RIGHT HEALTH PHARMACY JURF2 LLC,AJM,PHARMACY,AJMAN,Jurf Industrial Zone 2 - Ajman,06-7404141,PHARMACY
NEW GRAND PHARMACY,AJM,PHARMACY,AJMAN,"KING FAISAL STREET, MARIAM BUILDING",06-7412588,PHARMACY
AL ABRAR PHARMACY LLC - AJMAN (AL NEEM GROUP),AJM,PHARMACY,AJMAN,"LAVENDER TOWER, EMIRATES CITY,AJMAN",06-7443741,PHARMACY
AL DIAA PHARMACY L.L.C,AJM,PHARMACY,AJMAN,"LOOTHA BUILDING, AL BADAR STREET",06-7452869,PHARMACY
LULU PHARMACY LLC DOCIB,AJM,PHARMACY,AJMAN,LULU HYPERMARKET,06-7457771,PHARMACY
AL SHIFA PHARMACY,AJM,PHARMACY,AJMAN,"MOETAA SREET, NEAR AL HARAMEEN PERFUME",06-7481477,PHARMACY
"AL ELAJ PHARMACY LLC,AJMAN-(AL SEHA AL KHUBRA GROUP)",AJM,PHARMACY,AJMAN,"NEAR AJMAN1 TOWERS,AJMAN",06-7033888,PHARMACY
EMIRATES PHARMACY,AJM,PHARMACY,AJMAN,"NEAR CITY MART, OPP KUWAIT HOSPITAL",06-7474900,PHARMACY
AMINA HOSPITAL PHARMACY LLC,AJM,PHARMACY,AJMAN,"NEAR EMIRATES NBD BANK, AL QUDS STREET",06-7114493,PHARMACY
AL KHALEEJ PHARMACY,AJM,PHARMACY,AJMAN,"NEAR IBN SINA MEDICAL CENTRE, ABU TAHA BLDG",06-7444189,PHARMACY
ARABIAN PHARMACY,AJM,PHARMACY,AJMAN,NEAR TRAFFIC & LICENSING DEPT,06-7417887,PHARMACY
DAJLA PHARMACY-FAITH GROUP,AJM,PHARMACY,AJMAN,NUAIMIA,06-7466704,PHARMACY
ASTER PHARMACY,AJM,PHARMACY,AJMAN,"RASHIDIYA STREET, AJMAN COOPERATIVE SOCIETY BUILDING",06-7496363,PHARMACY
MEDICOM 18,AJM,PHARMACY,AJMAN,SAFEER MALL,06-7464665,PHARMACY
SANA PHARMACY LLC,AJM,PHARMACY,AJMAN,SANA PHARMACY LLC AJMAN -SANA GROUP OF PHARMACIES,06-7316973,PHARMACY
MEDON PHARMACY LLC,AJM,PHARMACY,AJMAN,"Sheikh Ammar Bin Hummaid Street, Matar Al Shamsi Building, Ajman, Shop no. 12",06-7491188,PHARMACY
AL ATTAR PHARMACY,AJM,PHARMACY,AJMAN,"SHEIKH HUMAID STREET, BEHIND ROYAL CINEMA , NEAR MANAMA SUPERMARKET",06-7427142,PHARMACY
MAZAYA PHARMACY - AJMAN,AJM,PHARMACY,AJMAN,"SHEIKH KHALIFA BIN ZAYED ROAD, AL NUAIMIA, AJMAN",06-7468481,PHARMACY
MEDICOM 27 PHARMACY,AJM,PHARMACY,AJMAN,"SHEIKH KHALIFA STREET, ABDULLAH ABU SIHAB-OPP RAMADA HOTEL",06-7412013,PHARMACY
AL NEEM PHARMACY,AJM,PHARMACY,AJMAN,SHK. AMMAR STREET,06-7488207,PHARMACY
AL MURTADHA PHARMACY AJMAN,AJM,PHARMACY,AJMAN,"SHOP NO 7, DAY TO DAY BUILDING, RASHID BIN HUMAID STREET, AJMAN",06-7406038,PHARMACY
AL QAMAR PHARMACY LLC - AJMAN,AJM,PHARMACY,AJMAN,"SHOP NO.2 MUSCAT STREET, BACK SIDE OF AMINA HOSPITAL, RASHIDEYA 3 , AJMAN",06-7423061,PHARMACY
GALAXY PHARMACY LLC - AJMAN,AJM,PHARMACY,AJMAN,"SHOP NO.3 ,HORIZON TOWER D, SHEIKH RASHID BIN ABDUL AZIZ STREET, RASHIDEYA 1, AJMAN",06-7441886,PHARMACY
MEDICINA FIRST PHARAMCY - AJMAN,AJM,PHARMACY,AL RAWDAH,"Shop No. 3 & 4, Rawdah 3, Sheikh Ammar Bin Humaid St - Ajman",06-7472207,PHARMACY
HALA PHARMACY LLC - BRANCH 01 - LIFE HEALTHCARE GROUP,AJM,PHARMACY,AJMAN,"UNIT NO:58, GROUND FLOOR, ENTRANCE D, AJMAN CITY CENTRE, AJMAN , UAE",04-5610000,PHARMACY
"RIGHT HEALTH PHARMACY JURF LLC, JURF-NEW SANAIYA GROUP",AJM,PHARMACY,AL JURF,"SHOP NO-1, AL JURF INDUSTRIAL ZONE -2",06-7494969,PHARMACY
AL HEKMAH PHARMACY - AJMAN,AJM,PHARMACY,AL NUAMIYA,"MOHAMAD SHAFIQ RANA BUILDING, KUWAIT STREET",06-7466689,PHARMACY
LIFE PHARMACY AJMAN-LIFE HEALTHCARE GROUP,AJM,PHARMACY,AL RAMILA ROAD,"AL MANAMA HYPERMARKETS,AL RAMILA ROAD,AJMAN SHOP # 108",06-7452188,PHARMACY
TOP CARE PLUS PHARMACY L.L.C - SHARJAH (AL NEEM GROUP),AJM,PHARMACY,ALJURF,"SHOP 1,SOUK AL MUBARAK HYPERMARKET BUILD,JURF INDUSTRIAL - 1 ,AJMAN",06-7498181,PHARMACY
ASTER PHARMACY 163 BR OF ASTER PHARMACIES GROUP LLC - AJMAN,AJM,PHARMACY,Hamidiya 1,"SHOP NO.7 NESTO HYPERMARKET, AL IMAM AL SHAFEE STREET, HAMIDIYAH 1 , AJMAN",06-5461822,PHARMACY
MEDICINA PHARMACY - AJMAN,AJM,PHARMACY,MUSHRIF,SAFEER MARKET,06-7313042,PHARMACY
ACCESS PHARMACY AJMAN-ASTER PHARMACIES GROUP,AJM,PHARMACY,NEW INDUSTRIAL AREA,HARAMAIN SOUK,06-7462011,PHARMACY
ELAJ MEDICAL CENTRE PHARMACY L.L.C 01 - AJMAN,AJM,PHARMACY,NUAIMA,"37 COLLEGE ST ? AL NUAIMIA 2, AJMAN",06-7488808,PHARMACY
"AL AIN PAHRMACY CENTER LLC, AJMAN",AJM,PHARMACY,NUAIMIA,"AL AIN HYPERMARKET BUILDING, GROUND FLOOR, HAFIZ IBRAHIM STREET",06-7442542,PHARMACY
AL OMAIR PHARMACY LLC-(AL SEHA AL KUBRA GROUP),AJM,PHARMACY,RASHDIYA 3,"TURAS BUILDING,RASHDIYA-3,AJMAN",06-7651477,PHARMACY
ASTER PHARMACY 159 (BR OF ASTER PHARMACIES GROUP LLC) - AJMAN,AJM,PHARMACY,RASHIDIYA 3,"SHOP NO/5 AL MANAR TOWER,OPPOSITE HYUNDAI SHOWROOM, CORNICHE ROAD, RASHIDIYA 3 AJMAN",06-7453226,PHARMACY
HALA PHARMACY LLC - BRANCH 49,AJM,PHARMACY,RUMAILA,"SHOP NO. 3, RUMAILA, AL SHORAFA TOWER 2, AJMAN -UAE",04-5610000,PHARMACY
AL ELAJ PHARMACY LLC - AJMAN (NOVO HEALTHCARE GROUP),AJM,PHARMACY,RUMAILA 2,"Shop Number 3, Rumaila 2, Ajman, UAE",06-7472601,PHARMACY
ASTER PHARMACY 154 (BR OF ASTER PHARMACIES GROUP LLC) - AJMAN,AJM,PHARMACY,RUMAILA-3,"AL AQAR TOWER 1 , CORNICHE AJMAN , RUMAILA-3 , AJMAN",06-7314840,PHARMACY
"NEW MEDICAL CENTRE PHARMACY BRANCH, AJMAN (SUNNY GROUP)",AJM,PHARMACY,SAMHA PLAZA,"Near Safeer Market, Samha Plaza, Rashidiya,Ajman",06-5455966,PHARMACY
NOOR AL SHIFA PHARMACY,AJM,PHARMACY,TALLAH 02,"CITY LIFE MALL,AL TALLAH 2,AJMAN",06-7673042,PHARMACY
ASTER PHARMACY 127 BR OF ASTER PHARMACIES GROUP LLC,DXB,PHARMACY,DUBAI MARINA,"ROYAL OCEANIC-1, S-01, MARSA STREET",04-5547096,PHARMACY
LIFE ABU HAIL PHARMACY LLC-LIFE HEALTHCARE GROUP,DXB,PHARMACY,ABU HAIL,LIFE ABU HAIL PHARMACY LLC,04 3345553,PHARMACY
MARINA PHARMACY CITY WALK-BR OF MARINA PHARMACY,DXB,PHARMACY,AL ALBAANY ST. NEXT TO SH ZAID ROAD CITY WALK PHASE 2,AL BADA STREET,04-3466889,PHARMACY
Zahrath Al Neem Pharmacy LLC,DXB,PHARMACY,Al Arjan,"Dubai, Al Arjan, Geepas Building, Shop no. 1",04-5824333,PHARMACY
ASTER PHARMACY 161 BR OF ASTER PHARMACIES GROUP LLC - DUBAI,DXB,PHARMACY,AL AWEER,"MARHABA MALL ,SAMARI RESIDENCE,RAS AL KHOR ROAD , AL AWEER, DUBAI",04-3424262,PHARMACY
LIFE AL BADAA PHARMACY L.L.C-LIFE HEALTHCARE GROUP,DXB,PHARMACY,AL BADAA,"S # 1; AL BADAA BLDG,P 78 AL BADAA,DUBAI",04-3596837,PHARMACY
AL BARAHA PHARMACY,DXB,PHARMACY,AL BARAHA,"AL KHALEEJ STREET, AL BARAHA",04-2727252,PHARMACY
HEALTH FIRST PHARMACY 25- SOUQ EXTRA BARSHA,DXB,PHARMACY,AL BARSHA,"37TH STREET, NEXT TO BARSHA 2- PARK 3,SOUQ EXTRA SHOPPING CENTER",04-3992116,PHARMACY
ROYAL MARINA PHARMACY-LIFE HEALTHCARE GROUP,DXB,PHARMACY,AL BARSHA,"AL BARSHA, OPP ABIDOS HOTEL,DUBAI",04-3475991,PHARMACY
HEALTHY LIFE PHARMACY,DXB,PHARMACY,AL BARSHA,"AL SIDIQ ROAD, NEAR ABOBACKEER AL SIDDIQUE MOSQUE",04-3416801,PHARMACY
ASTER PHARMACY 114- DM HEALTHCARE,DXB,PHARMACY,Al Barsha,"ASWAQ MALL, AL BARSHA SOUTH, DUBAI",04-3851450,PHARMACY
IBN SINA 43 PHARMACY,DXB,PHARMACY,AL BARSHA,"BARSHA BOUTIQUE, BARSHA 1",04-3950305,PHARMACY
MEDICINE SHOPPE MICRO PHARMACY,DXB,PHARMACY,AL BARSHA,"BARSHA, SARATOGA RESIDENTIAL COMPLEX",04-3237939,PHARMACY
REAL PHARMACY-LIFE HEALTHCARE GROUP,DXB,PHARMACY,AL BARSHA,"BELSELAH BUILDING, NEXT TO MARINA FURNITURE",04-3413745,PHARMACY
IBN ROSHD MODERN PHARMACY,DXB,PHARMACY,AL BARSHA,"BESIDES HOLIDAY INN HOTEL, NEAR MALL OF THE EMIRATES",04-3408786,PHARMACY
ASTER PHARMACY 134,DXB,PHARMACY,AL BARSHA,"GOLDEN SANDS BUILDING, BARSHA 1",04-3271483,PHARMACY
MEDIPLUS PHARMACY L L C - DUBAI,DXB,PHARMACY,AL BARSHA,"INSIDE ZAHRA HOSPITAL DUBAI, NEAR TO MASHREQ METRO STATION, SHEIKH ZAYED ROAD, AL BARSHA, DUBAI",04-2244418,PHARMACY
LULU BARSHA PHARMACY LLC DOCIB,DXB,PHARMACY,AL BARSHA,LULU HYPERMARKET,04-3418828,PHARMACY
BARSHA ROSE GARDENS PHARMACY LLC-LIFE HEALTHCARE GROUP,DXB,PHARMACY,AL BARSHA,"SHOP # 1, ROSE GARDENS HOTEL APARTMENT BLDG, AL BARSHA 1, DUBAI",04-3792990,PHARMACY
HEALTH FIRST PHARMACY 45,DXB,PHARMACY,AL BARSHA,"SHOP NO. 4, ALRAWBHA BUILDING, HALIM STREET",04-3965891,PHARMACY
HEALTH FIRST PHARMACY 47 BRANCH OF HEALTH FIRST INVESTMENT LLC,DXB,PHARMACY,AL BARSHA,"SHOP NO. S03, UMM SUQEIM",04-3850857,PHARMACY
LIFE PHARMACY 11 BR OF LIFE PHARMACY LLC,DXB,PHARMACY,AL BARSHA,"Shop No.2, Near Creative Minds Shop, Barsha, Umm Suqeim Road, Dubai - UAE",04-5610000,PHARMACY
REAL 10 PHARMACY LLC-LIFE HEALTHCARE GROUP,DXB,PHARMACY,AL BARSHA,"SHOP#1, ELITE BUILDING, OPP. LULU HYPER MARKET, AL BARSHA, DUBAI.",04-3479744,PHARMACY
HEALTH FIRST PHARMACY 9,DXB,PHARMACY,AL BARSHA,"SUMMER2, AL BARSHA SOUTH",04-4233733,PHARMACY
MARINA PHARMACY GATE-MARINA PHARMACY GROUP,DXB,PHARMACY,AL BARSHA,"THE GATE BUILDING, AL SHAIBA TOWERS, SHOP NO. 15, GROUND FLOOR, AL BARSHA",04-4227194,PHARMACY
MEDICINA PHARMACY,DXB,PHARMACY,AL BARSHA,"UMM SUQEIM, AL BARSHA",04-3237202,PHARMACY
MEDICINA PHARMACY 6,DXB,PHARMACY,AL BARSHA 1,"AL ATTAR BUSINESS CENTRE, AL BARSHA 1, SHEIKH ZAYED ROAD",04-3993370,PHARMACY
MEDICINA PHARMACY 15- DUBAI - MEDICINA GRP,DXB,PHARMACY,AL BARSHA 1,"Hessa Rd., Albarsha 1, Dubai",04-8875072,PHARMACY
HEALTH FIRST PHARMACY 35-PLANET PHARMACY-DUBAI,DXB,PHARMACY,AL BARSHA 1,"SHOP NO. 3, BIN KALAIB BUILDING",04-3471980,PHARMACY
IBN SINA 48 PHARMACY,DXB,PHARMACY,AL BARSHA 2,SIDDIQ ABDUL HADI AL AJMANI BUILDING,04-3995846,PHARMACY
ASTER PHARMACY 131(BR OF ASTER PHARMACIES GROUP LLC),DXB,PHARMACY,Al Barsha first,Al Barsha first;Trio Buiding;,04-3475733,PHARMACY
"LIFE AL BARSHA FOURTH 2 BR OF LIFE PHARMACY LLC, AL BARSHA (LIFE HEALTHCARE GROUP)",DXB,PHARMACY,AL BARSHA SOUTH FOURTH,"SHOP NO 1, PRIME BUSINESS CENTER A, AL BARSHA SOUTH FOURTH (PLOT NO: 240), DUBAI.",04-5610000,PHARMACY
ROKN AL MAZHER PHARMACY-FAITH GROUP,DXB,PHARMACY,AL GARHOUD,NEAR TO AIRPORT FREEZONE METRO STATION,04-2635469,PHARMACY
AL TAMIMI NEW PHARMACY-FAITH GROUP,DXB,PHARMACY,AL GHARAFA,OPP. JMART SUPER MARKET,04-3381913,PHARMACY
WESTON PHARMACY LLC - DUBAI - (AL MANSOOR MEDICAL CENTRE),DXB,PHARMACY,AL HAMRIYA,"WESTON PHARMACY, P O BOX 43136, B214, ABDULLA KHOORY AL MIR, SUQ AL KABEER DUBAI, UAE.",04-2652767,PHARMACY
JADAF LIFE PHARMACY BR OF LIFE PHARMACY LLC,DXB,PHARMACY,AL JEDDAF,"RETAIL#1, RIAH TOWERS, CULTURE VILLAGE, AL JEDDAF DUBAI - UAE",04-3410008,PHARMACY
ASTER PHARMACY 145 (BR OF ASTER PHARMACIES GROUP),DXB,PHARMACY,AL KARAMA,"SHOP NO: 1, AL WALEED BUILDING. OPP. UNION MEDICAL CENTRE, IRANIAN SCHOOL ROAD, KARAMA",04-2505712,PHARMACY
MULTI CARE PHARMACY LLC,DXB,PHARMACY,AL KHAIL,"LATIFA BINT HAMDAN, AL KHAIL GATE COMMUNITY CENTRE , DUBAI",04-4245863,PHARMACY
NOOR AL MAMZAR PHARMACY-LIFE HEALTHCARE GROUP,DXB,PHARMACY,AL MAMZAR,"SHOP # 18,AB PLAZA 1,NEAR CANADIAN SPECIALIST HOSPITAL, AL MAMZAR",04-2669299,PHARMACY
AL PETRA PHARMACY,DXB,PHARMACY,AL MIZHER 1,MOHD. SALEM BIN BAKHIT MOSQUE BUILDING,04-2875814,PHARMACY
GHAZAL AL JABAL PHARMACY,DXB,PHARMACY,AL MUHAISNA,AL MUHAISNAH,04-2540460,PHARMACY
BIN SINA 50 PHARMACY-BIN SINA GROUP-DUBAI,DXB,PHARMACY,AL MURAQABAT,"WASL TRIO BUILDING, AL MURAQABAT",04-2500496,PHARMACY
LIFE MURAQABAT PHARMACY (LIFE HEALTHCARE GROUP),DXB,PHARMACY,AL MURAQQABAT,"R471 WASL TRIO, BLOCK A, ABU BAKER AL SIDDIQUE ROAD",04-3410008,PHARMACY
"MEDICOM PHARMACY 15, MURRAQABAT- RELIEF HEALTHCARE GROUP",DXB,PHARMACY,AL MURRAQABAT,"AL FAHAD PLAZA BUILDING,RIGGA STREET,OPP. KFC, RIGGA STREET, DUBAI",04-2297670,PHARMACY
NEW AL NAHDA PHARMACY,DXB,PHARMACY,AL NAHDA,"AL NAHDA 3, SHOP#1 BEFORE EMIRATES HOTEL APARTMENTS",04-2672855,PHARMACY
GULF PHARMACY,DXB,PHARMACY,AL NAHDA,"AL NAHDA, AL NAHDA SUPERMARKET",04-2838006,PHARMACY
SAHARA AL MANKHOOL PHARMACY,DXB,PHARMACY,AL NAHDA,"AL NAHDA, TRIO THREE BLDG",04-2554427,PHARMACY
NAHDA SAHARA PHARMACY,DXB,PHARMACY,Al Nahda,"DUBAI - SHJ ROAD, NEAR ZULEKHA HOSPITAL, DEV. BOARD BLDG",04-2582750,PHARMACY
REAL 5 PHARAMACY LLC-LIFE HEALTHCARE GROUP,DXB,PHARMACY,AL NAHDA,"NEXT TO CARREFOUR EXPRESS,AMAN ROAD,AL NADHA",04-2577545,PHARMACY
ASTER PHARMACY 118 BR OF ASTER PHARMACIES GROUP LLC,DXB,PHARMACY,AL NAHDA,"OBS BUILDING,GROUND FLOOR, SHOP NO.2, NAMMAN ROAD",04-2393397,PHARMACY
LIFE AL NAHDA PHARMACY L.L.C-LIFE HEALTHCARE GROUP,DXB,PHARMACY,AL NAHDA,"SHOP # 3, TWIN TOWER, PLOT # 241-555, AL NAHDA , DUBAI",04-2636919,PHARMACY
"AL FARAH PHARMACY LLC, AL NAHDA 1 (FAITH PHARMACIES)",DXB,PHARMACY,AL NAHDA 1,"AL QAMZI BUILDING, BEHIND SAHARA CENTRE, AL NAHDA 1, DUBAI",04 2507306,PHARMACY
NAHDA SAHARA PHARMACY LLC - DUBAI - (NOVO HEALTHCARE GROUP),DXB,PHARMACY,AL NAHDA 2,"Omair Juma Saeed Al Falasi, Behind Zulekha Hospital, Al Nahda 2, Dubai, UAE",04-2582750,PHARMACY
MADINAT ALQOUZ PHARMACY LLC - ALQOUZ - DUBAI,DXB,PHARMACY,AL QOUZ,"FRANEK BUILDING - SHOP NO:3 BACK SIDE OF AL KHALIL MALL,AL QOUZ INDUSTRIAL AREA STREET - ALQOUZ - DUBAI",04-3388522,PHARMACY
"GOLD LIFE PHARMACY BR OF LIFE PHARMACY LLC, AL QOUZ (LIFE PHARMACIES)",DXB,PHARMACY,AL QOUZ,"UNIT NO. GDP-5-G-R5-004, GOLD AND DIAMOND PARK, DUBAI",04-3410243,PHARMACY
IBN SINA 60 PHARMACY,DXB,PHARMACY,AL QUDRA,AL QUDRA STREET- ARABIAN RANCHES 2 - RANCHES SOUQ,04-4293156,PHARMACY
"MARINA PHARMACY CARE 5 BR OF MARINA PHARMACY LLC, (MARINA GROUP)",DXB,PHARMACY,AL QUOZ,"42A Street, Iranian Clinic, Al Quoz 1",04-3466889,PHARMACY
AL SEHA AL KUBRA PHARMACY LLC AL QUOZ 4-DUBAI,DXB,PHARMACY,AL QUOZ,"2ND FLOOR SHOP NO 27, AL KHAIL MALL, AL QUOZ 4, LATIFA BINT HAMDAN STREET, AL KHAIL MALL, DUBAI",04-3219926,PHARMACY
ASTER PHARMACY 136 BR OF ASTER PHARMACIES GROUP LLC,DXB,PHARMACY,AL QUOZ,"ABDULLA AL ASMAWI BUILDING, AL QUOZ FOURTH",04-3808539,PHARMACY
"AL JASEEL PHARMACY LLC, AL QUOZ- AL UFUQ PHARMA GROUP",DXB,PHARMACY,AL QUOZ,"AL HASHIMI BUILDING, AL ROSTAMANI ROAD, AL QUOZ-3,",04-3213441,PHARMACY
NEW SMILE PHARMACY,DXB,PHARMACY,AL QUOZ,"AL MADEENA SUPERMARKET, AL QOUZ-2",04-3381330,PHARMACY
BETTER LIFE PHARMACY,DXB,PHARMACY,AL QUOZ,"AL QOUZ LABOUR CAMP, GRAND SHOPPING MALL",04-3414626,PHARMACY
NEW AL QOUZ PHARMACY,DXB,PHARMACY,AL QUOZ,"AL QOUZ, AL QOUZ",04-3385854,PHARMACY
AL QOUZ PHARMACY,DXB,PHARMACY,AL QUOZ,"AL QOUZ, NEAR PEPSI COLA COMPANY,SHIEKH ZAYED ROAD",04-3384404,PHARMACY
ADVANCED CARE PHARMACY,DXB,PHARMACY,AL QUOZ,AL QUOZ,04-3307120,PHARMACY
"ROYAL RUBY PHARMACY, AL QUOZ-NEW SANAIYA GROUP",DXB,PHARMACY,AL QUOZ,"AL QUOZ INDUSTRIAL AREA 3,",04-3791311,PHARMACY
NEW BETTER LIFE PHARMACY LLC- KMC GROUP,DXB,PHARMACY,AL QUOZ,AL QUOZ MALL,04-3466097,PHARMACY
CAREWELL PHARMACY LLC-DUBAI,DXB,PHARMACY,AL QUOZ,"AL QUOZ MALL, AL QOUZ 3",04 3419008,PHARMACY
AL TAMIMI PHARMACY L.L.C-FAITH GROUP,DXB,PHARMACY,AL QUOZ,BEHIND AL QUOZ BOWLING CENTER,04-3381455,PHARMACY
ACCESS PHARMACY BR OF ASTER PHARMACIES GROUP LLC-ASTER GROUP,DXB,PHARMACY,AL QUOZ,"GF-1, AL ARIF BUILDING, AL QUOZ 3",04-3807218,PHARMACY
AL SAFA AL QUOZ PHARMACY L.L.C (FAITH GROUP),DXB,PHARMACY,Al QUOZ,"KHALIFA DHALEN ABDULLA AL MUHAIRI BUILDING, AL QUOZ FIRST, BLOCK NO:1189, AL QUOZ",04-3808824,PHARMACY
NAD AL HAMAR PHARMACY L.L.C.-FAITH GROUP,DXB,PHARMACY,AL QUOZ,"NEAR TO AL KHAIL MALL,AL QUOZ",04-3284298,PHARMACY
GATE BETTER LIFE PHARMACY - KMC GROUP,DXB,PHARMACY,AL QUOZ,"SHOP 1 & 2, NEW WEST ZONE MALL, AL KHAIL GATE, DUBAI",04-5586281,PHARMACY
HEALTH FIRST PHARMACY 8,DXB,PHARMACY,AL QUOZ,"SHOP NO. 8, SOUQ EXTRA, AL QUOZ 1",04-3883012,PHARMACY
NAJMA AL MUSALLAH PHARMACY L.L.C-DUBAI (KHALIDHA MEDICAL CENTRE GROUP),DXB,PHARMACY,AL QUOZ,"SHOP NO:1, GROUND FLOOR;AL WAHA STREET;OBEROI PROPERTIES BUILDING;OBEROI PROPERTIES BUILDING",04-3381967,PHARMACY
AL NEEM GREEN PHARMACY LLC - DUBAI (AL NEEM GROUP),DXB,PHARMACY,Al Quoz 3,"BRIGHT MEDICAL CENTER BUILDING,AL QUOZ 3,DUBAI",04-3355557,PHARMACY
FAJR AL MADINA PHARMACY LLC,DXB,PHARMACY,AL QUOZ 3,"FAJR AL MADINA PHARMACY, SHOP NO.7, FARNEK BUILDING, BEHIND AL KHAIL MALL, AL QUOZE-3,",04-341040,PHARMACY
"ZAMZAM PHARMACY LLC, AL QUOZ 4 (ZAMZAM PHARMACIES)",DXB,PHARMACY,AL QUOZ 4,"ABDULLA KETEIT MASJID BLDG, AL ASAYEL; ST, AL QUOZ 4, DUBAI",04-3394395,PHARMACY
DULSCO PHARMACY BRANCH OF DULSCO LLC,DXB,PHARMACY,AL QUOZ 4,"DULSCO VILLAGE, AL QUOZ INDUSTRIAL AREA 4, DUBAI , UAE",04-3232442,PHARMACY
MUSALAH AL QUOZE PHARMACY,DXB,PHARMACY,AL QUOZE 4,AL KHAIL MALL,04-3285928,PHARMACY
ASTER PHARMACY 200 (BR OF ASTER PHARMACIES GROUP LLC),DXB,PHARMACY,AL QUSAIS,"BUILDING NO :241-487, AL NAHADA SECOND, AMMAN STREET, AL QUSAIS, OPP. LED WORLD",04-2505712,PHARMACY
MEDICOM PHARMACY 34 LLC,DXB,PHARMACY,AL QUSAIS,"CLOUD 8 BLDG,NEAR ALNAHDA METRO STATION",04-2544001,PHARMACY
"LOTUS PHARMACY LLC, DXB",DXB,PHARMACY,AL QUSAIS,"DAMASCUSS; SAIF ALI RASHID BUILDING , AL QUSAIS - 1 ; DUBAI",04-3433134,PHARMACY
"MEDIPRIME PHARMACY, AL QUSAIS (PRIME HEALTHCARE GROUP)",DXB,PHARMACY,AL QUSAIS,"GROUND FLOOR, ALQUSAIS PLAZA, DAMASCUS STREET, AL QUSAIS",04-6079876,PHARMACY
LULU CENTER PHARMACY DOCIB,DXB,PHARMACY,AL QUSAIS,LULU HYPERMARKET,04-2988771,PHARMACY
MEDI GREEN PHARMACY-DUBAI,DXB,PHARMACY,AL QUSAIS,"SHOP # 3, BUHUSSAIN BUILDING, DOHA STREET, AL QUSAIS",04-2652535,PHARMACY
ASTER PHARMACY 142 (BR OF ASTER PHARMACIES GROUP),DXB,PHARMACY,AL QUSAIS,"SHOP NO 4 , AL FATTAN BUILDING ,PLOT NO 233-129, BEHIND SNOW WHITE, AL QUSAIS",04-2505712,PHARMACY
ASTER PHARMACY 101 BR OF ASTER PHARMACIES GROUP LLC,DXB,PHARMACY,AL QUSAIS 1,"AQU BUIDING, AL QUSAIS1, SHEIKH COLONY",04-2382342,PHARMACY
ASTER PHARMACY 102 (BR OF ASTER PHARMACY L.L.C.)-DR.MOOPEN'S,DXB,PHARMACY,AL QUSAIS 2,SAEED HAMAD MUSLEH JAMHOUR AL AHBABI BUILDING,04-2610833,PHARMACY
ASTER PHARMACY 112 BR OF ASTER PHARMACIES GROUP LLC-ASTER GR,DXB,PHARMACY,AL RAFFA,"GROUND FLOOR, MOHAMED KHALIFA AL KHALAFI BUILDING, ROLLA STREET",04-3252920,PHARMACY
MEDICOM 14,DXB,PHARMACY,AL RASHIDIYA,"AL RASHIDIYA, UNION COOPERATIVE SOCIETY",04-2672946,PHARMACY
ASTER PHARMACY 202 (BR OF ASTER PHARMACIES GROUP),DXB,PHARMACY,AL RASHIDIYA,"BIN SOUGAT CENTER, AIRPORT ROAD, AL RASHIDIY, NEAR METRO STATION",04-2540474,PHARMACY
"AXON PHARMA LLC, RASHIDIYA (AMLED INVESTMENT MANAGEMENT LLC)",DXB,PHARMACY,AL RASHIDIYA,"RASHIDIYA CENTRAL MARKET BLDG, GROUND FLOOR, AL RASHIDIYA.",04-2868501,PHARMACY
AMBER CLINICS LLC COMMUNITY (OUT-PATIENT) PHARMACY,DXB,PHARMACY,AL RIGGA,"Business Center,2nd Floor,26 B Street,Al Rigga, Near IBIS Hotel,Deira",04-2325109,PHARMACY
LIFE AL RIQQA PHARMACY L.L.C-LIFE HEALTHCARE GROUP,DXB,PHARMACY,AL RIQQA,"SHOP# F67, OPP. TO CARREFOUR, AL GHURAIR CENTRE, AL RIQQA, DUBAI",04-2248362,PHARMACY
"LIFE PHARMACY 18 BR OF LIFE PHARMACY LLC, DUBAI (LIFE HEALTHCARE GROUP)",DXB,PHARMACY,AL SAFA (CITY WALK),"SHOP NO. 6, GROUND FLOOR – CITY WALK 1, DUBAI, UAE",04-5610000,PHARMACY
MEDI PRIME PHARMACY JUMEIRAH BRANCH L.L.C(PRIME HEALTHCARE GROUP),DXB,PHARMACY,AL SAFA FIRST,"GROUND FLOOR, AL FERDOUS 1, AL WASL ROAD, AL SAFA DUBAI",04-7070999,PHARMACY
BELHOUL EUROPEAN PHARMACY,DXB,PHARMACY,AL SATWA,"DUNE CENTER, 2ND DECEMBER STREET",04-3454000,PHARMACY
LIFE PHARMACY 54 BR OF LIFE PHARMACY LLC - DUBAI CREEK - LIFE HEALTHCARE GROUP,DXB,PHARMACY,AL WARQA,"Shop No. F10, 11, & 12, Warqa City Mall, Al Warqa",04-5718012,PHARMACY
TRAM LIFE PHARMACY L.L.C-LIFE HEALTHCARE GROUP,DXB,PHARMACY,AL SEEF TOWER,"AL SEEF TOWER 1, BEHIND TAMANI HOTEL",04-5586744,PHARMACY
EHSAAN PHARMACY,DXB,PHARMACY,AL SHAAB,"AL SHAAB COLONY, AL SHAAB COLONY",04-2975986,PHARMACY
CENTRAL MARKET PHARMACY- BIN SINA GROUP,DXB,PHARMACY,AL TAWAR 1,AL TAWAR 1,04-2613451,PHARMACY
PANORAMA RX PHARMACY BR OF IMARA HEALTH CARE LLC,DXB,PHARMACY,AL THANYA 3,"PANORAMA BUILDING, JABEL ALI RACE COURSE ROAD, FIRST AL KHAIL STREET",04-4557256,PHARMACY
MEDI PRIME PHARMACY BARSHA HEIGHTS BRANCH LLC(PRIME HEALTHCARE GROUP),DXB,PHARMACY,AL THANYAH FIRST,"GROUND FLOOR, ONYX TOWER 1, BESIDE COSTA COFFEE, THE GREENS (AL THANYAH THIRD), DUBAI, UAE",04-7070999,PHARMACY
ASTER PHARMACY 120 BR OF ASTER PHARMACIES GROUP LLC-DUBAI,DXB,PHARMACY,AL WARQA,"ABDUL RAOUF MOHAMMED SALEH ALAVI BUILDING, AL WARQA 1",04-2803995,PHARMACY
MEDI PRIME PHARMACY AL WARQA (BR OF MEDI PRIME PHARMACY (LLC),DXB,PHARMACY,Al Warqa,AL WARQA,04-7070999,PHARMACY
LIFE AL WARQA PHARMACY LLC-LIFE HEALTHCARE GROUP,DXB,PHARMACY,AL WARQA,"SHOP 1 & 2, AL KENDI , BLDG , AL WARQA",04-2865244,PHARMACY
AL WARQA PHARMACY,DXB,PHARMACY,AL WARQA,"WARQA, HUMAID BUILDING",04-2801691,PHARMACY
ASTER PHARMACY 104 (BR OF ASTER PHARMACIES GROUP LLC),DXB,PHARMACY,AL WARQA 1,"HANBAL SHAFIE AL MADANI BUILDING, NEAR TO ASTER ORTHO CLINIC AL WARQA, AL WARQA-1, DUBAI",04-2829440,PHARMACY
BIN SINA PHARMACY-34,DXB,PHARMACY,AL WARQAA,"AL WARQAA, UNIT NO 3,GROUND FLOOR,ASWAAQ MALL",04-2804340,PHARMACY
MEDICINA 8-DUBAI -MEDICINA GRP,DXB,PHARMACY,Al Warqaa 1,"neer Mass Supermarket, Al Warqaa 1, Dubai",04-2800674,PHARMACY
LIFE PHARMACY 53 BR OF LIFE PHARMACY - WARSAN - LIFE HEALTHCARE GROUP,DXB,PHARMACY,AL WARSAN,"PRIME RESIDENCE 1. AL WARSAN FIRST, DUBAI",04-5610002,PHARMACY
ASTER PHARMACY 157 BR OF ASTER PHARMACIES GROUP LLC-DUBAI,DXB,PHARMACY,AL WASL,"R-531-A, DAR AL WASL BUILDING, AL WASL ROAD, NEAR SAFA",04-3867820,PHARMACY
MEDILIFE PHARMACY LLC-LIFE HEALTHCARE GROUP,DXB,PHARMACY,AL WASL,"SHOP #1, CHOITHRAM BLDG, PLOT B/1416, OPP SAFA PARK, AL WASL DUBAI",04-3237223,PHARMACY
MEDICINA 1 PHARMACY,DXB,PHARMACY,AL WASL,"SOUQ AL WASL DISTRICT, AL MAKTOUM HOSPITAL ROAD",04-2943248,PHARMACY
RAK PHARMACY DUBAI- ARABIAN HLC GROUP,DXB,PHARMACY,AL WASL,"Villa 1165, Umm Al Sheif - Al Wasl Road, Jumeirah Dubai",04-3805080,PHARMACY
MEDICINA PHARMACY 9-DUBAI -MEDICINA GRP,DXB,PHARMACY,AL WASL,"Wasl Stadium, Oud Metha Rd., Dubai",04-3313152,PHARMACY
LIFE AL YALAYIS 1 BR OF LIFE PHARMACY 3 LLC-DUBAI,DXB,PHARMACY,AL YALAYIS,"Unit No. MIRA - GF-005, Mira Town Centre, Reem Community, Dubai",04-5812499,PHARMACY
LIFE PHARMACY 48 BR OF LIFE PHARMACY LLC - AL MIZHAR - LIFE HEALTHCARE GROUP,DXB,PHARMACY,ALMIZHAR,"UNIT NO.1410, GROUND FLOOR, ARABIAN CENTER, AL MIZHAR, DUBAI",04-5610000,PHARMACY
NEW AL NEEM PHARMACY LLC-AL NEEM GROUP,DXB,PHARMACY,ALQUOZ 2,"SHOP NO. 5, AL MADINA HYPERMARKET BUILDING",04-3282121,PHARMACY
AL MADEENA AL SANAIYA PHARMACY,DXB,PHARMACY,ALQUOZ 4,NEAR AL MADINA SUPERMARKET,04-3406761,PHARMACY
NEW SANAIYA PHARMACY,DXB,PHARMACY,ALQUOZ 4,NEAR MADINA SUPERMARKET,04-2648202,PHARMACY
HEALTH FIRST PHARMACY 40- DUBAI- PLANET PHARMACY,DXB,PHARMACY,ALQUOZ 4,"SHOP NO:10 & 11, AL BADRI 17A BUILDING, NEAR EROS LABOUR CAMP, OPP SAWAHEL ALMADEENA, ALQUOZ 4",04-3331699,PHARMACY
LIFE PHARMACY 27 BR OF LIFE PHARMACY - LIFE HEALTHCARE GROUP,DXB,PHARMACY,"ARABIAN RANCHES II , Dubai","UNIT NO.FF01-1 FIRST FLOOR, ARABIAN RANCHES ll , DUBAI",04-5610000,PHARMACY
DRAGON PHARMACY,DXB,PHARMACY,AWEER,"AWEER, DUBAI",04-3687409,PHARMACY
MODERN LIFE PHARMACY,DXB,PHARMACY,AWEER,"AWEER, NEAR VEGETABLE AND FRUIT MARKET",04-3332996,PHARMACY
BANIYAS LIFE PHARMACY BR OF LIFE PHARMACY LLC,DXB,PHARMACY,BANIYAS,"Al Ashrfiah Building, Near Clock Tower, Deira, Dubai - UAE",04-2550173,PHARMACY
LIFE PHARMACY 22 BR OF LIFE PHARMACY LLC,DXB,PHARMACY,BARSHA,"INSIDE CARREFOUR, MALL OF THE EMIRATES, DUBAI, UAE",04-5610000,PHARMACY
LIFE AL BARSHA SOUTH FOURTH BR OF LIFE PHARMACY LLC,DXB,PHARMACY,BARSHA,"Shop no. G01-B, Manhattan Building, Near Choithram , JVC Village, Al Barsha South Fourth Community, Dubai",04-2417418,PHARMACY
ORBIT STAR PHARMACY L.L.C - DUBAI,DXB,PHARMACY,BARSHA 1,"SHOP NO.4 ,AL ATTAR BUSINESS AVENUE, NEAR MUHAISNAH MADINA MALL, BARSHA 1 , DUBAI",04-2348918,PHARMACY
BIN SINA 55 PHARMACY,DXB,PHARMACY,BARSHA HEIGHTS,"I- RISE TOWER, BARSHA HEIGHTS DUBAI INTERNET CITY",04-5521384,PHARMACY
HEALTH POINT PHARMACY LLC - LIFE HEALTHCARE GROUP,DXB,PHARMACY,BARSHA SOUTH FOURTH,"UNIT NO. 2 & 3, CHAIMAA PREMIERE, JVC, AL BARSHA SOUTH FOURTH, DUBAI",04-5610000,PHARMACY
NEW HEALTH SIGN PHARMACY L.L.C - DUBAI (MEDEX GROUP),DXB,PHARMACY,BUR DUBAI,"Shop #2, Bookash Building, 22 3 B St - Al Karama - Near Astoria Hotel, Bur Dubai,karama",04-3208755,PHARMACY
ABRIS PHARMACY LLC-DUBAI,DXB,PHARMACY,BUR DUBAI,"1ST FLOOR, SOUQ AL KABEER BUILDING, AL FAHIDI STREET,MEENA BAZAR",04-3535357,PHARMACY
NEW MEDI PRIME PHARMACY,DXB,PHARMACY,BUR DUBAI,"3RD FLOOR OF BURJUMAN CENTER, KHALID BIN AL WALEED ROAD, DUBAI, UAE",04-3584979,PHARMACY
RX PHARMACY,DXB,PHARMACY,BUR DUBAI,"ABDUL WAHEED FIKREE BUILDING, AL RAFA STREET",04-3555129,PHARMACY
HEALTH FIRST PHARMACY 1-PLANET PHARMACY,DXB,PHARMACY,BUR DUBAI,"AL BARSHA ROAD, TAMIMI HOUSE",04-4377533,PHARMACY
MEDICINA AL FAHIDI PHARAMCY,DXB,PHARMACY,BUR DUBAI,AL FAHIDI SOUQ,04-2220163,PHARMACY
ASIA PHARMACY,DXB,PHARMACY,BUR DUBAI,"AL FAHIDI STREET, OPP. AL FAHEDI NEXT TO CHOITHRAM SUPERMARKET",04-3527183,PHARMACY
NICE LIFE PHARMACY ( BR OF ASTER PHARMACIES GROUP LLC) - DUBAI,DXB,PHARMACY,BUR DUBAI,"AL HUDAIBA AWARDS BUILDING, GROUND FLOOR, SHOP AG:12, JUMEIRAH ROAD, BUDUBAI, DUBAI",04-3092900,PHARMACY
MEDICINA PHARMACY 7,DXB,PHARMACY,BUR DUBAI,"AL KHALEEJ CENTRE, AL MANKHOOL ROAD",04-3526633,PHARMACY
GOLDEN SANDS PHARMACY,DXB,PHARMACY,BUR DUBAI,"AL MANKHOOL STREET, AL AIN CENTRE (COMPUTER PLAZA)",04-3511444,PHARMACY
AL RAIS PHARMACY,DXB,PHARMACY,BUR DUBAI,"AL MANKHOOL STREET, AL RAIS CENTER",04-3519581,PHARMACY
LIWA PHARMACY,DXB,PHARMACY,BUR DUBAI,"AL MANKHOOL STREET, VICTORIA RESIDENCE",04-3558898,PHARMACY
IBN ROSHD PHARMACY,DXB,PHARMACY,BUR DUBAI,"AL MINA ROAD, NEAR DUBAI DRY DOCKS",04-3454040,PHARMACY
UNION PHARMACY,DXB,PHARMACY,BUR DUBAI,"AL RAFA ROAD, AL RAFA",04-3935619,PHARMACY
ZULEKHA PHARMACY,DXB,PHARMACY,BUR DUBAI,"AL RAFAA STREET, AL FARIS HOTEL APT BLDG, NEAR AL RAFAA POLICE STATION",04-3934757,PHARMACY
AL HAYAT PHARMACY,DXB,PHARMACY,BUR DUBAI,"AL ROLLA STRT, EASA SALEH AL BURJ",04-3552633,PHARMACY
GRAND ROYAL PHARMACY,DXB,PHARMACY,BUR DUBAI,"AL ROLLA STRT, OPPOSITE IBRAHIM KHALIL MASJID",04-3593445,PHARMACY
RAMADA PHARMACY,DXB,PHARMACY,BUR DUBAI,"AL TAWHIDI BLDG, NEAR RAMADA HOTEL",04-3528104,PHARMACY
ASTER PHARMACY 147 BR OF ASTER PHARMACIES GROUP LLC-DR. MOOPENS,DXB,PHARMACY,BUR DUBAI,"ASTER JUBILEE MEDICAL COMPLEX, KHALEED BIN AL-WALEED STREET, NEAR TO AL FAHIDI METRO STATION, BURDUBAI",04-3254026,PHARMACY
LIFE PLUS PHARMACY,DXB,PHARMACY,BUR DUBAI,"BANK STREET, BEHIND BURJUMAN , NEAR FAMILIES SUPERMARKET",04-3513334,PHARMACY
BADR AL SAMAA,DXB,PHARMACY,BUR DUBAI,"BANK STREET, NEAR BURJUMAN",04-6341193,PHARMACY
AL RAFAH PHARMACY,DXB,PHARMACY,BUR DUBAI,"BEHIND PLAZA CINEMA, BUR DUBAI",04-3939402,PHARMACY
ASTER AL SHAFAR PHARMACY (form. LAMCY PHARMACY),DXB,PHARMACY,BUR DUBAI,"Block C, Shop No.4 , Al Muhaisnah Star Building ,Opposite RTA office, Lulu Village, Muhaisina",04-2201489,PHARMACY
BURJUMAN PHARMACY LLC - LIFE HEALTHCARE GROUP - DUBAI,DXB,PHARMACY,BUR DUBAI,"Ground Floor, Khalid Bin Al Walid Street, Inside Burjuman Center, Bur Dubai",04-5610000,PHARMACY
AL GHUBAIBA PHARMACY,DXB,PHARMACY,BUR DUBAI,"ICE FACTORY BUILDING, SHINDAGHA",04-3266042,PHARMACY
ASTER PHARMACY 126-BR OF ASTER PHARMACIES GROUP LLC,DXB,PHARMACY,BUR DUBAI,"JUMERIAH, UMSUQUIM 1, NEAR MEDCARE CLINIC",04-3952213,PHARMACY
ASTER PHARMACY 1,DXB,PHARMACY,BUR DUBAI,"KHALID BIN AL WALEED RD, ASTER COMPLEX BUILDING",04-3863800,PHARMACY
MARIAM PHARMACY,DXB,PHARMACY,BUR DUBAI,"KHALID BIN WALID STREET, OPPSITE BURJUMAN , NEAR MASHREQ BANK",04-3975581,PHARMACY
AL RAHA PHARMACY,DXB,PHARMACY,BUR DUBAI,"KHALID BIN WALID STREET, BUR DUBAI",04-3523383,PHARMACY
YACOUB PHARMACY,DXB,PHARMACY,BUR DUBAI,"KHALID BIN WALID STREET, NEAR ABN ABRO BANK , BESIDES FOUR POINT SHERATON",04-3523332,PHARMACY
ROYAL PHARMACY,DXB,PHARMACY,BUR DUBAI,"KHALID BIN WALID STREET, OPPSITE ASCOT HOTEL",04-3522426,PHARMACY
ASTER DAY SURGERY CENTRE PHARMACY LLC,DXB,PHARMACY,BUR DUBAI,"MANKHOOL, MOHAMMAD HUSSAIN ALI YATEEM,AL RAFFA, BUR DUBAI",04-3814987,PHARMACY
ROYAL LIFE PHARMACY,DXB,PHARMACY,BUR DUBAI,"MANKOOL, MANKOUL TOWER",04-3529229,PHARMACY
AL MUSALLAH PHARMACY,DXB,PHARMACY,BUR DUBAI,"MUSALLAH ROAD, BURDUBAI",04-3971291,PHARMACY
ASTER PHARMACY 146 (BR OF ASTER PHARMACIES GROUP),DXB,PHARMACY,BUR DUBAI,"NEAR TO GHUBAIBA BUS STATION, SHINDAGA, BUR DUBAI",04-2505712,PHARMACY
JANSONS PHARMACY,DXB,PHARMACY,BUR DUBAI,"OPPOSITE TO AL RAFFA POLICE STATION, IN KHYBER BUILDING (SHOP NO:4),FACING BUR DUBAI BUS STATION AND CARREFOUR SUPERMARKET",04-3939011,PHARMACY
BIN SINA CENTRAL PHARMACY,DXB,PHARMACY,BUR DUBAI,"RAMADA ROAD, BY SPINNEY'S RAMADA RD.",04-3556909,PHARMACY
SHINDAGA PHARMACY,DXB,PHARMACY,BUR DUBAI,"SHINDAGA STREET, SHINDAGA CARREFOUR COMPLEX",04-3933889,PHARMACY
UNITY PHARMACY LLC - DUBAI,DXB,PHARMACY,BUR DUBAI,"SHOP NO 05, AB BUILDING, 25C STREET, AL SOUQ AL KABEER,DUBAI",04-5462804,PHARMACY
ASTER PHARMACY 138 (BR OF ASTER PHARMACIES GRP) LLC-DR MOOPE,DXB,PHARMACY,BUR DUBAI,"SHOP NO. 1, PLOT #426 (136-700), NEAR ASTER INFERTILITY CLINIC, AL RAFA MANKHOOL, BURDUBAI",04-3315297,PHARMACY
ASTER PHARMACY117 - ASTER PHARMACY GROUP,DXB,PHARMACY,BUR DUBAI,"SHOP NO. 12, BAIT AL-WALEED, AL-SOUQ AL-KABEER, MANKHOOL",04-3252882,PHARMACY
HEALTH FIRST PHARMACY 34,DXB,PHARMACY,BUR DUBAI,"SHOP NO. 3, IBRAHIM BIN ABDULRAHIM QASSEM BUILDING, AL HAMRIYA, MUSALLA ROAD",04-3852791,PHARMACY
ASTER AL HAYAT PHARMACY BR OF ASTER PHARMACIES GROUP-DUBAI,DXB,PHARMACY,BUR DUBAI,"SHOP NO. 3, NEAR TO AL ADIL SUPER MARKET, BURDUBAI",04-3552633,PHARMACY
"ROCK STAR PHARMACY LLC, DUBAI",DXB,PHARMACY,BUR DUBAI,"SHOP NO.11, PEARL CREEK HOTEL BUILDING, OPPOSITE DURRAIYA KAMAL MEDICAL CENTRE, DUBAI",04-2348277,PHARMACY
REAL ONE PHARMACY L.L.C-LIFE HEALTHCARE GROUP,DXB,PHARMACY,BUR DUBAI,"SHP # 1&2 AL BALOOCH BLDG, NEAR ALRAFA POLICE ST, BUR DUBAI",04-3887704,PHARMACY
LIFE AL HAMRIYA BR OF LIFE PHARMACY LLC,DXB,PHARMACY,BURDUBAI,"UNIT A, GROUND FLOOR, FATHIMA HYPERMARKET, KHALID BIN AL WALEED RD., BUR DUBAI",04-3571148,PHARMACY
ASTER PHARMACY 206 BR OF ASTER PHARMACIES GROUP LLC (BURJ DUBAI),DXB,PHARMACY,BURJ DUBAI,"Shop no: BF02, Burj Dubai, Shaikh Mohammed bin Rashid Boulevard, Dubai Fountain View, Next to Address Fountain View Hotel",04-5475036,PHARMACY
MED X PHARMACY LLC BRANCH - DUBAI,DXB,PHARMACY,BUSINESS BAY,"51 TOWER, BUSINESS BAY, AL ABRAJ NORTH, DUBAI, UAE.",04-2854641,PHARMACY
ZABEEL PHARMACY LLC ( BR OF ASTER PHARMACIES GROUP) - DUBAI,DXB,PHARMACY,BUSINESS BAY,"BLUE BAY TOWER, MARASI DRIVE STREET, NEAR TO STEIGENBERGER, BUSINESS BAY, DUBAI",04-5897129,PHARMACY
LIFE PHARMACY 7-LIFE HEALTHCARE GROUP-DUBAI,DXB,PHARMACY,BUSINESS BAY,"BUILDING BB12, BAY SQUARE, BUSINESS BAY, DUBAI",04-5610000,PHARMACY
SUSTAINABLE LIFE PHARMACY-LIFE HEALTHCARE GROUP-DUBAI,DXB,PHARMACY,BUSINESS BAY,"BUILDING BB12, BAY SQUARE, BUSINESS BAY, DUBAI",04-5610000,PHARMACY
HEALTH FIRST PHARMACY 4-PLANET PHARMACY,DXB,PHARMACY,BUSINESS BAY,"BUSINESS BAY, EXECUTIVE TOWERS, LAKE SIDE RIGHT, UNIT G110",04-4587004,PHARMACY
LIFE PHARMACY 3 LLC BRANCH,DXB,PHARMACY,BUSINESS BAY,"LG01A, NEXT TO FITNESS FIRST, DEIRA CITY CENTRE, DUBAI",04-3410008,PHARMACY
REAL 4 PHARMACY L.L.C-LIFE HEALTHCARE GROUP,DXB,PHARMACY,BUSINESS BAY,"PO NO 483, SHOP NO 3, ESCAPER TOWER , NEAR BUSINESS BAY METRO",04-3881558,PHARMACY
MEDICINA PHARMACY 14 - DUBAI - MEDICINA GRP,DXB,PHARMACY,Business Bay,"Regal tower, Sa'ada St, Business Bay, Dubai",04-4425538,PHARMACY
LIFE MAYFAIR PHARMACY L.L.C-LIFE HEALTHCARE GROUP,DXB,PHARMACY,BUSINESS BAY,"S-02, MAYFAIR RESIDENCE TOWER, BUSINESS BAY, DUBAI",04-5516840,PHARMACY
LIFE PHARMACY BRANCH-LIFE HEALTHCARE GROUP,DXB,PHARMACY,BUSINESS BAY,"SHOP # 1, CLOVER BAY TOWER, BUSINESS BAY, DUBAI",04-5610000,PHARMACY
ONYX PHARMACY,DXB,PHARMACY,BUSINESS BAY,"SHOP # 5, MAYFAIR TOWER, AL ABRAJ STREET, BUSINESS BAY",04-4564583,PHARMACY
LIFE TWO PHARMACY LLC BRANCH - DUBAI - LIFE GROUP,DXB,PHARMACY,BUSINESS BAY,"SHOP # G84 & G85,BAY AVENUE- BUSINESS BAY,NEXT TO WHSMITH DUBAI",04-3571148,PHARMACY
HEALTH FIRST PHARMACY 11,DXB,PHARMACY,BUSINESS BAY,"SHOP 8, BUILDING 3, BAY SQUARE",04-4560100,PHARMACY
LIFE VISION LIFE VISION PHARMACY LLC-LIFE HEALTHCARE GROUP-DUBAI,DXB,PHARMACY,BUSINESS BAY,"SHOP G+1, VISION TOWER, BUSINESS BAY, DUBAI",04-5610000,PHARMACY
HALA PHARMACY BR OF LIFE PHARMACY LLC - BUSINESS BAY - LIFE HEALTHCARE GROUP,DXB,PHARMACY,BUSINESS BAY,"SHOP NO.13-14, GROUND FLOOR,WATER EDGE DAMAC MAISON CANAL VIEW, BUSINESS BAY, DUBAI",04-5610001,PHARMACY
HEALTH FIRST PHARMACY 6,DXB,PHARMACY,BUSINESS BAY,THE OBEROI CENTRE,04-2775700,PHARMACY
BAY SQUARE PHARMACY L.L.C-LIFE HEALTHCARE GROUP,DXB,PHARMACY,BUSINESS BAY,"UNIT G-03, BB11,NEXT TO CHOITRAM SUPERMARKET, BLDG. NO.BB11, BAY SQUARE, BUSINESS BAY, DUBAI",04-5515344,PHARMACY
MARINA PHARMACY ALMUSTAQBAL BR OF MARINA PHARMACY LLC,DXB,PHARMACY,CITY WALK,"AL BADA CITY WALK, VALIANT CLINIC BLDG",04-3466889,PHARMACY
LIFE AL QUSAIS PHARMACY LLC-LIFE HEALTHCARE GROUP,DXB,PHARMACY,DAMASCUS STREET,"NEAR ICARE CLINIC,AL HURAIZ BUILDING, DAMASCUS STREET",04-2633318,PHARMACY
MEDI PRIME PHARMACY REEF MALL-BR OF MEDI PRIME PHARMACY LLC,DXB,PHARMACY,DEIRA,"3RD FLOOR OF REEF MALL, SALAHUDDIN ROAD, DEIRA, DUBAI",04-6079916,PHARMACY
ELAJ PHARMACY,DXB,PHARMACY,DEIRA,"ABOOBAKER SIDIQUE ROAD, ABOOBAKER SIDIQUE ROAD",04-2683377,PHARMACY
SAHARA STAR PHARMACY,DXB,PHARMACY,DEIRA,"ABU HAIL ROAD, ABU HAIL FRIDAY MARKET, AL HAMRIYA SHOPPING CENTRE",04-2688485,PHARMACY
BAIT AL SHIFA NEW PHARMACY,DXB,PHARMACY,DEIRA,"ABU HAIL ROAD, OPP. ABU HAIL CENTER., NEW AL SAFIYA BLDG.",04-2666464,PHARMACY
RAMADA PHARMACY,DXB,PHARMACY,DEIRA,"ABU HAIL, HOR AL ANZ",04-2661842,PHARMACY
AL BARAKA PHARMACY,DXB,PHARMACY,DEIRA,AL BARAKA PHARMACY DUBAI -SANA GROUP OF PHARMACIES,04 -2230500,PHARMACY
AL MANARA AL RAEDA PHARMACY,DXB,PHARMACY,DEIRA,"AL GHURAIR CENTER LCC, AL RIGGA STREET",04-2952871,PHARMACY
ASTER PHARMACY 123 BR. OF ASTER PHARMACIES GROUP LLC,DXB,PHARMACY,DEIRA,"AL GHURAIR REAL ESTATE BUILDING, AL MUTEENA STREET",04-2731282,PHARMACY
HEALTH FIRST PHARMACY 2-PLANET PHARMACY,DXB,PHARMACY,DEIRA,"AL MAKTOOM STREET, NEXT TO EMIRATES BANK",04-2287027,PHARMACY
AL MANARA PHARMACY-AL MAKTOUM RD,DXB,PHARMACY,DEIRA,AL MAKTOUM STREET,04-6814644,PHARMACY
GRAND LIFE PHARMACY,DXB,PHARMACY,DEIRA,"AL MUTEENA STRT, AL MUTEENA STREET",04-2726496,PHARMACY
CO-OPERATIVE PHARMACY,DXB,PHARMACY,DEIRA,"AL SABKA ROAD, AL SABKA ROAD",04-2269283,PHARMACY
AL SHAWAB PHARMACY,DXB,PHARMACY,DEIRA,AL SHAWAB PHARMACY DUBAI -SANA GROUP OF PHARMACIES,04 -2277603,PHARMACY
AL KANZ PHARMACY,DXB,PHARMACY,DEIRA,"AL SIDIQ ROAD, ABU BAKER AL SIDQ ROAD",04-2690684,PHARMACY
AL RAWDA PHARMACY,DXB,PHARMACY,DEIRA,"AL SIDIQ ROAD, NEAR CLOCK TOWER",04-2940786,PHARMACY
AL SHOHOB PHARMACY,DXB,PHARMACY,DEIRA,"AL SOOR ROAD,BEHIND GOLD LAND,DEIRA DUBAI",04-2255556,PHARMACY
MOTHER CARE PHARMACY DUBAI,DXB,PHARMACY,DEIRA,"ALIYA BUILDING, HOR AL ANZ",04-2698965,PHARMACY
BAIT AL MAQDES PHARMACY LLC,DXB,PHARMACY,DEIRA,"ARABILLA BUILDING, 15C STREET, HOR AL ANZ EAST",04-2667211,PHARMACY
S B N PHARMACY L.L.C.,DXB,PHARMACY,DEIRA,BANIYAS,04-2955319,PHARMACY
IBN SINA 42 PHARMACY BR OF IBN SINA GROUP PHARMACIES LLC,DXB,PHARMACY,DEIRA,"BUILDING # 14, AL WARQAA FIRST",04-8105628,PHARMACY
NEW MAMZAR PHARMACY LLC-LIFE HEALTHCARE GROUP,DXB,PHARMACY,DEIRA,"CENTURY MALL SHOPPING MALL, DEIRA, AL MAMZAR",04-2967710,PHARMACY
MARINA PHARMACY CITY CENTER STATION LLC-MARINA PHARMACY GROUP,DXB,PHARMACY,Deira,"CITY CENTER STATION, AL ITTIHAD",04-2500682,PHARMACY
NEW IBN SINA PHARMACY,DXB,PHARMACY,DEIRA,"CITY CENTER, CITY CENTER",04-2954367,PHARMACY
HEALTH FIRST PHARMACY 5,DXB,PHARMACY,DEIRA,"DEIRA, BEHIND UNION STATION",04-2280102,PHARMACY
MEDICOM (AL PHARABI PHARMACY),DXB,PHARMACY,DEIRA,"DEIRA, GOLD SOUQ",04-2264844,PHARMACY
ASMA PHARMACY,DXB,PHARMACY,DEIRA,"DIERA, NAIF ROAD",04-2222786,PHARMACY
LIFE EXPRESS PHARMACY,DXB,PHARMACY,DEIRA,"GARHOUD, NEAR WELCARE HOSPITAL",04-2833422,PHARMACY
"MEDICOM PHARMACY 33 LLC, DEIRA- RELIEF HEALTHCARE GROUP",DXB,PHARMACY,DEIRA,"GROUND FLOOR, SHOP NO: 3, MIRJIN SULTAN BUILDING, FRIJ AL MURAR, NEAR SUNRISE SUPERMARKET, DEIRA",04-2733237,PHARMACY
MEDICOM 8,DXB,PHARMACY,DEIRA,"HAMARIYA , CENTURY MALL",04-2965040,PHARMACY
HEALTH FIRST PHARMACY 23-PLANET PHARMACY,DXB,PHARMACY,DEIRA,"HAMRIAN CENTER, MARRIOTT HOTEL BLDG.",04-2693618,PHARMACY
LIFE PHARMACY 20 BR OF LIFE PHARMACY LLC,DXB,PHARMACY,DEIRA,"INSIDE CARREFOUR, DEIRA CITY CENTRE, DUBAI, UAE",04-5610000,PHARMACY
MEZHAR LIFE PHARMACY,DXB,PHARMACY,DEIRA,"MEZHAR 2, EMIRATES COOPERATIVE SOCIETY",04-2571177,PHARMACY
AL HIKMA PHARMACY,DXB,PHARMACY,DEIRA,"MURAQQABAT STREET, BIN ZAYED BUILDING NEAR AL REEF MALL SALAHUDDIN ROAD",04-2663188,PHARMACY
IRAN PHARMACY,DXB,PHARMACY,DEIRA,"MURSHID AREA, MURSHID BAZAAR",04-2252774,PHARMACY
MARINA PHARMACY,DXB,PHARMACY,DEIRA,"MUTINA ROAD, EMIRATES CO-OP SOCIETY, MUTINA ROAD",04-2733008,PHARMACY
FAWEGEE PHARMACY,DXB,PHARMACY,DEIRA,"NAD AL HAMAR, NAD AL HAMAR",04-2894111,PHARMACY
AL IKHLAS PHARMACY (FAITH PHARMACY),DXB,PHARMACY,DEIRA,"NAIF ROAD, BESIDE AL FUTTAIM MOSQUE",04-2724279,PHARMACY
IQRA PHARMACY,DXB,PHARMACY,DEIRA,"NAIF ROAD, DR.MOOPENS BUILDING",04-2289164,PHARMACY
AL IMAN PHARMACY,DXB,PHARMACY,DEIRA,"NAIF ROAD, NEAR NAIF SIGNAL,NEAR WEST HOTEL",04-2723240,PHARMACY
RELIEF PHARMACY,DXB,PHARMACY,DEIRA,"NAIF ROAD, SAIF CENTRE,OPP AL FUTTAIM MOSQUE",04-2285462,PHARMACY
NAEEM PHARMACY DUBAI,DXB,PHARMACY,DEIRA,"NAKHEEL ROAD, NEAR MALABAR SUPER MARKET",04-2212310,PHARMACY
AL HAWI PHARMACY,DXB,PHARMACY,DEIRA,"NASER SQUARE, NASER SQUARE",04-2221445,PHARMACY
IBN SINA PHARMACY,DXB,PHARMACY,DEIRA,NASSER SQUARE,04-2221071,PHARMACY
OMAN PHARMACY,DXB,PHARMACY,DEIRA,"NASSER SQUARE, BANIYAS SQUARE, DEIRA",04-2231170,PHARMACY
"AL AFDHAL PHARMACY 1, DEIRA-RELIEF HEALTHCARE GROUP",DXB,PHARMACY,DEIRA,"NEAR BANIYAS METRO STATION , NASSER SQUARE, DEIRA, DUBAI",04-2283357,PHARMACY
LIFE PHARMACY LLC DUBAI BRANCH (PREVIOUSLY KNOWN AS - TAJ PHARMACY - LIFE HEALTHCARE GROUP),DXB,PHARMACY,CREEK HARBOUR,"Unit No. A001, Ground Floor, Dubai Creek Residence.",04-5812462,PHARMACY
PANACEA PHARMACY REEF- DM HEALTHCARE,DXB,PHARMACY,DEIRA,"NEAR TO ANSAR GALLERY, SALAH AL DIN ROAD",04-2239805,PHARMACY
ASTER PHARMACY 155 (BR OF ASTER PHARMACIES GROUP LLC),DXB,PHARMACY,DEIRA,"Near to IBIS Hotel,Business Centre",04-2280204,PHARMACY
NOOR AL SHEFAA PHARMACY LLC-LIFE HEALTHCARE GROUP,DXB,PHARMACY,DEIRA,"OPP.NAIF PARK, NAIF ROAD, DEIRA - DUBAI",04-2396897,PHARMACY
BIN SINA SCIENTIFIC PHARMACY,DXB,PHARMACY,DEIRA,"PORT ZAYED STREET, AL WAHADA BLDG., NEAR CITY CENTER",04-2958820,PHARMACY
RASHID PHARMACY,DXB,PHARMACY,DEIRA,RIQA ROAD,04-2211739,PHARMACY
YARA PHARMACY,DXB,PHARMACY,DEIRA,"RIQA ROAD, NEAR KFC",04-2225503,PHARMACY
BIN SINA GRAND PHARMACY,DXB,PHARMACY,DEIRA,"RIQA ROAD, OPP TO WIMPEYS",04-2247650,PHARMACY
SALAH ALDIN PHARMACY,DXB,PHARMACY,DEIRA,SALAH ALDIN ROAD,04-2728233,PHARMACY
MEDI PRIME PHARMACY,DXB,PHARMACY,DEIRA,"SALAHUDEEN STREET, SHEIK SAUD BLDG, SALAHUDDIN RD",04-2730273,PHARMACY
ASTER DCC PHARMACYLLC-DEIRRA CITY CENTER,DXB,PHARMACY,DEIRA,"SHO[P NO.M-20,1ST FLOOR, OPPOSITE CARREFOUR HYPERMARKET , DEIRA CITY CENTER. DEIRA , DUBAI",04-2210732,PHARMACY
NOVO PHARMACY BRANCH - DUBAI (NOVO HEALTHCARE GROUP),DXB,PHARMACY,DEIRA,"Shop 004A, Ground Floor, Galleria Building Hyatt Regency, Deira, Dubai, UAE",04-2391516,PHARMACY
ASTER PHARMACY 128- DM HEALTHCARE,DXB,PHARMACY,DEIRA,"SHOP 2, ABU HAIL BUILDING, PLOT NO:2130(126-449), ABU HAIL, DEIRA",04-2672946,PHARMACY
DAR AL NOOR PHARMACY LLC - DUBAI,DXB,PHARMACY,DEIRA,"SHOP NO.1-2, SHAIBAN BUILDING , NAIF ROAD, DEIRA, DUBAI",04-2322080,PHARMACY
HAPPY LIFE PHARMACY LLC - DEIRA - DUBAI,DXB,PHARMACY,DEIRA,"SHOP NO.2 , AL FAYROUZ BUILDING, REQQA STREET, OPPOSITE AL MAKTOM HOSPITAL , DEIRA, DUBAI",04-2271781,PHARMACY
FAJER MIRDIF PHARMACY L.L.C - DUBAI,DXB,PHARMACY,DEIRA,"SHOP NO.5 , BURJ NAHAR BUILDING, OPPOSITE SNOWHITE, OMAR BIN AL KHATTAB ROAD, NEAR FISH ROUNDABOUT,MUTEEN, DEIRA, DUBAI",04-3437636,PHARMACY
AL RASHEED PHARMACY - DUBAI,DXB,PHARMACY,DEIRA,"SHOP NO.7-8, GROUND FLOOR M AL MAKTOUM BUILDING, OMAR BIN AL KHATTAB ROAD, AL BARAHA, DEIRA,DUBAI",04-2721108,PHARMACY
"LIFE AL RIQQA2 BR OF LIFE PHARMACY LLC, AL GHURAIR CENTER- LIFE HEALTHCARE GROUP",DXB,PHARMACY,DEIRA,"SHOP NO-AGC 30, GROUND FLOOR, AL GHURAIR CENTRE",04-5610000,PHARMACY
AL AMEEN PHARMACY,DXB,PHARMACY,DEIRA,"SOMALI STREET, KHALID PLAZA, DEIRA",04-2713695,PHARMACY
BIN SINA 33-DUBAI-CARREFOUR DIERA CITY CENTRE,DXB,PHARMACY,DEIRA,"2ND FLOOR , CARREFOUR, DEIRA CITY CENTER",04-2943179,PHARMACY
MARINA CENTER PHARMACY,DXB,PHARMACY,DIFC,"DIFC THE GATE BUILDING, LEVEL B1, DIFC",04-3637484,PHARMACY
HEALTH FIRST PHARMACY 56 (BR OF HEALTH FIRST INVEST) - DUBAI (PLANET GROUP),DXB,PHARMACY,DIFC,"Shop No: P143, Podium Level, Emirates Financial Tower, DIFC, Dubai",04-5488253,PHARMACY
ASTER PHARMACY 158 BR OF ASTER PHARMACIES GROUP LLC,DXB,PHARMACY,DIP,ABU BAKER SIDDIQUE ROAD,04-2438618,PHARMACY
BAIT AL SHIFAA NEW PHARMACY LLC BRANCH-NMC HEALTH CARE,DXB,PHARMACY,DIP,"DUBAI INVESTMENT PARK BUILDING, DUBAI INVESTMENT PARK, ADJACENT TO GREEN COMMUNITY",04-8108866,PHARMACY
AL RAWDA PHARMACY LLC BRANCH,DXB,PHARMACY,DIP,"Ground Floor, Bayan Business Centre, Opposite to Carrefour Centre DIP-1",04-8800920,PHARMACY
ASTER PHARMACY 160 BR OF ASTER PHARMACIES GROUP LLC - DUBAI,DXB,PHARMACY,DIP,"JABAL ALI SHOPPING CENTER, 86 STREET, NEAR TO RAMLA MARKET,DUBAI INVESTMENT PARK 1 , DUBAI",04-8847176,PHARMACY
LIFE DIP PHARMACY LLC-LIFE HEALTHCARE GROUP,DXB,PHARMACY,DIP,"NEAR CHOITHRAMS SUPERMARKET, MARKET MALL, DIP,GREENS",04-8851933,PHARMACY
ACCESS PHARMACY 3-DUBAI- DM HEALTHCARE,DXB,PHARMACY,DIP,"SHOP NO:8, 550 SQFT.AT, PLOT # 597-874, NEAR TO ACCESS CLINIC DIP",04-2672946,PHARMACY
"LIFE PHARMACY DIP 2 BR OF LIFE PHARMACY LLC, DIP (LIFE HEALTHCARE GROUP)",DXB,PHARMACY,DIP,"UNIT NO. 6, RAMLA MALL, DIP, DUBAI",04-5610000,PHARMACY
MEDSHOP GARDEN PHARMACY,DXB,PHARMACY,DISCOVERY GARDEN,"DISCOVERY GARDEN, ZEN CLUSTER",04-4329596,PHARMACY
HAFSA PHARMACY,DXB,PHARMACY,DISCOVERY GARDEN,"ZEN CLUSTER 3, OPP CHELEA TOWER HOTEL, GROUND FLOOR, FLAT # 8, DISCOVERY GARDEN, JEBAL ALI",04-4377548,PHARMACY
BIN SINA 51 PHARMACY,DXB,PHARMACY,DISCOVERY GARDEN,"DISCOVERY PARK PAVILION, DISCOVERY GARDEN 8",04-556175,PHARMACY
ASTER PHARMACY 115- DM HEALTHCARE,DXB,PHARMACY,DISCOVERY GARDENS,"DISCOVERY PAVILION BUILDING, STREET 7",04-5546021,PHARMACY
BIN SINA 40 PHARMACY- DUBAI MALL,DXB,PHARMACY,DOWNTOWN,2ND FLOOR DUBAI MALL,04-3253410,PHARMACY
BIN SINA PHARAMCY 29,DXB,PHARMACY,DOWNTOWN,"BURJ DUBAI AREA, DUBAI MALL BUILDING",04-3398918,PHARMACY
MARINA PHARMACY BORJ STATION LLC-MARINA PHARMACY GROUP,DXB,PHARMACY,Downtown,BURJ KHALIFA METRO STATION,04-3809663,PHARMACY
BIN SINA 21 PHARMACY,DXB,PHARMACY,DUBAI FESTIVAL CITY,"DUBAI FESTIVAL CITY, FESTIVAL WATER FRONT CENTER,, SHOP NO .A26",04-2116666,PHARMACY
ASTER PHARMACY 100-DR. MOOPENS PHARMACY,DXB,PHARMACY,DUBAI HEALTHCARE CITY,"AL RAZI BUILDING, BUILDING NO 64, D BLOCK, DHCC",04-4343922,PHARMACY
MEDICINA PHARMACY 11,DXB,PHARMACY,DUBAI HEALTHCARE CITY,"BUILDING NO. 40, UNIT #G03",04-4547696,PHARMACY
AL MANARA PHARMACY- DHCC,DXB,PHARMACY,DUBAI HEALTHCARE CITY,"DHCC, DUBAI HEALTH CARE CITY",04-6814644,PHARMACY
BIN SINA PHARMACY,DXB,PHARMACY,DUBAI HEALTHCARE CITY,"DHCC, DUBAI HEALTH CARE CITY",04-4298242,PHARMACY
LIFE HOME HELATHCARE,DXB,PHARMACY,DUBAI HEALTHCARE CITY,"DHCC, NEAR CITY HOSPITAL , DHCC, BLOCK D",04-3624802,PHARMACY
"LIFE PHARMACY FZ-LLC, DUBAI (LIFE HEALTHCARE GROUP)",DXB,PHARMACY,DUBAI HEALTHCARE CITY,"UNIT NO. 09RI, BUILD. NO. 64, DISTRICT 1, BLOCK D, GROUND FLOOR, DHCC, DUBAI – UAE",04-5610000,PHARMACY
NEW ADVANCED CARE PHARMACY LLC-ADVANCED CARE GROUP,DXB,PHARMACY,Dubai Industrial City,"Souq No :4, Shop Number : 4 & 5,Labour City 3",04-3807807,PHARMACY
Aster Pharmacy 156 (Br of Aster Pharmacies Group LLC),DXB,PHARMACY,DUBAI INDUSTRIAL CITY,,04-5877191,PHARMACY
I CARE PHARMACY (LLC),DXB,PHARMACY,DUBAI INTERNATIONAL CITY,"BUILDING Y16, ENGLAND CLUSTER",04-4470314,PHARMACY
AL MANZIL PHARMACY- DIP 2,DXB,PHARMACY,DUBAI INVESTMENT PARK,DIP 2,04-8841441,PHARMACY
NMC HOSPITAL PHARMACY - DIP,DXB,PHARMACY,DUBAI INVESTMENT PARK,DUBAI INVESTMENT PARK,04-8108800,PHARMACY
EXTRA LIFE PHARMACY,DXB,PHARMACY,DUBAI INVESTMENT PARK,"DUBAI INVESTMENT PARK SHOP 2, SOUQ EXTRA EWAN RESIDENCE",04-8855122,PHARMACY
AL AZHAR PHARMACY,DXB,PHARMACY,DUBAI INVESTMENT PARK,"DUBAI INVESTMENT PARK, BEHIND RAMLA SUPERMARKET",04-8858374,PHARMACY
ASTER PHARMACY 2,DXB,PHARMACY,DUBAI INVESTMENT PARK,"DUBAI INVESTMENT PARK, INSIDE CARREFOUR MARKET",04-8858044,PHARMACY
PARK BETTER LIFE PHARMACY,DXB,PHARMACY,DUBAI INVESTMENT PARK,"DUBAI INVESTMENT PARK, PARK SHOPPING CENTRE",04-8858574,PHARMACY
ASTER DIP PHARMACY,DXB,PHARMACY,DUBAI INVESTMENT PARK,"DUBAI INVESTMENT PARK, RAMLA SUPER MARKET",04-8800996,PHARMACY
ADVANCED STAR PHARMACY LLC,DXB,PHARMACY,DUBAI INVESTMENT PARK,"SHOP # 3, NASEEM AL MADEENA SUPERMARKET BUILDING, PHASE 2 DIP",04-8851154,PHARMACY
"FIT FOR LIFE PHARMACY LLC, DUBAI",DXB,PHARMACY,DUBAI INVESTMENT PARK 1,"GROUND FLOOR, RAMLA HYPERMARKET, DUBAI INVESTMENT PARK , DUBAI INVESTMENT PARK 1 STREET,",04-8836865,PHARMACY
BINSINA 45 PHARMACY,DXB,PHARMACY,DUBAI INVESTMENT PARK 2,DREAM MART HYPERMARKET BUILDING,04-8831505,PHARMACY
HEALTH FIRST PHARMACY 43,DXB,PHARMACY,DUBAI INVESTMENTS PARK 1,"DUBAI INVESTMENT PARK FIRST, NESTO (CARAWAN) SUPERMARKET",04-8801832,PHARMACY
HEALTH FIRST PHARMACY 29,DXB,PHARMACY,DUBAI INVESTMENTS PARK 2,DUBAI INVESTMENT PARK 2,04-8877503,PHARMACY
ASTER PHARMACY 164 BR OF ASTER PHARMACIES GROUP LLC - DUBAI,DXB,PHARMACY,DUBAI LAND,"SHOP NO.R-7B, TOWER-D. SKY COURTS, DUBAI AL AIN ROAD, DUBAI LAND.",04-3208941,PHARMACY
LIFE PHARMACY 21 BR OF LIFE PHARMACY LLC,DXB,PHARMACY,DUBAI MALL,"UNIT NO: .LG 168, LOWER GROUND FLOOR, WAITROSE ENTRANCE , THE DUBAI MALL, DUBAI - UAE",04-5610000,PHARMACY
HEALTH FIRST PHARMACY 3-DUBAI,DXB,PHARMACY,DUBAI MARINA,"DUBAI MARINA, AL FATTAN TOWER, OASIS HOTEL, MARINA",04-3999020,PHARMACY
DREAM PHARMACY,DXB,PHARMACY,DUBAI MARINA,"DUBAI MARINA, DREAM TOWER NEAR AL MAYA SUPERMARKET",04-4227844,PHARMACY
J.B.R LIFE PHARMACY,DXB,PHARMACY,DUBAI MARINA,"DUBAI MARINA, HJUMERIAH BEACH RESIDENCE TOWER",04-4281432,PHARMACY
MARINA LIFE PHARMACY,DXB,PHARMACY,DUBAI MARINA,"DUBAI MARINA, NEAR CITI BANK , MARINA HEIGHT",04-4202447,PHARMACY
MARINA VIEW PHARMACY LLC-LIFE HEALTHCARE GROUP,DXB,PHARMACY,DUBAI MARINA,"DUBAI MARINA,MARINA HEIGHTS BUILDING, DUBAI",04-4479780,PHARMACY
MANSION PHARMACY L.L.C-LIFE HEALTHCARE GROUP,DXB,PHARMACY,DUBAI MARINA,"NEXT TO MARINA MALL , DUBAI MARINA",04-4537262,PHARMACY
MEDICINA 4 PHARMACY,DXB,PHARMACY,DUBAI MARINA,"NURAN BUILDING, AL HUBOB STREET",04-4563304,PHARMACY
BINSINA 47 PHARMACY,DXB,PHARMACY,DUBAI MARINA,"PRINCESS TOWER, AL SOFOUH",04-2776128,PHARMACY
HEALTH FIRST PHARMACY 57 (BR OF HEALTH FIRST INVEST) - DUBAI (PLANET GROUP),DXB,PHARMACY,DUBAI MARINA,"Sheraton Jumeirah Beach Resort,Al Mamsha Road,Marina,Dubai",04-5468891,PHARMACY
HEALTH FIRST PHARMACY 42-PLANET PHARMACY,DXB,PHARMACY,DUBAI MARINA,"SHOP NO. 2, AL SHEEBANI BUILDING, MARSA, DUBAI MARINA",04-5546350,PHARMACY
LIFE TRIDENT PHARMACY L.L.C-LIFE HEALTHCARE GROUP,DXB,PHARMACY,DUBAI MARINA,"SHOP NO. R01 NEAR MARINA HOTEL APT,NEXT TO BLUE MART SUPRMARKET, , MARINA SCAPE TOWER, DUBAI MARINA",04-5531092,PHARMACY
ASTER PHARMACY 130 - DR. MOOPENS GROUP,DXB,PHARMACY,DUBAI MARINA,"SHOP NO.1, GROUND FLOOR, BEHIND DAMAC PROPERTIES METRO STATION, OPP- TRIDENT BUILDING",04-5586175,PHARMACY
HALA PHARMACY 14 LLC-LIFE HEALTHCARE GROUP,DXB,PHARMACY,DUBAI MARINA,"SHOP NO.1, MARINA DIAMOND 5 (A) DUBAI MARINA, DUBAI",04-4305460,PHARMACY
LIFE PEARL PHARMACY L.L.C-LIFE HEALTHCARE GROUP,DXB,PHARMACY,DUBAI MARINA,"SHOP#9, MARINA PEARL BULDG,DUBAI MARINA,DUBAI",04-5516770,PHARMACY
LA RIVIERIA LIFE PHARMACY BR OF LIFE PHARMACY LLC,DXB,PHARMACY,DUBAI MARINA,"UNIT S02 IN LA RIVERIA TOWER, DUBAI MARINA, DUBAI",04-3410008,PHARMACY
AL MANARA PHARMACY BRANCH,DXB,PHARMACY,DUBAI SILICON OASIS,DUBAI SILICON OASIS,04-3330554,PHARMACY
MEDICURE PHARMACY,DXB,PHARMACY,DUBAI SILICON OASIS,"PALACE TOWER, DUBAI SILICON OASIS",04-3926268,PHARMACY
"NEW SILICON PHARMACY BR OF LIFE PHARMACY, DUBAI SILICON OASIS (LIFE PHARMACIES)",DXB,PHARMACY,DUBAI SILICON OASIS,"RETAIL 01, LE PRESIDIUM TOWER, DUBAI SILICON OASIS, DUBAI",04-320 4410,PHARMACY
NEW SALAHALDIN PHARMACY FZE-LIFE HEALTHCARE GROUP,DXB,PHARMACY,DUBAI SILICON OASIS,"SHOP # G-3,AL WAHA MOSQUE-RS, DUBAI SILICON OASIS",04-3335822,PHARMACY
HEALTH FIRST PHARMACY 37,DXB,PHARMACY,DUBAI SPORTS CITY,"GROUND FLOOR, MEDITERRANEAN BUILDING, CANAL RESIDENCE WEST, HESSA STREET, DUBAI SPORTS CITY",04-3606023,PHARMACY
MARINA AL BADIA PHARMACY LLC-MARINA PHARMACY GROUP,DXB,PHARMACY,FESTIVAL CITY,"AL AREESH BUILDING, AL BADIYAH",04-3663430,PHARMACY
ASTER PHARMACY 141 BROF ASTER PHARMACIES GROUP LLC-DUBAI,DXB,PHARMACY,FESTIVAL CITY,"SHOP NO SC 021, GROUND FLOOR, DUBAI FESTIVAL CITY MALL",04-2365418,PHARMACY
LIFE PHARMACY 5 LLC-LIFE HEALTHCARE GROUP,DXB,PHARMACY,FESTIVAL CITY,"SHOP#AT040A,FIRST FLOOR, DUBAI FESTIVAL CITY MALL, DUBAI",04-5610000,PHARMACY
FESTIVAL LIFE PHARMACY BR OF LIFE PHARMACY LLC,DXB,PHARMACY,FESTIVAL CITY,"UNIT NO. - SU108 & SU109, GROUND FLOOR, FESTIVAL PLAZA, DUBAI – UAE",04-5610000,PHARMACY
MEDIGREEN PHARMACY LLC BRANCH,DXB,PHARMACY,FURIJ MARAR,"FRIJ MURAR, DERIRA , DUBAI",04-2542757,PHARMACY
"GRAND MURIAT PHARMACY LLC, HAMRIYA (FAITH PHARMACIES)",DXB,PHARMACY,HAMRIYA,"ALI BIN SALEM BIN JASSIM MOSQUE BUILDING, BEHIND AL HAMRIYA POST OFFICE, HAMRIYA, DEIRA, DUBAI",04 2639986,PHARMACY
HATTA PHARMACY,DXB,PHARMACY,HATTA,HATTA PHARMACY DUBAI -SANA GROUP OF PHARMACIES,04-8521794,PHARMACY
MOTHER PHARMACY,DXB,PHARMACY,HOR AL ANZ,"ABU BAKER AL SIDDIQUE ROAD, AL FALASI BUILDING",04-2974329,PHARMACY
"NILE PHARMACY, HOR AL ANZ-RELIEF HEALTHCARE GROUP",DXB,PHARMACY,HOR AL ANZ,"AL SHAAB COLONY,BESIDE AL SHAAB SUPERMARKET,HOR AL ANZ ,DUBAI",04-2660132,PHARMACY
HAMRIYA LIFE PHARMACY L L C-LIFE HEALTHCARE GROUP,DXB,PHARMACY,HOR AL ANZ,"GROUND FLOOR,UNION CO-OPERATIVE SOCIETY,HAMRIYA SHOPPING CENTRE,DEIRA HOR AL ANZ EAST,DUBAI",04-3205128,PHARMACY
SAHARA STAR PHARMACY - DUBAI - (NOVO HEALTHCARE GROUP),DXB,PHARMACY,HOR AL ANZ,"Hamriya Shopping Complex, Hor Al Anz East, Deira, Near Union Cooporative Society, Dubai, UAE",04-2688485,PHARMACY
LIFE AL SHAB PHARMACY L.L.C-LIFE HEALTHCARE GROUP,DXB,PHARMACY,HOR AL ANZ,"SHOP 1 & 2, PLOT # 127-0422, MALIK BUILDING, AL SHAAB COLONY, HOR AL ANZ, DUBAI",04-3205629,PHARMACY
ASTER PHARMACY 144- DM HEALTHCARE,DXB,PHARMACY,HOR AL ANZ,"SHOP 5&6, NEAR TO TALAL SUPERMARKET, HOR AL ANZ",04-2212250,PHARMACY
HEALTH FIRST PHARMACY 39-PLANET PHARMACY,DXB,PHARMACY,HOR AL ANZ,"SHOP NO. 4, MARYAM AMANA BUILDING, HOR AL ANZ",04-2691012,PHARMACY
KIMS PHARMACY,DXB,PHARMACY,HOR AL ANZ,"HOR AL ANZ, NEXT TO ABU BAKER STATION",04-2209434,PHARMACY
ASTER PHARMACY 132- DM HEALTHCARE,DXB,PHARMACY,HOR AL ANZ EAST,SHEIKH SUHAIL BUILDING,04-2692835,PHARMACY
LIFE PHARMACY 15 BR OF LIFE PHARMACY LLC,DXB,PHARMACY,HOR AL ANZ EAST,"Shop No.13, Bayat Complex, Hor Al Anz East, Dubai, UAE",04-5610000,PHARMACY
LIFE PHARMACY 13 BR OF LIFE PHARMACY LLC,DXB,PHARMACY,HUDAIBA,"SHOP NO.1, CARREFOUR, AL HUDAIBA, DUBAI – UAE",04-5812478,PHARMACY
LIFE PHARMACY 4 LLC-LIFE HEALTHCARE GROUP-DUBAI,DXB,PHARMACY,IBN BATTUTA,"SHOP LF15, METRO LINK, IBN BATTUTA",04-5610000,PHARMACY
KHALIDHA PHARMACY LLC - KHALIDHA MEDICAL CENTRE GROUP,DXB,PHARMACY,INDUSTRIAL AREA 3,"SHOP NO-1, SEHER-E-KARACHI BUILDING,B AL QUOZ IDUSTRIAL AREA3, DUBAI",04-3952885,PHARMACY
ASTER PHARMACY 105- DM HEALTHCARE,DXB,PHARMACY,INTERNATIONAL CITY,"BLDG. I - 11, SHOP NO. 02, AL WARSAN FIRST, MOROCCO CLUSTER,INTERNATIONAL CITY",04-2275972,PHARMACY
WARSAN LIFE PHARMACY BR OF LIFE PHARMACY LLC,DXB,PHARMACY,DEIRA,"Shop No. M-018, Near Carrefour Market, First Floor, Deira City Center",04-45812463,PHARMACY
ASTER PHARMACY 104- DM HEALTHCARE,DXB,PHARMACY,INTERNATIONAL CITY,"BUILDING-L-11, SHOP NO.2, GREECE CLUSTER, INTERNATIONAL CITY",04-2775973,PHARMACY
ASTER PHARMACY 103- DM HEALTHCARE,DXB,PHARMACY,INTERNATIONAL CITY,"BUILDING-N0.4, SHOP NO.S-04, AL WARSAN FIRST, PERSIA CLUSTER, INTERNATIONAL CITY",04-2765802,PHARMACY
AL NEEM PHARMACY LLC,DXB,PHARMACY,International City,"CBD20, RIVERA DREAMS",04-3697130,PHARMACY
DRAGON MART PHARMACY (Br of Al Shafar Pharmacies Group LLC),DXB,PHARMACY,INTERNATIONAL CITY,DRAGON MART MAIN ENTRANCE,04-3687450,PHARMACY
RUBY PHARMACY,DXB,PHARMACY,INTERNATIONAL CITY,"INTERNATIONAL CITY, CHINA CLUSTER",04-4226899,PHARMACY
ROYAL GRAND PHARMACY,DXB,PHARMACY,INTERNATIONAL CITY,"INTERNATIONAL CITY, FRANCE CLUSTER, SHOP #10 NEAR CARREFOUR EXPRESS",04-4474078,PHARMACY
ASTER PHARMACY 137 BR OF ASTER PHARMACIES GROUP LLC - DUBAI,DXB,PHARMACY,INTERNATIONAL CITY,"INTERNATIONAL CITY, FRANCE CLUSTER, THE PAVILION MALL.",04-4224515,PHARMACY
NEW AL SHIFA PHARMACY,DXB,PHARMACY,INTERNATIONAL CITY,"INTERNATIONAL CITY, RUSSIAN CLUSTER",04-4227474,PHARMACY
NOVITAS PHARMACY LLC- DUBAI,DXB,PHARMACY,INTERNATIONAL CITY,"Prime Residence II, Dubai, International City",04-5693389,PHARMACY
ALNEEM PHARMACY L.L.C (BRANCH) - MEDON GROUP,DXB,PHARMACY,INTERNATIONAL CITY,"S06, BUILDING J07, MOROCCO CLUSTER,DUBAI",04-5841144,PHARMACY
HALA PHARMACY 19-DUBAI-LIFE HEALTHCARE GROUP,DXB,PHARMACY,INTERNATIONAL CITY,"S-16, P 17 Building, France Cluster, International City, Dubai UAE.",04-4307323,PHARMACY
LIFE ROSE PHARMACY LLC-LIFE HEALTHCARE GROUP,DXB,PHARMACY,INTERNATIONAL CITY,"SHOP - 10, E07 BUILDING, PLOT NO 67, CHINA CLUSTER, INTERNATIONAL CITY, DUBAI",04-5521395,PHARMACY
RIVIERA LIFE PHARMACY LLC-LIFE HEALTHCARE GROUP,DXB,PHARMACY,INTERNATIONAL CITY,"SHOP # 1, RIVIERA DREAMS BLDG,CBD CLUSTER,NEXT TO PAPA JOHN PIZZA, INTERNATIONAL CITY,DUBAI",04-4564220,PHARMACY
HALA PHARMACY 13 LLC-LIFE HEALTHCARE GROUP,DXB,PHARMACY,INTERNATIONAL CITY,"SHOP # 22 & 24,S-6 BUILDING, SPAIN CLUSTER,INTERNATIONAL CITY,DUBAI",04-4307562,PHARMACY
LIFE PHARMACY 3 LLC-LIFE HEALTHCARE GROUP,DXB,PHARMACY,INTERNATIONAL CITY,"SHOP FA-19, DRAGON MART 2, INTERNATIONAL CITY, DUBAI.",04-5135355,PHARMACY
ASTER PHARMACY 5,DXB,PHARMACY,INTERNATIONAL CITY,"SHOP NO 02, CBD 29, AL WARSAN 1ST, INTERNATIONAL CITY",04-4473169,PHARMACY
UNIQUE CARE PHARMACY LLC - DUBAI,DXB,PHARMACY,INTERNATIONAL CITY,"SHOP NO.S14,X20, ENGLAND CLUSTER, INTERNATIONAL CITY, DUBAI",04-5808675,PHARMACY
AL FARDOOS PHARMACY (Br of Al Shafar Pharmacies Group LLC),DXB,PHARMACY,INTERNATIONAL CITY,"SUPREME RESIDENCY, INTERNATIONAL CITY",04-4410590,PHARMACY
LIFE PHARMACY 24 BR OF LIFE PHARMACY LLC - LIFE HEALTHCARE GROUP,DXB,PHARMACY,INTERNATIONAL CITY,"UNIT NUMBER G-D 14,DRAGONMART COMPLEX 2 , DUBAI",04-5610000,PHARMACY
ASTER PHARMACY 135- DM HEALTHCARE,DXB,PHARMACY,INTERNATIONAL CITY,"V19, RUSSIA CLUSTER, AL WARSAN",04-4511674,PHARMACY
HALA PHARMACY 16 LLC-LIFE HEALTHCARE GROUP,DXB,PHARMACY,"INTERNATIONAL CITY, DUBAI","SHOP # S01,BILDG # N07,PERSIA CLUSTER, INTERNL CITY, DUBAI UAE",04-4306947,PHARMACY
HALA PHARMACY 15 LLC (LIFE HEALTHCARE GROUP),DXB,PHARMACY,JABAL ALI FIRST,"ZEN2-020, DISCOVERY GARDENS, JABAL ALI FIRST",04-3410008,PHARMACY
BAIT AL SHIFA PHARMACY JFZA - ( NMC HEALTH GROUP ),DXB,PHARMACY,JAFZA,"B043R02 , NEAR FRIGO GLASS , IN FRONT OF DP WORLD CLINIC , JEBEL ALI FREEZONE AREA",04-8108809,PHARMACY
LIFE PHARMACY 10 BR OF LIFE PHARMACY LLC - JBR - LIFE HEALTHCARE GROUP,DXB,PHARMACY,JBR,"SHOP NO 6 GROUND FLOOR AL FATTAN SHOPPING CENTER, JBR WALK , DUBAI",04-3410008,PHARMACY
JBR BAHAR PHARMACY EST.-LIFE HEALTHCARE GROUP,DXB,PHARMACY,JBR,"SHP # P25, BAHAR TOWER - 4 NEAR AL MAYA SUPERMARKET, JBR",04-3659920,PHARMACY
JBR SADAF PHARMACY EST.-LIFE HEALTHCARE GROUP,DXB,PHARMACY,JBR,"SHP # P32, SADAF TOWER - 2, NEAR AL MAYA SUPERMARKET, JBR",04-3659925,PHARMACY
JBR MURJAN PHARMACY EST.-LIFE HEALTHCARE GROUP,DXB,PHARMACY,JBR,"SHP # P57, MURJAN TOWER - 2, NEAR DAILY GOURMET SUPERMARKET, JBR",04-4517202,PHARMACY
JBR SHAMS PHARMACY LLC-LIFE HEALTHCARE GROUP,DXB,PHARMACY,JBR,"SHP # PT24, SHAMS TOWER-1, NEAR AL MAYA SUPERMARKET, JBR",04-4253592,PHARMACY
AXON MEDICA PHARMACY LLC (prev. Orion Family Pharmacy),DXB,PHARMACY,JEBEL ALI,"BLDG #8, STREET 1, THE GARDENS, JABEL ALI, DUBAI",04-4599904,PHARMACY
CARE & CURE PHARMACY(LLC),DXB,PHARMACY,JEBEL ALI,CARE & CURE PHARMACY(LLC) DUBAI -SANA GROUP OF PHARMACIES,04-4390384,PHARMACY
ASTER PHARMACY 152 BR OF ASTER PHARMACIES GROUP LLC,DXB,PHARMACY,JEBEL ALI,"FOOD COURT 3,COMMERCIAL CENTER, JEBEL ALI FREE ZONE SOUTH, NEAR ACCESS CLINIC JAFZA",04-8809102,PHARMACY
"SAMARI PHARMACY, JAFZA (NOOR AL SHEFA)",DXB,PHARMACY,JEBEL ALI,"JEBEL ALI MALL, JAFZA",04-8878011,PHARMACY
BURJEEL AL HAYYAT PHARMACY,DXB,PHARMACY,JEBEL ALI,"Omran orange camp, water front",04-3519199,PHARMACY
"LIFE PHARMACY I B M BR OF LIFE PHARMACY LLC, DUBAI (LIFE HEALTHCARE GROUP)",DXB,PHARMACY,JEBEL ALI,"UNIT NO. IBS-GF-078, PERSIA COURT, IBN BATTUTA MALL, DUBAI",04-5610000,PHARMACY
LIFE PHARMACY I B M 2 BR OF LIFE PHARMACY LLC,DXB,PHARMACY,JEBEL ALI,"Unit No.IBS-GF-54 & IBS-GF-54A, COURT-S, IBN BATTUTA MALL, DUBAI, UAE",04-5610000,PHARMACY
AL WADI PHARMACY LLC,DXB,PHARMACY,JEBEL ALI,"DUBAI INVESTMENT PARK-1,JABEL ALI",04-8849363,PHARMACY
ALNEEM PHARMACY BRANCH,DXB,PHARMACY,JEBEL ALI,"GATE NO. 7, NEW WEST STAFF ACCOMMODATION AREA, NESTO SUPERMARKET BUILDING, JAFZA",04-8876650,PHARMACY
ADVANCED CARE PLUS PHARMACY,DXB,PHARMACY,JEBEL ALI,JEBAL ALI INDUSTRAIL AREA 1,04-8829700,PHARMACY
ASTER JEBEL ALI PHARMACY,DXB,PHARMACY,JEBEL ALI,"JEBEL ALI INDUSTRIAL AREA, NESTO HYPER MARKET",04-8840237,PHARMACY
AL AZHAR AL JADEEDA PHARMACY,DXB,PHARMACY,JEBEL ALI,"JEBEL ALI INDUSTRIAL AREA1, NEAR NESTO AND PARCO SUPERMARKET",04-8858374,PHARMACY
JABAL ALI GARDENS PHARMACY,DXB,PHARMACY,JEBEL ALI,"JEBEL ALI VILLAGE, NEAR IBN BATUTA MALL , DUBAI",04-8820808,PHARMACY
AL MANARA GARDEN PHARMACY,DXB,PHARMACY,JEBEL ALI,"JEBEL ALI, IBN BATTUTA MALL, TUNISIA COURT",04-3669940,PHARMACY
EASTHILL PHARMACY,DXB,PHARMACY,JEBEL ALI,"PARCO AREA, JEBEL ALI INDUSTRIAL AREA-1",04-8877752,PHARMACY
SHAJARAT AL NEEM PHARMACY LLC - DUBAI ( AL NEEM GROUP),DXB,PHARMACY,JEBEL ALI INDUSTRIAL,"SHOP NO 13, SALEM MALL, PLOT NO.599-0474 , JEBAL ALI INDUSTRIAL AREA 1,DUBAI",050-9806530,PHARMACY
REAL 7 PHARMACY DMCC-LIFE HEALTHCARE GROUP,DXB,PHARMACY,JLT,"GROUND FLOOR, E3 , SABAH TOWER 1, JUMEIRAH LAKE TOWERS.",04-4391776,PHARMACY
AL KANZ PHARMACY (L.L.C.)-LIFE HEALTHCARE GROUP,DXB,PHARMACY,JLT,"LAKESHORE TOWER ( BOJWANI), JLT,DUBAI CLUSTER Y ,DUBAI , U. A. E",04 5521649,PHARMACY
NEW AL KANZ PHARMACY (MAG214)-LIFE HEALTHCARE GROUP,DXB,PHARMACY,JLT,"SHOP MAG 214 , JLT,DUBAI CLUSTER R",04-5521830,PHARMACY
NATURES LIFE PHARMACY,DXB,PHARMACY,JUMEIRAH,"AL WASL ROAD, JUMERIAH",04-3441122,PHARMACY
800 PHARMACY -MARINA PHARMACY GROUP,DXB,PHARMACY,JUMEIRAH,"DUBAI MARINA, DUBAI MARINA, EMAAR TOWERS, MARINA WALK",04-3663430,PHARMACY
FAITHWAY PHARMACY LLC,DXB,PHARMACY,JUMEIRAH,"JUMEIRA, OPPOSTIE UNION NATIONAL FLAG",04-3798953,PHARMACY
AL FANAR PHARMACY-PLANET PHARMACY,DXB,PHARMACY,JUMEIRAH,JUMEIRAH BEACH HOTEL,04-3486120,PHARMACY
ASTER JBR PHARMACY,DXB,PHARMACY,JUMEIRAH,"JUMEIRAH BEACH RESIDENCE, THE WALK, P42, SADAF 4",04-4471127,PHARMACY
MEDICINA BEACH ROAD PHARMACY,DXB,PHARMACY,JUMEIRAH,JUMEIRAH BEACH ROAD,04-3214347,PHARMACY
MEDICINA FIRST PHARAMCY,DXB,PHARMACY,JUMEIRAH,JUMEIRAH BEACH ROAD,04-3471266,PHARMACY
MEDICOM 2,DXB,PHARMACY,JUMEIRAH,"JUMEIRAH BEACH ROAD, MERCATO CENTRE",04-3448333,PHARMACY
BIN SINA PHARMACY 25,DXB,PHARMACY,JUMEIRAH,"JUMEIRAH BEACH ROAD, OPP. UMM SUQEIM CLINIC",04-3940934,PHARMACY
AL PLAZA PHARMACY,DXB,PHARMACY,JUMEIRAH,"JUMEIRAH PLAZA, BEACH ROAD",04-2397956,PHARMACY
MEDICOM 4 (TOWN PHARMACY),DXB,PHARMACY,JUMEIRAH,"JUMEIRAH, JUMEIRAH BEACH ROAD",04-3440077,PHARMACY
AL CORNICHE PHARMACY,DXB,PHARMACY,JUMEIRAH,"JUMERIAH 1, JUMEIRAH BEACH CENTRE,",04-3447220,PHARMACY
MARIAM NEW PHARMACY,DXB,PHARMACY,JUMEIRAH,JUMIERAH BEACH ROAD,04-3952213,PHARMACY
PALM STRIP PHARMACY- JUMEIRAH,DXB,PHARMACY,JUMEIRAH,"JUMIERAH, PALM STRIP MALL GROUND FLR UNIT17",04-3862335,PHARMACY
PANACEA PHARMACY MADINAT,DXB,PHARMACY,JUMEIRAH,"MADINAT JUMERIAH SOUK,SHOP NO.90, UMM SUQEUM, JUMERIAH BEACH ROAD,",04-3686123,PHARMACY
JUMEIRAH BETTER LIFE PHARMACY,DXB,PHARMACY,JUMEIRAH,NEAR AL KHAIL ROAD,04-4472086,PHARMACY
ASTER PHARMACY 205 BR OF ASTER PHARMACIES GROUP LLC-DUBAI,DXB,PHARMACY,JUMEIRAH,"PVE-G-02, PALM VIEWS EAST BUILDING, PALM JUMEIRAH",04-4221521,PHARMACY
HEALTH FIRST PHARMACY 48,DXB,PHARMACY,JUMEIRAH,"SHOP NO. 5, JUMEIRAH ROAD",04-3430616,PHARMACY
HEALTH FIRST PHARMACY 32,DXB,PHARMACY,JUMEIRAH,"SHOP NO. 5, NEAR SUNSET MALL, JUMEIRAH 3",04-3383206,PHARMACY
MARINA GREENS PHARMACY,DXB,PHARMACY,JUMEIRAH,"THE GREENS, THE GREENS COMMUNITY CENTER",04-3663130,PHARMACY
HEALTH FIRST PHARMACY 36-PLANET PHARMACY,DXB,PHARMACY,JUMEIRAH,"TUSCAN RESIDENCES AREZZO 2, JUMEIRAH VILLAGE CIRCLE 2",04-4559313,PHARMACY
MARINA JUMAIRAH PHARMACY,DXB,PHARMACY,JUMEIRAH,"UMM SUQUIEM, EMIRATES CO-OP SOCIETY, UM SUQIM",04-3486700,PHARMACY
LIFE PHARMACY 16 BR OF LIFE PHARMACY LLC,DXB,PHARMACY,JUMEIRAH,"Unit no. R-18, Ground Floor – Bluewaters Residences 8, Marsa, Dubai, UAE",04-5610000,PHARMACY
LIFE PHARMACY HILLS BR OF LIFE PHARMACY LLC,DXB,PHARMACY,JUMEIRAH,"Unit No. TH-GF-R29, Ground Floor, The Hills, Dubai.",04-5610000,PHARMACY
LIFE ISLAND PHARMACY BR OF LIFE PHARMACY 3 LLC-LIFE HEALTHCARE GROUP,DXB,PHARMACY,JUMEIRAH,"UNIT NO: JI-B5 RI-05D, JUMEIRAH, PAVILION MASTER COMMUNITY DUBAI",04-3410008,PHARMACY
NEW SPRING PHARMACY BR OF LIFE PHARMACY LLC,DXB,PHARMACY,JUMEIRAH,"UNITE NO NSOV-FF26,THE NEW SPRING VILLAGE , DUBAI",04-3410008,PHARMACY
JUMEIRAH BIN SINA PHARMACY-DUBAI,DXB,PHARMACY,JUMEIRAH,"V.A COMPLEX, SHOP #4, JUMEIRA ST",04-3856273,PHARMACY
DORRA PHARMACY (AL SHAFFAR GROUP)-ASTER (FORM. AL DORRA PHY),DXB,PHARMACY,JUMEIRAH,"VILLA 351, BEACH PARK, JUMEIRA,DUBAI",04-3478481,PHARMACY
AL MANARA SUNSET MALL-AL MANARA GROUP,DXB,PHARMACY,JUMEIRAH 3,JUMEIRAH 3,04-3881820,PHARMACY
LIFE PHARMACY VILLAGE MALL BR OF LIFE PHARMACY LLC,DXB,PHARMACY,JUMEIRAH FIRST,"Shop No: 24 & 25, The Village Mall, Jumeirah First, Dubai - UAE",04-5610000,PHARMACY
Life Pharmacy LLC DMCC Br,DXB,PHARMACY,JUMEIRAH LAKE TOWERS,"G11, Dubai Gate 1, Jumeirah Lakes Towers, Dubai",04-5610000,PHARMACY
NEW AL KANZ PHARMACY,DXB,PHARMACY,JUMEIRAH LAKE TOWERS,"JUMEIRAH LAKE |TOWERS, J2 TOWER",04-3929669,PHARMACY
NEW ASTER JLT PHARMACY,DXB,PHARMACY,JUMEIRAH LAKE TOWERS,"JUMEIRAH LAKE TOWERS, RED DIAMOND BLDG",04-3697728,PHARMACY
"REAL 7 PHARMACY DMCC BRANCH, JUMEIRAH LAKES TOWER (LIFE PHARMACIES)",DXB,PHARMACY,JUMEIRAH LAKES TOWER,"SHOP PL-7, LAKE TERRACE, CLUSTER D, JUMEIRAH LAKES TOWERS, DUBAI",04-2428798,PHARMACY
HEALTH FIRST PHARMACY 7,DXB,PHARMACY,JUMEIRAH LAKES TOWERS,"SHOP NO:5, AL SEEF TOWER",04-5520732,PHARMACY
NEW ALHADIQA PHARMCY L.L.C-LIFE HEALTHCARE GROUP,DXB,PHARMACY,JUMERIAH,"JUMEIRAH, WASL SQUARE, JUMEIRAH",04-3791553,PHARMACY
NOOR AL IMAN PHARMACY(L.L.C)-LIFE HEALTHCARE GROUP,DXB,PHARMACY,JUMERIAH,"SHOP 1, PLOT # 356-257, JUMEIRAH 3, DUBAI",04-3790110,PHARMACY
BIN SINA 52 PHARMACY,DXB,PHARMACY,JUMERIAH PARK PAVILION,JUMERIAH PARK PAVILION RETAIL SHOP NUMBER 4,04-4250584,PHARMACY
JVC LIFE PHARMACY LLC-LIFE HEALTHCARE GROUP,DXB,PHARMACY,JVC,"SHOP # GS3,OPP TO BLUEMART SUPERMARKET, EMIRATES GARDEN II- MULBERRY, JVC",04 5578841,PHARMACY
JVT LIFE PHARMACY LLC-LIFE HEALTHCARE GROUP,DXB,PHARMACY,JVT,"SHOP G-02 & G-03, NEAR MILESTONE SUPERMARKET,IMPERIAL RESIDENCE TOWER, JVT, DUBAI",04-5511914,PHARMACY
LIFE AL KARAMA PHARMACY,DXB,PHARMACY,KARAMA,"AL ATTAR CENTRE, SHOP 5",04-3969774,PHARMACY
DR JOSEPH POLYCLINIC BR OF GULF HEALTHCARE INTERNATIONAL LLC - PLANET PHARMACY GROUP,DXB,PHARMACY,KARAMA,"Al Jaber Building,1st Floor, Next to Al Kifaf Apartments, Near Sunrise Supermarket, AL Karama, Dubai",04-3541663,PHARMACY
AL JAMEYA AL TAAWENYA PHARMACY,DXB,PHARMACY,KARAMA,AL JAMEYA AL TAAWENYA PHARMACY DUBAI -SANA GROUP OF PHARMACIES,04-3986302,PHARMACY
AL ZAHRA PHARMACY,DXB,PHARMACY,KARAMA,"AL KARAMA STREET, OPPOSITE UAE CITY EXCHANGE",04-3373045,PHARMACY
AL RAYAN PHARMACY,DXB,PHARMACY,KARAMA,"AL KARAMA STREET, STAR OF KARAMA BLDG.",04-3347476,PHARMACY
NEW MEDICINA PHARMACY,DXB,PHARMACY,KARAMA,"AL KARAMA, OPPOSITE KARAMA POST OFFICE",04-3218841,PHARMACY
AL SHIFA PHARMACY (MEDSHOP),DXB,PHARMACY,KARAMA,"AL KIFAF STREET, NEAR PIZZA INN, UNION MEDICAL CENTRE BLDG.",04-3969469,PHARMACY
"HEALTH SIGN PHARMACY L.L.C, DUBAI",DXB,PHARMACY,Karama,"AL WASL RUBY BUILDING, BEHIND HOTEL RAMEE ROYAL, NEAR KARAMA POST OFFICE, DUBAI",04-3300301,PHARMACY
WECARE E R X PHARMACY LLC (prev. KAP PHARMACY LLC),DXB,PHARMACY,KARAMA,"ANSAR GALLERY, KARAMA",04-3965752,PHARMACY
BADER PHARMACY LLC,DXB,PHARMACY,KARAMA,BADER PHARMACY LLC DUBAI -SANA GROUP OF PHARMACIES,04-3348129,PHARMACY
ASTER PHARMACY 149 BR OF ASTER PHARMACIES GROUP LLC - DUBAI,DXB,PHARMACY,KARAMA,"BEHIND LULU HYPERMARKET, AL WASL BUILDING, KARAMA.",04-3969469,PHARMACY
AL OMARAA PHARMACY LLC - DUBAI (NOVO HEALTHCARE GROUP),DXB,PHARMACY,KARAMA,"Ground Floor, Pyramid Building, Al Karama, Dubai, UAE",04 396 9221,PHARMACY
AL BAIROONI PHARMACY,DXB,PHARMACY,KARAMA,HAMAD MOHAMMED SAEED BIN HUMAIDAN BUILDING,04-3709179,PHARMACY
MEDICOM 13 (HOME PHARMACY),DXB,PHARMACY,KARAMA,"KARAMA, KARAMA CENTRE",04-3977739,PHARMACY
LULU KARAMA PHARMACY LLC DOCIB,DXB,PHARMACY,KARAMA,LULU HYPERMARKET,04-3369970,PHARMACY
MURIAT PHARMACY L.L.C.-FAITH GROUP,DXB,PHARMACY,KARAMA,MOVE 'N PICK KARAMA,04-3796771,PHARMACY
NEW MANKHOOL PHARMACY,DXB,PHARMACY,KARAMA,"NEAR KARAMA METRO STATION,",04-3858580,PHARMACY
SANA PHARMACY,DXB,PHARMACY,KARAMA,SANA PHARMACY DUBAI -SANA GROUP OF PHARMACIES,04-3377028,PHARMACY
ASTER PHARMACY 148 (BR OF ASTER PHARMACIES GROUP),DXB,PHARMACY,KARAMA,"SHOP NO 5, JAMAL OMAR BIN HYDER BUILDING, 4B STREET, SHEIKH KHALIFA BIN ZAYED ROAD, KARAMA",04-3404005,PHARMACY
HEALTH FIRST PHARMACY 33,DXB,PHARMACY,KARAMA,"SHOP NO. (G/A7), AL KIFAF RESIDENTIAL BUILDING",04-3963068,PHARMACY
HEALTH FIRST PHARMACY 30,DXB,PHARMACY,KARAMA,"SHOP NO. 07, AL ATTAR CENTRE",04-3709030,PHARMACY
KARAMA LIFE PHARMACY BR OF LIFE PHARMACY L L C,DXB,PHARMACY,KARAMA,"Shop no. 1 & 2 , Al Karama Building , Karama , Dubai",04-3450875,PHARMACY
HEALTH FIRST PHARMACY 31,DXB,PHARMACY,KARAMA,"SHOP NO.2, BUILDING NO. Y-7, AL GAOUD BUILDING, SHEIKH HAMDAN COLONY",04-3960598,PHARMACY
KARAMA ONE PHARMACY L.L.C-LIFE HEALTHCARE GROUP,DXB,PHARMACY,KARAMA,"SHOP# 2 N 3@ KARAMA, DUBAI",04-3796632,PHARMACY
MODERN FAMILY PHARMACY,DXB,PHARMACY,KARAMA,"UMM HURAIR BUILDING, ZABEEL ROAD",04-3885633,PHARMACY
AL WOQAYA PHARMACY,DXB,PHARMACY,KARAMA,"UMM HURIAR, KARAMA CENTER,NEAR LULU SUPERMKT,",04-3348348,PHARMACY
AJMAL PHARAMCY,DXB,PHARMACY,KARAMA,"UMM HURIAR, KARAMA GOLD BUILDING , BESIDES SHONY SHOWROOM",04-3360801,PHARMACY
AL JUMA PHARMACY,DXB,PHARMACY,KARAMA,"UMM HURIAR, OPP LULU CENTRE",04-3348981,PHARMACY
WEST HILL PHARMACY,DXB,PHARMACY,KARAMA,"UMM HURIAR, OPP. SIND PUNJAB REST. SH.MOHAMMED COLNY , NEAR AL MANSOOR VIDEO",04-3377131,PHARMACY
LIFE PHARMACY 25 BR OF LIFE PHARMACY LLC,DXB,PHARMACY,KARAMA,"UNIT 6 TO 12, AJSM INVESTMENT BUILDING, (OLD FAMILY SUPERMARKET), KARAMA, DUBAI - UAE",04-5610000,PHARMACY
IBN AL HAITHAM PHARMACY,DXB,PHARMACY,KARAMA,"ZABEEL ROAD, OPP. GPO, ZABEEL",04-3964040,PHARMACY
SAMER PHARMACY,DXB,PHARMACY,KARAMA,"ZABEEL ROAD, SHK HAMDAN COLONY",04-3971909,PHARMACY
ZABEEL PHARMACY,DXB,PHARMACY,KARAMA,"ZABEEL ROAD, ZABEEL BLD. B121, OPPSITE KARAMA POST OFFICE",04-3377770,PHARMACY
NEW GRAND 1 PHARMACY-LIFE HEALTHCARE GROUP,DXB,PHARMACY,KHALID BIN WALID ROAD,"KHALID BIN WALID ROAD, DUBAI",04-3518474,PHARMACY
LIFE PHARMACY 17 BR OF LIFE PHARMACY LLC,DXB,PHARMACY,KHAWANEEJ,"UNIT NO NC 03, GROUND FLOOR, AL KHAWANEEJ MALL DUBAI",04-5610000,PHARMACY
REAL 7 PHARMACY DMCC-LIFE HEALTHCARE GROUP,DXB,PHARMACY,LAKE SIDE REATIONAL SIDE,"UNIT# GS03, PLOT# JLT - PH1- A3, LAKE SIDE RES TOWER",04-5516506,PHARMACY
ASTER PHARMACY 111 BR OF ASTER PHARMACIES GROUP LLC,DXB,PHARMACY,LULU VILLAGE,"MUHAISINAH PLAZA BUILDING, SHOP NO.6,MUHAISANAH 4,LULU VILLAGE",04-2593195,PHARMACY
AL MANARA PHARMACY REMAL MALL,DXB,PHARMACY,MAJAN,AL BARARI,04-3337146,PHARMACY
NOOR AHALIA PHARMACY_DXB_(AHALIA GROUP),DXB,PHARMACY,MAMZAR,MAMZAR CENTRE DUBAI;,04-2526880,PHARMACY
ROYAL MEMZAR PHARMACY,DXB,PHARMACY,MAMZAR,"MAMZAR AREA, AL MAMZAR CENTER",04-2659552,PHARMACY
ASTER HEALTHCARE HYPER MARKET (BR OF ASTER PHARMACIES GROUP LLC),DXB,PHARMACY,MANKHOOL,"AL RAFFA BUILDING, OPP. ASTER HOSPITAL, MANKOOL, BURDUBAI",04-2505712,PHARMACY
MEDICURE PHARMACY BRANCH-MEDICURE GROUP-DUBAI,DXB,PHARMACY,MANKHOOL,"VILLA 5B , STREET 2A MEDICURE PHARMACY BUILDING , AL MANKHOOL",04-3984866,PHARMACY
MARINA PHARMACY (PROMINADE)-MARINA PHARMACY GROUP,DXB,PHARMACY,Marina,BORJ AL NAHAR,04-2733008,PHARMACY
LIFE PHARMACY MARINA BR OF LIFE PHARMACY LLC,DXB,PHARMACY,Marina,"Ground Floor, DEC Dubai Marina Tower 2, Choitrams - Marina, Dubai",04-5610000,PHARMACY
ASTER PHARMACY 124 BR OF ASTER PHARMACIES GROUP LLC,DXB,PHARMACY,MARINA,"GROUND FLOOR, SUKOON TOWER",04-5546282,PHARMACY
DIAMOND 3 PHARMACY L.L.C-LIFE HEALTHCARE GROUP,DXB,PHARMACY,MARINA,NEAR TO MARINA METRO STATION DUBAI MARINA,04-4537217,PHARMACY
ASTER PHARMACY 150 (BR OF ASTER PHARMACIES GROUP LLC),DXB,PHARMACY,MARINA,"PINNACLE TOWER, MARSA ST. MARINA, DUBAI",04-3794306,PHARMACY
MARSA LIFE PHARMACY L.L.C-LIFE HEALTHCARE GROUP,DXB,PHARMACY,MARINA,"SHOP#7, MAG 218, DUBAI MARINA, DUBAI.",04 4298431,PHARMACY
NEW MAZAYA PHARMACY EST.-LIFE HEALTHCARE GROUP,DXB,PHARMACY,MAZAYA SHOPPING CENTRE,"NEW MAZAYA PHARMACY, G06, MAZAYA SHOPPING CENTRE, DUBAI",04-3211433,PHARMACY
SUPER LIFE PHARMACY,DXB,PHARMACY,MEADOWS,"MEADOWS, NEAR SPINNEYS,MEADOWS COMMUNITY CENTER",04-3608800,PHARMACY
ASTER PHARMACY 119- DM HEALTHCARE,DXB,PHARMACY,MEADOWS,"SHOP NO. 7,MEADOWS, EMIRATES HILLS 3,ENOC 1086",04-2672946,PHARMACY
MEADOWS LIFE PHARMACY BR OF LIFE PHARMACY LLC,DXB,PHARMACY,MEADOWS,"Unit no. GF-32, New Meadows Village, Dubai, UAE",04-5610000,PHARMACY
LIFE PHARMACY 29 BR OF LIFE PHARMACY LLC,DXB,PHARMACY,MEAISEM,"UNIT NO. G 030, GROUND FLOOR, CITY CENTRE MEAISEM, DUBAI UAE",04-5610000,PHARMACY
HEALTH FIRST PHARMACY 27 BR,DXB,PHARMACY,MEIASEM,"MEAISEM FIRST, THE CRESCENT B BUILDING",04-4253020,PHARMACY
ASTER PHARMACY 109 BR OF ASTER PHARMACIES GROUP LLC,DXB,PHARMACY,MIRDIF,"GHUROOB COMMUNITY, GHUROOB STREET",04-4582727,PHARMACY
ASTER PHARMACY 116 BR OF ASTER PHARMACIES GROUP LLC,DXB,PHARMACY,MIRDIF,"MIRDIF COMMERCIAL COMPLEX, SHOP NO. 1 &2, MIRDIF WESTZONE SUPERMARKET",04-2884190,PHARMACY
MEDICINA PHARMACY 13- DUBAI - MEDICINA GRP,DXB,PHARMACY,Mirdif 35,"Mirdif 35 avenue, Dubai",04-2280566,PHARMACY
MEDI PRIME AL MIZHAR PHARMACY,DXB,PHARMACY,MIRDIFF,"AL KHAWANEEJ ROAD, ARABIAN CENTER SHOP 1122",04-2845674,PHARMACY
BETA PHARMACY,DXB,PHARMACY,MIRDIFF,"EMIRATES ROAD, CITY CENTRE-MIRDIFF",04-2840678,PHARMACY
LIFE PHARMACY 19 BR OF LIFE PHARMACY LLC,DXB,PHARMACY,MIRDIFF,"INSIDE CARREFOUR, MIRDIFF CITY CENTRE, DUBAI, UAE",04-5610000,PHARMACY
UPTOWN PHARMACY,DXB,PHARMACY,MIRDIFF,"J3 Mall, 1st Floor, Al Wasl Road, Al Manara, Dubai, UAE",04-3392762,PHARMACY
BIN SINA PHARMACY-38,DXB,PHARMACY,MIRDIFF,"MIRDIF , MIRDIF CITY CENTRE",04-2843057,PHARMACY
BIN SINA PHARMACY-35,DXB,PHARMACY,MIRDIFF,"MIRDIF, CARREFOUR MIRDIF CITY CENTRE",04-2840082,PHARMACY
"ASTER PHARMACY 113 (Br of Aster Pharmacies Group LLC), DUBAI",DXB,PHARMACY,MIRDIFF,"MIRDIFF MALL, MIRDIFF, DUBAI",04-2839542,PHARMACY
FAWAGEE SCIENTIFIC PHARMACY,DXB,PHARMACY,MIRDIFF,"MIRDIFF, 26B STREET",04-2881800,PHARMACY
LIFE AL BARSHA PHARMACY,DXB,PHARMACY,MIRDIFF,"MIRDIFF, ETHIHAD MALL",04-2840780,PHARMACY
LIFE MORE PHARMACY,DXB,PHARMACY,MIRDIFF,"MIRDIFF, NEAR BELAL MOSQUE , STREETNO 83",04-2882044,PHARMACY
MIRDIF PHARMACY,DXB,PHARMACY,MIRDIFF,"MIRDIFF, NEAR REX CINEMA, MIRDIF",04-2885481,PHARMACY
MEDICOM 10,DXB,PHARMACY,MIRDIFF,"MIRDIFF, NEAR UPTOWN MALL",04-2885995,PHARMACY
TOWN LIFE PHARMACY,DXB,PHARMACY,MIRDIFF,"MIRDIFF, NEAR WECARE CLINIC",04-2848355,PHARMACY
MEDSAVE PHARMACY,DXB,PHARMACY,MIRDIFF,"MIRDIFF, UNION NATIONAL BANK",04-2847600,PHARMACY
MEDICINA PHARMACY 16 - DUBAI - MEDICINA GRP,DXB,PHARMACY,Mirdiff,"Park Centre , Mirdiff , Dubai",04-3456556,PHARMACY
HEALTH FIRST PHARMACY 41-PLANET PHARMACY,DXB,PHARMACY,MIRDIFF,"SHOP NO. 6, UPTOWN MIRDIFF MALL",04-2882296,PHARMACY
"MARINA PHARMACY SHOROOQ BR OF MARINA PHARMACY LLC, (MARINA GROUP)",DXB,PHARMACY,MIRDIFF,"Shorooq Community Center, Mirdiff",04-3466889,PHARMACY
C C M LIFE PHARMACY BR OF LIFE PHARMACY LLC,DXB,PHARMACY,MIRDIFF,"Unit No. D006A, Ground Floor, Midriff City Centre, Dubai - UAE",04-5610000,PHARMACY
MEDICOM 7 PHARMACY (FLAME PHARMACY),DXB,PHARMACY,MIZHAR,"AL MIZHAR, AL MIZHAR MALL",04-2876804,PHARMACY
LIFE AL MIZHAR FIRST BR OF LIFE PHARMACY,DXB,PHARMACY,MIZHAR,"Unit no. 2630, Arabian Center, Al Mizhar, Dubai",04-2360046,PHARMACY
AL MANARA ALMANZIL PHARMACY,DXB,PHARMACY,MOHAMAD BIN RASHID BOULEVARD,SOUK AL MANZIL,04-3621161,PHARMACY
LIFE PHARMACY 47 BR OF LIFE PHARMACY LLC - LIFE HEALTHCARE GROUP,DXB,PHARMACY,MOHAMAD BIN RASHID BOULEVARD,"Unit 2 &3, Nshama Community Centre, Town Square Dubai, UAE",04-5610000,PHARMACY
MEDI PRIME PHARMACY MOTOR CITY (BR OF MEDI PRIME PHARMACY (LLC)) (PRIME HEALTHCARE GROUP),DXB,PHARMACY,Motor City,"First Avenue Mall, Al Hebaiah First Area, Motor City, Dubai",04-6079916,PHARMACY
NEW MOTOR CITY PHARMACY L.L.C (LIFE HEALTHCARE GROUP),DXB,PHARMACY,MOTOR CITY,"NEXT TO SPINNEYS UPTOWN, MOTOR CITY",04-4474022,PHARMACY
ASTER PHARMACY 143 BR OF ASTER PHARMACIES GROUP-DUBAI,DXB,PHARMACY,MOTOR CITY,"THE RIBBON BUILDING 2, AL HEBIAH FIRST, PLOT 94-0, MOTOR CITY, DUBAI",04-4430474,PHARMACY
IBN SINA 56 PHARMACY,DXB,PHARMACY,MOTOR CITY,MOTOR CITY - AL HABIAH FIRST,04-9335246,PHARMACY
"GRAND INFINITY PHARMACY LLC ,DUBAI",DXB,PHARMACY,Muhaisana-4,"Muhaisana Area Beirut Street ,Al Qasir Building , Muhaisana-4 ; Dubai",04-2515458,PHARMACY
NOVA ADVANCED CARE PHARMACY LLC-ADVANCED CARE GROUP,DXB,PHARMACY,MUHAISANAH 2,"NEAR AL QUASIS BUS STATION 5 , 32A STREET . SHAKLAN HYPERMARKET 2 , MUHAISNAH 2.",04-3807807,PHARMACY
ACCESS PHARMACY 2- DM HEALTHCARE,DXB,PHARMACY,MUHAISINA,"ACCESS CLININC BULDING, NEAR BUS STATION, SONAPUR, MUHAISINA, DUBAI",04-2672946,PHARMACY
"ASTER HOSPITAL PHARMACY SONAPUR LLC,MUHAISANAH (DM HEALTHCARE)",DXB,PHARMACY,Muhaisnah,"Aster Hospital, Muhaisnah Algeria Street, Muhaisnah, Sonapur",04-4400500,PHARMACY
PHARMA ONE PHARMACY LLC- DUBAI,DXB,PHARMACY,Muhaisnah,"FATIMA BLDG, BEIRUT ST, NEXT TO MADINA MALL, MUHAISNAH 4, DUBAI",04 2631107,PHARMACY
AL NEEM GRAND PHARMACY LLC - DUBAI (AL NEEM GROUP),DXB,PHARMACY,Muhaisnah,"FRESH MASCO HYPERMARKET,MUHAISNAH 4, DUBAI",04-2237770,PHARMACY
"MUSALLA SONAPOOR PHARMACY, MUHAISNAH 2",DXB,PHARMACY,MUHAISNAH 2,SHAKALAN 2 SUPERMARKET BUILDING MUHAISNAH 2,04-2544461,PHARMACY
ASTER MEDICAL CENTRE PHARMACY AL MUHAISNA BR OF DM HEALTHCARE LLC - DUBAI,DXB,PHARMACY,MUHAISNAH 4,"SHOP NO.1 ZARAA RESIDENCE 1,BEHIND ST.MARY CATHOLIC HIGH SCHOOL, NEAR LULU VILLAGE,MUHAISNAH 4, DUBAI",04-5479070,PHARMACY
AMAAN PHARMACY LLC DOCIB,DXB,PHARMACY,MUHAISNAH-4,LULU VILLAGE,04-2647264,PHARMACY
NEW GRAND MURQABAT PHARMACY L.L.C-LIFE HEALTHCARE GROUP,DXB,PHARMACY,MURAQABAT,"SHOP# 5 @ MURQABAT, DUBAI UAE.",04-2552275,PHARMACY
NOVO PHARMACY LLC (BRANCH) - DUBAI (NOVO HEALTHCARE GROUP),DXB,PHARMACY,MURAQABBAT,"Al Bafta Grand Deira, G-Floor, Al Muraqabbat Road, Deira, Dubai, U.A.E",04-5474214,PHARMACY
MED X PHARMACY LLC - DUBAI,DXB,PHARMACY,Nad Al Hamar,"BEL RAMAITHA CLUB BUILDING, AL REBAAT STREET, P O BOX 49294, DUBAI, UAE.",04-2854641,PHARMACY
MEDICINA 2 PHARMACY,DXB,PHARMACY,NAD AL HAMMAR,NAD AL HAMAR MALL,04-2898201,PHARMACY
BIN SINA PHARMACY 30,DXB,PHARMACY,NAD AL HAMRA,"NAD AL HAMAR, ASWAAQ MALL",04-2845066,PHARMACY
NAHDA AL NASEEM PHARMACY LLC - AL NAHDA - DUBAI,DXB,PHARMACY,NAHDA,"GROUND FLOOR, AL NAHDA BUILDING, BAGHDAD STREET, DUBAI",04-2581920,PHARMACY
"LIFE PHARMACY 46 BR OF LIFE PHARMACY LLC , AL NAHDA - LIFE HEALTHCARE GROUP",DXB,PHARMACY,NAHDA,"SHOP NO. 2 , TALAL TOWER, PLOT 231-236, AL NAHDA, DUBAI , UAE",04-5610000,PHARMACY
"RELIEF PHARMACY LLC BRANCH, NAIF-RELIEF HEALTHCARE GROUP",DXB,PHARMACY,NAIF,"AHMED PLAZA BUILDING NAIF ROAD, DEIRA, DUBAI",04-2242951,PHARMACY
"NEW COSMOPOLITAN PHARMACY, NAIF-RELIEF HEALTHCARE GROUP",DXB,PHARMACY,NAIF,"AL NAKHAL ROAD, NEAR HAJI NASSER MASJID NAIF DEIRA, DUBAI",04-2293561,PHARMACY
ASTER PHARMACY 110 (BR OF ASTER PHARMACIES GROUP LLC),DXB,PHARMACY,OUD METHA,"MANDARIN BUILDING, GROUND FLOOR, STREET 13A, OUD MEHTHA, NEAR LAMCY PLAZA",04-3963158,PHARMACY
BIN SERAY PHARMACY,DXB,PHARMACY,OUD METHA,"OUD MEHTA ROAD, NEAR LAMCY PLAZA",04-3355446,PHARMACY
DOCIB PHARMACY-DUBAI,DXB,PHARMACY,OUD METHA,"OUD METHA, DESERT HOME BUILDING",04-2206161,PHARMACY
NOVO PHARMACY LLC - DUBAI - (NOVO HEALTHCARE GROUP),DXB,PHARMACY,OUD METHA,"Shop 2, Ground Floor, Maysoon Building,Oud Metha, Dubai, UAE",04-2517434,PHARMACY
HEALTH FIRST PHARMACY 38,DXB,PHARMACY,OUD METHA,"SHOP NO. 4&5, SALEH BEN LAHEJ BUILDING 338, OUD METHA",04-3960695,PHARMACY
LIFE PHARMACY LLC BRANCH-DUBAI,DXB,PHARMACY,OUD METHA,"UNIT 134, NEXT TO ICARE CLINIC, GROUND FLOOR",04-5610000,PHARMACY
ASTER PHARMACY 3- DM HEALTHCARE,DXB,PHARMACY,Outlet Mall,"G32, GROUND FLOOR, DUBAI OUTLET MALL",04-4437250,PHARMACY
MARINA PHARMACY GOLDEN MILE ONE,DXB,PHARMACY,PALM JUMEIRAH,"GROUND FLOOR, GOLDEN MILE ONE",052-9230950,PHARMACY
MARINA PHARMACY GOLDEN MILE TWO BRANCH,DXB,PHARMACY,PALM JUMEIRAH,"GROUND FLOOR, GOLDEN MILE TWO BUILDING",04-3466889,PHARMACY
MARINA PALM PHARMACY LLC,DXB,PHARMACY,PALM JUMEIRAH,"PJSB CLUBHOUSE 03 G02, GROUND FLOOR",04-4355963,PHARMACY
LIFE PHARMACY N K MALL BR OF LIFE PHARMACY LLC - LIFE HEALTHCARE GROUP,DXB,PHARMACY,PALM JUMEIRAH,"SHOP NO. NKM- B- 1010 & B-1011 , NAKHEEL MALL , PALM JUMEIRAH, DUBAI - UAE",04-5610000,PHARMACY
THE POINT LIFE PHARMACY BR OF LIFE PHARMACY LLC,DXB,PHARMACY,PALM JUMERIAH,"NEXT TO REEL CINEMAS, THE POINTE , PLAM JUMERIAH, DUBAI , UAE",04-3410008,PHARMACY
LIFE PHARMACY 51 BR OF LIFE PHARMACY LLC - PALM JUMEIRAH - LIFE HEALTHCARE GROUP,DXB,PHARMACY,PALM JUMIERAH,"UNIT NO. GM2-B-7-RT-23 B- GOLDEN MILE GALLERIA, DUBAI",04-5610000,PHARMACY
TARIQ PHARMACY,DXB,PHARMACY,QUSAIS,AL BUSTAN CENTER,04-2635020,PHARMACY
ASTER GRAND PHARMACY,DXB,PHARMACY,QUSAIS,"AL NAHDA, SHP 8, AB PLAZA BLDG",04-2505712,PHARMACY
MEDICOM 1,DXB,PHARMACY,QUSAIS,"AL QUSAIS, INSIDE UNION COOPERATIVE SOCIETY",04-2633677,PHARMACY
MEDICOM9,DXB,PHARMACY,QUSAIS,"AL QUSAIS, OPP AL QUSAIS POLICE STATION",04-2640818,PHARMACY
MEDICOM 11,DXB,PHARMACY,QUSAIS,"AL QUSAIS, OPP AL TOWAR CENTRE",04-2611551,PHARMACY
MEDICOM 5 (EMIRATES COOPERATIVE PHARMACY),DXB,PHARMACY,QUSAIS,"AL TAWAR, AL QUSAIS, EMIRATES COOPERATIVE SOCIETY BUILDING",04-2649929,PHARMACY
ALFA PHARMACY,DXB,PHARMACY,QUSAIS,"DAMASCUS STREET, AL QUSAIS",04-2806714,PHARMACY
ASTER PHARMACY 204(BR OF ASTER PHARMACIES GROUP LLC),DXB,PHARMACY,Qusais,"Damascus Street, Near Grand hotel",04-2203889,PHARMACY
NEW AL SHAIMAA PHARMACY,DXB,PHARMACY,QUSAIS,"DOHA ROAD, AL MOZNA BUIDLGING SHOP 4",04-2616286,PHARMACY
OASIS LIFE PHARMACY,DXB,PHARMACY,QUSAIS,"GHUSAIS, DUBAI RESIDENTIAL OASIS , ATTACHED TO WELCARE CLINIC",04-2586774,PHARMACY
VCARE PHARMACY LLC- DUBAI,DXB,PHARMACY,QUSAIS,"NASMAH TOWER, AL ITTIHAD ROAD",04-2654400,PHARMACY
SMILE PHARMACY,DXB,PHARMACY,QUSAIS,"NEAR MANGO HYPERMARKET, MUHAISNAH, AL QUSAIS",04-2643567,PHARMACY
MALAK PHARMACY,DXB,PHARMACY,QUSAIS,"OPP EMIRATES DRIVING SCHOOL, NOOR MASJIG BLDG",04-2633889,PHARMACY
MASHREQ PHARMACY L.L.C.-FAITH GROUP,DXB,PHARMACY,QUSAIS,OPP. GRAND HOTEL AL QUSAIS,04-2634081,PHARMACY
AL NASEEM PHARMACY,DXB,PHARMACY,QUSAIS,"SHEIKH COLONY, NEW TALAL SUPERMARKET BLDG .",04-2635277,PHARMACY
NOOR AL QUSAIS PHARMACY LLC,DXB,PHARMACY,QUSAIS,"SHOP NO 5, OPP DUBAI GRAND HOTEL",04-2633844,PHARMACY
IBN AL AZWAR PHARMACY,DXB,PHARMACY,RAS AL KHOR,"RAS AL KHOR, RAS AL KHOR",04-3331504,PHARMACY
HEALTH FIRST PHARMACY 2 BR OF HEALTH FIRST INVEST - DUBAI (PLANET GROUP),DXB,PHARMACY,RAS AL KHOR,"Shop No 5 & 6,Inside Aswaaq,Nad Al Sheba 4,Ras Al Khor,Dubai",04-3264234,PHARMACY
CREEK LIFE PHARMACY BR OF LIFE PHARMACY LLC,DXB,PHARMACY,DUBAI,"Unit No. 1-21, 1-24, First Floor, Madina Mall, Dubai, UAE.",04-4566737,PHARMACY
AL MANZIL AL JADEED PHARMACY LLC,DXB,PHARMACY,RAS AL KHOR,"VEGETABLE AND FRUIT MARKET, SHOP NO 12, AL AWEER, RAS AL KHOR",06-7432297,PHARMACY
SAMARI RX PHARMACY BR OF IMARA HEALTH CARE LLC,DXB,PHARMACY,RAS AL KHOR INDUSTRIAL 3,"SHOP NO. R1008-1, SAMARI RETAIL BUILDING, RAS AL KHOR INDUSTRIAL AREA SREET, SAMARI RESIDENCE ROAD",04-3330538,PHARMACY
MEDI PRIME PHARMACY RTA BRANCH,DXB,PHARMACY,RASHIDIYA,"BLOCK C, GROUND FLOOR, RTA HEADQUARTERS, UMM RAMOOL",04-7070999,PHARMACY
NAD SHAMMA PHARMACY LLC,DXB,PHARMACY,RASHIDIYA,NEW KADOOLI BUILDING,04-2514107,PHARMACY
MEDICOM 12(DUBAI CENTURY PHARMACY),DXB,PHARMACY,RASHIDIYA,"RASHIDIYA STREET, BEHIND BIN SOUQAT CENTRE, RASHIDIYA",04-2859110,PHARMACY
AL BUSTAN PHARMACY,DXB,PHARMACY,RASHIDYA,RASHIDIYA,04-2859795,PHARMACY
DEIRA LIFE PHARMACY L.L.C-LIFE HEALTHCARE GROUP,DXB,PHARMACY,RIQQA,"SHOP#2,STATE 1 BUILDING, RIGGA, DUBAI.",04-2380116,PHARMACY
SAFA SOCIETY PHARMACY,DXB,PHARMACY,SAFA,"SAFA ROAD, UNION COOPERATIVE BLDG, OPPSITE SAFA PARK",04-3946618,PHARMACY
DOCTORS PHARMACY,DXB,PHARMACY,SATWA,"AL SATWA, AL DIYAFAH STREET",04-3315297,PHARMACY
MODERN IBN SINA PHARMACY,DXB,PHARMACY,SATWA,"DIYAFA STREET, OPPOSITE DUNE CENTER",04-3986026,PHARMACY
MEDICOM PHARMACY 31- AL SATWA-RELIEF HEALTHCARE GROUP,DXB,PHARMACY,SATWA,"GROUND FLOOR, AHMED RAMADHA JUMA BUILDING, OPPOSITE UAE EXCHANGE,NEAR IRANIAN HOSPITAL, AL SATWA",04-3859232,PHARMACY
ASTER PHARMACY 129 BR OF ASTER PHARMACIES GROUP LLC,DXB,PHARMACY,SATWA,"GROUND FLOOR, MARJANA PLAZA BUILDING, AL BADA",04-3590530,PHARMACY
MARINA CARE PHARMACY - SATWA - MARINA PHARMACY GROUP,DXB,PHARMACY,SATWA,IRANIAN HOSPITAL,04-3436020,PHARMACY
MARINA PHARMACY CARE TWO BR OF MARINA PHARMACY LLC (MARINA GROUP),DXB,PHARMACY,SATWA,"Iranian Hospital New Bldg., Satwa,",04-3466889,PHARMACY
"NEW AL SUWAIDI PHARMACY L.L.C - SATWA, DUBAI",DXB,PHARMACY,SATWA,"NAEMA ALI BUAMIM BUILDING, NEAR AL SATWA ROUNDABOUT,AL HUDAIBA STREET, SATWA, DUBAI",04-3859219,PHARMACY
NOOR AL SATWA PHARMACY,DXB,PHARMACY,SATWA,"SATWA, NEAR BUSTATION",04-3443229,PHARMACY
"GHAZAL JUMEIRAH PHARMACY, SATWA-RELIEF HEALTHCARE GROUP",DXB,PHARMACY,SATWA,"SHOP#4 , GROUND FLOOR , BEL OBAIDA BUILDING NEAR GRAND SATWA MOSQUE DUBAI",04-3494882,PHARMACY
"DULSCO PHARMACY LLC, SMBZR (DULSCO GROUP)",DXB,PHARMACY,SHAIKH ZAYED ROAD,"SHAIKH MOHAMMED BIN ZAYED ROAD, LABOUR VILLAGE 1, DUBAI, UAE.",04-3232442,PHARMACY
RAFEAH PHARMACY - MEDON GROUP,DXB,PHARMACY,SHARJAH,"SHOP NO.4, GEORGE BUILDING, UNIVERSITY ROAD,SHARJAH",06-5454455,PHARMACY
LIFE TWO PHARMACY L.L.C-LIFE HEALTHCARE GROUP,DXB,PHARMACY,SHEIKH ZAYED ROAD,"AL KAWAKEB BLDG A, 1ST INTERCHANGE,SHEIKH ZAYED ROAD, DUBAI",04-3550057,PHARMACY
HEALTH FIRST PHARMACY 24-PLANET PHARMACY,DXB,PHARMACY,SHEIKH ZAYED ROAD,"BURJ KHALIFA DOWTOWN,",04-4329158,PHARMACY
MEDICINA PHARMACY 5,DXB,PHARMACY,SHEIKH ZAYED ROAD,GRAND MIDWEST HOTEL APARTMENT,04-3237202,PHARMACY
LIFE PHARMACY 44 BR OF LIFE PHARMACY LLC - LIFE HEALTHCARE GROUP,DXB,PHARMACY,Sheikh Zayed Road,"Ground floor - Unit No. 1009, Oasis Center, Dubai, UAE.",04-5610000,PHARMACY
BINSINA 44,DXB,PHARMACY,SHEIKH ZAYED ROAD,"JUMEIRA TOWER, TRADE CENTRE",04-3513249,PHARMACY
AVENUE PHARMACY,DXB,PHARMACY,SHEIKH ZAYED ROAD,"SHAIKH ZAYED ROAD, BUISNESS BAY",04-4357450,PHARMACY
MEDICOM 6,DXB,PHARMACY,SHEIKH ZAYED ROAD,"SHEIKH ZAYED STREET, MAZAYA CENTRE",04-3435522,PHARMACY
MODERN MEDI PRIME PHARMACY,DXB,PHARMACY,SHEIKH ZAYED ROAD,"SHIEK ZAYED ROAD, IBRI HOUSE, ADJACENT TO NISSAN SHOWROOM",04-3387387,PHARMACY
NOOR AL IMAN PHARMACY,DXB,PHARMACY,SHEIKH ZAYED ROAD,"SHIEK ZAYED ROAD, SHIEKH ESSA TOWER BEFORE SHANGRILA HOTEL",04-3861263,PHARMACY
ZAYED PHARMACY,DXB,PHARMACY,SHEIKH ZAYED ROAD,SHK ZAYED ROAD,04-3291325,PHARMACY
BIN SINA PHARMACY-EMIRATES MALL,DXB,PHARMACY,SHEIKH ZAYED ROAD,"SHK ZAYED ROAD , EMIRATES MALL",04-3410345,PHARMACY
BINSINA PHARMACY-BR 32,DXB,PHARMACY,SHEIKH ZAYED ROAD,"SHK ZAYED ROAD , IBN BATTUTA MALL",04-4233895,PHARMACY
DOHA PHARMACY,DXB,PHARMACY,SHEIKH ZAYED ROAD,"SHK.ZAYED ROAD, AL ATTAR TOWER",04-3430603,PHARMACY
GOLDEN LIFE PHARMACY,DXB,PHARMACY,SHEIKH ZAYED ROAD,"SHK.ZAYED ROAD, MUROOJ COMPLEX",04-3430077,PHARMACY
REAL 6 PHARMACY L.L.C-LIFE HEALTHCARE GROUP,DXB,PHARMACY,SHEIKH ZAYED ROAD,"SHOP # 1, AL SALAAM TOWER, SHEIK ZAYED ROAD,CHELSEA DUBAI U.A.E.",04-3529988,PHARMACY
ASTER PHARMACY 201 BR OF ASTER PHARMACIES GROUP LLC-DUBAI,DXB,PHARMACY,SHEIKH ZAYED ROAD,"SHOP # 3, NEXT TO CROWN PLAZA HOTEL, AL MANAL TOWER, SHEIKH ZAYED ROAD",04-3209481,PHARMACY
CITY LIFE PHARMACY L.L.C-LIFE HEALTHCARE GROUP,DXB,PHARMACY,SHEIKH ZAYED ROAD,"SHOP #2, CITY TOWER 1, NEAR TO CROWN PLAZA,SHEIKH ZAYED ROAD, DUBAI",04-3410072,PHARMACY
LIFE PHARMACY 12 BR OF LIFE PHARMACY LLC,DXB,PHARMACY,SHEIKH ZAYED ROAD,"Shop 1, The Tower, Financial Centre, Sheikh Zayed Road, Dubai , UAE",04-5610000,PHARMACY
BIN SINA 54 PHARMACY,DXB,PHARMACY,SHEIKH ZAYED ROAD,"SHOP NO. 52, EMIRATES TOWERS, TRADE CENTER SECOND",04-3523073,PHARMACY
DUBAI LIFE PHARMACY,DXB,PHARMACY,SHEIKH ZAYED ROAD,"TRADE CENTER ROAD, TADER CENTER , HALL NO.5",04-3291162,PHARMACY
LIFE PHARMACY 8 BR OF LIFE PHARMACY LLC,DXB,PHARMACY,SHEIKH ZAYED ROAD,"UNIT NO F11H FIRST FLOOR , MALL OF EMIRATES , DUBAI, UAE",04-5610000,PHARMACY
HEALTH FIRST PHARMACY 52-DUBAI-PLANET GROUP,DXB,PHARMACY,SHEIKH ZAYED ROAD,"WHITE CROWN TOWER, GROUND FLOOR 34, SHEIKH ZAYED ROAD, NEAR KFC, DUBAI",04-7016002,PHARMACY
NEW DOHA PHARMACY-LIFE HEALTHCARE GROUP,DXB,PHARMACY,SHEIKH ZAYED ROAD,"WHITE SWAN BUILDING, SHIEKH ZAYED ROAD",04-3328385,PHARMACY
ASTER PHARMACY 6 BR OF ASTER PHARMACIES GROUP LLC,DXB,PHARMACY,SILICON OASIS,"DUBAI SILICON GATE 1 - BUILDING, FIRST FLOOR, F-S-101A, GATE 1",04-3262600,PHARMACY
AXON MEDICA PHARMACY LLC- DUBAI,DXB,PHARMACY,SILICON OASIS,"Lynx building street, Lynx building, Silicon Oasis Dubai",04-3484992,PHARMACY
LIFE SILICON PHARMACY - LIFE HEALTHCARE GROUP,DXB,PHARMACY,SILICON OASIS,"Showroom G01, Palace Tower T1 , Opposite Choithram Supermarket , Dubai Silicon Oasis, Dubai UAE",04-5610000,PHARMACY
MEDICINA PHARMACY BRANCH 17- DUBAI - MEDICINA GRP,DXB,PHARMACY,SILICON OASIS,"Silicon Oasis, Nova Tower Dubai",04-3450503,PHARMACY
"ZAHRAT AL SHEFA PHARMACY LLC, MUHAISNAH (NOOR AL SHEFA GROUP)",DXB,PHARMACY,SONAPUR,"MUHAISNAH 2, AL GAITH BUILDING, SONAPUR, DUBAI, UAE.",04-8878155,PHARMACY
ASTER PHARMACY 98 BRANCH OF ASTER PHARMACY LLC,DXB,PHARMACY,SONAPUR,"SAMEYA KHALIFA MOHAMED AL FUQAEI BUILDING, SHOP NO.8, 24TH STREET. MUHAISNA 2ND, SONAPUR",04-2521711,PHARMACY
AL SANAIYA PHARMACY,DXB,PHARMACY,SONAPUR,"SONAPUR, NEAR BALADIYA CAMP",04-2543500,PHARMACY
HORIZON HEALTHCARE PHARMACY,DXB,PHARMACY,TECOM,"AL THURAYA TOWER, TECOM, AL BARSHA",04-4541225,PHARMACY
ASTER PHARMACY-TECOM,DXB,PHARMACY,TECOM,"SARATOGA RESIDENCE, TECOM",04-4534840,PHARMACY
YASSAT LIFE PHARMACY LLC-LIFE HEALTHCARE GROUP,DXB,PHARMACY,TECOM,"SHOP 1, YASSAT GLORIA HOTEL , TECOM",04-3792799,PHARMACY
"YASSAT LIFE PHARMACY, TECOM (LIFE PHARMACIES)",DXB,PHARMACY,TECOM,"SHOP NO. 7 & 8 , GROUND FLOOR , CALIBER PLAZA, DUBAI PRODUCTION CITY , DUBAI",04-5610000,PHARMACY
NEW AL MANARA PHARMACY-DUBAI,DXB,PHARMACY,TECOM,TECOM INVESTMENTS FZ LLC,04-3604495,PHARMACY
AWEER SOCIETY PHARMACY,DXB,PHARMACY,TRADE CENTER,"TRADE CENTER ROAD, AL SHAFAR BLDG.",04-3969999,PHARMACY
SARA PHARMACY-SHAFAR GROUP,DXB,PHARMACY,TRADE CENTER,"TRADE CENTER ROAD, SPINNEYS",04-3593330,PHARMACY
REAL 3 PHARMACY L.L.C (LIFE HEALTHCARE GROUP),DXB,PHARMACY,UMM HURAIR FIRST,"HAMARIAH PALACE 2, UMM HURAIR FIRST, DUBAI",04-3410008,PHARMACY
MARINA PHARMACY SOUTH BR OF MARINA PHARMACY LLC,DXB,PHARMACY,UMM SUQEIM,"AL BARSHA, SOUTH MY CITY CENTER OM SOUQIEM ROAD. B005",04-3466889,PHARMACY
800 PHARMACY BR-MARINA PHARMACY GROUP,DXB,PHARMACY,UMM SUQEIM,"OFFICE PARK, UMM SUQUIM",04-3663430,PHARMACY
IBN SINA 61 PHARMACY,DXB,PHARMACY,UMM SUQEIM 2,DUBAI UNION COOP AL WASL STEERT,04-3465104,PHARMACY
UMM HURAIR PHARMACY (BR OF AL SHAFAR PHARMACIES GROUP LLC),DXB,PHARMACY,UMM SUQEIM 3,"J3 MALL, AL WASL ROAD, UMM SUQUEIM 3",04-3383766,PHARMACY
MEDICINA PHARMACY -BRANCH 10- DUBAI -MEDICINA GRP,DXB,PHARMACY,UMM SUQIEM,Dubai Science Park - Umm Suqiem,04-428 5505,PHARMACY
MEDICINA PHARMACY -BRANCH 10- DUBAI -MEDICINA GRP,DXB,PHARMACY,Umm Suqiem,Dubai Science Park - Umm Suqiem,04-428 5505,PHARMACY
"PREMIER PHARMACY,JUMEIRAH (LIFE PHARMACIES)",DXB,PHARMACY,UMM SUQQUIM 1,"SHOP # 2, KINGS COLLEGE HOSPITAL BUILDING, UMM SUQUIM FIRST, JUMEIRAH, DUBAI.",04-3411429,PHARMACY
AL FAISAL PHARMACY,DXB,PHARMACY,UMM SUQUIEM,"UMM SUQUIEM, CHOITHRAM COMPLEX,",04-3485102,PHARMACY
PRISTINE PHARMACY L.L.C-LIFE HEALTHCARE GROUP,DXB,PHARMACY,WAFI MALL,"SHOP#9, 10, 11A, 11B @ NILE REGION, WAFI MALL, DUBAI.",04-3852248,PHARMACY
LIFE PHARMACY 45 BR OF LIFE PHARMACY LLC - WARQAA - LIFE HEALTHCARE GROUP,DXB,PHARMACY,WARQAA,"SHOP NO.4 TO 8, RAJA AND SISTER BUILDING,PLOT 421-688 OPPOSITE TO AL KABAYAL,AL WARQA , DUBAI",04-5610000,PHARMACY
NMC DIC CLINIC AN PHARMACY BR OF NMC ROYAL HOSPITAL LLC - Dubai,DXB,PHARMACY,WARSAN 2,"CHINA CLUSTER D01, GROUND FLOOR, SHOP NO.11 AND 20, WARSAN 1 , DUBAI",04-8108808,PHARMACY
HIGHWAY PHARMACY,DXB,PHARMACY,Zabeel,"ENOC STATION,OPP AL WASL HOSPITAL",04-3375552,PHARMACY
LIFE PHARMACY DFC BR OF LIFE PHARMACY LLC,DXB,PHARMACY,AL BADIA,"Unit No. - RC-021, First Floor, Dubai Festival City, Dubai UAE",04-5610000,PHARMACY
LIFE PHARMACY DUSSELDORF BR OF LIFE PHARMACY LLC,DXB,PHARMACY,AL BARSHA - 1,"Shop No. 4, Dusseldorf Business Point, Al Barsha-1, Dubai – UAE",04-5610000,PHARMACY
LIFE PHARMACY DAMASCUS BR OF LIFE PHARMACY LLC,DXB,PHARMACY,AL QUSAIS,"Shop No.1, Next to Al Kabayl Center ,Al Qusais 2 Bldng., Damascus Street, Al Qusais, Dubai - UAE",04-5610000,PHARMACY
LIFE PHARMACY 55 BR OF LIFE PHARMACY LLC,DXB,PHARMACY,PORT SAEED,"Unit No: GF 001 & 0015, Plot No: 129-118, Al Wahda Building, Port Saeed, Dubai, UAE",04-4566737,PHARMACY
LIFE PHARMACY 80. BR OF LIFE PHARMACY,DXB,PHARMACY,AL SEEF,"Shop 5 , Dolphin Hotel Apartments, Khalid Bin Waleed Road, Dubai, UAE",04-5610000,PHARMACY
"LIFE AL WARQA 2 BR OF LIFE PHARMACY LLC, DUBAI (LIFE HEALTHCARE GROUP)",DXB,PHARMACY,AL WARWQ FIRST,"SHOP NO. 5, GROUND FLOOR, AL JABRI BUILDING, AL WARQA FIRST, DUBAI – UAE",04-5610000,PHARMACY
"LIFE PHARMACY BARSHA HEIGHTS BR OF LIFE PHARMACY LLC, DUBAI (LIFE HEALTHCARE GROUP)",DXB,PHARMACY,BARSHA,"SHOP NO :8 , AL SHAIBA TOWER , BARSHA HEIGHTS ( TECOM) , DUBAI – UAE",04-5610000,PHARMACY
C C S LIFE PHARMACY BR OF LIFE PHARMACY,DXB,PHARMACY,BUR DUBAI,"Unit No. 2, Ground Floor, Shindagha City Centre, Bur Dubai, Dubai",04-5610000,PHARMACY
LIFE PHARMACY DWTC BR OF LIFE PHARMACY LLC,DXB,PHARMACY,DUBAI WORLD TRADE CENTER,"Shop No: R021.02, Concourse 1, Dubai World Trade Centre, Dubai - UAE",04-5610000,PHARMACY
JBR LIFE PHARMACY 2 BR OF LIFE PHARMACY LLC,DXB,PHARMACY,JUMEIRAH BEACH ROAD,"SHOP NO 2406, GROUND FLOOR, THE BEACH – JBR , DUBAI UAE",04-5610000,PHARMACY
LIFE PHARMACY JVT 2 BR OF LIFE PHARMACY LLC - LIFE HEALTHCARE GROUP,DXB,PHARMACY,JVT,"SHOP NO. R01, NEXT TO TRIANGLE SUPERMARKET, GREEN PARK BUILDING, JVT, DUBAI - UAE",04-5610000,PHARMACY
LIFE PHARMACY MARINA WALK BR OF LIFE PHARMACY LLC,DXB,PHARMACY,MARINA WALK,"Unit No. GA2, Ground Floor, Dubai Marina Towers Retail, Marina Walk, Dubai - UAE",04-5610000,PHARMACY
TOWN SQUARE LIFE PHARMACY BR OF LIFE PHARMACY LLC,DXB,PHARMACY,REMRAM,"Unit No. 4, Ground Floor, Town Square Development Zahra Apartments, Dubai – UAE",04-5610000,PHARMACY
S Z R LIFE PHARMACY BR OF LIFE PHARMACY LLC,DXB,PHARMACY,SHEIKH ZAYED ROAD,"Showroom No. 2, Al Kawakeb (D Block), Sheikh Zayed Road, Dubai – UAE",04-5610000,PHARMACY
LULU DIBBA PHARMACY LLC DOCIB,FUJ,PHARMACY,DIBBA,LULU HYPERMARKET,09-2431399,PHARMACY
MEDICINA PHARMACY - FUJAIRAH,FUJ,PHARMACY,DIBBA,SAFEER CENTRE,09-2441604,PHARMACY
HEALTH FIRST PHARMACY- 21-PLANET PHARMACY,FUJ,PHARMACY,FUJAIRAH,"AL MADHAB STREET, NEAR KM TRADING , DANA CINEMA PLAZA",09-2234518,PHARMACY
AL SHARQ PHARMACY,FUJ,PHARMACY,FUJAIRAH,"AL SHARQI ROAD, DIBBA",09-2059568,PHARMACY
AL SHARQ FAMILY PHARMACY,FUJ,PHARMACY,FUJAIRAH,AL SHARQI STREET,09-2227490,PHARMACY
HEALTH FIRST PHARMACY 17,FUJ,PHARMACY,FUJAIRAH,"AL SHURAIA,OPP.CENTURY MALL, PALACE STREET",09-2230340,PHARMACY
AL MANARA PHARMACY (FUJAIRAH)-MANARA GROUP,FUJ,PHARMACY,FUJAIRAH,CENTURY MALL,09-2234792,PHARMACY
ASTER PHARMACY 8 BR OF ASTER PHARMACIES GRP LLC-FUJAIRAH,FUJ,PHARMACY,FUJAIRAH,"CENTURY MALL, FASEEL ROAD",09-2230701,PHARMACY
HEALTH FIRST PHARMACY 19-PLANET PHARMACY,FUJ,PHARMACY,FUJAIRAH,"DIBBA MARKET, NEAR TO UAE EXCHANGE",09-2444376,PHARMACY
FUJAIRAH PORT PHARMACY-AL SHARQ GROUP,FUJ,PHARMACY,FUJAIRAH,"FUJAIRAH PORT MEDICAL CENTRE BLDG, FUJAIRAH SEA PORT, FUJAIRAH, U.A.E.",09-2228007,PHARMACY
HEALTH FIRST PHARMACY 10 FUJAIRAH BRANCH-PLANET GROUP,FUJ,PHARMACY,FUJAIRAH,"GROUND FLOOR, FUJAIRAH MALL, OPPOSITE TO NBAD BANK, SHEIKH KHALIFA BIN ZAYED ROAD, FUJAIRAH",09-2229295,PHARMACY
BETTER LIFE PHARMACY-FUJAIRAH,FUJ,PHARMACY,FUJAIRAH,"HALA BUILDING, MERASHID STREET, HAMAD BIN ABDULLA ROAD",09-2227299,PHARMACY
ASTER PHARMACY - FUJAIRAH,FUJ,PHARMACY,FUJAIRAH,"HAMAD BIN ABDULLA STREET, EMIRATES SPRING BUILDING,",09-2238322,PHARMACY
HEALTH FIRST PHARMACY 18-PLANET PHARMACY,FUJ,PHARMACY,FUJAIRAH,HAMAD BIN ABDULLAH STREET,09-2231540,PHARMACY
TAYBA PHARMACY,FUJ,PHARMACY,FUJAIRAH,MASAFI,09-2564749,PHARMACY
HEALTH FIRST PHARMACY 20-PLANET PHARMACY,FUJ,PHARMACY,FUJAIRAH,"MUHALLAH, MUHALLAH",09-2447364,PHARMACY
EAST COAST AHALIA PHARMACY-FUJAIRAH-AHALIA GROUP,FUJ,PHARMACY,FUJAIRAH,NEAR ADNOC PETROL STATION AND FAB BANK,09-2235744,PHARMACY
HIKMA PHARMACY,FUJ,PHARMACY,FUJAIRAH,PORT ROAD,09-2231442,PHARMACY
HEALTH FIRST PHARMACY 16-PLANET PHARMACY,FUJ,PHARMACY,FUJAIRAH,SHEIKH ABDULLAH BIN HAMAD STREET,09-2229295,PHARMACY
MEDICINA PHARMACY 20,FUJ,PHARMACY,FUJAIRAH,"SHEIKH HAMAD BIN ABDULLAH STREET, NEXT TO FUALA",09-2235894,PHARMACY
HEALTH FIRST PHARMACY 26-FUJAIRAH BRANCH-PLANET PHARMACY,FUJ,PHARMACY,FUJAIRAH,"SOUQ EXTRA-FUJAIRAH SHOP # 3, MIRBAH MADHA STREET",09-2373985,PHARMACY
ASTER PHARMACIES GROUP LLC BRANCH 2,RAK,PHARMACY,AL DHAID,"Opp. Birla Institute of Technology,Ali Sultan Ali Onwan Al- Neami Building,Al Dhait,Ras Al Khaima",07-2361664,PHARMACY
"HALA PHARMACY 23, RAK (LIFE HEALTHCARE GROUP)",RAK,PHARMACY,AL DHAID,"UNIT B11, MY CITY CENTRE, AL DHAID, RAS AL KHAIMAH",07-2355984,PHARMACY
"HALA PHARMACY 36 LLC, RAK (LIFE HEALTHCARE GROUP)",RAK,PHARMACY,AL KHARAIN,"SHOP NO.5, BLOCK 6, ON PLOT NO. 406060029, AL KHARAIN AREA, RAK",04-5610000,PHARMACY
HALA PHARMACY22 (RAK)-LIFE HEALTHCARE GROUP,RAK,PHARMACY,AL KHARRAN,"SHEIKH RASHID BIN SAEED ROAD ,AL KHARRAN ,RAS AL KHAIMAH",07 2433432,PHARMACY
"AL DOAA PHARMACY, RAK",RAK,PHARMACY,AL MATAF,"AL MATAF ROAD, RAS AL KHAIMAH",07-2235100,PHARMACY
HALA PHARMACY21-LIFE HEALTHCARE GROUP,RAK,PHARMACY,AL NADIYAH,"OPPOSITE TO EMIRATES MARKET ,SHEIKH MUHAMMAD BIN SALEM ROAD,AL NADIYAH ,RAS AL KHAIMAH",07 236 9729,PHARMACY
HALA PHARMACY 34 LLC - LIFE HEALTHCARE GROUP,RAK,PHARMACY,AL NAKHEEL,"(OPP) MANAR MALL , AL NAKHEEL AREA, RAS AL KHAIMAH , UAE",04-5610000,PHARMACY
AL NOOR PHARMACY - RAK,RAK,PHARMACY,AL NAKHEEL,"AL NAKHEEL BUILDING, SHOPE NO:1",07-2333729,PHARMACY
OXYGEN PHARMACY LLC - RAK,RAK,PHARMACY,AL NAKHEEL,"MUNTAZIR ROAD, NEAR GULF HYPER MARKET",07-2238998,PHARMACY
MEDICINA PHARMACY - RAS AL KHAIMA,RAK,PHARMACY,CORNICHE,SAFEER CENTER,07-2332580,PHARMACY
RAS AL KHAIMAH PHARMACY AL HAMRA,RAK,PHARMACY,HAMRA,"VILLA NO.-818, GATE NO.-6, AL HAMRA VILLAGE, RAS AL KHAIMAH",07-2278308,PHARMACY
"AL SHAMS PHARMACY LLC, RAS AL KHAIMAH (AL SHAMS GROUP)",RAK,PHARMACY,RAS AL KHAIMAH,"AL GHAIL SHOPPING CENTRE, AL GHAIL, RAS AL KHAIMAH, UAE.",07-2589301,PHARMACY
"JULFAR PHARMACY, RAK (MARHABA PHARMACY GROUP)",RAK,PHARMACY,RAS AL KHAIMAH,AL JULAN ROAD,07-2235937,PHARMACY
AL AMAN PHARMACY - RAS AL KHAIMAH,RAK,PHARMACY,RAS AL KHAIMAH,"AL KHALIFA BUILDING,BEHIND BANK OF BARODA, OMAN STREET , AL NAKHEEL, RAS AL KHAIMAH",07-2261139,PHARMACY
MARHABA PHARMACY - RAK,RAK,PHARMACY,RAS AL KHAIMAH,"AL MUNTASER ROAD, OPP. HARAMEEN BOOK SHOP",07-2277970,PHARMACY
"MARHABA AL JADEEDA PHARMACY, RAK (MARHABA PHARMACY GROUP)",RAK,PHARMACY,RAS AL KHAIMAH,"AL MUNTASER ROAD, RAS AL KHAIMAH",07-2449330,PHARMACY
AL HSAYAT PHARMACY,RAK,PHARMACY,RAS AL KHAIMAH,AL MUNTASSER ST. AL NAKHEEL,07-2277002,PHARMACY
AL NAEEM PHARMACY,RAK,PHARMACY,RAS AL KHAIMAH,AL NAKHEEL STREET,07-2275333,PHARMACY
AL NAKHEEL PHARMACY,RAK,PHARMACY,RAS AL KHAIMAH,"AL NAKHEEL STREET, AL NAKHEEL STREET",07-2226821,PHARMACY
NMC ROYAL PHARMACY-RAK (NMC Health Group ),RAK,PHARMACY,RAS AL KHAIMAH,"AL QAWASIM ,CORNICHE ROAD, SULTAN FADEL BUILDING, RAS AL KHAIMAH",07-2332832,PHARMACY
MEDICINA PHARMACY 32- RAK-MEDICINA GRP,RAK,PHARMACY,RAS AL KHAIMAH,"Armed Forces, Cooperative Society",07-2585987,PHARMACY
HEALTH FIRST PHARMACY 53 - RAK (PLANET GROUP),RAK,PHARMACY,RAS AL KHAIMAH,"Bab Al Bahar,Yakout Building,Opposite to Zoom,Marjan Island Blvd towards umm Al Quwain,Ras Al Khaimah",07-2435406,PHARMACY
HEALTH FIRST PHARMACY 14-PLANET PHARMACY,RAK,PHARMACY,RAS AL KHAIMAH,"BESIDE POLICE STATION, AL RAMS STREET",07-2662295,PHARMACY
AL MANARA PHARMACY,RAK,PHARMACY,RAS AL KHAIMAH,"CORNICH TOWER PLAZA3 , FLAT 2 GROUND FLR. CORNICHE AL QAWASIM",07-2339422,PHARMACY
AL JISR PHARMACY,RAK,PHARMACY,RAS AL KHAIMAH,"CORNICHE ROAD, SH SALEM BIN AL KHATRE BLDG. & DUBAI ISLAMIC BANK",07-2337271,PHARMACY
AL ARAIBI PHARMACY,RAK,PHARMACY,RAS AL KHAIMAH,"EMBASSI BUILDING, SHOP NO.1 & 2, ARAIBI SHABIYA STREET",07-2269577,PHARMACY
ZAHRAT NOOR AL SHEFAA PHARMACY - RAK (AL NEEM GROUP),RAK,PHARMACY,RAS AL KHAIMAH,"FATIMA HYPERMARKET BUILDING, AL MAMOURAH STREET, RAS AL KHAIMAH",07-2220103,PHARMACY
"AL AHLIA PHARMACY, RAK BRANCH (AHALIA GROUP)",RAK,PHARMACY,RAS AL KHAIMAH,"GROUND FLOOR, CREEK PLAZA BUILDING, NEAR RAK GAS AND OPP. EXPO CENTRE, AL JAZAH ROAD, RAS AL KHAIMAH.",07-2275993,PHARMACY
NOOR AL SHEFAA PHARMACY - RAK (AL NEEM GROUP),RAK,PHARMACY,RAS AL KHAIMAH,"IBRAHIM BAKIT SALIM ALAYAN BUILDING,AL MARID STREET,RAS AL KHAIMAH",07-2260700,PHARMACY
MEDICOM 23,RAK,PHARMACY,RAS AL KHAIMAH,KHARRAN ROAD,07-2441433,PHARMACY
AL LULU RAK PHARMACY LLC DOCIB,RAK,PHARMACY,RAS AL KHAIMAH,LULU HYPERMARKET,07-2264393,PHARMACY
HEALTH FIRST PHARMACY 22-PLANET PHARMACY,RAK,PHARMACY,RAS AL KHAIMAH,MANAR MALL,07-2274848,PHARMACY
HEALTH FIRST PHARMACY 13-PLANET PHARMACY,RAK,PHARMACY,RAS AL KHAIMAH,MUNTASER STREET,07-2282255,PHARMACY
AL KARAMA PHARMACY,RAK,PHARMACY,RAS AL KHAIMAH,"NAKHEEL STREET, NAKHEEL STREET",07-2228111,PHARMACY
RAS AL KHAIMAH AL NAKHEEL PHARMACY,RAK,PHARMACY,RAS AL KHAIMAH,"OMAN ROAD, AL NAKHEEL, RAK",07-2666911,PHARMACY
ASTER PHARMACIES GROUP LLC BRANCH 1 - RAS AL KHAIMAH,RAK,PHARMACY,RAS AL KHAIMAH,"OPP. AL KHALEEJ SUPERMARKET, AL MATAF ROAD, JULAN, AFTER ADAF ROUND ABOUT. RAS AL KHAIMA.",07-2681224,PHARMACY
HEALTH FIRST PHARMACY 15-PLANET PHARMACY,RAK,PHARMACY,RAS AL KHAIMAH,OPPOSITE MARRED FISH MARKET,07-2282991,PHARMACY
RAS AL KAIMAH AL JAZIRA AL HAMRA PHARMACY,RAK,PHARMACY,RAS AL KHAIMAH,RAS AL KHAIMAH,07-2432226,PHARMACY
RAS AL KHAIMAH GHALILA PHARMACY,RAK,PHARMACY,RAS AL KHAIMAH,RAS AL KHAIMAH,07-2432226,PHARMACY
INDIAN PHARMACY,RAK,PHARMACY,RAS AL KHAIMAH,SH MOHAMED BIN SALEM AL QASMI. BLDG.,07-72333951,PHARMACY
AL WATANIA PHARMACY,RAK,PHARMACY,RAS AL KHAIMAH,"SHK. MOHD. BIN SALEM QASIMI BLDG,",07-2355767,PHARMACY
HEALTH FIRST PHARMACY 51 - PLANET PHARMACY,RAK,PHARMACY,RAS AL KHAIMAH,"SHOP NO GF 34, BIN DAHER STREET, OPPOSITE TO SPINNEYS, AL NAEEM MALL",07-2260114,PHARMACY
ASTER PHARMACIES GROUP LLC RAK BRANCH,RAK,PHARMACY,RAS AL KHAIMAH,"SHOP NO. GF50, SAFEER MALL, AIRPORT ROAD",07-2352213,PHARMACY
HEALTH FIRST PHARMACY 50,RAK,PHARMACY,RAS AL KHAIMAH,"SK AHMED BEN SAGAR BUILDING,AL NADIYAH,SHEIKH MUHAMMAD BIN SALEM ROAD",07-2358018,PHARMACY
HALA 25 BR OF LIFE PHARMACY - RAK,RAK,PHARMACY,RAS AL KHAIMAH,"UNIT NO 123 GROUND FLOOR , MANARA MALL , RAS AL KHAIMAH , UAE",04-5610000,PHARMACY
"AL HARMEEN PHARMACY, RAK",RAK,PHARMACY,SIDROH ST.,SIDROH ST. NORTH RAS AL KHAIMAH,07-2331571,PHARMACY
AL AIELAH ALSAEEDA PHARMACY-SHARJAH,SHJ,PHARMACY,BUHAIRA CORNICHE,"CORNICHE PLAZA 2, GROUND FLOOR, CORNICHE STREET, BUHAIRA CORNICHE, SHARJAH",06-5592299,PHARMACY
"AL BASSAM PHARMACY,BUHAIRA CORNICHE-RELIEF HEALTHCARE GROUP",SHJ,PHARMACY,BUHAIRA CORNICHE,"GROUND FLOOR BASSAM TOWER, BUHAIRA CORNICHE, MAJAZ-3 AL MAJAZ DISTRICT, NEAR HILTON HOTEL, SHARJAH",06-5379446,PHARMACY
AL DUNIA PHARMACY LLC,SHJ,PHARMACY,ABDULLA BIN SALAMA STREET,ABDULLA BIN SALAMA STREET,06 5620406,PHARMACY
REEM PHARMACY,SHJ,PHARMACY,ABU SHAGARA,KING FAISAL STREET,06-5594194,PHARMACY
HALA PHARMACY LLC-BRANCH 1-LIFE HEALTHCARE GROUP,SHJ,PHARMACY,ABU SHAGARA,"SHOP # 1 & 2,KM TRADING SHOPPING CENTRE, ABU SHAGHARA SHARJAH",06-5485898,PHARMACY
HALA PHARMACY LLC-BRANCH 2-LIFE HEALTHCARE GROUP,SHJ,PHARMACY,ABU SHAGARA PARK,"SHOP # 4 & 5,NEAR TO ABU SHAGARA PARK,SHARJAH",06-5759287,PHARMACY
NAJMAT ABU SHAGARA PHARMACY-SHJ,SHJ,PHARMACY,ABUSHAGARA,"ABU SHAGARA ROAD, FLAT NO. 12 LEVEL 1 CITY TOWER, ABUSHAGARA",06-5424044,PHARMACY
"HAMAD AL MUMAYAZAH PHARMACY, AL AROUBA(SUNNY PHARMACY)",SHJ,PHARMACY,AL AROUBA,"SUNNY SHARQAN MEDICAL CENTRE LLC, AL AROUBA STREET, AL SHARQAN EXTENSION- TOWARDS AJMAN",06-5455966,PHARMACY
ASTER AL BUHAIRAH PHARMACY-ASTER PHARMACY GROUP,SHJ,PHARMACY,AL BUHAIRAH,"LAGOON TOWER, CORNICHE, AL BUHAIRAH",06-5444542,PHARMACY
"DELTA AL DHAID PHARMACY, AL DHAID (FAITH PHARMACIES)",SHJ,PHARMACY,AL DHAID,"SHARJAH CO-OPERATIVE SOCIETY BUILDING, SHARJAH CO-OPERATIVE SOCIETY – AL DHAID, FUJAIRAH ROAD, SHARJAH",06 8828636,PHARMACY
LULU AL FALAH PHARMACY LLC DOCIB,SHJ,PHARMACY,AL FALAH,LULU HYPERMARKET,06-5362225,PHARMACY
"DELTA AL MAMZAR PHARMACY, AL ITTIHAD (FAITH PHARMACIES)",SHJ,PHARMACY,AL ITTIHAD,"KHAN OASIS BUILDING, SHARJAH-DUBAI ROAD. OPP. SAFEER MALL, SHARJAH,",06 5771703,PHARMACY
ALNAJIM ALAZRAQ PHARMACY-LIFE HEALTHCARE GROUP,SHJ,PHARMACY,AL ITTIHAD ROAD,"SHOP NO.1DAMAS 57 BLDG AL NAHDA AREA; NEXT TO ANSAR MALL, AL ITTIHAD ROAD, SHARJAH",06-5288851,PHARMACY
"ABWAB BAIT AL MAQDES PHARMACY LLC, AL KHAN -BAIT AL MAQDES GRP",SHJ,PHARMACY,AL KHAN,AL KHAN STREET,06-5565363,PHARMACY
ZAHRAT AL RABIE PHARMACY,SHJ,PHARMACY,AL KHAN,"AL SHAMSY BUILDING, AL KHAN STREET, OPPOSITE NISSAN SHOWROOM, NEAR SHARJAH CO-OPERATIVE,",06-5546800,PHARMACY
MEDICINA PHARMACY - SHARJAH,SHJ,PHARMACY,AL KHAN,SAFEER MARKET,06-5375521,PHARMACY
AL REHAB PHARMACY-SHARJAH-BR OF AL NAHAR PHARMACY,SHJ,PHARMACY,AL KHAN,"STYLE TOWER, SHOP NO. 3, AL TAAWON STREET, AL KHAN, SHARJAH",06-5539200,PHARMACY
"DAR AL FARAH PHARMACY LLC, AL KHEZAMMIA (FAITH PHARMACIES)",SHJ,PHARMACY,AL KHEZAMMIA,"AHMED TARIAM BUILDING, OPP. AL QASIMI HOSPITAL, AL KHEZAMMIA AREA, SHARJAH, UAE",06 5743825,PHARMACY
AL SHIFA PHARMACY,SHJ,PHARMACY,AL MAJAEZ,"JAMAL ABDUL NAEZER STREET, AL MAJAEZ AREA, SHARJAH",06-5553913,PHARMACY
MEDI PRIME PHARMACY-SHARJAH,SHJ,PHARMACY,AL MAJAZ,2ND FLR SAFEER MARKET BLDG. KING FAISAL STREET AL MAJAZ 1,06-5752200,PHARMACY
"DELTA MODERN PHARMACY, AL MAJAZ (FAITH PHARMACIES)",SHJ,PHARMACY,AL MAJAZ,"AWAD AHMAD JAZAIRI BUILDING, JAMAL ABDUL NAZAR STREET, NEAR BRANDS FOR LESS SHOW ROOM, SHARJAH",06 5554490,PHARMACY
"BAIT AL MAQDES PHARMACY LLC - BRANCH 1, AL MAJAJ 3 - BAIT AL MAQDES GRP",SHJ,PHARMACY,AL MAJAZ,"EAGLE BUILDING, BEHIND CORNICH AL BUHAIRA STREET, AL MAJAZ3",06-5420520,PHARMACY
HALA PHARMACY LLC-BRANCH 8-LIFE HEALTHCARE GROUP,SHJ,PHARMACY,AL MAJAZ,"HALA 8 PHARMACY - SHOP NO 4,ZUBAIDI BLDNG, AL MAJAZ, SHARJAH",06-5516022,PHARMACY
ASTER PHARMACY 140 (BR OF ASTER PHARMACIES GROUP),SHJ,PHARMACY,AL MAJAZ,"KING FAISAL STREET, SULTACO BUILDING, AL MAJAZ, SHARJAH",04-2505712,PHARMACY
HALA PHARMACY LLC-BRANCH 18-LIFE HEALTHCARE GROUP,SHJ,PHARMACY,AL MAJAZ,"SHOP G2, SALEM TOWER (PLOT 430), NEAR UNITED ARAB BANK,OPPT TO AL NOOR MOSQUE, AL MAJAZ 1, SHARJAH",06-5561718,PHARMACY
AL SAHA PHARMACY LLC-LIFE HEALTHCARE GROUP,SHJ,PHARMACY,AL MUWAILAH,"AL MUWAILAH FIRE STATION ROAD, SHARJAH",06-5426630,PHARMACY
"NAWAIEM PHARMACY, AL NAHDA (FAITH PHARMACIES)",SHJ,PHARMACY,AL NAHDA,"1st Floor, Al Ghuwair, P.O BOX - 45310, Sharjah Gold Center, Al Arouba St, Rolla, Sharjah, UAE",06 5565195,PHARMACY
BURJ AL NAHDA PHARMACY - SHARJAH,SHJ,PHARMACY,AL NAHDA,"AL RODA TOWER 2,1-G FLOOR, MALAKA STREET, AL NAHDA, SHARJAH",06-5590076,PHARMACY
"AL RAZY PHARMACY L.L.C, AL NAHDA (FAITH PHARMACIES)",SHJ,PHARMACY,AL NAHDA,"AL ZAROUNI BUILDING, BEHIND ANSAR MALL, AL NAHDA, SHARJAH",06 5377844,PHARMACY
AL SHIFA UROPI PHARMACY LLC,SHJ,PHARMACY,AL NAHDA,"C-BLOCK, GROUND FLOOR, QADISSIYA (TIGER) BUILDING, AL NAHDA.",06-5394609,PHARMACY
ASTER PHARMACY 106-SHARJAH,SHJ,PHARMACY,AL NAHDA,"GOLDEN SANDS BUILDING, AL ITTIHAD ROAD",06-5749669,PHARMACY
LULU AL NAHDA PHARMACY LLC DOCIB,SHJ,PHARMACY,AL NAHDA,LULU HYPERMARKET,06-5454611,PHARMACY
AL FARAH PHARMACY LLC,SHJ,PHARMACY,AL NAHDA,"NASSER AL SHEEBAH BUILDING, AL NAHDA",06-5363707,PHARMACY
AL NAHAR PHARMACY-SHARJAH,SHJ,PHARMACY,AL NAHDA,"SHOP NO. 4, SHYBA BUILDING, AL NAHDA",06-5545882,PHARMACY
ASTER PHARMACY 121-SHARJAH-ASTER PHARMACIES GROUP,SHJ,PHARMACY,AL NAHDA,SILVER SAND BUILDING,06-5544504,PHARMACY
SALSABEEL PHARMACY LLC - SHARJAH - (NOVO HEALTHCARE GROUP),SHJ,PHARMACY,AL NAHDA,"Tami-3 Building, Bukhara Street, Near Al Nahda Park, Al Nahda, Sharjah, UAE",06-5368988,PHARMACY
"HALA PHARMACY LLC - BRANCH 44, SHARJAH (LIFE HEALTHCARE GROUP)",SHJ,PHARMACY,AL NAHDA,"UNIT 162, GROUND FLOOR, SAHARA CENTRE, SHARJAH - UAE",04-5610000,PHARMACY
MADI PRIME AL NAHDA LLC - PRIME MEDICAL GROUP,SHJ,PHARMACY,AL NAHDA FIRST,"AL RODA TOWER 2,OPPOSITE CARREFOUR EXPRESS , MALAKA STREET , AL NAHDA. SHARJAH",04-7070373,PHARMACY
"HALA PHARMACY LLC-BRANCH 26, AL NASSERIYA (LIFE PHARMACIES)",SHJ,PHARMACY,AL NASSERIYA,"G09 & G10, MY CITY CENTRE, AL NASSERIYA, SHARJAH",06-5220367,PHARMACY
HALA PHARMACY LLC-BRANCH 10-LIFE HEALTHCARE GROUP,SHJ,PHARMACY,AL NASSERYA,"HALA PHY BR 10 - SHOWROOM NO 1, BDNG NO 997, AL NASSERYA, SHARJAH",06-5239833,PHARMACY
NEJOUM ABUSHAGHARA PHARMACY,SHJ,PHARMACY,AL QASIMIA,"AL QASIMIA AREA, NEAR PRIME MEDICAL CENTRE",06-5554450,PHARMACY
AL SAMA PHARMACY LLC,SHJ,PHARMACY,AL QASSEMIYA,AL SAMA PHARMACY LLC SHARJAH -SANA GROUP OF PHARMACIES,06-5508820,PHARMACY
HALA PHARMACY LLC-LIFE HEALTHCARE GROUP,SHJ,PHARMACY,AL QASSIMIA,"SHOP # 12,13 & 14,OPPOSITE TO MEGA MART, AL QASSIMIA SHARJAH",06-5515213,PHARMACY
HALA PHARMACY LLC-BRANCH 3-LIFE HEALTHCARE GROUP,SHJ,PHARMACY,AL QASSIMIYA,"SHOP 02, BUFYEER 222 BLDG,NEAR AL BUSTAN HOTEL,AL QASSIMIYA, SHARJAH",06-5501340,PHARMACY
AL SEHA AL KUBRA PHARMACY LLC,SHJ,PHARMACY,AL SHAHABA,"MARIYAM ABDUL REHMAN BUILDING, SHOP NO. 1, AL WASIT STREET, AL SHAHABA AREA",06-5721213,PHARMACY
"HAMAD AL OULA PHARMACY LLC, AL SHAHBA(SUNNY PHARMACY)",SHJ,PHARMACY,AL SHAHBA,"Sunny Halwan Speciality Medical Centre LLC, Opp Al Qassimi Hospital- Shahba Area, Wasit Street, Sharjah",06-5455966,PHARMACY
"DELTA PHARMACY, AL SWEIHAT (FAITH PHARMACIES)",SHJ,PHARMACY,AL SWEIHAT,"SHARJAH CO-OPERATIVE SOCIETY BUILDING, SHARJAH CO-OPERATIVE – SWEIHAT BRANCH, SHARJAH",06-5382770,PHARMACY
"AL HALA PHARMACY LLC, ALTAAWUN-BAIT AL MAQDES GRP",SHJ,PHARMACY,AL TAAWUN,"AL KHAN 5 BUILDING, NEW AL TAAWUN STREET",06-5523663,PHARMACY
ASTER PHARMACY 203-BR OF ASTER PHARMACIES-SHARJAH,SHJ,PHARMACY,AL TAAWUN,"SHOP NO.1, ARAB DOCTOR BUILDING, AL TAAWUN AREA, SHARJAH",06-5396955,PHARMACY
ASTER PHARMACY 151 - SHARJAH - BR OF ASTER PHARMACIES GROUP LLC,SHJ,PHARMACY,AL TAWOON,"OPP. SHARJAH PALACE HOTEL, TAWUN STREET, MAMZER 1 TOWER, AL TAWOON.",06-5453109,PHARMACY
HALA PHARMACY LLC - BRANCH 46 - LIFE HEALTHCARE GROUP,SHJ,PHARMACY,AL TAWOON,"SHOP NO. 3 , AL SHAAM TOWER, AL TAAWUN ROUNDABOUT, SHARJAH- UAE",04-5610000,PHARMACY
HEALTH FIRST PHARMACY-BR5-PLANET PHARMACY,SHJ,PHARMACY,AL TAWUN AREA,"AL MAHA BUILDING, AL TAWUN AREA",04-7016000,PHARMACY
ASTER PHARMACIES GROUP LLC- SHJ BR- BRANCH 3 - SHARJAH,SHJ,PHARMACY,AL WAHDA,"1ST FLOOR, SHARJAH CITY CENTER,OPP: CARREFOUR, AL WAHDA STREET, SHARJAH",06-5950110,PHARMACY
HALA PHARMACY LLC-BRANCH 4-LIFE HEALTHCARE GROUP,SHJ,PHARMACY,ARABIAN GOLF STREET,"AL KHALEEJ BLD, NEAR SHARJAH ROTANA HOTEL,ARABIAN GOLF STREET,SHARJAH",06-5627128,PHARMACY
HALA PHARMACY LLC-BRANCH 9-LIFE HEALTHCARE GROUP,SHJ,PHARMACY,AROUBA STREET,"SHOP # 1 & 2,AL AROUBA BUILD,AL AROUBA STREET,SHARJAH",06-5519865,PHARMACY
HALA PHARMACY LLC-BRANCH 6-LIFE HEALTHCARE GROUP,SHJ,PHARMACY,BUHAIRA CORNICHE,"SHOP # 2, CORNICHE B BUILDG, BUHAIRA CORNICHE,SHARJAH",06-5372761,PHARMACY
AL FARDAN CENTRE PHARMACY LLC (LIFE HEALTHCARE GROUP),SHJ,PHARMACY,BUHAIRAH CORNICHE,"INSIDE AL FARDAN CENTRE, BUHAIRA CORNICHE RD, SHARJAH, SHOP # G-16-20",06-5752809,PHARMACY
"HALA PHARMACY LLC BRANCH 33, SHARJAH (LIFE HEALTHCARE GROUP)",SHJ,PHARMACY,BUHAIRAH CORNICHE,"SHOP UNIT NO. 1 & 2, GOLDEN TOWER, BUHEIRAH CORNICHE, SHARJAH – UAE",04-5610000,PHARMACY
HALA PHARMACY LLC- BRANCH 51 - SHARJAH - LIFE HEALTHCARE GROUP,SHJ,PHARMACY,BUHAIRAH CORNICHE,"SHOWROOM NO.1, PLOT 236. AL BUHAIRAH INSURANCE TOWER, SHARJAH",04-5610000,PHARMACY
HALA PHARMACY LLC - BRANCH 42 - LIFE HEALTHCARE GROUP,SHJ,PHARMACY,BUTINA,"UNIT # 14 & 15, GROUND FLOOR, NESTO HYPERMARKET, BUTINA, SHARJAH - UAE",04-5610000,PHARMACY
AL WASHAH PHARMACY,SHJ,PHARMACY,DHAID,"FALAJ AL MUALLA ROAD, VEGETABLE MARKET",06-8833240,PHARMACY
AL MALEHA PHARMACY,SHJ,PHARMACY,DHAID,"MAIN ROAD, DHAID AL DHAID,OPPSITE TO ETILSAT , NEAR POST OFFICE",06-8826855,PHARMACY
ALBARSHA PHARMACY-LIFE HEALTHCARE GROUP,SHJ,PHARMACY,FIRE STATION ROUNDABOUT,"SHOP # 1, EMIRATES & AL MANAMA CENTRE,NEXT TO FIRE STATION ROUNDABOUT SHARJAH",06-5754046,PHARMACY
"ZAM ZAM PHARMACY LLC, SHARJAH",SHJ,PHARMACY,INDUSTRAIL 15,"JAMAL ABUDLLA MOHAMMED AL SHAMLAN BUILDING, INDUSTRIAL AREA-15, NEAR NATIONAL PAINT",06-5357141,PHARMACY
AL BAWSALAH PHARMACY LLC,SHJ,PHARMACY,"INDUSTRIAL AREA 15, SHARJAH","BUILDING, AL NAYELI TOWER INDUSTRIAL AREA 15, SHARJAH",06-5300400,PHARMACY
YAMAMA PHARMACY (BR OF YAMAMAH MEDICAL CENTER)-SHARJAH,SHJ,PHARMACY,INDUSTRIAL AREA-SHJ,"ENPI BUILDING, NEAR BIN LADEN R/A, 4TH INDUSTRIAL STREET, AREA 10, SHARJAH",06-5346004,PHARMACY
HALA PHARMACY LLC-BRANCH 7-LIFE HEALTHCARE GROUP,SHJ,PHARMACY,JAMAL ABDUL NASSAR STREET,"HALA PHY BR 7,AL ZA'ABI BLDG, PLOT NO 315, JAMAL ABDUL NASSAR STREET, SHARJAH",06-5506126,PHARMACY
LIFE LINE PHARMACY LLC - SHARJAH (ROYAL GARDEN PHARMACY),SHJ,PHARMACY,JUBAIL,"AL SOOR BUILDING , IBRAHIM MOHAMMED AL MEDFA STREET, SHARJAH",06-5659407,PHARMACY
AL WASFA PHARMACY L.L.C (ROYAL GARDEN PHARMACY),SHJ,PHARMACY,JUBAIL,"MALIK AL RAHMA BUILDING, IBRAHIM AL MEDFA STREET,SHARJAH",06-5569080,PHARMACY
ASTER PHARMACY 139,SHJ,PHARMACY,KHORFAKAN,"NEXT TO KHORFAKKAN POLICE STATION ROUND ABOUT, OPPOSITE TO ADNOC PETROL STATION, SHEIKH KHALID ROAD, KHORFAKKAN",06-2371315,PHARMACY
HALA PHARMACY LLC-BRANCH 19-LIFE HEALTHCARE GROUP,SHJ,PHARMACY,KING FAISAL STREET,"AL ALAMI CENTRE, SHOP NO.4 & 5, AL ALAMI CENTRE -1 , NEAR SPINNEYS KING FAISAL STREET, SHARJAH",06 556 0640,PHARMACY
COUNTRY PHARMACY - DUBAI,DXB,PHARMACY,BUR DUBAI,BURDUBAI CORINICHE OPP ASTORIA HOTEL,04-3536689,PHARMACY
AL ENAIAH AL FAIQAH PHARAMCY,SHJ,PHARMACY,KING FAISAL STREET,"SAFEER MALL , KING FAISAL",06-5303890,PHARMACY
NADEEN PHARMACY - SHARJAH,SHJ,PHARMACY,MAJAZ,"AL FAHAD BUILDING NEXT TO PIZZA HUT, BUHAIRA CORNICHE OPPOSITE TRADITIONAL COFFEE, SHARJAH",06-5733311,PHARMACY
AL ITIHAD PHARMACY - MAJAZ- RELIEF HEALTHCARE GROUP,SHJ,PHARMACY,MAJAZ,"GROUND FLOOR ,UNION PHARMACY BUILDING, JAMAL ABDUL NASSER STREET, MAJAZ",06-5594767,PHARMACY
DAR AL NASEEM PHARMACY - SHARJAH,SHJ,PHARMACY,MAJAZ,"GULF PEARL TOWER, SHOP NO.14, BUHAIRA CORNICHE, AL MAJAZ NO.1, BACK SIDE OF NMC HOSPITAL,SHARJAH",06-5436979,PHARMACY
"HAMAD AL IHTERAFEYA PHARMACY LLC, MAYSLOON(SUNNY PHARMACY)",SHJ,PHARMACY,MAYSLOON,"Sunny Maysloon Speciality Medical Centre, Kuwait Street,Maysloon Sharjah",06-5455966,PHARMACY
MEDICINA 23 PHARMACY,SHJ,PHARMACY,MOHILLA,"CENTRAL SHARJAH SHOP #02, SHEIKH RASHID BIN SAQR ALQASIMI STREET, HALWAN SUBURB, SAMNAN SHARJAH",06-5303980,PHARMACY
ASTER PHARMACIES GROUP LLC- SHJ BR- BRANCH 5 - SHARJAH,SHJ,PHARMACY,MUWAILAH,"RASHID BUILDING, NEAR AL MADINA SHOPPING CENTER,UNIVERSITY ROAD , AL MUWAILAH, SHARJAH",06-5538496,PHARMACY
ASTER PHARMACIES GROUP LLC- SHJ BR- BRANCH 2 - SHARJAH,SHJ,PHARMACY,MUWAILAH,"SHOP NO.2 , BIN THAREEM BUILDING, AL MUWAILAH , SHARJAH",06-5321063,PHARMACY
AL TAIF PHARMACY-LIFE HEALTHCARE GROUP,SHJ,PHARMACY,MUWAILIH COMMERCIAL,"SHOP # 2 & 3, NESTO HUPERMARKET LLC-BRANCH 1, MUWAILIH COMMERCIAL, SHARJAH",06-5505411,PHARMACY
AL SABAH PHARMACY LLC-(AL NEEM PHARMACY GROUP),SHJ,PHARMACY,MUWEILAH,"HNC CLINIC BUILDING, BEHIND AL MADINA HYPERMARKET, MUWEILAH, SHARJAH",06-5302468,PHARMACY
"RUKN AL UFUQ PHARMACY, MUWEILAH - AL UFUQ PHARMA GROUP",SHJ,PHARMACY,MUWEILAH,"WEDIYAN BUILDING, NEAR TO UMIMAN MAJID, BACK SIDE OF NESTO HYPERMARKET, UNIVERSITY AREA",06-5500363,PHARMACY
AL BADR AL KAMIL PHARMACY LLC - SHARJAH,SHJ,PHARMACY,MUWEILEH,"SHOP NO. 3 NEXT TO SIALKOT RESTAURANT NEAR LULU HYPERMARKET BACK SIDE OF SAFARI MALL, MUWEILEH, SHARHAJ",06-5420407,PHARMACY
AL NAHDA PHARMACY-SHARJAH,SHJ,PHARMACY,NAHDA,AL REDHA BUILDING,06-5561122,PHARMACY
AL BURHAN PHARMACY LLC - SHARJAH,SHJ,PHARMACY,NATIONAL PAINT,"BLUE BUILDING, INDUSTRIAL AREA 13, NEAR FAMILY RESTAURANT, AL MUWAILEH, SHARJAH",06-5320585,PHARMACY
"AL UFUQ PHARMACY LLC, NATIONAL PAINTS- AL UFUQ PHARMA GROUP",SHJ,PHARMACY,NATIONAL PAINTS,"NESTO CENTER BUILDING, GROUND FLOOR, NATIONAL PAINTS",06-5443771,PHARMACY
AL GHRAIF PHARMACY,SHJ,PHARMACY,NATIONAL PAINTS R/A,"MAZIYUNA BUILDING, (TIGER BUILDING), MALIHA STREET, INDUSTRIAL AREA II, NATIONAL PAINTS R/A",06-5352971,PHARMACY
HALA PHARMACY LLC-BRANCH 12 (LIFE HEALTHCARE GROUP),SHJ,PHARMACY,QASIMIA,"SHOP NO 1, MANAZIL TOWER 1, PLOT NO 89, AL QASSIMIYA, SHARJAH",06-5519931,PHARMACY
HALA PHARMACY LLC-BRANCH 11 (LIFE HEALTHCARE GROUP),SHJ,PHARMACY,QASIMIA,"SHOP NO. 1, BUF YEAR 222 BLD., PLOT NO. 374, AL QASIMIA, SHARJAH",06-5454123,PHARMACY
"RUKN AL YASMEEN PHARMACY, SHARJAH (AL SAHA WA AL SHIFA GROUP)",SHJ,PHARMACY,ROLLA,"# 33, GROUND FLOOR –ROLLA MALL-ROLLA",06-5632618,PHARMACY
GARDEN PHARMACY LLC-MEENA PHARMACY GROUP,SHJ,PHARMACY,ROLLA,"AL AHILA EXCHANGE BUILDING, ROLLA STREET, NEAR JOYALUKKAS CENTER",06-5211727,PHARMACY
LAMIA PHARMACY SHARJAH,SHJ,PHARMACY,ROLLA,"AL SUWAIHEEN, NEAR CORNICH POST OFFICE, ROLLA",06-5680781,PHARMACY
HADEQAT AL ROLA PHARMACY LLC-SHARJAH,SHJ,PHARMACY,ROLLA,"GANGA RESTAURANT BUILDING, ROLLA SHARJAH",06-5748283,PHARMACY
ROYAL GARDEN PHARMACY LLC - SHARJAH (ROYAL GARDEN PHARMACY),SHJ,PHARMACY,ROLLA,"Ground Floor, Eisa Building 2, Opposite to Rolla Park",06-5652555,PHARMACY
NAJMAT AL ROLLA PHARMACY LLC - SHARJAH,SHJ,PHARMACY,ROLLA,"GROUND FLOOR, SHOP NO. 1-2, PARDHA HOUSE BUILDING, ROLLA STREET, AL GHUWAIR,OPPOSITE TO ROLLA SQUARE PARK ADN BUS STATION , SHARJAH",06-5559550,PHARMACY
JANAH PHARMACY-ROLLA-RELIEF HEALTHCARE GROUP,SHJ,PHARMACY,ROLLA,"GROUND FLOOR,FINE FAIR BUILDING,ROLLA AJMAN ROAD,SHARJAH",06-5643980,PHARMACY
HALA PHARMACY LLC-BRANCH 5-LIFE HEALTHCARE GROUP,SHJ,PHARMACY,ROLLA,"HALA PHARMACY BR 5, SHOP NO 1,2 &14, ROLLA BUILDING, ROLLA, SHARJAH",06-5218353,PHARMACY
BOORJ AL ROLLA PHARMACY-SHARJAH,SHJ,PHARMACY,ROLLA,ROLLA,06-5217190,PHARMACY
BUSTAN AL ROLLA PHARMACY LLC - SHARJAH ( MEDEX GROUP),SHJ,PHARMACY,ROLLA,"Shop No 14-15 ? Nawaf Global Foundation Building , Al Arooba Street ? Rolla ,Sharjah",04-2344430,PHARMACY
BADAR PHARMACY LLC,SHJ,PHARMACY,ROLLA,"SHOP NO. 5-7-8, AHALYA EXCHANGE BUILDING, ROLLA SQUARE",06-5352971,PHARMACY
SAHARA LIFE PHARMACY LLC-LIFE HEALTHCARE GROUP,SHJ,PHARMACY,SAHARA CENTRE,"B-04, NEXT TO SPINNEYS, SAHARA CENTRE, DUBAI",06-5566349,PHARMACY
SAIF ZONE PHARMACY FZC,SHJ,PHARMACY,SAIF,"SAIF ZONE, SHARJAH,PHARMACY F2 - 42-B",06-5578560,PHARMACY
DAR AL SAJAA PHARMACY LLC - SHARJAH (MEDEX GROUP),SHJ,PHARMACY,SAJAA,"Abdel Rahman Sultan Ali Bin Hadda AL Suwaidi Building ,-Building Number : 4075 -Sajja,Sharjah",06-5659077,PHARMACY
ORIANA PHARMACY,SHJ,PHARMACY,AL TAAWUN,1AL TAAWUN STREET,06-5918990,PHARMACY
AL TAQWA PHARMACY LLC,SHJ,PHARMACY,SHARJAH,"ABDUL AZIZ AL MAJED BUILDING, AL NAHADA STREET",06-5319211,PHARMACY
AL AHLIAH PHARMACY,SHJ,PHARMACY,SHARJAH,"Abdulla Ismail Bldg., Sheikh Zayed Street, Opp Kalyan Silks, Near Clock Tower, Maisaloon - Zaikzaid, Sharjah, UAE",06-5313698,PHARMACY
BAIT AL MAQDESAL JADEEDHA PHARMACY,SHJ,PHARMACY,SHARJAH,"ABU SHAGRA, OPP ABU SHAGARA PARK",06-5486100,PHARMACY
DAR AL DAWAA PHARMACY,SHJ,PHARMACY,SHARJAH,"ABUSHAGARA, ABUSHAGARA",06-5449544,PHARMACY
AL ITEKAL PHARMACY,SHJ,PHARMACY,SHARJAH,"ABU-SHAGARA, NEAR ABU-SHAGARA PARK , BEHIND KARZ SUPERMARKET",06-5531141,PHARMACY
TULIP PHARMACY LLC - SHJ PHARMAETHICS GROUP,SHJ,PHARMACY,SHARJAH,"ADJACENT TO MEGA MALL/BEHIND RAYAN HOTEL, ABU SHAGHARA SHARJAH",06-5755069,PHARMACY
MUHAMMAD AYAZ PHARMACY - SHARJAH (AL NEEM GROUP),SHJ,PHARMACY,SHARJAH,"AHMED BIN ALI BUILDING,WASIT STREET, SHARJAH",06-5526224,PHARMACY
AL RAWDHA PHARMACY LLC - SHARJAH,SHJ,PHARMACY,SHARJAH,"AHMED YOUSUF ABDULLA BUILDING , G FLOOR 2-3, AL ZHARA STREET, BU TINA , AL SHARQ, SHARJAH",06-5213777,PHARMACY
SHARJAH PHARMACY,SHJ,PHARMACY,SHARJAH,"AL AROUBA STREET, AFETR KM TRADING BUILDING",06-5623850,PHARMACY
MEDICARE PHARMACY,SHJ,PHARMACY,SHARJAH,"AL AROUBA STREET, UAE EXCHANGE BUILDING, ROLLA",06-5621796,PHARMACY
MANARAT AL CORNICHE-AL MANARA GROUP,SHJ,PHARMACY,SHARJAH,"AL BUHAIRA AREA,LATIFA TOWER BUILDING",06-5514180,PHARMACY
SALIM PHARMACY,SHJ,PHARMACY,SHARJAH,"AL BUHAIRA STREET, SALIM TOWER",06-5736262,PHARMACY
ASTER PHARMACY 125- SHARJAH,SHJ,PHARMACY,SHARJAH,"AL DEYAR BUIDING, NEAR TAWOUN R/A, AL TAWOUN",06-5303016,PHARMACY
RASHA PHARMACY LLC-MEENA PHARMACY GROUP,SHJ,PHARMACY,SHARJAH,"AL GHUWAIR POST OFFICE BUILDING, TARIQ BIN ZIYED STREET",06-5625889,PHARMACY
ORCHID PHARMACY LLC,SHJ,PHARMACY,SHARJAH,"AL HIND TOWER, AL KHAN PALACE BUILDING, AL KHAN ROAD, AL KHAN STREET",06-5288110,PHARMACY
GRAND HAMAD PHARMACY,SHJ,PHARMACY,SHARJAH,"AL ITTIHAD ROAD, ASSWAILEM TOWER",06-5257556,PHARMACY
MANARA AL JAREENA PHARMACY,SHJ,PHARMACY,SHARJAH,"AL JAREENA, MATAJEER MALL",06-5453206,PHARMACY
HEALTH FIRST PHARMACY BR_3-PLANET PHARMACY,SHJ,PHARMACY,SHARJAH,"AL MAHA BUILDING, AL TAWUN",06-5627020,PHARMACY
HEALTH FIRST PHARMACY- DAR AL HIKMAH,SHJ,PHARMACY,SHARJAH,"AL MAJAZ 2, NEXT TO SUBWAY RESTAURANT, CORNICHE SHOP- 4-2A",06-5643275,PHARMACY
AL TAJ PHARMACY LLC,SHJ,PHARMACY,SHARJAH,AL MAJAZ NORTHERN PARK ST. AL MAJAZ,06-5444322,PHARMACY
AL MAJAZ PHARMACY,SHJ,PHARMACY,SHARJAH,"AL MAJAZ, AL MAJAZ AREA,LOOTAH BUILDING",06-5599799,PHARMACY
AL MUBARAK CENTRE PHARMACY,SHJ,PHARMACY,SHARJAH,"AL MUBARAK CENTRE PHARMACY, AL MUBARAK CENTRE, AL SHARQ STREET, SHARJAH",06-5638034,PHARMACY
DAR AL NEEM PHARMACY LLC - SHARJAH (AL NEEM GROUP),SHJ,PHARMACY,SHARJAH,"AL MUNTAZAH STREET, EMIRATES INTERNATIONAL HOSPITAL BUILDING, SHARJAH",06-5593344,PHARMACY
RAWABINA PHARMACY,SHJ,PHARMACY,SHARJAH,"AL NAD AL QASSIMIYA, AL ZAMALER BLDG",06-5519654,PHARMACY
AL BUSTAN PHARMACY,SHJ,PHARMACY,SHARJAH,"AL NADHA, NEAR AL NADHA PARK",06-5532990,PHARMACY
MEDICOM 17,SHJ,PHARMACY,SHARJAH,"AL NAHDA ROAD, ANSAR MALL",06-3513256,PHARMACY
AL NEEL PHARMACY SHARJAH -PHARMAETHICS GROUP,SHJ,PHARMACY,SHARJAH,"AL NAHDA ROAD, SHOP NO. 1 AL SAFA TOWER, ADJACENT AL WAHDA MEDICAL CENTRE, AL NAHDA SHARJAH",06-5622106,PHARMACY
AL HARAMAIN PHARMACY,SHJ,PHARMACY,SHARJAH,"AL NAHDA, BELOW AL NADHA MEDICAL CENTRE",06-5316779,PHARMACY
FATIMA ALZAHRA PHARMACY LLC - SHARJAH (NOVO HEALTHCARE GROUP),SHJ,PHARMACY,SHARJAH,"Al Nahda, Sharjah, UAE",06-5636145,PHARMACY
EXPERTS PHARMACY,SHJ,PHARMACY,SHARJAH,"AL NASIRYA, AL NASIRYA",06-5654635,PHARMACY
NEW HAMAD PHARMACY,SHJ,PHARMACY,SHARJAH,"AL QASSEMI HOSPITAL, SAMNAN BUILDING",06-5673388,PHARMACY
MOTHERCARE PHARMACY LLC-MEENA PHARMACY GROUP,SHJ,PHARMACY,SHARJAH,AL SAJJA STREET; NEAR SHARJAH CEMENT FACTORY,06-5360122,PHARMACY
AL HADHAR PHARMACY LLC - MEDON GROUP,SHJ,PHARMACY,SHARJAH,"AL SALAM BUILDING, AL KHAN STREET, SHARJAH",06-5545487,PHARMACY
AL SANA PHARMACY,SHJ,PHARMACY,SHARJAH,AL SANA PHARMACY SHARJAH -SANA GROUP OF PHARMACIES,06-5731610,PHARMACY
AL ELAJ PHARMACY LLC,SHJ,PHARMACY,SHARJAH,"AL SHAHBA PLAZA, WASIT STREET",06-5583058,PHARMACY
ASTER PHARMACY 133,SHJ,PHARMACY,SHARJAH,"AL SHARQ STREET, NEXT TO FINE FAIR BUILDING, OPP. SHARJAH COOPERATIVE SOCIETY",06-5619322,PHARMACY
GODLEN LIFE PHARMACY,SHJ,PHARMACY,SHARJAH,"AL TAAWAON STREET, BIN JALAWI CENTER , NEXT TO AL YOSUF MOTORS, NEAR AL TAWAUN MALL",06-5775501,PHARMACY
AL FARES PHARMACY,SHJ,PHARMACY,SHARJAH,"AL TAAWUN ROAD, ZAKHIR 1 TOWER",06-5304212,PHARMACY
CRISTAL PHARMACY,SHJ,PHARMACY,SHARJAH,"AL TAWOON AREA, SHARJAH, AL SHAMSI BLG.,SHOP 4,",06-5773100,PHARMACY
WASEEM PHARMACY,SHJ,PHARMACY,SHARJAH,"AL TAWOUN AREA, DALFCO BUILDING",06-5770930,PHARMACY
AL MANARAH PHARMACY,SHJ,PHARMACY,SHARJAH,"AL TAWOUN AREA, SHAMS TOWER",06-5774665,PHARMACY
AL ZAMAN PHARMACY LLC,SHJ,PHARMACY,SHARJAH,"AL WAFA BUILDING, AL WAHDA STREET",06-5771990,PHARMACY
MEDICINA 31 PHARMACY-SHARJAH -MEDICINA GRP,SHJ,PHARMACY,SHARJAH,"AL WAHDA Road, City Centre, Sharjah",06-5246525,PHARMACY
AL SHUALLA PHARMACY,SHJ,PHARMACY,SHARJAH,"AL WAHDA ROAD, SAFEER MALL",06-5313648,PHARMACY
MODERN BAIT AL MAQDES PHARMACY,SHJ,PHARMACY,SHARJAH,"AL WAHDA STREET, AFTER AL KHAN BRIDGE , NEAR LIFEWAY SUPERMARKET",06-5552070,PHARMACY
BAIT AL MAQDES PHARMACY,SHJ,PHARMACY,SHARJAH,"AL WAHDA STREET, OPP AL WAHDA CENTER",06-5534363,PHARMACY
HEALTH FIRST PHARMACY BR_2-PLANET PHARMACY,SHJ,PHARMACY,SHARJAH,"AL WAHDA STREET, AL WAHDA STREET",06-5336128,PHARMACY
AL MANSOOR PHARMACY,SHJ,PHARMACY,SHARJAH,"AL WAHDA STREET, OPPSITE SHJ CITY CENTER",06-5591700,PHARMACY
MEDICINA 25 PHARMACY,SHJ,PHARMACY,SHARJAH,AL WASIT ROAD,06-5660741,PHARMACY
MARHABA PHARMACY LLC - SHARJAH (NOVO HEALTHCARE GROUP),SHJ,PHARMACY,SHARJAH,"Al Zahra Street G,2, Humaid Al Owais Building, Maysaloon, Sharjah, UAE",06-5238130,PHARMACY
AL SAHA & AL JAMAL PHARMACY- AL HIKMA GROUP,SHJ,PHARMACY,SHARJAH,"AL ZAHRA STREET, NASSYRIA",06-5210090,PHARMACY
AL HIKMA PHARMACY,SHJ,PHARMACY,SHARJAH,"AL ZAHRA STREET, NEAR FIRE STATION RD. ABOUT",06-5657268,PHARMACY
MEDIPLUS PHARMACY LLC SHJ BR - SHARJAH,SHJ,PHARMACY,SHARJAH,"ASAS TOWER, TA?AWON STREET, SHARJAH",06-5544977,PHARMACY
AL AQSA PHARMACY-FAITH GROUP,SHJ,PHARMACY,SHARJAH,BACK SIDE OF W.WILSON SPECIALISED HOSPITAL,06-5774704,PHARMACY
MAJID PHARMACY,SHJ,PHARMACY,SHARJAH,"BANK STREET, BEHIND NATL BANK OF ABU DHABI",06-5683422,PHARMACY
MANARA AL KHAN PHARMACY,SHJ,PHARMACY,SHARJAH,"BEHIND AL KHALEEJ, MATAJEER MALL",06-5267134,PHARMACY
MEDICARE PHARMACY L.L.C - SHARJAH - (NOVO HEALTHCARE GROUP),SHJ,PHARMACY,SHARJAH,"Behind UAE Exchange Centre, Al Arouba Street, Rolla, Sharjah, UAE",06-5242555,PHARMACY
REEM AL NAHDA PHARMACY,SHJ,PHARMACY,SHARJAH,"BIN TOWER BLDG, OPP OF CARREFOUR MARKET",06-5255825,PHARMACY
AL RAYAH PHARMACY LLC - SHARJAH (NOVO HEALTHCARE GROUP),SHJ,PHARMACY,SHARJAH,"Buhaira Building, B Block,",06-5770432,PHARMACY
DELMON PHARMACY,SHJ,PHARMACY,SHARJAH,"BUHAIRA CORNICHE, AL FARIS TOWER",06-5504331,PHARMACY
BIN SINA PHARMACY,SHJ,PHARMACY,SHARJAH,"BUHAIRA CORNICHE, AL MASSA CINEMA",06-5567662,PHARMACY
GRAND ARABIAN HOME PHARMACY,SHJ,PHARMACY,SHARJAH,"BUHAIRA CORNICHE, CRYSTAL PLAZA BLDG",06-5748588,PHARMACY
BIN SINA PHARMACY,SHJ,PHARMACY,SHARJAH,"BUHAIRA CORNICHE, OPP. HOLIDAY INTERNATIONAL HOTEL",06-5726885,PHARMACY
BILAL PHARMACY,SHJ,PHARMACY,SHARJAH,"CATERPILLAR STREET, AOUISE BUILDING NEXT TO DYNA TRADE",06-5328558,PHARMACY
NEW MEDICAL CENTRE PHARMACY,SHJ,PHARMACY,SHARJAH,"CORNICHE ROAD, BELREHED TOWER,NEXT TO CRYSTAL PLAZA",06-5974180,PHARMACY
AL SAJAA PHARMACY LLC-MEENA PHARMACY GROUP,SHJ,PHARMACY,SHARJAH,"DHAID ROAD, AL SAJAA, OPPOSITE SHARJAH CEMENT FACTORY",06-5310199,PHARMACY
ARABIAN PHARMACY,SHJ,PHARMACY,SHARJAH,"EMIRATES KEY BUILDING, MAAZA SIGNAL, INDUSTRIAL AREA 4, KING FAISAL ROAD",06-5431763,PHARMACY
MEDICINA 33 PHARMACY-SHARJAH -MEDICINA GRP,SHJ,PHARMACY,SHARJAH,"Emirates National Schools, Al Rahmaniyah, Sharjah",06-744 8476,PHARMACY
ANWAR BAIT AL MAQDES PHARMACY LLC,SHJ,PHARMACY,SHARJAH,"EWAN BUILDING, MUWAILEH",06-5426300,PHARMACY
ZAHRAT AL MADINAH PHARMACY LLC - SHARJAH,SHJ,PHARMACY,SHARJAH,"FATHIMA SAFE BUILDING, NEAR KANARY CLINIC, SHEKIH MOHHAMAD BIN ZAYED ROAD, NATIONAL PAINT,SHARJAH",06-5327075,PHARMACY
MASAFI PHARMACY,SHJ,PHARMACY,SHARJAH,"FIRST GULF BANK BLD, OPP TO GOLD CENTRE",06-5721805,PHARMACY
AL SAMHA PHARMACY LLC - SHARJAH (AL NEEM GROUP),SHJ,PHARMACY,SHARJAH,"GROUND FLOOR AL AMIRA RESIDENCE, ABU SHAGARA STREET, SHARJAH",06-5432382,PHARMACY
LUBNA PHARMACY LLC - SHARJAH (NOVO HEALTHCARE GROUP),SHJ,PHARMACY,SHARJAH,"Ground Floor, Al Zaroun Building, Al Nabba'a, Al Sharq District, Sharjah, UAE",06-5637220,PHARMACY
AL RUAYAH PHARMACY LLC - SHARJAH (NOVO HEALTHCARE GROUP),SHJ,PHARMACY,SHARJAH,"Ground Floor, Safari Hypermarket, Shop Number 80 & 81, Muwaileh, Sharjah, UAE",06-5463681,PHARMACY
MEDI PRIME AL MAJAZ PHARMACY LLC - BR 1 (SHARJAH),SHJ,PHARMACY,SHARJAH,"GROUND FLOOR, ZERO 6 MALL, AL JURAINAH, UNIVERSITY CITY ROAD",04-7070999,PHARMACY
ATLAS PHARMACY-MEENA PHARMACY GROUP,SHJ,PHARMACY,SHARJAH,"GULT MART BUILDING, AL AROOBA STREET",06-5235676,PHARMACY
ASTER PHARMACY 107,SHJ,PHARMACY,SHARJAH,"HASSAN BABA HASSAN BUILDING, GROUD FLOOR, KING FAISAL ROAD",06-5734704,PHARMACY
SHARJAH AHALIA PHARMACY,SHJ,PHARMACY,SHARJAH,"IBRAHIM AL MEDFA STREET, OPP. ETISALAT MAIN BUILDING",06-5621600,PHARMACY
ASTER PHARMACY 108- SHARJAH,SHJ,PHARMACY,SHARJAH,"IBRAHIM MOHAMED AL MEDFAA STREET, NEXT TO SATA, UM AL TARAFA AREA, ROLLA, NEAR TO ACCESS CLINIC",06-5610012,PHARMACY
MEDICINA 30 PHARMACY- SHARJAH - MEDICINA GRP,SHJ,PHARMACY,SHARJAH,iMall - Ithihad Road - Sharjah,06-5248013,PHARMACY
AL MAWADAH PHARMACY,SHJ,PHARMACY,SHARJAH,"IMIGRATION ROAD, NEAR EMIRATES ISLAMIC BANK",06-5744878,PHARMACY
MEDI PRIME AL QASIMIAH PHARMACY,SHJ,PHARMACY,SHARJAH,"IMMIGRATION ROAD, AL QASMIA BLDG, NEAR MASHREQ BANK",06-5752200,PHARMACY
AL FAJR PHARMACY,SHJ,PHARMACY,SHARJAH,"IMMIGRATION ROAD, OPP MASHREQ BANK",06-5735233,PHARMACY
AL SAIF PHARMACY BR1 - AL RABEE CLINIC GROUP,SHJ,PHARMACY,SHARJAH,"INDUSTRIAL AREA 2, NEAR SHARJAH COLLEGE, SHARJAH",06-5391300,PHARMACY
BINSINA 39 PHARMACY-DAMAS TOWER,SHJ,PHARMACY,SHARJAH,"ITTIHAD STREET, DAMAS TOWER",06-5267026,PHARMACY
MODERN AL KINDI PHARMACY,SHJ,PHARMACY,SHARJAH,JAMAL ABDUL NASER STREET,06-5531606,PHARMACY
AL SADIQ PHARMACY,SHJ,PHARMACY,SHARJAH,"JAMAL ABDUL NASER STREET, OPPSITE TO AL MAJAZ PARK MOSQUE",06-5595111,PHARMACY
SCIENTIFIC PHARMACY LLC - SHARJAH (NOVO HEALTHCARE GROUP),SHJ,PHARMACY,SHARJAH,"Jasim Mohd Al Mahmood Building, Yazeed Bin Al Hareth Street, Sharjah, UAE",06-5487289,PHARMACY
AL AHAD PHARMACY,SHJ,PHARMACY,SHARJAH,"KHALIDIYA STREET, AL KHAN, OPP TO SHARJAH COOPERATIVE PHARMACY",06-5565262,PHARMACY
RUKN AL HAYAT PHARMACY LLC - SHARJAH (AL NEEM GROUP),SHJ,PHARMACY,SHARJAH,"KHALOTI TOWER, AL MAJAZ, SHARJAH",06-5444534,PHARMACY
SAHARA AL JAZEERA PHARMACY LLC - SHARJAH (NOVO HEALTHCARE GROUP),SHJ,PHARMACY,SHARJAH,"Khan Saheb Building, Near Geco Signal, Industrial Area 10, Sharjah, UAE",06-5353345,PHARMACY
AL SAIF PHARMACY,SHJ,PHARMACY,SHARJAH,"KING ABDUL AZIZ STREET, AL SAUD BUILDING",06-5533811,PHARMACY
BIN SINA PHARMACY 37,SHJ,PHARMACY,SHARJAH,"KING ABDUL AZIZ STREET, INSIDE KM TRADING",06-5537112,PHARMACY
MEDICINA 24 PHARMACY,SHJ,PHARMACY,SHARJAH,KING FAISAL ROAD,06-5723255,PHARMACY
CENTRAL BIN SINA,SHJ,PHARMACY,SHARJAH,"KING FAISAL ROAD, SPINNEYS",06-5748446,PHARMACY
ABU SHAGARA PHARMACY,SHJ,PHARMACY,SHARJAH,"KING FAISAL STREET, AL RAWDAN BLDG",06-5536414,PHARMACY
HUSSAIN PHARMACY,SHJ,PHARMACY,SHARJAH,"KING FAISAL STREET, BEHIND E-MAX ,BEHIND GAINTY SUPERMARKET BLDG",06-5551804,PHARMACY
ASTER PHARMACY,SHJ,PHARMACY,SHARJAH,"KING FAISAL STREET, NEAR ADNOC GAS STATION",06-5445001,PHARMACY
AL AFDHAL PHARMACY - SHARJAH (AL NEEM GROUP),SHJ,PHARMACY,SHARJAH,"KING FAISAL STREET,AL ROSTAMANI BUILDING,SHARJAH",06-5217622,PHARMACY
HEALTH FIRST PHARMACY 2- SHARJAH-PLANET PHARMACY,SHJ,PHARMACY,SHARJAH,MATAJER MALL,06-5534225,PHARMACY
NEW BIN SINA PHARMACY,SHJ,PHARMACY,SHARJAH,"MEGA MALL, MEGA MALL",06-5744066,PHARMACY
AL DAWA & AL JAMAL PHARMACY,SHJ,PHARMACY,SHARJAH,"MOELIH, SHARJAH UNIVERSITY ROAD",06-5399499,PHARMACY
ASTER PHARMACY 153,SHJ,PHARMACY,SHARJAH,"Mubarak Building, University Road, Muweilah, Sharjah, U.A.E",06-5543020,PHARMACY
AL NAS PHARMACY L.L.C - SHARJAH (AL NEEM GROUP),SHJ,PHARMACY,SHARJAH,"MUHAMMAD SYEED BUILDING, AL WASHAH STREET, SHARJAH",05-05486313,PHARMACY
MANARA AL MURQAB PHARMACY,SHJ,PHARMACY,SHARJAH,"MURQAB, MATAJER MALL",06-5213471,PHARMACY
AL WAFA PHARMACY,SHJ,PHARMACY,SHARJAH,"NEAR LACNOR DIARY, DOUBLE COLA ROAD, INDUS. AREA 4.",06-5331139,PHARMACY
AL FAROOQ PHARMACY,SHJ,PHARMACY,SHARJAH,OPP SAHARA CENTRE,06-5315343,PHARMACY
CO-OPERATIVE PHARMACY,SHJ,PHARMACY,SHARJAH,OPP. LAL'S SUPERMARKET,06-5613392,PHARMACY
AL SALAMAH PHARMACY LLC,SHJ,PHARMACY,SHARJAH,"OPPOSITE OASIS WATER FACTORY, INDUSTRIAL AREA-14, NEAR BY MUWEILAH FIRE STATION, SHARJAH",06-5357255,PHARMACY
ABU DHABI PHARMACY - SHARJAH (AL NEEM GROUP),SHJ,PHARMACY,SHARJAH,"OPPOSITE SHARJAH COOPERATIVE, AL KHAN STREET, SHARJAH",05-66465995,PHARMACY
NEW AL KINDI PHARMACY,SHJ,PHARMACY,SHARJAH,QASMIA STREET,06-5733377,PHARMACY
AL QASSIMIAH PHARMACY LLC-MEENA PHARMACY GROUP,SHJ,PHARMACY,SHARJAH,"QASSIMIAH MEDICAL CENTER BUILDING, SAJAA AREA",06-5310177,PHARMACY
WAJEAT AL KHOOR PHARMACY,SHJ,PHARMACY,SHARJAH,"RIVER TOWER, NEXT TO GRAND CINEMA",06-5373883,PHARMACY
AL TAMIMI PHY,SHJ,PHARMACY,SHARJAH,"ROLLA STREET, NEAR U.A.E EXCHANGE , NEAR JOY ALUKKAS CENTER ,RIGHT FRM NAJAF RESTURANT",06-5624990,PHARMACY
AL AMAN PHARMACY,SHJ,PHARMACY,SHARJAH,"ROLLA, JOY ALUKKAS CENTRE BUILDING",06-5233991,PHARMACY
AL EBTSAMAH PHARMACY - SHARJAH -MEDICINA GRP,SHJ,PHARMACY,SHARJAH,SAFEER CENTRE - KALBA,09-2770371,PHARMACY
AL MEENA PHARMACY LLC-MEENA PHARMACY GROUP,SHJ,PHARMACY,SHARJAH,"SATA BUILDING, AL MINA ROAD,OPPOSITE SUNRISE MEDICAL CENTER",06-5625055,PHARMACY
NEW AL WAFA PHARMACY,SHJ,PHARMACY,SHARJAH,"SH. FAISAL AL QASSEMI BLDG., KALBA RD., IND. AREA NO:15",06-5353580,PHARMACY
HAMAD PHARMACY,SHJ,PHARMACY,SHARJAH,"SHABHA AREA, BASID ROAD, CICKET STADIUM , NEAR AL WQASSIM HOSPITAL , NEAR DANA PLAZA",06-5582800,PHARMACY
NASEEM AL BATAEH PHARMACY(FAITH PHARMACIES),SHJ,PHARMACY,SHARJAH,"Sharja Co-operative Society Building, Al Bataeh, Sharjah",06-7468070,PHARMACY
MANRA AL NASRIYA PHARMACY,SHJ,PHARMACY,SHARJAH,SHARJAH,06-5455600,PHARMACY
AL AHRAR PHARMACY- SHJ - PHARMAETHICS GROUP,SHJ,PHARMACY,SHARJAH,"SHEIK REDA HASAN MUKHTAR, MALEHA STREET, OPPOSITE THUMBAY MEDICAL CENTRE, MUWEILAH SHARJAH",06-5520003,PHARMACY
"AL NASEEM PHARMACY, CLOCK TOWER (AHALIA GROUP)",SHJ,PHARMACY,SHARJAH,"SHEIKH ZAYED STREET, NEAR CLOCK TOWER, OPP KALYAN SILKS, SHARJAH.",06-5744679,PHARMACY
AKNAF BAIT AL MAQDES PHARMACY LLC,SHJ,PHARMACY,SHARJAH,"SHOP #1 AL EZZ BIN ABDUL SALEM ST, AL NASER PLAZA BLDG, AL MAJAZ",06-5500602,PHARMACY
ASTER PHARMACY 122 - DR. MOOPEN'S GROUP,SHJ,PHARMACY,SHARJAH,"SHOP #2, ASTER BUILDING, NEAR ASTER CLINIC ABU SHAGARA PARK ROAD",06-5570996,PHARMACY
AL MOAALAJ PHARMACY-SHARJAH,SHJ,PHARMACY,SHARJAH,"SHOP #3, BEHIND EMAX ELECTRONICS AND SUNRISE SUPERMARKET BUILDING,",06-5214865,PHARMACY
HALA PHARMACY LLC - BRANCH 28,SHJ,PHARMACY,SHARJAH,"Shop 1, Unit No. 1006, Oasis Malls, Sharjah UAE",04-5610000,PHARMACY
"AL FURQAN PHARMACY LLC, SHARJAH (AL SHAMS GROUP)",SHJ,PHARMACY,SHARJAH,"SHOP 9, GROUND FLOOR, MATTAR BLDG, AL MADAM, SHARJAH.",06-8861030,PHARMACY
HEALTH FIRST PHARMACY - BRANCH 9 - SHARJAH (PLANET GROUP),SHJ,PHARMACY,SHARJAH,"Shop No 1 & 2,Sharjah Cooperative Society,Al Suyoh Suburb,Al Suyoh 4, Sharjah",06-5325886,PHARMACY
HEALTH FIRST PHARMACY BRANCH 6 - SHARJAH,SHJ,PHARMACY,SHARJAH,"SHOP NO 1, AL SHARQ STREET, SHARJAH CO-OPERATIVE SOCIETY",06-5650415,PHARMACY
AL INAYA AL MUTAQADIMAH PHARMACY LLC,SHJ,PHARMACY,SHARJAH,"SHOP NO 2,AL REEM BLDG,MALIHA ROAD(SHARJAH -KALBA ROAD),NEAR NATIONAL PAINT ROUNDABOUT",06-5345663,PHARMACY
HEALTH FIRST PHARMACY BR 7 - SHARJAH (PLANET GROUP),SHJ,PHARMACY,SHARJAH,"Shop No K05 to K07,Ground Floor,Opposite Carrefour,Matajer Mall,Al Khan,Sharjah",06-5285143,PHARMACY
AL FARAH AL HADITHAH PHARMACY LLC - MEDON GROUP,SHJ,PHARMACY,SHARJAH,"SHOP NO.1, AL QUBAIZI BUILDING, AL QASIMIAH ,SHARJAH,UAE",06-5746066,PHARMACY
HALA PHARMACY LLC BRANCH 35,SHJ,PHARMACY,SHARJAH,"Shop No.1, Arab Doctors Specialist Center Building, Al Taawun Rd., Sharjah – UAE",04-5610000,PHARMACY
HEALTH FIRST PHARMACY - BRANCH 8 - SHARJAH (PLANET GROUP),SHJ,PHARMACY,SHARJAH,"Shop No.M008b, Matajer Mirghab, Mirghab, Sharjah",06-5462537,PHARMACY
NAJMAT SAHARA AL JADEEDA PHARMACY LLC - SHARJAH (NOVO HEALTHCARE GROUP),SHJ,PHARMACY,SHARJAH,"Tuliatela Street G, 8, Al Maha Block A, Near Ramada Sharjah, Al Nahda, Sharjah, UAE",06-5318334,PHARMACY
"HALA PHARMACY LLC - BRANCH 27, MATAJER AL JURAINA (LIFE PHARMACY GROUP)",SHJ,PHARMACY,SHARJAH,"Unit no. J-040, Ground Floor, Matajer Al Juraina, Sharjah - UAE",06-5526718,PHARMACY
MEDICOM PHARMACY 33 BRANCH,UMQ,PHARMACY,AL SALAMAH-1,"AL SALAMA ROUNDABOUT,UMM AL QUWAIN",06-7650014,PHARMACY
AL SAFA PHARMACY,UMQ,PHARMACY,SALAMAH-1,"CITY MALL,AL SALAMAH,UMM AL QUWAIN",04-2397957,PHARMACY
MEDICOM 26,UMQ,PHARMACY,UMM AL QUWAIN,AL MANAMA MALL,06-7649734,PHARMACY
"TAJERAN PHARMACY , UAQ-AL KHALEEJ MEDICAL CENTRE",UMQ,PHARMACY,UMM AL QUWAIN,"AL MOUALLA BUILDING, AL RAAS AREA, KING FAISAL STREET",06-7652291,PHARMACY
ROUA PHARMACY-MEENA PHARMACY GROUP,UMQ,PHARMACY,UMM AL QUWAIN,"DR. RANA HUSSAIN'S CLINIC BUILDING, AL RAS; OPPOSITE LULU CENTER",06-7660688,PHARMACY
HEALTH FIRST 1-UAQ-PLANET PHARMACY,UMQ,PHARMACY,UMM AL QUWAIN,KING FAISAL STREET,06-7656180,PHARMACY
AL MULLA PHARMACY,UMQ,PHARMACY,UMM AL QUWAIN,"KING FAISAL STREET, NEAR CARREFOUR EXPRESS SHOP #6",06-7647364,PHARMACY
HEALTH FIRST PHARMACY 28- UAQ,UMQ,PHARMACY,UMM AL QUWAIN,"SAEED MUHAMED AL MASAFRI BLDG, KING FAISAL STREET, OLD SOUQ",06-7656180,PHARMACY
HEALTH FIRST PHARMACY 13 - UAQ (PLANET GROUP),UMQ,PHARMACY,UMM AL QUWAIN,"Shop No 4,Plot No:93,Behind Salama Police Station,Near New Al Khaleej Medical Centre,Al Salamah 1,Umm Al Quwain",06-7673403,PHARMACY
AL TAMIMI NEW PHARMACY BRANCH - DUBAI (FAITH GROUP),DXB,PHARMACY,SATWA,"Ahmed Saeed Building Next to UAE Exchange Al Satwa, Dubai UAE",04-3249218,PHARMACY
AL RAYAN PHARMACY L.L.C -SHARJAH (FAITH GROUP),SHJ,PHARMACY,ABU SHAGARA,"Tariam Tower Abu Shagara, Sharjah UAE",06-5509475,PHARMACY
FAITH WAY PHARMACY L.L.C BRANCH - DUBAI (FAITH GROUP),DXB,PHARMACY,MUTEENA,"Center Residence Beside Westzone supermarket Al Muteena, UAE",04-3327827,PHARMACY
AL ENWAN PHARMACY - SHARJAH (FAITH GROUP),SHJ,PHARMACY,SHARJAH,"RAK Bank Building Behind Rak Bank Meena Road, Down Marijah Medical Center, Al Marija St. Sharjah",06-5559111,PHARMACY
AL TAWAR PHARMACY - SHARJAH (FAITH GROUP),SHJ,PHARMACY,QASIMIAH,"Next Al Afdal Medical Center King Abdul Aziz Street,Qasimiya Sharjah",06-5334111,PHARMACY
AL MARSA PHARMACY - AJMAN (FAITH GROUP),AJM,PHARMACY,JURF,University Street near Khalifa Hospital Al Jerf Ajman,06-7473383,PHARMACY
ARDH AL NASEEM PHARMACY - DUBAI - (FAITH GROUP),DXB,PHARMACY,NAHDA,"Al Magrudy Residence Near Carrefour Express, Amman Street, Al Nahda-2, Dubai",04-2809242,PHARMACY
DAR AL NASEEM PHARMACY - DUBAI (FAITH GROUP),DXB,PHARMACY,MUHAISNAH 4,"National Bond Building Next To Madina Mall,Beirut Street,Muhaisnah 4, Dubai",04-2576266,PHARMACY
FAITH ZONE PHARMACY - SHARJAH (FAITH GROUP),SHJ,PHARMACY,INTERNATIONAL AIRPORT,Shop No A 11-02 International Airport - Shop No A 11-02 - Saif Zone - Sharjah,06-5658787,PHARMACY
FAITH CAP 1 PHARMACY L.L.C - DUBAI (FAITH GROUP),DXB,PHARMACY,MIZHAR FIRST,ENOC 1014 Tunis Rd Al Mizhar First - Dubai,04-2255121,PHARMACY
FAITH ACACIA PHARMACY LLC - DUBAI (FAITH GROUP),DXB,PHARMACY,SOUFOUH,"Al Soufuh Sites Soufuh Gardens, Al Soufuh, Dubai UAE",04-5831633,PHARMACY
FAITH EUROPEAN PHARMACY LLC - DUBAI (FAITH GROUP),DXB,PHARMACY,JUMEIRAH,Meyan Mall Um Suqaim Second Road Adjacent - Al Thanya - Jumeirah St - Dubai,04-2381881,PHARMACY
AL HAMRIA PHARMACY - SHARJAH (FAITH GROUP),SHJ,PHARMACY,NAHDA,"Al Badar Tower Shop No.2 Near Hot Burger Al Nahda, Sharjah UAE",06-5218887,PHARMACY
SARHAD PHARMACY - ABU DHABI - PF2673,AUH,PHARMACY,MUSSAFAH,"STREET 2 BUILDING 43,MUSSAFAH SANAIYA 2, ABU DHABI",02-5544887,PHARMACY
AL ABRAR PHARMACY - RAS AL KHAIMAH (NEEM GROUP),RAK,PHARMACY,HAMRA,"BUILDING NO.1 AL JAZEERA, AL HAMRA, RAS AL KHAIMAH",07-2080157,PHARMACY
AL KHAN PHARMACY - FUJAIRAH,FUJ,PHARMACY,AL MAHATA,"Eid Musalla road behind ADCB bank Fujairah ,Barakat building ,Faham Street ,Fujairah",09-2234154,PHARMACY
IBN SINA 96 PHARMACY (BR OF IBN SINA GROUP PHARMACIES )L.L.C)),DXB,PHARMACY,QUOZ,"SOUK EXTRA,167 10A STREET, AL QUOZ , DUBAI",04-2640718,PHARMACY
IBN SINA PHARMACY - BRANCH 3 -RAK (BIN SINA GROUP),RAK,PHARMACY,AL URAIBI,"Al Muntasir Rd ,Al Uraibi ,Ras al Khaimah",07-2463661,PHARMACY
IBN SINA AL ZAHIAH PHARMACY - SHARJAH (BIN SIN GROUP),SHJ,PHARMACY,ZAHIA,"City Centre Al Zahia , sharjah",06-5550534,PHARMACY
IBN SINA AL RAHMANIAH PHARMACY - SHARJAH (BIN SINA GROUP),SHJ,PHARMACY,SHARJAH,"Abu Amr Al Basri St , Al Rahmaniya shishah 6 , SHARJAH",06-5300039,PHARMACY
"IBN SINA 97 PHARMACY, DUBAI DESIGN DISTRICT (BINSINA PHARMACY GROUP)",DXB,PHARMACY,DUBAI DESIGN DISTRICT,Dubai Design District,04-8761001,PHARMACY
"IBN SINA 98 PHARMACY (BR OFIBN SINA GROUP PHARMACIES(L.L.C), DUBAI FESTIVAL CITY (BIN SINA GROUP)",DXB,PHARMACY,DUBAI FESTIVAL CITY,Dubai Festival City Mall - Dubai,04-2325234,PHARMACY
NOVOMED PHARMACY L.L.C - ALAIN -PF3248 (NOVOMED GROUP),AUH,PHARMACY,AL AIN,"MOHAMMED IBN ZAYED AL AWWAL STREET,ALAIN",03-7222230,PHARMACY
"NOVO PHARMACY LLC (BRANCH), KARAMA (NOVO GROUP)",DXB,PHARMACY,AL KARAMA,"Shop No. 2, Ground Floor, Belshalat Building, Kuwait Street, Karama, Dubai, UAE",04-5480821,PHARMACY
AL MAARED PHARMACY-AUH PF2751,AUH,PHARMACY,Musaffah,"Building Number 216 Near I.Card,M-37, Mussafah Sanaiya, Abu Dhabi UAE.",02-5558810,PHARMACY
"ORIANA PHARMACY 1 , SHARJAH(ORIANA HOSPITAL)",SHJ,PHARMACY,AL TAAWUN,"PULLMAN HOTEL, AL TAAWUN STREET, SHARJAH",06-5918888,PHARMACY
MOON LIGHT MEDICAL CENTER PHARMACY L.L.C - AL AIN - PF3130,AUH,PHARMACY,AL AIN,"PLOT NO.37, ROAD NO.15,BATHA AL HAYER,SANAIYA, AL AIN",03-7519966,PHARMACY
OZONE PHARMACY LLC,AJM,PHARMACY,AL RUMAILAH,"Villa no7,Al Rumaila2, Al Rumaila,Ajman , Haroon Al Rashid Street",06-7433443,PHARMACY
MILLENNIUM HOSPITAL PHARMACY L.L.C(AHALIA GROUP),AUH,PHARMACY,MUSSAFAH,"ME 9 , BEHIND SAFEER MALL, MUSSAFAH, ABU DHABI",02-5649409,PHARMACY
"GALAXY PHARMACY, MUSSAFAH(AHALIA GROUP)",AUH,PHARMACY,MUSSAFAH,"Opp Al Madina hypermarket, Mussaffah, Abu Dhabi",02-5575413,PHARMACY
"STAR AL AHALIA PHARMACY - BRANCH 1, GAYATHI(AHALIA GROUP)",AUH,PHARMACY,GAYATHI,"Near ADCB Bank, Gayathi, Western Region, Abu Dhabi",02-8743180,PHARMACY
AL KHAN PHARMACY - DUBAI (FAITH GROUP),DXB,PHARMACY,DEIRA,"Shop 2 Sunshine Bldg Naif Deira Dubai, UAE",04-2362048,PHARMACY
AL AHRAM PHARMACY - DUBAI (FAITH GROUP),DXB,PHARMACY,SATWA,"Bin Daen Building Opposite Satwa Bus Station, Al Satwa Street, Satwa Dubai",04-3318060,PHARMACY
"800 PHARMACY L.L.C, KHALIFA STREET ABUDHABI (MARINA PHR GRP)",AUH,PHARMACY,KHALIFA STREET,"Ground flr., Central Market (the souk), khalifa st., Abu Dhabi",04-3466889,PHARMACY
"800PHARMACY L.L.C. - BRANCH, MBZ CITY (MARINA PHR GRP)",AUH,PHARMACY,MOHAMMAD BIN ZAYED CITY,"Unit RB067, First Floor, CapitaL Mall, Mohamed Bin Zayed city",04-3466889,PHARMACY
MARINA ALKHAWANEEEJ PHARMACY (BR MARINA PHARMACY LLC) - AL KHAWANEEJ(MARINA PHARMACY GROUP),DXB,PHARMACY,MIZHAR FIRST,"Al Mezhar-1 32 Street 4 ,Ethihad Mall 22, Dubai",04-3466889,PHARMACY
"MARINA PHARMACY BRIDGE BR OF MARINA PHARMACY LLC, ZAABEL(MARINA PHARMACY GROUP)",DXB,PHARMACY,ZAABEL,"Zaabeel-1 Financial Center Road 121,ZABEEL EXPANSION TDMZESF014, Dubai",04-3466889,PHARMACY
"MARINA PHARMACY AVENUE (BR OF MARINA PHARMACY L.L.C) , FINANCIAL CENTRE(MARINA PHARMACY GROUP)",DXB,PHARMACY,FINANCIAL CENTER,"Unit 66 Level GF Gate Avenue Dubai,International Finance Centre, Dubai",04-3466889,PHARMACY
"MARINA PHARMACY ONE CENTRAL BR OF MARINA PHARMACY LLC, TRADE CENTER(MARINA PHARMACY GROUP)",DXB,PHARMACY,TRADE CENTER,"Trade Center 2 THE OFFICE 3, TO3FLRGRO11ID, DUBAI",04-3466889,PHARMACY
"MARINA PHARMACY ATLANTIS TWO (BR OF MARINA PHARMACY LLC), PALM JUMEIRAH (MARINA PHARMACY GROUP)",DXB,PHARMACY,PALM JUMEIRAH,"Palm - Jumeira Atlantis Hotel Retail,Unit No 09, Palm Jumeirah, Dubai",04-3466889,PHARMACY
"800 PHARMACY SARAY (BR OF 800 PHARMACY LLC), PALM JUMEIRAH(MARINA PHARMACY GROUP)",DXB,PHARMACY,PALM JUMEIRAH,"Palm-Jumeira Jumeirah Zabeel Saray,The Retail Unit No. 12B, PALM JUMEIRAH, DUBAI",04-3466889,PHARMACY
"800 PHARMACY CIRCLE (BR OF 800 PHARMACY LLC), AL WARSAN(MARINA PHARMACY GROUP)",DXB,PHARMACY,WARSAN,"Warsan First Rawdat Al Warsan Shop,No 01, Warsan, Dubai",04-3466889,PHARMACY
800 Pharmacy L L C - SHJ.BR (MARINA PHARMACY GROUP),SHJ,PHARMACY,NASSERIYA,Nasseriya - Nasseriya Sharjah,04-3466889,PHARMACY
"MARINA PHARMACY CARE1- BR OF MARINA PHARMACY LLC, AL WASL (MARINA PHR GRP)",DXB,PHARMACY,AL WASL,Al Bada Al Wasl Road Dubai Iranian Hospital,04-3466889,PHARMACY
"MARINA PHARMACY CARE 3 - BR OF MARINA PHARMACY LLC, AL WASL (MARINA PHR GRP)",DXB,PHARMACY,AL WASL,Jumeirah 1 - Al Wasl Road Iranian Hospital Poly Clinic 01,04-3466889,PHARMACY
HALA PHARMACY LLC BR 40 - SHARJAH(LIFE PHARMACY GROUP),SHJ,PHARMACY,NAHDA,"Unit No. G07 to G 13, Al Ameer Tower, Ground Floor, Al Nahda, Sharjah, UAE",04-5610000,PHARMACY
HALA PHARMACY LLC BR 43 - SHARJAH (LIFE PHARMACY GROUP),SHJ,PHARMACY,MUWAILAH,"Unit 1 & 2, Muweliah Building, Muweliah Commercial, Sharjah, UAE",04-5610000,PHARMACY
HALA PHARMACY BR 54 - AJMAN(LIFE PHARMACY GROUP),AJM,PHARMACY,AJMAN,"Shop No: 4 & 5, Emarats Market, Ajman, UAE",04-5610000,PHARMACY
HALA PHARMACY LLC- BRANCH 47 - SHARJAH (LIFE PHARMACY GROUP),SHJ,PHARMACY,MUWAILAH,"Unit No. G 01 & 02, Ground Floor, Lulu Hypermarket, Muweilah Sharjah",04-5610000,PHARMACY
LIFE PHARMACY HILLS BR OF LIFE PHARMACY LLC - THE HILLS(LIFE PHARMACY GROUP),DXB,PHARMACY,HILLS,"Unit No.R29, Ground Floor, The Hills, Dubai",04-5610000,PHARMACY
"MARINA PHARMACY ATLANTIS- BR OF MARINA PHARMACY, PALM JUMEIRAH (MARINA PHR GRP)",DXB,PHARMACY,PALM JUMEIRAH,Palm Jumeirah Atlantis Hotel Atlantis 48,04-3466889,PHARMACY
"800 PHARMACY FZ-LLC, DUBAI HEALTHCARE CITY (MARINA PHR GRP)",DXB,PHARMACY,DUBAI HEALTHCARE CITY,01 GROUND FLOOR BLDG 72 DUBAI HEALTHCARE CITY DUBAI UNITED ARAB EMIRATES,04-3466889,PHARMACY
"MARINA PHARMACY NAD ALSHIBA BR OF MARINA PHARMACY, NAD AL SHIBA (MARINA PHR GRP)",DXB,PHARMACY,NAD AL SHIBA,Nad Alshiba 2 Apartment/Villa Number: G05 Union Coop -Nad Alshiba 2 Branch Dubai,04-3466889,PHARMACY
HEALTHFIRST PHARMACY LLC - SOLE PROPRIETORSHIP - BRANCH 1 - AJMAN(PLANET PHARMACY GROUP),AJM,PHARMACY,RASHIDIYAH,"Shop No: 19 & 20,Nesto Hypermarket Mushrif ,Ittihad Street,Rashideya 1,Ajman",06-7653695,PHARMACY
LIWAN PHARMACY LLC - DUBAI (AL NEEM GROUP),DXB,PHARMACY,SAFA,"SHOP NO 1, MHA WADI AL SAFA 2,DUBAI",04-5809651,PHARMACY
BAIT AL NEEM PHARMACY LLC - AJMAN (AL NEEM GROUP),AJM,PHARMACY,AJMAN,"SHOP NO 4, NEAR BOUNTY SWEETS,SHIEKH AMMAR STREET, AJMAN",06-5454019,PHARMACY
"AL HANEEN PHARMACY, CWRC- AL RAYAN (YAS CLINIC GROUP)",AUH,PHARMACY,ABU-DHABI,CWRC- Al Rayan – Al Mafraq Workers City,02-5463531,PHARMACY
"GOOD CARE PHARMACY, VILLAGE INN 2 (YAS CLINIC GROUP)",AUH,PHARMACY,ABU-DHABI,Village inn 2- Al Mafraq Workers City,02-5500806,PHARMACY
"HEALING PHARMACY, DHABI HAMEEM CAMP (YAS CLINIC GROUP)",AUH,PHARMACY,ABU-DHABI,Dhabi Hameem Camp- Hameem Worker City,02-5551412,PHARMACY
"MED CARE PHARMACY, AL DHAFRA ? ICAD3 (YAS CLINIC GROUP)",AUH,PHARMACY,ABU-DHABI,AlDhafra – ICAD3 Abu Dhabi,02-5519169,PHARMACY
LIFE PHARMACY 70 BR OF LIFE PHARMACY LLC - JVC (LIFE PHARMACY GROUP),DXB,PHARMACY,JUMEIRAH VILLAGE CIRCLE,"Shop No: 06 & 07, Ground Floor, GMM Tower, Jumeirah Village Circle, Dubai, UAE",04-5610000,PHARMACY
LIFE PHARMACY 71 BR OF LIFE PHARMACY LLC - BARSHA SOUTH FOURTH(LIFE PHARMACY GROUP),DXB,PHARMACY,BARSHA SOUTH FOURTH,"Unit No: R 02 in Milano Giovanni Boutique Suites, Al Barsha South Fourth , Dubai, UAE.",04-5610000,PHARMACY
LIFE PHARMACY 32 BR OF LIFE PHARMACY LLC - AJMAN (LIFE PHARMACY GROUP),AJM,PHARMACY,AJMAN,"Shop GF 5&6, Nesto Hypermarket, Al Tallah, Ajman",04-5610000,PHARMACY
LIFE PHARMACY 76 BR OF LIFE PHARMACY LLC - AL RIGGA (LIFE PHARMACY GROUP),DXB,PHARMACY,AL RIGGA,"Shop GF 05, Plot 124-523, Al Faraa Building, Al Rigga, Dubai, UAE",04-5610000,PHARMACY
LIFE PHARMACY 65 BR OF LIFE PHARMACY LLC - LIWAN MALL (LIFE PHARMACY GROUP),DXB,PHARMACY,LIWAN,"Shop No: 04, Ground Floor, Liwan Mall, Dubai, UAE",04-5610000,PHARMACY
LIFE PHARMACY 78 BR OF LIFE PHARMACY LLC - BUR DUBAI (LIFE PHARMACY GROUP),DXB,PHARMACY,BUR DUBAI,"shop no: 1, Souk Al Kabeer Building, Plot No: 312-1040, Next to Bur Dubai Bus Station, Dubai, UAE",04-5610000,PHARMACY
MAS LIFE PHARMACY BR OF LIFE PHARMACY LLC - MARSA AL SEEF(LIFE PHARMACY GROUP),DXB,PHARMACY,MARSA AL SEEF,"Unit No. P1-08-1, MARSA AL SEEF, DUBAI - UAE",04-5610000,PHARMACY
HALA PHARMACY BR 45 - SHARJAH (LIFE PHARMACY GROUP),SHJ,PHARMACY,AL NAHDA,"Shop 9, Juma Al Majid Building, Al Nahda Sharjah",04-5610000,PHARMACY
HALA PHARMACY LLC- BRANCH 48 - AL MAJAZ (LIFE PHARMACY GROUP),SHJ,PHARMACY,AL MAJAZ,"Shop 3 & 4, Ground Floor, Diamond Plaza 2, Al Majaz, Sharjah",04-5610000,PHARMACY
LIFE PHARMACY LLC BRANCH SHJ - AL KHAN (LIFE PHARMACY GROUP),SHJ,PHARMACY,AL KHAN,"Shop No. 3, 4, & 5, Nesto Hypermarket, Al Khan, Sharjah",04-5610000,PHARMACY
HALA PHARMACY LLC BR 52 - MUWEILAH (LIFE PHARMACY GROUP),SHJ,PHARMACY,MUWAILAH,"Shop 13 & 14, Plot No: 3088, Muweliah Building, Muweliah Commercial, Next to Bonanza, Sharjah",04-5610000,PHARMACY
HALA PHARMACY BR 55 - MUWAILAH (LIFE PHARMACY GROUP),SHJ,PHARMACY,MUWAILAH,"Shop 01, Ground Floor, Al Shamsi Building, Muweliah Commercial, Sharjah",04-5610000,PHARMACY
LIFE PHARMACY 79 BR OF LIFE PHARMACY LLC - KARAMA (LIFE PHARMACY GROUP),DXB,PHARMACY,KARAMA,"Shop 3, Al Zarooni Building ,Opposite to Burjuman Center, Al Karama",04-5610000,PHARMACY
HALA PHARMACY LLC BRANCH 56 - BUHAIRAH CORNICHE (LIFE PHARMACY GROUP),SHJ,PHARMACY,BUHAIRAH CORNCIHE,"Showroom 1, Al Gharfi Building (Ex Mashreq Bank), Buheirah Corniche, Al Sharjah",04-5610000,PHARMACY
LIFE PHARMACY 77 BR OF LIFE PHARMACY LLC - SATWA (LIFE PHARMACY GROUP),DXB,PHARMACY,SATWA,"Shop No: 03, 04, & 05, Plot No: 333-396,Manila Mall, Beljafla, Satwa",04-5610000,PHARMACY
LIFE PHARMACY 81 BR OF LIFE PHARMACY LLC - MOTOR CITY (LIFE PHARMACY GROUP),DXB,PHARMACY,MOTOR CITY,"Shop R30 (Ex FAB Bank), Plot No: 11, Fox Hill 5, New Motor City",04-5610000,PHARMACY
LIFE PHARMACY 94 BR OF LIFE PHARMACY LLC - UMM SUQEIM (LIFE PHARMACY GROUP),DXB,PHARMACY,UMM SUQEIM,"Shop No. 3, Plot 362 - 1068, Mohamed Saeed Rashed Al Tayer Building, JBR, Umm Sequim 2nd",04-5610000,PHARMACY
HALA PHARMACY LLC BRANCH 37 - BUTEENA (LIFE PHARMACY GROUP),SHJ,PHARMACY,BUTEENA,"Shop: 20, Ground Floor, Al Sharq Complex, Buteena, sharjah",04-5610000,PHARMACY
LIFE PHARMACY LLC BRANCH 36 BRANCH OF ABU DHABI 17 - PF5017(LIFE PHARMACY GROUP),AUH,PHARMACY,ABU-DHABI,"Unit No: 1, View Tower, Abu Dhabi",04-5610000,PHARMACY
ASTER PHARMACIES GROUP LLC-BRANCH - EXPO 2020 (BR OF ASTER PHARMACY GROUP),DXB,PHARMACY,EXPO 2020,"GF1, Sustainability Pavilion, Expo 2020, Dubai",04-5477218,PHARMACY
ASTER PHARMACIES GROUP LLC- SHJ BR BRANCH 1 - SHARJAH (BR OF ASTER PHARMACY GROUP),SHJ,PHARMACY,SWAIHAT,"Shop No:3, Sharjah Co-Operative Society, Sharjah",06-5465240,PHARMACY
LIFE PHARMACY LLC BRANCH 47 - BRANCH OF ABU DHABI 29 - AL REEM ISLAND (LIFE PHARMACY GROUP),AUH,PHARMACY,AL REEM ISLAND,"Showroom 1, Sea Face Tower, Al Reem Island, Abu Dhabi",04-5610000,PHARMACY
LIFE PHARAMCY LLCBRANCH 37 BRANCH OF ABUDHABI 18 - KHALIDIYA (LIFE PHARMACY GROUP),AUH,PHARMACY,KHALIDIYA,"Unit No: 3 &4, Mermaid Tower, Khalidiya, Abu Dhabi",04-5610000,PHARMACY
LIFE PHARMACY LLC BRANCH 43 - BRANCH OF ABUDHABI 25 - AL REEF (LIFE PHARMACY GROUP),AUH,PHARMACY,DOWNTOWN,"Unit No: DT-R3, Al Reef 1 Community Retail Area, Al Reef Down Town",04-5610000,PHARMACY
LIFE PHARMACY LLC SHJ BR BRANCH 2 - MUWAILAH (LIFE PHARMACY GROUP),SHJ,PHARMACY,MUWAILAH,"Shop No. 7, Bukhatir Square One Building, Plot No 17/696, Muweliah Commercial, sharjah",04-5610000,PHARMACY
LIFE PHARMACY LLC BRANCH OF ABUDHABI 1 - MEENA AREA (LIFE PHARMACY GROUP),AUH,PHARMACY,ABU DHABI,"Shop: S 002, Meena Area, Plot No: C 51, Silverwave Tower, Abu Dhabi",04-5610000,PHARMACY
LIFE PHARMACY LLC SHJ BR BRANCH 1 - MUWAILAH (LIFE PHARMACY GROUP),SHJ,PHARMACY,MUWAILAH,"Shop No: 1, Al Madina Shopping Centre, Muweliah Commercial, Sharjah",04-5610000,PHARMACY
LIFE PHARMACY 73 BR OF LIFE PHARMACY LLC - DUBAI MARINA (LIFE PHARMACY GROUP),DXB,PHARMACY,DUBAI MARINA,"Shop No. 5, Princess Tower, (Dubai Marina) Marsa, Dubai",04-5610000,PHARMACY
LIFE PHARMACY 74 BR OF LIFE PHARMACY LLC - DUBAI MARINA (LIFE PHARMACY GROUP),DXB,PHARMACY,DUBAI MARINA,"Shop No. 3, Elite Residence, Dubai Marina, Dubai",04-5610000,PHARMACY
LIFE PHARMACY 97 BR OF LIFE PHARMACY LLC - BUSINESS BAY (LIFE PHARMACY GROUP),DXB,PHARMACY,BUSINESS BAY,"Shop No. 13, Water Edge, Business Bay Dubai",04-5610000,PHARMACY
LIFE PHARMACY LLC BRANCH OF ABUDHABI 5 - PF5094 (LIFE PHARMACY GROUP),AUH,PHARMACY,ABU DHABI,"Shop No: 2/G02, W 14-2 Building, Plot C 17, Al Ghaith Holding Tower, Airport Road, Abu Dhabi",04-5610000,PHARMACY
FAJAR ALSATWA PHARMACY LLC,DXB,PHARMACY,SATWA,"Bldg # 396, Al Bada Oasis Building, Opp. Iranian Hospital Emergency Gate, Al Hudaibah",04-2981526,PHARMACY
NEW MEDICAL CENTRE PHARMACY LTD SHJ BR BRANCH1,SHJ,PHARMACY,AL MAJAZ,"KAKOOLI TOWER, NEXT TO NMC MEDICAL CENTRE NEAR BUHAIRAH POLICE STATION",06-7410907,PHARMACY
Al NEEM PHARMACY LLC UMM AL QUWAIN ZNEEM PHARMACY GROUP,UMQ,PHARMACY,UMM AL QUWAIN,"SHOP NO 3&4, Dr. SUNNY MEDICAL CENTRE BUILDING KING FAISAL ROAD, UMM AL QUWAIN",06-7675263,PHARMACY
LIFE PHARMACY LLC BRANCH OF DUBAI - BRANCH OF ABU DHABI 2 - PF5033 (LIFE PHARMACY GROUP),AUH,PHARMACY,ABU DHABI,"Unit No: PR00005-GF-SH2, PR000054-GF-SH5, Al Hamra Building, Airport Road, Abu Dhabi",04-5610000,PHARMACY
LIFE PHARMACY LLC BRANCH 44 BRANCH OF ABU DHABI 37 - PF5088 (LIFE PHARMACY GROUP),AUH,PHARMACY,ABU DHABI,"Shop 01, Plot C-12, Building No: 266, Al Zahiyah (Moda Khassa),Abu Dhabi",04-5610000,PHARMACY
LIFE PHARMACY LLC BRANCH 9 BRANCH OF ABU DHABI 50 - PF5099 (LIFE PHARMACY GROUP),AUH,PHARMACY,ABU DHABI,"Shop 01,Plot C-79, Building No: P/52, near Emirates Discount Market,Abu dhabi",04-5610000,PHARMACY
LIFE PHARMACY LLC BRANCH 42 - BRANCH OF ABU DHABI 24 - ABU DHABI (LIFE HEALTHCARE GROUP),AUH,PHARMACY,ABU DHABI,"Shop 2, ADNOC Service Station, Officer City 950, Rabdan, Abu Dhabi",04-5610000,PHARMACY
LIFE PHARMACY LLC BRANCH OF DUBAI BRANCH OF ABU DHABI 1 - ABU DHABI (LIFE HEALTHCARE GROUP),AUH,PHARMACY,ABU DHABI,"Shop V3B-G-07, Al Falah Village & Neighbourhood Centre, Abu Dhabi",04-5610000,PHARMACY
HEALTH FIRST PHARMACY 54 - RAS AL KHAIMAH (PLANET GROUP),RAK,PHARMACY,RAS AL KHAIMAH,"Unit: B-01, Emirates Football Club, Saqer Bin Mohammed City, Ras Al Khaimah",07-2082082,PHARMACY
HEALTH FIRST PHARMACY 58 (BR OF HEALTH FIRST INVESTMENT LLC ) - DUBAI (PLANET PHARMACY GROUP),DXB,PHARMACY,MIRDIF,"Unit No: 08, Mirdif Avenue Mall, 78th Street, Mirdif, Dubai, UAE",04-5913880,PHARMACY
"LIFE PHARMACY 86 BR OF LIFE PHARMACY LLC , NAHDA (LIFE PHARMACY GROUP)",DXB,PHARMACY,NAHDA 2,"Shop No: 1, Nesto Hyper Market, Al Nahda 2, Dubai, UAE",04-5610000,PHARMACY
JUNAID PHARMACY,AUH,PHARMACY,ABU DHABI,LIWA,02-8822844,PHARMACY
AL KAMAL PHARMACY,AUH,PHARMACY,ABU DHABI,"KHALEDIYA STREET, OPPSITE TO ADCB BANK",02-6669281,PHARMACY
JABAL SINA PHARMACY LLC - AJMAN,AJM,PHARMACY,AJMAN,"GROUND FLOOR, ESCAPE TOWER, SHEIKH RASHID BIN HUMID STREET, AJMAN",06-7402255,PHARMACY
AL KINDI PHARMACY,SHJ,PHARMACY,SHARJAH,"KING ABDUL AZIZ STREET, AL OWAIS BUILLDING",06-5733177,PHARMACY
"ASTER PHARMACY 165 BR OF ASTER PHARMACIES GROUP LLC, DUBAI HILLS (ASTER GRP)",DXB,PHARMACY,DUBAI HILLS,"Sway Residences, Shop No: Retail-3, Hadaeq Sheikh Mohammed Bin Rashid, Dubai Hills, Dubai,UAE",04-7187190,PHARMACY
AL TADAWI SPECIALTY HOSPITAL PHARMACY L.L.C.,DXB,PHARMACY,Umm Ramool,"NEAR RTA HQ, UMM RAMOOL ROAD, AL GARHOUD",04-2309999,Pharmacy
"FAJR AL MADINA PHARMACY LLC BRANCH, JABAL ALI (ANAYA HEALTHCARE GROUP)",DXB,PHARMACY,JABAL ALI,"Shop No - 6, Ground Floor, Crystal Mall, Hilal Al Madina Hypermarket Jabal Ali - Dubai",04-2974494,Pharmacy
"NOOR AL BASMAH PHARMACY LLC, AL BUTEENA",SHJ,PHARMACY,AL BUTHINA,"SAFAT TOWER AL BUTHEEN, SHARJAH",06-5533539,Pharmacy
KHALID BIN ALWALEED PHARMACY,AUH,PHARMACY,ELECTRA,"MUHAMMED ALRUMATHY BUILDING, ELECTRA STREET",02-6744661,PHARMACY
DAR AL KAMAL HOSPITAL PHARMACY - PLANET GROUP,SHJ,PHARMACY,AL FISHT,"Inside Dar al Kamal Hospital, Al Sharq Street, Al Heerah Suburb, Al Fisht, Sharjah",06-7674147,PHARMACY
JUNAID PHARMACY BRANCH 1,AUH,PHARMACY,MUSAFAH,"SHOP NO-1, BLDG NO-313, STREET-36, ME10",02-5529944,PHARMACY
IBN SINA 87 PHARMACY (BR OF IBN SINA GROUP PHARMACIES (L.L.C)),DXB,PHARMACY,AL QUOZ,"Al maydan st., Aswaaq Supermarket Al Quoz ,Shop 3 , Shop 4, Al Qoze-2",04-5645702,PHARMACY
IBN SINA 39 PHARMACY (BR OF IBN SINA GROUP PHARMACIES (L.L.C)),DXB,PHARMACY,AL BARSHA SECOND,"Aswaaq Supermarket, Aswaaq Mall Barsha South 2",04-3543210,PHARMACY
"IBN SINA 41 PHARMACY - BR OF IBN SINA GROUP PHARMACIES LLC, MEYDAN (BIN SINA GROUP)",DXB,PHARMACY,NAD AL SHEBA 2,"MEYDAN HEIGHTS RETAIL CENTER, NAD AL SHEBA,DUBAI",04-5645702,PHARMACY
"IBN SINA 90 PHARMACY (BR OF IBN SINA GROUP PHARMACIES L.L.C), CITY LAND MALL (BIN SINA GROUP)",DXB,PHARMACY,SILICON OASIS,"Wadi Al Safa-4, city land mall SHOP 196, Dubai",04-5645702,PHARMACY
IBN SINA 89 PHARMACY (BR OF IBN SINA GROUP PHARMACIES (L.L.C)),DXB,PHARMACY,AL KHAWANEEJ,"Last Exit, Beside Geant Hypermarket - Al Khawaneej St, Al Khawaneej 1 - Dubai",04-5645702,PHARMACY
"IBN SINA 83 PHARMACY BR OF IBN SINA GROUP PHARMACIES LLC, THE PALM (BIN SINA GROUP)",DXB,PHARMACY,PALM JUMEIRAH,"SOFITEL HOTEL - THE PALM, CRESCENT ROAD EAST, DUBAI",04-5645702,PHARMACY
PRISTINE PHARMACY LLC,AJM,PHARMACY,RUMAILLAH AREA,"Al Zaheer Street, Rashidiya -3, Ajman Bank Property Building, FLAT No101-106, Ajman UAE",06-7497547,PHARMACY
IBN SINA PHARMACY L.L.-BRANCH ALCORNICHE,AUH,PHARMACY,Corniche Road,"Corniche Rd, Abu Dhabi PO Box 11245",02-6210405,PHARMACY
IBN SINA 91 PHARMACY,DXB,PHARMACY,AL SUFUOH,"Business Central Towers, Ground Floor,Tower A, Al Sufouh - Al Sufouh 2 - Dubai PO Box 11245",04-2967916,PHARMACY
IBN SINA 72 PHARMACY,DXB,PHARMACY,The Greens,6th St. Panorama Tower at the Views and Greens,04-4242065,PHARMACY
IBN SINA PHARMACY L.L.C. - BRANCH,SHJ,PHARMACY,SHARJAH HEALTHCARE CITY,Al Rahmaniya - Mazairah - HARJAH HEALTHCARE CITY,06-5388357,PHARMACY
IBN SINA 75 PHARMACY,DXB,PHARMACY,MIRDIFF,"27 78th St - Mirdif Hills Avenue, Mirdiff - Dubai",04-2204386,PHARMACY
IBN SINA SCIENTIFIC PHARMACY,DXB,PHARMACY,LAYAN COMMUNITY,"Layan 27JM+Q3W, Ground Floor, inside Spinneys - Dubai",04-4580211,PHARMACY
IBN SINA 67 PHARMACY,DXB,PHARMACY,DUBAI HILLS MALL,"Dubai Hills Estate Gate 1, Ground Floor - Dubai",04-3200253,PHARMACY
Aster Pharmacies Group LLC -SHJ BR,SHJ,PHARMACY,Kalba,"Plot 25, Sajidha Hypermarket, Al Wahda Street, Kalba, Sharjah",09-6061832,PHARMACY
Aster Pharmacy 162 (Br of Aster Pharmacies Group LLC),DXB,PHARMACY,Jumeirah Village Circle,"Shop No:6, Masjid Building, District 10, Jumeirah Village Circle, Next to Saleh Mohammed Bin Lahej Masjid",04-4580678,PHARMACY
Aster Pharmacy 167 (Br of Aster Pharmacies Group LLC),DXB,PHARMACY,Sheikh Zayed Road,"Shop No-041, Second floor, Metrolink Bay, The Dubai Mall, Sheikh Mohammed Bin Rashed Boulevard,Downtown, Dubai",04-3341829,PHARMACY
Aster Pharmacy 170 (Br of Aster Pharmacies Group LLC),DXB,PHARMACY,Greens,"Shop# 6,Ground floor, Building 1, Phase 2, Shobha Heartland, Al Merkadh, Greens, Dubai",04-2588717,PHARMACY
Aster Pharmacies Group L.L.C Branch Abu Dhabi 10,AUH,PHARMACY,Electra,"Heirs of Darwish Bin Ahmed Building, Shop No:005, Zayed 1st St, Electra Street, Abudhabi, UAE",02-8868770,PHARMACY
Aster Pharmacies Group L.L.C Abu Dhabi Branch 11,AUH,PHARMACY,Airport Road,"Shop No.2, Building No.193, next to ADNOC Petrol Station, Sector E 18_01, Airport Road, Abu Dhabi, UAE",02-6274688,PHARMACY
Aster Pharmacies Group L.L.C Branch of Abu Dhabi 9,AUH,PHARMACY,Muroor,"Shop 2, Building 139, Al wathiq street, Sultan bin zayed the first , Beside zehrat lebanon, Muroor road, Abudhabi",02-8869464,PHARMACY
Aster Pharmacies Group LLC -SHJ BR -Branch 4,SHJ,PHARMACY,Sajah,"Shop No.22 & 23, Plot No:7664, Sajah Mall, Ali Moosa Street, Sajah, Sharjah, UAE",06-5466057,PHARMACY
Aster Pharmacy 173 (Br of Aster Pharmacies Group LLC),DXB,PHARMACY,Jumeirah third,"Shop 9, Building No: 2259186831, Union Cooperative Society, Al Safa, Jumeirah third, Dubai, UAE",04-3325595,PHARMACY
LIFE PHARMACY LLC DMCC BR,DXB,PHARMACY,Dubai,"Unit No. GR02, Fortune Tower, Dubai",04-5610000,PHARMACY
LIFE PHARMACY 95 BR OF LIFE PHARMACY LLC,DXB,PHARMACY,Dubai,"Shop No: 9 & 10, Plot No: 648-9145, Turtle Avenue, Dubai Land Residential Complex",04-5610000,PHARMACY
LIFE PHARMACY LLC BR,DXB,PHARMACY,Dubai Silicon Oasis,"Unit A005, Ground Floor, Lulu Hypermarket, Silicon Oasis Central Mall, Dubai Silicon Oasis, Dubai",04-5610000,PHARMACY
Central United Pharmacy(Br of United Pharmacy Investment LLC),DXB,PHARMACY,Deira,"Shop No: 001, Mirdif City Center, Deira",04-5610000,PHARMACY
Vita United Pharmacy(Br of United Pharmacy Investment LLC),DXB,PHARMACY,Jumeirah 1,"Shop No# 54, Opposite Carrefour, Wasl Vita Mall, Al Wasl Road, Jumeirah 1, Wasl Real Estate",04-5610000,PHARMACY
United Pharmacy IBN Battuta(Br of United Pharmacy Investment( LLC),DXB,PHARMACY,Ibn Battuta,"Shop No: IBS-GF-244, Nakheel, China Court, Ibn Battuta Mall",04-5610000,PHARMACY
United Pharmacy 2(Br of United Pharmacy Investment LLC),DXB,PHARMACY,Al Barsha,"Shop No: G20, Al Barsha Mall, Al Barsha",04-5610000,PHARMACY
Grand United Pharmacy(Br of United Pharmacy Investment),DXB,PHARMACY,Sheikh Zayed Street,"Shop No: GF012, Ground Floor, Near Fashion Parking, Dubai Mall (Sheikh Zayed Street)",04-5610000,PHARMACY
Galleria United Pharmacy(Br of United Pharmacy Investment LLC),DXB,PHARMACY,Bur Dubai,"Shop No: 13, (Sheikha Hind Bin Maktoum Bin Juma Al Maktoum) Galleria Mall, Next to Jumeirah Post Office, Bur Dubai, Al Wasl Road",04-5610000,PHARMACY
United Pharmacy(Br of United Pharmacy Investment LLC),DXB,PHARMACY,Al Barsha First,"Shop: K02, Mall of the Emirates,k Al Barsha First",04-5610000,PHARMACY
United Pharmacy AL Zahiah LLC,SHJ,PHARMACY,Muweilah,"Shop No:A078, Level 2, Near Gate A Parking Entrance, Zahia City Centre, Behind the University City Street, Muweilah",04-5610000,PHARMACY
LIFE PHARMACY LLC BRANCH 10 - BRANCH OF ABU DHABI 53,AUH,PHARMACY,Electra,"Shop No: 2, Plot C22, Darwish Bin Ahmed Bldg, Electra St, Abu Dhabi, UAE",04-5610000,PHARMACY
LIFE PHARMACY L.L.C - BRANCH 1,UMQ,PHARMACY,Al Salama Street,"Shop No: 1 & 2, Plot No: 360, (New Commercial Complex) Al Salama Street",04-5610000,PHARMACY
LIFE PHARMACY LLC BRANCH 17 - BRANCH OF ABU DHABI 63,AUH,PHARMACY,Al Bateena,"GF Shop 01, Plot C 29-C 42, Al Jimi Avenue, Al Bateena Area,Abu Dhabi,UAE",04-5610000,PHARMACY
LIFE PHARMACY LLC BRANCH 19 BRANCH OF ABUDHABI 65,AUH,PHARMACY,Al Zahiya,"Shop No#01,ADCP Building P/1135,Al Salam St,Al Zahiya,Abu Dhabi,UAE",04-5610000,PHARMACY
LIFE PHARMACY - RAK,RAK,PHARMACY,Al Qusaidat,"Shop 5 & 6, Nesto Hypermarket, Al Qusaidat,Ras Al Khaimah,UAE",04-5610000,PHARMACY
LIFE PHARMACY LLC BRANCH 35 - BRANCH OF ABU DHABI 58,AUH,PHARMACY,Al ain Mall,"Al Ain Mall,Second Floor,Shop No#S022,Abu Dhabi,UAE",04-5610000,PHARMACY
LIFE PHARMACY LLC BRANCH 26 - BRANCH OF ABU DHABI 86,AUH,PHARMACY,Al ain Mall,"Al Ain Mall,Ground Floor,Shop No#G144,Abu Dhabi,UAE",04-5610000,PHARMACY
LIFE PHARMACY LLC - BRANCH OF ABU DHABI 14,AUH,PHARMACY,Al Falah Plaza,"Shop No: 3, Building B/704, Plot C182, Al Falah Plaza (Former Burger King), Abu Dhabi, UAE",04-5610000,PHARMACY
LIFE PHARMACY 96 (BR OF LIFE PHARMACY L.L.C),DXB,PHARMACY,Al Warsan,"Shop 29, 30 &31, Geepas Commercial Center, Al Warsan, Dubai, UAE",04-5610000,PHARMACY
LIFE PHARMACY 85 BR OF LIFE PHARMACY,DXB,PHARMACY,DUBAI,"Unit No#02,AMSA2,AL Albarsha South4,JVC,Dubai,UAE",04-5610000,PHARMACY
LIFE PHARMACY 84 BR OF LIFE PHARMACY LLC,DXB,PHARMACY,DUBAI,"Unit No: 02, Plot No: 1, Building 1 (Osha 1), Deira Enrichment Project,Dubai,UAE",04-5610000,PHARMACY
LIFE PHARMACY 83 BR OF LIFE PHARMACY LLC,DXB,PHARMACY,DUBAI,"Unit No: Retail 01 & 02, Plot No: 4, Building 1 (One Deira 1), Deira Enrichment Project,UAE",04-5610000,PHARMACY
UNITED PHARMACY AL ZAHIAH LLC - BRANCH 1,SHJ,PHARMACY,Sharjah,"Unit no J001 , Matajer Al Juraina Centre , University City Road , Sharjah, UAE",04-5610000,PHARMACY
LIFE PHARMACY LLC BRANCH 41 - BRANCH OF ABU DHABI 104,AUH,PHARMACY,Al Ain,"Inside Carrefour , Al Jimi Mall, Al Ain, UAE",04-5610000,PHARMACY
LIFE PHARMACY 98(BR OF LIFE PHARMACY L.L.C),DXB,PHARMACY,DUBAI,"Al Bukhash Bldg,Rolla street,Dubai,UAE",04-5610000,PHARMACY
LIFE PHARMACY 88 BR OF LIFE PHARMACY LLC,DXB,PHARMACY,DUBAI,"Andalusia Mall,Majan,Dubai,UAE",04-5610000,PHARMACY
LIFE PHARMACY 72 BR OF LIFE PHARMACY LLC,DXB,PHARMACY,DUBAI,"Units- G24,25,30 Location:- Avenue Mall - Nad Al Shiba, Dubai",04-5610000,PHARMACY
LIFE PHARMACY LLC - BRANCH OF ABU DHABI 2,AUH,PHARMACY,ABU DHABI,"Shop M#14, First Floor, Near Green Corner & Rasasi Perfurmes, Mina Center, Al Suhiliyah Street, Al Mina,Abu Dhabi,UAE",04-5610000,PHARMACY
LIFE PHARMACY LLC BRANCH 16 - BRANCH OF ABU DHABI 77,AUH,PHARMACY,ABU DHABI,"Al Nahyan,P 178 ,ABU DHABI,UAE",04-5610000,PHARMACY
LIFE PHARMACY 87 (BR OF LIFE PHARMACY L.L.C),DXB,PHARMACY,DUBAI,"Ground Cafe No. 01, Plot 616-5116, The Arch Mall, Nad Al Shiba 3,Dubai,UAE",04-5610000,PHARMACY
LIFE PHARMACY LLC BRANCH 18 BRANCH OF ABUDHABI 64,AUH,PHARMACY,ABU DHABI,"Shop RG-004, Al Rayyana Centre,Abu Dhabi,UAE",04-5610000,PHARMACY
LIFE PHARMACY 82 (BR OF LIFE PHARMACY L.L.C),DXB,PHARMACY,DUBAI,"10C,Building,JVC,Dubai,UAE",04-5610000,PHARMACY
LIFE PHARMACY LLC BRANCH 38 - BRANCH OF ABUDHABI 95,AUH,PHARMACY,AL AIN,"SHOP NO: 03, PROPERTY NO: 136, KHALIFA BIN ZAYED STREET,",04-5610000,PHARMACY
LIFE PHARMACY LLC BRANCH 25 - BRANCH OF ABUDHABI 85,AUH,PHARMACY,AL AIN,"AL NEYADI BUILDING,TOWN CENTER, CENTRAL DISTRICT",04-5610000,PHARMACY
LIFE PHARMACY LLC - BRANCH OF ABUDHABI 13,AUH,PHARMACY,ABU DHABI,"SHOP NO: 1, AL BALOUSHI TOWER",04-5610000,PHARMACY
AL ABEER PHARMACY LLC,AUH,PHARMACY,NAJDA,"BLDG. NO. 5022, ISMAEIL ABBAS KHOORI BUILDING, FATIMA BINT MUBARAK ST",02-6330440,PHARMACY
LIFE PHARMACY LLC BRANCH 34 - BRANCH OF ABU DHABI 15,AUH,PHARMACY,AL AIN,"Inside Carrefour , Bawadi Mall, Al Ain, UAE",04-5610000,PHARMACY
LIFE PHARMACY LLC BRANCH OF ABUDHABI 7,AUH,PHARMACY,ABU DHABI,"Retail 03, Plot C-111, Ground Floor, Bloom Gardens, Retails B,Abu Dhabi,UAE",04-5610000,PHARMACY
LIFE PHARMACY LLC BRANCH 2,UMQ,PHARMACY,UMM AL QUWAIN,"UAE Exchage Showroom, King Faisal Street,Umm Al Quawin,UAE",04-5610000,PHARMACY
Life Pharmacy LLC SHJ Branch 7,SHJ,PHARMACY,SHARJAH,"Shop No: 04 & 5, Plot No 540, Al Abar Building, Halwan Street, Sharjah, UAE",04-5610000,PHARMACY
Life Pharmacy 109 (Br. Of Life Pharmacy LLC),DXB,PHARMACY,JEBEL ALI 1,"Shop No: 4, 5 & 6, Plot No: 4620, Zen 4, Discovery Gardens, Jebel Ali 1, (former iCare clinic/Emirates Hospital)",04-5610000,PHARMACY
United Pharmacy Al Zahiah LLC - Branch 2,SHJ,PHARMACY,KHORFAKKAN,"Shop No: G01, Khalifa Khamis Al Mattar Building, Khorfakkan,",04-5610000,PHARMACY
LIFE PHARMACY LLC BRANCH OF ABUDHABI 8,AUH,PHARMACY,ABU DHABI,"UNIT NO#FF05,FIRST FLOOR, ARMED FORCES COOP SOCIETY",04-5610000,PHARMACY
LIFE PHARMACY LLC BRANCH 21,AUH,PHARMACY,ABU DHABI,"SHOP NO#01,ADCP BUILDING P/1370,FARAH TOWER",04-5610000,PHARMACY
LIFE PHARMACY LLC BRANCH 12 - BRANCH OF ABU DHABI 55,AUH,PHARMACY,Hamdan,"G02, MURAIJEB TOWER, PLOT C 12, HAMDAN STREET",04-5610000,PHARMACY
LIFE PHARMACY LLC BRANCH 39 - BRANCH OF ABUDHABI 96,AUH,PHARMACY,Hamdan,"Shop No. 14, Bait Al Sanan, Hamdan Main Street,Abu Dhabi,UAE",04-5610000,PHARMACY
LIFE PHRMACY LLC - BRANCH OF ABUDHABI 6,AUH,PHARMACY,Khalifa City,"SHOP NO#01,C1 BUILDING,KHALIFA CITY",04-5610000,PHARMACY
ASTER HOSPITAL PHARMACY - SHARJAH,SHJ,PHARMACY,SHARJAH,"BEHIND MEGA MALL, AL BU DANIQ, SHARJAH",04-4400500,PHARMACY
ALPHA PHARMACY,AUH,PHARMACY,ABU DHABI,"TOURIST CLUB AREA, OPP. TO CITY TERMINAL, NEARBY AL QASER REST.",02-6440044,PHARMACY
NEXT HEALTH PHARMACY - SOLE PROPRIETORSHIP L.L.C,AUH,PHARMACY,AL DHAFRAH,"205 FIRST FLOOR, HAMEEM MALL- ZONE AL DHAFRAH, ABU DHABI- UAE",02-8867332,PHARMACY
AL ASAALA PHARMACY-ABUDHABI-PF2707,AUH,PHARMACY,MUSAFAH,MUSAFFAH east 9,02-5595400,PHARMACY
DROPS PHARMACY EST,DXB,PHARMACY,AL BARSHA 1,"Tardis Building,Barsha 1, Dubai",04-3206500,PHARMACY
DROPS PHARMACY BRANCH 1,AUH,PHARMACY,KHALIFA,"EARTH SUPERMARKET, KHALIFA 38,AUH",02-8869114,PHARMACY
DROPS PHARMACY BRANCH 2,AUH,PHARMACY,MBZ 12,"EARTH SUPERMARKET, MBZ 12",02-8868599,PHARMACY
DROPS PHARMACY BRANCH 3,AUH,PHARMACY,MBZ 3,"EARTH SUPERMARKET, MBZ 3",02-6450569,PHARMACY
DROPS PHARMACY BRANCH 4,AUH,PHARMACY,TIWAYAH 1,"EMIRATES NATIONAL SCHOOL, TIWAYAH 1",03-7544694,PHARMACY
ALMAQAM PHARMACY,AUH,PHARMACY,ALMURABAA,137 Zayed bin sultan street Hai Almurabaa Al Ain City PO BOX 123,03-7681188,PHARMACY
MODERN FAMILY PHARMACY LLC,DXB,PHARMACY,KARAMA,"ZABEEL STREET, AL KARAMA, UMM HURAIR BUILDING, SHOP NO. 4",04-3343263,PHARMACY
APOTEC PHARMACY LLC -AL JADDAF,DXB,PHARMACY,AL JADAF,"NO. 1, ABDULLA AL ROAMATHI BUILDING, AL JADDAF",04-2340411,PHARMACY
APOTEC HUDAIBA PHARMACY L.L.C,DXB,PHARMACY,AL HUDAIBA,"AL HUDAIBA MALL, AL MINA ROAD, AL HUDAIBA, DUBAI",04-3438114,PHARMACY
APOTEC GRAND PHARMACY L.L.C,DXB,PHARMACY,AL MUTEENA,"MURSHID AND ALI SHIHHE BUILDING , AL RASHEED ROAD, AL MUTEENA, DUBAI",04-2227786,PHARMACY
ALMURJAN PHARMACY LLC,DXB,PHARMACY,AL QUOZ 3,"SHOP NO.21, EIFFEL GARDENS 4, AL WAHA STREET, AL QUOZ 3",04-2388195,PHARMACY
LIFE PHARMACY LLC BRANCH 52 - BRANCH OF ABUDHABI 105,AUH,PHARMACY,Bawadi Mall,"Inside Carrefour , Bawadi Mall, Al Ain, UAE",04 5610000,PHARMACY
LIFE PHARMACY LLC SHJ BR 3,SHJ,PHARMACY,Aljada Sharjah,"Unit No: M21, M22, & M23, Misk 1, Aljada.Sharjah,UAE",04 5610000,PHARMACY
Life Pharmacy LLC SHJ Branch 6,SHJ,PHARMACY,King Faisal Street Sharjah,"Shop No: 04, Malik Fisal Building, Plot No: 336, King Fisal Street,Sharjah",04 5610000,PHARMACY
LIFE PHARAMCY 106 BR OF LIFE PHARMACY L.L.C,DXB,PHARMACY,Jumeirah Village Faumeirah Village Circle Dubai,"Shop No: 01, Plot No: 360, Aurion Residence, Jumeirah Village Circle",04 5610000,PHARMACY
LIFE PHARMACY LLC BRANCH 15 - BRANCH OF ABU DHABI 76,AUH,PHARMACY,Abu Dhabi,"SHOP NO: 01, 02, & 03, C10 BUILDING",04 5610000,PHARMACY
LIFE PHARMACY LLC BRANCH 28 - BRANCH OF ABU DHABI 88,AUH,PHARMACY,Abu Dhabi,"SHOP NO: 11, AL WAHA MALL AL FALAH STREET - ABU OBAIDA BIN AL JARRAH STREET, AL AIN, ABUDHABI",04 5610000,PHARMACY
LIFE PHARMACY LLC - RAK Branch 1,RAK,PHARMACY,Nakheel,"Shop No: 01, Gulf Hypermarket LLC, Al Muntasir Road, Nakheel Street, Ras Al Khaima",04 5610000,PHARMACY
"RETAJ PHARMACY,RAS AL KHAIMA",RAK,PHARMACY,DHAID,Sheikh Mohammed Bin Salem Rd;United Insurance Company Bldg; dhaid; Ras Al Khaimah,07-2277726,PHARMACY
SHEIKH KHALIFA SPECIALITY HOSPITAL PHARMACY-RAK,RAK,PHARMACY,RAS AL KHAIMAH,"Sheikh Khalifa Specialty Hospital, Al Shohadaa Road, RAK",07-2010371,PHARMACY
SHEIKH KHALIFA SPECIALITY HOSPITAL PHARMACY-AJMAN,AJM,PHARMACY,AL JURF 1,"UNIVERSITY STREET, AL JURF 1, AJMAN",06-7117777,PHARMACY
SHEIKH KHALIFA MATERNITY AND PEDIATRIC HOSPITAL PHARMACY,AJM,PHARMACY,AL JURF 1,"Sheikh Khalifa Women and Children, AL Jurf 1, Ajman",06-7117777,PHARMACY
SHEIKH KHALIFA HOSPITAL MASFOUT PHARMACY,AJM,PHARMACY,Masfout,MoH SKH Hospital Pharmacy - Masfout,06-7117777,PHARMACY
RASHID CENTER FOR DIABETES AND RESEARCH PHARMACY,AJM,PHARMACY,AL JURF 1,"UNIVERSITY STREET, AL JURF 1, AJMAN",06-7117777,PHARMACY
KNIGHTS PHARMACY-KHALIFA BRANCH (PF1431),AUH,PHARMACY,KARAMA STREET,"BUILDING NUMBER 209, KARAMA STREET, NEAR KAYA COSMETIC CENTRE, ABU DHABI, Abu Dhabi, United Arab Emirates, 32866",02-6219996,PHARMACY
ASTER PHARMACY 169 BR OF ASTER PHARMACIES GROUP L.L.C,DXB,PHARMACY,UMM AL SHEIF,"19A street, next to Healthbay Womenscare , Al wasl road, Umm Al Sheif , Dubai",04-3250365,PHARMACY
ASTER PHARMACY 172 BR OF ASTER PHARMACIES GROUP LLC,DXB,PHARMACY,AL BARSHA SOUTH SECOND,"Shop:12, Al Sayyah Residence C, Arjan Dubailand, Al Barsha South 2, Arjan, Dubai, UAE",04-5786364,PHARMACY
ASTER PHARMACY 175 BR OF ASTER PHARMACIES GROUP LLC,DXB,PHARMACY,JUMEIRAH VILLAGE CIRCLE,"Shop:11A, Damac Tower 108, Al Barsha South, Jumeirah Village Circle, Near to Aster Clinic JVC, Dubai",04-5579564,PHARMACY
LIFE PHARMACY 116 BR OF LIFE PHARMACY,DXB,PHARMACY,Dubai,"Shop No: 04, Bayz By Danube, Business Bay, Dubai UAE",04 5610000,PHARMACY
LIFE PHARMACY 117 (BR OF LIFE PHARMACY L.L.C),DXB,PHARMACY,Dubai,"Plot No: 278, Retail No: 6, Al Barsha South Third, Arjan, Dubai UAE",04 5610000,PHARMACY
LIFE PHARMACY 101 (BR OF LIFE PHARMACY L.L.C),DXB,PHARMACY,Dubai,"ENOC Site 98, Shop 3, Beirut St, D 60, near Madina Mall, Dubai, UAE",04 5610000,PHARMACY
LIFE PHARMACY 102 (BR OF LIFE PHARMACY L.L.C),DXB,PHARMACY,Dubai,"ENOC Site 1005, Shop 5, Marrakech St, Umm Ramool, Near New RTA Complex, Dubai, UAE",04 5610000,PHARMACY
LIFE PHARMACY 104 BR OF LIFE PHARMACY LLC,DXB,PHARMACY,Dubai,"ENOC Site 1060, Unit 4 (Rest4) Sheikh Zayed Road, Internet City, Dubai, UAE",04 5610000,PHARMACY
LIFE PHARMACY 110 BR OF LIFE PHARMACY LLC,DXB,PHARMACY,Dubai,"Retail Unit 16, Lago Vista-B Building, Me’aisem 1, IMPZ, Dubai",04 5610000,PHARMACY
LIFE PHARMACY LLC FUJAIRAH BRANCH 3,FUJ,PHARMACY,Fujairah,"SHOP NO#2,SALEH BIN LAHEJ BUILDING,SAKAKAM STREET",04 5610000,PHARMACY
LIFE PHARMACY LLC BRANCH 61 - BRANCH OF ABUDHABI 118,AUH,PHARMACY,Al Ain,"SHOP NO: 01, MUBARAK AL KHAILY AL HAWASH BUILDING, TOWN CENTER",04 5610000,PHARMACY
LIFE PHARMACY 107 BR OFLIFE PHARMACY LLC,DXB,PHARMACY,Dubai,"SHOP NO 13, 14 WATERS EDGE BUILDING, BUSINESS BAY",04 5610000,PHARMACY
LIFE PHARMACY 45 BR OF LIFE PHARMACY LLC,DXB,PHARMACY,Dubai,"SHOP NO.2, BFL SHOWROOM (EX BRANDS FOR LESS)",04 5610000,PHARMACY
LIFE PHARMACY LLC FUJAIRAH BRANCH 2,FUJ,PHARMACY,Fujairah,"SHOP NO: 1, SULTAN AL SHAMSI BLDG- AL FUJAIRAH 123",04 5610000,PHARMACY
LIFE PHARMACY 103 (BR OF LIFE PHARMACY L.L.C),DXB,PHARMACY,DUBAI,"ENOC Site 1039, Shop 3, Dubai Sports City, Dubai, UAE",04 5610000,PHARMACY
LIFE PHARMACY LLC - RAK Branch 2,RAK,PHARMACY,RAK,"SHOP NO# 01,VENICE AVENUE",04 5610000,PHARMACY
LIFE PHARMACY LLC BRANCH 57 - BRANCH OF ABUDHABI 114,AUH,PHARMACY,Abu Dhabi,"SHOP NO#4,C15,AL ZAHIYA,TOURIST CLUB",04 5610000,PHARMACY
LIFE PHARMACY LLC BRANCH 32 - BRANCH OF ABU DHABI 92,AUH,PHARMACY,Abu Dhabi,"C-20 BUILDING (MIDDLE EAST OPTICAL BUILDING), NAVY GATE AREA",04 5610000,PHARMACY
LIFE PHARMACY 120 (BR OF LIFE PHARMACY L.L.C),DXB,PHARMACY,Dubai,"SHOP NO@7,AL MADINA SUPERMARKET",04 5610000,PHARMACY
LIFE PHARMACY 118 BR OFLIFE PHARMACY LLC,DXB,PHARMACY,Dubai,"SAWAN RESIDENCY,PLOT NO: AFMU029A, JEBEL ALI VILLAGE, AL FURJAN",04 5610000,PHARMACY
LIFE PHARMACY 122 (BR OF LIFE PHARMACY L.L.C),DXB,PHARMACY,Dubai,"SHOP NO#1,ABDULLA AL RASOOL BUILDING",04 5610000,PHARMACY
LIFE PHARMACY 121 (BR OF LIFE PHARMACY L.L.C),DXB,PHARMACY,Dubai,"PLOT NO#2823154,SHOP NO#1,Q1 MALL",04 5610000,PHARMACY
LIFE PHARMACY LLC BRANCH 56 - BRANCH OF ABU DHABI 112,AUH,PHARMACY,ABU DHABI,"SHOP NO#2&3,SOUK STREET,AL SHAHAMA STREET",04 5610000,PHARMACY
LIFE PHARMACY 108 BR OF LIFE PHARMACY LLC,DXB,PHARMACY,Dubai,"UNIT NO. DHM-LG-007, DUBAI HILLS MALL",04 5610000,PHARMACY
LIFE PHARMACY LLC BRANCH 58 - BRANCH OF ABUDHABI 115,AUH,PHARMACY,ABU DHABI,"UNIT NO G25,GROUND FLOOR,MAZYAD MALL",04 5610000,PHARMACY
LIFE PHARMACY LLC BRANCH 50 - BRANCH ABUDHABI 102,AUH,PHARMACY,ABU DHABI,"FIRST FLOOR,PLOT NO C1,SHOP NO#7,SECTOR MQ8,AL DHAID STREET,RABDAN MALL",04 5610000,PHARMACY
LIFE PHARMACY LLC BRANCH 54 - BRANCH OF ABUDHABI 108,AUH,PHARMACY,ABU DHABI,"UNIT NO#248 & 249 A,SECOND FLOOR,MUSHRIF MALL",04 5610000,PHARMACY
LIFE PHARMACY LLC BRANCH 27 BRANCH OF ABUDHABI 87,AUH,PHARMACY,ABU DHABI,"SHOP NO: FF027, 028 & FF DS07 B",04 5610000,PHARMACY
LIFE PHARMACY LLC BRANCH 51 BRANCH OF ABUDHABI 103,AUH,PHARMACY,ABU DHABI,"C88 BUILDING, ARADAH STREET, AL NAHYAN",04 5610000,PHARMACY
LIFE PHARMACY LLC BRANCH 33 - BRANCH OF ABUDHABI 93,AUH,PHARMACY,ABU DHABI,"C172 BUILDING ( P/1236 ADCP),SHOP NO 7&8,ME 9 MUSSAFAH",04 5610000,PHARMACY
LIFE PHARMACY LLC BRANCH 46 - BRANCH OF ABUDHABI 99,AUH,PHARMACY,ABU DHABI,"SHOP NO MU 06,MUROOR COMPLEX,AL SAADAH",04 5610000,PHARMACY
LIFE PHARMACY LLC BRANCH 53 - BRANCH OF ABUDHABI 1,AUH,PHARMACY,ABU DHABI,"SHOP NO 2,C13 BUILDING,ZEINA COMMUNITY,AL RAHA BEACH",04 5610000,PHARMACY
LIFE PHARMACY LLC BRANCH 24 BRANCH OF ABUDHABI 80,AUH,PHARMACY,ABU DHABI,"SHOP NO 1,PLOT C161,SECTOR ME-9,ABDULLA ALI YATEEM BILDING,OLD ROYAL BITE",04 5610000,PHARMACY
LIFE PHARMACY 105 (BR OF LIFE PHARMACY L.L.C),DXB,PHARMACY,Dubai,"BIN DAHI BUILDING, SHOP NO. 01 + M, PLOT NO: 232-113",04 5610000,PHARMACY
LIFE PHARMACY LLC BRANCH ABUDHABI 11,AUH,PHARMACY,ABU DHABI,"SHOP NO 1 ,BANIYAS TOWER, KHALIDIYA AREA",04 5610000,PHARMACY
LIFE PHARMACY LLC BRANCH 49 - BRANCH ABUDHABI 101,AUH,PHARMACY,ABU DHABI,"SHOP NO: 07, ABU DHABI COOPERATIVE SOCIETY, SPAR",04 5610000,PHARMACY
LIFE PHARMACY LLC BRANCH 40 - BRANCH OF ABUDHABI 97,AUH,PHARMACY,ABU DHABI,"AL NAHYAN, OASIS SUPER MARKET",04 5610000,PHARMACY
LIFE PHARMACY LLC - BRANCH OF ABU DHABI 123,AUH,PHARMACY,Al Ain,"Showroom 01, Plot No: 64, Near Al Yahar Mall, Al Aamerah St., Al Ain, Abu Dhabi",04 5610000,PHARMACY
LIFE PHARMACY LLC - BRANCH OF ABU DHABI 124,AUH,PHARMACY,ABU DHABI,"Plot No: P2, Shop No: M24, Mezzanine Floor, Saeed Bin Ahmed Al Otaiba Street (Najda Street), Abu Dhabi, UAE",04 5610000,PHARMACY
ASTER PHARMACIES GROUP LLC UAQ BRANCH,UMQ,PHARMACY,UMM AL-QUWAIN,"SHOP NO.1, AL MAKTA AREA, AL MASA TOWER2, UAQ.",06-5275126,PHARMACY
AL OLA PHARMACY BR ASTER PHARMACIES GROUP LLC,RAK,PHARMACY,AL NAKHEEL,"SHOP NO.1, BUILDING NO-0040, NAKHEEL ROAD, AL NAKHEEL, RAS AL KHAIMAH",07-2357563,PHARMACY
ASTER PHARMACIES GROUP L.L.C (BRANCH OF DUBAI) BRANCH OF ABU DHABI 12,AUH,PHARMACY,AL AIN,"PLOT NO-113, ABU BAKER AL SIDDIQ ST, CENTRAL DISTRICT, AL AIN, ABU DHABI",03-7620142,PHARMACY
ASTER PHARMACIES GROUP LLC BRANCH ABU DHABI 13 (ASTER GROUP),AUH,PHARMACY,ABU DHABI,"Darwish Bin Ahmed Building,Al Falah Street, Al Dana east , Beside Taha Medical Center, Abu Dhabi, UAE",02-5858396,PHARMACY
ASTER PHARMACIES GROUP L.L.C - BRANCH OF ABU DHABI 14 (ASTER GROUP),AUH,PHARMACY,ABU DHABI,"721, Al Muraikhi Building, Hamdan Bin Mohammed St, Al Danah, Abu Dhabi",02-6350204,PHARMACY
ASTER PHARMACIES GROUP L.L.C - ABU DHABI BRANCH 15,AUH,PHARMACY,ABU DHABI,"37, Al Rawnaq St, Al Nahyan, Abu Dhabi",02-6431619,PHARMACY
ASTER PHARMACIES GROUP LLC DMCC BRANCH,DXB,PHARMACY,JLT,"Unit No: G-1, Armada Towers 3, Plot No: JLT-PH2-P3A, Al Thanyah Fifth, Jumeirah Lakes Towers",04-3092900,PHARMACY
DRAGON PHARMACY (BR OF ASTER AL SHAFAR PHARMACIES GROUP L.L.C),DXB,PHARMACY,DUBAI,"Shop No 9, Azizi Farishta, Jabal Ali First, Al Furjan, Dubai",04-5693614,PHARMACY
MEDCARE MEDICAL CENTRE BARSHA SOUTH (BR OF MEDCARE HOSPITAL )L.L.C,DXB,PHARMACY,AL BARSHA SOUTH,Medcare Medical Centre Barsha South Pharmacy Br of Medcare Hospital LLC,04-3254383,PHARMACY
ASTER MEDICAL CENTRE ARABIAN RANCHES PHARMACY BR OF DM HEALTHCARE LLC,DXB,PHARMACY,DUBAI,"1st Floor, Emaar Mall, Near Aster Clinic, The Ranches Souk, Arabian Ranches 2, Dubai",04-3092900,PHARMACY
ASTER PHARMACY 168 (BR OF ASTER PHARMACIES GROUP LLC),DXB,PHARMACY,DUBAI,"IBS GF 35&36, Near Carrefour Parking entrance, Tunisia court, IBN Battuta Mall,Ibn Battuta Mall, Jabal Ali First, Jabal Ali",04-5543519,PHARMACY
CARE POINT PHARMACY LLC - RAK,RAK,PHARMACY,AL NAKHEEL,AL NAKHEEL AREA - OPPOSITE NAEEM MALL - RAS AL KHAIMAH,07-2333370,PHARMACY
"LIFE PHARMACY 28 BR OF LIFE PHARMCY LLC, NUEIMIA (LIFE HEALTHCARE GROUP)",AJM,PHARMACY,NUAIMIA,"Shop No. 1 & 2, Shamekha Building, Plot No. 0024, Nuaimeya 3, Ajman",04 5610000,PHARMACY
AL SHIFA UROPI PHARMACY DWC LLC,DXB,PHARMACY,DUBAI,"DUBAI WORLD CENTRAL , MADINAT AL MATTAR, Building B3 THE PULSE RESIDENCE PARK",06-5242042,PHARMACY
AL SHIFA UROPI PHARMACY LLC,DXB,PHARMACY,AL QUSAIS,PODIUM,04-4759111,PHARMACY
JESR AL SHIFA PHARMACY LLC,SHJ,PHARMACY,Al Nahda,"AL NAHDA SHARJAH , Al Nahda Street , QADESIA TIGER BUILDING",06-5242042,PHARMACY
SHIFA AL JAZEERAH PHARMACY LLC - RAK,RAK,PHARMACY,RAK,"M FLOOR, FATHIMA SUPERMARKET BUILDING, AL NAKHEEL, RAK.",07-2211218,PHARMACY
AL MUSALLA PHARMACY - SHARJAH,SHJ,PHARMACY,ROLLA,"SHAIKH ABDULLA ALI AL MAHMOUD BUILDING, OPP. AL ZAHRA HOSPITAL, AL ZAHRA STREET, SHARJAH, ROLLA",06-5616136,PHARMACY
SHIFA ALJZEERAH CENTRE PHARMACY - L.L.C - BRANCH 01,AJM,PHARMACY,AL JURF,"JURF 1, 397 / 3 , GROUND FLOOR,JIDDAH STREET, AJMAN - UAE.",06-7677511,PHARMACY
SHIFA AL JAZEERAH CENTRE PHARMACY LLC SHJ BR,SHJ,PHARMACY,MUWEILAH,"SHIFA AL RABEE MEDICAL CENTRE BUILDING,GROUND FLOOR,2609,BUS STATION ROAD,MUWAILEH INDUSTRIAL AREA COMMERCIAL SHJ .",050-7699269,PHARMACY
LIFE PHARMACY LLC BRANCH 22 BRANCH OF ABUDHABI 69,AUH,PHARMACY,AL Danah,"SHOP NO: 01, CITY TOWER, C-20, E-05, KHALIFA BIN ZAYED THE FIRST STREET, AL DANAH",04-5610000,PHARMACY
LIFE PHARMACY LLC DIBBA BR,FUJ,PHARMACY,Fujairah,"SHOP NO: 1A, PLOT NO: 2401024, SAIF AL DHABI BUILDING, AL QIAAN",04-5610000,PHARMACY
LIFE PHARMACY LLC FUJAIRAH BRANCH 5,FUJ,PHARMACY,Fujairah,"UNIT NO. G014, GROUND FLOOR, FUJAIRAH CITY CENTRE",04-5610000,PHARMACY
LIFE PHARMACY LLC BRANCH 55 - BRANCH OF ABUDHABI 111,AUH,PHARMACY,AL Danah,"65, Hatta St, Al Danah, Abu Dhabi 22217",04-5610000,PHARMACY
LIFE PHARMACY LLC - BRANCH OF ABU DHABI 127,AUH,PHARMACY,ABU DHABI,"SHOP NO#7, AL FALAH STREET",04-5610000,PHARMACY
LIFE PHARMACY LLC - BRANCH OF ABU DHABI 122,AUH,PHARMACY,MADINAT ZAYED SHOPPING CENTRE,"1ST FLOOR,MADINAT ZAYED SHOPPING CENTRE & GOLD CENTRE",04-5610000,PHARMACY
LIFE PHARMACY LLC BRANCH 62 - BRANCH OF ABUDHABI 119,AUH,PHARMACY,Abu Dhabi,"SHOP NO#2,C57,HAZZA AL MANSOORI BUILDING,AL DANAH",04-5610000,PHARMACY
Life Pharmacy 128 br of Life Pharmacy LLC,DXB,PHARMACY,Dubai,"SHOP NO#102,GROUND FLOOR,LULU CENTER, DUBAI",04-5610000,PHARMACY
Life Pharmacy LLC Branch Br of Sharjah 11,SHJ,PHARMACY,Sharjah,"SHOP NO 03 GF,NESTO HYPER MARKET, AL NAHDA, SHARJAH",04-5610000,PHARMACY
**TAWAM HOSPITAL-SEHA/MF2058,AUH,SEHA HOSPITAL,AL AIN,AL AIN,03-7074356,MULTI-SPECIALITY
**AL RAHBA HOSPITAL,AUH,SEHA HOSPITAL,ABU DHABI,AL RAHBA HOSPITAL,02-5064444,MULTI-SPECIALITY
**AL CORNICHE HOSPITAL IVF CENTRE,AUH,SEHA HOSPITAL,ABU DHABI,"EXECUTIVE BUILDING DAS TOWER, 9TH FLOOR, SULTAN BIN ZAYAD STREET (32ND STREET), KHALIDIA P.O. BOX: 109090",02-6724900,MULTI-SPECIALITY
**AL WAGAN HOSPITAL,AUH,SEHA HOSPITAL,AL Ain,AL- AIN,03-7677444,MULTI-SPECIALITY
**AL AIN HOSPITAL & HOMECARE SERVICES,AUH,SEHA HOSPITAL,AL Ain,AL JIMI DISTRICT SHAKHBOOT IBN SULTAN STREET P.O. BOX: 1006,03-7022000,MULTI-SPECIALITY
**AL CORNICHE HOSPITAL-ABU DHABI / MF1079,AUH,SEHA HOSPITAL,Al Corniche,"BEHIND THE SHERATON HOTELS & RESORT, CORNICHE ROAD EAST",02 6965186,MULTI-SPECIALITY
**DELMA HOSPITAL,AUH,SEHA HOSPITAL,Gharbia,"AL GHARBIA HOSPITALS ADMINISTRATION OLD HOSPITAL BUILDING ,MOHAMED KALAF ALMAZROUEI STREET, MADIENT ZAYED",02-8070000,MULTI-SPECIALITY
**GHIATHY HOSPITAL,AUH,SEHA HOSPITAL,Gharbia,"AL GHARBIA HOSPITALS ADMINISTRATION OLD HOSPITAL BUILDING ,MOHAMED KALAF ALMAZROUEI STREET, MADIENT ZAYED",02-8070000,MULTI-SPECIALITY
**LIWA HOSPITAL,AUH,SEHA HOSPITAL,Gharbia,"AL GHARBIA HOSPITALS ADMINISTRATION OLD HOSPITAL BUILDING ,MOHAMED KALAF ALMAZROUEI STREET, MADIENT ZAYED",02-8070000,MULTI-SPECIALITY
**MADINAT ZAYED HOSPITAL,AUH,SEHA HOSPITAL,Gharbia,"AL GHARBIA HOSPITALS ADMINISTRATION OLD HOSPITAL BUILDING ,MOHAMED KALAF ALMAZROUEI STREET, MADIENT ZAYED",02-8070000,MULTI-SPECIALITY
**MARFA HOSPITAL,AUH,SEHA HOSPITAL,Gharbia,"AL GHARBIA HOSPITALS ADMINISTRATION OLD HOSPITAL BUILDING ,MOHAMED KALAF ALMAZROUEI STREET, MADIENT ZAYED",02-8070000,MULTI-SPECIALITY
**SILA HOSPITAL,AUH,SEHA HOSPITAL,Gharbia,"AL GHARBIA HOSPITALS ADMINISTRATION OLD HOSPITAL BUILDING ,MOHAMED KALAF ALMAZROUEI STREET, MADIENT ZAYED",02-8070000,MULTI-SPECIALITY
**HATTA HOSPITAL - DUBAI HEALTH AUTHORITY,DXB,DHA HOSPITAL,HATTA,"HATTA, DUBAI, NEAR DUBAI WOMEN'S ASSOCIATION",04-8147000,MULTI-SPECIALITY
**MAFRAQ DIALYSIS CENTRE,AUH,SEHA CLINIC,ABU DHABI,"(ADMINISTRATION OFFICES, 2ND FLOOR), CLOSE TO MAFRAQ HOSPITAL)",02-5012925,MULTI-SPECIALITY
**SEHA DIALYSIS SERVICES- MADINAT ZAYED HOSP,AUH,SEHA CLINIC,ABU DHABI,"(ADMINISTRATION OFFICES, 2ND FLOOR), CLOSE TO MAFRAQ HOSPITAL)",02-5012925,MULTI-SPECIALITY
**SEHA DIALYSIS SERVICES-AL MARFA HOSP,AUH,SEHA CLINIC,ABU DHABI,"(ADMINISTRATION OFFICES, 2ND FLOOR), CLOSE TO MAFRAQ HOSPITAL)",02-5012925,MULTI-SPECIALITY
**SEHA DIALYSIS SERVICES-AL SILA HOSP,AUH,SEHA CLINIC,ABU DHABI,"(ADMINISTRATION OFFICES, 2ND FLOOR), CLOSE TO MAFRAQ HOSPITAL)",02-5012925,MULTI-SPECIALITY
**SEHA DIALYSIS SERVICES-AL WAGAN HOSP,AUH,SEHA CLINIC,ABU DHABI,"(ADMINISTRATION OFFICES, 2ND FLOOR), CLOSE TO MAFRAQ HOSPITAL)",02-5012925,MULTI-SPECIALITY
**SEHA DIALYSIS SERVICES-DELMA HOSPITAL,AUH,SEHA CLINIC,ABU DHABI,"(ADMINISTRATION OFFICES, 2ND FLOOR), CLOSE TO MAFRAQ HOSPITAL)",02-5012925,MULTI-SPECIALITY
**SEHA DIALYSIS SERVICES-GHAITHY HOSPITAL,AUH,SEHA CLINIC,ABU DHABI,"(ADMINISTRATION OFFICES, 2ND FLOOR), CLOSE TO MAFRAQ HOSPITAL)",02-5012925,MULTI-SPECIALITY
**SEHA DIALYSIS SERVICES-SKMC,AUH,SEHA CLINIC,ABU DHABI,"(ADMINISTRATION OFFICES, 2ND FLOOR), CLOSE TO MAFRAQ HOSPITAL)",02-5012925,MULTI-SPECIALITY
**AL MASOUDI PRIMARY HEALTH CARE CENTER,AUH,SEHA CLINIC,ABU DHABI,"111TH ST. AL TOWAYYA, AL AIN",02-8113202,MULTI-SPECIALITY
**DISEASE PREVENTION AND SCREENING CENTER- AL MARFA,AUH,SEHA CLINIC,ABU DHABI,"138TH ST. NEIMA DISTRICT, AL AIN",03-746 2641,MULTI-SPECIALITY
**AL HILI HEALTHCARE CENTER,AUH,SEHA CLINIC,ABU DHABI,3RD ST. CORNER 131ST ST. SHAKBOOT BIN SULTAN ST. ALAIN,03-746 2721,MULTI-SPECIALITY
**SWEIHAN HEALTHCARE CENTER PHARMACY,AUH,SEHA CLINIC,ABU DHABI,"4TH ST. MADINAT ZAYED, ABU DHABI",02-811 4751,MULTI-SPECIALITY
**ABU DHABI DENTAL CENTER,AUH,SEHA CLINIC,ABU DHABI,ABU DHABI,-,MULTI-SPECIALITY
**AL BATEEN HEALTHCARE CENTER,AUH,SEHA CLINIC,ABU DHABI,ABU DHABI,80050,MULTI-SPECIALITY
**AL ETIHAD HEALTHCARE CENTER,AUH,SEHA CLINIC,ABU DHABI,ABU DHABI,80050,MULTI-SPECIALITY
**AL FAQA HEALTHCARE CENTER,AUH,SEHA CLINIC,ABU DHABI,ABU DHABI,80050,MULTI-SPECIALITY
**AL HAYER HEALTHCARE CENTER,AUH,SEHA CLINIC,ABU DHABI,ABU DHABI,80050,MULTI-SPECIALITY
**AL KHATIM HEALTHCARE CENTER,AUH,SEHA CLINIC,ABU DHABI,ABU DHABI,02-4102000,MULTI-SPECIALITY
**AL KHAZNA HEALTHCARE CENTER,AUH,SEHA CLINIC,ABU DHABI,ABU DHABI,80050,MULTI-SPECIALITY
**AL MADINA OCCUPATIONAL HEALTH CENTER,AUH,SEHA CLINIC,ABU DHABI,ABU DHABI,80050,MULTI-SPECIALITY
**AL MAQAM HEALTHCARE CENTER,AUH,SEHA CLINIC,ABU DHABI,ABU DHABI,80050,MULTI-SPECIALITY
**AL NIYADAT HEALTHCARE CENTER,AUH,SEHA CLINIC,ABU DHABI,ABU DHABI,80050,MULTI-SPECIALITY
**AL QUAA HEALTHCARECENTER,AUH,SEHA CLINIC,ABU DHABI,ABU DHABI,80050,MULTI-SPECIALITY
**AL ROWDA HEALTHCARE CENTER,AUH,SEHA CLINIC,ABU DHABI,ABU DHABI,80050,MULTI-SPECIALITY
**AL SHUEIB HEALTHCARE CENTER,AUH,SEHA CLINIC,ABU DHABI,ABU DHABI,80050,MULTI-SPECIALITY
**AL AAMERAH HEALTHCARE CENTER,AUH,SEHA CLINIC,ABU DHABI,ABU DHABI,80050,MULTI-SPECIALITY
**AL ZAFARANAH HEALTHCARE CENTER,AUH,SEHA CLINIC,ABU DHABI,ABU DHABI,80050,MULTI-SPECIALITY
**DISEASE PREVENTION AND SCREENING CENTER- ABU DHABI,AUH,SEHA CLINIC,ABU DHABI,ABU DHABI,80050,MULTI-SPECIALITY
**DISEASE PREVENTION AND SCREENING CENTER- SWEIHAN / MF3304,AUH,SEHA CLINIC,ABU DHABI,ABU DHABI,80050,MULTI-SPECIALITY
**KHALIFA A HEALTHCARECENTER,AUH,SEHA CLINIC,ABU DHABI,ABU DHABI,80050,MULTI-SPECIALITY
**MADINAT MOHAMED BIN ZAYED HEATHCARE CENTER,AUH,SEHA CLINIC,ABU DHABI,ABU DHABI,80050,MULTI-SPECIALITY
**MEZYAD HEALTHCARECENTER,AUH,SEHA CLINIC,ABU DHABI,ABU DHABI,80050,MULTI-SPECIALITY
**NEIMA PRIMARY HEALTH CARE CENTER,AUH,SEHA CLINIC,ABU DHABI,ABU DHABI,80050,MULTI-SPECIALITY
**OUD AL TOBA PRIMARY HEALTH CARE CENTER,AUH,SEHA CLINIC,ABU DHABI,ABU DHABI,80050,MULTI-SPECIALITY
**REMAH HEALTHCARE CENTER,AUH,SEHA CLINIC,ABU DHABI,ABU DHABI,80050,MULTI-SPECIALITY
**SEHA MOBILE CLINIC 1,AUH,SEHA CLINIC,ABU DHABI,ABU DHABI,80050,MULTI-SPECIALITY
**SEHA MOBILE CLINIC 2,AUH,SEHA CLINIC,ABU DHABI,ABU DHABI,80050,MULTI-SPECIALITY
**SEHA MOBILE CLINIC 3,AUH,SEHA CLINIC,ABU DHABI,ABU DHABI,80050,MULTI-SPECIALITY
**DISEASE PREVENTION AND SCREENING CENTER- AL AIN,AUH,SEHA CLINIC,ABU DHABI,ABU DHABI ISLAND,02-8191200,MULTI-SPECIALITY
**DISEASE PREVENTION AND SCREENING CENTER- SILA,AUH,SEHA CLINIC,ABU DHABI,ABUDHABI,80050,MULTI-SPECIALITY
**AL MAFRAQ DENTAL CENTER,AUH,SEHA CLINIC,ABU DHABI,"AREA 20, 31ST ST. ABU DHABI-SWEIHAN ROAD, SHAMKA",02-8116651,MULTI-SPECIALITY
**ZAKHER HEALTHCARECENTER,AUH,SEHA CLINIC,ABU DHABI,"BANIYAS EAST, ABU DAHBI",02-8114401,MULTI-SPECIALITY
**AL CORNICHE WOMEN HEALTH CENTER,AUH,SEHA CLINIC,ABU DHABI,"EXECUTIVE BUILDING DAS TOWER, 9TH FLOOR, SULTAN BIN ZAYAD STREET (32ND STREET), KHALIDIA P.O. BOX: 109090",02-6724900,MULTI-SPECIALITY
**BEHAVIORAL SCIENCE PAVILION,AUH,SEHA CLINIC,ABU DHABI,"KARAMA STREET, ABU DHABI CITY,",02-8190000,MULTI-SPECIALITY
**BANIYAS HEALTHCARE CENTER,AUH,SEHA CLINIC,ABU DHABI,MAFRAQ,02-5011111,MULTI-SPECIALITY
**AL MUWEIJI HEALTHCARE CENTER,AUH,SEHA CLINIC,ABU DHABI,SALAMA BINT BUTTI ST. AL DHAFRA - ABU DHABI,02-8114839,MULTI-SPECIALITY
**AL FALAH HEALTHCARE CENTRE-SEHA-MF3329,AUH,SEHA CLINIC,ABU DHABI,STREET 176 NEW AL FALAH MIDDLE REGION ABU DHABI,02-7113233,MULTI-SPECIALITY
**AL GHARBIA MOBILE MAMMOGRAPHY UNIT,AUH,SEHA CLINIC,ABU DHABI,WESTERN REGION,80050,MULTI-SPECIALITY
**AL DAFRAH DENTAL CENTER,AUH,SEHA CLINIC,ABU DHABI,"ZONE 15, MBZ , ABU DHABI",02-8116571,MULTI-SPECIALITY
**TAWAM IVF CENTER,AUH,SEHA CLINIC,AL Ain,AL- AIN,03-7677444,MULTI-SPECIALITY
**ABU AL-ABYAD CLINIC,AUH,SEHA CLINIC,Gharbia,"AL GHARBIA HOSPITALS ADMINISTRATION OLD HOSPITAL BUILDING ,MOHAMED KALAF ALMAZROUEI STREET, MADIENT ZAYED",02-8070000,MULTI-SPECIALITY
**AL DHAFARA FAMILY MEDICINE CENTER,AUH,SEHA CLINIC,Gharbia,"AL GHARBIA HOSPITALS ADMINISTRATION OLD HOSPITAL BUILDING ,MOHAMED KALAF ALMAZROUEI STREET, MADIENT ZAYED",02-8070000,MULTI-SPECIALITY
**BEDA AL MUTAWA CLINIC,AUH,SEHA CLINIC,Gharbia,"AL GHARBIA HOSPITALS ADMINISTRATION OLD HOSPITAL BUILDING ,MOHAMED KALAF ALMAZROUEI STREET, MADIENT ZAYED",02-8070000,MULTI-SPECIALITY
**REMAH HEALTHCARE CENTER PHARMACY,AUH,SEHA PHARMACY,ABU DHABI,"129TH ST. THANOON BIN ZAYED AL AWWAL, AL AIN",03-7462481,PHARMACY
**OUD AL TOBA PHARMACY,AUH,SEHA PHARMACY,ABU DHABI,"135TH ST. OUD AL TOUBA AREA, AL AIN OPPOSITE TO UAEU MEN",03-7462401,PHARMACY
**AL MAQTAA HEALTHCARE CENTER PHARMACY,AUH,SEHA PHARMACY,ABU DHABI,"30TH ST. KHALEEJ AL RABI, MAQTA ROAD, ABU DHABI",02-8113851,PHARMACY
**AL KHATIM HEALTHCARECENTER PHARMACY- SEHA/PF1553,AUH,SEHA PHARMACY,ABU DHABI,ABU DHABI,80050,PHARMACY
**AL ZAFARANAH HEALTHCARE CENTER PHARMACY,AUH,SEHA PHARMACY,ABU DHABI,ABU DHABI,80050,PHARMACY
**BANIYAS HEALTHCARE CENTER PHARMACY,AUH,SEHA PHARMACY,ABU DHABI,ABU DHABI,80050,PHARMACY
**KHALIFA A HEALTHCARE CENTER PHARMACY,AUH,SEHA PHARMACY,ABU DHABI,ABU DHABI,80050,PHARMACY
**AL SHUEIB HEALTHCARE CENTER PHARMACY,AUH,SEHA PHARMACY,ABU DHABI,"ABU DHABI -SWEIHAN ROAD, AL HAYER, AL AIN",03-7461811,PHARMACY
**SHAHAMA HEALTHCARE CENTER PHARMACY,AUH,SEHA PHARMACY,ABU DHABI,"ABU DHABI-AL AIN ROAD NEAR ADNOC STATION, AL AIN",02-8114571,PHARMACY
**AL SHAMKHA HEALTHCARE CENTER PHARMACY,AUH,SEHA PHARMACY,ABU DHABI,"AL BATEEN,NEAR AL ITTIHAD SCHOOL - ABU DHABI",02-8114654,PHARMACY
**POLYCLINIC PHARMACY,AUH,SEHA PHARMACY,ABU DHABI,"AL FALAH ST, AL HILI, AL AIN",03-7461681,PHARMACY
**AL SAMHA HEALTHCARE PHARMACY,AUH,SEHA PHARMACY,ABU DHABI,"AL NAHDA WEST, ABU DHABI-AL AIN ROAD, ABU DHABI",02-8116391,PHARMACY
**AL RAHBA HOSPITAL PHARMACY-INPATIENT PHARMACY,AUH,SEHA PHARMACY,ABU DHABI,AL RAHBA HOSPITAL,02-5064444,PHARMACY
**AL RAHBA HOSPITAL PHARMACY-OUTPATIENT PHARMACY,AUH,SEHA PHARMACY,ABU DHABI,AL RAHBA HOSPITAL,02-5064444,PHARMACY
**AL FAQA HEALTHCARE CENTER PHARMACY,AUH,SEHA PHARMACY,ABU DHABI,"AL SHWAIB ROAD, AL AIN-DUBAI ROAD, AL AIN",03-7461890,PHARMACY
**AL WAGAN HOSPITAL PHARMACY,AUH,SEHA PHARMACY,ABU DHABI,"AL ZAKHER, NEAR POLICE STATION, AL AIN",03-7461650,PHARMACY
**AL BATEEN HEALTHCARE CENTER PHARMACY,AUH,SEHA PHARMACY,ABU DHABI,"BANIYAS EAST 10, 16TH STREET, BANIYAS, ABU DHABI",02-8116311,PHARMACY
**SWEIHAN HEALTHCARE CENTER PHARMACY,AUH,SEHA PHARMACY,ABU DHABI,"BUILDING NO.17 AL FAQA 53 COMMUNITY 21ST STREET, DUBAI AL AIN HIGHWAY",03-7461857,PHARMACY
**AL CORNICHE HOSPITAL PHARMACY,AUH,SEHA PHARMACY,ABU DHABI,"EXECUTIVE BUILDING DAS TOWER, 9TH FLOOR, SULTAN BIN ZAYAD STREET (32ND STREET), KHALIDIA P.O. BOX: 109090",02-6724900,PHARMACY
**CORNICHE HOSPITAL PHARM -OUT-PATIENT,AUH,SEHA PHARMACY,ABU DHABI,"EXECUTIVE BUILDING DAS TOWER, 9TH FLOOR, SULTAN BIN ZAYAD STREET (32ND STREET), KHALIDIA P.O. BOX: 109090",02-6724900,PHARMACY
**BSP PHARMACY-INPATIENT,AUH,SEHA PHARMACY,ABU DHABI,"KARAMA STREET, ABU DHABI CITY,",02-6724900,PHARMACY
**BSP PHARMACY-OUTPATIENT,AUH,SEHA PHARMACY,ABU DHABI,"KARAMA STREET, ABU DHABI CITY,",02-6724900,PHARMACY
**DIABETIC CLINIC PHARMACY,AUH,SEHA PHARMACY,ABU DHABI,"KARAMA STREET, ABU DHABI CITY,",02-6724900,PHARMACY
**SHEIKH KHALIFA MEDICAL CITY ER PHARMACY,AUH,SEHA PHARMACY,ABU DHABI,"KARAMA STREET, ABU DHABI CITY,",02-8190000,PHARMACY
**SHEIKH KHALIFA MEDICAL CITY PHARMACY,AUH,SEHA PHARMACY,ABU DHABI,"KARAMA STREET, ABU DHABI CITY,",02-6724900,PHARMACY
**AL HAYER HEALTHCARE CENTER PHARMACY,AUH,SEHA PHARMACY,ABU DHABI,"REMAH AREA, ABU DHABI AL AIN ROAD",03-7461401,PHARMACY
**AL FALAH HEALTHCARE CENTER PHARMACY-SEHA-PF3022,AUH,SEHA PHARMACY,ABU DHABI,STREET 176 NEW AL FALAH MIDDLE REGION ABU DHABI,02-7113233,PHARMACY
**AL WAGAN HOSPITAL OUTPATIENT PHARMACY,AUH,SEHA PHARMACY,AL Ain,AL- AIN,03-7677444,PHARMACY
**TAWAM HOSPITAL OUTPATIENT PHARMACY,AUH,SEHA PHARMACY,AL Ain,AL- AIN,03-7677444,PHARMACY
**TAWAM HOSPITAL PHARMACY MAIN BUILDING,AUH,SEHA PHARMACY,AL Ain,AL- AIN,03-7677444,PHARMACY
**AL AIN HOSPITAL INPATIENT PHARMACY,AUH,SEHA PHARMACY,AL Ain,AL JIMI DISTRICT SHAKHBOOT IBN SULTAN STREET P.O. BOX: 1006,03-7022000,PHARMACY
**AL AIN HOSPITAL PHARMACY,AUH,SEHA PHARMACY,AL Ain,AL JIMI DISTRICT SHAKHBOOT IBN SULTAN STREET P.O. BOX: 1006,03-7022000,PHARMACY
**WEST POLYCLINIC AL AIN HOSPITAL PHARMACY,AUH,SEHA PHARMACY,AL Ain,AL JIMI DISTRICT SHAKHBOOT IBN SULTAN STREET P.O. BOX: 1006,03-7022000,PHARMACY
**ABU AL-ABYAD CLINIC O.P. PHARMACY,AUH,SEHA PHARMACY,Gharbia,"AL GHARBIA HOSPITALS ADMINISTRATION OLD HOSPITAL BUILDING ,MOHAMED KALAF ALMAZROUEI STREET, MADIENT ZAYED",03-7461951,PHARMACY
**AL DHARFA FAMILI MEDICINE CENTER PHARMACY,AUH,SEHA PHARMACY,Gharbia,"AL GHARBIA HOSPITALS ADMINISTRATION OLD HOSPITAL BUILDING ,MOHAMED KALAF ALMAZROUEI STREET, MADIENT ZAYED",02-8070000,PHARMACY
**BIDA MUTAWA CLINIC O.P. PHARMACY,AUH,SEHA PHARMACY,Gharbia,"AL GHARBIA HOSPITALS ADMINISTRATION OLD HOSPITAL BUILDING ,MOHAMED KALAF ALMAZROUEI STREET, MADIENT ZAYED",02-8070000,PHARMACY
**DELMA HOSPITAL PHARMACY,AUH,SEHA PHARMACY,Gharbia,"AL GHARBIA HOSPITALS ADMINISTRATION OLD HOSPITAL BUILDING ,MOHAMED KALAF ALMAZROUEI STREET, MADIENT ZAYED",02-8070000,PHARMACY
**GAYATHY HOAPITAL PHARMACY,AUH,SEHA PHARMACY,Gharbia,"AL GHARBIA HOSPITALS ADMINISTRATION OLD HOSPITAL BUILDING ,MOHAMED KALAF ALMAZROUEI STREET, MADIENT ZAYED",02-8070000,PHARMACY
**LIWA HOSPITAL PHARMACY,AUH,SEHA PHARMACY,Gharbia,"AL GHARBIA HOSPITALS ADMINISTRATION OLD HOSPITAL BUILDING ,MOHAMED KALAF ALMAZROUEI STREET, MADIENT ZAYED",02-8070000,PHARMACY
**MADINAT ZAYED HOSPITAL PHARMACY,AUH,SEHA PHARMACY,Gharbia,"AL GHARBIA HOSPITALS ADMINISTRATION OLD HOSPITAL BUILDING ,MOHAMED KALAF ALMAZROUEI STREET, MADIENT ZAYED",02-8070000,PHARMACY
**MADINAT ZAYED HOSPITAL INPATIENT PHARMACY,AUH,SEHA PHARMACY,Gharbia,"AL GHARBIA HOSPITALS ADMINISTRATION OLD HOSPITAL BUILDING ,MOHAMED KALAF ALMAZROUEI STREET, MADIENT ZAYED",02-8070000,PHARMACY
**MARFA HOSPITAL PHARMACY,AUH,SEHA PHARMACY,Gharbia,"AL GHARBIA HOSPITALS ADMINISTRATION OLD HOSPITAL BUILDING ,MOHAMED KALAF ALMAZROUEI STREET, MADIENT ZAYED",02-8070000,PHARMACY
**SILA HOSPITAL PHARMACY,AUH,SEHA PHARMACY,Gharbia,"AL GHARBIA HOSPITALS ADMINISTRATION OLD HOSPITAL BUILDING ,MOHAMED KALAF ALMAZROUEI STREET, MADIENT ZAYED",02-8070000,PHARMACY
Aster Pharmacy 166 (Br Of Aster Pharmacies Group L.L.C),DXB,PHARMACY,AL JADDAF,"Shop No.5,Azurite Tower,Ibn Al Zahrawi St,Al Jaddaf, Dubai",04-42272851,PHARMACY
Aster pharmacy 176 ( Br of Aster pharmacies Group L.L.C),DXB,PHARMACY,LIWAN,"G-02, Binghatti Jewels, Liwan, Wadi Al Safa 2, Dubai",04-44106883,PHARMACY
Aster Pharmacy 179 (Br Of Aster Pharmacies Group L.L.C),DXB,PHARMACY,AL QUSAIS,"S07,R1083,Al Wasl Village Retail Centre,Al Rayhan Street, Al Qusais Industrial Area 5,Dubai",04-42207653,PHARMACY
Aster Pharmacy 180 (Br Of Aster Pharmacies Group L.L.C),DXB,PHARMACY,MARSA,"P19, Rimal 1, Dubai Marina and Jumeira Beach, The Walk, Marsa, Dubai",04-43092900,PHARMACY
Aster Pharmacy 181 (Br Of Aster Pharmacies Group L.L.C),DXB,PHARMACY,DUBAI HILLS,"R04, Park Heights Square 1,Hadaeq Sheikh Mohammed Bin Rashid, Next to Spinneys, Dubai Hills Estate, Dubai Hills, Dubai",04-42632594,PHARMACY
Aster Pharmacy 182 (Br Of Aster Pharmacies Group L.L.C),DXB,PHARMACY,WARSAN,"Shop No 2, Jowhrat Al Faihaa,International City 2 St, International City Phase-2, Warsan 4, Dubai",04-45545907,PHARMACY
Aster Pharmacy 183 (Br Of Aster Pharmacies Group L.L.C),DXB,PHARMACY,BARSHA HEIGHTS,"Shop-2, Art Heights, Al Nahar 2 St, Al Thanyah First, Barsha Heights, Dubai",04-42679073,PHARMACY
Aster Royal Clinic Downtown Pharamcy Br Of Dm Healthcare Llc,DXB,PHARMACY,DOWN TOWN,"BD-Resi 1-Retail-G-ER6, Residences Retail, Burj Residence Phase I & II, Down Town, Burj Khalifa, Dubai",04-44106496,PHARMACY
Aster Pharmacies Group L.L.C - Branch Of Abu Dhabi 16,AUH,PHARMACY,AL AIN,"105, Building-PRP74990,Salahuddeen Al Ayoubi St,Central District, Al Ain, Abu Dhabi",04-37342126,PHARMACY
Aster Pharmacies Group L.L.C - Branch Of Abu Dhabi 17,AUH,PHARMACY,AL WAZN ST,"FF 123, Dalma Mall, Al Wazn St, Abu Dhabi Industrial City, ICAD I, Abu Dhabi",04-25620147,PHARMACY
GERMAN ADVANCE MEDICAL CENTRE PHARMACY- SOLE PROPRIETORSHIP L.L.C,AUH,PHARMACY,Baniyas East 8,"Villa No.17, Baniyas East 8, AbuDhabi",02-4441529,PHARMACY
GERMAN ADVANCE MEDICAL CENTRE SOLE PROPRIETORSHIP L.L.C,AUH,CLINIC,Baniyas East 8,"Villa No.17, Baniyas East 8, AbuDhabi",02-4441529,"GENERAL, GP"
SADD MAAREB MEDICAL CENTER PHARMACY - SOLE PROPRIETORSHIP L.L.C PF5007,AUH,PHARMACY,Baniyas East 7B,"Villa No.89, Baniyas East 7B, Abu Dhabi",02-4441529,PHARMACY
ASTER MEDICAL CENTRE ARJAN (BR OF D M HEALTHCARE),DXB,CLINIC,AL BARSHA,BARSHA SOUTH,04-4400500,"GENERAL, GP"
ASTER PHARMACY180 AND CLINIC BR OF ASTER PHARMACIES GROUP LLC Express Clinic,DXB,CLINIC,MARSA,"The Rimal, Ground floor, Flat No-173-0, Next to Carrefoure - JBR, Marsa Dubai, PoBox 8703, Dubai, UAE",04-5298194,"GENERAL, GP"
ASTER MEDICAL CENTRE - BR OF (D M HEALTHCARE) LLC UMM AL QUWAIN BRANCH,UMQ,CLINIC,UAQ,"AL MASA - 2 BUILDING, GROUND FLOOR, KING FAISAL STREET, GREEN BELT - UMM AL QUWAIN - UAE",06-5770288,"GENERAL, GP"
ASTER MEDICAL CENTRE LIWAN BR OF DM HEALTHCARE LLC,DXB,CLINIC,LIWAN,"Aster Clinic Liwan, Binghatti Jewels Building -Ground Floor, Liwan, Dubai, UAE",04-5298194,"GENERAL, GP"
FAITH JABAL MEDICAL CENTER LLC,DXB,CLINIC,JEBEL ALI,Shop Number 4 Labour Camp Building Jebel Ali Industrial Area First Jebel Ali Dubai UAE,04-3956479,MULTI-SPECIALITY
ALAIN PHARMACY - SOLE PROPRIETORSHIP L.L.C. - BRANCH 11,AUH,PHARMACY,Central District,AL AIN MALL BRANCH - OPPOSITE CARREFOUR,03-7661511,PHARMACY
NAHEL ALAIN PHARMACY - SOLE PROPRIETORSHIP L.L.C.,AUH,PHARMACY,Al Markhaniyyah,AL AIN LADIES CLUB BRANCH,03-7851188,PHARMACY
ALAIN PHARMACY - SOLE PROPRIETORSHIP L.L.C. - BRANCH 15,AUH,PHARMACY,Al Ameriya,AL AMERIYA BRANCH - NEAR AL MASHREQ SUPERMARKET BUILDING,03-7228208,PHARMACY
ALAIN PHARMACY - SOLE PROPRIETORSHIP L.L.C. - BRANCH,AUH,PHARMACY,Al Jimi,"AL JIMI MALL BRANCH- NEW EXTENTION, LOWER GROUND",03-7666599,PHARMACY
ARABIAN SPECIALIST MEDICAL CENTER PHARMACY L.L.C.,AUH,PHARMACY,Asharej,ARABIAN SPECIALIST MEDICAL CENTER BRANCH - TWAM STREET,03 -7631151,PHARMACY
ALAIN PHARMACY - SOLE PROPRIETORSHIP L.L.C.- BRANCH 7,AUH,PHARMACY,Asharej,ASHAREJ BRANCH-TWAM STREET,03-7669772,PHARMACY
ALAIN PHARMACY - SOLE PROPRIETORSHIP L.L.C. - BRANCH 6,AUH,PHARMACY,Al Bateen,AL BATEEN BRANCH-BESIDE SOUQ EXTRA,03-7669770,PHARMACY
ALAIN PHARMACY - SOLE PROPRIETORSHIP L.L.C. - BRANCH 3,AUH,PHARMACY,Al Hili,AL HILI NAYIFA BRANCH-AL AIN CITY CENTER BUILDING,03-7669788,PHARMACY
ALAIN PHARMACY - SOLE PROPRIETORSHIP L.L.C. - BRANCH,AUH,PHARMACY,Al Jimi,"AL JIMI MALL BRANCH- NEW EXTENTION, LOWER GROUND",03-7666599,PHARMACY
ELEGANCE MEDICAL CENTER PHARMACY,AUH,PHARMACY,Al Jimi,ELEGANCE MEDICAL CENTER BRANCH - NEAR SAFEER MARKET,03-7666312,PHARMACY
ALAIN PHARMACY SOLE PRORIETORSHIP LLC- BRANCH 25,AUH,PHARMACY,Abu Dhabi,ETIHAD PLAZA BRANCH - ETIHAD PLAZA BUILDING,050-1423309,PHARMACY
ALAIN PHARMACY - SOLE PROPRIETORSHIP L.L.C. - BRANCH 13,AUH,PHARMACY,Falaj Hazaa,FALAJ HAZZA BRANCH - HOME ROYAL HYPERMARKET BULDING,03-7669220,PHARMACY
ALAIN PHARMACY - SOLE PROPRIETORSHIP L.L.C. - BRANCH,AUH,PHARMACY,Al Jimi,"AL JIMI MALL BRANCH- NEW EXTENTION, LOWER GROUND",03-7666599,PHARMACY
ALAIN PHARMACY - SOLE PROPRIETORSHIP L.L.C. - BRANCH 8,AUH,PHARMACY,Al Masoudi,AL MASOUDI BRANCH (ALNNBAGH)- GRAND MART BUILDING,03-7558655,PHARMACY
ALAIN PHARMACY - SOLE PROPRIETORSHIP L.L.C. - BRANCH 9,AUH,PHARMACY,Al Tiwayya,HAZZA BIN ZAYED STADIUM BRANCH-AL AIN SQUARE,03-7663301,PHARMACY
THE HEART MEDICAL CENTER PHARMACY L.L.C.,AUH,PHARMACY,Al Jimi,HEART MEDICAL CENTER BRANCH - OPP. AL AIN HOSPITAL,03-7511122,PHARMACY
ALAIN PHARMACY - SOLE PROPRIETORSHIP L.L.C. - BRANCH 12,AUH,PHARMACY,Al Jimi,"Al Jimi Mall, New Extension, Basement Floor",03-7666599,PHARMACY
ALAIN PHARMACY - SOLE PROPRIETORSHIP L.L.C. - BRANCH,AUH,PHARMACY,Al Jimi,"AL JIMI MALL BRANCH- NEW EXTENTION, LOWER GROUND",03-7666599,PHARMACY
ALAIN PHARMACY - SOLE PROPRIETORSHIP L.L.C. - BRANCH 5,AUH,PHARMACY,Neima,MAKANI MALL BRANCH-NEIMA,03-7669918,PHARMACY
AL AIN PHARMACY L.L.C - RAK BRANCH,RAK,PHARMACY,Al Uraibi,RAS AL KHAIMAH BRANCH - MANAR MALL (SOUTH ENTRANCE),07-2082117,PHARMACY
ALAIN PHARMACY - SOLE PROPRIETORSHIP L.L.C. - BRANCH 4,AUH,PHARMACY,Al Mnaizlah,MNAIZLAH BRANCH - WAHAT AL AIN MARKETS BUILDING,03 7664430,PHARMACY
ALAIN PHARMACY - SOLE PROPRIETORSHIP L.L.C. - BRANCH,AUH,PHARMACY,Al Jimi,"AL JIMI MALL BRANCH- NEW EXTENTION, LOWER GROUND",03-7666599,PHARMACY
ALAIN PHARMACY - SOLE PROPRIETORSHIP L.L.C. - BRANCH,AUH,PHARMACY,Al Jimi,"AL JIMI MALL BRANCH- NEW EXTENTION, LOWER GROUND",03-7666599,PHARMACY
ALAIN PHARMACY - SOLE PROPRIETORSHIP L.L.C. - BRANCH,AUH,PHARMACY,Al Jimi,"AL JIMI MALL BRANCH- NEW EXTENTION, LOWER GROUND",03-7666599,PHARMACY
ALAIN PHARMACY - SOLE PROPRIETORSHIP L.L.C.- BRANCH 10,AUH,PHARMACY,Al Ruwais,RUWIAS BRANCH - CENTRAL PARK MALL,02-4477065,PHARMACY
ALAIN PHARMACY - SOLE PROPRIETORSHIP L.L.C. - BRANCH,AUH,PHARMACY,Al Jimi,"AL JIMI MALL BRANCH- NEW EXTENTION, LOWER GROUND",03-7666599,PHARMACY
ALAIN PHARMACY - SOLE PROPRIETORSHIP L.L.C.- BRANCH 1,AUH,PHARMACY,Al Sarouj,SHABHAT PLAZA BRANCH-AL SAROOJ NEW,03-7656506,PHARMACY
ALAIN PHARMACY- SOLE PROPRIETORHIP L.L.C.- BRANCH 23,AUH,PHARMACY,Shiaab Al Ashkhar,SHIAAB AL ASHKHAR BRANCH - AL AIN COOP BUILDING,050-3445850,PHARMACY
ALAIN PHARMACY SOLE PROPRIETORSHIP BRANCH,DXB,PHARMACY,Dubai Silicon Oasis,DUBAI SILICON OASIS BRANCH- SOUQ EXRTA MALL BUILDING,04-3342333,PHARMACY
SPANISH CENTER PHARMACY L.L.C.,AUH,PHARMACY,Al Bateen,SPANISH MEDICAL CENTER BRANCH - AL BATEEN,02-5460666,PHARMACY
ALAIN PHARMACY SOLE PROPRIETORSHIP BRANCH DUBAI BRANCH,DXB,PHARMACY,Wolrd Trade Center,"SHEIKH ZAYED ROAD BRANCH, AL ROSTAMANI TWIN TOWER A",04-5477177,PHARMACY
ALAIN PHARMACY- SOLE PROPRIETORHIP L.L.C.- BRANCH 24,AUH,PHARMACY,Salamat,"SALAMAT BRANCH - AL SAFA SUPERMARKET BUILDING, OPPOSITE AL SALAMAT CIVIL DEFENCE",03-7544877,PHARMACY
NEW AL AIN PHARMACY - L L C - BRANCH AL YAHAR,AUH,PHARMACY,Al Yahar North (Al Aamerah),AL YAHAR NORTH BRANCH (ALAAMERAH) - NEAR AL AIN CITY CENTER S/M,03-753 1533,PHARMACY
ALAIN PHARMACY - SOLE PROPRIETORSHIP L.L.C.- BRANCH 2,AUH,PHARMACY,Al Yahar south (Al Aamerah),AL YAHAR SOUTH BRANCH (ALAAMERAH) -ALIAH MALL,03-7669884,PHARMACY
TAIBAH ALAIN PHARMACY - SOLE PROPRIETORSHIP L.L.C. - BRANCH,AUH,PHARMACY,Al Maqam,AL MAQAM BRANCH - NEAR AL MAQAM SCHOOL,03-753 0200,PHARMACY
APOTEKE PHARMACY - SOLE PROPRIETORSHIP L.L.C.,AUH,PHARMACY,Khalifa City,KHALIFA CITY BRANCH 1 - NEAR KHALIFA SQUARE,02-8846622,PHARMACY
AL AIN PHARMACY -SOLE PROPRIETORSHIP L L C - Branch,AJM,PHARMACY,Al Yasmeen,AL YASMEEN BRANCH - AL YASMEEN AREA,050-4489530,PHARMACY
NEW ALAIN PHARMACY - SOLE PROPRIETORSHIP L.L.C. - BRANCH,AUH,PHARMACY,Al Dhaher,AL DHAHER BRANCH - BESIDE MEZYAD MEDICAL CENTER,03-7516675,PHARMACY
LIFE 119 PHARMACY EXPRESS CLINIC,DXB,CLINIC,Nad Al Sheba,"Sobha Hartland, The terrace residence - Shop no - 02 - Nad Al Sheba 1 - Dubai",04 5610000,MULTI-SPECIALITY
LIFE PHARMACY 125 EXPRESS CLINIC,DXB,CLINIC,Nad Al Sheba,"Dar Mira Residence, Al Meydan Rd, Nad Al Sheba 1, Dubai, UAE",04 5610000,MULTI-SPECIALITY
ACCESS AL SAJAA CLINIC,SHJ,CLINIC,Industrial area,AL SAJAA INDUSTRIALAREA,06-7678795,MULTI-SPECIALITY
ASTER MEDICAL CENTRE SPORTS CITY,DXB,CLINIC,DUBAI SPORT CITY,DUBAI SPORT CITY,04-4577919,MULTI-SPECIALITY
APOLLO CLINIC LLC,DXB,CLINIC,AL KARAMA,"Ground Floor, Al Arti Plaza, Near Civil Defense, Zabeel St, AL Karama, Dubai, UAE",04-6056056,MULTI-SPECIALITY
A P L Pharmacy LLC,DXB,PHARMACY,AL KARAMA,"Ground Floor, Al Arti Plaza, Near Civil Defense, Zabeel St, AL Karama, Dubai, UAE",04-6056046,PHARMACY
AL FUTTAIM REAL ESTATE LLC-COMPANY CLINIC (HEALTHHUB BRANCH),DXB,CLINIC,DIP,Al Futtaim Engineering-DIP 2,04-5967350,GENERAL PRACTICE
HEALTHHUB CAMP CLINIC - DFC,DXB,CLINIC,FESTIVAL CITY,Novo Cinema Parking Dubai Festival City Mall Dubai,04-2085953,GENERAL PRACTICE
AL ALIYA PHARMACY,RAK,PHARMACY,Dafan Al Khor,"Shop no 8 and 9 sheikh Mohammad bin salim road, near BANIYAS Supermarket, Dafan Al Khor,Ras Al Khaimah, U.A.E",07-227 4566,PHARMACY
GRAND INFINITY MEDICAL CENTER LLC BRANCH,DXB,CLINIC,Deira,Hessyan 2 Area jebel Ali,04-2621791,"GENERAL PRACTICE, INTERNAL SPECIALIST, OBSTETRICS/GYNECOLOGY, PEDIATRICS, DENTAL"
GRAND INFINITY PHARMACY LLC BRANCH,DXB,PHARMACY,Deira,"SHOP NO.4, NEXT TO GRAND EXCELSIOR HOTEL, MUTEENA STREET, DIERA,DUBAI",04-2621791,PHARMACY
ZEST WELLNESS PHARMACY LLC - BRANCH OF ABU DHABI 1 (ASTER PHARMACY GROUP),AUH,PHARMACY,KHALIFA CITY,"Unit 07 & 08, Waitrose centre, Khalifa City,SW-3, Sector 32, Theyab Bin Eissa st, Abu Dhabi, UAE",02-5653462,PHARMACY
JUNAH PHARMACY LLC,SHJ,PHARMACY,WASIT STREET,"58 Wasit Street, Al Azra, Sharjah, Uae",06-7411031,PHARMACY
MOTHER AND FETUSES MEDICAL CENTER LLC,SHJ,CLINIC,WASIT STREET,"58 Wasit Street, Al Azra, Sharjah, Uae",06-7411031,MULTI-SPECIALITY
MEDPLUS MEDICAL CENTRE LLC,RAK,CLINIC,AL NAKHEEL,Golden Crown Building,07-2369006,MULTI-SPECIALITY
MEDPLUS PHARMACY LLC,RAK,PHARMACY,AL NAKHEEL,Golden Crown Building,07-2369006,PHARMACY
DR. CHOI'S CHIROPRACTIC CLINIC FZ-LLC,DXB,CLINIC,DUBAI HEALTHCARE CITY,"Room 1005, First floor, Al razi Bldg 64, Block A, Dubai Healthcare City, Dubai, UAE",04-5896512,ALTERNATIVE MEDICINE-CHIROPRACTY
LIFE PHARMACY BARSHA SOUTH FOURTH EXPRESS CLINIC,DXB,CLINIC,AL BARSHA,LIFE PHARMACY BARSHA SOUTH FOURTH EXPRESS CLINIC The Manhattan Al Barsha South,045610000,GENERAL PRACTICE
GAYATHY HOSPITAL IN PATIENT PHARMACY,AUH,PHARMACY,Ruwais,"Ruwais, Nr Riyathi, | Abu Dhabi | United Arab Emirates",02-8070000,PHARMACY
SILA HOSPITAL IN PATIENT PHARMACY,AUH,PHARMACY,Abu DhabiLandmark,"Abu Dhabi-Sila Road (E 11), Al Sila, Abu DhabiLandmark: Opposite Al Sila Park",02-8070000,PHARMACY
SEHA KIDNEY CARE CENTER - AL AIN PHARMACY,AUH,PHARMACY,Al Ain,"Tawam, Near Abela Supermarket, Al Ain - Abu Dhabi",03-7072993,PHARMACY
Abu Dhabi Airport Medical Center,AUH,CLINIC,"Abu Dhabi International Airport,","Abu Dhabi International Airport, Abu Dhabi",02 575 7875,MULTI-SPECIALITY
Disease Prevention and Screening Center- Shahama,AUH,CLINIC,Al Shahama,"Al Shahama, Opp. Abu Dhabi Islamic Bank - Abu Dhabi",02 811 4263,MULTI-SPECIALITY
ETIHAD VISA SCREENING CENTER,AUH,CLINIC,Khalifa,"Khalifa A, Etihad Plaza - Abu Dhabi",800 50,MULTI-SPECIALITY
MOBILE MAMMOGRAPHY UNIT,AUH,CLINIC,Al Ain,"Al ain, Abu dhabi",02-7113000,MULTI-SPECIALITY
SEHA Dialysis Services - Tawam Hospital,AUH,CLINIC,Al Ain,Tawam Campus Tawam Campus Tawam Campus,02-5012925,MULTI-SPECIALITY
Al Ain Dental Center,AUH,CLINIC,AL MAQAM,AL MAQAM 15258 UAE,02-7112830,MULTI-SPECIALITY
Disease Prevention and Screening Center- Delma,AUH,CLINIC,"Western Region,","Western Region, Delma Island, Abudhabi.",02-8781888,MULTI-SPECIALITY
Disease Prevention and Screening Center- Mussafah,AUH,CLINIC,Al Ain,"Al Ain-Abu Dhabi Road, Mussafah, Opposite Adnoc Petrol Station",02 651 0555,MULTI-SPECIALITY
Madinat Mohamed Bin Zayed Healthcare Center Pharmacy,AUH,PHARMACY,Abu Dhabi,"Zone 15, MBZ , Abu Dhabi",80050,PHARMACY
Al Khazna HealthCare Center Pharmacy,AUH,PHARMACY,Al Ain,"Al Khazna Area, Al Ain",02 566 1350,PHARMACY
Neima Healthcare Center Pharmacy,AUH,PHARMACY,Abu Dhabi,106th St. Omar Bin Al Khattab,03-746 1541,PHARMACY
Al Jahili Healthcare Center Pharmacy,AUH,PHARMACY,Al Ain,"Jahli District 16, Al Ain",03-746 2021,PHARMACY
Al Quaa HealthCare Center Pharmacy,AUH,PHARMACY,Al Ain,"Eastern Al Ain Region, Border of Oman ,Al Qua , AUH",03-746 2321,PHARMACY
Al Hili HealthCare Pharmacy,AUH,PHARMACY,Al Ain,"Ndood Jham, Hili, Al Ain",03-7845328,PHARMACY
Al Muweiji HealthCareCenter Pharmacy,AUH,PHARMACY,Al Ain,"Al Muweiji Area, Al Ain",03 767 8864,PHARMACY
Al Maqam HealthCare Center Pharmacy,AUH,PHARMACY,Al Ain,"23rd St. Al Maqam District, Eastern Al Ain Region, Al Maqam Area, Al Ain City",02-8114000,PHARMACY
Al Yahar HealthCare Center Pharmacy,AUH,PHARMACY,Al Ain,"Al Jahili, Downtown Al Ain next to Megamart Jahli",03-746 2561,PHARMACY
Mezyad HealthCare Center Pharmacy,AUH,PHARMACY,Sheik Maktoum Road,"22nd Shiek Maktoum Road, New Samha, Abu Dhabi",02-811 4321,PHARMACY
Zakher HealthCare Center Pharmacy,AUH,PHARMACY,Abu Dhabi,"Eastren Region, Zakher Area, AAN",03 782 8042,PHARMACY
Al Mushrif Children's Specialty Centre Pharmacy,AUH,PHARMACY,Mushrif Area,"Mushrif Area , Airport Road nearby Al-Nahda School, AUH",02- 8191568,PHARMACY
Disease Prevention and Screening Center Pharmacy- Al Ain,AUH,PHARMACY,Al Ain,"Shakhboot Bin Sultan Street (#131), Opposite Al Ain Hospital, Al Ain - Abu Dhabi",03- 7627777,PHARMACY
Disease Prevention and Screening Center Pharmacy- Abu Dhabi,AUH,PHARMACY,Abu Dhabi,Al Karamah Street - Abu Dhabi,02 711 4000,PHARMACY
Al Towayya Children's Specialty Centre Pharmacy,AUH,CLINIC,Al Ain,"111th St. Al Towayya, Al Ain",800 50,MULTI-SPECIALITY
Al Shamkha Healthcare Center,AUH,CLINIC,Abu Dhabi,"Area 20, 31st St. Abu Dhabi-Sweihan Road, Shamka",800 50,MULTI-SPECIALITY
Disease Prevention and Screening Center- Madinat Zayed,AUH,CLINIC,Abu Dhabi,"Madinat Zayed Old Hospital, AUH",02-8846223,MULTI-SPECIALITY
Al Mushrif Children's Specialty Centre,AUH,CLINIC,Abu Dhabi,"Mushrif Area , Airport Road nearby Al-Nahda School, AUH",02 8191568,MULTI-SPECIALITY
SEHA KIDNEY CARE CENTER - CENTRAL PHARAMCY,AUH,PHARMACY,Abu Dhabi,"(Administration Offices, 2nd floor), close to Mafraq Hospital)",02-5012925,PHARMACY
SHEIKH KHALIFA MEDICAL CITY PHARMACY - INPATIENT,AUH,PHARMACY,Abu Dhabi,"Karama Street, Abu Dhabi City,",02-8190000,PHARMACY
Sir Baniyas Clinic,AUH,CLINIC,Abu Dhabi,"Bani Yas, Abu Dhabi, United Arab Emirates",02-8070000,MULTI-SPECIALITY
Sheikh Khalifa Medical City (SKMC) (R30),AUH,HOSPITAL,Abu Dhabi,"Karama Street, Abu Dhabi City,",02-8190000,GENERAL
Al Jahli Healthcare Center,AUH,CLINIC,Al Ain,"Jahli District 16, Al Ain",800 50,MULTI-SPECIALITY
AL SAMHA HEALTHCARE CENTER,AUH,CLINIC,Al Samha Bridge,"Al Samha Bridge, Middle Region, Abu Dhabi",5620048,MULTI-SPECIALITY
Al Bahya Healthcare Center,AUH,CLINIC,Abu Dhabi,"Middle Region in front of old Bus Station, AUH",02-5632599,MULTI-SPECIALITY
DISEASE PREVENTION AND SCREENING CENTER - BANIYAS,AUH,CLINIC,Abu Dhabi,"Middle Region , East 7 Baniyas , Abu Dhabi",5831733,MULTI-SPECIALITY
AL MAQTAA HEALTHCARE CENTER,AUH,CLINIC,Abu Dhabi,"30th St. Khaleej Al Rabi, Maqta Road, Abu Dhabi",02-5757875,MULTI-SPECIALITY
SIR BANIYAS CLINIC PHARMACY,AUH,PHARMACY,Abu Dhabi,"Bani Yas, Abu Dhabi, United Arab Emirates",02-8070000,PHARMACY
Al Towayya Children's Specialty Centre,AUH,CLINIC,Al Ain,"111th St. Al Towayya, Al Ain",03-7677444,MULTI-SPECIALITY
SEHA KIDNEY CARE CENTER - ABU DHABI,AUH,CLINIC,Abu Dhabi,"Karama Street, Abu Dhabi City,",02-5012925,MULTI-SPECIALITY
SEHA KIDNEY CARE CENTER - AL AIN,AUH,CLINIC,Al Ain,"Tawam, Near Abela Supermarket, Al Ain - Abu Dhabi",02-5012925,MULTI-SPECIALITY
Al Corniche Womens Health Center Pharmacy,AUH,PHARMACY,Abu Dhabi,Corniche Street beside Sheraton Abu Dhabi,02-6724900,PHARMACY
ONCOLOGY OUTPATIENT PHARMACY,AUH,PHARMACY,Abu Dhabi,"Tawam Campus, Maqam Street",03-7075940,PHARMACY
BRIGHT LIFE MEDICAL CENTER,DXB,CLINIC,DUBAI INVESTMENT PARK-2,"PA SON HYPERMARKET BUILDING, DUBAI INVESTMENT PARK-2, DUBAI, U.A.E",04-8833000,MULTI-SPECIALITY
GOOD WILL CLINIC L.L.C,DXB,CLINIC,JABAL ALI INDUSTRIAL AREA,"AL BATEEL MALL, JABAL ALI INDUSTRIAL AREA, JABAL ALI, DUBAI, U.A.E",04-8848777,MULTI-SPECIALITY
BRIGHT CARE CLINIC L.L.C,DXB,CLINIC,DUBAI INVESTMENT PARK-1,"G33 BUILDING, GROUND FLOOR, AIKO MALL, DIP-1, DUBAI,U.A.E",971-55-7758011,MULTI-SPECIALITY
GOODWILL PHARMACY L.L.C,DXB,PHARMACY,JABAL ALI INDUSTRIAL AREA,"AL BATEEL MALL, JABAL ALI INDUSTRIAL AREA, JABAL ALI, DUBAI, U.A.E",04-8848777,PHARMACY
Bab Al Hayat Pharmacy L L C,DXB,PHARMACY,DIP-2,"FIDA AL MADINA HYPER MARKET BUILD, 38,C539, DIP-2, DUBAI, Dubai, United Arab",04-8831248,PHARMACY
BAB AL NOOR PHARMACY L.L.C,DXB,PHARMACY,MUHAISNAH SECOND,"MUSTHAFA MALL, 19TH ALGERIA STREET, MUHAISNAH SECOND, DUBAI, Dubai, United Arab Emirates",04-3444293,PHARMACY
SEHA AL NOOR PHARMACY L.L.C,DXB,PHARMACY,DUBAI INVESTMENT PARK-1,"G33 BUILDING, GROUND FLOOR, AIKO MALL, DIP-1, DUBAI,U.A.E",971-55-7758011,PHARMACY
ZAHRAT AL NOOR PHARMACY L.L.C,DXB,PHARMACY,DUBAI INVESTMENT PARK-2,"PA SON HYPERMARKET BUILDING, DUBAI INVESTMENT PARK-2, DUBAI, U.A.E",04-8814111,PHARMACY
ALYA MEDICAL CENTRE L.L.C-RAK,RAK,CLINIC,AL QUSAIDAT,"ADIL AL NUAIMI BUILDING,M-FLOOR,SHEIKH SAQR BIN MUHAMMAD AL QASIMI STREET,AL QUSAIDAT, RAS AL KHAIMAH, U.A.E",07-2441235,MULTI-SPECIALITY
ALYA PHARMACY L.L.C,RAK,PHARMACY,AL QUSAIDAT,"ADIL AL NUAIMI BUILDING,M-FLOOR,SHEIKH SAQR BIN MUHAMMAD AL QASIMI STREET,AL QUSAIDAT, RAS AL KHAIMAH, U.A.E",07-2441235,PHARMACY
GMG MEDICAL CENTER LLC,DXB,CLINIC,AL QOUZ THIRD,"RNA RESOURCE BUILDING, BEHIND BELHASA DRIVING SCHOOL,AL QOUZ-4,DUBAI, U.A.E",04-2201918,MULTI-SPECIALITY
AL AFDAL MEDICAL CENTER LLC,AUH,CLINIC,AL ZAHIYA,"BUILDING NO-982, OFFICE NO-M4,SECTOR E13, TOURIS CLUB,MINA STREET, ABU DHABI, U.A.E",02-6355325,MULTI-SPECIALITY
QASR AL SHIFA PHARMACY LLC,SHJ,PHARMACY,AL NAHDA-3,"NEW FAISAL TOWER, NEAR TO AL KHAYAM NAKERY, AL NAHDA-3, SHARJAH, U.A.E",06-5252199,PHARMACY
PUBLIC LIFE PHARMACY L.L.C,AUH,PHARMACY,MUSSAFAH,"SHOP NO-4, PARCO MALL, WORKES VILLAGE, AL MAFRAQ INDUSRIAL AREA, MUSSAFAH, ABU DHABI , U.A.E",02-5563658,PHARMACY
AL SHEROUQ MEDICAL CENTER,SHJ,CLINIC,AL AROUBA,"AL AROOBA STREET,ORIENT BUILDING,1st FLOOR Falt No 11,ROLLA",06-5353039,MULTI-SPECIALITY
NOOR AL SHEFA CLINIC BRANCH 4,DXB,CLINIC,JAFZA,"Meena Retail Fze Building,Opposite Village Hyper Market,Near Gate 7,Jafza,Dubai",04-8844666,GP CLINIC
SAMARY PHARMACY BRANCH LLC,DXB,PHARMACY,JAFZA,"Jafza Commercial Center,Jafza South Accomodation,Jebel Ali Free Zone,Dubai,UAE",04-8817530,PHARMACY
LIFE PHARMACY 124 (BR. OF LIFE PHARMACY LLC),DXB,PHARMACY,INTERNATIONAL CITY,"International City SHOP NO#1,2,3&4,CHEZ MOI BUILDING,PHASE 2,SHAKLAN",04-4566737,PHARMACY
LIFE PHARMACY L.L.C - BRANCH OF ABU DHABI 130,AUH,PHARMACY,AL SHAHAMA,"SHOP NO #1, AL SHAHAMAH, Abu Dhabi",04-4566737,PHARMACY
LIFE PHARMACY LLC - BRANCH OF ABU DHABI 17,AUH,PHARMACY,MUSAFFAH,"UNIT NO: 3 IN P/704 BUILDING, MUSSAFAH ME 10",04-4566737,PHARMACY
LIFE PHARMACY 125 BR. OF LIFE PHARMACY LLC,DXB,PHARMACY,NAD AL SHEBA 1,"DAR MIRA RESIDENCE, AL MEYDAN RD, NAD AL SHEBA 1, DUBAI, UAE",04-4566737,PHARMACY
LIFE PHARMACY 138 BR OF LIFE PHARMACY LLC,DXB,PHARMACY,AL SAFA,"RETAIL 1, 2, 3, PLOT NO: 1198, (BARARI HILLS) WADI AL SAFA 3, MAJAN,DUBAI,UAE",04-4566737,PHARMACY
LIFE MEDICAL CENTRE 7 (BR OF LIFE CLINIC L.L.C),DXB,CLINIC,TRADE CENTRE,"PLOT NO#3360301,UNIT NO#APTA-FLRSG-SB01,02,03,04&05,THE APARTMENTS BLOCK A,WORLD TRADE CENTRE,DUBAI,UAE",045610000,GENERAL
DR JOY DENTAL CLINIC MIRDIF SPORT SOCIETY BRANCH,DXB,CLINIC,MIRDIF,Unit- L2-A-305- Second Floor Mirdif Sports Society Mall,04 6072505,DENTAL
DR JOY DENTAL CLINIC L.L.C-AL WARQA,DXB,CLINIC,Al Warqa 2,Algeria St - Al Warqa - Al Warqa 2 - Dubai,800 37569,DENTAL
MODERN FAMILY CLINIC LLC Branch (Alquoz),DXB,CLINIC,AL QOUZ SECOND,"AL QOUZ IND.SECOND, Wasl Labour Camp, Unit/Villa No. Shop No 5",04-3343263,MULTI-SPECIALITY
MODERN FAMILY CLINIC LLC Branch (Barsha),DXB,CLINIC,AL BARSHA 1,"Ground Floor, Al Barsha Business Centre - Al Barsha - Al Barsha 1 - Dubai",04-3343263,MULTI-SPECIALITY
MODERN FAMILY PHARMACY LLC Branch (Barsha),DXB,PHARMACY,AL BARSHA 1,"Ground Floor, Al Barsha Business Centre - Al Barsha - Al Barsha 1 - Dubai",04-3343263,PHARMACY
MODERN FAMILY PHARMACY LLC Branch (Alquoz),DXB,PHARMACY,AL QOUZ SECOND,"AL QOUZ IND.SECOND, Wasl Labour Camp, Unit/Villa No. Shop No 5",04-3343263,PHARMACY
MODERN FAMILY PHARMACY LLC SHJ Branch,DXB,PHARMACY,ABU SHAGARA,"CITY TOWER BUILDING, Near,Abushagara Park, ABUSHAGARA",05-64806435,PHARMACY
THE KAIRON POLYCLINIC LLC,SHJ,CLINIC,WADI AL ASAFA 7,The Sustainable city - wadi al safa 7,04-8759200,MULTI-SPECIALITY
CAREPLUS MEDICAL CENTER L.L.C-AJMAN,AJM,CLINIC,AL RASHIDIYA 3,opposite Lulu Hypermarket - Al Rashidiya 3 - Ajman,06-7473341,MULTI-SPECIALITY
EAZY CARE MEDICAL CENTER L.L.C,AJM,CLINIC,MOWAIHAT 3,"MOWAIHAT-3 , NEAR ADNOC PETROL STATION ,AJMAN",06-7458050,MULTI-SPECIALITY
EAZY CARE PHARMACY L.L.C,AJM,PHARMACY,MOWAIHAT 3,"MOWAIHAT-3 , NEAR ADNOC PETROL STATION ,AJMAN",06-7458050,PHARMACY
AL FATEH MEDICAL CENTER-RAK,RAK,CLINIC,AL GHAIL,"AL GHAIL,CX7W+862-RAS AL KHAIMAH.UAE""",05-29814111,GENERAL
DAR AL FATEH PHARMACY,RAK,PHARMACY,AL GHAIL,"AL GHAIL,CX7W+862-RAS AL KHAIMAH.UAE""",05-29814111,PHARMACY
AMSA MEDICAL CENTER AND KIDNEY CARE,DXB,CLINIC,DEIRA,"Business Avenue, 1, 29a St, Port Saeed - Deira - Dubai",04-4542626,MULTI-SPECIALITY
AMSA PHARMACY LLC,DXB,PHARMACY,DEIRA,"Business Avenue, 1, 29a St, Port Saeed - Deira - Dubai",04-4542626,MULTI-SPECIALITY
