PROVIDER NAME,EMIRATE,PROVIDER TYPE,AREA,ADDRESS,TELEPHONE
Aaliya Medical Centre,AJM,Clinic,Al Bustan,"Near Lulu Hyper Market, Kuwait Hospital Street, Al Bustan,  Ajman.",67475599
Advanced Medical Centre-Ajman,AJM,Clinic,Al Bustan,"Above Uae Exchange, Citymart Bldg, Opp. Lulu Supermarket - Ajman",67459969
Al Bustan Medical Clinic,AJM,Clinic,Jurf Area,"Near Lucky Centre, Near China Mall , Jurf",67488202
Al Gharafa Medical Centre-Ajman,AJM,Clinic,Karama Plaza,"Karama Plaza Builidng, 3Rd Floor , Ajman",67448322
Al Rukn Medical Center,AJM,Clinic,Humaidiya Al Zahara,"Manar Al Yamar Building Opposite Al Hooth Supermarket, Humaidiya Al Zahara",7402209
Al Sanaiya Clinic-AJM,AJM,Clinic,Industrial Area,"New Industrial Area, Next To China Mall, Al Jurf, Ajman",67484110
Al Sultan Medical Center LLC,AJM,Clinic,Mushierif Street,Al Sultan Medical Center Meishariff Ajman Near City Center,67444188
Elaj Medical Centre L.L.C.,AJM,Clinic,Ramilah,"Ramilah 3, Opposite Ajman One Tower, Sheikh Rahid Bin Humaid Street, Ajman, United Arab Emirates",66741888
LLH Specialist Medical Centre,AJM,Clinic,Ajman,"Mariyam Tower,Near Al Futaim toyota show room, Nuaimia",67486747
Metro Medical Centre LLC - Ajman,AJM,Clinic,Al Nuaimia,"Metro Medical Centre, Al Nuaimia Area , Sheikh Khalifa Bin Zayed Street, Al Bader Bldg, Ajman",67469694
Al Naumia Medical Centre,AJM,Clinic,New Sanaiya,"Po Box 20772 New Sanaiya Industrial Area, 
Near Sun City Opp Suncity Supermarket, Ajman- Uae",67430369
New Ibin Sina Medical Center - AJM,AJM,Clinic,Sheikh Rashid Bin Humaid,"Near Ajman Taraffic & Licensing Department, Sheik Rashid Bin Humaid 1St Street",67413330
National Clinic - AJM,AJM,Clinic,Near GMC Hospital,Po Box 20772 Opp Blue Diamond Garments- Ajman- Uae,67480780
Red Maple Medical Center L.L.C. Ex: Medilife Medical Center LLC,AJM,Clinic,Jurf Ind Area 3,"2871, Al Bahya, Al Jurf 3, Ajman, Uae.",67481778
Right Health Clinic Jurf LLC,AJM,Clinic,Al Jurf,Po Box 3484 Shop No 1 Jurf Industrial Zone 2 - Ajman,67494969
Right Health Clinic Jurf2 LLC,AJM,Clinic,Jurf Industrial Zone 2,Jurf Industrial Area 2 - Jurf Industrial Area,67404141
Ajman Specialty General Hospital,AJM,Hospital,New Industrial Zone,"New Vegetable Market, Hamedeya St., New Industrial Zone,Ajman",7484999
Amina Hospital,AJM,Hospital,Al Quds,"Amina Hospital Building, Behind Dreamsea Discount Centre, Shaik Rashid Bin Humeed Street,  Al Quds, Ajman",67114444
Al Elaj Pharmacy LLC,AJM,Pharmacy,Rumaila 3,"Union Bank Building, Ajman 1 Buildings, Rumaila 3",7472601
Al Khaleej Pharmacy - AJM,AJM,Pharmacy,Al Sawan,"Behind Dream Sea Discount Centre, Al Qdusa Street, Rashidiya - Ajman",67444189
Al Marsa Pharmacy,AJM,Pharmacy,Al Jerf,University Street near Khalifa Hospital Al Jerf Ajman,67473383
Al Najem Pharmacy,AJM,Pharmacy,Ajman  New Industrial Area 2,"Ajman  New Industrial Area 2, Ajman UAE",67468070
Al Nuaimia Pharmacy,AJM,Pharmacy,Al Nuaimiyah Area,"Al Nuaimiyah Area, near Farmland Hypermarket, Safeer Mall",67467871
Al Saqer Pharmacy,AJM,Pharmacy,Al Bustan,"Musalla Souq Ajman, Near Ajman Museum",67488329
Al Shifa Pharmacy-Ajman,AJM,Pharmacy,New Industrial,"Near Al Haramain Perfumes, Industrial Area-1, Al Zahra- Ajman",67481477
Arabian Pharmacy - AJM,AJM,Pharmacy,Al Jurf,"Near Ajman Taraffic & Licensing Department, Sheik Rashid Bin Humaid 1St Street",67417887
Dajla Pharmacy LLC,AJM,Pharmacy,Nuaima,"Al Nasser Building Opp Sharjah Cooperative, Near Ajman TV Building, Nuaimia, Ajman",7466704
Emirates Pharmacy-Ajman,AJM,Pharmacy,Al Bustan,"Near Lulu Hyper Market, Kuwait Hospital Street, Al Bustan,  Ajman.",67474900
Grand Emirates Pharmacy LLC-AJM,AJM,Pharmacy,Corniche,"Amina Medical Centre Building, Behind Ajman University, Near City Life Mall, Al Jurf, Ajman",67033778
Hala Pharmacy LLC Branch 01,AJM,Pharmacy,Ajman City Centre,"Unit No:58, Ground Floor, Entrance D, Ajman City Centre, Ajman , UAE",45610000
Maple Pharmacy L.L.C. Ex: Medilife Pharmacy LLC,AJM,Pharmacy,Jurf Ind Area 3,"2871, Al Bahya, Al Jurf 3, Ajman, Uae.",67481778
Medicare Pharmacy LLC,AJM,Pharmacy,Hassan Bin Haitham Street,Lucky Round About  Hassan Bin Haitham St  Ajman Industrial 2  Ajman,67646539
Metro Pharmacy,AJM,Pharmacy,Al Jurf-Industrial Area 3,Metro Pharmacy Al Jurf Ajman,67469664
Metromeds Pharmacy - Ajman,AJM,Pharmacy,Nuaimia,"Metro Meds Pharmacy, Ground Floor, Bader Bldg, Al Nuaimia Area, Sheilh Khalika Street, Ajman",67469692
New Medical Centre Pharmacy Branch,AJM,Pharmacy,Rashidiya 1,"Near Safeer Hypermarket ,Samha Plaza,Opp Al Khor Tower, Rashidiya - Ajman",67147600
New Sanaiya Pharmacy- AJM,AJM,Pharmacy,Near Gmc Hosp,"Po Box 3484 New Sanaiya Industrial Area, 
Near Sun City Supermarket, Ajman - U.A.E.",67434034
Northern Al Ahlia Pharmacy,AJM,Pharmacy,Al Bustan,"Al Wakf Building Behind Ajman General Post Office & NBAD, Al Bustan",67401876
Right Health Pharmacy Jurf LLC,AJM,Pharmacy,Al Jurf,Jurf Industrial Area 2,67494969
Right Health Pharmacy Jurf2 LLC,AJM,Pharmacy,Jurf Industrial Zone 2,Jurf Industrial Area 2 - Jurf Industrial Area,67404141
Modern Pharmacy L.L.C (Sole Proprietorship) -Branch-06 (Ex.Thumbay Pharmacy),AJM,Pharmacy,Al Nakheel Area,"Thumbay Pharmacy-Ajman
Ummar Ibnu Al Khathab Road
Al Nakheel Area-Near Chamber Of Commerce
Al Nakheel 1
P.O Box #4184
Ajman",67470701
Modern Pharmacy L.L.C (Sole Proprietorship) - Branch-05 ( Ex. Thumbay Pharmacy 1),AJM,Pharmacy,Mushrif Commercial Area,"Thumbay Pharmacy-1
Mariyam Ahmed Wosaeed Mohammed Al Kitbi Building
Al Ittihad Street
Mushrif Commercial Area,Rashidiya 1
P.O Box # 4184
Ajman",67453771
Modern Pharmacy Llc (Sole Proprietorship) Branch 03( Ex.Thumbay Pharmacy 13),AJM,Pharmacy,Naumiyeah 1,"Area :Naumiyeah-1, Behind Old Souq Al Markazi
Street :Kuwait Street 
Building Name  :Rashed Muhammed Obaid Bin Jarsh Building
City                  :Ajman
State                 :Ajman",67319494
Modern Pharmacy L.L.C (Sole Proprietorship)-Branch 01( Ex. Thumbay Pharmacy 15),AJM,Pharmacy,Hamidiya,"Street:Sheikh Maktoum Bin Rashid St. – Ajman
Building Name-Al Kenz Hypermarket
City-Hamidiya
State-Ajman",67450792
Modern Pharmacy L.L.C (Sole Proprietorship) -Branch 02 (Ex. Thumbay Pharmacy 2),AJM,Pharmacy,Nuaimiya 1,"Thumbay Pharmacy 2
 Shara Sheikh Sayeed Road
Near Royal Furniture
Nuaimiya-1
P.O Box #4184
Ajman",67051594
Thumbay Pharmacy 3,AJM,Pharmacy,Al Rumailah 1,"Shop No. : 11
Building Name : Al Rawabi 7 Building
Street Name : Sheikh Rashid Bin Humeed Street
Area Name : Al Rumailah 1
City: Ajman 
Land Mark: Building Of Thumbay Clinic Ajman .. Near Honda Showroom",67448605
Modern Pharmacy L.L.C (Sole Proprietorship) -Branch 04( Ex.Thumbay Pharmacy 5),AJM,Pharmacy,Al Siwan,"Al Siwan
Al Ittihad Building(Previously Human Appeal Building)
Bader Street
P.O Box #4184
Ajman",67454883
Al Farabi Medical Center L.L.C. (Ex: Al Farabi Medical Clinic),AUH,Clinic,Al Ain Main St.,"Flat  13, First Floor, Al Fardan Exchange Building, Above Al Fardan Exchange, Main Street, Al Ain U.A.E",37515383
Abu Dhabi Marine Operating Company Clinic (Adma Opco),AUH,Clinic,Offshore,Offshore,6063300
Adam & Eve Specialized Medical Center - AUH,AUH,Clinic,Electra Street,"Adam And Eve Medical Center,01 Floor ,Pink Building,Near Royal Rose Hotel, Electra Street, Abu Dhabi",6767366
Adco Medical Centre,AUH,Clinic,Corniche,"Adnoc  Onshore,Khalidiya Abudhabi",26018587; 26043013
Adnoc Technicial Instituite Clinic-Ati,AUH,Clinic,Al Shawamekh,Near Schlumberger - Al Shamkhah - Abu Dhabi,26022894
Al Dhafra Modern Clinic - AUH,AUH,Clinic,Madinat Zayed,"Al Dhafra Region,Beda Zayed, Abu Dhabi",28846651
Dhiyara Medical Center (Ex. Al Dhahery Clinic - AAN),AUH,Clinic,Central District,"Mezzanine Floor, Flat No.1,Building  No.18 ,Zayed Ibn Sultan Street, Street No.137, Town Center, Central District, Al Ain, Near Al Ansari Exchange.",33766882
Al Falah Medical Center - AUH,AUH,Clinic,Al Rumeithy,"Electra Street, Opposite Al Muna Academy, Beside Besto Supermarkete3 - Abu Dhabi",02611814
Healthline Medical Center LLC,AUH,Clinic,Shamkha,"Near One Time supermarket Al Riyadh, Shamkha Abu Dhabi",25668600
Al Hassan Dental Center,AUH,Clinic,Town Center,"Al Hassan Dental Center, Hessa Bint Mohammed 118 St. Near Tashseel Al Ain Uae",37376003
Al Karama Medical Clinic-AUH,AUH,Clinic,Baniyas,"Balidia Market ,Banyas East Sector 8 Abudhabi",26720204
Al Khazna Medical Center,AUH,Clinic,Musaffah,"Bldg # C 169, Shabiya M-9 Lebanese Roaster Building, M Floor # M2 Near to Al Najah PVT School Musaffah, Abu Dhabi",5560042
Clinics - Mediclinic Hospitals L.L.C. - (Zakher) Ex: Al Madar Medical Center- Branch 1 - AAN,AUH,Clinic,"Al Maqam,","Hazza Bin Sultan St - Zakhir - Al Ain,Abu Dhabi",8002000
Al Maria Medical Centre,AUH,Clinic,Electra Street,"Near Safa Express Supermarket,Electrea Street",26339722
Al Meena Medical Centre,AUH,Clinic,Hamdan,"Hilton Road, Opp.Murabha Lulu, Ahmed Shamsi Building, Alain",27800762
Clinics - Mediclinic Hospitals L.L.C. Branch 10 Ex: Al Noor Hospital Clinic- Al Ain- Branch 3,AUH,Clinic,Al Bawadi,Mezyad Road   Bawadi Mall   Alain,8002000
Excellency Ghayathi Poly Clinics,AUH,Clinic,Ghiyathi,13 Al Faseehah St - Ghiyathi - Abu Dhabi,26777676
Mediclinic Hospitals - Marawah Clinics,AUH,Clinic,Braka,"Braka, Western Region",8092100
Al Noor Medical Center - AAN,AUH,Clinic,Murabba,Alor Medical Cenetr Zayed Bin Sultan Street  Bldg .81St Floor Flat 2 Pobox 1576 Alain,27662072
Al Raneen Medical Center - AAN,AUH,Clinic,Murabba,"Town Centre, Lucky Plaza Building, Near Hayat Centre, M2 Floor",27655602
Al Sultan Advanced Medical Poly Clinic - (Al Sultan Modern Hospital),AUH,Clinic,Falaj Hazzaa,"Street 69, Jafeer Jadeed, Falaj Hazza, Al Ain, Abu Dhabi",37806111
Al Wahda Medical Centre - AUH,AUH,Clinic,Airport Road,"Al Asri Bin Zayed Al Haili Building, M Floor, Defence Road, Abu Dhabi",26418383
Alpha Medical Centre LLC,AUH,Clinic,Musaffah,"Al Firdous Centre Plot#1, Opp Alfahim, Sanaya M3, Musaffah, Abu Dhabi",25558383
Arabian Island Medical Center - AUH,AUH,Clinic,Mussafah Shabaya,"Bldg 209, Same Bldg Al Jazeera Pharmacy, Main Road, Mussafah Shabaya, Abu Dhabi",5520250
Arzanah Clinic,AUH,Clinic,Offshore,Off Shore Abudhabi,26057300
Asab Clinic - AUH,AUH,Clinic,Al Ruwais,"Al Dhafra ,Western Region,Onshore Abudhabi",26034222
Bab Al Madina Medical Center LLC,AUH,Clinic,Musaffah,"M-26, Mussafah, Shop No. 06, Near Grand Mosque, Abu Dhabi - Uae",26422464
Buhasa Clinic  - AUH,AUH,Clinic,Al Ruwais,"Al Dhafra ,Western Region,Onshore Abudhabi",26035272
Burjeel Oasis Medical Centre LLC,AUH,Clinic,Madinat Zayed,"Aldhafra Region, Madinat Zayed, Main Street, Aldhafra Sports Club Buildings Block B",80055
Central Clinic L.L.C. - AUH,AUH,Clinic,Hamdan,"Level-2,Hamdan Street, Abu Dhabi",26323497
Central Island Clinic,AUH,Clinic,Offshore,Off Shore Abudhabi,26059602
City Clinic - AUH,AUH,Clinic,Old Passport Rd. Area,"Abdulla Bin Hader Bldg., Near Habib Bank AG Zurich, Muroor Rd., Al Falah St., Old Passport Rd. Area",26417226
Clarion Medical Center,AUH,Clinic,Al khalidiya,"Clarion Medical Center- Mezannine Floor, Health First Pharmacy Building (Behind Choitrams Supermarket) Al Khalidiya, Abu Dhabi, Uae",26666675
Clinics - Mediclinic Hospitals L.L.C. - (Al Yahar),AUH,Clinic,Electra Street,"Etisalat Main Bldg, B, Electra St.",4060913
Clinics - Mediclinic Hospitals L.L.C. - (Al Madar) Ex: Al Madar Medical Center Branch (Muwaiji) - AAN,AUH,Clinic,Muwaiji,"Opposite Hazza Bin Zayed Stadium, Al Jimi",27559040
Clinics - Mediclinic Hospitals L.L.C. Branch 10,AUH,Clinic,Mafraq,"Admin Bldg, Al Rayan Labor Camp, Mafraq Industrial Area",6732950
Dabbayia Clinic - AUH,AUH,Clinic,Al Ruwais,"Al Dhafra ,Western Region,Onshore Abudhabi",26046789
Dar Al Shifaa Day Care Surgery LLC,AUH,Clinic,Mussafah,"Najda Street, Abu Dhabi, Uae",26900903
Dr. Gupta Medical Clinic,AUH,Clinic,Electra,"Km Trading Building,1St Floor Office :11,Electra Stree Abu Dhabi",26337357
Eastern Alahili Medical Center - Branch 1,AUH,Clinic,Musaffah,"Bldg. No. - P13, 3Rd Floor, Opp Hamdan Center, Hamdan Street, Hamdan, P.O. Box - 2419",24442235
Emirates Clinic & Medical Services Centre,AUH,Clinic,Al Ain Main St.,"Main Street,Town Centre Near Fifa Sport,Yateem Opticals,Opposite Sheikh Salam Masjid",37644744
Al Emarat Al Awaal Medical Center Ex: Emirates Filipino Medical Clinic,AUH,Clinic,Baniyas East 8,"Baniyas Co-operative Building, Sadd Maareb Pharmacy Building, Baniyas East 8",5832625
Expert Medical Clinic,AUH,Clinic,Hameem Road,"Mojumaat Workers City, Hameem Rd, Abu Dhabi",25867877
First Medical Center LLC,AUH,Clinic,Al Muraqqabat,"7Th Floor,Bu Haleeba Plaza,Al Muraqqabat Street,Deira,Dubai",42976868
Ghanem Medical Clinic _AUH,AUH,Clinic,Hamad Hafsan,"Hamad Hafsan Al Mansouri Bldg., Behind Cassels Residence Hotel, Electra St.",6311745
Golden Choice Medical Center,AUH,Clinic,Musaffah,"Musafah- Sanayya , M14, Auh -Uae",25535544
Golden Health Medical Centre,AUH,Clinic,Hameem Road,"Al Salam Living City, Hameem Rd, Abu Dhabi",25868789
Golden Health Mobile Medical Unit,AUH,Clinic,hamdan street,"6 Hamdan Street Khalifa Street Hamdan Street Abu Dhabi
6 Hamdan Street Khalifa Street Hamdan Street Abu Dhabi",6225566
Golden Sands Medical Centre LLC,AUH,Clinic,Al Falah,"Golden Sands Medical Centre Llc, Al Falah Street, Above Sands Pharmacy, Jumma Eid Almeraikhi Building, Abu Dhabi , Ph-02642717",26427171
Habshan Clinic - AUH,AUH,Clinic,Al Ruwais,"Al Dhafra ,Western Region,Onshore Abudhabi",26038331
Holistic Medical Centre Sole Propreitorship LLC,AUH,Clinic,Khalifa A,Https://Goo.Gl/Maps/E5Rxlrwsatzb1Hym6,26661567
Home Health Medical Centre LLC,AUH,Clinic,Mussafah,"1St Floor, Plot No31, Shabiya -11 Mussafah Abu Dhabi Uae",25530162
Ideal Medical Center LLC - Al Ain Branch,AUH,Clinic,Al Jimi,72 Hamdan Bin Zayed,27626046
Jabel Dhana Clinic - AUH,AUH,Clinic,Al Ruwais,"Jabal Al Dhana Field, Al Dhafra Region, Abu Dhabi, Uae",26022336
Khalifa Medical Centre - AUH,AUH,Clinic,Al Falah,"Khalifa Mohammed Al Hameli Building, 1St Floor, Flat No. 11 & 16, Al Falah Street, Abu Dhabi",26771400
Labors Mobile Medical Unit,AUH,Clinic,Najda Street,"Najda St., Abu Dhabi",6225566
LLH Medical Centre Al Musaffah LLC Branch 1,AUH,Clinic,Mafraq Industry,"Near Labotel Camp, Mafraq Industry",80055
LLH Medical Centre Al Musaffah LLC-Branch 3,AUH,Clinic,Musaffah,"M40, Km Trading Building, Icad, 16 Street
Musaffah.",80055
LLH Medical Centre LLC,AUH,Clinic,AL Markazya,"Building No. C55, Musaffah Shabiya Me Ii, Po Box 92313",80055
Marbella Medical Centre,AUH,Clinic,AL Jimi district,"Opposite Al Noor bakery, 10th street selmi, AL Jimi district, Al Ain",37639000
Medical Speciality Centre LLC,AUH,Clinic,Khalidhiya,"Yateem Opticals Building, Opp. Grant Store, Zayed The 1St Street, Khalidhiya",26336325
Mediclinic Hospitals - Madinat Zayed Speciality Ex: Al Noor Hospital Speciality Clinics - Madinat Zayed,AUH,Clinic,Bida Zayed,"Tabouk St,Al Dhafra Bldg, Sports Club Bldg C",8002000
Mediclinic Hospitals - Baniyas Clinics Ex: Al Noor Hospital Family Care - Baniyas,AUH,Clinic,Baniyas Area,"Baniyas East - 9, Baniyas Abu Dhabi",8002000
Mediclinic Hospitals - Almusafah Speciality,AUH,Clinic,Baraka,"Braka Nuclear Power Plant, Village 2 Braka Nuclear Power Plant, Western Region Ruwais, Abu Dhabi UAE",
Mediclinic Hospitals - Almusafah Speciality,AUH,Clinic,Mussafah,"Shabiya # 10 New Mussafah, Abu Dhabi, Uae",8002000
Clinics - Mediclinic Hospitals L.L.C. - (Al Yahar) Ex: Al Noor Hospital Clinics - Al Ain - Branch 6,AUH,Clinic,Al Yahar North,Al Ain - Al Yahar (Al Amerah),8002000
Munich Medical & Rehabilitation Center LLC (Ex. MEDICLINIC ASPETAR LLC),AUH,Clinic,Falaj Hazza,101 Opposite Falaj Hazza Police Station 4 Falaj Hazza Alain,7638001
Medline Medical Centre LLC,AUH,Clinic,Musaffah,"M26,Industrial Area,Mussafah,Abudhabi",25530577
New Sadd Maareb Medical Centre - AUH,AUH,Clinic,Shahama,"Old Shahama,Near To Adnoc Petrol Station,Abudhabi,Uae",25633073
Noor Al Shifa Medical Center,AUH,Clinic,New Shahama,"New Shahama Duabi -Mafreq Road, Auh -Uae",25633380
Noor Alahli Medical Center,AUH,Clinic,Sanaiya,"Bldg No.243-A, Sanaya, Near Old Police Station, Al Ain, P.O. Box - 83339",37665852
Noor Alahli Medical Center - Branch 1,AUH,Clinic,Mussafah,"Ground Floor, Icad Mall, Icad Gate 1, M41, Icad Residential City, Mussafah, P.O. Box - 2419",25575890
Noor Alahli Medical Center - Branch 2,AUH,Clinic,Industrial Area,"M-9, Shabiyah, Bldg. No C-5 , Near Safeer Mall, Musaffah, P.O. Box - 2419",25530368
Noor Alahli Medical Center - Branch 4,AUH,Clinic,Baniyas West,"Noor Alahli Medical Center Bldg., Near Baniyas Court, Baniyas West, P.O. Box - 2419",25858529
Noor Alahli Medical Center - Branch 6,AUH,Clinic,Hamdan St,"Marfa Souq, Opp Abu Saeed Mosque, Mirfa, P.O. Box - 2419",28833020
Noor Alahli Medical Center- Branch 5,AUH,Clinic,Baniyas,"Near Zenith Supermarket / Daar -Al Uloom Private School, Baniyas, P.O. Box - 2419",25821206
North Island Clinic,AUH,Clinic,Offshore,Off Shore Abudhabi,26059406
Oasis Medical Centre- Branch 1,AUH,Clinic,Al Falah Street,"Mezzanine Floor, Oasis Bldg., Al Falah Street (Old Passport Road), Near Citibank, P.O. Box - 2419",26763282
Oxford Medical Center - AUH,AUH,Clinic,Muroor,"Building Number - 8, Behind Lulu Express, B/W 23Rd And 25Th St, Muroor Road, Po Box - 53275",24489666
Pride Medical Center,AUH,Clinic,Sanaiya,"Near Km Hypermarket And Beside Auto Spa Cars,  Abu Obaida Bin Al Jarrah St., Al Falah St.",23799892
Prime Cure Medical Center (Ex. Prime Medical Center - AUH),AUH,Clinic,Airport Road,"Mezar Salem Besude Wear Mart, Carrefour and Kalyan Silk Airport Road Al Falah Street Abu Dhabi",6342424
Providence International Medical & Cosmetic Center LLC,AUH,Clinic,Al Nahyan Camp,"Musaffah-38,Shop#04&05 Ground Floor,Maryam Abdalla Mehmood Building.",24454867
Qusahwira Medical Center,AUH,Clinic,Al Dhafrah,"Al Dhafra ,Western Region,Onshore Abudhabi",26014678
Rahmath Sila Clinic,AUH,Clinic,Sila Area,"Rahmath Sila Clinic,Uae Exchange Building,Above Al Sila Pharmacy,Abu Dhabi",28724999
Sadd Maareb Medical Centre - AUH,AUH,Clinic,Baniyas,"Adnoc Petrol, East 8, Baniyas, Abu Dhabi",5832629
Sahara Medical Center LLC,AUH,Clinic,Mussafah,"Sahara Medical Center, M44 Musaffah Abu Dhabi",25556393
Sahel Clinic  - AUH,AUH,Clinic,Al Ruwais,"Al Dhafra ,Western Region,Onshore Abudhabi",26049928
Sas Al Nakhl Clinic,AUH,Clinic,Umm Al Nar,Adr Refinary  Abudhabi,26022011
Sehaty Mobile Medical Unit,AUH,Clinic,Najda Street,"Najda St., Abu Dhabi",6225566
Shah Clinic - AUH,AUH,Clinic,Al Ruwais,"Al Dhafra ,Western Region,Onshore Abudhabi",26020541
Sheikh Khalifa Energy Clinic-Adnoc,AUH,Clinic,Corniche,Skec 1 Tower 1 Abudhabi,26020012
South Island Clinic,AUH,Clinic,Offshore,Off Shore Abudhabi,26059012
Star Al Ahalia Medical Center LLC,AUH,Clinic,Gayathi City,"C76, Near Gayathi Market,Gayathi, P.O. Box - 2419",28744677
Star Al Ahalia Pharmacy,AUH,Clinic,Gayathi City,"Bldg. No:- C76, Near Gayathi Market, Gayathi, P.O. Box - 2419",28744060
Sultan Medical Centre - AAN,AUH,Clinic,Sheikh Zayed,"Central District, Al Ain, Abu Dhabi",37641525
Sun Medical Clinic,AUH,Clinic,Sanaiya 5,"Flat No 101, First Floor, Mahmoud Al Baloushi Building, Near Mouzam Trading, Street No 4, Sanaiya, Al Ain, U.A.E",37215434
Sun Medical Clinic Branch,AUH,Clinic,Sanaiya 8th,"Flat No 108, First Floor, Mabrook Trading Building, Near Mubarak Hyper Market, Street No 7, Sanaiya, Al Ain, U.A.E",37803177
Tabibak Medical Center,AUH,Clinic,Baniyas,"Al Rayan Workers Village, Baniyas, Abu Dhabi",6225566
Tabibak Medical Clinic,AUH,Clinic,Habshan,"Habshan, Shop no 2, Block 291, Habshan Abu Hassa road, Wahda Suhail,Al Mazrouei Transport corporation",6225566
Tabibak Mobile Medical Unit,AUH,Clinic,Najda Street,Najda Street,6225566
The Health Team Medical Center LLC,AUH,Clinic,Hai Al Jabel,Al Mutaradh Alain,27372211
Umm Al Dakh Clinic,AUH,Clinic,Offshore,Off Shore Abudhabi,26057300
"Kings College Hospital London, Medical Centre BR Of KCH Health Care LLC- Marina",AUH,Clinic,Marina,"P.O Box  340901, Al Khail Road, Marabea’ East Exit (Dubai Hills), Dubai, United Arab Emirates",45199999
Upper Zakum Clinic,AUH,Clinic,Offshore,Off Shore Abudhabi,26054200
West Island Clinic,AUH,Clinic,Offshore,Off Shore Abudhabi,26059902
Western Towers Al Ahlia Medical Centre,AUH,Clinic,Beda Zayed,"Mze-19, Plot No 158, Shop No: 10, Sanaya, P.O. Box - 2419",28840522
Yas Healthcare LLC,AUH,Clinic,Muroor,"Dusit Thani Commercial Complex - P.O. Box 44852 - Muroor Road, Opposite Al Jazeera Club - Abu Dhabi, U A E",23336999
Zirku Medical Center,AUH,Clinic,Offshore,Off Shore Abudhabi,26056223
Safe Care Dental Center LLC,AUH,Dental,BANIYAS EAST 3,"Baniyas East 3 Al Mafraq, Taf Shadad Mohammed Al Zahri Building",25868655
Advanced Medical Centre - (Ex.Advanced Medical Laboratory),AUH,Dx & Lab,Al Ain Main St.,"Flat  Mz3, Mezzanine Floor, O General Building, Above Kabab Kofta Restaurant Near Clock Tower Al Ain U.A.E",37641441
Al Taj Medical Laboratory,AUH,DX & Lab,Town Center,"Flat  Mz1, Mezzanine Floor, Al Fardan Exchange Building, Above Al Fardan Exchange, Main Street, Al Ain U.A.E",23766682
Dar Al Mouasah Diagnostic Centre - AUH,AUH,Dx & Lab,hamdan street,"Mezzanine Floor,Plaza Tower,Hamdan Bin Mohammed Street,Opp. Al Maha Rota",26260066
Ideal Clinical Laboratories,AUH,Dx & Lab,Musaffah,"C-44 Building,Mezzanine Floor, Shabiya 10, Musaffah,  Abu Dhabi, U.A.E.",25558448
Ahalia Hospital,AUH,Hospital,Hamdan,"Ahalia Hospital, Hamdan Street, P.O. Box - 2419",26262666
Al Ahli Hospital Company LLC-Branch 1,AUH,Hospital,Musaffah,"Ahalia Hospital, Tariff Road , M-24, Mussafah, P.O. Box - 2419",28119119
Al Ruwais Hospital - AUH,AUH,Hospital,Al Ruwais Housing 	Al Ruwais,"Abu Dhabi, Ruwais, Near Ruwais Mall",8007267
Life Line Hospital Al Musafah L.L.C (ex- Lifeline Hospital - Day Care Surgery),AUH,Hospital,Musaffah,"Po Box No:  92313,16Th, Street, Sanayya – 7, Industrial Area, Musaffah, Abu Dhabi, United Arab Emirates  (Uae)",80055
Lifecare Hospital - LLC - AUH,AUH,Hospital,Baniyas,"Near Al Raha Village, Mafraq,Baniyas",80055
Lifecare Hospital Musaffah - Branch 1,AUH,Hospital,Mussaffah,"M-24, Near Workers Village Opposite Adnoc Petrol Pump, Musaffah",80055
LifeLine Hospital,AUH,Hospital,Muroor Road,"Al Marwa Tower, Electra Street Abu Dhabi",80055
Burjeel Farha Hospital L.L.C. Ex: Medeor 24X7 International Hospital LLC,AUH,Hospital,Al Ain,Asharej Commercial & Residential Center Opp line of Al Markhania Mall Bida Bin Ammar Aharej Al Ain,7099000
Specialized Medical Care Hospital,AUH,Hospital,Al Jahli,"Al Jahili Area, Near Transport Authority, Al Ain Abu Dhabi",76552291
Abdullah Pharmacy - AUH,AUH,Pharmacy,Industrial Area,"7Th Sreet,Sanaiya.Alain",37216444
Abu Dhabi Pharmacy,AUH,Pharmacy,Najdah St.,Najda St. Abu Dhabi Uae,26772577
Adnoc Onshore Medical Centre Pharmacy,AUH,Pharmacy,Corniche,"Adnoc  Onshore,Khalidiya Abudhabi",26018587; 26043016
Adnoc Technical Institute Pharmacy,AUH,Pharmacy,Airport Road,International Airport Road - Abu Dhabi,26022837
Al Ahalia International Pharmacy,AUH,Pharmacy,Musaffah,"Shabia 11, near Al Noor Hospital",25592624
Al Ahalia National Pharmacy LLC - Branch 1,AUH,Pharmacy,Mussafah,"M 24, Musaffah, Near Bmw Show Room, Tarif Road, P.O. Box - 2419",25597090
Al Ahlia Pharmacy - AUH,AUH,Pharmacy,Al Muroor,4Th St. Muroor Rd. Opposite Masreq Bank Near Burgerista - Abu Dhabi,24486276
Al Ahram Pharmacy,AUH,Pharmacy,AL DANA,Juma Mohd Asyan Al Mansouri Opposite Hamdan Post Office Khalifa Bin Zayed The 1St Street Al Dana Abu Dhabi,26795199
Al Amazon Pharmacy,AUH,Pharmacy,hamdan street,Hamdan Street,25513642
Al Anqood Pharmacy,AUH,Pharmacy,Madinat Zayed,"Plot .198, Shop .8 Madit Zayed, Abu Dhabi, Uae",28845355
Al Bateen Pharmacy - AUH,AUH,Pharmacy,Electra,Abu Dhabi,26766610
Al Dabbayia Pharmacy,AUH,Pharmacy,onshore,"Al Dhafra ,Western Region,Onshore Abudhabi",26034222
Al Daman Pharmacy,AUH,Pharmacy,Khalifa Street,U.A.E-Abu Dhabi-Khalifa Street-Behind Mediclinic Al Noor Hospital -Same Building With Pafka Flower Shop,26320909
Al Dhafra Field Pharmacy - AUH,AUH,Pharmacy,Madinat Zayed,"Al Dhafra Region,Beda Zayed, Abu Dhabi",28845273
Al Furqan Pharmacy-AUH,AUH,Pharmacy,AL MAFRAQ WORKERS CITY 2,"Al Fuqan Pharmacy, Mafraq Workers City 2, China Camp, P.O Box 130387, Abu Dhabi.",26440077
Al Madar Medical Center Pharmacy L.L.C. Ex: Al Madar Medical Center Pharmacy - AAN,AUH,Pharmacy,Al America St.,"Opposite Hazza Bin Zayed Stadium, Al Jimi",8002000
Al Mafraq Pharmacy,AUH,Pharmacy,Baniyas,"Baladia Souq, Near Hamza Secondary School",5833550
Al Magd Center Pharmacy LLC,AUH,Pharmacy,Saniya,"Building Number 5, Behind Al Masood motors, Saniya",37216406
Al Marina Pharmacy - AUH,AUH,Pharmacy,Electra Street,"Near Safa Express Supermarket,Electrea Street",26339722
Al Marina Pharmacy LLC Branch 1,AUH,Pharmacy,Musaffah,"Near Desh Bangla Supermarket,M37,Musaffah",25503115
Al Nasr Pharmacy,AUH,Pharmacy,Al Ain Main St.,"Al Nasr Pharmacy,Al Ain",37655771
Mediclinic Pharmacy - Baniyas Ex: Al Noor Hospital Pharmacy - Baniyas,AUH,Pharmacy,Baniyas,"Baniyas East - 9, Baniyas Abu Dhabi",8002000
Mediclinic Pharmacy - Al Mamoura Ex: Al Noor Pharmacy - Al Mamoura,AUH,Pharmacy,Mamoura,"Muroor St, Abu Dhabi, Uae",8002000
Mediclinic Pharmacy – Al Ain Ex: Al Noor Pharmacy LLC - Branch Mid Town - AUH,AUH,Pharmacy,Khalifa Street,"Al Massa Hotel Bldg., Main City Center Al Ain, Abu Dhabi, Uae",8002000
Al Abeer Pharmacy LLC,AUH,Pharmacy,Madinat Zayed,"Al Raha Building Next To Adnoc Petrol Station Hamdan Street Delma Street Madinat Zayed Area, Abu Dhabi",26330440
Al Rahma Pharmacy - AUH,AUH,Pharmacy,Khalidya,"Al Rahma Pharmacy, Behind Al Muhairy Centre, Khalidiya, Abudhabi",26343495
Al Saada Pharmacy - AUH,AUH,Pharmacy,Hamdan,"Abudhabi,Pbox 126835",26278313
Al Salama One Day Surgery Centre Pharmacy - AUH,AUH,Pharmacy,Baniyas,Baniyas - Abu Dhabi,22050366
Al Senaeya Pharmacy Ex. Al Sanaiya Pharmacy - AAN,AUH,Pharmacy,Muraba Area,"Saeed Hilal Abdullah Al Kuwaiti, Near fish market, Muraba Area, town center, Al Ain",7657105
Al Sham Pharmacy LLC - AUH,AUH,Pharmacy,Madinat Zayed,Behind Centarl Post Office,26318929
Al Sila Pharmacy,AUH,Pharmacy,Sila Area,Shabia Baya Al Sila,28722087
Al Thuraya Pharmacy - AUH,AUH,Pharmacy,Abu Dhabi City,Abu Dhabi,26427827
Al Zia Pharmacy - Mussafah_AUH,AUH,Pharmacy,Musaffah,"shabiya Khalifa, New Mussafah Sector 12,  P.O.Box:13111, Abu Dhabi",5529113
Alahliya Alain Pharmacy,AUH,Pharmacy,Gold Souq Al Ain,"Shaikh Said Ben Tahnon Gold Market Bus Station Street Main  Road Gold Souq Al Ain, AUH",7320096
Alahlya Grand Pharmacy,AUH,Pharmacy,Madinat Zayed,infront SFC Madinat Zayed,4498379
Alasaala Pharmacy,AUH,Pharmacy,Muhammed Bin Zayed City,"Aldhafrah school Mussafah 9, Muhammed Bin Zayed City",25529577
Alpha Care Pharmacy LLC,AUH,Pharmacy,Musaffah,Al Firdous center Opposite -AL Fahim Sanayya-M3 Musaffah,5558383
Althiqa Al Dowaliah Pharmacy LLC - Ex: Urban International Pharmacy- AUH,AUH,Pharmacy,Muroor Street,"ADCP Bldg. Shop 4 Plot 85 Muroor Street near Emirates Discount, AUH",5584414
Ambassador Pharmacy - AUH,AUH,Pharmacy,Electra,"Next to Sands Hotel, Electra, Abu Dhabi",6315660
Apollo Pharmacy LLC - AUH,AUH,Pharmacy,Al Markaziah,"Apollo Pharamcy Llc, Hamadan Street, Abudhabi,Uae",26324747
Asab Pharmacy,AUH,Pharmacy,onshore,onshore,6034222
Bab Al Madina Pharmacy,AUH,Pharmacy,Musaffah,"M-26, Mussafah, Shop No. 06, Near Grand Mosque, Abu Dhabi - Uae",26422464
Bareen Pharmacy,AUH,Pharmacy,Mohammad Bin Zayed Area,"Near Fatema Bent Mubark Mousque, Hamdan Street, Muroor Road, Mohammad Bin Zayed Area",25545555
Better Life Pharmacy LLC-Branch 1,AUH,Pharmacy,Corniche Road,"Better Life Pharmacy, Corniche Road, P.O. Box - 2419",26222230
Blue Ocean Pharmacy,AUH,Pharmacy,Mohamed Bin Zayed Street,Musaffah Shabiya -Me10 -Mohamed Bin Zayed City,25532323
Buhasa Pharmacy,AUH,Pharmacy,Al Dhafrah,"Al Dhafra ,Western Region,Onshore Abudhabi",26035272
Burjeel Pharmacy Al Marina LLC,AUH,Pharmacy,Corniche,"P3 Marina Mall, Corniche Road, Abu Dhabi, Uae",80055
Care Pharmacy,AUH,Pharmacy,Najda,"Care Pharmacy, Abdudhabi, Fathima Bint Mubarak Street, Jda",26393955
Mediclinic Pharmacy - Khalifa City Ex: Al Noor Hospital Pharmacy - Khalifa City,AUH,Pharmacy,Khalifa City A,"Villa 284, Mubkhot Saleh Al Mansoori Street, Khalifa City A, Abu Dhabi",8002000
Daar Al Misbah Pharmacy,AUH,Pharmacy,Musaffah,"Musafah- Sanayya , M11, Auh -Uae",25535544
Dar Al Shifa Pharmacy - AUH,AUH,Pharmacy,Al Dhafra,"Najda Street, Abu Dhabi, Uae",26900900
Dar Al Shifaa Pharmacy LLC Branch 2,AUH,Pharmacy,Mussafah,Dalma Mall - Mussafah City,26900900
Das Medical Center Pharmacy,AUH,Pharmacy,Al Dhafrah,Off Shore Abudhabi,26063300
Health First Pharmacy Branch 7 Ex: Elite Modern Pharmacy,AUH,Pharmacy,Airport Road,"1St Floor,Inside Carrefour,Airport Road,Saqar Hypermarket,Abu Dhabi",24494209; 24434419
Elyazia Pharmacy,AUH,Pharmacy,Muroor,Abu Dhabi,24493700
Expert Pharmacy,AUH,Pharmacy,Hameem Road,"Mojumaat Workers City, Hameem Rd, Abu Dhabi",6225566
Express Ghayathi Pharmacy,AUH,Pharmacy,Ruwais,"Po.77637, Ghayathi Sanayya Abu Dhabi",28740121
Falaj Hazzaa Pharmacy,AUH,Pharmacy,Falaj Hazzaa,"Street 69, Jafeer Jadeed, Falaj Hazza, Al Ain, Abu Dhabi",37806111
Future Pharmacy,AUH,Pharmacy,Nadi Al Syahi,Tourist Club Area,26740090
Golden Choice Pharmacy,AUH,Pharmacy,Musaffah,"Musafah- Sanayya , M10, Auh -Uae",25535544
Golden Health Pharmacy,AUH,Pharmacy,Hameem Road,"Al Salam Living City, Hameem Road, Abu Dhabi",25855553
Grand Pharmacy L.L.C - AUH,AUH,Pharmacy,Electra St.,"Elcetra Street , 11E-20C,",26768666
Green Hills Pharmacy,AUH,Pharmacy,Baniyas,"Mohamad Bin Zayed City ,M 11 , Buiding 150 Shop 1",26785577
Habshan Pharmacy,AUH,Pharmacy,Al Dhafrah,"Al Dhafra ,Western Region,Onshore Abudhabi",64489336
Hameem Pharmacy,AUH,Pharmacy,Salam Street,"Musafah- Sanayya , M6, Auh -Uae",25535544
Hani Pharmacy,AUH,Pharmacy,Hamdan,"Hani Pharmacy, Hamdan Street, Abu Dhabi Uae",26778501
Health & Life Pharmacy - AUH,AUH,Pharmacy,Mussafah-10,"770 / C74 Bldg, Near Emirates Future Internation School,MBZ city,Mussafah-10, Abu Dhabi",5556632
Health First Pharmacy Branch 11 Ex: Health First Alain Pharmacy,AUH,Pharmacy,Al Bateen,"Souq Extra Mall,Ground Floor,Shop No 10, Al Bateen 1,Al Bateen,Alain",37804288; 37820779
Health First Pharmacy Branch 3 Ex: Health First AlJazeera Pharmacy,AUH,Pharmacy,Musaffah,"Mohamed Aman Hussein Ali Khouri Building, Commercial Mussafah East  ( 10 ),Musaffah, Abu Dhabi",25527070; 25520590
Health First Pharmacy Branch 5 Ex: Health First AlSadiq Pharmacy,AUH,Pharmacy,Musaffah,"Rashid Darweesh Alhosany Bldg,Shop No 2,Commercial Mussafah East 11,44Th Street,Mussafah, Abu Dhabi",25530036; 25531898
Health First Pharmacy Branch 1 Ex: Health First National Pharmacy,AUH,Pharmacy,Al Ain,"Al Muhairi Group Building,Shop No 4,Central District,Town Center,Main Street, Near (Snow White),Al Ain",37662131; 37679905
Health First Pharmacy - Branch 10,AUH,Pharmacy,Mussafah,"Npcc - Mussafah West 5 (Mw5), Sector No. 15A, Abu Dhabi",25549055; 25588006
Health First Pharmacy - Branch 12,AUH,Pharmacy,Al Falah,"Shop No : G12,Alfalah Village 1,Alfalah City,Abudhabi",26746989; 26793939
Health First Pharmacy - Branch 13,AUH,Pharmacy,Al Bahia,"Shop No: 417, 4Th Floor,Deerfields Mall,Albahia,Abudhabi",25646364
Health First Pharmacy Branch 14,AUH,Pharmacy,Zayed Bin Sulthan Street,"Shop No F14,Zayed Bin Sulthan Street,Zahir 4,Barari Outlet Mall, Al Ain",37675176; 37611163
Health First Pharmacy Branch 15,AUH,Pharmacy,Khalidiya,"Shop No 91,First Floor,Bawabat Al Sharq Mall,Baniyas East,5Th Street,Near Baniyas Police Station,Abu Dhabi",25851992
Health First Pharmacy Branch 18,AUH,Pharmacy,Rahba City,"Alrahba Hospital,Al Shahama,Rahba City, Abu Dhabi",25643948; 25643978
Health First Pharmacy Branch 9 Ex: Health First Planet Pharmacy,AUH,Pharmacy,Al Raha,"Shop Sg-02, Al Bandar Building, Al Raha Beach, Abu Dhabi",25577611; 25563703
Home Health Pharmacy-Al Ain,AUH,Pharmacy,Khabisi,"Inside 1st Safeer Centre, Souq Safrana, Khabisi, Al Ain",7630025
Khalid Bin Al Waleed Pharmacy - AUH,AUH,Pharmacy,Electra Street,"Electra Street, Behind Old Honda Futtaim Showroom",26744108
Knights Pharmacy,AUH,Pharmacy,Electra Street,"Adam And Eve Medical Center,01 Floor ,Pink Building,Near Royal Rose Hotel,Electra Street,Abudhabi",26767966
Land Mark Plaza Pharmacy,AUH,Pharmacy,Hamdan,Abu Dhabi,26729400
Lara Pharmacy - AUH,AUH,Pharmacy,Electra,"Eida Butti Al Qubaisi, behind green house, between Electra and Hamdan st., Abu Dhabi",25757434
Lifeline Pharmacy Al Musafah - (ex- Lifeline Pharmacy - Mussafah),AUH,Pharmacy,Musaffah,"Po Box No:  92313,16Th, Street, Sanayya – 7, Industrial Area, Musaffah, Abu Dhabi, United Arab Emirates  (Uae)",80055
LLH Pharmacy Al Musaffah LLC,AUH,Pharmacy,Mussafah,"M40, Km Trading Building, Icad, 16 Street
Musaffah.",80055
Lulu Al Ain Pharmacy LLC,AUH,Pharmacy,Al Ain,"Lulu Hypermarket, Saiya, Al Ain",27212330
Lulu Al Ain Pharmacy LLC Branch,AUH,Pharmacy,KUWAITAT,"Lulu Hypermarket, KUWAITAT, AL AIN",27640687
Lulu Alfoah Pharmacy LLC,AUH,Pharmacy,Al Foah,"Al Foah Mall, Al Foah, Al Ain",27843221
Lulu Khalidyah Pharmacy LLC,AUH,Pharmacy,Khalidiyah,"Khalidiyah Mall, Abu Dhabi",26354440
Lulu Raha Pharmacy LLC,AUH,Pharmacy,Al Raha,"Al Raha Mall, Abu Dhabi",565018155
Maryam Pharmacy - AUH,AUH,Pharmacy,Defense Road,"Al Asri Bin Zayed Al Haili Building, Ground Floor, Shop No:4, Defence Road, Abu Dhabi",26421043
Medi Life Pharmacy,AUH,Pharmacy,Old Airport Road,C3 24_1 Shop No 3 And 4 Old Airport Road Opp. Immigration Bridge Abu Dhabi,24455668
Medicina Pharmacy,AUH,Pharmacy,Khalifa,"Khalifa Street, Opp: Al Or Hospital",26589543
Mediclinic Pharmacy – Al Noor - Branch 1 Ex: Al Noor Pharmacy L.L.C. / Branch,AUH,Pharmacy,Airport Road,"Airport Road, Abu Dhabi, Uae",8002000
Mediclinic Pharmacy  - Al Ain - Branch 3 Ex: Al Noor Pharmacy - Midtown - Branch 3,AUH,Pharmacy,Al Jowhara,"Civic Center, Al Jimi, Al Ain, Abu Dhabi",8002000
Mediclinic Pharmacy – Al Ain - Branch 4 Ex: Al Noor Medical Company - Al Noor Pharmacy Branch,AUH,Pharmacy,Khalifa Street,"Al Mada Complex, Khalifa St., Al Ain, Abu Dhabi",8002000
Mediclinic Pharmacy - Al Musaffah 2,AUH,Pharmacy,Al Marfa,"Silaa Road, New Marfa, Abu Dhabi, UAE",8835400
Mediclinic Pharmacy  - Al Ain  - Branch 1 Ex: Al Noor Pharmacy Midtown - Al Yahar - AAN,AUH,Pharmacy,Al Yahar,Al Ain - Al Yahar (Al Amerah),8002000
Mediclinic Pharmacy - Madinat Zayed 2 Ex: Al Noor Pharmacy - Madinat Zayed Branch 2 - AUH,AUH,Pharmacy,Tabouk Street,"Tabouk St,Al Dhafra Bldg, Sports Club Bldg C",8002000
Mediclinic Pharmacy - Baniyas,AUH,Pharmacy,Al Khaleej,"30th St, Al Khaleej, Al Arabi Street",6815528
Mediclinic Pharmacy – Al Noor Ex: New Al Noor Pharmacy - Khalifa,AUH,Pharmacy,Khalifa,"Villa 284, Mubkhot Saleh Al Mansoori Street, Khalifa City A, Abu Dhabi",6139106
Mediclinic Pharmacy - Al Musaffah 2 Ex: Al Noor Pharmacy - Al Mussafah 2 - AUH,AUH,Pharmacy,Shabiya Mussafah,"Shabiya # 10 New Mussafah, Abu Dhabi, Uae",8002000
Munich Medical Center Pharmacy LLC (Ex. Aspetar Almadar Medical Pharmacy LLC),AUH,Pharmacy,Falaj Hazza,"St 4, Wahdah Building, Ahmad Hamad Sultan, Al Mnaizlah, Fallaj Hazza, Al Ain, Abu Dhabi",27638001
Mediclinic Pharmacy – Al Ain - Branch 5 Ex: Mediclinic Pharmacy- Al Ain- Branch 5,AUH,Pharmacy,"Zakher, Al Ain","Falaj Hazza, Al Ain - Abu Dhabi",8002000
Mediclinic Pharmacy LLC,AUH,Pharmacy,Central Market District,"World Trade Centre Mall, Hamdan Street, Khalifa Bin Zayed the First Street, Central Market District",6335678
Mediclinic Pharmacy - Marawah,AUH,Pharmacy,Baraka,"Al Noor Marawah Clinic, Baraka Western Region",6193271
Mediclinic Pharmacy  - Al Ain  - Branch 1,AUH,Pharmacy,Madinat Zayed Western Region,"Madinat Zayed Market, Madinat Zayed Western Region, Abu Dhabi, UAE",8844201
Medline Pharmacy LLC,AUH,Pharmacy,Musaffah,"M26,Industrial Area,Mussafah,Abudhabi",25530577
Mother Pharmacy,AUH,Pharmacy,Al Ain,"Mother Pharmacy ,Town Centre ,Main Street Al Ain",27515822
Mubarak Pharmacy - AAN,AUH,Pharmacy,Old immigration road,"Near K.M. Trading, Old immigration road, AAN",7515992
Mubarak Pharmacy - Branch 1 - AUH,AUH,Pharmacy,Baniyas,"Al Eshoush, Worker City-2,Baniyas",25837796
Nadia Pharmacy LLC - AUH,AUH,Pharmacy,"Salam Street,","Salam Street, behind Dar Al Shifa Hospital, AUH",5584414
Natural Life Pharmacy LLC,AUH,Pharmacy,Dalma Mall,"Dalma Mall, Second Floor, Abu Dhabi",45610000
New Al Daman Pharmacy - Abu Dhabi,AUH,Pharmacy,Hamdan Bin Mohammed Street,"Hamdan Bin Mohammed Street, Abu Dhabi",6216700
New Al Hanan Pharmacy - AUH,AUH,Pharmacy,Tourist Club,"Saeed Atiq, Next to RAK Bank, Salam Street, Tourist Club, Abu Dhabi",6449869
New Al Sham Pharmacy - AUH,AUH,Pharmacy,Al Najda,Behind Centarl Post Office,26262080
New Dar Nouri Pharmacy - AUH,AUH,Pharmacy,Khalidiya,"New Dar Nouri Pharmacy P.O Box 26790, Al Khalidiya St., Abu Dhabi, Uae",26341436
New Land Mark Pharmacy,AUH,Pharmacy,Hamdan,Abu Dhabi,26316886
New Sadd Maareb Pharmacy - AUH,AUH,Pharmacy,Shahama,"Near to Emirates Transport, Shahama, Abu Dhabi",5633073
Nidham Ghiyathi Pharmacy,AUH,Pharmacy,Ghayathi City,"NBAD Ghayathi Branch, Near ADCB Bank, Ghayati City, Main Market",8741791
NMC Pharmacy Branch-AUH,AUH,Pharmacy,Sheikh Zayed Road,Sh.Zayed 2Nd Street (Electra Road),26179143
Noor Al Ahli Pharmacy,AUH,Pharmacy,Sanaiya,"Near Old Police Station & Isuzu Showroom, Sanaiya, Al Ain, P.O. Box - 83339",37673627
Noor Al Ahli Pharmacy - Branch 1,AUH,Pharmacy,Mussafah,"Shop No: 09, Icad Mall, Icad Gate 1, M41, Icad Residential City, Mussafah, P.O. Box - 2419",26416723
Noor Al Ahli Pharmacy - Branch 2,AUH,Pharmacy,Mussaffah,"Abu Shakra Bldg., Me-9, Mussaffah, P.O. Box - 2419",25522309
Noor Al Ahli Pharmacy - Branch 3,AUH,Pharmacy,Hamdan street,"Opp Panorama Bldg, Hamdan, P.O. Box - 2419",26263305
Noor Al Ahli Pharmacy - Branch 4,AUH,Pharmacy,Baniyas Court,"Near Baniyas Court, Baniyas West, P.O. Box - 2419",25668124
Noor Al Ahli Pharmacy - Branch 6,AUH,Pharmacy,Hamdan St,"Atiq Matar Hassan Bldg., Ground Floor, Plot No. C15, Sector : East 6, P.O. Box - 2419",26210524
Noor Al Ahli Pharmacy - Branch 7,AUH,Pharmacy,Hamdan St,"Behind A Block, Opp Du Bldg, Hamdan Street, P.O. Box - 2419",26269545
Noor Al Hayat Pharmacy,AUH,Pharmacy,Mussafah,c#203 Near at indian model school Mussafah Sector 12  ABU DHABI,5527454
Noor Al Hayat Pharmacy Branch 1,AUH,Pharmacy,Musafah,"109 Occasion Sweets Mussafah Shaabiya 10 Musaffah, Mohamed Bin Zayed City",5558140
Noor Alahli Pharmacy - Branch 5,AUH,Pharmacy,Baniyas West,"Baniyas West, Near Dar-Al-Uloom School, P.O. Box - 2419",25831929
Noor Alahli Pharmacy Branch 8,AUH,Pharmacy,Mirfa,"Marfa Souq, Opp Abusaeed Mosque, Mirfa, P.O. Box - 2419",28833443
Oxford Pharmacy - AUH,AUH,Pharmacy,Muroor,"Oxford Pharmamcy, Near Lulu Express, B/W 23Rd And 25Th St, Muroor Road, Po Box - 53275",24489191
Pride Pharmacy,AUH,Pharmacy,Sanaiya,"Street No.15,Batha Al Hayer,Sanaiya,Al Ain",37998706
Prime Cure Pharmacy (Ex. Medi Prime Pharmacy - AUH),AUH,Pharmacy,Airport Road,"Mezar Salem Besude Wear Mart, Carrefour and Kalyan Silk Airport Road Al Falah Street Abu Dhabi",6342424
Real 7 Pharmacy DMCC Branch,AUH,Pharmacy,Masdar City,"Unit No. M032, Ground Floor, My City Centre Masdar, Masdar City, Abu Dhabi – UAE",45610000
Saad Pharmacy,AUH,Pharmacy,Hamdan,"Abu Dhabi,Hamdan Street, Al Yousuf Center Building",26277332
Sadd Maareb Pharmacy - AUH,AUH,Pharmacy,Baniyas,"Adnoc Petrol, East 8, Baniyas, Abu Dhabi",25832520
Sahara Pharmacy LLC,AUH,Pharmacy,Mussafah,"ICAD Residential City, Mussafah M44, Abu Dhabi",5556392
Sands Pharmacy,AUH,Pharmacy,Al Falah,Old Passport Road - Al Falah St - Abu Dhabi,26425688
Sas Al Nakhl Pharmacy,AUH,Pharmacy,Umm Al Nar,Adr Refinary  Abudhabi,26022017
Sea City Pharmacy,AUH,Pharmacy,Musaffah,"Musafah- Sanayya , M14, Auh -Uae",25535544
Sea City Pharmacy Musafah,AUH,Pharmacy,Musaffah,"New Shahama Duabi -Mafreq Road, Auh -Uae",25535544
Shefaa Al Madeena Pharmacy LLC - Branch of Abu Dhabi 1,AUH,Pharmacy,Al Khalidiya,"Ground Floor, Bin Butti Building, Al Khalidiya - Abu Dhabi",25837954
Sheikh Khalifa Energy Clinic Pharmacy,AUH,Pharmacy,Corniche,Skec 1 Tower 1 Abudhabi,26022017
Smart Pharmacy LLC - AUH,AUH,Pharmacy,Shabiya,"Shabiya 11, Abu Dhabi",25592460
Standard Pharmacy - AUH,AUH,Pharmacy,Mussaffah,"Shop No. 1, New Municipality Building, M-37 Industrial Area, Near Al Madina Hypermarket,Musaffah",25513394
Talat Pharmacy Al Musaffah,AUH,Pharmacy,Musafah,Musaffah Sanayia M39 Near Al Madina Super Market Musaffah Abudhabhi,25527909
Target Pharmacy - AUH,AUH,Pharmacy,Ummal Nar,"Building No.8, Al Maqta Area, Between Two Bridges, Abu Dhabi",25585133
Thuhfa Al Andalus Pharmacy - AUH,AUH,Pharmacy,Musaffah,"Thuhfa Al Andalus Pharmacy, Po Box No-30520,Shop No-1,Bldg. No-C-6,Musaffah Me/11,Abu Dhabi",25517190
Town Life Pharmacy LLC,AUH,Pharmacy,Abu Dhabi Mall,"Unit No, RA 18 (A15), Opp. Abu Dhabi Coop, Ground Floor, Abu Dhabi Mall, Abu Dhabi - UAE",45610000
Ultra Medical Center Pharmacy,AUH,Pharmacy,Al Ain,"VILLA:# 20, Al Jimi Mall, Zayed, Al Awal Street, Hmadan Bin Mohammed Street, Al Jimi",7620055
Unique Al Ahalia Pharmacy - Branch 1,AUH,Pharmacy,Hamdan Street,"Behind Liwa Center, Hamdan Street, P.O. Box - 2419",26352775
Unique Al Ahalia Pharmacy - Branch 2,AUH,Pharmacy,Airport Road,"Delma Street, Airport Road, P.O. Box - 2419",26410039
Waheedah Pharmacy,AUH,Pharmacy,Passport Road Area,"Abdulla Bin Hader Bldg., Near Habib Bank AG Zurich, Muroor Rd., Al Falah St., Old Passport Rd. Area",26417226
Western Towers Al Ahalia Pharmacy,AUH,Pharmacy,Madina Zayed,"Mze-19, Plot No 158, Shop No: 10, Sanaya, Madina Zayed, P.O. Box - 2419",28841020
Yusry Pharmacy  - AUH,AUH,Pharmacy,Al Khalidiya,"Mohamed Salem Almor & Abdala Salam Elhabrosh, Al Kalidia St., Sheik Zayed 1, Al Khalidiya, Abu Dhabi",6669073
Zanbaq Al Madina Pharmacy LLC,AUH,Pharmacy,Mussafah,"Icad Area M40, Plot No. 96, P.O Box 94100 Mussafah, Abu Dhabi, Uae",25504333
Zirku Pharmacy,AUH,Pharmacy,offshore,Off Shore Abudhabi,26056223
Advanced Care Medical Center (Branch) - DXB,DXB,Clinic,Jebel Ali,"Shop  : 5, Nassem Al Madi Super Market Buliding,
Phase 2, Dubai Investment Park,
Jebel Ali, Dubai  Uae",44885788
Advanced Care medical Center LLC ( Branch ) - Muhaisnah,DXB,Clinic,Muhaisnah 2,"Shop No : 22, First Floor, Shaklan Hypermarket 2, 32A Street, Near Al Quasis Bus Station 5, Muhaisnah 2, Sonapur,Dubai",42636800
Advanced Care Medical Centre - DXB,DXB,Clinic,Industrial Area-3,"Room No - 102, 103 & 104,
Fakhruddin Properties Building, 
Behind National Cement Factory, 
Industrial Area-3, Al Quoz, Dubai - Uae",43397664
Al Abrah Clinic,DXB,Clinic,Ras Al Khor,"Flat No#101, Sheikha Latifa Building, Al Khor Street. Opposite Al Ras Metro Station, Al Ras, Deira - Dubai, Uae",42263299
Al Amal Polyclinic,DXB,Clinic,Satwa,"Al Amal Poly Clinic, Med 7 Pharmacy Building Near Emirates Nbd, Satwa",43329833
Al Azhar Clinic (Br)- Jebel Ali - DXB,DXB,Clinic,Jebel Ali,"Po Box 69229 Near Nesto & Parco Supermarket, Jebel Ali Industrial Area 1- Dubai - Uae",48840535
Al Azhar Clinic Br. DIP-2 - DXB,DXB,Clinic,DIP-2,Po Box 69229- Next To Parsons Super Market Building - Dip-2,48895309
Al Azhar Clinic Branch3,DXB,Clinic,Ras Al Khor,"Po Box 69229, Shop No 13, Vegetable And Fruit Market, Al Aweer, Ras Al Khor, Dubai",42230244
Al Azhar Clinic-DIP-1( Ex-Al Azhar Clinic),DXB,Clinic,DIP,"Po Box 69229 Behind Ramla Supermarket, 
Dubai Investment Park (Dip) Dubai - Uae",48859597
Al Barsha AlNoor Polyclinic LLC,DXB,Clinic,Al Barsha,"In Front Of Lulu Center, Elte Business Center,Al Barsha",42218122
Al Fahim Clinic,DXB,Clinic,Deira,"Flat N0 ,103 ,Gift Land Centre Bldg Opposite.Al Khaleej Hotel Sabkha Road ,Deira",42267157
Al Falah Medical Clinic L.L.C.,DXB,Clinic,Deira,"Al Abbashi Building,1St Floor Flat No 22, Al Mussala Road Near Naif Signal ,Deira,Dubai ,Uae",42717223
Al Mashaher Medical Centre,DXB,Clinic,Al Muhaisnah,Sheikh Khalid Ubaid Butti Building Street 24,42633309
Al Murjan Medical Centre - DXB,DXB,Clinic,Al quoz,Al Murjan Medical Center P.O.X 34647,43466262
Al Quoz City Star Polyclinic - DXB,DXB,Clinic,Al Quoz Industrial Area 3,"Al Rostamani Builidng,1St Floor Flat No.5",43285140
Rahif Poly Clinic (Ex.Al Rahif Medical Clinic),DXB,Clinic,Al Qusais,"1C Street,Al Qusais 3,Near Etisalat Metro Station-Dubai-Uae",42647886
Al Sanaiya Medical Clinic (br)-Al Qouz,DXB,Clinic,Al qouz,"Po Box 69229, Al Quoz Industrial Area 4 
Near Al Madina Supermarket. Dubai Uae",43384374
Al Sanaiya Medical Clinic-DXB,DXB,Clinic,Sonapur,"Po Box 3486 Shop No.1 & 2, Bin Rashid Building, Sonapur, Dubai Uae",42642449
Al Shifa Al Khaleeji Medical Centre Branch LLC,DXB,Clinic,Dubai Investment Park Dubai,"Bayan Business Centre Opp: Nibras Int'l School Dubai Lagoon, Nibras Int'l School 1 Bus Station, Dubai Investment Park Dubai",8800920
Al Taif Medical Centre,DXB,Clinic,Deira,"Al Taif Medical Centre , Dubai , Deira , Naif Road , Opp. West Hotel",42222383
Amiruddin Clinic,DXB,Clinic,Deira,Amna Al Hassan Building Hor Al Anz Deira Dubai,42691515
Angel Wings Medical Centre LLC,DXB,Clinic,Sheikh Zayed Road,"#609, Pinnacle Building, Sheik Zaid Road, Al Basha 1, Dubai",43936211
Apple Clinic LLC ( ex. Apple Clinic FZCO - DXB),DXB,Clinic,P3 France Cluster,"International City ,France Cluster P 03,Dubai",44227533
Apple International  Polyclinic LLC,DXB,Clinic,International City,"Bldg-K14, G-Floor, Greece Cluster, International City, Dubai,",42776211
Ash Tree Clinic LLC (Ex.Amala I Medical Center LLC),DXB,Clinic,Bur Dubai,"Al Fahidi St. Bur Dubai,",3337633
AXON MEDICA MEDICAL CENTRE LLC Ex: Orion Family Medical Centre LLC,DXB,Clinic,Jebel Ali,"Building No. 8, Next to Bubbles and Giggles Nursery, Gardens, Jebel Ali",4399904
Baghdad Medical Centre,DXB,Clinic,AL MADAM,NBAD BUILDING AL MADAM ROUND ABOUT SHARJAH,8861115
Bluebell Medical Centre,DXB,Clinic,Karama,"3rd Floor, 306 Al Attar Business Centre, near Karama Metro Station, Karama, Dubai",3426565
Care Plus Medical Center - DXB,DXB,Clinic,Jebel Ali,"Awqaf Building,
Above Uaexchange Center, 
Jebel Ali Industrial Area 1, 
Jebel Ali, Dubai - Uae",48829333
Cosmopolitan Medical Centre (Ex-Al Baraka Polyclinic),DXB,Clinic,Bur Dubai,"Mezzanine Floor, Al Fadhlani Bldg, Next To Astoria Hotel, Al Fahidi Street, Bur Dubai",43257457
Dr. Ismail Day Surgical Centre,DXB,Clinic,Karama,"Back Side Of Lulu Hypermarket, 41 Street, Al Karama",43378585
Dr. Ismail Medical Centre(Br)- AL Qusais(Sonapur),DXB,Clinic,Sonapur,"Near Feroz Super Market, Near AL Naboodah Camp, Al Muhaisnah-2, (Sonapur), Al Qusais",2646529
Dr.Ismail Medical Centre (br)-Al Qouz,DXB,Clinic,Al qouz,"Nexr Ola Al Madeena Hypermarket,Um Mumul Muminin Khadijah Bint Khowailed, Al Qouz Ind Area-2",43381550
Dr. Ismail New Polyclinic,DXB,Clinic,Jebel Ali,Building # 12 Sheikh Zayed Road - Jebel Ali Villagediscovery Gardens - Dubai,44494087
Dr. Ismail Polyclinic Branch,DXB,Clinic,Jebel Ali,Mina Jebel Alijebel Ali Industrial - Dubai,48877750
Dr. John Clinic - DXB,DXB,Clinic,Al Qusais,"Mozna Building, Next To Al Nahda Metro, 302, 3Rd Floor, Quasis",42398355
Dr. Reena Begum Clinic Branch -Ex: Noor Al Shefa Clinic - JAFZA Br. - DXB,DXB,Clinic,Jebel ali Free Zone,"Nesto Hypermarket, Karakchino Food Court, Jebel ali Free Zone, Dubai",8808856
Dr. Sanjay Medical Centre - DXB,DXB,Clinic,Al Quoz,Alm Khail Mall 2 Floor Alquoz 4 Th,43285999
Dulsco Medical Clinic,DXB,Clinic,Al Quoz,"Dulsco Medical Clinic 7A Street, Al Quoz Industrial Area 4, Dubai, Uae",43232442
Dulsco Medical Clinic BRANCH,DXB,Clinic,Dubai Industrial City,"Sheikh Mohammed Bin Zayed Road, Labor Village 1, Dubai Industial City , Dubai, Uae",44219354
Duraiya Kamal Medical Clinic,DXB,Clinic,Deira,"105, Al Gaz Building, 1St Floor, Baniyas Square, Deira, Dubai.",42238612
Emirates Star Medical Centre,DXB,Clinic,Al Quoz Industrial Area-2,"Behind Al Khail Gate-2, Al Quoz Industrial Area-2, Dubai,",43468861
Falcon Medical Clinic - DXB,DXB,Clinic,Bur Dubai,"Flat No. 302, Ibrahim Jawad Al Redha Bldg., above Emirates Islamic Bank, Khalid Bin Waleed St., Bur Dubai, Dubai",2275777
Grand Infinity Medical Center LLC,DXB,Clinic,Muhaisnah,"Al Qaseer Bldg, Ground Floor, Near Madina Mall , Muhaisnah-4 , Dubai-Uae",42515458
Grand Infinity Medical Center LLC Branch,DXB,Clinic,Deira,"Shop No:4, Grand Excelsior Hotel, Muteena Street, Deira",3361055
Houston Clinic - DXB,DXB,Clinic,Al Barsha 1,"No 101,102. 1St Floor, Elite Business Center, Al Barsha 1, Dubai, Uae",43850603
Houston Medical Clinic LLC (branch),DXB,Clinic,Al Quoz 3,"Al Shezan Restaurant Building, Near Ahalia Exchange, Behind National Cement Factory - Dubai",43887456
Joseph's Qusais Polyclinic,DXB,Clinic,Qussais,"Ground Flr, Qusais Manzil Bldg, Behind Talal Supermarket, Dubai Airport Freezone Metro, Exit 2, Al Qusais, Dubai, Uae",42636767
Karama Medical Center Al Quoz Mall Br. - DXB,DXB,Clinic,Al Quoz Mall,"Al Quoz Mall, Al Quoz ind Area -3,DXB",3388227
Karama Medical Centre - Main,DXB,Clinic,Karama,"Ibrahim Khalifa, 3Rd Floor, Sony Showroom Building, Karama,Dubai.",43365903
Karama Medical Centre - Jumeirah Village,DXB,Clinic,Jumeirah,"No.4 Building M1, Amsa Jumeirah Village Circle,",44229871
Karama Medical Centre (Branch) - Al Quoz,DXB,Clinic,Al Quoz Industrail 2,"Grand city mall, al Quoz ind area 2, Dubai",3413645
Karama Medical Centre BR. Al Khail Gate,DXB,Clinic,Al Quoz,"Shop 41 & 42, New West Zone Mall, Al Khail Gate, Dubai.",44533075
Karama Medical Centre DIP Br. - DXB,DXB,Clinic,Dubai Investment Park,"Mezzanine Floor , Park Shopping Mall, Dip,Dubai.",48848280
KIMS Medical Centre LLC - DXB,DXB,Clinic,Hor Al Anz,"Kims Medical Center, Al Dossari Building, Deira, Dubai",42624500
Limar Medical Centre,DXB,Clinic,Al Majaz 1,"King Faisal St., Buhairah Corniche, Al Majaz 1",5744245
Live Care Clinic L.L.C.,DXB,Clinic,Jebel Ali,"Shoppers Mall,Industrial Area 1, Jabel Ali, Dubai",48848848
Marhaba Medical Centre _DXB,DXB,Clinic,Deira,"Sunshine Building 2, Ground Floor, Fish Round About , Deira, Dubai.",42224844
Medze Clinic LLC,DXB,Clinic,Al Muteena,"Medze Clinic, Centre Residence, Near Muraqqabat Police Station",42380924
Miracure Medical Centre LLC,DXB,Clinic,Ras Al Khor,"Miracure Medical Centrellc Dubaioffice No-1-4,Rashid Buset Building ,Above Umm Al Quwain Bank ,Rasalkhor-2 Dubai,Uae",43202500
Muhaisna Speciality Clinic - DXB (Ex_Al Barsha Clinic (Branch) Sonapur),DXB,Clinic,Muhaisna,"1026 , Sultan Building. Al Muhaisna, Dubai Po Box. 45491",42644155
Multi Care Medical Centre LLC,DXB,Clinic,Al Khail Gate,"Shop 18 Al Khail Gate Community Center Near Blue Mart Hyper Market, Dubai Uae",45807899
New Al Musalla Medical Centre LLC Branch,DXB,Clinic,Al Qouz,"First Floor 103,Oberoi Building Above Taj Al Madina Super Market,Near Belhasa Driving Center.Al Qouz 4 Dubai",43333450
New Al Musalla Medical Centre- Sonapoor (Ex-Al Musalla Medical Center (Sonapoor Branch) - DXB),DXB,Clinic,Sonapur,"New Al Musalla Medicalce Center,Near Shaklan 2 Super Market,Muhaisnah 2 (Sonapoor),Dubai",42641449
New Medilife Medical Centre L.L.C.,DXB,Clinic,Warsan 3,"Bulding Material Mall, Warsan 3",44888315
New Sanaiya Clinic (Br)  - Hor Al Anz,DXB,Clinic,Hor Al Anz,"Po Box 3484, Flat#101 & 102, Opp. Peshawar Restaurant, Horlanz, Dubai. Uae",42681515
New Sanaiya Clinic Branch,DXB,Clinic,DIP,"Po Box 69229, Shop #2 Inside Ak Mart
Dubai Investment Park -1 - Dubai Uae",43883970
New Sanaiya Clinic- Sonapur,DXB,Clinic,"Sonapur, Labour Camp","Po Box 3484, Madina Supermarket - Sonapur Dubai - Uae",42648201
Noor Al Ahalia Medical Centre,DXB,Clinic,Mamzar,"G-01, Ground Floor,Mamzar Centre, Al Littihad Road, Al Mulla Plaza Signal, Dubai, P.O. Box - 79257",42547556
Paradise Plus Polyclinic LLC,DXB,Clinic,DIP 2,Ritaj Community Center Almaya Supermarket Dunes Village Yalayis St. DIP 2 Dubai,48848270
Ruby Clinic FZCO,DXB,Clinic,International City,"China Cluster H-6, 
International City",44226855
Syed Sadiq General Practitioner Clinic LLC,DXB,Clinic,Al Qouz 3,"Office 304, Al Rostamani Building Latifa Bint Hamdan Street,Near Al Khail Mall,Al Qouz 3 Dubai.",43306781
Family Clinic Br of Oxford Medical Center LLC,DXB,Clinic,Satwa,Al Hudeiba Street,3451145
Xie He Medical Center,DXB,Clinic,International City,A12 Building China Cluster International City Dubai,44233055
Zahrat Al Shefa Medical Center LLC,DXB,Clinic,Sonapur,"Muhaisnah 2,Al Ghaith Building",42382607
Advanced Care Medical Center LLC (Branch)-DIC,DXB,Clinic,DIC,"Souq Na :4, Shop Number : 4 & 5,
Seihshoweb 4, Labour City 3,
Dubai Industrial City,
Dubai - Uae",48786503
Al Majid Clinic - DXB,DXB,Clinic,Naif,"302, Aster Pharmacy  Building, Opp: Al Futtaim Mosque, Beside Delmon Boutique Hotel, Naif Road, Deira, Dubai",42292030
Hope Care Polyclinic LLC,DXB,Clinic,Hor Al Anz,Hamaad Khalfan Building Aisha Mosque Hor Al Anz Deira Dubai,42268881
Re Leaf Medical Centre L.L.C.,DXB,Clinic,DIP 2,"Fakhree Centre LLC, Pasons Hyper Market Building, Reem Capital Contracting LLC.Camp 1, DIP, Dubai, UAE",8814918
Re Leaf Medical Centre LLC Branch,DXB,Clinic,Al Quoze Industrial-2,"Releaf Medical Centre Llc Branch,Khalfan Mohammad Bin Lahej 26, Street43, Alq 20",43377977
Airis Imaging and Diagnostic Center LLC,DXB,Dx & Lab,Al Nahda 1,"Opp. Nmc Hospital,Al Shamsi Building Near Mega Mart,Al Nahda 1 ,Dubai Uae",48525916
Ph Diagnostics LLC,DXB,Dx & Lab,Burdubai,"P H Diagnostics Llc,  Al Abbas Building-1 , First Floor,   Khalid Bin Waleed Street (Bank Street), Burdubai, Dubai",43543350
Aster Cedars Hospital Jebel Ali ( ExCedar Jebel Ali International Hospital - DXB,DXB,Hospital,Jebel Ali,"Dugas Road, Jebel Ali 1, P. O. Box: 17666, Jebel Ali, Dubai, Uae",44400500
Belhoul European Hospital,DXB,Hospital,Al Dhiyafah St.,2Nd December Street Dune Center Building First Floor Satwa Dubai Uae,43454000
Belhoul Speciality Hospital,DXB,Hospital,Al Baraha,"Near Dubai Hospital, Al Baraha, Al Khaleez Road",2140318 (301)
Hatta Hospital,DXB,Hospital,Hatta,"Hatta Dubai, Near Dubai Womens Association",8147000
Iranian Hospital,DXB,Hospital,Satwa,"Al Hudaibah Al Wasl Satwa, Dubai",3440250
Thumbay Hospital LLC,DXB,Hospital,Al Qusais,"13Th Street, Near Stadium Metro Station, Behind Lulu Hypermarket, Al Qusais - Dubai",46030555
Thumbay Pharmacy LLC Branch Ras Al Khor,DXB,Pharmacy,Ras Al Khor,"Building Name : Ama-Holding Building
Street Name :  Near Marhaba Mall
Area Name :Ras Al Khor
City: Dubai 
Land Mark: Near Marhaba Mall.",43201400
800 Pharmacy FZ-LLC,DXB,Pharmacy,"Shop 01,Ground floor  within City Pharmacy C/P 72 in Phase 1 of Dhcc",01 Ground Floor Bldg 72 Dubai Healthcare City Dubai United Arab Emirates,43466889
Advanced Care Pharmacy - DXB,DXB,Pharmacy,Industrial Area-3,"Room No -1, 
Fakhruddin Properties Building, 
Behind National Cement Factory, 
Industrial Area-3, Al Quoz, Dubai - Uae",43307120
Advanced Care Plus Pharmacy LLC - DXB,DXB,Pharmacy,Jebel Ali,"Awqaf Building,
Near To Uaexchange Center, 
Jebel Ali Industrial Area 1, 
Jebel Ali, Dubai  Uae",48829444
Advanced Star Pharmacy LLC - DXB,DXB,Pharmacy,Dubai Investment Park,"Shop No : 3, 
Nassem Al Madina Super Market Buliding,
Phase 2, Dubai Investment Park,
Jebel Ali, Dubai - Uae",48851154
Ajmal Pharmacy -DXB,DXB,Pharmacy,Karama,"Smc Building, Oppt Karama Bus Station And Near Karama Fish And Vegetable Market",43360801
Al Ahram Pharmacy,DXB,Pharmacy,Al Satwa,"Opposite Satwa Bus Station, Al Satwa Street, Satwa Dubai",43318060
Al Ameen Pharmacy,DXB,Pharmacy,Deira,"Al Ameen Pharmcacy Llc, Deira Dubai, Uae",42713695
Al Azhar Al Jadeeda Pharmacy - Jebel Ali,DXB,Pharmacy,Jebel Ali,"Po Box 69229, Near Nesto & Parco Supermarket, Jebel Ali Industrial Area 1 - Dubai- Uae",48800706
Al Azhar Pharmacy-DIP -1 (Ex-Al Azhar Pharmacy),DXB,Pharmacy,Jebel Ali,Jebel Ali Shopping Complex Dubai Investment Park.,48859598
Al Deqqa Pharmacy LLC,DXB,Pharmacy,Hor Al Anz,"Buhaliba Building Near Hor Al Anz, Post Office Dubai",2387542
Al Fehaidi Pharmacy,DXB,Pharmacy,Bur Dubai,"Al Fehaidi Pharmacy, Bur Dubai, Meena Bazar (Al Souq Al Kabeer)",3535335
Al Hawi Pharmacy - Life Healthcare,DXB,Pharmacy,Deira,"Naser Square, Deira, Dubai",45610000
Al Hikma Pharmacy - DXB,DXB,Pharmacy,Al Muraqqabat,"Bin Zayed Building, Near Al Reef Mall Beside Asiana Hotel, Salahudddin Road, Al Muraqqabat, Dubai",42663108
Al Jaseel Pharmacy LLC,DXB,Pharmacy,Al Qouz,"Alqouz-3 , Al Rostamani Road, Al Hashimi Bulding , Dubai-Uae",43213441
Al Kanz Pharmacy - Life Healthcare Group,DXB,Pharmacy,Deira,"Abu Baker Al Sidq Road, Deira",45610000
Al Kanz Pharmacy (L.L.C.),DXB,Pharmacy,JLT,"Lakeshore Tower ( Bojwani), JLT,Dubai Cluster Y ,Dubai , U. A. E",45610000
Al Kausar Pharmacy - DXB,DXB,Pharmacy,Bur Dubai,"Next To Palm Beach Hotel,Khalid Bin Waleed Road,Burdubai.Dubai.Uae",43938485
Al khan Pharmacy LLC,DXB,Pharmacy,Al Qusais 2,"Damascuss Street, Opp. Emirates NBD, Al Qusais 2, Dubai - UAE",42634347
Al khawaneej Pharmacy,DXB,Pharmacy,Al khawaneej,"Khalaf Matar Building,Al Khawaneej",42892210
Al Madina Al Sanaiya Pharmacy,DXB,Pharmacy,Al qouz,"Po Box 69229, Al Quoz Industrial Area 4 
Near Al Madina Supermarket. Dubai Uae",43406762
Al Mankhool Pharmacy,DXB,Pharmacy,Karama,19 A Street، Aman Street، Al Nahda 2 - Dubai,42554427
AL MANZIL AL JADEED PHARMACY LLC,DXB,Pharmacy,Ras Al Khor,"Po Box 69229, Shop No 13, Vegetable And Fruit Market, Al Aweer, Ras Al Khor, Dubai",42230244
Al Neem Pharmacy LLC Branch,DXB,Pharmacy,Jafza,"Karakkchinno Food Court Bldng, Jafza West Accommodation- Jafza - Dubai",8876650
Al Neem Star Pharmacy L.L.C.,DXB,Pharmacy,Al Quoz,"Al Ameed Plaza, Al Quoz , Dubai",n/a
Al Omaraa Pharmacy,DXB,Pharmacy,Sheikh Khalifa Bin Zayed Road,"Shop # 27 & 28, Ground Floor, Pyramid Building, Sheikh Khalifa Bin Zayed Road",43969221
Al Qusais Star Pharmacy LLC,DXB,Pharmacy,Al Qusais Industrial Area,"Near Dubai Abbatoir,Quosais Dubai,Uae",42587672
Al Rafah Pharmacy,DXB,Pharmacy,Bur Dubai,"Al Rafah Pharmacy , Opp Ambasssdor Hotel ,Bur Dubai",43939402
Al Rawda Pharmacy LLC Branch,DXB,Pharmacy,Dubai Investment Park,"Bayan Business Centre  Opp: Nibras Int'l School Dubai Lagoon, Nibras Int'l School 1 Bus Station, Dubai Investment Park",48800920
Al Rayan Pharmacy,DXB,Pharmacy,Karama,"Shop # 13, Ground Floor, Star Of Karama Building, Street # 16, Al Karama",43347476
Al Safa Al Quoz Pharmacy,DXB,Pharmacy,Al quoz,"Behind Al Quoz Bowling Centre, Al Quoz First Block No:1189, Al Quoz",43808824
Al Sanaiya Pharmacy - Sonapur,DXB,Pharmacy,Muhaisnah 2,Po Box 3486 Near Baladia Labour Camp -Sonapur- Labour Camp Area- Dubai - U.A.E,42642449
Al Seha Al Kubra Pharmacy LLC,DXB,Pharmacy,Al Khail,"Al Khail Mall,  Al Quoz  4, Dubai",43219926
Al Tamimi Pharmacy L.L.C - DXB,DXB,Pharmacy,"Al Qouz-1,Dxb","Behind Al Quoz Bowling Centre, Next To Al Quoz Health Centre, Al Quoz, Dubai",43381455
Al Zahra Pharmacy - Life Healthcare,DXB,Pharmacy,Karama,"Opposite Uae City Exchange, Karama",45610000
Apple Care Pharmacy LLC - DXB,DXB,Pharmacy,P3 France Cluster,"Bldg-P04, G-Floor, France Cluster, International City, Dubai",44322568
Apple Care Pharmacy LLC ( Branch ),DXB,Pharmacy,International City,"Bldg-K14, G-Floor, Greece Cluster, International City, Dubai",42776211
AXON MEDICA PHARMACY LLC Ex: Orion Family Pharmacy LLC,DXB,Pharmacy,Jebel Ali,Garden Street 7 -Behind Mosque,44599904
Bab Al Hayat Pharmcy LLC,DXB,Pharmacy,Jebel Ali,"Shop N0.2 Fida Al Madina Hyper Market Dip-2,Dubai Uae",48831644
Bab Al Noor Pharmacy LLC,DXB,Pharmacy,Muhaisnah 2,"Shop No. 5, Ground Floor, Grand Hyper Market, Muhaisnah Second, Dubai,Uae",43444293
Bader Pharmacy,DXB,Pharmacy,Karama,"Shop No. 10 & 11, Ground Floor, Kifaf 2 Building, Near Sunrise Supermarket, Opposite City Corner, Karama Dubai - U.A.E.",43348129
Badr Al Samaa Pharmacy L.L.C- DXB,DXB,Pharmacy,Bur Dubai,"Oriental house 2, Burjuman Centre Bank Street",43578681
Bait Al Maqdes Pharmacy LLC,DXB,Pharmacy,Hor Al Anz,"13Th St., Al Nadha1, Al Nadha, Dubai Uae",42667211
Baniyas Life Pharmacy Br of Life Pharmacy LLC,DXB,Pharmacy,Deira,"Al Ashrfiah Building, Near Clock Tower, Deira, Dubai - UAE",45610000
Barsha Rose Gardens Pharmacy LLC,DXB,Pharmacy,Al Barsha 1,"Shop # 1, Rose Gardens Hotel Apartment Bldg, Al Barsha 1, Dubai",45610000
Bay Square Pharmacy L.L.C.,DXB,Pharmacy,Business Bay,"Unit G-03, BB11,Next to Choitram Supermarket, Bldg. No.BB11, Bay Square, Business Bay, Dubai",45610000
Better Life Pharmacy,DXB,Pharmacy,Al Quoz industrial 2,"Ground Floor, Grand City Mall, Al Quoz Industrial Area 4, Al Quoz,Dubai",43414625
Bin Seray Pharmacy - Life Healthcare,DXB,Pharmacy,Karama,"Oud Mehta Road, Near Lamcy Plaza, Dubai",45610000
Blue Bell International Pharmacy L.L.C.,DXB,Pharmacy,Karama,"ADCB Metro Station, Karama",3231366
Burjuman Pharmacy LLC,DXB,Pharmacy,Burjuman,"Ground Floor,Khalid Bin Al Walid Street, Inside Burjuman Center, Bur Dubai",45610000
Care & Cure Pharmacy LLC - DXB,DXB,Pharmacy,Jebel Ali,"Shop No. 04, Building No. 15,  Cluster Zen 02,  Plot No. 853, Discovery Gardens, Street 1, Jabel Ali-1, Dubai, U.A.E.",44390384
Care Well Pharmacy LLC,DXB,Pharmacy,Al qouz,"Al Qouz Ind-3 , Al Qouz Mall ,Dubai",43419088
CCS Life Pharmacy Br of Life Pharmacy LLC,DXB,Pharmacy,Bur Dubai,"Unit No. 2, Ground Floor, Shindagha City Centre, Bur Dubai, Dubai",45610000
Cedars Jebel Ali International Hospital Pharmacy,DXB,Pharmacy,Jebel Ali,"Dugas Road, Jebel Ali 1, P. O. Box: 17666, Jebel Ali, Dubai, Uae",44400500
City Land Life Pharmacy Br of Life Pharmacy LLC,DXB,Pharmacy,Wadi Al Safa,"Unit No. 260, City land The Mall, Wadi Al Safa, Dubai – UAE",45610000
City Life Pharmacy L.L.C.,DXB,Pharmacy,Sheikh Zayed Road,"Shop No. Rtgf 01 – 04 , Rtmz 01,Rtmz04 , Sama Tower, Trade Centre First, Sheikh Zayed Road, Dubai - Uae",45610000
Co-Operative Pharmacy - Life Healthcare,DXB,Pharmacy,Deira,"Al Sabka Road, Deira, Dubai",45610000
Creek Life Pharmacy Br of Life Pharmacy LLC,DXB,Pharmacy,Dubai Creek,"Unit No. 1-21, 1-24, First Floor, Madina Mall, Dubai, Uae.",45610000
Creek Line Pharmacy LLC,DXB,Pharmacy,Deira,"Almulla Deira, Twin Tower, Maktoum Baniyas, Deira",2288740
Dania Pharmacy,DXB,Pharmacy,Deira,"Nasir Lootha Building Post office Hor Al Anz 34th Street Abu Bakar Siddique Road Hor Al Anz, Dubai",2528266
Deira Life Pharmacy L.L.C.,DXB,Pharmacy,Rigga,"Shop#2,State 1 building, Rigga, Dubai.",45610000
Diamond 3 Pharmacy L.L.C.,DXB,Pharmacy,Dubai Marina,"Unit No. Pi-G-05, Park Island, Dubai Marina, Dubai",45610000
Doha Pharmacy - Life Healthcare,DXB,Pharmacy,Al Attar Tower,"Al Attar Tower, Shk.Zayed Road, Dubai",45610000
Dream Pharmacy - Life Healthcare - DXB,DXB,Pharmacy,Dubai Marina,"Dream Tower,Near Al Maya Super Market, Dubai Marina, Dubai",44227844
Dubai Life Pharmacy - Life Healthcare,DXB,Pharmacy,Dubai World trade center,"Hall No.5, Dubai World Trade Centre, Dubai",45610000
Dulsco Pharmacy,DXB,Pharmacy,Dubai Industrial City,"Sheikh Mohammed Bin Zayed Road, Labor Village 1, Dubai Industial City , Dubai, Uae",44219354
East Hill Pharmacy,DXB,Pharmacy,Jebel Ali,Mi Jebel Alijebel Ali Industrial - Dubai,48877753
Experts Pharmacy - DXB,DXB,Pharmacy,Al qouz,"Shop#10, Ground Floor, Al Khail Mall, Al Quoz, Dubai",43307808
Extra Life Pharmacy - Life Healthcare - DXB,DXB,Pharmacy,Dubai Investment Park,Akas Inn Hotel Apartment (Behind Holiday Inn Al Barsha,45610000
Faith Pharmacy,DXB,Pharmacy,Deira,"Near Al Futtaim Masjid, Naif Road, Deira",42365626
Faith Way Pharmacy - DXB,DXB,Pharmacy,Jumeira,"J.T.S Medical Centre Building, Opposite Union House, 2Nd December Street, Jumeira-1",43798953
Faithway Pharmacy LLC (Branch),DXB,Pharmacy,Al Muteena,"Beside Westzone supermarket Al Muteena, UAE",43327827
Fajar Al Satwa Pharmacy LLC,DXB,Pharmacy,Satwa,"Al Bada Oasis Bldg, Al Hudaibah Strt , Satwa - Dubai",42981526
Fajer Mirdif Pharmacy LLC,DXB,Pharmacy,Deira,"Shop No.5, Burj Nahar Building-Opp. Snowhite, Omar Bin Al Khattab Road-Near. Fish Roundabout - Muteen, Deira-Dubai 300856",43437636
Fajr Al Madina Pharmacy L.L.C Branch,DXB,Pharmacy,Jebel Ali 1,"Dubai Shop No - 6, Ground Floor, Crystal Mall, Hilal Al Madina Hypermarket Jabel Ali - Dubai",42341479
Fajr Al Madina Pharmacy LLC,DXB,Pharmacy,Al Quoz,"Dubai Shop - 7 Ground Floor, Farnek Bldg Al Quoz-3, Dubai, U.A.E",43410401
Fawagee Pharmacy - Life Healthcare,DXB,Pharmacy,Nad Al Hamar,"Nad Al Hamar, Dubai",45610000
Fawagee Scientific Pharmacy - Life Healthcare,DXB,Pharmacy,Mirdif,"26 B Street, Mirdiff",45610000
Festival Life Pharmacy Br of Life Pharmacy LLC,DXB,Pharmacy,Festival Plaza,"Unit No. - SU108 & SU109, Ground Floor, Festival Plaza, Dubai – UAE",45610000
Gate Better Life Pharmacy,DXB,Pharmacy,Al Qouz,"Shop 1 & 2, New West Zone Mall, Al Khail Gate, Dubai.",45586281
Ghazal Al Jabal Pharmacy,DXB,Pharmacy,Al Qusais,Near Jiwin Blding Shop No 3&4,44540460
Globehealth Pharmacy LLC,DXB,Pharmacy,Deira,"Shop No 4, Building Residence 0943, Abu Baker Al Siddique Road, Hor Al Anz , Deira, Dubai.",42572447
Gold Life Pharmacy Br of Life Pharmacy LLC,DXB,Pharmacy,Sheikh Zayed Road,"Unit no. GDP-5-G-R5-004, Gold and Diamond Park, Dubai",45610000
Golden Life Pharmacy - Life Healthcare,DXB,Pharmacy,Murooj Complex,"Murooj Complex, Shk. Zayed Road, Dubai",45610000
Grand Al Kausar Pharmacy - DXB,DXB,Pharmacy,Burdubai,"Next To Day To Day ,Sharaf Dg Metro Station .Burdubai",43511406
Grand Infinity Pharmacy- DXB,DXB,Pharmacy,Muhaisna,"Al Qaseer Bldg, Ground Floor, Near Madina Mall , Muhaisnah-4 , Dubai-Uae",42515458
Grand Infinity Pharmacy LLC Branch,DXB,Pharmacy,Deira,"Shop No:4, Grand Excelsior Hotel, Muteena Street, Deira",3361148
Grand Life Pharmacy - Life Healthcare,DXB,Pharmacy,Deira,"Al Muteena St., Deira, Dubai",45610000
Grand Muriat Pharmacy LLC,DXB,Pharmacy,Deira,"Behind Al Hamriya Post Office, Hamriya, Deira, Dubai",42639986
Grand Royal Pharmacy - Life Healthcare Group,DXB,Pharmacy,Bur Dubai,"Rolla Road, Bur Dubai, Dubai",45610000
Hafsa Pharmacy- DXB,DXB,Pharmacy,Jebel Ali,"Next Mango Hypermarket,Masjid Abu Dhar Al Ghifari Mosque, Muhasinah-2",42643567
Haji Pharmacy,DXB,Pharmacy,Satwa,"Shop No.2 , Rashid Bin Al Dharoui Buiding , Satwa Main Road , Satwa",43319192
Hala Pharmacy 13 LLC,DXB,Pharmacy,International City,"Shop # 22 & 24,S-6 Building, Spain Cluster,International City,Dubai",45610000
Hala Pharmacy 14 LLC,DXB,Pharmacy,Dubai Marina,"Shop No.1, Marina Diamond 5 (A) Dubai Marina, Dubai",45610000
Hala Pharmacy 15 LLC,DXB,Pharmacy,Discovery Gradens,"Shop No : 01 , Al Safa Tower, Near Emirates Tower Metro Station , Trade Centre, Shk. Zayd Road, Dubai – Uae",45610000
Hala Pharmacy 16,DXB,Pharmacy,International City,"Shop No. S -1 , Al Satwa Building, Al Hudaiba, Satwa, Bur Dubai - Uae",45610000
Hala Pharmacy 19,DXB,Pharmacy,International City,"S-16, P 17 Building , France Cluster, International City, Dubai Uae.",45610000
Hamriya Life Pharmacy L L C,DXB,Pharmacy,Deira,"Ground Floor,Union Co-Operative Society,Hamriya Shopping Centre,Deira Hor Al Anz East,Dubai",45610000
Health First Pharmacy 1,DXB,Pharmacy,Bur Dubai,"Tameem House Office Building,Shop No Gf01,Al Fosool Street,Barsha Heights,Dubai",44377533
Health First Pharmacy 11,DXB,Pharmacy,Business Bay,"Building No:3,Bay Square,Al Asayel Street, Busines Bay,Dubai",44560100
Health First Pharmacy 2,DXB,Pharmacy,Deira,"Shop No 5 & 6,Inside Aswaaq,Nad Al Sheba 4,Ras Al Khor,Dubai",43264234
Health First Pharmacy 23,DXB,Pharmacy,Deira,"Hamarin Centre, Marriot Hotel Bldg,Abu Baker Siddiquie Road,Al Muraqqabat,Deira Dubai",42693618; 42679976
Health First Pharmacy 24,DXB,Pharmacy,Down Town 		Burj,"Shop No 5,Al Ohood Street,South Ridge Tower 1,South Ridge, Dubai",44329158
Health First Pharmacy 25,DXB,Pharmacy,Barsha - 2,"Souq Extra Shopping Center - Barsha,Shop No :S6,Ground Floor,37Th Street,Barsha - 2, Next To Barsha 2- Park 3, Dubai,Uae",43992116; 43997956
Health First Pharmacy 27 Br,DXB,Pharmacy,Al Barsha I,"Impz,The Crescent Tower B Bldg,G01,Ground Floor,Meaisem First Community,Dubai",44253020
Health First Pharmacy 3,DXB,Pharmacy,Marina,"Plot No-333-397, Shop No.2, Al Hudaiba Road, Al Bada’A, Satwa, Dubai, U.A.E",43999020
Health First Pharmacy 30,DXB,Pharmacy,Karama,"Shop No 1 ,Al Attar Tower,Towards Sharjah",42523591
Health First Pharmacy 33,DXB,Pharmacy,Karama,"Shop No: (G/A7), Al Kafif Residential Building, Al Karama, Dubai",43963068
Health First Pharmacy 34,DXB,Pharmacy,Burdubai,"Shop No : 3,Ibrahim Bin Abdulrahim Qassem Building,Al Hamriya,Musalla Road,Burdubai,Dxb",43852791; 43853001
Health First Pharmacy 37,DXB,Pharmacy,Dubai Sports City,"Mediterranean Building, Canal Residence West,Hessa Street,Dubai Sports City,Dubai",43606023
Health First Pharmacy 38,DXB,Pharmacy,Bur Dubai,"Saleh Bin Lahej Building 338,4Th Street,Oud Metha,Lamzy Plaza,Burdubai,Dubai",43960695; 43969821
Health First Pharmacy 4,DXB,Pharmacy,Business Bay,"Business Bay Executive Towers,Next To Spinneys Shop 110,Ground Floor, Shaikh Zayed Road,Al A'Amal Street,Dubai",44587004
Health First Pharmacy 41,DXB,Pharmacy,Mirdiff,"Shop No : 6,Uptown Mirdiff Mall,Mirdiff,Dubai",42882296; 42832565
Health First Pharmacy 45,DXB,Pharmacy,Al Barsha,"Shop No:4,Alrawba Building,Opposite Lulu Super Market,Halim Street,Al Barsha,Dubai",43965891; 43969804
Health First Pharmacy 48 (Br of Health first Investment LLC,DXB,Pharmacy,Jumeirah,"Shop No 5,Jumeirah Road,Opposite To Spinneys,Jumeirah 1, Dubai",43430616; 43489757
Health First Pharmacy 9,DXB,Pharmacy,Al Barsha,"Season Summer Block B, Albarsha South,Summer 2,Jumeriah Village Circle,Dubai",44233733
Health Hub Pharmacy (Br of Alfuttaim Health Care Single Person Company L.L.C)-Festival Plaza,DXB,Pharmacy,Jabel Ali -1,"First Floor, Festival Plaza Mall, Jebel Ali - Dubai",45967373
Health Point Pharmacy LLC,DXB,Pharmacy,Al Barsha South Fourth,"Unit no. 2 & 3, Chaimaa Premiere, JVC, Al Barsha South Fourth, Dubai",5610000
Hill Life Pharmacy L.L.C.,DXB,Pharmacy,Karama,"Back Side Of Lulu Hypermarket, 41 Street, Al Karama",43232286
Hopecare Pharmacy LLC,DXB,Pharmacy,Hor Al Anz,Hamaad Khalfan Building Aisha Mosque Hor Al Anz Deira Dubai,42268881
Murshid Pharmacy LLC (Ex: Iran Pharmacy - Life Healthcare),DXB,Pharmacy,Deira,"Murshid Bazar, Deira, Dubai",45610000
J.B.R. Life Pharmacy - Life Healthcare Group,DXB,Pharmacy,Jumeira,"Jumeirah Beach Residence, Amwaz 3",45610000
Jadaf Life Pharmacy Br of Life Pharmacy,DXB,Pharmacy,Al Jeddaf,"Retail#1, Riah Towers, Culture Village, Al Jeddaf, Dubai - UAE",45610000
JBR Bahar Pharmacy,DXB,Pharmacy,JBR,"Shp # P25, Bahar Tower - 4 Near Al Maya Supermarket, JBR",45610000
JBR Life Pharmacy 2 Br of Life Pharmacy LLC,DXB,Pharmacy,JBR,"Shop No 2406, Ground floor, The Beach – JBR , Dubai UAE",45610000
JBR Murjan Pharmacy EST.,DXB,Pharmacy,JBR,"Shp # P57, Murjan Tower - 2, Near Daily gourmet Supermarket, JBR",45610000
JBR Sadaf Pharmacy EST.,DXB,Pharmacy,JBR,"Shp # P32, Sadaf Tower - 2, Near Al Maya Supermarket, JBR",45610000
JBR Shams Pharmacy LLC,DXB,Pharmacy,JBR,"Shp # PT24, Shams Tower-1, Near Al Maya Supermarket, JBR",45610000
Jumeirah Better Life Pharmacy - DXB,DXB,Pharmacy,Jumeirah Village 2,"No.4 Building M1, Amsa Jumeirah Village Circle, Dubai.",44472087
JVC Life Pharmacy LLC,DXB,Pharmacy,Emirates Garden II-,"Shop # Gs3,Opp To Bluemart Supermarket, Emirates Garden Ii- Mulberry, Jvc",45610000
JVT Life Pharmacy LLC,DXB,Pharmacy,Al Khail,"Shop G-02 & G-03, Near Milestone Supermarket,Imperial Residence Tower, Jvt, Dubai",45610000
Karama Life Pharmacy Br Of Life Pharmacy L L C,DXB,Pharmacy,Karama,"Shop No. 1 & 2 , Al Karama Building , Karama , Dubai.",45610000
Karama One Pharmacy L.L.C.,DXB,Pharmacy,Karama,"Shop# 2 n 3@ Karama, Dubai",45610000
Khalidha Pharmacy LLC,DXB,Pharmacy,Al Quoz Industrial -3,"Shop No;1, Ground Floor,                                                                                                                      Sehar Karachi Restaurant Building,                                                                                                           Near Al Khail Mall,                                                                                                                                                Latifa Bint Hamdan Street,                                                                                                                                   Al Quoz Ind Area - 3 , Dubai , U.A.E",43952885
Khalifa Obaid Pharmacy,DXB,Pharmacy,Satwa,"Mohammed Butti Building Opp. Satwa Big Mosque, Satwa",43316141
KIMS Pharmacy LLC - DXB,DXB,Pharmacy,Hor Al Anz,"Kims Medical Center, Al Dossari Building, Deira, Dubai",42209434
La Riviera Life Pharmacy Br of Life Pharmacy LLC,DXB,Pharmacy,Dubai Marina,"Unit S02 in La Riviera Tower, Dubai Marina,Dubai",45610000
Life Abu Hail Pharmacy LLC,DXB,Pharmacy,Abu Hail,"Life Abu Hail Pharmacy, Dubai",45610000
Life Al Badaa Pharmacy L.LC.,DXB,Pharmacy,Bur Dubai,"S # 1; Al Badaa Bldg,P 78 Al Badaa,Dubai",45610000
Life Al Barsha Fourth 2 Br of Life Pharmacy LLC,DXB,Pharmacy,Al Barsha South,"Shop no. 1, Prime Business Center A, Al Barsha South Fourth (Plot no: 240), Dubai.",45610000
Life Al Barsha Pharmacy - Life Healthcare Group,DXB,Pharmacy,Al Barsha,"Etihad Mall,Mirdiff",45610000
Life Al Barsha South Fourth Br of Life Pharmacy L L C,DXB,Pharmacy,Al Barsha,"Shop No. G01-B, Manhattan Building, Near Choithram , Jvc Village,  Al Barsha South Fourth Community, Dubai",45610000
Life Al Hamriya Br of Life Pharmacy LLC,DXB,Pharmacy,Bur Dubai,"Shop No: 1, Al Bahri Metro Building, Plot 373-261, Al Barsha 1, Dubai, Uae",45610000
Life Al Karama Pharmacy - Life Healthcare Group,DXB,Pharmacy,Karama,Near Burger King  Next To Ministry Of Health,45610000
Life Al Mizhar First Br of Life Pharmacy,DXB,Pharmacy,Al Mizhar,"Unit No. 2630, Arabian Center, Al Mizhar, Dubai",45610000
Life Al Nahda Pharmacy L.L.C.,DXB,Pharmacy,Al Nahda,"Shop # 3, Twin Tower, Plot # 241-555, Al Nahda , Dubai",45610000
Life Al Qusais Pharmacy LLC,DXB,Pharmacy,Al Qusais,"Near Icare Clinic,Al Huraiz Building, Damascus Street",45610000
Life Al Riqqa 2 Br of Life Pharmacy LLC,DXB,Pharmacy,Diera,"Shop no. AGC 30, Ground Floor, Al Ghurair Centre, Dubai – UAE",45610000
Life Al Riqqa Pharmacy L.L.C.,DXB,Pharmacy,Al Riqqa,"Shop# F67, Opp. To Carrefour, Al Ghurair Centre, Al Riqqa, Dubai",45610000
Life Al Shab Pharmacy L.L.C.,DXB,Pharmacy,Hor Al Anz,"Shop 1 & 2, Plot # 127-0422, Malik Building, Al Shaab Colony, Hor Al Anz, Dubai",45610000
Life Al Warqa 2 Br of Life Pharmacy LLC,DXB,Pharmacy,Al Warqa First,"Shop No. 5, Ground Floor, Al Jabri Building, Al Warqa First, Dubai – UAE",45610000
Life Al Warqa Pharmacy LLC,DXB,Pharmacy,Al Warqa,"Shop 1 & 2, Al Kendi , bldg , Al warqa",45610000
Life Al Yalayis 1 BR of Life Pharmacy 3 L.L.C,DXB,Pharmacy,Reem Community,"Unit No. Mira - Gf-005, Mira Town Centre, Reem Community, Dubai",45610000
Life DIP Pharmacy LLC,DXB,Pharmacy,Greens,"Near Choithrams  Supermarket, Market Mall, DIP,Greens",45610000
Life Express Pharmacy - Life Healthcare - DXB,DXB,Pharmacy,Garhoud,"Near Welcare Hospital Al Garhoud , Dubai, Al Mamzar Area",45610000
Life Home HealthCare FZ LLC - Life Healthcare,DXB,Pharmacy,Dubai Healthcare City,Dubai Health Care City Free Zone,45610000
Life Island Pharmacy BR of Life Pharmacy 3 LLC,DXB,Pharmacy,Jumeirah,"Unit No: Ji-B5 -Ri-05D,Jumeriah,Pavilion Master Community, Dubai.",45610000
Life Mayfair Pharmacy L.L.C.,DXB,Pharmacy,Business Bay,"S-02, Mayfair residence Tower, Business Bay, Dubai",45610000
Life Muraqabat Pharmacy LLC,DXB,Pharmacy,Al Muraqabat Road,"Shop#1,R471 Building,Wasl Trio Block A,Al Muraqabat Rd,Dubai",45610000
Life Pearl Pharmacy L..L.C.,DXB,Pharmacy,Dubai Marina,"Shop#9, Marina pearl Buldg,Dubai Marina,Dubai",45610000
Life Pharmacy 10 Br of Life Pharmacy LLC,DXB,Pharmacy,JBR Walk,"Shop No:6, Ground Floor,  Al Fattan Shopping Centre, JBR Walk, Dubai – UAE",45610000
Life Pharmacy 11 Br of Life Pharmacy LLC,DXB,Pharmacy,Umm Suqeim,"Shop No.2, Near Creative Minds Shop,   Barsha, Umm Suqeim Road, Dubai - UAE",45610000
Life Pharmacy 12 Br of Life Pharmacy LLC,DXB,Pharmacy,Sheikh Zayed Road,"Shop 1, The Tower, Financial Centre, Sheikh Zayed Road, Dubai , UAE",45610000
Life Pharmacy 15 Br of Life Pharmacy LLC,DXB,Pharmacy,Hor Al Anz East,"Shop No.13, Bayat Complex, Hor Al Anz East, Dubai, Uae",45610000
Life Pharmacy 16 Br of Life Pharmacy LLC,DXB,Pharmacy,Bluewaters,"Unit no. R-18, Ground Floor – Bluewaters Residences 8, Marsa, Dubai, UAE",45610000
Life Pharmacy 3 LLC,DXB,Pharmacy,International City,"Shop No : G02 & G 03, Union Co-Op Al Twar Branch, Dubai , Uae.",45610000
Life Pharmacy 3 LLC (Branch) (DCC),DXB,Pharmacy,Deira,"LG01A, Next to Fitness First, Deira City Centre, Dubai",45610000
Life Pharmacy 4 LLC,DXB,Pharmacy,Ibn Battuta,"Shop Lf15, Metro Link, Ibn Battuta,",45610000
Life Pharmacy 5 LLC,DXB,Pharmacy,Dubai Festival City,"Shop#At040A,First Floor, Dubai Festival City Mall, Dubai",45610000
Life Pharmacy 7 LLC,DXB,Pharmacy,Al Furjan South,Al Furjan South-Unit # FRJP-R-24,45610000
Life Pharmacy 8 BR of Life Pharmacy LLC,DXB,Pharmacy,Mall of Emirates,"Unit no. F11H, First Floor, Mall of Emirates, Dubai - UAE",45610000
Life Pharmacy Barsha Heights Br of Life Pharmacy LLC,DXB,Pharmacy,Barsha Heights,"Shop No :8 , Al Shaiba Tower , Barsha Heights ( Tecom)  , Dubai – UAE",45610000
Life Pharmacy CCM Br of Life Pharmacy LLC,DXB,Pharmacy,Mirdiff City Center,"Unit No. D006A, Ground Floor, Midriff City Centre, Dubai - UAE",45610000
Life Pharmacy DFC Br of Life Pharmacy LLC,DXB,Pharmacy,Dubai Festival City,"Unit No. - RC-021, First Floor, Dubai Festival City, Dubai UAE",45610000
Life Pharmacy DIP 2 Br of Life Pharmacy L L C,DXB,Pharmacy,DIP,"Unit No.6,Ramla Mall, DIP, Dubai",45610000
Life Pharmacy Dusseldorf Br of Life Pharmacy LLC,DXB,Pharmacy,Al Barsha 1,"Shop No. 4, Dusseldorf Business Point, Al Barsha-1, Dubai – UAE",45610000
Life Pharmacy DWTC Br of Life Pharmacy LLC,DXB,Pharmacy,World Trade Center,"Shop No: R021.02, Concourse 1, Dubai World Trade Centre, Dubai - UAE",45610000
Life Pharmacy Fz-LLC,DXB,Pharmacy,DHCC,"Unit no. 09RI, Build. No. 64, District 1, Block D, Ground Floor, DHCC, Dubai – UAE",45610000
Life Pharmacy Hills Br of Life Pharmacy LLC,DXB,Pharmacy,Arabian Ranches I,"Shop Number R VCC A8, Arabian Ranches I, Dubai, UAE",5610000
Life Pharmacy I B M 2 Br of Life Pharmacy LLC,DXB,Pharmacy,IBN Battuta Mall,"Unit No.IBS-GF-54 & IBS-GF-54A, COURT-S, IBN BATTUTA MALL, DUBAI, UAE",45610000
Life Pharmacy I B M Br of Life Pharmacy LLC,DXB,Pharmacy,IBN BATTUTA MALL,"Unit No. IBS-GF-078, PERSIA COURT, IBN BATTUTA MALL, DUBAI",45610000
Life Pharmacy JVT 2 Br of Life Pharmacy LLC,DXB,Pharmacy,JVT,"Shop No: 06, Botanica Tower 1, Dubai Marina, Dubai - Uae",45610000
Life Pharmacy LLC Branch,DXB,Pharmacy,Oud Metha,"Shop No. 1, Al Mazoon Building, Al Qusais 02, Damascus St, Dubai - Uae",45610000
Life Pharmacy LLC Branch-Business Bay,DXB,Pharmacy,Business Bay,"Shop # 1, Clover Bay Tower, Business Bay, Dubai",45610000
Life Pharmacy LLC DMCC Br,DXB,Pharmacy,DMCC,"G11, Dubai Gate 1, Jumeirah Lakes Towers, Dubai",45610000
Life Pharmacy Marina Br of Life Pharmacy LLC,DXB,Pharmacy,Dubai Marina,"Ground Floor, DEC Dubai Marina Tower 2, Choitrams - Marina, Dubai",45610000
Life Pharmacy Marina Walk Br of Life Pharmacy LLC,DXB,Pharmacy,Dubai Marina,"Unit No. GA2, Ground Floor, Dubai Marina Towers Retail, Marina Walk, Dubai - UAE",45610000
Life Pharmacy N K Mall Br of Life Pharmacy LLC,DXB,Pharmacy,Palm Jumeirah,"Shop No. NKM- B- 1010 & B-1011 , Nakheel Mall , Palm Jumeirah, Dubai - UAE",45610000
Life Pharmacy Village Mall Br of Life Pharmacy LLC,DXB,Pharmacy,Jumeirah 1,"Shop No: 24 & 25, The Village Mall, Jumeirah First, Dubai  - UAE",45610000
Life Plus Pharmacy - Life Healthcare,DXB,Pharmacy,Bur Dubai,"Inside Lathifa Hospital, Dubai Uae",45610000
Life Rose Pharmacy llc,DXB,Pharmacy,International City,"Shop - 10, E07 Building, Plot No 67, China Cluster, International City, Dubai",45610000
Life Trident Pharmacy L.L.C.,DXB,Pharmacy,Dubai Marina,"Shop No. R01 Near Marina Hotel Apt,Next to Blue Mart Suprmarket, , Marina Scape Tower, Dubai Marina",45610000
Life Two Pharmacy L.L.C.,DXB,Pharmacy,Sheikh Zayed Road,"Al Kawakeb Bldg A, 1St Interchange,Sheikh Zayed Road, Dubai",45610000
Life Two Pharmacy LLC Branch,DXB,Pharmacy,Business Bay,"Shop # G84 & G85,Bay Avenue- Business Bay,Next To Whsmith Dubai",45610000
Life Vision Pharmacy LLC,DXB,Pharmacy,Business Bay,"Shop G+1, Vision Tower, Business Bay, Dubai",45610000
Live Care Pharmacy L.L.C.,DXB,Pharmacy,Jebel Ali,"Shoppers Mall,Industrial Area 1, Jabel Ali, Dubai",48845562
Liwa Pharmacy - Life Healthcare,DXB,Pharmacy,Karama,"Al Mankhool, Dubai",45610000
Madinat Al Kausar Pharmacy - DXB,DXB,Pharmacy,Al Barsha,"Opp: Mashreq Metro Station,Sheikh Zayed Road,Al Barsha.",43473654
Madinat Al Quoz Pharmacy LLC,DXB,Pharmacy,Al Qouz,"Farnek Bulding - Shop No : 3- Back Side Of Al Khail Mall Al Qouz Industrial Area, Po Box - 128800",43388522
Mansion Pharmacy L.L.C.,DXB,Pharmacy,Dubai Marina,"Next to Marina Mall , Dubai Marina",45610000
Manzil Pharmacy DIP-2 - DXB,DXB,Pharmacy,DIP-2,Po Box 69229- Next To Parsons Super Market Building - Dip-2,48841663
Marina Life Pharmacy - Life Healthcare,DXB,Pharmacy,Marina,"Dubai Marina, Dubai",45610000
Marina Pharmacy Atlantis Br of Marina Pharmacy LLC,DXB,Pharmacy,Atlantis the Palm,Palm Jumeirah Atlantis Hotel Atlantis 48,43466889
Marina Pharmacy Nad Alshiba Br of Marina Pharmacy LLC,DXB,Pharmacy,"Union Coop ,Nad Al Shiba Branch 2","Street Name: Nad Alshiba 2 Apartment/Villa Number: G05 /Building Name: Union Coop -Nad Alshiba 2 Branch Dubai
Area Name: Nad Al Sheba - 2",44346689
Marina View Pharmacy LLC,DXB,Pharmacy,Dubai Marina,"Dubai Marina,Marina heights Building, Dubai",45610000
Marsa Life Pharmacy L.L.C.,DXB,Pharmacy,Dubai Marina,"Shop#7, MAG 218, Dubai Marina, Dubai.",45610000
Mas Life Pharmacy Br of Life Pharmacy LLC,DXB,Pharmacy,Khalid Bin Waleed Road,"Unit No. P1-08-1, Marsa Al Seef,  Dubai - Uae",45610000
Mashreq Pharmacy - DXB,DXB,Pharmacy,Qussais,"Opp. Fortune Grand Hotel, Behind Sunrise Super Market, Al Qusais, Dubai.",42634081
Nova Advanced Care Pharmacy LLC,DXB,Pharmacy,Muhaisnah 2,"Shop  : 17, Ground Floor,
Shaklan Hypermarket 2, 32A Street,
Near Al Quasis Bus Station 5,
Muhaish 2, Sopur,Dubai  Uae",42638227
Mezhar Life Pharmacy - Life Healthcare Group,DXB,Pharmacy,Deira,"Al Mezhar, Dubai",45610000
Modern Life Pharmacy - Life Healthcare,DXB,Pharmacy,Al Aweer,"Fruits & Vegetables Market, Aweer, Dubai",45610000
Muhaisna Star Pharmacy - Dubai,DXB,Pharmacy,Al Qusais,"Muhammed Ali Abdul Tahman Bldg., Al Qusais, Muhais 2 Po Box. 45491",42644034
Multi Care Pharmacy LLC,DXB,Pharmacy,Al Khail Gate,Al Khail Gate Community Center Al Quoz Near Blue Mart Hyper,45807784
Muriat Pharmacy - DXB,DXB,Pharmacy,Oud Metha,"Kml Building No:3, Near Dunes Hotel, Oud Metha, Dubai.",43796771
Nad Al Hamar Pharmacy - DXB,DXB,Pharmacy,"Al Qouz-2,","Near To Al Khail Mall, Al Quoz Industrial Area, Dubai",43284298
Naeem Pharmacy,DXB,Pharmacy,Deira,"Nakeel Road,Deira Dubai",42212310
Nature's Life Pharmacy - Life Healthcare,DXB,Pharmacy,Jumeira,"Al Wasl Road , Dubai, Jumeirah",45610000
Nawras Pharmacy - Dubai,DXB,Pharmacy,Deira,"Nawras Pharmacy , Royal Park Hotel Bldg , Behind Naif Park , Naif Road , Deira",42243397
Neo Pharamcy LLC Branch,DXB,Pharmacy,Al Quoze Industrial-2,"Neo Pharmacy Llc , Al Fakhree Centre Llc, 53 Street.Dip 2",48814919
Neo Pharmacy LLC,DXB,Pharmacy,DIP 2,"Neo Pharmacy Llc , Al Fakhree Centre Llc, 53 Street.Dip 2",48814919
New Advanced Care Pharmacy LLC,DXB,Pharmacy,DIC,"Souq No :4, Shop Number : 3,
Seihshoweb 4, Labour City 2,
Dubai Industrial City,
Dubai - Uae",48786503
New Al Kanz Pharmacy Br,DXB,Pharmacy,JLT,"Shop Mag 214 , JLT,Dubai  cluster R",45610000
New Al Kanz Pharmacy Branch,DXB,Pharmacy,JLT,"J2 Tower, Cluster J -JLT, Dubai UAE",45610000
New Al Nahda - Life Healthcare,DXB,Pharmacy,Al Nahda,"No. 1 Al Nahda 3 Bldg, Bfre Emts Star Hotel Apart",45610000
New Better Life Pharmacy - DXB,DXB,Pharmacy,Al Quoz Mall,"Ground Floor, Al Quoz Mall, Al Quoz, Dubai.",43466098; 43466097
New Doha Pharmacy - Life Healthcare,DXB,Pharmacy,Sheikh Zayed,"Al Gadhir Bldg, Sheikh Zayed Road",43328385
New Grand 1 Pharmacy,DXB,Pharmacy,Khalid Bin Walid Road,"Khalid Bin Walid Road, Dubai",45610000
New Grand Murqabat Pharmacy - Life Healthcare Group,DXB,Pharmacy,"Muraqabat,","Shop# 5  @ Murqabat, Dubai Uae.",45610000
New Mamzar Pharmacy -  Life Healthcare Group,DXB,Pharmacy,Deira,"Century Mall Shopping Mall, Deira, Al Mamzar",45610000
New Mankhool Pharmacy - DXB,DXB,Pharmacy,Karama,"Villa No. 108, Next To Exit 2 Of Adcb Metro Station, Al Karama, Dubai",43858580
New Mazaya Pharmacy EST.,DXB,Pharmacy,Mazaya,"New Mazaya Pharmacy, G06, Mazaya Shopping Centre, Dubai",45610000
New Motor City Pharmacy L.L.C.,DXB,Pharmacy,Motor City,Life Para Pharmacy/ Nw Motor City,45610000
New Nawras Pharmacy - DXB,DXB,Pharmacy,Jafza,"New Nawras Pharmacy , Meena Retail Bldg , Meena Jebal Ali , Jafza , Dubai",48807112
New Salahaldin Pharmacy FZE,DXB,Pharmacy,Dubai Silicon Oasis,"Shop # G-3,Al Waha Mosque-RS, Dubai Silicon Oasis",45610000
New Sanaiya Pharmacy - Sonapur,DXB,Pharmacy,Muhaisnah 2,"Po Box 3484, Madina Supermarket - Sonapur Dubai - Uae",42648201
New Silicon Pharmacy Br of Life Pharmacy,DXB,Pharmacy,Dubai Silicon Oasis,"Retail 01, Le Presidium Tower, Dubai Silicon Oasis, Dubai",45610000
New Smile Pharmacy - DXB,DXB,Pharmacy,Al Qouz,"Back Side Of Lulu Hypermarket, 41 Street, Al Karama",43232286
New Spring Pharmacy (BR OF LIFE PHARMACY LLC),DXB,Pharmacy,The New Spring Village,"Unit No. NSPV-FF-26, The New Spring Village, Dubai",45610000
Noor Al Ahalia Pharmacy,DXB,Pharmacy,Mamzar Centre,"G-01, Ground Floor,Mamzar Centre, Al Littihad Road, Al Mulla Plaza Signal, Dubai, P.O. Box - 79257",42526880
Noor Al Iman Pharmacy  - life healthcare - DXB,DXB,Pharmacy,Jumeirah 3,"Shop 1, Plot # 356-257, Jumeirah 3, Dubai",45610000
Novo Pharmacy LLC Branch,DXB,Pharmacy,Palm Deira,"Shopping Mall, Hayat Rejency Hotel",42517434
Oasis Life Pharmacy - Life Healthcare,DXB,Pharmacy,Qussais,"Residential Oasis, Al Qusais",45610000
Oman Pharmacy,DXB,Pharmacy,Deira,"Ground Floor, Al Rigga Building, Opp.Corado Fashion - Baniyas Square-14Th Rd - Deira - Dubai",42222071
Palm Strip Pharmacy - Life Healthcare,DXB,Pharmacy,Jumeira,"Palmstrip Mall Building Jumeirah Beach Road Area, Dubai.",45610000
Panorama RX Pharmacy Br of IMARA Health Care LLC,DXB,Pharmacy,Al Thanyah 3,"Panorama Retail, Near Regent International School",44557256
Paradise Plus Pharmacy LLC,DXB,Pharmacy,DIP 2,"Shop No.108,Ritaj ,Above Almaya,Dip3",48848270
Park Better Life Pharmacy - DIP - DXB,DXB,Pharmacy,Dubai Investment Park,"Ground Floor, Park Shopping Mall, Dip,Dubai.",48848829
Pharma One Pharmacy,DXB,Pharmacy,Muhaisnah 4,"Shop . 4 Fatima Bldg, Beirut St.Next To Madi Mall, Close To Eppco Petrol Station,Muhaish 4, Dubai Uae",42631107
Premier Pharmacy,DXB,Pharmacy,Jumeirah,"Shop # 2, Kings College Hospital Building, Umm Suquim First, Jumeirah, Dubai.",45610000
Pristine Pharmacy L.L.C.,DXB,Pharmacy,Bur Dubai,"Shop#9, 10, 11A, 11B @ Nile Region, Wafi Mall, Dubai.",45610000
Qalb Al Iman Pharmacy - DXB,DXB,Pharmacy,Deira,"Next To Khalid Masjid, Deira, Dubai.",42723240
Ramada life Pharmacy - Life Healthcare,DXB,Pharmacy,Bur Dubai,"Near Hotel Ramada, Bur Dubai",45610000
Ras Al Khor Pharmacy,DXB,Pharmacy,Deira,Baniyas Road Opposite Alkhor Deira Dubai,42262276
Real 10 Pharmacy LLC,DXB,Pharmacy,Al Barsha,"Shop#1, Elite Building, Opp. Lulu Hyper market, Al Barsha, Dubai.",45610000
Real 3 Pharmacy L.L.C.,DXB,Pharmacy,Umm Hurair,"Shop no 1, Emart Supermarket, Umm Hurair",45610000
Real 4 Pharmacy L.L.C.,DXB,Pharmacy,Business Bay,"Po no 483, Shop no 3, Escaper Tower , Near Business Bay Metro",45610000
Real 5 Pharamacy LLC,DXB,Pharmacy,Al Nadha,"Next To Carrefour Express,Aman Road,Al Nadha",45610000
Real 6 Pharmacy L.L.C.,DXB,Pharmacy,Sheik Zayed Road,"Shop # 1, Al Salaam Tower, Sheik Zayed Road,Chelsea Dubai U.A.E.",45610000
Real 7 Pharmacy,DXB,Pharmacy,JLT,"Ground Floor, E3 , Sabah Tower 1, Jumeirah Lake Towers.",44391776
Real 7 Pharmacy DMCC Branch,DXB,Pharmacy,Jumeirah Lakes Towers,"Shop PL-7, Lake Terrace, Cluster D, Jumeirah Lakes Towers, Dubai",45610000
Real 7 Pharmacy JLT Branch,DXB,Pharmacy,JLT,"Unit# GS03, Plot# JLT - Ph1- A3, Lake Side Res Tower",45516506
Real One Pharmacy - DXB,DXB,Pharmacy,Bur Dubai,"Shp # 1&2 Al Balooch Bldg, Near Alrafa Police St, Bur Dubai",45610000
Outlet By Life Pharmacy LLC ( Ex. Real Pharmacy),DXB,Pharmacy,Marina,"Belselah Building, Next to Marina Furniture",45610000
Relief Pharmacy - Dubai,DXB,Pharmacy,Naif Road,"Naif Road,Deira",42285462
Riviera Life Pharmacy LLC,DXB,Pharmacy,International City,"SHOP # 1, Riviera Dreams Bldg,CBD Cluster,Next to Papa John Pizza, International City,DUBAI",45610000
Rokn Al Mezher Pharmacy,DXB,Pharmacy,Al Qussais,"Near To Airport Freezone Metro Station, Next to Filli Tea, Al Qusais, Dubai.",42635469
Royal Grand Pharmacy - Life Healthcare - DXB,DXB,Pharmacy,International City,International City Next To Carrefour Express,45610000
Royal Life Pharmacy - Life Healthcare,DXB,Pharmacy,Al Mankhool,Royal Life Pharmacy,45610000
Royal Mamzar Pharmacy - Life Healthcare Group,DXB,Pharmacy,Mamzar,"Al Mamzar Centre, Dubai, Al Mamzar",45610000
Royal Marina Pharmacy,DXB,Pharmacy,Al Barsha,"Al Barsha, Opp Abidos Hotel,Dubai",45610000
Royal Pharmacy - Life Healthcare,DXB,Pharmacy,Bur Dubai,"Khalid Bin Walid Walid Road, Opp. Hotel Ascot",45610000
Royal Ruby Pharmacy,DXB,Pharmacy,Al Quoz,"Po Box 69229, Shop #8 Inside Ak Mart
Dubai Investment Park -1 - Dubai Uae",43883694
Ruby Pharmacy FZCO - DXB,DXB,Pharmacy,International City,"Shop No: 5 -China Cluster
International City - Dubai - U.A.E",44226855
RX Pharmacy,DXB,Pharmacy,Bur Dubai,"Ahmed Plaza Building,Naif Road, Deira Dubai",43555129
Safa Society Pharmacy - Life Healthcare,DXB,Pharmacy,Jumeira,"Union Co-Operative Building Opposite Safa Park, Jumeirah",45610000
Saif Zone Pharmacy FZC,DXB,Pharmacy,Saif Zone,"F2 Area Saif Zone Opp. Purvi Enterprises F2 Area, Saif Zone",5578560
Samari RX Pharmacy BR of IMARA Healthcare LLC,DXB,Pharmacy,Ras Al Khor Industrial Area 3,"Samari Retail Mall, Ras Al Khor",45472700
Samer Pharmacy - Life healthcare,DXB,Pharmacy,Karama,"Shk.Hamdan Colony, Karama",45610000
Sana Pharmacy,DXB,Pharmacy,Karama,"Sana Fashion Bldg, 47B Street, Al Karama, Dubai",3353866
S B N Pharmacy LLC - DXB,DXB,Pharmacy,Deira,"Al Sabah Bldg., Baniyas Dubai Uae",44517427
Shams Al Nahda Pharmacy LLC,DXB,Pharmacy,Al Nahda,"Haafiz Building, opposite Safeer Mall, Street 63, Al Nahda",5722096
Smile Pharmacy - DXB,DXB,Pharmacy,Al Qusais,"Next Mango Hypermarket,Masjid Abu Dhar Al Ghifari Mosque, Muhasinah-2",42643567
Super Life Pharmacy-Life Healthcare Group,DXB,Pharmacy,Meadows Community,"Shop No5&6, Bldng No:Zen 2-020,Plot No169,Discovery Gradens, Dubai",45610000
Sustainable Life Pharmacy LLC,DXB,Pharmacy,Al Safa,"B-1, The sustainable  City, Al Wadi Al Safa 7, Dubai, U.A.E",45610000
SZR Life Pharmacy Br of Life Pharmacy LLC,DXB,Pharmacy,Sheikh Zayed Road,"Showroom No. 2, Al Kawakeb (D Block), Sheikh Zayed Road, Dubai – UAE",45610000
Taj Pharmacy - Life Healtcare,DXB,Pharmacy,Deira,"Taj Palace Hotel, Deira",45610000
Tariq Pharmacy - Life Heathcare,DXB,Pharmacy,Qussais,"Al Bustan Centre, Al Qusais",45610000
The Point Life Pharmacy Br of Life Pharmacy LLC,DXB,Pharmacy,Palm Jumeirah,"Next to Reel Cinemas , The Pointe , Palm Jumeirah, Dubai, UAE",45610000
Thumbay Pharmacy 1 Br of Thumbay Pharmacy LLC Ex: We Care Almamzar Pharmacy LLC,DXB,Pharmacy,Al Mumzar,"Area   :   Al Mamzar
Street :     Hor Al Anz Street
Bldg Name : Al Samar Building 
Land Mark: Moven Pick Hotel
City:      Dubai                                                 
Po Box- 1885
State  :  Dubai",42677656
Thumbay Pharmacy 10 Branch of Thumbay Pharmacy LLC,DXB,Pharmacy,Al Khawaneej,"Area   :   Al Khawaneej
Street : Al Khawaneej
Bldg Name :Ad Almeiri 
Land Mark: Near To Ramz Al Salah
City:  Dubai                                                                         
Po Box-1885
State  :  Dubai",42733515
Thumbay Pharmacy 11 (Br of Thumbay Pharmacy LLC) Ex. Dubai Hospital Pharmacy-Deira,DXB,Pharmacy,Deira,"Area   :  Al Khaleej Road
Street : Al Khaleeja Street 
Bldg Name :Inside Dubai Hospital Bldg
Land Mark: Dubai Hospital
City:   Al Baraha                                                                
Po Box-48450
State  :  Dubai",42722011
Thumbay Pharmacy 13 Branch of Thumbay Pharmacy LLC,DXB,Pharmacy,Al Barsha South 4,"Prime Buisness Centre, Cistys Grocery/Super Market, Al Barsha South 4, Jumeira Village Circle",45579771
Thumbay Pharmacy 14 Branch of Thumbay Pharmacy LLC Ex: We Care Med Pharmacy L.L.C.,DXB,Pharmacy,Jumeirah Village,"GPAR/G RO 1, Jumeirah Village 3",43954448
Thumbay Pharmacy 16,DXB,Pharmacy,Al Nuaimia  3,"City Tower  Block A2 City Tower  Sheikh Khalifa Bin Zayed St, Al Nuaimia  3",7453638
Modern Pharmacy LLC Branch (Ex. Thumbay Pharmacy 16 Branch Of Thumbay Pharmacy LLC),DXB,Pharmacy,Al Quasis,"Area   :   Sheik Rashid Colony
Street :  3 B Street 
Bldg Name : Masjid Al Ansar Building
Land Mark: Near Ceylon Bake House
City: Al Qusais                                                          
Po Box-48450
State  :  Dubai",42807089
Modern Pharmacy LLC ( Ex. Thumbay Pharmacy 2 Br Of Thumbay Pharmacy LLC),DXB,Pharmacy,Al Quasis,"Area   :  Al Qusais
Street :     Damascus Street
Bldg Name :Al Ghuwais Building
Land Mark: Near Epco Petrol Pump
City:  Dubai                                                            
Po Box-1885
State  :  Dubai",42676705
Thumbay Pharmacy 3 Branch of Thumbay Pharmacy LLC Ex: Al Diwan Pharmacy-DXB,DXB,Pharmacy,Bur Dubai,"Area   : Burdubai, 
Street :     Al Fahidi Street
Bldg Name :Mohamed Sadiq Hussain Buldg
Land Mark: Near Dubai Museum,
City:    Burdubai                                                                       
Po Box-1885
State  :  Dubai",43530099
Thumbay Pharmacy 4 Branch of Thumbay Pharmacy LLC,DXB,Pharmacy,Al Nahda 1,". Area   :   Al Nahda 1
Street :   Al Ittihad Rd,   
Bldg Name : Hessa Tower
Land Mark: Near Zafranah Building
City:      Dubai                                                                  
Po Box-5035
State  :  Dubai",42725779
Modern Pharmacy LLC (Ex. Thumbay Pharmacy 5 Branch Of Thumbay Pharmacy LLC),DXB,Pharmacy,Burdubai,"Area   : Burdubai,
Street :   Al Esbiji  
Bldg Name :Aqil Mustafa Abdul Al Noor
Land Mark:Near Astoria Hotel, 
City:   Dubai.                                                                         
Po Box-39803
State  :  Dubai.",43539755
Modern Pharmacy LLC Branch ( Ex. Thumbay Pharmacy 6 LLC Branch),DXB,Pharmacy,Al Barsha 1,"Albarsha 1 Dubai, Community No. 373 Street No.38, Desert Charm Building, Back Side Novotel Hotel, Beside Golden Tulip Hotel Albarsha 1.Dubai",43994694
Modern Pharmacy LLC (Ex.  Thumbay Pharmacy 7 Branch Of Thumbay Pharmacy LLC),DXB,Pharmacy,Near Business Bay sales Office,"Area   :   Al Barsha 2
Street :     Al Zayed Street
Bldg Name : Al Mashroom Building
Land Mark:  Beside Golden Sans Arenco Building
City:      Dubai                                                      
Po Box- 1885
State  :  Al Barsha 2",44508540
Modern Pharmacy LLC ( Ex. Thumbay Pharmacy 8 Br Of Thumbay Pharmacy LLC),DXB,Pharmacy,Satwa,"Area   : Satwa
Street :Al Diyafa Street,     
Bldg Name :Hilah Salim Bldg,
Land Mark: Beside Al Mallah Restaurant
City:   Dubai                                                                       
Po Box-1885
State  : Dubai",43594520
Modern Pharmacy LLC Branch (Ex. Thumbay Pharmacy 9 Br Of Thumbay Pharmacy LLC),DXB,Pharmacy,Business Bay,"Before Shobha Saffairh Tower, Damac Excutive Bay Bldg., Shop # 3, Business Bay",4426539
Thumbay Pharmacy DMCC Ex. We Care Pharmacy JLT,DXB,Pharmacy,JLT,"Shop No.06, Ground Floor level, Lake City Tower, Plot D-3, JLT",43686411
Thumbay Pharmacy LLC,DXB,Pharmacy,Deira,"Plot No.:  123-1080   
Building Name : Al Ghurair Building 
Street Name : Al Muteena Street
Area Name : Deira 
City: Dubai 
Land Mark: Next To Sheraton Deira Hotel",42512929
Modern Pharmacy LLC Branch ( Ex. Thumbay Pharmacy 12 Br Of Thumbay Pharmacy LLC),DXB,Pharmacy,Jumeira Road,"Area   :   Al Satwa   
Street : Albadaa     
Bldg Name : Mohammed Sadiq Hussain Khalid Building 
Land Mark: Bilal Mosque 
City: Dubai                                                                            
 Po Box-1885
State  : Dubai",43448162
Town Life Pharmacy - Life Healthcare Group,DXB,Pharmacy,Mirdif,Mirdiff Uptown  (Welcare Clinic),45610000
Town Square Life Pharmacy Br of Life Pharmacy LLC,DXB,Pharmacy,Town Square,"Unit No. 4, Ground Floor, Town Square Development Zahra Apartments, Dubai – UAE",45610000
Tram Life Pharmacy L.L.C.,DXB,Pharmacy,Marina,"Al Seef Tower 1, Behind Tamani Hotel",45610000
Unicare Star Pharmacy - DXB,DXB,Pharmacy,Satwa,"Al Satwa, Mankhool Street 215 , Wasal Properties , Buildingnor345,Unit No S02,Alhudaiba,Satwa , Dubai , Uae",43868811
Village Pharmacy - Dubai,DXB,Pharmacy,JAFZA,"Village Pharmacy , Village Hyper Market Bldg . Near R/A # 7 ,Jebal Ali Free Zone , Dubai",48839904
Vita Care Pharmacy LLC,DXB,Pharmacy,Satwa,"Vita Care Pharmacy L.L.C, Shop  4& 5 Bakhita Saeed Mubarak Al Shamsi Al Rowa, Al Hudaiba Street 35, Al Satwa, Dubai",43425556
Warsan Life Pharmacy Br of Life Pharmacy LLC,DXB,Pharmacy,International City,"Building 28, Shop No 11,13,14,15,16, France Cluster, International City, Dubai, UAE",45610000
We Care Pharmacy (L.L.C.),DXB,Pharmacy,Jumeirah,"Near Medwin Medical Center,Jumeria -3",43954448
West Hill Pharmacy,DXB,Pharmacy,Karama,"Next Karama Bus Station Near Lulu Jypermarket,43 A Street, Al Karama",43377131
Weston Pharmacy LLC,DXB,Pharmacy,Al Musallah Road Street,"Shop No 3,Abdullah Khoory Building,Al Musalla Road,Bur Dubai,U.A.E",42652767
Xie He Pharmacy LLC,DXB,Pharmacy,International City,"A12 Building Opp. To. Dragon Mart Dubai China A Cluster, International City",4233055
Yara Pharmacy - Life Healthcare,DXB,Pharmacy,Deira,"Riqa Road, Near Kfc, Deira",45610000
Yassat Life Pharmacy,DXB,Pharmacy,Dubai Production City,"Shop no. 7 & 8 , Ground Floor , Caliber Plaza, Dubai Production City  , Dubai",45610000
Yassat Life Pharmacy LLC,DXB,Pharmacy,Tecom,"Shop 1, Yassat Gloria Hotel , Tecom",45610000
Zahrat Al Shefa Pharmacy L.L.C,DXB,Pharmacy,Sonapur,"Muhaisnah 2,Al Ghaith Building",42546541
Zam Zam Pharmacy L.L.C. - DXB,DXB,Pharmacy,Al quoz,"Shop#2, Behind Al Khail Mall",43394395
Zayd Pharmacy - Life Healthcare,DXB,Pharmacy,Sheikh Zayed,"Shk. Zayed Road, Dubai.",45610000
Zulekha Pharmacy,DXB,Pharmacy,Bur Dubai,"Al Faris Hotel Apartments, Al Rafa Police Station, Rafa Street, Bur Dubai",43934757
Najma Al Musallah Pharmacy LLC,DXB,Pharmacy,Al Quoz Ind Area - 3,"Shop No:1, Ground Floor, Oberoi Properties  Building",43381967
Fathima Medical Center,FUJ,Clinic,Corniche,Fatima Medical Center,97513883
Makkah Medical Center Branch 1,FUJ,Clinic,Musalla Road,Eid Musalla Road Behind Adcb Bank And Fortune Reseidence Barakat Building,92225051
Merashid Medical Centre,FUJ,Clinic,fujairah,"Hamad  Bin Abdullah Road, Fujairah",92220883
National Medical Centre,FUJ,Clinic,Gurfa,Gurfa Street,2232850
Northern Al Ahliah Medical Centre-FUJ,FUJ,Clinic,Al Gurfa,"Northern Al Ahliah Medical Complex, Ground Floor Near Adnoc Petrol Station and FAB Bank E89 (Hamad Bin Abdullah Road) Fathima Round About Al Gurfa Fujairah",2242515
Thumbay Hospital LLC Fujairah Branch (Ex: GMC Hospital & Research Centre - FUJ),FUJ,Hospital,"Sk Zayed Road,",Next To Fujairah Football Stadium,92244233
East Coast Ahalia Pharmacy,FUJ,Pharmacy,Al Gurfa,"Northern Al Ahliah Medical Complex, Ground Floor, Fathima Round About, E89 (Hamad Bin Abdullah Road), Near Adnoc Petrol Station And Fab Bank, Al Gurfa, Fujairah, P.O. Box - 79257",92235744
Health First 19 Pharmacy,FUJ,Pharmacy,Sheikh Hammed,"Shaikh Hamad Bin Abdullah Street,Madhab,Dibba Al Fujairah",92444376; 92448442
Health First 20 Pharmacy,FUJ,Pharmacy,Dibba St.,"Muhallah, Dibba,Near National Bank Of Fujairah",92447064; 92448383
Health First Pharmacy 16,FUJ,Pharmacy,Sheikh Hamad Bin Abdullah,"Shaikh Hamad Bin Abdullah Street (Ryama Building),Near Commercial Bank Of Dubai",92229295; 92221989
Health First Pharmacy 18,FUJ,Pharmacy,Sheikh Hamad Bin Abdullah,"Before Fujairah Aviation Services,Sheikh Zayed Bin Sulthan Street,Fujairah",92231540; 92282882
Health First Pharmacy 21,FUJ,Pharmacy,Al  Madhab,"Dana Plaza Cinema Bldg , Shop No :1St,Ground Floor, Al Madhab Street, Al  Madhab, Near Km Trading , Cinema Plaza, Fujairah ,Uae",92234517; 92230892
Health First Pharmacy 26,FUJ,Pharmacy,Mirbah,"Souq Extra,Shop No:3, Ground Floor, Mirbah Madha Street, Mirbah , Next To Mirbah Ladies Center, Khan Safia(Khan Saheb)",92373985; 92348551
Al Ghail Medical Center L.L.C.,RAK,Clinic,Al Ghail,"Po. Box 12884, Al Ghail Shopping Centre (Mohd. Shaams Rashid Al Mazrooi Bldg) Al Ghail, Ras Al Khaimah",529063642
Al Hudaibah Medical Center LLC,RAK,Clinic,Al Nakheel,"Flat - 2, Hudaibah Building, Oman Street, Al Nakheel,  Rak",42222188
Alahlia Medical Centre,RAK,Clinic,Al Jazah Road,"Ground Floor, Creek Plaza Bldg., Near Rak Gas And Opp. Expo Centre, Al Jazah Road, Ras Al Khaimah , P. O. Box :13118",72331533
Emirates Hospitals and Clinics LLC Ras AL Khaimah 1 Ex: Cosmesurge & Emirates Clinics for One Day Surgery (RAK),RAK,Clinic,Al Hisn Road,"First Floor, Avenue Building. Julphar Towers, Al Hisn Road, Rak",72037777
Nexus Medical Clinic LLC,RAK,Clinic,Jazeera Al Hamra,"National Gas Co LLC, Jazeera Al Hamra, RAK",72332134
Thumbay Clinic LLC RAK Branch,RAK,Clinic,Al Nakheel,Near Double Tree Hilton Hotel - Al Jazah Rd - Ras Al Khaimah,72267464
Al Zahrawi Hospital One Day Surgery LLC,RAK,Hospital,Al Nakheel,"Sheik Ahmed Bin Humaid Al Qassimi Bldg.,Opp. Choithram Supermarket",2288544
Ahlan Pharmacy,RAK,Pharmacy,Al Muntazir Road,"Opposite Indian Association, Al Muntazir Road",2441204
Al Ahlia Pharmacy Rak Branch,RAK,Pharmacy,Al Jazah Road,"Ground Floor, Creek Plaza Bldg., Near Rak Gas And Opp. Expo Centre, Al Jazah Road,
Ras Al Khaimah , P. O. Box :13118",72275993
Al Shams Pharmacy LLC,RAK,Pharmacy,Al Ghail,"Po. Box 12884, Al Ghail Shopping Centre (Mohd. Shaams Rashid Al Mazrooi Bldg) Al Ghail, Ras Al Khaimah",65353581
Hala Pharmacy 25,RAK,Pharmacy,Manar Mall,"Shop No : Gf 76-77, Ground Floor, Al Hamra Mall, Ras Al Khaimah — Uae",45610000
Hala Pharmacy 34 LLC,RAK,Pharmacy,Nakheel,"(opp) Manar Mall , Al Nakheel area, Ras Al Khaimah , UAE",45610000
Hala Pharmacy 36 LLC,RAK,Pharmacy,Al Kharain Area,"Shop no.5,  Block 6, on Plot no. 406060029, Al Kharain Area, RAK",45610000
Health First Pharmacy 14,RAK,Pharmacy,RAK,"Al Rams Rd, Beside Al Rams Police Station, Al Rams Area - Ras Al Khaimah",72662295; 72664493
Health First Pharmacy 22,RAK,Pharmacy,Al Muntasir St.,"Al Manar Mall, Al Muntasir Road,Al Uraibi - Ras Al Khaimah",72274848
Health First Pharmacy 50,RAK,Pharmacy,Al Nadiyah,"Sk Ahmed Ben Sagar Building,Opp Rak Bank,Al Nadiyah,Sheikh Muhammad Bin Salem Road,Ras Al Khaimah",72358018
N M C Royal Pharmacy (Ex. Royal Pharmacy _ RAK),RAK,Pharmacy,Qwasim Corniche,"Qawasim Corniche, P O Box- 5486, Ras Al Khaimah",72028000
Nexus Pharmacy LLC,RAK,Pharmacy,Jazeera Al Hamra,"National Gas Co LLC, Jazeera Al Hamra, RAK",72447348
Ras Al Khaimah Al Jazira Al Hamra Pharmacy,RAK,Pharmacy,Al Jazeera,"B-1 Ground Floor,G+11,Behind Rak Ceramics,Rak,Uae",72432249
Ras Al Khaimah Al Nakheel Pharmacy,RAK,Pharmacy,Al Nakheel,"Hadi Exchange Building, Al Manama, Oman Road, Nakheel",2666911
Ras Al Khaimah Ghalila Pharmacy,RAK,Pharmacy,Galilah,"Ahmed Laha Building,Ground Floor,Beside Adnoc,Ghalila Sham",72334950
Ras Al Khaimah Pharmacy Al Hamra,RAK,Pharmacy,Al Hamra,"Villa no-818, Al Hamra Village, near Marina Yacht Club, Moscow Street, Al Jazeera",2432318
Modern Pharmacy LLC (One Person)Rak Branch 02(Ex.Thumbay Pharmacy 11),RAK,Pharmacy,Al Nakheel,"Street Name:  Al Muntasir Street
Area: Al Nakheel 
City: Ras Al Khaimah
Landmark: Next To Lullu Center  Nakheel
Opposite To Al Hilal Bank",72339440
Thumbay Pharmacy 7,RAK,Pharmacy,Al Nakheel,"Thumbay Clinic Building 
Next To Double Tree Hilton Hotel
Al Jaza Street ,  Al Nakheel
Ras Al Khaimah
P.O Box # 328199
Ras Al Khaimah",72267190
Modern Pharmacy LLC (One Person)Rak Branch (Ex.Thumbay Pharmacy 9),RAK,Pharmacy,Khuzam,"Opp Ras Al Khaimah Hotel
Khuzam
Ras Al Khaimah
P.O Box #328199
Uae",72358362
Abrahams Medical Centre,SHJ,Clinic,Rolla,"#303, Rolla Tower Building,Al Zahra Street, Sharjah, United Arab Emirates.",65612737
Ahlan Wa Sahlan Medical Center,SHJ,Clinic,Al Nahda,"Al Wazir Building, Opposite Al Qantarah Restaurant, Al Nahda",5306161
Al Afdal Medical Center,SHJ,Clinic,Al Mahattah,"Shop # 3, Al Tawoos Building, King Abdulaziz Street, Al Mahattah, Sharjah",65590007
Al Amanah Medical Centre,SHJ,Clinic,Rolla,"3Rd Floor,Al Mubarak Center,Al Nabba, Sharjah",65615545
AL AZHAR MEDICAL CLINIC,SHJ,Clinic,Sajja Industrial area No:1,"Po Box 5435 Sharjah Cooperative Society Building, Sajja Industrial Area No:1 - Sharjah",65352323
Al Banna Medical Centre,SHJ,Clinic,3rd Industrial Street,Flat . 211 Mirage 2 Building Near Geco Sigl Industrial Area 3 Sharjah Uae,65327228
Al Bustan Medical Center,SHJ,Clinic,Al Dheid,"Al Dheid,Fallaj Al Muallah st,Near vegetable market,Ali Ahmed Saif Buldg.,1st Floor #102",8829924
Al Darary Medical Centre - SHJ,SHJ,Clinic,Industrial Area,"Hassan Sherif Building,Opp.Pakistani Mosque,Near Sedana Signal.Shj",65336179
Al Deyafa Medical Centre- SHJ,SHJ,Clinic,Al Nahda,"Block A, Al Maha Twin Tower , Ground Floor, Al Nahda Park Round About, Al Nahda, Sharjah",65301717
Al Faiez Medical Centre,SHJ,Clinic,Madam Area,"Po. Box 25474 Howaidhen Bldg, Floor 1, Flat 101-104, Hatta Road, Al Madam, Sharjah                                                                                                     25474",68861202
Al Furqan Medical Centre LLC,SHJ,Clinic,Industrial Area 11,"Po Box 48431, M-2179, Floor 1,
Salem Saeed Omai Al Jaberi Bldg,
Industrial Area,  Sharjah, Uae.",65353868
Al Kanary Medical Centre,SHJ,Clinic,Corniche,"Fathima Saif Bldg, Shops 7/8 Emirates Road, National Paints R/A, Muwaleih Commercial, Sharjah",65353581
Al Maliha Medical Center (Ex. Al Maliha Polyclinic) - SHJ,SHJ,Clinic,Al Dheid,"Al Maliha Medical Centre, Main Road, Opposite Etisalat, Al Dhaid-Sharjah.U.A.E",68823334
Al Mansour Medical Center,SHJ,Clinic,Al Buhairah Corniche,Abdul Aziz Al M<Ajid Tower M!,65372050
Al Minha Medical Centre - SHJ,SHJ,Clinic,Abu Shagara,"Ibn Batouta building, Near Abu shagara park, Behind Amber centre, Masood bin Rabeeh street, SHJ",5599541
Al Nahda Medical Center,SHJ,Clinic,Al Nahda,"Daghaya Tower Flat No 201-202, Al Nahda, Bukhara Street, Sharjah, Uae",65384466
Al Qassimmiah Medical Clinic,SHJ,Clinic,Sajaa,"Ali Moosa Building, First Floor, Near Sharjah Cement Factory, Sajaa Industrial Area, Sharjah",65310050
Al Rabee Clinic -SHJ,SHJ,Clinic,Al Khan,"Flat No 201, Baglaf Al Zafer Building,",65391222
Al Raha Medical Center LLC - SHJ,SHJ,Clinic,Industrial Area 2,"Al Rahah Medical Centre Llc, Near Sedana Signal, Sharjah Industrial Area 2",65425260
Al Sabah Medical Centre,SHJ,Clinic,Muwailah,"Al Bhakith Building Near Madeena Supermarket Muwailah, Near National Paints,Sharjah",5315001
Al Shams Al Jadeed Medical Center(Ex. Amritha Medical Centre),SHJ,Clinic,Dounle Cola Road,"Po. Box 25686, Wahid Salim Bldg, Floor M, Flat M6, Double Cola Road, Industrial Area 5, Sharjah",65397539
Al Shams Medical Centre,SHJ,Clinic,Khalid Khleel Muthawa,"Shihab Sulaiman Bldg, Flat 113-115, Caterpillar Area Road, Area 3, Sharjah",65353581
Al Yamamah Medical Centre,SHJ,Clinic,Industrial Area,"Indusrial Area 10,Flat  101 And 102 First Floor,Enpi Building",65352160
Care Medical Centre,SHJ,Clinic,Al Shahba,"1St Floor, Nwaem Center, Wasit Street, Al Shahaba, Sharjah,",65427327
Dooa Clinic _SHJ,SHJ,Clinic,Hamriyah,Hamriyah Freezone Sharjah,65260188
Dr. Ali S. Hindi Clinic,SHJ,Clinic,Al Wahda,"Al Wahda Street, Abu Shagara , Sharjah",65746006
First Gulf Medical Centre - SHJ,SHJ,Clinic,Muwailah,"Flat No: 102, 1st Floor, Al Reem Building II, Muwailah, Near National Paints, Maliha Road (Sharjah-Kalba Road), Sharjah",5347573
MGM Medical Centre LLC,SHJ,Clinic,King Faisal Street,"Al Faisal Building 1, Above Suzuki Showroom, Near Nesto Hypermarket, King Faisal Road",65741444
StarCare Medical Center LLC,SHJ,Clinic,Rolla,"1St Floor Of Mlabar Gold Plaza , Near Rolla Park , Shj",65611099
Peshawar Medical Centre LLC,SHJ,Clinic,Rolla,"FLAT NOS. 308,309 & 310, ROLLA MALL BLDG, POB 69292",5633755
Regal Medical Centre,SHJ,Clinic,Malia Road,"Shop No. 5, Belresheed Building, Building No. 2516, Maliha Road, near Hadi Exchange, National Paints, Muwailih Commercial",551409352
Rukin Al Shifaa Medical Centre,SHJ,Clinic,Rolla,"Al Muthwa Building, Near Rolla Square Park, Sharjah.",65740800
Sabah Al Noor Medical Center  Ex: Al Taif Medical Centre-Sharjah,SHJ,Clinic,King Faisal,"Mr.Baker Building, Near United Arab Bank, King Faisal Street, Abu Shagara, Sharjah",5558441
Saif Zone Medical Centre FZC,SHJ,Clinic,Saif Zone,"Clinic F2-42A,Saifzone Sharjah",65578471
Siyad Specialist  Medical Centre-Sharjah,SHJ,Clinic,National Paint,"2Nd Floor,Above Jenoub Al Madina Supermarket,Maliha Road, Near National Paints,Muweilah Sharjah",65358305
Zaferulla Medical Centre,SHJ,Clinic,Sahara,"Tiger Building Opp National Paint Building Maliha Road Shekh Mohammad Road Industrial Area-11, Sahara",5443080
Al Saha Wa Al Shifa Hospital For One Day Surgery,SHJ,Hospital,Rolla,"Al Saha Al Shifa Hospital,3Rd Floor,Rolla Mall,Rolla Sharjah Uae",65632618
Central Private Hospital,SHJ,Hospital,Maysaloon,Central Private Hospital Shek Zayed Street Near Clock Tower Maysaloon Sharjah,65639900
Central Private Hospital,SHJ,Hospital,Maysaloon,Central Private Hospital Shek Zayed Street Near Clock Tower Maysaloon Sharjah,65639900
Oriana Hospital for One Day Surgery - SHJ,SHJ,Hospital,Al Taawun,"Manazil Tower 2, Opposite Sharjah Expo, Near Al Taawun Mall, Al Taawun Street, Al Khan Street,Al Khan Street, Sharjah",5251000
Abwab Bait Al Maqdes Pharmacy LLC,SHJ,Pharmacy,Al Khan,"Al Khan St, Opposite Arcadia Hotel Suite, Sharjah Uae",65565363
Aknaf Bait Al Maqdes Pharmacy LLC,SHJ,Pharmacy,Al Majaz 1,"Al Baker 5 Tower, Corniche Al Khan Street , Sharjah Uae",65500602
Al  Razy Pharmacy LLC,SHJ,Pharmacy,Al Nahda,"Behind Ansar Mall, Al Nahda, Sharjah",65377844
Al Ahliah Pharmacy,SHJ,Pharmacy,Industrial Area,"Ahliah Pharmacy, Khanshaeb Bldg., Industrial Area 10, Sharjah, P.O. Box - 79257",65313698
Al Aman Pharmacy- SHJ,SHJ,Pharmacy,Rolla,"Joy Alukkas Centre Bldg, Rolla Park, Al Ghuwair Street, Sharjah",5233991
Al Aqsa Pharmacy - SHJ,SHJ,Pharmacy,Al Tawoon,"Back Side Of W.Wilson Specialised Medical Centre, Sharjah.",65774704
AL AZHAR PHARMACY,SHJ,Pharmacy,Sajja Industrial area No:1,"Sharjah Cooperative society Building, Sajja Industrial area, Sharjah",65352323
Al Bustan Pharmacy L.L.C. - SHJ,SHJ,Pharmacy,Al-Nahda Tower,"Malaka St. Carrefour Express Bldg Behind Ansar Mall , Sharjah Uae",65309963
Al Dhafrah Pharmacy,SHJ,Pharmacy,Al Majaz 3,"Next to Sultan Suites Al Majaz 3, Sharjah UAE",65552277
Al Elaj Pharmacy LLC,SHJ,Pharmacy,Wasit St.,"Al Shahba Plaza,  Wasit St, Sharjah Uae",65583058
Al Enwan Pharmacy,SHJ,Pharmacy,Al Marija St. Sharjah,"Behind Rak Bank Meena Road, Down Marijah Medical Center, Al Marija St. Sharjah",65559111
Al Fardan Centre Pharmacy LLC,SHJ,Pharmacy,Buhaira Corniche Road,"Inside Al Fardan Centre,Buhaira Corniche Rd,Sharjah,Shop # G-16-20",45610000
Al Fares Pharmacy - SHJ,SHJ,Pharmacy,Al Taawun,"Zakhir 1 Tower Al Taawun Road, Opposite Al Khaleej Mall, Al Mamzer, Sharjah Uae",65304212
Al Ghraif Pharmacy,SHJ,Pharmacy,Industrial Area,"Shop Na 11, Tiger Building, National Paints R/A, Sharjah",65352971
Al Hadhar Pharmacy LLC,SHJ,Pharmacy,Al Khan,Al Salam Building-Near Amber Super Market-Al Khan Street - Sharjah,65545487
Al Inaya Al Mutaqadimah Pharmacy LLC,SHJ,Pharmacy,Muwailah,"Shop No : 2, Ground Floor, 
Al Reem Building I, Muwailah, 
Near National Paints,
Maliha Road (Sharjah-Kalba Road), 
Sharjah - Uae.",65345663
Al Maliha Pharmacy,SHJ,Pharmacy,Al Dheid,"Main Road, Opposite Etisalat, Al Dhaid-Sharjah.U.A.E",68826855
Al Mansoor Pharmacy - Life Healthcare,SHJ,Pharmacy,Al Wahda,"Al Wahda St., Opp.Sharjah City Centre, Sharjah",45610000
Al Qassimiah Pharmacy LLC,SHJ,Pharmacy,Al Dhaid,"Ali Moosa Building, Ground Floor, Near Sharjah Cement Factory, Sajaa Industrial Area, Sharjah",65310177
Al Rabiee Pharmacy,SHJ,Pharmacy,Industrial Area 6,"Mirage Building 2, Shop No. 3",65352362
Al Rayan Pharmacy LLC,SHJ,Pharmacy,Abu Shagara,"Abu Shagara, Sharjah UAE",65509475
Al Ruayah Pharmacy LLC,SHJ,Pharmacy,Muwaileh,"Ground Floor, Safari Mall, Shop Number 80 & 81, Safari Hypermarket, Muwaileh",65463681
Al Saha Pharmacy LLC,SHJ,Pharmacy,Al Muwailah,"Al Muwailah Fire Station Road, Sharjah",45610000
Saif Al Khan Pharmacy LLC - Ex: Al Saif Pharmacy Br 1- SHJ,SHJ,Pharmacy,Al Khan,"Baghlaf Alzafer Bldg, Sharjah College, Al Khan, BMW Road, Sharjah",5533811
Al Saif Pharmacy-SHJ,SHJ,Pharmacy,Al Nayeli,"Al Nayeli,Shop No:1",65533811
Al Seha Al Kubra Pharmacy LLC,SHJ,Pharmacy,Al Shahaba,"Maryam Bldg. Near Sharjah Cricket Stadium  Opp- Sunny Medical Centre, Al Wasit Street, Al Shahaba, Near Al Qasimiya Hospital",5721213
Al Taif Pharmacy,SHJ,Pharmacy,Muwailih,"Shop # 2 & 3, Nesto Hupermarket LLC-Branch 1, Muwailih Commercial, Sharjah",45610000
Al Taj Pharmacy LLC,SHJ,Pharmacy,Al Khan,"Danat Al Khan Bldg. Al Khan Corniche St (Back Side Of Sharjah Expo Centre),Sharjah Uae",65444322
Al Taqwa Pharmacy LLC,SHJ,Pharmacy,Al Nahda,"Abdul Aziz Al Majed Building, Al Nahda St, Sharjah Uae",65319211
Al Tawar Pharmacy,SHJ,Pharmacy,Al Qasimiya,"Next Al Afdal Medical Center King Abdul Aziz Street,Qasimiya Sharjah",65334111
Al Ufuq Pharmacy LLC,SHJ,Pharmacy,National Paints,"Nesto Centre Building, Groud Floor, National Paints, Sharjah,",65443771
Al Zaman Pharmacy LLC,SHJ,Pharmacy,Al Wahda,"Al Wafa Building, Shop#5, Opposite Al Wahda Post Office,Sharjah",65771990
Albarsha Pharmacy,SHJ,Pharmacy,Al Nabba,"Shop # 1, Emirates & Al Manama Centre,Next To Fire Station Roundabout Sharjah",45610000
Alnajim Alazraq Pharmacy,SHJ,Pharmacy,Al Ittihad Road,"Shop No.1Damas 57 Bldg Al Nahda Area; Next To Ansar Mall, Al Ittihad Road, Sharjah",45610000
Anwar Bait Al Maqdes Pharmacy LLC,SHJ,Pharmacy,Muwaileh,"Mb-6 Bldg,Shop No.2, University City Road, Muwaileh, Sharjah Uae",65426300
Asia Pharmacy - SHJ,SHJ,Pharmacy,Industrial Area,"Lateefa Building ,Industrial Area 2,Shp No 4 ,Al Rahah Medical Center Same Building,Sharjah",65335970
Bait Al Maqdes Al Jadeedah Pharmacy - SHJ,SHJ,Pharmacy,Abu Shagarah,"Sahara Tower 5- Al Dha, Sharjah, Uae",65484270
Bait Al Maqdes Pharmacy L.L.C (Ex. Bait Al Maqdes Pharmacy),SHJ,Pharmacy,Al Wahda,"Al Wahda St. Near Pizza Hut , Sharjah Uae",65534363
Bait Al Shifa Pharmacy - SHJ,SHJ,Pharmacy,National Paint,"National Paint,Muwaileh Sharjah",65611891
Boorj Al Rolla Pharmacy,SHJ,Pharmacy,Rolla,"P.O.Box 78321, Shop Nos. 29 & 30, Rolla Tower Building, Al Ghuwair, Al Zahra Street, Sharjah, Uae",65217190
Dar Al Farah Pharmacy LLC,SHJ,Pharmacy,Al Khezammia,"Opp. Al Qasimi Hospital, Al Khezammia Area, Sharjah, UAE",65743825
Deira Pharmacy LLC,SHJ,Pharmacy,Al Nabaa,"Ground Floor, Shop No: 43 & 44, Al Mubarak Center Building, Al Sharq Street, Al Nabaa, Sharjah",65631359
Delta Al Dhaid Pharmacy,SHJ,Pharmacy,Al Dhaid,"Sharjah Co-operative Society – Al Dhaid, Fujairah Road, Sharjah",68828636
Delta Al Mamzar Pharmacy,SHJ,Pharmacy,Sharjah-Dubai Road,"Sharjah-Dubai Road. Opp. Safeer Mall, Sharjah,",65771703
Delta Modern Pharmacy,SHJ,Pharmacy,Al Wahda,"Jamal Abdul Nazar Street, Near Brands for less show room, Sharjah",65554490
Delta Pharmacy,SHJ,Pharmacy,Sweihat,"Sharjah Co-operative – Sweihat Branch, Sharjah",65382770
Emirates European Hospital Pharmacy,SHJ,Pharmacy,Al Qulaa,"Qulaya Area, Alsahrq Street Sharjah",65619444
Garden Pharmacy LLC - SHJ,SHJ,Pharmacy,Rolla,"Ground Floor, Shop: 33, 34, 36, Muhammad Juma Al Muthawa Building, Al Ghuwair  Arooba Street, Rolla, Sharjah",65211727
Golden Life Pharmacy - SHJ -Life Healthcare Group,SHJ,Pharmacy,Al Taawun,"Shop No.1, The Residence Viii, Al Taawun, Sharjah, Uae",45610000
Grand Hamad Pharmacy - SHJ,SHJ,Pharmacy,Al Nahda,"Asswailem Bldg ,Next To Sunny Al Nahda Medical Centre ,Al Nahda,Sharjah",65544050
Hala Pharmacy 19 L.L.C.,SHJ,Pharmacy,King Faisal Street,"Al Alami Centre, Shop No.4 & 5, Al Alami Centre -1 , Near Spinneys King Faisal Street, Sharjah",45610000
Hala Pharmacy Branch 1,SHJ,Pharmacy,Abu Shaghara,"Shop # 1 & 2,KM Trading Shopping Centre, Abu Shaghara Sharjah",45610000
Hala Pharmacy Branch 3,SHJ,Pharmacy,Al Qassimiya,"Shop 02, Bufyeer 222 Bldg,Near Al Bustan Hotel,Al Qassimiya, Sharjah",45610000
Hala Pharmacy Branch 5,SHJ,Pharmacy,Rolla,"Hala Pharmacy Br 5, Shop No 1,2 &14, Rolla Building, Rolla, Sharjah",45610000
Hala Pharmacy LLC,SHJ,Pharmacy,Al Qassimia,"Shop # 12,13 & 14,Opposite to Mega Mart, Al Qassimia Sharjah",45610000
Hala Pharmacy LLC - Branch 28,SHJ,Pharmacy,Oasis Malls,"Shop 1, Unit No. 1006, Oasis Malls, Sharjah Uae",45610000
Hala Pharmacy LLC - Branch 46,SHJ,Pharmacy,Al Taawun,"Shop No. 3 , Al Shaam Tower, Al Taawun Roundabout, Sharjah- UAE",45610000
Hala Pharmacy LLC Branch 27,SHJ,Pharmacy,Matajer Al Juraina,"Unit no. J-040, Ground Floor, Matajer Al Juraina, Sharjah - UAE",45610000
Hala Pharmacy LLC Branch 33,SHJ,Pharmacy,Buheirah Corniche,"Shop Unit No. 1 & 2, Golden Tower, Buheirah Corniche, Sharjah – UAE",45610000
Hala Pharmacy LLC Branch 35,SHJ,Pharmacy,Al Taawun,"Shop No.1, Arab Doctors Specialist Center Building, Al Taawun Rd., Sharjah – UAE",45610000
Hala Pharmacy LLC Branch 42,SHJ,Pharmacy,Butina,"Unit # 14 & 15, Ground Floor, Nesto Hypermarket, Butina, Sharjah - UAE",45610000
Hala Pharmacy LLC Branch 44,SHJ,Pharmacy,Sahara Centre,"Unit 162, Ground Floor, Sahara Centre, Sharjah - UAE",45610000
Hala Pharmacy LLC-Branch 10,SHJ,Pharmacy,Al Nasserya,"Hala Phy Br 10 - Showroom No 1, Bdng No 997, Al Nasserya, Sharjah",45610000
Hala Pharmacy LLC-Branch 11,SHJ,Pharmacy,Al Qasimia,"Shop No 1, Buf Year 222 Bld, Plot No 374, Al Qasimia, Sharjah",45610000
Hala Pharmacy LLC-Branch 12,SHJ,Pharmacy,Al Qassimiya,"Shop No 1,  Manazil Tower 1, Plot No 89, Al Qassimiya, Sharjah",45610000
Hala Pharmacy LLC-Branch 18,SHJ,Pharmacy,Al Majaz 1,"Shop G2, Salem Tower (Plot 430), Near United Arab Bank,oppt to Al Noor Mosque, Al Majaz 1, Sharjah",45610000
Hala Pharmacy LLC-Branch 2,SHJ,Pharmacy,Abu Shagara,"Shop # 4 & 5,Near To Abu Shagara Park,Sharjah",45610000
Hala Pharmacy LLC-Branch 20,SHJ,Pharmacy,Sharjah City Centre,"Unit B051, Sharjah City Centre ,Sharjah",45610000
Hala Pharmacy LLC-Branch 26,SHJ,Pharmacy,Al Nasseriya,"Unit No.G.06, Ground Floor, Mega Mall, Sharjah - Uae",45610000
Hala Pharmacy LLC-Branch 4,SHJ,Pharmacy,Arabian Golf Street,"Al Khaleej Bld, Near Sharjah Rotana Hotel,Arabian Golf Street,Sharjah",45610000
Hala Pharmacy LLC-Branch 6,SHJ,Pharmacy,Buhaira Corniche,"Shop # 2, Corniche B Buildg, Buhaira Corniche,Sharjah",45610000
Hala Pharmacy LLC-Branch 7,SHJ,Pharmacy,Jamal Abdul Nassar Street,"Hala Phy Br 7,Al Za'Abi Bldg, Plot No 315, Jamal Abdul Nassar Street, Sharjah",45610000
Hala Pharmacy LLC-Branch 9,SHJ,Pharmacy,Al Arouba Street,"Shop # 1 & 2,Al Arouba Build,Al Arouba Street,Sharjah",45610000
Hamad Al Ihterafeya Pharmacy LLC,SHJ,Pharmacy,Maysaloon,Near Lulu Hypermarket- Maysloon Sharjah,65014700
Hamad Al Mumayazah Pharmacy LLC,SHJ,Pharmacy,Sharqan,Al Sharqan Extension- Towards Ajman,65238054
Hamad Al Oula Pharmacy LLC,SHJ,Pharmacy,Shahba,Opp Al Qassimi Hospital- Shahba Area,65061600
Hamad Pharmacy - SHJ,SHJ,Pharmacy,Shahba,"Block B, Shahba Complex, No 1Wasit Road ,Shahba ,Sharjah",65582800
Health First Pharmacy,SHJ,Pharmacy,Al Majaz 2,"Shop No :4 -2A,Ground Floor, Buhairah Corniche,Next To Subway Restaurant,Al Majaz 2",65643275
Health First Pharmacy Br 3,SHJ,Pharmacy,King Faisal,"Ground Floor,Al Safeer Center,Khorfakkan,Sharjah",92241356
Health First Pharmacy Br 4,SHJ,Pharmacy,Al Quos,"Al Matajer Mall,Wasit Area, Shop No:1,Al Goaz,Sharjah",65534225; 65500000
Health First Pharmacy Branch 6,SHJ,Pharmacy,Al Sharq Street,"Shop No 1,Al Sharq Street,Sharjah Co-Operative Society,Sharjah",65650415
Majid Pharmacy,SHJ,Pharmacy,Rolla,"P O Box 393, Rolla, Sharjah",65683422
Marhaba Pharmacy LLC,SHJ,Pharmacy,Al Zahra,"Next to CID Office, Al Zahra Street",5238130
Medicare Pharmacy,SHJ,Pharmacy,Rolla,"Juiceworld Building, Behind Uae Exchange Centre, Al Arouba St, Rolla, Sharjah, Uae",65242555
Modern Bait Al Maqdes Pharmacy L.L.C (Ex.Modern Bait Al Maqdes Pharmacy),SHJ,Pharmacy,Al Wahda,"Al Majaz Northern Park St, Al Majaz Pearl Bldg., Sharjah Uae",65552070
Nahda Sahara Pharmacy LLC,SHJ,Pharmacy,Al Qusais,"Behind Zulekha Hospital, Al Nahda",2582750
Najmat Sahara Al Jadeeda Pharmacy LLC,SHJ,Pharmacy,Al Nahda,"Al Maha Building, Opp. Al Nahda Park, Al Nahda",5318334
Naseem Al Bataeh Pharmacy,SHJ,Pharmacy,Al Bataeh,"Sharja Co-operative Society Building, Al Bataeh, Sharjah",68833352
Nawaiem Pharmacy,SHJ,Pharmacy,Al Nahda,"Near prime medical centre, Al nahda, sharjah",65565195
New Medical Centre Pharmacy LLC - SHJ,SHJ,Pharmacy,Buhaira Corniche,"Bel Resheed Tower, Corniche, 1St And 2Nd Floor ,Al Buhaira Corniche ,Bel Resheed Tower ,Sharjah",65758000
Noor Al Falah Pharmacy,SHJ,Pharmacy,IND. Street Area,"Indus. Area No:11, Behind 4Th Indus. Street., Bldg. No.:8, Sharjah",65426611
Noor Al Nahdah Pharmacy LLC,SHJ,Pharmacy,Al Nahda,"Shop # 10 & 11, Ground Floor, Al Kakooli Building, Al Khan, Sharjahlandmark: Opposite Old Expo Centre - Zip Code: 28216",65561122
Rawabina Pharmacy - SHJ,SHJ,Pharmacy,Al Qasimia,"Al Khan St. Al Khaledia, Sharjah Uae",65519654
Sahara Al Jazeera Pharmacy LLC,SHJ,Pharmacy,Industrial Area,"Khan Saheb Building, Near Geco Signal, Industrial Area 10, Sharjah, Uae",65353345
Sahara Life Pharmacy LLC,SHJ,Pharmacy,Al Nahda,"B-04, Next To Spinneys, Sahara Centre, Sharjah",45610000
Sahara Star Pharmacy,SHJ,Pharmacy,Hamriya,Hamriya Shopping Centre,2688485
Scientific Pharmacy LLC,SHJ,Pharmacy,Mega Mall,"Jasim Mohd Al Mahmood Building, Yazeed Bin Al Hareth Street, Sharjah, Uae",65487289
Sharjah Ahalia Pharmacy - SHJ,SHJ,Pharmacy,Al Musalla,"opposite Etisalat Main Building, Al Musalla, Sharjah POB 66773",65621600
Sharjah Pharmacy,SHJ,Pharmacy,Rolla,"Behind Joy Alukkas ,Rolla,Sharjah",65623850
Modern Pharmacy L.L.C - Shj Br(Ex.Thumbay Pharmacy - Sharjah),SHJ,Pharmacy,Al Qasimi Street,"Area      :       Al Qulayaa
Street   :       Al Qasimi Street
Bldg Name  :  Al Qulaya Building
City             :       Sharjah
State           :      Sharjah, Uae",67487812
Modern Pharmacy L.L.C - Shj Br -Br 01(Ex.Thumbay Pharmacy Llc Br 1 Sharjah),SHJ,Pharmacy,Yarmouk,"Next To Jesco Supermarket
Yarmouk
Sharjah -Po Box:61351",65668375
Thumbay Pharmacy LLC BR 2,SHJ,Pharmacy,Samnan,"Samnan
Al Faris Building
Al Wasit Street
P.O Box #61351
Sharjah",65614319
Modern Pharmacy LLC - Sharjah Br-Br 02(Ex.Thumbay Pharmacy Llc Br 4 Sharjah),SHJ,Pharmacy,Al Majaz 1,"Street :King Faisal Road Shj 
Area:Al Majaz 1
Building Name : Delma House
State : Sharjah",65518509
Thumbay Pharmacy LLC BR 5,SHJ,Pharmacy,Rolla,"Thumbay Building, Next To Thumbay Hospital Day Care.
Al Orouba Street,Opposite Al Kabael Centre Near Rolla Mall
Rolla-Sharjah",65671482
Thumbay Pharmacy LLC Br 6 Sharjah,SHJ,Pharmacy,University City Road,"Next To Adnoc Petrol Station,
Near  To Sharjah Blood Transfusion Center,
Opposite Old Military Camp,
 University City Road, Sharjah, Uae",65356789
Thumbay Pharmacy LLC Br 8 Sharjah,SHJ,Pharmacy,University of Sharjah,"Area      :         Muwaileh
Street   :        Maliha Street
Bldg Name:  M2-038
City              :  Sharjah
Land Mark: University Of Sharjah For Men
State           :   Sharjah",65166255
Thumbay Pharmacy LLC Branch – 7 Sharjah,SHJ,Pharmacy,University of Sharjah,"Area      :      Muwailah.
Street   :     Maliha Street.
Bldg Name  : W2-037
City             :      Sharjah.
Land Mark:  University Of Sharjah For Women.
State           :     Sharjah.",65053255
Modern Pharmacy L.L.C - Shj Br -Br 03(Ex.Thumbay Pharmacy Llc Branch 10 Sharjah),SHJ,Pharmacy,Kalba,"Area   :  Al Baraha
Street :     Al Wahda Street
Bldg Name :Shaikha Vwage Building
Land Mark:Near Thumbay Clinic,Near Rak Bank Kalba
City:   Kalba                                                                       
Pobox-11171
State  :  Sharjah",92774070
Thumbay Pharmacy LLC Branch 9 Sharjah,SHJ,Pharmacy,Al Wahda,"Area   :  Al Majaz No-2
Street :    Al Wahda Street
Bldg Name : Way-In Building
Land Mark: Al Wahda Post Office
City:     Sharjah                                                                   
Po Box-39845
State  :  Sharjah",65370499
Thumbay Pharmacy LLC SHJ BR - Branch 11,SHJ,Pharmacy,ABU SHAGARA,"Abu Shagara, S116-Al Wihda Street, Obeid Saeed Bldg No-4, Behined Km Trading, Sharjah",65525370
Modern Pharmacy L.L.C - Shj Br -Br 04(Ex.Thumbay Pharmacy Llc Shj Br - Branch 12),SHJ,Pharmacy,SHARJAH,Area   : Al Fisht   Street : 303 Al Sharq Street   Land Mark: Opposite Adnoc Petrol Pump-Near To Nmc Medical Centre State  :  Sharjah,65622749
Thumbay Pharmacy LLC SHJ Branch 3,SHJ,Pharmacy,Muwaileh,"Thumbay Medical & Dental Speciality Center,
 Building No 384,
 Next To National Paint Round About,
 Opposite Fire Station,
 Muwaileh, Sharjah,
  P.O Box # 61351,",65356497
Wajeat Al Khoor Pharmacy - life healthcare - SHJ,SHJ,Pharmacy,Buheira,"Shop No. 4 & 5, Buheirah Corniche Building B, Sharjah – Uae",45610000
YAS Pharmacy LLC,SHJ,Pharmacy,Sajaa,Yas Pharmacy Llc Sajja Sharjah,65361256
Zam Zam Pharmacy LLC- SHJ,SHJ,Pharmacy,National Paint,"Zam Zam Pharmacy Llc, Industrial Area-15, Near National Paint R/A, Sharjah, Uae",65357141
Life Care Medical Centre - FUJ,FUJ,Clinic,Dibba,"Lifecare near Federal Authority of Identity and Citizenship Ghurfa Dibba, Fujairah",2445722
Lifecare Pharmacy,FUJ,Pharmacy,Dibba,"Lifecare near Federal Authority of Identity and Citizenship Ghurfa Dibba, Fujairah",92441445
Ash Tree Pharmacy LLC,DXB,Pharmacy,Bur Dubai,"Al Balooch Building Al Raffa Police Station, Al Souq Al Kabeer Street Al Gubaiba Street Al Raffa, Bur Dubai, Dubai",43337633
Shifa Al Jazeerah Medical Centre LLC-AJM,AJM,Clinic,New Sanaya,"Muhdda Building, Near Nesto Hypermarket, New Sanaya, Ind. Area - 2, Ajman - U A E.",67444830
Health First Pharmacy Branch 3 Ex: Health First AlJazeera Pharmacy,AUH,Pharmacy,Musaffah,"Mohamed Aman Hussein Ali Khouri Building, Commercial Mussafah East  ( 10 ),Musaffah, Abu Dhabi",25527070; 25520590
Shifa Al Jazeerah Medical Centre LLC,RAK,Clinic,Al Nakheel,"Fathima Supermarket Building, Mezzanine  Floor, Al Nakheel, Ras Al Khaima, U A E",72211218
Shifa Al Jazeerah Pharmacy LLC,RAK,Pharmacy,Al Nakheel,"Fathima Supermarket Building, Mezzanine  Floor, Al Nakheel, Ras Al Khaima, U A E",72211218
Sahara Al Jazeera Pharmacy LLC,SHJ,Pharmacy,Industrial Area,"Khan Saheb Building, Near Geco Signal, Industrial Area 10, Sharjah, Uae",65353345
Al Musalla Pharmacy - SHJ,SHJ,Pharmacy,Rolla,"Al Musalla Pharmacy, Shaikh Abdullah Ali Al Mahmoud Building, Opposite Al Zahra Hospital, Near Al Musalla Park, Al Zahra Street, Rolla, Sharjah, U A E",65616136
New Al Neem Pharmacy LLC,DXB,Pharmacy,Alquoz 2,"Al Madina Hypermarket Building, Alquoz 2, Jiwin Staff Accommodation, Alquoz",3697130
Al Khan Pharmacy,FUJ,Pharmacy,Eid Al Musalla Road,Eid Musalla Road Behind Adcb Bank And Adnoc Petrol Station Barakat Building,92234154
Dar Al Shifa Medical Center Abu Dhabi,AUH,Clinic,Nadi Al Syahi,"Bldg No 137, Al Nowais Bldg, Electra St Tourist Club Area, Behind Dana Hotel, Abu Dhabi, Uae",44400500
Dr. Moopen's Medical Polyclinic Abu Dhabi,AUH,Clinic,Musaffah,"Near 1St Signal (Masjid), Sector-9, Sannayah, Musaffah, Abu Dhabi Uae",44400500
Farmacia Home Healthcare Pharmacy - AUH,AUH,Pharmacy,Musaffah,"Safeermall, Mussafah",25529395
Modern Dar Al Shifa Pharmacy - Medshop,AUH,Pharmacy,Nadi Al Syahi,Near Dana Hotel - Abu Dhabi,26446100; 26456335
Modern Dar Al Shifa Pharmacy LLC Mussafah Branch,AUH,Pharmacy,Musaffah,"Industrial Area 9, Musaffah",25561637; 25561638
Rafa Pharmacy (MEDSHOP) - (Moopens group),AUH,Pharmacy,Al Souq,Near Golden Fork Restaurant - Al Ain,37657006
