PROVIDER NAME,EMIRATE,PROVIDER TYPE,AREA,ADDRESS,TELEPHONE,lat,lon,SOURCE
"Al Sharq International Hospital","Fujairah","Hospital","fujairah","","92249999","","","https://www.medifinder.ae/medical/networks/dubai-care/n5-op"
"Hatta Hospital - Dubai Health Authority","Dubai","Hospital","hatta","","48147000","","","https://www.medifinder.ae/medical/networks/dubai-care/n5-op"
"Gardens Medical Centre - Dubai","Dubai","Clinic","discovery gardens","","44489151","","","https://www.medifinder.ae/medical/networks/dubai-care/n5-op"
"New Medical Centre Ltd Dubai Branch","Dubai","Clinic","hor al anz","","42689800","","","https://www.medifinder.ae/medical/networks/dubai-care/n5-op"
"ARZANAH CLINIC","Abu Dhabi","Clinic","","","26023882","","","https://www.medifinder.ae/medical/networks/dubai-care/n5-op"
"Muhaisna Specialist Medical Centre","Dubai","Clinic","bur dubai","","42644155","","","https://www.medifinder.ae/medical/networks/dubai-care/n5-op"
"Life Dwtc Pharmacy Express Clinic (Wtc) Dubai","Dubai","Clinic","dubai world trade centre","","45610000","","","https://www.medifinder.ae/medical/networks/dubai-care/n5-op"
"New Al Kanz Pharmacy Branch Express Clinic (JLT) Dubai","Dubai","Clinic","jlt","","45610000","","","https://www.medifinder.ae/medical/networks/dubai-care/n5-op"
"Al Ameen Clinic","Abu Dhabi","Clinic","electra","","26339722","","","https://www.medifinder.ae/medical/networks/dubai-care/n5-op"
"Paradise Plus Poly Clinic (Dip 2) Dubai","Dubai","Clinic","dip 2","","48848270","","","https://www.medifinder.ae/medical/networks/dubai-care/n5-op"
"Adnoc Hq Clinic","Abu Dhabi","Clinic","","","26023882","","","https://www.medifinder.ae/medical/networks/dubai-care/n5-op"
"Doha Pharmacy Express Clinic (Sheikh Zayed Road) Dubai","Dubai","Clinic","difc","","45610000","","","https://www.medifinder.ae/medical/networks/dubai-care/n5-op"
"Abu Dhabi Refinery Clinic - Adnoc","Abu Dhabi","Clinic","airport road","","26022011","","","https://www.medifinder.ae/medical/networks/dubai-care/n5-op"
"Access Al Sajaa Clinic (Al Sajaa) - Sharjah","Sharjah","Clinic","sajja","","67678795","","","https://www.medifinder.ae/medical/networks/dubai-care/n5-op"
"ACCESS CLINIC - PERSIA (Branch of D.M. Healthcare)","Dubai","Clinic","international city","","45520139","","","https://www.medifinder.ae/medical/networks/dubai-care/n5-op"
"Access Clinic Al Quoz Br. (Aster) (Gp Services Only)","Dubai","Clinic","al quoz","","43217544","","","https://www.medifinder.ae/medical/networks/dubai-care/n5-op"
"Access Clinic Dic BR DM Healthcare LLC, Dic (DM Healthcare)","Dubai","Clinic","dic","","45896619","","","https://www.medifinder.ae/medical/networks/dubai-care/n5-op"
"Access Clinic Jafza (Aster) (Gp Services Only)","Dubai","Clinic","jebel ali","","44546001","","","https://www.medifinder.ae/medical/networks/dubai-care/n5-op"
"Access Clinic Muwailah-Dr. Moopen's Group","Sharjah","Clinic","sharjah","","65359933","","","https://www.medifinder.ae/medical/networks/dubai-care/n5-op"
"Access Clinic Rolla","Sharjah","Clinic","rolla","","65612050","","","https://www.medifinder.ae/medical/networks/dubai-care/n5-op"
"Access Clinic Sonapur (Aster) (Gp Services Only)","Dubai","Clinic","muhaisnah","","42510266","","","https://www.medifinder.ae/medical/networks/dubai-care/n5-op"
"Access Clinic Sonapure2 -DM Healthcare","Dubai","Clinic","sonapur","","42637279","","","https://www.medifinder.ae/medical/networks/dubai-care/n5-op"
"Access Clinic-Dubai Investment Park-DR.MOOPENS Group","Dubai","Clinic","dubai investment park","","48800408","","","https://www.medifinder.ae/medical/networks/dubai-care/n5-op"
"Access Medical Centre- Ajman-DR.MOOPEN'S Group","Ajman","Clinic","ajman","","67404778","","","https://www.medifinder.ae/medical/networks/dubai-care/n5-op"
"Adnoc Onshore Medical Centre","Abu Dhabi","Clinic","al khalidiyah","","26022011","","","https://www.medifinder.ae/medical/networks/dubai-care/n5-op"
"Adnoc Technicial Institute Clinic - Ati","Abu Dhabi","Clinic","al shawamekh","","26022011","","","https://www.medifinder.ae/medical/networks/dubai-care/n5-op"
"Advanced Care Medical Center (BRANCH)(ADVANCED Group)","Dubai","Clinic","jebel ali","","43397664","","","https://www.medifinder.ae/medical/networks/dubai-care/n5-op"
"Advanced Care Medical Center LLC (Branch) Al Qouz Second","Dubai","Clinic","al quoz","","42355200","","","https://www.medifinder.ae/medical/networks/dubai-care/n5-op"
"Advanced Care Medical Center LLC Branch (Industrial Area 1) Dubai","Dubai","Clinic","jebel ali","","43807807","","","https://www.medifinder.ae/medical/networks/dubai-care/n5-op"
"Advanced Care Medical Center LLC Branch Dubai Investment Park First","Dubai","Clinic","dip 1","","43463099","","","https://www.medifinder.ae/medical/networks/dubai-care/n5-op"
"Ahalia Medical Centre Ajman-1000405","Ajman","Clinic","al ittihad street","","67497557","","","https://www.medifinder.ae/medical/networks/dubai-care/n5-op"
"Ajman Medical Center","Ajman","Clinic","ajman","","67430088","","","https://www.medifinder.ae/medical/networks/dubai-care/n5-op"
"Al Azhar Clinic - (Dip) Branch 2 - Dubai","Dubai","Clinic","dubai investment park","","48895306","","","https://www.medifinder.ae/medical/networks/dubai-care/n5-op"
"Al Azhar Clinic Branch 3-Dubai-Al Sanaiya Group","Dubai","Clinic","ras al khor","","42230244","","","https://www.medifinder.ae/medical/networks/dubai-care/n5-op"
"Al Azhar Clinic LLC 4 - Jebel Ali (Right Health Group)","Dubai","Clinic","jebel ali","","43335502","","","https://www.medifinder.ae/medical/networks/dubai-care/n5-op"
"Al Azhar Clinic-Dip-1( Ex-Al Azhar Clinic)","Dubai","Clinic","dubai investment park","","48859596","","","https://www.medifinder.ae/medical/networks/dubai-care/n5-op"
"Al Azhar Medical Clinic - BR of New Sanaiya Group","Sharjah","Clinic","sajja","","65352323","","","https://www.medifinder.ae/medical/networks/dubai-care/n5-op"
"Al Barsha Clinic Alquoz- Mena Healthcare","Dubai","Clinic","al quoz","","43478285","","","https://www.medifinder.ae/medical/networks/dubai-care/n5-op"
"Al Bateen Healthcare Center","Abu Dhabi","Clinic","abu dhabi","","","","","https://www.medifinder.ae/medical/networks/dubai-care/n5-op"
"Al Corniche Women Health Center","Abu Dhabi","Clinic","abu dhabi","","26724900","","","https://www.medifinder.ae/medical/networks/dubai-care/n5-op"
"Al Darary Medical Centre","Sharjah","Clinic","industrial area 1","","65336176","","","https://www.medifinder.ae/medical/networks/dubai-care/n5-op"
"Al Dunia Medical Center LLC, Sharjah- Al Rabee Clinic","Sharjah","Clinic","industrial area","","65384466","","","https://www.medifinder.ae/medical/networks/dubai-care/n5-op"
"Al Falah Healthcare Centre-SEHA-MF3329","Abu Dhabi","Clinic","abu dhabi","","27113233","","","https://www.medifinder.ae/medical/networks/dubai-care/n5-op"
"Al Faqa Healthcare Center","Abu Dhabi","Clinic","abu dhabi","","","","","https://www.medifinder.ae/medical/networks/dubai-care/n5-op"
"Al Furqan Medical Centre L.L.C","Sharjah","Clinic","industrial area","","65353868","","","https://www.medifinder.ae/medical/networks/dubai-care/n5-op"
"Al Ghallan Island Clinic","Abu Dhabi","Clinic","western region","","26023882","","","https://www.medifinder.ae/medical/networks/dubai-care/n5-op"
"Al Hayer Healthcare Center","Abu Dhabi","Clinic","abu dhabi","","","","","https://www.medifinder.ae/medical/networks/dubai-care/n5-op"
"Al Hudaibah Medical Centre","Ras Al Khaimah","Clinic","ras al khaimah","","72222188","","","https://www.medifinder.ae/medical/networks/dubai-care/n5-op"
"Al Jahli Healthcare Center","Abu Dhabi","Clinic","al ain","","","","","https://www.medifinder.ae/medical/networks/dubai-care/n5-op"
"Al Khail Medical Center Branch","Dubai","Clinic","jebel ali","","48823131","","","https://www.medifinder.ae/medical/networks/dubai-care/n5-op"
"Al Khaleej Medical Centre, Uaq","Umm Al Quwain","Clinic","umm al quwain","","67651212","","","https://www.medifinder.ae/medical/networks/dubai-care/n5-op"
"Al Khazna Healthcare Center","Abu Dhabi","Clinic","abu dhabi","","","","","https://www.medifinder.ae/medical/networks/dubai-care/n5-op"
"Al Maliha Medical Center","Sharjah","Clinic","sharjah","","68823334","","","https://www.medifinder.ae/medical/networks/dubai-care/n5-op"
"Al Maqam Healthcare Center","Abu Dhabi","Clinic","abu dhabi","","","","","https://www.medifinder.ae/medical/networks/dubai-care/n5-op"
"Al Maqtaa Healthcare Center","Abu Dhabi","Clinic","abu dhabi","","25757875","","","https://www.medifinder.ae/medical/networks/dubai-care/n5-op"
"Al Mushrif Children's Specialty Centre (SEHA)","Abu Dhabi","Clinic","abu dhabi","","28191568","","","https://www.medifinder.ae/medical/networks/dubai-care/n5-op"
"Al Nahda Medical Center-Lmc Group-Sharjah","Sharjah","Clinic","bukhara street","","65384466","","","https://www.medifinder.ae/medical/networks/dubai-care/n5-op"
"Al Niyadat Healthcare Center","Abu Dhabi","Clinic","abu dhabi","","","","","https://www.medifinder.ae/medical/networks/dubai-care/n5-op"
"Al Nuaimia Clinic","Ajman","Clinic","ajman","","67432262","","","https://www.medifinder.ae/medical/networks/dubai-care/n5-op"
"Al Qassimmiah Medical Clinic (Royal Garden Pharmacy)","Sharjah","Clinic","sajaa","","65310050","","","https://www.medifinder.ae/medical/networks/dubai-care/n5-op"
"Al Rafa Polyclinic International City - Dubai","Dubai","Clinic","international city","","44227944","","","https://www.medifinder.ae/medical/networks/dubai-care/n5-op"
"Al Raneen Medical Center","Abu Dhabi","Clinic","al ain","","37655602","","","https://www.medifinder.ae/medical/networks/dubai-care/n5-op"
"Al Rowda Healthcare Center","Abu Dhabi","Clinic","abu dhabi","","","","","https://www.medifinder.ae/medical/networks/dubai-care/n5-op"
"Al Samha Healthcare Center","Abu Dhabi","Clinic","al samha bridge","","5620048","","","https://www.medifinder.ae/medical/networks/dubai-care/n5-op"
"Al Sanaiya Medical Clinic (Sonapur) - Dubai","Dubai","Clinic","sonapur","","42543500","","","https://www.medifinder.ae/medical/networks/dubai-care/n5-op"
"Al Sanaiya Medical Clinic BR (Al Quoz) - Dubai","Dubai","Clinic","al quoz","","43407548","","","https://www.medifinder.ae/medical/networks/dubai-care/n5-op"
"Al Shams Al Jadeedh Medical CENTRE(EX Amrita0","Sharjah","Clinic","double cola","","65397539","","","https://www.medifinder.ae/medical/networks/dubai-care/n5-op"
"Al Shams Medical Centre","Sharjah","Clinic","sharjah","","65424255","","","https://www.medifinder.ae/medical/networks/dubai-care/n5-op"
"Al Sharq Medical Centre - Al Etihad","Fujairah","Clinic","fujairah","","92222444","","","https://www.medifinder.ae/medical/networks/dubai-care/n5-op"
"Al Shifa Al Khaleeji Medical CENTRE(SHJ)","Sharjah","Clinic","sharjah","","65324224","","","https://www.medifinder.ae/medical/networks/dubai-care/n5-op"
"Al Shifa Medical Centre","Sharjah","Clinic","khorfakan","","92384288","","","https://www.medifinder.ae/medical/networks/dubai-care/n5-op"
"Al Shueib Healthcare Center","Abu Dhabi","Clinic","abu dhabi","","","","","https://www.medifinder.ae/medical/networks/dubai-care/n5-op"
"Al Warqa Medical Centre - Dubai","Dubai","Clinic","al warqa","","42800899","","","https://www.medifinder.ae/medical/networks/dubai-care/n5-op"
"Al Zafaranah Healthcare Center","Abu Dhabi","Clinic","abu dhabi","","","","","https://www.medifinder.ae/medical/networks/dubai-care/n5-op"
"Alqatia Island Clinic","Abu Dhabi","Clinic","al qatia island","","26023882","","","https://www.medifinder.ae/medical/networks/dubai-care/n5-op"
"Aster Abu Shagharah Medical Center","Sharjah","Clinic","abu shagara","","65568225","","","https://www.medifinder.ae/medical/networks/dubai-care/n5-op"
"Aster Abu Tina Medical Centre- DM Healthcare","Sharjah","Clinic","abutina","","65619045","","","https://www.medifinder.ae/medical/networks/dubai-care/n5-op"
"Aster Al Nahda Medical Center 1, Al Nahda (DM Healthcare)","Sharjah","Clinic","al nahda","","65958792","","","https://www.medifinder.ae/medical/networks/dubai-care/n5-op"
"Aster Al Nahda Medical Center-Dr. Moopens GRP","Dubai","Clinic","al nahda","","42399119","","","https://www.medifinder.ae/medical/networks/dubai-care/n5-op"
"Aster Al Nahda Medical Centre-Sharjah- DM Healthcare","Sharjah","Clinic","sharjah","","65267111","","","https://www.medifinder.ae/medical/networks/dubai-care/n5-op"
"Aster Al Suwaihat Medical Center - Sharjah (DM Healthcare)","Sharjah","Clinic","halwan","","44400500","","","https://www.medifinder.ae/medical/networks/dubai-care/n5-op"
"Aster Gp Clinic Burdubai BR of DM Healthcare LLC Prvsly Access Clinic - Bur Dubai","Dubai","Clinic","bur dubai","","43527300","","","https://www.medifinder.ae/medical/networks/dubai-care/n5-op"
"Aster Jabel Ali Medical Center (BR of D M Health","Dubai","Clinic","jebel ali","","48841161","","","https://www.medifinder.ae/medical/networks/dubai-care/n5-op"
"Aster Jubilee Medical Complex (for Ebp Members - Specialist Referral Center Only)","Dubai","Clinic","bur dubai","","43935115","","","https://www.medifinder.ae/medical/networks/dubai-care/n5-op"
"Aster Medical Center (JLT) Aster Plus - Dubai","Dubai","Clinic","jlt","","44204069","","","https://www.medifinder.ae/medical/networks/dubai-care/n5-op"
"Aster Medical Center Al Muhaisna (Gp Services Only)","Dubai","Clinic","muhaisnah","","42592154","","","https://www.medifinder.ae/medical/networks/dubai-care/n5-op"
"Aster Medical Center Silicon Oasis (BR of DM Healthcare (L L C))","Dubai","Clinic","silicon oasis","","43332177","","","https://www.medifinder.ae/medical/networks/dubai-care/n5-op"
"Aster Medical Centre","Dubai","Clinic","qusais","","43933033","","","https://www.medifinder.ae/medical/networks/dubai-care/n5-op"
"Aster Medical Centre","Ajman","Clinic","ajman","","67314799","","","https://www.medifinder.ae/medical/networks/dubai-care/n5-op"
"Aster Medical Centre - BR of (D M Healthcare) LLC Umm Al Quwain Branch","Umm Al Quwain","Clinic","uaq","","65770288","","","https://www.medifinder.ae/medical/networks/dubai-care/n5-op"
"Aster Medical Centre -RAK -DM Healthcare","Ras Al Khaimah","Clinic","ras al khaimah","","72338866","","","https://www.medifinder.ae/medical/networks/dubai-care/n5-op"
"Aster Medical Centre Abu Hail BR of DM Healthcare","Dubai","Clinic","abu hail","","42692785","","","https://www.medifinder.ae/medical/networks/dubai-care/n5-op"
"Aster Medical Centre Al Barsha BR of DM Healthcare LLC","Dubai","Clinic","al barsha","","43472420","","","https://www.medifinder.ae/medical/networks/dubai-care/n5-op"
"Aster Medical Centre Al Qouz BR of DM Healthcare L Lc","Dubai","Clinic","al quoz","","44400500","","","https://www.medifinder.ae/medical/networks/dubai-care/n5-op"
"Aster Medical Centre Al Qusais BR of DM Healthcare","Dubai","Clinic","al qusais","","42632202","","","https://www.medifinder.ae/medical/networks/dubai-care/n5-op"
"Aster Medical Centre Arjan (BR of DM Healthcare LLC)","Dubai","Clinic","al barsha","","44400500","","","https://www.medifinder.ae/medical/networks/dubai-care/n5-op"
"Aster Medical Centre Aswaaq Mall -BR of D M Healhtcare LLC","Dubai","Clinic","al barsha south","","43471540","","","https://www.medifinder.ae/medical/networks/dubai-care/n5-op"
"Aster Medical Centre BR.(AJMAN)","Sharjah","Clinic","king faisal","","65509006","","","https://www.medifinder.ae/medical/networks/dubai-care/n5-op"
"Aster Medical Centre Business Bay","Dubai","Clinic","business bay","","44508896","","","https://www.medifinder.ae/medical/networks/dubai-care/n5-op"
"Aster Medical Centre Dip (BR of DM Healthcare LLC) Prvsly Aster Medical Centre Jabal Ali 2 Dubai","Dubai","Clinic","dip 1","","44400500","","","https://www.medifinder.ae/medical/networks/dubai-care/n5-op"
"Aster Medical Centre Dubai Land BR of DM Healthcare LLC, Dubai Land (DM Healthcare LLC)","Dubai","Clinic","dubai land","","43435645","","","https://www.medifinder.ae/medical/networks/dubai-care/n5-op"
"Aster Medical Centre Fujairah","Fujairah","Clinic","fujairah","","92234912","","","https://www.medifinder.ae/medical/networks/dubai-care/n5-op"
"Aster Medical Centre International City -DM Healthcare","Dubai","Clinic","international city","","44312273","","","https://www.medifinder.ae/medical/networks/dubai-care/n5-op"
"Aster Medical Centre Liwan BR of DM Healthcare LLC","Dubai","Clinic","liwan","","45298194","","","https://www.medifinder.ae/medical/networks/dubai-care/n5-op"
"Aster Medical Centre Oud METHA(BR of D M Healthcare LLC)(FORMERLY Aster Medical Centre Deira)","Dubai","Clinic","oud metha","","42945095","","","https://www.medifinder.ae/medical/networks/dubai-care/n5-op"
"Aster Medical Centre Ras Al Khor BR of DM Healthcare LLC, Ras Al Khor (DM Healthcare)","Dubai","Clinic","ras al khor","","43425354","","","https://www.medifinder.ae/medical/networks/dubai-care/n5-op"
"Aster Medical Centre Rem Raam BR of DM Healthcare LLC","Dubai","Clinic","aweer","","43333423","","","https://www.medifinder.ae/medical/networks/dubai-care/n5-op"
"ASTER MEDICAL CENTRE SPORTS CITY BR OF DM HEALTHCARE LLC-Dubai","Dubai","Clinic","sports city","","44577919","","","https://www.medifinder.ae/medical/networks/dubai-care/n5-op"
"Aster Muwaileh Medical Center, Muwaileh (DM Healthcare)","Sharjah","Clinic","muweilah","","65358027","","","https://www.medifinder.ae/medical/networks/dubai-care/n5-op"
"Aster Pharmacy 157 BR of Aster Pharmacies Group LLC - Clinic - Dubai (DM Healthcare)","Dubai","Clinic","jebel ali","","45475037","","","https://www.medifinder.ae/medical/networks/dubai-care/n5-op"
"ASTER PHARMACY180 AND CLINIC BR OF ASTER PHARMACIES GROUP LLC Express Clinic","Dubai","Clinic","marsa","","45298194","","","https://www.medifinder.ae/medical/networks/dubai-care/n5-op"
"Aster Specialist Medical Center International City BR of DM Healthcare - Aster Plus","Dubai","Clinic","international city","","44279554","","","https://www.medifinder.ae/medical/networks/dubai-care/n5-op"
"Aster Specialist Medical Center, Al Manar Tower (DM Healthcare)","Ajman","Clinic","ajman","","65308057","","","https://www.medifinder.ae/medical/networks/dubai-care/n5-op"
"Attouk Island Clinic","Abu Dhabi","Clinic","western region","","26023882","","","https://www.medifinder.ae/medical/networks/dubai-care/n5-op"
"Bab Al Madina Medical Center L.L.C - Abu Dhabi - MF4569","Abu Dhabi","Clinic","mussafah","","26422464","","","https://www.medifinder.ae/medical/networks/dubai-care/n5-op"
"Behavioral Science Pavilion","Abu Dhabi","Clinic","abu dhabi","","28190000","","","https://www.medifinder.ae/medical/networks/dubai-care/n5-op"
"Busikeen Island Clinic","Abu Dhabi","Clinic","sarb island","","26023882","","","https://www.medifinder.ae/medical/networks/dubai-care/n5-op"
"Care Medical Center (Branch If Imara Hlc) Shj","Sharjah","Clinic","shahba","","65455501","","","https://www.medifinder.ae/medical/networks/dubai-care/n5-op"
"Citicare Medical Center (Arjan) Dubai Prvsly Peshawar Medical Center (Arjan ) Dubai","Dubai","Clinic","al barsha south","","47700948","","","https://www.medifinder.ae/medical/networks/dubai-care/n5-op"
"Clinicare Samari (BR of Imara Health Care L.L.C)(IMARA Gr)","Dubai","Clinic","ras al khor","","43322682","","","https://www.medifinder.ae/medical/networks/dubai-care/n5-op"
"Cosmomed","Fujairah","Clinic","fujairah","","92249545","","","https://www.medifinder.ae/medical/networks/dubai-care/n5-op"
"Disease Prevention and Screening Center - Madinat Zayed","Abu Dhabi","Clinic","abu dhabi","","28846223","","","https://www.medifinder.ae/medical/networks/dubai-care/n5-op"
"Disease Prevention and Screening Center- Abu Dhabi","Abu Dhabi","Clinic","abu dhabi","","","","","https://www.medifinder.ae/medical/networks/dubai-care/n5-op"
"Dr. Ismail Medical Center - Al Karama Dubai","Dubai","Clinic","karama","","43378585","","","https://www.medifinder.ae/medical/networks/dubai-care/n5-op"
"Dr. Ismail Medical Centre - Al Quoz - Dubai","Dubai","Clinic","al quoz","","43381550","","","https://www.medifinder.ae/medical/networks/dubai-care/n5-op"
"Dr. Ismail Medical Centre(Br)- Al Qusais(Sonapur)","Dubai","Clinic","muhaisnah","","42646529","","","https://www.medifinder.ae/medical/networks/dubai-care/n5-op"
"Dr. Ismail New Polyclinic- Discovery Garden - Dubai","Dubai","Clinic","discovery gardens","","44494087","","","https://www.medifinder.ae/medical/networks/dubai-care/n5-op"
"Dr. Ismail Polyclinic Branch - Jebel Ind2 - Dubai","Dubai","Clinic","jebel ali","","48877750","","","https://www.medifinder.ae/medical/networks/dubai-care/n5-op"
"Dr. Moopen's Al Quoz Medical Centre","Dubai","Clinic","al quoz","","43387871","","","https://www.medifinder.ae/medical/networks/dubai-care/n5-op"
"DR.MOOPENS Medical Centre","Abu Dhabi","Clinic","musaffah","","25557078","","","https://www.medifinder.ae/medical/networks/dubai-care/n5-op"
"DULSCO MEDICAL CLINIC BRANCH, SMBZR (DULSCO GROUP) - temporary closed","Dubai","Clinic","shaikh zayed road","","43232442","","","https://www.medifinder.ae/medical/networks/dubai-care/n5-op"
"Elaj Medical Centre L.L.C 01 - Ajman","Ajman","Clinic","nuaima","","67488808","","","https://www.medifinder.ae/medical/networks/dubai-care/n5-op"
"Emerald Medical Centre LLC - Abu Dhabi - MF3918","Abu Dhabi","Clinic","mussafah","","25554164","","","https://www.medifinder.ae/medical/networks/dubai-care/n5-op"
"EMIRATES CLINIC & MEDICAL SERVICE CENTRE","Abu Dhabi","Clinic","al ain","","37644744","","","https://www.medifinder.ae/medical/networks/dubai-care/n5-op"
"Emirates Medical Centre","Fujairah","Clinic","fujairah","","92233199","","","https://www.medifinder.ae/medical/networks/dubai-care/n5-op"
"Etihad Visa Screening Center (SEHA)","Abu Dhabi","Clinic","khalifa","","","","","https://www.medifinder.ae/medical/networks/dubai-care/n5-op"
"Expo Emergency Center - Dubai Health Authority","Dubai","Clinic","dubai","","45024551","","","https://www.medifinder.ae/medical/networks/dubai-care/n5-op"
"Family Clinic (BR of Oxford Medical Center L.L.C.)(DUBAI Branch)","Dubai","Clinic","al badaa","","43451145","","","https://www.medifinder.ae/medical/networks/dubai-care/n5-op"
"Family Medical Clinic","Ajman","Clinic","ajman","","67457136","","","https://www.medifinder.ae/medical/networks/dubai-care/n5-op"
"Fujairah Port Medical Centre","Fujairah","Clinic","fujairah","","92228007","","","https://www.medifinder.ae/medical/networks/dubai-care/n5-op"
"Gardens Speciality Clinic Brof DM Healthcare LLC","Dubai","Clinic","discovery gardens","","42767512","","","https://www.medifinder.ae/medical/networks/dubai-care/n5-op"
"GLOBEHEALTH GENERAL CLINIC LLC (formerly known as Amrita Medical Centre)","Dubai","Clinic","satwa","","43446484","","","https://www.medifinder.ae/medical/networks/dubai-care/n5-op"
"Grand Infinity Medical Center Branch (Deira) Dubai","Dubai","Clinic","jebel ali","","42621791","","","https://www.medifinder.ae/medical/networks/dubai-care/n5-op"
"Healthgo Medical Center LLC","Abu Dhabi","Clinic","al mafraq","","25851331","","","https://www.medifinder.ae/medical/networks/dubai-care/n5-op"
"High Life Medical Clinic - MF4747 - Alain","Abu Dhabi","Clinic","al ain","","37681818","","","https://www.medifinder.ae/medical/networks/dubai-care/n5-op"
"Jabal Al-Dhana Clinic","Abu Dhabi","Clinic","western region","","26022444","","","https://www.medifinder.ae/medical/networks/dubai-care/n5-op"
"Jadaf Life Pharamcy Express Clinic (Al Jedaff) Dubai","Dubai","Clinic","al jaddaf","","45610000","","","https://www.medifinder.ae/medical/networks/dubai-care/n5-op"
"Karama Medical Center Al Quoz Mall BR - Dubai","Dubai","Clinic","al quoz","","43388227","","","https://www.medifinder.ae/medical/networks/dubai-care/n5-op"
"Karama Medical Centre (Karama) - Dubai","Dubai","Clinic","karama","","43366889","","","https://www.medifinder.ae/medical/networks/dubai-care/n5-op"
"Karama Medical Centre BR Muhaisnah 2 (Sonapur)","Dubai","Clinic","muhaisnah","","42630341","","","https://www.medifinder.ae/medical/networks/dubai-care/n5-op"
"Karama Medical Centre BR. Al Khail Gate (Al Quoz ) - Dubai","Dubai","Clinic","al quoz","","44533534","","","https://www.medifinder.ae/medical/networks/dubai-care/n5-op"
"Karama Medical Centre Dip BR. - DXB","Dubai","Clinic","dubai investment park","","48848368","","","https://www.medifinder.ae/medical/networks/dubai-care/n5-op"
"Karama Medical Centre Jumeirah Village South","Dubai","Clinic","jvc","","44229867","","","https://www.medifinder.ae/medical/networks/dubai-care/n5-op"
"Khorfakkan Port Medical Centre","Sharjah","Clinic","khorfakan","","92371400","","","https://www.medifinder.ae/medical/networks/dubai-care/n5-op"
"Liberty Medical Centre","Sharjah","Clinic","abushagara","","65599379","","","https://www.medifinder.ae/medical/networks/dubai-care/n5-op"
"Life 119 Pharmacy Express Clinic (Nad Al Sheba 1) Dubai","Dubai","Clinic","nad al sheba","","45610000","","","https://www.medifinder.ae/medical/networks/dubai-care/n5-op"
"Life Al Qusais Pharmacy Express Clinic (Damascus Street) Dubai","Dubai","Clinic","al qusais","","45610000","","","https://www.medifinder.ae/medical/networks/dubai-care/n5-op"
"Life Pharmacy 125 Express Clinic (Nad Al Sheba 1) Dubai","Dubai","Clinic","nad al sheba","","45610000","","","https://www.medifinder.ae/medical/networks/dubai-care/n5-op"
"Life Pharmacy 16 Express Clinic (Marsa) Dubai","Dubai","Clinic","bluewater island","","45610000","","","https://www.medifinder.ae/medical/networks/dubai-care/n5-op"
"Life Pharmacy 173 BR of Life Pharmacy","Dubai","Clinic","al quoz","","48365759","","","https://www.medifinder.ae/medical/networks/dubai-care/n5-op"
"Life Pharmacy 180 (BR of Life Pharmacy L.L.C)","Dubai","Clinic","al satwa","","48365759","","","https://www.medifinder.ae/medical/networks/dubai-care/n5-op"
"Life Pharmacy 25 Express Clinic (Al Karama) Dubai","Dubai","Clinic","karama","","45610000","","","https://www.medifinder.ae/medical/networks/dubai-care/n5-op"
"Life Pharmacy 44 Express Clinic (BR of Life Pharmacy L.L.C), Oasis Mall (Life Group)","Dubai","Clinic","al quoz","","45610000","","","https://www.medifinder.ae/medical/networks/dubai-care/n5-op"
"Life Pharmacy 74 Express Clinic (Marina) Dubai","Dubai","Clinic","marina","","45610000","","","https://www.medifinder.ae/medical/networks/dubai-care/n5-op"
"Life Pharmacy 77 Express Clinic (Satwa) Dubai","Dubai","Clinic","satwa","","45610000","","","https://www.medifinder.ae/medical/networks/dubai-care/n5-op"
"Life Pharmacy Barsha South Fourth Express Clinic (Al Barsha)","Dubai","Clinic","al barsha south","","45610000","","","https://www.medifinder.ae/medical/networks/dubai-care/n5-op"
"Life Pharmacy Express Clinic (Sheikh Zayed Road) Dubai","Dubai","Clinic","difc","","45610000","","","https://www.medifinder.ae/medical/networks/dubai-care/n5-op"
"Lifecare Clinic LLC, Al Mafraq Workers City 2 (Vps Group)","Abu Dhabi","Clinic","abu dhabi","","25824916","","","https://www.medifinder.ae/medical/networks/dubai-care/n5-op"
"LIFEGUARD GENERAL CLINIC L.L.C (Former Name OUR CARE AND CURE MEDICAL CENTER)","Dubai","Clinic","jebel ali","","45806451","","","https://www.medifinder.ae/medical/networks/dubai-care/n5-op"
"LLH Medical Center Al Musaffah L.L.C.BRANCH 3-Vps Group Abu Dhabi","Abu Dhabi","Clinic","icad","","24116450","","","https://www.medifinder.ae/medical/networks/dubai-care/n5-op"
"LLH Medical Center LLC -MF3983- Vps Group","Abu Dhabi","Clinic","al markaziyah","","26282222","","","https://www.medifinder.ae/medical/networks/dubai-care/n5-op"
"LLH Medical Centre Al Musaffah LLC - Branch 3","Abu Dhabi","Clinic","shabiah khalifa","","25557711","","","https://www.medifinder.ae/medical/networks/dubai-care/n5-op"
"LLH Medical Centre Al Musaffah LLC Branch 1 -MF4557- Vps Group","Abu Dhabi","Clinic","baniyas","","2586333","","","https://www.medifinder.ae/medical/networks/dubai-care/n5-op"
"Mafraq Dialysis Centre","Abu Dhabi","Clinic","abu dhabi","","25012925","","","https://www.medifinder.ae/medical/networks/dubai-care/n5-op"
"Maxim Medical Centre L.L.C, Mussafah (Al Rayyan Medical Group) MF3759","Abu Dhabi","Clinic","mussafah","","25500161","","","https://www.medifinder.ae/medical/networks/dubai-care/n5-op"
"Medline Medical Centre LLC - Abu Dhabi - MF3528","Abu Dhabi","Clinic","musafah","","25530577","","","https://www.medifinder.ae/medical/networks/dubai-care/n5-op"
"Mgm Medical Centre LLC","Sharjah","Clinic","sharjah","","65741444","","","https://www.medifinder.ae/medical/networks/dubai-care/n5-op"
"Moopens Medical Centre Branch Karama -DM Healthcare","Dubai","Clinic","karama","","43374767","","","https://www.medifinder.ae/medical/networks/dubai-care/n5-op"
"Multi Care Medical Centre (Al Quoz)- Dubai","Dubai","Clinic","al khail","","44245863","","","https://www.medifinder.ae/medical/networks/dubai-care/n5-op"
"N.M.C Medical Center L.L.C Shj BR.","Sharjah","Clinic","al majaz","","65566689","","","https://www.medifinder.ae/medical/networks/dubai-care/n5-op"
"N.M.C Medical Center L.L.C Shj BR.1","Sharjah","Clinic","shahba","","65388966","","","https://www.medifinder.ae/medical/networks/dubai-care/n5-op"
"N.M.C Medical Center L.L.C Shj BR.2","Sharjah","Clinic","rolla","","65639966","","","https://www.medifinder.ae/medical/networks/dubai-care/n5-op"
"N.M.C Medical Center L.L.C Shj BR.4","Sharjah","Clinic","al nahda","","65305252","","","https://www.medifinder.ae/medical/networks/dubai-care/n5-op"
"Natures Life Express Clinic (Jumeirah) Dubai","Dubai","Clinic","jumeirah","","45610000","","","https://www.medifinder.ae/medical/networks/dubai-care/n5-op"
"Neima Primary Health Care Center","Abu Dhabi","Clinic","abu dhabi","","","","","https://www.medifinder.ae/medical/networks/dubai-care/n5-op"
"New Famous Medical Centre (Musaffah)  - Abu Dhabi","Abu Dhabi","Clinic","industrial area","","25521912","","","https://www.medifinder.ae/medical/networks/dubai-care/n5-op"
"NEW MEDICAL CENTRE - NMC GROUP (Prev DR REENA BEEGUM MEDICAL CENTRE)","Dubai","Clinic","jafza","","48808856","","","https://www.medifinder.ae/medical/networks/dubai-care/n5-op"
"New Medical Centre LLC, Sharjah","Sharjah","Clinic","buhaira","","65758000","","","https://www.medifinder.ae/medical/networks/dubai-care/n5-op"
"New Sanaiya Clinic - BR Hor Al Anz - Dubai","Dubai","Clinic","hor al anz","","42681333","","","https://www.medifinder.ae/medical/networks/dubai-care/n5-op"
"New Sanaiya Clinic Branch, Al Quoz- New Sanaiya Group","Dubai","Clinic","dip 1","","43791311","","","https://www.medifinder.ae/medical/networks/dubai-care/n5-op"
"NMC DENTAL CENTRE LLC (prev. SUNNY DENTAL CENTER - SHJ)","Sharjah","Clinic","sharjah","","65738300","","","https://www.medifinder.ae/medical/networks/dubai-care/n5-op"
"NMC Dic Clinic and Pharmacy BR of NMC Royal Hospital Ltd Dubai BRANCH(NMC Dic Clinic)","Dubai","Clinic","warsan 1","","48108808","","","https://www.medifinder.ae/medical/networks/dubai-care/n5-op"
"NMC Royal Family Medical Centre L.L.C. - Abu Dhabi - NMC Group/MF3335","Abu Dhabi","Clinic","abu dhabi","","26911500","","","https://www.medifinder.ae/medical/networks/dubai-care/n5-op"
"Noor Al Shefa Clinic Br1 (Al Quoz 3) Dubai","Dubai","Clinic","al quoz","","43807636","","","https://www.medifinder.ae/medical/networks/dubai-care/n5-op"
"Noor Al Shefa Clinic Br4 (Jafza West) - Dubai","Dubai","Clinic","jafza","","48844666","","","https://www.medifinder.ae/medical/networks/dubai-care/n5-op"
"Noor Alahli Medical Center L.L.C. - Branch, BANIYAS(AHALIA Group)","Abu Dhabi","Clinic","baniyas","","25821206","","","https://www.medifinder.ae/medical/networks/dubai-care/n5-op"
"Northern Al Ahliah Medical Centre-Fujairah-Ahalia Group","Fujairah","Clinic","fujairah","","92242515","","","https://www.medifinder.ae/medical/networks/dubai-care/n5-op"
"Orthoplus Bone and Joint Center-MF1397","Abu Dhabi","Clinic","al ain","","37800378","","","https://www.medifinder.ae/medical/networks/dubai-care/n5-op"
"Premier Medical Centre (Royal Garden Pharmacy)","Sharjah","Clinic","rolla","","65616188","","","https://www.medifinder.ae/medical/networks/dubai-care/n5-op"
"Prime Care Medical Centre-Abu Dhabi-MF2241","Abu Dhabi","Clinic","musaffah","","25538188","","","https://www.medifinder.ae/medical/networks/dubai-care/n5-op"
"Prime Corp Medical Center","Dubai","Clinic","deira","","43396047","","","https://www.medifinder.ae/medical/networks/dubai-care/n5-op"
"Prime Corp Medical Center Dip (BR of Primecorp Medical Center LLC)","Dubai","Clinic","jebel ali second","","48850788","","","https://www.medifinder.ae/medical/networks/dubai-care/n5-op"
"Primecorp Medical Center (Al Quoz) Dubai (BR of Primecorp Medical Center LLC)","Dubai","Clinic","al quoz","","47070999","","","https://www.medifinder.ae/medical/networks/dubai-care/n5-op"
"Primecorp Medical Center (Jabal Ali Branch) Dubai","Dubai","Clinic","jebel ali","","42720720","","","https://www.medifinder.ae/medical/networks/dubai-care/n5-op"
"Primecorp Medical Center Al Qusais (Formerly Known As Prime Medical Center Al Qusais BR of Prime Medical Center Ll, Al Qusais (Prime Healthcare Group)","Dubai","Clinic","al qusais","","46079876","","","https://www.medifinder.ae/medical/networks/dubai-care/n5-op"
"Primecorp Medical Center Al Warsan BR of Primecorp Medical Center, Al Warsan (Prime Healthcare Group)","Dubai","Clinic","al warsan","","47070999","","","https://www.medifinder.ae/medical/networks/dubai-care/n5-op"
"Primecorp Medical Center Dwc (BR of Primecorp Medical Center LLC)","Dubai","Clinic","jebel ali","","42720720","","","https://www.medifinder.ae/medical/networks/dubai-care/n5-op"
"Primecorp Medical Center L.L.C Shj 1 - SHARJAH(PRIME Healthcare Group)","Sharjah","Clinic","nahda","","47070999","","","https://www.medifinder.ae/medical/networks/dubai-care/n5-op"
"Providence International Medical & Cosmetic/Abu Dhabi/MF475","Abu Dhabi","Clinic","khalidiya","","26666675","","","https://www.medifinder.ae/medical/networks/dubai-care/n5-op"
"Ramada Life Express Clinic (Bur) Dubai","Dubai","Clinic","al mankhool","","45610000","","","https://www.medifinder.ae/medical/networks/dubai-care/n5-op"
"Reem Al Nahda Medical Diagnostic Centre","Sharjah","Clinic","sharjah","","65304864","","","https://www.medifinder.ae/medical/networks/dubai-care/n5-op"
"Reem Specalists Medical Centre.","Sharjah","Clinic","rolla","","65625422","","","https://www.medifinder.ae/medical/networks/dubai-care/n5-op"
"Remah Healthcare Center","Abu Dhabi","Clinic","abu dhabi","","","","","https://www.medifinder.ae/medical/networks/dubai-care/n5-op"
"Riaz Specialist Medical Center LLC, Shj (Riaz Medical Group)","Sharjah","Clinic","al shahba","","65583351","","","https://www.medifinder.ae/medical/networks/dubai-care/n5-op"
"Right Health Clinic Jurf LLC, Jurf-New Sanaiya Group","Ajman","Clinic","al jurf","","67494969","","","https://www.medifinder.ae/medical/networks/dubai-care/n5-op"
"Right Health Clinic Jurf2 LLC","Ajman","Clinic","ajman","","67404141","","","https://www.medifinder.ae/medical/networks/dubai-care/n5-op"
"Sahel Clinic","Abu Dhabi","Clinic","abu dhabi","","26049901","","","https://www.medifinder.ae/medical/networks/dubai-care/n5-op"
"SEHA Dialysis Services - Delma Hospital","Abu Dhabi","Clinic","abu dhabi","","25012925","","","https://www.medifinder.ae/medical/networks/dubai-care/n5-op"
"SEHA Dialysis Services - Tawam Hospital","Abu Dhabi","Clinic","al ain","","25012925","","","https://www.medifinder.ae/medical/networks/dubai-care/n5-op"
"SEHA Dialysis Services- Madinat Zayed Hosp","Abu Dhabi","Clinic","abu dhabi","","25012925","","","https://www.medifinder.ae/medical/networks/dubai-care/n5-op"
"SEHA Dialysis Services-Al Marfa Hosp","Abu Dhabi","Clinic","abu dhabi","","25012925","","","https://www.medifinder.ae/medical/networks/dubai-care/n5-op"
"SEHA Dialysis Services-Al Sila Hosp","Abu Dhabi","Clinic","abu dhabi","","25012925","","","https://www.medifinder.ae/medical/networks/dubai-care/n5-op"
"SEHA Dialysis Services-Al Wagan Hosp","Abu Dhabi","Clinic","abu dhabi","","25012925","","","https://www.medifinder.ae/medical/networks/dubai-care/n5-op"
"SEHA Dialysis Services-Ghaithy Hospital","Abu Dhabi","Clinic","abu dhabi","","25012925","","","https://www.medifinder.ae/medical/networks/dubai-care/n5-op"
"SEHA Dialysis Services-Skmc","Abu Dhabi","Clinic","abu dhabi","","25012925","","","https://www.medifinder.ae/medical/networks/dubai-care/n5-op"
"SEHA Kidney Care Center - Abu Dhabi (SEHA)","Abu Dhabi","Clinic","abu dhabi","","25012925","","","https://www.medifinder.ae/medical/networks/dubai-care/n5-op"
"SEHA Kidney Care Center - Al Ain (SEHA)","Abu Dhabi","Clinic","al ain","","25012925","","","https://www.medifinder.ae/medical/networks/dubai-care/n5-op"
"SEHA Mobile Clinic 1","Abu Dhabi","Clinic","abu dhabi","","","","","https://www.medifinder.ae/medical/networks/dubai-care/n5-op"
"SEHA Mobile Clinic 2","Abu Dhabi","Clinic","abu dhabi","","","","","https://www.medifinder.ae/medical/networks/dubai-care/n5-op"
"Seha Mobile Clinic 3 (No Dental Services On Direct Billing)","Abu Dhabi","Clinic","abu dhabi","","","","","https://www.medifinder.ae/medical/networks/dubai-care/n5-op"
"Shamaal Al Ahalia Medical Centre, Sharjah (Ahalia Group)","Sharjah","Clinic","sharjah","","65744529","","","https://www.medifinder.ae/medical/networks/dubai-care/n5-op"
"Sheikh Khalifa Energy Clinic - Adnoc - Skec","Abu Dhabi","Clinic","al danah","","26023882","","","https://www.medifinder.ae/medical/networks/dubai-care/n5-op"
"Shifa Al Jazeera Medical Centre - Sharjah","Sharjah","Clinic","sharjah","","65218889","","","https://www.medifinder.ae/medical/networks/dubai-care/n5-op"
"Shifa Al Jazeera Medical Centre LLC-Ajman (Shifa Al Jaseera Group)","Ajman","Clinic","ajman","","67444830","","","https://www.medifinder.ae/medical/networks/dubai-care/n5-op"
"Shifa Al Jazeerah Medical Centre LLC - RAK - BR of Al Mahmoud Medical Centre","Ras Al Khaimah","Clinic","rak","","72211218","","","https://www.medifinder.ae/medical/networks/dubai-care/n5-op"
"Siyad Specialist Medical Centre","Sharjah","Clinic","national paints","","65358305","","","https://www.medifinder.ae/medical/networks/dubai-care/n5-op"
"Umm Shaif Super Complex (Ussc) Clinic","Abu Dhabi","Clinic","al manhal","","26023882","","","https://www.medifinder.ae/medical/networks/dubai-care/n5-op"
"New Medi Prime Pharmacy Burjuman - Dubai","Dubai","Pharmacy","burjuman","","43584979","","","https://www.medifinder.ae/medical/networks/dubai-care/n5-op"
"Sheikh Khalifa Energy Clinic Pharmacy","Abu Dhabi","Pharmacy","al danah","","26023882","","","https://www.medifinder.ae/medical/networks/dubai-care/n5-op"
"Emirates Pharmacy","Abu Dhabi","Pharmacy","al ain","","37642717","","","https://www.medifinder.ae/medical/networks/dubai-care/n5-op"
"Medi Prime Pharmacy Al Warqa (BR of Medi Prime Pharmacy (LLC) ) Dubai","Dubai","Pharmacy","al warqa","","47070999","","","https://www.medifinder.ae/medical/networks/dubai-care/n5-op"
"Gayathy Hospital In Patient Pharmacy (SEHA)","Abu Dhabi","Pharmacy","ruwais","","28070000","","","https://www.medifinder.ae/medical/networks/dubai-care/n5-op"
"Habshan Pharmacy","Abu Dhabi","Pharmacy","zayed city","","26023882","","","https://www.medifinder.ae/medical/networks/dubai-care/n5-op"
"Universal Hospital Pharmacy Branch 2- Abu Dhabi- PF2864","Abu Dhabi","Pharmacy","old airport road","","26435555","","","https://www.medifinder.ae/medical/networks/dubai-care/n5-op"
"Panorama Rx Pharmacy BR of Imara Health Care LLC","Dubai","Pharmacy","al thanya 3","","44557256","","","https://www.medifinder.ae/medical/networks/dubai-care/n5-op"
"National Al Ain Pharmacy- Alain Pharmacy Group/PF1418","Abu Dhabi","Pharmacy","al ain","","37627116","","","https://www.medifinder.ae/medical/networks/dubai-care/n5-op"
"Al Towayya Pharmacy (SEHA)","Abu Dhabi","Pharmacy","al hili","","28113202","","","https://www.medifinder.ae/medical/networks/dubai-care/n5-op"
"Dragon Mart Pharmacy (BR of Aster Al Shafar Pharmacies Group L.L.C)","Dubai","Pharmacy","international city","","43687450","","","https://www.medifinder.ae/medical/networks/dubai-care/n5-op"
"Novitas Pharmacy LLC- Dubai","Dubai","Pharmacy","international city","","45693389","","","https://www.medifinder.ae/medical/networks/dubai-care/n5-op"
"Ehsaan Pharmacy","Dubai","Pharmacy","al shaab","","42975986","","","https://www.medifinder.ae/medical/networks/dubai-care/n5-op"
"Manara Al Murqab Pharmacy","Sharjah","Pharmacy","sharjah","","65213471","","","https://www.medifinder.ae/medical/networks/dubai-care/n5-op"
"Dr Abdulla S Pharmacy (Amman St) Dubai","Dubai","Pharmacy","al qusais","","42388778","","","https://www.medifinder.ae/medical/networks/dubai-care/n5-op"
"Med X Pharmacy LLC - Dubai","Dubai","Pharmacy","nad al hamar","","42854641","","","https://www.medifinder.ae/medical/networks/dubai-care/n5-op"
"Med X Pharmacy LLC Branch - Dubai","Dubai","Pharmacy","business bay","","42854641","","","https://www.medifinder.ae/medical/networks/dubai-care/n5-op"
"Shahama Healthcare Center Pharmacy","Abu Dhabi","Pharmacy","abu dhabi","","28114571","","","https://www.medifinder.ae/medical/networks/dubai-care/n5-op"
"Al Faisal Pharmacy L.L.C (BR of Aster Al Shafar Pharmacies Group L.L.C)","Dubai","Pharmacy","umm suqeim","","43485102","","","https://www.medifinder.ae/medical/networks/dubai-care/n5-op"
"Hikmat Al Ain Pharmacy- Alain Pharmacy Group/ PF1061","Abu Dhabi","Pharmacy","al seef villiage","","26411225","","","https://www.medifinder.ae/medical/networks/dubai-care/n5-op"
"Al Musalla Pharmacy(Medshop) - (Moopen's Group)","Dubai","Pharmacy","bur dubai","","43971291","","","https://www.medifinder.ae/medical/networks/dubai-care/n5-op"
"Jabal Ali Gardens Pharmacy (BR of Aster Al Shafar Pharmacy Group L.L.C)","Dubai","Pharmacy","discovery gardens","","48820808","","","https://www.medifinder.ae/medical/networks/dubai-care/n5-op"
"Jansons Pharmacy - Dubai","Dubai","Pharmacy","bur dubai","","43939011","","","https://www.medifinder.ae/medical/networks/dubai-care/n5-op"
"Uptown Pharmacy (Al Shafar Group of Pharmacies)","Dubai","Pharmacy","mirdiff","","43392762","","","https://www.medifinder.ae/medical/networks/dubai-care/n5-op"
"Al Dorra Pharmacy (BR of Aster Al Shafar Pharmacies Group L.L.C)","Dubai","Pharmacy","jumeirah","","43478481","","","https://www.medifinder.ae/medical/networks/dubai-care/n5-op"
"Zest Wellness Pharmacy L Lc - Shj. BR","Sharjah","Pharmacy","al majaz 1","","65270457","","","https://www.medifinder.ae/medical/networks/dubai-care/n5-op"
"Zest Wellness Pharmacy LLC - Branch Of Abu Dhabi 1","Abu Dhabi","Pharmacy","","","25653462","","","https://www.medifinder.ae/medical/networks/dubai-care/n5-op"
"Mezyad Healthcare Center Pharmacy","Abu Dhabi","Pharmacy","sheik maktoum road","","28114321","","","https://www.medifinder.ae/medical/networks/dubai-care/n5-op"
"Qusahwira Medical Center Pharmacy (Adnoc Group)","Abu Dhabi","Pharmacy","al dhafra","","26023882","","","https://www.medifinder.ae/medical/networks/dubai-care/n5-op"
"West Polyclinic Al Ain Hospital Pharmacy  (SEHA)","Abu Dhabi","Pharmacy","al mutarid","","37022000","","","https://www.medifinder.ae/medical/networks/dubai-care/n5-op"
"Advanced Al Ain Pharmacy (Ainp)","Abu Dhabi","Pharmacy","al ain","","37513960","","","https://www.medifinder.ae/medical/networks/dubai-care/n5-op"
"Tibah Al Ain Pharmacy- Alain Pharmacy Group/ PF1016","Abu Dhabi","Pharmacy","al ain","","37544088","","","https://www.medifinder.ae/medical/networks/dubai-care/n5-op"
"Al Wagan Hospital Outpatient Pharmacy  (Seha)","Abu Dhabi","Pharmacy","al ain","","37677444","","","https://www.medifinder.ae/medical/networks/dubai-care/n5-op"
"Bawadi Al Ain Pharmacy- Alain Pharmacy Group/ PF1549","Abu Dhabi","Pharmacy","al ain","","37840410","","","https://www.medifinder.ae/medical/networks/dubai-care/n5-op"
"Al Enaya Pharmacy LLC-Meena Pharmacy Group","Ajman","Pharmacy","ajman","","67492212","","","https://www.medifinder.ae/medical/networks/dubai-care/n5-op"
"New Medical Centre Pharmacy-Al Ain-NMC Group/PF1430","Abu Dhabi","Pharmacy","al ain","","37555999","","","https://www.medifinder.ae/medical/networks/dubai-care/n5-op"
"Medi Prime Pharmacy Rta (Rta HQ) -Al Rashidiya- Dubai","Dubai","Pharmacy","rashidiya","","47070999","","","https://www.medifinder.ae/medical/networks/dubai-care/n5-op"
"Bait Al Shifaa Pharmacy Ltd - Dubai BRANCH(FORMERLY Bait Al Shifaa New Pharmacy)","Dubai","Pharmacy","hor al anz","","42666464","","","https://www.medifinder.ae/medical/networks/dubai-care/n5-op"
"Medline Pharmacy L.L.C - Abu Dhabi - PF1766","Abu Dhabi","Pharmacy","musafah","","25530577","","","https://www.medifinder.ae/medical/networks/dubai-care/n5-op"
"Topcare Pharmacy Al Jadeeda L.L.C - Ajman (Al Neem Group)","Ajman","Pharmacy","ajman","","67455223","","","https://www.medifinder.ae/medical/networks/dubai-care/n5-op"
"Emerald Pharmacy LLC-PF2649-AUH","Abu Dhabi","Pharmacy","mussafah","","25554165","","","https://www.medifinder.ae/medical/networks/dubai-care/n5-op"
"Planet Pharmacy-Br1-Npcc-Planet Pharmacy","Abu Dhabi","Pharmacy","abu dhabi","","25549055","","","https://www.medifinder.ae/medical/networks/dubai-care/n5-op"
"Bader Pharmacy - Dubai","Dubai","Pharmacy","karama","","43348129","","","https://www.medifinder.ae/medical/networks/dubai-care/n5-op"
"Mariam Pharmacy","Dubai","Pharmacy","bur dubai","","43975581","","","https://www.medifinder.ae/medical/networks/dubai-care/n5-op"
"Al Dabbayia Pharmacy","Abu Dhabi","Pharmacy","dhabiyya","","26023882","","","https://www.medifinder.ae/medical/networks/dubai-care/n5-op"
"Atlas Pharmacy-Meena Pharmacy Group","Sharjah","Pharmacy","sharjah","","65235676","","","https://www.medifinder.ae/medical/networks/dubai-care/n5-op"
"Ibn Al Haitham Pharmacy","Dubai","Pharmacy","karama","","43964040","","","https://www.medifinder.ae/medical/networks/dubai-care/n5-op"
"Fajar Alsatwa Pharmacy LLC - Dubai","Dubai","Pharmacy","satwa","","42981526","","","https://www.medifinder.ae/medical/networks/dubai-care/n5-op"
"Onyx Pharmacy","Dubai","Pharmacy","business bay","","44564583","","","https://www.medifinder.ae/medical/networks/dubai-care/n5-op"
"Al Maleha Pharmacy","Sharjah","Pharmacy","dhaid","","68826855","","","https://www.medifinder.ae/medical/networks/dubai-care/n5-op"
"Elite Modern Pharmacy","Abu Dhabi","Pharmacy","abu dhabi","","24494209","","","https://www.medifinder.ae/medical/networks/dubai-care/n5-op"
"Gigi Pharmacy","Dubai","Pharmacy","deira","","42666797","","","https://www.medifinder.ae/medical/networks/dubai-care/n5-op"
"Al Hala Pharmacy LLC, Altaawun-Bait Al Maqdes GRP","Sharjah","Pharmacy","al taawun","","65523663","","","https://www.medifinder.ae/medical/networks/dubai-care/n5-op"
"Al Qassimiah Pharmacy LLC-Meena Pharmacy Group","Sharjah","Pharmacy","sharjah","","65310177","","","https://www.medifinder.ae/medical/networks/dubai-care/n5-op"
"Tayba Pharmacy","Fujairah","Pharmacy","fujairah","","92564749","","","https://www.medifinder.ae/medical/networks/dubai-care/n5-op"
"Alahlya Grand Pharmacy","Abu Dhabi","Pharmacy","abu dhabi","","24498382","","","https://www.medifinder.ae/medical/networks/dubai-care/n5-op"
"Al Corniche Pharmacy - Dubai","Dubai","Pharmacy","jumeirah","","43447220","","","https://www.medifinder.ae/medical/networks/dubai-care/n5-op"
"Al Ahrar Pharmacy- Shj - Pharmaethics Group","Sharjah","Pharmacy","sharjah","","65520003","","","https://www.medifinder.ae/medical/networks/dubai-care/n5-op"
"Al Nasr Pharmacy","Sharjah","Pharmacy","khorfakan","","92384188","","","https://www.medifinder.ae/medical/networks/dubai-care/n5-op"
"DAS MEDICAL CENTER PHARMACY","Abu Dhabi","Pharmacy","al dhafrah","","26023882","","","https://www.medifinder.ae/medical/networks/dubai-care/n5-op"
"Oxford Pharmacy","Abu Dhabi","Pharmacy","abu dhabi","","24489191","","","https://www.medifinder.ae/medical/networks/dubai-care/n5-op"
"Al Saif Pharmacy Br1 - Al Rabee Clinic Group","Sharjah","Pharmacy","sharjah","","65391300","","","https://www.medifinder.ae/medical/networks/dubai-care/n5-op"
"Abu Al-Abyad Clinic O.P. Pharmacy","Abu Dhabi","Pharmacy","gharbia","","37461951","","","https://www.medifinder.ae/medical/networks/dubai-care/n5-op"
"Abu Dhabi Refinery Pharmacy","Abu Dhabi","Pharmacy","airport road","","26023882","","","https://www.medifinder.ae/medical/networks/dubai-care/n5-op"
"Abwab Bait Al Maqdes Pharmacy LLC, Al Khan -Bait Al Maqdes GRP","Sharjah","Pharmacy","al khan","","65565363","","","https://www.medifinder.ae/medical/networks/dubai-care/n5-op"
"Access Pharmacy 2 (BR of Aster Pharmacies Group LLC)","Dubai","Pharmacy","muhaisnah","","42672946","","","https://www.medifinder.ae/medical/networks/dubai-care/n5-op"
"Access Pharmacy 3 (BR of Aster Pharmacies Group LLC)","Dubai","Pharmacy","dip 2","","42672946","","","https://www.medifinder.ae/medical/networks/dubai-care/n5-op"
"Access Pharmacy Ajman-Aster Pharmacies Group","Ajman","Pharmacy","industrial area","","67462011","","","https://www.medifinder.ae/medical/networks/dubai-care/n5-op"
"Access Pharmacy BR of Aster Pharmacies Group LLC-Aster Group","Dubai","Pharmacy","al quoz","","43807218","","","https://www.medifinder.ae/medical/networks/dubai-care/n5-op"
"Adnoc Onshore Medical Center Pharmacy","Abu Dhabi","Pharmacy","al khalidiyah","","26023882","","","https://www.medifinder.ae/medical/networks/dubai-care/n5-op"
"Advanced Care Pharmacy(Advanced Grp)","Dubai","Pharmacy","al quoz","","43307120","","","https://www.medifinder.ae/medical/networks/dubai-care/n5-op"
"Advanced Care Plus Pharmacy LLC - DXB","Dubai","Pharmacy","jebel ali","","48829700","","","https://www.medifinder.ae/medical/networks/dubai-care/n5-op"
"Aknaf Bait Al Maqdes Pharmacy LLC","Sharjah","Pharmacy","al majaz","","65500602","","","https://www.medifinder.ae/medical/networks/dubai-care/n5-op"
"Al Abrar Pharmacy - Ras Al Khaimah (Neem Group)","Ras Al Khaimah","Pharmacy","hamra","","72080157","","","https://www.medifinder.ae/medical/networks/dubai-care/n5-op"
"Al Ahalia National Pharmacy LLC - Branch1 - PF2777 - Abu Dhabi - Ahalia Group","Abu Dhabi","Pharmacy","abu dhabi","","28119119","","","https://www.medifinder.ae/medical/networks/dubai-care/n5-op"
"Al Ahlia National Pharmacy LLC-Ahalia Group-Abu Dhabi/PF2662","Abu Dhabi","Pharmacy","mussafah","","28119151","","","https://www.medifinder.ae/medical/networks/dubai-care/n5-op"
"Al Ahlia Pharmacy","Abu Dhabi","Pharmacy","muroor","","24486276","","","https://www.medifinder.ae/medical/networks/dubai-care/n5-op"
"Al Ahlia Pharmacy, RAK Branch (Ahalia Group)","Ras Al Khaimah","Pharmacy","ras al khaimah","","72275993","","","https://www.medifinder.ae/medical/networks/dubai-care/n5-op"
"Al Ahliah Pharmacy","Sharjah","Pharmacy","sharjah","","65313698","","","https://www.medifinder.ae/medical/networks/dubai-care/n5-op"
"Al Ain Hospital Inpatient Pharmacy","Abu Dhabi","Pharmacy","al mutarid","","37022000","","","https://www.medifinder.ae/medical/networks/dubai-care/n5-op"
"Al Ain Pharmacy LLC Branch 1","Abu Dhabi","Pharmacy","al ain","","37655120","","","https://www.medifinder.ae/medical/networks/dubai-care/n5-op"
"Al Ain Pharmacy Zakher LLC","Abu Dhabi","Pharmacy","al ain","","37807767","","","https://www.medifinder.ae/medical/networks/dubai-care/n5-op"
"Al Azhar Al Jadeeda Pharmacy - Jebel Ali","Dubai","Pharmacy","jebel ali","","48858374","","","https://www.medifinder.ae/medical/networks/dubai-care/n5-op"
"Al Azhar Pharmacy-Dip -1 (Ex-Al Azhar Pharmacy)","Dubai","Pharmacy","dubai investment park","","48858374","","","https://www.medifinder.ae/medical/networks/dubai-care/n5-op"
"Al Bateen Healthcare Center Pharmacy","Abu Dhabi","Pharmacy","abu dhabi","","28116311","","","https://www.medifinder.ae/medical/networks/dubai-care/n5-op"
"Al Bustan Pharmacy","Ajman","Pharmacy","ajman","","67447969","","","https://www.medifinder.ae/medical/networks/dubai-care/n5-op"
"Al Corniche Hospital Pharmacy","Abu Dhabi","Pharmacy","abu dhabi","","26724900","","","https://www.medifinder.ae/medical/networks/dubai-care/n5-op"
"Al Dharfa Famili Medicine Center Pharmacy","Abu Dhabi","Pharmacy","gharbia","","28070000","","","https://www.medifinder.ae/medical/networks/dubai-care/n5-op"
"Al Elaj Pharmacy LLC","Sharjah","Pharmacy","sharjah","","65583058","","","https://www.medifinder.ae/medical/networks/dubai-care/n5-op"
"Al Falah Healthcare Center Pharmacy-SEHA-PF3022","Abu Dhabi","Pharmacy","abu dhabi","","27113233","","","https://www.medifinder.ae/medical/networks/dubai-care/n5-op"
"Al Faqa Healthcare Center Pharmacy","Abu Dhabi","Pharmacy","abu dhabi","","37461890","","","https://www.medifinder.ae/medical/networks/dubai-care/n5-op"
"Al Fares Pharmacy (Bait Al Maqdes)","Sharjah","Pharmacy","al mamzar","","65304212","","","https://www.medifinder.ae/medical/networks/dubai-care/n5-op"
"Al Hayer Healthcare Center Pharmacy","Abu Dhabi","Pharmacy","abu dhabi","","37461401","","","https://www.medifinder.ae/medical/networks/dubai-care/n5-op"
"Al Jahili Healthcare Center Pharmacy (SEHA)","Abu Dhabi","Pharmacy","al ain","","37462021","","","https://www.medifinder.ae/medical/networks/dubai-care/n5-op"
"Al Jameya Al Taawenya Pharmacy","Dubai","Pharmacy","karama","","43986302","","","https://www.medifinder.ae/medical/networks/dubai-care/n5-op"
"Al Khaleej Pharmacy","Ajman","Pharmacy","rashidiya 3","","67444189","","","https://www.medifinder.ae/medical/networks/dubai-care/n5-op"
"Al Khatim Healthcarecenter Pharmacy- SEHA/PF1553","Abu Dhabi","Pharmacy","abu dhabi","","","","","https://www.medifinder.ae/medical/networks/dubai-care/n5-op"
"Al Majaz Pharmacy","Sharjah","Pharmacy","sharjah","","65599799","","","https://www.medifinder.ae/medical/networks/dubai-care/n5-op"
"Al Manara Al Ruwais Pharmacy","Abu Dhabi","Pharmacy","abu dhabi","","28760210","","","https://www.medifinder.ae/medical/networks/dubai-care/n5-op"
"Al Manara Garden Pharmacy","Dubai","Pharmacy","jebel ali","","43669940","","","https://www.medifinder.ae/medical/networks/dubai-care/n5-op"
"Al Manara Global Pharmacy (Zayed Port ) Abu Dhabi","Abu Dhabi","Pharmacy","abu dhabi","","26734777","","","https://www.medifinder.ae/medical/networks/dubai-care/n5-op"
"Al Manara Jareena Pharmacy","Sharjah","Pharmacy","sharjah","","65453206","","","https://www.medifinder.ae/medical/networks/dubai-care/n5-op"
"AL MANARA PHARMACY","Abu Dhabi","Pharmacy","abu dhabi","","26269966","","","https://www.medifinder.ae/medical/networks/dubai-care/n5-op"
"Al Manara Pharmacy (Fujairah)-Manara Group","Fujairah","Pharmacy","fujairah","","92234792","","","https://www.medifinder.ae/medical/networks/dubai-care/n5-op"
"Al Manara Pharmacy (Riggat Al Buteen) Dubai","Dubai","Pharmacy","deira","","46814644","","","https://www.medifinder.ae/medical/networks/dubai-care/n5-op"
"Al Manara Pharmacy Branch Silicon Oasis","Dubai","Pharmacy","dubai silicon oasis","","43330554","","","https://www.medifinder.ae/medical/networks/dubai-care/n5-op"
"Al Manara Pharmacy Remal Mall (Majan) Dubai","Dubai","Pharmacy","majan","","43337146","","","https://www.medifinder.ae/medical/networks/dubai-care/n5-op"
"Al Manara Sunset Mall (Jumeirah 3) Dubai","Dubai","Pharmacy","jumeirah","","43881820","","","https://www.medifinder.ae/medical/networks/dubai-care/n5-op"
"Al Manarah Pharmacy","Sharjah","Pharmacy","sharjah","","65774665","","","https://www.medifinder.ae/medical/networks/dubai-care/n5-op"
"Al Manzil Al Jadeed Pharmacy LLC","Dubai","Pharmacy","ras al khor","","67432297","","","https://www.medifinder.ae/medical/networks/dubai-care/n5-op"
"Al Mawadah Pharmacy","Sharjah","Pharmacy","sharjah","","65744878","","","https://www.medifinder.ae/medical/networks/dubai-care/n5-op"
"Al Musalla Pharmacy - Sharjah","Sharjah","Pharmacy","rolla","","65616136","","","https://www.medifinder.ae/medical/networks/dubai-care/n5-op"
"Al Musalla Pharmacy LLC (Souq)  Ajman","Ajman","Pharmacy","ajman","","67421721","","","https://www.medifinder.ae/medical/networks/dubai-care/n5-op"
"Al Mushrif Children's Specialty Centre Pharmacy","Abu Dhabi","Pharmacy","mushrif area","","28191568","","","https://www.medifinder.ae/medical/networks/dubai-care/n5-op"
"Al Nakheel Pharmacy (Nakheel)","Ras Al Khaimah","Pharmacy","ras al khaimah","","72226821","","","https://www.medifinder.ae/medical/networks/dubai-care/n5-op"
"Al Nas Pharmacy L.L.C - Sharjah (Al Neem Group)","Sharjah","Pharmacy","sharjah","","505486313","","","https://www.medifinder.ae/medical/networks/dubai-care/n5-op"
"Al Neem Grand Pharmacy LLC - Dubai (Al Neem Group)","Dubai","Pharmacy","muhaisnah","","42237770","","","https://www.medifinder.ae/medical/networks/dubai-care/n5-op"
"Al Neem Pharmacy - Jafza South - Dubai","Dubai","Pharmacy","jafza","","48809667","","","https://www.medifinder.ae/medical/networks/dubai-care/n5-op"
"Al NEEM PHARMACY LLC  UMM AL QUWAIN  ZNEEM PHARMACY GROUP","Umm Al Quwain","Pharmacy","umm al quwain","","67675263","","","https://www.medifinder.ae/medical/networks/dubai-care/n5-op"
"Al Neem Pharmacy LLC branch (Medon)","Dubai","Pharmacy","international city","","43697130","","","https://www.medifinder.ae/medical/networks/dubai-care/n5-op"
"Al Nuaimia Pharmacy - Al Gharafa Ajman","Ajman","Pharmacy","ajman","","67467871","","","https://www.medifinder.ae/medical/networks/dubai-care/n5-op"
"Al Qoze Pharmacy (Medshop) - (Moopen's Group)","Dubai","Pharmacy","al quoz","","43384404","","","https://www.medifinder.ae/medical/networks/dubai-care/n5-op"
"Al Quaa Healthcare Center Pharmacy","Abu Dhabi","Pharmacy","al ain","","37462321","","","https://www.medifinder.ae/medical/networks/dubai-care/n5-op"
"Al Rahba Hospital Pharmacy-Inpatient Pharmacy","Abu Dhabi","Pharmacy","abu dhabi","","25064444","","","https://www.medifinder.ae/medical/networks/dubai-care/n5-op"
"Al Rayah Pharmacy LLC - Sharjah (Novo Healthcare Group)","Sharjah","Pharmacy","sharjah","","65770432","","","https://www.medifinder.ae/medical/networks/dubai-care/n5-op"
"Al Roda Pharmacy Llc (Ainp)","Abu Dhabi","Pharmacy","al jimi","","37633770","","","https://www.medifinder.ae/medical/networks/dubai-care/n5-op"
"Al Ruayah Pharmacy LLC - Sharjah (Novo Healthcare Group)","Sharjah","Pharmacy","sharjah","","65463681","","","https://www.medifinder.ae/medical/networks/dubai-care/n5-op"
"Al Saha & Al Jamal Pharmacy- Al Hikma Group","Sharjah","Pharmacy","sharjah","","65210090","","","https://www.medifinder.ae/medical/networks/dubai-care/n5-op"
"Al Sajaa Pharmacy LLC-Meena Pharmacy Group","Sharjah","Pharmacy","sharjah","","65310199","","","https://www.medifinder.ae/medical/networks/dubai-care/n5-op"
"Al Sama Al Safia Pharmacy LLC","Sharjah","Pharmacy","rolla","","65217338","","","https://www.medifinder.ae/medical/networks/dubai-care/n5-op"
"Al Sanaiya Pharmacy -Sole Proprietorship L.L.C (Right Health Group)","Ajman","Pharmacy","jurf","","8007400","","","https://www.medifinder.ae/medical/networks/dubai-care/n5-op"
"Al Saqer Pharmacy - Al Gharafa Ajman","Ajman","Pharmacy","al bustan","","67488329","","","https://www.medifinder.ae/medical/networks/dubai-care/n5-op"
"Al SEHA Al Kubra Pharmacy LLC","Sharjah","Pharmacy","al shahaba","","65721213","","","https://www.medifinder.ae/medical/networks/dubai-care/n5-op"
"Al SEHA Al Kubra Pharmacy LLC Al Quoz 4-Dubai","Dubai","Pharmacy","al quoz","","43219926","","","https://www.medifinder.ae/medical/networks/dubai-care/n5-op"
"Al Shams Pharmacy LLC, Ras Al Khaimah (Al Shams Group)","Ras Al Khaimah","Pharmacy","ras al khaimah","","72589301","","","https://www.medifinder.ae/medical/networks/dubai-care/n5-op"
"Al Sharq Hospital - Dibba Pharmacy","Fujairah","Pharmacy","dibba","","92773200","","","https://www.medifinder.ae/medical/networks/dubai-care/n5-op"
"Al Sharq Hospital Pharmacy Fujairah (Al Sharq Group)","Fujairah","Pharmacy","al faseel","","92059940","","","https://www.medifinder.ae/medical/networks/dubai-care/n5-op"
"Al Shualla Pharmacy","Sharjah","Pharmacy","sharjah","","65313648","","","https://www.medifinder.ae/medical/networks/dubai-care/n5-op"
"Al Shueib Healthcare Center Pharmacy","Abu Dhabi","Pharmacy","abu dhabi","","37461811","","","https://www.medifinder.ae/medical/networks/dubai-care/n5-op"
"Al Tadawi Pharmacy - PF2542","Abu Dhabi","Pharmacy","western region","","28844222","","","https://www.medifinder.ae/medical/networks/dubai-care/n5-op"
"Al Wafa Pharmacy (Noora Group)","Sharjah","Pharmacy","sharjah","","65331139","","","https://www.medifinder.ae/medical/networks/dubai-care/n5-op"
"Al Wagan Hospital Pharmacy","Abu Dhabi","Pharmacy","abu dhabi","","37461650","","","https://www.medifinder.ae/medical/networks/dubai-care/n5-op"
"Al Watania Pharmacy","Ras Al Khaimah","Pharmacy","ras al khaimah","","72355767","","","https://www.medifinder.ae/medical/networks/dubai-care/n5-op"
"Al Yahar Healthcare Center Pharmacy","Abu Dhabi","Pharmacy","al ain","","37462561","","","https://www.medifinder.ae/medical/networks/dubai-care/n5-op"
"Alico Advanced Care Pharmacy LLC Dubai Investment Park First","Dubai","Pharmacy","dip 1","","43961255","","","https://www.medifinder.ae/medical/networks/dubai-care/n5-op"
"All Care Pharmacy LLC-Abudhabi-PF2926","Abu Dhabi","Pharmacy","abu dhabi","","26722758","","","https://www.medifinder.ae/medical/networks/dubai-care/n5-op"
"Almanara Pharmacy Boutik Mall","Abu Dhabi","Pharmacy","al ain","","37644117","","","https://www.medifinder.ae/medical/networks/dubai-care/n5-op"
"Almanara Pharmacy-Al Bawadi Mall","Abu Dhabi","Pharmacy","al ain","","37848802","","","https://www.medifinder.ae/medical/networks/dubai-care/n5-op"
"ALNEEM PHARMACY BRANCH","Dubai","Pharmacy","jebel ali","","48876650","","","https://www.medifinder.ae/medical/networks/dubai-care/n5-op"
"Alpha Care Pharmacy L.L.C., AUH (Alpha Medical Group) PF3000","Abu Dhabi","Pharmacy","musaffah","","25558383","","","https://www.medifinder.ae/medical/networks/dubai-care/n5-op"
"Alpha Pharmacy (Auh)","Abu Dhabi","Pharmacy","abu dhabi","","26440044","","","https://www.medifinder.ae/medical/networks/dubai-care/n5-op"
"Anwar Bait Al Maqdes Pharmacy LLC","Sharjah","Pharmacy","muwaileh","","65426300","","","https://www.medifinder.ae/medical/networks/dubai-care/n5-op"
"Apple Care Pharmacy LLC Branch (Greece Cluster)","Dubai","Pharmacy","international city","","44322568","","","https://www.medifinder.ae/medical/networks/dubai-care/n5-op"
"Arabian Pharmacy.","Sharjah","Pharmacy","sharjah","","65431763","","","https://www.medifinder.ae/medical/networks/dubai-care/n5-op"
"Aster Al Buhairah Pharmacy-Aster Pharmacy Group","Sharjah","Pharmacy","al buhairah","","65444542","","","https://www.medifinder.ae/medical/networks/dubai-care/n5-op"
"Aster Alshafar Pharmacy (BR of Aster Al Shafar Pharmacies Group L.L.C) (Formerly Lamcy Pharmacy)","Dubai","Pharmacy","muhaisnah","","42201489","","","https://www.medifinder.ae/medical/networks/dubai-care/n5-op"
"Aster Day Surgery Centre Pharmacy ( Kuwaiti St) Dubai","Dubai","Pharmacy","bur dubai","","43814987","","","https://www.medifinder.ae/medical/networks/dubai-care/n5-op"
"Aster Dcc Pharmacyllc-Deirra City Center","Dubai","Pharmacy","deira","","42210732","","","https://www.medifinder.ae/medical/networks/dubai-care/n5-op"
"Aster Dip Pharmacy LLC (Br.Aster Pharmacy LLC)","Dubai","Pharmacy","dip 1","","48800996","","","https://www.medifinder.ae/medical/networks/dubai-care/n5-op"
"Aster Grand Pharmacy L.L.C (BR of Aster Pharmacies Group L.L.C)","Dubai","Pharmacy","al nahda","","42505712","","","https://www.medifinder.ae/medical/networks/dubai-care/n5-op"
"Aster Healthcare Hyper Market (BR of Aster Pharmacies Group LLC)","Dubai","Pharmacy","mankhool","","42505712","","","https://www.medifinder.ae/medical/networks/dubai-care/n5-op"
"Aster Hospital Pharmacy Sonapur LLC,MUHAISANAH (DM Healthcare)","Dubai","Pharmacy","muhaisnah","","44400500","","","https://www.medifinder.ae/medical/networks/dubai-care/n5-op"
"Aster medical centre  Arabian Ranches Pharmacy Br of DM Healthcare LLC","Dubai","Pharmacy","dubai","","43092900","","","https://www.medifinder.ae/medical/networks/dubai-care/n5-op"
"Aster Medical Centre Pharmacy Al Muhaisna BR of DM Healthcare LLC - Dubai","Dubai","Pharmacy","muhaisnah 4","","45479070","","","https://www.medifinder.ae/medical/networks/dubai-care/n5-op"
"Aster Pharmacies Group L.L.C - Abu Dhabi Branch 15","Abu Dhabi","Pharmacy","","","26355490","","","https://www.medifinder.ae/medical/networks/dubai-care/n5-op"
"Aster Pharmacies Group L.L.C - Abu Dhabi Branch 15","Abu Dhabi","Pharmacy","abu dhabi","","26431619","","","https://www.medifinder.ae/medical/networks/dubai-care/n5-op"
"Aster Pharmacies Group L.L.C - Abu Dhabi Branch 15","Abu Dhabi","Pharmacy","airport road","","26274688","","","https://www.medifinder.ae/medical/networks/dubai-care/n5-op"
"Aster Pharmacies Group L.L.C - Branch Of Abu Dhabi 16","Abu Dhabi","Pharmacy","al ain","","437342126","","","https://www.medifinder.ae/medical/networks/dubai-care/n5-op"
"Aster Pharmacies Group L.L.C - Branch Of Abu Dhabi 17","Abu Dhabi","Pharmacy","al wazn st","","425620147","","","https://www.medifinder.ae/medical/networks/dubai-care/n5-op"
"Aster Pharmacies Group L.L.C - Branch Of Abu Dhabi 18","Abu Dhabi","Pharmacy","","","25845609","","","https://www.medifinder.ae/medical/networks/dubai-care/n5-op"
"Aster Pharmacies Group L.L.C - Branch of Abu Dhabi 19","Abu Dhabi","Pharmacy","","","25837390","","","https://www.medifinder.ae/medical/networks/dubai-care/n5-op"
"Aster Pharmacies Group L.L.C - Branch of Abu Dhabi 21","Abu Dhabi","Pharmacy","","","28846576","","","https://www.medifinder.ae/medical/networks/dubai-care/n5-op"
"Aster Pharmacies Group L.L.C (Branch of Dubai) Branch of Abu Dhabi 12","Abu Dhabi","Pharmacy","al ain","","37620142","","","https://www.medifinder.ae/medical/networks/dubai-care/n5-op"
"Aster Pharmacies Group L.L.C Branch Abu Dhabi 10","Abu Dhabi","Pharmacy","electra","","28868770","","","https://www.medifinder.ae/medical/networks/dubai-care/n5-op"
"Aster Pharmacies Group LLC - Shj. BR - Branch 6","Sharjah","Pharmacy","muweilah","","65748975","","","https://www.medifinder.ae/medical/networks/dubai-care/n5-op"
"Aster Pharmacies Group LLC - Shj. Br - Branch 8","Sharjah","Pharmacy","al majaz 3","","65755178","","","https://www.medifinder.ae/medical/networks/dubai-care/n5-op"
"Aster Pharmacies Group LLC - Shj.Br - Branch 7","Sharjah","Pharmacy","al ruqayba 4","","65263317","","","https://www.medifinder.ae/medical/networks/dubai-care/n5-op"
"Aster Pharmacies Group LLC -SHJ BR","Sharjah","Pharmacy","kalba","","96061832","","","https://www.medifinder.ae/medical/networks/dubai-care/n5-op"
"Aster Pharmacies Group LLC -SHJ BR -Branch 4","Sharjah","Pharmacy","sajah","","65466057","","","https://www.medifinder.ae/medical/networks/dubai-care/n5-op"
"Aster Pharmacies Group LLC (Dmcc Branch)","Dubai","Pharmacy","jumeirah lakes towers","","45917109","","","https://www.medifinder.ae/medical/networks/dubai-care/n5-op"
"Aster Pharmacies Group LLC (Dmcc Branch)","Dubai","Pharmacy","jlt","","43092900","","","https://www.medifinder.ae/medical/networks/dubai-care/n5-op"
"Aster Pharmacies Group LLC Branch 1 - Ras Al Khaimah","Ras Al Khaimah","Pharmacy","ras al khaimah","","72681224","","","https://www.medifinder.ae/medical/networks/dubai-care/n5-op"
"Aster Pharmacies Group LLC Branch 2","Ras Al Khaimah","Pharmacy","al dhaid","","72361664","","","https://www.medifinder.ae/medical/networks/dubai-care/n5-op"
"Aster Pharmacies Group LLC Branch Abu Dhabi 13 (Aster Group)","Abu Dhabi","Pharmacy","abu dhabi","","25858396","","","https://www.medifinder.ae/medical/networks/dubai-care/n5-op"
"Aster Pharmacies Group LLC Branch of Abu Dhabi 4","Abu Dhabi","Pharmacy","abu dhabi","","24478482","","","https://www.medifinder.ae/medical/networks/dubai-care/n5-op"
"Aster Pharmacies Group LLC Fujairah Branch 2 (Mraisheed Road)","Fujairah","Pharmacy","mraisheed","","92348765","","","https://www.medifinder.ae/medical/networks/dubai-care/n5-op"
"Aster Pharmacies Group LLC RAK Branch","Ras Al Khaimah","Pharmacy","ras al khaimah","","72352213","","","https://www.medifinder.ae/medical/networks/dubai-care/n5-op"
"Aster pharmacies Group LLC UAQ Branch (Al Makta)  UAQ","Umm Al Quwain","Pharmacy","green belt","","65275126","","","https://www.medifinder.ae/medical/networks/dubai-care/n5-op"
"Aster Pharmacies Group LLC- Branch of Abu Dhabi 7","Abu Dhabi","Pharmacy","khalidiya","","26395140","","","https://www.medifinder.ae/medical/networks/dubai-care/n5-op"
"Aster Pharmacies Group LLC- Branch of Abudhabi 2","Abu Dhabi","Pharmacy","elektra","","26279989","","","https://www.medifinder.ae/medical/networks/dubai-care/n5-op"
"Aster Pharmacies Group LLC- Shj BR Branch 1 - Sharjah (BR of Aster Pharmacy Group)","Sharjah","Pharmacy","swaihat","","65465240","","","https://www.medifinder.ae/medical/networks/dubai-care/n5-op"
"Aster Pharmacies Group LLC- Shj BR- Branch 2 - Sharjah","Sharjah","Pharmacy","muwailah","","65321063","","","https://www.medifinder.ae/medical/networks/dubai-care/n5-op"
"Aster Pharmacies Group LLC- Shj BR- Branch 3 - Sharjah","Sharjah","Pharmacy","al wahda","","65950110","","","https://www.medifinder.ae/medical/networks/dubai-care/n5-op"
"Aster Pharmacies Group LLC- Shj BR- Branch 5 - Sharjah","Sharjah","Pharmacy","muwailah","","65538496","","","https://www.medifinder.ae/medical/networks/dubai-care/n5-op"
"Aster Pharmacies Group LLC-Abu Dhabi 3","Abu Dhabi","Pharmacy","abu dhabi","","26229870","","","https://www.medifinder.ae/medical/networks/dubai-care/n5-op"
"Aster Pharmacies Group LLC-Branch - Expo 2020 (BR of Aster Pharmacy Group)","Dubai","Pharmacy","expo 2020","","45477218","","","https://www.medifinder.ae/medical/networks/dubai-care/n5-op"
"Aster Pharmacies Group LLC-Branch of Abu Dhabi 5-Abu Dhabi-PF2842","Abu Dhabi","Pharmacy","electra","","24489240","","","https://www.medifinder.ae/medical/networks/dubai-care/n5-op"
"Aster Pharmacies Group LLC-Branch of Abu Dhabi 6-Abu Dhabi-PF2860","Abu Dhabi","Pharmacy","musaffah","","25502429","","","https://www.medifinder.ae/medical/networks/dubai-care/n5-op"
"Aster Pharmacies GRP LLC-BR-Abudhabi 1","Abu Dhabi","Pharmacy","abu dhabi","","26437625","","","https://www.medifinder.ae/medical/networks/dubai-care/n5-op"
"Aster Pharmacy","Sharjah","Pharmacy","sharjah","","65445001","","","https://www.medifinder.ae/medical/networks/dubai-care/n5-op"
"Aster Pharmacy (Ajman Co-Op.) Ajman","Ajman","Pharmacy","rashidiya 1","","67496363","","","https://www.medifinder.ae/medical/networks/dubai-care/n5-op"
"Aster Pharmacy (Hamad Bin Abdulla Rd) Fujairah","Fujairah","Pharmacy","mraisheed","","92238322","","","https://www.medifinder.ae/medical/networks/dubai-care/n5-op"
"Aster Pharmacy 1 (BR of Aster Pharmacies Group L.L.C)","Dubai","Pharmacy","bur dubai","","43863800","","","https://www.medifinder.ae/medical/networks/dubai-care/n5-op"
"Aster Pharmacy 101 (BR of Aster Pharmacies Group L.L.C.) (DM Healthcare Group)-DXB","Dubai","Pharmacy","al qusais","","42382342","","","https://www.medifinder.ae/medical/networks/dubai-care/n5-op"
"Aster Pharmacy 102 (BR of Aster Pharmacy L.L.C.)-DR.MOOPEN'S","Dubai","Pharmacy","al qusais","","42610833","","","https://www.medifinder.ae/medical/networks/dubai-care/n5-op"
"Aster Pharmacy 103 (BR of Aster Pharmacies Group LLC)","Dubai","Pharmacy","international city","","42765802","","","https://www.medifinder.ae/medical/networks/dubai-care/n5-op"
"Aster Pharmacy 104 (BR of Aster Pharmacies Group L.L.C)","Dubai","Pharmacy","al warqa","","42829440","","","https://www.medifinder.ae/medical/networks/dubai-care/n5-op"
"Aster Pharmacy 104 (BR of Aster Pharmacies Group LLC)","Dubai","Pharmacy","international city","","42775973","","","https://www.medifinder.ae/medical/networks/dubai-care/n5-op"
"Aster Pharmacy 105 (BR of Aster Pharmacies Group LLC)","Dubai","Pharmacy","international city","","42275972","","","https://www.medifinder.ae/medical/networks/dubai-care/n5-op"
"Aster Pharmacy 106-Sharjah","Sharjah","Pharmacy","al nahda","","65749669","","","https://www.medifinder.ae/medical/networks/dubai-care/n5-op"
"Aster Pharmacy 107","Sharjah","Pharmacy","sharjah","","65734704","","","https://www.medifinder.ae/medical/networks/dubai-care/n5-op"
"Aster Pharmacy 108- Sharjah","Sharjah","Pharmacy","sharjah","","65610012","","","https://www.medifinder.ae/medical/networks/dubai-care/n5-op"
"Aster Pharmacy 109 (BR of Aster Pharmacies Group L.L.C)","Dubai","Pharmacy","mirdiff","","44582727","","","https://www.medifinder.ae/medical/networks/dubai-care/n5-op"
"Aster Pharmacy 110 (BR of Aster Pharmacies Group L.L.C)","Dubai","Pharmacy","oud metha","","43963158","","","https://www.medifinder.ae/medical/networks/dubai-care/n5-op"
"Aster Pharmacy 111 (BR of Aster Pharmacies Group L.L.C)","Dubai","Pharmacy","muhaisnah","","42593195","","","https://www.medifinder.ae/medical/networks/dubai-care/n5-op"
"ASTER PHARMACY 113 (Br of Aster Pharmacies Group LLC), DUBAI","Dubai","Pharmacy","mirdiff","","42839542","","","https://www.medifinder.ae/medical/networks/dubai-care/n5-op"
"Aster Pharmacy 114 (BR of Aster Pharmacies Group L.L.C)","Dubai","Pharmacy","al barsha","","43851450","","","https://www.medifinder.ae/medical/networks/dubai-care/n5-op"
"Aster Pharmacy 115 (BR of Aster Pharmacies Group L.L.C)","Dubai","Pharmacy","discovery gardens","","45546021","","","https://www.medifinder.ae/medical/networks/dubai-care/n5-op"
"Aster Pharmacy 116 (BR of Aster Pharmacies Group L.L.C)","Dubai","Pharmacy","mirdiff","","42884190","","","https://www.medifinder.ae/medical/networks/dubai-care/n5-op"
"Aster Pharmacy 117 (BR of Aster Pharmacies Group L.L.C)","Dubai","Pharmacy","bur dubai","","43252882","","","https://www.medifinder.ae/medical/networks/dubai-care/n5-op"
"Aster Pharmacy 118 (BR of Aster Pharmacies Group L.L.C)","Dubai","Pharmacy","al nahda","","42393397","","","https://www.medifinder.ae/medical/networks/dubai-care/n5-op"
"Aster Pharmacy 119 (BR of Aster Pharmacies Group L.L.C)","Dubai","Pharmacy","meadows","","42672946","","","https://www.medifinder.ae/medical/networks/dubai-care/n5-op"
"Aster Pharmacy 121-Sharjah-Aster Pharmacies Group","Sharjah","Pharmacy","al nahda","","65544504","","","https://www.medifinder.ae/medical/networks/dubai-care/n5-op"
"Aster Pharmacy 122 - Dr. Moopen's Group","Sharjah","Pharmacy","sharjah","","65570996","","","https://www.medifinder.ae/medical/networks/dubai-care/n5-op"
"Aster Pharmacy 123 (BR of Aster Pharmacies Group L.L.C)","Dubai","Pharmacy","deira","","42731282","","","https://www.medifinder.ae/medical/networks/dubai-care/n5-op"
"Aster Pharmacy 124 (BR of Aster Pharmacies Group L.L.C)","Dubai","Pharmacy","marina","","45546282","","","https://www.medifinder.ae/medical/networks/dubai-care/n5-op"
"Aster Pharmacy 125- Sharjah","Sharjah","Pharmacy","sharjah","","65303016","","","https://www.medifinder.ae/medical/networks/dubai-care/n5-op"
"Aster Pharmacy 126 (BR of Aster Pharmacies Group L.L.C)","Dubai","Pharmacy","umm suqeim","","43952213","","","https://www.medifinder.ae/medical/networks/dubai-care/n5-op"
"Aster Pharmacy 127 (BR of Aster Pharmacies Group L.L.C)","Dubai","Pharmacy","marina","","45547096","","","https://www.medifinder.ae/medical/networks/dubai-care/n5-op"
"Aster Pharmacy 128 (BR of Aster Pharmacies Group L.L.C)","Dubai","Pharmacy","deira","","42672946","","","https://www.medifinder.ae/medical/networks/dubai-care/n5-op"
"Aster Pharmacy 129 (BR of Aster Pharmacies Group L.L.C)","Dubai","Pharmacy","satwa","","43590530","","","https://www.medifinder.ae/medical/networks/dubai-care/n5-op"
"Aster Pharmacy 130 (BR of Aster Pharmacies Group L.L.C)","Dubai","Pharmacy","dubai marina","","45586175","","","https://www.medifinder.ae/medical/networks/dubai-care/n5-op"
"Aster Pharmacy 131 (BR of Aster Pharmacies Group L.L.C)","Dubai","Pharmacy","al barsha","","43475733","","","https://www.medifinder.ae/medical/networks/dubai-care/n5-op"
"Aster Pharmacy 132 (BR of Aster Pharmacies Group L.L.C)","Dubai","Pharmacy","abu hail","","42692835","","","https://www.medifinder.ae/medical/networks/dubai-care/n5-op"
"Aster Pharmacy 133","Sharjah","Pharmacy","sharjah","","65619322","","","https://www.medifinder.ae/medical/networks/dubai-care/n5-op"
"Aster Pharmacy 134 (BR of Aster Pharmacies Group L.L.C)","Dubai","Pharmacy","al barsha","","43271483","","","https://www.medifinder.ae/medical/networks/dubai-care/n5-op"
"Aster Pharmacy 135 (BR of Aster Pharmacies Group L.L.C)","Dubai","Pharmacy","international city","","44511674","","","https://www.medifinder.ae/medical/networks/dubai-care/n5-op"
"Aster Pharmacy 136 (BR of Aster Pharmacies Group L.L.C)","Dubai","Pharmacy","bur dubai","","43808539","","","https://www.medifinder.ae/medical/networks/dubai-care/n5-op"
"Aster Pharmacy 138 (BR of Aster Pharmacies GRP) LLC-Dr Moope","Dubai","Pharmacy","bur dubai","","43315297","","","https://www.medifinder.ae/medical/networks/dubai-care/n5-op"
"Aster Pharmacy 139","Sharjah","Pharmacy","khorfakan","","62371315","","","https://www.medifinder.ae/medical/networks/dubai-care/n5-op"
"Aster Pharmacy 140 (BR of Aster Pharmacies Group)","Sharjah","Pharmacy","al majaz","","42505712","","","https://www.medifinder.ae/medical/networks/dubai-care/n5-op"
"Aster Pharmacy 142 (BR of Aster Pharmacies Group L.L.C)","Dubai","Pharmacy","al qusais","","42505712","","","https://www.medifinder.ae/medical/networks/dubai-care/n5-op"
"Aster Pharmacy 143(BR of Aster Pharmacies Group L.L.C)","Dubai","Pharmacy","motor city","","44430474","","","https://www.medifinder.ae/medical/networks/dubai-care/n5-op"
"Aster Pharmacy 144 (BR of Aster Pharmacies Group L.L.C)","Dubai","Pharmacy","hor al anz","","42212250","","","https://www.medifinder.ae/medical/networks/dubai-care/n5-op"
"Aster Pharmacy 145(BR of Aster Pharmacies Group L.L.C)","Dubai","Pharmacy","al karama","","42505712","","","https://www.medifinder.ae/medical/networks/dubai-care/n5-op"
"Aster Pharmacy 146(Br of Aster Pharmacies Group LLC)","Dubai","Pharmacy","bur dubai","","42505712","","","https://www.medifinder.ae/medical/networks/dubai-care/n5-op"
"Aster Pharmacy 147 BR of Aster Pharmacies Group LLC-Dr. Moopens","Dubai","Pharmacy","bur dubai","","43254026","","","https://www.medifinder.ae/medical/networks/dubai-care/n5-op"
"Aster Pharmacy 148(BR of Aster Pharmacies Group L.L.C)","Dubai","Pharmacy","karama","","43404005","","","https://www.medifinder.ae/medical/networks/dubai-care/n5-op"
"Aster Pharmacy 149 BR of Aster Pharmacies Group LLC - Dubai","Dubai","Pharmacy","karama","","43969469","","","https://www.medifinder.ae/medical/networks/dubai-care/n5-op"
"Aster Pharmacy 150 (BR of Aster Pharmacies Group L.L.C)","Dubai","Pharmacy","bur dubai","","43794306","","","https://www.medifinder.ae/medical/networks/dubai-care/n5-op"
"Aster Pharmacy 151 - Sharjah - BR of Aster Pharmacies Group LLC","Sharjah","Pharmacy","al tawoon","","65453109","","","https://www.medifinder.ae/medical/networks/dubai-care/n5-op"
"Aster Pharmacy 152 (BR of Aster Pharmacies Group L.L.C)","Dubai","Pharmacy","jafza","","48809102","","","https://www.medifinder.ae/medical/networks/dubai-care/n5-op"
"Aster Pharmacy 153","Sharjah","Pharmacy","sharjah","","65543020","","","https://www.medifinder.ae/medical/networks/dubai-care/n5-op"
"Aster Pharmacy 154 (BR of Aster Pharmacies Group LLC) - Ajman","Ajman","Pharmacy","rumaila-3","","67314840","","","https://www.medifinder.ae/medical/networks/dubai-care/n5-op"
"Aster Pharmacy 155 (BR of Aster Pharmacies Group L.L.C)","Dubai","Pharmacy","al muraqqabat","","42280204","","","https://www.medifinder.ae/medical/networks/dubai-care/n5-op"
"Aster Pharmacy 157 BR of Aster Pharmacies Group LLC-Dubai","Dubai","Pharmacy","al wasl","","43867820","","","https://www.medifinder.ae/medical/networks/dubai-care/n5-op"
"Aster Pharmacy 158 (BR of Aster Pharmacies Group L.L.C)","Dubai","Pharmacy","dip","","42438618","","","https://www.medifinder.ae/medical/networks/dubai-care/n5-op"
"Aster Pharmacy 159 (BR of Aster Pharmacies Group LLC) - Ajman","Ajman","Pharmacy","rashidiya 3","","67453226","","","https://www.medifinder.ae/medical/networks/dubai-care/n5-op"
"Aster Pharmacy 160 BR of Aster Pharmacies Group LLC - Dubai","Dubai","Pharmacy","dip 1","","48847176","","","https://www.medifinder.ae/medical/networks/dubai-care/n5-op"
"Aster Pharmacy 162 (BR of Aster Pharmacies Group L.L.C)","Dubai","Pharmacy","jvc","","44580678","","","https://www.medifinder.ae/medical/networks/dubai-care/n5-op"
"Aster Pharmacy 163 BR of Aster Pharmacies Group LLC - Ajman","Ajman","Pharmacy","hamidiya 1","","65461822","","","https://www.medifinder.ae/medical/networks/dubai-care/n5-op"
"Aster Pharmacy 164 BR of Aster Pharmacies Group LLC - Dubai","Dubai","Pharmacy","dubailand","","43208941","","","https://www.medifinder.ae/medical/networks/dubai-care/n5-op"
"Aster Pharmacy 165 BR of Aster Pharmacies Group LLC, Dubai Hills (Aster GRP)","Dubai","Pharmacy","dubai hills","","47187190","","","https://www.medifinder.ae/medical/networks/dubai-care/n5-op"
"Aster Pharmacy 166 (BR of Aster Pharmacies Group L.L.C)","Dubai","Pharmacy","al jaddaf","","442272851","","","https://www.medifinder.ae/medical/networks/dubai-care/n5-op"
"Aster Pharmacy 167 (BR of Aster Pharmacies Group L.L.C)","Dubai","Pharmacy","downtown","","43341829","","","https://www.medifinder.ae/medical/networks/dubai-care/n5-op"
"Aster Pharmacy 168 (BR of Aster Pharmacies Group L.L.C)","Dubai","Pharmacy","ibn batuta","","45543519","","","https://www.medifinder.ae/medical/networks/dubai-care/n5-op"
"Aster Pharmacy 169 (BR of Aster Pharmacies Group L.L.C)","Dubai","Pharmacy","umm al sheif","","43250365","","","https://www.medifinder.ae/medical/networks/dubai-care/n5-op"
"Aster Pharmacy 170 (BR of Aster Pharmacies Group L.L.C)","Dubai","Pharmacy","nad al sheba","","42588717","","","https://www.medifinder.ae/medical/networks/dubai-care/n5-op"
"Aster Pharmacy 172 (BR of Aster Pharmacies Group L.L.C)","Dubai","Pharmacy","al barsha south","","45786364","","","https://www.medifinder.ae/medical/networks/dubai-care/n5-op"
"Aster Pharmacy 173 (BR of Aster Pharmacies Group L.L.C)","Dubai","Pharmacy","jumeirah","","43325595","","","https://www.medifinder.ae/medical/networks/dubai-care/n5-op"
"Aster Pharmacy 174 (BR of Aster Pharmacies Group L.L.C)","Dubai","Pharmacy","sports city","","44486271","","","https://www.medifinder.ae/medical/networks/dubai-care/n5-op"
"Aster Pharmacy 175 (BR of Aster Pharmacies Group L.L.C)","Dubai","Pharmacy","jvc","","45579564","","","https://www.medifinder.ae/medical/networks/dubai-care/n5-op"
"Aster Pharmacy 176 ( BR of Aster Pharmacies Group L.L.C)","Dubai","Pharmacy","liwan","","444106883","","","https://www.medifinder.ae/medical/networks/dubai-care/n5-op"
"Aster Pharmacy 177 (BR of Aster Pharmacies Group L.L.C)","Dubai","Pharmacy","dubailand","","42575216","","","https://www.medifinder.ae/medical/networks/dubai-care/n5-op"
"Aster Pharmacy 178 (BR of Aster Pharmacies Group L.L.C)","Dubai","Pharmacy","marina","","42950979","","","https://www.medifinder.ae/medical/networks/dubai-care/n5-op"
"Aster Pharmacy 179 (BR of Aster Pharmacies Group L.L.C)","Dubai","Pharmacy","al  qusais","","442207653","","","https://www.medifinder.ae/medical/networks/dubai-care/n5-op"
"Aster Pharmacy 180 (BR of Aster Pharmacies Group L.L.C)","Dubai","Pharmacy","marsa","","443092900","","","https://www.medifinder.ae/medical/networks/dubai-care/n5-op"
"Aster Pharmacy 181 (BR of Aster Pharmacies Group L.L.C)","Dubai","Pharmacy","dubai hills","","442632594","","","https://www.medifinder.ae/medical/networks/dubai-care/n5-op"
"Aster Pharmacy 182 (BR of Aster Pharmacies Group L.L.C)","Dubai","Pharmacy","warsan","","445545907","","","https://www.medifinder.ae/medical/networks/dubai-care/n5-op"
"Aster Pharmacy 183 (BR of Aster Pharmacies Group L.L.C)","Dubai","Pharmacy","barsha heights","","442679073","","","https://www.medifinder.ae/medical/networks/dubai-care/n5-op"
"Aster Pharmacy 184 (BR of Aster Pharmacies Group L.L.C)","Dubai","Pharmacy","business bay","","44490062","","","https://www.medifinder.ae/medical/networks/dubai-care/n5-op"
"Aster Pharmacy 185 (Al Jadaf) Dubai","Dubai","Pharmacy","al jaddaf","","42665280","","","https://www.medifinder.ae/medical/networks/dubai-care/n5-op"
"Aster Pharmacy 186 (BR of Aster Pharmacies Group L.L.C)","Dubai","Pharmacy","palm jumeirah","","42688710","","","https://www.medifinder.ae/medical/networks/dubai-care/n5-op"
"Aster Pharmacy 187 (BR of Aster Pharmacies Group L.L.C)","Dubai","Pharmacy","discovery gardens","","45519467","","","https://www.medifinder.ae/medical/networks/dubai-care/n5-op"
"Aster Pharmacy 188 (BR of Aster Pharmacies Group L.L.C)","Dubai","Pharmacy","silicon oasis","","43497028","","","https://www.medifinder.ae/medical/networks/dubai-care/n5-op"
"Aster Pharmacy 189 (BR of Aster Pharmacies Group L.L.C)","Dubai","Pharmacy","silicon oasis","","48324564","","","https://www.medifinder.ae/medical/networks/dubai-care/n5-op"
"Aster Pharmacy 191 (BR of Aster Pharmacies Group L.L.C)","Dubai","Pharmacy","downtown","","45700402","","","https://www.medifinder.ae/medical/networks/dubai-care/n5-op"
"Aster Pharmacy 192 (BR of Aster Pharmacies Group L.L.C)","Dubai","Pharmacy","downtown","","42584482","","","https://www.medifinder.ae/medical/networks/dubai-care/n5-op"
"Aster Pharmacy 194 (BR of Aster Pharmacies Group L.L.C)","Dubai","Pharmacy","nad al sheba 1","","45750742","","","https://www.medifinder.ae/medical/networks/dubai-care/n5-op"
"Aster Pharmacy 195 (BR of Aster Pharmacies Group L.L.C)","Dubai","Pharmacy","the gardens","","45725507","","","https://www.medifinder.ae/medical/networks/dubai-care/n5-op"
"Aster Pharmacy 196 (BR of Aster Pharmacies Group L.L.C)","Dubai","Pharmacy","nad al sheba 1","","45702313","","","https://www.medifinder.ae/medical/networks/dubai-care/n5-op"
"Aster Pharmacy 2 (BR of Aster Pharmacies Group L.L.C)","Dubai","Pharmacy","dip","","48858044","","","https://www.medifinder.ae/medical/networks/dubai-care/n5-op"
"Aster Pharmacy 200 (BR of Aster Pharmacies Group L.L.C)","Dubai","Pharmacy","al qusais","","42505712","","","https://www.medifinder.ae/medical/networks/dubai-care/n5-op"
"Aster Pharmacy 201 BR of Aster Pharmacies Group LLC-Dubai","Dubai","Pharmacy","trade center","","43209481","","","https://www.medifinder.ae/medical/networks/dubai-care/n5-op"
"Aster Pharmacy 202 (BR of Aster Pharmacies Group L.L.C)","Dubai","Pharmacy","rashidiya","","42540474","","","https://www.medifinder.ae/medical/networks/dubai-care/n5-op"
"Aster Pharmacy 203-BR of Aster Pharmacies-Sharjah","Sharjah","Pharmacy","al taawun","","65396955","","","https://www.medifinder.ae/medical/networks/dubai-care/n5-op"
"Aster Pharmacy 204 (BR of Aster Pharmacies Group L.L.C)","Dubai","Pharmacy","al qusais","","42203889","","","https://www.medifinder.ae/medical/networks/dubai-care/n5-op"
"Aster Pharmacy 205 BR of Aster Pharmacies Group LLC-Dubai","Dubai","Pharmacy","palm jumeirah","","44221521","","","https://www.medifinder.ae/medical/networks/dubai-care/n5-op"
"Aster Pharmacy 206 BR of Aster Pharmacies Group LLC (Burj Dubai)","Dubai","Pharmacy","downtown","","45475036","","","https://www.medifinder.ae/medical/networks/dubai-care/n5-op"
"Aster Pharmacy 3 (BR of Aster Pharmacies Group L.L.C)","Dubai","Pharmacy","outlet mall","","44437250","","","https://www.medifinder.ae/medical/networks/dubai-care/n5-op"
"Aster Pharmacy 5 (BR of Aster Pharmacies Group L.L.C)","Dubai","Pharmacy","international city","","44473169","","","https://www.medifinder.ae/medical/networks/dubai-care/n5-op"
"Aster Pharmacy 6 (BR of Aster Pharmacies Group L.L.C)","Dubai","Pharmacy","silicon oasis","","43262600","","","https://www.medifinder.ae/medical/networks/dubai-care/n5-op"
"Aster Pharmacy 8 BR of Aster Pharmacies GRP LLC-Fujairah","Fujairah","Pharmacy","al faseel","","92230701","","","https://www.medifinder.ae/medical/networks/dubai-care/n5-op"
"Aster Pharmacy 98 (BR. of Aster Pharmacy L.L.C)","Dubai","Pharmacy","muhaisnah","","42521711","","","https://www.medifinder.ae/medical/networks/dubai-care/n5-op"
"Aster Royal Clinic Downtown Pharmacy (BR of DM Healthcare LLC)","Dubai","Pharmacy","down town","","444106496","","","https://www.medifinder.ae/medical/networks/dubai-care/n5-op"
"AXON MEDICA PHARMACY LLC (prev. Orion Family Pharmacy)","Dubai","Pharmacy","jebel ali","","44599904","","","https://www.medifinder.ae/medical/networks/dubai-care/n5-op"
"Axon Pharma LLC, Rashidiya (Amled Investment Management LLC)","Dubai","Pharmacy","rashidiya","","42868501","","","https://www.medifinder.ae/medical/networks/dubai-care/n5-op"
"Bait Al Maqdes Al Jadeedah Pharmacy","Sharjah","Pharmacy","abu shagara","","65486100","","","https://www.medifinder.ae/medical/networks/dubai-care/n5-op"
"Bait Al Maqdes Pharmacy LLC - Branch 1, Al Majaj 3 - Bait Al Maqdes GRP","Sharjah","Pharmacy","al majaz","","65420520","","","https://www.medifinder.ae/medical/networks/dubai-care/n5-op"
"Bait Al Maqdes Pharmacy Llc-Branch 2","Sharjah","Pharmacy","al majaz","","65534363","","","https://www.medifinder.ae/medical/networks/dubai-care/n5-op"
"Bait Al Shifa Pharmacy Jfza - ( NMC Health Group )","Dubai","Pharmacy","jafza","","48108809","","","https://www.medifinder.ae/medical/networks/dubai-care/n5-op"
"Balsam Al Hadeetha Pharmacy - Dubai","Dubai","Pharmacy","umm suqeim","","43488507","","","https://www.medifinder.ae/medical/networks/dubai-care/n5-op"
"Balsam Pharmacy (Al Garhoud) Dubai","Dubai","Pharmacy","satwa","","43984899","","","https://www.medifinder.ae/medical/networks/dubai-care/n5-op"
"Baniyas Healthcare Center Pharmacy","Abu Dhabi","Pharmacy","abu dhabi","","","","","https://www.medifinder.ae/medical/networks/dubai-care/n5-op"
"Beach Road Medicina Pharmacy (Medicina Pharmacy Group)","Dubai","Pharmacy","jumeirah","","43214347","","","https://www.medifinder.ae/medical/networks/dubai-care/n5-op"
"Beta Pharmacy (BR of Aster Pharmacies Group L.L.C)","Dubai","Pharmacy","mirdiff","","42840678","","","https://www.medifinder.ae/medical/networks/dubai-care/n5-op"
"Better Life Pharmacy LLC-Branch 1, AUH","Abu Dhabi","Pharmacy","airport road","","26222230","","","https://www.medifinder.ae/medical/networks/dubai-care/n5-op"
"Bilal Pharmacy (Al Shifa)","Sharjah","Pharmacy","industrial area 2","","65328558","","","https://www.medifinder.ae/medical/networks/dubai-care/n5-op"
"Boorj Al Rolla Pharmacy - Sharjah","Sharjah","Pharmacy","rolla","","65217190","","","https://www.medifinder.ae/medical/networks/dubai-care/n5-op"
"Bsp Pharmacy-Inpatient","Abu Dhabi","Pharmacy","abu dhabi","","26724900","","","https://www.medifinder.ae/medical/networks/dubai-care/n5-op"
"Burjeel Al Hayyat Pharmacy","Dubai","Pharmacy","jebel ali","","43519199","","","https://www.medifinder.ae/medical/networks/dubai-care/n5-op"
"Burjeel Retail Pharmacy L.L.C. - Branch","Abu Dhabi","Pharmacy","abu dhabi","","24437788","","","https://www.medifinder.ae/medical/networks/dubai-care/n5-op"
"Burjeel Retail Pharmacy L.L.C. - Branch","Abu Dhabi","Pharmacy","abu dhabi","","24470407","","","https://www.medifinder.ae/medical/networks/dubai-care/n5-op"
"Burjeel Retail Pharmacy L.L.C. - Branch","Abu Dhabi","Pharmacy","abu dhabi","","25534848","","","https://www.medifinder.ae/medical/networks/dubai-care/n5-op"
"Burjeel Retail Pharmacy L.L.C. - Branch","Abu Dhabi","Pharmacy","musafah","","26412019","","","https://www.medifinder.ae/medical/networks/dubai-care/n5-op"
"Burjeel Retail Pharmacy L.L.C. - Branch","Abu Dhabi","Pharmacy","abu dhabi","","26438330","","","https://www.medifinder.ae/medical/networks/dubai-care/n5-op"
"Central United Pharmacy Branch of United Pharmacy Investment LLC","Dubai","Pharmacy","mirdiff","","45610000","","","https://www.medifinder.ae/medical/networks/dubai-care/n5-op"
"Corniche Hospital Pharm -Out-Patient","Abu Dhabi","Pharmacy","abu dhabi","","26724900","","","https://www.medifinder.ae/medical/networks/dubai-care/n5-op"
"Cristal Pharmacy","Sharjah","Pharmacy","sharjah","","65773100","","","https://www.medifinder.ae/medical/networks/dubai-care/n5-op"
"Dar Al Hikma Pharmacy - SHARJAH(AQUA Pharmacy Group)","Sharjah","Pharmacy","buhairah corniche","","65567358","","","https://www.medifinder.ae/medical/networks/dubai-care/n5-op"
"Dar Al Neem Pharmacy LLC - Sharjah (Al Neem Group)","Sharjah","Pharmacy","sharjah","","65593344","","","https://www.medifinder.ae/medical/networks/dubai-care/n5-op"
"Disease Prevention and Screening Center Pharmacy- Abu Dhabi","Abu Dhabi","Pharmacy","al manhal","","27114000","","","https://www.medifinder.ae/medical/networks/dubai-care/n5-op"
"Disease Prevention and Screening Center Pharmacy- Al Ain","Abu Dhabi","Pharmacy","al ain","","37627777","","","https://www.medifinder.ae/medical/networks/dubai-care/n5-op"
"Dragon Pharmacy (BR of Aster Al Shafar Pharmacies Group L.L.C)","Dubai","Pharmacy","jebel ali","","45693614","","","https://www.medifinder.ae/medical/networks/dubai-care/n5-op"
"Dragon Pharmacy (BR of Aster Al Shafar Pharmacies Group LLC)","Dubai","Pharmacy","aweer","","43687409","","","https://www.medifinder.ae/medical/networks/dubai-care/n5-op"
"Dulsco Pharmacy LLC, Smbzr (Dulsco Group)","Dubai","Pharmacy","shaikh zayed road","","43232442","","","https://www.medifinder.ae/medical/networks/dubai-care/n5-op"
"El Ashrafia Pharmacy 3, Marina (El Ashrafia Investment LLC)","Dubai","Pharmacy","marina","","45146788","","","https://www.medifinder.ae/medical/networks/dubai-care/n5-op"
"Emirates Jordanian Pharmacy L L C","Abu Dhabi","Pharmacy","baniyas","","25836999","","","https://www.medifinder.ae/medical/networks/dubai-care/n5-op"
"Emirates Pharmacy","Ajman","Pharmacy","ajman","","67474900","","","https://www.medifinder.ae/medical/networks/dubai-care/n5-op"
"Euro Health Pharmacy (L.L.C) (Ainp)","Dubai","Pharmacy","hamriya","","42540840","","","https://www.medifinder.ae/medical/networks/dubai-care/n5-op"
"Experts Pharmacy","Sharjah","Pharmacy","sharjah","","65654635","","","https://www.medifinder.ae/medical/networks/dubai-care/n5-op"
"Famous Pharmacy LLC- Abu Dhabi-PF2977","Abu Dhabi","Pharmacy","industrial area","","25521912","","","https://www.medifinder.ae/medical/networks/dubai-care/n5-op"
"Fatima Alzahra Pharmacy LLC - Sharjah (Novo Healthcare Group)","Sharjah","Pharmacy","sharjah","","65636145","","","https://www.medifinder.ae/medical/networks/dubai-care/n5-op"
"Fujairah Port Pharmacy-Al Sharq Group","Fujairah","Pharmacy","fujairah","","92228007","","","https://www.medifinder.ae/medical/networks/dubai-care/n5-op"
"Galaxy Pharmacy, MUSSAFAH(AHALIA Group)","Abu Dhabi","Pharmacy","mussafah","","25575413","","","https://www.medifinder.ae/medical/networks/dubai-care/n5-op"
"Gayathy Hoapital Pharmacy","Abu Dhabi","Pharmacy","gharbia","","28070000","","","https://www.medifinder.ae/medical/networks/dubai-care/n5-op"
"Grand Hamad Pharmacy (Nmc)","Sharjah","Pharmacy","al nahda","","65257556","","","https://www.medifinder.ae/medical/networks/dubai-care/n5-op"
"Grand Health Pharmacy Sole Proprietorship L.L.C , Abu Dhabi - PF2635","Abu Dhabi","Pharmacy","mohamed bin zayed city","","26660381","","","https://www.medifinder.ae/medical/networks/dubai-care/n5-op"
"Grand United Pharmacy Branch of United Pharmacy Investment","Dubai","Pharmacy","downtown","","45610000","","","https://www.medifinder.ae/medical/networks/dubai-care/n5-op"
"Hamad Al Mumayazah Pharmacy, Al AROUBA(SUNNY Pharmacy)","Sharjah","Pharmacy","al arouba","","65455966","","","https://www.medifinder.ae/medical/networks/dubai-care/n5-op"
"Hamad Al Oula Pharmacy LLC, Al SHAHBA(SUNNY Pharmacy)","Sharjah","Pharmacy","al shahba","","65455966","","","https://www.medifinder.ae/medical/networks/dubai-care/n5-op"
"Hamad Pharmacy (Nmc)","Sharjah","Pharmacy","al shahba","","65582800","","","https://www.medifinder.ae/medical/networks/dubai-care/n5-op"
"Harley Street Pharmacy-PF1763","Abu Dhabi","Pharmacy","abu dhabi","","26133999","","","https://www.medifinder.ae/medical/networks/dubai-care/n5-op"
"Health First 1-Uaq-Planet Pharmacy","Umm Al Quwain","Pharmacy","al raas","","67656180","","","https://www.medifinder.ae/medical/networks/dubai-care/n5-op"
"Health First 5 Pharmacy -  Dubai","Dubai","Pharmacy","downtown","","42280102","","","https://www.medifinder.ae/medical/networks/dubai-care/n5-op"
"Health First 52 ( BR of Health First Investments LLC )","Dubai","Pharmacy","sheikh zayed road","","47016002","","","https://www.medifinder.ae/medical/networks/dubai-care/n5-op"
"Health First Joudy Pharmacy","Abu Dhabi","Pharmacy","abu dhabi","","26668798","","","https://www.medifinder.ae/medical/networks/dubai-care/n5-op"
"Health First Pharmacy - Branch 9 - Sharjah (Planet Group)","Abu Dhabi","Pharmacy","al bahyah","","25646364","","","https://www.medifinder.ae/medical/networks/dubai-care/n5-op"
"Health First Pharmacy - Branch 9 - Sharjah (Planet Group)","Abu Dhabi","Pharmacy","al falah","","26746989","","","https://www.medifinder.ae/medical/networks/dubai-care/n5-op"
"Health First Pharmacy - Branch 9 - Sharjah (Planet Group)","Abu Dhabi","Pharmacy","al dhahir","","37675176","","","https://www.medifinder.ae/medical/networks/dubai-care/n5-op"
"Health First Pharmacy 10 Fujairah Branch-Planet Group","Fujairah","Pharmacy","fujairah","","92229295","","","https://www.medifinder.ae/medical/networks/dubai-care/n5-op"
"Health First Pharmacy 11 (Julphar)","Dubai","Pharmacy","mirdiff","","44560100","","","https://www.medifinder.ae/medical/networks/dubai-care/n5-op"
"Health First Pharmacy 13-Planet Pharmacy","Ras Al Khaimah","Pharmacy","ras al khaimah","","72282255","","","https://www.medifinder.ae/medical/networks/dubai-care/n5-op"
"Health First Pharmacy 14-Planet Pharmacy","Ras Al Khaimah","Pharmacy","al rams","","72662295","","","https://www.medifinder.ae/medical/networks/dubai-care/n5-op"
"Health First Pharmacy 15-Planet Pharmacy","Ras Al Khaimah","Pharmacy","ras al khaimah","","72282991","","","https://www.medifinder.ae/medical/networks/dubai-care/n5-op"
"Health First Pharmacy 16 (Rugaylat Rd) Fujairah","Fujairah","Pharmacy","corniche","","92229295","","","https://www.medifinder.ae/medical/networks/dubai-care/n5-op"
"Health First Pharmacy 17","Fujairah","Pharmacy","hilal city","","92230340","","","https://www.medifinder.ae/medical/networks/dubai-care/n5-op"
"Health First Pharmacy 19-Planet Pharmacy","Fujairah","Pharmacy","fujairah","","92444376","","","https://www.medifinder.ae/medical/networks/dubai-care/n5-op"
"Health First Pharmacy 2- Sharjah-Planet Pharmacy","Sharjah","Pharmacy","sharjah","","65534225","","","https://www.medifinder.ae/medical/networks/dubai-care/n5-op"
"Health First Pharmacy 2-Planet Pharmacy","Dubai","Pharmacy","deira","","42287027","","","https://www.medifinder.ae/medical/networks/dubai-care/n5-op"
"Health First Pharmacy 20-Planet Pharmacy","Fujairah","Pharmacy","fujairah","","92447364","","","https://www.medifinder.ae/medical/networks/dubai-care/n5-op"
"Health First Pharmacy 21","Fujairah","Pharmacy","madab","","92234518","","","https://www.medifinder.ae/medical/networks/dubai-care/n5-op"
"Health First Pharmacy 22-Planet Pharmacy","Ras Al Khaimah","Pharmacy","al juwais","","72274848","","","https://www.medifinder.ae/medical/networks/dubai-care/n5-op"
"Health First Pharmacy 23- Dubai (BR. of Health First Investment LLC)","Dubai","Pharmacy","al muraqqabat","","42693618","","","https://www.medifinder.ae/medical/networks/dubai-care/n5-op"
"Health First Pharmacy 24- Dubai (BR. of Health First Investment LLC)","Dubai","Pharmacy","bay square","","44329158","","","https://www.medifinder.ae/medical/networks/dubai-care/n5-op"
"Health First Pharmacy 25- Dubai (BR. of Health First Investment LLC)","Dubai","Pharmacy","al barsha","","43992116","","","https://www.medifinder.ae/medical/networks/dubai-care/n5-op"
"Health First Pharmacy 26-Fujairah Branch-Planet Pharmacy","Fujairah","Pharmacy","mirbah","","92373985","","","https://www.medifinder.ae/medical/networks/dubai-care/n5-op"
"Health First Pharmacy 28 - Uaq","Umm Al Quwain","Pharmacy","old uaq","","67656180","","","https://www.medifinder.ae/medical/networks/dubai-care/n5-op"
"Health First Pharmacy 30 - Dubai","Dubai","Pharmacy","damac hills","","43709030","","","https://www.medifinder.ae/medical/networks/dubai-care/n5-op"
"Health First Pharmacy 33 (Julphar)","Dubai","Pharmacy","umm suqeim","","43963068","","","https://www.medifinder.ae/medical/networks/dubai-care/n5-op"
"Health First Pharmacy 35-Planet Pharmacy-Dubai","Dubai","Pharmacy","al barsha 1","","43471980","","","https://www.medifinder.ae/medical/networks/dubai-care/n5-op"
"Health First Pharmacy 40- Dubai- Planet Pharmacy","Dubai","Pharmacy","alquoz 4","","43331699","","","https://www.medifinder.ae/medical/networks/dubai-care/n5-op"
"Health First Pharmacy 41-Planet Pharmacy","Dubai","Pharmacy","mirdiff","","42882296","","","https://www.medifinder.ae/medical/networks/dubai-care/n5-op"
"Health First Pharmacy 43","Dubai","Pharmacy","dubai investments park 1","","48801832","","","https://www.medifinder.ae/medical/networks/dubai-care/n5-op"
"Health First Pharmacy 45 (Julphar)","Dubai","Pharmacy","al barsha","","43965891","","","https://www.medifinder.ae/medical/networks/dubai-care/n5-op"
"Health First Pharmacy 47 Branch of Health First Investment LLC","Dubai","Pharmacy","al barsha","","43850857","","","https://www.medifinder.ae/medical/networks/dubai-care/n5-op"
"Health First Pharmacy 48 (BR of Health First Investment LLC","Dubai","Pharmacy","jumeirah","","43430616","","","https://www.medifinder.ae/medical/networks/dubai-care/n5-op"
"Health First Pharmacy 51 - Planet Pharmacy","Ras Al Khaimah","Pharmacy","ras al khaimah","","72260114","","","https://www.medifinder.ae/medical/networks/dubai-care/n5-op"
"Health First Pharmacy 8","Dubai","Pharmacy","al quoz","","43883012","","","https://www.medifinder.ae/medical/networks/dubai-care/n5-op"
"Health First Pharmacy BR 3 -Planet Pharmacy/PF1267","Abu Dhabi","Pharmacy","musaffah","","25527070","","","https://www.medifinder.ae/medical/networks/dubai-care/n5-op"
"Health First Pharmacy BR 4 - Planet Pharmacy/PF1275","Abu Dhabi","Pharmacy","abu dhabi","","26666427","","","https://www.medifinder.ae/medical/networks/dubai-care/n5-op"
"Health First Pharmacy BR 5 - Planet Pharmacy/PF1085","Abu Dhabi","Pharmacy","musaffah","","25530036","","","https://www.medifinder.ae/medical/networks/dubai-care/n5-op"
"Health First Pharmacy BR 8-Planet Pharmacy/PF1149","Abu Dhabi","Pharmacy","abu dhabi","","25823656","","","https://www.medifinder.ae/medical/networks/dubai-care/n5-op"
"Health First Pharmacy Br_2-Planet Pharmacy","Sharjah","Pharmacy","sharjah","","65336128","","","https://www.medifinder.ae/medical/networks/dubai-care/n5-op"
"Health First Pharmacy Branch 18 (Al Shahama) Abu Dhabi","Abu Dhabi","Pharmacy","shahama","","26666427","","","https://www.medifinder.ae/medical/networks/dubai-care/n5-op"
"Health First Pharmacy Branch 6 - Sharjah","Sharjah","Pharmacy","sharjah","","65650415","","","https://www.medifinder.ae/medical/networks/dubai-care/n5-op"
"Health First Pharmacy- Dar Al Hikmah","Sharjah","Pharmacy","sharjah","","65643275","","","https://www.medifinder.ae/medical/networks/dubai-care/n5-op"
"Health First Planet Pharmacy","Abu Dhabi","Pharmacy","abu dhabi","","25577611","","","https://www.medifinder.ae/medical/networks/dubai-care/n5-op"
"Healthgo Pharmacy LLC","Abu Dhabi","Pharmacy","al mafraq","","25851331","","","https://www.medifinder.ae/medical/networks/dubai-care/n5-op"
"Ibn Sina Pharmacy","Fujairah","Pharmacy","fujairah","","92239946","","","https://www.medifinder.ae/medical/networks/dubai-care/n5-op"
"Indian Pharmacy (Nakheel)","Ras Al Khaimah","Pharmacy","ras al khaimah","","772333951","","","https://www.medifinder.ae/medical/networks/dubai-care/n5-op"
"Julfar Pharmacy, RAK (Marhaba Pharmacy Group)","Ras Al Khaimah","Pharmacy","ras al khaimah","","72235937","","","https://www.medifinder.ae/medical/networks/dubai-care/n5-op"
"Jumeira Better Life Pharmacy -  Dubai","Dubai","Pharmacy","jvc","","44472086","","","https://www.medifinder.ae/medical/networks/dubai-care/n5-op"
"Khalifa A Healthcare Center Pharmacy","Abu Dhabi","Pharmacy","abu dhabi","","","","","https://www.medifinder.ae/medical/networks/dubai-care/n5-op"
"Life Care International Pharmacy L.L.C- Branch - Abu Dhabi - Vps Group","Abu Dhabi","Pharmacy","abu dhabi","","25826812","","","https://www.medifinder.ae/medical/networks/dubai-care/n5-op"
"Life Pharamcy 106 BR of Life Pharmacy L.L.C","Dubai","Pharmacy","jumeirah village faumeirah village circle dubai","","45610000","","","https://www.medifinder.ae/medical/networks/dubai-care/n5-op"
"Life Pharmacy - RAK","Ras Al Khaimah","Pharmacy","al qusaidat","","45610000","","","https://www.medifinder.ae/medical/networks/dubai-care/n5-op"
"Life Pharmacy (Fortune) Dubai","Dubai","Pharmacy","jlt","","45610000","","","https://www.medifinder.ae/medical/networks/dubai-care/n5-op"
"Life Pharmacy (Oasis) Dubai","Dubai","Pharmacy","silicon oasis","","45610000","","","https://www.medifinder.ae/medical/networks/dubai-care/n5-op"
"Life Pharmacy 109 (Br. Of Life Pharmacy LLC)","Dubai","Pharmacy","discovery gardens","","45610000","","","https://www.medifinder.ae/medical/networks/dubai-care/n5-op"
"Life Pharmacy 28 BR of Life Pharmcy LLC, Nueimia (Life Healthcare Group)","Ajman","Pharmacy","nuaimia","","45610000","","","https://www.medifinder.ae/medical/networks/dubai-care/n5-op"
"Life Pharmacy 59 BR of Life Pharmacy LLC, JVC (Life Healthcare Group)","Dubai","Pharmacy","jvc","","45610000","","","https://www.medifinder.ae/medical/networks/dubai-care/n5-op"
"Life Pharmacy 69 BR of Life Pharmcy LLC, Al Warqa (Life Healthcare Group)","Dubai","Pharmacy","al warqaa","","45610000","","","https://www.medifinder.ae/medical/networks/dubai-care/n5-op"
"Life Pharmacy 72 BR of Life Pharmacy LLC","Dubai","Pharmacy","nad al sheba","","45610000","","","https://www.medifinder.ae/medical/networks/dubai-care/n5-op"
"Life Pharmacy 82 (BR of Life Pharmacy L.L.C)","Dubai","Pharmacy","jvc","","45610000","","","https://www.medifinder.ae/medical/networks/dubai-care/n5-op"
"Life Pharmacy 83 BR of Life Pharmacy LLC","Dubai","Pharmacy","deira","","45610000","","","https://www.medifinder.ae/medical/networks/dubai-care/n5-op"
"Life Pharmacy 84 BR of Life Pharmacy LLC","Dubai","Pharmacy","deira","","45610000","","","https://www.medifinder.ae/medical/networks/dubai-care/n5-op"
"Life Pharmacy 85 BR of Life Pharmacy","Dubai","Pharmacy","jvc","","45610000","","","https://www.medifinder.ae/medical/networks/dubai-care/n5-op"
"Life Pharmacy 87 (BR of Life Pharmacy L.L.C)","Dubai","Pharmacy","nad al sheba","","45610000","","","https://www.medifinder.ae/medical/networks/dubai-care/n5-op"
"Life Pharmacy 88 BR of Life Pharmacy LLC","Dubai","Pharmacy","majan","","45610000","","","https://www.medifinder.ae/medical/networks/dubai-care/n5-op"
"Life Pharmacy 95 Branch of Life Pharmacy LLC","Dubai","Pharmacy","dubailand","","45610000","","","https://www.medifinder.ae/medical/networks/dubai-care/n5-op"
"Life Pharmacy 96 (BR of Life Pharmacy L.L.C)","Dubai","Pharmacy","al warsan","","45610000","","","https://www.medifinder.ae/medical/networks/dubai-care/n5-op"
"Life Pharmacy 98(BR of Life Pharmacy L.L.C)","Dubai","Pharmacy","bur dubai","","45610000","","","https://www.medifinder.ae/medical/networks/dubai-care/n5-op"
"Life Pharmacy Branch 35 - Branch of Abu Dhabi 58 (Al Ain Mall)","Abu Dhabi","Pharmacy","al ain mall","","45610000","","","https://www.medifinder.ae/medical/networks/dubai-care/n5-op"
"Life Pharmacy L.L.C - Branch 1","Umm Al Quwain","Pharmacy","al salama street","","45610000","","","https://www.medifinder.ae/medical/networks/dubai-care/n5-op"
"Life Pharmacy LLC - Branch of Abu Dhabi 14","Abu Dhabi","Pharmacy","al falah plaza","","45610000","","","https://www.medifinder.ae/medical/networks/dubai-care/n5-op"
"LIFE PHARMACY LLC - BRANCH OF ABU DHABI 2","Abu Dhabi","Pharmacy","","","45610000","","","https://www.medifinder.ae/medical/networks/dubai-care/n5-op"
"Life Pharmacy LLC - Branch of Abudhabi 13","Abu Dhabi","Pharmacy","abu dhabi","","45610000","","","https://www.medifinder.ae/medical/networks/dubai-care/n5-op"
"Life Pharmacy LLC - RAK Branch 1 (Nakheel St) Ras Al Khaimah","Ras Al Khaimah","Pharmacy","al nakheel","","45610000","","","https://www.medifinder.ae/medical/networks/dubai-care/n5-op"
"Life Pharmacy LLC Branch 10 - Branch of Abu Dhabi 53","Abu Dhabi","Pharmacy","electra","","45610000","","","https://www.medifinder.ae/medical/networks/dubai-care/n5-op"
"Life Pharmacy LLC Branch 12 - Branch of Abu Dhabi 55","Abu Dhabi","Pharmacy","hamdan","","45610000","","","https://www.medifinder.ae/medical/networks/dubai-care/n5-op"
"Life Pharmacy LLC Branch 15 - Branch of Abu Dhabi 76","Abu Dhabi","Pharmacy","abu dhabi","","45610000","","","https://www.medifinder.ae/medical/networks/dubai-care/n5-op"
"Life Pharmacy LLC Branch 16 - Branch of Abu Dhabi 77","Abu Dhabi","Pharmacy","abu dhabi","","45610000","","","https://www.medifinder.ae/medical/networks/dubai-care/n5-op"
"LIFE PHARMACY LLC BRANCH 17 - BRANCH OF ABU DHABI 63","Abu Dhabi","Pharmacy","","","45610000","","","https://www.medifinder.ae/medical/networks/dubai-care/n5-op"
"Life Pharmacy LLC Branch 18 Branch of Abudhabi 64","Abu Dhabi","Pharmacy","abu dhabi","","45610000","","","https://www.medifinder.ae/medical/networks/dubai-care/n5-op"
"Life Pharmacy LLC Branch 19 Branch of Abudhabi 65","Abu Dhabi","Pharmacy","al zahiya","","45610000","","","https://www.medifinder.ae/medical/networks/dubai-care/n5-op"
"Life Pharmacy LLC Branch 2","Umm Al Quwain","Pharmacy","umm al quwain","","45610000","","","https://www.medifinder.ae/medical/networks/dubai-care/n5-op"
"LIFE PHARMACY LLC BRANCH 21","Abu Dhabi","Pharmacy","abu dhabi","","45610000","","","https://www.medifinder.ae/medical/networks/dubai-care/n5-op"
"Life Pharmacy LLC Branch 25 - Branch of Abudhabi 85","Abu Dhabi","Pharmacy","al ain","","45610000","","","https://www.medifinder.ae/medical/networks/dubai-care/n5-op"
"Life Pharmacy LLC Branch 26 - Branch Of Abu Dhabi 86","Abu Dhabi","Pharmacy","al ain mall","","45610000","","","https://www.medifinder.ae/medical/networks/dubai-care/n5-op"
"Life Pharmacy LLC Branch 28 - Branch of Abu Dhabi 88","Abu Dhabi","Pharmacy","abu dhabi","","45610000","","","https://www.medifinder.ae/medical/networks/dubai-care/n5-op"
"Life Pharmacy LLC Branch 34 - Branch of Abu Dhabi 15","Abu Dhabi","Pharmacy","al ain","","45610000","","","https://www.medifinder.ae/medical/networks/dubai-care/n5-op"
"Life Pharmacy LLC Branch 38 - Branch of Abudhabi 95","Abu Dhabi","Pharmacy","al ain","","45610000","","","https://www.medifinder.ae/medical/networks/dubai-care/n5-op"
"Life Pharmacy LLC Branch 39 - Branch of Abudhabi 96","Abu Dhabi","Pharmacy","hamdan","","45610000","","","https://www.medifinder.ae/medical/networks/dubai-care/n5-op"
"Life Pharmacy LLC Branch 41 - Branch of Abu Dhabi 104","Abu Dhabi","Pharmacy","al ain","","45610000","","","https://www.medifinder.ae/medical/networks/dubai-care/n5-op"
"Life Pharmacy LLC Branch 52 - Branch of Abudhabi 105","Abu Dhabi","Pharmacy","bawadi mall","","45610000","","","https://www.medifinder.ae/medical/networks/dubai-care/n5-op"
"Life Pharmacy LLC Branch of Abudhabi 7","Abu Dhabi","Pharmacy","abu dhabi","","45610000","","","https://www.medifinder.ae/medical/networks/dubai-care/n5-op"
"Life Pharmacy LLC Branch of Abudhabi 8","Abu Dhabi","Pharmacy","abu dhabi","","45610000","","","https://www.medifinder.ae/medical/networks/dubai-care/n5-op"
"Life Pharmacy LLC Shj Branch 6 (King Fisal St) Sharjah","Sharjah","Pharmacy","al majaz","","45610000","","","https://www.medifinder.ae/medical/networks/dubai-care/n5-op"
"Life Pharmacy LLC SHJ Branch 7","Sharjah","Pharmacy","sharjah","","45610000","","","https://www.medifinder.ae/medical/networks/dubai-care/n5-op"
"Life Pharmacy Sharjah Branch 3","Sharjah","Pharmacy","muwaileh commerical","","45610000","","","https://www.medifinder.ae/medical/networks/dubai-care/n5-op"
"Life Phrmacy LLC - Branch of Abudhabi 6","Abu Dhabi","Pharmacy","khalifa city","","45610000","","","https://www.medifinder.ae/medical/networks/dubai-care/n5-op"
"Lifecare International Pharmacy LLC-Branch 1-PF2581","Abu Dhabi","Pharmacy","mafraq","","25856333","","","https://www.medifinder.ae/medical/networks/dubai-care/n5-op"
"Lifecare International Pharmacy LLC-Branch 1-PF2581","Abu Dhabi","Pharmacy","musaffah","","24148215","","","https://www.medifinder.ae/medical/networks/dubai-care/n5-op"
"Liwan Pharmacy LLC - Dubai (Al Neem Group)","Dubai","Pharmacy","safa","","45809651","","","https://www.medifinder.ae/medical/networks/dubai-care/n5-op"
"LLH Pharmacy Al Musaffah L.L.C-Vps Group Abu Dhabi","Abu Dhabi","Pharmacy","baniyas","","24116451","","","https://www.medifinder.ae/medical/networks/dubai-care/n5-op"
"Lubna Pharmacy LLC - Sharjah (Novo Healthcare Group)","Sharjah","Pharmacy","sharjah","","65637220","","","https://www.medifinder.ae/medical/networks/dubai-care/n5-op"
"Madi Prime Al Nahda LLC - Prime Medical Group","Sharjah","Pharmacy","al nahda first","","47070373","","","https://www.medifinder.ae/medical/networks/dubai-care/n5-op"
"Madinat Mohamed Bin Zayed Healthcare Center Pharmacy","Abu Dhabi","Pharmacy","abu dhabi","","","","","https://www.medifinder.ae/medical/networks/dubai-care/n5-op"
"Madinat Zayed Hospital Inpatient Pharmacy","Abu Dhabi","Pharmacy","gharbia","","28070000","","","https://www.medifinder.ae/medical/networks/dubai-care/n5-op"
"Majid Pharmacy","Sharjah","Pharmacy","sharjah","","65683422","","","https://www.medifinder.ae/medical/networks/dubai-care/n5-op"
"Marhaba Al Jadeeda Pharmacy, RAK (Marhaba Pharmacy Group)","Ras Al Khaimah","Pharmacy","ras al khaimah","","72449330","","","https://www.medifinder.ae/medical/networks/dubai-care/n5-op"
"Marhaba Pharmacy - RAK","Ras Al Khaimah","Pharmacy","ras al khaimah","","72277970","","","https://www.medifinder.ae/medical/networks/dubai-care/n5-op"
"Marhaba Pharmacy LLC - Sharjah (Novo Healthcare Group)","Sharjah","Pharmacy","sharjah","","65238130","","","https://www.medifinder.ae/medical/networks/dubai-care/n5-op"
"Mariam New Pharmacy","Dubai","Pharmacy","jumeirah","","43952213","","","https://www.medifinder.ae/medical/networks/dubai-care/n5-op"
"Masafi Pharmacy","Sharjah","Pharmacy","sharjah","","65721805","","","https://www.medifinder.ae/medical/networks/dubai-care/n5-op"
"Mawjood Pharmacy - (Al Neem Pharmacy Group)","Ajman","Pharmacy","rashidiya 3","","67429030","","","https://www.medifinder.ae/medical/networks/dubai-care/n5-op"
"Medcare Medical Centre Al Furjan West Pharmacy BR of Medcare Hospital LLC","Dubai","Pharmacy","al furjan","","45513796","","","https://www.medifinder.ae/medical/networks/dubai-care/n5-op"
"Medcare Medical Centre Arabian Ranches 3 Pharmacy BR of Medcare Hospital LLC","Dubai","Pharmacy","wadi al safa 5","","42578939","","","https://www.medifinder.ae/medical/networks/dubai-care/n5-op"
"Medcare Medical Centre Barsha South (BR of Medcare Hospital (L.L.C))-Pharmacy","Dubai","Pharmacy","al barsha south","","43254383","","","https://www.medifinder.ae/medical/networks/dubai-care/n5-op"
"Medcare Medical Centre the Valley Pharmacy BR of Medcare Hospital L.L.C","Dubai","Pharmacy","al yufrah 1","","43291310","","","https://www.medifinder.ae/medical/networks/dubai-care/n5-op"
"Medi Prime Al Majaz Pharmacy LLC - BR 1 (Sharjah)","Sharjah","Pharmacy","sharjah","","47070999","","","https://www.medifinder.ae/medical/networks/dubai-care/n5-op"
"Medi Prime Al Mizhar Pharmacy- DXB","Dubai","Pharmacy","al mizhar","","42845674","","","https://www.medifinder.ae/medical/networks/dubai-care/n5-op"
"Medi Prime Al Qasimiah Pharmacy","Sharjah","Pharmacy","al qassimia","","65752200","","","https://www.medifinder.ae/medical/networks/dubai-care/n5-op"
"Medi Prime Pharmacy - Dubai","Dubai","Pharmacy","deira","","42730273","","","https://www.medifinder.ae/medical/networks/dubai-care/n5-op"
"Medi Prime Pharmacy Ajm- LLC","Ajman","Pharmacy","ajman","","46079872","","","https://www.medifinder.ae/medical/networks/dubai-care/n5-op"
"Medi Prime Pharmacy Al Qusais BR of Medi Prime Pharmacy","Dubai","Pharmacy","al qusais","","46079876","","","https://www.medifinder.ae/medical/networks/dubai-care/n5-op"
"Medi Prime Pharmacy Barsha Heights (BR of Medi Prime Pharmacy LLC) - Dubai","Dubai","Pharmacy","al barsha","","47070999","","","https://www.medifinder.ae/medical/networks/dubai-care/n5-op"
"Medi Prime Pharmacy Jumeirah Branch L.L.C(PRIME Healthcare Group)","Dubai","Pharmacy","al safa","","47070999","","","https://www.medifinder.ae/medical/networks/dubai-care/n5-op"
"Medi Prime Pharmacy Motor City (BR of Medi Prime Pharmacy (LLC)) (Prime Healthcare Group)","Dubai","Pharmacy","motor city","","46079916","","","https://www.medifinder.ae/medical/networks/dubai-care/n5-op"
"Medi Prime Pharmacy Reef Mall-BR of Medi Prime Pharmacy LLC","Dubai","Pharmacy","deira","","46079916","","","https://www.medifinder.ae/medical/networks/dubai-care/n5-op"
"Medi Prime Pharmacy-Sharjah","Sharjah","Pharmacy","al majaz","","65752200","","","https://www.medifinder.ae/medical/networks/dubai-care/n5-op"
"Medical Park Pharmacy LLC - PF2773 (BR of Medical Park Consultants One Day Surgery)","Abu Dhabi","Pharmacy","al bateen","","23048888","","","https://www.medifinder.ae/medical/networks/dubai-care/n5-op"
"Medicina 1 Pharmacy - Dubai","Dubai","Pharmacy","deira","","42943248","","","https://www.medifinder.ae/medical/networks/dubai-care/n5-op"
"Medicina 2 Pharmacy - Dubai","Dubai","Pharmacy","nad al hamar","","42898201","","","https://www.medifinder.ae/medical/networks/dubai-care/n5-op"
"Medicina 23 Pharmacy","Sharjah","Pharmacy","mohilla","","65303980","","","https://www.medifinder.ae/medical/networks/dubai-care/n5-op"
"Medicina 24 Pharmacy","Sharjah","Pharmacy","sharjah","","65723255","","","https://www.medifinder.ae/medical/networks/dubai-care/n5-op"
"Medicina 30 Pharmacy- Sharjah - Medicina GRP","Sharjah","Pharmacy","sharjah","","65248013","","","https://www.medifinder.ae/medical/networks/dubai-care/n5-op"
"Medicina 33 Pharmacy-Sharjah -Medicina GRP","Sharjah","Pharmacy","sharjah","","67448476","","","https://www.medifinder.ae/medical/networks/dubai-care/n5-op"
"Medicina 4 Pharmacy - Dubai","Dubai","Pharmacy","dubai marina","","44563304","","","https://www.medifinder.ae/medical/networks/dubai-care/n5-op"
"Medicina 8-Dubai -Medicina GRP","Dubai","Pharmacy","al warqa","","42800674","","","https://www.medifinder.ae/medical/networks/dubai-care/n5-op"
"Medicina Al Fahidi Pharmacy - Dubai","Dubai","Pharmacy","bur dubai","","42220163","","","https://www.medifinder.ae/medical/networks/dubai-care/n5-op"
"Medicina Al Falah Pharmacy - AUH - Medicina GRP - PF2588","Abu Dhabi","Pharmacy","al falah","","25846880","","","https://www.medifinder.ae/medical/networks/dubai-care/n5-op"
"Medicina Al Muneera Pharmacy","Abu Dhabi","Pharmacy","al raha beach","","25513004","","","https://www.medifinder.ae/medical/networks/dubai-care/n5-op"
"Medicina First Pharamcy - Ajman","Ajman","Pharmacy","al rawdah","","67472207","","","https://www.medifinder.ae/medical/networks/dubai-care/n5-op"
"Medicina Gulf Pharmacy","Abu Dhabi","Pharmacy","abu dhabi","","24483454","","","https://www.medifinder.ae/medical/networks/dubai-care/n5-op"
"Medicina Pharmacy - Branch","Abu Dhabi","Pharmacy","abu dhabi","","26264041","","","https://www.medifinder.ae/medical/networks/dubai-care/n5-op"
"Medicina Pharmacy - Branch","Abu Dhabi","Pharmacy","abu dhabi","","24416232","","","https://www.medifinder.ae/medical/networks/dubai-care/n5-op"
"Medicina Pharmacy - Branch 10","Dubai","Pharmacy","silicon oasis","","43450503","","","https://www.medifinder.ae/medical/networks/dubai-care/n5-op"
"Medicina Pharmacy - Dubai","Dubai","Pharmacy","al barsha","","43237202","","","https://www.medifinder.ae/medical/networks/dubai-care/n5-op"
"Medicina Pharmacy - Fujairah","Fujairah","Pharmacy","dibba","","92441604","","","https://www.medifinder.ae/medical/networks/dubai-care/n5-op"
"Medicina Pharmacy - Ras Al Khaima","Ras Al Khaimah","Pharmacy","corniche","","72332580","","","https://www.medifinder.ae/medical/networks/dubai-care/n5-op"
"Medicina Pharmacy - Sharjah","Sharjah","Pharmacy","al khan","","65375521","","","https://www.medifinder.ae/medical/networks/dubai-care/n5-op"
"Medicina Pharmacy -Branch 10 - AUH-Medicina GRP - PF3051","Abu Dhabi","Pharmacy","al reem island","","26500168","","","https://www.medifinder.ae/medical/networks/dubai-care/n5-op"
"Medicina Pharmacy -Branch 10 - AUH-Medicina GRP - PF3051","Abu Dhabi","Pharmacy","al ain","","37664715","","","https://www.medifinder.ae/medical/networks/dubai-care/n5-op"
"Medicina Pharmacy -Branch 10 - AUH-Medicina GRP - PF3051","Abu Dhabi","Pharmacy","abu dhabi","","25571194","","","https://www.medifinder.ae/medical/networks/dubai-care/n5-op"
"Medicina Pharmacy -Branch 10 - AUH-Medicina GRP - PF3051","Abu Dhabi","Pharmacy","al ain","","37555957","","","https://www.medifinder.ae/medical/networks/dubai-care/n5-op"
"Medicina Pharmacy -Branch 10 - AUH-Medicina GRP - PF3051","Abu Dhabi","Pharmacy","abu dhabi","","26678701","","","https://www.medifinder.ae/medical/networks/dubai-care/n5-op"
"Medicina Pharmacy -Branch 10 - AUH-Medicina GRP - PF3051","Abu Dhabi","Pharmacy","abu dhabi","","26440615","","","https://www.medifinder.ae/medical/networks/dubai-care/n5-op"
"Medicina Pharmacy -Branch 10 - AUH-Medicina GRP - PF3051","Abu Dhabi","Pharmacy","khalifa city a","","26415691","","","https://www.medifinder.ae/medical/networks/dubai-care/n5-op"
"Medicina Pharmacy -Branch 10 - AUH-Medicina GRP - PF3051","Abu Dhabi","Pharmacy","abu dhabi","","25844114","","","https://www.medifinder.ae/medical/networks/dubai-care/n5-op"
"Medicina Pharmacy -Branch 10- Dubai -Medicina GRP","Dubai","Pharmacy","al barsha south","","44285505","","","https://www.medifinder.ae/medical/networks/dubai-care/n5-op"
"Medicina Pharmacy 11 - Dubai","Dubai","Pharmacy","dubai healthcare city","","44547696","","","https://www.medifinder.ae/medical/networks/dubai-care/n5-op"
"Medicina Pharmacy 20","Fujairah","Pharmacy","fujairah","","92235894","","","https://www.medifinder.ae/medical/networks/dubai-care/n5-op"
"Medicina Pharmacy 5 - Dubai","Dubai","Pharmacy","sheikh zayed road","","43237202","","","https://www.medifinder.ae/medical/networks/dubai-care/n5-op"
"Medicina Pharmacy 6 - Dubai","Dubai","Pharmacy","al barsha","","43993370","","","https://www.medifinder.ae/medical/networks/dubai-care/n5-op"
"Medicina Pharmacy 9-Dubai -Medicina GRP","Dubai","Pharmacy","al wasl","","43313152","","","https://www.medifinder.ae/medical/networks/dubai-care/n5-op"
"Medicina Pharmacy Branch (Mirdiff) Prvsly Medicina Pharmacy 13","Dubai","Pharmacy","mirdiff","","42280566","","","https://www.medifinder.ae/medical/networks/dubai-care/n5-op"
"Medicina Pharmacy Branch (Port Saeed) Dubai Prvsly Medicina Pharmacy 12","Dubai","Pharmacy","umm suqiem","","44285505","","","https://www.medifinder.ae/medical/networks/dubai-care/n5-op"
"Medicina Pharmacy LLC Branch Prvsly Medicina Pharmacy 15 (Al Barsha 3) Dubai","Dubai","Pharmacy","al barsha","","48875072","","","https://www.medifinder.ae/medical/networks/dubai-care/n5-op"
"Medicine Home Pharmacy (New Industrial Area) - Ajman","Ajman","Pharmacy","ajman","","67485290","","","https://www.medifinder.ae/medical/networks/dubai-care/n5-op"
"Medicom - 23 (Al Enaya Ph) (Aster)","Ras Al Khaimah","Pharmacy","ras al khaimah","","72441433","","","https://www.medifinder.ae/medical/networks/dubai-care/n5-op"
"Medicom (Al Pharabi Pharmacy)","Dubai","Pharmacy","deira","","42264844","","","https://www.medifinder.ae/medical/networks/dubai-care/n5-op"
"Medicom 17(Al Ansar Ph)(Aster)","Sharjah","Pharmacy","sharjah","","63513256","","","https://www.medifinder.ae/medical/networks/dubai-care/n5-op"
"Medicom Pharmacy - 26 (Aster)(Moopens)","Umm Al Quwain","Pharmacy","al muqta","","67649734","","","https://www.medifinder.ae/medical/networks/dubai-care/n5-op"
"Medicom Pharmacy 1 (Br Of Aster Pharmacies Group L.L.C)","Dubai","Pharmacy","outlet mall","","45721034","","","https://www.medifinder.ae/medical/networks/dubai-care/n5-op"
"Medicom Pharmacy 1 (BR of Aster Pharmacies Group L.L.C)","Dubai","Pharmacy","qusais","","42633677","","","https://www.medifinder.ae/medical/networks/dubai-care/n5-op"
"Medicom Pharmacy 10 (BR of Aster Pharmacies Group L.L.C)","Dubai","Pharmacy","mirdiff","","42885995","","","https://www.medifinder.ae/medical/networks/dubai-care/n5-op"
"Medicom Pharmacy 11 (BR of Aster Pharmacies Group L.L.C)","Dubai","Pharmacy","al qusais","","42611551","","","https://www.medifinder.ae/medical/networks/dubai-care/n5-op"
"Medicom Pharmacy 12 (Dubai Century  Pharmacy)","Dubai","Pharmacy","rashidiya","","42859110","","","https://www.medifinder.ae/medical/networks/dubai-care/n5-op"
"Medicom Pharmacy 13 (BR of Aster Pharmacies Group L.L.C)","Dubai","Pharmacy","karama","","43977739","","","https://www.medifinder.ae/medical/networks/dubai-care/n5-op"
"Medicom Pharmacy 14 ( Madina Mall ) Ex - Medicom Pharmacy 14 ( New Home Pharmacy )","Dubai","Pharmacy","al rashidiya","","42672946","","","https://www.medifinder.ae/medical/networks/dubai-care/n5-op"
"Medicom Pharmacy 18 (Al Alam  Pharmacy)","Ajman","Pharmacy","ajman","","67464665","","","https://www.medifinder.ae/medical/networks/dubai-care/n5-op"
"Medicom Pharmacy 2 (BR of Aster Pharmacies Group L.L.C)","Dubai","Pharmacy","jumeirah","","43448333","","","https://www.medifinder.ae/medical/networks/dubai-care/n5-op"
"Medicom Pharmacy 4 (BR of Aster Pharmacies Group L.L.C)","Dubai","Pharmacy","jumeirah","","43440077","","","https://www.medifinder.ae/medical/networks/dubai-care/n5-op"
"Medicom Pharmacy 5 (Emirates Co-Operative Society Pharmacy)","Dubai","Pharmacy","al qusais","","42649929","","","https://www.medifinder.ae/medical/networks/dubai-care/n5-op"
"Medicom Pharmacy 6 (BR of Aster Pharmacies Group L.L.C)","Dubai","Pharmacy","al wasl","","43435522","","","https://www.medifinder.ae/medical/networks/dubai-care/n5-op"
"Medicom Pharmacy 7 (BR of Aster Pharmacies Group L.L.C)","Dubai","Pharmacy","al mizhar","","42876804","","","https://www.medifinder.ae/medical/networks/dubai-care/n5-op"
"Medicom Pharmacy 8 (BR of Aster Pharmacies Group L.L.C)","Dubai","Pharmacy","hor al anz","","42965040","","","https://www.medifinder.ae/medical/networks/dubai-care/n5-op"
"Medicom9","Dubai","Pharmacy","qusais","","42640818","","","https://www.medifinder.ae/medical/networks/dubai-care/n5-op"
"Medicure Pharmacy-Branch (Qusais)","Dubai","Pharmacy","silicon oasis","","43926268","","","https://www.medifinder.ae/medical/networks/dubai-care/n5-op"
"Medigreen Pharmacy LLC Branch","Dubai","Pharmacy","furij marar","","42542757","","","https://www.medifinder.ae/medical/networks/dubai-care/n5-op"
"Medsave Pharmacy","Dubai","Pharmacy","mirdiff","","42847600","","","https://www.medifinder.ae/medical/networks/dubai-care/n5-op"
"Metro Meds Pharmacy","Ajman","Pharmacy","ajman","","67469694","","","https://www.medifinder.ae/medical/networks/dubai-care/n5-op"
"Modern Life Pharmacy - Life Healthcare","Dubai","Pharmacy","al aweer","","43332996","","","https://www.medifinder.ae/medical/networks/dubai-care/n5-op"
"Muhammad Ayaz Pharmacy - Sharjah (Al Neem Group)","Sharjah","Pharmacy","al shahba","","65526224","","","https://www.medifinder.ae/medical/networks/dubai-care/n5-op"
"N M C Dic Clinic and Pharmacy BR of NMC Royal Hospital Ltd Dubai Branch ( NMC Dic Pharmacy)","Dubai","Pharmacy","warsan 2","","48108808","","","https://www.medifinder.ae/medical/networks/dubai-care/n5-op"
"Neima Healthcare Center Pharmacy","Abu Dhabi","Pharmacy","abu dhabi","","37461541","","","https://www.medifinder.ae/medical/networks/dubai-care/n5-op"
"Nejoum Abushaghara Pharmacy","Sharjah","Pharmacy","al qasimia","","65554450","","","https://www.medifinder.ae/medical/networks/dubai-care/n5-op"
"New Al Ain Pharmacy-Llc (Ainp)","Abu Dhabi","Pharmacy","al muwaiji","","37554440","","","https://www.medifinder.ae/medical/networks/dubai-care/n5-op"
"New Al Kindi Pharmacy","Sharjah","Pharmacy","sharjah","","65733377","","","https://www.medifinder.ae/medical/networks/dubai-care/n5-op"
"New Al Manara Pharmacy-Dubai","Dubai","Pharmacy","tecom","","43604495","","","https://www.medifinder.ae/medical/networks/dubai-care/n5-op"
"New Al Neem Pharmacy LLC-Al Neem Group","Dubai","Pharmacy","alquoz 2","","43282121","","","https://www.medifinder.ae/medical/networks/dubai-care/n5-op"
"New Al Shifa Pharmacy L.L.C (BR of Aster Pharmacies Group L.L.C)","Dubai","Pharmacy","international city","","44227474","","","https://www.medifinder.ae/medical/networks/dubai-care/n5-op"
"New Amareeta Pharmacy-Abu Dhabi-PF1370","Abu Dhabi","Pharmacy","abu dhabi","","26661555","","","https://www.medifinder.ae/medical/networks/dubai-care/n5-op"
"New Grand Pharmacy (Medshop)","Ajman","Pharmacy","al nuamia","","67412588","","","https://www.medifinder.ae/medical/networks/dubai-care/n5-op"
"New Hamad Pharmacy","Sharjah","Pharmacy","sharjah","","65673388","","","https://www.medifinder.ae/medical/networks/dubai-care/n5-op"
"NEW MEDICAL CENTER PHARMACY-LLC-ALAIN-NMC-BRANCH 1/PF2737 temporary closure","Abu Dhabi","Pharmacy","al ain","","37674404","","","https://www.medifinder.ae/medical/networks/dubai-care/n5-op"
"New Medical Centre Pharmacy","Sharjah","Pharmacy","sharjah","","65974180","","","https://www.medifinder.ae/medical/networks/dubai-care/n5-op"
"New Medical Centre Pharmacy Branch, Ajman (Sunny Group)","Ajman","Pharmacy","samha plaza","","65455966","","","https://www.medifinder.ae/medical/networks/dubai-care/n5-op"
"New Medical Centre Pharmacy LLC","Abu Dhabi","Pharmacy","abu dhabi","","26341134","","","https://www.medifinder.ae/medical/networks/dubai-care/n5-op"
"New Medical Centre Pharmacy Ltd Shj BR Branch1","Sharjah","Pharmacy","al majaz","","67410907","","","https://www.medifinder.ae/medical/networks/dubai-care/n5-op"
"New Medicina Pharmacy - Dubai","Dubai","Pharmacy","karama","","43218841","","","https://www.medifinder.ae/medical/networks/dubai-care/n5-op"
"New Pharmacy Co. Wll (Nmc)","Abu Dhabi","Pharmacy","abu dhabi","","26322379","","","https://www.medifinder.ae/medical/networks/dubai-care/n5-op"
"New Sanaiya Pharmacy (Sanaiya)","Dubai","Pharmacy","muhaisnah","","42648202","","","https://www.medifinder.ae/medical/networks/dubai-care/n5-op"
"New Sanaiya Pharmacy Ajman (Sanaiya)","Ajman","Pharmacy","industrial area","","67434034","","","https://www.medifinder.ae/medical/networks/dubai-care/n5-op"
"Nice Life Pharmacy ( BR of Aster Pharmacies Group LLC) - Dubai","Dubai","Pharmacy","al hudaiba","","43092900","","","https://www.medifinder.ae/medical/networks/dubai-care/n5-op"
"NMC Pharmacy- Branch","Abu Dhabi","Pharmacy","abu dhabi","","26179143","","","https://www.medifinder.ae/medical/networks/dubai-care/n5-op"
"NMC Royal Hospital PHARMACY(FORMERLY NMC Hospital Pharmacy)","Dubai","Pharmacy","dubai investment park","","48108800","","","https://www.medifinder.ae/medical/networks/dubai-care/n5-op"
"NMC ROYAL PHARMACY-RAK (NMC Health Group )","Ras Al Khaimah","Pharmacy","ras al khaimah","","72332832","","","https://www.medifinder.ae/medical/networks/dubai-care/n5-op"
"Noor Ahalia PHARMACY_DXB_(AHALIA Group)","Dubai","Pharmacy","mamzar","","42526880","","","https://www.medifinder.ae/medical/networks/dubai-care/n5-op"
"Noor Al Ahli Pharmacy Branch 1-Abu Dhabi-PF2902","Abu Dhabi","Pharmacy","al ain","","28119119","","","https://www.medifinder.ae/medical/networks/dubai-care/n5-op"
"Noor Al Ahli Pharmacy Branch 1-Abu Dhabi-PF2902","Abu Dhabi","Pharmacy","al musaffah","","25512661","","","https://www.medifinder.ae/medical/networks/dubai-care/n5-op"
"Noor Al Shefaa Pharmacy - RAK (Al Neem Group)","Ras Al Khaimah","Pharmacy","ras al khaimah","","72260700","","","https://www.medifinder.ae/medical/networks/dubai-care/n5-op"
"Noor Alahli Pharmacy-Branch 3-AUH-Ahalia Group","Abu Dhabi","Pharmacy","hamdan street","","26263305","","","https://www.medifinder.ae/medical/networks/dubai-care/n5-op"
"Noor Alahli Pharmacy-Branch 5-Abu Dhabi-Ahalia Group","Abu Dhabi","Pharmacy","abu dhabi","","25831929","","","https://www.medifinder.ae/medical/networks/dubai-care/n5-op"
"Noor Alahli Pharmacy-Branch 5-Abu Dhabi-Ahalia Group","Abu Dhabi","Pharmacy","abu dhabi","","26410170","","","https://www.medifinder.ae/medical/networks/dubai-care/n5-op"
"Noora Pharmacy","Ras Al Khaimah","Pharmacy","al nakheel","","72338869","","","https://www.medifinder.ae/medical/networks/dubai-care/n5-op"
"Novo Pharmacy Branch - Dubai (Novo Healthcare Group)","Dubai","Pharmacy","deira","","42391516","","","https://www.medifinder.ae/medical/networks/dubai-care/n5-op"
"Novo Pharmacy LLC (Branch), Karama (Novo Group)","Dubai","Pharmacy","al karama","","45480821","","","https://www.medifinder.ae/medical/networks/dubai-care/n5-op"
"Novo Pharmacy LLC (Ex: Family Health Pharmacy - DXB)","Dubai","Pharmacy","oud metha","","42517434","","","https://www.medifinder.ae/medical/networks/dubai-care/n5-op"
"Oncology Outpatient Pharmacy","Abu Dhabi","Pharmacy","abu dhabi","","37075940","","","https://www.medifinder.ae/medical/networks/dubai-care/n5-op"
"Orchid Pharmacy-Al Afdal Group-AUH-PF2742","Abu Dhabi","Pharmacy","abu dhabi","","24431090","","","https://www.medifinder.ae/medical/networks/dubai-care/n5-op"
"Park Better Life Pharmacy (L.LC) (Branch)","Dubai","Pharmacy","dubai investment park","","48858574","","","https://www.medifinder.ae/medical/networks/dubai-care/n5-op"
"Primacare Pharmacy L.L.C-Avivo Group-Dubai","Dubai","Pharmacy","bank street","","43966123","","","https://www.medifinder.ae/medical/networks/dubai-care/n5-op"
"Rafa Pharmacy (Medshop) - (Moopens Group)","Abu Dhabi","Pharmacy","central district","","37657006","","","https://www.medifinder.ae/medical/networks/dubai-care/n5-op"
"Rasha Pharmacy LLC-Meena Pharmacy Group","Sharjah","Pharmacy","rolla","","65625889","","","https://www.medifinder.ae/medical/networks/dubai-care/n5-op"
"Rawabina Pharmacy (Bait Al Maqdes)","Sharjah","Pharmacy","al qassimia","","65519654","","","https://www.medifinder.ae/medical/networks/dubai-care/n5-op"
"Reem Pharmacy","Sharjah","Pharmacy","abu shagara","","65594194","","","https://www.medifinder.ae/medical/networks/dubai-care/n5-op"
"Retaj PHARMACY,RAS Al Khaima","Ras Al Khaimah","Pharmacy","dhaid","","72277726","","","https://www.medifinder.ae/medical/networks/dubai-care/n5-op"
"Right Health Pharmacy Jurf LLC, Jurf-New Sanaiya Group","Ajman","Pharmacy","al jurf","","67494969","","","https://www.medifinder.ae/medical/networks/dubai-care/n5-op"
"Right Health Pharmacy Jurf2 LLC","Ajman","Pharmacy","ajman industrial 1","","43335502","","","https://www.medifinder.ae/medical/networks/dubai-care/n5-op"
"Right Health Pharmacy LLC (Branch) , Al Karama (Right Health Group)","Dubai","Pharmacy","karama","","43488818","","","https://www.medifinder.ae/medical/networks/dubai-care/n5-op"
"Right Health Pharmacy LLC (Right Health Group)","Dubai","Pharmacy","muhaisnah","","43335502","","","https://www.medifinder.ae/medical/networks/dubai-care/n5-op"
"Right Health Pharmacy Sole Proprietorship L.L.C (Sole Proprietorship)","Abu Dhabi","Pharmacy","al dhafra","","25845657","","","https://www.medifinder.ae/medical/networks/dubai-care/n5-op"
"Roua Pharmacy-Meena Pharmacy Group","Umm Al Quwain","Pharmacy","al reqqah","","67660688","","","https://www.medifinder.ae/medical/networks/dubai-care/n5-op"
"Royal International Pharmacy, Mafraq","Abu Dhabi","Pharmacy","mafraq","","25833735","","","https://www.medifinder.ae/medical/networks/dubai-care/n5-op"
"Royal Ruby Pharmacy, Al Quoz-New Sanaiya Group","Dubai","Pharmacy","dip 1","","43791311","","","https://www.medifinder.ae/medical/networks/dubai-care/n5-op"
"Rukn Al Hayat Pharmacy LLC - Sharjah (Al Neem Group)","Sharjah","Pharmacy","sharjah","","65444534","","","https://www.medifinder.ae/medical/networks/dubai-care/n5-op"
"Sad Pharmacy","Abu Dhabi","Pharmacy","hamdan","","26277332","","","https://www.medifinder.ae/medical/networks/dubai-care/n5-op"
"Sadd Maareb Medical Center Pharmacy - Sole Proprietorship L.L.C.","Abu Dhabi","Pharmacy","baniyas east 7b","","24441529","","","https://www.medifinder.ae/medical/networks/dubai-care/n5-op"
"Sahara Al Jazeera Pharmacy LLC - Sharjah (Novo Healthcare Group)","Sharjah","Pharmacy","sharjah","","65353345","","","https://www.medifinder.ae/medical/networks/dubai-care/n5-op"
"Sahara Star Pharmacy - Dubai - (Novo Healthcare Group)","Dubai","Pharmacy","abu hail","","42688485","","","https://www.medifinder.ae/medical/networks/dubai-care/n5-op"
"Salim Pharmacy","Sharjah","Pharmacy","sharjah","","65736262","","","https://www.medifinder.ae/medical/networks/dubai-care/n5-op"
"Salsabeel Pharmacy LLC - Sharjah - (Novo Healthcare Group)","Sharjah","Pharmacy","al nahda","","65368988","","","https://www.medifinder.ae/medical/networks/dubai-care/n5-op"
"Sama Al Ain Pharmacy Llc (Ainp)","Abu Dhabi","Pharmacy","al mutarid","","37619858","","","https://www.medifinder.ae/medical/networks/dubai-care/n5-op"
"Samari Rx Pharmacy (BR of Imara Health Care L.L.C)(IMARA Gr)","Dubai","Pharmacy","ras al khor","","43330538","","","https://www.medifinder.ae/medical/networks/dubai-care/n5-op"
"Samary Pharmacy Branch LLC","Dubai","Pharmacy","jafza","","48817530","","","https://www.medifinder.ae/medical/networks/dubai-care/n5-op"
"Scientific Pharmacy LLC - Sharjah (Novo Healthcare Group)","Sharjah","Pharmacy","sharjah","","65487289","","","https://www.medifinder.ae/medical/networks/dubai-care/n5-op"
"SEHA Al Noor PHARMACY(DUBAI Investment Park First) Dubai","Dubai","Pharmacy","dubai investment park-1","","557758011","","","https://www.medifinder.ae/medical/networks/dubai-care/n5-op"
"SEHA KIDNEY CARE CENTER - AL AIN PHARMACY","Abu Dhabi","Pharmacy","al ain","","37072993","","","https://www.medifinder.ae/medical/networks/dubai-care/n5-op"
"SEHA Kidney Care Center - Central Pharamcy","Abu Dhabi","Pharmacy","abu dhabi","","25012925","","","https://www.medifinder.ae/medical/networks/dubai-care/n5-op"
"Sharjah Pharmacy (Nmc)","Sharjah","Pharmacy","rolla","","65623850","","","https://www.medifinder.ae/medical/networks/dubai-care/n5-op"
"Sheikh Khalifa Hospital Masfout Pharmacy","Ajman","Pharmacy","masfout","","67117777","","","https://www.medifinder.ae/medical/networks/dubai-care/n5-op"
"Sheikh Khalifa Maternity and Pediatric Hospital Pharmacy","Ajman","Pharmacy","al jurf 1","","67117777","","","https://www.medifinder.ae/medical/networks/dubai-care/n5-op"
"Sheikh Khalifa Medical City ER Pharmacy  (SEHA)","Abu Dhabi","Pharmacy","al manhal","","28190000","","","https://www.medifinder.ae/medical/networks/dubai-care/n5-op"
"Sheikh Khalifa Medical City Pharmacy","Abu Dhabi","Pharmacy","abu dhabi","","26724900","","","https://www.medifinder.ae/medical/networks/dubai-care/n5-op"
"Sheikh Khalifa Medical City Pharmacy - Inpatient","Abu Dhabi","Pharmacy","abu dhabi","","28190000","","","https://www.medifinder.ae/medical/networks/dubai-care/n5-op"
"Sheikh Khalifa Speciality Hospital Pharmacy-Ajman","Ajman","Pharmacy","al jurf 1","","67117777","","","https://www.medifinder.ae/medical/networks/dubai-care/n5-op"
"Shifa Al Jazeerah Pharmacy LLC - RAK","Ras Al Khaimah","Pharmacy","al nakheel","","72211218","","","https://www.medifinder.ae/medical/networks/dubai-care/n5-op"
"Shindaga Pharmacy","Dubai","Pharmacy","bur dubai","","43933889","","","https://www.medifinder.ae/medical/networks/dubai-care/n5-op"
"Sila Hospital In Patient Pharmacy (SEHA)","Abu Dhabi","Pharmacy","al sila","","28070000","","","https://www.medifinder.ae/medical/networks/dubai-care/n5-op"
"Sila Hospital Pharmacy","Abu Dhabi","Pharmacy","al sila","","28070000","","","https://www.medifinder.ae/medical/networks/dubai-care/n5-op"
"Sofitel Pharmacy-Al Ain Pharmacy Group /PF1474","Abu Dhabi","Pharmacy","al ain","","37676439","","","https://www.medifinder.ae/medical/networks/dubai-care/n5-op"
"Star Al Ahalia Pharmacy - Branch 1, GAYATHI(AHALIA Group)","Abu Dhabi","Pharmacy","gayathi","","28743180","","","https://www.medifinder.ae/medical/networks/dubai-care/n5-op"
"Sunny Pharmacy L.L.C","Umm Al Quwain","Pharmacy","ak muqta","","508209986","","","https://www.medifinder.ae/medical/networks/dubai-care/n5-op"
"Tajeran Pharmacy , Uaq-Al Khaleej Medical Centre","Umm Al Quwain","Pharmacy","umm al quwain","","67652291","","","https://www.medifinder.ae/medical/networks/dubai-care/n5-op"
"Tawam Hospital Outpatient Pharmacy","Abu Dhabi","Pharmacy","al ain","","37677444","","","https://www.medifinder.ae/medical/networks/dubai-care/n5-op"
"Tulip Pharmacy LLC - Shj Pharmaethics Group","Sharjah","Pharmacy","sharjah","","65755069","","","https://www.medifinder.ae/medical/networks/dubai-care/n5-op"
"Ultra Medical Center Pharmacy - Al Ain - PF2784","Abu Dhabi","Pharmacy","al ain","","37625552","","","https://www.medifinder.ae/medical/networks/dubai-care/n5-op"
"Umm Hurair Pharmacy (BR of Aster Al Shafar Pharmacies Group L.L.C)","Dubai","Pharmacy","al manara","","43383766","","","https://www.medifinder.ae/medical/networks/dubai-care/n5-op"
"Unique Al Ahalia Pharmacy - Branch 2-Abu Dhabi-Ahalia Group","Abu Dhabi","Pharmacy","abu dhabi","","26410039","","","https://www.medifinder.ae/medical/networks/dubai-care/n5-op"
"Unique Al Ahalia Pharmacy Branch 1-Abu Dhabi-PF2801","Abu Dhabi","Pharmacy","al musaffah","","25595441","","","https://www.medifinder.ae/medical/networks/dubai-care/n5-op"
"United Pharmacy 2 Branch of United Pharmacy Investment LLC","Dubai","Pharmacy","al barsha","","45610000","","","https://www.medifinder.ae/medical/networks/dubai-care/n5-op"
"United Pharmacy Al Zahiah LLC - Branch 1","Sharjah","Pharmacy","sharjah","","45610000","","","https://www.medifinder.ae/medical/networks/dubai-care/n5-op"
"United Pharmacy Al Zahiah LLC - Branch 2","Sharjah","Pharmacy","khorfakkan","","45610000","","","https://www.medifinder.ae/medical/networks/dubai-care/n5-op"
"United Pharmacy Branch of United Pharmacy Investment LLC","Dubai","Pharmacy","al barsha","","45610000","","","https://www.medifinder.ae/medical/networks/dubai-care/n5-op"
"United Pharmacy Ibn Battuta Branch of United Pharmacy Investment LLC","Dubai","Pharmacy","ibn batuta","","45610000","","","https://www.medifinder.ae/medical/networks/dubai-care/n5-op"
"Vita United Pharmacy Branch of United Pharmacy Investment LLC","Dubai","Pharmacy","al wasl","","45610000","","","https://www.medifinder.ae/medical/networks/dubai-care/n5-op"
"Waseem Pharmacy","Sharjah","Pharmacy","sharjah","","65770930","","","https://www.medifinder.ae/medical/networks/dubai-care/n5-op"
"WELLNESS PHARMACY L.L.C-PF3070 AUH (WELLNESS ONE DAY SURGERY CENTRE LLC group)","Abu Dhabi","Pharmacy","abu dhabi","","26422424","","","https://www.medifinder.ae/medical/networks/dubai-care/n5-op"
"Western Towers Al Ahalia Pharmacy - PF2870 - Abu Dhabi - Ahalia Group","Abu Dhabi","Pharmacy","abu dhabi","","28119119","","","https://www.medifinder.ae/medical/networks/dubai-care/n5-op"
"Yamama Pharmacy (BR of Yamamah Medical Center)-Sharjah","Sharjah","Pharmacy","industrial area 10","","65346004","","","https://www.medifinder.ae/medical/networks/dubai-care/n5-op"
"Yasmed Pharmacy LLC - Umm Al Quwain (Yasmed Medical Center)","Umm Al Quwain","Pharmacy","umm al quwain","","65299064","","","https://www.medifinder.ae/medical/networks/dubai-care/n5-op"
"Zabeel Pharmacy","Dubai","Pharmacy","karama","","43377770","","","https://www.medifinder.ae/medical/networks/dubai-care/n5-op"
"Zahrat Al Shefa Pharmacy LLC, Muhaisnah (Noor Al Shefa Group)","Dubai","Pharmacy","muhaisnah","","48878155","","","https://www.medifinder.ae/medical/networks/dubai-care/n5-op"
"Zest Pharmacy 1 (BR of Zest Wellness Pharmacy L.L.C)","Dubai","Pharmacy","umm al sheif","","48246485","","","https://www.medifinder.ae/medical/networks/dubai-care/n5-op"
"Proficiency Specialist Laboratories, Mussafah MF4096","Abu Dhabi","Diagnostics","mussafah","","23355171","","","https://www.medifinder.ae/medical/networks/dubai-care/n5-op"
"Advanced Medical Laboratory","Abu Dhabi","Diagnostics","al ain","","37641441","","","https://www.medifinder.ae/medical/networks/dubai-care/n5-op"
"Aster Diagnostic Center, Mega Mall (DM Healthcare)","Sharjah","Diagnostics","mega mall","","65973300","","","https://www.medifinder.ae/medical/networks/dubai-care/n5-op"
"Star Metropolis Clinical Laboratories - Dubai (Ebp With Mednet Connect Approval)","Dubai","Diagnostics","al safa 1","","43465268","","","https://www.medifinder.ae/medical/networks/dubai-care/n5-op"
