PROVIDER NAME,EMIRATE,PROVIDER TYPE,AREA,ADDRESS,TELEPHONE,lat,lon,SOURCE
"Al Ain Hospital","Abu Dhabi","Hospital","al mutarid","","37022000","","","https://www.medifinder.ae/medical/networks/fmc/standard-network"
"Al Amal Hospital (Moh) (Emergency Only)","Dubai","Hospital","king faisal road","","45192021","","","https://www.medifinder.ae/medical/networks/fmc/standard-network"
"AL MAZROUI HOSPITAL","Abu Dhabi","Hospital","najda street","","26723232","","","https://www.medifinder.ae/medical/networks/fmc/standard-network"
"Al Qassimi Women'S And Children'S Hospital","Sharjah","Hospital","wasit street","","65120000","","","https://www.medifinder.ae/medical/networks/fmc/standard-network"
"AMBULANCE DEPARTMENT - ADCDA","Abu Dhabi","Hospital","khalifa city","","25131595","","","https://www.medifinder.ae/medical/networks/fmc/standard-network"
"AMINA HOSPITAL LLC(NEW)_MOH-F-1000509","Ajman","Hospital","al quds street","","67114444","","","https://www.medifinder.ae/medical/networks/fmc/standard-network"
"ASTER HOSPITAL","Sharjah","Hospital","al qasimia","","65997200","","","https://www.medifinder.ae/medical/networks/fmc/standard-network"
"ASTER HOSPITAL BR OF ASTER DM HEALTHCARE FZC DUBAI","Dubai","Hospital","al mankhool","","454600304440050","","","https://www.medifinder.ae/medical/networks/fmc/standard-network"
"Aster Hospital Sonapur LLC, Muhaisanah (DM Healthcare)","Dubai","Hospital","muhaisnah","","44400500","","","https://www.medifinder.ae/medical/networks/fmc/standard-network"
"Behavioral Sciences Pavilion","Abu Dhabi","Hospital","al manhal","","28190000","","","https://www.medifinder.ae/medical/networks/fmc/standard-network"
"Corniche Hospital","Abu Dhabi","Hospital","corniche","","26724900","","","https://www.medifinder.ae/medical/networks/fmc/standard-network"
"Das Hospital","Abu Dhabi","Hospital","das island","","28090311","","","https://www.medifinder.ae/medical/networks/fmc/standard-network"
"DHA - Dubai  Hospital","Dubai","Hospital","al baraha","","421956125617","","","https://www.medifinder.ae/medical/networks/fmc/standard-network"
"Emirates European Hospital LLC One Day Surgery","Sharjah","Hospital","al buteena","","65619444","","","https://www.medifinder.ae/medical/networks/fmc/standard-network"
"Hatta Hospital - Dubai Health Authority","Dubai","Hospital","hatta city center","","42193000048147483","","","https://www.medifinder.ae/medical/networks/fmc/standard-network"
"KALBA HOSPITAL","Sharjah","Hospital","kalba","","92775555","","","https://www.medifinder.ae/medical/networks/fmc/standard-network"
"Latifa Hospital(Al Waselhospital)(Dha)*","Dubai","Hospital","oud metha","","421930443828","","","https://www.medifinder.ae/medical/networks/fmc/standard-network"
"LLH HOSPITAL LLC","Abu Dhabi","Hospital","electra street","","26335522","","","https://www.medifinder.ae/medical/networks/fmc/standard-network"
"Medeor 24x7 Hospital -L.L.C.","Abu Dhabi","Hospital","muroor road","","28130100","","","https://www.medifinder.ae/medical/networks/fmc/standard-network"
"Medeor 24X7 Hospital (Umm Hurair 1) Dubai","Dubai","Hospital","bur dubai","","43500600","","","https://www.medifinder.ae/medical/networks/fmc/standard-network"
"MOH - Al Fujairah Hospital-  Fujairah","Fujairah","Hospital","anajaimat","","92242999","","","https://www.medifinder.ae/medical/networks/fmc/standard-network"
"NMC ROYAL HOSPITAL L.L.C. (FORMERLY NMC HOSPITAL LLC)","Dubai","Hospital","dip","","48108801","","","https://www.medifinder.ae/medical/networks/fmc/standard-network"
"NMC Specialty Hospital (BR of NMC Royal Hospital LLC) Dip - Dubai (Previously NMC Hospital)","Dubai","Hospital","dip 1","","42372409","","","https://www.medifinder.ae/medical/networks/fmc/standard-network"
"SILA HOSPITAL M62","Abu Dhabi","Hospital","western region","","28070000","","","https://www.medifinder.ae/medical/networks/fmc/standard-network"
"Tawam Hospital","Abu Dhabi","Hospital","al maqam","","37677444","","","https://www.medifinder.ae/medical/networks/fmc/standard-network"
"THUMBAY HOSPITAL LLC(PREVIOUSLY GMC-AJMAN)(NEW)_MOH-F-1000305","Ajman","Hospital","ajman","","67463333","","","https://www.medifinder.ae/medical/networks/fmc/standard-network"
"Yateem Eye Center and Day Care Surgery","Abu Dhabi","Hospital","khalidiya","","26666167","","","https://www.medifinder.ae/medical/networks/fmc/standard-network"
"UNITEAM PRIMARY HEALTH CARE CENTER L.L.C. (SHAKHBOUT)","Abu Dhabi","Clinic","shakhbout city","","800200700","","","https://www.medifinder.ae/medical/networks/fmc/standard-network"
"New Medical Centre Ltd Dubai Branch","Dubai","Clinic","hor al anz","","42689800","","","https://www.medifinder.ae/medical/networks/fmc/standard-network"
"Hamdan Medical Centre","Abu Dhabi","Clinic","al ain","","37654797","","","https://www.medifinder.ae/medical/networks/fmc/standard-network"
"ARZANAH CLINIC","Abu Dhabi","Clinic","abu dhabi","","26057300","","","https://www.medifinder.ae/medical/networks/fmc/standard-network"
"Muhaisna Specialist Medical Centre","Dubai","Clinic","bur dubai","","42644155","","","https://www.medifinder.ae/medical/networks/fmc/standard-network"
"University of Sharjah Girls' Clinic (Muwaileh)-Sharjah","Sharjah","Clinic","university of sharjah","","65052391","","","https://www.medifinder.ae/medical/networks/fmc/standard-network"
"GSM Medical center LLC (Branch)","Dubai","Clinic","bur dubai","","42349799","","","https://www.medifinder.ae/medical/networks/fmc/standard-network"
"GSM MEDICAL CENTRE L.L.C","Dubai","Clinic","satwa","","42349799","","","https://www.medifinder.ae/medical/networks/fmc/standard-network"
"RALS HEALTHCARE )BR OF ABD ULWAHED BIN SHABIB INVESTMENT GROUP L.L.C( (PREV. BLUE LIFE CLINIC)","Dubai","Clinic","jebel ali","","42275777","","","https://www.medifinder.ae/medical/networks/fmc/standard-network"
"Al Ameen Clinic","Abu Dhabi","Clinic","electra","","26339722","","","https://www.medifinder.ae/medical/networks/fmc/standard-network"
"Paradise Plus Poly Clinic (Dip 2) Dubai","Dubai","Clinic","dip 2","","48848270","","","https://www.medifinder.ae/medical/networks/fmc/standard-network"
"AL SHIFA MEDICAL CENTER 1","Sharjah","Clinic","khorfakkan","","92384288","","","https://www.medifinder.ae/medical/networks/fmc/standard-network"
"EXCELLENCY GHAYATHI POLY CLINICS L.L.C.","Abu Dhabi","Clinic","gayathi","","25599176","","","https://www.medifinder.ae/medical/networks/fmc/standard-network"
"EXCELLENCY GHAYATHI POLY CLINICS L.L.C.","Abu Dhabi","Clinic","","","26777676","","","https://www.medifinder.ae/medical/networks/fmc/standard-network"
"Adnoc Hq Clinic","Abu Dhabi","Clinic","abu dhabi","","27073417","","","https://www.medifinder.ae/medical/networks/fmc/standard-network"
"Specialized Medical Center University of Sharjah (Muwaileh) Sharjah","Sharjah","Clinic","university of sharjah","","65050244","","","https://www.medifinder.ae/medical/networks/fmc/standard-network"
"Abc Plus Medical Center","Abu Dhabi","Clinic","mafraq","","26227901","","","https://www.medifinder.ae/medical/networks/fmc/standard-network"
"Abeer Al Noor Polyclinic LLC Branch, DEIRA(ABEER Al Noor Group)","Dubai","Clinic","muhaisnah","","42428849","","","https://www.medifinder.ae/medical/networks/fmc/standard-network"
"Abeer Al Noor Polyclinic LLC Branch, DEIRA(ABEER Al Noor Group)","Dubai","Clinic","al qusais","","42612248","","","https://www.medifinder.ae/medical/networks/fmc/standard-network"
"Abro Clinic L.L.C","Dubai","Clinic","al nahda 2","","43353755","","","https://www.medifinder.ae/medical/networks/fmc/standard-network"
"Abu Dhabi Blood Bank (SEHA)","Abu Dhabi","Clinic","al khalidiya","","28191700","","","https://www.medifinder.ae/medical/networks/fmc/standard-network"
"Abu Dhabi Refinery Clinic","Abu Dhabi","Clinic","western region","","26022011","","","https://www.medifinder.ae/medical/networks/fmc/standard-network"
"Access Al Rolla Medical Center (Aster) (Gp Services Only)","Sharjah","Clinic","rolla","","65612050","","","https://www.medifinder.ae/medical/networks/fmc/standard-network"
"Access Al Sajaa Clinic (Al Sajaa) - Sharjah","Sharjah","Clinic","sajja","","67678795","","","https://www.medifinder.ae/medical/networks/fmc/standard-network"
"Access Clinic - Dip (Aster) (Gp Services Only)","Dubai","Clinic","dip 1","","48800408","","","https://www.medifinder.ae/medical/networks/fmc/standard-network"
"ACCESS CLINIC - PERSIA (Branch of D.M. Healthcare)","Dubai","Clinic","international city","","45520139","","","https://www.medifinder.ae/medical/networks/fmc/standard-network"
"Access Clinic Al Quoz Br. (Aster) (Gp Services Only)","Dubai","Clinic","al quoz","","43217544","","","https://www.medifinder.ae/medical/networks/fmc/standard-network"
"ACCESS CLINIC BR OF DM HEALTHCARE LLC BRANCH 1","Ajman","Clinic","ajman industrial area","","67404778","","","https://www.medifinder.ae/medical/networks/fmc/standard-network"
"Access Clinic D I C(BR of D M Healthcare (LLC))","Dubai","Clinic","dubai industrial park","","45896619","","","https://www.medifinder.ae/medical/networks/fmc/standard-network"
"Access Clinic Jafza (Aster) (Gp Services Only)","Dubai","Clinic","jafza","","48806577","","","https://www.medifinder.ae/medical/networks/fmc/standard-network"
"ACCESS CLINIC MOROCCO","Dubai","Clinic","international city","","43606587","","","https://www.medifinder.ae/medical/networks/fmc/standard-network"
"Access Clinic Muwailiah (Aster) (Gp Services Only)","Sharjah","Clinic","muwaileh","","65359933","","","https://www.medifinder.ae/medical/networks/fmc/standard-network"
"Access Clinic Sonapur (Aster) (Gp Services Only)","Dubai","Clinic","muhaisnah","","42510266","","","https://www.medifinder.ae/medical/networks/fmc/standard-network"
"Access Clinic Sonapur 2 (Aster) (Gp Services Only)","Dubai","Clinic","muhaisnah","","42637279","","","https://www.medifinder.ae/medical/networks/fmc/standard-network"
"Adnoc Onshore Medical Centre","Abu Dhabi","Clinic","al khalidiya","","26018527026043013","","","https://www.medifinder.ae/medical/networks/fmc/standard-network"
"ADNOC TECHNICIAL INSTITUITE CLINIC-ATI","Abu Dhabi","Clinic","al shawamekh","","26022894","","","https://www.medifinder.ae/medical/networks/fmc/standard-network"
"Advanced Care Medical Center LLC Branch Dubai Investment Park First","Dubai","Clinic","dip 1","","43463099","","","https://www.medifinder.ae/medical/networks/fmc/standard-network"
"Advanced Medical Centre (Al Bustan) Ajman","Ajman","Clinic","lulu area","","67459969","","","https://www.medifinder.ae/medical/networks/fmc/standard-network"
"Ahlan Wa Sahlan Medical Center","Sharjah","Clinic","nahda","","65306161","","","https://www.medifinder.ae/medical/networks/fmc/standard-network"
"AILABOUNI CLINIC","Abu Dhabi","Clinic","al salam street","","26440125","","","https://www.medifinder.ae/medical/networks/fmc/standard-network"
"Al Ahalia Regional Medical Centre","Sharjah","Clinic","al medfa street, al musalla","","65621700","","","https://www.medifinder.ae/medical/networks/fmc/standard-network"
"Al Ain Medical Center LLC","Ajman","Clinic","al nuamia","","67406661","","","https://www.medifinder.ae/medical/networks/fmc/standard-network"
"Al Amal Medical Centre (Baniyas East 9) Abu Dhabi","Abu Dhabi","Clinic","abu dhabi","","25832331","","","https://www.medifinder.ae/medical/networks/fmc/standard-network"
"Al Ameen Medical Centre LLC","Abu Dhabi","Clinic","musafah","","25503115","","","https://www.medifinder.ae/medical/networks/fmc/standard-network"
"Al Amumah Medical Center (Lifeline Clinic)","Sharjah","Clinic","abu shagara","","65667661","","","https://www.medifinder.ae/medical/networks/fmc/standard-network"
"Al Azhar Clinic - (Dip) Branch 2 - Dubai","Dubai","Clinic","jebel ali","","48800545","","","https://www.medifinder.ae/medical/networks/fmc/standard-network"
"Al Azhar Clinic - (Dip) Branch 2 - Dubai","Dubai","Clinic","dubai investment park","","48895306","","","https://www.medifinder.ae/medical/networks/fmc/standard-network"
"Al Banna Medical Centre","Sharjah","Clinic","king faisal street / abu shagara","","65752233","","","https://www.medifinder.ae/medical/networks/fmc/standard-network"
"Al Barsha Al Noor Polyclinic - Dubai","Dubai","Clinic","al barsha","","42218122","","","https://www.medifinder.ae/medical/networks/fmc/standard-network"
"Al Dhafra Mobile Mammography Unit","Abu Dhabi","Clinic","western region","","28070000","","","https://www.medifinder.ae/medical/networks/fmc/standard-network"
"AL DHAHERY CLINIC","Abu Dhabi","Clinic","main street","","37656882","","","https://www.medifinder.ae/medical/networks/fmc/standard-network"
"Al Ghallan Island Clinic","Abu Dhabi","Clinic","central island oilfied","","26059602","","","https://www.medifinder.ae/medical/networks/fmc/standard-network"
"AL HAYAT MEDICAL CENTRE","Ajman","Clinic","lulu area","","67429589","","","https://www.medifinder.ae/medical/networks/fmc/standard-network"
"AL ISHRAQ MEDICAL CENTRE","Ajman","Clinic","new industrial area","","67485289","","","https://www.medifinder.ae/medical/networks/fmc/standard-network"
"Al Jimi Medical Polyclinics - Branch 1","Abu Dhabi","Clinic","mezyad street","","37325048","","","https://www.medifinder.ae/medical/networks/fmc/standard-network"
"Al Jimi Medical Polyclinics - Branch 1","Abu Dhabi","Clinic","al wagan","","37350404","","","https://www.medifinder.ae/medical/networks/fmc/standard-network"
"Al Khail Medical Center Branch","Dubai","Clinic","jebel ali","","48823131","","","https://www.medifinder.ae/medical/networks/fmc/standard-network"
"AL KHAZNA MEDICAL CLINIC","Abu Dhabi","Clinic","mussaffa","","25560042","","","https://www.medifinder.ae/medical/networks/fmc/standard-network"
"AL MAGD MEDICAL CENTER - SOLE PROPRIETORSHIP L.L.C.","Abu Dhabi","Clinic","sanayya","","37342225","","","https://www.medifinder.ae/medical/networks/fmc/standard-network"
"AL MAHBAH CLINIC","Sharjah","Clinic","sajja","","508775876","","","https://www.medifinder.ae/medical/networks/fmc/standard-network"
"AL MANSOUR MEDICAL CENTRE","Sharjah","Clinic","buhaira cornich","","65372050","","","https://www.medifinder.ae/medical/networks/fmc/standard-network"
"AL MUFEED CLINIC GENERAL MEDICINE LLC","Ajman","Clinic","industrial area","","65310088","","","https://www.medifinder.ae/medical/networks/fmc/standard-network"
"AL NAKHEEL MEDICAL CENTRE_RAK","Ras Al Khaimah","Clinic","al nakheel","","72222987","","","https://www.medifinder.ae/medical/networks/fmc/standard-network"
"AL NASEEM MEDICAL CENTRE L.L.C","Abu Dhabi","Clinic","hamdan street","","26342834","","","https://www.medifinder.ae/medical/networks/fmc/standard-network"
"AL NOOR HOSPITAL MEDICAL CENTER - MARAWAH","Abu Dhabi","Clinic","ruwais","","28092100","","","https://www.medifinder.ae/medical/networks/fmc/standard-network"
"Al Nuaimia Clinic - Ajman","Ajman","Clinic","industrial area","","67432262","","","https://www.medifinder.ae/medical/networks/fmc/standard-network"
"AL RAHA CLINIC - AJMAN","Ajman","Clinic","lulu area","","67473100","","","https://www.medifinder.ae/medical/networks/fmc/standard-network"
"AL RAHA CLINIC - DUBAI","Dubai","Clinic","bur dubai","","43517272","","","https://www.medifinder.ae/medical/networks/fmc/standard-network"
"Al Rahmaniah Medical Center (Manamma) RAK","Ras Al Khaimah","Clinic","manama road","","501053676","","","https://www.medifinder.ae/medical/networks/fmc/standard-network"
"AL RASHIDIYA PVT.POLYCLINIC","Dubai","Clinic","bur dubai","","43939383","","","https://www.medifinder.ae/medical/networks/fmc/standard-network"
"AL RIKABI SPECIALIST CENTRE","Fujairah","Clinic","fujairah","","92222797","","","https://www.medifinder.ae/medical/networks/fmc/standard-network"
"Al Safi Medical Center LLC","Sharjah","Clinic","al sajaa","","65551973","","","https://www.medifinder.ae/medical/networks/fmc/standard-network"
"Al Saha Wa Al Shifaa Hospital for One Day Surgery","Sharjah","Medical Center","rolla mall","","65632618","","","https://www.medifinder.ae/medical/networks/fmc/standard-network"
"AL SAJDA MEDICAL CENTER","Ajman","Clinic","nuaimia","","65388441","","","https://www.medifinder.ae/medical/networks/fmc/standard-network"
"Al Sanabil Medical Centre","Sharjah","Clinic","corniche street","","65327881","","","https://www.medifinder.ae/medical/networks/fmc/standard-network"
"Al Sanaiya Medical Clinic BR (Al Quoz) - Dubai","Dubai","Clinic","al quoz","","43407548","","","https://www.medifinder.ae/medical/networks/fmc/standard-network"
"Al Shams Medical Centre - Sharjah","Sharjah","Clinic","industrial area 3","","65424255","","","https://www.medifinder.ae/medical/networks/fmc/standard-network"
"AL SHAMS MEDICAL DIAGNOSTIC CENTRE","Sharjah","Clinic","maliha","","65353581","","","https://www.medifinder.ae/medical/networks/fmc/standard-network"
"Al Sharq Medical Centre - Al Etihad","Fujairah","Clinic","fujairah","","92222444","","","https://www.medifinder.ae/medical/networks/fmc/standard-network"
"AL SHIFA AL KHALEEJI MEDICAL CENTRE - SHARJAH (formerly BILAL MEDICAL CENTRE)","Sharjah","Clinic","industrial area 2","","65328558","","","https://www.medifinder.ae/medical/networks/fmc/standard-network"
"Al Shifa Al Uropi Medical Center Dwc LLC","Dubai","Clinic","dubai world central","","45759111","","","https://www.medifinder.ae/medical/networks/fmc/standard-network"
"Al Shifa Medical Center (Al Muqta 1) Umm Al Quwain","Umm Al Quwain","Clinic","al muqta","","65258185","","","https://www.medifinder.ae/medical/networks/fmc/standard-network"
"AL SHIFA MEDICAL CENTRE_KHORFAKKAN","Fujairah","Clinic","fujairah","","92384288","","","https://www.medifinder.ae/medical/networks/fmc/standard-network"
"Al Shrooq Polyclinic - Ajman","Ajman","Clinic","al bustan","","67455688","","","https://www.medifinder.ae/medical/networks/fmc/standard-network"
"Al Siddiq Medical Centre","Sharjah","Clinic","dhaid","","68822046","","","https://www.medifinder.ae/medical/networks/fmc/standard-network"
"AL WOROOD MEDICAL CENTER","Abu Dhabi","Clinic","najda street","","26313600","","","https://www.medifinder.ae/medical/networks/fmc/standard-network"
"Al Zhoor Medical Center","Abu Dhabi","Clinic","thouba street","","37857365","","","https://www.medifinder.ae/medical/networks/fmc/standard-network"
"Alfa Clinica Medical Centre","Fujairah","Clinic","al faseel road","","92222932","","","https://www.medifinder.ae/medical/networks/fmc/standard-network"
"ALGEBRA POLYCLINIC","Dubai","Clinic","umm hurair","","42648004","","","https://www.medifinder.ae/medical/networks/fmc/standard-network"
"Ali Medical Centre - Dubai","Dubai","Clinic","naif","","42246566","","","https://www.medifinder.ae/medical/networks/fmc/standard-network"
"Alia Medical Centre- Ajman","Ajman","Clinic","al bustan","","67475599","","","https://www.medifinder.ae/medical/networks/fmc/standard-network"
"ALIBTESAMAH ALJAMILAH MEDICAL CENTRE","Sharjah","Clinic","majaz","","65599828","","","https://www.medifinder.ae/medical/networks/fmc/standard-network"
"ALIBTISAMAH AL RAIEAA MEDICAL CENTRE","Sharjah","Clinic","al khan area","","67678375","","","https://www.medifinder.ae/medical/networks/fmc/standard-network"
"Alqatia Island Clinic","Abu Dhabi","Clinic","abu dhabi","","26085544","","","https://www.medifinder.ae/medical/networks/fmc/standard-network"
"AMALA MEDICAL CENTER LLC ( formerly NEW AL MUSALLA MEDICAL CENTER BRANCH","Dubai","Clinic","al quoz","","43306727","","","https://www.medifinder.ae/medical/networks/fmc/standard-network"
"AMBER CLINIC LLC","Dubai","Clinic","deira","","42309100","","","https://www.medifinder.ae/medical/networks/fmc/standard-network"
"ARCHITECT CLINIC - L.L.C - O.P.C","Abu Dhabi","Clinic","icad - iii","","26721400","","","https://www.medifinder.ae/medical/networks/fmc/standard-network"
"ASHOKAN MEDICAL CENTRE","Dubai","Clinic","deira","","42730220","","","https://www.medifinder.ae/medical/networks/fmc/standard-network"
"Ashtree Clinic Llc","Dubai","Clinic","bur dubai","","43533414","","","https://www.medifinder.ae/medical/networks/fmc/standard-network"
"Aster Gp Clinic Burdubai BR of DM Healthcare LLC Prvsly Access Clinic - Bur Dubai","Dubai","Clinic","bur dubai","","43527300","","","https://www.medifinder.ae/medical/networks/fmc/standard-network"
"Aster Medical Centre - BR of (D M Healthcare) LLC Umm Al Quwain Branch","Umm Al Quwain","Clinic","king faisal street","","44400500","","","https://www.medifinder.ae/medical/networks/fmc/standard-network"
"Aster Medical Centre Rak Br. (Moopens) (Gp Services Only)","Ras Al Khaimah","Clinic","rak","","44400500","","","https://www.medifinder.ae/medical/networks/fmc/standard-network"
"Attouk Island Clinic","Abu Dhabi","Clinic","north island oilfied","","26059406","","","https://www.medifinder.ae/medical/networks/fmc/standard-network"
"B F Medical Center","Abu Dhabi","Clinic","sanayya","","37532777","","","https://www.medifinder.ae/medical/networks/fmc/standard-network"
"Bab Al Sajaah Medical Centre (Sajjah) Sharjah","Sharjah","Clinic","sajja","","65598211","","","https://www.medifinder.ae/medical/networks/fmc/standard-network"
"Bab Al Teb Medical Centre LLC-Sole Proprietorship L.L.C","Abu Dhabi","Clinic","mussaffa","","25649616","","","https://www.medifinder.ae/medical/networks/fmc/standard-network"
"Beda Al Mutawa Medical Center","Abu Dhabi","Clinic","western region","","28070000","","","https://www.medifinder.ae/medical/networks/fmc/standard-network"
"Bhatia Medical Center","Sharjah","Clinic","rolla","","65753888","","","https://www.medifinder.ae/medical/networks/fmc/standard-network"
"BLOOM PLUS POLY CLINIC L.L.C","Dubai","Clinic","international city","","45656070","","","https://www.medifinder.ae/medical/networks/fmc/standard-network"
"BLUE BELL MEDICAL CENTRE(NEW)_DHA-F-6324028","Dubai","Clinic","karama","","43426565","","","https://www.medifinder.ae/medical/networks/fmc/standard-network"
"Brite Medicare Medical Centre LLC","Dubai","Clinic","al nahda","","45463535","","","https://www.medifinder.ae/medical/networks/fmc/standard-network"
"Bu Sikeen Island Clinic","Abu Dhabi","Clinic","sarb island","","26085824","","","https://www.medifinder.ae/medical/networks/fmc/standard-network"
"Canadian Medical Center Sole Proprietorship LLC(FORMERLY Known As Canadian Medical Center LLC )/ MF1937","Abu Dhabi","Clinic","al manhal","","25559999","","","https://www.medifinder.ae/medical/networks/fmc/standard-network"
"Care and Cure Medical and Dental Center LLC","Ras Al Khaimah","Clinic","mamoura stree","","72260127","","","https://www.medifinder.ae/medical/networks/fmc/standard-network"
"Care for You Medical Centre","Umm Al Quwain","Clinic","al muqta","","66787382","","","https://www.medifinder.ae/medical/networks/fmc/standard-network"
"Care Medical Centre - Sharjah","Sharjah","Clinic","al qasimia","","65427327","","","https://www.medifinder.ae/medical/networks/fmc/standard-network"
"Caremonde Day Surgical Center LLC","Dubai","Medical Center","muraqabat","","43290469","","","https://www.medifinder.ae/medical/networks/fmc/standard-network"
"CAREPOINT MEDICAL CENTER","Ras Al Khaimah","Clinic","al nakheel","","72333370","","","https://www.medifinder.ae/medical/networks/fmc/standard-network"
"CAREWELL MODERN MEDICAL CENTRE","Abu Dhabi","Clinic","mussaffa","","25538801","","","https://www.medifinder.ae/medical/networks/fmc/standard-network"
"CEDARS GENERAL CLINIC","Dubai","Clinic","jebel ali","","48814000","","","https://www.medifinder.ae/medical/networks/fmc/standard-network"
"CITICARE MEDICAL CENTRE (PREVIOUSLY PESHAWAR MEDICAL CENTRE (DUBAI))","Dubai","Clinic","arjan","","42974040","","","https://www.medifinder.ae/medical/networks/fmc/standard-network"
"Clinicare NAIF(BR of Imara Health Care L.L.C)(IMARA Gr)","Dubai","Clinic","deira","","42617175","","","https://www.medifinder.ae/medical/networks/fmc/standard-network"
"Clinicare Samari (BR of Imara Health Care L.L.C)(IMARA Gr)","Dubai","Clinic","ras al khor","","43322682","","","https://www.medifinder.ae/medical/networks/fmc/standard-network"
"Crx Express Clinic L.L.C","Dubai","Clinic","jabel ali 1","","42242951","","","https://www.medifinder.ae/medical/networks/fmc/standard-network"
"DABBAIYA CLINIC","Abu Dhabi","Clinic","western region","","26046788","","","https://www.medifinder.ae/medical/networks/fmc/standard-network"
"DANA MEDICAL CENTER L.L.C.","Abu Dhabi","Clinic","mafraq","","25668600","","","https://www.medifinder.ae/medical/networks/fmc/standard-network"
"Das Medical Centre (Ex: Abu Dhabi Marine Operating Company Clinic (Adma Opco)","Abu Dhabi","Clinic","das island","","26063500","","","https://www.medifinder.ae/medical/networks/fmc/standard-network"
"Doctors Medical Center - Sharjah","Sharjah","Clinic","al soor","","65632100","","","https://www.medifinder.ae/medical/networks/fmc/standard-network"
"Dr. Amiruddin's Clinic","Dubai","Clinic","deira","","42691515","","","https://www.medifinder.ae/medical/networks/fmc/standard-network"
"DR. ASHOK MENON MEDICAL CENTRE. (Lifeline Clinic)","Sharjah","Clinic","abu shagara","","65503557","","","https://www.medifinder.ae/medical/networks/fmc/standard-network"
"DR. ATIQUR RAHMAN POLY CLINIC","Abu Dhabi","Clinic","madinat zayed","","26398331","","","https://www.medifinder.ae/medical/networks/fmc/standard-network"
"DR. EID SPECIALISED CLINIC_FUJAIRAH","Fujairah","Clinic","fujairah","","92233311","","","https://www.medifinder.ae/medical/networks/fmc/standard-network"
"Dr. Ismail Medical Center - Al Karama Dubai","Dubai","Clinic","karama","","43376808","","","https://www.medifinder.ae/medical/networks/fmc/standard-network"
"Dr. Ismail Polyclinic Branch - Jebel Ind2 - Dubai","Dubai","Clinic","jebel ali","","48877750","","","https://www.medifinder.ae/medical/networks/fmc/standard-network"
"Dr. Ismail Polyclinic Mall BR of Dr. Ismail Polyclinic","Dubai","Clinic","jebel ali","","43474537","","","https://www.medifinder.ae/medical/networks/fmc/standard-network"
"DR. MUHAMMED KUNHI MEDICAL CLINIC","Dubai","Clinic","deira","","42728155","","","https://www.medifinder.ae/medical/networks/fmc/standard-network"
"DR. PRAVINKUMAR CLINIC","Dubai","Clinic","bur dubai","","43534484","","","https://www.medifinder.ae/medical/networks/fmc/standard-network"
"DR.ABDULLAS CLINIC LLC","Dubai","Clinic","al qusais","","43209412","","","https://www.medifinder.ae/medical/networks/fmc/standard-network"
"DR.ISMAIL Medical Centre Al Quoz","Dubai","Clinic","al quoz","","43381550","","","https://www.medifinder.ae/medical/networks/fmc/standard-network"
"DULSCO MEDICAL CLINIC BRANCH, SMBZR (DULSCO GROUP) - temporary closed","Dubai","Clinic","shaikh zayed road","","43232442","","","https://www.medifinder.ae/medical/networks/fmc/standard-network"
"DULSCO MEDICAL CLINIC BRANCH, SMBZR (DULSCO GROUP) - temporary closed","Dubai","Clinic","dic","","44219354","","","https://www.medifinder.ae/medical/networks/fmc/standard-network"
"DUO PRIME CARE MEDICAL CENTER L.L.C","Abu Dhabi","Clinic","mussaffa","","25554339","","","https://www.medifinder.ae/medical/networks/fmc/standard-network"
"ELAJ MEDICAL CENTRE - AJMAN","Ajman","Clinic","rumailah area","","67418880","","","https://www.medifinder.ae/medical/networks/fmc/standard-network"
"ELAJ MEDICAL CENTRE L.L.C 01","Ajman","Clinic","al nuaimia 2","","67488808","","","https://www.medifinder.ae/medical/networks/fmc/standard-network"
"Emirates Clinic&diagnostic Centre","Abu Dhabi","Clinic","main street","","37644744","","","https://www.medifinder.ae/medical/networks/fmc/standard-network"
"EMIRATES CONFIDENTY MEDICAL CENTER - BRANCH 1","Abu Dhabi","Clinic","al siddique st.","","37376491037677979","","","https://www.medifinder.ae/medical/networks/fmc/standard-network"
"EMIRATES CONFIDENTY MEDICAL CENTER - BRANCH 1","Abu Dhabi","Clinic","town centre","","37677979","","","https://www.medifinder.ae/medical/networks/fmc/standard-network"
"EVE MEDICAL CENTER","Ajman","Clinic","jurf","","67498042","","","https://www.medifinder.ae/medical/networks/fmc/standard-network"
"Eve Medical Centre L.L.C.","Sharjah","Clinic","al fayha street","","65210100","","","https://www.medifinder.ae/medical/networks/fmc/standard-network"
"FAMILY CLINIC BR OF OXFORD(FORMERLY FAMILY CLINIC)","Dubai","Clinic","satwa","","43451145","","","https://www.medifinder.ae/medical/networks/fmc/standard-network"
"Family Medical Clinic - Ajman","Ajman","Clinic","new industrial area","","67114444","","","https://www.medifinder.ae/medical/networks/fmc/standard-network"
"FATHIMA MEDICAL CLINIC-FUJAIRAH","Fujairah","Clinic","fujairah","","92239946","","","https://www.medifinder.ae/medical/networks/fmc/standard-network"
"FATIMA MEDICAL CENTRE_ALAIN","Abu Dhabi","Clinic","gaba street","","37513883","","","https://www.medifinder.ae/medical/networks/fmc/standard-network"
"FIRST AID CLINIC LLC","Ajman","Clinic","sheikh rashid bin humeed st.","","67446752","","","https://www.medifinder.ae/medical/networks/fmc/standard-network"
"FIRST CITY MEDICAL CENTER","Abu Dhabi","Clinic","al falah street","","26417226","","","https://www.medifinder.ae/medical/networks/fmc/standard-network"
"First Gulf Medical Center  (Advanced Grp)","Sharjah","Clinic","muwaileh","","65347573","","","https://www.medifinder.ae/medical/networks/fmc/standard-network"
"Future Life General Medical Clinic LLC","Dubai","Clinic","lusaily","","42553032","","","https://www.medifinder.ae/medical/networks/fmc/standard-network"
"G M G MEDICAL CENTER L.L.C","Dubai","Clinic","al quoz 3","","42201918","","","https://www.medifinder.ae/medical/networks/fmc/standard-network"
"Genet Medical Center LLC","Abu Dhabi","Clinic","muroor road","","26669945","","","https://www.medifinder.ae/medical/networks/fmc/standard-network"
"Gh Medical Center L.L.C. L.L.C.","Abu Dhabi","Clinic","mafraq","","26289933","","","https://www.medifinder.ae/medical/networks/fmc/standard-network"
"Global Health Care Medical Center LLC","Ajman","Clinic","al amerah","","68864885","","","https://www.medifinder.ae/medical/networks/fmc/standard-network"
"GLOBEHEALTH GENERAL CLINIC LLC (formerly known as Amrita Medical Centre)","Dubai","Clinic","satwa","","43464180","","","https://www.medifinder.ae/medical/networks/fmc/standard-network"
"Grow and Glow Medclinic- Sole Propriertorship LLC","Abu Dhabi","Clinic","shahama","","26505388","","","https://www.medifinder.ae/medical/networks/fmc/standard-network"
"GULF MEDICAL CENTRE - DUBAI","Dubai","Clinic","deira","","42626000","","","https://www.medifinder.ae/medical/networks/fmc/standard-network"
"HALA MEDICAL CENTRE (formerly RAHMA MEDICAL CLINIC)","Abu Dhabi","Clinic","ghiathi","","28742437","","","https://www.medifinder.ae/medical/networks/fmc/standard-network"
"Harley International Medical Clinic (Al Raffa) Dubai","Dubai","Clinic","bur dubai","","43986677","","","https://www.medifinder.ae/medical/networks/fmc/standard-network"
"Health Clear Medical Center Llc","Abu Dhabi","Clinic","musaffah","","25535582","","","https://www.medifinder.ae/medical/networks/fmc/standard-network"
"Health go Medical Center L.L.C.","Abu Dhabi","Clinic","al mafraq","","25851331","","","https://www.medifinder.ae/medical/networks/fmc/standard-network"
"Healthline Medical Center L.L.C.","Abu Dhabi","Clinic","electra street","","25668600026344424","","","https://www.medifinder.ae/medical/networks/fmc/standard-network"
"HOLISTIC MEDICAL CENTRE SOLE PROPRIETORSHIP LLC BRANCH","Abu Dhabi","Clinic","khalifa city","","26661567","","","https://www.medifinder.ae/medical/networks/fmc/standard-network"
"HOLISTIC MEDICAL CENTRE SOLE PROPRIETORSHIP LLC BRANCH","Abu Dhabi","Clinic","khalifa street","","26661567026660388","","","https://www.medifinder.ae/medical/networks/fmc/standard-network"
"ICARE BLUE CLINIC BRANCH ABU HAIL (FORMERLY COSMOPOLITAN MEDICAL CENTRE BRANCH - AL MAMZAR)","Dubai","Clinic","deira","","42687272","","","https://www.medifinder.ae/medical/networks/fmc/standard-network"
"ICARE BLUE CLINIC BRANCH JAFZA (FORMERLY EMIRATES STAR MEDICAL CENTRE BRANCH)","Dubai","Clinic","jebel ali","","45904903","","","https://www.medifinder.ae/medical/networks/fmc/standard-network"
"ICARE BLUE CLINIC BURDUBAI (FORMERLY COSMOPOLITAN MEDICAL CENTRE LLC)","Dubai","Clinic","bur dubai","","45904903","","","https://www.medifinder.ae/medical/networks/fmc/standard-network"
"ICARE CLINIC BR OF EXCELHEALTHCARE LLC","Dubai","Clinic","jebel ali","","45727544","","","https://www.medifinder.ae/medical/networks/fmc/standard-network"
"Icare Oasis Branch of Excel Healthcare","Dubai","Clinic","al quoz 1","","42703333","","","https://www.medifinder.ae/medical/networks/fmc/standard-network"
"INDUS MEDICAL CENTER","Abu Dhabi","Clinic","al mafraq","","24467700","","","https://www.medifinder.ae/medical/networks/fmc/standard-network"
"Infinti Medical Center L.L.C","Abu Dhabi","Clinic","western region","","28882622","","","https://www.medifinder.ae/medical/networks/fmc/standard-network"
"Jupiter Al Qusais Polyclinic (Jupiter)","Dubai","Clinic","al qusais","","42630987","","","https://www.medifinder.ae/medical/networks/fmc/standard-network"
"KARAMA MEDICAL CENTER ALQUOZ MALL BR","Dubai","Clinic","al quoz 3","","43388227","","","https://www.medifinder.ae/medical/networks/fmc/standard-network"
"KARAMA MEDICAL CENTRE - JUMEIRAH","Dubai","Clinic","jumeirah","","44229867","","","https://www.medifinder.ae/medical/networks/fmc/standard-network"
"Karama Medical Centre BR Burjuman - Dubai ,( Right Health Group)","Dubai","Clinic","burjuman","","43533008","","","https://www.medifinder.ae/medical/networks/fmc/standard-network"
"Karama Medical Centre BR Muhaisnah 2 (Sonapur)","Dubai","Clinic","muhaisnah","","42385191","","","https://www.medifinder.ae/medical/networks/fmc/standard-network"
"Karama Medical Centre BR. Al Khail Gate (Al Quoz ) - Dubai","Dubai","Clinic","karama","","43366889","","","https://www.medifinder.ae/medical/networks/fmc/standard-network"
"Karama Medical Centre BR. Al Khail Gate (Al Quoz ) - Dubai","Dubai","Clinic","al quoz","","44533534","","","https://www.medifinder.ae/medical/networks/fmc/standard-network"
"Karama Medical Centre Dip BR. - DXB","Dubai","Clinic","dubai investment park","","48848368","","","https://www.medifinder.ae/medical/networks/fmc/standard-network"
"Khorfakkan Port Medical Centre","Sharjah","Clinic","khorfakan","","92371400","","","https://www.medifinder.ae/medical/networks/fmc/standard-network"
"LAIKA MEDICAL CENTER_SHARJAH","Sharjah","Clinic","buteena","","65627667","","","https://www.medifinder.ae/medical/networks/fmc/standard-network"
"Life Care Medical Center (Al Ghurfah) Dibba, Al Fujairah","Fujairah","Clinic","fujairah","","92444346","","","https://www.medifinder.ae/medical/networks/fmc/standard-network"
"Life Pharmacy 173 BR of Life Pharmacy","Dubai","Clinic","al quoz","","45610000","","","https://www.medifinder.ae/medical/networks/fmc/standard-network"
"LIFEGUARD GENERAL CLINIC L.L.C (Former Name OUR CARE AND CURE MEDICAL CENTER)","Dubai","Clinic","jebel ali","","45806451","","","https://www.medifinder.ae/medical/networks/fmc/standard-network"
"Limar Medical Centre (Buhaira Corniche) Sharjah","Sharjah","Clinic","al majaz","","65744245","","","https://www.medifinder.ae/medical/networks/fmc/standard-network"
"Liverpool Medical Center LLC (Burdubai) Dubai","Dubai","Clinic","bur dubai","","43379541","","","https://www.medifinder.ae/medical/networks/fmc/standard-network"
"LLH CLINIC L.L.C. - BRANCH (New)","Abu Dhabi","Clinic","mussafah","","24116180","","","https://www.medifinder.ae/medical/networks/fmc/standard-network"
"LLH CLINIC L.L.C. - BRANCH (New)","Abu Dhabi","Clinic","al dhafra region","","564010637","","","https://www.medifinder.ae/medical/networks/fmc/standard-network"
"LLH MEDICAL CENTRE AL MUSAFFAH L.L.C. - BRANCH 1","Abu Dhabi","Clinic","mussaffa","","24116450","","","https://www.medifinder.ae/medical/networks/fmc/standard-network"
"LLH MEDICAL CENTRE L.L.C.","Abu Dhabi","Clinic","mohammed bin zayed city","","24116452","","","https://www.medifinder.ae/medical/networks/fmc/standard-network"
"LLH OASIS MEDICAL CENTER LLC (Previously Burjeel Oasis Medical Centre L.L.C. - Abu Dhabi)","Abu Dhabi","Clinic","zayed city","","28946666","","","https://www.medifinder.ae/medical/networks/fmc/standard-network"
"Madawah Healthcare Clinic L.L.C","Dubai","Clinic","dubai investment park second","","43415603","","","https://www.medifinder.ae/medical/networks/fmc/standard-network"
"MADINAT AL AIN MEDICAL CENTER","Sharjah","Clinic","al wasit street","","65388235","","","https://www.medifinder.ae/medical/networks/fmc/standard-network"
"MAGRABI EYE CENTER - DAY CARE SURGERY - L L C","Abu Dhabi","Medical Center","hazza bin sultan streeet","","37612424","","","https://www.medifinder.ae/medical/networks/fmc/standard-network"
"MAGRHABI EYE & EAR CENTER - DAYCARE SURGERIES - BRANCH","Abu Dhabi","Medical Center","al arabi street","","26345000","","","https://www.medifinder.ae/medical/networks/fmc/standard-network"
"MAMPILLY MEDICAL CENTRE_SHARJAH(NEW)_MOH-F-1000079","Sharjah","Clinic","rolla","","65616464","","","https://www.medifinder.ae/medical/networks/fmc/standard-network"
"Mardan Medical Center- Sole Proprietorship LLC","Abu Dhabi","Clinic","mussaffa","","25463254","","","https://www.medifinder.ae/medical/networks/fmc/standard-network"
"MEDLIFE MEDICAL CENTRE L.L.C.","Abu Dhabi","Clinic","al hili","","37331033","","","https://www.medifinder.ae/medical/networks/fmc/standard-network"
"MEDLINE MEDICAL CENTER LLC","Abu Dhabi","Clinic","mussaffa","","25530577","","","https://www.medifinder.ae/medical/networks/fmc/standard-network"
"Medstar Clinics Sanaiya Al Ain LLC","Abu Dhabi","Clinic","al sanaiya","","37550075","","","https://www.medifinder.ae/medical/networks/fmc/standard-network"
"Mendhan Medical Centre LLC","Ras Al Khaimah","Clinic","al nakheel","","72286364","","","https://www.medifinder.ae/medical/networks/fmc/standard-network"
"Mgm Medical Centre (King Faisal St.) Sharjah","Sharjah","Clinic","king faisal street","","65741444","","","https://www.medifinder.ae/medical/networks/fmc/standard-network"
"MODERN FAMILY CLINIC L L C (BRANCH) (BARSHA)","Dubai","Clinic","al barsha 1","","43343263","","","https://www.medifinder.ae/medical/networks/fmc/standard-network"
"Multi Care Medical Centre (Al Quoz)- Dubai","Dubai","Clinic","al quoz","","45807899","","","https://www.medifinder.ae/medical/networks/fmc/standard-network"
"Mumtaz Al Noor Express Pharmacy (Al Baraha) Dubai","Dubai","Clinic","al baraha","","42350018","","","https://www.medifinder.ae/medical/networks/fmc/standard-network"
"N M C Royal Medical Center(Ex. Royal Medical and Dental Centre-RAK)","Ras Al Khaimah","Clinic","sidroh","","72332832","","","https://www.medifinder.ae/medical/networks/fmc/standard-network"
"N.M.C Medical Center L.L.C Shj BR.","Sharjah","Clinic","al majaz","","65667996","","","https://www.medifinder.ae/medical/networks/fmc/standard-network"
"N.M.C Medical Center L.L.C Shj BR.1","Sharjah","Clinic","al wasit street","","65388966065455966","","","https://www.medifinder.ae/medical/networks/fmc/standard-network"
"N.M.C Medical Center L.L.C Shj BR.2","Sharjah","Clinic","rolla square","","65182444","","","https://www.medifinder.ae/medical/networks/fmc/standard-network"
"N.M.C MEDICAL CENTER L.L.C SHJ BR.3(PREV SUNNY SPECIALITY MEDICAL CENTRE LLC)","Sharjah","Clinic","rolla","","65182444","","","https://www.medifinder.ae/medical/networks/fmc/standard-network"
"N.M.C Medical Center L.L.C Shj BR.4","Sharjah","Clinic","al nahda","","65305252","","","https://www.medifinder.ae/medical/networks/fmc/standard-network"
"N.M.C MEDICAL CENTRE FZC","Sharjah","Clinic","saif zone","","65914444","","","https://www.medifinder.ae/medical/networks/fmc/standard-network"
"Nadeem Medical Centre","Sharjah","Clinic","al wasit street","","65387979","","","https://www.medifinder.ae/medical/networks/fmc/standard-network"
"NAJM AL WAHDA CLINIC LLC (PREVIOUSLY DR. ALI S. HINDI CLINIC)","Sharjah","Clinic","abu shagara","","65746006","","","https://www.medifinder.ae/medical/networks/fmc/standard-network"
"Nanda Medical Centre","Sharjah","Clinic","bin ladin signal","","67150880","","","https://www.medifinder.ae/medical/networks/fmc/standard-network"
"Nasmat Al Shifaa Medical Centre LLC","Sharjah","Clinic","industrial area","","65562235","","","https://www.medifinder.ae/medical/networks/fmc/standard-network"
"NEW COMMUNITY MEDICAL CENTER LLC SP","Sharjah","Clinic","al qasimia","","65561023","","","https://www.medifinder.ae/medical/networks/fmc/standard-network"
"New Ibin Sina Medical Centre (Aah)","Ajman","Clinic","al jurf industrial","","67413330","","","https://www.medifinder.ae/medical/networks/fmc/standard-network"
"NEW MEDICAL CENTRE - NMC GROUP (Prev DR REENA BEEGUM MEDICAL CENTRE)","Dubai","Clinic","jafza","","48808856","","","https://www.medifinder.ae/medical/networks/fmc/standard-network"
"NEW MEDILIFE POLYCLINIC","Dubai","Clinic","al warsan","","42437666","","","https://www.medifinder.ae/medical/networks/fmc/standard-network"
"New Sanaiya Clinic Branch, Al Quoz- New Sanaiya Group","Dubai","Clinic","dip 1","","43791311","","","https://www.medifinder.ae/medical/networks/fmc/standard-network"
"NMC Dic Clinic and Pharmacy BR of NMC Royal Hospital Ltd Dubai BRANCH(NMC Dic Clinic)","Dubai","Clinic","al warsan","","48108714","","","https://www.medifinder.ae/medical/networks/fmc/standard-network"
"NMC MESK AL MADINA MEDICAL CENTRE","Abu Dhabi","Clinic","mussaffa","","25504333","","","https://www.medifinder.ae/medical/networks/fmc/standard-network"
"NMC POLYCLINIC DUBAI BRANCH","Dubai","Medical Center","jebel ali","","506281560","","","https://www.medifinder.ae/medical/networks/fmc/standard-network"
"NMC ROYAL FAMILY MEDICAL CENTER LLC  (PREVIOUSLY NMC DAY SURGERY CENTER LLC)","Abu Dhabi","Medical Center","mohammed bin zayed city","","26911500","","","https://www.medifinder.ae/medical/networks/fmc/standard-network"
"NMC ROYAL MEDICAL CENTRE  LLC (prev SUNNY HALWAN SPECIALITY MEDICAL CENTRE LLC)","Sharjah","Clinic","al wasit street","","65061666","","","https://www.medifinder.ae/medical/networks/fmc/standard-network"
"Noor Al Shefa Clinic Aweer","Dubai","Clinic","aweer","","43886601","","","https://www.medifinder.ae/medical/networks/fmc/standard-network"
"Noor Medical Clinic","Sharjah","Clinic","sharjah","","65684974","","","https://www.medifinder.ae/medical/networks/fmc/standard-network"
"Ojas Physiotherapy and Rehab (Al Qusais Ind. Second) Dubai","Dubai","Clinic","al qusais","","43449972","","","https://www.medifinder.ae/medical/networks/fmc/standard-network"
"Orthoplus Bone and Joint Center-MF1397","Abu Dhabi","Clinic","al ain","","37800378","","","https://www.medifinder.ae/medical/networks/fmc/standard-network"
"OXFORD MEDICAL CENTER","Abu Dhabi","Medical Center","taxi stand","","24489666","","","https://www.medifinder.ae/medical/networks/fmc/standard-network"
"Oxford Medical Center (Rolla) Dubai","Dubai","Clinic","rolla","","43795903","","","https://www.medifinder.ae/medical/networks/fmc/standard-network"
"PERFECT CARE MEDICAL CENTER L.L.C.","Abu Dhabi","Clinic","al ain","","37623381","","","https://www.medifinder.ae/medical/networks/fmc/standard-network"
"PESHAWAR MEDICAL CENTER LLC DUBAI","Dubai","Clinic","international city","","45707833","","","https://www.medifinder.ae/medical/networks/fmc/standard-network"
"PRIMACARE CLINIC L.L.C","Sharjah","Clinic","abu shagara","","65213119","","","https://www.medifinder.ae/medical/networks/fmc/standard-network"
"Prime Care Medical Centre LLC","Abu Dhabi","Clinic","mohamed bin zayed city","","25538188","","","https://www.medifinder.ae/medical/networks/fmc/standard-network"
"Prime Corp Medical Center Dip (BR of Primecorp Medical Center LLC)","Dubai","Clinic","jebel ali","","42720720","","","https://www.medifinder.ae/medical/networks/fmc/standard-network"
"Prime Cure Medical Center (Ex. Prime Medical Center - AUH)","Abu Dhabi","Clinic","al dhafra region","","28867115","","","https://www.medifinder.ae/medical/networks/fmc/standard-network"
"Primecorp Medical Center Al Qusais (Formerly Known As Prime Medical Center Al Qusais BR of Prime Medical Center Ll, Al Qusais (Prime Healthcare Group)","Dubai","Clinic","al qusais","","46079876","","","https://www.medifinder.ae/medical/networks/fmc/standard-network"
"Primecorp Medical Center Al Warsan BR of Primecorp Medical Center, Al Warsan (Prime Healthcare Group)","Dubai","Clinic","al warsan","","47070999","","","https://www.medifinder.ae/medical/networks/fmc/standard-network"
"PRIMECORP MEDICAL CENTER ALQOUZ LLC BRANCH","Dubai","Clinic","al quoz","","47070999","","","https://www.medifinder.ae/medical/networks/fmc/standard-network"
"Primecorp Medical Center Dwc (BR of Primecorp Medical Center LLC)","Dubai","Clinic","jebel ali","","42720720","","","https://www.medifinder.ae/medical/networks/fmc/standard-network"
"Primecorp Medical Center L.L.C Shj 1 - SHARJAH(PRIME Healthcare Group)","Sharjah","Clinic","nahda","","47070999","","","https://www.medifinder.ae/medical/networks/fmc/standard-network"
"Primecorp Medical Center LLC (Ex-Al Qouz Prime Corp Medical Center)","Dubai","Clinic","deira","","42329787","","","https://www.medifinder.ae/medical/networks/fmc/standard-network"
"RALS Healthcare (Br. of Abdulwaheed Bin Shahib Investment) - Jebel Ali","Dubai","Clinic","al raffa","","422757778007257","","","https://www.medifinder.ae/medical/networks/fmc/standard-network"
"RALS Healthcare (Br. of Abdulwaheed Bin Shahib Investment) - Jebel Ali","Dubai","Clinic","al qusais","","42275777","","","https://www.medifinder.ae/medical/networks/fmc/standard-network"
"RAYHAN GULF MEDICAL CENTER L.L.C","Sharjah","Clinic","abu shagara","","65454388","","","https://www.medifinder.ae/medical/networks/fmc/standard-network"
"Rayhan Primary Healthcare Centre - Sole Proprietorship","Abu Dhabi","Clinic","murabba street","","37510043","","","https://www.medifinder.ae/medical/networks/fmc/standard-network"
"Re Leaf Medical Centre (Dip 2) - Dubai","Dubai","Clinic","al quoz 2","","43377977","","","https://www.medifinder.ae/medical/networks/fmc/standard-network"
"Re Leaf Medical Centre (Dip 2) - Dubai","Dubai","Clinic","jebel ali","","43885456","","","https://www.medifinder.ae/medical/networks/fmc/standard-network"
"Regal Medical Centre  (Muwailih) Sharjah","Sharjah","Clinic","national paint r/a","","65354175","","","https://www.medifinder.ae/medical/networks/fmc/standard-network"
"Regional Medical and Dental Center LLC","Ras Al Khaimah","Clinic","al hamra","","72211999","","","https://www.medifinder.ae/medical/networks/fmc/standard-network"
"Releaf Medical Centre LLC (Formerly Releaf Medical Centre LLC Branch-Alqouz 1)","Dubai","Clinic","ras al khor","","43216222","","","https://www.medifinder.ae/medical/networks/fmc/standard-network"
"Remedy Plus Medical Clinic LLC","Dubai","Clinic","al quoz 3","","43202275","","","https://www.medifinder.ae/medical/networks/fmc/standard-network"
"Riaz Specialist Medical Center (Prvsly Riaz Medical Center) Sharjah","Sharjah","Clinic","al wasit street","","543221665","","","https://www.medifinder.ae/medical/networks/fmc/standard-network"
"Right Health Clinic Jurf2 LLC","Ajman","Clinic","jurf industrial zone 2","","67404141","","","https://www.medifinder.ae/medical/networks/fmc/standard-network"
"Right Health Medical Center Jurf Prvsly Right Health Clinic Jurf - Ajman","Ajman","Clinic","al jurf","","67494969","","","https://www.medifinder.ae/medical/networks/fmc/standard-network"
"ROLLA CLINIC","Sharjah","Clinic","rolla","","65683405","","","https://www.medifinder.ae/medical/networks/fmc/standard-network"
"Royal Clinic","Ajman","Clinic","al busthan","","67422210","","","https://www.medifinder.ae/medical/networks/fmc/standard-network"
"Rukin Al Shifaa Medical Centre (Al Rolla) Sharjah","Sharjah","Clinic","rolla square","","65740800","","","https://www.medifinder.ae/medical/networks/fmc/standard-network"
"SABA MEDICAL CENTER L.L.C N","Abu Dhabi","Clinic","mussaffa","","566966927","","","https://www.medifinder.ae/medical/networks/fmc/standard-network"
"Sadaf Al Sajah Medical Centre","Sharjah","Clinic","sajja","","67151998","","","https://www.medifinder.ae/medical/networks/fmc/standard-network"
"SADIQ POLYCLINIC - OWNER BY ZAIN ALI SALEH – SOLE PROPRIETORSHIP L.L.C.","Abu Dhabi","Clinic","mussaffa","","28864000","","","https://www.medifinder.ae/medical/networks/fmc/standard-network"
"SAHAR MEDICAL CENTRE L.L.C","Sharjah","Clinic","wasit street","","65420843","","","https://www.medifinder.ae/medical/networks/fmc/standard-network"
"Sahara Medical Center L.L.C Managed By LLH Hospital Al Musaffah L.L.C","Abu Dhabi","Clinic","mussaffa","","25556393","","","https://www.medifinder.ae/medical/networks/fmc/standard-network"
"Sahel Clinic","Abu Dhabi","Clinic","western region","","26049928","","","https://www.medifinder.ae/medical/networks/fmc/standard-network"
"Saif Zone Medical Centre Fzc","Sharjah","Clinic","sharjah airport","","65578471","","","https://www.medifinder.ae/medical/networks/fmc/standard-network"
"Sam Specialized Medical Center","Sharjah","Clinic","buhairah corniche","","65744664","","","https://www.medifinder.ae/medical/networks/fmc/standard-network"
"Seafarer Clinic","Sharjah","Clinic","khalid port","","65634522","","","https://www.medifinder.ae/medical/networks/fmc/standard-network"
"SEHA Ambulance Services","Abu Dhabi","Clinic","abu dhabi","","","","","https://www.medifinder.ae/medical/networks/fmc/standard-network"
"SHAH AL HOSN PLQ CLINIC","Abu Dhabi","Clinic","al dhafra region","","28085000","","","https://www.medifinder.ae/medical/networks/fmc/standard-network"
"SHARJAH CORNICHE MEDICAL & DAY SURGERY CENTRE LLC","Sharjah","Medical Center","al buhaira corniche","","65751222","","","https://www.medifinder.ae/medical/networks/fmc/standard-network"
"SHARJAH SPECIALIST MEDICAL CENTER L.L.C (HANEEFA MEDICAL CENTER)","Sharjah","Clinic","muweilah","","65729880","","","https://www.medifinder.ae/medical/networks/fmc/standard-network"
"SHEBA POLY CLINIC","Dubai","Clinic","deira","","43859190","","","https://www.medifinder.ae/medical/networks/fmc/standard-network"
"SHEIKH KHALIFA ENERGY CLINIC-ADNOC","Abu Dhabi","Clinic","corniche","","26020012","","","https://www.medifinder.ae/medical/networks/fmc/standard-network"
"Shifa Al Jazeera Medical Center-Shj ( Ex. Al Mahmoud Medical Center)","Sharjah","Clinic","al musalla","","65218889","","","https://www.medifinder.ae/medical/networks/fmc/standard-network"
"SHIFA AL JAZEERA MEDICAL CENTRE LLC","Ras Al Khaimah","Clinic","al nakheel","","72211218","","","https://www.medifinder.ae/medical/networks/fmc/standard-network"
"Shiraz Medical Center (Al Bada) (Prvsly Medicorp Gulf Medical Clinic) Dubai","Dubai","Clinic","al wasl","","43121000","","","https://www.medifinder.ae/medical/networks/fmc/standard-network"
"Smile Care Medical Center (Al Nakheel) RAK","Ras Al Khaimah","Clinic","al nakheel","","72282080","","","https://www.medifinder.ae/medical/networks/fmc/standard-network"
"Spanish Medical Center Sole Proprietorship LLC","Abu Dhabi","Clinic","al falah street","","26661012","","","https://www.medifinder.ae/medical/networks/fmc/standard-network"
"SPECTRUM MEDICAL CENTER - SOLE PROPRIETORSHIP L.L.C BRANCH","Abu Dhabi","Clinic","main street","","37556598","","","https://www.medifinder.ae/medical/networks/fmc/standard-network"
"SPECTRUM MEDICAL CENTER - SOLE PROPRIETORSHIP L.L.C BRANCH","Abu Dhabi","Clinic","main street","","37800778","","","https://www.medifinder.ae/medical/networks/fmc/standard-network"
"STANFORD MEDICAL CENTRE (PREVIOUSLY GHANIM MEDICAL CENTER)","Abu Dhabi","Clinic","electra street","","27775777","","","https://www.medifinder.ae/medical/networks/fmc/standard-network"
"STAR MEDICAL CENTRE BRANCH 1","Abu Dhabi","Clinic","electra road","","26219778","","","https://www.medifinder.ae/medical/networks/fmc/standard-network"
"STAR MEDICAL CENTRE BRANCH 1","Abu Dhabi","Clinic","mussaffa","","25558081","","","https://www.medifinder.ae/medical/networks/fmc/standard-network"
"Starcare Medical Center L.L.C  (Formerly Najm Al Raha Medical Center L.L.C)","Sharjah","Clinic","rolla","","65611099","","","https://www.medifinder.ae/medical/networks/fmc/standard-network"
"SUHA MEDICAL CENTER 1","Fujairah","Clinic","al hayl ind. area","","92282466","","","https://www.medifinder.ae/medical/networks/fmc/standard-network"
"Suha Medical Center LLC (Rugaylat) - Fujairah","Fujairah","Clinic","bidya","","554453800","","","https://www.medifinder.ae/medical/networks/fmc/standard-network"
"Sun Medical Clinic(Sun Medical Group)","Abu Dhabi","Clinic","industrial area","","37215434","","","https://www.medifinder.ae/medical/networks/fmc/standard-network"
"Sunil Medical Centre","Ajman","Clinic","nuaimia","","67483983","","","https://www.medifinder.ae/medical/networks/fmc/standard-network"
"Sunny Maysloon Speciality Medical Centre (Maysloon) Sharjah","Sharjah","Clinic","al nasseriya","","65014777","","","https://www.medifinder.ae/medical/networks/fmc/standard-network"
"SYED SADIQ GP CLINIC LLC","Dubai","Clinic","al quoz","","43306781","","","https://www.medifinder.ae/medical/networks/fmc/standard-network"
"TALAT MEDICAL CENTER","Abu Dhabi","Clinic","old passport road","","26777709","","","https://www.medifinder.ae/medical/networks/fmc/standard-network"
"Thumbay Clinic  LLC Fujairah","Fujairah","Clinic","shaikh zayed bin sultan road","","92227455","","","https://www.medifinder.ae/medical/networks/fmc/standard-network"
"Thumbay Clinic (Kalba) - Sharjah","Sharjah","Clinic","samnan","","65212277","","","https://www.medifinder.ae/medical/networks/fmc/standard-network"
"Thumbay Clinic (Kalba) - Sharjah","Sharjah","Clinic","al wahda","","67431333","","","https://www.medifinder.ae/medical/networks/fmc/standard-network"
"Thumbay Clinic Al Rashidiya 1 - Ajman","Ajman","Clinic","sheikh rashid bin humeed street","","67466661","","","https://www.medifinder.ae/medical/networks/fmc/standard-network"
"Thumbay Clinic LLC Branch 2 (Abu Shagara) Sharjah","Sharjah","Clinic","abu shagara","","67431333","","","https://www.medifinder.ae/medical/networks/fmc/standard-network"
"THUMBAY CLINIC LLC RAK 5(NEW)","Ras Al Khaimah","Clinic","al nakheel","","72267464","","","https://www.medifinder.ae/medical/networks/fmc/standard-network"
"THUMBAY CLINIC LLC(New) - UMM AL QUWAIN","Umm Al Quwain","Clinic","uaq","","67051533","","","https://www.medifinder.ae/medical/networks/fmc/standard-network"
"THUMBAY CLINIC S P S L L C","Ajman","Clinic","al jurf","","67705555","","","https://www.medifinder.ae/medical/networks/fmc/standard-network"
"THUMBAY HOSPITAL DAY CARE MUWAILAH","Sharjah","Medical Center","university city road","","67431333","","","https://www.medifinder.ae/medical/networks/fmc/standard-network"
"Total Care Clinic BR Alfuttaim Healthcare Single Person Company LLC, Jabal Ali (Healthhub)","Dubai","Clinic","jebel ali","","45967333","","","https://www.medifinder.ae/medical/networks/fmc/standard-network"
"UNIQUE CARE WELL MEDICAL CENTRE","Abu Dhabi","Clinic","mussaffa","","25510598","","","https://www.medifinder.ae/medical/networks/fmc/standard-network"
"UNITEAM PRIMARY HEALTH CARE CENTER L.L.C. - BRANCH - ABU SAMRA","Abu Dhabi","Clinic","abu samra","","800200700","","","https://www.medifinder.ae/medical/networks/fmc/standard-network"
"UNITEAM PRIMARY HEALTH CARE CENTER L.L.C. - BRANCH - AL DAHRA","Abu Dhabi","Clinic","maleleh","","800200700","","","https://www.medifinder.ae/medical/networks/fmc/standard-network"
"UNITEAM PRIMARY HEALTH CARE CENTER L.L.C. - BRANCH - AL SALAMAT","Abu Dhabi","Clinic","al salamat","","800200700","","","https://www.medifinder.ae/medical/networks/fmc/standard-network"
"UNITEAM PRIMARY HEALTH CARE CENTER L.L.C. - BRANCH - AL WATHBA","Abu Dhabi","Clinic","al wathba south","","800200700","","","https://www.medifinder.ae/medical/networks/fmc/standard-network"
"UNITEAM PRIMARY HEALTH CARE CENTER L.L.C. - BRANCH - UM GHAFFA","Abu Dhabi","Clinic","um ghaffa","","800200700","","","https://www.medifinder.ae/medical/networks/fmc/standard-network"
"Venniyil Medical Centre","Sharjah","Clinic","corniche","","65682258","","","https://www.medifinder.ae/medical/networks/fmc/standard-network"
"WELLCURE MEDICAL CENTER LLC","Ajman","Clinic","industrial area 3","","507453458","","","https://www.medifinder.ae/medical/networks/fmc/standard-network"
"Wellness Medical Center (New Industrial Area) Umm Al Quwain","Umm Al Quwain","Clinic","al raafah","","66786664","","","https://www.medifinder.ae/medical/networks/fmc/standard-network"
"Yasmed Medical Center LLC (New Industrial Area) Umm Al Quwain","Umm Al Quwain","Clinic","al raafah","","65299064","","","https://www.medifinder.ae/medical/networks/fmc/standard-network"
"Zaferulla Medical Centre","Sharjah","Clinic","industrial area 11","","65443080","","","https://www.medifinder.ae/medical/networks/fmc/standard-network"
"Aster Cedars Hospital Pharmacy Jebel Ali (Br Of Aster Dm Healthcare)","Dubai","Pharmacy","jebel ali","","48814000","","","https://www.medifinder.ae/medical/networks/fmc/standard-network"
"Life Check Pharmacy LLC","Dubai","Pharmacy","deira","","42523777","","","https://www.medifinder.ae/medical/networks/fmc/standard-network"
"Starcare Pharmacy (Rolla) Sharjah","Sharjah","Pharmacy","rolla","","65611099","","","https://www.medifinder.ae/medical/networks/fmc/standard-network"
"Outlet By Life Pharmacy LLC ( Ex. Real Pharmacy)","Dubai","Pharmacy","al barsha","","43413745","","","https://www.medifinder.ae/medical/networks/fmc/standard-network"
"Gayathy Hospital In Patient Pharmacy (SEHA)","Abu Dhabi","Pharmacy","ruwais","","28070000","","","https://www.medifinder.ae/medical/networks/fmc/standard-network"
"Habshan Pharmacy","Abu Dhabi","Pharmacy","al ruwais","","26038331","","","https://www.medifinder.ae/medical/networks/fmc/standard-network"
"Dar Al Shifaa Pharmacy LLC Branch 2","Abu Dhabi","Pharmacy","zaied street","","26411299","","","https://www.medifinder.ae/medical/networks/fmc/standard-network"
"Panorama Rx Pharmacy BR of Imara Health Care LLC","Dubai","Pharmacy","al thanya 3","","44557256","","","https://www.medifinder.ae/medical/networks/fmc/standard-network"
"Al Hawi Pharmacy - Life Healthcare","Dubai","Pharmacy","deira","","42221445","","","https://www.medifinder.ae/medical/networks/fmc/standard-network"
"Fawagee Pharmacy - Life Healthcare","Dubai","Pharmacy","nad al hamar","","42894111","","","https://www.medifinder.ae/medical/networks/fmc/standard-network"
"Fawagee Scientific Pharmacy - Life Healthcare","Dubai","Pharmacy","mirdiff","","42881800","","","https://www.medifinder.ae/medical/networks/fmc/standard-network"
"Health Point Pharmacy LLC - Life Healthcare Group","Dubai","Pharmacy","jvc","","45610000","","","https://www.medifinder.ae/medical/networks/fmc/standard-network"
"Al Ain Central Pharmacy Llc (Ainp)","Abu Dhabi","Pharmacy","al ain","","37227515","","","https://www.medifinder.ae/medical/networks/fmc/standard-network"
"National Al Ain Pharmacy-Llc (Ainp)","Abu Dhabi","Pharmacy","hili","","37627116","","","https://www.medifinder.ae/medical/networks/fmc/standard-network"
"Real One Pharmacy L.L.C-Life Healthcare Group","Dubai","Pharmacy","bur dubai","","43887704","","","https://www.medifinder.ae/medical/networks/fmc/standard-network"
"Alpha Peoples Pharmacy LLC","Dubai","Pharmacy","deira","","42567787","","","https://www.medifinder.ae/medical/networks/fmc/standard-network"
"Peoples Pharmacy","Dubai","Pharmacy","al barsha","","44475425","","","https://www.medifinder.ae/medical/networks/fmc/standard-network"
"Diamond 3 Pharmacy L.L.C-Life Healthcare Group","Dubai","Pharmacy","marina","","44537217","","","https://www.medifinder.ae/medical/networks/fmc/standard-network"
"Dragon Mart Pharmacy (BR of Aster Al Shafar Pharmacies Group L.L.C)","Dubai","Pharmacy","international city","","43687450","","","https://www.medifinder.ae/medical/networks/fmc/standard-network"
"New Silicon Pharmacy BR of Life Pharmacy, Dubai Silicon Oasis (Life Pharmacies)","Dubai","Pharmacy","silicon oasis","","43204410","","","https://www.medifinder.ae/medical/networks/fmc/standard-network"
"Medicina 27 Pharmacy","Ras Al Khaimah","Pharmacy","corniche","","72332580","","","https://www.medifinder.ae/medical/networks/fmc/standard-network"
"Al Ehsan Pharmacy - (Moopen's Group)","Dubai","Pharmacy","al thanyah","","45847303","","","https://www.medifinder.ae/medical/networks/fmc/standard-network"
"Arifa Pharmacy (Abu Hail Street) - Dubai","Dubai","Pharmacy","abu hail","","42389696","","","https://www.medifinder.ae/medical/networks/fmc/standard-network"
"AL MANARA PHARMACY-MURQAB","Sharjah","Pharmacy","al mirgab","","65213471","","","https://www.medifinder.ae/medical/networks/fmc/standard-network"
"Med Save Pharmacy (Br Of Aster Pharmacies Group L.L.C)","Dubai","Pharmacy","","","42847600","","","https://www.medifinder.ae/medical/networks/fmc/standard-network"
"Al Faisal Pharmacy L.L.C (BR of Aster Al Shafar Pharmacies Group L.L.C)","Dubai","Pharmacy","umm suqeim","","43485102","","","https://www.medifinder.ae/medical/networks/fmc/standard-network"
"Real 7 Pharmacy Dmcc Branch(Life)","Dubai","Pharmacy","jumeirah","","42428798","","","https://www.medifinder.ae/medical/networks/fmc/standard-network"
"Real 7 Pharmacy Dmcc Branch(Life)","Dubai","Pharmacy","jumeirah","","45516506","","","https://www.medifinder.ae/medical/networks/fmc/standard-network"
"Real 7 Pharmacy Dmcc Branch(Life)","Dubai","Pharmacy","jlt","","44391776","","","https://www.medifinder.ae/medical/networks/fmc/standard-network"
"Mumtaz Pharmacy","Dubai","Pharmacy","international city","","44344406","","","https://www.medifinder.ae/medical/networks/fmc/standard-network"
"HKMAT AL AIN PHARMACY - CO LLC","Abu Dhabi","Pharmacy","main street","","26411225","","","https://www.medifinder.ae/medical/networks/fmc/standard-network"
"AL MANARA PHARMACY ALSUFOUH","Dubai","Pharmacy","dubai media city","","42779361","","","https://www.medifinder.ae/medical/networks/fmc/standard-network"
"Town Life Pharmacy (Abu Dhabi Mall)","Abu Dhabi","Pharmacy","abu dhabi","","45610000","","","https://www.medifinder.ae/medical/networks/fmc/standard-network"
"Grand Royal Pharmacy - Life Healthcare Group","Dubai","Pharmacy","bur dubai","","43593445","","","https://www.medifinder.ae/medical/networks/fmc/standard-network"
"Al Qadsyah Pharmacy","Sharjah","Pharmacy","khorfakkan","","42637100","","","https://www.medifinder.ae/medical/networks/fmc/standard-network"
"Al Musalla Pharmacy(Medshop) - (Moopen's Group)","Dubai","Pharmacy","umm suqeim","","43284548","","","https://www.medifinder.ae/medical/networks/fmc/standard-network"
"Jabal Ali Gardens Pharmacy (BR of Aster Al Shafar Pharmacy Group L.L.C)","Dubai","Pharmacy","discovery gardens","","48820808","","","https://www.medifinder.ae/medical/networks/fmc/standard-network"
"Zahrath Al Neem Pharmacy LLC","Dubai","Pharmacy","al barsha south","","45824333","","","https://www.medifinder.ae/medical/networks/fmc/standard-network"
"Jansons Pharmacy - Dubai","Dubai","Pharmacy","bur dubai","","43514118","","","https://www.medifinder.ae/medical/networks/fmc/standard-network"
"Amber Pharmacy (Al Qusais 1) Dubai","Dubai","Pharmacy","deira","","42692307","","","https://www.medifinder.ae/medical/networks/fmc/standard-network"
"Amber Pharmacy (Al Qusais 1) Dubai","Dubai","Pharmacy","al qusais","","43558458","","","https://www.medifinder.ae/medical/networks/fmc/standard-network"
"Up Town Pharmacy (BR of Al Shafar Pharmacies Group L.L.C)","Dubai","Pharmacy","umm suqeim 2","","43392762","","","https://www.medifinder.ae/medical/networks/fmc/standard-network"
"Samer Pharmacy - Life Healthcare","Dubai","Pharmacy","karama","","43971909","","","https://www.medifinder.ae/medical/networks/fmc/standard-network"
"Al Dorra Pharmacy (BR of Aster Al Shafar Pharmacies Group L.L.C)","Dubai","Pharmacy","jumeirah","","43478481","","","https://www.medifinder.ae/medical/networks/fmc/standard-network"
"Absolute Wellness Medical Centre Pharmacy","Dubai","Pharmacy","al quoz","","48863521","","","https://www.medifinder.ae/medical/networks/fmc/standard-network"
"Zest Wellness Pharmacy LLC - Branch Of Abu Dhabi 1","Abu Dhabi","Pharmacy","","","25653462","","","https://www.medifinder.ae/medical/networks/fmc/standard-network"
"Zest Wellness Pharmacy LLC Shj Br","Sharjah","Pharmacy","al majaz 1","","65270457","","","https://www.medifinder.ae/medical/networks/fmc/standard-network"
"Topcare Pharmacy Al Jadeeda L.L.C","Ajman","Pharmacy","al jerf","","67455223","","","https://www.medifinder.ae/medical/networks/fmc/standard-network"
"AL RABIEE PHARMACY","Sharjah","Pharmacy","national paint r/a","","65352362","","","https://www.medifinder.ae/medical/networks/fmc/standard-network"
"Healthline Pharmacy LLC Â€“ Branch","Abu Dhabi","Pharmacy","baniyas","","25832908","","","https://www.medifinder.ae/medical/networks/fmc/standard-network"
"Dream Pharmacy - Life Healthcare - DXB","Dubai","Pharmacy","marina","","44227844","","","https://www.medifinder.ae/medical/networks/fmc/standard-network"
"Healthline Pharmacy - Madinat Alryadh Branch, (Hlds GRP)","Abu Dhabi","Pharmacy","al shamkha","","25668600","","","https://www.medifinder.ae/medical/networks/fmc/standard-network"
"Al Thiqa Al Thakhasysiya Pharmacy LLC","Abu Dhabi","Pharmacy","al manhal","","26316477","","","https://www.medifinder.ae/medical/networks/fmc/standard-network"
"Lulu Barsha Pharmacy LLC (Docib)","Dubai","Pharmacy","al barsha","","43418828","","","https://www.medifinder.ae/medical/networks/fmc/standard-network"
"LULU KHALIDIYA PHARMACY LLC","Abu Dhabi","Pharmacy","khalidiya","","26354440","","","https://www.medifinder.ae/medical/networks/fmc/standard-network"
"Life Al Mizhar First (BR of Life Pharmacy LLC) - Dubai","Dubai","Pharmacy","al mizhar","","42360046","","","https://www.medifinder.ae/medical/networks/fmc/standard-network"
"New Medical Centre Pharmacy Branch 1 (Al Majaz) Sharjah","Sharjah","Pharmacy","al majaz","","65974180","","","https://www.medifinder.ae/medical/networks/fmc/standard-network"
"NMC MEDICAL CENTRE PHARMACY LLC N.M.C BR 1","Sharjah","Pharmacy","buhairah corniche","","65974180","","","https://www.medifinder.ae/medical/networks/fmc/standard-network"
"Advanced Al Ain Pharmacy (Ainp)","Abu Dhabi","Pharmacy","al ain","","37513960","","","https://www.medifinder.ae/medical/networks/fmc/standard-network"
"New Medical Centre Pharmacy Branch (Rashidiya) Ajman","Ajman","Pharmacy","rashidiya 1","","65455966","","","https://www.medifinder.ae/medical/networks/fmc/standard-network"
"Abudhabi Pharmacy","Sharjah","Pharmacy","al khan area","","65568495","","","https://www.medifinder.ae/medical/networks/fmc/standard-network"
"Rukn Al Ufuq Pharmacy (Muweilah) Sharjah","Sharjah","Pharmacy","muwaileh","","65500363","","","https://www.medifinder.ae/medical/networks/fmc/standard-network"
"Elaj Pharmacy - Life Healthcare","Dubai","Pharmacy","deira","","42683377","","","https://www.medifinder.ae/medical/networks/fmc/standard-network"
"Lulu Karama Pharmacy Llc (Docib Grp)","Dubai","Pharmacy","karama","","43369970","","","https://www.medifinder.ae/medical/networks/fmc/standard-network"
"New Medical Centre Pharmacy Branch (Jafza) Dubai","Dubai","Pharmacy","jebel ali","","48808856","","","https://www.medifinder.ae/medical/networks/fmc/standard-network"
"Al Safa Al Quoz Pharmacy L.L.C (Faith Group)","Dubai","Pharmacy","al quoz","","43808824","","","https://www.medifinder.ae/medical/networks/fmc/standard-network"
"Lulu Raha Pharmacy Llc (Docib Grp)","Abu Dhabi","Pharmacy","baniyas","","25505051","","","https://www.medifinder.ae/medical/networks/fmc/standard-network"
"Janah Pharmacy L.L.C Branch-2","Sharjah","Pharmacy","rolla","","65643980","","","https://www.medifinder.ae/medical/networks/fmc/standard-network"
"Grand Dr Ismail Polyclinic L.L.C Pharmacy","Dubai","Pharmacy","hor al anz","","43706200","","","https://www.medifinder.ae/medical/networks/fmc/standard-network"
"Zara Pharmacy LLC, Al Satwa (Medon Pharmacy Group)","Dubai","Pharmacy","satwa","","45910099","","","https://www.medifinder.ae/medical/networks/fmc/standard-network"
"Al Shifa Uropi Pharmacy Dwc - Dubai","Dubai","Pharmacy","dubai world central","","43492330","","","https://www.medifinder.ae/medical/networks/fmc/standard-network"
"Right Choice Health Pharmacy","Abu Dhabi","Pharmacy","","","24917599","","","https://www.medifinder.ae/medical/networks/fmc/standard-network"
"Lana Pharmacy LLC JVC","Dubai","Pharmacy","jvc","","45891113","","","https://www.medifinder.ae/medical/networks/fmc/standard-network"
"Bait Al Shifaa New Pharmacy LLC Branch-NMC Health Care","Dubai","Pharmacy","deira","","42666464","","","https://www.medifinder.ae/medical/networks/fmc/standard-network"
"Al Tahani Pharmacy LLC","Abu Dhabi","Pharmacy","al manhal","","26347010","","","https://www.medifinder.ae/medical/networks/fmc/standard-network"
"Sofitel Pharmacy Llc (Ainp)","Abu Dhabi","Pharmacy","al maqam area","","37676439","","","https://www.medifinder.ae/medical/networks/fmc/standard-network"
"Pharmacy Excellency Ghayathi Poly Clinics L.L.C.","Abu Dhabi","Pharmacy","","","26410986","","","https://www.medifinder.ae/medical/networks/fmc/standard-network"
"Pharmacy Excellency Ghayathi Poly Clinics L.L.C.","Abu Dhabi","Pharmacy","gayathi","","26777676","","","https://www.medifinder.ae/medical/networks/fmc/standard-network"
"DROPS PHARMACY (AL BARSHA)","Dubai","Pharmacy","al barsha 1","","43206500","","","https://www.medifinder.ae/medical/networks/fmc/standard-network"
"Co-Operative Pharmacy - Life Healthcare","Dubai","Pharmacy","deira","","42269283","","","https://www.medifinder.ae/medical/networks/fmc/standard-network"
"Emerald Pharmacy LLC","Abu Dhabi","Pharmacy","","","25554165","","","https://www.medifinder.ae/medical/networks/fmc/standard-network"
"Queens Pharmacy","Abu Dhabi","Pharmacy","mussaffa","","28864001","","","https://www.medifinder.ae/medical/networks/fmc/standard-network"
"Viva Pharmacy Llc","Dubai","Pharmacy","jumeirah first","","43231317","","","https://www.medifinder.ae/medical/networks/fmc/standard-network"
"Al Nahrain Pharmacy 1 LLC (Al Helio 2) Ajman","Ajman","Pharmacy","al nuaimia","","67449207","","","https://www.medifinder.ae/medical/networks/fmc/standard-network"
"AL GHAD AL AFDAL PHARMACY L.L.C","Sharjah","Pharmacy","al qusais 3","","65469646","","","https://www.medifinder.ae/medical/networks/fmc/standard-network"
"MEDICINA BAIN AL QASRAIN PHARMACY","Abu Dhabi","Pharmacy","abu dhabi","","24469300","","","https://www.medifinder.ae/medical/networks/fmc/standard-network"
"Al Jumeiyah Al Taawoniyah Pharmacy LLC- DXB","Dubai","Pharmacy","al mankhool","","43986302","","","https://www.medifinder.ae/medical/networks/fmc/standard-network"
"Horizon Health Care Pharmacy","Dubai","Pharmacy","tecom","","44541225","","","https://www.medifinder.ae/medical/networks/fmc/standard-network"
"SUHA PHARMACY 1","Fujairah","Pharmacy","al hayl ind. area","","92448009","","","https://www.medifinder.ae/medical/networks/fmc/standard-network"
"Lulu Pharmacy LLC - Ajman","Ajman","Pharmacy","al bustan","","67457771","","","https://www.medifinder.ae/medical/networks/fmc/standard-network"
"Emirates Hospital Pharmacy- Dubai","Dubai","Pharmacy","jumeirah","","43496666","","","https://www.medifinder.ae/medical/networks/fmc/standard-network"
"Public Health Pharmacy L.L.C","Abu Dhabi","Pharmacy","baniyas","","26214626","","","https://www.medifinder.ae/medical/networks/fmc/standard-network"
"Modern Care Pharmacy Branch Deira Waterfront","Dubai","Pharmacy","corniche","","43686411","","","https://www.medifinder.ae/medical/networks/fmc/standard-network"
"PURE PATH PHARMACY L L C SP","Sharjah","Pharmacy","al sajja industrial area","","65518894","","","https://www.medifinder.ae/medical/networks/fmc/standard-network"
"Health Time Pharmacy","Abu Dhabi","Pharmacy","baniyas","","25554006","","","https://www.medifinder.ae/medical/networks/fmc/standard-network"
"Badar Pharmacy Llc (Salam)","Sharjah","Pharmacy","rolla","","65215516","","","https://www.medifinder.ae/medical/networks/fmc/standard-network"
"Dear Health Pharmacy","Ajman","Pharmacy","sheikh khalifa bin zayed street","","67471335","","","https://www.medifinder.ae/medical/networks/fmc/standard-network"
"First Dear Health Pharmacy","Ajman","Pharmacy","al rashidiya","","67413344","","","https://www.medifinder.ae/medical/networks/fmc/standard-network"
"AL HASHMI PHARMACY","Sharjah","Pharmacy","khorfakkan","","92386508","","","https://www.medifinder.ae/medical/networks/fmc/standard-network"
"Dar Al Noor Pharmacy LLC - Dubai","Dubai","Pharmacy","naif","","42322080","","","https://www.medifinder.ae/medical/networks/fmc/standard-network"
"Neo Pharmacy LLC (Formerly Neo Pharmacy LLC Branch Alqouz 1)","Dubai","Pharmacy","jebel ali","","43885436","","","https://www.medifinder.ae/medical/networks/fmc/standard-network"
"Afridi Pharmacy LLC","Dubai","Pharmacy","muhaisnah 2","","42711802","","","https://www.medifinder.ae/medical/networks/fmc/standard-network"
"Reem Al Nahdah Pharmacy LLC","Sharjah","Pharmacy","al nahda","","65255825","","","https://www.medifinder.ae/medical/networks/fmc/standard-network"
"Medseven Pharmacy Ltd (Difc) Dubai","Dubai","Pharmacy","difc","","45467274","","","https://www.medifinder.ae/medical/networks/fmc/standard-network"
"Onyx Pharmacy","Dubai","Pharmacy","business bay","","44564583","","","https://www.medifinder.ae/medical/networks/fmc/standard-network"
"Al Maleha Pharmacy","Sharjah","Pharmacy","dhaid","","68826855","","","https://www.medifinder.ae/medical/networks/fmc/standard-network"
"Al Deqqa Pharmacy","Dubai","Pharmacy","hor al anz","","42387542","","","https://www.medifinder.ae/medical/networks/fmc/standard-network"
"Lulu Al Falah Pharmacy LLC Docib","Sharjah","Pharmacy","industrial area 4","","65362225","","","https://www.medifinder.ae/medical/networks/fmc/standard-network"
"Al Nahda Pharmacy (Ras Al Khor) Dubai","Dubai","Pharmacy","ras al khor","","43200501","","","https://www.medifinder.ae/medical/networks/fmc/standard-network"
"U D S Pharmacy LLC","Dubai","Pharmacy","industrial area 1","","44225712","","","https://www.medifinder.ae/medical/networks/fmc/standard-network"
"Orbit Star Pharmacy L.L.C - Dubai","Dubai","Pharmacy","al barsha","","42348918","","","https://www.medifinder.ae/medical/networks/fmc/standard-network"
"Moon Light Medical Center Pharmacy L.L.C.","Abu Dhabi","Pharmacy","al ain industrial area","","37519940","","","https://www.medifinder.ae/medical/networks/fmc/standard-network"
"Alya Pharmacy L.L.C (Al Qasimi) - RAK","Ras Al Khaimah","Pharmacy","al turfa","","72441235","","","https://www.medifinder.ae/medical/networks/fmc/standard-network"
"New Pharmacy Company WLL - Branch 1","Abu Dhabi","Pharmacy","al danah","","26322379","","","https://www.medifinder.ae/medical/networks/fmc/standard-network"
"EXPERT PHARMACY_AUH","Abu Dhabi","Pharmacy","al mafraq","","26225566","","","https://www.medifinder.ae/medical/networks/fmc/standard-network"
"Hopecare Pharmacy LLC","Dubai","Pharmacy","hor al anz","","42268881","","","https://www.medifinder.ae/medical/networks/fmc/standard-network"
"Al Mulayim Pharmacy (Muhaisnah Second) Dubai","Dubai","Pharmacy","muhaisnah","","529788211","","","https://www.medifinder.ae/medical/networks/fmc/standard-network"
"AL NOOR PHARMACY (MADINAT ZAYED - BRANCH 2)","Abu Dhabi","Pharmacy","airport road","","24944590","","","https://www.medifinder.ae/medical/networks/fmc/standard-network"
"Med Doc Pharmacy - L.L.C - O.P.C","Abu Dhabi","Pharmacy","al zahiyah","","26428605","","","https://www.medifinder.ae/medical/networks/fmc/standard-network"
"Al Corniche Pharmacy - Dubai","Dubai","Pharmacy","jumeirah","","43447220","","","https://www.medifinder.ae/medical/networks/fmc/standard-network"
"Al Darary Pharmacy (Noora Group)","Sharjah","Pharmacy","industrial area","","65397282","","","https://www.medifinder.ae/medical/networks/fmc/standard-network"
"BALSAM PHARMACY_RAK","Ras Al Khaimah","Pharmacy","al nakheel","","72222868","","","https://www.medifinder.ae/medical/networks/fmc/standard-network"
"Al Ahrar Pharmacy- Shj - Pharmaethics Group","Sharjah","Pharmacy","sharjah","","65520003","","","https://www.medifinder.ae/medical/networks/fmc/standard-network"
"Lahore Pharmacy (Zia)","Abu Dhabi","Pharmacy","abu dhabi","","25508988","","","https://www.medifinder.ae/medical/networks/fmc/standard-network"
"Galaxy Pharmacy LLC","Ajman","Pharmacy","rashidiya 1","","67441886","","","https://www.medifinder.ae/medical/networks/fmc/standard-network"
"Y A Z Pharmacy LLC","Dubai","Pharmacy","hor al anz","","45478789","","","https://www.medifinder.ae/medical/networks/fmc/standard-network"
"Med Doc Pharmacy (Jvt) Dubai","Dubai","Pharmacy","jvt","","44248097","","","https://www.medifinder.ae/medical/networks/fmc/standard-network"
"Gsm Greens Pharmacy L.L.C","Dubai","Pharmacy","bur dubai","","48831002","","","https://www.medifinder.ae/medical/networks/fmc/standard-network"
"NAJMAT MUWEILAH PHARMACY LLC","Sharjah","Pharmacy","muwaileh","","65220260","","","https://www.medifinder.ae/medical/networks/fmc/standard-network"
"Al Kausar Pharmacy - DXB","Dubai","Pharmacy","bur dubai","","43938485","","","https://www.medifinder.ae/medical/networks/fmc/standard-network"
"Grand Al Kausar Pharmacy - DXB","Dubai","Pharmacy","bur dubai","","43511406","","","https://www.medifinder.ae/medical/networks/fmc/standard-network"
"Innovation Family Pharmacy L.L.C","Dubai","Pharmacy","umm suqeim","","43417924","","","https://www.medifinder.ae/medical/networks/fmc/standard-network"
"DAS MEDICAL CENTER PHARMACY","Abu Dhabi","Pharmacy","das island","","26063500","","","https://www.medifinder.ae/medical/networks/fmc/standard-network"
"Oxford Pharmacy","Abu Dhabi","Pharmacy","abu dhabi","","24489191","","","https://www.medifinder.ae/medical/networks/fmc/standard-network"
"Al Sanaiya Pharmacy - Al Ain","Abu Dhabi","Pharmacy","main street","","37657105","","","https://www.medifinder.ae/medical/networks/fmc/standard-network"
"Giant Pharmacy LLC","Abu Dhabi","Pharmacy","mussaffa","","25517211","","","https://www.medifinder.ae/medical/networks/fmc/standard-network"
"SBN 2 PHARMACY LLC","Dubai","Pharmacy","deira","","42714040","","","https://www.medifinder.ae/medical/networks/fmc/standard-network"
"Hakeem Pharmacy FZE (DUBAI SILICON OASIS)","Dubai","Pharmacy","silicon oasis","","42591709","","","https://www.medifinder.ae/medical/networks/fmc/standard-network"
"JEDDAH PHARMACY","Sharjah","Pharmacy","dhaid","","68832993","","","https://www.medifinder.ae/medical/networks/fmc/standard-network"
"GIGI PHARMACY (ABU DHABI)","Abu Dhabi","Pharmacy","al naser st.","","26289371","","","https://www.medifinder.ae/medical/networks/fmc/standard-network"
"800 Pharma Pharmacy LLC","Dubai","Pharmacy","jvc","","45843143","","","https://www.medifinder.ae/medical/networks/fmc/standard-network"
"800 Pharma Pharmacy LLC","Dubai","Pharmacy","tecom","","65579567","","","https://www.medifinder.ae/medical/networks/fmc/standard-network"
"800 Pharma Pharmacy Sharjah Branch","Sharjah","Pharmacy","muwaileh commerical","","65737633","","","https://www.medifinder.ae/medical/networks/fmc/standard-network"
"A K PHARMACY - SOLE PROPRIETORSHIP L.L.C.","Abu Dhabi","Pharmacy","mussaffa","","25562744","","","https://www.medifinder.ae/medical/networks/fmc/standard-network"
"Abc Plus Pharmacy - Branch","Abu Dhabi","Pharmacy","mafraq","","26227901","","","https://www.medifinder.ae/medical/networks/fmc/standard-network"
"ABDULLAH PHARMACY LLC","Ajman","Pharmacy","karama area","","67442215","","","https://www.medifinder.ae/medical/networks/fmc/standard-network"
"ABE AL FIDA PHARMACY","Sharjah","Pharmacy","buteena area","","65658008","","","https://www.medifinder.ae/medical/networks/fmc/standard-network"
"Abeer Al Noor Poly Clinic Pharmacy Branch (Muhaisanah Second) Dubai","Dubai","Pharmacy","muhaisnah","","43298661","","","https://www.medifinder.ae/medical/networks/fmc/standard-network"
"Abu Al Abyad PHC Pharmacy","Abu Dhabi","Pharmacy","abu al abyad island","","28070000","","","https://www.medifinder.ae/medical/networks/fmc/standard-network"
"Abu Dhabi Refinery Pharmacy","Abu Dhabi","Pharmacy","corniche","","26022017","","","https://www.medifinder.ae/medical/networks/fmc/standard-network"
"Abwab Bait Al Maqdes Pharmacy LLC, Al Khan -Bait Al Maqdes GRP","Sharjah","Pharmacy","al khan","","65565363","","","https://www.medifinder.ae/medical/networks/fmc/standard-network"
"Access Pharmacy 2 (BR of Aster Pharmacies Group LLC)","Dubai","Pharmacy","sonapur","","42637531","","","https://www.medifinder.ae/medical/networks/fmc/standard-network"
"Access Pharmacy 3 (BR of Aster Pharmacies Group LLC)","Dubai","Pharmacy","al yalayis","","45910264","","","https://www.medifinder.ae/medical/networks/fmc/standard-network"
"Access Pharmacy Ajman-Aster Pharmacies Group","Ajman","Pharmacy","industrial area","","67462011","","","https://www.medifinder.ae/medical/networks/fmc/standard-network"
"ADAMS PHARMACY LLC (BRANCH)","Dubai","Pharmacy","al qusais","","42948086","","","https://www.medifinder.ae/medical/networks/fmc/standard-network"
"ADAMS PHARMACY LLC (BRANCH)","Dubai","Pharmacy","al warqa","","42888411","","","https://www.medifinder.ae/medical/networks/fmc/standard-network"
"Adnoc Onshore Medical Centre Pharmacy","Abu Dhabi","Pharmacy","al khalidiya","","26043016","","","https://www.medifinder.ae/medical/networks/fmc/standard-network"
"ADVANCED CARE PHARMACY L.L.C","Abu Dhabi","Pharmacy","airport road","","26336231","","","https://www.medifinder.ae/medical/networks/fmc/standard-network"
"Advanced Care Pharmacy(Advanced Grp)","Dubai","Pharmacy","al quoz","","43307120","","","https://www.medifinder.ae/medical/networks/fmc/standard-network"
"Advanced Care Plus Pharmacy LLC - DXB","Dubai","Pharmacy","jebel ali","","48829700","","","https://www.medifinder.ae/medical/networks/fmc/standard-network"
"AHMED AL HADITHAH PHARMACY","Sharjah","Pharmacy","al qasimia","","65533033","","","https://www.medifinder.ae/medical/networks/fmc/standard-network"
"Aknaf Bait Al Maqdes Pharmacy LLC","Sharjah","Pharmacy","al majaz","","65500602","","","https://www.medifinder.ae/medical/networks/fmc/standard-network"
"Al Ahd Pharmacy","Ras Al Khaimah","Pharmacy","nakheel","","72277970","","","https://www.medifinder.ae/medical/networks/fmc/standard-network"
"AL AHYAN PHARMACY-SOLE PROPRIETORSHIP L.L.C.","Abu Dhabi","Pharmacy","al ain","","37343317","","","https://www.medifinder.ae/medical/networks/fmc/standard-network"
"AL AIN ALAIN PHARMACY - SOLE PROPRIETORSHIP L.L.C.- BRANCH 16 (PRE.PHARMACY -(LLC)-BRANCH EARTH)","Abu Dhabi","Pharmacy","al ain","","37666132","","","https://www.medifinder.ae/medical/networks/fmc/standard-network"
"AL AIN CENTER PHARMACY L.L.C.","Ajman","Pharmacy","al nuaimia 1","","67442542","","","https://www.medifinder.ae/medical/networks/fmc/standard-network"
"AL AIN KHALEEJ HOSPITAL PHARMACY","Abu Dhabi","Pharmacy","al jimi area","","37133333","","","https://www.medifinder.ae/medical/networks/fmc/standard-network"
"Al Ain Pharmacy Bawadi Mall Llc (Ainp)","Abu Dhabi","Pharmacy","mezyad","","37840410","","","https://www.medifinder.ae/medical/networks/fmc/standard-network"
"Al Ain Pharmacy LLC Branch 1","Abu Dhabi","Pharmacy","al ain","","37655120","","","https://www.medifinder.ae/medical/networks/fmc/standard-network"
"Al Aina Pharmacy","Abu Dhabi","Pharmacy","mussaffa","","25833024","","","https://www.medifinder.ae/medical/networks/fmc/standard-network"
"Al Amal Pharmacy Branch","Abu Dhabi","Pharmacy","baniyas","","25833996","","","https://www.medifinder.ae/medical/networks/fmc/standard-network"
"Al Aman Pharmacy","Sharjah","Pharmacy","sharjah","","65233991","","","https://www.medifinder.ae/medical/networks/fmc/standard-network"
"Al Aman Pharmacy - Ras Al Khaimah","Ras Al Khaimah","Pharmacy","al nakheel","","42344430","","","https://www.medifinder.ae/medical/networks/fmc/standard-network"
"Al Amani Pharmacy","Sharjah","Pharmacy","hatin","","42637100","","","https://www.medifinder.ae/medical/networks/fmc/standard-network"
"AL AMAZON PHARMACY L.L.C","Abu Dhabi","Pharmacy","hamdan street","","23094292","","","https://www.medifinder.ae/medical/networks/fmc/standard-network"
"Al Ameen Pharmacy Llc Branch","Dubai","Pharmacy","deira","","42713695","","","https://www.medifinder.ae/medical/networks/fmc/standard-network"
"Al Azhar Al Jadeeda Pharmacy - Jebel Ali","Dubai","Pharmacy","jebel ali","","48800703","","","https://www.medifinder.ae/medical/networks/fmc/standard-network"
"Al Azhar Pharmacy-Dip -1 (Ex-Al Azhar Pharmacy)","Dubai","Pharmacy","dip 1","","48859598","","","https://www.medifinder.ae/medical/networks/fmc/standard-network"
"AL BADAR PHARMACY","Dubai","Pharmacy","karama","","43348129","","","https://www.medifinder.ae/medical/networks/fmc/standard-network"
"AL BAHR PHARMACY","Sharjah","Pharmacy","sajja industrial area","","65697667","","","https://www.medifinder.ae/medical/networks/fmc/standard-network"
"AL BARAKA PHARMACY","Ajman","Pharmacy","karama area","","67425859","","","https://www.medifinder.ae/medical/networks/fmc/standard-network"
"AL BARAKA PHARMACY - DUBAI","Dubai","Pharmacy","deira","","42230500","","","https://www.medifinder.ae/medical/networks/fmc/standard-network"
"Al Barashi Pharmacy (Al Barashi) Sharjah","Sharjah","Pharmacy","barashi","","65248828","","","https://www.medifinder.ae/medical/networks/fmc/standard-network"
"Al Bassam PHARMACY,BUHAIRA Corniche-Relief Healthcare Group","Sharjah","Pharmacy","buhaira corniche","","65379446","","","https://www.medifinder.ae/medical/networks/fmc/standard-network"
"AL BAYAN PHARMACY","Sharjah","Pharmacy","rolla mall","","65687772","","","https://www.medifinder.ae/medical/networks/fmc/standard-network"
"Al Bedaya Pharmacy (Al Sajaa) Sharjah","Sharjah","Pharmacy","sajja industrial area","","67676177","","","https://www.medifinder.ae/medical/networks/fmc/standard-network"
"AL BURAQ PHARMACY LLC","Dubai","Pharmacy","meydan","","45858806","","","https://www.medifinder.ae/medical/networks/fmc/standard-network"
"Al Burhan Pharmacy (Maliha Rd.) Sharjah","Sharjah","Pharmacy","muwaileh commerical","","65320585","","","https://www.medifinder.ae/medical/networks/fmc/standard-network"
"Al Burooj Pharmacy - Sole Proprietorship L.L.C. (Ex-Al Burooj Pharmacy LLC)","Abu Dhabi","Pharmacy","al danah","","25545993","","","https://www.medifinder.ae/medical/networks/fmc/standard-network"
"Al Bustan Pharmacy Ajman (Gharafa)","Ajman","Pharmacy","al bustan","","67447969","","","https://www.medifinder.ae/medical/networks/fmc/standard-network"
"Al Canary Pharmacy","Sharjah","Pharmacy","muwaileh commerical","","65352980","","","https://www.medifinder.ae/medical/networks/fmc/standard-network"
"AL DABBAIYA PHARMACY","Abu Dhabi","Pharmacy","western region","","26035269","","","https://www.medifinder.ae/medical/networks/fmc/standard-network"
"AL DEWAN PHARMACY - DUBAI","Dubai","Pharmacy","bur dubai","","43530099","","","https://www.medifinder.ae/medical/networks/fmc/standard-network"
"AL DOHA PHARMACY","Ajman","Pharmacy","hamidiya","","67433032","","","https://www.medifinder.ae/medical/networks/fmc/standard-network"
"AL ENAYA AL FAIQA PHARMACY LLC","Dubai","Pharmacy","al quoz 3","","43213151","","","https://www.medifinder.ae/medical/networks/fmc/standard-network"
"Al Enwan Pharmacy (Al Marija St) - Sharjah","Sharjah","Pharmacy","al marija street","","42641808","","","https://www.medifinder.ae/medical/networks/fmc/standard-network"
"Al Farah Al Haditha Pharmacy","Sharjah","Pharmacy","al qasimia","","65746066","","","https://www.medifinder.ae/medical/networks/fmc/standard-network"
"Al Farah Pharmacy - Sharjah","Sharjah","Pharmacy","al nahda","","65363707","","","https://www.medifinder.ae/medical/networks/fmc/standard-network"
"AL FARAHIDI PHARMACY","Dubai","Pharmacy","al aweer","","42870983","","","https://www.medifinder.ae/medical/networks/fmc/standard-network"
"AL FARDOUS PHARMACY LLC","Ajman","Pharmacy","industrial area","","67439032","","","https://www.medifinder.ae/medical/networks/fmc/standard-network"
"Al Fares Pharmacy (Bait Al Maqdes)","Sharjah","Pharmacy","al mamzar","","65304212","","","https://www.medifinder.ae/medical/networks/fmc/standard-network"
"Al Furqan Pharmacy","Abu Dhabi","Pharmacy","mafraq","","26440077","","","https://www.medifinder.ae/medical/networks/fmc/standard-network"
"AL GHAD PHARMACY L.L.C (TEMP CLOSED)","Sharjah","Pharmacy","muweilah","","65468799","","","https://www.medifinder.ae/medical/networks/fmc/standard-network"
"Al Ghail Pharmacy","Ras Al Khaimah","Pharmacy","al ghail","","72580010","","","https://www.medifinder.ae/medical/networks/fmc/standard-network"
"AL GUWAIR PHARMACY","Sharjah","Pharmacy","al zahra street","","65626676","","","https://www.medifinder.ae/medical/networks/fmc/standard-network"
"AL HAMRA PHARMACY","Ras Al Khaimah","Pharmacy","rak","","72447788","","","https://www.medifinder.ae/medical/networks/fmc/standard-network"
"Al Hana Pharmacy (Al Mankhool) Dubai","Dubai","Pharmacy","al jaffiliya","","42719122","","","https://www.medifinder.ae/medical/networks/fmc/standard-network"
"AL HARMEEN PHARMACY","Ras Al Khaimah","Pharmacy","nakheel","","72277970","","","https://www.medifinder.ae/medical/networks/fmc/standard-network"
"Al Hayat Pharmacy LLC","Umm Al Quwain","Pharmacy","umm al quwain","","67679399","","","https://www.medifinder.ae/medical/networks/fmc/standard-network"
"Al Hijrah Pharmacy LLC","Sharjah","Pharmacy","sajja","","65361622","","","https://www.medifinder.ae/medical/networks/fmc/standard-network"
"Al Hokamaa Pharmacy LLC - DUBAI(AQUA Pharmacy Group)","Dubai","Pharmacy","al qusais","","42613151","","","https://www.medifinder.ae/medical/networks/fmc/standard-network"
"AL HOSN PHARMACY L.L.C","Abu Dhabi","Pharmacy","corniche","","26662739","","","https://www.medifinder.ae/medical/networks/fmc/standard-network"
"AL HUDA PHARMACY","Sharjah","Pharmacy","al zahra street","","65630528","","","https://www.medifinder.ae/medical/networks/fmc/standard-network"
"AL IMAN PHARMACY - ADH","Abu Dhabi","Pharmacy","old passport road","","24462156","","","https://www.medifinder.ae/medical/networks/fmc/standard-network"
"Al Inaya Pharmacy","Sharjah","Pharmacy","industrial area 6","","65267624","","","https://www.medifinder.ae/medical/networks/fmc/standard-network"
"AL IRHUM PHARMACY","Dubai","Pharmacy","international city","","558836225","","","https://www.medifinder.ae/medical/networks/fmc/standard-network"
"AL ISRAA PHARMACY","Sharjah","Pharmacy","national paint r/a","","65427005","","","https://www.medifinder.ae/medical/networks/fmc/standard-network"
"Al Israr Pharmacy LLC","Sharjah","Pharmacy","maliha","","65770027","","","https://www.medifinder.ae/medical/networks/fmc/standard-network"
"Al Itihad Pharmacy - Majaz- Relief Healthcare Group","Sharjah","Pharmacy","al majaz","","65594767","","","https://www.medifinder.ae/medical/networks/fmc/standard-network"
"AL ITTEHAD PHARMACY","Ajman","Pharmacy","karama area","","67456464","","","https://www.medifinder.ae/medical/networks/fmc/standard-network"
"AL JAFLIYAH PHARMACY","Dubai","Pharmacy","satwa","","43981317","","","https://www.medifinder.ae/medical/networks/fmc/standard-network"
"AL JAMAL PHARMACY","Abu Dhabi","Pharmacy","al jimmi area","","37622747","","","https://www.medifinder.ae/medical/networks/fmc/standard-network"
"AL JAMAL PHARMACY","Sharjah","Pharmacy","rolla","","65239741","","","https://www.medifinder.ae/medical/networks/fmc/standard-network"
"Al Jareena Pharmacy (Al Khan) Sharjah","Sharjah","Pharmacy","maryam islands","","65103888","","","https://www.medifinder.ae/medical/networks/fmc/standard-network"
"AL JEEL PHARMACY","Abu Dhabi","Pharmacy","al falah street","","25504344","","","https://www.medifinder.ae/medical/networks/fmc/standard-network"
"AL JISR PHARMACY(NEW)_26(NEW)_MOH-F-5000022MACY","Ras Al Khaimah","Pharmacy","al jaza","","72337271","","","https://www.medifinder.ae/medical/networks/fmc/standard-network"
"Al Kanz Pharmacy (L.L.C.)-Life Healthcare Group","Dubai","Pharmacy","jlt","","45521649","","","https://www.medifinder.ae/medical/networks/fmc/standard-network"
"Al Karama Pharmacy","Ras Al Khaimah","Pharmacy","ras al khaimah","","72228111","","","https://www.medifinder.ae/medical/networks/fmc/standard-network"
"Al Karaz Pharmacy LLC","Sharjah","Pharmacy","al nahda area","","65668225","","","https://www.medifinder.ae/medical/networks/fmc/standard-network"
"Al Kayan Pharmacy (Al Juwais ) Ras Al Khaimah","Ras Al Khaimah","Pharmacy","ras al khaimah","","72464566","","","https://www.medifinder.ae/medical/networks/fmc/standard-network"
"AL MABROOK PHARMACY LLC","Dubai","Pharmacy","deira","","42960887","","","https://www.medifinder.ae/medical/networks/fmc/standard-network"
"AL MAGD CENTER PHARMACY SOLE PROPRIETORSHIP L.L.C","Abu Dhabi","Pharmacy","sanayya","","37647472","","","https://www.medifinder.ae/medical/networks/fmc/standard-network"
"Al Majaz Pharmacy (Medshop)-(Moopen's Group)","Sharjah","Pharmacy","al majaz","","65599799","","","https://www.medifinder.ae/medical/networks/fmc/standard-network"
"Al Mamoora Pharmacy (S.P.S-L.L.C)","Ajman","Pharmacy","ajman","","65615900","","","https://www.medifinder.ae/medical/networks/fmc/standard-network"
"AL MANAR PHARMACY(Health First Pharmacy 22)","Ras Al Khaimah","Pharmacy","rak","","72274848","","","https://www.medifinder.ae/medical/networks/fmc/standard-network"
"Al Manara Al Raeda Pharmacy (Al Rigga) Dubai","Dubai","Pharmacy","al muraqqabat","","42952871","","","https://www.medifinder.ae/medical/networks/fmc/standard-network"
"Al Manara Al Ruwais Pharmacy","Abu Dhabi","Pharmacy","abu dhabi","","28760210","","","https://www.medifinder.ae/medical/networks/fmc/standard-network"
"Al Manara Garden Pharmacy","Dubai","Pharmacy","jebel ali","","43669940","","","https://www.medifinder.ae/medical/networks/fmc/standard-network"
"Al Manara Global Pharmacy","Abu Dhabi","Pharmacy","al mina road","","26734777","","","https://www.medifinder.ae/medical/networks/fmc/standard-network"
"AL MANARA INTENATIONAL PHARMACY","Abu Dhabi","Pharmacy","murror street","","26427677","","","https://www.medifinder.ae/medical/networks/fmc/standard-network"
"AL MANARA PHARMACY","Abu Dhabi","Pharmacy","abu dhabi","","26269966","","","https://www.medifinder.ae/medical/networks/fmc/standard-network"
"Al Manara Pharmacy - DHCC - DXB","Dubai","Pharmacy","dhcc","","44458490","","","https://www.medifinder.ae/medical/networks/fmc/standard-network"
"AL MANARA PHARMACY - WORLD TRADE CENTER","Abu Dhabi","Pharmacy","hamdan street","","26331618","","","https://www.medifinder.ae/medical/networks/fmc/standard-network"
"Al Manara Pharmacy Abu Dhabi Mall","Abu Dhabi","Pharmacy","abudhabi mall","","26452525","","","https://www.medifinder.ae/medical/networks/fmc/standard-network"
"AL MANARA PHARMACY AL GHAZAL MALL","Dubai","Pharmacy","satwa","","43529584","","","https://www.medifinder.ae/medical/networks/fmc/standard-network"
"AL MANARA PHARMACY BAWABAT ALSHARQ","Abu Dhabi","Pharmacy","al sharq","","25828270","","","https://www.medifinder.ae/medical/networks/fmc/standard-network"
"Al Manara Pharmacy Branch Silicon Oasis","Dubai","Pharmacy","dubai silicon oasis","","43330554","","","https://www.medifinder.ae/medical/networks/fmc/standard-network"
"AL MANARA PHARMACY DAS ISLAND","Abu Dhabi","Pharmacy","bateen","","26675454","","","https://www.medifinder.ae/medical/networks/fmc/standard-network"
"Al Manara Pharmacy Remal Mall (Majan) Dubai","Dubai","Pharmacy","majan","","43337146","","","https://www.medifinder.ae/medical/networks/fmc/standard-network"
"AL MANARA PHARMACY SUNSET MALL","Dubai","Pharmacy","jumeirah","","43881820","","","https://www.medifinder.ae/medical/networks/fmc/standard-network"
"AL MANARA PHARMACY YAS MALL","Abu Dhabi","Pharmacy","yas mall","","25650770","","","https://www.medifinder.ae/medical/networks/fmc/standard-network"
"AL MANARA PHARMACY-AL AIN MALL","Abu Dhabi","Pharmacy","al -ain mall","","37516670","","","https://www.medifinder.ae/medical/networks/fmc/standard-network"
"AL MANARA PHARMACY-BAWADI MALL","Abu Dhabi","Pharmacy","al bawadi mall","","37848802","","","https://www.medifinder.ae/medical/networks/fmc/standard-network"
"Al Manara Pharmacy-Marina Mall(New Ext)","Abu Dhabi","Pharmacy","marina","","26817977","","","https://www.medifinder.ae/medical/networks/fmc/standard-network"
"Al Manzil Al Jadeed Pharmacy LLC","Dubai","Pharmacy","al aweer","","42230244","","","https://www.medifinder.ae/medical/networks/fmc/standard-network"
"AL MAQAM PHARMACY LLC","Dubai","Pharmacy","hor al anz","","45826593","","","https://www.medifinder.ae/medical/networks/fmc/standard-network"
"AL MARKEZIA PHARMACY","Ras Al Khaimah","Pharmacy","nakheel","","72277970","","","https://www.medifinder.ae/medical/networks/fmc/standard-network"
"AL MAWRID PHARMACY","Dubai","Pharmacy","abu hail","","42696882","","","https://www.medifinder.ae/medical/networks/fmc/standard-network"
"AL MAZROUI HOSPITAL PHARMACY","Abu Dhabi","Pharmacy","najda street","","26723232","","","https://www.medifinder.ae/medical/networks/fmc/standard-network"
"Al Misbah Pharmacy (Maysaloon) Sharjah","Sharjah","Pharmacy","abu shagara","","65779734","","","https://www.medifinder.ae/medical/networks/fmc/standard-network"
"Al Mumtaz Pharmacy","Ras Al Khaimah","Pharmacy","al qawasim","","559942449","","","https://www.medifinder.ae/medical/networks/fmc/standard-network"
"AL MUSHREF PHARMACY","Abu Dhabi","Pharmacy","airport road","","24461614","","","https://www.medifinder.ae/medical/networks/fmc/standard-network"
"Al Mustaqbal Pharmacy (Noora Group)","Sharjah","Pharmacy","industrial area","","65349500","","","https://www.medifinder.ae/medical/networks/fmc/standard-network"
"Al Musyaf Pharmacy","Dubai","Pharmacy","hatta","","42637100","","","https://www.medifinder.ae/medical/networks/fmc/standard-network"
"AL MUTAWA PHARMACY","Sharjah","Pharmacy","al zahra street","","65635571","","","https://www.medifinder.ae/medical/networks/fmc/standard-network"
"Al Muteena Pharmacy - Dubai (Aqua Pharmacy Group)","Dubai","Pharmacy","deira","","42234244","","","https://www.medifinder.ae/medical/networks/fmc/standard-network"
"AL NABA PHARMACY - KARAMA","Dubai","Pharmacy","karama","","43328847","","","https://www.medifinder.ae/medical/networks/fmc/standard-network"
"Al Nada Pharmacy LLC","Dubai","Pharmacy","lahbab","","43392586","","","https://www.medifinder.ae/medical/networks/fmc/standard-network"
"AL NADIA PHARMACY L L C","Sharjah","Pharmacy","al qasimia","","65562494","","","https://www.medifinder.ae/medical/networks/fmc/standard-network"
"AL NAHDA PHARMACY - RAK","Ras Al Khaimah","Pharmacy","al nakheel","","72271900","","","https://www.medifinder.ae/medical/networks/fmc/standard-network"
"AL NAHR PHARMACY","Sharjah","Pharmacy","muwaileh","","65436355","","","https://www.medifinder.ae/medical/networks/fmc/standard-network"
"Al Nahrain Pharmacy (Al Nuaimia 2) - Ajman","Ajman","Pharmacy","al nuaimia 2","","67449802","","","https://www.medifinder.ae/medical/networks/fmc/standard-network"
"AL NAKHEEL PHARMACY(New)_MOH-F-5000037","Ras Al Khaimah","Pharmacy","al nakheel","","72226821","","","https://www.medifinder.ae/medical/networks/fmc/standard-network"
"AL NASR PHARMACY_KHORFAKKAN","Sharjah","Pharmacy","khorfakkan","","92384188","","","https://www.medifinder.ae/medical/networks/fmc/standard-network"
"Al Neel Pharmacy Sharjah -Pharmaethics Group","Sharjah","Pharmacy","sharjah","","65622106","","","https://www.medifinder.ae/medical/networks/fmc/standard-network"
"AL NEEM 25 PHARMACY LLC","Ajman","Pharmacy","sheikh rashid bin humeed street","","67461461","","","https://www.medifinder.ae/medical/networks/fmc/standard-network"
"Al Neem Grand Pharmacy LLC - Dubai (Al Neem Group)","Dubai","Pharmacy","muhaisnah","","42237770","","","https://www.medifinder.ae/medical/networks/fmc/standard-network"
"AL NEEM PHARMACY BRANCH - JAFZA","Dubai","Pharmacy","jebel ali","","48876650","","","https://www.medifinder.ae/medical/networks/fmc/standard-network"
"Al Neem Pharmacy L.L.C","Abu Dhabi","Pharmacy","shahama","","25666886","","","https://www.medifinder.ae/medical/networks/fmc/standard-network"
"Al Neem Pharmacy L.L.C BRANCH(AL Neem Group)","Dubai","Pharmacy","jebel ali","","48809667","","","https://www.medifinder.ae/medical/networks/fmc/standard-network"
"Al Neem Pharmacy LLC (King Faisal Rd) Umm Al Quwain","Umm Al Quwain","Pharmacy","king faisal street","","67675263","","","https://www.medifinder.ae/medical/networks/fmc/standard-network"
"Al Neem Pharmacy LLC branch (Medon)","Dubai","Pharmacy","international city","","45841144","","","https://www.medifinder.ae/medical/networks/fmc/standard-network"
"Al Neem Star Pharmacy LLC(MEDILIFE Group)","Dubai","Pharmacy","al quoz","","552248824","","","https://www.medifinder.ae/medical/networks/fmc/standard-network"
"AL NOOR AL SAATE PHARMACY L.L.C.","Sharjah","Pharmacy","abu shagara","","65727600","","","https://www.medifinder.ae/medical/networks/fmc/standard-network"
"AL NOOR HOSPITAL PHARMACY - MARAWAH- PF2731","Abu Dhabi","Pharmacy","western region","","26139271","","","https://www.medifinder.ae/medical/networks/fmc/standard-network"
"AL NOOR MEDICAL COMPANY AL NOOR PHARMACY - LLC BRANCH","Abu Dhabi","Pharmacy","khalifa street","","37060104","","","https://www.medifinder.ae/medical/networks/fmc/standard-network"
"AL NOOR NEW PHARMACY","Abu Dhabi","Pharmacy","khalifa street","","26139101","","","https://www.medifinder.ae/medical/networks/fmc/standard-network"
"AL NOOR PHARMACY - AL MAMOURA","Abu Dhabi","Pharmacy","mamoura area","","26728229","","","https://www.medifinder.ae/medical/networks/fmc/standard-network"
"AL NOOR PHARMACY - AL MUSAFFAH 2","Abu Dhabi","Pharmacy","new mussafah","","24066868","","","https://www.medifinder.ae/medical/networks/fmc/standard-network"
"Al Noor Pharmacy - Madinat Zayed 2 (Al Dhafra)","Abu Dhabi","Pharmacy","madinath zayed","","28848276","","","https://www.medifinder.ae/medical/networks/fmc/standard-network"
"Al Noor Pharmacy - Mid Town - Al - Yahar Branch","Abu Dhabi","Pharmacy","al yahar","","37819060","","","https://www.medifinder.ae/medical/networks/fmc/standard-network"
"AL NOOR PHARMACY - MID TOWN - BRANCH 2","Abu Dhabi","Pharmacy","main street","","37060405","","","https://www.medifinder.ae/medical/networks/fmc/standard-network"
"AL NUAIMI PHARMACY","Abu Dhabi","Pharmacy","mussaffa","","25529953","","","https://www.medifinder.ae/medical/networks/fmc/standard-network"
"Al Plaza Pharmacy (L.L.C.)","Dubai","Pharmacy","dubai production city","","45858945","","","https://www.medifinder.ae/medical/networks/fmc/standard-network"
"Al Plaza Pharmacy (L.L.C.)","Dubai","Pharmacy","jumeirah","","43445711","","","https://www.medifinder.ae/medical/networks/fmc/standard-network"
"AL QASSIM PHARMACY","Sharjah","Pharmacy","kalba road","","65345663","","","https://www.medifinder.ae/medical/networks/fmc/standard-network"
"Al Qassimiah Pharmacy LLC","Sharjah","Pharmacy","sajja","","65310177","","","https://www.medifinder.ae/medical/networks/fmc/standard-network"
"Al Quds Pharmacy","Sharjah","Pharmacy","al qasimia","","65739306","","","https://www.medifinder.ae/medical/networks/fmc/standard-network"
"Al Rafea Pharmacy","Dubai","Pharmacy","qusais","","42630521","","","https://www.medifinder.ae/medical/networks/fmc/standard-network"
"Al Rahmaniah Pharmacy LLC","Ras Al Khaimah","Pharmacy","manama road","","501053676","","","https://www.medifinder.ae/medical/networks/fmc/standard-network"
"AL RAMS PHARMACY(Health First Pharmacy 14)","Ras Al Khaimah","Pharmacy","ras al khaima area","","72662295","","","https://www.medifinder.ae/medical/networks/fmc/standard-network"
"AL RAWAA PHARMACY L L C BRANCH 1","Sharjah","Pharmacy","al arouba street","","65793911","","","https://www.medifinder.ae/medical/networks/fmc/standard-network"
"AL RAWDA PHARAMCY L.L.C (BRANCH)","Dubai","Pharmacy","dip (dubai investment park)","","48800920","","","https://www.medifinder.ae/medical/networks/fmc/standard-network"
"AL RAWDAH PHARMACY","Dubai","Pharmacy","clock tower","","42940786","","","https://www.medifinder.ae/medical/networks/fmc/standard-network"
"AL RAYAH PHARMACY L.L.C (TEMP CLOSED)","Sharjah","Pharmacy","al nahda","","65770432","","","https://www.medifinder.ae/medical/networks/fmc/standard-network"
"Al Rayan Pharmacy L.L.C -Sharjah (Faith Group)","Sharjah","Pharmacy","abu shagara","","65509475","","","https://www.medifinder.ae/medical/networks/fmc/standard-network"
"Al Reem Pharmacy L.L.C","Umm Al Quwain","Pharmacy","al muqta","","67690400","","","https://www.medifinder.ae/medical/networks/fmc/standard-network"
"Al Rehab Pharmacy","Sharjah","Pharmacy","al khan","","65539200","","","https://www.medifinder.ae/medical/networks/fmc/standard-network"
"AL RUAYAH PHARMACY L.L.C (TEMP CLOSED)","Sharjah","Pharmacy","muweilah","","65463681","","","https://www.medifinder.ae/medical/networks/fmc/standard-network"
"Al Ruwais Medical Center Pharmacy","Abu Dhabi","Pharmacy","western region","","26022444","","","https://www.medifinder.ae/medical/networks/fmc/standard-network"
"AL RUWAIS PHARMACY","Abu Dhabi","Pharmacy","al ruwais","","28774367","","","https://www.medifinder.ae/medical/networks/fmc/standard-network"
"AL SAAH PHARMACY LLC","Sharjah","Pharmacy","al zahra street","","67020990","","","https://www.medifinder.ae/medical/networks/fmc/standard-network"
"Al Sadaf Pharmacy (Sajjah Industrial Area) Sharjah","Sharjah","Pharmacy","sajja","","65598211","","","https://www.medifinder.ae/medical/networks/fmc/standard-network"
"AL SAHA & AL JAMAL PHARMACY BR1","Sharjah","Pharmacy","al nasseriya","","65399499","","","https://www.medifinder.ae/medical/networks/fmc/standard-network"
"AL SAHA & AL JAMAL PHARMACY MAIN","Sharjah","Pharmacy","al zahra street","","65210090","","","https://www.medifinder.ae/medical/networks/fmc/standard-network"
"Al Saha Pharmacy LLC-Life Healthcare Group","Sharjah","Pharmacy","muwaileh commerical","","65426630","","","https://www.medifinder.ae/medical/networks/fmc/standard-network"
"Al Sajaa Pharmacy Llc","Sharjah","Pharmacy","dhaid","","65310199","","","https://www.medifinder.ae/medical/networks/fmc/standard-network"
"AL SALAM PHARMACY_SHARJAH","Sharjah","Pharmacy","al arouba street","","65615944","","","https://www.medifinder.ae/medical/networks/fmc/standard-network"
"Al Sama Al Safia Pharmacy LLC","Sharjah","Pharmacy","rolla","","65217338","","","https://www.medifinder.ae/medical/networks/fmc/standard-network"
"Al Sama Pharmacy LLC","Sharjah","Pharmacy","al kasimiya","","65508820","","","https://www.medifinder.ae/medical/networks/fmc/standard-network"
"Al Samha Pharmacy (Abushagara) - Sharjah","Sharjah","Pharmacy","corniche","","65432382","","","https://www.medifinder.ae/medical/networks/fmc/standard-network"
"Al Sanaiya Pharmacy -Sole Proprietorship L.L.C (Right Health Group)","Ajman","Pharmacy","jurf ind area 1","","67404141","","","https://www.medifinder.ae/medical/networks/fmc/standard-network"
"Al Seha Al Kubra Pharmacy Llc (Nmc)","Sharjah","Pharmacy","al wasit st.","","65721213","","","https://www.medifinder.ae/medical/networks/fmc/standard-network"
"Al SEHA Al Kubra Pharmacy LLC Al Quoz 4-Dubai","Dubai","Pharmacy","al quoz","","43219926","","","https://www.medifinder.ae/medical/networks/fmc/standard-network"
"Al Seyouh Pharmacy LLC","Sharjah","Pharmacy","industrial area 4","","65594836","","","https://www.medifinder.ae/medical/networks/fmc/standard-network"
"Al Shalal Pharmacy","Sharjah","Pharmacy","khorfakkan","","42637100","","","https://www.medifinder.ae/medical/networks/fmc/standard-network"
"Al Shamal Pharmacy (Al Shamal) Ras Al Khaimah","Ras Al Khaimah","Pharmacy","rak","","72662852","","","https://www.medifinder.ae/medical/networks/fmc/standard-network"
"Al Shams Pharmacy LLC, Ras Al Khaimah (Al Shams Group)","Ras Al Khaimah","Pharmacy","ras al khaimah","","72589301","","","https://www.medifinder.ae/medical/networks/fmc/standard-network"
"Al Sharq Hospital Pharmacy Fujairah (Al Sharq Group)","Fujairah","Pharmacy","al faseel road","","92059971092249999","","","https://www.medifinder.ae/medical/networks/fmc/standard-network"
"AL SHARQ MODERN PHARMACY(FORMERLY HIKMA PHARMACY - AL FASEEL","Fujairah","Pharmacy","fujairah","","92232555","","","https://www.medifinder.ae/medical/networks/fmc/standard-network"
"Al Sharq Pharmacy - Dibba","Fujairah","Pharmacy","fujairah","","92443040","","","https://www.medifinder.ae/medical/networks/fmc/standard-network"
"Al Shifa Pharmacy","Sharjah","Pharmacy","al majaez","","65553913","","","https://www.medifinder.ae/medical/networks/fmc/standard-network"
"Al Shifa Pharmacy (Medshop) - (Moopen's Group)","Dubai","Pharmacy","jumeirah park","","44221521","","","https://www.medifinder.ae/medical/networks/fmc/standard-network"
"Al Tadawi Pharmacy - Dubai","Dubai","Pharmacy","deira","","42309999","","","https://www.medifinder.ae/medical/networks/fmc/standard-network"
"Al Tadawi Pharmacy (Madinat Zayed) Abu Dhabi","Abu Dhabi","Pharmacy","madinat zayed","","28867077","","","https://www.medifinder.ae/medical/networks/fmc/standard-network"
"Al Taif Pharmacy-Life Healthcare Group","Sharjah","Pharmacy","muwaileh commerical","","65505411","","","https://www.medifinder.ae/medical/networks/fmc/standard-network"
"Al Talal Pharmacy (Jurf) Ajman","Ajman","Pharmacy","jurf","","67410750","","","https://www.medifinder.ae/medical/networks/fmc/standard-network"
"Al Tamam Pharmacy Llc","Sharjah","Pharmacy","abu shagara","","65505995","","","https://www.medifinder.ae/medical/networks/fmc/standard-network"
"Al Tamimi Pharmacy (Al Rolla) Sharjah","Sharjah","Pharmacy","rolla","","65624990","","","https://www.medifinder.ae/medical/networks/fmc/standard-network"
"Al Tamimi Pharmacy L.L.C-Faith Group","Dubai","Pharmacy","al quoz","","43381455","","","https://www.medifinder.ae/medical/networks/fmc/standard-network"
"AL THIQA AL DOWALIAH PHARMACY L.L.C","Abu Dhabi","Pharmacy","muroor road","","24419283","","","https://www.medifinder.ae/medical/networks/fmc/standard-network"
"AL THURAYA PHARMACY_SHARJAH","Sharjah","Pharmacy","abu shagara","","65593235","","","https://www.medifinder.ae/medical/networks/fmc/standard-network"
"AL USRAH PHARMACY LLC","Sharjah","Pharmacy","al zahra street","","65656105","","","https://www.medifinder.ae/medical/networks/fmc/standard-network"
"Al Wafa Pharmacy (Noora Group)","Sharjah","Pharmacy","sharjah","","65331139","","","https://www.medifinder.ae/medical/networks/fmc/standard-network"
"AL WATANIA PHARMACY_RAK(NEW)_27(NEW)_MOH-F-5000053","Ras Al Khaimah","Pharmacy","al dhaid","","72226821","","","https://www.medifinder.ae/medical/networks/fmc/standard-network"
"AL YASMEEN PHARMACY","Ajman","Pharmacy","al nuaimia","","67318099","","","https://www.medifinder.ae/medical/networks/fmc/standard-network"
"Al Zahra Pharmacy - Life Healthcare","Dubai","Pharmacy","karama","","43373045","","","https://www.medifinder.ae/medical/networks/fmc/standard-network"
"AL ZAMAN PHARMACY L.L.C_AJMAN","Ajman","Pharmacy","al zahra","","67487272","","","https://www.medifinder.ae/medical/networks/fmc/standard-network"
"Al Zaman Pharmacy LLC","Sharjah","Pharmacy","al wahda street","","65771990","","","https://www.medifinder.ae/medical/networks/fmc/standard-network"
"Al Zora Pharmacy","Ajman","Pharmacy","al bustan","","67423654","","","https://www.medifinder.ae/medical/networks/fmc/standard-network"
"AL-DEWAN PHARMACY","Sharjah","Pharmacy","al marija street","","65744545","","","https://www.medifinder.ae/medical/networks/fmc/standard-network"
"Alain Pharmacy - Sole Proprietorship L.L.C. - Branch 12","Abu Dhabi","Pharmacy","jimi","","37228208","","","https://www.medifinder.ae/medical/networks/fmc/standard-network"
"Alain Pharmacy - Sole Proprietorship L.L.C. - Branch 12","Abu Dhabi","Pharmacy","al riyad city","","26671980","","","https://www.medifinder.ae/medical/networks/fmc/standard-network"
"Alain Pharmacy - Sole Proprietorship L.L.C. - Branch 12","Abu Dhabi","Pharmacy","abu dhabi","","24416115","","","https://www.medifinder.ae/medical/networks/fmc/standard-network"
"Alain Pharmacy - Sole Proprietorship L.L.C. - Branch 12","Abu Dhabi","Pharmacy","al yahar south (al aamerah)","","37669884","","","https://www.medifinder.ae/medical/networks/fmc/standard-network"
"Alain Pharmacy - Sole Proprietorship L.L.C. - Branch 12","Abu Dhabi","Pharmacy","neima","","37669918","","","https://www.medifinder.ae/medical/networks/fmc/standard-network"
"Alain Pharmacy - Sole Proprietorship L.L.C. - Branch 12","Abu Dhabi","Pharmacy","al hili","","37669788","","","https://www.medifinder.ae/medical/networks/fmc/standard-network"
"Alain Pharmacy - Sole Proprietorship L.L.C. - Branch 12","Abu Dhabi","Pharmacy","al bateen","","37669770","","","https://www.medifinder.ae/medical/networks/fmc/standard-network"
"Alain Pharmacy - Sole Proprietorship L.L.C. - Branch 12","Abu Dhabi","Pharmacy","central district","","37661511","","","https://www.medifinder.ae/medical/networks/fmc/standard-network"
"Alain Pharmacy - Sole Proprietorship L.L.C. - Branch 12","Abu Dhabi","Pharmacy","al mnaizlah","","37664430","","","https://www.medifinder.ae/medical/networks/fmc/standard-network"
"Alain Pharmacy - Sole Proprietorship L.L.C. - Branch 12","Abu Dhabi","Pharmacy","al ain","","376556506","","","https://www.medifinder.ae/medical/networks/fmc/standard-network"
"Alain Pharmacy - Sole Proprietorship L.L.C. - Branch 12","Abu Dhabi","Pharmacy","khalidiyah","","37531107","","","https://www.medifinder.ae/medical/networks/fmc/standard-network"
"Alain Pharmacy - Sole Proprietorship L.L.C. - Branch 12","Abu Dhabi","Pharmacy","al foah","","37530455","","","https://www.medifinder.ae/medical/networks/fmc/standard-network"
"Alain Pharmacy - Sole Proprietorship L.L.C. - Branch 12","Abu Dhabi","Pharmacy","","","37321116","","","https://www.medifinder.ae/medical/networks/fmc/standard-network"
"ALAIN PHARMACY - SOLE PROPRIETORSHIP L.L.C. - DUBAI BRANCH","Dubai","Pharmacy","wordd trade center","","37321116","","","https://www.medifinder.ae/medical/networks/fmc/standard-network"
"Alain Pharmacy Sole Proprietorship Branch","Dubai","Pharmacy","dubai silicon oasis","","37321116","","","https://www.medifinder.ae/medical/networks/fmc/standard-network"
"ALAIN PHARMACY ZAKHER - SOLE PRORIETORSHIP L.L.C.","Abu Dhabi","Pharmacy","zakher","","37807767","","","https://www.medifinder.ae/medical/networks/fmc/standard-network"
"Albarsha Pharmacy-Life Healthcare Group","Sharjah","Pharmacy","fire station roundabout","","65754046","","","https://www.medifinder.ae/medical/networks/fmc/standard-network"
"ALENAYA PHARMACY","Ajman","Pharmacy","al zahra","","67492212","","","https://www.medifinder.ae/medical/networks/fmc/standard-network"
"Alico Advanced Care Pharmacy LLC Dubai Investment Park First","Dubai","Pharmacy","dip 1","","43961255","","","https://www.medifinder.ae/medical/networks/fmc/standard-network"
"ALLPOINT PHARMACY-L.L.C - O.P.C","Abu Dhabi","Pharmacy","new al falah city","","25574182","","","https://www.medifinder.ae/medical/networks/fmc/standard-network"
"ALMANARA PHARMACY ALCORNICHE","Abu Dhabi","Pharmacy","corniche","","26675454","","","https://www.medifinder.ae/medical/networks/fmc/standard-network"
"Almanara Pharmacy Boutik Mall","Abu Dhabi","Pharmacy","al ain","","37644117","","","https://www.medifinder.ae/medical/networks/fmc/standard-network"
"Alnajim Alazraq Pharmacy-Life Healthcare Group","Sharjah","Pharmacy","al ittihad road","","65288851","","","https://www.medifinder.ae/medical/networks/fmc/standard-network"
"Alpha Peoples Pharmacy LLC","Dubai","Pharmacy","deira","","43237293","","","https://www.medifinder.ae/medical/networks/fmc/standard-network"
"Althiqa Elite Pharmacy - L.L.C - S.P.C","Abu Dhabi","Pharmacy","al falah street","","26391214","","","https://www.medifinder.ae/medical/networks/fmc/standard-network"
"Amazon Pharmacy","Abu Dhabi","Pharmacy","mussafah","","28868525","","","https://www.medifinder.ae/medical/networks/fmc/standard-network"
"Amazon Pharmacy","Abu Dhabi","Pharmacy","sanayya street","","37544886","","","https://www.medifinder.ae/medical/networks/fmc/standard-network"
"AMBER CLINICS LLC - PHARMACY","Dubai","Pharmacy","al rigga","","42325109","","","https://www.medifinder.ae/medical/networks/fmc/standard-network"
"AMEERA PHARMACY","Ras Al Khaimah","Pharmacy","al dhaid","","72352397","","","https://www.medifinder.ae/medical/networks/fmc/standard-network"
"ANGEL MED PHARMACY L.L.C.","Abu Dhabi","Pharmacy","mohammed bin zayed city","","24912355","","","https://www.medifinder.ae/medical/networks/fmc/standard-network"
"Anwar Bait Al Maqdes Pharmacy LLC","Sharjah","Pharmacy","muwaileh","","65426300","","","https://www.medifinder.ae/medical/networks/fmc/standard-network"
"Apl Pharmacy LLC (Karama) Dubai","Dubai","Pharmacy","karama","","43880237","","","https://www.medifinder.ae/medical/networks/fmc/standard-network"
"Apoteke Pharmacy - Sole Proprietorship L.L.C.","Abu Dhabi","Pharmacy","rabdan","","26818114","","","https://www.medifinder.ae/medical/networks/fmc/standard-network"
"Apple Care Pharmacy LLC Branch (Greece Cluster)","Dubai","Pharmacy","international city","","44322568","","","https://www.medifinder.ae/medical/networks/fmc/standard-network"
"ARAFA PHARMACY","Dubai","Pharmacy","satwa","","43311234","","","https://www.medifinder.ae/medical/networks/fmc/standard-network"
"ARCHITECTS PHARMACY - L.L.C - O.P.C","Abu Dhabi","Pharmacy","icad - iii","","26714200","","","https://www.medifinder.ae/medical/networks/fmc/standard-network"
"Ardh Al Naseem Pharmacy - Dubai - (Faith Group)","Dubai","Pharmacy","al nahda 2","","42809248","","","https://www.medifinder.ae/medical/networks/fmc/standard-network"
"Aster Alshafar Pharmacy (BR of Aster Al Shafar Pharmacies Group L.L.C) (Formerly Lamcy Pharmacy)","Dubai","Pharmacy","muhaisnah","","42201489","","","https://www.medifinder.ae/medical/networks/fmc/standard-network"
"Aster Day Surgery Centre Pharmacy ( Kuwaiti St) Dubai","Dubai","Pharmacy","al mankhool","","44400500","","","https://www.medifinder.ae/medical/networks/fmc/standard-network"
"Aster Dcc Pharmacy LLC - Dubai","Dubai","Pharmacy","deira","","42210732","","","https://www.medifinder.ae/medical/networks/fmc/standard-network"
"Aster Dip Pharmacy LLC (Br.Aster Pharmacy LLC)","Dubai","Pharmacy","dip 1","","48800996","","","https://www.medifinder.ae/medical/networks/fmc/standard-network"
"Aster Grand Pharmacy L.L.C (BR of Aster Pharmacies Group L.L.C)","Dubai","Pharmacy","al nahda","","42505712","","","https://www.medifinder.ae/medical/networks/fmc/standard-network"
"Aster Healthcare Hypermarket (BR of Aster Pharmacies Group L.L.C)","Dubai","Pharmacy","bur dubai","","43399523","","","https://www.medifinder.ae/medical/networks/fmc/standard-network"
"Aster Hospital Pharmacy","Sharjah","Pharmacy","al qasimia","","65997200","","","https://www.medifinder.ae/medical/networks/fmc/standard-network"
"Aster Hospital Pharmacy (BR of Aster DM Healthcare Fzc) Dubai Branch - Dubai","Dubai","Pharmacy","al qusais 2","","44400500","","","https://www.medifinder.ae/medical/networks/fmc/standard-network"
"Aster Hospital Pharmacy BR Aster DM Healthcare Fzc Dubai Branch","Dubai","Pharmacy","al mankhool","","44546001","","","https://www.medifinder.ae/medical/networks/fmc/standard-network"
"Aster Hospital Pharmacy Sonapur LLC,MUHAISANAH (DM Healthcare)","Dubai","Pharmacy","sonapur","","43766888","","","https://www.medifinder.ae/medical/networks/fmc/standard-network"
"Aster Medical Center Pharmacy Al Muhaisna BR of DM Healthcare LLC - Dubai","Dubai","Pharmacy","muhaisnah","","45479070","","","https://www.medifinder.ae/medical/networks/fmc/standard-network"
"Aster Pharmacies Group (Kalba) Sharjah","Sharjah","Pharmacy","muweilah","","65538496","","","https://www.medifinder.ae/medical/networks/fmc/standard-network"
"Aster Pharmacies Group (Kalba) Sharjah","Sharjah","Pharmacy","kalba","","96061832","","","https://www.medifinder.ae/medical/networks/fmc/standard-network"
"Aster Pharmacies Group (Kalba) Sharjah","Sharjah","Pharmacy","rest of sharjah","","65950110","","","https://www.medifinder.ae/medical/networks/fmc/standard-network"
"Aster Pharmacies Group (Kalba) Sharjah","Sharjah","Pharmacy","sweihat","","65465240","","","https://www.medifinder.ae/medical/networks/fmc/standard-network"
"Aster Pharmacies Group (Kalba) Sharjah","Sharjah","Pharmacy","muwailah","","65321063","","","https://www.medifinder.ae/medical/networks/fmc/standard-network"
"Aster Pharmacies Group Branch 1 (Al Mataf Road) RAK","Ras Al Khaimah","Pharmacy","al dhaith","","72352213","","","https://www.medifinder.ae/medical/networks/fmc/standard-network"
"Aster Pharmacies Group Branch 1 (Al Mataf Road) RAK","Ras Al Khaimah","Pharmacy","al mamourah","","72681224","","","https://www.medifinder.ae/medical/networks/fmc/standard-network"
"Aster Pharmacies Group L.L.C - Abu Dhabi Branch 15","Abu Dhabi","Pharmacy","","","26355490","","","https://www.medifinder.ae/medical/networks/fmc/standard-network"
"Aster Pharmacies Group L.L.C - Abu Dhabi Branch 15","Abu Dhabi","Pharmacy","abu dhabi","","26431619","","","https://www.medifinder.ae/medical/networks/fmc/standard-network"
"Aster Pharmacies Group L.L.C - Abu Dhabi Branch 15","Abu Dhabi","Pharmacy","airport road","","26274688","","","https://www.medifinder.ae/medical/networks/fmc/standard-network"
"Aster Pharmacies Group L.L.C - Branch Of Abu Dhabi 16","Abu Dhabi","Pharmacy","","","37342126","","","https://www.medifinder.ae/medical/networks/fmc/standard-network"
"Aster Pharmacies Group L.L.C - Branch Of Abu Dhabi 17","Abu Dhabi","Pharmacy","","","25620147","","","https://www.medifinder.ae/medical/networks/fmc/standard-network"
"Aster Pharmacies Group L.L.C - Branch Of Abu Dhabi 18","Abu Dhabi","Pharmacy","","","25845609","","","https://www.medifinder.ae/medical/networks/fmc/standard-network"
"Aster Pharmacies Group L.L.C - Branch of Abu Dhabi 19","Abu Dhabi","Pharmacy","","","25837390","","","https://www.medifinder.ae/medical/networks/fmc/standard-network"
"Aster Pharmacies Group L.L.C - Branch of Abu Dhabi 21","Abu Dhabi","Pharmacy","","","28846576","","","https://www.medifinder.ae/medical/networks/fmc/standard-network"
"Aster Pharmacies Group L.L.C (Branch of Dubai) Branch of Abu Dhabi 12","Abu Dhabi","Pharmacy","al ain","","37620142","","","https://www.medifinder.ae/medical/networks/fmc/standard-network"
"Aster Pharmacies Group L.L.C Branch Abu Dhabi 10","Abu Dhabi","Pharmacy","electra","","28868770","","","https://www.medifinder.ae/medical/networks/fmc/standard-network"
"Aster Pharmacies Group L.L.C Branch Abudhabi 13","Abu Dhabi","Pharmacy","al falah street","","25858396","","","https://www.medifinder.ae/medical/networks/fmc/standard-network"
"Aster Pharmacies Group L.L.C- Branch of Abu Dhabi 7","Abu Dhabi","Pharmacy","khalidiya","","26395140","","","https://www.medifinder.ae/medical/networks/fmc/standard-network"
"Aster Pharmacies Group L.L.C- Branch of Abudhabi 1","Abu Dhabi","Pharmacy","al falah street","","26437625","","","https://www.medifinder.ae/medical/networks/fmc/standard-network"
"Aster Pharmacies Group L.L.C- Branch of Abudhabi 2","Abu Dhabi","Pharmacy","khalidiya","","26279989","","","https://www.medifinder.ae/medical/networks/fmc/standard-network"
"Aster Pharmacies Group L.L.C- Branch of Abudhabi 3","Abu Dhabi","Pharmacy","hamdan street","","26229870","","","https://www.medifinder.ae/medical/networks/fmc/standard-network"
"Aster Pharmacies Group L.L.C- Branch of Abudhabi 4","Abu Dhabi","Pharmacy","abu dhabi","","24478482","","","https://www.medifinder.ae/medical/networks/fmc/standard-network"
"ASTER PHARMACIES GROUP L.L.C-FUJAIRAH BRANCH 2","Fujairah","Pharmacy","fujairah cluster","","92238322","","","https://www.medifinder.ae/medical/networks/fmc/standard-network"
"Aster Pharmacies Group L.L.C-RAK Branch 2","Ras Al Khaimah","Pharmacy","rak cluster","","72361664","","","https://www.medifinder.ae/medical/networks/fmc/standard-network"
"Aster Pharmacies Group LLC - SHJ BR - Branch 3 - Sharjah","Sharjah","Pharmacy","sajja industrial area","","65466057","","","https://www.medifinder.ae/medical/networks/fmc/standard-network"
"Aster Pharmacies Group LLC - SHJ BR - Branch 3 - Sharjah","Sharjah","Pharmacy","majaz","","65755178","","","https://www.medifinder.ae/medical/networks/fmc/standard-network"
"Aster Pharmacies Group LLC - SHJ BR - Branch 3 - Sharjah","Sharjah","Pharmacy","muweilah","","65748975","","","https://www.medifinder.ae/medical/networks/fmc/standard-network"
"Aster Pharmacies Group LLC - SHJ BR - Branch 3 - Sharjah","Sharjah","Pharmacy","sharjah","","65263317","","","https://www.medifinder.ae/medical/networks/fmc/standard-network"
"Aster Pharmacies Group LLC (Dmcc Branch)","Dubai","Pharmacy","jumeirah lakes towers","","45876187","","","https://www.medifinder.ae/medical/networks/fmc/standard-network"
"Aster Pharmacies Group LLC (Dmcc Branch)","Dubai","Pharmacy","jlt","","45917109","","","https://www.medifinder.ae/medical/networks/fmc/standard-network"
"Aster Pharmacies Group LLC Fujairah Branch 2 (Mraisheed Road)","Fujairah","Pharmacy","mraisheed","","92348765","","","https://www.medifinder.ae/medical/networks/fmc/standard-network"
"Aster Pharmacies Group LLC-Branch - Expo 2020 (BR of Aster Pharmacy Group)","Dubai","Pharmacy","expo 2020","","45477218","","","https://www.medifinder.ae/medical/networks/fmc/standard-network"
"Aster Pharmacy (Ajman Co-Op.) Ajman","Ajman","Pharmacy","rashidiya 1","","67496363","","","https://www.medifinder.ae/medical/networks/fmc/standard-network"
"Aster Pharmacy (Al Nahda) Sharjah","Sharjah","Pharmacy","nahda -shj cluster","","65253663","","","https://www.medifinder.ae/medical/networks/fmc/standard-network"
"Aster Pharmacy 1 (BR of Aster Pharmacies Group L.L.C)","Dubai","Pharmacy","bur dubai","","43863800","","","https://www.medifinder.ae/medical/networks/fmc/standard-network"
"Aster Pharmacy 101 (BR of Aster Pharmacies Group L.L.C.) (DM Healthcare Group)-DXB","Dubai","Pharmacy","al qusais","","42382342","","","https://www.medifinder.ae/medical/networks/fmc/standard-network"
"Aster Pharmacy 102 (BR of Aster Pharmacy L.L.C.)-DR.MOOPEN'S","Dubai","Pharmacy","al qusais","","42610833","","","https://www.medifinder.ae/medical/networks/fmc/standard-network"
"Aster Pharmacy 103 (BR of Aster Pharmacies Group LLC)","Dubai","Pharmacy","international city","","42765802","","","https://www.medifinder.ae/medical/networks/fmc/standard-network"
"Aster Pharmacy 104 (BR of Aster Pharmacies Group LLC)","Dubai","Pharmacy","al warqa","","42829440","","","https://www.medifinder.ae/medical/networks/fmc/standard-network"
"Aster Pharmacy 105 (BR of Aster Pharmacies Group LLC)","Dubai","Pharmacy","international city","","42275972","","","https://www.medifinder.ae/medical/networks/fmc/standard-network"
"Aster Pharmacy 106 (Al Ittihad Rd.) Sharjah","Sharjah","Pharmacy","al nahda","","65749669","","","https://www.medifinder.ae/medical/networks/fmc/standard-network"
"Aster Pharmacy 107 (King Faisal St.) Sharjah","Sharjah","Pharmacy","al majaz","","65734704","","","https://www.medifinder.ae/medical/networks/fmc/standard-network"
"Aster Pharmacy 108 (Rolla) Sharjah","Sharjah","Pharmacy","rolla","","65610012","","","https://www.medifinder.ae/medical/networks/fmc/standard-network"
"Aster Pharmacy 109 (BR of Aster Pharmacies Group L.L.C)","Dubai","Pharmacy","mirdiff","","44582727","","","https://www.medifinder.ae/medical/networks/fmc/standard-network"
"Aster Pharmacy 110 (BR of Aster Pharmacies Group L.L.C)","Dubai","Pharmacy","oud metha","","43963158","","","https://www.medifinder.ae/medical/networks/fmc/standard-network"
"Aster Pharmacy 111 (BR of Aster Pharmacies Group L.L.C)","Dubai","Pharmacy","muhaisnah","","42593195","","","https://www.medifinder.ae/medical/networks/fmc/standard-network"
"ASTER PHARMACY 113 (Br of Aster Pharmacies Group LLC), DUBAI","Dubai","Pharmacy","mirdiff","","42839542","","","https://www.medifinder.ae/medical/networks/fmc/standard-network"
"Aster Pharmacy 114 (BR of Aster Pharmacies Group L.L.C)","Dubai","Pharmacy","al barsha south","","43387081","","","https://www.medifinder.ae/medical/networks/fmc/standard-network"
"Aster Pharmacy 115 (BR of Aster Pharmacies Group L.L.C)","Dubai","Pharmacy","discovery gardens","","45546021","","","https://www.medifinder.ae/medical/networks/fmc/standard-network"
"Aster Pharmacy 116 (BR of Aster Pharmacies Group L.L.C)","Dubai","Pharmacy","mirdiff","","42884190","","","https://www.medifinder.ae/medical/networks/fmc/standard-network"
"Aster Pharmacy 117 (BR of Aster Pharmacies Group L.L.C)","Dubai","Pharmacy","dubai","","47187004","","","https://www.medifinder.ae/medical/networks/fmc/standard-network"
"Aster Pharmacy 118 (BR of Aster Pharmacies Group L.L.C)","Dubai","Pharmacy","al nahda","","42393397","","","https://www.medifinder.ae/medical/networks/fmc/standard-network"
"Aster Pharmacy 119 (BR of Aster Pharmacies Group L.L.C)","Dubai","Pharmacy","meadows","","45546797","","","https://www.medifinder.ae/medical/networks/fmc/standard-network"
"Aster Pharmacy 121 (BR of Aster Pharmacies Group LLC)","Sharjah","Pharmacy","al nahda","","65544504","","","https://www.medifinder.ae/medical/networks/fmc/standard-network"
"Aster Pharmacy 122 (Abu Shagara) Sharjah","Sharjah","Pharmacy","abu shagara","","65570996","","","https://www.medifinder.ae/medical/networks/fmc/standard-network"
"Aster Pharmacy 123 (BR of Aster Pharmacies Group L.L.C)","Dubai","Pharmacy","deira","","42731282","","","https://www.medifinder.ae/medical/networks/fmc/standard-network"
"Aster Pharmacy 124 (BR of Aster Pharmacies Group L.L.C)","Dubai","Pharmacy","marina","","45546282","","","https://www.medifinder.ae/medical/networks/fmc/standard-network"
"Aster Pharmacy 125 (Al Tawoun) Sharjah","Sharjah","Pharmacy","al khan","","65303016","","","https://www.medifinder.ae/medical/networks/fmc/standard-network"
"Aster Pharmacy 126 (BR of Aster Pharmacies Group L.L.C)","Dubai","Pharmacy","umm suqeim","","43952213","","","https://www.medifinder.ae/medical/networks/fmc/standard-network"
"Aster Pharmacy 127 (BR of Aster Pharmacies Group L.L.C)","Dubai","Pharmacy","marina","","45547096","","","https://www.medifinder.ae/medical/networks/fmc/standard-network"
"Aster Pharmacy 128 (BR of Aster Pharmacies Group L.L.C)","Dubai","Pharmacy","al barsha","","44405945","","","https://www.medifinder.ae/medical/networks/fmc/standard-network"
"Aster Pharmacy 129 (BR of Aster Pharmacies Group L.L.C)","Dubai","Pharmacy","satwa","","43590530","","","https://www.medifinder.ae/medical/networks/fmc/standard-network"
"Aster Pharmacy 130 (BR of Aster Pharmacies Group L.L.C)","Dubai","Pharmacy","trade center","","43866768","","","https://www.medifinder.ae/medical/networks/fmc/standard-network"
"Aster Pharmacy 131 (BR of Aster Pharmacies Group L.L.C)","Dubai","Pharmacy","al barsha","","43475733","","","https://www.medifinder.ae/medical/networks/fmc/standard-network"
"Aster Pharmacy 132 (BR of Aster Pharmacies Group L.L.C)","Dubai","Pharmacy","abu hail","","42692835","","","https://www.medifinder.ae/medical/networks/fmc/standard-network"
"Aster Pharmacy 133 - Sharjah","Sharjah","Pharmacy","bu tina","","65619322","","","https://www.medifinder.ae/medical/networks/fmc/standard-network"
"Aster Pharmacy 134 (BR of Aster Pharmacies Group L.L.C)","Dubai","Pharmacy","al barsha","","43271483","","","https://www.medifinder.ae/medical/networks/fmc/standard-network"
"Aster Pharmacy 135 (BR of Aster Pharmacies Group L.L.C)","Dubai","Pharmacy","international city","","44511674","","","https://www.medifinder.ae/medical/networks/fmc/standard-network"
"Aster Pharmacy 136 (BR of Aster Pharmacies Group L.L.C)","Dubai","Pharmacy","al quoz","","43806983","","","https://www.medifinder.ae/medical/networks/fmc/standard-network"
"Aster Pharmacy 138 (BR of Aster Pharmacies GRP) LLC-Dr Moope","Dubai","Pharmacy","karama","","43377329","","","https://www.medifinder.ae/medical/networks/fmc/standard-network"
"Aster Pharmacy 139 (Khorfakkan) Sharjah","Sharjah","Pharmacy","khorfakkan","","92371301","","","https://www.medifinder.ae/medical/networks/fmc/standard-network"
"Aster Pharmacy 140 (King Faisal St.) Sharjah","Sharjah","Pharmacy","al majaz","","65445001","","","https://www.medifinder.ae/medical/networks/fmc/standard-network"
"Aster Pharmacy 142 (BR of Aster Pharmacies Group L.L.C)","Dubai","Pharmacy","al qusais","","42205966","","","https://www.medifinder.ae/medical/networks/fmc/standard-network"
"Aster Pharmacy 143(BR of Aster Pharmacies Group L.L.C)","Dubai","Pharmacy","motor city","","44430474","","","https://www.medifinder.ae/medical/networks/fmc/standard-network"
"Aster Pharmacy 144 (BR of Aster Pharmacies Group L.L.C)","Dubai","Pharmacy","hor al anz","","42212250","","","https://www.medifinder.ae/medical/networks/fmc/standard-network"
"Aster Pharmacy 145(BR of Aster Pharmacies Group L.L.C)","Dubai","Pharmacy","karama","","43547745","","","https://www.medifinder.ae/medical/networks/fmc/standard-network"
"Aster Pharmacy 146(Br of Aster Pharmacies Group LLC)","Dubai","Pharmacy","bur dubai","","43271059","","","https://www.medifinder.ae/medical/networks/fmc/standard-network"
"Aster Pharmacy 147 BR of Aster Pharmacies Group LLC-Dr. Moopens","Dubai","Pharmacy","al souk al kabeer","","43251134","","","https://www.medifinder.ae/medical/networks/fmc/standard-network"
"Aster Pharmacy 148(BR of Aster Pharmacies Group L.L.C)","Dubai","Pharmacy","qusais","","45460561","","","https://www.medifinder.ae/medical/networks/fmc/standard-network"
"Aster Pharmacy 149 BR of Aster Pharmacies Group LLC - Dubai","Dubai","Pharmacy","jebel ali","","45465376","","","https://www.medifinder.ae/medical/networks/fmc/standard-network"
"Aster Pharmacy 150 (BR of Aster Pharmacies Group L.L.C)","Dubai","Pharmacy","bur dubai","","43794306","","","https://www.medifinder.ae/medical/networks/fmc/standard-network"
"Aster Pharmacy 151 (Al Tawoon) Sharjah","Sharjah","Pharmacy","al mamzar","","65453109","","","https://www.medifinder.ae/medical/networks/fmc/standard-network"
"Aster Pharmacy 152 (BR of Aster Pharmacies Group L.L.C)","Dubai","Pharmacy","jafza","","48809102","","","https://www.medifinder.ae/medical/networks/fmc/standard-network"
"Aster Pharmacy 153 (Al Nahda) Sharjah","Sharjah","Pharmacy","muwaileh","","65220938","","","https://www.medifinder.ae/medical/networks/fmc/standard-network"
"Aster Pharmacy 154 BR of Aster Pharmacies Group- L.L.C","Ajman","Pharmacy","al rumailah","","67314840","","","https://www.medifinder.ae/medical/networks/fmc/standard-network"
"Aster Pharmacy 155 (BR of Aster Pharmacies Group L.L.C)","Dubai","Pharmacy","al muraqqabat","","42280204","","","https://www.medifinder.ae/medical/networks/fmc/standard-network"
"Aster Pharmacy 157 BR of Aster Pharmacies Group LLC-Dubai","Dubai","Pharmacy","oudh mehta","","42612372","","","https://www.medifinder.ae/medical/networks/fmc/standard-network"
"Aster Pharmacy 158 (BR of Aster Pharmacies Group L.L.C)","Dubai","Pharmacy","dip 2","","48800282","","","https://www.medifinder.ae/medical/networks/fmc/standard-network"
"Aster Pharmacy 159 BR of Aster Pharmacies Group- L.L.C","Ajman","Pharmacy","rashidiya 3","","67453226","","","https://www.medifinder.ae/medical/networks/fmc/standard-network"
"Aster Pharmacy 160 BR of Aster Pharmacies Group LLC - Dubai","Dubai","Pharmacy","jumeirah 1","","43959755","","","https://www.medifinder.ae/medical/networks/fmc/standard-network"
"Aster Pharmacy 162 (BR of Aster Pharmacies Group L.L.C)","Dubai","Pharmacy","jvc","","44580678","","","https://www.medifinder.ae/medical/networks/fmc/standard-network"
"Aster Pharmacy 163 Br of Aster Pharmacies Group LLC - Ajman","Ajman","Pharmacy","al hamidiya","","65461822","","","https://www.medifinder.ae/medical/networks/fmc/standard-network"
"Aster Pharmacy 164 BR of Aster Pharmacies Group LLC - Dubai","Dubai","Pharmacy","dubailand","","43208941","","","https://www.medifinder.ae/medical/networks/fmc/standard-network"
"Aster Pharmacy 165 BR of Aster Pharmacies Group LLC, Dubai Hills (Aster GRP)","Dubai","Pharmacy","dubai hills","","47187190","","","https://www.medifinder.ae/medical/networks/fmc/standard-network"
"Aster Pharmacy 166 (BR of Aster Pharmacies Group L.L.C)","Dubai","Pharmacy","al jaddaf","","42272851","","","https://www.medifinder.ae/medical/networks/fmc/standard-network"
"Aster Pharmacy 167 (BR of Aster Pharmacies Group L.L.C)","Dubai","Pharmacy","downtown","","43341829","","","https://www.medifinder.ae/medical/networks/fmc/standard-network"
"Aster Pharmacy 168 (BR of Aster Pharmacies Group L.L.C)","Dubai","Pharmacy","ibn batuta","","45543519","","","https://www.medifinder.ae/medical/networks/fmc/standard-network"
"Aster Pharmacy 169 (BR of Aster Pharmacies Group L.L.C)","Dubai","Pharmacy","umm al sheif","","43250365","","","https://www.medifinder.ae/medical/networks/fmc/standard-network"
"Aster Pharmacy 170 (BR of Aster Pharmacies Group L.L.C)","Dubai","Pharmacy","nad al sheba","","42588717","","","https://www.medifinder.ae/medical/networks/fmc/standard-network"
"ASTER PHARMACY 171 BR OF ASTER PHARMACIES GROUP L.L.C","Dubai","Pharmacy","dubai investement park 1","","43092900","","","https://www.medifinder.ae/medical/networks/fmc/standard-network"
"Aster Pharmacy 172 (BR of Aster Pharmacies Group L.L.C)","Dubai","Pharmacy","al barsha south","","45786364","","","https://www.medifinder.ae/medical/networks/fmc/standard-network"
"Aster Pharmacy 173 (BR of Aster Pharmacies Group L.L.C)","Dubai","Pharmacy","jumeirah","","43325595","","","https://www.medifinder.ae/medical/networks/fmc/standard-network"
"Aster Pharmacy 174 (BR of Aster Pharmacies Group L.L.C)","Dubai","Pharmacy","sports city","","44486271","","","https://www.medifinder.ae/medical/networks/fmc/standard-network"
"Aster Pharmacy 175 (BR of Aster Pharmacies Group L.L.C)","Dubai","Pharmacy","jvc","","45579564","","","https://www.medifinder.ae/medical/networks/fmc/standard-network"
"Aster Pharmacy 176 ( BR of Aster Pharmacies Group L.L.C)","Dubai","Pharmacy","liwan","","44106883","","","https://www.medifinder.ae/medical/networks/fmc/standard-network"
"Aster Pharmacy 177 (BR of Aster Pharmacies Group L.L.C)","Dubai","Pharmacy","dubai land","","43092900","","","https://www.medifinder.ae/medical/networks/fmc/standard-network"
"Aster Pharmacy 178 (BR of Aster Pharmacies Group L.L.C)","Dubai","Pharmacy","marina","","42950979","","","https://www.medifinder.ae/medical/networks/fmc/standard-network"
"Aster Pharmacy 179 (BR of Aster Pharmacies Group L.L.C)","Dubai","Pharmacy","al qusais","","42207653","","","https://www.medifinder.ae/medical/networks/fmc/standard-network"
"Aster Pharmacy 180 (BR of Aster Pharmacies Group L.L.C)","Dubai","Pharmacy","marsa","","45756596","","","https://www.medifinder.ae/medical/networks/fmc/standard-network"
"Aster Pharmacy 181 (BR of Aster Pharmacies Group L.L.C)","Dubai","Pharmacy","dubai hills","","42632594","","","https://www.medifinder.ae/medical/networks/fmc/standard-network"
"Aster Pharmacy 182 (BR of Aster Pharmacies Group L.L.C)","Dubai","Pharmacy","international city","","45545907","","","https://www.medifinder.ae/medical/networks/fmc/standard-network"
"Aster Pharmacy 183 (BR of Aster Pharmacies Group L.L.C)","Dubai","Pharmacy","al barsha","","42679073","","","https://www.medifinder.ae/medical/networks/fmc/standard-network"
"Aster Pharmacy 184 (BR of Aster Pharmacies Group L.L.C)","Dubai","Pharmacy","business bay","","44490062","","","https://www.medifinder.ae/medical/networks/fmc/standard-network"
"Aster Pharmacy 185 (Al Jadaf) Dubai","Dubai","Pharmacy","al jaddaf","","42665280","","","https://www.medifinder.ae/medical/networks/fmc/standard-network"
"ASTER PHARMACY 186 BR OF ASTER PHARMACIES GROUP L.L.C","Dubai","Pharmacy","palm jumeirah","","42688710","","","https://www.medifinder.ae/medical/networks/fmc/standard-network"
"ASTER PHARMACY 187 BR OF ASTER PHARMACIES GROUP L.L.C","Dubai","Pharmacy","discovery gardens","","45519467","","","https://www.medifinder.ae/medical/networks/fmc/standard-network"
"Aster Pharmacy 188 (BR of Aster Pharmacies Group L.L.C)","Dubai","Pharmacy","silicon oasis","","43497028","","","https://www.medifinder.ae/medical/networks/fmc/standard-network"
"Aster Pharmacy 189 (BR of Aster Pharmacies Group L.L.C)","Dubai","Pharmacy","silicon oasis","","48324564","","","https://www.medifinder.ae/medical/networks/fmc/standard-network"
"ASTER PHARMACY 191 BR OF ASTER PHARMACIES GROUP L.L.C","Dubai","Pharmacy","nad al sheba 1","","45700402","","","https://www.medifinder.ae/medical/networks/fmc/standard-network"
"ASTER PHARMACY 192 BR OF ASTER PHARMACIES GROUP L.L.C","Dubai","Pharmacy","shaikh zayed road","","42584482","","","https://www.medifinder.ae/medical/networks/fmc/standard-network"
"ASTER PHARMACY 194 BR OF ASTER PHARMACIES GROUP L.L.C","Dubai","Pharmacy","nad al sheba 1","","43092900","","","https://www.medifinder.ae/medical/networks/fmc/standard-network"
"ASTER PHARMACY 195 BR OF ASTER PHARMACIES GROUP L.L.C","Dubai","Pharmacy","jebel ali","","43092900","","","https://www.medifinder.ae/medical/networks/fmc/standard-network"
"ASTER PHARMACY 196 BR OF ASTER PHARMACIES GROUP L.L.C","Dubai","Pharmacy","nad al sheba 1","","45702313","","","https://www.medifinder.ae/medical/networks/fmc/standard-network"
"Aster Pharmacy 2 (BR of Aster Pharmacies Group L.L.C)","Dubai","Pharmacy","dip","","48858044","","","https://www.medifinder.ae/medical/networks/fmc/standard-network"
"Aster Pharmacy 200 (BR of Aster Pharmacies Group L.L.C)","Dubai","Pharmacy","bur dubai","","42362839","","","https://www.medifinder.ae/medical/networks/fmc/standard-network"
"Aster Pharmacy 201 BR of Aster Pharmacies Group LLC-Dubai","Dubai","Pharmacy","trade center","","43209481","","","https://www.medifinder.ae/medical/networks/fmc/standard-network"
"Aster Pharmacy 202 (BR of Aster Pharmacies Group L.L.C)","Dubai","Pharmacy","rashidiya","","42540474","","","https://www.medifinder.ae/medical/networks/fmc/standard-network"
"Aster Pharmacy 203 (Al Taawun) Sharjah","Sharjah","Pharmacy","al mamzar","","65396955","","","https://www.medifinder.ae/medical/networks/fmc/standard-network"
"Aster Pharmacy 204 (BR of Aster Pharmacies Group L.L.C)","Dubai","Pharmacy","al qusais","","42203889","","","https://www.medifinder.ae/medical/networks/fmc/standard-network"
"Aster Pharmacy 205 BR of Aster Pharmacies Group LLC-Dubai","Dubai","Pharmacy","jumeirah","","45803814","","","https://www.medifinder.ae/medical/networks/fmc/standard-network"
"Aster Pharmacy 206 BR of Aster Pharmacies Group LLC (Burj Dubai)","Dubai","Pharmacy","downtown","","45475036","","","https://www.medifinder.ae/medical/networks/fmc/standard-network"
"ASTER PHARMACY 208 BR OF ASTER PHARMACIES GROUP L.L.C","Dubai","Pharmacy","barsha","","43578436","","","https://www.medifinder.ae/medical/networks/fmc/standard-network"
"ASTER PHARMACY 211 BR OF ASTER PHARMACIES GROUP L.L.C","Dubai","Pharmacy","nad al sheba 1","","43530973","","","https://www.medifinder.ae/medical/networks/fmc/standard-network"
"Aster Pharmacy 3 (BR of Aster Pharmacies Group L.L.C)","Dubai","Pharmacy","outlet mall","","44437250","","","https://www.medifinder.ae/medical/networks/fmc/standard-network"
"Aster Pharmacy 5 (BR of Aster Pharmacies Group L.L.C)","Dubai","Pharmacy","international city","","44473169","","","https://www.medifinder.ae/medical/networks/fmc/standard-network"
"Aster Pharmacy 6 (BR of Aster Pharmacies Group L.L.C)","Dubai","Pharmacy","silicon oasis","","43262600","","","https://www.medifinder.ae/medical/networks/fmc/standard-network"
"Aster Pharmacy 8 Br of Aster Pharmacies Group L.L.C LLC Fujairah Branch","Fujairah","Pharmacy","fujairah cluster","","92230701","","","https://www.medifinder.ae/medical/networks/fmc/standard-network"
"Aster Pharmacy 98 (BR. of Aster Pharmacy L.L.C)","Dubai","Pharmacy","muhaisnah","","42521711","","","https://www.medifinder.ae/medical/networks/fmc/standard-network"
"Aster Pharmacy LLC Farmacia Home Health Care","Abu Dhabi","Pharmacy","mohamed bin zayed city","","25529395","","","https://www.medifinder.ae/medical/networks/fmc/standard-network"
"ASTER ROYAL CLINIC ARABIAN RANCHES PHARMACY BR OF D M HEALTHCARE L L C","Dubai","Pharmacy","arabian ranches","","45294981","","","https://www.medifinder.ae/medical/networks/fmc/standard-network"
"Aster Royal Clinic Springs Souk Pharmacy BR of D M Healthcare L L C","Dubai","Pharmacy","dubai","","43092900","","","https://www.medifinder.ae/medical/networks/fmc/standard-network"
"ATLAS PHARMACY - SOLE PROPRIETORSHIP LLC","Abu Dhabi","Pharmacy","hamdan street","","25826444","","","https://www.medifinder.ae/medical/networks/fmc/standard-network"
"AXON MEDICA PHARMACY LLC (prev. Orion Family Pharmacy)","Dubai","Pharmacy","jebel ali","","44599904","","","https://www.medifinder.ae/medical/networks/fmc/standard-network"
"BAIT AL AFIYA PHARMACY LLC","Dubai","Pharmacy","dip 1","","44529194","","","https://www.medifinder.ae/medical/networks/fmc/standard-network"
"Bait Al Maqdes Al Jadeedah Pharmacy","Sharjah","Pharmacy","abu shagara","","65486100","","","https://www.medifinder.ae/medical/networks/fmc/standard-network"
"Bait Al Maqdes Pharmacy Llc-Branch 2","Sharjah","Pharmacy","al majaz","","65534363","","","https://www.medifinder.ae/medical/networks/fmc/standard-network"
"Bait Al Shifa Pharmacy Jfza - ( NMC Health Group )","Dubai","Pharmacy","jebel ali","","506281560","","","https://www.medifinder.ae/medical/networks/fmc/standard-network"
"Balsam Al Garhoud Pharmacy - Dubai","Dubai","Pharmacy","garhoud area","","42827288","","","https://www.medifinder.ae/medical/networks/fmc/standard-network"
"Balsam Al Hadeetha Pharmacy - Dubai","Dubai","Pharmacy","umm suqeim","","43488507","","","https://www.medifinder.ae/medical/networks/fmc/standard-network"
"Balsam Al Jadeeda Pharmacy - Dubai","Dubai","Pharmacy","jumeirah","","43491669","","","https://www.medifinder.ae/medical/networks/fmc/standard-network"
"Balsam Pharmacy (Al Garhoud) Dubai","Dubai","Pharmacy","satwa","","43984899","","","https://www.medifinder.ae/medical/networks/fmc/standard-network"
"BANGLADESH PHARMACY","Abu Dhabi","Pharmacy","town centre","","37325625037640932","","","https://www.medifinder.ae/medical/networks/fmc/standard-network"
"Barada Pharmacy L.L.C - Branch","Abu Dhabi","Pharmacy","al ain","","37215777","","","https://www.medifinder.ae/medical/networks/fmc/standard-network"
"BASSEM PHARMACY L.L.C. BRANCH","Abu Dhabi","Pharmacy","hamdan street","","25826043","","","https://www.medifinder.ae/medical/networks/fmc/standard-network"
"Beach Road Medicina Pharmacy (Medicina Pharmacy Group)","Dubai","Pharmacy","jumeirah","","43214347","","","https://www.medifinder.ae/medical/networks/fmc/standard-network"
"BEACON PHARMACY","Ajman","Pharmacy","industrial area","","67434123","","","https://www.medifinder.ae/medical/networks/fmc/standard-network"
"Beda Al Mutawa Medical Center Pharmacy","Abu Dhabi","Pharmacy","western region","","28070000","","","https://www.medifinder.ae/medical/networks/fmc/standard-network"
"Best Health Care Pharmacy LLC","Abu Dhabi","Pharmacy","mussaffa","","25755333","","","https://www.medifinder.ae/medical/networks/fmc/standard-network"
"Beta Pharmacy (BR of Aster Pharmacies Group L.L.C)","Dubai","Pharmacy","mirdiff cluster","","42633207","","","https://www.medifinder.ae/medical/networks/fmc/standard-network"
"Better Life Pharmacy - Dubai","Dubai","Pharmacy","al quoz","","43414626","","","https://www.medifinder.ae/medical/networks/fmc/standard-network"
"Bilal Pharmacy (Al Shifa)","Sharjah","Pharmacy","industrial area 2","","65328558","","","https://www.medifinder.ae/medical/networks/fmc/standard-network"
"BLUE LIFE PHARMACY - JABAL ALI","Dubai","Pharmacy","jebel ali","","42275777","","","https://www.medifinder.ae/medical/networks/fmc/standard-network"
"BOOSTER PHARMACY L.L.C (BRANCH)","Dubai","Pharmacy","al waheeda street","","42678595","","","https://www.medifinder.ae/medical/networks/fmc/standard-network"
"BOOSTER PHARMACY L.L.C (BRANCH)","Dubai","Pharmacy","deira","","42527477","","","https://www.medifinder.ae/medical/networks/fmc/standard-network"
"BUDOOR PHARMACY- BRANCH 1","Abu Dhabi","Pharmacy","al maqam area","","37685005","","","https://www.medifinder.ae/medical/networks/fmc/standard-network"
"BUDOOR PHARMACY- BRANCH 1","Abu Dhabi","Pharmacy","al mutawaa area","","37648002","","","https://www.medifinder.ae/medical/networks/fmc/standard-network"
"BUPA PHARMACY SOLE PROPRIETORSHIP LLC","Abu Dhabi","Pharmacy","airport road","","26270600","","","https://www.medifinder.ae/medical/networks/fmc/standard-network"
"Burjeel Al Hayyat Pharmacy","Dubai","Pharmacy","jebel ali","","48808981","","","https://www.medifinder.ae/medical/networks/fmc/standard-network"
"Burjeel Farha Pharmacy L.L.C.(FORMERLYMEDEOR 24x7international Pharmacy LLC-Al Ain)","Abu Dhabi","Pharmacy","al ain","","37099000","","","https://www.medifinder.ae/medical/networks/fmc/standard-network"
"BURJEEL HOSPITAL PHARMACY L.L.C.","Abu Dhabi","Pharmacy","najda street","","25085555","","","https://www.medifinder.ae/medical/networks/fmc/standard-network"
"BURJEEL PHARMACY - BARARI MALL L.L.C.","Abu Dhabi","Pharmacy","barari outlet mall","","37991555","","","https://www.medifinder.ae/medical/networks/fmc/standard-network"
"Burjeel Pharmacy Forsan Central Mall L.L.C.","Abu Dhabi","Pharmacy","khalifa street","","25570123","","","https://www.medifinder.ae/medical/networks/fmc/standard-network"
"BURJEEL PHARMACY L C C - BRANCH 8(MEDICINE SHOPPE MADINA ZAYED PHARMACY)","Abu Dhabi","Pharmacy","electra street","","26588918","","","https://www.medifinder.ae/medical/networks/fmc/standard-network"
"BURJEEL PHARMACY L.L.C.","Abu Dhabi","Pharmacy","old passport road","","24470407","","","https://www.medifinder.ae/medical/networks/fmc/standard-network"
"BURJEEL PHARMACY L.L.C.","Abu Dhabi","Pharmacy","defence road","","24918787","","","https://www.medifinder.ae/medical/networks/fmc/standard-network"
"BURJEEL PHARMACY L.L.C.","Abu Dhabi","Pharmacy","mussaffa","","25534848","","","https://www.medifinder.ae/medical/networks/fmc/standard-network"
"BURJEEL PHARMACY L.L.C.","Abu Dhabi","Pharmacy","defence road","","26415533","","","https://www.medifinder.ae/medical/networks/fmc/standard-network"
"BURJEEL PHARMACY L.L.C.","Abu Dhabi","Pharmacy","taxi stand","","24437788","","","https://www.medifinder.ae/medical/networks/fmc/standard-network"
"Burjeel Retail Pharmacy L.L.C. - Branch","Abu Dhabi","Pharmacy","al dhafra region","","28848989","","","https://www.medifinder.ae/medical/networks/fmc/standard-network"
"Burjeel Specialty Hospital Pharmacy (Maysaloon) Sharjah","Sharjah","Pharmacy","al kuwait st","","65075073","","","https://www.medifinder.ae/medical/networks/fmc/standard-network"
"Bustan Al Rolla Pharmacy Llc","Sharjah","Pharmacy","rolla","","566602333","","","https://www.medifinder.ae/medical/networks/fmc/standard-network"
"C C M Life Pharmacy BR of Life Pharmacy LLC","Dubai","Pharmacy","mirdiff","","45610000","","","https://www.medifinder.ae/medical/networks/fmc/standard-network"
"CAPLET PHARMACY L.L.C.","Abu Dhabi","Pharmacy","al noud","","37344229","","","https://www.medifinder.ae/medical/networks/fmc/standard-network"
"Care and Cure Pharmacy LLC","Ras Al Khaimah","Pharmacy","mamoura stree","","72351631","","","https://www.medifinder.ae/medical/networks/fmc/standard-network"
"Ccs Life Pharmacy BR of Life Pharmacy LLC","Dubai","Pharmacy","bur dubai","","45610000","","","https://www.medifinder.ae/medical/networks/fmc/standard-network"
"Central Pharmacy","Ras Al Khaimah","Pharmacy","digdaga","","72334345","","","https://www.medifinder.ae/medical/networks/fmc/standard-network"
"Central Private Hospital Pharmacy","Sharjah","Pharmacy","al nabba","","65639900","","","https://www.medifinder.ae/medical/networks/fmc/standard-network"
"Central United Pharmacy Branch of United Pharmacy Investment LLC","Dubai","Pharmacy","mirdiff","","45610000","","","https://www.medifinder.ae/medical/networks/fmc/standard-network"
"CHARISMA PHARMACY - SOLE PROPRIETORSHIP L.L.C","Abu Dhabi","Pharmacy","khalidiya","","26443331","","","https://www.medifinder.ae/medical/networks/fmc/standard-network"
"City Land Life Pharmacy Br Of Life Pharmacy Llc","Dubai","Pharmacy","jebel ali","","45610000","","","https://www.medifinder.ae/medical/networks/fmc/standard-network"
"City Life Pharmacy L.L.C-Life Healthcare Group","Dubai","Pharmacy","trade center","","43410072","","","https://www.medifinder.ae/medical/networks/fmc/standard-network"
"City Relief Pharmacy LLC Ex. Relief Pharmacy LLC (Branch)","Dubai","Pharmacy","naif","","42246566","","","https://www.medifinder.ae/medical/networks/fmc/standard-network"
"City Sun Pharmacy (Avivo)","Dubai","Pharmacy","al quoz","","43400373","","","https://www.medifinder.ae/medical/networks/fmc/standard-network"
"CORNICHE PHARMACY LLC(New)_28(New)_MOH-F-5000077","Ras Al Khaimah","Pharmacy","al nakheel","","72229779","","","https://www.medifinder.ae/medical/networks/fmc/standard-network"
"COSMESURGE AND EMIRATES HOSPITAL PHARMACY","Dubai","Pharmacy","delma street","","24466422","","","https://www.medifinder.ae/medical/networks/fmc/standard-network"
"CREST CARE PHARMACY L.L.C","Dubai","Pharmacy","dubai international city","","45544027","","","https://www.medifinder.ae/medical/networks/fmc/standard-network"
"Cwh Pharmacy BRANCH(BURJUMAN) Dubai","Dubai","Pharmacy","burjuman","","43865376","","","https://www.medifinder.ae/medical/networks/fmc/standard-network"
"Dajla Pharmacy-Faith Group","Ajman","Pharmacy","rashidiya 3","","67466704","","","https://www.medifinder.ae/medical/networks/fmc/standard-network"
"DAMAN PHARMACY","Abu Dhabi","Pharmacy","khalifa street","","26320909","","","https://www.medifinder.ae/medical/networks/fmc/standard-network"
"DANA PHARMACY","Sharjah","Pharmacy","al zahra street","","65621717","","","https://www.medifinder.ae/medical/networks/fmc/standard-network"
"DAOUD PHARMACY L.L.C.SP","Sharjah","Pharmacy","al nahda","","67152475","","","https://www.medifinder.ae/medical/networks/fmc/standard-network"
"Dar Al Faraj Pharmacy LLC","Sharjah","Pharmacy","industrial area 18","","65579567","","","https://www.medifinder.ae/medical/networks/fmc/standard-network"
"DAR AL HEKMAH PHARMACY","Ras Al Khaimah","Pharmacy","rak","","72263567","","","https://www.medifinder.ae/medical/networks/fmc/standard-network"
"Dar Al Hikma Pharmacy - SHARJAH(AQUA Pharmacy Group)","Sharjah","Pharmacy","buhairah corniche","","65567358","","","https://www.medifinder.ae/medical/networks/fmc/standard-network"
"Deira Life Pharmacy L.L.C-Life Healthcare Group","Dubai","Pharmacy","al muraqqabat","","42380116","","","https://www.medifinder.ae/medical/networks/fmc/standard-network"
"DEIRA PHARMACY","Dubai","Pharmacy","deira","","506512296","","","https://www.medifinder.ae/medical/networks/fmc/standard-network"
"Delmon Pharmacy LLC","Sharjah","Pharmacy","rolla","","65504331","","","https://www.medifinder.ae/medical/networks/fmc/standard-network"
"Delta Al Mamzar Pharmacy, Al Ittihad (Faith Pharmacies)","Sharjah","Pharmacy","al mamzar","","65771703","","","https://www.medifinder.ae/medical/networks/fmc/standard-network"
"Delta Modern Pharmacy, Al Majaz (Faith Pharmacies)","Sharjah","Pharmacy","al majaz","","65554490","","","https://www.medifinder.ae/medical/networks/fmc/standard-network"
"Delta Pharmacy, Al Sweihat (Faith Pharmacies)","Sharjah","Pharmacy","al sweihat","","65382770","","","https://www.medifinder.ae/medical/networks/fmc/standard-network"
"DIBA PHARMACY","Ajman","Pharmacy","lulu area","","67444715","","","https://www.medifinder.ae/medical/networks/fmc/standard-network"
"DIBBA PHARMACY(Health First 19 Pharmacy)","Fujairah","Pharmacy","fujairah","","92444376","","","https://www.medifinder.ae/medical/networks/fmc/standard-network"
"DOCTORS PHARMACY L.L.C","Dubai","Pharmacy","jebel ali industrial first","","502099430","","","https://www.medifinder.ae/medical/networks/fmc/standard-network"
"DR ABDUL LATIF PHARMACY L L C","Dubai","Pharmacy","deira","","42264999","","","https://www.medifinder.ae/medical/networks/fmc/standard-network"
"Dr Abdulla S Pharmacy","Dubai","Pharmacy","muhaisnah","","42388778","","","https://www.medifinder.ae/medical/networks/fmc/standard-network"
"DR JOSEPH POLYCLINIC BR OF GULF HEALTHCARE INTERNATIONAL LLC - PHARMACY","Dubai","Pharmacy","karama","","43541663","","","https://www.medifinder.ae/medical/networks/fmc/standard-network"
"Dragon Pharmacy (BR of Aster Al Shafar Pharmacies Group LLC)","Dubai","Pharmacy","dubai","","45693614","","","https://www.medifinder.ae/medical/networks/fmc/standard-network"
"DROPS PHARMACY","Abu Dhabi","Pharmacy","al yahar","","37532705","","","https://www.medifinder.ae/medical/networks/fmc/standard-network"
"DROPS PHARMACY","Abu Dhabi","Pharmacy","neima","","37342759","","","https://www.medifinder.ae/medical/networks/fmc/standard-network"
"DROPS PHARMACY","Abu Dhabi","Pharmacy","mohammed bin zayed city","","26229899","","","https://www.medifinder.ae/medical/networks/fmc/standard-network"
"Dubai Hospital Pharmacy-Rasalkhoor Pharmacy Group","Dubai","Pharmacy","deira","","42722011","","","https://www.medifinder.ae/medical/networks/fmc/standard-network"
"Dubal Pharmacy (Aster) (Br.Aster Pharmacy LLC)","Dubai","Pharmacy","jebel ali","","48022684","","","https://www.medifinder.ae/medical/networks/fmc/standard-network"
"Dulsco Pharmacy (BR of Dulsco LLC) - Dubai","Dubai","Pharmacy","al quoz 4","","45016500","","","https://www.medifinder.ae/medical/networks/fmc/standard-network"
"Dulsco Pharmacy LLC, Smbzr (Dulsco Group)","Dubai","Pharmacy","shaikh zayed road","","43232442","","","https://www.medifinder.ae/medical/networks/fmc/standard-network"
"EASY LIFE PHARMACY - L.L.C","Abu Dhabi","Pharmacy","shabia","","25630740","","","https://www.medifinder.ae/medical/networks/fmc/standard-network"
"EASY PHARMACY","Dubai","Pharmacy","international city","","44327382","","","https://www.medifinder.ae/medical/networks/fmc/standard-network"
"EL YAZIYA PHARMACY","Abu Dhabi","Pharmacy","murror street","","24493700","","","https://www.medifinder.ae/medical/networks/fmc/standard-network"
"Elaj Medical Centre Pharmacy (Al Rumailah) Ajman","Ajman","Pharmacy","rashidiya 3","","67466300","","","https://www.medifinder.ae/medical/networks/fmc/standard-network"
"ELITE DUBAI PHARMACY","Dubai","Pharmacy","al barsha","","44377533","","","https://www.medifinder.ae/medical/networks/fmc/standard-network"
"EMIRATES HOSPITAL DAY SURGERY AND MEDICAL CENTER PHARMACY","Dubai","Pharmacy","motor city","","48716900","","","https://www.medifinder.ae/medical/networks/fmc/standard-network"
"Emirates Pharmacy L.L.C (BR.DISCOVERY Garden)","Dubai","Pharmacy","sheik zayed rd","","80042273","","","https://www.medifinder.ae/medical/networks/fmc/standard-network"
"Emirates Pharmacy Llc (Emirates Hosp G)","Dubai","Pharmacy","motor city","","45549370","","","https://www.medifinder.ae/medical/networks/fmc/standard-network"
"Emirates Pharmacy Llc (Emirates Hosp G)","Dubai","Pharmacy","dubai","","43496666","","","https://www.medifinder.ae/medical/networks/fmc/standard-network"
"Emirates Pharmacy Llc (Emirates Hosp G)","Dubai","Pharmacy","al busthan","","503818321","","","https://www.medifinder.ae/medical/networks/fmc/standard-network"
"ERADA PHARMACY LLC BRANCH","Dubai","Pharmacy","al jafiliya","","44538476","","","https://www.medifinder.ae/medical/networks/fmc/standard-network"
"ERADA PHARMACY LLC BRANCH","Dubai","Pharmacy","bur dubai","","42635752","","","https://www.medifinder.ae/medical/networks/fmc/standard-network"
"EURO HEALTH AL AIN PHARMACY","Dubai","Pharmacy","karama","","43342333","","","https://www.medifinder.ae/medical/networks/fmc/standard-network"
"Eve Pharmacy LLC (Hamadiya 1) Ajman","Ajman","Pharmacy","jurf","","67319825","","","https://www.medifinder.ae/medical/networks/fmc/standard-network"
"Excellent Pharmacy LLC","Abu Dhabi","Pharmacy","mafraq","","25544469","","","https://www.medifinder.ae/medical/networks/fmc/standard-network"
"Experts Pharmacy(Medshop) - (Moopen's Group)","Sharjah","Pharmacy","bu tina","","65654635","","","https://www.medifinder.ae/medical/networks/fmc/standard-network"
"Extra Life Pharmacy - Life Healthcare - DXB","Dubai","Pharmacy","al barsha","","43472212","","","https://www.medifinder.ae/medical/networks/fmc/standard-network"
"Faith Al Quoz Pharmacy (Al Qouz 1) Dubai","Dubai","Pharmacy","al quoz 1","","43960422","","","https://www.medifinder.ae/medical/networks/fmc/standard-network"
"Faith Cap 1 Pharmacy L.L.C - Dubai (Faith Group)","Dubai","Pharmacy","mizhar first","","42255121","","","https://www.medifinder.ae/medical/networks/fmc/standard-network"
"Faith Jabal Pharmacy (Jebel Ali) Dubai","Dubai","Pharmacy","jebel ali","","43956479","","","https://www.medifinder.ae/medical/networks/fmc/standard-network"
"Faith Pharmacy - Dubai","Dubai","Pharmacy","deira","","42724279","","","https://www.medifinder.ae/medical/networks/fmc/standard-network"
"Faith Way Pharmacy - Dubai","Dubai","Pharmacy","jumeirah","","43798953","","","https://www.medifinder.ae/medical/networks/fmc/standard-network"
"Faithway Pharmacy LLC (Branch)","Dubai","Pharmacy","al muteena","","42641808","","","https://www.medifinder.ae/medical/networks/fmc/standard-network"
"Fajer Mirdif Pharmacy L.L.C","Dubai","Pharmacy","al muteena","","43437636","","","https://www.medifinder.ae/medical/networks/fmc/standard-network"
"FAMILY PHARMACY - AL ETIHAD","Fujairah","Pharmacy","al sharq street","","92222444","","","https://www.medifinder.ae/medical/networks/fmc/standard-network"
"FERTICLINIC PHARMACY","Abu Dhabi","Pharmacy","khalifa city","","24441576","","","https://www.medifinder.ae/medical/networks/fmc/standard-network"
"Fit for Life Pharmacy LLC (Dip) Dubai","Dubai","Pharmacy","dip 1","","48836865","","","https://www.medifinder.ae/medical/networks/fmc/standard-network"
"FRONTIER PHARMACY","Abu Dhabi","Pharmacy","mussafah","","26763446","","","https://www.medifinder.ae/medical/networks/fmc/standard-network"
"FUJAIRAH PHARMACY(Health First Pharmacy 16)","Fujairah","Pharmacy","fujairah","","92229295","","","https://www.medifinder.ae/medical/networks/fmc/standard-network"
"Future International Pharmacy L.L.C","Abu Dhabi","Pharmacy","shabiya","","25595112","","","https://www.medifinder.ae/medical/networks/fmc/standard-network"
"Galleria Pharmacy","Dubai","Pharmacy","deira","","42737450","","","https://www.medifinder.ae/medical/networks/fmc/standard-network"
"GARNET PHARMACY","Dubai","Pharmacy","al muteena","","569690664","","","https://www.medifinder.ae/medical/networks/fmc/standard-network"
"Gate Better Life Pharmacy - Kmc Group","Dubai","Pharmacy","al quoz","","45586281","","","https://www.medifinder.ae/medical/networks/fmc/standard-network"
"Gayathy Hospital Pharmacy","Abu Dhabi","Pharmacy","western region","","28070000","","","https://www.medifinder.ae/medical/networks/fmc/standard-network"
"GERMAN ADVANCE MEDICAL CENTRE PHARMACY L.L.C.","Abu Dhabi","Pharmacy","baniyas","","26760432","","","https://www.medifinder.ae/medical/networks/fmc/standard-network"
"Ghaleelah Pharmacy(Julphar Grp Of Phy)","Dubai","Pharmacy","deira","","42693618","","","https://www.medifinder.ae/medical/networks/fmc/standard-network"
"Gmc Pharmacy Llc","Dubai","Pharmacy","deira","","42627799","","","https://www.medifinder.ae/medical/networks/fmc/standard-network"
"Gold Life Pharmacy BR of Life Pharmacy LLC, Al Qouz (Life Pharmacies)","Dubai","Pharmacy","al quoz","","43410243","","","https://www.medifinder.ae/medical/networks/fmc/standard-network"
"Golden Life Pharmacy - Life Healthcare","Dubai","Pharmacy","difc","","43430077","","","https://www.medifinder.ae/medical/networks/fmc/standard-network"
"Golden Life Pharmacy (LLC)","Abu Dhabi","Pharmacy","al ain mall","","37221676","","","https://www.medifinder.ae/medical/networks/fmc/standard-network"
"GOOD NEIGHBOUR PHARMACY L.L.C","Dubai","Pharmacy","al satwa","","45705060","","","https://www.medifinder.ae/medical/networks/fmc/standard-network"
"Grand Hamad Pharmacy (Nmc)","Sharjah","Pharmacy","al nahda","","65257556","","","https://www.medifinder.ae/medical/networks/fmc/standard-network"
"GRAND MURIAT PHARMACY L.L.C","Dubai","Pharmacy","deira","","42639986","","","https://www.medifinder.ae/medical/networks/fmc/standard-network"
"Grand Pharmacy","Sharjah","Pharmacy","king faisal street","","65336279","","","https://www.medifinder.ae/medical/networks/fmc/standard-network"
"Grand United Pharmacy Branch of United Pharmacy Investment","Dubai","Pharmacy","downtown","","45610000","","","https://www.medifinder.ae/medical/networks/fmc/standard-network"
"Green Care Pharmacy - Sole Proprietorship LLC","Abu Dhabi","Pharmacy","mussaffa","","26670882","","","https://www.medifinder.ae/medical/networks/fmc/standard-network"
"GREEN HEALTH PHARMACY","Sharjah","Pharmacy","muweilah","","65670005","","","https://www.medifinder.ae/medical/networks/fmc/standard-network"
"GUARDIAN PHARMACY LLC","Dubai","Pharmacy","deira","","42719966","","","https://www.medifinder.ae/medical/networks/fmc/standard-network"
"Gulf Apollo Pharmacy Llc","Abu Dhabi","Pharmacy","shabia","","25591566","","","https://www.medifinder.ae/medical/networks/fmc/standard-network"
"GULF INTERNATIONAL CANCER CENTER INPATIENT PHARMACY","Abu Dhabi","Pharmacy","al bahia","","25635558","","","https://www.medifinder.ae/medical/networks/fmc/standard-network"
"GULF PHARMACY_RAK","Ras Al Khaimah","Pharmacy","rak","","72228551","","","https://www.medifinder.ae/medical/networks/fmc/standard-network"
"HALA 37 PHARMACY LLC OPC BRANCH 1","Sharjah","Pharmacy","mina al arab","","45610000","","","https://www.medifinder.ae/medical/networks/fmc/standard-network"
"Hala Pharmacy - Branch 19 (King Faisal Street) Sharjah","Sharjah","Pharmacy","abu shagara","","65759287","","","https://www.medifinder.ae/medical/networks/fmc/standard-network"
"Hala Pharmacy - Branch 19 (King Faisal Street) Sharjah","Sharjah","Pharmacy","al tawun","","45610000","","","https://www.medifinder.ae/medical/networks/fmc/standard-network"
"Hala Pharmacy - Branch 19 (King Faisal Street) Sharjah","Sharjah","Pharmacy","al zahia city centre","","45718023","","","https://www.medifinder.ae/medical/networks/fmc/standard-network"
"Hala Pharmacy - Branch 19 (King Faisal Street) Sharjah","Sharjah","Pharmacy","muweilah","","45718032","","","https://www.medifinder.ae/medical/networks/fmc/standard-network"
"Hala Pharmacy - Branch 19 (King Faisal Street) Sharjah","Sharjah","Pharmacy","muweilah","","45718035","","","https://www.medifinder.ae/medical/networks/fmc/standard-network"
"Hala Pharmacy - Branch 19 (King Faisal Street) Sharjah","Sharjah","Pharmacy","buhairah corniche","","45718036","","","https://www.medifinder.ae/medical/networks/fmc/standard-network"
"Hala Pharmacy - Branch 19 (King Faisal Street) Sharjah","Sharjah","Pharmacy","rolla","","65218353","","","https://www.medifinder.ae/medical/networks/fmc/standard-network"
"Hala Pharmacy - Branch 19 (King Faisal Street) Sharjah","Sharjah","Pharmacy","al nasserya","","65220367","","","https://www.medifinder.ae/medical/networks/fmc/standard-network"
"Hala Pharmacy - Branch 19 (King Faisal Street) Sharjah","Sharjah","Pharmacy","sharjah","","65226348","","","https://www.medifinder.ae/medical/networks/fmc/standard-network"
"Hala Pharmacy - Branch 19 (King Faisal Street) Sharjah","Sharjah","Pharmacy","al nasserya","","65239833","","","https://www.medifinder.ae/medical/networks/fmc/standard-network"
"Hala Pharmacy - Branch 19 (King Faisal Street) Sharjah","Sharjah","Pharmacy","al khan","","65372761","","","https://www.medifinder.ae/medical/networks/fmc/standard-network"
"Hala Pharmacy - Branch 19 (King Faisal Street) Sharjah","Sharjah","Pharmacy","al qassimia","","65454123","","","https://www.medifinder.ae/medical/networks/fmc/standard-network"
"Hala Pharmacy - Branch 19 (King Faisal Street) Sharjah","Sharjah","Pharmacy","abu shagara","","65485898","","","https://www.medifinder.ae/medical/networks/fmc/standard-network"
"Hala Pharmacy - Branch 19 (King Faisal Street) Sharjah","Sharjah","Pharmacy","al qassimia","","65501340","","","https://www.medifinder.ae/medical/networks/fmc/standard-network"
"Hala Pharmacy - Branch 19 (King Faisal Street) Sharjah","Sharjah","Pharmacy","al nahda","","45718041","","","https://www.medifinder.ae/medical/networks/fmc/standard-network"
"Hala Pharmacy - Branch 19 (King Faisal Street) Sharjah","Sharjah","Pharmacy","al majaz","","45718057","","","https://www.medifinder.ae/medical/networks/fmc/standard-network"
"Hala Pharmacy - Branch 19 (King Faisal Street) Sharjah","Sharjah","Pharmacy","buteena","","45718069","","","https://www.medifinder.ae/medical/networks/fmc/standard-network"
"Hala Pharmacy - Branch 19 (King Faisal Street) Sharjah","Sharjah","Pharmacy","al majaz","","65506126","","","https://www.medifinder.ae/medical/networks/fmc/standard-network"
"Hala Pharmacy - Branch 19 (King Faisal Street) Sharjah","Sharjah","Pharmacy","al qassimia","","65515213","","","https://www.medifinder.ae/medical/networks/fmc/standard-network"
"Hala Pharmacy - Branch 19 (King Faisal Street) Sharjah","Sharjah","Pharmacy","al majaz","","65516022","","","https://www.medifinder.ae/medical/networks/fmc/standard-network"
"Hala Pharmacy - Branch 19 (King Faisal Street) Sharjah","Sharjah","Pharmacy","al nabba","","65519865","","","https://www.medifinder.ae/medical/networks/fmc/standard-network"
"Hala Pharmacy - Branch 19 (King Faisal Street) Sharjah","Sharjah","Pharmacy","al qassimia","","65519931","","","https://www.medifinder.ae/medical/networks/fmc/standard-network"
"Hala Pharmacy - Branch 19 (King Faisal Street) Sharjah","Sharjah","Pharmacy","al juraina","","65526718","","","https://www.medifinder.ae/medical/networks/fmc/standard-network"
"Hala Pharmacy - Branch 19 (King Faisal Street) Sharjah","Sharjah","Pharmacy","al majaz","","65560640","","","https://www.medifinder.ae/medical/networks/fmc/standard-network"
"Hala Pharmacy - Branch 19 (King Faisal Street) Sharjah","Sharjah","Pharmacy","sharjah","","65561718","","","https://www.medifinder.ae/medical/networks/fmc/standard-network"
"Hala Pharmacy - Branch 19 (King Faisal Street) Sharjah","Sharjah","Pharmacy","al nabba","","65627128","","","https://www.medifinder.ae/medical/networks/fmc/standard-network"
"Hala Pharmacy 13 - Dubai","Dubai","Pharmacy","international city","","44307562","","","https://www.medifinder.ae/medical/networks/fmc/standard-network"
"Hala Pharmacy 14 - Dubai","Dubai","Pharmacy","marina","","44305460","","","https://www.medifinder.ae/medical/networks/fmc/standard-network"
"Hala Pharmacy 15 LLC (Life Healthcare Group)","Dubai","Pharmacy","discovery gardens","","42766318","","","https://www.medifinder.ae/medical/networks/fmc/standard-network"
"Hala Pharmacy 16 - Dubai","Dubai","Pharmacy","international city","","44306947","","","https://www.medifinder.ae/medical/networks/fmc/standard-network"
"Hala Pharmacy 19 LLC - Dubai","Dubai","Pharmacy","international city","","44307323","","","https://www.medifinder.ae/medical/networks/fmc/standard-network"
"Hala Pharmacy 21 Llc Branch","Ras Al Khaimah","Pharmacy","al rams","","45610000","","","https://www.medifinder.ae/medical/networks/fmc/standard-network"
"Hala Pharmacy 22 LLC","Ras Al Khaimah","Pharmacy","manar mall","","45610000","","","https://www.medifinder.ae/medical/networks/fmc/standard-network"
"Hala Pharmacy 23, RAK (Life Healthcare Group)","Ras Al Khaimah","Pharmacy","al dhaid","","72355984","","","https://www.medifinder.ae/medical/networks/fmc/standard-network"
"Hala Pharmacy 25 (Manar Mall) RAK","Ras Al Khaimah","Pharmacy","al juwais","","45610000","","","https://www.medifinder.ae/medical/networks/fmc/standard-network"
"HALA PHARMACY 37 LLC BRANCH 2","Ras Al Khaimah","Pharmacy","al qawasim corniche","","45610000","","","https://www.medifinder.ae/medical/networks/fmc/standard-network"
"Hala Pharmacy BR 52 (Muweilah) Sharjah","Sharjah","Pharmacy","muweilah","","45718060","","","https://www.medifinder.ae/medical/networks/fmc/standard-network"
"Hala Pharmacy BR 54 (Industrial 2) Ajman","Ajman","Pharmacy","emarats market, ajman","","45718043","","","https://www.medifinder.ae/medical/networks/fmc/standard-network"
"Hala Pharmacy Branch 01 (Ajman City Centre)","Ajman","Pharmacy","southern sector, al zahra area","","45812447","","","https://www.medifinder.ae/medical/networks/fmc/standard-network"
"Hala Pharmacy Branch 01 (Ajman City Centre)","Ajman","Pharmacy","al jurf","","45610000","","","https://www.medifinder.ae/medical/networks/fmc/standard-network"
"Hala Pharmacy Branch 34","Ras Al Khaimah","Pharmacy","al juwais","","45610000","","","https://www.medifinder.ae/medical/networks/fmc/standard-network"
"Hala Pharmacy Branch 36","Ras Al Khaimah","Pharmacy","al kharran","","45610000","","","https://www.medifinder.ae/medical/networks/fmc/standard-network"
"Hala Pharmacy Branch 45","Sharjah","Pharmacy","al nahda","","45718046","","","https://www.medifinder.ae/medical/networks/fmc/standard-network"
"Hala Pharmacy Branch 55","Sharjah","Pharmacy","muweilah","","45718066","","","https://www.medifinder.ae/medical/networks/fmc/standard-network"
"Hala Pharmacy21","Ras Al Khaimah","Pharmacy","al nadiyah","","72369729","","","https://www.medifinder.ae/medical/networks/fmc/standard-network"
"Hala Pharmacy22 (RAK)-Life Healthcare Group","Ras Al Khaimah","Pharmacy","al kharran","","72433432","","","https://www.medifinder.ae/medical/networks/fmc/standard-network"
"HAMAD AL MUMAYAZAH PHARMACY LLC","Ajman","Pharmacy","al busthan","","65238054","","","https://www.medifinder.ae/medical/networks/fmc/standard-network"
"Hamad Al Oula Pharmacy LLC - Sharjah","Sharjah","Pharmacy","al shahba","","65061600","","","https://www.medifinder.ae/medical/networks/fmc/standard-network"
"Hamad Pharmacy (Nmc)","Sharjah","Pharmacy","al shahba","","65582800","","","https://www.medifinder.ae/medical/networks/fmc/standard-network"
"HAMDARD PHARMACY","Dubai","Pharmacy","sonapur","","42857432","","","https://www.medifinder.ae/medical/networks/fmc/standard-network"
"Hamriya Life Pharmacy L L C-Life Healthcare Group","Dubai","Pharmacy","hor al anz","","43205128","","","https://www.medifinder.ae/medical/networks/fmc/standard-network"
"Haneefa Pharmacy LLC","Sharjah","Pharmacy","muwaileh commerical","","65729880","","","https://www.medifinder.ae/medical/networks/fmc/standard-network"
"HARLEY STREET PHARMACY L.L.C","Abu Dhabi","Pharmacy","marina village","","261333999","","","https://www.medifinder.ae/medical/networks/fmc/standard-network"
"HEALTH AID PHARMACY - L.L.C - O.P.C","Abu Dhabi","Pharmacy","mussafah 37","","28836618","","","https://www.medifinder.ae/medical/networks/fmc/standard-network"
"HEALTH AND LIFE PHARMACY LLC","Sharjah","Pharmacy","buteena","","65255551","","","https://www.medifinder.ae/medical/networks/fmc/standard-network"
"Health First 52 ( BR of Health First Investments LLC )","Dubai","Pharmacy","trade center","","43253056","","","https://www.medifinder.ae/medical/networks/fmc/standard-network"
"Health First Pharmacy - Branch 9 - Sharjah (Planet Group)","Abu Dhabi","Pharmacy","central district","","37662131","","","https://www.medifinder.ae/medical/networks/fmc/standard-network"
"Health First Pharmacy - Branch 9 - Sharjah (Planet Group)","Abu Dhabi","Pharmacy","al rawdah","","24494209","","","https://www.medifinder.ae/medical/networks/fmc/standard-network"
"Health First Pharmacy - Branch 9 - Sharjah (Planet Group)","Abu Dhabi","Pharmacy","musaffah","","25527070","","","https://www.medifinder.ae/medical/networks/fmc/standard-network"
"Health First Pharmacy - Branch 9 - Sharjah (Planet Group)","Abu Dhabi","Pharmacy","musaffah","","25530036","","","https://www.medifinder.ae/medical/networks/fmc/standard-network"
"Health First Pharmacy - Branch 9 - Sharjah (Planet Group)","Abu Dhabi","Pharmacy","baniyas","","25549055","","","https://www.medifinder.ae/medical/networks/fmc/standard-network"
"Health First Pharmacy - Branch 9 - Sharjah (Planet Group)","Abu Dhabi","Pharmacy","al bahyah","","25646364","","","https://www.medifinder.ae/medical/networks/fmc/standard-network"
"Health First Pharmacy - Branch 9 - Sharjah (Planet Group)","Abu Dhabi","Pharmacy","baniyas","","25851992","","","https://www.medifinder.ae/medical/networks/fmc/standard-network"
"Health First Pharmacy - Branch 9 - Sharjah (Planet Group)","Abu Dhabi","Pharmacy","al danah","","26666427","","","https://www.medifinder.ae/medical/networks/fmc/standard-network"
"Health First Pharmacy - Branch 9 - Sharjah (Planet Group)","Abu Dhabi","Pharmacy","al falah","","26746989","","","https://www.medifinder.ae/medical/networks/fmc/standard-network"
"Health First Pharmacy - Branch 9 - Sharjah (Planet Group)","Abu Dhabi","Pharmacy","al dhahir","","37675176","","","https://www.medifinder.ae/medical/networks/fmc/standard-network"
"Health First Pharmacy - Branch 9 - Sharjah (Planet Group)","Abu Dhabi","Pharmacy","al bateen","","37804288","","","https://www.medifinder.ae/medical/networks/fmc/standard-network"
"Health First Pharmacy 11 (Julphar)","Dubai","Pharmacy","mirdiff","","44560100","","","https://www.medifinder.ae/medical/networks/fmc/standard-network"
"Health First Pharmacy 17","Fujairah","Pharmacy","hilal city","","92230340","","","https://www.medifinder.ae/medical/networks/fmc/standard-network"
"Health First Pharmacy 2- Sharjah-Planet Pharmacy","Sharjah","Pharmacy","sharjah","","65534225","","","https://www.medifinder.ae/medical/networks/fmc/standard-network"
"Health First Pharmacy 21 (Al MAdhab) Fujairah","Fujairah","Pharmacy","fujairah","","92234518","","","https://www.medifinder.ae/medical/networks/fmc/standard-network"
"Health First Pharmacy 24- Dubai (BR. of Health First Investment LLC)","Dubai","Pharmacy","bay square","","44329158","","","https://www.medifinder.ae/medical/networks/fmc/standard-network"
"Health First Pharmacy 25- Dubai (BR. of Health First Investment LLC)","Dubai","Pharmacy","al barsha","","43992116","","","https://www.medifinder.ae/medical/networks/fmc/standard-network"
"Health First Pharmacy 26 (Murbah)  Fujairah","Fujairah","Pharmacy","mirbah","","92373985","","","https://www.medifinder.ae/medical/networks/fmc/standard-network"
"Health First Pharmacy 28 - Uaq","Umm Al Quwain","Pharmacy","old uaq","","67656180","","","https://www.medifinder.ae/medical/networks/fmc/standard-network"
"Health First Pharmacy 29","Dubai","Pharmacy","dubai investments park 2","","48877503","","","https://www.medifinder.ae/medical/networks/fmc/standard-network"
"Health First Pharmacy 30 - Dubai","Dubai","Pharmacy","damac hills","","43709030","","","https://www.medifinder.ae/medical/networks/fmc/standard-network"
"Health First Pharmacy 31","Dubai","Pharmacy","karama","","43960598","","","https://www.medifinder.ae/medical/networks/fmc/standard-network"
"Health First Pharmacy 32","Dubai","Pharmacy","jumeirah","","43383206","","","https://www.medifinder.ae/medical/networks/fmc/standard-network"
"Health First Pharmacy 33 (Julphar)","Dubai","Pharmacy","umm suqeim","","43963068","","","https://www.medifinder.ae/medical/networks/fmc/standard-network"
"HEALTH FIRST PHARMACY 39","Dubai","Pharmacy","hor al anz","","42691012","","","https://www.medifinder.ae/medical/networks/fmc/standard-network"
"Health First Pharmacy 40- Dubai- Planet Pharmacy","Dubai","Pharmacy","alquoz 4","","43331699","","","https://www.medifinder.ae/medical/networks/fmc/standard-network"
"Health First Pharmacy 41-Planet Pharmacy","Dubai","Pharmacy","mirdiff","","42882296","","","https://www.medifinder.ae/medical/networks/fmc/standard-network"
"Health First Pharmacy 42-Planet Pharmacy","Dubai","Pharmacy","dubai marina","","45546350","","","https://www.medifinder.ae/medical/networks/fmc/standard-network"
"Health First Pharmacy 43","Dubai","Pharmacy","dubai investments park 1","","48801832","","","https://www.medifinder.ae/medical/networks/fmc/standard-network"
"Health First Pharmacy 45 (Julphar)","Dubai","Pharmacy","al barsha","","43965891","","","https://www.medifinder.ae/medical/networks/fmc/standard-network"
"Health First Pharmacy 48 (BR of Health First Investment LLC","Dubai","Pharmacy","jumeirah","","43430616","","","https://www.medifinder.ae/medical/networks/fmc/standard-network"
"Health First Pharmacy 50 (Julphar)","Ras Al Khaimah","Pharmacy","al nadiyah","","72358018","","","https://www.medifinder.ae/medical/networks/fmc/standard-network"
"Health First Pharmacy 53 (Bab Al Bahr) Ras Al Khaimah","Ras Al Khaimah","Pharmacy","marjan island","","72435406","","","https://www.medifinder.ae/medical/networks/fmc/standard-network"
"Health First Pharmacy 54 (Saqer Bin Mohamed City) Ras Al Khaimah","Ras Al Khaimah","Pharmacy","al dhaith","","72082082","","","https://www.medifinder.ae/medical/networks/fmc/standard-network"
"Health First Pharmacy 56 (BR of Health First Invest) - Dubai (Planet Group)","Dubai","Pharmacy","difc","","45488253","","","https://www.medifinder.ae/medical/networks/fmc/standard-network"
"Health First Pharmacy 58 (BR of Health First Investment LLC ) - Dubai (Planet Pharmacy Group)","Dubai","Pharmacy","mirdiff","","45913880","","","https://www.medifinder.ae/medical/networks/fmc/standard-network"
"Health First Pharmacy 59 (Mohammed Bin Zayed) Fujairah","Fujairah","Pharmacy","al hayl","","92233235","","","https://www.medifinder.ae/medical/networks/fmc/standard-network"
"Health First Pharmacy 6","Dubai","Pharmacy","business bay","","42775700","","","https://www.medifinder.ae/medical/networks/fmc/standard-network"
"Health First Pharmacy 60 (Garhoud) Dubai","Dubai","Pharmacy","al garhoud","","47187442","","","https://www.medifinder.ae/medical/networks/fmc/standard-network"
"Health First Pharmacy 61 (Damac Hills 2) Dubai","Dubai","Pharmacy","damac hills","","42286011","","","https://www.medifinder.ae/medical/networks/fmc/standard-network"
"Health First Pharmacy 62","Umm Al Quwain","Pharmacy","salamah","","65365107","","","https://www.medifinder.ae/medical/networks/fmc/standard-network"
"Health First Pharmacy 63","Ras Al Khaimah","Pharmacy","al dhaith","","72081966","","","https://www.medifinder.ae/medical/networks/fmc/standard-network"
"Health First Pharmacy 64 (BR of Health First Investment L.L.C)","Dubai","Pharmacy","al garhoud","","43805045","","","https://www.medifinder.ae/medical/networks/fmc/standard-network"
"Health First Pharmacy 9 (Julphar)","Dubai","Pharmacy","jumeirah","","554058681","","","https://www.medifinder.ae/medical/networks/fmc/standard-network"
"Health First Pharmacy Br 7","Sharjah","Pharmacy","al khan area","","65285143","","","https://www.medifinder.ae/medical/networks/fmc/standard-network"
"Health First Pharmacy Branch 18 (Al Shahama) Abu Dhabi","Abu Dhabi","Pharmacy","saadiyat island","","26219720","","","https://www.medifinder.ae/medical/networks/fmc/standard-network"
"HEALTH FIRST PHARMACY BRANCH 3 (FORMERLY HEALTH FIRST 3 TAWUUN)_MOH-F-5000180","Sharjah","Pharmacy","khorfakkan","","92220635","","","https://www.medifinder.ae/medical/networks/fmc/standard-network"
"HEALTH FIRST PHARMACY LLC-SOLE PROPRIETORSHIP-BRANCH 01","Ajman","Pharmacy","mushrif","","67653695","","","https://www.medifinder.ae/medical/networks/fmc/standard-network"
"Health First Pharmacy Sharjah Branch 8","Sharjah","Pharmacy","al suyoh","","65325886","","","https://www.medifinder.ae/medical/networks/fmc/standard-network"
"Health First Pharmacy Sharjah Branch 8","Sharjah","Pharmacy","al dhaid","","65232186","","","https://www.medifinder.ae/medical/networks/fmc/standard-network"
"Health go Pharmacy L.L.C.","Abu Dhabi","Pharmacy","al mafraq","","25851331","","","https://www.medifinder.ae/medical/networks/fmc/standard-network"
"HEALTH MEDICAL PHARMACY","Ras Al Khaimah","Pharmacy","khozam area","","72080414","","","https://www.medifinder.ae/medical/networks/fmc/standard-network"
"HEALTH PLUS PHARMACY SPS LLC","Ajman","Pharmacy","rashidiya","","67459969","","","https://www.medifinder.ae/medical/networks/fmc/standard-network"
"Health Point Pharmacy LLC.","Abu Dhabi","Pharmacy","musaffah","","25590203","","","https://www.medifinder.ae/medical/networks/fmc/standard-network"
"HEALTH SHEILD MEDICAL CENTER PHARMACY - SOLE PROPRIETORSHIP L.L.C.","Abu Dhabi","Pharmacy","al salam street","","25837002","","","https://www.medifinder.ae/medical/networks/fmc/standard-network"
"Health Sign Pharmacy L.L.C, Dubai","Dubai","Pharmacy","karama","","43300301","","","https://www.medifinder.ae/medical/networks/fmc/standard-network"
"HEALTHCARE PHARMACY KALBA","Sharjah","Pharmacy","kalba road","","92772394","","","https://www.medifinder.ae/medical/networks/fmc/standard-network"
"Hill Life Pharmacy LLC - Dubai","Dubai","Pharmacy","karama","","43232286","","","https://www.medifinder.ae/medical/networks/fmc/standard-network"
"HIRA PHARMACY","Dubai","Pharmacy","karama","","43335778","","","https://www.medifinder.ae/medical/networks/fmc/standard-network"
"HOME HEALTH PHARMACY","Abu Dhabi","Pharmacy","al jimmi area","","37630025","","","https://www.medifinder.ae/medical/networks/fmc/standard-network"
"HUB PHARMACY","Abu Dhabi","Pharmacy","town center","","37811008","","","https://www.medifinder.ae/medical/networks/fmc/standard-network"
"Icare Al Reffa (BR of Excel Healthcare L.L.C)","Dubai","Pharmacy","al raffa","","5904903","","","https://www.medifinder.ae/medical/networks/fmc/standard-network"
"INDIAN PHARMACY(NEW)_24(NEW)_MOH-F-5000528","Ras Al Khaimah","Pharmacy","rak","","72333951","","","https://www.medifinder.ae/medical/networks/fmc/standard-network"
"Instacare Pharmacy","Dubai","Pharmacy","hor al anz","","42202446","","","https://www.medifinder.ae/medical/networks/fmc/standard-network"
"IRVINE PHARMACY - SOLE PROPRIETORSHIP L.L.C.","Abu Dhabi","Pharmacy","main street","","37530166","","","https://www.medifinder.ae/medical/networks/fmc/standard-network"
"J.B.R. Life Pharmacy - Life Healthcare Group","Dubai","Pharmacy","dubai marina","","44281432","","","https://www.medifinder.ae/medical/networks/fmc/standard-network"
"Jabal Al Noor Pharmacy (Al Nakheel) Ras Al Khaimah","Ras Al Khaimah","Pharmacy","nakheel","","72277970","","","https://www.medifinder.ae/medical/networks/fmc/standard-network"
"JABAL JAIS PHARMACY L.L.C","Sharjah","Pharmacy","industrial area","","65244292","","","https://www.medifinder.ae/medical/networks/fmc/standard-network"
"Janah Pharmacy L.L.C Branch-2","Sharjah","Pharmacy","muwaileh commerical","","65636651","","","https://www.medifinder.ae/medical/networks/fmc/standard-network"
"Janah Pharmacy(Medon Group)","Ajman","Pharmacy","al helio","","65680622","","","https://www.medifinder.ae/medical/networks/fmc/standard-network"
"Jbr Life Pharmacy 2 BR of Life Pharmacy LLC","Dubai","Pharmacy","jbr","","45610000","","","https://www.medifinder.ae/medical/networks/fmc/standard-network"
"Jbr Shams Pharmacy LLC-Life Healthcare Group","Dubai","Pharmacy","jbr","","44253592","","","https://www.medifinder.ae/medical/networks/fmc/standard-network"
"JENANAH PHARMACY LLC","Dubai","Pharmacy","hor al anz","","42687848","","","https://www.medifinder.ae/medical/networks/fmc/standard-network"
"Joori Pharmacy","Ras Al Khaimah","Pharmacy","al nakheel","","72286364","","","https://www.medifinder.ae/medical/networks/fmc/standard-network"
"JULPHAR PHARMACY","Ras Al Khaimah","Pharmacy","nakheel","","72277970","","","https://www.medifinder.ae/medical/networks/fmc/standard-network"
"Jumeira Better Life Pharmacy","Dubai","Pharmacy","jumeirah","","44472080","","","https://www.medifinder.ae/medical/networks/fmc/standard-network"
"Jumeirah Pharmacy-Dubai","Dubai","Pharmacy","satwa","","43459941","","","https://www.medifinder.ae/medical/networks/fmc/standard-network"
"JVC Life Pharmacy LLC-Life Healthcare Group","Dubai","Pharmacy","jvc","","45578841","","","https://www.medifinder.ae/medical/networks/fmc/standard-network"
"KAREEM PHARMACY","Abu Dhabi","Pharmacy","khalifa street","","37640536","","","https://www.medifinder.ae/medical/networks/fmc/standard-network"
"Khalid  Lala  Pharmacy  Llc","Ajman","Pharmacy","jurf","","67403227","","","https://www.medifinder.ae/medical/networks/fmc/standard-network"
"Khalidiya Lulu Pharmacy L L C - Branch 2","Abu Dhabi","Pharmacy","saadiyat island","","25467085","","","https://www.medifinder.ae/medical/networks/fmc/standard-network"
"LAHBAB PHARMACY","Dubai","Pharmacy","hatta","","48325400","","","https://www.medifinder.ae/medical/networks/fmc/standard-network"
"LAMIA PAHARMACY","Sharjah","Pharmacy","corniche","","65680781","","","https://www.medifinder.ae/medical/networks/fmc/standard-network"
"LAMYA PHARMACY L.L.C","Ajman","Pharmacy","rawdha 1","","552913686","","","https://www.medifinder.ae/medical/networks/fmc/standard-network"
"Lana Pharmacy L.L.C Branch","Dubai","Pharmacy","al warqa","","42283831","","","https://www.medifinder.ae/medical/networks/fmc/standard-network"
"Lana Pharmacy L.L.C(AL Neem Group)","Sharjah","Pharmacy","muweilah","","65455655","","","https://www.medifinder.ae/medical/networks/fmc/standard-network"
"LANA PHARMACY LLC (AJMAN)","Ajman","Pharmacy","ajman","","65249922","","","https://www.medifinder.ae/medical/networks/fmc/standard-network"
"Life Al Badaa Pharmacy L.L.C-Life Healthcare Group","Dubai","Pharmacy","al badaa","","43596837","","","https://www.medifinder.ae/medical/networks/fmc/standard-network"
"Life Al Barsha Pharmacy - Life Healthcare Group","Dubai","Pharmacy","mirdif","","42840898","","","https://www.medifinder.ae/medical/networks/fmc/standard-network"
"Life Al Hamriya (BR of Life Pharmacy LLC) - Dubai","Dubai","Pharmacy","bur dubai","","43571148","","","https://www.medifinder.ae/medical/networks/fmc/standard-network"
"Life Al Karama Pharmacy - Life Healthcare Group","Dubai","Pharmacy","karama","","43969774","","","https://www.medifinder.ae/medical/networks/fmc/standard-network"
"Life Al Nahda Pharmacy L.L.C-Life Healthcare Group","Dubai","Pharmacy","al nahda","","42636919","","","https://www.medifinder.ae/medical/networks/fmc/standard-network"
"Life Al Qusais Pharmacy LLC-Life Healthcare Group","Dubai","Pharmacy","al qusais","","42633318","","","https://www.medifinder.ae/medical/networks/fmc/standard-network"
"Life Al Riqqa 2 (BR of Life Pharmacy LLC) - Dubai","Dubai","Pharmacy","al muraqqabat","","45610000","","","https://www.medifinder.ae/medical/networks/fmc/standard-network"
"Life Al Riqqa Pharmacy L.L.C-Life Healthcare Group","Dubai","Pharmacy","al rigga","","42522421","","","https://www.medifinder.ae/medical/networks/fmc/standard-network"
"Life Al Shab Pharmacy L.L.C-Life Healthcare Group","Dubai","Pharmacy","hor al anz","","43205629","","","https://www.medifinder.ae/medical/networks/fmc/standard-network"
"Life Al Warqa Pharmacy LLC-Life Healthcare Group","Dubai","Pharmacy","al warqa","","42865244","","","https://www.medifinder.ae/medical/networks/fmc/standard-network"
"LIFE AL YALAYIS 1 (BR OF LIFE PHARMACY 3 L.L.C)","Dubai","Pharmacy","dubai","","43683426","","","https://www.medifinder.ae/medical/networks/fmc/standard-network"
"Life Dip Pharmacy LLC-Life Healthcare Group","Dubai","Pharmacy","dip 1","","48851933","","","https://www.medifinder.ae/medical/networks/fmc/standard-network"
"Life Guard Pharmacy - Dubai","Dubai","Pharmacy","al quoz","","43333785","","","https://www.medifinder.ae/medical/networks/fmc/standard-network"
"Life Mayfair Pharmacy L.L.C-Life Healthcare Group","Dubai","Pharmacy","business bay","","45516840","","","https://www.medifinder.ae/medical/networks/fmc/standard-network"
"Life Pearl Pharmacy L.L.C-Life Healthcare Group","Dubai","Pharmacy","marina","","45516770","","","https://www.medifinder.ae/medical/networks/fmc/standard-network"
"Life Pharamcy 106 BR of Life Pharmacy L.L.C","Dubai","Pharmacy","jumeirah village faumeirah village circle dubai","","45610000","","","https://www.medifinder.ae/medical/networks/fmc/standard-network"
"Life Pharmacy - Lamcy Branch - Dubai","Dubai","Pharmacy","deira","","42282849","","","https://www.medifinder.ae/medical/networks/fmc/standard-network"
"Life Pharmacy 10 (BR of Life Pharmacy LLC) - Dubai","Dubai","Pharmacy","jbr","","45610000","","","https://www.medifinder.ae/medical/networks/fmc/standard-network"
"Life Pharmacy 101 BR of Life Pharmacy (Beirut) Dubai","Dubai","Pharmacy","muhaisnah","","45610000","","","https://www.medifinder.ae/medical/networks/fmc/standard-network"
"Life Pharmacy 102 BR of Life Pharmacy (Marrakech St) Dubai","Dubai","Pharmacy","rashidiya","","45610000","","","https://www.medifinder.ae/medical/networks/fmc/standard-network"
"Life Pharmacy 103 (BR of Life Pharmacy L.L.C)","Dubai","Pharmacy","sports city","","45610000","","","https://www.medifinder.ae/medical/networks/fmc/standard-network"
"Life Pharmacy 104 BR of Life Pharmacy (Internet City) Dubai","Dubai","Pharmacy","al barsha","","45610000","","","https://www.medifinder.ae/medical/networks/fmc/standard-network"
"Life Pharmacy 105 (BR of Life Pharmacy L.L.C)","Dubai","Pharmacy","al quoz","","45610000","","","https://www.medifinder.ae/medical/networks/fmc/standard-network"
"Life Pharmacy 107 BR of Life Pharmacy LLC","Dubai","Pharmacy","business bay","","45610000","","","https://www.medifinder.ae/medical/networks/fmc/standard-network"
"Life Pharmacy 108 (Dubai Hills Mall) Dubai","Dubai","Pharmacy","dubai hills","","45610000","","","https://www.medifinder.ae/medical/networks/fmc/standard-network"
"Life Pharmacy 109 (Br. Of Life Pharmacy LLC)","Dubai","Pharmacy","discovery gardens","","45610000","","","https://www.medifinder.ae/medical/networks/fmc/standard-network"
"Life Pharmacy 110 BR. of Life Pharmacy (Meaisem 1) Dubai","Dubai","Pharmacy","impz","","45610000","","","https://www.medifinder.ae/medical/networks/fmc/standard-network"
"Life Pharmacy 112 (Burj Khalifa) Dubai","Dubai","Pharmacy","downtown","","45610000","","","https://www.medifinder.ae/medical/networks/fmc/standard-network"
"Life Pharmacy 116 BR of Life Pharmacy (Business Bay) Dubai","Dubai","Pharmacy","business bay","","45610000","","","https://www.medifinder.ae/medical/networks/fmc/standard-network"
"Life Pharmacy 117 BR. of Life Pharmacy (Arjan) Dubai","Dubai","Pharmacy","al barsha south","","45610000","","","https://www.medifinder.ae/medical/networks/fmc/standard-network"
"Life Pharmacy 118 BR of Life Pharmacy LLC","Dubai","Pharmacy","al furjan","","45610000","","","https://www.medifinder.ae/medical/networks/fmc/standard-network"
"Life Pharmacy 119 BR of Life Pharmacy LLC","Dubai","Pharmacy","nadd al shiba","","45610000","","","https://www.medifinder.ae/medical/networks/fmc/standard-network"
"Life Pharmacy 12 BR of Life Pharmacy LLC","Dubai","Pharmacy","difc","","45610000","","","https://www.medifinder.ae/medical/networks/fmc/standard-network"
"Life Pharmacy 120 (BR of Life Pharmacy L.L.C)","Dubai","Pharmacy","deira","","45610000","","","https://www.medifinder.ae/medical/networks/fmc/standard-network"
"Life Pharmacy 121 (BR of Life Pharmacy L.L.C)","Dubai","Pharmacy","al warqa","","45610000","","","https://www.medifinder.ae/medical/networks/fmc/standard-network"
"Life Pharmacy 122 (BR of Life Pharmacy L.L.C)","Dubai","Pharmacy","al nahda","","45610000","","","https://www.medifinder.ae/medical/networks/fmc/standard-network"
"Life Pharmacy 124 (BR. of Life Pharmacy LLC)","Dubai","Pharmacy","international city","","45610000","","","https://www.medifinder.ae/medical/networks/fmc/standard-network"
"Life Pharmacy 125 (Nadd Al Shiba First) Dubai","Dubai","Pharmacy","nad al sheba","","45610000","","","https://www.medifinder.ae/medical/networks/fmc/standard-network"
"Life Pharmacy 126 BR of Life Pharmacy LLC","Dubai","Pharmacy","al satwa","","45610000","","","https://www.medifinder.ae/medical/networks/fmc/standard-network"
"Life Pharmacy 127 BR of Life Pharmacy LLC","Dubai","Pharmacy","al furjan","","45610000","","","https://www.medifinder.ae/medical/networks/fmc/standard-network"
"Life Pharmacy 128 BR of Life Pharmacy LLC","Dubai","Pharmacy","deira","","45610000","","","https://www.medifinder.ae/medical/networks/fmc/standard-network"
"Life Pharmacy 129 (Al Barsha South Second) Dubai","Dubai","Pharmacy","al barsha south","","45610000","","","https://www.medifinder.ae/medical/networks/fmc/standard-network"
"Life Pharmacy 130 (BR of Life Pharmacy L.L.C)","Dubai","Pharmacy","deira","","45610000","","","https://www.medifinder.ae/medical/networks/fmc/standard-network"
"Life Pharmacy 132 BR of Life Pharmacy LLC","Dubai","Pharmacy","tecom","","45610000","","","https://www.medifinder.ae/medical/networks/fmc/standard-network"
"Life Pharmacy 135 BR of Life Pharmacy LLC","Dubai","Pharmacy","nadd al hamar","","45610000","","","https://www.medifinder.ae/medical/networks/fmc/standard-network"
"Life Pharmacy 138 BR of Life Pharmacy LLC","Dubai","Pharmacy","majan","","45610000","","","https://www.medifinder.ae/medical/networks/fmc/standard-network"
"Life Pharmacy 141 - ( BR of Life Pharmacy LLC )","Dubai","Pharmacy","trade center","","45610000","","","https://www.medifinder.ae/medical/networks/fmc/standard-network"
"Life Pharmacy 147 (Al Thanyah Fifth) Dubai","Dubai","Pharmacy","springs","","45610000","","","https://www.medifinder.ae/medical/networks/fmc/standard-network"
"Life Pharmacy 148 BR of Life Pharmacy LLC","Dubai","Pharmacy","international city","","45610000","","","https://www.medifinder.ae/medical/networks/fmc/standard-network"
"Life Pharmacy 149 BR of Life Pharmacy LLC","Dubai","Pharmacy","al khawaneej","","45610000","","","https://www.medifinder.ae/medical/networks/fmc/standard-network"
"Life Pharmacy 15 BR of Life Pharmacy LLC","Dubai","Pharmacy","hor al anz","","45610000","","","https://www.medifinder.ae/medical/networks/fmc/standard-network"
"Life Pharmacy 152 (Al Barsha First) Dubai","Dubai","Pharmacy","al barsha","","45610000","","","https://www.medifinder.ae/medical/networks/fmc/standard-network"
"Life Pharmacy 153 (Al Barsha South 3) Dubai","Dubai","Pharmacy","al barsha south","","45610000","","","https://www.medifinder.ae/medical/networks/fmc/standard-network"
"Life Pharmacy 154 BR of Life Pharmacy LLC","Dubai","Pharmacy","international city","","45610000","","","https://www.medifinder.ae/medical/networks/fmc/standard-network"
"Life Pharmacy 155 BR of Life Pharmacy LLC","Dubai","Pharmacy","satwa","","45610000","","","https://www.medifinder.ae/medical/networks/fmc/standard-network"
"Life Pharmacy 156 (Umm Suqeim Second) Dubai","Dubai","Pharmacy","umm suqeim","","45610000","","","https://www.medifinder.ae/medical/networks/fmc/standard-network"
"Life Pharmacy 158 BR of Life Pharmacy LLC","Dubai","Pharmacy","satwa","","45610000","","","https://www.medifinder.ae/medical/networks/fmc/standard-network"
"Life Pharmacy 159 (Al Barsha South 4) Dubai","Dubai","Pharmacy","jvc","","45610000","","","https://www.medifinder.ae/medical/networks/fmc/standard-network"
"Life Pharmacy 161 BR of Life Pharmacy LLC","Dubai","Pharmacy","deira","","45610000","","","https://www.medifinder.ae/medical/networks/fmc/standard-network"
"Life Pharmacy 163 BR of Life Pharmacy LLC","Dubai","Pharmacy","al barsha","","45610000","","","https://www.medifinder.ae/medical/networks/fmc/standard-network"
"Life Pharmacy 164 (Al Barsha South Fifth) Dubai","Dubai","Pharmacy","jvt","","45610000","","","https://www.medifinder.ae/medical/networks/fmc/standard-network"
"Life Pharmacy 165 (Madinat Al Mataar) Dubai","Dubai","Pharmacy","expo","","45610000","","","https://www.medifinder.ae/medical/networks/fmc/standard-network"
"Life Pharmacy 166 (Al Barsha South 3) Dubai","Dubai","Pharmacy","al barsha south","","45610000","","","https://www.medifinder.ae/medical/networks/fmc/standard-network"
"Life Pharmacy 167 BR of Life Pharmacy LLC","Dubai","Pharmacy","naif","","45610000","","","https://www.medifinder.ae/medical/networks/fmc/standard-network"
"Life Pharmacy 169 BR of Life Pharmacy LLC","Dubai","Pharmacy","jebel ali","","45610000","","","https://www.medifinder.ae/medical/networks/fmc/standard-network"
"Life Pharmacy 17 BR of Life Pharmacy LLC - Dubai","Dubai","Pharmacy","al khawaneej","","45610000","","","https://www.medifinder.ae/medical/networks/fmc/standard-network"
"Life Pharmacy 175 (Al Qusais Second) Dubai","Dubai","Pharmacy","al qusais","","45610000","","","https://www.medifinder.ae/medical/networks/fmc/standard-network"
"Life Pharmacy 176 BR of Life Pharmacy LLC","Dubai","Pharmacy","nad al hamar","","45610000","","","https://www.medifinder.ae/medical/networks/fmc/standard-network"
"Life Pharmacy 177 BR of Life Pharmacy LLC","Dubai","Pharmacy","al warqa","","45610000","","","https://www.medifinder.ae/medical/networks/fmc/standard-network"
"Life Pharmacy 178 BR of Life Pharmacy LLC","Dubai","Pharmacy","al hudaiba","","45610000","","","https://www.medifinder.ae/medical/networks/fmc/standard-network"
"Life Pharmacy 179 BR of Life Pharmacy LLC","Dubai","Pharmacy","zabeel","","45610000","","","https://www.medifinder.ae/medical/networks/fmc/standard-network"
"Life Pharmacy 18 BR of Life Pharmacy LLC, Dubai (Life Healthcare Group)","Dubai","Pharmacy","al wasl","","45610000","","","https://www.medifinder.ae/medical/networks/fmc/standard-network"
"LIFE PHARMACY 180 BR OF LIFE PHARMACY","Dubai","Pharmacy","al barsha 1","","45610000","","","https://www.medifinder.ae/medical/networks/fmc/standard-network"
"LIFE PHARMACY 185 BR OF LIFE PHARMACY","Dubai","Pharmacy","wadi al safa 4","","45610000","","","https://www.medifinder.ae/medical/networks/fmc/standard-network"
"LIFE PHARMACY 186 BR OF LIFE PHARMACY","Dubai","Pharmacy","al barsha 1","","45610000","","","https://www.medifinder.ae/medical/networks/fmc/standard-network"
"LIFE PHARMACY 188 BR OF LIFE PHARMACY","Dubai","Pharmacy","al barsha 1","","45610000","","","https://www.medifinder.ae/medical/networks/fmc/standard-network"
"Life Pharmacy 19 BR of Life Pharmacy LLC","Dubai","Pharmacy","mirdiff","","45610000","","","https://www.medifinder.ae/medical/networks/fmc/standard-network"
"LIFE PHARMACY 196 BR OF LIFE PHARMACY","Dubai","Pharmacy","al barsh","","45610000","","","https://www.medifinder.ae/medical/networks/fmc/standard-network"
"Life Pharmacy 20 BR of Life Pharmacy LLC","Dubai","Pharmacy","deira","","45610000","","","https://www.medifinder.ae/medical/networks/fmc/standard-network"
"Life Pharmacy 21 BR of Life Pharmacy LLC - Dubai","Dubai","Pharmacy","downtown","","45610000","","","https://www.medifinder.ae/medical/networks/fmc/standard-network"
"Life Pharmacy 22 BR of Life Pharmacy LLC","Dubai","Pharmacy","al barsha","","45610000","","","https://www.medifinder.ae/medical/networks/fmc/standard-network"
"Life Pharmacy 23 Branch of Life Pharmacy LLC","Dubai","Pharmacy","dubai marina","","45718017","","","https://www.medifinder.ae/medical/networks/fmc/standard-network"
"Life Pharmacy 24 Branch of Life Pharmacy LLC","Dubai","Pharmacy","international city","","45610000","","","https://www.medifinder.ae/medical/networks/fmc/standard-network"
"Life Pharmacy 25 BR of Life Pharmacy LLC","Dubai","Pharmacy","karama","","45610000","","","https://www.medifinder.ae/medical/networks/fmc/standard-network"
"Life Pharmacy 26 BR of Life Pharmacy LLC - Dubai","Dubai","Pharmacy","dubai hills","","45610000","","","https://www.medifinder.ae/medical/networks/fmc/standard-network"
"Life Pharmacy 27 BR of Life Pharmacy LLC - Dubai","Dubai","Pharmacy","arabian ranches","","45610000","","","https://www.medifinder.ae/medical/networks/fmc/standard-network"
"LIFE PHARMACY 28 BR OF LIFE PHARMCY LLC","Ajman","Pharmacy","al nuaimia 3","","45610000","","","https://www.medifinder.ae/medical/networks/fmc/standard-network"
"Life Pharmacy 29 BR of Life Pharmacy LLC - Dubai","Dubai","Pharmacy","impz","","45610000","","","https://www.medifinder.ae/medical/networks/fmc/standard-network"
"Life Pharmacy 3 LLC-Life Healthcare Group","Dubai","Pharmacy","silicon oasis","","45718086","","","https://www.medifinder.ae/medical/networks/fmc/standard-network"
"Life Pharmacy 3 LLC-Life Healthcare Group","Dubai","Pharmacy","business bay","","45610000","","","https://www.medifinder.ae/medical/networks/fmc/standard-network"
"Life Pharmacy 3 LLC-Life Healthcare Group","Dubai","Pharmacy","international city","","45135355","","","https://www.medifinder.ae/medical/networks/fmc/standard-network"
"Life Pharmacy 3 LLC-Life Healthcare Group","Dubai","Pharmacy","sheik zayed rd","","43328385","","","https://www.medifinder.ae/medical/networks/fmc/standard-network"
"Life Pharmacy 3 LLC-Life Healthcare Group","Dubai","Pharmacy","jumeirah","","42434106","","","https://www.medifinder.ae/medical/networks/fmc/standard-network"
"Life Pharmacy 3 LLC-Life Healthcare Group","Dubai","Pharmacy","deira","","42366021","","","https://www.medifinder.ae/medical/networks/fmc/standard-network"
"Life Pharmacy 32 Branch of Life Pharmacy LLC","Ajman","Pharmacy","ajman","","45718040","","","https://www.medifinder.ae/medical/networks/fmc/standard-network"
"Life Pharmacy 35 (BR of Life Pharmacy LLC) Prvsly Life Pharmacy Jvt 2 - Dubai","Dubai","Pharmacy","jumeirah","","45511914","","","https://www.medifinder.ae/medical/networks/fmc/standard-network"
"Life Pharmacy 44 Branch of Life Pharmacy LLC","Dubai","Pharmacy","oasis center","","45718011","","","https://www.medifinder.ae/medical/networks/fmc/standard-network"
"Life Pharmacy 45 BR of Life Pharmacy LLC","Dubai","Pharmacy","motor city","","45610000","","","https://www.medifinder.ae/medical/networks/fmc/standard-network"
"Life Pharmacy 46 Branch of Life Pharmacy LLC","Dubai","Pharmacy","al nahda","","45610000","","","https://www.medifinder.ae/medical/networks/fmc/standard-network"
"Life Pharmacy 47 Branch of Life Pharmacy LLC","Dubai","Pharmacy","town square","","45718003","","","https://www.medifinder.ae/medical/networks/fmc/standard-network"
"Life Pharmacy 48 Branch of Life Pharmacy LLC","Dubai","Pharmacy","al mizhar","","45610000","","","https://www.medifinder.ae/medical/networks/fmc/standard-network"
"Life Pharmacy 5 LLC-Life Healthcare Group","Dubai","Pharmacy","dubai","","42366623","","","https://www.medifinder.ae/medical/networks/fmc/standard-network"
"Life Pharmacy 51 (Golden Mile Galleria) Dubai","Dubai","Pharmacy","palm jumeirah","","45610000","","","https://www.medifinder.ae/medical/networks/fmc/standard-network"
"Life Pharmacy 52 BR (Deira City Center) Dubai","Dubai","Pharmacy","international city","","45610000","","","https://www.medifinder.ae/medical/networks/fmc/standard-network"
"Life Pharmacy 53 Branch of Life Pharmacy LLC","Dubai","Pharmacy","al warsan","","45610000","","","https://www.medifinder.ae/medical/networks/fmc/standard-network"
"Life Pharmacy 54 Br Of Life Pharmacy Llc","Dubai","Pharmacy","oud metha","","45610000","","","https://www.medifinder.ae/medical/networks/fmc/standard-network"
"Life Pharmacy 56 Branch of Life Pharmacy LLC","Dubai","Pharmacy","al safa","","45718014","","","https://www.medifinder.ae/medical/networks/fmc/standard-network"
"Life Pharmacy 58 Branch of Life Pharmacy LLC","Dubai","Pharmacy","al thanyah 3","","45718039","","","https://www.medifinder.ae/medical/networks/fmc/standard-network"
"Life Pharmacy 59 BR of Life Pharmacy LLC, JVC (Life Healthcare Group)","Dubai","Pharmacy","jvc","","45718042","","","https://www.medifinder.ae/medical/networks/fmc/standard-network"
"Life Pharmacy 65 Branch of Life Pharmacy LLC","Dubai","Pharmacy","liwan mall","","45718044","","","https://www.medifinder.ae/medical/networks/fmc/standard-network"
"LIFE PHARMACY 66 BR OF LIFE PHARMCY LLC(PREVIOUSLY HALA PHARMACY BR OF LIFE PHARMACY LLC)","Dubai","Pharmacy","business bay","","45812462","","","https://www.medifinder.ae/medical/networks/fmc/standard-network"
"Life Pharmacy 66 Branch of Life Pharmacy LLC","Dubai","Pharmacy","international city","","45610000","","","https://www.medifinder.ae/medical/networks/fmc/standard-network"
"Life Pharmacy 68 Branch of Life Pharamcy LLC","Dubai","Pharmacy","deira","","45718034","","","https://www.medifinder.ae/medical/networks/fmc/standard-network"
"LIFE PHARMACY 69 BR OF LIFE PHARMCY LLC","Dubai","Pharmacy","al warqa","","45812488","","","https://www.medifinder.ae/medical/networks/fmc/standard-network"
"Life Pharmacy 70 BR of Life Pharmacy LLC - JVC (Life Pharmacy Group)","Dubai","Pharmacy","jvc","","45718047","","","https://www.medifinder.ae/medical/networks/fmc/standard-network"
"Life Pharmacy 71 (Al Barsha Sount 4th) Dubai","Dubai","Pharmacy","al barsha 4","","45718048","","","https://www.medifinder.ae/medical/networks/fmc/standard-network"
"Life Pharmacy 72 BR of Life Pharmacy LLC","Dubai","Pharmacy","nad al sheba","","45610000","","","https://www.medifinder.ae/medical/networks/fmc/standard-network"
"Life Pharmacy 73 Branch of Life Pharmacy LLC","Dubai","Pharmacy","dubai marina","","45718067","","","https://www.medifinder.ae/medical/networks/fmc/standard-network"
"Life Pharmacy 74 Branch of Life Pharmacy LLC","Dubai","Pharmacy","dubai marina","","45718073","","","https://www.medifinder.ae/medical/networks/fmc/standard-network"
"Life Pharmacy 76 Branch of Life Pharmacy LLC","Dubai","Pharmacy","al rigga","","45718058","","","https://www.medifinder.ae/medical/networks/fmc/standard-network"
"Life Pharmacy 77 BR of Life Pharmacy LLC - Satwa (Life Pharmacy Group)","Dubai","Pharmacy","manila mall","","45718070","","","https://www.medifinder.ae/medical/networks/fmc/standard-network"
"Life Pharmacy 78 Branch of Life Pharmacy LLC","Dubai","Pharmacy","bur dubai","","45718063","","","https://www.medifinder.ae/medical/networks/fmc/standard-network"
"Life Pharmacy 79 BR of Life Pharmacy LLC - Karama (Life Pharmacy Group)","Dubai","Pharmacy","karama","","45718064","","","https://www.medifinder.ae/medical/networks/fmc/standard-network"
"Life Pharmacy 8 (BR of Life Pharmacy LLC) - Dubai","Dubai","Pharmacy","al barsha","","45610000","","","https://www.medifinder.ae/medical/networks/fmc/standard-network"
"Life Pharmacy 81 Branch of Life Pharmacy LLC","Dubai","Pharmacy","new motor city","","45718076","","","https://www.medifinder.ae/medical/networks/fmc/standard-network"
"Life Pharmacy 82 (BR of Life Pharmacy L.L.C)","Dubai","Pharmacy","jvc","","45610000","","","https://www.medifinder.ae/medical/networks/fmc/standard-network"
"Life Pharmacy 83 BR of Life Pharmacy LLC","Dubai","Pharmacy","deira","","45610000","","","https://www.medifinder.ae/medical/networks/fmc/standard-network"
"Life Pharmacy 84 BR of Life Pharmacy LLC","Dubai","Pharmacy","deira","","45610000","","","https://www.medifinder.ae/medical/networks/fmc/standard-network"
"Life Pharmacy 85 BR of Life Pharmacy","Dubai","Pharmacy","jvc","","45610000","","","https://www.medifinder.ae/medical/networks/fmc/standard-network"
"Life Pharmacy 86 BR of Life Pharmacy LLC , Nahda (Life Pharmacy Group)","Dubai","Pharmacy","al nahda 2","","45718080","","","https://www.medifinder.ae/medical/networks/fmc/standard-network"
"Life Pharmacy 87 (BR of Life Pharmacy L.L.C)","Dubai","Pharmacy","nad al sheba","","45610000","","","https://www.medifinder.ae/medical/networks/fmc/standard-network"
"Life Pharmacy 88 BR of Life Pharmacy LLC","Dubai","Pharmacy","majan","","45610000","","","https://www.medifinder.ae/medical/networks/fmc/standard-network"
"Life Pharmacy 94 Branch of Life Pharmacy LLC","Dubai","Pharmacy","jbr","","45718078","","","https://www.medifinder.ae/medical/networks/fmc/standard-network"
"Life Pharmacy 95 Branch of Life Pharmacy LLC","Dubai","Pharmacy","dubai land residential complex","","45718088","","","https://www.medifinder.ae/medical/networks/fmc/standard-network"
"Life Pharmacy 96 (BR of Life Pharmacy L.L.C)","Dubai","Pharmacy","al warsan","","45610000","","","https://www.medifinder.ae/medical/networks/fmc/standard-network"
"Life Pharmacy 97 Branch of Life Pharmacy LLC","Dubai","Pharmacy","business bay","","45812413","","","https://www.medifinder.ae/medical/networks/fmc/standard-network"
"Life Pharmacy 98(BR of Life Pharmacy L.L.C)","Dubai","Pharmacy","bur dubai","","45610000","","","https://www.medifinder.ae/medical/networks/fmc/standard-network"
"Life Pharmacy and Express Clinic (Umm Hurair Second) Dubai","Dubai","Pharmacy","healthcare city","","45610000","","","https://www.medifinder.ae/medical/networks/fmc/standard-network"
"Life Pharmacy Branch 34 (Al Jurf) Ajman","Ajman","Pharmacy","al rumailah","","45610000","","","https://www.medifinder.ae/medical/networks/fmc/standard-network"
"Life Pharmacy Branch 35 - Branch of Abu Dhabi 58 (Al Ain Mall)","Abu Dhabi","Pharmacy","al ain mall","","45610000","","","https://www.medifinder.ae/medical/networks/fmc/standard-network"
"Life Pharmacy Branch Al Reem","Abu Dhabi","Pharmacy","al reem island","","45610000","","","https://www.medifinder.ae/medical/networks/fmc/standard-network"
"Life Pharmacy Branch Al Reem 1","Abu Dhabi","Pharmacy","al reem island","","45610000","","","https://www.medifinder.ae/medical/networks/fmc/standard-network"
"Life Pharmacy Dfc BR of Life Pharmacy LLC","Dubai","Pharmacy","dubai","","42366623","","","https://www.medifinder.ae/medical/networks/fmc/standard-network"
"Life Pharmacy Dip 2 BR of Life Pharmacy LLC, Dip (Life Healthcare Group)","Dubai","Pharmacy","dip 1","","48802157","","","https://www.medifinder.ae/medical/networks/fmc/standard-network"
"Life Pharmacy Hills BR of Life Pharmacy LLC - the HILLS(LIFE Pharmacy Group)","Dubai","Pharmacy","the hills","","45812443","","","https://www.medifinder.ae/medical/networks/fmc/standard-network"
"Life Pharmacy I B M 2 BR of Life Pharmacy LLC","Dubai","Pharmacy","jebel ali","","45610000","","","https://www.medifinder.ae/medical/networks/fmc/standard-network"
"Life Pharmacy I B M BR of Life Pharmacy LLC, Dubai (Life Healthcare Group)","Dubai","Pharmacy","jebel ali","","45610000","","","https://www.medifinder.ae/medical/networks/fmc/standard-network"
"Life Pharmacy L L C Branch","Dubai","Pharmacy","dubai","","43966711","","","https://www.medifinder.ae/medical/networks/fmc/standard-network"
"Life Pharmacy L.L.C - Branch 29","Ajman","Pharmacy","al tallah","","45610000","","","https://www.medifinder.ae/medical/networks/fmc/standard-network"
"Life Pharmacy L.L.C - Branch of Abu Dhabi 130","Abu Dhabi","Pharmacy","shahama","","45610000","","","https://www.medifinder.ae/medical/networks/fmc/standard-network"
"Life Pharmacy L.L.C - Branch of Abu Dhabi 133","Abu Dhabi","Pharmacy","al muntazah","","45610000","","","https://www.medifinder.ae/medical/networks/fmc/standard-network"
"Life Pharmacy L.L.C - Branch of Abu Dhabi 134","Abu Dhabi","Pharmacy","mussafah","","45610000","","","https://www.medifinder.ae/medical/networks/fmc/standard-network"
"Life Pharmacy L.L.C - Branch of Abu Dhabi 136","Abu Dhabi","Pharmacy","al samha","","45610000","","","https://www.medifinder.ae/medical/networks/fmc/standard-network"
"Life Pharmacy L.L.C - Branch of Abu Dhabi 148","Abu Dhabi","Pharmacy","al nahyan","","45610000","","","https://www.medifinder.ae/medical/networks/fmc/standard-network"
"Life Pharmacy L.L.C - Branch of Abu Dhabi 150","Abu Dhabi","Pharmacy","mushrif mall","","45610000","","","https://www.medifinder.ae/medical/networks/fmc/standard-network"
"Life Pharmacy L.L.C - Branch of Abu Dhabi 155","Abu Dhabi","Pharmacy","abu dhabi","","45610000","","","https://www.medifinder.ae/medical/networks/fmc/standard-network"
"Life Pharmacy L.L.C - Branch of Abu Dhabi 156","Abu Dhabi","Pharmacy","al danah","","45610000","","","https://www.medifinder.ae/medical/networks/fmc/standard-network"
"Life Pharmacy L.L.C - Branch of Abu Dhabi 163","Abu Dhabi","Pharmacy","al bateen","","45610000","","","https://www.medifinder.ae/medical/networks/fmc/standard-network"
"Life Pharmacy L.L.C - Branch of Abu Dhabi 164","Abu Dhabi","Pharmacy","reem island","","45610000","","","https://www.medifinder.ae/medical/networks/fmc/standard-network"
"Life Pharmacy L.L.C - Branch of Abu Dhabi 173","Abu Dhabi","Pharmacy","saadiyat","","45610000","","","https://www.medifinder.ae/medical/networks/fmc/standard-network"
"Life Pharmacy L.L.C - Branch of Abu Dhabi 18","Abu Dhabi","Pharmacy","world trade centre","","45610000","","","https://www.medifinder.ae/medical/networks/fmc/standard-network"
"Life Pharmacy L.L.C - Branch of Abu Dhabi 187","Abu Dhabi","Pharmacy","al danah","","45610000","","","https://www.medifinder.ae/medical/networks/fmc/standard-network"
"Life Pharmacy L.L.C - Branch of Abu Dhabi 189","Abu Dhabi","Pharmacy","al yahar","","45610000","","","https://www.medifinder.ae/medical/networks/fmc/standard-network"
"LIFE PHARMACY L.L.C - BRANCH OF ABU DHABI 190","Abu Dhabi","Pharmacy","al jimi area","","45610000","","","https://www.medifinder.ae/medical/networks/fmc/standard-network"
"Life Pharmacy L.L.C - Branch of Abu Dhabi 212","Abu Dhabi","Pharmacy","al ain","","45610000","","","https://www.medifinder.ae/medical/networks/fmc/standard-network"
"Life Pharmacy L.L.C - Branch of Abu Dhabi 214","Abu Dhabi","Pharmacy","al raha","","45610000","","","https://www.medifinder.ae/medical/networks/fmc/standard-network"
"Life Pharmacy L.L.C - Branch of Abu Dhabi Al Waha","Abu Dhabi","Pharmacy","al ameerah","","45610000","","","https://www.medifinder.ae/medical/networks/fmc/standard-network"
"Life Pharmacy L.L.C - Branch of Abu Dhabi Khalidiya","Abu Dhabi","Pharmacy","khalidiya","","45610000","","","https://www.medifinder.ae/medical/networks/fmc/standard-network"
"LIFE PHARMACY L.L.C - BRANCH OF ABU DHABI SHABANA","Abu Dhabi","Pharmacy","al sila","","45610000","","","https://www.medifinder.ae/medical/networks/fmc/standard-network"
"Life Pharmacy L.L.C - Shj. BR - Branch 21","Sharjah","Pharmacy","al rawdha","","45610000","","","https://www.medifinder.ae/medical/networks/fmc/standard-network"
"Life Pharmacy L.L.C - Shj. BR 22","Sharjah","Pharmacy","muweilah","","45610000","","","https://www.medifinder.ae/medical/networks/fmc/standard-network"
"LIFE PHARMACY L.L.C. - BRANCH 23 BRANCH OF ABUDHABI 79","Abu Dhabi","Pharmacy","makani mall","","45610000","","","https://www.medifinder.ae/medical/networks/fmc/standard-network"
"Life Pharmacy LLC  -  Branch Of Abu Dhabi 172","Abu Dhabi","Pharmacy","rawda","","45610000","","","https://www.medifinder.ae/medical/networks/fmc/standard-network"
"Life Pharmacy LLC  Branch 1","Umm Al Quwain","Pharmacy","salamah","","45610000","","","https://www.medifinder.ae/medical/networks/fmc/standard-network"
"Life Pharmacy LLC - Branch 22 Branch Of Abudhabi 69","Abu Dhabi","Pharmacy","al danah","","45610000","","","https://www.medifinder.ae/medical/networks/fmc/standard-network"
"Life Pharmacy LLC - Branch of Abu Dhabi 122","Abu Dhabi","Pharmacy","madinat zayed shopping centre","","45610000","","","https://www.medifinder.ae/medical/networks/fmc/standard-network"
"Life Pharmacy LLC - Branch of Abu Dhabi 123","Abu Dhabi","Pharmacy","al ain","","45610000","","","https://www.medifinder.ae/medical/networks/fmc/standard-network"
"Life Pharmacy LLC - Branch of Abu Dhabi 124","Abu Dhabi","Pharmacy","abu dhabi","","45610000","","","https://www.medifinder.ae/medical/networks/fmc/standard-network"
"Life Pharmacy LLC - Branch of Abu Dhabi 127","Abu Dhabi","Pharmacy","abu dhabi","","45610000","","","https://www.medifinder.ae/medical/networks/fmc/standard-network"
"Life Pharmacy LLC - Branch of Abu Dhabi 14","Abu Dhabi","Pharmacy","al falah plaza","","45610000","","","https://www.medifinder.ae/medical/networks/fmc/standard-network"
"Life Pharmacy LLC - Branch of Abu Dhabi 19","Abu Dhabi","Pharmacy","al dhafra region","","45610000","","","https://www.medifinder.ae/medical/networks/fmc/standard-network"
"LIFE PHARMACY LLC - BRANCH OF ABU DHABI 2","Abu Dhabi","Pharmacy","","","45610000","","","https://www.medifinder.ae/medical/networks/fmc/standard-network"
"Life Pharmacy LLC - Branch of Abudhabi 13","Abu Dhabi","Pharmacy","abu dhabi","","45610000","","","https://www.medifinder.ae/medical/networks/fmc/standard-network"
"Life Pharmacy LLC - Shj. Br - Branch 10","Sharjah","Pharmacy","al shahba","","45610000","","","https://www.medifinder.ae/medical/networks/fmc/standard-network"
"Life Pharmacy LLC - Shj. Br - Branch 10","Sharjah","Pharmacy","al khan area","","45718050","","","https://www.medifinder.ae/medical/networks/fmc/standard-network"
"Life Pharmacy LLC - Shj. Br - Branch 10","Sharjah","Pharmacy","muweilah","","45718076","","","https://www.medifinder.ae/medical/networks/fmc/standard-network"
"Life Pharmacy LLC - Shj. Br - Branch 10","Sharjah","Pharmacy","uweliah commercial","","45718079","","","https://www.medifinder.ae/medical/networks/fmc/standard-network"
"Life Pharmacy LLC - Shj. Br 23","Sharjah","Pharmacy","al majaz","","45610000","","","https://www.medifinder.ae/medical/networks/fmc/standard-network"
"LIFE PHARMACY LLC BR 2","Fujairah","Pharmacy","fujairah","","45610000","","","https://www.medifinder.ae/medical/networks/fmc/standard-network"
"LIFE PHARMACY LLC BR 37","Ajman","Pharmacy","ajman","","45610000","","","https://www.medifinder.ae/medical/networks/fmc/standard-network"
"LIFE PHARMACY LLC BR 43","Ajman","Pharmacy","rumaila 2","","45610000","","","https://www.medifinder.ae/medical/networks/fmc/standard-network"
"LIFE PHARMACY LLC BR 47","Ajman","Pharmacy","al jurf 2","","45610000","","","https://www.medifinder.ae/medical/networks/fmc/standard-network"
"Life Pharmacy LLC Branch 10 - Branch of Abu Dhabi 53","Abu Dhabi","Pharmacy","electra","","45610000","","","https://www.medifinder.ae/medical/networks/fmc/standard-network"
"Life Pharmacy LLC Branch 12 - Branch of Abu Dhabi 55","Abu Dhabi","Pharmacy","hamdan","","45610000","","","https://www.medifinder.ae/medical/networks/fmc/standard-network"
"Life Pharmacy LLC Branch 141 - Branch of Abu Dhabi 140","Abu Dhabi","Pharmacy","al mawakib","","45610000","","","https://www.medifinder.ae/medical/networks/fmc/standard-network"
"Life Pharmacy LLC Branch 15 - Branch of Abu Dhabi 76","Abu Dhabi","Pharmacy","abu dhabi","","45610000","","","https://www.medifinder.ae/medical/networks/fmc/standard-network"
"Life Pharmacy LLC Branch 16 - Branch of Abu Dhabi 77","Abu Dhabi","Pharmacy","abu dhabi","","45610000","","","https://www.medifinder.ae/medical/networks/fmc/standard-network"
"LIFE PHARMACY LLC BRANCH 17 - BRANCH OF ABU DHABI 63","Abu Dhabi","Pharmacy","","","45610000","","","https://www.medifinder.ae/medical/networks/fmc/standard-network"
"Life Pharmacy LLC Branch 18 Branch of Abudhabi 64","Abu Dhabi","Pharmacy","abu dhabi","","45610000","","","https://www.medifinder.ae/medical/networks/fmc/standard-network"
"Life Pharmacy LLC Branch 19 Branch of Abudhabi 65","Abu Dhabi","Pharmacy","al zahiya","","45610000","","","https://www.medifinder.ae/medical/networks/fmc/standard-network"
"LIFE PHARMACY LLC BRANCH 21","Abu Dhabi","Pharmacy","abu dhabi","","45610000","","","https://www.medifinder.ae/medical/networks/fmc/standard-network"
"Life Pharmacy LLC Branch 24 Branch of Abudhabi 80","Abu Dhabi","Pharmacy","abu dhabi","","45610000","","","https://www.medifinder.ae/medical/networks/fmc/standard-network"
"Life Pharmacy LLC Branch 25 - Branch of Abudhabi 85","Abu Dhabi","Pharmacy","al ain","","45610000","","","https://www.medifinder.ae/medical/networks/fmc/standard-network"
"Life Pharmacy LLC Branch 26 - Branch Of Abu Dhabi 86","Abu Dhabi","Pharmacy","al ain mall","","45610000","","","https://www.medifinder.ae/medical/networks/fmc/standard-network"
"Life Pharmacy LLC Branch 27 Branch of Abudhabi 87","Abu Dhabi","Pharmacy","abu dhabi","","45610000","","","https://www.medifinder.ae/medical/networks/fmc/standard-network"
"Life Pharmacy LLC Branch 28 - Branch of Abu Dhabi 88","Abu Dhabi","Pharmacy","abu dhabi","","45610000","","","https://www.medifinder.ae/medical/networks/fmc/standard-network"
"Life Pharmacy LLC Branch 31 Branch of 6 Branch of Abu Dhabi 12","Abu Dhabi","Pharmacy","madinat zayed","","45610000","","","https://www.medifinder.ae/medical/networks/fmc/standard-network"
"LIFE PHARMACY LLC BRANCH 32 - BRANCH OF ABU DHABI 92","Abu Dhabi","Pharmacy","","","45610000","","","https://www.medifinder.ae/medical/networks/fmc/standard-network"
"Life Pharmacy LLC Branch 33 - Branch of Abudhabi 93","Abu Dhabi","Pharmacy","abu dhabi","","45610000","","","https://www.medifinder.ae/medical/networks/fmc/standard-network"
"Life Pharmacy LLC Branch 34 - Branch of Abu Dhabi 15","Abu Dhabi","Pharmacy","al ain","","45610000","","","https://www.medifinder.ae/medical/networks/fmc/standard-network"
"Life Pharmacy LLC Branch 36 Branch of Abu Dhabi 17 - PF5017(LIFE Pharmacy Group)","Abu Dhabi","Pharmacy","abu-dhabi","","45610000","","","https://www.medifinder.ae/medical/networks/fmc/standard-network"
"Life Pharmacy LLC Branch 36 Branch of Abu Dhabi 17 - PF5017(LIFE Pharmacy Group)","Abu Dhabi","Pharmacy","view tower","","45718038","","","https://www.medifinder.ae/medical/networks/fmc/standard-network"
"Life Pharmacy LLC Branch 38 - Branch of Abudhabi 95","Abu Dhabi","Pharmacy","al ain","","45610000","","","https://www.medifinder.ae/medical/networks/fmc/standard-network"
"Life Pharmacy LLC Branch 39 - Branch of Abudhabi 96","Abu Dhabi","Pharmacy","hamdan","","45610000","","","https://www.medifinder.ae/medical/networks/fmc/standard-network"
"LIFE PHARMACY LLC BRANCH 40 - BRANCH OF ABU DHABI 97","Abu Dhabi","Pharmacy","al nahyan","","45610000","","","https://www.medifinder.ae/medical/networks/fmc/standard-network"
"Life Pharmacy LLC Branch 41 - Branch of Abu Dhabi 104","Abu Dhabi","Pharmacy","al ain","","45610000","","","https://www.medifinder.ae/medical/networks/fmc/standard-network"
"Life Pharmacy LLC Branch 42 Branch of Abu Dhabi 24","Abu Dhabi","Pharmacy","rabdan","","45610000","","","https://www.medifinder.ae/medical/networks/fmc/standard-network"
"Life Pharmacy LLC Branch 43 Branch Of Abu Dhabi 25","Abu Dhabi","Pharmacy","al reef down town","","45718062","","","https://www.medifinder.ae/medical/networks/fmc/standard-network"
"Life Pharmacy LLC Branch 44 Branch of Abu Dhabi 37 - PF5088 (Life Pharmacy Group)","Abu Dhabi","Pharmacy","abu dhabi","","45610000","","","https://www.medifinder.ae/medical/networks/fmc/standard-network"
"LIFE PHARMACY LLC BRANCH 46 - BRANCH OF ABUDHABI 99","Abu Dhabi","Pharmacy","","","45610000","","","https://www.medifinder.ae/medical/networks/fmc/standard-network"
"Life Pharmacy LLC Branch 47 Branch of Abu Dhabi 29","Abu Dhabi","Pharmacy","reem island","","45718059","","","https://www.medifinder.ae/medical/networks/fmc/standard-network"
"Life Pharmacy LLC Branch 49 - Branch Abudhabi 101","Abu Dhabi","Pharmacy","abu dhabi","","45610000","","","https://www.medifinder.ae/medical/networks/fmc/standard-network"
"Life Pharmacy LLC Branch 51 Branch of Abudhabi 103","Abu Dhabi","Pharmacy","abu dhabi","","45610000","","","https://www.medifinder.ae/medical/networks/fmc/standard-network"
"Life Pharmacy LLC Branch 52 - Branch of Abudhabi 105","Abu Dhabi","Pharmacy","bawadi mall","","45610000","","","https://www.medifinder.ae/medical/networks/fmc/standard-network"
"Life Pharmacy LLC Branch 53 - Branch of Abudhabi 1","Abu Dhabi","Pharmacy","abu dhabi","","45610000","","","https://www.medifinder.ae/medical/networks/fmc/standard-network"
"Life Pharmacy LLC Branch 55 - Branch of Abudhabi 111","Abu Dhabi","Pharmacy","al danah","","45610000","","","https://www.medifinder.ae/medical/networks/fmc/standard-network"
"Life Pharmacy LLC Branch 56 - Branch of Abu Dhabi 112","Abu Dhabi","Pharmacy","abu dhabi","","45610000","","","https://www.medifinder.ae/medical/networks/fmc/standard-network"
"Life Pharmacy LLC Branch 57 - Branch of Abudhabi 114","Abu Dhabi","Pharmacy","abu dhabi","","45610000","","","https://www.medifinder.ae/medical/networks/fmc/standard-network"
"Life Pharmacy LLC Branch 58 - Branch of Abudhabi 115","Abu Dhabi","Pharmacy","abu dhabi","","45610000","","","https://www.medifinder.ae/medical/networks/fmc/standard-network"
"Life Pharmacy LLC Branch 61 - Branch of Abudhabi 118","Abu Dhabi","Pharmacy","al ain","","45610000","","","https://www.medifinder.ae/medical/networks/fmc/standard-network"
"Life Pharmacy LLC Branch 62 - Branch of Abudhabi 119","Abu Dhabi","Pharmacy","abu dhabi","","45610000","","","https://www.medifinder.ae/medical/networks/fmc/standard-network"
"Life Pharmacy LLC Branch 62- Ajman","Ajman","Pharmacy","al nuamia","","45610000","","","https://www.medifinder.ae/medical/networks/fmc/standard-network"
"Life Pharmacy LLC Branch 62- Ajman","Ajman","Pharmacy","al nuaimia","","45718020","","","https://www.medifinder.ae/medical/networks/fmc/standard-network"
"Life Pharmacy LLC Branch Abudhabi 11","Abu Dhabi","Pharmacy","abu dhabi","","45610000","","","https://www.medifinder.ae/medical/networks/fmc/standard-network"
"Life Pharmacy LLC Branch BR of Sharjah 11","Sharjah","Pharmacy","al nahda","","45610000","","","https://www.medifinder.ae/medical/networks/fmc/standard-network"
"Life Pharmacy LLC Branch Br Of Sharjah 8","Sharjah","Pharmacy","al mirgab","","45610000","","","https://www.medifinder.ae/medical/networks/fmc/standard-network"
"LIFE PHARMACY LLC BRANCH BR OFSHARJHA 17","Sharjah","Pharmacy","al qasimia","","45610000","","","https://www.medifinder.ae/medical/networks/fmc/standard-network"
"LIFE PHARMACY LLC BRANCH BR OFSHARJHA 21","Sharjah","Pharmacy","sharjah","","45610000","","","https://www.medifinder.ae/medical/networks/fmc/standard-network"
"LIFE PHARMACY LLC BRANCH OF ABU DHABI 1","Abu Dhabi","Pharmacy","meena area","","45718072","","","https://www.medifinder.ae/medical/networks/fmc/standard-network"
"Life Pharmacy LLC Branch of Abu Dhabi 33","Abu Dhabi","Pharmacy","marina mall","","45812457","","","https://www.medifinder.ae/medical/networks/fmc/standard-network"
"Life Pharmacy LLC Branch of Abu Dhabi 9","Abu Dhabi","Pharmacy","al danah","","45610000","","","https://www.medifinder.ae/medical/networks/fmc/standard-network"
"Life Pharmacy LLC Branch of Abudhabi 7","Abu Dhabi","Pharmacy","abu dhabi","","45610000","","","https://www.medifinder.ae/medical/networks/fmc/standard-network"
"Life Pharmacy LLC Branch of Abudhabi 8","Abu Dhabi","Pharmacy","abu dhabi","","45610000","","","https://www.medifinder.ae/medical/networks/fmc/standard-network"
"Life Pharmacy LLC Branch of Dubai - Branch of Abu Dhabi 2 - PF5033 (Life Pharmacy Group)","Abu Dhabi","Pharmacy","abu dhabi","","45610000","","","https://www.medifinder.ae/medical/networks/fmc/standard-network"
"Life Pharmacy LLC Branch of Dubai Branch of Abu Dhabi 1","Abu Dhabi","Pharmacy","al falah street","","45610000","","","https://www.medifinder.ae/medical/networks/fmc/standard-network"
"Life Pharmacy LLC Dibba BR","Fujairah","Pharmacy","dibba","","45610000","","","https://www.medifinder.ae/medical/networks/fmc/standard-network"
"Life Pharmacy LLC Fujairah Branch 1","Fujairah","Pharmacy","al hilal","","45610000","","","https://www.medifinder.ae/medical/networks/fmc/standard-network"
"Life Pharmacy LLC Fujairah Branch 1","Fujairah","Pharmacy","fujairah","","48365786","","","https://www.medifinder.ae/medical/networks/fmc/standard-network"
"Life Pharmacy LLC Fujairah Branch 1","Fujairah","Pharmacy","fujairah","","45718013","","","https://www.medifinder.ae/medical/networks/fmc/standard-network"
"LIFE PHARMACY LLC SHJ BR 25","Sharjah","Pharmacy","sharjah city centre","","45610000","","","https://www.medifinder.ae/medical/networks/fmc/standard-network"
"LIFE PHARMACY LLC SHJ BR 26","Sharjah","Pharmacy","al taawun","","45610000","","","https://www.medifinder.ae/medical/networks/fmc/standard-network"
"LIFE PHARMACY LLC SHJ BR 28","Sharjah","Pharmacy","al qarain","","45610000","","","https://www.medifinder.ae/medical/networks/fmc/standard-network"
"LIFE PHARMACY LLC SHJ BR 30","Sharjah","Pharmacy","sharjah","","45610000","","","https://www.medifinder.ae/medical/networks/fmc/standard-network"
"LIFE PHARMACY LLC SHJ BR 31","Sharjah","Pharmacy","mamzar","","45610000","","","https://www.medifinder.ae/medical/networks/fmc/standard-network"
"LIFE PHARMACY LLC SHJ BR 32","Sharjah","Pharmacy","hamriya","","45610000","","","https://www.medifinder.ae/medical/networks/fmc/standard-network"
"LIFE PHARMACY LLC SHJ BR 34","Sharjah","Pharmacy","al owais tower","","45610000","","","https://www.medifinder.ae/medical/networks/fmc/standard-network"
"LIFE PHARMACY LLC SHJ BR 35","Sharjah","Pharmacy","mwaileh","","45610000","","","https://www.medifinder.ae/medical/networks/fmc/standard-network"
"LIFE PHARMACY LLC SHJ BR 36","Sharjah","Pharmacy","al maja","","45610000","","","https://www.medifinder.ae/medical/networks/fmc/standard-network"
"LIFE PHARMACY LLC SHJ BR 37","Sharjah","Pharmacy","rahmaniyah","","45610000","","","https://www.medifinder.ae/medical/networks/fmc/standard-network"
"LIFE PHARMACY LLC SHJ BR 38","Sharjah","Pharmacy","al majaz","","45610000","","","https://www.medifinder.ae/medical/networks/fmc/standard-network"
"Life Pharmacy Marina Walk BR of Life Pharmacy LLC","Dubai","Pharmacy","marina","","45610000","","","https://www.medifinder.ae/medical/networks/fmc/standard-network"
"Life Pharmacy N K Mall (BR. of Life Pharmacy) - Dubai","Dubai","Pharmacy","palm jumeirah","","45610000","","","https://www.medifinder.ae/medical/networks/fmc/standard-network"
"Life Pharmacy Rak","Ras Al Khaimah","Pharmacy","al nakheel","","45610000","","","https://www.medifinder.ae/medical/networks/fmc/standard-network"
"Life Pharmacy Sharjah Branch 3","Sharjah","Pharmacy","muwaileh commerical","","45610000","","","https://www.medifinder.ae/medical/networks/fmc/standard-network"
"LIFE PHARMACY183 (BR OF LIFE PHARMACY L.L.C)","Dubai","Pharmacy","arjan","","45610000","","","https://www.medifinder.ae/medical/networks/fmc/standard-network"
"Life Phrmacy LLC - Branch of Abudhabi 6","Abu Dhabi","Pharmacy","khalifa city","","45610000","","","https://www.medifinder.ae/medical/networks/fmc/standard-network"
"Life Rose Pharmacy LLC-Life Healthcare Group","Dubai","Pharmacy","international city","","45521395","","","https://www.medifinder.ae/medical/networks/fmc/standard-network"
"Life Two Pharmacy L.L.C-Life Healthcare Group","Dubai","Pharmacy","al barsha south 4","","45610000","","","https://www.medifinder.ae/medical/networks/fmc/standard-network"
"Life Two Pharmacy L.L.C-Life Healthcare Group","Dubai","Pharmacy","business bay","","45520750","","","https://www.medifinder.ae/medical/networks/fmc/standard-network"
"Life Two Pharmacy L.L.C-Life Healthcare Group","Dubai","Pharmacy","sheikh zayed road","","43550057","","","https://www.medifinder.ae/medical/networks/fmc/standard-network"
"Lifecare International Pharmacy LLC-Branch 1-PF2581","Abu Dhabi","Pharmacy","mafraq","","25856333","","","https://www.medifinder.ae/medical/networks/fmc/standard-network"
"Lifecare International Pharmacy LLC-Branch 1-PF2581","Abu Dhabi","Pharmacy","mussafah","","24148226","","","https://www.medifinder.ae/medical/networks/fmc/standard-network"
"Livix Plus Pharmacy LLC Prvsly Fajr Al Madina Pharmacy - Dubai","Dubai","Pharmacy","al quoz","","43410401","","","https://www.medifinder.ae/medical/networks/fmc/standard-network"
"Liwa Pharmacy (Al Qasimia) Sharjah","Sharjah","Pharmacy","al qadissiya","","65771280","","","https://www.medifinder.ae/medical/networks/fmc/standard-network"
"Liwan Pharmacy LLC - Dubai (Al Neem Group)","Dubai","Pharmacy","safa","","45809651","","","https://www.medifinder.ae/medical/networks/fmc/standard-network"
"LLH HOSPITAL PHARMACY ALMUSAFFAH","Abu Dhabi","Pharmacy","mussafah","","25557711","","","https://www.medifinder.ae/medical/networks/fmc/standard-network"
"LLH Hospital Pharmacy- LLC","Abu Dhabi","Pharmacy","electra street","","26333340","","","https://www.medifinder.ae/medical/networks/fmc/standard-network"
"LLH Medical Center Pharmacy Branch (Dip 2) Dubai","Dubai","Pharmacy","al quoz","","42070000","","","https://www.medifinder.ae/medical/networks/fmc/standard-network"
"LLH PHARMACY ALMUSAFFAH L.L.C. - BRANCH","Abu Dhabi","Pharmacy","","","564010637","","","https://www.medifinder.ae/medical/networks/fmc/standard-network"
"LLH PHARMACY ALMUSAFFAH L.L.C. - BRANCH","Abu Dhabi","Pharmacy","","","24116451","","","https://www.medifinder.ae/medical/networks/fmc/standard-network"
"Lubna Pharmacy LLC - Sharjah (Novo Healthcare Group)","Sharjah","Pharmacy","sharjah","","65637220","","","https://www.medifinder.ae/medical/networks/fmc/standard-network"
"LULU AL NAHDA PHARMACY(NEW)_MOH-F-5000200","Sharjah","Pharmacy","al nahda","","65454611","","","https://www.medifinder.ae/medical/networks/fmc/standard-network"
"Lulu Dibba Pharmacy Llc (Docib Grp)","Fujairah","Pharmacy","dibba","","92431399","","","https://www.medifinder.ae/medical/networks/fmc/standard-network"
"LULU PHARMACY","Fujairah","Pharmacy","korthabah street","","92233112","","","https://www.medifinder.ae/medical/networks/fmc/standard-network"
"LULU PHARMACY_FUJAIRAH (CLOSED FOR RENOVATION)","Fujairah","Pharmacy","fujairah","","92233112","","","https://www.medifinder.ae/medical/networks/fmc/standard-network"
"M38 PHARMACY - L.L.C","Abu Dhabi","Pharmacy","mussaffa","","28771271","","","https://www.medifinder.ae/medical/networks/fmc/standard-network"
"Madinat Zayed Hospital In Patient Pharmacy (SEHA)","Abu Dhabi","Pharmacy","zayed city","","28070000","","","https://www.medifinder.ae/medical/networks/fmc/standard-network"
"MANARAT AL CORNICHE PHARMACY","Sharjah","Pharmacy","al buhaira area","","65514180","","","https://www.medifinder.ae/medical/networks/fmc/standard-network"
"Marhaba (New) Al Jadeeda Pharmacy (Al Nakheel Al Muntaser Rd) RAK","Ras Al Khaimah","Pharmacy","nakheel","","72277970","","","https://www.medifinder.ae/medical/networks/fmc/standard-network"
"MARHABA PHARAMCY BRANCH1","Ras Al Khaimah","Pharmacy","al muntasir road","","72277970","","","https://www.medifinder.ae/medical/networks/fmc/standard-network"
"Marhaba Pharmacy Branch-2","Ras Al Khaimah","Pharmacy","al sell","","72277970","","","https://www.medifinder.ae/medical/networks/fmc/standard-network"
"MARJAN MEDICAL CENTER PHARAMCY BRANCH","Abu Dhabi","Pharmacy","mezyad street","","37530110","","","https://www.medifinder.ae/medical/networks/fmc/standard-network"
"Marjan Medical Center Pharmacy - Branch","Abu Dhabi","Pharmacy","sanayya","","37530922","","","https://www.medifinder.ae/medical/networks/fmc/standard-network"
"MARWA PHARMACY","Ajman","Pharmacy","lulu area","","67406571","","","https://www.medifinder.ae/medical/networks/fmc/standard-network"
"MARYAM PHARMACY","Abu Dhabi","Pharmacy","defence street","","26421043","","","https://www.medifinder.ae/medical/networks/fmc/standard-network"
"Mas Life Pharmacy Br Of Life Pharmacy Llc","Dubai","Pharmacy","bur dubai","","45610000","","","https://www.medifinder.ae/medical/networks/fmc/standard-network"
"Mas Life Pharmacy Br Of Life Pharmacy Llc","Dubai","Pharmacy","marsa al seef","","45718061","","","https://www.medifinder.ae/medical/networks/fmc/standard-network"
"Mawjood Pharmacy - (Al Neem Pharmacy Group)","Ajman","Pharmacy","rashidiya 3","","67429030","","","https://www.medifinder.ae/medical/networks/fmc/standard-network"
"Maxim Pharmacy - Sole Proprietorship L.L.C","Abu Dhabi","Pharmacy","mussaffa","","25500161","","","https://www.medifinder.ae/medical/networks/fmc/standard-network"
"MAZAYA PHARMACY LLC","Sharjah","Pharmacy","al nuaimia","","67468481","","","https://www.medifinder.ae/medical/networks/fmc/standard-network"
"MECCA PHARMACY","Abu Dhabi","Pharmacy","al ain","","37518779","","","https://www.medifinder.ae/medical/networks/fmc/standard-network"
"MED CARE PHARMACY (not part of MEDCARE GROUP)","Dubai","Pharmacy","al qusais","","43288884","","","https://www.medifinder.ae/medical/networks/fmc/standard-network"
"Med One Pharmacy LLC (Ex Medicure Pharmacy Branch)","Dubai","Pharmacy","al qusais","","43412774","","","https://www.medifinder.ae/medical/networks/fmc/standard-network"
"MEDCARE MEDICAL CENTRE ALFURJAN WEST PHARMACY BR OF MEDCARE HOSPITAL LLC","Dubai","Pharmacy","jebel ali","","45513796","","","https://www.medifinder.ae/medical/networks/fmc/standard-network"
"Medcare Medical Centre Arabian Ranches 3 Pharmacy BR of Medcare Hospital LLC","Dubai","Pharmacy","wadi al safa 5","","42578939","","","https://www.medifinder.ae/medical/networks/fmc/standard-network"
"Medcare Medical Centre Barsha South (BR of Medcare Hospital (L.L.C))-Pharmacy","Dubai","Pharmacy","al barsha south","","43254383","","","https://www.medifinder.ae/medical/networks/fmc/standard-network"
"Medcare Medical Centre the Valley Pharmacy BR of Medcare Hospital L.L.C","Dubai","Pharmacy","al yufrah 1","","43291310","","","https://www.medifinder.ae/medical/networks/fmc/standard-network"
"Medcom 45 Pharmacy","Sharjah","Pharmacy","muwaileh commerical","","65622346","","","https://www.medifinder.ae/medical/networks/fmc/standard-network"
"Medeor 24x7 Hospital Pharmacy Dubai","Dubai","Pharmacy","umm hurair road","","43500600","","","https://www.medifinder.ae/medical/networks/fmc/standard-network"
"Medhub Pharmacy (Jabal Ali Ind 1) Dubai","Dubai","Pharmacy","jebal ali","","43532727","","","https://www.medifinder.ae/medical/networks/fmc/standard-network"
"MEDI LIFE PHARMACY L.L.C","Abu Dhabi","Pharmacy","old passpost road","","24455668","","","https://www.medifinder.ae/medical/networks/fmc/standard-network"
"Medi Prime Al Majaz Pharmacy (University City Road) Sharjah","Sharjah","Pharmacy","al juraina","","47070999","","","https://www.medifinder.ae/medical/networks/fmc/standard-network"
"Medi Prime Al Majaz Pharmacy Br 2","Sharjah","Pharmacy","rahmania mall","","47070999","","","https://www.medifinder.ae/medical/networks/fmc/standard-network"
"Medi Prime Pharmacy Barsha Heights (BR of Medi Prime Pharmacy LLC) - Dubai","Dubai","Pharmacy","al barsha","","47070999","","","https://www.medifinder.ae/medical/networks/fmc/standard-network"
"Medi Prime Pharmacy Jumeirah Branch L.L.C(PRIME Healthcare Group)","Dubai","Pharmacy","al safa","","47070999","","","https://www.medifinder.ae/medical/networks/fmc/standard-network"
"MEDIC PLUS PHARMACY LLC","Dubai","Pharmacy","deira","","42733540","","","https://www.medifinder.ae/medical/networks/fmc/standard-network"
"Medical Park Pharmacy LLC - PF2773 (BR of Medical Park Consultants One Day Surgery)","Abu Dhabi","Pharmacy","khalidiya","","23028888","","","https://www.medifinder.ae/medical/networks/fmc/standard-network"
"Medicina 1 Pharmacy - Dubai","Dubai","Pharmacy","wadi al safa 4","","45846839","","","https://www.medifinder.ae/medical/networks/fmc/standard-network"
"Medicina 2 Pharmacy - Dubai","Dubai","Pharmacy","nad al hamar","","42898201","","","https://www.medifinder.ae/medical/networks/fmc/standard-network"
"MEDICINA 22 PHARMACY","Fujairah","Pharmacy","kalba","","92770371","","","https://www.medifinder.ae/medical/networks/fmc/standard-network"
"Medicina 23 Pharmacy","Sharjah","Pharmacy","mohilla","","65303980","","","https://www.medifinder.ae/medical/networks/fmc/standard-network"
"Medicina 24 Pharmacy","Sharjah","Pharmacy","sharjah","","65723255","","","https://www.medifinder.ae/medical/networks/fmc/standard-network"
"MEDICINA 28 PHARMACY (PREVIOUSLY MEDICINA PHARMACY - FUJAIRAH)","Fujairah","Pharmacy","fujairah","","92441604","","","https://www.medifinder.ae/medical/networks/fmc/standard-network"
"Medicina 29 Pharmacy","Ajman","Pharmacy","union coop.","","67472207","","","https://www.medifinder.ae/medical/networks/fmc/standard-network"
"Medicina 4 Pharmacy - Dubai","Dubai","Pharmacy","jumeirah 2","","23042145","","","https://www.medifinder.ae/medical/networks/fmc/standard-network"
"Medicina 8-Dubai -Medicina GRP","Dubai","Pharmacy","al warqa","","45830211","","","https://www.medifinder.ae/medical/networks/fmc/standard-network"
"Medicina Al Fahidi Pharmacy - Dubai","Dubai","Pharmacy","wadi al amardi","","43281673","","","https://www.medifinder.ae/medical/networks/fmc/standard-network"
"Medicina Al Fahidi Pharmacy - Dubai","Dubai","Pharmacy","dubai silicon oasis","","43450503","","","https://www.medifinder.ae/medical/networks/fmc/standard-network"
"Medicina Al Falah Pharmacy","Abu Dhabi","Pharmacy","abu dhabi","","25846880","","","https://www.medifinder.ae/medical/networks/fmc/standard-network"
"Medicina Gulf Pharmacy","Abu Dhabi","Pharmacy","abu dhabi","","24483454","","","https://www.medifinder.ae/medical/networks/fmc/standard-network"
"Medicina International Pharmacy","Abu Dhabi","Pharmacy","abu dhabi","","24496744","","","https://www.medifinder.ae/medical/networks/fmc/standard-network"
"Medicina Pharmacy - Branch","Abu Dhabi","Pharmacy","al falah street","","25844114","","","https://www.medifinder.ae/medical/networks/fmc/standard-network"
"Medicina Pharmacy - Branch","Abu Dhabi","Pharmacy","khalifa city","","26415691","","","https://www.medifinder.ae/medical/networks/fmc/standard-network"
"Medicina Pharmacy - Branch","Abu Dhabi","Pharmacy","muroor road","","26440615","","","https://www.medifinder.ae/medical/networks/fmc/standard-network"
"Medicina Pharmacy - Branch","Abu Dhabi","Pharmacy","bain al jasrain","","26500168","","","https://www.medifinder.ae/medical/networks/fmc/standard-network"
"Medicina Pharmacy - Branch","Abu Dhabi","Pharmacy","al bateen","","26711706","","","https://www.medifinder.ae/medical/networks/fmc/standard-network"
"Medicina Pharmacy - Branch","Abu Dhabi","Pharmacy","khalifa city","","26736525","","","https://www.medifinder.ae/medical/networks/fmc/standard-network"
"Medicina Pharmacy - Branch","Abu Dhabi","Pharmacy","baniyas east","","26736538","","","https://www.medifinder.ae/medical/networks/fmc/standard-network"
"Medicina Pharmacy - Branch","Abu Dhabi","Pharmacy","airport road","","26783216","","","https://www.medifinder.ae/medical/networks/fmc/standard-network"
"Medicina Pharmacy - Branch","Abu Dhabi","Pharmacy","airport road","","26785127","","","https://www.medifinder.ae/medical/networks/fmc/standard-network"
"Medicina Pharmacy - Branch","Abu Dhabi","Pharmacy","al zaab area","","26815025","","","https://www.medifinder.ae/medical/networks/fmc/standard-network"
"Medicina Pharmacy - Branch","Abu Dhabi","Pharmacy","bain al jasrain","","28835468","","","https://www.medifinder.ae/medical/networks/fmc/standard-network"
"Medicina Pharmacy - Branch","Abu Dhabi","Pharmacy","unknown","","28865844","","","https://www.medifinder.ae/medical/networks/fmc/standard-network"
"Medicina Pharmacy - Branch","Abu Dhabi","Pharmacy","shahama","","28869722","","","https://www.medifinder.ae/medical/networks/fmc/standard-network"
"Medicina Pharmacy - Branch","Abu Dhabi","Pharmacy","shiab al ashkar","","37664715","","","https://www.medifinder.ae/medical/networks/fmc/standard-network"
"Medicina Pharmacy - Branch","Abu Dhabi","Pharmacy","falaj hazza district","","37668913","","","https://www.medifinder.ae/medical/networks/fmc/standard-network"
"Medicina Pharmacy - Branch","Abu Dhabi","Pharmacy","jurf","","25837989","","","https://www.medifinder.ae/medical/networks/fmc/standard-network"
"Medicina Pharmacy - Branch","Abu Dhabi","Pharmacy","khalifa city","","25571194","","","https://www.medifinder.ae/medical/networks/fmc/standard-network"
"Medicina Pharmacy - Branch","Abu Dhabi","Pharmacy","al karamah street","","24479940","","","https://www.medifinder.ae/medical/networks/fmc/standard-network"
"Medicina Pharmacy - Branch 32 (Al Shahama 2) - Abu Dhabi","Abu Dhabi","Pharmacy","khalifa street","","26589543","","","https://www.medifinder.ae/medical/networks/fmc/standard-network"
"MEDICINA PHARMACY - BRANCH ADNEC","Abu Dhabi","Pharmacy","al arabi street","","24469300","","","https://www.medifinder.ae/medical/networks/fmc/standard-network"
"MEDICINA PHARMACY - BRANCH AIRPORT 3","Abu Dhabi","Pharmacy","sheikh rashid bin saeed street","","26229531","","","https://www.medifinder.ae/medical/networks/fmc/standard-network"
"MEDICINA PHARMACY - BRANCH AL FORSAN","Abu Dhabi","Pharmacy","forsan mall","","25520560","","","https://www.medifinder.ae/medical/networks/fmc/standard-network"
"MEDICINA PHARMACY - BRANCH AL QANA","Abu Dhabi","Pharmacy","al maqta","","23042145","","","https://www.medifinder.ae/medical/networks/fmc/standard-network"
"MEDICINA PHARMACY - BRANCH AL YAHAR","Abu Dhabi","Pharmacy","yahar mall","","37814748","","","https://www.medifinder.ae/medical/networks/fmc/standard-network"
"MEDICINA PHARMACY - BRANCH ALFALAH3","Abu Dhabi","Pharmacy","al falah street","","25846880","","","https://www.medifinder.ae/medical/networks/fmc/standard-network"
"MEDICINA PHARMACY - BRANCH ALMINA","Abu Dhabi","Pharmacy","al mina road","","28868355","","","https://www.medifinder.ae/medical/networks/fmc/standard-network"
"MEDICINA PHARMACY - BRANCH ALMURROR","Abu Dhabi","Pharmacy","muroor road","","24436271","","","https://www.medifinder.ae/medical/networks/fmc/standard-network"
"MEDICINA PHARMACY - BRANCH ALWATHBA","Abu Dhabi","Pharmacy","al wathba south","","26281426","","","https://www.medifinder.ae/medical/networks/fmc/standard-network"
"MEDICINA PHARMACY - BRANCH BANIYAS CENTER","Abu Dhabi","Pharmacy","baniyas east","","25832505","","","https://www.medifinder.ae/medical/networks/fmc/standard-network"
"MEDICINA PHARMACY - BRANCH GHAIATHI","Abu Dhabi","Pharmacy","gayathi","","23091688","","","https://www.medifinder.ae/medical/networks/fmc/standard-network"
"MEDICINA PHARMACY - BRANCH GHANIMA","Abu Dhabi","Pharmacy","ghyanmah street","","37612894","","","https://www.medifinder.ae/medical/networks/fmc/standard-network"
"Medicina Pharmacy - Branch Khalifa Al Ain","Abu Dhabi","Pharmacy","sheikh khalifa bin zayed street","","37532617","","","https://www.medifinder.ae/medical/networks/fmc/standard-network"
"MEDICINA PHARMACY - BRANCH KHALIFA CITY A","Abu Dhabi","Pharmacy","khalifa city","","25460733","","","https://www.medifinder.ae/medical/networks/fmc/standard-network"
"MEDICINA PHARMACY - BRANCH MAQTA MALL","Abu Dhabi","Pharmacy","al maqta","","26678701","","","https://www.medifinder.ae/medical/networks/fmc/standard-network"
"MEDICINA PHARMACY - BRANCH MBZ","Abu Dhabi","Pharmacy","mohammed bin zayed city","","25460730","","","https://www.medifinder.ae/medical/networks/fmc/standard-network"
"MEDICINA PHARMACY - BRANCH MUSHRIF MALL","Abu Dhabi","Pharmacy","sheikh rashid bin saeed street","","24430616","","","https://www.medifinder.ae/medical/networks/fmc/standard-network"
"MEDICINA PHARMACY - BRANCH RIYADH CITY","Abu Dhabi","Pharmacy","al shamkha","","25820203","","","https://www.medifinder.ae/medical/networks/fmc/standard-network"
"MEDICINA PHARMACY - BRANCH SHAMKHA MALL","Abu Dhabi","Pharmacy","al shamkha","","25627560","","","https://www.medifinder.ae/medical/networks/fmc/standard-network"
"MEDICINA PHARMACY - BRANCH SWAIHAN","Abu Dhabi","Pharmacy","sweihan","","37351454","","","https://www.medifinder.ae/medical/networks/fmc/standard-network"
"Medicina Pharmacy - Dubai","Dubai","Pharmacy","al barsha","","43437202","","","https://www.medifinder.ae/medical/networks/fmc/standard-network"
"Medicina Pharmacy -Branch 10- Dubai -Medicina GRP","Dubai","Pharmacy","palm jumeirah","","45846737","","","https://www.medifinder.ae/medical/networks/fmc/standard-network"
"Medicina Pharmacy 11","Dubai","Pharmacy","dhcc","","23042145","","","https://www.medifinder.ae/medical/networks/fmc/standard-network"
"Medicina Pharmacy 14 - Dubai - Medicina GRP","Dubai","Pharmacy","business bay","","42955096","","","https://www.medifinder.ae/medical/networks/fmc/standard-network"
"Medicina Pharmacy 16 - Dubai - Medicina GRP","Dubai","Pharmacy","dubai production city","","23042145","","","https://www.medifinder.ae/medical/networks/fmc/standard-network"
"Medicina Pharmacy 18","Dubai","Pharmacy","sheikh zayed road","","42355832","","","https://www.medifinder.ae/medical/networks/fmc/standard-network"
"Medicina Pharmacy 19","Dubai","Pharmacy","difc","","45786945","","","https://www.medifinder.ae/medical/networks/fmc/standard-network"
"Medicina Pharmacy 20  (Sheikh Hamad Bin Abdullah St.) Fujairah","Fujairah","Pharmacy","fujairah","","92235894","","","https://www.medifinder.ae/medical/networks/fmc/standard-network"
"Medicina Pharmacy 31","Sharjah","Pharmacy","al nahda","","65246525","","","https://www.medifinder.ae/medical/networks/fmc/standard-network"
"Medicina Pharmacy 32","Ras Al Khaimah","Pharmacy","rak","","72660711","","","https://www.medifinder.ae/medical/networks/fmc/standard-network"
"Medicina Pharmacy 34","Ras Al Khaimah","Pharmacy","al dhaith","","72284785","","","https://www.medifinder.ae/medical/networks/fmc/standard-network"
"Medicina Pharmacy 35","Ras Al Khaimah","Pharmacy","al dhaid","","72218376","","","https://www.medifinder.ae/medical/networks/fmc/standard-network"
"Medicina Pharmacy 38","Umm Al Quwain","Pharmacy","al salama","","65468778","","","https://www.medifinder.ae/medical/networks/fmc/standard-network"
"Medicina Pharmacy 39","Dubai","Pharmacy","jumeirah golf estate","","43456556","","","https://www.medifinder.ae/medical/networks/fmc/standard-network"
"Medicina Pharmacy 41 Fujairah Branch 2","Fujairah","Pharmacy","fujairah","","96060711","","","https://www.medifinder.ae/medical/networks/fmc/standard-network"
"Medicina Pharmacy 42","Dubai","Pharmacy","damac hills","","45641952","","","https://www.medifinder.ae/medical/networks/fmc/standard-network"
"Medicina Pharmacy 43","Dubai","Pharmacy","al barsha 3","","45485677","","","https://www.medifinder.ae/medical/networks/fmc/standard-network"
"Medicina Pharmacy 44","Dubai","Pharmacy","al barsha 3","","47181402","","","https://www.medifinder.ae/medical/networks/fmc/standard-network"
"Medicina Pharmacy 5 - Dubai","Dubai","Pharmacy","sheikh zayed road","","43305025","","","https://www.medifinder.ae/medical/networks/fmc/standard-network"
"Medicina Pharmacy 6 - Dubai","Dubai","Pharmacy","al barsha","","43993370","","","https://www.medifinder.ae/medical/networks/fmc/standard-network"
"Medicina Pharmacy 7 - Dubai","Dubai","Pharmacy","al warqa","","42256820","","","https://www.medifinder.ae/medical/networks/fmc/standard-network"
"Medicina Pharmacy 9-Dubai -Medicina GRP","Dubai","Pharmacy","wadi al safa 2","","45149146","","","https://www.medifinder.ae/medical/networks/fmc/standard-network"
"Medicina Pharmacy Branch (Al Thanyah 4) Dubai Prvsly Medicina First Pharmacy - Dubai","Dubai","Pharmacy","jumeirah","","43471266","","","https://www.medifinder.ae/medical/networks/fmc/standard-network"
"Medicina Pharmacy Branch (Mirdiff) Prvsly Medicina Pharmacy 13","Dubai","Pharmacy","mirdiff","","42280566","","","https://www.medifinder.ae/medical/networks/fmc/standard-network"
"Medicina Pharmacy Branch (Port Saeed) Dubai Prvsly Medicina Pharmacy 12","Dubai","Pharmacy","deira","","42952422","","","https://www.medifinder.ae/medical/networks/fmc/standard-network"
"Medicina Pharmacy LLC Branch Prvsly Medicina 3 Pharmacy (Umm Suqeim 3) Dubai","Dubai","Pharmacy","umm suqeim","","43219943","","","https://www.medifinder.ae/medical/networks/fmc/standard-network"
"Medicina Pharmacy LLC Branch Prvsly Medicina Pharmacy 15 (Al Barsha 3) Dubai","Dubai","Pharmacy","al barsha","","48875072","","","https://www.medifinder.ae/medical/networks/fmc/standard-network"
"Medicina Pharmacy Sharjah BR 5 Prvsly Medicina 33 Pharmacy Sharjah","Sharjah","Pharmacy","al mirgab","","67448476","","","https://www.medifinder.ae/medical/networks/fmc/standard-network"
"Medicine Shoppe Al Murur Pharmacy (Vps)","Abu Dhabi","Pharmacy","murror street","","26438330","","","https://www.medifinder.ae/medical/networks/fmc/standard-network"
"MEDICINE SHOPPE KHALIFA A PHARMACY LLC","Abu Dhabi","Pharmacy","khalifa street","","25567933","","","https://www.medifinder.ae/medical/networks/fmc/standard-network"
"Medicom Pharmacy - 26 (Aster)(Moopens)","Umm Al Quwain","Pharmacy","al muqta","","67649734","","","https://www.medifinder.ae/medical/networks/fmc/standard-network"
"Medicom Pharmacy (Al Daghaya) Dubai Prvsly Medicom - Al Pharabi Pharmacy","Dubai","Pharmacy","deira","","42264844","","","https://www.medifinder.ae/medical/networks/fmc/standard-network"
"Medicom Pharmacy 1 (BR of Aster Pharmacies Group L.L.C)","Dubai","Pharmacy","dubai","","45721034","","","https://www.medifinder.ae/medical/networks/fmc/standard-network"
"Medicom Pharmacy 10 (BR of Aster Pharmacies Group L.L.C)","Dubai","Pharmacy","mirdiff","","42885995","","","https://www.medifinder.ae/medical/networks/fmc/standard-network"
"Medicom Pharmacy 11 (BR of Aster Pharmacies Group L.L.C)","Dubai","Pharmacy","al qusais","","42611551","","","https://www.medifinder.ae/medical/networks/fmc/standard-network"
"Medicom Pharmacy 12 (Dubai Century  Pharmacy)","Dubai","Pharmacy","rashidiya","","42859110","","","https://www.medifinder.ae/medical/networks/fmc/standard-network"
"Medicom Pharmacy 13 (BR of Aster Pharmacies Group L.L.C)","Dubai","Pharmacy","karama","","43977739","","","https://www.medifinder.ae/medical/networks/fmc/standard-network"
"Medicom Pharmacy 14 ( Madina Mall ) Ex - Medicom Pharmacy 14 ( New Home Pharmacy )","Dubai","Pharmacy","al qusais","","42558733","","","https://www.medifinder.ae/medical/networks/fmc/standard-network"
"Medicom Pharmacy 15, Murraqabat- Relief Healthcare Group","Dubai","Pharmacy","al muraqqabat","","42297670","","","https://www.medifinder.ae/medical/networks/fmc/standard-network"
"Medicom Pharmacy 17 (Al Ansar  Pharmacy)","Sharjah","Pharmacy","nahda -shj cluster","","65313256","","","https://www.medifinder.ae/medical/networks/fmc/standard-network"
"Medicom Pharmacy 18 (Al Alam  Pharmacy)","Ajman","Pharmacy","ajman","","67464665","","","https://www.medifinder.ae/medical/networks/fmc/standard-network"
"Medicom Pharmacy 2 (BR of Aster Pharmacies Group L.L.C)","Dubai","Pharmacy","jumeirah","","43448333","","","https://www.medifinder.ae/medical/networks/fmc/standard-network"
"Medicom Pharmacy 31 (Satwa) Dubai","Dubai","Pharmacy","satwa","","43859232","","","https://www.medifinder.ae/medical/networks/fmc/standard-network"
"Medicom Pharmacy 33 LLC - UAQ Branch","Umm Al Quwain","Pharmacy","salamah","","67650014","","","https://www.medifinder.ae/medical/networks/fmc/standard-network"
"Medicom Pharmacy 33 LLC, Deira- Relief Healthcare Group","Dubai","Pharmacy","deira","","42733237","","","https://www.medifinder.ae/medical/networks/fmc/standard-network"
"Medicom Pharmacy 34 LLC - Dubai","Dubai","Pharmacy","al qusais","","42544001","","","https://www.medifinder.ae/medical/networks/fmc/standard-network"
"Medicom Pharmacy 35 Dubai","Dubai","Pharmacy","deira","","43455920","","","https://www.medifinder.ae/medical/networks/fmc/standard-network"
"Medicom Pharmacy 36 LLC","Dubai","Pharmacy","naif","","43948922","","","https://www.medifinder.ae/medical/networks/fmc/standard-network"
"Medicom Pharmacy 37 LLC","Dubai","Pharmacy","deira","","48763972","","","https://www.medifinder.ae/medical/networks/fmc/standard-network"
"Medicom Pharmacy 38","Dubai","Pharmacy","al qusais","","42293561","","","https://www.medifinder.ae/medical/networks/fmc/standard-network"
"Medicom Pharmacy 4 (BR of Aster Pharmacies Group L.L.C)","Dubai","Pharmacy","jumeirah","","43440077","","","https://www.medifinder.ae/medical/networks/fmc/standard-network"
"Medicom Pharmacy 5 (Emirates Co-Operative Society Pharmacy)","Dubai","Pharmacy","al qusais","","42649929","","","https://www.medifinder.ae/medical/networks/fmc/standard-network"
"Medicom Pharmacy 6 (BR of Aster Pharmacies Group L.L.C)","Dubai","Pharmacy","al wasl","","43435522","","","https://www.medifinder.ae/medical/networks/fmc/standard-network"
"Medicom Pharmacy 7 (BR of Aster Pharmacies Group L.L.C)","Dubai","Pharmacy","al mizhar","","42876804","","","https://www.medifinder.ae/medical/networks/fmc/standard-network"
"Medicom Pharmacy 8 (BR of Aster Pharmacies Group L.L.C)","Dubai","Pharmacy","hor al anz","","42965040","","","https://www.medifinder.ae/medical/networks/fmc/standard-network"
"Medicom Pharmacy 9 (BR of Aster Pharmacies Group L.L.C)","Dubai","Pharmacy","al qusais","","42640818","","","https://www.medifinder.ae/medical/networks/fmc/standard-network"
"MEDILIFE PHARMACY L.L.C BR.1","Abu Dhabi","Pharmacy","electra street","","26413366","","","https://www.medifinder.ae/medical/networks/fmc/standard-network"
"Medilove Pharmacy Dwc","Dubai","Pharmacy","dubai aviation city","","45709282","","","https://www.medifinder.ae/medical/networks/fmc/standard-network"
"MEDISERV PHARMACY - SOLE PROPRIETORSHIP LLC","Abu Dhabi","Pharmacy","muroor road","","26270413","","","https://www.medifinder.ae/medical/networks/fmc/standard-network"
"MEDLIFE PHARMACY","Dubai","Pharmacy","bur dubai","","43539755","","","https://www.medifinder.ae/medical/networks/fmc/standard-network"
"Medline Pharmacy LLC","Abu Dhabi","Pharmacy","mussafah","","25548669","","","https://www.medifinder.ae/medical/networks/fmc/standard-network"
"Medlux Pharmacy Llc","Abu Dhabi","Pharmacy","mafraq","","26229722","","","https://www.medifinder.ae/medical/networks/fmc/standard-network"
"MEDMAX PHARMACY L.L.C.","Abu Dhabi","Pharmacy","al dhafra region","","551093386","","","https://www.medifinder.ae/medical/networks/fmc/standard-network"
"MEDOC PHARMACY LLC","Dubai","Pharmacy","al qusais industrial area 4","","42963219","","","https://www.medifinder.ae/medical/networks/fmc/standard-network"
"Medon Pharmacy LLC RAK Branch","Ras Al Khaimah","Pharmacy","al hamra","","72357576","","","https://www.medifinder.ae/medical/networks/fmc/standard-network"
"Medstar Pharmacy Icad Residintal","Abu Dhabi","Pharmacy","icad","","24066812","","","https://www.medifinder.ae/medical/networks/fmc/standard-network"
"MEDSTER PHARMACY L.L.C.","Abu Dhabi","Pharmacy","mussafah","","25830744","","","https://www.medifinder.ae/medical/networks/fmc/standard-network"
"MERCURY PHARMACY - ABU DHABI","Abu Dhabi","Pharmacy","reem island","","28772260","","","https://www.medifinder.ae/medical/networks/fmc/standard-network"
"Mercury Star Pharmacy (Industrial Area 15) Sharjah","Sharjah","Pharmacy","industrial area 15","","67677767","","","https://www.medifinder.ae/medical/networks/fmc/standard-network"
"METACARE PHARMACY LLC","Dubai","Pharmacy","deira","","42506522","","","https://www.medifinder.ae/medical/networks/fmc/standard-network"
"METRO PHARMACY_JURF","Ajman","Pharmacy","new industrial area","","67318821","","","https://www.medifinder.ae/medical/networks/fmc/standard-network"
"MINHA PHARMACY L.L.C","Dubai","Pharmacy","muhaisnah second","","42438936","","","https://www.medifinder.ae/medical/networks/fmc/standard-network"
"Modern Al Kindi Pharmacy","Sharjah","Pharmacy","sharjah","","65531606","","","https://www.medifinder.ae/medical/networks/fmc/standard-network"
"Modern Dar Al Shifa Pharmcy L.L.C","Abu Dhabi","Pharmacy","abu dhabi","","26446100","","","https://www.medifinder.ae/medical/networks/fmc/standard-network"
"Modern Dar Al Shifa Pharmcy L.L.C -- Mussafah Branch","Abu Dhabi","Pharmacy","mussaffa","","25561637","","","https://www.medifinder.ae/medical/networks/fmc/standard-network"
"Modern Family Pharmacy Branch (Abu Shagara) Sharjah","Sharjah","Pharmacy","abu shagara","","43343263","","","https://www.medifinder.ae/medical/networks/fmc/standard-network"
"Modern Life Pharmacy - Life Healthcare","Dubai","Pharmacy","al aweer","","43332996","","","https://www.medifinder.ae/medical/networks/fmc/standard-network"
"Modern Pharmacy Branch 2 (Al Nasir Street) Abu Dhabi (Pre. Gigi Pharmacy - Abu Dhabi)","Abu Dhabi","Pharmacy","airport road","","262266460506620524","","","https://www.medifinder.ae/medical/networks/fmc/standard-network"
"Modern Pharmacy Branch Al Maktoum","Dubai","Pharmacy","healthcare city","","42223879","","","https://www.medifinder.ae/medical/networks/fmc/standard-network"
"Modern Pharmacy Branch Al Maktoum","Dubai","Pharmacy","al barsha 1","","43994694","","","https://www.medifinder.ae/medical/networks/fmc/standard-network"
"Modern Pharmacy Branch Al Maktoum","Dubai","Pharmacy","bur dubai","","43539755","","","https://www.medifinder.ae/medical/networks/fmc/standard-network"
"MODERN PHARMACY L.L.C - SHJ BR (PREV. THUMBAY PHARMACY - SHARJAH(NEW)_MOH-F-5000579)","Sharjah","Pharmacy","al qasimia street","","67487812","","","https://www.medifinder.ae/medical/networks/fmc/standard-network"
"MODERN PHARMACY L.L.C (SOLE PROPRIETORSHIP) - BRANCH-05 (PREV.THUMBAY PHARMACY 1(NEW)_MOH-F-5000453","Ajman","Pharmacy","al rashidiya 1","","67453771","","","https://www.medifinder.ae/medical/networks/fmc/standard-network"
"MODERN PHARMACY L.L.C (SOLE PROPRIETORSHIP) -BRANCH 04 (PREV. THUMBAY PHARMACY 5(NEW)_MOH-F-5000497","Ajman","Pharmacy","sheikh khalifa bin zayed street","","67454883","","","https://www.medifinder.ae/medical/networks/fmc/standard-network"
"Modern Pharmacy L.L.C (Sole Proprietorship) -Branch-06 (Ex.Thumbay Pharmacy)","Ajman","Pharmacy","al rumailah","","67470701","","","https://www.medifinder.ae/medical/networks/fmc/standard-network"
"Modern Pharmacy L.L.C (Sole Proprietorship)-Branch 01( Ex. Thumbay Pharmacy 15)","Ajman","Pharmacy","al hamidiya","","67450792","","","https://www.medifinder.ae/medical/networks/fmc/standard-network"
"Modern Pharmacy L.L.C Branch (Al Qusais First) Dubai","Dubai","Pharmacy","al qusais","","42637991","","","https://www.medifinder.ae/medical/networks/fmc/standard-network"
"Modern Pharmacy L.L.C Branch (Al Qusais First) Dubai","Dubai","Pharmacy","business bay","","44426539","","","https://www.medifinder.ae/medical/networks/fmc/standard-network"
"Modern Pharmacy L.L.C Branch (Al Qusais First) Dubai","Dubai","Pharmacy","al qusais","","42676705","","","https://www.medifinder.ae/medical/networks/fmc/standard-network"
"Modern Pharmacy L.L.C Branch (Al Qusais First) Dubai","Dubai","Pharmacy","al satwa","","43448162","","","https://www.medifinder.ae/medical/networks/fmc/standard-network"
"Modern Pharmacy L.L.C Branch (Al Qusais First) Dubai","Dubai","Pharmacy","al barsha 2","","44508540","","","https://www.medifinder.ae/medical/networks/fmc/standard-network"
"Modern Pharmacy L.L.C Branch (Al Qusais First) Dubai","Dubai","Pharmacy","satwa","","43594520","","","https://www.medifinder.ae/medical/networks/fmc/standard-network"
"MODERN PHARMACY LLC - SHJ BR-BR 04(PREV THUMBAY PHARMACY LLC BRANCH 12 - SHARJAH(NEW)MOH-F-5000793)","Sharjah","Pharmacy","al fisht","","65622749","","","https://www.medifinder.ae/medical/networks/fmc/standard-network"
"Modern Pharmacy LLC (One Person)Rak Branch 02(Ex.Thumbay Pharmacy 11)","Ras Al Khaimah","Pharmacy","khozam area","","72364888","","","https://www.medifinder.ae/medical/networks/fmc/standard-network"
"Modern Pharmacy LLC (One Person)Rak Branch 02(Ex.Thumbay Pharmacy 11)","Ras Al Khaimah","Pharmacy","al nakheel","","72339440","","","https://www.medifinder.ae/medical/networks/fmc/standard-network"
"MODERN PHARMACY LLC (SOLE PROPRIETORSHIP) BRANCH 03 (PREV. THUMBAY PHARMACY 13(NEW)_MOH-F-5000582)","Ajman","Pharmacy","al nuaimia 1","","67319494","","","https://www.medifinder.ae/medical/networks/fmc/standard-network"
"MODERN PHARMACY LLC (SOLE PROPRIETORSHIP)-BRANCH 02 (PREV. THUMBAY PHARMACY 2(NEW)_MOH-F-5000496)","Ajman","Pharmacy","al nuaimia 1","","67051004","","","https://www.medifinder.ae/medical/networks/fmc/standard-network"
"Modern Pharmacy LLC Branch 03 (Al Nuaimiyah) Ajman (Ex. Thumbay Pharmacy 13)","Ajman","Pharmacy","al jurf","","67480066","","","https://www.medifinder.ae/medical/networks/fmc/standard-network"
"MODERN PHARMACY LLC SHARJAH BR BR 02 (PREV. THUMBAY PHARMACY LLC BR 4 SHARJAH(NEW)_MOH-F-5000601)","Sharjah","Pharmacy","king faisal street","","65518509","","","https://www.medifinder.ae/medical/networks/fmc/standard-network"
"MODERN PHARMACY LLC SHJ BR BR 01 (PREV. THUMBAY PHARMACY LLC BR 1 SHARJAH(NEW)_MOH-F-5000600)","Sharjah","Pharmacy","sharjah","","65668375","","","https://www.medifinder.ae/medical/networks/fmc/standard-network"
"MODERN PHARMACY LLC SHJ BR BR 03 (PREV. THUMBAY PHARMACY LLC BRANCH 10 - SHARJAH(NEW)MOH-F-5000636)","Sharjah","Pharmacy","al wahda","","92774070","","","https://www.medifinder.ae/medical/networks/fmc/standard-network"
"MODERN PHARMACY LLC SHJ BR BR7","Sharjah","Pharmacy","sharjah airport","","65041200","","","https://www.medifinder.ae/medical/networks/fmc/standard-network"
"MULTICARE PHARMACY","Abu Dhabi","Pharmacy","mussaffa","","25656326","","","https://www.medifinder.ae/medical/networks/fmc/standard-network"
"Mumtaz Al Noor Express Pharmacy L.L.C (Gp Clinic)","Dubai","Pharmacy","al baraha","","42579576","","","https://www.medifinder.ae/medical/networks/fmc/standard-network"
"Musalla Tower Pharmacy (Musalla)","Dubai","Pharmacy","bur dubai","","43964118","","","https://www.medifinder.ae/medical/networks/fmc/standard-network"
"Muzeira Pharmacy (Cooperative Society) Sharjah","Sharjah","Pharmacy","al majaz","","65422337","","","https://www.medifinder.ae/medical/networks/fmc/standard-network"
"N E O PHARMACY LLC BRANCH","Dubai","Pharmacy","ras al khor","","42360063","","","https://www.medifinder.ae/medical/networks/fmc/standard-network"
"N M C Dic Clinic and Pharmacy BR of NMC Royal Hospital Ltd Dubai Branch ( NMC Dic Pharmacy)","Dubai","Pharmacy","warsan first","","48108701","","","https://www.medifinder.ae/medical/networks/fmc/standard-network"
"Nabaa Alafya Pharmacy L.L.C.","Abu Dhabi","Pharmacy","sanayya","","37827888","","","https://www.medifinder.ae/medical/networks/fmc/standard-network"
"Nahda Al Naseem Pharmacy LLC - Al Nahda - Dubai","Dubai","Pharmacy","nahda","","42581920","","","https://www.medifinder.ae/medical/networks/fmc/standard-network"
"NAHDI PHARMACY","Abu Dhabi","Pharmacy","yas island","","26281044","","","https://www.medifinder.ae/medical/networks/fmc/standard-network"
"NAHDI PHARMACY","Ras Al Khaimah","Pharmacy","manar mall","","72359049","","","https://www.medifinder.ae/medical/networks/fmc/standard-network"
"Nahdi Pharmacy - Branch of Abu Dhabi 4","Abu Dhabi","Pharmacy","al reem","","25832795","","","https://www.medifinder.ae/medical/networks/fmc/standard-network"
"Nahdi Pharmacy Branch 1 (Al Nuaimia 1) Ajman","Sharjah","Pharmacy","al majaz","","65214847","","","https://www.medifinder.ae/medical/networks/fmc/standard-network"
"Nahdi Pharmacy Branch 1 (Al Riffaa) RAK","Ras Al Khaimah","Pharmacy","al riffa","","72353986","","","https://www.medifinder.ae/medical/networks/fmc/standard-network"
"NAHDI PHARMACY L L C BRANCH OF ABU DHABI 1","Dubai","Pharmacy","al barsha 3","","45299190","","","https://www.medifinder.ae/medical/networks/fmc/standard-network"
"NAHDI PHARMACY L L C SHJ BR","Abu Dhabi","Pharmacy","mussafah","","28865982","","","https://www.medifinder.ae/medical/networks/fmc/standard-network"
"NAHDI PHARMACY L.L.C - BRANCH OF ABU DHABI 2","Dubai","Pharmacy","nadd al hamar","","45460585","","","https://www.medifinder.ae/medical/networks/fmc/standard-network"
"NAHDI PHARMACY LLC BRANCH 6","Ajman","Pharmacy","al nuaimia 1","","67314875","","","https://www.medifinder.ae/medical/networks/fmc/standard-network"
"Nahdi Pharmacy LLC Shj. Br","Sharjah","Pharmacy","muwailah","","65737764","","","https://www.medifinder.ae/medical/networks/fmc/standard-network"
"NAJMAT AL HAYAT PHARMACY L.L.C","Dubai","Pharmacy","jumeirah","","586011860","","","https://www.medifinder.ae/medical/networks/fmc/standard-network"
"Najmat Al Shams Pharmacy (Dubai Land Residence) - Dubai","Dubai","Pharmacy","dubai","","45521453","","","https://www.medifinder.ae/medical/networks/fmc/standard-network"
"National Pharmacy_uaq","Umm Al Quwain","Pharmacy","king faisal road","","67666117","","","https://www.medifinder.ae/medical/networks/fmc/standard-network"
"NAVEEN PHARMACY","Dubai","Pharmacy","al quoz","","45706261","","","https://www.medifinder.ae/medical/networks/fmc/standard-network"
"Nawaiem Pharmacy, Al Nahda (Faith Pharmacies)","Sharjah","Pharmacy","al nahda","","65565195","","","https://www.medifinder.ae/medical/networks/fmc/standard-network"
"NEDHAL PHARMACY","Abu Dhabi","Pharmacy","sanaiya street","","37222384","","","https://www.medifinder.ae/medical/networks/fmc/standard-network"
"Neo Pharmacy L.L.C","Dubai","Pharmacy","dip (dubai investment park)","","48814918","","","https://www.medifinder.ae/medical/networks/fmc/standard-network"
"Neo Pharmacy L.L.C","Dubai","Pharmacy","al quoz second","","43320266","","","https://www.medifinder.ae/medical/networks/fmc/standard-network"
"New Al Ain Pharmacy-Llc (Ainp)","Abu Dhabi","Pharmacy","al muwaiji","","37554440","","","https://www.medifinder.ae/medical/networks/fmc/standard-network"
"New Al Kanz Pharmacy Branch - Dubai","Dubai","Pharmacy","jlt","","43929669","","","https://www.medifinder.ae/medical/networks/fmc/standard-network"
"New Al Kausar Pharmacy","Dubai","Pharmacy","jebel ali","","48817404","","","https://www.medifinder.ae/medical/networks/fmc/standard-network"
"New Al Manara Pharmacy","Abu Dhabi","Pharmacy","khalidiya","","26815080","","","https://www.medifinder.ae/medical/networks/fmc/standard-network"
"New Al Manara Pharmacy-Dubai","Dubai","Pharmacy","tecom","","43604495","","","https://www.medifinder.ae/medical/networks/fmc/standard-network"
"New Al Nahda - Life Healthcare","Dubai","Pharmacy","al nahda","","42672855","","","https://www.medifinder.ae/medical/networks/fmc/standard-network"
"New Al Neem Pharmacy LLC-Al Neem Group","Dubai","Pharmacy","alquoz 2","","43282121","","","https://www.medifinder.ae/medical/networks/fmc/standard-network"
"New Al Shifa Pharmacy L.L.C (BR of Aster Pharmacies Group L.L.C)","Dubai","Pharmacy","international city","","44227474","","","https://www.medifinder.ae/medical/networks/fmc/standard-network"
"New Al Wafa Pharmacy (Noora Group)","Sharjah","Pharmacy","industrial area 15","","65353580","","","https://www.medifinder.ae/medical/networks/fmc/standard-network"
"NEW ALAIN PHARMACY - SOLE PROPRIETORSHIP L.L.C -BRANHC","Abu Dhabi","Pharmacy","al yahar","","37531533","","","https://www.medifinder.ae/medical/networks/fmc/standard-network"
"NEW ALAIN PHARMACY - SOLE PROPRIETORSHIP L.L.C -BRANHC","Abu Dhabi","Pharmacy","al daher","","37516675","","","https://www.medifinder.ae/medical/networks/fmc/standard-network"
"New Alhadiqa Pharmcy L.L.C-Life Healthcare Group","Dubai","Pharmacy","jumeriah","","43791553","","","https://www.medifinder.ae/medical/networks/fmc/standard-network"
"New Better Life Pharmacy LLC- Kmc Group","Dubai","Pharmacy","al quoz","","43466097","","","https://www.medifinder.ae/medical/networks/fmc/standard-network"
"NEW CANDLES PHARMACY","Abu Dhabi","Pharmacy","al dafra","","28844343","","","https://www.medifinder.ae/medical/networks/fmc/standard-network"
"New Grand 1 Pharmacy-Life Healthcare Group","Dubai","Pharmacy","bur dubai","","43518474","","","https://www.medifinder.ae/medical/networks/fmc/standard-network"
"New Grand Pharmacy (Medshop)","Ajman","Pharmacy","al nuamia","","67412588","","","https://www.medifinder.ae/medical/networks/fmc/standard-network"
"New Mamzar Pharmacy LLC-Life Healthcare Group","Dubai","Pharmacy","deira","","42967710","","","https://www.medifinder.ae/medical/networks/fmc/standard-network"
"New Medicina Pharmacy - Dubai","Dubai","Pharmacy","umm al sheif","","43853313","","","https://www.medifinder.ae/medical/networks/fmc/standard-network"
"New Salahaldin Pharmacy FZE-Life Healthcare Group","Dubai","Pharmacy","silicon oasis","","43335822","","","https://www.medifinder.ae/medical/networks/fmc/standard-network"
"New Sanaiya Pharmacy (Sanaiya)","Dubai","Pharmacy","muhaisnah","","42648202","","","https://www.medifinder.ae/medical/networks/fmc/standard-network"
"New Sanaiya Pharmacy Ajman (Sanaiya)","Ajman","Pharmacy","industrial area","","67434034","","","https://www.medifinder.ae/medical/networks/fmc/standard-network"
"NEW SUPERCARE PHARMACY","Dubai","Pharmacy","dubai media city","","43902445","","","https://www.medifinder.ae/medical/networks/fmc/standard-network"
"NEXT HEALTH PHARMACY L.L.C.","Abu Dhabi","Pharmacy","al dhafra region","","2886733233","","","https://www.medifinder.ae/medical/networks/fmc/standard-network"
"Nice Life Pharmacy ( BR of Aster Pharmacies Group LLC) - Dubai","Dubai","Pharmacy","sports city","","44231818","","","https://www.medifinder.ae/medical/networks/fmc/standard-network"
"NIZWA PHARMACY","Dubai","Pharmacy","deira","","44538895","","","https://www.medifinder.ae/medical/networks/fmc/standard-network"
"NMC HOSPITAL PHARMACY (INPATIENT PHARMACY)","Dubai","Pharmacy","dip","","48108800","","","https://www.medifinder.ae/medical/networks/fmc/standard-network"
"NMC PHARMACY BRANCH-HOSPITAL","Abu Dhabi","Pharmacy","madinath zayed","","26179143","","","https://www.medifinder.ae/medical/networks/fmc/standard-network"
"NMC Pharmacy- Branch","Abu Dhabi","Pharmacy","main street","","37555999","","","https://www.medifinder.ae/medical/networks/fmc/standard-network"
"NMC ROYAL PHARMACY-RAK (NMC Health Group )","Ras Al Khaimah","Pharmacy","ras al khaimah","","72332832","","","https://www.medifinder.ae/medical/networks/fmc/standard-network"
"NMC Speciality Hospital PHARMACY(FORMERLY NMC Speciality Hospital Pharmacy)","Dubai","Pharmacy","al nahda","","42122412042122414","","","https://www.medifinder.ae/medical/networks/fmc/standard-network"
"NMC Specialty Hospital Pharmacy BR of NMC Royal Hospital - Dip - Dubai (NMC Hospital Pharmacy)","Dubai","Pharmacy","dip 1","","42372409","","","https://www.medifinder.ae/medical/networks/fmc/standard-network"
"Noor Al Iman PHARMACY(L.L.C)-Life Healthcare Group","Dubai","Pharmacy","jumeirah","","43790110","","","https://www.medifinder.ae/medical/networks/fmc/standard-network"
"Noor Al Mamzar Pharmacy-Life Healthcare Group","Dubai","Pharmacy","hor al anz","","42669299","","","https://www.medifinder.ae/medical/networks/fmc/standard-network"
"Noor Al Shefaa Pharmacy - RAK (Al Neem Group)","Ras Al Khaimah","Pharmacy","al madrid","","528648485","","","https://www.medifinder.ae/medical/networks/fmc/standard-network"
"Noor Al Shefaa Pharmacy LLC-Life Healthcare Group","Dubai","Pharmacy","naif","","42396897","","","https://www.medifinder.ae/medical/networks/fmc/standard-network"
"Noor Al Shifa Pharmacy LLC","Ajman","Pharmacy","humaid st","","67673042","","","https://www.medifinder.ae/medical/networks/fmc/standard-network"
"Noora Pharmacy LLC - Sharjah","Sharjah","Pharmacy","industrial area 3","","65422188","","","https://www.medifinder.ae/medical/networks/fmc/standard-network"
"Noora Pharmacy-RAK (Noora Group)","Ras Al Khaimah","Pharmacy","al muntasir road","","72338869","","","https://www.medifinder.ae/medical/networks/fmc/standard-network"
"Nova Advanced Care Pharmacy LLC-Advanced Care Group","Dubai","Pharmacy","muhaisnah","","42638227","","","https://www.medifinder.ae/medical/networks/fmc/standard-network"
"Novitas Pharmacy LLC - Branch (Jabal Ali First) Dubai","Dubai","Pharmacy","jebel ali","","44918666","","","https://www.medifinder.ae/medical/networks/fmc/standard-network"
"Novo Pharmacy L.L.C","Dubai","Pharmacy","karama","","45480821","","","https://www.medifinder.ae/medical/networks/fmc/standard-network"
"Novo Pharmacy L.L.C","Dubai","Pharmacy","deira","","42391516","","","https://www.medifinder.ae/medical/networks/fmc/standard-network"
"OASIS HOSPITAL PHARMACY","Abu Dhabi","Pharmacy","sanaiya street","","37014267","","","https://www.medifinder.ae/medical/networks/fmc/standard-network"
"Oasis Life Pharmacy - Life Healthcare","Dubai","Pharmacy","al qusais","","42586774","","","https://www.medifinder.ae/medical/networks/fmc/standard-network"
"OASIS PHARMACY","Sharjah","Pharmacy","al khan area","","65771873","","","https://www.medifinder.ae/medical/networks/fmc/standard-network"
"Oriana Pharmacy Branch 1 (Al Taawun) Sharjah","Sharjah","Pharmacy","al khan area","","65525771","","","https://www.medifinder.ae/medical/networks/fmc/standard-network"
"Palmstrips Pharmacy L L C","Dubai","Pharmacy","jumeirah","","43862335","","","https://www.medifinder.ae/medical/networks/fmc/standard-network"
"Park Better Life Pharmacy (L.LC) (Branch)","Dubai","Pharmacy","dip","","48848859","","","https://www.medifinder.ae/medical/networks/fmc/standard-network"
"Peshawar Pharmacy LLC","Sharjah","Pharmacy","rolla mall","","65643300","","","https://www.medifinder.ae/medical/networks/fmc/standard-network"
"PHARMACY ONE R PHARMACY","Abu Dhabi","Pharmacy","khalifa street","","37343303","","","https://www.medifinder.ae/medical/networks/fmc/standard-network"
"Pharmacy Sabeel SHJ Br 1","Sharjah","Pharmacy","dhaid","","65266491","","","https://www.medifinder.ae/medical/networks/fmc/standard-network"
"PLANET PHARMACY - ROKN AL KHAEEJ","Dubai","Pharmacy","business bay","","44587004","","","https://www.medifinder.ae/medical/networks/fmc/standard-network"
"Prime Cure Pharmacy (Ex. Medi Prime Pharmacy - AUH)","Abu Dhabi","Pharmacy","al dhafra region","","28867115","","","https://www.medifinder.ae/medical/networks/fmc/standard-network"
"Pristine Care Pharmacy (BR of Pristine Pharmacy LLC)DUBAI Branch","Dubai","Pharmacy","jebel ali","","45548530","","","https://www.medifinder.ae/medical/networks/fmc/standard-network"
"Pristine Pharmacy LLC Sharjah Branch","Sharjah","Pharmacy","al shuwaiheen area","","67675500","","","https://www.medifinder.ae/medical/networks/fmc/standard-network"
"PROHEALTH PHARMACY L L C","Dubai","Pharmacy","deira","","45572190","","","https://www.medifinder.ae/medical/networks/fmc/standard-network"
"Public Life Pharmacy","Abu Dhabi","Pharmacy","baniyas","","25563658","","","https://www.medifinder.ae/medical/networks/fmc/standard-network"
"PULSE LIFE PHARMACY L.L.C","Dubai","Pharmacy","al barsha","","44522610","","","https://www.medifinder.ae/medical/networks/fmc/standard-network"
"RALS HEALTHCARE BR OF ABD ULWAHED BIN SHABIB INVESTMENT GROUP LLC (PREV BLUE LIFE PHARMACY (BRANCH)","Dubai","Pharmacy","al qusais","","42275777","","","https://www.medifinder.ae/medical/networks/fmc/standard-network"
"RALS HEALTHCARE BR OF ABD ULWAHED BIN SHABIB INVESTMENT GROUP LLC (PREV BLUE LIFE PHARMACY (BRANCH)","Dubai","Pharmacy","al raffa","","422757778007257","","","https://www.medifinder.ae/medical/networks/fmc/standard-network"
"Ramada Life Pharmacy - Life Healthcare","Dubai","Pharmacy","bur dubai","","43528104","","","https://www.medifinder.ae/medical/networks/fmc/standard-network"
"Ras Al Khaimah Ghalila Pharmacy","Ras Al Khaimah","Pharmacy","ghalilah","","72334950","","","https://www.medifinder.ae/medical/networks/fmc/standard-network"
"RAS AL KHAIMAH PHARMACY","Ras Al Khaimah","Pharmacy","rak","","72333748","","","https://www.medifinder.ae/medical/networks/fmc/standard-network"
"RAS AL KHAIMAH PHARMACY AL JAZIRA AL HAMRA PHARMACY","Ras Al Khaimah","Pharmacy","rak","","72432226","","","https://www.medifinder.ae/medical/networks/fmc/standard-network"
"Rasha Pharmacy LLC-Meena Pharmacy Group","Sharjah","Pharmacy","rolla","","65625889","","","https://www.medifinder.ae/medical/networks/fmc/standard-network"
"Rawabina Pharmacy (Bait Al Maqdes)","Sharjah","Pharmacy","al qassimia","","65519654","","","https://www.medifinder.ae/medical/networks/fmc/standard-network"
"Rayhan Gulf Medical Cente Pharmacy (Abu Shagara) Sharjah","Sharjah","Pharmacy","abu shagara","","65454388","","","https://www.medifinder.ae/medical/networks/fmc/standard-network"
"RAZAN PHARMACY LLC","Ras Al Khaimah","Pharmacy","al dhaid","","72339000","","","https://www.medifinder.ae/medical/networks/fmc/standard-network"
"Real 3 Pharmacy L.L.C (Life Healthcare Group)","Dubai","Pharmacy","umm hurair","","43575446","","","https://www.medifinder.ae/medical/networks/fmc/standard-network"
"Real 4 Pharmacy - Dubai","Dubai","Pharmacy","business bay","","43881558","","","https://www.medifinder.ae/medical/networks/fmc/standard-network"
"Real 5 Pharamacy LLC-Life Healthcare Group","Dubai","Pharmacy","al nahda","","42577545","","","https://www.medifinder.ae/medical/networks/fmc/standard-network"
"Reem Pharmacy","Sharjah","Pharmacy","abu shagara","","65594194","","","https://www.medifinder.ae/medical/networks/fmc/standard-network"
"Right Health Pharmacy Jurf - Owned By Owner - One Person Co LLC - Ajman","Ajman","Pharmacy","jurf industrial zone 2","","67404141","","","https://www.medifinder.ae/medical/networks/fmc/standard-network"
"RIGHT HEALTH PHARMACY LLC - BURJUMAN BRANCH","Dubai","Pharmacy","karama","","43488818","","","https://www.medifinder.ae/medical/networks/fmc/standard-network"
"Right Health Pharmacy LLC (Right Health Group)","Dubai","Pharmacy","sumaiya ahmed yousuf","","43423465","","","https://www.medifinder.ae/medical/networks/fmc/standard-network"
"Right Health Pharmacy Sole Proprietorship L.L.C (Sole Proprietorship)","Abu Dhabi","Pharmacy","al dhafra region","","25648832","","","https://www.medifinder.ae/medical/networks/fmc/standard-network"
"Riviera Life Pharmacy LLC-Life Healthcare Group","Dubai","Pharmacy","international city","","44564220","","","https://www.medifinder.ae/medical/networks/fmc/standard-network"
"Rix Pharmacy","Abu Dhabi","Pharmacy","rabdan","","26222639","","","https://www.medifinder.ae/medical/networks/fmc/standard-network"
"ROLA PHARMACY","Sharjah","Pharmacy","rolla mall","","65639991","","","https://www.medifinder.ae/medical/networks/fmc/standard-network"
"Rotana Pharmacy Dubai","Dubai","Pharmacy","hor al anz","","42652008","","","https://www.medifinder.ae/medical/networks/fmc/standard-network"
"ROUA PHARMACY L.L.C","Umm Al Quwain","Pharmacy","al raas","","67660688","","","https://www.medifinder.ae/medical/networks/fmc/standard-network"
"Royal Garden Pharmacy LLC.","Sharjah","Pharmacy","rolla square","","65313838","","","https://www.medifinder.ae/medical/networks/fmc/standard-network"
"Royal Grand Pharmacy - Life Healthcare - DXB","Dubai","Pharmacy","international city","","44474078","","","https://www.medifinder.ae/medical/networks/fmc/standard-network"
"Royal Marina Pharmacy-Life Healthcare Group","Dubai","Pharmacy","marina","","43475991","","","https://www.medifinder.ae/medical/networks/fmc/standard-network"
"Royal Pharmacy - Life Healthcare","Dubai","Pharmacy","bur dubai","","43522426","","","https://www.medifinder.ae/medical/networks/fmc/standard-network"
"ROYAL PHARMACY, AJMAN","Ajman","Pharmacy","karama area","","67428119","","","https://www.medifinder.ae/medical/networks/fmc/standard-network"
"Royal Ruby Pharmacy, Al Quoz-New Sanaiya Group","Dubai","Pharmacy","dip 1","","43791311","","","https://www.medifinder.ae/medical/networks/fmc/standard-network"
"Rukn Abu Shagharah Pharmacy (Abu Shagara) Sharjah","Sharjah","Pharmacy","abu shagara","","65229565","","","https://www.medifinder.ae/medical/networks/fmc/standard-network"
"Rukn Al Afrah Pharmacy","Sharjah","Pharmacy","maysaloon area","","65237724","","","https://www.medifinder.ae/medical/networks/fmc/standard-network"
"RUKN AL DAWAA PHARMACY LLC","Sharjah","Pharmacy","al buteena","","65576790","","","https://www.medifinder.ae/medical/networks/fmc/standard-network"
"Rukn Al Hayat Pharmacy L.L.C (Alneem Group)","Sharjah","Pharmacy","al majaz","","65444534","","","https://www.medifinder.ae/medical/networks/fmc/standard-network"
"Rukn Al Majaz Pharmacy LLC","Sharjah","Pharmacy","al majaz","","67021793","","","https://www.medifinder.ae/medical/networks/fmc/standard-network"
"Rukn Al Rafeah Pharmacy LLC","Sharjah","Pharmacy","al nahda","","67675454","","","https://www.medifinder.ae/medical/networks/fmc/standard-network"
"RUKN AL RIQA PHARMACY","Fujairah","Pharmacy","kalba","","92773943","","","https://www.medifinder.ae/medical/networks/fmc/standard-network"
"RUKN AL ZAHIAH PHARMACY LLC","Sharjah","Pharmacy","jamal abdul nasser street","","65535159","","","https://www.medifinder.ae/medical/networks/fmc/standard-network"
"RUKN AL ZAIN PHARMACY","Sharjah","Pharmacy","muweilah","","65755005","","","https://www.medifinder.ae/medical/networks/fmc/standard-network"
"RX PHARMACY( BR OF IMARA HEALTH CARE L.L.C)25.177274, 55.376500","Dubai","Pharmacy","deira","","43555129","","","https://www.medifinder.ae/medical/networks/fmc/standard-network"
"S Z R Life Pharmacy (Sheikh Zayed Road) -  Dubai","Dubai","Pharmacy","sheikh zayed road","","45610000","","","https://www.medifinder.ae/medical/networks/fmc/standard-network"
"Saad Pharmacy","Abu Dhabi","Pharmacy","hamdan street","","26277332","","","https://www.medifinder.ae/medical/networks/fmc/standard-network"
"Sadd Maareb Medical Center Pharmacy LLC","Abu Dhabi","Pharmacy","baniyas","","26760432","","","https://www.medifinder.ae/medical/networks/fmc/standard-network"
"Safa Al Bairooni Pharmacy (Jumeira First) Dubai","Dubai","Pharmacy","al wasl","","43708010","","","https://www.medifinder.ae/medical/networks/fmc/standard-network"
"Safaa Al Madam Pharmacy","Sharjah","Pharmacy","al madam","","68861115","","","https://www.medifinder.ae/medical/networks/fmc/standard-network"
"SAFAD PHARMACY(Health First 20 Pharmacy)","Fujairah","Pharmacy","fujairah","","92447064","","","https://www.medifinder.ae/medical/networks/fmc/standard-network"
"SAHAR AL JADEEDA PHARMACY LLC","Sharjah","Pharmacy","wasit street","","65422257","","","https://www.medifinder.ae/medical/networks/fmc/standard-network"
"Sahara Life Pharmacy LLC-Life Healthcare Group","Sharjah","Pharmacy","al nahda","","65566349","","","https://www.medifinder.ae/medical/networks/fmc/standard-network"
"SAHARA PHARMACY LLC MANAGED BY LLH HOSPITAL AL MUSAFFAH L.L.C","Abu Dhabi","Pharmacy","mussaffa","","25556392","","","https://www.medifinder.ae/medical/networks/fmc/standard-network"
"SAHARA PHARMACY_AJMAN","Ajman","Pharmacy","jurf","","67486046","","","https://www.medifinder.ae/medical/networks/fmc/standard-network"
"SAHARA PHARMACY_DUBAI","Dubai","Pharmacy","al qusais","","42638485","","","https://www.medifinder.ae/medical/networks/fmc/standard-network"
"Sahara Star Pharmacy - Dubai - (Novo Healthcare Group)","Dubai","Pharmacy","abu hail","","42688485","","","https://www.medifinder.ae/medical/networks/fmc/standard-network"
"SAIF AL KHAN PHARMACY L.L.C(Formerly AL SAIF PHARMACY-BR 1)","Sharjah","Pharmacy","industrial area","","65391300","","","https://www.medifinder.ae/medical/networks/fmc/standard-network"
"Salim Pharmacy(Medshop) - (Moopen's Group)","Sharjah","Pharmacy","al majaz","","65736262","","","https://www.medifinder.ae/medical/networks/fmc/standard-network"
"Salma Pharmacy (Nakheel Group)","Umm Al Quwain","Pharmacy","main road","","67671162","","","https://www.medifinder.ae/medical/networks/fmc/standard-network"
"Salsabeel Pharmacy LLC - Sharjah - (Novo Healthcare Group)","Sharjah","Pharmacy","al nahda","","65368988","","","https://www.medifinder.ae/medical/networks/fmc/standard-network"
"SALSABIL PHARMACY LLC","Abu Dhabi","Pharmacy","hamdan street","","25464540","","","https://www.medifinder.ae/medical/networks/fmc/standard-network"
"Sama Al Ain Pharmacy Llc (Ainp)","Abu Dhabi","Pharmacy","al mutarid","","37619858","","","https://www.medifinder.ae/medical/networks/fmc/standard-network"
"SAMA AL RAFAH PHARMACY","Fujairah","Pharmacy","fujairah","","92440481","","","https://www.medifinder.ae/medical/networks/fmc/standard-network"
"Samara Pharmacy LLC","Ajman","Pharmacy","rashidiya 3","","67424144","","","https://www.medifinder.ae/medical/networks/fmc/standard-network"
"Samari Rx Pharmacy (BR of Imara Health Care L.L.C)(IMARA Gr)","Dubai","Pharmacy","ras al khor industrial area","","45472700","","","https://www.medifinder.ae/medical/networks/fmc/standard-network"
"Sanjeevani Pharmacy","Dubai","Pharmacy","bur dubai","","43862999","","","https://www.medifinder.ae/medical/networks/fmc/standard-network"
"SARA PHARMACY_Sharjah","Sharjah","Pharmacy","rolla","","65684449","","","https://www.medifinder.ae/medical/networks/fmc/standard-network"
"Sarah Ali Pharmacy","Dubai","Pharmacy","mirdif","","43303558","","","https://www.medifinder.ae/medical/networks/fmc/standard-network"
"SBN PHARMACY LLC","Dubai","Pharmacy","deira","","42955319","","","https://www.medifinder.ae/medical/networks/fmc/standard-network"
"SEHA Al Noor Pharmacy (Muhaisanah 2) Dubai","Dubai","Pharmacy","dip","","43336522","","","https://www.medifinder.ae/medical/networks/fmc/standard-network"
"SEHA Al Noor Pharmacy (Muhaisanah 2) Dubai","Dubai","Pharmacy","muhaisnah","","42625223","","","https://www.medifinder.ae/medical/networks/fmc/standard-network"
"SEHA EMIRATES ONE DAY SURGERY PHARMACY LLC","Abu Dhabi","Pharmacy","delma st.","","26397800","","","https://www.medifinder.ae/medical/networks/fmc/standard-network"
"Shams Al Nahda Pharmacy (Al Nahda Rd) Sharjah","Sharjah","Pharmacy","al nahda","","65722096","","","https://www.medifinder.ae/medical/networks/fmc/standard-network"
"Shamshad Pharmacy","Abu Dhabi","Pharmacy","sanayya","","37532398","","","https://www.medifinder.ae/medical/networks/fmc/standard-network"
"SHAREEF PHARMACY","Abu Dhabi","Pharmacy","hamdan street","","26772691","","","https://www.medifinder.ae/medical/networks/fmc/standard-network"
"Sharjah Pharmacy (Nmc)","Sharjah","Pharmacy","rolla","","65623850","","","https://www.medifinder.ae/medical/networks/fmc/standard-network"
"Shifa Al Jazeerah Centre Pharmacy LLC (Sanayya) Ajman","Ajman","Pharmacy","industrial area","","67444832","","","https://www.medifinder.ae/medical/networks/fmc/standard-network"
"Shifa Al Jazeerah Pharmacy LLC - RAK","Ras Al Khaimah","Pharmacy","al nakheel","","72211218","","","https://www.medifinder.ae/medical/networks/fmc/standard-network"
"SHIFA AL MUBARAK PHARMACY SPS LLC","Ajman","Pharmacy","al jerf industrial area 1","","65248727","","","https://www.medifinder.ae/medical/networks/fmc/standard-network"
"Shindaga Pharmacy","Dubai","Pharmacy","dubai","","43455057","","","https://www.medifinder.ae/medical/networks/fmc/standard-network"
"SIJI PHARMACY(Health First Pharmacy 18)","Fujairah","Pharmacy","fujairah","","92231540","","","https://www.medifinder.ae/medical/networks/fmc/standard-network"
"Sila Hospital In Patient Pharmacy (SEHA)","Abu Dhabi","Pharmacy","al sila","","28070000","","","https://www.medifinder.ae/medical/networks/fmc/standard-network"
"Sila Hospital Pharmacy","Abu Dhabi","Pharmacy","al sila","","28070000","","","https://www.medifinder.ae/medical/networks/fmc/standard-network"
"Smart Pharmacy","Ajman","Pharmacy","rawda 3","","65615900","","","https://www.medifinder.ae/medical/networks/fmc/standard-network"
"Smile Pharmacy (Sonapur) Dubai","Dubai","Pharmacy","muhaisnah","","42643567","","","https://www.medifinder.ae/medical/networks/fmc/standard-network"
"SORO PHARMACY LLC","Dubai","Pharmacy","hatta","","43998435","","","https://www.medifinder.ae/medical/networks/fmc/standard-network"
"Spanish Pharmacy-Sole Proprietorship LLC","Abu Dhabi","Pharmacy","al falah street","","26661012","","","https://www.medifinder.ae/medical/networks/fmc/standard-network"
"SPECIALISED PHARMACY","Abu Dhabi","Pharmacy","taxi stand","","24467434","","","https://www.medifinder.ae/medical/networks/fmc/standard-network"
"SPECIALTY PHARMACY LLC","Dubai","Pharmacy","zabeel ladies club","","42722417","","","https://www.medifinder.ae/medical/networks/fmc/standard-network"
"SRR PHARMACY LLC","Dubai","Pharmacy","al quoz 4","","45467125","","","https://www.medifinder.ae/medical/networks/fmc/standard-network"
"Standard Pharmacy","Abu Dhabi","Pharmacy","mussafah","","25513394","","","https://www.medifinder.ae/medical/networks/fmc/standard-network"
"Suha Pharmacy LLC (Rugaylat)- Fujairah","Fujairah","Pharmacy","bidya","","554453800","","","https://www.medifinder.ae/medical/networks/fmc/standard-network"
"Sunny Pharmacy (Al Muqta) Umm Al Quwain","Umm Al Quwain","Pharmacy","king faisal street","","67666933","","","https://www.medifinder.ae/medical/networks/fmc/standard-network"
"Super Care Mankhool Pharmacy","Dubai","Pharmacy","bur dubai","","43989092","","","https://www.medifinder.ae/medical/networks/fmc/standard-network"
"Super Care Pharmacy - Al Thanya - DXB","Dubai","Pharmacy","umm suqeim","","43388195","","","https://www.medifinder.ae/medical/networks/fmc/standard-network"
"Super Care Pharmacy 26-Boulevard","Dubai","Pharmacy","marina","","44302731","","","https://www.medifinder.ae/medical/networks/fmc/standard-network"
"Super Care Pharmacy 28 - Dubai","Dubai","Pharmacy","downtown","","42591134","","","https://www.medifinder.ae/medical/networks/fmc/standard-network"
"Super Care Pharmacy 29 - Dubai","Dubai","Pharmacy","the villa","","44561672","","","https://www.medifinder.ae/medical/networks/fmc/standard-network"
"Super Care Pharmacy 31 - Dubai","Dubai","Pharmacy","downtown","","44305839","","","https://www.medifinder.ae/medical/networks/fmc/standard-network"
"Super Care Pharmacy 33 DMCC - Dubai","Dubai","Pharmacy","jlt","","44539683","","","https://www.medifinder.ae/medical/networks/fmc/standard-network"
"Super Care Pharmacy 39 - Supercare Group Dubai","Dubai","Pharmacy","marina","","44218806","","","https://www.medifinder.ae/medical/networks/fmc/standard-network"
"Super Care Pharmacy Dip","Dubai","Pharmacy","dip","","48852826","","","https://www.medifinder.ae/medical/networks/fmc/standard-network"
"Super Care Pharmacy JLT- DXB","Dubai","Pharmacy","jlt","","44541157","","","https://www.medifinder.ae/medical/networks/fmc/standard-network"
"SuperCare Emirates Pharmacy - Dubai","Dubai","Pharmacy","al barsha","","43410871","","","https://www.medifinder.ae/medical/networks/fmc/standard-network"
"SuperCare Gardens Pharmacy (Ibn Battuta Mall) Dubai","Dubai","Pharmacy","sheikh zayed road","","43669800","","","https://www.medifinder.ae/medical/networks/fmc/standard-network"
"Supercare Jumeirah (Khayyam)Pharmacy","Dubai","Pharmacy","jumeirah","","43445246","","","https://www.medifinder.ae/medical/networks/fmc/standard-network"
"Supercare Pharmacy - Ajman","Ajman","Pharmacy","ajman","","67497255","","","https://www.medifinder.ae/medical/networks/fmc/standard-network"
"Supercare Pharmacy - Branch of Abu Dhabi 3","Abu Dhabi","Pharmacy","al shahama","","25821044","","","https://www.medifinder.ae/medical/networks/fmc/standard-network"
"Supercare Pharmacy 34","Dubai","Pharmacy","business bay","","45513080","","","https://www.medifinder.ae/medical/networks/fmc/standard-network"
"Supercare Pharmacy 38- Supercare Pharmacy Group","Dubai","Pharmacy","mirdiff","","43504500","","","https://www.medifinder.ae/medical/networks/fmc/standard-network"
"Supercare Pharmacy 41 - Dubai","Dubai","Pharmacy","deira","","42248640","","","https://www.medifinder.ae/medical/networks/fmc/standard-network"
"Supercare Pharmacy 43- Supercare Pharmacy Group","Dubai","Pharmacy","bur dubai","","43256464","","","https://www.medifinder.ae/medical/networks/fmc/standard-network"
"Supercare Pharmacy 44- Supercare Pharmacy Group","Dubai","Pharmacy","motor city","","43256464","","","https://www.medifinder.ae/medical/networks/fmc/standard-network"
"SUPERCARE PHARMACY ARABIAN CENTER","Dubai","Pharmacy","mizhar","","42845540","","","https://www.medifinder.ae/medical/networks/fmc/standard-network"
"Supercare Pharmacy Aswaaq Umm Suqeim","Dubai","Pharmacy","umm suqeim 4","","43306643","","","https://www.medifinder.ae/medical/networks/fmc/standard-network"
"Supercare Pharmacy Dcc (Supercare Gr)","Dubai","Pharmacy","deira","","42501211","","","https://www.medifinder.ae/medical/networks/fmc/standard-network"
"Supercare Pharmacy Dubai Mall- Dubai","Dubai","Pharmacy","downtown","","44341687","","","https://www.medifinder.ae/medical/networks/fmc/standard-network"
"Supercare Pharmacy Llc - Branch","Dubai","Pharmacy","jumeirah","","43943595043881002043881003","","","https://www.medifinder.ae/medical/networks/fmc/standard-network"
"Supercare Pharmacy Llc - Branch","Dubai","Pharmacy","jumeirah","","45525603","","","https://www.medifinder.ae/medical/networks/fmc/standard-network"
"Supercare Pharmacy Llc Festival City","Dubai","Pharmacy","dubai festival city","","42325577","","","https://www.medifinder.ae/medical/networks/fmc/standard-network"
"SUPERCARE PHARMACY MARSA(NEW)_DHA-F-0000208","Dubai","Pharmacy","marina","","44232850044232860","","","https://www.medifinder.ae/medical/networks/fmc/standard-network"
"SUPERCARE PHARMACY MIRDIF","Dubai","Pharmacy","mirdif","","42839171042839172","","","https://www.medifinder.ae/medical/networks/fmc/standard-network"
"Supercare Pharmacy Mirdif 2 - Dubai","Dubai","Pharmacy","mirdif","","43443652","","","https://www.medifinder.ae/medical/networks/fmc/standard-network"
"Supercare Pharmacy Oasis Centre- Dubai","Dubai","Pharmacy","al quoz","","43397683","","","https://www.medifinder.ae/medical/networks/fmc/standard-network"
"SUPERCARE PHARMACY SHEIKH ZAYED ROAD(NEW)_DHA-F-0000217","Dubai","Pharmacy","sheikh zayed road","","43798802043798808","","","https://www.medifinder.ae/medical/networks/fmc/standard-network"
"SUPERCARE PHARMACY SILICON OASIS","Dubai","Pharmacy","silicon oasis","","43423307","","","https://www.medifinder.ae/medical/networks/fmc/standard-network"
"SUPERCARE PHARMACY WASL SQUARE(NEW)_DHA-F-0000232","Dubai","Pharmacy","jumeirah","","43884080043884060","","","https://www.medifinder.ae/medical/networks/fmc/standard-network"
"Supercare Pharmacy-Branch Of Abu Dhabi 1","Abu Dhabi","Pharmacy","al shahama","","25651654","","","https://www.medifinder.ae/medical/networks/fmc/standard-network"
"Supercare Pharmacy-Branch Of Abu Dhabi 2","Abu Dhabi","Pharmacy","mussaffa","","26653350","","","https://www.medifinder.ae/medical/networks/fmc/standard-network"
"SUPERCARE UMM SUQEIM","Dubai","Pharmacy","umm suqeim","","43306144","","","https://www.medifinder.ae/medical/networks/fmc/standard-network"
"Sure Medi Pharmacy - Sole Proprietorship LLC","Abu Dhabi","Pharmacy","mussaffa","","28864000","","","https://www.medifinder.ae/medical/networks/fmc/standard-network"
"Sustainable Life Pharmacy-Life Healthcare Group-Dubai","Dubai","Pharmacy","dubai","","43679970","","","https://www.medifinder.ae/medical/networks/fmc/standard-network"
"SWAT LINE PHARMACY","Dubai","Pharmacy","dubai-alain road","","43998473","","","https://www.medifinder.ae/medical/networks/fmc/standard-network"
"Taibah Alain Pharmacy - Sole Proprietorship L.L.C.","Abu Dhabi","Pharmacy","al maqam area","","37530202","","","https://www.medifinder.ae/medical/networks/fmc/standard-network"
"Tajeran Pharmacy.","Umm Al Quwain","Pharmacy","al raas","","67652291","","","https://www.medifinder.ae/medical/networks/fmc/standard-network"
"TARIQ PHARMACY","Sharjah","Pharmacy","rolla","","65686255","","","https://www.medifinder.ae/medical/networks/fmc/standard-network"
"THAIBA PHARMACY BRANCH OF ASTER PHARMACIES GROUP L.L.C FUJAIRAH BRANCH","Fujairah","Pharmacy","fujairah cluster","","92564749","","","https://www.medifinder.ae/medical/networks/fmc/standard-network"
"The Point Life Pharmacy (BR of Life Pharmacy LLC) - Dubai","Dubai","Pharmacy","jumeirah","","45610000","","","https://www.medifinder.ae/medical/networks/fmc/standard-network"
"Thumbay Hospital Pharmacy","Ajman","Pharmacy","al nuaimia","","67463333","","","https://www.medifinder.ae/medical/networks/fmc/standard-network"
"Thumbay Pharmacy -2- Sharjah","Sharjah","Pharmacy","al wasit street","","656143619","","","https://www.medifinder.ae/medical/networks/fmc/standard-network"
"Thumbay Pharmacy -3 (Thumbay)","Ajman","Pharmacy","ajman","","67448605","","","https://www.medifinder.ae/medical/networks/fmc/standard-network"
"Thumbay Pharmacy (Thumbay)","Dubai","Pharmacy","jlt","","43686411","","","https://www.medifinder.ae/medical/networks/fmc/standard-network"
"Thumbay Pharmacy (Thumbay)","Dubai","Pharmacy","ras al khor","","43201400","","","https://www.medifinder.ae/medical/networks/fmc/standard-network"
"THUMBAY PHARMACY 10 BRANCH OF THUMBAY PHARMACY LLC","Dubai","Pharmacy","al khawaneej","","42733515","","","https://www.medifinder.ae/medical/networks/fmc/standard-network"
"Thumbay Pharmacy 11 (BR of Thumbay Pharmacy LLC) Ex. Dubai Hospital Pharmacy-Deira","Dubai","Pharmacy","al khaleej road","","42722011","","","https://www.medifinder.ae/medical/networks/fmc/standard-network"
"Thumbay Pharmacy 12 Fujairah","Fujairah","Pharmacy","fujairah","","92446113","","","https://www.medifinder.ae/medical/networks/fmc/standard-network"
"THUMBAY PHARMACY 16 AJMAN","Ajman","Pharmacy","al nuaimia","","67453638","","","https://www.medifinder.ae/medical/networks/fmc/standard-network"
"Thumbay Pharmacy 17 (Shaikh Zayed Bin Sultan Rd.) Fujairah","Fujairah","Pharmacy","fujairah","","92221253","","","https://www.medifinder.ae/medical/networks/fmc/standard-network"
"Thumbay Pharmacy 3 Branch of Thumbay Pharmacy LLC Ex: Al Diwan Pharmacy-DXB","Dubai","Pharmacy","bur dubai","","43530099","","","https://www.medifinder.ae/medical/networks/fmc/standard-network"
"Thumbay Pharmacy 4","Ajman","Pharmacy","al rashidiya","","42725779","","","https://www.medifinder.ae/medical/networks/fmc/standard-network"
"Thumbay Pharmacy 7 - Ras Al Khaimah","Ras Al Khaimah","Pharmacy","ras al khaimah","","72267190","","","https://www.medifinder.ae/medical/networks/fmc/standard-network"
"Thumbay Pharmacy 8 (Majid Al Awal Roundabout) Uaq","Umm Al Quwain","Pharmacy","umm al quwain","","67051544","","","https://www.medifinder.ae/medical/networks/fmc/standard-network"
"Thumbay Pharmacy Branch 14 Ajman","Ajman","Pharmacy","rashidiya 2","","67475091","","","https://www.medifinder.ae/medical/networks/fmc/standard-network"
"Thumbay Pharmacy Branch 18 Ajman","Ajman","Pharmacy","al jurf","","67119111","","","https://www.medifinder.ae/medical/networks/fmc/standard-network"
"Thumbay Pharmacy LLC Branch 3, Sharjah","Sharjah","Pharmacy","muweilah","","65358111","","","https://www.medifinder.ae/medical/networks/fmc/standard-network"
"Thumbay Pharmacy LLC Branch 3, Sharjah","Sharjah","Pharmacy","university city road","","65356789","","","https://www.medifinder.ae/medical/networks/fmc/standard-network"
"Thumbay Pharmacy One BR of Thumbay Pharmacy LLC","Dubai","Pharmacy","al mamzar","","42677656","","","https://www.medifinder.ae/medical/networks/fmc/standard-network"
"Thumbay University Hospital Complex Pharmacy (Al Jurf) - Ajman","Ajman","Pharmacy","jurf","","67705555","","","https://www.medifinder.ae/medical/networks/fmc/standard-network"
"TIBAH AL AIN PHARMACY","Abu Dhabi","Pharmacy","al jimi area","","37544088","","","https://www.medifinder.ae/medical/networks/fmc/standard-network"
"TIME SQUARE PHARMACY","Dubai","Pharmacy","al quoz 1","","43418069043456281","","","https://www.medifinder.ae/medical/networks/fmc/standard-network"
"Top Care Pharmacy - Branch 1","Abu Dhabi","Pharmacy","mussaffa","","28763338","","","https://www.medifinder.ae/medical/networks/fmc/standard-network"
"Town Life Pharmacy - Life Healthcare Group","Dubai","Pharmacy","mirdiff","","42848355","","","https://www.medifinder.ae/medical/networks/fmc/standard-network"
"Town Square Life Pharmacy BR of Life Pharmacy LLC","Dubai","Pharmacy","town square","","45610000","","","https://www.medifinder.ae/medical/networks/fmc/standard-network"
"Trudoc Pharmacy (Oud Metha) Dubai","Dubai","Pharmacy","oud metha","","43926769","","","https://www.medifinder.ae/medical/networks/fmc/standard-network"
"TRUE HOPE PHARMACY - SOLE PROPRIETORSHIP L.L.C.","Abu Dhabi","Pharmacy","abu dhabi","","25868881","","","https://www.medifinder.ae/medical/networks/fmc/standard-network"
"Trust Care Pharmacy LLC","Dubai","Pharmacy","al quoz","","43476715","","","https://www.medifinder.ae/medical/networks/fmc/standard-network"
"Tulip Pharmacy LLC","Sharjah","Pharmacy","abu shagarah","","65755069","","","https://www.medifinder.ae/medical/networks/fmc/standard-network"
"UAQ PHARMACY(Health First Pharmacy 12)","Umm Al Quwain","Pharmacy","main road","","67656180","","","https://www.medifinder.ae/medical/networks/fmc/standard-network"
"Ultra Medical Center Pharmacy","Abu Dhabi","Pharmacy","al jimi","","37625552","","","https://www.medifinder.ae/medical/networks/fmc/standard-network"
"UMDC PHARMACY LLC (AL NAKHEEL) Ras Al Khaimah","Ras Al Khaimah","Pharmacy","al nakheel","","72272402","","","https://www.medifinder.ae/medical/networks/fmc/standard-network"
"Umm Hurair Pharmacy (BR of Aster Al Shafar Pharmacies Group L.L.C)","Dubai","Pharmacy","al manara","","43383766","","","https://www.medifinder.ae/medical/networks/fmc/standard-network"
"United Pharmacy 2 Branch of United Pharmacy Investment LLC","Dubai","Pharmacy","al barsha","","45610000","","","https://www.medifinder.ae/medical/networks/fmc/standard-network"
"United Pharmacy Al Zahiah (Muweilah) Sharjah","Sharjah","Pharmacy","al zahia","","45610000","","","https://www.medifinder.ae/medical/networks/fmc/standard-network"
"United Pharmacy Branch of United Pharmacy Investment LLC","Dubai","Pharmacy","al barsha","","45610000","","","https://www.medifinder.ae/medical/networks/fmc/standard-network"
"United Pharmacy Ibn Battuta Branch of United Pharmacy Investment LLC","Dubai","Pharmacy","ibn batuta","","45610000","","","https://www.medifinder.ae/medical/networks/fmc/standard-network"
"UNIVERSAL HOSPITAL PHARMACY LLC - BRANCH 2","Abu Dhabi","Pharmacy","airport road","","25999555","","","https://www.medifinder.ae/medical/networks/fmc/standard-network"
"VIDA PHARAMCY LLC","Dubai","Pharmacy","al raffa","","502137686","","","https://www.medifinder.ae/medical/networks/fmc/standard-network"
"VISTA PHARMACY - SOLE PROPRIETORSHIP LLC","Abu Dhabi","Pharmacy","hamdan street","","26433991","","","https://www.medifinder.ae/medical/networks/fmc/standard-network"
"Vita United Pharmacy Branch of United Pharmacy Investment LLC","Dubai","Pharmacy","al wasl","","45610000","","","https://www.medifinder.ae/medical/networks/fmc/standard-network"
"Wahat Al Taibah Pharmacy L.L.C","Sharjah","Pharmacy","al dhaid","","67445575","","","https://www.medifinder.ae/medical/networks/fmc/standard-network"
"WARDAH PHARMACY","Sharjah","Pharmacy","industrial area","","65333693","","","https://www.medifinder.ae/medical/networks/fmc/standard-network"
"Waseem Pharmacy (Al Taawun) Sharjah","Sharjah","Pharmacy","al khan","","65770930","","","https://www.medifinder.ae/medical/networks/fmc/standard-network"
"WDAKEEZ PHARMACY - SOLE PROPRIETORSHIP L.L.C.","Abu Dhabi","Pharmacy","mussaffa","","26450660","","","https://www.medifinder.ae/medical/networks/fmc/standard-network"
"WE CARE PHARMACY - JLT","Dubai","Pharmacy","jumeirah","","43686411","","","https://www.medifinder.ae/medical/networks/fmc/standard-network"
"WELLFAST PHARMACY","Dubai","Pharmacy","karama","","43977386","","","https://www.medifinder.ae/medical/networks/fmc/standard-network"
"Wellness Pharmacy (New Industrial Area) Umm Al Quwain","Umm Al Quwain","Pharmacy","al raafah","","66786664","","","https://www.medifinder.ae/medical/networks/fmc/standard-network"
"White Pharmacy LLC","Abu Dhabi","Pharmacy","mussaffa","","25464365","","","https://www.medifinder.ae/medical/networks/fmc/standard-network"
"Yamama Pharmacy (BR of Yamamah Medical Center)-Sharjah","Sharjah","Pharmacy","industrial area 10","","65346004","","","https://www.medifinder.ae/medical/networks/fmc/standard-network"
"Yas Pharmacy (Asia Group)","Sharjah","Pharmacy","industrial area","","65361256","","","https://www.medifinder.ae/medical/networks/fmc/standard-network"
"YASMED PHARMACY L.L.C","Dubai","Pharmacy","naif","","42619535","","","https://www.medifinder.ae/medical/networks/fmc/standard-network"
"YASMED PHARMACY L.L.C","Umm Al Quwain","Pharmacy","umm thoab","","65299064","","","https://www.medifinder.ae/medical/networks/fmc/standard-network"
"Yasmin Pharmacy (Noora Group)","Sharjah","Pharmacy","industrial area 6","","65584662","","","https://www.medifinder.ae/medical/networks/fmc/standard-network"
"Yassat Life Pharmacy LLC-Life Healthcare Group","Dubai","Pharmacy","tecom","","43792799","","","https://www.medifinder.ae/medical/networks/fmc/standard-network"
"Yassat Life Pharmacy LLC-Life Healthcare Group","Dubai","Pharmacy","dpc","","45646424","","","https://www.medifinder.ae/medical/networks/fmc/standard-network"
"Yateem Pharmacy","Abu Dhabi","Pharmacy","hamdan street","","26666167","","","https://www.medifinder.ae/medical/networks/fmc/standard-network"
"YATHREB PHARMACY","Abu Dhabi","Pharmacy","industrial area","","37640314","","","https://www.medifinder.ae/medical/networks/fmc/standard-network"
"Z M C PHARMACY L.L.C","Dubai","Pharmacy","al quoz 1","","42632397","","","https://www.medifinder.ae/medical/networks/fmc/standard-network"
"Zahrat Al Madinah Pharmacy (National Paint) Sharjah","Sharjah","Pharmacy","industrial area 13","","65327075","","","https://www.medifinder.ae/medical/networks/fmc/standard-network"
"Zahrat Al Rabie Pharmacy","Sharjah","Pharmacy","al majaz","","65546800","","","https://www.medifinder.ae/medical/networks/fmc/standard-network"
"Zahrat Al Shefa Pharmacy LLC, Muhaisnah (Noor Al Shefa Group)","Dubai","Pharmacy","muhaisnah 2","","42202504","","","https://www.medifinder.ae/medical/networks/fmc/standard-network"
"Zam Zam Pharmacy L.L.C. - DXB","Dubai","Pharmacy","al quoz","","43394395","","","https://www.medifinder.ae/medical/networks/fmc/standard-network"
"Zamzam Pharmacy","Abu Dhabi","Pharmacy","sanaiya street","","37215554","","","https://www.medifinder.ae/medical/networks/fmc/standard-network"
"Zest Pharmacy 1 (BR of Zest Wellness Pharmacy L.L.C)","Dubai","Pharmacy","umm al sheif","","48246485","","","https://www.medifinder.ae/medical/networks/fmc/standard-network"
"ZIYAN PHARMACY","Ajman","Pharmacy","al bustan","","67477388","","","https://www.medifinder.ae/medical/networks/fmc/standard-network"
"Zulekha Pharmacy - Dubai","Dubai","Pharmacy","bur dubai","","43934757","","","https://www.medifinder.ae/medical/networks/fmc/standard-network"
"AL HALIMAH MEDICAL CENTRE","Sharjah","Dental","dhaid","","68829935","","","https://www.medifinder.ae/medical/networks/fmc/standard-network"
"AL HISAN MEDICAL CENTRE","Sharjah","Dental","dibba","","92440954","","","https://www.medifinder.ae/medical/networks/fmc/standard-network"
"MAHBOOB MEDICAL CENTRE","Ajman","Dental","rona r/a","","67422603","","","https://www.medifinder.ae/medical/networks/fmc/standard-network"
"MANAL HARB MEDICAL CENTER L.L.C (PREVIOUSLY MOUAFFAQ BRIGHT TEETH CLINIC)","Dubai","Dental","sheikh zayed road","","43251222","","","https://www.medifinder.ae/medical/networks/fmc/standard-network"
"SPRINGS DENTAL CENTRE","Ras Al Khaimah","Dental","rak","","72440954","","","https://www.medifinder.ae/medical/networks/fmc/standard-network"
"Accu Care Medical Laboratory LLC","Abu Dhabi","Diagnostics","al towayya","","504044146","","","https://www.medifinder.ae/medical/networks/fmc/standard-network"
"Micro Health Medical Lab","Dubai","Diagnostics","karama","","42627574","","","https://www.medifinder.ae/medical/networks/fmc/standard-network"
"Almamlaka Alhaditha Clinical Laboratory","Dubai","Diagnostics","deira","","42736327","","","https://www.medifinder.ae/medical/networks/fmc/standard-network"
"Quality Diagnostic Laboratory","Abu Dhabi","Diagnostics","al najda street","","26456788","","","https://www.medifinder.ae/medical/networks/fmc/standard-network"
"Agiomix FZ LLC","Dubai","Diagnostics","al barsha 2","","80043666427","","","https://www.medifinder.ae/medical/networks/fmc/standard-network"
"AL BORJ LABORATORY","Dubai","Diagnostics","corniche","","42977780","","","https://www.medifinder.ae/medical/networks/fmc/standard-network"
"AL BURJ MEDICAL LAB RAK 2","Ras Al Khaimah","Diagnostics","al seer","","72430091","","","https://www.medifinder.ae/medical/networks/fmc/standard-network"
"Al Burj Medical Lab. (Al Borg)","Sharjah","Diagnostics","al majaz","","65752100","","","https://www.medifinder.ae/medical/networks/fmc/standard-network"
"AVM LABS L. L. C","Dubai","Diagnostics","garhoud","","42982155","","","https://www.medifinder.ae/medical/networks/fmc/standard-network"
"BIO TECH MEDICAL LAB","Sharjah","Diagnostics","al taawun","","65309994","","","https://www.medifinder.ae/medical/networks/fmc/standard-network"
"EASTERN CLINICAL LABORATORIES","Dubai","Diagnostics","al barsha 1","","43244512","","","https://www.medifinder.ae/medical/networks/fmc/standard-network"
"Global Hawk Imaging and Diagnostics LLC","Dubai","Diagnostics","deira","","44063000043213266","","","https://www.medifinder.ae/medical/networks/fmc/standard-network"
"Hey Lab for Medical Analysis","Sharjah","Diagnostics","al khan","","67676442","","","https://www.medifinder.ae/medical/networks/fmc/standard-network"
"International Radiology Diagnostic Services Centre","Ras Al Khaimah","Diagnostics","al nakheel","","65738088","","","https://www.medifinder.ae/medical/networks/fmc/standard-network"
"Life Diagnostics Medical Laboratories LLC","Dubai","Diagnostics","business bay","","45916272","","","https://www.medifinder.ae/medical/networks/fmc/standard-network"
"Life Medical Diagnostics LLC - Branch","Abu Dhabi","Diagnostics","muroor road","","26332300","","","https://www.medifinder.ae/medical/networks/fmc/standard-network"
"Life Medical Diagnostics LLC - Branch","Abu Dhabi","Diagnostics","al danah","","600551636","","","https://www.medifinder.ae/medical/networks/fmc/standard-network"
"MENALABS MEDICAL LABORATORY(Formerly UNIVERSAL MEDICAL LABORATORY)","Sharjah","Diagnostics","buhairah corniche","","65754979","","","https://www.medifinder.ae/medical/networks/fmc/standard-network"
"Texas Medical Lab - Sharjah","Sharjah","Diagnostics","al ghubaiba","","65622988","","","https://www.medifinder.ae/medical/networks/fmc/standard-network"
"THUMBAY LABS LLC 1","Ajman","Diagnostics","jurf","","67400740","","","https://www.medifinder.ae/medical/networks/fmc/standard-network"
"REEM AL BAWADI MEDICAL & DIAGNOSTIC CENTER","Sharjah","Other","al arouba street","","65671707","","","https://www.medifinder.ae/medical/networks/fmc/standard-network"
