PROVIDER NAME,EMIRATE,PROVIDER TYPE,AREA,ADDRESS,TELEPHONE
800 PHARMA FZ-LLC,,,,"ATANA HOTEL GROUND FLOOR GROUND FLOOR, ATANA HOTEL, AL BARSHA HEIGHTS, 
Dubai, UNITED ARAB EMIRATES",97143566649
800 PHARMA PHARMACY LLC,,,,"HE HOTEL APARTMENT BUILDING JVC GROUND FLOOR GROUN, JUMAIRA VILLAGE CIRCLE, 
Dubai, UNITED ARAB EMIRATES",97145843143
800 PHARMA PHARMACY LLC-SHJ.BR,,,,"CANTARA BUILDING GROUND FLOOR GROUND FLOOR, SHOP-1, UNIVERSITY ROAD, MUWAILEH COMMERCIAL, 
Sharjah, UNITED ARAB EMIRATES",97165737633
800 PHARMACY GOLDEN MILE TWO ( BR OF 800 PHARMACY L.L.C),,,,"Golden Mile Two Bldg Goiden Mile Souq, Palm Jumeir, Palm Jumeirah, 
Dubai, UNITED ARAB EMIRATES",+97143466889
800 PHARMACY LLC,,,,"B10 Dubai Marina Towers   Retails Area  Floor  Gro, Marsa Dubai, 
Dubai, UNITED ARAB EMIRATES",+97143663430
800 PHARMACY LLC ABU DHABI,,,,"Central Market (The Souk), Floor: GROUND FLO, Cent, 
Abu Dhabi, UNITED ARAB EMIRATES",+97126399554
800 PHARMACY LLC BRANCH,,,,"Building Office Park Al Safouh 2nd Unit, Floor: GR, Dg 05 Internet City, 
Dubai, UNITED ARAB EMIRATES",+97144486054
AALIYA MEDICAL CENTRE,,,,"Lulu Supermarket Building, Floor: FIRST, Al Badar , Al Rumailah, 
Ajman, UNITED ARAB EMIRATES",+97167475599
ABBARA POLYCLINIC,,,,"Al Manara Tower, Floor: 22ND FLOOR, Marasi Drive S, Business Bay, 
Dubai, UNITED ARAB EMIRATES",+97142685333
ABDUL GHANI MEDICAL CENTRE,,,,"Al Fardan Centre  Floor  FLOOR 2F  208 A  Block   , Buhairah- Corniche, 
Sharjah, UNITED ARAB EMIRATES",+97165562727
ABDULLAH BIN ALI AL SHARHAN HEALTH CENTER,,,,"Al?Riffa, Sector?4, 155?Al?Suweih StreeT Al?Riffa, Al?Riffa, 
Ras Al Khaimah, UNITED ARAB EMIRATES",9714-6656158
ABDULLAH BIN OMRAN HOSPITAL,,,,"RAS AL KHAIMAH AIRPORT ROAD AIRPORT ROAD, AIRPORT ROAD, 
Ras Al Khaimah, UNITED ARAB EMIRATES",07 207 3340
ABEER AL NOOR PHARMACY LLC,,,,"Rashidiyat Mahalat Building, Floor: GROUND, 12th S, Rashidiya, 
Dubai, UNITED ARAB EMIRATES",+97142362053
ABEER AL NOOR POLY CLINIC LLC BRANCH,,,,"Afra Al Shaikh Mijrin Mohammad Al Kendi  Floor  GR, Deira, 
Dubai, UNITED ARAB EMIRATES",+97142428849
ABEER AL NOOR POLY CLINIC LLC MUHAISNAH,,,,"Musthafa Mall Algeria Street, Muhaisnah 2, Muhaisnah 2, 
Dubai, UNITED ARAB EMIRATES",+97142428849
ABEER AL NOOR POLY CLINIC PLANET PHARMACY,,,,"Abeer Al Noor Polyclinic, Grand Mart Mall, Muhaisn, MUHAISNAH 2, 
Dubai, UNITED ARAB EMIRATES",04-3298661
ABEER AL NOOR POLYCLINIC,,,,"Bu Hussain Building  Floor  GF  Doha Road  Near Hy, Qusais, 
Dubai, UNITED ARAB EMIRATES",+97142612248
ABEER PHARMACY,,,,"Baghlaf Bldg, Floor: Ground, Al Nakhal St, PO Box , Deira, 
Dubai, UNITED ARAB EMIRATES",+97142273411
ABILITY PEDIATRIC REHABILITATION MEDICAL CENTER LLC,,,,"DEFENCE ROAD Villa   15  Al Danah   Zone 1  ABU DH, DEFENSE ROAD, 
Abu Dhabi, UNITED ARAB EMIRATES",+97126346431
ABRAHAMS MEDICAL CENTRE,,,,"303 Rolla Tower, Floor: THIRD, Al Zahra Street, PO, Rolla Square, 
Sharjah, UNITED ARAB EMIRATES",+97165612737
ABRIS MEDICAL CENTER LLC,,,,"Meena Bazar New Bulding, Floor: 1ST FLOOR, Al Fahe, Al Fahedi, 
Dubai, UNITED ARAB EMIRATES",97143535356
ABRIS PHARMACY LLC,,,,"Meena Bazar Building Bur Dubai, Bur Dubai, 
Dubai, UNITED ARAB EMIRATES",97143535356
ABSOLUTE WELLNESS MEDICAL CENTRE LLC,,,,"OFFICE 101 105 FIRST FLOOR SALMAN EBRAHIM BUILDING, AL QUOZ-3, 
Dubai, UNITED ARAB EMIRATES",04-8863521
ABSOLUTE WELLNESS MEDICAL CENTRE PHARMACY,,,,"OFFICE 101 105 FIRST FLOOR SALMAN EBRAHIM BUILDING, AL QUOZ-3, 
Dubai, UNITED ARAB EMIRATES",04-8863521
ABU AL ABYAD CLINIC OP PHARMACY,,,,"Abu Al Abyad Clinic O.P. Pharmacy Abu Al Abbyad  P, 
Abu Dhabi, UNITED ARAB EMIRATES",+97128839140
ABU AL ABYAD ISLAND CLINIC,,,,"Abu Al Abyad Island Clinic  PO Box 50018, 
Abu Dhabi, UNITED ARAB EMIRATES",+97128839140
ABU DHABI DENTAL CLINIC,,,,"Mohammad Salim Ghosia Jabbar Alkhalili Electra Roa, Electra Road, 
Abu Dhabi, UNITED ARAB EMIRATES",+97126341327
ABU DHABI PHARMACY,,,,"Khalfan Abudalla Zaid Fatima Bint Mubarak St PO Bo, 
Abu Dhabi, UNITED ARAB EMIRATES",+97126772577
ABU DHABI REFINERY,,,,"Abu Dhabi Refinery ClinicPO BOX 898International A, International Airport Road, Western Region, 
Abu Dhabi, UNITED ARAB EMIRATES",97126023882
ABU DHABI REFINERY CLINIC,,,,"Abu Dhabi Refinery ClinicPO BOX 898International A, International Airport Road, 
Abu Dhabi, UNITED ARAB EMIRATES",97126023882
ABU SALMAN MEDICAL CENTRE,,,,"Building No   103  Floor  2ND  Mussafah Shabiya Kh, Mussafah, 
Abu Dhabi, UNITED ARAB EMIRATES",+97125522549
ABU SHAGARA PHARMACY,,,,"Shop 1 Al Rudwan, Floor: Ground, King Faisal Stree, Abu Shagharah, 
Sharjah, UNITED ARAB EMIRATES",+97165536414
ABWAB BAIT AL MAQDES PHARMACY LLC,,,,"Al Khan St PO Box 41496 Al Khan, Al Khan, 
Sharjah, UNITED ARAB EMIRATES",+97165552070
ACACIA MEDICAL CENTER,,,,"Villa 15 Al Karamah Street, PO Box 61605, 
Abu Dhabi, UNITED ARAB EMIRATES",+97124445513
ACCESS AL ROLLA MEDICAL CENTRE (ACCESS),,,,"Adnic Tower Ibrahim Mohammad Al Medfa'A, PO Box 33, Um Al Tarafa, 
Sharjah, UNITED ARAB EMIRATES",+97165612050
ACCESS AL SAJAA CLINIC (ACCESS),,,,"AL SAJAA INDUSTRIAL AREA, Shop No. 17 & 18 - Al Sa, AL SAJAA INDUSTRIAL AREA, 
Sharjah, UNITED ARAB EMIRATES",+97144577919
ACCESS CLINIC ALQOUZ BR OF DM HEALTHCARE (ACCESS),,,,"Al Arif Building Near Uae Exchange  Behind Cement , Al Quoz 4, 
Dubai, UNITED ARAB EMIRATES",+97143217544
ACCESS CLINIC BURDUBAI BR OF DM HEALTHCARE (ACCESS),,,,"Souq Al Kabeer Building  Opposite Etisal  Floor  G, Burdubai, 
Dubai, UNITED ARAB EMIRATES",+97143527300
ACCESS CLINIC D I C BR OF DM HEALTHCARE LLC (ACCESS),,,,"Shop 39 42 Sapphire Mall  Floor  FIRST  Saih Shuai, Dubai Investment Park, 
Dubai, UNITED ARAB EMIRATES",+97144400500
ACCESS CLINIC DIP (ACCESS),,,,"Unit 2 & 3  Ramla Building  Floor  MEZZANINE  Raml, Dubai Investment Park, 
Dubai, UNITED ARAB EMIRATES",+97148800408
ACCESS CLINIC DIP 2 BR OF DM HEALTHCARE LLC (ACCESS),,,,"Walid Ali Ibrahim Al Mannaei Building, Floor: MEZA, 
Dubai, UNITED ARAB EMIRATES",+97148833028
ACCESS CLINIC INTERNATIONAL CITY (ACCESS),,,,"I  11 Morroco Cluster International City  PO Box 8, 
Dubai, UNITED ARAB EMIRATES",+97143606587
ACCESS CLINIC JAFZA (ACCESS),,,,"Jafza Food Court 3, Floor: 1ST, Jebel Ali Free Zon, Jebel Ali, 
Dubai, UNITED ARAB EMIRATES",+97148806577
ACCESS CLINIC MUWEILAH SHARJAH (ACCESS),,,,"Mubarak Building Floor: GROUND FLO University Road, Muwailiah, 
Sharjah, UNITED ARAB EMIRATES",+97165359933
ACCESS CLINIC PERSIAN ZONE BR OF DM HEALTHCAR (ACCESS),,,,"Persia N04, Floor: GROUND, International City, PO , Persia, 
Dubai, UNITED ARAB EMIRATES",+97145520139
ACCESS CLINIC SONAPUR (ACCESS),,,,"Sameya Khalifa Mohd Alfuqaei Building 24th Street , Sonapur, 
Dubai, UNITED ARAB EMIRATES",+97142510266
ACCESS CLINIC SONAPURE2 BR OF DM HEALTHCARE (ACCESS),,,,"Dubai Municipality, Floor: 1ST, Sonapur, PO Box 87, Sonapur, 
Dubai, UNITED ARAB EMIRATES",+97142637279
ACCESS MEDICAL CENTRE AJMAN (ACCESS),,,,"Al Hamrain Souq Shop No.13  Near Nesto Hypermarket, Ajman Industrial Area 1, 
Ajman, UNITED ARAB EMIRATES",+97167404778
ACCESS PHARMACY 2 BR OF ASTER PHARMACIES GROU,,,,"Access Clinic Building  Floor  GROUND FLO  Muhaisi, Sonapur, 
Dubai, UNITED ARAB EMIRATES",+97142672946
ACCESS PHARMACY 3 BR OF ASTER PHARMACIES GROU,,,,"Shop No 8  Floor  GROUND FLO  Dip 2  PO Box 50585 , Dubai Investment Park (Dip), 
Dubai, UNITED ARAB EMIRATES",+97148833862
ACCESS PHARMACY AJMAN,,,,"Haramain Souk New Industrial Area, PO Box 50585 Ne, Near To Emirates Gas, 
Ajman, UNITED ARAB EMIRATES",+97167462011
ACCESS PHARMACY BR OF ASTER PHARMACIES GROUP,,,,"Al Arif Building Gf 1  Floor  GROUND FLO  Al Qouze, Al Qouz 3, 
Dubai, UNITED ARAB EMIRATES",+97143807218
ACCURACY PLUS MEDICAL LABORATORY LLC,,,,"Accuracy Plus Medical Laboratory M02,Opposite Home, Hamdan Street, 
Abu Dhabi, UNITED ARAB EMIRATES",0503252933
ACHIRA CLINICS,,,,"Al Rigga Business Centre 5002, Floor: FIFTH FLOO, , Deira, 
Dubai, UNITED ARAB EMIRATES",+97142238513
ADAM AND EVE SPECIALIZED MEDICAL CENTER LLC,,,,"Al Otaiba Building, 1, Zayed 1st Street (Electra R, Al Markaziyah, 
Abu Dhabi, UNITED ARAB EMIRATES",+97126767366
ADAM AND EVE SPECIALIZED MEDICAL CENTER LLC BRANCH,,,,"VILLA NO   209  NEAR SHEIKH KHALIFA MEDICAL CITY  , AL KARAMAH STREET, 
Abu Dhabi, UNITED ARAB EMIRATES",97126767366
ADAM MEDICAL CENTRE LLC,,,,"Office Court Building, Floor: FIRST, Oud Metha Roa, Oud Metha, 
Dubai, UNITED ARAB EMIRATES",+97143355011
ADAM VITAL ORTUS HOSPITAL LLC,,,,"Al Waleed Building  PO Box 119190 Al Garhoud, Al Garhoud, 
Dubai, UNITED ARAB EMIRATES",+97142068999
ADAMS PHARMACY L.L.C,,,,"MAKEEN BUILDING SHOP-1 SHOP-1, MAKEEN BUILDING, AL, AL WARQA, 
Dubai, UNITED ARAB EMIRATES",97142888411
ADAMS PHARMACY L.L.C (BRANCH),,,,"SHOP-1 SHOP-1, 21 42ND ST, AL QUSAIS, AL TAWAR FOU, AL TAWAR, 
Dubai, UNITED ARAB EMIRATES",97142948086
ADCO MEDICAL CENTRE,,,,"ADCOPO BOX 270Al Khalidiyah, 1st Corniche StreetAb, Al Khalidiyah, 1st Corniche Street, 
Abu Dhabi, UNITED ARAB EMIRATES",97126023882
ADNOC HQ CLINIC,,,,"ADNOC HQ FLOOR 34PO BOX 898Corniche StreetAbu Dhab, Corniche Street, 
Abu Dhabi, UNITED ARAB EMIRATES",02-6023882
ADNOC OFFSHORE HQ CLINIC,,,,"Corniche Road WestP.O 898Abu Dhabi Corniche Road W, Corniche Road West, 
Abu Dhabi, UNITED ARAB EMIRATES",0505917663
ADNOC TECHNICAL INSTITUTE CLINIC ATI,,,,"ATI BUILDINGPO BOX 898Al ShawamekhWestern RegionAb, Al Shawamekh, 
Abu Dhabi, UNITED ARAB EMIRATES",97126023882
ADNOC TECHNICAL INSTITUTE PHARMACY,,,,"ATIPO BOX 898Al ShawamekhWestern RegionAbu Dhabi A, Al Shawamekh, 
Abu Dhabi, UNITED ARAB EMIRATES",97126023882
ADRIA MEDICAL CENTER LLC,,,,"Villa No 5/Plot 45 Mbc Compound Mohamed Bin Zayed , Mussafa, 
Abu Dhabi, UNITED ARAB EMIRATES",+97125551551
ADVANCED AL AIN PHARMACY,,,,"Kanad Hospital (Formerly Known As Oasis Sanaiya St, Near Etisalat, 
Al Ain, UNITED ARAB EMIRATES",+97137227626
ADVANCED CARE MEDICAL CENTER,,,,"Room No  103 & 104 Fakhruddin Building  Floor  FIR, Al Quoz 3, 
Dubai, UNITED ARAB EMIRATES",+97143397664
ADVANCED CARE MEDICAL CENTER BRANCH,,,,"Shop 5 Nassem Al Madina Supermarket Bldg  Floor  F, Jebel Ali, 
Dubai, UNITED ARAB EMIRATES",+97148850788
ADVANCED CARE MEDICAL CENTER BRANCH AL QUOZ IND 2,,,,"First Floor Parson Hypermarket BuildingAl Quoz ind, AL QUOZ 2, 
Dubai, UNITED ARAB EMIRATES",04-2355200
ADVANCED CARE MEDICAL CENTER BRANCH MUHAISNA,,,,"32 A Street Sonapur Muhaisnah, Muhaisnah, 
Dubai, UNITED ARAB EMIRATES",04-2636800
ADVANCED CARE MEDICAL CENTER LLC BRANCH,,,,"Souq No 4  Shop No 4 & 5  Floor  GROUND  Seihshowe, Labour City 3, 
Dubai, UNITED ARAB EMIRATES",+97143807807
ADVANCED CARE MEDICAL CENTER LLC BRANCH ALQUSAIS,,,,"Shop 3 Damascus street Al Qusais AL QUSAIS, AL QUSAIS, 
Dubai, UNITED ARAB EMIRATES",04 3709357
ADVANCED CARE MEDICAL CENTER LLC BRANCH DIP,,,,"Alico Al Madina Hypermarket Building 44 Street DIP, DIP 1, 
Dubai, UNITED ARAB EMIRATES",04 3463099
ADVANCED CARE MEDICAL CENTER LLC BRANCH JEBEL ALI IND 1,,,,"Crown Mall Ground Floor Shop No 30 Jebal Ali Indus, JEBEL ALI 1, 
Dubai, UNITED ARAB EMIRATES",04-3397663
ADVANCED CARE ONCOLOGY CENTER LLC,,,,"PO Box 214630 Al Furjan, Al Furjan, 
Dubai, UNITED ARAB EMIRATES",+97145656300
ADVANCED CARE PHARMACY,,,,"Room No. 1  Fakhruddin Building  Floor     Behind , Al Quoz 3, 
Dubai, UNITED ARAB EMIRATES",+97143307120
ADVANCED CARE PLUS PHARMACY LLC,,,,"Industrial Area 1 Awfaq Building, Floor: GROUND, N, Jebel Ali, 
Dubai, UNITED ARAB EMIRATES",+97148829700
ADVANCED CURE DIAGNOSTIC CENTER AL BATEEN,,,,"cure Al Bateen, PO Box 61887, TEl: 024100915 Al Ba, Al Bateen, 
Abu Dhabi, UNITED ARAB EMIRATES",+97126675050
ADVANCED CURE DIAGNOSTIC CENTER AL BATEEN 1,,,,"4th Villa  Floor  1 2 & 3  32nd Street  Al Bateen , Al Bateen, 
Abu Dhabi, UNITED ARAB EMIRATES",+97124100991
ADVANCED CURE PHARMACY,,,,"Cure Medical Center Building Al Bateen Area, PO Bo, Next To Al Bateen Mall, 
Abu Dhabi, UNITED ARAB EMIRATES",+97126359922
ADVANCED DIAGNOSTIC CENTER LLC,,,,"Hamarain Shopping Center, Floor: FIRST, Abu Baker , Deira, 
Dubai, UNITED ARAB EMIRATES",+97143203883
ADVANCED MEDICAL CENTER,,,,"Al Fardan Center, Floor: 2ND Floor, Buhaira Cornic, Al Majaz 3, 
Sharjah, UNITED ARAB EMIRATES",+97165561220
ADVANCED ORTHOSPINE HEALTH CENTER,,,,"209 Al Shafar, Floor: SECOND, Al Wasl Road, PO Box, Al Badaa, 
Dubai, UNITED ARAB EMIRATES",+97143444828
ADVANCED RADIOLOGY CENTRE,,,,"Same Building of Al Mousa Medical Centre, Floor: 1, Jumeirah, 
Dubai, UNITED ARAB EMIRATES",+97143455030
ADVANCED STAR PHARMACY LLC,,,,"Nassem Al Madina Super Market Buliding  Floor  1  , Jebel Ali, 
Dubai, UNITED ARAB EMIRATES",+97148851154
AESTHETIC DENTAL CENTER LLC,,,,"Adcp Tower B, Floor: 1, Electra Street, PO Box 715, Al Markaziya, 
Abu Dhabi, UNITED ARAB EMIRATES",+97126324455
AHALIA MEDICAL CENTER AJMAN,,,,"Near Emirates Market, Asyad Tower, Al Ittihad Stre, Al Ittihad Street, 
Ajman, UNITED ARAB EMIRATES",+97167497557
AIN AL KHALEEJ HOSPITAL,,,,"Ain Al Khaleej Hospital Al Jimi   Behind Al Jimi M, Al Ain City, 
Al Ain, UNITED ARAB EMIRATES",+97137133333
AIRPORT MEDICAL CENTRE (CONCOURSE A T3),,,,"Concourse A  Airport Terminal 3 Dubai Internationa, Dubai International Airport, 
Dubai, UNITED ARAB EMIRATES",+97145021263
AIRPORT MEDICAL CENTRE (CONCOURSE B T3),,,,"Concourse B  Airport Terminal 3 Dubai Internationa, Dubai International Airport, 
Dubai, UNITED ARAB EMIRATES",+9714555906
AIRPORT MEDICAL CENTRE (CONCOURSE C T1),,,,"Concourse C  Airport Terminal 1 Dubai Internationa, Dubai International Airport, 
Dubai, UNITED ARAB EMIRATES",+97142164953
AIRPORT MEDICAL CENTRE (CONCOURSE D T1),,,,"Concourse D  Airport Terminal 1 Dubai Internationa, Dubai International Airport, 
Dubai, UNITED ARAB EMIRATES",+97145055903
AIWA PHARMACY LLC,,,,"Plot No. 2 Unit 2 Ground Floor ,Ajman City Centre , RASHIDIYA, 
Ajman, UNITED ARAB EMIRATES",+971 6 744 5575
AIWA PHARMACY LLC BRANCH 01,,,,"Mango Hypermarket Bldg.,Emirates City Mall Ajman, , EMIRATES CITY MALL, 
Ajman, UNITED ARAB EMIRATES",+971 6 742 8300
AJMAL PHARMACY DUBAI,,,,"Karama Gold Bldg Floor: Ground, Zaabeel Road, PO B, Al Karama, 
Dubai, UNITED ARAB EMIRATES",+97143360801
AJMAN SPECIALTY HOSPITAL,,,,"Ajman Specialty Hospital Sheikh Maktoum Bin Rashid, New Industrial Area, 
Ajman, UNITED ARAB EMIRATES",+97167484999
AKNAF BAIT AL MAQDES PHARMACY LLC,,,,"Sharjah, UNITED ARAB EMIRATES",+97165444322
AL ABBAR LABORATORIES FOR RESEARCH AND MEDICA,,,,"Ubl Bldg Floor: 5th, Flat 501 Bankstreet, PO Box 2, Bur Dubai, 
Dubai, UNITED ARAB EMIRATES",+97143592641
AL ABEER MEDICAL CENTER DAY SURGERY UNIT LLC,,,,"Heirs Of Abbas Al Khoory Building, Floor: 3RD FLOO, Al Markaziyah, 
Abu Dhabi, UNITED ARAB EMIRATES",+97126330440
AL ABEER PHARMACY LLC,,,,"Heirs Of Abbas Al Khoory Building, Floor: GROUND F, Al Markaziyah, 
Abu Dhabi, UNITED ARAB EMIRATES",+97126330440
AL AFDAL MEDICAL CENTER LLC,,,,"M04 BUILDING NO:982 M04 BUILDING NO 982 MINA STREE, MINA STREET TOURIST CLUB, 
Abu Dhabi, UNITED ARAB EMIRATES",
AL AFDAL PHARMACY,,,,"Floor  GROUND FLO  Mina Street   E 13   Building N, Jazeerah, 
Abu Dhabi, UNITED ARAB EMIRATES",+97126334277
AL AFDHAL PHARMACY,,,,"Union Co-Operative Society,Ajman Markets Union Co-, AL JURF, 
Ajman, UNITED ARAB EMIRATES",+971 6 731 1318
AL AFDHAL PHARMACY 1,,,,"Old Dnata Bldg. Baniyas Street, PO Box 22986 Deira, Deira, 
Dubai, UNITED ARAB EMIRATES",+97142283357
AL AFLAJ PHARMACY LLC,,,,"Sheikh Abdullah Bin Ahmed Al Mualla  Floor  GROUND, Falaj Al Mualla, 
Umm Al Quwain, UNITED ARAB EMIRATES",+97168811373
AL AHALIA NATIONAL PHARMACY LLC,,,,"Al Ahli Hospital Company Branch 1 Abu Dhabi Tariff, Musaffah, 
Abu Dhabi, UNITED ARAB EMIRATES",+97128119170
AL AHALIA NATIONAL PHARMACY LLC BRANCH 1,,,,"Al Ahalia National Pharmacy L.L.C.   Branch  Near , Musaffah, 
Abu Dhabi, UNITED ARAB EMIRATES",
AL AHLI HOSPITAL COMPANY BRANCH 1,,,,"Al Ahli Hospital Company Branch 1 Liwa Road  PO Bo, M-24, Mussafah, 
Abu Dhabi, UNITED ARAB EMIRATES",+97128119119
AL AHLIA HOSPITAL COMPANY WLL,,,,"Ahalia Hospital  Floor  1 to 9  Hamdan Street  PO , Next To Ahalia Exchange, Al Markaziyah, 
Abu Dhabi, UNITED ARAB EMIRATES",+97126262666
AL AHLIA MEDICAL CENTRE RAK,,,,"NEAR RAK GASAL JAZAH ROADRAS AL KHAIMAHUAE AL JAZA, AL JAZAH ROAD, 
Ras Al Khaimah, UNITED ARAB EMIRATES",+97172331533
AL AHLIA PHARMACY RAK BRANCH,,,,"NEAR RAK GASAL JAZAH ROADRAS AL KHAIMAHUAE AL JAZA, AL JAZAH ROAD, 
Ras Al Khaimah, UNITED ARAB EMIRATES",+97172275993
AL AHLIA REGIONAL MEDICAL CENTRE,,,,"Al Ahalia Regional Medical Centre  Floor     S118 , Al Mussalla, 
Sharjah, UNITED ARAB EMIRATES",+97165621700
AL AHLIAH PHARMACY SHARJAH,,,,"Sheikh Zayed Street, Opp Kalyan Silks, Near Clock , MAISALOON, 
Sharjah, UNITED ARAB EMIRATES",+97165313698
AL AHLIYA GRAND PHARMACY,,,,"Hamid Manea Elmansoori Shop No. 1 2, Floor: GROUND, South Area, 
Abu Dhabi, UNITED ARAB EMIRATES",+97124498382
AL AHRAM PHARMACY AL SATWA,,,,"Bin Daen Building  PO Box 19382 Al Satwa, Al Satwa, 
Dubai, UNITED ARAB EMIRATES",+97142641808
AL AIN AHLI MEDICAL CENTRE,,,,"Near Planning Roundabout  Opp To Hsbc Sheikh Khali, 
Al Ain, UNITED ARAB EMIRATES",+97137559990
AL AIN AL AHALIA PHARMACY,,,,"Al Ain Al Ahalia Pharmacy, Floor: Ground, Shabiya , 
Abu Dhabi, UNITED ARAB EMIRATES",+97126262666
AL AIN HOSPITAL,,,,"Shakboot Bin Sultan Street, PO Box 1006, 
Al Ain, UNITED ARAB EMIRATES",+97137023905
AL AIN PHARMACY,,,,"Khaleefa Street, PO Box 1667, 
Al Ain, UNITED ARAB EMIRATES",+97137655120
AL AIN SPECIALIZED MEDICAL CENTER,,,,"Mubarak Al Mansoun Building  Floor  1  Office   11, Al Muraba???A,??Al Ain, 
Al Ain, UNITED ARAB EMIRATES",+9717646788
AL AJWAH PHARMACY LLC,,,,"Muweilah Commercial Bldg. No. 6 Shop No. 2,Opposit, MUWEILAH, 
Sharjah, UNITED ARAB EMIRATES",+971 6 702 3555
AL AMAL HOSPITAL,,,,"AL AWEER ROAD AL AWEER, AL AWEER, 
Dubai, UNITED ARAB EMIRATES",9714 5192021
AL AMAN MEDICAL CENTER LLC,,,,"Kanoo Group Building - 201 - next to ADCB Metro - , 
Dubai, UNITED ARAB EMIRATES",+97142288490
AL AMANAH MEDICAL CENTER,,,,"Al Mubarak Center, Floor: 3RD  FLOOR, 308  / Aroub, Nabba, 
Sharjah, UNITED ARAB EMIRATES",+97165615545
AL AMAZON PHARMACY,,,,"Borj Al Arab Building, Floor: G, Hamdan Street, PO, 
Abu Dhabi, UNITED ARAB EMIRATES",+97126229774
AL AMEEN MEDICAL CENTRE,,,,"Gift Land Bldg Floor: MEZZANINE, Najda Street, PO , Between Al Maha Rotana & Wear Mart, 
Abu Dhabi, UNITED ARAB EMIRATES",+97126339722
AL AMEEN PHARMACY,,,,"Al Ameen  Pharmacy, Floor: Ground, Somali Street, , Naif, 
Dubai, UNITED ARAB EMIRATES",+97142713695
AL ANBER PHARMACY,,,,"Al Mabrooka Building, Floor: Ground, Khalid Bin Wa, Bur Dubai, 
Dubai, UNITED ARAB EMIRATES",+97143973396
AL AQSA PHARMACY LLC,,,,"Genuaa Supermarket Building, Floor: GROUND, Behind, Al Tawoon, 
Sharjah, UNITED ARAB EMIRATES",+97165774704
AL ASDIQAA PHARMACY,,,,"SHOP 4, BLOCK Q, G FLOOR INDUSTRIAL AREA AL HAIL, AL HAIL, 
Fujairah, UNITED ARAB EMIRATES",0551413694
AL ATTAR DENTAL CLINIC,,,,"Abu Dhabi Commercial Bank, Floor: M4, Khalifa Bin , Town Square, 
Al Ain, UNITED ARAB EMIRATES",+97137650990
AL ATTAR PHARMACY,,,,"sheikh sheba bulding  Floor  Ground   Sheikh Humai, Karama, 
Ajman, UNITED ARAB EMIRATES",+97167427142
AL AWEER SOCIETY PHARMACY BR OF AL SHAFAR PHA,,,,"Union Coperative Society, Floor: Ground, Al Aweer,, Aweer, 
Dubai, UNITED ARAB EMIRATES",+97143201900
AL AWIR HEALTH CENTER,,,,"Near Emirates Pertol Station Alaweer AL AWEER, AL AWEER, 
Dubai, UNITED ARAB EMIRATES",9716 5386444
AL AZHAR AL JADEEDA PHARMACY JEBEL ALI,,,,"Inside Madeena Supermarket Jebel Ali Industrial Ar, Jebel Ali, 
Dubai, UNITED ARAB EMIRATES",+97148800703
AL AZHAR CLINIC 4 BR OF AL AZHAR CLINIC LLC,,,,"Xpo Mall  Floor  GROUND FLO  Madinat Hypermarket  , Jebel Ali, 
Dubai, UNITED ARAB EMIRATES",+97148806616
AL AZHAR CLINIC BR JEBEL ALI,,,,"Al Azhar Clinic   Br Jebel Ali Jebel Ali Industria, Jebel Ali, 
Dubai, UNITED ARAB EMIRATES",+97148800545
AL AZHAR CLINIC DIP,,,,"Ali Mesmar Shoping Mall Behind Ramala Mkt. Dubai I, Jebel Ali, 
Dubai, UNITED ARAB EMIRATES",+97148813666
AL AZHAR CLINIC DIP 2 BR,,,,"Parco Supermarket Dubai Investment Park, PO Box 69, Jebel Ali, 
Dubai, UNITED ARAB EMIRATES",+97148870370
AL AZHAR PHARMACY DIP,,,,"Ali Mesmar Shoping Mall  Inside Madina Behind Rama, Dubai Investment Park, 
Dubai, UNITED ARAB EMIRATES",+97148813666
AL BAHRI DENTAL CLINIC,,,,"Shk. Ahmed Bint Suroor Bldg Floor: MEZZANINE, Main, Clock Tower, 
Al Ain, UNITED ARAB EMIRATES",+97137643273
AL BANNA MEDICAL CENTRE,,,,"Mirage Building  2  Floor  2  Industrial Area 3  N, Infront Of Arabian Jerusalem, 
Sharjah, UNITED ARAB EMIRATES",+97165752233
AL BARASHI PHARMACY LLC,,,,"Sharjah Cooperative Society Barashi, Al Bedea Subu, BARASHI, 
Sharjah, UNITED ARAB EMIRATES",+971 6 5248828
AL BARSHA ALNOOR POLYCLINIC PLANET PHARMACY,,,,"Elite Business Centre? 3rd Floor, Room Number 301 , AL BARSHA 1, 
Dubai, UNITED ARAB EMIRATES",04-3315197
AL BARZA PHARMACY,,,,"Heirs Mohd Jaber Rashed Al Hamely, Floor: GF, Khal, Near Technical Scissors Company, 
Abu Dhabi, UNITED ARAB EMIRATES",+97126659172
AL BASSAM PHARMACY,,,,"Al Bassam Tower Buhaira Corniche  PO Box 64878 L M, L Majaz 3,??Al Majaz District, 
Sharjah, UNITED ARAB EMIRATES",+97165379446
AL BATEEN FAMILY MEDICINE CLINIC,,,,"Al Bateen Family Medicine Clinic  PO Box 51900, 
Abu Dhabi, UNITED ARAB EMIRATES",+97126666071
AL BATEEN PHARMACY,,,,"Al Otaiba Building, Floor: Ground, Electra Street,, Near Eldardo Cinema, 
Abu Dhabi, UNITED ARAB EMIRATES",+97126766610
AL BAYAN MEDICAL CENTRE,,,,"Sherinas Building, Floor: First, NAIF ROAD MAIN ST, Deira, 
Dubai, UNITED ARAB EMIRATES",+97142719008
AL BIDYA HEALTH CENTER,,,,"After Al walia after adbara bidiyah main street ne, Al?Bidya, 
Fujairah, UNITED ARAB EMIRATES",9714-6656123
AL BORG DIAGNOSTIC CENTER FOR LABORATORY ABU DHABI,,,,"Bin Arar Bldg   Floor  1  Al Najda St. Branch  PO , Al Najda St. Branch, 
Abu Dhabi, UNITED ARAB EMIRATES",+97126761221
AL BORG DIAGNOSTIC CENTER FOR LABORATORY DUBAI,,,,"104 Century 21, Floor: FIRST, Abu Baker Al Siddiqu, Deira, 
Dubai, UNITED ARAB EMIRATES",+97142977780
AL BURHAN PHARMACY LLC,,,,"Blue Building, Floor: GROUND,  PO Box 2797 Abushag, Abushagara, 
Sharjah, UNITED ARAB EMIRATES",+97142344430
AL BURJ MEDICAL LAB,,,,"Crystal Plaza Al Buheira Corniche Road Buheira Al , Al Buheira, 
Sharjah, UNITED ARAB EMIRATES",+97165752102
AL BUSTAN MEDICAL CENTER,,,,"Near Lucky Centre  PO Box 1840 Jurf, Jurf, 
Ajman, UNITED ARAB EMIRATES",+971674882021
AL BUSTAN PHARMACY AJMAN,,,,"Jurf 1, PO Box 1840 Al Jurf, Al Jurf, 
Ajman, UNITED ARAB EMIRATES",+97167448322
AL BUSTAN PHARMACY SHARJAH,,,,"Near Al Nahda Park, Floor: GROUND, MALAKA STREET, , Al Nahda, 
Sharjah, UNITED ARAB EMIRATES",+97165309963
AL BUTEENA PHARMACY LLC,,,,"Al Buteena Pharmacy Llc, Floor: GROUND FLO, Bu Tin, Bin Kadir Building, 
Sharjah, UNITED ARAB EMIRATES",+97165657551
AL CORNICHE HOSPITAL,,,,"United Arab Emirates, Next To Sheraton Hotel, Next To Sheraton Hotel, 
Abu Dhabi, UNITED ARAB EMIRATES",+97126724900
AL CORNICHE WOMEN HEALTH CENTER,,,,"Po Box 3788  Corniche Hospital   Abu Dhabi  PO Box, Al Rawda Area, 
Abu Dhabi, UNITED ARAB EMIRATES",+97126724900
AL COURNICHE PHARMACY LLC,,,,"Corniche Plaza  2 Al Majaz, 
Sharjah, UNITED ARAB EMIRATES",+97165751222
AL DABBAYIA PHARMACY,,,,"RAMS Dhabiyya ClinicPO BOX 898RAMS DhabiyyaAbu Dha, RAMS Dhabiyya, 
Abu Dhabi, UNITED ARAB EMIRATES",97126023882
AL DAMAN PHARMACY,,,,"Haimd Al Mazrroui, Floor: Ground, Electra Street, , Electra, 
Abu Dhabi, UNITED ARAB EMIRATES",+97126320909
AL DARARY PHARMACY,,,,"Khan Saheb Building, Floor: GROUND, Near Pakistani, 1st Industrial Area, 
Sharjah, UNITED ARAB EMIRATES",+97165422188
AL DAS MEDICAL CLINIC,,,,"Shoreline Apts  Al Das Building No 10  Floor  G  S, Palm Jumeirah, 
Dubai, UNITED ARAB EMIRATES",+97144529998
AL DEYAFA MEDICAL CENTRE,,,,"Al Maha Twin Tower   A Block  Floor  GROUND FLO  A, Al Nahda Park Round About, 
Sharjah, UNITED ARAB EMIRATES",+97165301717
AL DHAFRA FIELDS PHARMACY,,,,"Floor  GROUND FLO  Industrial Area  Beda Zayed  PO, 
Abu Dhabi, UNITED ARAB EMIRATES",+97128845273
AL DHAFRA MODERN CLINIC,,,,"Floor  1ST  Beda Zayed  PO Box 58991 Industrial Ar, Industrial Area, Western Region, 
Abu Dhabi, UNITED ARAB EMIRATES",+97128846651
AL DHAID HEALTH CENTER,,,,"Al Dhaid Sharjah Al Dhaid, Al Dhaid, 
Sharjah, UNITED ARAB EMIRATES",9714-6656138
AL DHAID HOSPITAL,,,,"PO Box 12550 Al Dhaid, Al Dhaid, 
Sharjah, UNITED ARAB EMIRATES",97168828777
AL DHAID MEDICAL CENTRE,,,,"101 Sheikh Mohair Building, Floor: FIRST,  PO Box , Al Dhaid, 
Sharjah, UNITED ARAB EMIRATES",+97168823535
AL DHANNAH HOSPITAL,,,,"Ruwais City Mall Road, PO Box 11879, 
Abu Dhabi, UNITED ARAB EMIRATES",+97126020603
AL DHARFA FAMILY MEDICINE CENTER,,,,"Al Dharfa Family Medicine Center Al Gharbia Area, , Madinat Zayed, 
Abu Dhabi, UNITED ARAB EMIRATES",+97128741666
AL DHIA PHARMACY LLC,,,,"Muweilah  Industrial Area - Muwailih Commercial??, Industrial Area - Muwailih Commercial??, 
Sharjah, UNITED ARAB EMIRATES",
AL DHUHA MEDICAL CENTRE,,,,"Al  Shurafa 1, Floor: 1ST, Sheikh Rashid Bin Humai, Rumailah, 
Ajman, UNITED ARAB EMIRATES",+97167405633
AL DIGDAGAH HEALTH CENTER,,,,"Airport road next to the policestation AlDigdaga n, Digdaga, 
Ras Al Khaimah, UNITED ARAB EMIRATES",9714-6656137
AL DIYAFA MEDICAL DIAGNOSTIC CENTRE,,,,"Posh Area, Floor: 2ND FLOOR, Al Wasl Main Road, PO, Jumairah 1, 
Dubai, UNITED ARAB EMIRATES",+97143457100
AL DIYAFA MODERN MEDICAL CENTRE,,,,"Villa   196 B  Floor  2ND FLOOR  Al Wasl Road  PO , Jumairah 1, 
Dubai, UNITED ARAB EMIRATES",+97143454945
AL DORRA PHARMACY BR OF ASTER AL SHAFAR PHARM,,,,"Villa 351  Floor  GROUND FLO  Beach Park Near Medc, Jumeira, 
Dubai, UNITED ARAB EMIRATES",+97143478481
AL DUNIA MEDICAL CENTER LLC,,,,"9 10 Al Shamsi Building  Floor  GROUND  3rd Indust, Industrial Area 12, 
Sharjah, UNITED ARAB EMIRATES",+97165546644
AL EHSAN PHARMACY DUBAI,,,,"NA  Floor  Ground  Street   30b  Hor Al Anz  Opp. , Deira, 
Dubai, UNITED ARAB EMIRATES",+97142975986
AL ELAJ PHARMACY LLC,,,,"Al Shahba Plaza Wasit St PO Box 41496, 
Sharjah, UNITED ARAB EMIRATES",+97165583058
AL ENAYAH AL FAIQAH PHARMACY,,,,"Safeer Mall King Faisal Street,, 
Sharjah, UNITED ARAB EMIRATES",+97165303890
AL ENWAN PHARMACY LLC,,,,"RAK Bank Building,Behind Rak Bank Meena Road, Down, AL MARIJA, 
Sharjah, UNITED ARAB EMIRATES",+971 6 555 9111
AL ETIHAD DIAGNOSTIC CENTER,,,,"AL MANARA JUNCTION  VILLA 875  Floor     Al Wasl R, Umm Suqeim 1, 
Dubai, UNITED ARAB EMIRATES",+97143952231
AL FAIEZ MEDICAL CENTRE,,,,"Moadad Saeed Huweiden Bldg Al Madam Raod, PO Box 1, Al Madam, 
Sharjah, UNITED ARAB EMIRATES",+97168861202
AL FAISAL PHARMACY LLC,,,,"Choitram, Floor: Ground, Al Wasl Road, PO Box 5058, Jumeira, 
Dubai, UNITED ARAB EMIRATES",+97143485102
AL FAJER PHARMACY,,,,"AL OWIS BUILDING King Abdul Aziz Street, PO Box 26, 
Sharjah, UNITED ARAB EMIRATES",+97165735233
AL FALAH HEALTHCARE CENTER,,,,"9 Panama St Al Falah, 
Abu Dhabi, UNITED ARAB EMIRATES",
AL FAQA PRIMARY HEALTH CARE CENTER,,,,"United Arab Emirates,, 
Al Ain, UNITED ARAB EMIRATES",+97137331122
AL FARAH AL HADITHAH PHARMACY LLC,,,,"CG MALL GROUND FLOOR SHOP 1 GROUND FLOOR CG MALL A, AL QASMIAH, KING FAISAL ST, 
Sharjah, UNITED ARAB EMIRATES",9715746066
AL FARAH PHARMACY LLC DUBAI,,,,"Al Qamzi Building  PO Box 234959 Behind Sahara Cen, Behind Sahara Centre, Al Nahda 1, 
Dubai, UNITED ARAB EMIRATES",+97142507307
AL FARAH PHARMACY LLC SHARJAH,,,,"PO Box 44990 Al Nahda, Al Nahda, 
Sharjah, UNITED ARAB EMIRATES",+97165363707
AL FARDAN CENTRE PHARMACY LLC,,,,"Inside Al Fardan Centre Buhaira Corniche Rd, PO Bo, 
Sharjah, UNITED ARAB EMIRATES",+97143441122
AL FARDOOS PHARMACY BR OF AL SHAFAR PHARMACIE,,,,"Building No.Q4  International City  PO Box 50585, , Dubai International City, 
Dubai, UNITED ARAB EMIRATES",+97144410590
AL FARES PHARMACY,,,,"Khalaf Rashed Al Nayeli Building Al Taawun Road, P, Taawun, 
Sharjah, UNITED ARAB EMIRATES",+97165304212
AL FAROOQ PHARMACY LLC,,,,"Juma Al Majid Building  Floor  GROUND  Next To Ree, Opp Sahara Centre, Al Nahda, 
Sharjah, UNITED ARAB EMIRATES",+97165315343
AL FASEEL FAMILY HEALTH PROMOTION CENTER,,,,"Opposite Al?Basara?Road AL FASEEL AL FASEEL, AL FASEEL, 
Ras Al Khaimah, UNITED ARAB EMIRATES",9719 2365135
AL FAYHA PHARMACY,,,,"Flamingo Mall Zorah  PO Box 12930 Jurf, Jurf, 
Ajman, UNITED ARAB EMIRATES",+97167464842
AL FIDA MEDICAL CENTRE,,,,"Al Attar Shopping Mall, Floor: 127,  Kuwait Rd, PO, Al Karama, 
Dubai, UNITED ARAB EMIRATES",+97143355357
AL FURQAN MEDICAL CENTRE,,,,"Salem Saeed Omai Al Jaberi Bldg M 2179, Floor: M, , Industrial Area 11, 
Sharjah, UNITED ARAB EMIRATES",+97168861710
AL FURQAN PHARMACY LLC,,,,"Mattar Building, Floor: GROUND, Madam, PO Box 4843, 
Sharjah, UNITED ARAB EMIRATES",+97168861030
AL GARHOUD PRIVATE HOSPITAL,,,,"Al Garhoud, PO Box 639, Airport Road Al Garhoud, Al Garhoud, 
Dubai, UNITED ARAB EMIRATES",+97144545000
AL GHAIL PHARMACY,,,,"Sheikha Ayesha Building Al Ghail Road RAK AL GHAIL, AL GHAIL ROAD, 
Ras Al Khaimah, UNITED ARAB EMIRATES",97172580010
AL GHALLAN ISLAND CLINIC,,,,"Al Ghallan Island ClinicPO BOX 303CENTRAL ISLAND O, CENTRAL ISLAND Oilfield, 
Abu Dhabi, UNITED ARAB EMIRATES",97126023882
AL GHARAFA MEDICAL CENTRE LLC,,,,"A Block  Above L Ahalia Exchange  Floor  THIRD  Sh, Bustan Karama Plaza, 
Ajman, UNITED ARAB EMIRATES",+97167448322
AL GHARBIA MOBILE MAMMOGHRAPHY UNIT,,,,"Al Gharbia Mobile Mammoghraphy Unit, Floor:   PO B, 
Abu Dhabi, UNITED ARAB EMIRATES",+97128942000
AL GHUBAIBA PHARMACY,,,,"Ice Factory Building  Floor  GROUND  Near Shindaga, Bur Dubai, 
Dubai, UNITED ARAB EMIRATES",+97143266042
AL HADHAR PHARMACY LLC,,,,"Al Salam Building Al Khan Road, PO Box 70069, 
Sharjah, UNITED ARAB EMIRATES",06-5545487
AL HAJIS PHARMACY LLC,,,,"Shop No. 5,7 & 8 King Hashim Muhammed Saleh Al Mar, AL ABAR, 
Sharjah, UNITED ARAB EMIRATES",+971 6 5353724
AL HAKEEM LAND PHARMACY,,,,"Shop No:6 Street No:16, Al Khalidiyah, Al Khalidiyah, 
Abu Dhabi, UNITED ARAB EMIRATES",+97126669665
AL HALAH HEALTH CENTER,,,,"Al Halah Emirate of Fujairah Al Halah, Al Halah, 
Fujairah, UNITED ARAB EMIRATES",9714-6656120
AL HAMEDIA HEALTH CENTER,,,,"Hamidiya street,opposite Hamidiya police station A, Al Hamidiya 2, 
Ajman, UNITED ARAB EMIRATES",9716 7492353
AL HAMEEDIYA PHARMACY LLC,,,,"Abdullah, Floor: GROUND  FL, Al Meena Street, PO B, Rolla, 
Sharjah, UNITED ARAB EMIRATES",+97165213314
AL HAMRANIA HEALTH CENTER,,,,"Airport road after alhamrania schOol for Boys Al H, Al Hamraniyah, 
Ras Al Khaimah, UNITED ARAB EMIRATES",9717 2436332
AL HAMREYAH HEALTH CENTER,,,,"Abu Baker Al Siddique Street Al Hamriya West Abu B, Abu Baker Al Siddique, 
Sharjah, UNITED ARAB EMIRATES",9714-6656205
AL HAMRIA PHARMACY LLC,,,,"Al Badar Tower Shop No.2,Near Hot Burger Al Nahda,, AL NAHDA, 
Sharjah, UNITED ARAB EMIRATES",+971 6 521 8887
AL HANA MODERN MEDICAL CENTER LLC,,,,"Al Hana Shopping Center Building, Floor: SECOND, A, Jafiliya, 
Dubai, UNITED ARAB EMIRATES",+97143250034
AL HARAMAIN PHARMACY,,,,"Al Nahda Tower, Floor: G, Al Nahda, PO Box 50585 S, Sharjah, 
Sharjah, UNITED ARAB EMIRATES",+97165316779
AL HASHMI MEDICAL CENTRE,,,,"105  106  107 Al Hamidi Building  Floor  1  Sheikh, 
Sharjah, UNITED ARAB EMIRATES",+97192386795
AL HAWI PHARMACY,,,,"Naser Square, PO Box 71246 Deira, Deira, 
Dubai, UNITED ARAB EMIRATES",+97143441122
AL HAYER PRIMARY HEALTH CARE CENTER,,,,"United Arab Emirates,, 
Al Ain, UNITED ARAB EMIRATES",+97137321511
AL HEKMAH PHARMACY LLC,,,,"Mohd Shafiq Rana Bldg, Floor: GROUND FLO, Kuwait R, Nauimia Area, 
Ajman, UNITED ARAB EMIRATES",+97167466689
AL HENDAWY MEDICAL CENTER,,,,"Abu Dhabi Commercial Bank Building, Floor: 4TH & 1, Madinat Zayed, 
Abu Dhabi, UNITED ARAB EMIRATES",+97126213666
AL HIKMA MEDICAL CENTER LLC BRANCH 1,,,,"Al Hikma Medical Center Hamdan Street  Branch 1 Kh, Mushrief Area, 
Abu Dhabi, UNITED ARAB EMIRATES",+97124474435
AL HIKMA MEDICAL CENTRE LLC,,,,"Villa No. 147 12th Street  Opposite Al Forsan Vill, Opposite Al Forsan Village, Khalifa City A, 
Abu Dhabi, UNITED ARAB EMIRATES",+97126720482
AL HILI PRIMARY HEALTH CARE CENTER,,,,"United Arab Emirates,, 
Al Ain, UNITED ARAB EMIRATES",+97137845328
AL HOSN ONE DAY SURGERY CENTER LLC,,,,"Al Sahel Towers 'A' BlockMEZZANINE FLOORAl Khubeir, 
Abu Dhabi, UNITED ARAB EMIRATES",+97126665557
AL HOSN PHARMACY LLC,,,,"Alhilal Bank Building, Floor: GROUND,  PO Box 4141, Corniche, 
Abu Dhabi, UNITED ARAB EMIRATES",+97126661794
AL HSAYAT PHARMACY,,,,"Al Muntasser St PO Box 159 Al Nakheel, Al Nakheel, 
Ras Al Khaimah, UNITED ARAB EMIRATES",+97172277002
AL HUDAIBAH MEDICAL CENTER LLC,,,,"Flat 2 Al Hudaibah Building, Floor: First, Oman St, Al Nakheel, 
Ras Al Khaimah, UNITED ARAB EMIRATES",+97172222188
AL INAYA AL MUTAQADIMAH PHARMACY LLC,,,,"Al Reem Building I Shop No   2  Floor  GROUND FLO , Maliha Road (Sharjah-Kalba Road), 
Sharjah, UNITED ARAB EMIRATES",+97165345663
AL ITEKAL PHARMACY LLC,,,,"2 Al Salam Tower, Floor: FIRST, King Faisal Street, Abu Shagara, 
Sharjah, UNITED ARAB EMIRATES",+97165597232
AL ITIHAD PHARMACY,,,,"Union Pharmacy Building, Floor: GROUND, Jamal Abdu, Majaz, 
Sharjah, UNITED ARAB EMIRATES",+97142397956
AL ITTIHAD HEALTH CENTER,,,,"Sheikh Zayed Road service road after Mazaya Centre, JUMEIRAH, 
Dubai, UNITED ARAB EMIRATES",9714 3421005
AL ITTIHAD POLY CLINIC DIAGNOSTIC CENTRE,,,,"Al Thuras Building Al Ittihad Street /Gulfa Street, Al Swan Area , Opp Lulu Hyper Market Ajman, 
Ajman, UNITED ARAB EMIRATES",+97167441884
AL JABER OPTICAL CENTER AL MUSALLA BRANCH,,,,"Aswaq Mizhar, Floor: GROUND FLO, Al Mizhar First, Al Mizhar First, 
Dubai, UNITED ARAB EMIRATES",+97142845054
AL JABER OPTICAL CENTER BIN SOUQAT BRANCH,,,,"Bin Soughat, Floor: GROUND FLO, Al Rashidiya, Al R, Al Rashidiya, 
Dubai, UNITED ARAB EMIRATES",+97142861180
AL JABER OPTICAL CENTER BR JUMEIRAH BEACH RES,,,,"The Walk   Jbr Sadaf 4  PO Box 1940 Jumeirah Beach, Jumeirah Beach Road, 
Dubai, UNITED ARAB EMIRATES",+97144342727
AL JABER OPTICAL CENTER LLC BR ARABIAN RANCHE,,,,"Arabian Center, Floor: GROUND FLO,  PO Box 1940 Ar, Arabian Ranches 2 Community, 
Dubai, UNITED ARAB EMIRATES",
AL JABER OPTICAL CENTER LLC BR MARINA MALL,,,,"Dubai Marina Mall, Floor: FIRST FLOO,  PO Box 1940, Dubai Marina, 
Dubai, UNITED ARAB EMIRATES",+97143997733
AL JABER OPTICAL CENTER LLC CITY CENTER BRANC,,,,"Deira City Centre, Floor: SECOND FLO, Port Saeed, , Deira, 
Dubai, UNITED ARAB EMIRATES",+97142954400
AL JABER OPTICAL CENTER LLC NEW SPRINGS VILLA,,,,"New Spirngs Village, Floor: GROUND FLO,  PO Box 19, Emirates Hills, 
Dubai, UNITED ARAB EMIRATES",+97144250668
AL JABER OPTICAL CENTER SHEIKH ZAYED ROAD,,,,"Trade Center First   Khalid Abdul Rahim  Floor  GR, Sheikh Zayed 1, 
Dubai, UNITED ARAB EMIRATES",+97143311955
AL JABER OPTICAL CENTRE 7,,,,"Zero 6 Mall, Floor: GROUND FLO, Al Qarain Universi, Al Qarain University Road, 
Sharjah, UNITED ARAB EMIRATES",+97165423636
AL JABER OPTICAL CENTRE AJMAN,,,,"Ajman City Center, Floor: GROUND FLO,  PO Box 1940, 
Ajman, UNITED ARAB EMIRATES",+97167432614
AL JABER OPTICAL CENTRE BR,,,,"Dubai Outlet Mall  Floor  GROUND FLO   PO Box 1940, Dubai- Al Ain Road, 
Dubai, UNITED ARAB EMIRATES",+97144255828
AL JABER OPTICAL CENTRE BR AL JUMEIRAH BRANCH,,,,"Jumeirah Town Center, Floor: GROUND FLO, 8b Street, Jumeirah Beach Road, 
Dubai, UNITED ARAB EMIRATES",+97143429933
AL JABER OPTICAL CENTRE BR ARABIAN PLAZA,,,,"Arabian Center, Floor: GROUND FLO, Al Mizhar, PO B, Khawaneej Road, 
Dubai, UNITED ARAB EMIRATES",+97142845051
AL JABER OPTICAL CENTRE BR DAMAC MALL,,,,"Damac Mall - Al Hebiah Third - DAMAC Hills - Dubai, Damac Mall, 
Dubai, UNITED ARAB EMIRATES",+97143398100
AL JABER OPTICAL CENTRE BR EMIRATES MALL,,,,"Mall Of The Emirates, Floor: GROUND FLO, Al Barsha, Sheikh Zayed Road, 
Dubai, UNITED ARAB EMIRATES",+97143411322
AL JABER OPTICAL CENTRE BR IBN BATUTA,,,,"Ibn Battuta   Shop No. 55  Tunisia Court Al Barsha, Al Barsha 1, 
Dubai, UNITED ARAB EMIRATES",+97148823750
AL JABER OPTICAL CENTRE BR MIRDIF CITY CENTRE,,,,"Mirdif City Centre, Floor: GROUND FLO,  PO Box 194, Mirdiff, 
Dubai, UNITED ARAB EMIRATES",+97142843771
AL JABER OPTICAL CENTRE L L C ABU DHABI BRANC,,,,"Abu Dhabi Mall, Floor: FIRST FLOO, 2nd Street, PO , Tourist Club Area, 
Abu Dhabi, UNITED ARAB EMIRATES",+97126456111
AL JABER OPTICAL CENTRE LLC,,,,"Me'Aisem City Centre, Floor: GROUND FLO,  PO Box 1, Me'Aisem, 
Dubai, UNITED ARAB EMIRATES",+97145656086
AL JABER OPTICAL CENTRE LLC ARABIAN RANCHES 3,,,,"Wadi Al Safa 5-Dubai Land AR3-GF-15 / Retail 16 Gr, Arabian Ranches, 
Dubai, UNITED ARAB EMIRATES",(04)2294089
AL JABER OPTICAL CENTRE LLC AVENUE MALL,,,,"Al Ain St - 153 Nadd Al Hamar RdShop No G34 Ground, Nad Al Sheba 2, 
Dubai, UNITED ARAB EMIRATES",97142669496
AL JABER OPTICAL CENTRE LLC BRANCH AL BARSHA,,,,"Galleria Mall, Floor: GROUND FLO,  PO Box 1940 Al , Al Barsha, 
Dubai, UNITED ARAB EMIRATES",+97143417898
AL JABER OPTICAL CENTRE LLC BRANCH DUBAI FESTIVAL CITY,,,,"Dubai Festival City, Floor: GROUND FLO, Al Rebat S, Zone 8, 
Dubai, UNITED ARAB EMIRATES",+971423510016
AL JABER OPTICAL CENTRE LLC BRANCH FESTIVAL P,,,,"Dubai Festival Plaza, Floor: GROUND FLO, Jabal Ali, Jabal Ali First, 
Dubai, UNITED ARAB EMIRATES",+97142222597
AL JABER OPTICAL CENTRE LLC BRANCH PALM JUMEIRAH,,,,"Nakheel Mall, Floor: GROUND FLO,  PO Box 1940 Palm, Palm Jumeirah, 
Dubai, UNITED ARAB EMIRATES",+97142225254
AL JABER OPTICAL CENTRE LLC HAMRA MALL,,,,"Shop No GF27 Ground FloorSheikh Mohamed Bin Salem , Al Hamra, 
Ras Al Khaimah, UNITED ARAB EMIRATES",(07)243-1197
AL JABER OPTICAL CENTRE LLC JOUD WEST,,,,"Business Park Motor CityRetail 26 Joud Boulevard W, Business Park Motor City, 
Dubai, UNITED ARAB EMIRATES",(04)3267663
AL JABER OPTICAL CENTRE LLC KHAWANEEJ BRANCH,,,,"Khawaneej Community Centre  PO Box 1940 Khawaneej, Khawaneej, 
Dubai, UNITED ARAB EMIRATES",+97143802380
AL JABER OPTICAL CENTRE LLC NAD AL SHEBA MALL,,,,"Nad Al Sheba Mall - Unit L2-047 Level 2 Nad Al She, Nad Al Sheba-3, 
Dubai, UNITED ARAB EMIRATES",(04)3488406
AL JABER OPTICAL CENTRE LLC SHARJAH,,,,"Sahara Centre, Floor:  GROUND FL, Al Nahda St Al N, Al Nahda, 
Sharjah, UNITED ARAB EMIRATES",+97165315445
AL JABER OPTICAL CENTRE LLC SHJ 2,,,,"Sahara Center, Floor: GROUND FLO,  PO Box 1940, 
Sharjah, UNITED ARAB EMIRATES",+97165542116
AL JABER OPTICAL CENTRE LLC SHJ 8,,,,"Al Zahia City Centre, Floor: FIRST FLOO,  PO Box 1, 
Sharjah, UNITED ARAB EMIRATES",+97165107587
AL JABER OPTICAL CENTRE LLC SHJ 9,,,,"Rahmania Mall, Floor:  GROUND FL,  PO Box 1940, 
Sharjah, UNITED ARAB EMIRATES",+97165107587
AL JABER OPTICAL CENTRE LLC SHJ BR BRANCH 6,,,,"Matajer Mall, Floor: GROUND FLO, Al Matajer Univer, Al Matajer University, 
Sharjah, UNITED ARAB EMIRATES",+97165624372
AL JABER OPTICAL CENTRE LLC SILICON CENTRAL,,,,"Silicon Central PO Box 1940  Ground Floor 011a Sil, Dubai Silicon Oasis, 
Dubai, UNITED ARAB EMIRATES",+97142614762
AL JABER OPTICAL CENTRE LLC THE GROVE,,,,"Unit GF11 Al Barsha Second Dubai Hills Estate, Dubai Hills Estate, 
Dubai, UNITED ARAB EMIRATES",(04)2674220
AL JABER OPTICAL CENTRE LLC THE VALLEY,,,,"Al Ain - Dubai RdUnit number TVL-GF-10 The Valley , Al Ain - Dubai Rd, 
Dubai, UNITED ARAB EMIRATES",(04)2674220
AL JABER OPTICAL CENTRE RAS AL KHAIMAH,,,,"Manar Mall Shop No. 82  Ground Floor, 
Ras Al Khaimah, UNITED ARAB EMIRATES",+97172276761
AL JABER OPTICAL CENTRE SHARJAH,,,,"Sharjah City Centre, Floor: GROUND FLO,  PO Box 19, 
Sharjah, UNITED ARAB EMIRATES",+97165335424
AL JAHLI MEDICAL CENTER,,,,"Al Jahli Medical Center, Floor:   PO Box 15258, 
Al Ain, UNITED ARAB EMIRATES",+971507631900
AL JALILA CHILDRENS SPECIALTY HOSPITAL FZ LLC,,,,"PO Box 7662 Al Jaddaf, Al Jaddaf, 
Dubai, UNITED ARAB EMIRATES",+971508002524
AL JAREENA PHARMACY LLC,,,,"Shop No. 13-1 Azure Beach Residences,Al Khan St. M, MARYAM ISLAND, 
Sharjah, UNITED ARAB EMIRATES",+971 6 5103888
AL JAZEERAH HEALTH CENTER,,,,"Next to physical therapy center near police statio, Al Jazirah Al Hamra, 
Ras Al Khaimah, UNITED ARAB EMIRATES",9717 2445568
AL JEER HEALTH CENTER,,,,"Aljeer street next to Aljamee mosque,near the groc, Al?Jeer, Ras?Al?Khaimah, 
Ras Al Khaimah, UNITED ARAB EMIRATES",9717 2681965
AL JUMA PHARMACY,,,,"Al Sherouq Building, Floor: Ground, Opp. Old Lulu , Al Karama, 
Dubai, UNITED ARAB EMIRATES",+97143348981
AL KAMAL MEDICAL POLYCLINICS L.L.C S.P,,,,"Al Kamal Medical Centre Llc, Floor: 1st Floor, Kha, Khalidya Jernain Mall, 
Abu Dhabi, UNITED ARAB EMIRATES",+97126651464
AL KAMAL PHARMACY,,,,"Al Kamal Pharmacy  Floor  1  Khalidiya Street Jern, 1st Floor-Oppsite To Adcb Bank, 
Abu Dhabi, UNITED ARAB EMIRATES",+97126651464
AL KANARY MEDICAL CENTRE,,,,"Fatima Saif Bldg Shop 7/8 Muweilah Commercial, PO , National Paints, 
Sharjah, UNITED ARAB EMIRATES",+97165344439
AL KANARY PHARMACY,,,,"Near National Paints Emirates Road To Ajman, PO Bo, Industrial Area, 
Sharjah, UNITED ARAB EMIRATES",+97165352980
AL KANZ PHARMACY,,,,"Near Al Douri Mart Abi Backer Al Sidiq Rd, PO Box , Deira, 
Dubai, UNITED ARAB EMIRATES",+97143441122
AL KARAMA MEDICAL CLINIC,,,,"Old Municipality Market Sector 7  Floor  MEZZANINE, 
Abu Dhabi, UNITED ARAB EMIRATES",+97125834988
AL KARAMA PHARMACY RAK,,,,"Sulthan Matar Building  Floor  GROUND FLO  Oman St, 
Ras Al Khaimah, UNITED ARAB EMIRATES",+97172228111
AL KAYAN PHARMACY LLC,,,,"Poems Ras-Al-Khaimah Bldg. No. 1 Ground Floor, Sho, AL JUWAIS, 
Ras Al Khaimah, UNITED ARAB EMIRATES",+971 7 2464566
AL KHAIR COMMUNITY PHARMACY,,,,"City Bay Business Centre, Floor: GROUND FLO, Hor A, Hor Al Anz East, 
Dubai, UNITED ARAB EMIRATES",+97142505768
AL KHALEEJ PHARMACY,,,,"Ibin Sina Medical Centre, Floor: GROUND, Al Quds, , Nr.Emirates Nbd Ajman Br, 
Ajman, UNITED ARAB EMIRATES",+97167457755
AL KHALIDIYA HEALTH CENTER,,,,"Al?Khan Road Al Khalidia St Al?Khan Roan, Al?Khan Roan, 
Sharjah, UNITED ARAB EMIRATES",9714-6656205
AL KHAN PHARAMCY,,,,"barkat building shope 1 Eid musalla road AL MAHATT, AL MAHATTA, 
Fujairah, UNITED ARAB EMIRATES",97192234154
AL KHAN PHARMACY LLC,,,,"Hala Building Damascuss Street, Al Qusais 2, Al Qusais 2, 
Dubai, UNITED ARAB EMIRATES",+97142641808
AL KHATIM HEALTH CENTER,,,,"Ground Floor  Abu Dhabi Al Ain Road  PO Box 111355, 
Abu Dhabi, UNITED ARAB EMIRATES",+97125641192
AL KHAZAN HEALTH CENTER,,,,"Al Bootain  Al Hamrah Al Hamrah, Al Hamrah, 
Umm Al Quwain, UNITED ARAB EMIRATES",9716 7660399
AL KHAZNAH PRIMARY HEALTH CARE CENTER,,,,"Abu Dhabi, UNITED ARAB EMIRATES",+97125661350
AL KHULAIBIA HEALTH CENTER,,,,"14/18, Dibba-Masafi Road, Fujairah Municipality, F, Dibba, 
Fujairah, UNITED ARAB EMIRATES",9714-6656205
AL LUBNANI MEDICAL CENTER LLC DUBAI BRANCH,,,,"Al Garhoud autism center 2nd floor office 209-210 , AL GARHOUD, 
Dubai, UNITED ARAB EMIRATES",9714-2288766
AL LUBNANI MEDICAL CENTER LLC SHARJAH BRANCH,,,,"Majestic Tower same as feras sweets 7th floor (703, AL MAMZAR, 
Sharjah, UNITED ARAB EMIRATES",97165652929
AL LULU RAK PHARMACY LLC,,,,"Rak Mall, Floor: GROUND FLO, Al Khuzam, PO Box 295, Ras Al Khaima, 
Ras Al Khaimah, UNITED ARAB EMIRATES",+97172264393
AL MADAM HEALTHCARE,,,,"Al Madam along Dubai-Hatta Road Al Madam, Al Madam, 
Sharjah, UNITED ARAB EMIRATES",9714-6656206
AL MADAR MEDICAL CENTER AJMAN,,,,"Al Ghumlasi Building  Floor  203 205  Sheikh Khali, Al Nuaimiyah, 
Ajman, UNITED ARAB EMIRATES",+97167412202
AL MADAR MEDICAL CENTER PHARMACY,,,,"Al Madar Medical Center Pharmacy  25 Street  PO Bo, Al Jimi Al Ameria, 
Al Ain, UNITED ARAB EMIRATES",
AL MADAR MEDICAL CENTER SHARJAH,,,,"Al Bassam Tower, Floor: First 102, Corniche Road, , Buhairah, 
Sharjah, UNITED ARAB EMIRATES",+97165548558
AL MADINA AL SANAIYA PHARMACY,,,,"Al Madina Al Sanaiya Pharmacy Inside Madeena Mkt, , Gemzi Complex, 
Dubai, UNITED ARAB EMIRATES",+97143406761
AL MADINA HEALTH CENTER AJMAN,,,,"SheikH Rachid bin humaid opposite of LULU center A, Al Rashidiya 3, 
Ajman, UNITED ARAB EMIRATES",9716 701 8930
AL MADINA HEALTH CENTER FUJAIRAH,,,,"Alsafir Roundabout Al salamh Road opposite Family , AL MADINA, 
Fujairah, UNITED ARAB EMIRATES",09 2224811
AL MADINAH PHARMACY LLC,,,,"Huwaidan Bldg Dubai   Hatta Road  PO Box 13437 Mad, Madam, 
Sharjah, UNITED ARAB EMIRATES",+97168861018
AL MAERID HEALTH CENTER,,,,"Al Maerid, Ahmad Bin Majed Street Al?Seer?/?Al?Mae, Al?Seer?/?Al?Maerid, 
Ras Al Khaimah, UNITED ARAB EMIRATES",9717 2024999
AL MAGD MEDICAL CENTER SOLE PROPRIETORSHIP LL,,,,"Ghamran Butti Suwaidan Al Qubaisi Al Ain Industria, Behind Al Masood Motors,Saniya, 
Al Ain, UNITED ARAB EMIRATES",+97137216406
AL MAHER SPECIALITY MEDICAL CLINIC,,,,"Modern Building, Floor: THIRD, King Faisel Street,, Abu Shagara, 
Sharjah, UNITED ARAB EMIRATES",+97165420066
AL MAJAZ PHARMACY,,,,"Al Majaz Pharmacy Jamal Abul Naser Street, PO Box , Al Majaz, 
Sharjah, UNITED ARAB EMIRATES",+97165599799
AL MALEHA PHARMACY,,,,"Al Hisn Square Main Street, PO Box 12945 Al Dhaid, Al Dhaid, 
Sharjah, UNITED ARAB EMIRATES",+97168826855
AL MALIHA MEDICAL CENTER,,,,"Al Hisn Square Main Street, PO Box 12945 Al Dhaid, Al Dhaid, 
Sharjah, UNITED ARAB EMIRATES",+97168823334
AL MANAL DENTAL CENTER,,,,"Shaikha Mariam Bin Hamdan Building  Floor  21  Cor, Al Markaziya, 
Abu Dhabi, UNITED ARAB EMIRATES",+97126224006
AL MANAMA HEALTH CENTER,,,,"Manama Ajman near Shamil Police station Manama, Manama, 
Ajman, UNITED ARAB EMIRATES",97146656205
AL MANARA AL BAHIA PHARMACY,,,,"Deerfield Mall  Floor  GROUND  Al Bahia  PO Box 30, Deerfield,All Bahia, 
Abu Dhabi, UNITED ARAB EMIRATES",+97125635059
AL MANARA AL RAEDA PHARMACY,,,,"Al Ghurair Centre  Floor  GROUD  Al Rigga Street  , 
Dubai, UNITED ARAB EMIRATES",+97142952871
AL MANARA AL RUWAIS PHARMACY,,,,"Al Ruwais Mall  Floor  GROUND  Ruwais  PO Box 3084, 
Abu Dhabi, UNITED ARAB EMIRATES",+97128760210
AL MANARA ALMANZIL PHARMACY,,,,"Souk Al Manzil, Floor: GROUND, Souk Al Manzil, PO , Downtown Palace, 
Dubai, UNITED ARAB EMIRATES",+97143621161
AL MANARA DENTAL CLINIC,,,,", Floor: M, Khalifa Street, PO Box 64475 Beside Ha, Beside Hardees, 
Al Ain, UNITED ARAB EMIRATES",+97137665441
AL MANARA GLOBAL PHARMACY,,,,"Al Manara Pharmacy Dalia  Floor  GROUND  Al Mina S, Mina Co-Op, 
Abu Dhabi, UNITED ARAB EMIRATES",+97126734777
AL MANARA INTERNATIONAL PHARMACY,,,,"Tower B Al Nahyan Compound, Floor: 1ST FLOOR, Muro, 
Abu Dhabi, UNITED ARAB EMIRATES",+97126427677
AL MANARA KHALIFA CITY,,,,"One Stop Center  Floor  1ST FLOOR  Khalifa City  P, 
Abu Dhabi, UNITED ARAB EMIRATES",+97125562979
AL MANARA PHARMACY,,,,", Floor: GROUND FLO, Al Etihad Tower, PO Box 3084 , Corniche Road, 
Abu Dhabi, UNITED ARAB EMIRATES",+97126269966
AL MANARA PHARMACY 1 BRANCH,,,,"Al Quds St  PO Box 3084 Dafza, Dafza, 
Dubai, UNITED ARAB EMIRATES",+97126814645
AL MANARA PHARMACY AL BAWADI MALL,,,,"Al Bawadi Mall  Floor  GROUND  Zayed Bin Sultan St, Bawadi Mall, 
Al Ain, UNITED ARAB EMIRATES",+97137848802
AL MANARA PHARMACY AL CORNICHE,,,,"Nation Tower, Floor: GROUND, Corniche Road, PO Box, 
Abu Dhabi, UNITED ARAB EMIRATES",+97126675454
AL MANARA PHARMACY ALAIN,,,,"Al Manara Pharmacy Alain  Floor  GROUND  Al Ain Ma, Al Ain Mall, 
Al Ain, UNITED ARAB EMIRATES",+97137516670
AL MANARA PHARMACY BOUTIK MALL,,,,"Boutik Mall  Floor  GROUND  Al Sanaiya  PO Box 308, 
Al Ain, UNITED ARAB EMIRATES",+97137644117
AL MANARA PHARMACY BRANCH,,,,"PO Box 3084 Silicon Oasis, Silicon Oasis, 
Dubai, UNITED ARAB EMIRATES",+97126814645
AL MANARA PHARMACY CAPITAL MALL,,,,"Capital Mall  Floor  GF  Mussafa  PO Box 3084 Moha, Mohammed Bin Zayad City, 
Abu Dhabi, UNITED ARAB EMIRATES",+97124447642
AL MANARA PHARMACY CENTURY MALL,,,,"Century Mall, Floor: GROUND, New Al Anjaimat Road,, 
Fujairah, UNITED ARAB EMIRATES",+97192234792
AL MANARA PHARMACY DUBAI HEALTHCARE CITY,,,,"Building No 49, Floor: GROUND FLO, Dubai Healthcar, Oud Metha, 
Dubai, UNITED ARAB EMIRATES",+97144458490
AL MANARA PHARMACY MAKTUM,,,,"Al Manara Pharmacy  Maktum  Floor  GROUND FLO  Al , Emirates Concorde Hotel, 
Dubai, UNITED ARAB EMIRATES",+97142222032
AL MANARA PHARMACY MARINA MALL,,,,"Marina Mall, Floor: 1ST FLOOR, Al Corniche Street,, Marina Mall, 
Abu Dhabi, UNITED ARAB EMIRATES",+97126817977
AL MANARA PHARMACY RAS ALKHAIMAH,,,,"Corniche Tower Plaza 3  Floor  GROUND FLO  Cornich, 
Ras Al Khaimah, UNITED ARAB EMIRATES",+97172339422
AL MANARA PHARMACY REMAL MALL,,,,"PO Box 3084 Remal Mall, Remal Mall, 
Dubai, UNITED ARAB EMIRATES",+97126814645
AL MANARA PHARMACY WORLD TRADE CENTER,,,,"World Trade Center, Floor: GROUND, Hamdan, PO Box , 
Abu Dhabi, UNITED ARAB EMIRATES",+97126331618
AL MANARA SUNSET PHARMACY,,,,"Sunset Mall  Floor  GROUND FLO  Jumeirah Beach Roa, Jumeira 3, 
Dubai, UNITED ARAB EMIRATES",+97143881820
AL MANARA UNIVERSITY PHARMACY,,,,"American University  Floor  GROUND FLO  University, 
Sharjah, UNITED ARAB EMIRATES",+97165589004
AL MANARAH PHARMACY,,,,"Next To Conceive, Floor: Ground, Taawun Street, PO, Taawun, 
Sharjah, UNITED ARAB EMIRATES",+97165774665
AL MANSOOR MEDICAL CENTER,,,,"Al Moosa, Floor: FIRST, 101 Musalah Rd, PO Box 431, Bur Dubai, 
Dubai, UNITED ARAB EMIRATES",+97143554040
AL MANSOOR PHARMACY,,,,"Al Wahda Road, PO Box 71246 Opp.Sharjah City Centr, Opp.Sharjah City Centre, 
Sharjah, UNITED ARAB EMIRATES",+97143441122
AL MANZIL AL JADEED PHARMACY LLC,,,,"Shop 13 Vegetable And Fruit Market  PO Box 69229-A, Al Aweer, 
Dubai, UNITED ARAB EMIRATES",+97148800703
AL MANZIL PHARMACY DIP 2,,,,"Parco Supermarket Dubai Investment Park 2, PO Box , Jebel Ali, 
Dubai, UNITED ARAB EMIRATES",+97148841441
AL MAQAM PHARMACY SOLE PROPRIETORSHIP LLC,,,,"AL OMRAN TRAINING CENTER BUILDING GROUND FLOOR ZAY, TOWN CENTER, 
Al Ain, UNITED ARAB EMIRATES",97137681188
AL MAQAM PRIMARY HEALTH CARE CENTER,,,,"Al Ain, UNITED ARAB EMIRATES",+97137684380
AL MAQTAA HEALTH CARE CENTER,,,,"Al Maqta - RB9 - Abu Dhabi, 
Abu Dhabi, UNITED ARAB EMIRATES",+97125584611
AL MARIA MEDICAL CENTRE,,,,"Villa 17 Almutnahi, PO Box 149012 Baniyas, Baniyas, 
Abu Dhabi, UNITED ARAB EMIRATES",+97126331330
AL MARINA PHARMACY LLC,,,,"A   Nasr Al Mansoori Bldg  Floor  1  Zayed 2nd Str, 
Abu Dhabi, UNITED ARAB EMIRATES",+97126343454
AL MASOUDI PRIMARY HEALTH CARE CENTER,,,,"Al  Baladiyya Street,, 
Al Ain, UNITED ARAB EMIRATES",+97137023134
AL MATAR PHARMACY LLC,,,,"AL SAUD BUILDING AL SAUD BUILDING, NEAR COOPERATIV, MUWAILEH COMMERCIAL, 
Sharjah, UNITED ARAB EMIRATES",97165460616
AL MAZROUI MEDICAL CENTRE ONE DAY SURGERY LLC,,,,", Floor: 1ST FLOOR, Najda Street, PO Box 54873, 
Abu Dhabi, UNITED ARAB EMIRATES",+97126723232
AL MAZROUI PHARMACY,,,,"Al Mazroui Hospital Building, Floor: GROUND, Al Na, Next To Muitsubishi Showroom, 
Abu Dhabi, UNITED ARAB EMIRATES",+97126714007
AL MEENA MEDICAL CENTRE,,,,", Floor: M2, Zayed Bin Sulthan Road, PO Box 64401, 
Al Ain, UNITED ARAB EMIRATES",+97137654797
AL MEENA PHARMACY LLC,,,,"Sata Bldg Opp Sunrise Medical Center, Floor: G FLO, Um Altaraffa, 
Sharjah, UNITED ARAB EMIRATES",+97165625055
AL MINHA MEDICAL CENTRE,,,,"Ibn Batuta Building, Floor: G, Abu Shagara, PO Box, 
Sharjah, UNITED ARAB EMIRATES",+97165599541
AL MOAALAJ PHARMACY LLC,,,,"Shop 3 City Embassy Building, Floor: GROUND, Saad , Abu Shagara, 
Sharjah, UNITED ARAB EMIRATES",+97165214865
AL MOUSA MEDICAL CENTRE,,,,"Al Mousa Medical Centre Bldg Floor  Ground  Al Was, Jumeirah, 
Dubai, UNITED ARAB EMIRATES",+97143452999
AL MUBARAK CENTER PHARMACY,,,,"Al Mubarak Center Shop No 36&37 Al Sharq Street, P, Al Nabba, 
Sharjah, UNITED ARAB EMIRATES",+97165638034
AL MUHAISNAH HEALTH CENTER,,,,"Near the school the Islamic Medical College for Gi, MUHAISNAH, 
Dubai, UNITED ARAB EMIRATES",04-6656118
AL MULLA PHARMACY,,,,"Saif Bin Derwash  Floor  GROUND  Al Mroor Street 2, 
Abu Dhabi, UNITED ARAB EMIRATES",+97124487704
AL MUNAIE HEALTH CENTER,,,,"18  ?25 E?Street Sakhaber In Al?Munai East Area 9?, Al?Munai?East Area, 
Ras Al Khaimah, UNITED ARAB EMIRATES",9714 8525577
AL MUNIRA CLINIC,,,,"Al Hello Buliding, Floor: 2ND FLOOR, Khalid Bin Wa, Bur Dubai, 
Dubai, UNITED ARAB EMIRATES",+97143522813
AL MUSALLA MED CTR SONAPOOR BR,,,,"Al Musalla Med Ctr   Sonapoor Br  Floor  1ST FLOOR, Al Muhaisnah 2, 
Dubai, UNITED ARAB EMIRATES",+97142641449
AL MUSALLA PHARMACY,,,,"Shaikh Abdullah Ali Al Mahmoud Building, Floor: GR, Rolla, 
Sharjah, UNITED ARAB EMIRATES",+97165218889
AL MUSALLA PHARMACY BR OF ASTER PHARMACIES GR,,,,"Kharbash Building Jumeriah Road, PO Box 50585 Umm , Umm Suqem 1, 
Dubai, UNITED ARAB EMIRATES",+97143284548
AL MUSHRIF CLINIC,,,,"AUH, 
Abu Dhabi, UNITED ARAB EMIRATES",
AL MUSTAQBAL PHARMACY,,,,"Al Mustaqbal Pharmacy SHJ  Floor     Near Bin Lade, Industrial Area 11, 
Sharjah, UNITED ARAB EMIRATES",+97165434698
AL MUWEIJI PRIMARY HEALTH CARE CENTER,,,,"Al Ain, UNITED ARAB EMIRATES",+97137678864
AL NAHDA MEDICAL CENTER,,,,"201 202 Daghaya Tower  Floor  SECOND  Bukhara Stre, 
Sharjah, UNITED ARAB EMIRATES",+97165384466
AL NAHDA PHARMACY SHARJAH,,,,"Al Redha  Bulding, Floor: GROUND FLO, Al Buhairah , 
Sharjah, UNITED ARAB EMIRATES",+97165561122
AL NAHDAH PHARMACY LLC,,,,"Ganda Tower, Al Nahdah, Sharjah UAE AL NAHDA, AL NAHDA, 
Sharjah, UNITED ARAB EMIRATES",+971 4 2641808
AL NAJEM PHARMACY,,,,"Exhibition   Showroom No  9  PO Box 19382 Ajman Ne, Ajman New Industrial Area 2, 
Ajman, UNITED ARAB EMIRATES",+97167468070
AL NAKHEEL PHARMACY RAK,,,,"Shaikh Salem Bin Sultan Saqr Al Qassimi, Floor: Gr, Al Nakheel Area, 
Ras Al Khaimah, UNITED ARAB EMIRATES",+97172226821
AL NASEEM MEDICAL CENTRE LLC,,,,"Dawn Pharmacy Building, Floor: 1, Hamdan Street, P, 
Abu Dhabi, UNITED ARAB EMIRATES",+97126342834
AL NASEEM PHARMACY LLC,,,,"Qusais Manzil, Floor: Ground, Sheikh Rashid Colony, Al Qusais, 
Dubai, UNITED ARAB EMIRATES",+97142635277
AL NASR FIELD CLINIC,,,,"Al Nasr Field ClinicPO BOX 303Al Nasr Field Island, Al Nasr Field Island, 
Abu Dhabi, UNITED ARAB EMIRATES",97126023882
AL NASR PHARMACY,,,,"AL NASR PHARMACY SHEIK KHALID ROAD, PO Box 10887 K, KHORFAKKAN, 
Fujairah, UNITED ARAB EMIRATES",+97192384188
AL NASR PHARMACY LLC,,,,"Main Street Main Street, PO Box 1468 Near Hayath C, Near Hayath Centre, 
Al Ain, UNITED ARAB EMIRATES",+97137655771
AL NEEM PHARMACY LLC BRANCH,,,,"Karakchinno Food Court&Supermarket, Floor: G,  PO , Jafza West Staff Accommodation, 
Dubai, UNITED ARAB EMIRATES",04-8876650
AL NEEM PHARMACY LLC BRANCH,,,,"Commercial center  Opps Access Clinic  Jafza South, Jafza South, 
Dubai, UNITED ARAB EMIRATES",+97148809667
AL NIYADAT PRIMARY HEALTH CARE CENTER,,,,"Al Ain, UNITED ARAB EMIRATES",+97137686050
AL NOOR CLINIC,,,,"101 102 Sheikh Rashid Building  Floor  FIRST  King, Al Riqqa Area, 
Umm Al Quwain, UNITED ARAB EMIRATES",+97167646373
AL NOOR POLYCLINIC AL SATWA BR OF AMBER CLINICS LLC,,,,"Flat 201 Al Bhakitha Bldg, Floor: SECOND, Al Hudai, Satwa, 
Dubai, UNITED ARAB EMIRATES",+97143498100
AL NOOR POLYCLINIC DEIRA LLC,,,,"Saif Bldg Floor: FIRST, Naif Road, PO Box 26160 Na, Naif, 
Dubai, UNITED ARAB EMIRATES",+97142233324
AL NUAMAN DENTAL CENTER,,,,"Khalifa Khalaf Al Mazroui  Bldg. Al  Naser St PO B, 
Abu Dhabi, UNITED ARAB EMIRATES",+97126348482
AL NUZHA PHARMACY,,,,", Floor: GROUND FLO, Buheira Corniche, PO Box 9462, Buheira Corniche, 
Sharjah, UNITED ARAB EMIRATES",+97165454282
AL OLA PHARMACY BR OF ASTER PHARMACIES GROUP,,,,"Al Khatri Building 1, Floor: GROUND, Mamtazar Road, Nakheel Area, 
Ras Al Khaimah, UNITED ARAB EMIRATES",+97172273637
AL OMARAA PHARMACY LLC,,,,"Shop 27 28 Pyramid Building  Floor  GROUND  Sheikh, 
Dubai, UNITED ARAB EMIRATES",+97165244660
AL ORAIBI HOSPITAL,,,,"Al Oraibi Hospital Al Muntasser Street, PO Box 159, Al Nakheel, 
Ras Al Khaimah, UNITED ARAB EMIRATES",+97172288511
AL PLAZA PHARMACY L.L.C.(BRANCH ) MAMZAR,,,,"Shop no. 5,The Crown building, 53rd st, Al mamzar,, AL MAMZAR, 
Dubai, UNITED ARAB EMIRATES",+971 4 3233532
AL PLAZA PHARMACY LLC,,,,"Jumairah Plaza Mall, Floor: GROUND, Jumairah Road,, Jumairah, 
Dubai, UNITED ARAB EMIRATES",+971 4 344 5711
AL PLAZA PHARMACY LLC BRANCH LAGOVISTA,,,,"Lagovista Tower A Shop No. R18,Ground floor, Dubai, DUBAI PRODUCTION CITY, 
Dubai, UNITED ARAB EMIRATES",+971 4 585 8945
AL QABAIL MEDICAL CENTRE LLC,,,,"Al Jimi Workers Village Complex, Floor: GROUND, Ic, Musaffah, 
Abu Dhabi, UNITED ARAB EMIRATES",02 557 5531
AL QADI ADVANCED PHARMACY,,,,"Al Qadi Advanced Pharmacy St.30  Zone2  PO Box 468, Al Khaleej Al Arabi St., 
Abu Dhabi, UNITED ARAB EMIRATES",+97124439955
AL QADI MEDICAL CENTER,,,,"Al Qadi Medical Center Al Khaleej Al Arabi St  PO , St.30, Zone2, 
Abu Dhabi, UNITED ARAB EMIRATES",+97124437777
AL QADI PHARMACY AND ESTABLISHMENT,,,,"Atiqua Bint Isaa Al Hindi  Shop 1 Sheikh Zayed 1st, Next Khalidiya??,Tower Building, 
Abu Dhabi, UNITED ARAB EMIRATES",+97126341122
AL QAMAR PHARMACY,,,,"Muscat, PO Box 32088 Rashideya 3, Rashideya 3, 
Ajman, UNITED ARAB EMIRATES",+97142344430
AL QASER AL AINY PHARMACY,,,,"Al Qaser Al Ainy Pharmacy  Floor  1  Liwa Street B, Corniche Area, 
Abu Dhabi, UNITED ARAB EMIRATES",+97126268802
AL QASIMIAH MEDICAL CLINIC,,,,"ALI MOOSA BUILDINGFLAT NO 108FIRST FLOORPO Box 955, AL SAJA INDUSTRIAL AREA, 
Sharjah, UNITED ARAB EMIRATES",97165310050
AL QASIMIAH PHARMACY LLC,,,,"ALI MOOSA BUILDINGSHO 11 & 12GROUND FLOORPO Box 95, AL SAJA INDUSTRIAL AREA, 
Sharjah, UNITED ARAB EMIRATES",97165310050
AL QASSIMI HOSPITAL,,,,"Wasit Street,Sultan Al Qasimi St, PO Box 3500 Al K, Al Khezamia, 
Sharjah, UNITED ARAB EMIRATES",+97165386444
AL QASSIMI WOMEN S AND CHILDRENS HOSPITAL,,,,"PO Box 3500 Qasemi, Qasemi, 
Sharjah, UNITED ARAB EMIRATES",+97165188795
AL QOSE PHARMACY,,,,"Al Qose Pharmacy, Floor: Ground, Behind Dubai Refr, Al Quoz, 
Dubai, UNITED ARAB EMIRATES",+97143384401
AL QUAA PRIMARY HEALTH CARE CENTER,,,,"SEHA CLINICS Al Quaa - Al Qou - Al Quoa Town - Al , 
Al Ain, UNITED ARAB EMIRATES",+97137356115
AL QURRAYAH HEALTH CENTER,,,,"Qurrayah Al Qurrayah area Fujairah UAE Qurrayah, Qurrayah, 
Fujairah, UNITED ARAB EMIRATES",9714-6656138
AL QUSAIS STAR POLY CLINIC,,,,"Abdulla Sayeed Bilhab Building, Floor: 1ST FLOOR, , Al Qusais Industrial Area 1, 
Dubai, UNITED ARAB EMIRATES",+97142580411
AL RABEE CLINIC,,,,"Baghlaf Alzafer Building  Floor  201  Al Khan Stre, Al Khan, 
Sharjah, UNITED ARAB EMIRATES",+97165391222
AL RAFA MEDICAL CENTER AUH (ASTER),,,,"United Square Building, Floor:  Beside Khalidiya M, Khalidiya, 
Abu Dhabi, UNITED ARAB EMIRATES",+97126266672
AL RAFA POLYCLINIC INTL CITY BRANCH (ASTER),,,,"Russia V   20  PO Box 8703, Dubai International Ci, Dubai International City, 
Dubai, UNITED ARAB EMIRATES",+97144227944
AL RAFA POLYCLINIC TECOM BR (PLUS),,,,"Al Rafa Polyclinic   Tecom Br. Icon Tower  Next To, Barsha Heights, 
Dubai, UNITED ARAB EMIRATES",+97143933033
AL RAFAH PHARMACY DUBAI,,,,"Al Rafah Pharmacy, Floor: Ground, Rafah Street, PO, Bur Dubai, 
Dubai, UNITED ARAB EMIRATES",+97143939402
AL RAFEAH PHARMACY LLC,,,,"GEORGEZ AZIZ BUILDING GEORGEZ AZIZ BUILDING, UNIVE, MUWAILEH COMMERCIAL, 
Sharjah, UNITED ARAB EMIRATES",9715454455
AL RAHA MEDICAL CENTER LLC,,,,"Marina Plaza Muroor Rd, PO Box 44094, 
Abu Dhabi, UNITED ARAB EMIRATES",+97126333924
AL RAHA PHARMACY DR MOOPENS,,,,"Near York International Hotel, Floor: Ground, Khal, Bur Dubai, 
Dubai, UNITED ARAB EMIRATES",+97143523383
AL RAHAH MEDICAL CENTRE LLC,,,,"LATEEFA BUILDING YANBU ST INDUSTRIAL AREA 3, INDUSTRIAL AREA 3, 
Sharjah, UNITED ARAB EMIRATES",97165425260
AL RAHBA HOSPITAL,,,,"PO Box 34555 Al Rahba, Al Rahba, 
Abu Dhabi, UNITED ARAB EMIRATES",+97125064444
AL RAI PHARMACY,,,,"Hasan Jomaa Hasan Alzaabi, Floor: GROUND, Hasan Ju, Al Salam Area ??, 
Abu Dhabi, UNITED ARAB EMIRATES",+97126508661
AL RAMS HEALTH CENTER,,,,"18,?41D?Street, Al?Rams Al?Rams, Al?Rams, 
Ras Al Khaimah, UNITED ARAB EMIRATES",9717 2662526
AL RASHEED PHARMACY LLC,,,,"Shop No 9 Sheik Al Maktoum Building Al Baraha Stre, Al Baraha, 
Dubai, UNITED ARAB EMIRATES",+97142721108
AL RASHIDIYA AL NOOR POLYCLINIC LLC,,,,"Al Rashidiya Al Noor Polyclinic, Floor: Ground, 12, Near Dubai Grand Masjid, 
Dubai, UNITED ARAB EMIRATES",+97142862410
AL RASHIDIYA PRIVATE POLY CLINIC DXB,,,,"Rta Car Parking Building, Floor: GROUND, Al Rafaa , Burdubai, 
Dubai, UNITED ARAB EMIRATES",+97143939383
AL RAWDHA PHARMACY LLC,,,,"Ahmed Yousuf Abdulla Building, Floor: GROUND, Al Z, Al Sharq, 
Sharjah, UNITED ARAB EMIRATES",+97142344430
AL RAYAN PHARMACY,,,,"Arif & Bintoak Building, Floor: GROUND FLO, Zabeel, Al Karama, 
Dubai, UNITED ARAB EMIRATES",+97143423480
AL RAYAN PHARMACY LLC,,,,"Tariam Tower Abu Shagara, Abu Shagara, 
Sharjah, UNITED ARAB EMIRATES",+97142641808
AL RAYASHI DENTAL CENTER,,,,"Dona Moda Building Khalifa Street, PO Box 101 Sher, Sheraton Area, 
Abu Dhabi, UNITED ARAB EMIRATES",+97126792647
AL RAYYAN MEDICAL CENTRE,,,,"Flat 101  Bldg 1291  Floor  2ND  Me11  PO Box 3052, Musaffah, 
Abu Dhabi, UNITED ARAB EMIRATES",+97125522262
AL RAZY PHARMACY LLC,,,,"Al Zarouni Building Al Nahda, Al Nahda, 
Sharjah, UNITED ARAB EMIRATES",+97165377844
AL REEF MEDICAL ORTHODONTICS CLINIC LLC BRANC,,,,"Flat 1 Al Muntaser Building, Floor: FIRST, Al Munt, Opp Al Manama Hypermarket, 
Ras Al Khaimah, UNITED ARAB EMIRATES",+97172037777
AL REHAB PHARMACY LLC,,,,"Shop No 3  Style Tower Al Taawon Street  PO Box 36, Al Khan, 
Sharjah, UNITED ARAB EMIRATES",+97165539200
AL RESALAH MEDICAL CENTER LLC SP,,,,"302  303 Crescent House Building  Floor  3  Street, Al Majaz 3, 
Sharjah, UNITED ARAB EMIRATES",+97165226368
AL RIDA PHARMACY,,,,"Al Rumaithi bldg, Floor: Ground, Baniyas Street, P, Hamdan, 
Abu Dhabi, UNITED ARAB EMIRATES",+97126262666
AL RIFA A HEALTH CENTER,,,,"19 Street No ?26 Al?Rifaa Al Rifaa, Al Rifaa, 
Sharjah, UNITED ARAB EMIRATES",9714-6656205
AL ROUDHA MEDICAL CENTER,,,,"Al Sarouj, PO Box 24160 Al Madina Police Station, Al Madina Police Station, 
Al Ain, UNITED ARAB EMIRATES",+97137510810
AL ROWDHA CLINIC FAMILY MEDICINE CLINIC,,,,"Al Rowdha Clinic Family Medicine Clinic Al Karama , Opp. To Abu Dhabi Children???S Kindergarten - P.O., 
Abu Dhabi, UNITED ARAB EMIRATES",+97128191550
AL RUKN MEDICAL CENTER LLC AJMAN,,,,"FLAT 101 105 RASHIDIYA 3 AL RASHIDIYA 3, AL RASHIDIYA 3, 
Ajman, UNITED ARAB EMIRATES",97167482005
AL RUKN MEDICAL CENTER LLC DUBAI BRANCH,,,,"NO 21 CIG MALL INDUSTRAIL AREA JEBEL ALI, JEBEL ALI, 
Dubai, UNITED ARAB EMIRATES",0529129072
AL SADIQ PHARMACY LLC,,,,"Al Dagaya Tower  Floor  GROUND  Bukhara Street  10, Al Nahda, 
Sharjah, UNITED ARAB EMIRATES",+97165549947
AL SAFA AL QUOZ PHARMACY,,,,"Khalifa Dhalen Abdulla Al Muhairi, Floor: GROUND, , Al Quoz 1, 
Dubai, UNITED ARAB EMIRATES",
AL SAFWA RADIOLOGY CENTRE LLC,,,,"Cg Mall Sharjah, Floor: 3RD FLOOR, King Faisal Str, Al Qasimiya Area, 
Sharjah, UNITED ARAB EMIRATES",+97165563969
AL SAHA PHARMACY LLC,,,,"Al Muwailah Fire Station Road,, 
Sharjah, UNITED ARAB EMIRATES",+97143441122
AL SAHA WA ALSHIFAA HOSPITAL FOR ONE DAY SURG,,,,"Rolla Mall  Room 307  Floor  3RD FLOOR  Al Arouba , Al Guwair, 
Sharjah, UNITED ARAB EMIRATES",+97165632618
AL SAIF PHARMACY SHARJAH,,,,"Al Saud Co. Ltd Building, Floor: Ground, 13/ KING , Abu Shagara, 
Sharjah, UNITED ARAB EMIRATES",+97165533811
AL SAMHA HEALTH CENTER,,,,"311 - Al Samhah - Al Samhah East - Abu Dhabi, 
Abu Dhabi, UNITED ARAB EMIRATES",+97125620048
AL SANAIYA CLINIC AJMAN,,,,"Pepico Complex  Floor     New Industrial Area  Nex, Ajman City Centre, 
Ajman, UNITED ARAB EMIRATES",+97167484078
AL SANAIYA MEDICAL CLINIC BR,,,,"Gemzi Complex  Inside Fahd Al Madeena Mk  Floor   , Al Quoz Industrial Area 4, 
Dubai, UNITED ARAB EMIRATES",+97143283345
AL SANAIYA MEDICAL CLINIC SONAPUR,,,,"Al Abbar Complex  Floor     Shop No.1 & 2  Bin Ras, Muhaisnah 2, 
Dubai, UNITED ARAB EMIRATES",+97142227515
AL SANAIYA PHARMACY SOLE PROPRIETORSHIP LLC,,,,"Shop No 8 & 9, Floor: GROUND FLO, Sheikh Ammar Bin, Jurf  Ind Area 1, 
Ajman, UNITED ARAB EMIRATES",
AL SANAIYA PHARMACY SONAPUR,,,,"Al Sanaiya Pharmacy  Sonapur  Sonapur  Near Baladi, Muhaisnah 2, 
Dubai, UNITED ARAB EMIRATES",+97142543500
AL SAQER PHARMACY LLC,,,,"Musalla Souq, Floor: 1ST FLOOR, Sheikh Abdullah Bi, Al Bustan, 
Ajman, UNITED ARAB EMIRATES",+97167488329
AL SAQI MEDICAL POLYCLINIC LLC,,,,"No 5464 Silsila Building Hamdan Street  PO Box 274, 
Abu Dhabi, UNITED ARAB EMIRATES",+97126329451
AL SAQR HOSPITAL,,,,"Algosaidat  PO Box 5450 Al Juwais, Al Juwais, 
Ras Al Khaimah, UNITED ARAB EMIRATES",+97172223666
AL SARRAF MEDICAL CENTER,,,,"Flat  201  Al Majaz Pearl Building Al Majaz Northe, Al Majaz, 
Sharjah, UNITED ARAB EMIRATES",+97165538787
AL SEHA AL KUBRA PHARMACY LLC,,,,"Mariyam Abdul Rehman Building, Floor: GROUND FLO, , Al Shahba Area, 
Sharjah, UNITED ARAB EMIRATES",+97165721213
AL SEHA AL KUBRA PHARMACY LLC AL QUOZ,,,,"Al Khail Mall, Floor: 2ND,  D67 - Al Quoz - Al Quo, Al Quoz 4, 
Dubai, UNITED ARAB EMIRATES",
AL SHAAB MEDICAL CENTRE DUBAI (ASTER),,,,"Galadari Building  Floor  Ground  21 C Street  PO , Deira, 
Dubai, UNITED ARAB EMIRATES",+97142970870
AL SHAM PHARMACY LLC,,,,"Saleh Alameri Building  Floor  GROUND FLO  Shoemar, Central Area Madinat Zayed Road,, 
Abu Dhabi, UNITED ARAB EMIRATES",+97126318929
AL SHAMAL PHARMACY LLC,,,,"Shamal Pharmacy bldg.,Shop no. 3, Manama rd., Al S, AL SHAMAL, 
Ras Al Khaimah, UNITED ARAB EMIRATES",+971 7 2363278
AL SHAMKHA AMBULATORY HEALTHCRAE CENTRE,,,,"Abu Dhabi, UNITED ARAB EMIRATES",
AL SHAMS AL JADEED MEDICAL CENTRE,,,,"Wahid Salim Bldg Floor: M6, Double Cola Road, PO B, Industrial Area 5, 
Sharjah, UNITED ARAB EMIRATES",+97165353004
AL SHAMS MEDICAL AND DIAGNOSTIC CTR,,,,"Near National Paints Kalba Road, PO Box 150461 Ind, Industrial Area 15, 
Sharjah, UNITED ARAB EMIRATES",+97165353004
AL SHAMS MEDICAL CENTRE,,,,"Shihab Sulaiman Bldg, Floor: 1, Caterpillar Road, , Industrial Area 3, 
Sharjah, UNITED ARAB EMIRATES",+97165424255
AL SHARQ FAMILY PHARMACY,,,,", Floor: Ground, Al Sharque Road, PO Box 2766 Near, Near Safeer, 
Fujairah, UNITED ARAB EMIRATES",+97192227490
AL SHARQ HOSPITAL DIBBA,,,,"Al Nahdah DIBBA, DIBBA, 
Fujairah, UNITED ARAB EMIRATES",97192273200
AL SHARQ INTERNATIONAL HOSPITAL,,,,"Near Preventive Medicine Al Faseel Street, PO Box , 
Fujairah, UNITED ARAB EMIRATES",+97192249999
AL SHARQ MEDICAL CENTER AL ETIHAD,,,,"Al Sharq Medical Center, Floor: Ground, Sharqi Str, Near Safeer, 
Fujairah, UNITED ARAB EMIRATES",+97192222444
AL SHARQ MEDICAL CENTER DIBBA,,,,"Al Sharq Medical Center, Floor: GROUND, Trade Mark, Dibba, 
Fujairah, UNITED ARAB EMIRATES",+97192444711
AL SHARQ MODERN PHARMACY,,,,"Opposite Hilton Hotel  Floor  1st floor  Port Road, Faseel, 
Fujairah, UNITED ARAB EMIRATES",+97192231442
AL SHARQ PHARMACY DIBBA,,,,"Al Sharqi  Round About Safeer Supermarket  PO Box , 
Fujairah, UNITED ARAB EMIRATES",+97192059568
AL SHEROUQ MEDICAL CENTER,,,,"ORIENT BUILDINGFLAT 11, FLOOR 1PO BOX 4447AL AROOB, ROLLA, 
Sharjah, UNITED ARAB EMIRATES",97165353039
AL SHIFA AL KHALEEJI MEDICAL CENTRE,,,,"Ali Bin Salim Building,Near Rigga Mosque, Opposite, Deira, 
Dubai, UNITED ARAB EMIRATES",+97142940786
AL SHIFA AL KHALEEJI MEDICAL CENTRE LLC,,,,"GREEN COMMUNITY VILLAGE, DIP 1 AL BAYAN BUILDING D, DIP 1, 
Dubai, UNITED ARAB EMIRATES",97148800920
AL SHIFA AL KHALEEJI MEDICAL CENTRE SHARJAH,,,,"Sharjah, UNITED ARAB EMIRATES",+97165328558
AL SHIFA AL UROPI MEDICAL CENTER DWC LLC,,,,"B3 THE PULSE RESIDENCE PARK PODIUM B3 THE PULSE RE, MADINAT AL MATTAR, 
Dubai, UNITED ARAB EMIRATES",97144759111
AL SHIFA AL UROPI MEDICAL CENTER LLC,,,,"Qadissiya (Tiger ) Building Al Nahda Street  Near , Al Nahda, 
Sharjah, UNITED ARAB EMIRATES",+97165376969
AL SHIFA AL UROPI PHARMACY DWC LLC,,,,"B3 THE PULSE RESIDENCE PARK PODIUM G B3 THE PULSE , MADINAT AL MATTAR, 
Dubai, UNITED ARAB EMIRATES",+971 4 349 2330
AL SHIFA GENERAL MEDICAL CLINIC,,,,"Sheikha Ayesha Building Al Ghail Road RAK AL GHAIL, AL GHAIL, 
Ras Al Khaimah, UNITED ARAB EMIRATES",97172580010
AL SHIFA INTERNATIONAL CLINIC,,,,"Al Sahamili Building  101  Floor  FIRST FLOO  Al F, Bur Dubai, 
Dubai, UNITED ARAB EMIRATES",+97143519199
AL SHIFA INTERNATIONAL CLINIC LLC BRANCH,,,,"Omran Orange Camp  26 E1 01  PO Box 51368 Waterfro, Waterfront, Jabel Ali, 
Dubai, UNITED ARAB EMIRATES",+97143519199
AL SHIFA MEDICAL CENTRE,,,,"Abdulla Al Bedayya Bldg  Flat No 1  Floor  FIRST  , 
Sharjah, UNITED ARAB EMIRATES",+97192384288
AL SHIFA PHARMACY AJMAN,,,,"Al Shamma Real Estate Building, Floor: Ground, Al , 
Ajman, UNITED ARAB EMIRATES",+97167479711
AL SHIFA PHARMACY LLC,,,,"Union Medical Centre Building  Floor  Ground  Iran, Al Karama, 
Dubai, UNITED ARAB EMIRATES",+97143969469
AL SHIFA UROPI PHARMACY LLC DUBAI,,,,"ANANAS BUILDING G ANANAS BUILDING SHOP N0.8 GROUND, AL QUSAIS, 
Dubai, UNITED ARAB EMIRATES",
AL SHIFA UROPI PHARMACY LLC SHARJAH,,,,"Qadissiya (Tiger) Building  C Block  Floor  GROUND, Al Nahda, 
Sharjah, UNITED ARAB EMIRATES",+97165394609
AL SHOHOB PHARMACY,,,,"Country Hotel Bldg. Near Kuwaiti Masjid  Al Soor R, 
Dubai, UNITED ARAB EMIRATES",+97142255556
AL SHROOQ POLY CLINIC,,,,"104 Karama Plaza Building  Floor  FIRST  Al Bustan, Al Bustan (A Block-104), 
Ajman, UNITED ARAB EMIRATES",+97167455688
AL SHUALLA PHARMACY,,,,"Shop No. 30   Zawaya Walk Near Sharjah Cricket Sta, University Road, 
Sharjah, UNITED ARAB EMIRATES",+97165220168
AL SHUEIB PRIMARY HEALTH CARE CENTER,,,,"Al Ain, UNITED ARAB EMIRATES",+97137323302
AL SIJI HEALTH CENTER,,,,"Siji  Fuj Siji, Siji, 
Fujairah, UNITED ARAB EMIRATES",9714-6656138
AL SULTAN ADVANCED MEDICAL CLINIC,,,,"Falaj Hazzaa Bin Sultan St  Falaj Ahazzaa Area, Falaj Ahazzaa Area, 
Al Ain, UNITED ARAB EMIRATES",+97137806111
AL SWAN PHARMACY,,,,"6 Old Labour Office Building, Floor: GROUND, Al It, 
Ajman, UNITED ARAB EMIRATES",+97167404425
AL TADAWI PHARMACY,,,,"Al Masood Tower, Floor: GROUND FLO, Port Saeed Roa, Deira, 
Dubai, UNITED ARAB EMIRATES",+97142308888
AL TAIF MEDICAL CENTRE,,,,"Haji Mohammad Mubarak Building 104, Floor: FIRST F, Deira, 
Dubai, UNITED ARAB EMIRATES",+97142222383
AL TAIF PHARMACY SHARJAH,,,,"Shop 2 3  Nesto Hypermarket Llc Branch Muwailih Co, Muwailih Commercial, 
Sharjah, UNITED ARAB EMIRATES",+97143441122
AL TAJ PHARMACY LLC,,,,"Al Majaz Northern Park St PO Box 41496 Al Majaz, Al Majaz, 
Sharjah, UNITED ARAB EMIRATES",+97165444322
AL TAMIMI NEW PHARMACY,,,,"Najma Building, Floor: Ground, Behind Oasis Centre, Al Quoz 1, 
Dubai, UNITED ARAB EMIRATES",+97143381913
AL TAMIMI NEW PHARMACY LLC BRANCH,,,,"Ahmed Saeed Building Al Satwa, Al Satwa, 
Dubai, UNITED ARAB EMIRATES",+97142641808
AL TAMIMI PHARMACY,,,,"Rolla Bulding, Floor: GROUND  FL, Rolla Sreet, PO , 
Sharjah, UNITED ARAB EMIRATES",+97165624990
AL TAMIMI PHARMACY LLC,,,,"Mohd Ahmed Al Raees Building, Floor: GROUND, Behin, Al Quoz 1, 
Dubai, UNITED ARAB EMIRATES",+97143381455
AL TAQWA PHARMACY LLC,,,,"Abdul Aziz Al Majed Bldg Al Nahda St, PO Box 55106, 
Sharjah, UNITED ARAB EMIRATES",+97165319211
AL TAWAIN HEALTH CENTRE,,,,"Al Tawain Al Tawain, Al Tawain, 
Fujairah, UNITED ARAB EMIRATES",9714-6656205
AL TAWAR PHARMACY LLC,,,,"Shop No. 5 Sheikh Jasim Bin Mohs Bldg.,Next Al Afd, QASIMIA, 
Sharjah, UNITED ARAB EMIRATES",+971 6 5334111
AL THIQA AL ALMYIAH PHARMACY,,,,"Al Khoori Bldg Shahama  PO Box 34702 Baniyas Co-Op, Baniyas Co-Operative Society, Sheikh Maktoum Road?, 
Abu Dhabi, UNITED ARAB EMIRATES",+97126588717
AL THIQA AL THAKHASYSIYA PHARMACY LLC,,,,"Talat Pharmacy Al Falah Street (Old Passport Road), Opp. To Jumbo Electronics, 
Abu Dhabi, UNITED ARAB EMIRATES",+97126316477
AL THIQA ELITE PHARMACY,,,,"Medi Prime Pharmacy (Auh)  Floor  No C 35  Jawazat, Al Falah Mezar Salem Building, 
Abu Dhabi, UNITED ARAB EMIRATES",+97126280380
AL THURAYA DENTAL IMPLANT CENTER,,,,"Villa No. 8 Delma Street, PO Box 108044 Abu Dhabi, Abu Dhabi, 
Abu Dhabi, UNITED ARAB EMIRATES",+97124432209
AL THURAYYA PHARMACY,,,,"Al Thurayya Pharmacy, Floor: Ground, Najda Street,, Opp. Shabiya Police Station, 
Abu Dhabi, UNITED ARAB EMIRATES",+97126427827
AL TOWAYYA CHILDREN S SPECIALTY CENTER,,,,"Al Afiya St Al Tiwayya Eidan Al Jareh, 
Abu Dhabi, UNITED ARAB EMIRATES",
AL WAFA PHARMACY NOORA GRP,,,,"Sharjah, UNITED ARAB EMIRATES",+97165331139
AL WAGAN HOSPITAL,,,,"PO Box 21920, 
Al Ain, UNITED ARAB EMIRATES",+97137352222
AL WAHA CLINIC,,,,"Mohd.Noor Taleb Building  Flat   105 Floor  1st Fl, Bur Dubai, 
Dubai, UNITED ARAB EMIRATES",+97143514150
AL WAHDA MEDICAL CENTRE,,,,"Hazzaa Bin Zayed Street, PO Box 71469 Defence Road, Defence Road, 
Abu Dhabi, UNITED ARAB EMIRATES",+97126418383
AL WARQA MEDICAL CENTRE (ASTER),,,,"Banat Rashid Humaid Al Shamsi, Floor: GROUND, Al W, Mass Supermarket Bld Al Warqa, 
Dubai, UNITED ARAB EMIRATES",+97142800899
AL WARQA PHARMACY,,,,"Old Awqaf  Floor  ground     PO Box 50585 Humaid B, Humaid Building, Al Warqa, 
Dubai, UNITED ARAB EMIRATES",+97142801691
AL WASEL COMMUNITY PHARMACY,,,,"Union Coop, Floor: GROUND FLO, Al Wasel, PO Box 94, Al Satwa, 
Dubai, UNITED ARAB EMIRATES",+97143212062
AL WASHAH PHARMACY,,,,"Ali Ahmed Saif Building  Floor  GROUND  Falaj Al M, Near Fruit & Vegetable Market, Al Dhaid, 
Sharjah, UNITED ARAB EMIRATES",+97168833240
AL WASL PHARMACY,,,,"Near Giant Supermarket & Km Trading  Floor  GROUND, Near Giant Supermarket,Rolla, 
Sharjah, UNITED ARAB EMIRATES",+97165422188
AL WATANIA PHARMACY RAK,,,,"Near Old Taxi Station, Floor: GROUND, Sheikh Mohd , 
Ras Al Khaimah, UNITED ARAB EMIRATES",07-2355767
AL YAHAR PRIMARY HEALTH CARE CENTER,,,,"Al Ain, UNITED ARAB EMIRATES",+97137826772
AL ZAFARANAH FAMILY MEDICINE CLINIC,,,,"Al Zafaranah Family Medicine Clinic Al Karama Road, Opp. To Abu Dhabi Children???S Kindergarten - P.O., 
Abu Dhabi, UNITED ARAB EMIRATES",+97128191100
AL ZAHRA PHARMACY,,,,"Opp City Exchange Al Karama Road, PO Box 71246 Al , Al Karama, 
Dubai, UNITED ARAB EMIRATES",+97143441122
AL ZAHRA PRIVATE HOSPITAL DUBAI,,,,"Near Oasis Centre, Floor:  Sheikh Zayed Road, PO B, Al Barsha 1, 
Dubai, UNITED ARAB EMIRATES",+97143786666
AL ZAHRAWI HOSPITAL LLC,,,,"Uae Exchange Building, Floor: FIRST, Oman Street, , Al Nakheel, 
Ras Al Khaimah, UNITED ARAB EMIRATES",+97172288544
AL ZAHRAWI PHARMACY RAK,,,,"Sheikh Saud Building, Floor: GROUND, Oman Road, PO, Al Nakheel Area, 
Ras Al Khaimah, UNITED ARAB EMIRATES",+97172289544
AL ZAMAN PHARMACY LLC,,,,"Al Zaman Building, Floor: GROUND, Shk.Ammar Street, Al Zahra, 
Sharjah, UNITED ARAB EMIRATES",+97167487272
AL ZIA PHARMACY,,,,"Building   104  Floor  1st  Sector Me12 Shabiyah K, Musaffah, 
Abu Dhabi, UNITED ARAB EMIRATES",+97125522201
ALBARSHA PHARMACY,,,,"Shop   1  Emirates & Al Manama Centre, 
Sharjah, UNITED ARAB EMIRATES",+97143441122
ALEXIS PHARMACY,,,,"Building Number   696  Floor  GROUND FLO  Universi, Muweilah Commercial, 
Sharjah, UNITED ARAB EMIRATES",+97165060397
ALEXIS PHARMACY LLC,,,,"Bin Sougat, Floor: GROUND FLO, Damascus Street, PO, Al Qusais 2, 
Dubai, UNITED ARAB EMIRATES",+97142630521
ALEXIS ZULEKHA PHARMACY,,,,", Floor: GROUND FLO, Al Zahra Street, PO Box 457 A, Al Nasserya, 
Sharjah, UNITED ARAB EMIRATES",+97165060197
ALFA PHARMACY ASTER GRP,,,,"Alfattan Building  Floor  Ground  Shop No. A 9 Dam, Al Ghusais 2, 
Dubai, UNITED ARAB EMIRATES",+97142806714
ALI MEDICAL CENTRE,,,,"Ali Medical Centre, Floor: 106 & 107, Naif Road, P, Deira, 
Dubai, UNITED ARAB EMIRATES",+97142246566
ALKALMA WELLBEING CLINIC LLC,,,,"Unit 7 & 8 GROUND FLOOR BUILDING 19 AL WASL CITY W, Dubai Healthcare City, 
Dubai, UNITED ARAB EMIRATES",+97142453800
ALLIED MEDICAL CENTER,,,,"Villa 443 2nd December Street  PO Box 32442, Al Sa, Al Satwa, 
Dubai, UNITED ARAB EMIRATES",+97143328111
ALMANARA PHARMACY ALSUFOUH,,,,"Alsufouh Road  PO Box 3084 Alsufouh, Alsufouh, 
Dubai, UNITED ARAB EMIRATES",+97126814645
ALMELIHA HEALTH CENTER,,,,"Mleiha Maliha, Maliha, 
Sharjah, UNITED ARAB EMIRATES",9714-6656205
ALNAJIM ALAZRAQ PHARMACY,,,,"Shop No.1 Damas 57 Bldg Al Ittihad Road, Al Nahda , Al Nahda Area, 
Sharjah, UNITED ARAB EMIRATES",+97143441122
ALNAKEEL HEALTH CENTER,,,,"55W, Al?Jazah Road AL NAKHEEL, AL NAKHEEL, 
Ras Al Khaimah, UNITED ARAB EMIRATES",9717 2220267
ALPHA CARE PHARMACY LLC,,,,"Al Firdous Centre Plot 1  Floor  GROUND FLO  Opp A, Musaffah, 
Abu Dhabi, UNITED ARAB EMIRATES",
ALPHA MEDICAL CENTRE LLC,,,,"Al Firdous Centre Plot 1 Opp Alfahim Sanaya M3  PO, Musaffah, 
Abu Dhabi, UNITED ARAB EMIRATES",+97125558383
ALPHA PHARMACY,,,,"Alpha Pharmacy Building City Terminal, PO Box 5218, Tourist Club Area, 
Abu Dhabi, UNITED ARAB EMIRATES",+97126440044
ALQATIA ISLAND CLINIC,,,,"Alqatia Island ClinicPO BOX 303Alqatia IslandAbu D, Alqatia Island, 
Abu Dhabi, UNITED ARAB EMIRATES",97126023882
ALRAFA HEALTH CENTER,,,,"Sayh?Mudayrah area Sayh Mudayrah, Sayh Mudayrah, 
Umm Al Quwain, UNITED ARAB EMIRATES",97146656205
ALRIQQA HEALTH CENTER,,,,"Jazzat / Al Riqah Sharjah Jazzat Al Riqa, Jazzat Al Riqa, 
Sharjah, UNITED ARAB EMIRATES",04-6656205
ALSABAH PHARMACY LLC,,,,"Hnc Clinic Building, Floor: GROUND,  PO Box 31343 , Muweilah, 
Sharjah, UNITED ARAB EMIRATES",+97165302468
ALSALAMA HEALTH CENTER,,,,"27 Al Randah Street Al Salama 1 Al Salamah Al Sala, Al Salamah, 
Umm Al Quwain, UNITED ARAB EMIRATES",9714-6656138
ALSHARQ MEDICAL CENTRE COSMOMED,,,,"PO Box 2776 Al Etihad, Al Etihad, 
Fujairah, UNITED ARAB EMIRATES",+97192059971
ALSSEIFIYA ISLAND CLINIC,,,,"Alsseifiya Island ClinicPO BOX 303South Island Oil, South Island Oil Field, Western Region, 
Abu Dhabi, UNITED ARAB EMIRATES",97126023882
ALTHAMEED HEALTH CENTER,,,,"10/10 Mountain Road Street Mountain Road, Mountain Road, 
Sharjah, UNITED ARAB EMIRATES",04-6656205
ALTHIQA AL DOWALIAH PHARMACY LLC,,,,"Adcb Bldg Al Sharqi Street, PO Box 34702 Muroor Ro, Muroor Road, 
Abu Dhabi, UNITED ARAB EMIRATES",+97126588717
AMAAN PHARMACY LLC,,,,"Al Muhaisnah Polyclinic Building Lulu Village, PO , Al Muhaisnah 4, 
Dubai, UNITED ARAB EMIRATES",+97142647264
AMALA MEDICAL CENTRE (NMC GROUP),,,,"Al Khail Mall, Floor: M FLOOR, Al Khail Road, PO B, Al Quoz 4, 
Dubai, UNITED ARAB EMIRATES",+97143306515
AMBER CLINIC LLC COMMUNITY OUTPATIENT PHARMAC,,,,"Business Center  Floor  2ND FLOOR  26 B Street  PO, Deira, 
Dubai, UNITED ARAB EMIRATES",+97142325109
AMBER CLINICS LLC,,,,"Rigga Business Center, Floor: SECOND, Rigga Road 1, Deira, 
Dubai, UNITED ARAB EMIRATES",+97142309100
AMBER PHARMACY LLC BRANCH,,,,"AL MUTEENA SHOPE NO 3, DEIRA, DUBAI DEIRA, DEIRA, 
Dubai, UNITED ARAB EMIRATES",04-2692307
AMBER PHARMACY PLANET PHARMACY,,,,"Qusais Manzil Building, Shaikh colony, Shop number, AL QUSAIS 1, 
Dubai, UNITED ARAB EMIRATES",04-3558458
AMBULATORY HEALTH CARE SERVICES SEHA,,,,"Ambulatory Health Services Provision Of, Floor:, 
Abu Dhabi, UNITED ARAB EMIRATES",+97128113201
AMERICAN ACADEMY OF COSMETIC SURGERY HOSPITAL,,,,"Building No. 73   District 1 Dubai Healthcare City, Oud Metha, 
Dubai, UNITED ARAB EMIRATES",+97144237655
AMERICAN CENTER FOR PSYCHIATRY AND NEUROLOGY,,,,"Office S01  S02  Sunset Mall Sunset Mall 2nd Floor, Jumeirah, 
Dubai, UNITED ARAB EMIRATES",+97143806667
AMERICAN CENTER FOR PSYCHIATRY AND NEUROLOGY ABU DHABI,,,,"Khalili Matar Bldg. Al Falah Street, PO Box 108699, Abu Dhabi, 
Abu Dhabi, UNITED ARAB EMIRATES",+97126664866
AMERICAN CENTER FOR PSYCHIATRY AND NEUROLOGY LLC BRANCH 1,,,,"Khalifa Bin Zayed Al Anwal St Al Mu'Tarid, Al AinU, 
Al Ain, UNITED ARAB EMIRATES",+97137131700
AMERICAN CENTER PHARMACY,,,,"The Intersection Of 11th & 26th St, PO Box 108699 , Al Rawda Area??, 
Abu Dhabi, UNITED ARAB EMIRATES",+97124433114
AMERICAN CENTER PHARMACY LLC,,,,"Sunset Mall  PO Box 66026?? Jumeirah, Jumeirah, 
Dubai, UNITED ARAB EMIRATES",+97143469595
AMERICAN CRESCENT HEALTH CARE CENTER,,,,"Zayed 1 Street   7  PO Box 26996 Khalidyah, Khalidyah, 
Abu Dhabi, UNITED ARAB EMIRATES",+97126325000
AMERICAN DENTAL CENTRE,,,,"Ghudayer Al Mansoori Bldg, Floor: 3, Najda Street,, 
Abu Dhabi, UNITED ARAB EMIRATES",+97126219800
AMERICAN HOSPITAL CLINICS ALKHAWANEEJ,,,,"Al Khawaneej First Exit , Al Khawaneej Community A, Al Khawaneej, 
Dubai, UNITED ARAB EMIRATES",97143775500
AMERICAN HOSPITAL CLINICS DUBAI AL BARSHA,,,,"Retail 8 The Galleria Retail Center, Floor: FIRST,, Al Barsha, 
Dubai, UNITED ARAB EMIRATES",+97143776915
AMERICAN HOSPITAL CLINICS DUBAI HILLS,,,,"Dubai Hills MallGFPO BOX 5566Al Khail Rd DUBAI HIL, DUBAI HILLS, 
Dubai, UNITED ARAB EMIRATES",+971 377 3950
AMERICAN HOSPITAL CLINICS DUBAI MEDIA CITY,,,,"R11 Business Central Towers Al Safouh Second, PO B, Al Sufouh - 2, 
Dubai, UNITED ARAB EMIRATES",+97143776915
AMERICAN HOSPITAL CLINICS JUMERIAH,,,,"Galleria Mall - Al Wasl Rd - Jumeirah 1 JUMEIRAH, JUMEIRAH, 
Dubai, UNITED ARAB EMIRATES",+971 377 3850
AMERICAN HOSPITAL CLINICS MIRA,,,,"Mira Town Center GFPO BOX 5566Al Qudra Rd MIRA, MIRA, 
Dubai, UNITED ARAB EMIRATES",+971 377 3900
AMERICAN HOSPITAL CLINICS NAD AL SHEBA,,,,"Avenue Mall Nad Al Sheba GFPO BOX 5566Nad Al Hamma, NAD AL SHEBA, 
Dubai, UNITED ARAB EMIRATES",+971 4 377 4010
AMERICAN HOSPITAL DUBAI SCIENCE PARK,,,,"Dubai Science Park BARSHA SOUTH, BARSHA SOUTH, 
Dubai, UNITED ARAB EMIRATES",+971 4 377 5937
AMERICAN HOSPITAL DXB,,,,"American Hospital Dxb  Floor  Third  Oud Metha Roa, Oud Metha, 
Dubai, UNITED ARAB EMIRATES",+97143367777
AMERICAN SPINE CENTER FZ LLC,,,,"Al Razi  Building, Floor: 1ST FLOOR,  PO Box 99227, Dubai Health Care City, 
Dubai, UNITED ARAB EMIRATES",
AMERICAN WELLNESS CENTER,,,,"Dhcc 39  Floor  GROUND FLO   PO Box 28784 Dubai He, Dubai Healthcare City, 
Dubai, UNITED ARAB EMIRATES",+97148184900
AMIGO PHARMACY,,,,"Emerald Karamasayed Salahuddin Sayed Moh, Floor: G, Al Karama, 
Dubai, UNITED ARAB EMIRATES",+97143584911
AMINA HOSPITAL LLC,,,,"Shaik Rashid Bin Humeed Street, PO Box 5625 Al Qud, Al Quds, 
Ajman, UNITED ARAB EMIRATES",+97167114433
AMINA MEDICAL CENTRE LLC,,,,"Amina Medical Centre Building Al Jurf, PO Box 4749, Behind Ajman University, 
Ajman, UNITED ARAB EMIRATES",+97167033778
AMRITA MEDICAL CENTER ABU DHABI,,,,"Amrita Medical Center  Abu Dhabi  Floor  Ground  A, Khaldiya Villa, 
Abu Dhabi, UNITED ARAB EMIRATES",+97126661555
AMSA MEDICAL CENTRE AND KIDNEY CARE LLC,,,,"Business Avenue Building PO BOX 50077, 29a Street,, Deira, 
Dubai, UNITED ARAB EMIRATES",+971442325161
AMWAJ MEDICAL CENTER,,,,"Office   201  2nd Floor  Buteen Bin Bas Khalifa St, Al Markaziya, 
Abu Dhabi, UNITED ARAB EMIRATES",+97126273888
ANAYA MEDICAL CENTER LLC,,,,"Office 103 104  Farnek Building  Floor  FIRST  Lat, Al Quoz 4, 
Dubai, UNITED ARAB EMIRATES",+97143441615
ANAYA MEDICAL CENTER LLC BRANCH,,,,"Shop18 Mezzanine floor Crystal mall Hilal Al Madin, JEBEL ALI, 
Dubai, UNITED ARAB EMIRATES",97142341479
ANSARI MEDICAL CENTRE LLC,,,,"Al Hosn Tower, Floor: 2, Al Hosn Tower, PO Box 274, Al Nasr Street, 
Abu Dhabi, UNITED ARAB EMIRATES",+97126394139
ANTONY MEDICAL CENTRE,,,,"Al Mubarak Centre, Floor: 2, Al Orooba Street, PO , Rolla, 
Sharjah, UNITED ARAB EMIRATES",+97165630555
ANWAR BAIT AL MAQDES PHARMACY LLC,,,,"Ewan Bldg Back Side University City Road, PO Box 4, 
Sharjah, UNITED ARAB EMIRATES",+97165484270
APEX ATRIUM PHARMACY,,,,"Apex Atrium Building Motor City, PO Box 505019 Mot, Motor City, 
Dubai, UNITED ARAB EMIRATES",+97142778205
APEX MEDICAL CLINICS LLC,,,,"Apex Atrium Building  Unit 303   304  Floor  3RD F, Dubailand, 
Dubai, UNITED ARAB EMIRATES",+97143608881
APOLLO MEDICAL CENTRE,,,,"Muraijeb Tower Hamdan Street, PO Box 44850, 
Abu Dhabi, UNITED ARAB EMIRATES",+97126397733
APOLLO PHARMACY LLC SPC,,,,"Plot No C   128  Sector No 3 Hamdan Street  PO Box, 
Abu Dhabi, UNITED ARAB EMIRATES",+97126344747
APPLE CARE PHARMACY LLC,,,,"P 04  Shop No.8  Floor  GROUND  France Cluster  PO, Dubai International City, 
Dubai, UNITED ARAB EMIRATES",+97144322568
APPLE CLINIC FZCO,,,,"France Cluster Building P3, Floor: Ground, Interna, Al Warsan 1, 
Dubai, UNITED ARAB EMIRATES",+97144227533
APPOLONIA ADVANCED PEDIATRIC DENTAL CENTER LLC,,,,"Next to Le ChocolaFLAT 88PO BOX 47013Al Salamah St, KHALIFA CITY, 
Abu Dhabi, UNITED ARAB EMIRATES",9718007600
APPOLONIA AND SYNERGY DENTAL CENTER LLC SOC,,,,"villa -1055 Al Wasl Rd - Al Manara - Dubai JUMAA O, Al Manara, 
Dubai, UNITED ARAB EMIRATES",971 8007600
APPOLONIA AND SYNERGY DENTAL CENTER LLC SPC,,,,"Villa 12, .Al Ain - Abu DhabiHamdan Bin Mohammad S, AL AIN, 
Abu Dhabi, UNITED ARAB EMIRATES",9718007600
APPOLONIA DENTAL CENTER,,,,"Km Trading Building, Floor: FIRST, Zayed 2nd St, P, Khalidiya Street, 
Abu Dhabi, UNITED ARAB EMIRATES",+97126660997
ARAB DOCTORS SPECIALIST CENTER,,,,"Al Mansouri Bldg Floor: FIRST,  PO Box 25457 Al Ta, Al Taawun, 
Sharjah, UNITED ARAB EMIRATES",+97165544414
ARABELLA PHARMACY,,,,"Spinney'S Centre, Floor: Ground, Al Wasl Road, PO , Umm Suqeim, 
Dubai, UNITED ARAB EMIRATES",+97143941519
ARABELLA PHARMACY LLC BRANCH,,,,"Dubai Mall  Floor  LOWER GROU   PO Box 118347 Oppo, Opposite Waitrose Supermarket,, 
Dubai, UNITED ARAB EMIRATES",+97145915141
ARABELLA PHARMACY LLC BRANCH 2,,,,"Spinneys Beach Road, PO Box 118347, Jumeirah 1 Jum, Jumeirah, 
Dubai, UNITED ARAB EMIRATES",+97143430188
ARABELLA PHARMACY LLC BRANCH JBR,,,,"Shop  Gm 04  Sadaf 4  PO Box 118347, Jumeirah Beac, Dubai Marina, 
Dubai, UNITED ARAB EMIRATES",
ARABIAN MEDICAL CENTRE,,,,"Salem Tower, Floor: 1st, Corniche Road, PO Box 87 , Buhaira, 
Sharjah, UNITED ARAB EMIRATES",+97165731066
ARABIAN PHARMACY,,,,"Canadian Building  Floor  GROUND FLO  Sheik Rashid, Nr.Traffic & Licensing Dept,Jurf, 
Ajman, UNITED ARAB EMIRATES",+97167457755
ARAFA MEDICAL CENTER LLC,,,,"Al Jisr Building 104 105 106  Floor  FIRST  Al Jis, Ras Al Khaima Town, 
Ras Al Khaimah, UNITED ARAB EMIRATES",+97172337898
ARDH AL NASEEM PHARMACY LLC.,,,,"Al Magrudy Residence,Al Magrudy Residence, Near Ca, AL NAHDA 2, 
Dubai, UNITED ARAB EMIRATES",+971 4 2809242
ARWA AND ALI DENTAL AND DAY SURGICAL CENTER,,,,"Jumeirah Beach Road, Umm Suqeim 2, Jumeirah, Dubai, JUMEIRAH, 
Dubai, UNITED ARAB EMIRATES",97143400430
ARZANAH CLINIC,,,,"Arzanah Clinic PO BOX 303Umm Al Nar, Near Al Maqta, Umm Al Nar, Near Al Maqta Bridge, 
Abu Dhabi, UNITED ARAB EMIRATES",97126023882
ASAB CLINIC,,,,"Al Ruwais,, 
Abu Dhabi, UNITED ARAB EMIRATES",+97126034222
ASAB PHARMACY,,,,"Asab Medical CenterPO BOX 898Asab Area, Abu DhabiA, Asab Area, Abu Dhabi, 
Abu Dhabi, UNITED ARAB EMIRATES",97126023882
ASCENT ENT SPECIALITY CENTRE,,,,"Saeed Bin Thani BuildingShop 1Ground Floor PO BOX , Bur Dubai, 
Dubai, UNITED ARAB EMIRATES",97142747000
ASH TREE CLINIC LLC,,,,"Al Balooch Building Souk Al Kabeer, PO Box 50353 B, Bur Dubai, 
Dubai, UNITED ARAB EMIRATES",+97143337633
ASHOKAN MEDICAL CLINIC,,,,"Flat No  360 Abdulla Hussain Lootah Naif Road  Al , Deira, 
Dubai, UNITED ARAB EMIRATES",+97142730220
ASIA PHARMACY,,,,"Next To Choithram Supermarket  Floor     Al Fahidi, Bur Dubai, 
Dubai, UNITED ARAB EMIRATES",+97143527183
ASMA PHARMACY,,,,"NA, Floor: Ground, Behind Naif Police Station, PO , Deira, 
Dubai, UNITED ARAB EMIRATES",+97142222786
ASTER ABU SHAGHARAH MEDICAL CENTER (ASTER),,,,"Shop 1 Aster Building, Floor: GROUND,  PO Box 2712, Abu Shagara, 
Sharjah, UNITED ARAB EMIRATES",+97165568225
ASTER AL BUHAIRAH PHARMACY,,,,"Shop No 1 Corniche Al Buhaira  PO Box 50585 Al Maj, Al Majaz, 
Sharjah, UNITED ARAB EMIRATES",+97165444542
ASTER AL HAYAT PHARMACY BR OF ASTER PHARMACIE,,,,"Shop No 3 Easa Saleh Al Gurg Building, Floor: GROU, Bur Dubai, 
Dubai, UNITED ARAB EMIRATES",+97143552633
ASTER AL NAHDA MED CNTR SHJ BR DM HEALTHCARE (ASTER),,,,"Golden Sands Tower ??Showroom  1  Floor  ?? GROUND, Al Nahda, 
Sharjah, UNITED ARAB EMIRATES",+97165267111
ASTER AL NAHDA MEDICAL CENTER (ASTER),,,,"Ab Plaza 9  Opposite Nmc Hospital Amman Street  PO, Al Nahda 1, 
Dubai, UNITED ARAB EMIRATES",+97142399119
ASTER AL NAHDA MEDICAL CENTER 1 (PLUS),,,,"Al Shaiba Building, Floor: GROUND FLO, Al Nahda, P, Opp. Carrefour Express, 
Sharjah, UNITED ARAB EMIRATES",+97165958792
ASTER AL SHAFAR PHARMACY LLC,,,,"Al Muhaisnah Star Building  Floor  Ground  Opposit, Lulu Village, Muhaisina, 
Dubai, UNITED ARAB EMIRATES",+97142201489
ASTER AL SUWAIHAT MEDICAL CENTER (PLUS),,,,"HAMDAN CENTER-IST FLOOROPP.AL QASSIMI HOSPITALWASI, AL ABAR HALWAN SUBURB, 
Sharjah, UNITED ARAB EMIRATES",+97144400500
ASTER ALBUTINA MEDICAL CENTER (ASTER),,,,"Shaikh Majid Bin Saud Bin Khalid Bldg  Floor  GROU, Abu Tina, 
Sharjah, UNITED ARAB EMIRATES",+97165619045
ASTER CEDARS CLINIC,,,,"Cedars Jebel Ali International Hospital Dugas Road, Jebeel Ali - 1, 
Dubai, UNITED ARAB EMIRATES",+97143814948
ASTER CEDARS HOSPITAL JEBEL ALI,,,,"Cedars Jebel Ali International Hospital Dugas Road, Jebeel Ali - 1, 
Dubai, UNITED ARAB EMIRATES",+97148814000
ASTER CLINIC AND PHARMACY 157 BR OF ASTER PHARMACIES MADINAT AL MATAR (PLUS),,,,"Expo Village Residences 4  Floor  GROUND FLO  Madi, Near Expo Metro Station-Madinat Al Matar, 
Dubai, UNITED ARAB EMIRATES",
ASTER D I P PHARMACY LLC,,,,"Aster D I P Pharmacy L.L.C Ramla Hyper Market, PO , Dubai Investment Park, 
Dubai, UNITED ARAB EMIRATES",+97148800996
ASTER DAY SURGERY CENTRE LLC,,,,"Mohammad Hussain Ali Yateem, Floor: GF, Al Raffa, , Bur Dubai, 
Dubai, UNITED ARAB EMIRATES",+97143814987
ASTER DAY SURGERY CENTRE LLC PHARMACY,,,,"Mohammad Hussain Ali Yateem Al Raffa, PO Box 8703 , Bur Dubai, 
Dubai, UNITED ARAB EMIRATES",+97143814948
ASTER DCC PHARMACY LLC,,,,"Shop M020 Deira City Center, Floor: FIRST,  PO Box, Deira, 
Dubai, UNITED ARAB EMIRATES",+97142210732
ASTER DIAGNOSTIC CENTER (ASTER),,,,"Abdullah Ahmed Abdul Rahman Building, Floor: GROUN, Abu Shagara Area, 
Sharjah, UNITED ARAB EMIRATES",+97165973300
ASTER GRAND PHARMACY,,,,"Ab Plaza Building  Shop No.8  Floor  GF  Al Nahda , Al Qusais, 
Dubai, UNITED ARAB EMIRATES",+97142505712
ASTER HEALTHCARE HYPERMARKET,,,,"Al Raffa Building, Floor: GF, Mankhool Road, PO Bo, Bur Dubai, 
Dubai, UNITED ARAB EMIRATES",+97143399523
ASTER HOSPITAL,,,,"Aster Building Al Rafa Street, PO Box 8703 Mankhoo, Mankhool, 
Dubai, UNITED ARAB EMIRATES",+97144400500
ASTER HOSPITAL BR OF ASTER DM HEALTHCARE,,,,"Al Qusais Industrial Area 2, Floor: GF, 9 A Street, Al Qusais Industrial Area 2, 
Dubai, UNITED ARAB EMIRATES",+97143766824
ASTER HOSPITAL SONAPUR LLC,,,,"Aster Hospital Algeria Street  PO Box 119428 Sonap, Sonapur, Muhaisnah, 
Dubai, UNITED ARAB EMIRATES",+97143766824
ASTER IMAGING CENTRE AL MUTEENA BR OF DM HEAL (ASTER),,,,"Al Ghurair Real Estate Building, Floor: GROUND FLO, Deira, 
Dubai, UNITED ARAB EMIRATES",+97142532900
ASTER JABEL ALI MEDICAL CENTER (ASTER),,,,"Jebel Ali Industrial Area 7 Near Jebal Street, PO , Jebel Ali, 
Dubai, UNITED ARAB EMIRATES",+97148841161
ASTER JBR PHARMACY LLC,,,,"The Nwalk Jumeirah Beach Road, PO Box 50585 Jumeir, Jumeira, 
Dubai, UNITED ARAB EMIRATES",+97144471127
ASTER JEBEL ALI PHARMACY,,,,"Nesto Hyper Market, Floor: SHOP NO 5, Industrial A, Jebel Ali, 
Dubai, UNITED ARAB EMIRATES",+97148840237
ASTER JUBILEE MEDICAL COMPLEX BR OF DM HEALTH (PLUS),,,,"Mohd Noor Building, Floor: 1ST FLOOR, Khalid Bin A, Bur Dubai, 
Dubai, UNITED ARAB EMIRATES",+97144400500
ASTER MEDICAL CENTER AL BARSHA BR OF D M HEAL (PLUS),,,,"Arenco Building, Floor: GROUND FLO, Shop 1 & 13, P, Al Barsha 1, 
Dubai, UNITED ARAB EMIRATES",+97143472420
ASTER MEDICAL CENTER ALQUSAISE (ASTER),,,,"Aqu Building Flat No: 2 & 3, Floor: GROUND FLO, Ne, Al Qusais 1, 
Dubai, UNITED ARAB EMIRATES",+97142632202
ASTER MEDICAL CENTER PHARMACY AL MUHAISNA BR,,,,"Zaraa Residence 1  Floor  GROUND FLO  Muhaisnah 4 , Lulu Village, Behind St.Mary'S Catholic High Schoo, 
Dubai, UNITED ARAB EMIRATES",+97145479070
ASTER MEDICAL CENTER RAS AL KHOR (PLUS),,,,"Marhaba Mall, Floor: GROUND FLO, Ras Al Khor, PO B, Ras Al Khor Industrial Area 3, 
Dubai, UNITED ARAB EMIRATES",+97144400500
ASTER MEDICAL CENTER SHARJAH (ASTER),,,,"Aster Medical Center   Sharjah  Floor  Ground  Kin, Al Majaz, 
Sharjah, UNITED ARAB EMIRATES",+97165509006
ASTER MEDICAL CENTER SILICON OASIS (PLUS),,,,"Silicon Gate 1 Flat No: 101, Floor: GROUND FLO, Op, Silicon Oasis, 
Dubai, UNITED ARAB EMIRATES",+97143332122
ASTER MEDICAL CENTRE ABU HAIL BR OF DM HEALTH  (ASTER),,,,"Sheikh Suhail Building Shop Number 2 Hor Al Anz (E, 
Dubai, UNITED ARAB EMIRATES",+97142692785
ASTER MEDICAL CENTRE AJMAN (ASTER),,,,"Abdulla Mohd. Hamad Bu Shihab, Floor: GROUND, Shei, Nuaimiyah, 
Ajman, UNITED ARAB EMIRATES",+97167314799
ASTER MEDICAL CENTRE AL JADDAF BR OF D M HEALTHCARE LLC,,,,"Lilac residence Opposite Belhasa Driving institue , Jaddaf, 
Dubai, UNITED ARAB EMIRATES",97144400500
ASTER MEDICAL CENTRE AL MUHAISNA (ASTER),,,,"Muhaisnah Plaza  Floor  1  Beirut St 42nd St  PO B, Behind Madeena Mall Muhaisnah-4,Al Muhaisnah, 
Dubai, UNITED ARAB EMIRATES",+97144546001
ASTER MEDICAL CENTRE AL QOUZ BR OF DM HEALTHC (PLUS),,,,"Abdulla Al Asmawi Building  Shop 1 7  Floor  GROUN, Al Qouz 4, 
Dubai, UNITED ARAB EMIRATES",+97144400500
ASTER MEDICAL CENTRE ARABIAN RANCHES BR OF DM (PLUS),,,,"Shop No. Ff13  The Village Mall  Floor  FIRST   PO, Arabian Ranches Community Centre, 
Dubai, UNITED ARAB EMIRATES",+97144560485
ASTER MEDICAL CENTRE ARJAN (BR OF D M HEALTHCARE )LLC (PLUS),,,,"Al Sayyah Residence Shop No 12, Al Sayyah Residenc, Arjan Barsha South, 
Dubai, UNITED ARAB EMIRATES",
ASTER MEDICAL CENTRE ASWAAQ MALL BR OF D M (PLUS),,,,"Aswaaq Al Barsha South Community Centre, PO Box 87, Al Barsha South, 
Dubai, UNITED ARAB EMIRATES",+97143471540
ASTER MEDICAL CENTRE BR BUSINESS BAY (PLUS),,,,"Aspect Tower Sheikh Zayed Road PO Box 8703 Busines, Business Bay, 
Dubai, UNITED ARAB EMIRATES",+97144508896
ASTER MEDICAL CENTRE BR OF DM HEALTHCARE LLC (ASTER),,,,"Al Masa -2 GROUND FLOORPO BOX 8703KING FAISAL STRE, KING FAISAL STREET, 
Umm Al Quwain, UNITED ARAB EMIRATES",+97165770288
ASTER MEDICAL CENTRE BRANCH DM HEALTHCARE LLC (ASTER),,,,"Muntasir Building Muntasir Road, PO Box 10305 Al N, Al Nakheel, 
Ras Al Khaimah, UNITED ARAB EMIRATES",+97172338866
ASTER MEDICAL CENTRE DIP (BR OF D M HEALTHCARE (L L C) (ASTER),,,,"Darwish bin ahmed & sons building, Ground Floor, O, Dubai Investment Park 1 - Dubai, 
Dubai, UNITED ARAB EMIRATES",+97144400500
ASTER MEDICAL CENTRE DUBAI LAND (PLUS),,,,"Skycourts  Tower D  Floor  GROUND FLO  Wadi Al Saf, Dubai Land, 
Dubai, UNITED ARAB EMIRATES",
ASTER MEDICAL CENTRE FUJAIRAH BRANCH (ASTER),,,,"Opposite Choithram Super Market   Floor  GF  Hamad, Opp. Choithram'S Super Market, 
Fujairah, UNITED ARAB EMIRATES",+97192234912
ASTER MEDICAL CENTRE INTERNATIONAL CITY (ASTER),,,,"V 19 Russia Cluster  Flat 6 8 10 V 19 Russia Clust, Dubai International City, 
Dubai, UNITED ARAB EMIRATES",+97144312273
ASTER MEDICAL CENTRE JVC BR OF DM HEALTHCARE (PLUS),,,,"108 Damac Towers, Floor: GROUND FLO, Lazuward Sw S, Jumeira Village Circle, 
Dubai, UNITED ARAB EMIRATES",+97142800898
ASTER MEDICAL CENTRE LIWN BR OF DM HEALTHCARE (PLUS),,,,"BINGHATTI JEWELSGround Floor  PO Box 8703Liwan DUB, LIWAN, 
Dubai, UNITED ARAB EMIRATES",+97144400500
ASTER MEDICAL CENTRE OUD METHA (ASTER),,,,"Net.com Building ,Ground Floor, Oud Metha ,Dubai ,, Oud Metha, 
Dubai, UNITED ARAB EMIRATES",+97142945095
ASTER MEDICAL CENTRE QUSAIS,,,,"Al Fattan Building, Floor: Ground, Damascus Street, Al Qusais, 
Dubai, UNITED ARAB EMIRATES",+97142576333
ASTER MEDICAL CENTRE REMRAAM BR OF D M HEALTH (ASTER),,,,"Remram Community Centre, Floor: Ground, Remraam Ro, Remram Community Centre, 
Dubai, UNITED ARAB EMIRATES",+97144247069
ASTER MEDICAL CENTRE SHIEKH ZAYED ROAD (PLUS),,,,"Trade Center 1  Al Manal Tower  Floor  MEZZANINE  , 
Dubai, UNITED ARAB EMIRATES",+97144086565
ASTER MEDICAL CENTRE SPORTS CITY (BR OF DM HEALTHCARE) L L C (PLUS),,,,"Spanish Tower Spanish Tower, Canal West Residences, DUBAI SPORTS CITY, 
Dubai, UNITED ARAB EMIRATES",
ASTER MUWAILEH MEDICAL CENTER (ASTER),,,,"Bin Tharyem  8  Floor  GROUND FLO  Muwaileh  PO Bo, New Muwaileh, 
Sharjah, UNITED ARAB EMIRATES",+97165358027
ASTER OPTICALS LLC  BRANCH OF ABU DHABI 2,,,,"114, Mrs Hamama Saif Muhamed Building 114, Mrs Ham, Al Salamah District, Al Ain, 
Abu Dhabi, UNITED ARAB EMIRATES",03-7345278
ASTER OPTICALS LLC  SHJ BR CENTRAL MALL SHARJAH,,,,"Shop no. 4, Sharjah Central Mall Shop no. 4, Sharj, Samnan, 
Sharjah, UNITED ARAB EMIRATES",06-5314071
ASTER OPTICALS LLC BR OF ABU DHABI 1,,,,"Gardens Plaza, Floor: GROUND FLO, Raha Garden, PO , Khalifa City, 
Abu Dhabi, UNITED ARAB EMIRATES",+97125570053
ASTER OPTICS 1 BR OF ASTER OPTICALS LLC,,,,"FRJP, R-23, Al Furjan Pavilion FRJP, R-23, Al Furj, Al Furjan, 
Dubai, UNITED ARAB EMIRATES",04-5804236
ASTER OPTICS 10 BR OF ASTER OPTICALS LLC,,,,"FF RET 04, 1st Floor, Union coop FF RET 04, 1st Fl, Al Hebia First, Motor City, 
Dubai, UNITED ARAB EMIRATES",04-8357057
ASTER OPTICS 11 BR OF ASTER OPTICALS LLC,,,,"SG-115, Ground Floor, Opposite to Lulu Hypermarket, Dubai Outlet Mall, Madinat Hind 1, 
Dubai, UNITED ARAB EMIRATES",04-3092900
ASTER OPTICS 12 BR OF ASTER OPTICALS LLC,,,,"Unit S10, R1083-E Wasl Village Retail Centre Unit , Al Qusais Industrial Area 5, 
Dubai, UNITED ARAB EMIRATES",04-3334265
ASTER OPTICS 2 BR OF ASTER OPTICALS LLC,,,,"Unit f60, first floor, Alghurair Center Unit f60, , Alghurair Center, 
Dubai, UNITED ARAB EMIRATES",04-3390081
ASTER OPTICS 3 BR OF ASTER OPTICALS LLC,,,,"Mohammed And Rasheed Khalifa Building, Floor: GROU, Al Karama, 
Dubai, UNITED ARAB EMIRATES",+97143967100
ASTER OPTICS 4 BR OF ASTER OPTICALS LLC,,,,"Al Qusais Building, Floor: GROUND FLO, Damascus St, Al Qusais, 
Dubai, UNITED ARAB EMIRATES",+97142349928
ASTER OPTICS 5 BR OF ASTER OPTICALS LLC,,,,"Matloob Building, Floor: GROUND FLO, Near To Medca, Sheikh Zayed Road, 
Dubai, UNITED ARAB EMIRATES",+97143469324
ASTER OPTICS 6 BR OF ASTER OPTICALS LLC,,,,"Discovery Pavilion Building, Floor: GROUND FLO, Di, Jebel Ali, 
Dubai, UNITED ARAB EMIRATES",+97144238020
ASTER OPTICS 7 BRANCH OF ASTER OPTICALS LLC,,,,"RT18 , Internationa City pavilion RT18 , Internati, Internationa City, 
Dubai, UNITED ARAB EMIRATES",04-4247069
ASTER OPTICS 8 BR OF ASTER OPTICALS LLC,,,,"Shop1-A, Near Aswaaq Shop1-A, Near Aswaaq50585Al W, Al Warqa 1, 
Dubai, UNITED ARAB EMIRATES",04-2617074
ASTER OPTICS 9 BR OF ASTER OPTICALS LLC,,,,"Shop SM001, Building 12-SM Shop SM001, Building 12, Marsa, 
Dubai, UNITED ARAB EMIRATES",04-2242538
ASTER OPTICS BR OF ASTER PHARMACIES GROUP LLC,,,,"Bait Al Waleed Building Kalid Bin Waleed Road  PO , Near To Al Fahidi Metro Station, Burdubai, 
Dubai, UNITED ARAB EMIRATES",+97143512447
ASTER ORTHOPEDICS AND PHYSIOTHERAPY CENTRE BR (PLUS),,,,"Hanbal Al Madani  Floor  GF  Al Warqa   1  PO Box , Near Dubai Library, 
Dubai, UNITED ARAB EMIRATES",+97144086565
ASTER PHARMACIES GROUP BRANCH EXPO 2020,,,,"Sustainability Pavilion Expo 2020, Expo 2020, 
Dubai, UNITED ARAB EMIRATES",+97145477218
ASTER PHARMACIES GROUP L.L.C - BRANCH OF ABU DHABI 19,,,,"Shop No-2, Building-4968, Plot C123,Al-Taghrouda S, Al Shahamah, 
Abu Dhabi, UNITED ARAB EMIRATES",02-5837390
ASTER PHARMACIES GROUP LLC - SHJ. BR - BRANCH 6,,,,"Shop no. 10, Building 148/696, New Muweilah commer, New Muweilah commercial, 
Sharjah, UNITED ARAB EMIRATES",06-5748975
ASTER PHARMACIES GROUP LLC ABU DHABI BRANCH 15,,,,"37, Al Rawnaq St, Al Nahyan, Abu Dhabi AL NAHYAN, AL NAHYAN, 
Abu Dhabi, UNITED ARAB EMIRATES",9712-6431619
ASTER PHARMACIES GROUP LLC ABU DHABI BRANCH 20,,,,"Shop No.1, Thiban Building, Plot S17, Al TaAtuf St, BANIYAS, 
Abu Dhabi, UNITED ARAB EMIRATES",9712-6355490
ASTER PHARMACIES GROUP LLC ABU DHABI BRANCH AIRPORT ROAD,,,,"Building No.193  Floor  GROUND FLO   Sector E 18_0, Airport Road, 
Abu Dhabi, UNITED ARAB EMIRATES",
ASTER PHARMACIES GROUP LLC ABU DHABI BRANCH ELECTRA STREET,,,,"Heirs Of Darwish Bin Ahmed Building, Floor: GROUND, Electra Street, 
Abu Dhabi, UNITED ARAB EMIRATES",
ASTER PHARMACIES GROUP LLC BRANCH 1,,,,"Opp. Al Khaleej Supermarket, Floor: GROUND, Al Mat, Julan, 
Ras Al Khaimah, UNITED ARAB EMIRATES",+97172681224
ASTER PHARMACIES GROUP LLC BRANCH 2,,,,", Floor: GROUND,  PO Box 50585 Aldhait, Aldhait, 
Ras Al Khaimah, UNITED ARAB EMIRATES",+97172361664
ASTER PHARMACIES GROUP LLC BRANCH ABUDHABI 13,,,,"Darwish Bin Ahmed Building,Al Falah Street, Al Dan, AL FALAH, 
Abu Dhabi, UNITED ARAB EMIRATES",9712-5858396
ASTER PHARMACIES GROUP LLC BRANCH OF ABU DHABI (AL SHAHEEN COMPLEX),,,,"Al Shaheen Complex  PO Box 50585 Khalidiya, Khalidiya, 
Abu Dhabi, UNITED ARAB EMIRATES",+97126395140
ASTER PHARMACIES GROUP LLC BRANCH OF ABU DHABI (AL WATHIQ STREET),,,,"Building 139  Floor  GROUND FLO  Al Wathiq Street , Beside Zehrat Lebanon, Muroor Road, 
Abu Dhabi, UNITED ARAB EMIRATES",
ASTER PHARMACIES GROUP LLC BRANCH OF ABU DHABI (CANON BUILDING),,,,"Canon Building, Floor: GROUND, Electra Street,, 
Abu Dhabi, UNITED ARAB EMIRATES",+97126711831
ASTER PHARMACIES GROUP LLC BRANCH OF ABU DHABI 14,,,,"721, Al Muraikhi Building, Hamdan Bin Mohammed St,, AL DANAH, 
Abu Dhabi, UNITED ARAB EMIRATES",9712-6350204
ASTER PHARMACIES GROUP LLC BRANCH OF ABU DHABI 18,,,,"Shop No.1, Building C54, Al Mireef Street, Sector , KHALIFA CITY, 
Abu Dhabi, UNITED ARAB EMIRATES",9712-5845609
ASTER PHARMACIES GROUP LLC BRANCH OF ABU DHABI 21,,,,"G-01, Building-P-2629, Sector RBW8, Al Raha Beach , al raha, 
Abu Dhabi, UNITED ARAB EMIRATES",9712-8846576
ASTER PHARMACIES GROUP LLC BRANCH OF ABU DHABI BLUE DIAMOND,,,,"Al Hamed Building, Floor: GROUND FLO, Al Falah Str, Blue Diamond, 
Abu Dhabi, UNITED ARAB EMIRATES",+97126437625
ASTER PHARMACIES GROUP LLC BRANCH OF ABU DHABI DEYYAR,,,,"Bodebis Building Shop No 7&8  Floor  GROUND FLO  D, Deyyar, 
Abu Dhabi, UNITED ARAB EMIRATES",+97124478482
ASTER PHARMACIES GROUP LLC BRANCH OF ABU DHABI ELECTRA,,,,"Building No 7, Floor: GROUND, Zayed Street, PO Box, Electra, 
Abu Dhabi, UNITED ARAB EMIRATES",+97124489240
ASTER PHARMACIES GROUP LLC BRANCH OF ABU DHABI HAMDAN STREET,,,,"Building No. Ec ???C 19  Floor  GROUND FLO  Near T, Hamdan Street, 
Abu Dhabi, UNITED ARAB EMIRATES",+97126229870
ASTER PHARMACIES GROUP LLC BRANCH OF ABU DHABI KHALIDIYA,,,,"Ict United Square  Floor  GROUND FLO  Mubarak Bin , Khalidiya, 
Abu Dhabi, UNITED ARAB EMIRATES",+97126280582
ASTER PHARMACIES GROUP LLC BRANCH OF ABU DHABI MUSSAFFAH,,,,"Shabiya 10  Floor  GROUND   PO Box 50585 Mussaffah, Mussaffah, 
Abu Dhabi, UNITED ARAB EMIRATES",+97125502429
ASTER PHARMACIES GROUP LLC BRANCH OF ABUDHABI 16,,,,"Building-PRP74990, Salahuddeen Al Ayoubi St, Centr, AL AIN, 
Abu Dhabi, UNITED ARAB EMIRATES",+97137342126
ASTER PHARMACIES GROUP LLC BRANCH OF ABUDHABI 17,,,,"Dalma Mall, Al Wazn St, Abu Dhabi Industrial City,, Al Wazn, 
Abu Dhabi, UNITED ARAB EMIRATES",97125620147
ASTER PHARMACIES GROUP LLC BRANCH OF DUBAI BRANCH OF ABU DHABI 12,,,,"Plot No-113Ground FloorPO Box 50585Abu Baker Al Si, Central District, 
Abu Dhabi, UNITED ARAB EMIRATES",+97137620142
ASTER PHARMACIES GROUP LLC DMCC BRANCH,,,,"Armada Towers 3 Al Thanyah Fifth Jumeirah Lakes To, Jumeirah Lakes Towers, 
Dubai, UNITED ARAB EMIRATES",+97143092900
ASTER PHARMACIES GROUP LLC FUJAIRAH BRANCH 2,,,,"Shop No-R-02, Fujairah Twin Towers, Mraisheed Road, MRAISHEED ROAD, 
Fujairah, UNITED ARAB EMIRATES",9719-2348765
ASTER PHARMACIES GROUP LLC RAK BRANCH,,,,"Safeer Mall, Floor: GROUND FLO, Air Port Road, PO , Ras Al Khaima, 
Ras Al Khaimah, UNITED ARAB EMIRATES",+97172352213
ASTER PHARMACIES GROUP LLC SHJ BR BRANCH 1,,,,"Shop No 3  Sharjah Co Operative Society Sweihat, Sweihat, 
Sharjah, UNITED ARAB EMIRATES",+97165465240
ASTER PHARMACIES GROUP LLC SHJ BR BRANCH 2,,,,"Bin Thareem Building, Floor: GROUND FLO, Muwailah,, 
Sharjah, UNITED ARAB EMIRATES",+97165321063
ASTER PHARMACIES GROUP LLC SHJ BR BRANCH 3,,,,"Sharjah City Centre, Floor: 1ST FLOOR, Al Wahda St, 
Sharjah, UNITED ARAB EMIRATES",+97165950110
ASTER PHARMACIES GROUP LLC SHJ BR BRANCH 4,,,,"Sajah Mall Ali Moosa Street Sajjah Sharjah UAE Saj, Sajjah, 
Sharjah, UNITED ARAB EMIRATES",+97165466057
ASTER PHARMACIES GROUP LLC SHJ BR BRANCH 5,,,,"Rashid Building, Floor: GROUND FLO, University Roa, Muwailiah, 
Sharjah, UNITED ARAB EMIRATES",+97165538496
ASTER PHARMACIES GROUP LLC SHJ BR BRANCH 7,,,,"Shop No-6, Suyoh Mall, Al Suyoh Suburb, Maliha Str, AL RUQAYBA 4, 
Sharjah, UNITED ARAB EMIRATES",9716-5263317
ASTER PHARMACIES GROUP LLC SHJ BR BRANCH 8,,,,"Shop No 1,Crescent Tower, Corniche Street, Al Maja, AL MAJAZ, 
Sharjah, UNITED ARAB EMIRATES",9716-5755178
ASTER PHARMACIES GROUP LLC SHJ BR KALBA,,,,"Sajidha Hypermarket Al Wahda Street Kalba Sharjah , Al Wahda, 
Sharjah, UNITED ARAB EMIRATES",+97196061832
ASTER PHARMACIES GROUP LLC UAQ BRANCH,,,,"Al Masa Tower2GROUND FLOORAl Makta AreaUmm Al Quwa, AL MAKTA, 
Umm Al Quwain, UNITED ARAB EMIRATES",+97165275126
ASTER PHARMACY 1 BR OF ASTER PHARMACY LLC,,,,"Aster Complex Building  Floor  1 2 3  Khalid Bin W, Bur Dubai, 
Dubai, UNITED ARAB EMIRATES",+97143863800
ASTER PHARMACY 100,,,,"Al Razi Building  Building No 64  Floor  D BLOCK  , Building No 64 D Block, 
Dubai, UNITED ARAB EMIRATES",+97144343922
ASTER PHARMACY 102 BR OF ASTER PHARMACIES GRO,,,,"Saeed Hamad Musleh Jamhour Al Ahbabi Bui, Floor: G, Al Qusais, 
Dubai, UNITED ARAB EMIRATES",+97142610833
ASTER PHARMACY 104 BR OF ASTER PHARMACIES GRO,,,,"Hanbal Shafie Al Madani Building  Floor  GROUND FL, Al Warqa, 
Dubai, UNITED ARAB EMIRATES",+97143019616
ASTER PHARMACY 106,,,,"Goldensands Building Al Ittihad Road, PO Box 50585, Al Nahda, 
Sharjah, UNITED ARAB EMIRATES",+97165749669
ASTER PHARMACY 107,,,,"Hassan Baba Hassan Building, Floor: GROUND, King F, 
Sharjah, UNITED ARAB EMIRATES",+97165734704
ASTER PHARMACY 108,,,,"Near To Access Clinic Ibrahim Mohamed Al Medfaa St, Um Al Tarafa Area, 
Sharjah, UNITED ARAB EMIRATES",+97165610012
ASTER PHARMACY 109 BR OF ASTER PHARMACIES GRO,,,,"Floor  GROUND FLO  Near To Dubai Geant Supermarket, Mirdif, 
Dubai, UNITED ARAB EMIRATES",+97144582727
ASTER PHARMACY 112 BR OF ASTER PHARMACIES GRO,,,,"Mohamed Khlifa Al Khalafi Building  Floor  GROUND , Al Raffa, Burdubai, 
Dubai, UNITED ARAB EMIRATES",+97143252920
ASTER PHARMACY 113 BR OF ASTER PHARMACIES GRO,,,,"Mirdif Mall, Floor: GF, Mirdif, PO Box 50585, 
Dubai, UNITED ARAB EMIRATES",+97142839542
ASTER PHARMACY 114 BR OF ASTER PHARMACIES GRO,,,,"Aswaq  Mall Shop No 12 & 13, Floor: GROUND FLO, Al, 
Dubai, UNITED ARAB EMIRATES",+97143851455
ASTER PHARMACY 115 BR OF ASTER PHARMACIES GRO,,,,"Discovery Pavilion, Floor: GROUND FLO, Street 7, P, Discovery Garden, 
Dubai, UNITED ARAB EMIRATES",+97142672946
ASTER PHARMACY 116 BR OF ASTER PHARMACIES GRO,,,,"Mirdif Commercial Complex  Floor  GOUND FLOO  Comp, Mirdif, 
Dubai, UNITED ARAB EMIRATES",+97142884190
ASTER PHARMACY 117 BR OF ASTER PHARMACIES GRO,,,,"Bait Al Waleed Shop No. 12 Mankhool  PO Box 50585 , Bur Dubai, 
Dubai, UNITED ARAB EMIRATES",+97143252882
ASTER PHARMACY 118 BR OF ASTER PHARMACIES GRO,,,,"Obs Building  Shop No.2  Floor  GROUND FLO  Amman , 
Dubai, UNITED ARAB EMIRATES",+97142393397
ASTER PHARMACY 119 BR OF ASTER PHARMACIES GRO,,,,"Enoc Petrol Station, Floor: GROUND FLO, Enoc 1086,, Meadows Emirates Hills 3, 
Dubai, UNITED ARAB EMIRATES",+97142672946
ASTER PHARMACY 120 BR OF ASTER PHARMACIES GRO,,,,"Abdul Raouf Mohammed Saleh Alavi Buildin  Floor  G, Al Warqa, 
Dubai, UNITED ARAB EMIRATES",+97142803995
ASTER PHARMACY 121 BR OF ASTER PHARMACIES GRO,,,,"Silver Sand Building, Floor: GROUND FLO, Al Nahda, Al Nahda, 
Sharjah, UNITED ARAB EMIRATES",+97165544504
ASTER PHARMACY 122,,,,"Aster Building Shop No 2  Floor  GROUND FLO  Abu S, Abu Shagara, 
Sharjah, UNITED ARAB EMIRATES",+97165570996
ASTER PHARMACY 123 BR OF ASTER PHARMACIES GRO,,,,"Al Ghurair Real Estate Building, Floor: GROUND FLO, Deira, 
Dubai, UNITED ARAB EMIRATES",+97142731282
ASTER PHARMACY 124 BR OF ASTER PHARMACIES GRO,,,,"Sukoon Tower, Floor: GROUND FLO, Marina, PO Box 50, Dubai Marina, 
Dubai, UNITED ARAB EMIRATES",+97145546282
ASTER PHARMACY 125,,,,"Al Deyar Buiding, Floor: GROUND FLO, Near Tawoun R, Al Tawoun, 
Sharjah, UNITED ARAB EMIRATES",+97165303016
ASTER PHARMACY 126 BR OF ASTER PHARMACIES GRO,,,,"Umm Suqeim 1  Near Medcare Clinic  PO Box 50585 Ju, Jumeirah, 
Dubai, UNITED ARAB EMIRATES",+97143952213
ASTER PHARMACY 127 BR OF ASTER PHARMACIES GRO,,,,"Royal Oceanic 1  Floor  218  Marsa Dubai  Near Le , Dubai Marina, 
Dubai, UNITED ARAB EMIRATES",+97145547096
ASTER PHARMACY 128 BR OF ASTER PHARMACIES GRO,,,,"Shop   1  New Enoc Umm Sequim St PO Box 50585 Umm , Umm Sequim, 
Dubai, UNITED ARAB EMIRATES",+97144405945
ASTER PHARMACY 129 BR OF ASTER PHARMACIES GRO,,,,"Marjana Plaza Building, Floor: GROUND FLO, Al Bada, Al Satwa, 
Dubai, UNITED ARAB EMIRATES",+97413590530
ASTER PHARMACY 130 BR OF ASTER PHARMACIES GRO,,,,"Bunyan Tower  Floor  GROUND FLO  Plot No 392 252  , Dubai Marina, 
Dubai, UNITED ARAB EMIRATES",+97145586175
ASTER PHARMACY 131 BR OF ASTER PHARMACIES GRO,,,,"Shop 17  Trio Building  Floor  GROUND   PO Box 505, Al Barsha 1, 
Dubai, UNITED ARAB EMIRATES",+97143475733
ASTER PHARMACY 132 BR OF ASTER PHARMACY,,,,"Sheikh Suhail Building Plot  133 142  PO Box 50585, Hor Al Anz East, Abu Hail, 
Dubai, UNITED ARAB EMIRATES",+97142692835
ASTER PHARMACY 133,,,,"Al Sharq Street  PO Box 50585 Al-Butina, Behind As, Al-Butina, Behind Aster Expert Pharmacy, 
Sharjah, UNITED ARAB EMIRATES",+97165619322
ASTER PHARMACY 134 BR OF ASTER PHARMACIES GRO,,,,"Golden Sands Building Barsha 1st, PO Box 50585 Al , Al Barsha 1, 
Dubai, UNITED ARAB EMIRATES",+97143271483
ASTER PHARMACY 135 BR OF ASTER PHARMACIES GRO,,,,"Russia V 19  Floor  GROUND FLO  Russia V 19  PO Bo, Dubai International City, 
Dubai, UNITED ARAB EMIRATES",+97144511674
ASTER PHARMACY 136 BR OF ASTER PHARMACIES GRO,,,,"Shop No Ffa01  Al Khail Mall  Floor  GROUND  Latif, Industrial Area 4, Al Qouse, 
Dubai, UNITED ARAB EMIRATES",+97143806940
ASTER PHARMACY 137 BR OF ASTER PHARMACIES GRO,,,,"The Pavilion Mall  Retail Shop 6  Floor  GROUND, F, Dubai International City, 
Dubai, UNITED ARAB EMIRATES",+97144224515
ASTER PHARMACY 138 BR OF ASTER PHARMACIES GRO,,,,"Mohamed Hussein Ali Yateem Building  Floor  GROUND, Bur Dubai, 
Dubai, UNITED ARAB EMIRATES",+97143315297
ASTER PHARMACY 139,,,,", Floor: GROUND, Sheikh Khalid Road, PO Box 50585 , Khorfakkan, 
Sharjah, UNITED ARAB EMIRATES",+97192371301
ASTER PHARMACY 140,,,,"Sultaco Building, Floor: GROUND, King Faisal Stree, Al Majaz, 
Sharjah, UNITED ARAB EMIRATES",+97165445001
ASTER PHARMACY 141 BR OF ASTER PHARMACIES GRO,,,,"Shop No Sc 021 Dubai Festival City Mall, Floor: GR, Festival City Dubai, 
Dubai, UNITED ARAB EMIRATES",+97142365418
ASTER PHARMACY 142 BR OF ASTER PHARMACIES GRO,,,,"Al Fattan Building  Plot No 233 129  Floor  GROUND, Al Qusais, 
Dubai, UNITED ARAB EMIRATES",+97142205966
ASTER PHARMACY 143 BR OF ASTER PHARMACIES GRO,,,,"Plot 94  0  The Ribbon Building 2  Floor  GROUND  , Motor City, 
Dubai, UNITED ARAB EMIRATES",+97144430474
ASTER PHARMACY 144 BR OF ASTER PHARMACIES GRO,,,,"Al Maalik Building  Shop 5 & 6  Floor  GROUND  Al , Hor Al Anz, 
Dubai, UNITED ARAB EMIRATES",+97142212250
ASTER PHARMACY 145 BR OF ASTER PHARMACIES GRO,,,,"Al Waleed Building  Shop No  1  Floor  GROUND  Ira, Al Karama, 
Dubai, UNITED ARAB EMIRATES",+97143547745
ASTER PHARMACY 146 BR OF ASTER PHARMACIES GRO,,,,"32 Souk Al Kabeer Building, Floor: GROUND, Shindag, Bur Dubai, 
Dubai, UNITED ARAB EMIRATES",+97143271059
ASTER PHARMACY 147 BR OF ASTER PHARMACIES GRO,,,,"Aster Jubilee Medical Complex  Floor  GROUND  Khal, Bur Dubai, 
Dubai, UNITED ARAB EMIRATES",+97143254026
ASTER PHARMACY 148 BR OF ASTER PHARMACIES GRO,,,,"Jamal Omar Bin Hyder Building  Shop No 5  Floor  G, Al Karama, 
Dubai, UNITED ARAB EMIRATES",+97143404005
ASTER PHARMACY 149 BR OF ASTER PHARMACIES GRO,,,,"Al Wasl Building  Shop 2 & 3  Floor  GROUND   PO B, Al Karama, 
Dubai, UNITED ARAB EMIRATES",+97143969469
ASTER PHARMACY 150 BR OF ASTER PHARMACIES GRO,,,,"Shop 6 Pinnacle Tower  Floor  GROUND   PO Box 5058, Marsa, Marina, 
Dubai, UNITED ARAB EMIRATES",+97143794306
ASTER PHARMACY 151,,,,"Mamzer 1 Tower  Shop No.4  Floor  GROUND  Tawun St, Al Tawoon, 
Sharjah, UNITED ARAB EMIRATES",+97165453109
ASTER PHARMACY 152 BR OF ASTER PHARMACIES GRO,,,,"Jebel Ali Free Zone South, Food Court 3 Commercial, Jebel Ali, 
Dubai, UNITED ARAB EMIRATES",+97148809102
ASTER PHARMACY 153,,,,"Mubarak Building University Road, PO Box 50585 Muw, Muweilah, 
Sharjah, UNITED ARAB EMIRATES",+97165220938
ASTER PHARMACY 154 BR OF ASTER PHARMACIES GRO,,,,"Al Aqar Tower 3  Floor  GROUND FLO  Ajman Corniche, Rumaila-3, 
Ajman, UNITED ARAB EMIRATES",+97167314840
ASTER PHARMACY 155 BR OF ASTER PHARMACIES GRO,,,,"Business Centre, Floor: GROUND, Al Rigga, PO Box 5, Deira, 
Dubai, UNITED ARAB EMIRATES",+97142280204
ASTER PHARMACY 156 BR OF ASTER PHARMACIES GRO,,,,"Shop 6 Sapphire Mall, Floor: GROUND,  PO Box 50585, Dubai Industrial City, 
Dubai, UNITED ARAB EMIRATES",+97145877191
ASTER PHARMACY 157 BR OF ASTER PHARMACIES GRO,,,,"Dar Al Wasl Building, Floor: GROUND, Al Wasl Road,, 
Dubai, UNITED ARAB EMIRATES",+97143867820
ASTER PHARMACY 158 BR OF ASTER PHARMACIES GRO,,,,"Talal Supermarket Dubai Investment Park, Dubai Investment Park, 
Dubai, UNITED ARAB EMIRATES",+97148800282
ASTER PHARMACY 159 BR OF ASTER PHARMACIES GRO,,,,"Al Manar Tower Corniche Road, PO Box 50585 Rashidi, Rashidiya 3, 
Ajman, UNITED ARAB EMIRATES",+97167453226
ASTER PHARMACY 160 BR OF ASTER PHARMACIES GRO,,,,"Jabal Ali Shopping Center  Floor  GROUND FLO  86 S, Dubai Investment Park (Dip 1), 
Dubai, UNITED ARAB EMIRATES",+97148847176
ASTER PHARMACY 161 BR OF ASTER PHARMACIES GRO,,,,"Marhaba Mall, Floor: GROUND FLO, Ras Al Khor Road,, Al Aweer, 
Dubai, UNITED ARAB EMIRATES",+97143424262
ASTER PHARMACY 162 BR OF ASTER PHARMACIES GROUP LLC,,,,"Masjid Building, Jumeirah Village Circle, Next To , 
Dubai, UNITED ARAB EMIRATES",+9714580678
ASTER PHARMACY 163 BR OF ASTER PHARMACIES GRO,,,,"Nesto Hypermarket, Floor: GROUND FLO, Al Imam Al S, Hamidiya 1, 
Ajman, UNITED ARAB EMIRATES",+97165461822
ASTER PHARMACY 164 BR OF ASTER PHARMACIES GRO,,,,"Sky Courts, Floor: GROUND FLO, Dubai Al Ain Road, , Dubai Land, 
Dubai, UNITED ARAB EMIRATES",+97143263688
ASTER PHARMACY 165 BR OF ASTER PHARMACIES GRO,,,,"Sway Residences, Floor: GROUND FLO, Hadaeq Sheikh , Dubai Hills, 
Dubai, UNITED ARAB EMIRATES",+97147187190
ASTER PHARMACY 166 (BR OF ASTER PHARMACIES GROUP L.L.C),,,,"Azurite Tower Shop No.5 Ground Floor, Ibn Al Zahra, JADAF, 
Dubai, UNITED ARAB EMIRATES",
ASTER PHARMACY 167 BR OF ASTER PHARMACIES GROUP LLC,,,,"02 Flr The Dubai Mall Sheikh Mohammed Bin Rashed B, Downtown, 
Dubai, UNITED ARAB EMIRATES",+97143341829
ASTER PHARMACY 168 BR OF ASTER PHARMACIES GROUP LLC,,,,"Ibs Gf 35&36  Near Carrefour Parking Ent Jabal Ali, Jebel ALi, 
Dubai, UNITED ARAB EMIRATES",
ASTER PHARMACY 169 BR OF ASTER PHARMACIES GROUP LLC,,,,"19a Street  Al Wasl Road  Umm Al Sheif  Dubai  PO , 
Dubai, UNITED ARAB EMIRATES",+97143250365
ASTER PHARMACY 170 BR OF ASTER PHARMACIES GROUP LLC,,,,"Building 1  Phase 2  Sobha Hartland Al Merkadh Gre, Greens, 
Dubai, UNITED ARAB EMIRATES",+97142588717
ASTER PHARMACY 171 (BR OF ASTER PHARMACIES GROUP L.L.C),,,,"Shop No B6, RDK 1190 Building B, Green Community V, Green Community Village, Dubai Investment Park Fir, 
Dubai, UNITED ARAB EMIRATES",04-2516452
ASTER PHARMACY 172 BR OF ASTER PHARMACIES GROUP LLC,,,,"Al Sayyah Residence C Arjan Dubailand   Al Barsha , Arjan, 
Dubai, UNITED ARAB EMIRATES",+97145786364
ASTER PHARMACY 173 BR OF ASTER PHARMACIES GROUP LLC,,,,"Union Cooperative Society Jumeirah Third Al Safa D, Al Safa, 
Dubai, UNITED ARAB EMIRATES",+97143325595
ASTER PHARMACY 174 BR OF ASTER PHARMACIES GROUP LLC,,,,"G-03,TAG Retail Hub 01,Al Hebiah Fourth, Dubai Spo, SPORTS CITY, 
Dubai, UNITED ARAB EMIRATES",9714-4486271
ASTER PHARMACY 175 BR OF ASTER PHARMACIES GROUP LLC,,,,"Damac Tower 108, Jumeirah Village Circle, PO 50585, 
Dubai, UNITED ARAB EMIRATES",+97145579564
ASTER PHARMACY 176 BR OF ASTER PHARMACIES GROUP LLC,,,,"Binghatti Jewels Liwan, Wadi Al Safa 2, Dubai, UAE, LIWAN, 
Dubai, UNITED ARAB EMIRATES",+97143092900
ASTER PHARMACY 177 (BR OF ASTER PHARMACIES GROUP L.L.C),,,,"Shop 6&7, Raja Building, Opposite Skycourt Tower B, Dubai Land Residence Complex, Dubai Land, 
Dubai, UNITED ARAB EMIRATES",04-2575216
ASTER PHARMACY 178 BR OF ASTER PHARMACIES GROUP LLC,,,,"Shop R02, West Avenue, Al Gharbi Street, Marina, M, MARINA MARSA, 
Dubai, UNITED ARAB EMIRATES",9714-2950979
ASTER PHARMACY 179 BR OF ASTER PHARMACIES GRO,,,,"Al Wasl Village Retail Centre, Al Rayhan Street, A, AL QUSAIS, 
Dubai, UNITED ARAB EMIRATES",+97142207653
ASTER PHARMACY 180 BR OF ASTER PHARMACIES GRO,,,,"Rimal 1, The Walk, Dubai Marina and Jumeirah Beach, JBR MARSA, 
Dubai, UNITED ARAB EMIRATES",+97143092900
ASTER PHARMACY 181 BR OF ASTER PHARMACIES GRO,,,,"Park Heights Square 1, Hadaeq Sheikh Mohammed Bin , DUBAI HILLS, 
Dubai, UNITED ARAB EMIRATES",+97142632594
ASTER PHARMACY 182 BR OF ASTER PHARMACIES GRO,,,,"Jowhrat Al Faihaa, International City 2 St, Intern, Dubai International City, 
Dubai, UNITED ARAB EMIRATES",+97145545907
ASTER PHARMACY 183 BR OF ASTER PHARMACIES GRO,,,,"Art Heights, Al Nahar 2 St, Barsha Heights, Dubai,, Barsha Heights, 
Dubai, UNITED ARAB EMIRATES",+97142679073
ASTER PHARMACY 184 BR OF ASTER PHARMACIES GROUP LLC,,,,"Retail-01, Zada Tower, Al Aamal Street, Business B, BUSINESS BAY, 
Dubai, UNITED ARAB EMIRATES",9714-4490062
ASTER PHARMACY 185 BR OF ASTER PHARMACIES GROUP LLC,,,,"Shop No 1, Ground Floor, Binghatti Gateway, Al Jad, AL JADDAF, 
Dubai, UNITED ARAB EMIRATES",9714-2665280
ASTER PHARMACY 186 (BR OF ASTER PHARMACIES GROUP L.L.C),,,,"Shop 1, Seven Palm Hotel & Apartments The Palm A, , Palm Jumeira Road, 
Dubai, UNITED ARAB EMIRATES",04-2688710
ASTER PHARMACY 187 BR OF ASTER PHARMACIES GRO,,,,"Shop 8, Zen 3 Building, Street 1, Discovery Garden, JABA ALI FIRST, 
Dubai, UNITED ARAB EMIRATES",9714-5519467
ASTER PHARMACY 188 BR OF ASTER PHARMACIES GRO,,,,"Retail-06, Loggia Plaza, Dunes Street, Dubai Silic, Dubai Silicon Oasis, 
Dubai, UNITED ARAB EMIRATES",9714-3497028
ASTER PHARMACY 189 BR OF ASTER PHARMACIES GRO,,,,"Shop 6, Silicon Heights 2 Building, Dubai Silicon , DUBAI SILICON OASIS, 
Dubai, UNITED ARAB EMIRATES",9714-8324564
ASTER PHARMACY 191 (BR OF ASTER PHARMACIES GROUP L.L.C),,,,"Shop no 1, Elite Downtown Residence 1, School Stre, Downtown Dubai, 
Dubai, UNITED ARAB EMIRATES",04-5700402
ASTER PHARMACY 192 (BR OF ASTER PHARMACIES GROUP L.L.C),,,,"Shop No 3, Tower No 1, Trade Center First, Shaikh , Shaikh Zayed Road, 
Dubai, UNITED ARAB EMIRATES",04-2584482
ASTER PHARMACY 194 (BR OF ASTER PHARMACIES GROUP L.L.C),,,,"Shop no 2, Creek Vistas tower B, Shoba Hartland, A, Al Merkadh, Nad Al Sheba 1, 
Dubai, UNITED ARAB EMIRATES",04-5750742
ASTER PHARMACY 195 (BR OF ASTER PHARMACIES GROUP L.L.C),,,,"Shop No. 3, Pink Building 7 Jebel Ali Village Ibn , Ibn Battuta Street, The Gardens, 
Dubai, UNITED ARAB EMIRATES",04-5725507
ASTER PHARMACY 196 (BR OF ASTER PHARMACIES GROUP L.L.C),,,,"Retail-20, Azizi Riviera 5, Shoba Hartland, Al Mer, Nad Al Sheba 1, 
Dubai, UNITED ARAB EMIRATES",04-5702313
ASTER PHARMACY 2 BR OF ASTER PHARM GRP LLC,,,,"Carrefour Centre Unit No 4&5 Dubai Investment Park, Nside Carrefour, 
Dubai, UNITED ARAB EMIRATES",+97148858044
ASTER PHARMACY 200 BR OF ASTER PHARMACIES GRO,,,,"Building No  241 487  Al Nahada Second Amman Stree, Al Qusais, 
Dubai, UNITED ARAB EMIRATES",+97142362839
ASTER PHARMACY 201 BR OF ASTER PHARMACIES GRO,,,,"Shop 3  Al Manal Tower  Floor  GROUND  Sheikh Zaye, 
Dubai, UNITED ARAB EMIRATES",+97143209695
ASTER PHARMACY 202 BR OF ASTER PHARMACIES GRO,,,,"Bin Sougat Center, Floor: GROUND, Airport Road, PO, Al Rashidiya, 
Dubai, UNITED ARAB EMIRATES",+97142540474
ASTER PHARMACY 203 BR OF ASTER PHARMACIES GRO,,,,"Shop No.1  Arab Doctor Building  Floor  GROUND   P, Al Taawun Area, 
Sharjah, UNITED ARAB EMIRATES",+97165396955
ASTER PHARMACY 204 BR OF ASTER PHARMACIES GRO,,,,"Al Qusais Building, Floor: GROUND, Damascus Street, Al Qusais, 
Dubai, UNITED ARAB EMIRATES",+97142203889
ASTER PHARMACY 205 BR OF ASTER PHARMACIES GRO,,,,"Palm Views East Building, Floor: GROUND, Palm View, Palm Jumeirah, 
Dubai, UNITED ARAB EMIRATES",+97144221521
ASTER PHARMACY 206 BR OF ASTER PHARMACIES GRO,,,,"Shaikh Mohammed Bin Rashid Boulevard Next To Addre, Burj Dubai, 
Dubai, UNITED ARAB EMIRATES",+97144086519
ASTER PHARMACY 3 BR OF ASTER PHARMACY LLC,,,,"Dubai Outlet Mall  G32  Floor  G   PO Box 50585 G3, G32, Ground Floor, Dubai Outlet Mall, 
Dubai, UNITED ARAB EMIRATES",+97144437250
ASTER PHARMACY 5 BR OF ASTER PHARM GRP LLC,,,,"Cbd 29  Shop No 02 Al Warsan 1st  International Ci, 
Dubai, UNITED ARAB EMIRATES",+97144473169
ASTER PHARMACY 6 BR OF ASTER PHARMACIES GROUP,,,,"Dubai Silicon Gate 1   Building  Floor  FIRST FLOO, 
Dubai, UNITED ARAB EMIRATES",+97143262600
ASTER PHARMACY 8 BR OF ASTER PHARMACIES GROUP,,,,"Century Mall, Floor: GROUND FLO, Faseel Road, PO B, Near Beach Motel, 
Fujairah, UNITED ARAB EMIRATES",+97192230701
ASTER PHARMACY 98 BRANCH OF ASTER PHARMACY LL,,,,"Sonapur  Shop No 8 24th Street  PO Box 50585 Muhai, Muhaisnah 2, 
Dubai, UNITED ARAB EMIRATES",+97142521711
ASTER PHARMACY AJMAN,,,,"Rashidya Horizon Tower, Floor: Ground, Rashidiya S, Ajman Cooperative Society, 
Ajman, UNITED ARAB EMIRATES",+97167496363
ASTER PHARMACY FUJAIRAH BRANCH LLC,,,,"Emirates Spring Building, Floor: GF, Hamad Bin Abd, Emirates Spring Building, 
Fujairah, UNITED ARAB EMIRATES",+97192238322
ASTER PHARMACY LLC MUSAFFAH,,,,"Safeer Mall Shabiya, Musaffah, Musaffah, 
Abu Dhabi, UNITED ARAB EMIRATES",+97125529395
ASTER PHARMACY SHARJAH,,,,"PAN EMIRATES BUILDING, Floor: Ground, King Faisal , Majaz Area, 
Sharjah, UNITED ARAB EMIRATES",+97165445001
ASTER PHARMACY TECOM,,,,"Icon Tower Bldg  Near To Babylos Hotel  Floor  Gro, Barsha Heights, 
Dubai, UNITED ARAB EMIRATES",+97144534840
ASTER PHARMACY101 BR OF ASTER PHARMACIES GROU,,,,"Aqu Building, Floor: GROUND FLO, Sheikh Colony, PO, Al Qusaisi, 
Dubai, UNITED ARAB EMIRATES",+97142382342
ASTER PHARMACY103 BR OF ASTER PHARMACIES GROU,,,,"Building N04  Floor  GROUND FLO  Al Warsan First  , 
Dubai, UNITED ARAB EMIRATES",+97142765802
ASTER PHARMACY105 BR OF ASTER PHARMACIES GROU,,,,"Bldg. I   11  Floor  GROUND FLO   Al Warsan First , 
Dubai, UNITED ARAB EMIRATES",+97142275972
ASTER PHARMACY110 BR OF ASTER PHARMACIES GROU,,,,"Mandarin Building  Floor  GROUND FLO  Street 13a  , Near Lamcy Plaza, 
Dubai, UNITED ARAB EMIRATES",+97143963158
ASTER PHARMACY111 BR OF ASTER PHARMACIES GROU,,,,"Muhaisinah Plaza Building  Floor  G  Muhaisanah 4 , Lulu Village, 
Dubai, UNITED ARAB EMIRATES",+97142593195
ASTER PHARMACY180 AND CLINIC BR OF ASTER PHARMACIES GROUP LLC EXPRESS CLINIC (PLUS),,,,"RIMAL 1, JBR, MARSA DUBAI, DUBAI UAE JUMEIRAH BEAC, JUMEIRAH BEACH ROAD, 
Dubai, UNITED ARAB EMIRATES",97144400500
ASTER PRIMARY CARE LLC (ASTER),,,,"Near First Signal (Masjid) Sector 9  Sannayah  PO , Musaffah, 
Abu Dhabi, UNITED ARAB EMIRATES",+97126266672
ASTER ROYAL CLINIC ARABIAN RANCHES PHARMACY B,,,,"Emaar MallThe Ranches SoukArabian Ranches 2Dubai A, Arabian Ranches 2, 
Dubai, UNITED ARAB EMIRATES",97143092900
ASTER ROYAL CLINIC DOWNTOWN BR OF DM HEALTHCARE (PLUS),,,,"The Residence Tower 6Ground Floor and Mezzanine Fl, Downtown Dubai, 
Dubai, UNITED ARAB EMIRATES",+97145298194
ASTER ROYAL CLINIC SPRINGS SOUK (PLUS),,,,"Springs Souk, NSPV FF 24 & NSPV FF 25 - First Floo, Springs 7, 
Dubai, UNITED ARAB EMIRATES",97144400500
ASTER ROYAL CLINIC SPRINGS SOUK PHARMACY BR OF D M HEALTHCARE L L C,,,,"Shop FF 24 and FF 25, Springs Souk, Al Thanyah Fou, SPRINGS, 
Dubai, UNITED ARAB EMIRATES",9714-3288352
ASTER SPECIALIST CENTER FOR ORTHOPEDICS (PLUS),,,,"Al Ahbabi Building, Floor: GROUND FLO, Damascus St, Al Qusais 2, 
Dubai, UNITED ARAB EMIRATES",+97143311006
ASTER SPECIALIST MEDICAL CENTER (PLUS),,,,"Al Manar Tower  Floor  GROUND FLO  Sheikh Rashid B, Al Swan, Rashidia-3, 
Ajman, UNITED ARAB EMIRATES",+97165308057
ASTER SPECIALIST MEDICAL CENTER INTERNATIONAL (PLUS),,,,"The Pavilion Mall  Retail 10  PO Box 8703, France , Dubai International City, 
Dubai, UNITED ARAB EMIRATES",+97144279554
ATTOUK ISLAND CLINIC,,,,"Attouk Island ClinicPO BOX 303NORTH ISLAND Oilfiel, NORTH ISLAND Oilfield, 
Abu Dhabi, UNITED ARAB EMIRATES",97126023882
AVANTI ATLANTIS THE ROYAL,,,,"GD37 Lower Ground Floor Main Entrance Valet Parkin, ATLANTIS, 
Dubai, UNITED ARAB EMIRATES",97143446710
AVANTI DIFC,,,,"Unit G0-Rt-17, Gate Avenue-North Zone Difc DIFC, DIFC, 
Dubai, UNITED ARAB EMIRATES",97143394923
AVANTI DUBAI MALL,,,,"The Dubai Mall United Arab Emirates, PO Box 121, 
Dubai, UNITED ARAB EMIRATES",97143495401
AVANTI MALL OF THE EMIRATES,,,,"Mall Of The Emirates, Floor: FIRST FLOO, Mall Of T, 
Dubai, UNITED ARAB EMIRATES",97143798177
AVANTI MIRDIFF CITY CENTRE,,,,"Mirdiff City Centre United Arab Emirates, PO Box 1, 
Dubai, UNITED ARAB EMIRATES",97142593025
AVANTI YAS MALL,,,,"Avanti  Yas Mall  Floor  GROUND FLO   PO Box 121 Y, YAS ISLAND, 
Abu Dhabi, UNITED ARAB EMIRATES",971564179426
AVENUE PHARMACY LLC,,,,"Aspect Towers  Floor  Ground  Shaikh Zayed Road   , Business Bay, 
Dubai, UNITED ARAB EMIRATES",+97144357450
AXON MEDICA POLYCLINIC BR OF AMLED INVESTMENT,,,,"Union Coop Building, Floor: Ground, Dubai Near Ras, Rashidiya Central Market, 
Dubai, UNITED ARAB EMIRATES",+97142859880
AXON PHARMA LLC,,,,"Soft Touch Vitalis Pharmacy Llc  Floor  Ground  CE, Rashidiya Union Co-Op Bulidng-Central Market, 
Dubai, UNITED ARAB EMIRATES",+97142853152
AZHAR CLINIC 3 BR OF AZHAR CLINIC LLC,,,,"Shop 12 Vegetable And Fruit Market Al Aweer, PO Bo, Ras Al Khor, 
Dubai, UNITED ARAB EMIRATES",+97148806616
BAB AL HAYAT PHARMACY,,,,"Inside Fida Al Madina Hyper Market Dip 2, PO Box 8, Dubai Investment Park (Dip 2), 
Dubai, UNITED ARAB EMIRATES",+97148831248
BAB AL NOOR PHARMACY LLC,,,,"Mustafa Mall, Floor: GROUND FLO,  PO Box 392192 Mu, Muhaisnah Second, 
Dubai, UNITED ARAB EMIRATES",+97143444293
BAB AL SHIFA PHARMACY LLC,,,,"Shop 3 Mubarak Sayeer Building, Floor: GROUND,  PO, Al Majaz, 
Sharjah, UNITED ARAB EMIRATES",+97165750060
BADAR PHARMACY LLC,,,,"Al Ahalya Exchange Building  Behind Al F  Floor  G, Al Ghwair, 
Sharjah, UNITED ARAB EMIRATES",+97165614751
BADR AL SAMAA MEDICAL CENTRE,,,,"Esag Al Musalla Building, Floor: Ground, 301 Khali, Al Mankhoul, 
Dubai, UNITED ARAB EMIRATES",+97143578681
BADR AL SAMAA PHARMACY LLC,,,,"Oriental House 2, Floor: GROUND, Burjuman Bank Str, Bur Dubai, 
Dubai, UNITED ARAB EMIRATES",+97143578681
BAGHDAD PHARMACY,,,,"Building No. 23  Floor  GROUND FLO  M.E. 12  51 St, Mohammed Bin Zayed City, 
Abu Dhabi, UNITED ARAB EMIRATES",+97125523040
BAIN AL QASRAIN PHARMACY,,,,"Adnec  PO Box 46861 Adnec Exibhition Centre, Adnec Exibhition Centre, 
Abu Dhabi, UNITED ARAB EMIRATES",+97124469300
BAIT AL MAQDES AL JADEEDAH PHARMACY,,,,"Opp Abu Shagara Park, Floor: Shop, Al Wahda St Abu, Abu Shagara, 
Sharjah, UNITED ARAB EMIRATES",+97165534363
BAIT AL MAQDES PHARMACY LLC DUBAI,,,,"Arabilla Bldg 15c St, PO Box 96976 Hor Al Anz East, Hor Al Anz East, 
Dubai, UNITED ARAB EMIRATES",+97165552070
BAIT AL MAQDES PHARMACY SHARJAH,,,,"Bait Al Maqdes Pharmacy (Sharjah)  Floor  Ground  , Al Wahda Service Road Opposite City Center, 
Sharjah, UNITED ARAB EMIRATES",+97165534363
BAIT AL SHIFA PHARMACY,,,,"Mahmoud Ahmed Yasin Iraqi Building, 2, Maliha, PO , Muwaleh, 
Sharjah, UNITED ARAB EMIRATES",+97165611891
BAIT AL SHIFA PHARMACY LLC DUBAI BRANCH,,,,"Dp World Clinic, Floor: GROUND, PO Box 7832, Jebel, Jebel Ali, 
Dubai, UNITED ARAB EMIRATES",+97148896399
BAIT AL SHIFAA NEW PHARMACY,,,,"Bait Al Shifaa New Pharmacy Salaluddin Road, PO Bo, Abu Hail, 
Dubai, UNITED ARAB EMIRATES",+97142666464
BALSAM AL HADEETHAH PHARMACE LLC,,,,"Al awqaf and Islamic Affairs Bldg.,Umm suqeim seco, UMM SUQEIM 2, 
Dubai, UNITED ARAB EMIRATES",+971 4 348 8507
BANGASH PHARMACY LLC,,,,"Hamad Mubarak Al Khaili Baniyas East, PO Box 55687, Behind Sultan Bakery Sector 9, 
Abu Dhabi, UNITED ARAB EMIRATES",+97125834217
BANIYAS AL AHLI MEDICAL CENTRE,,,,"Bldg. No.   37/146 Near Ahmed Salem Al   Mahrami M, Mussaffah, 
Abu Dhabi, UNITED ARAB EMIRATES",+97125510606
BANIYAS HEALTH CENTER,,,,"Bani Yas - EB6 04 - Abu Dhabi, 
Abu Dhabi, UNITED ARAB EMIRATES",+97125835599
BANIYAS LIFE PHARMACY BR OF LIFE PHARMACY LLC,,,,"Al Ashrfiah Building  PO Box 71246 Deira, Deira, 
Dubai, UNITED ARAB EMIRATES",+97143441122
BANIYAS MEDICAL CLINIC,,,,", Floor: 1, East 2, PO Box 57407 Baniyas, Baniyas, 
Abu Dhabi, UNITED ARAB EMIRATES",+97125831116
BARARI MEDICAL FOR ONE DAY SURGERY CENTER LLC,,,,"Al Dhaher 9 62 Building Department of Municipaliti, Al Dhaher, 
Al Ain, UNITED ARAB EMIRATES",0097180055
BARBARA ORTHODONTIC AND DENTAL POLYCLINIC,,,,"Etihad Tower, Floor: 1ST, Khalifa Street, PO Box 4, Khalifa Bin Zayed Street, 
Abu Dhabi, UNITED ARAB EMIRATES",+97126269898
BAREEN INTERNATIONAL HOSPITAL,,,,"Bareen International Hospital Z 15, PO Box 108727 , Mohammed Bin Zayed City, 
Abu Dhabi, UNITED ARAB EMIRATES",+97124414848
BAREEN PHARMACY,,,,"Bareen Pharmacy Z 15, PO Box 108727 Mohammed Bin Z, Mohammed Bin Zayed City, 
Abu Dhabi, UNITED ARAB EMIRATES",+97124414848
BARRAQUER EYE HOSPITAL FZ LLC,,,,"Barraquer Eye Hospital Dubai Healthcare City   Pha, AL JADDAF, 
Dubai, UNITED ARAB EMIRATES",+97145739999
BARSHA ROSE GARDENS PHARMACY LLC,,,,"Shop 1 Rose Gardens Hotel Apartment Bldg  PO Box 7, Al Barsha 1, 
Dubai, UNITED ARAB EMIRATES",+97143441122
BASCOM PALMER AUGUST MEDICAL EYE INSTITUTE LLC,,,,"ME 07, PLOT C1, Manhal Street Mohamed Bin Zayed Ci, Mohamed Bin Zayed City, 
Abu Dhabi, UNITED ARAB EMIRATES",9712 676 7975
BASEL MEDICAL CENTRE,,,,"Mafraq Centre  F221a  Floor  1F  Al Mafraq Workers, Baniyas, 
Abu Dhabi, UNITED ARAB EMIRATES",+97126316831
BASMAT AL IFRAH PHARMACY LLC,,,,"Al Salam Building Arjan, PO Box 80418 Al Barsha So, Al Barsha South, 
Dubai, UNITED ARAB EMIRATES",+97147700948
BAY SQUARE PHARMACY LLC,,,,"Bay Square Unit G 03  Bb11 Business Bay, Business Bay, 
Dubai, UNITED ARAB EMIRATES",+97143441122
BEAUTICA DENTAL CENTER SOLE PROPRIETORSHIP LL,,,,"Hardee'S Building, Floor: THIRD FLOO, Hamdan Stree, 
Abu Dhabi, UNITED ARAB EMIRATES",+97124465599
BEHAVIORAL SCIENCE PAVILION,,,,"Karma Street, PO Box 51900, 
Abu Dhabi, UNITED ARAB EMIRATES",+97128190000
BEST CLINIC LLC,,,,"Al Karama 3, Office 102, 103 and 101, First Floor,, Al Karama, 
Dubai, UNITED ARAB EMIRATES",97143588965
BETA PHARMACY ASTER GRP,,,,"Mirdiff City Centre  Central Galleria   Floor  UNI, Mirdiff, 
Dubai, UNITED ARAB EMIRATES",+97142840678
BETTER LIFE CLINIC LLC,,,,"Al Tawhidi Bldg 2, Floor: 203, Al Mankhool Street,, Bur Dubai, 
Dubai, UNITED ARAB EMIRATES",+97143592255
BETTER LIFE PHARMACY,,,,"Ground Floor  Grand City Mall Al Quoz Industrial A, Al Qouz, 
Dubai, UNITED ARAB EMIRATES",+97143423465
BETTER LIFE PHARMACY AHALIA MEDICAL GRP,,,,"Al Musaffah Al Ahli Medical Centre Bldg. Icad  Nea, Musaffah, 
Abu Dhabi, UNITED ARAB EMIRATES",+97125506693
BETTER LIFE PHARMACY SOLE PROPRIETORSHIP LLC BRANCH 1,,,,"Better Life Pharmacy Corniche Road Abu Dhabi UAE, 
Abu Dhabi, UNITED ARAB EMIRATES",+97126222230
BEVERLY HILLS SPECIALIST HOSPITAL LLC,,,,"15  Building 699 Khalifa Bin Mohamed Street  Al Mu, Al Mushrif Area, 
Abu Dhabi, UNITED ARAB EMIRATES",+97122222494
BHATIA MEDICAL CENTRE,,,,"Bhatia Medical Centre Bldg, Floor: 1, Bank Street,, Al Shuwaiheen, 
Sharjah, UNITED ARAB EMIRATES",+97165753888
BIDA AL OSHANAH CLINIC,,,,"Bida Al Oshanah ClinicPO BOX 1749ZAYED CITY, WESTE, ZAYED CITY, WESTERN REGION, 
Abu Dhabi, UNITED ARAB EMIRATES",97126023882
BIDA MUTAWA PRIMARY HEALTH CARE CENTER,,,,"Bida Mutawa Primary Health Care Center, Floor:   P, 
Abu Dhabi, UNITED ARAB EMIRATES",+97128839140
BILAL PHARMACY,,,,"Al Owaisi Building, Floor: Ground, Caterpillar Str, Industrial Area 2, 
Sharjah, UNITED ARAB EMIRATES",+97165328558
BIN KHALDOON PHARMACY,,,,"Al Khayal, Floor: G, Mubasher bin abdul Munzer, PO, QASIMIA, 
Sharjah, UNITED ARAB EMIRATES",+97165752423
BIN SERAY PHARMACY,,,,"Near Lamsy Plaza Oud Mehta Road, PO Box 71246 Oud , Oud Metha, 
Dubai, UNITED ARAB EMIRATES",+97143441122
BIN SINA 45 PHARMACY (BIN SINA PHARMACIES),,,,"Dream Mart Hypermarket Building, PO Box 11245 Duba, Dubai Investment Park, 
Dubai, UNITED ARAB EMIRATES",+97148831505
BIN SINA 51 PHARMACY (BIN SINA PHARMACIES),,,,"Discovery Park Pavilion    Discovery Gardens, Discovery Gardens, 
Dubai, UNITED ARAB EMIRATES",+97145516175
BIN SINA 55 PHARMACY (BIN SINA PHARMACIES),,,,"I Rise  PO Box 11245 Tecom, Tecom, 
Dubai, UNITED ARAB EMIRATES",+97148105888
BIN SINA DUTY FREE PHARMACY (BIN SINA PHARMACIES),,,,"Abu Dhabi Duty Free - Terminal 1 - Abu Dhabi AIA T, AIA Terminal 1, 
Abu Dhabi, UNITED ARAB EMIRATES",971564647472
BIN SINA EMIRATES PHARMACY LLC (BIN SINA PHARMACIES),,,,"Mall Of The Emirates Shk Zayed Road    PO Box 1124, Al Barsha 1, 
Dubai, UNITED ARAB EMIRATES",+97148105888
BIN SINA FORTY PHARMACY (BIN SINA PHARMACIES),,,,"Bin Sina Forty Pharmacy, Floor: 2ND, 2nd Floor Dub, Dubai Mall, 
Dubai, UNITED ARAB EMIRATES",+97143253410
BIN SINA PHARMACY AL MARYAH ISLAND (BIN SINA PHARMACIES),,,,"The Galleria Al Maryah Island, Al Maryah Central, , Al Maryah Island, 
Abu Dhabi, UNITED ARAB EMIRATES",971564647472
BIN SINA PHARMACY LLC BRANCH 9 (BIN SINA PHARMACIES),,,,"The Galleria Level 2, R2 Parking - Al Falah St Al , Al Falah St, 
Abu Dhabi, UNITED ARAB EMIRATES",971564647472
BIN SINA TWENTY FIVE PHARMACY (BIN SINA PHARMACIES),,,,"Jumeirah Beach Road No. 15  PO Box 11245Manara Sig, Umm Suqeim 1, 
Dubai, UNITED ARAB EMIRATES",+97148105888
BINSINA 43 BARSHA BOUTIQUE (BIN SINA PHARMACIES),,,,"Al Barsha Boutique Al Barsha Street, PO Box 11245 , Al Barsha 1, 
Dubai, UNITED ARAB EMIRATES",+97143950305
BINSINA 44 (BIN SINA PHARMACIES),,,,"Jumeira Tower Trade Center Second, PO Box 11245, 
Dubai, UNITED ARAB EMIRATES",+97143513249
BINSINA 50 PHARMACY (BIN SINA PHARMACIES),,,,"Wasl Trio    Al Muraqabat, Al Muraqabat, 
Dubai, UNITED ARAB EMIRATES",+97142500496
BINSINA 52 PHARMACY (BIN SINA PHARMACIES),,,,"Al Thanayah Fifth    Jumiera Park, Jumiera Park, 
Dubai, UNITED ARAB EMIRATES",+97144264738
BINSINA 54 PHARMACY (BIN SINA PHARMACIES),,,,"Emirates Tower    Trade Center Second, Trade Center Second, 
Dubai, UNITED ARAB EMIRATES",+97143523073
BINSINA PHARMACY MATRIX TOWER (BIN SINA PHARMACIES),,,,"The Matrix  PO Box 11245 Ibn Battuta, Ibn Battuta, 
Dubai, UNITED ARAB EMIRATES",+97148105888
BIO VISTA MEDICAL CENTRE LLC,,,,"403  Al Sundos Building  Floor  FOURTH  Amman Stre, Al Nahda-2, 
Dubai, UNITED ARAB EMIRATES",+97142557155
BIO VISTA PHARMACY LLC,,,,"403 Sundos Building  Floor  FOURTH  Amman Street  , Al Nahda-2, 
Dubai, UNITED ARAB EMIRATES",+97142557155
BIOLIFE MEDICAL CENTER LLC,,,,"Apollo Medical Centre  Floor  MEZANINNE  Shabia Me, Musaffa, 
Abu Dhabi, UNITED ARAB EMIRATES",+97125559495
BIOSYTECH MEDICAL LABORATORY LLC,,,,"Villa No 172  Floor  VILLA172  Villa   172 Al Mank, Al Karama, 
Dubai, UNITED ARAB EMIRATES",+97143988567
BIOTECH DIAGNOSTIC CENTRE MEDICAL LABORATORY,,,,"103 Al Haja Store Bldg, Floor: MEZZANINE, Othman B, Town Center, 
Al Ain, UNITED ARAB EMIRATES",+97124483699
BISSAN DENTAL CENTER LLC,,,,"Tameem HouseFLAT 1102, 11th floorPO BOX 392488Al F, Al Barsha Heights, 
Dubai, UNITED ARAB EMIRATES",97143543388
BISSAN MEDICAL CENTRE,,,,"103 Golden Tower, Floor: FIRST, Buhairah Corniche,, Al Majaz, 
Sharjah, UNITED ARAB EMIRATES",+97165737005
BLOOM DENTAL CENTRE,,,,"Fifa Sports Main Street, PO Box 23648 Fifa Street, Fifa Street, 
Al Ain, UNITED ARAB EMIRATES",+97137646510
BLOOM PLUS MEDICAL CENTER,,,,"Flat 711, Al Anwar Street, Zone 20 Mohammed Bin Za, Mohammed Bin Zayed, 
Abu Dhabi, UNITED ARAB EMIRATES",97128865880
BLOOM PLUS POLYCLINIC LLC,,,,"FRANCE CLUSTER, R-23 SHOP NO -20,22,24,FRANCE CLUS, Dubai International City, 
Dubai, UNITED ARAB EMIRATES",97145656070
BLUE BELL INTERNATIONAL PHARMACY LLC,,,,"Cristal Business Centre Building, Floor: GROUND,  , Al Karama, 
Dubai, UNITED ARAB EMIRATES",+97143231366
BLUE TREE CLINICS LLC,,,,"BLUE TREE CLINICS VILLA 967 Umm Sequim 2 Al Wasl R, Umm Suqeim 2, 
Dubai, UNITED ARAB EMIRATES",+971586508262
BONEX KLINIK ORTHOPEDIC AND SPINE LLC,,,,"DOWNTOWN, DOWNTOWN, 
Dubai, UNITED ARAB EMIRATES",+97143886535
BOORJ AL ROLLA PHARMACY LLC,,,,"Rolla Tower Building Al Rolla Street, PO Box 78321, Rolla, 
Sharjah, UNITED ARAB EMIRATES",+97165217190
BORJ SARAH PHARMACY,,,,"Sara Tower  Floor  Ground  Ground Floor Sara Tower, Buheira, 
Sharjah, UNITED ARAB EMIRATES",+97165564651
BOSTON DENTAL CENTER,,,,"Villa 317 & 319 Al Khaleej Al Arabi Street  PO Box, Al Khalidiyah-W9, 
Abu Dhabi, UNITED ARAB EMIRATES",+97126667070
BOSTON DIABETES AND ENDOCRINE CENTER,,,,"Jumeirah 1, 
Dubai, UNITED ARAB EMIRATES",+97143805555
BOULEVARD MEDICAL CENTRE,,,,"Deerfields Mall Al Bahiya, PO Box 146188 Al Shaham, Al Shahama, 
Abu Dhabi, UNITED ARAB EMIRATES",
BOURN HALL PHARMACY LLC SPC,,,,"Al Massa Hotel Bldg Main City Center, PO Box 14444, 
Al Ain, UNITED ARAB EMIRATES",+97137060405
BRIGHT CARE CLINIC LLC,,,,"AIKO MALL GROUND FLOORDubai Investment park 1 DUBA, DUBAI INVESTMENT PARK, 
Dubai, UNITED ARAB EMIRATES",04-8322330
BRIGHT LIFE MEDICAL CENTER LLC,,,,"1st Floor Pasons Hyper market DIP2 DIP-2, DIP-2, 
Dubai, UNITED ARAB EMIRATES",04-8833000
BRIGHT POINT PHARMACY LLC,,,,"Commercial Tower B Al Jazira Sports And Culture Cl, Murour Road, 
Abu Dhabi, UNITED ARAB EMIRATES",+97125558825
BRIGHT SMILE DENTAL AND ORTHODONTIC CENTER LL,,,,"105 Al Shafar Building 7, Floor: 1ST, Al Wasl Road, Jumeirah, 
Dubai, UNITED ARAB EMIRATES",+97143449675
BU HASA PHARMACY,,,,"Buhasa Medical CentrePO BOX 898RAMS BuhasaAbu Dhab, RAMS Buhasa, 
Abu Dhabi, UNITED ARAB EMIRATES",97126023882
BU SIKEEN ISLAND CLINIC,,,,"Bu Sikeen Island ClinicPO BOX 303Abu Dhabi Marine , Abu Dhabi Marine Operating SARB Island, 
Abu Dhabi, UNITED ARAB EMIRATES",97126023882
BUHASA CLINIC,,,,"United Arab Emirates,, 
Abu Dhabi, UNITED ARAB EMIRATES",+97126035269
BURJEEL AL HAYYAT PHARMACY,,,,"Jebel Ali Building, Omran Orange Camp, 26e1 01 Hes, Jebel Ali, 
Dubai, UNITED ARAB EMIRATES",+971521950609
BURJEEL AL REEM PHARMACY LLC,,,,"Gate And Arc Towers Al Reem, PO Box 130972 Al Reem, Al Reem Island, 
Abu Dhabi, UNITED ARAB EMIRATES",+97123079999
BURJEEL DAY SURGERY CENTER PVT LTD,,,,"Gate And Arc Towers Al Reem, PO Box 130972 Al Reem, Al Reem Island, 
Abu Dhabi, UNITED ARAB EMIRATES",+97123079999
BURJEEL DAY SURGERY CENTREAL DHAFRA LLC,,,,"Shiekha Salama Bint Butti Road MADINAT ZAYED AL Da, AL Dafrah, 
Abu Dhabi, UNITED ARAB EMIRATES",0097180055
BURJEEL FARHA PHARMACY LLC,,,,"Bida Bin Ammar, PO Box 222900 Asharej, Asharej, 
Al Ain, UNITED ARAB EMIRATES",+97137099000
BURJEEL HOME CARE SERVICES LLC,,,,"Prince Medical Center One Day Surgery  Floor  B M , Defence Road, 
Abu Dhabi, UNITED ARAB EMIRATES",+97126415533
BURJEEL HOSPITAL,,,,"Al Najdah Street, PO Box 7400, 
Abu Dhabi, UNITED ARAB EMIRATES",+97122222332
BURJEEL HOSPITAL FOR ADVANCED SURGERY LLC,,,,"Burjeel Hospital For Advanced  Surgery Sheikh Zaye, Near Noor Islamic Metro Station, 
Dubai, UNITED ARAB EMIRATES",+97144070100
BURJEEL JUDICIARY MEDICAL CENTER LLC,,,,"Abudhabi judicial court Al Nawfal St Al Rawdah W58, Al Rawdah, 
Abu Dhabi, UNITED ARAB EMIRATES",0097180055
BURJEEL MEDICAL CENTER AL SHAMKHA LLC,,,,"Makhani Mall, Floor: FIRST,  PO Box 4735 Al Shamka, Al Shamka, 
Abu Dhabi, UNITED ARAB EMIRATES",+97125085511
BURJEEL MEDICAL CENTRE ALMARINA LLC,,,,"Marina Mall, Floor: 1,  PO Box 130461, 
Abu Dhabi, UNITED ARAB EMIRATES",+97123338333
BURJEEL MEDICAL CENTRE ALZEINA LLC,,,,"Precinct B1 01  Floor  GROUND  Al Zeina  PO Box 40, Al Raha Beach, 
Abu Dhabi, UNITED ARAB EMIRATES",+971800900600
BURJEEL MEDICAL CENTRE BARARI LLC,,,,"Shop 1 2 Barari Outlet Mall  Floor  SECOND  Mezyad, 
Al Ain, UNITED ARAB EMIRATES",
BURJEEL MEDICAL CENTRE KIDS PARK LLC,,,,"Fun Zone Emirates Park Zoo, Floor: GROUND FLO, Al , 
Abu Dhabi, UNITED ARAB EMIRATES",+97126107809
BURJEEL MEDICAL CENTRE LLC ABU DHABI,,,,"Deerfield Townsquare, Floor: GROUND FLO,  PO Box 1, Al Bahiya, 
Abu Dhabi, UNITED ARAB EMIRATES",+97125821555
BURJEEL MEDICAL CITY CLINIC LLC AIRPORT,,,,"Zayed International Airport Khalifa City, Khalifa City, 
Abu Dhabi, UNITED ARAB EMIRATES",0097180055
BURJEEL MEDICAL CITY LLC,,,,"Burjeel Medical City 28th Street, PO Box 4735 Moha, Mohamed Bin Zayed City, 
Abu Dhabi, UNITED ARAB EMIRATES",+97127773333
BURJEEL MEDICAL CITY PHARMACY LLC,,,,"Burjeel Medical City 28th Street, PO Box 4735 Moha, Mohamed Bin Zayed City, 
Abu Dhabi, UNITED ARAB EMIRATES",+97127773333
BURJEEL PHARMACY AL MARINA LLC,,,,"Marina Mall, Floor: GROUND, Corniche Road, PO Box , Marina, 
Abu Dhabi, UNITED ARAB EMIRATES",+97123338333
BURJEEL PHARMACY AL SHAMKA LLC,,,,"Makhani Mall, Floor: FIRST,  PO Box 4735 Al Shamkh, Al Shamkha, 
Abu Dhabi, UNITED ARAB EMIRATES",+97125085511
BURJEEL PHARMACY BARARI MALL LLC,,,,"Shop 1 2 Barari Outlet Mall  Floor  SECOND  Mezyad, 
Al Ain, UNITED ARAB EMIRATES",
BURJEEL PHARMACY BRANCH 10,,,,"Bakheet Salem Al Manzoo, Floor: GF, Old Defence Ro, 
Abu Dhabi, UNITED ARAB EMIRATES",+97126415533
BURJEEL PHARMACY LLC,,,,"Deerfields Mall  Floor  GROUND FLO  Dubai  Abu Dha, 
Abu Dhabi, UNITED ARAB EMIRATES",+97125821555
BURJEEL PHARMACY LLC BRANCH 1,,,,"Shop 2 Sanad Building  Floor  GROUND  Shabia 9  PO, Musaffah, 
Abu Dhabi, UNITED ARAB EMIRATES",+97122051433
BURJEEL PHARMACY LLC BRANCH 11,,,,"Khalipha City A, Floor: GROUND, Khalifa Market Are, Khalifa Market Area, 
Abu Dhabi, UNITED ARAB EMIRATES",+97122051433
BURJEEL PHARMACY LLC BRANCH 12,,,,"Precinct B1 01 Medeor Medical Centre Llc  Floor  G, Al Raha Beach, 
Abu Dhabi, UNITED ARAB EMIRATES",+971800900600
BURJEEL PHARMACY LLC BRANCH 13,,,,"Yas Mall Shaabiet Musaffah,, 
Abu Dhabi, UNITED ARAB EMIRATES",+97122054502
BURJEEL PHARMACY LLC BRANCH 2,,,,"Baniyas Mall, Floor: 1ST FLOOR, Baniyas Road, PO B, Baniyas, 
Abu Dhabi, UNITED ARAB EMIRATES",+97126335522
BURJEEL PHARMACY LLC BRANCH 3,,,,"Empost, Floor: GF, Khalifa City A, PO Box 73048, 
Abu Dhabi, UNITED ARAB EMIRATES",+97125567993
BURJEEL PHARMACY LLC BRANCH 4,,,,"Mushrif Mall, Floor: Ground, Airport Road, PO Box , Mushrif, 
Abu Dhabi, UNITED ARAB EMIRATES",+97124470407
BURJEEL PHARMACY LLC BRANCH 6,,,,"Al Wehda Mall Extension, Floor: FIRST, Abu Dhabi B, Al Wahda Mall Ext. Building, 
Abu Dhabi, UNITED ARAB EMIRATES",+97124918787
BURJEEL PHARMACY LLC BRANCH 7,,,,"Ext Building  Al Wahda Mall Hazza Bin Zayed St  Ol, Al Wahda, 
Abu Dhabi, UNITED ARAB EMIRATES",+97124437788
BURJEEL PHARMACY LLC BRANCH 8,,,,"Al Wahda Mall  Floor  1  11 Th Street  Defence Roa, Al Wahda, 
Abu Dhabi, UNITED ARAB EMIRATES",+97122222336
BURJEEL RETAIL PHARMACY LLC BRANCH 5,,,,"Ytower  Floor  GROUND  Y Murur Road Y Tower  PO Bo, Al Nahyan Camp Area, 
Abu Dhabi, UNITED ARAB EMIRATES",+97126438330
BURJEEL ROYAL HOSPITAL ASHAREJ - L.L.C,,,,"Bida Bin Ammar, PO Box 222900 Asharej, Asharej, 
Al Ain, UNITED ARAB EMIRATES",+97137099000
BURJEEL ROYAL HOSPITAL LLC,,,,"Downtown Commercial & Residential Center Qesaideh , Town Centre, 
Al Ain, UNITED ARAB EMIRATES",+971337991012
BURJEEL ROYAL PHARMACY LLC,,,,"Down Town Commercial & Residential Cente Qesaideh , Town Centre, 
Al Ain, UNITED ARAB EMIRATES",+97137991012
BURJEEL SPECIALTY HOSPITAL LLC,,,,"Al Fayha, Maysaloon, Maysaloon, 
Sharjah, UNITED ARAB EMIRATES",+97165075073
BURJUMAN PHARMACY LLC,,,,"Burjuman Center, Floor: GROUND, Khalid Bin Al Wali, Bur Dubai, 
Dubai, UNITED ARAB EMIRATES",+97143441122
C C M LIFE PHARMACY BR OF LIFE PHARMACY,,,,"Unit No. D006a  Midriff City Centre  Floor  GROUND, Mirdiff, 
Dubai, UNITED ARAB EMIRATES",+97143441122
CAMALI CLINIC CHILD AND ADULT MENTAL HEALTH FZ LLC,,,,"Ibn Sina Building 27 Block A Unit 102 DHCC DUBAI H, DUBAI HEALTH CARE CITY, 
Dubai, UNITED ARAB EMIRATES",04 276 6064
CANADIAN DENTAL CLINIC,,,,"Saeed Suhail Tahi Al Rashidi  Flat No 3  Floor  M , 
Al Ain, UNITED ARAB EMIRATES",+97137666696
CANADIAN MEDICAL CENTER LLC,,,,"Canadian Chiropractic Centre  Floor  VILLA1  2  De, Airport Road, 
Abu Dhabi, UNITED ARAB EMIRATES",+97124469006
CANADIAN SPECIALIST HOSPITAL CLINICS,,,,"Al Ghurair Centre, 2nd Floor, Al Rigga Rd, Deira, , Deira, 
Dubai, UNITED ARAB EMIRATES",97147072222
CANADIAN SPECIALIST HOSPITAL DEIRA,,,,"Canadian Specialist Hospital Deira Abu Hail  PO Bo, Deira, 
Dubai, UNITED ARAB EMIRATES",+97147072222
CANADIAN SPECIALIZED DENTAL CENTER FOR ORTHOD,,,,"Al Razi   Building 64  Floor  3rd Floor  3019 ??? , Dubai Healthcare City, 
Dubai, UNITED ARAB EMIRATES",+97144281499
CARE MARK PHARMACY FZCO,,,,"BINGHATTI VISTA, INSIDE WEST ZONE FRESH SUPERMARKE, DSO, INDUSTRIAL AREA, 
Dubai, UNITED ARAB EMIRATES",97143310044
CARE PHARMACY,,,,"Matar Bin Assinal Mansouri, Floor: GROUND FLO, Naj, 
Abu Dhabi, UNITED ARAB EMIRATES",+97126393955
CARE PLUS MEDICAL CENTER,,,,"Awqaf Building Jebel Ali Ind. Area 1  Above U.A.E , Jebel Ali, 
Dubai, UNITED ARAB EMIRATES",+97148829333
CAREONE POLYCLINIC LLC,,,,"Careone Polyclinic  Floor  GROUND FLO  Ramala Hype, Dubai Investment Park (Dip 1), 
Dubai, UNITED ARAB EMIRATES",+97148836656
CAREWELL PHARMACY,,,,"Al Quoz Mall Al Quoz Ind Area  PO Box 127342 Al Qo, Al Qouz, 
Dubai, UNITED ARAB EMIRATES",+97143419008
CCS LIFE PHARMACY BR OF LIFE PHARMACY LLC,,,,"Unit No. 2 Shindagha City Centre  Floor  GROUND   , Bur Dubai, 
Dubai, UNITED ARAB EMIRATES",+97143441122
CENTRAL CLINIC LLC,,,,"Hallami Centre, Floor: First, Hamdan Street, PO Bo, 
Abu Dhabi, UNITED ARAB EMIRATES",+97126323497
CENTRAL MARKET PHARMACY,,,,"Sheikh Colony Building, Floor: GROUND FLO, Al Tawa, Al Qusais, 
Dubai, UNITED ARAB EMIRATES",+97142613451
CENTRAL PRIVATE HOSPITAL SHARJAH,,,,"Central Private Hospital   Sharjah  Floor  Ground , Mysaloon-Clock Tower Rolla, 
Sharjah, UNITED ARAB EMIRATES",+97165639900
CENTRAL UNITED PHARMACY BR OF UNITED PHARMACY,,,,"Mirdif City Center Mirdif, PO Box 71246 Deira, Deira, 
Dubai, UNITED ARAB EMIRATES",+97143441122
CHARISMA MEDICAL CENTER LLC,,,,"102 Behind Emirates Tower, Floor: MEZZANINE, Hamda, Ziani Area, 
Abu Dhabi, UNITED ARAB EMIRATES",+97126775775
CHARISMA PHARMACY LLC,,,,"Shops 3 4 Behind Emirates Tower  Floor  GROUND  Ha, Ziani Area, 
Abu Dhabi, UNITED ARAB EMIRATES",+97126443329
CHARME DAY SURGERY CENTER,,,,"Charme Day surgery CenterVilla No 1035 And Villa N, Al Manara, 
Dubai, UNITED ARAB EMIRATES",9714 380 8889
CHUGHTAI CLINIC FZ LLC,,,,"City Building 47, Floor: 1ST FLOOR, 105, PO Box 33, Dubai Healthcare City, 
Dubai, UNITED ARAB EMIRATES",+97144568538
CITICARE MEDICAL CENTER,,,,"Al Salam Building Arjan, PO Box 80418 Al Barsha So, Al Barsha South, 
Dubai, UNITED ARAB EMIRATES",+97147700948
CITY LIFE PHARMACY LLC,,,,"Shop  2  City Tower 1 Sheikh Zayed Road, 
Dubai, UNITED ARAB EMIRATES",+97143441122
CITY LIFE PHARMACY LLC BRANCH SHARJAH,,,,"Shop 04  Al Mamzer Tower  PO Box 71246 Al Taawun, Al Taawun, 
Sharjah, UNITED ARAB EMIRATES",+97143441122
CITY PHARMACY COMPANY WLL,,,,"Millenium Tower Hamdan Street, PO Box 2098, 
Abu Dhabi, UNITED ARAB EMIRATES",+97126277730
CITY PHARMACY LLC,,,,"Saif Al Oitaba Bldg Floor: GROUND FLO, Al Riqqa Ro, Next To Al Fuad Exchange, 
Dubai, UNITED ARAB EMIRATES",+97142240566
CITY RELIEF PHARMACY LLC,,,,"Ahmed Plaza Building, Floor: GROUND, Naif Road, PO, Deira, 
Dubai, UNITED ARAB EMIRATES",+97142397956
CITY SPECIALTY HOSPITAL L.L.C SP,,,,"Oriana Speciality Hospital Al Tawun Street,, 
Sharjah, UNITED ARAB EMIRATES",+97165918989
CLASS MEDICAL CENTRE,,,,"Al Saud Tower  Floor  1st  Al Saud Tower  Al Aroub, Al Mujarrah, 
Sharjah, UNITED ARAB EMIRATES",+97165652332
CLEMENCEAU MEDICAL CENTER FZ LLC,,,,"Clemenceau Medical Center Fz Llc  Floor  PLOT 22  , Near Marriot Residence, Al Jadaf, 
Dubai, UNITED ARAB EMIRATES",+97142481111
CLINICA DENTALIA FOR GENERAL DENTAL CLINIC,,,,"ruby 2 buildingflat 201sheik zayedumm al shiefduba, Umm Al Shief, 
Dubai, UNITED ARAB EMIRATES",97145911330
CLINICA MEDICAL CENTER,,,,"Flamingo Villas, Floor: GF, Alittihad Street, PO B, Alzorah, 
Ajman, UNITED ARAB EMIRATES",+97165619607
CLINICA SMILE DENTAL CENTER,,,,"Clinica Smile Dental Center, Floor: 1, 6th Street,, Baniyas East 3, 
Abu Dhabi, UNITED ARAB EMIRATES",+971224447147
CLINICAL PATHOLOGY SERVICES,,,,"CLINICAL PATHOLOGY SERVICES  Floor     AL KHALIL R, Al Qouz Industrial Area 4, 
Dubai, UNITED ARAB EMIRATES",+97143406766
CLINICARE SAMARI BR OF IMARA HEALTHCARE LLC,,,,"Samari Retail Mall, Floor: GROUND, Oman/ Hatta Roa, Ras Al Khor, 
Dubai, UNITED ARAB EMIRATES",+97143322682
CLINICS MEDICLINIC HOSPITALS AL BAWADI,,,,"Bawadi Mall Mezyad, Mezyad, 
Al Ain, UNITED ARAB EMIRATES",+97137053777
CLINICS MEDICLINIC HOSPITALS AL MADAR,,,,"Al Khabisi, Near Dubi Islamic Bank Al Jawharah, Near Dubi Islamic Bank Al Jawharah, 
Al Ain, UNITED ARAB EMIRATES",+97137628899
CLINICS MEDICLINIC HOSPITALS LLC OPC AL YAHAR,,,,"Sheikh Salem Al Amri United Arab Emirates  PO Box , Al Yahar North,, 
Al Ain, UNITED ARAB EMIRATES",+97137133407
CLINICS MEDICLINIC HOSPITALS LLC ZAKHER,,,,"Al Wagan Road, PO Box 68339, 
Al Ain, UNITED ARAB EMIRATES",+97137375558
CLOVER BEE MEDICAL CENTRE LLC BRANCH,,,,"Saeed Thani Khalaf Al Thani Bldg. Bur Dubai, Dubai, Bur Dubai, 
Dubai, UNITED ARAB EMIRATES",+97143852500
CLOVER FIX MEDICAL CENTRE LLC,,,,"Al Ahli Building PO Box 124536, Al Nahda 2, Dubai,, Al Nahda 2, 
Dubai, UNITED ARAB EMIRATES",+97142633655
CLOVER MEDICAL CENTRE LLC,,,,"Warsan Tower PO Box 124536, Al Barsha Heights, Tec, Tecom, 
Dubai, UNITED ARAB EMIRATES",+97143688062
CLOVER SILVER MEDICAL CENTRE LLC,,,,"Mirdif Hills Avenue PO BOX 124536, Mirdiff, Dubai,, Mirdiff, 
Dubai, UNITED ARAB EMIRATES",+97142590266
CO OPERATIVE PHARMACY,,,,"Al Sabka Road, PO Box 71246 Deira, Deira, 
Dubai, UNITED ARAB EMIRATES",+97143441122
COMMUNITY HEALTH SOLUTIONS LLC DUBAI INVESTMENT PARK,,,,"Green Community Pharmacy  Floor     At The Market , Dubai Investment Park, 
Dubai, UNITED ARAB EMIRATES",+97148853636
COMMUNITY HEALTH SOLUTIONS LLC EMIRATES HILLS,,,,"Town Centre Floor     Springs 14  PO Box 94620 Emi, Emirates Hills, 
Dubai, UNITED ARAB EMIRATES",+97144475828
COMMUNITY MEDICAL CENTER,,,,"Community Medical Center, Floor: Villa 174, Mankho, Al Mankhool Road, 
Dubai, UNITED ARAB EMIRATES",+97143985328
CONSULTANTS MEDICAL CENTER,,,,"Landmark Plaza Building Sheikh Hamdan Bin Mohammed, Tourist Club Area, 
Abu Dhabi, UNITED ARAB EMIRATES",+97126794100
CORNICHE GATE MEDICAL CENTER LLC,,,,"Villa 110 Al Nasr Street, PO Box 42393 Opposite Kh, Opposite Khalidiya Family Park, 
Abu Dhabi, UNITED ARAB EMIRATES",+97124488442
COSMESURGE AND EMIRATES CLINICS FOR ONE DAY S,,,,"Delma Street, PO Box 30907 Al Karamah, Al Karamah, 
Abu Dhabi, UNITED ARAB EMIRATES",+97124466648
COSMOPOLITAN MEDICAL CENTRE,,,,"Al Fadhlani Building, Floor: Mezzanine, Al Fahidi , Al Fahidi, 
Dubai, UNITED ARAB EMIRATES",+97148844446
COSMOPOLITAN MEDICAL CENTRE LLC,,,,"Dar Al Wuheida Building  Flat M 1 & 2  Floor  MEZZ, Hor Al Anz East, 
Dubai, UNITED ARAB EMIRATES",+97142687272
COSTCARE MEDICAL CENTER,,,,"Al Marzooki Building Shop No1 Ground Floor Nuaimey, Nuaimeya 3, 
Ajman, UNITED ARAB EMIRATES",97165275643
COUNTRY PHARMACY DUBAI,,,,"Shaikha Lateefa Building, Floor: GROUND FLO, Fehai, Burdubai, 
Dubai, UNITED ARAB EMIRATES",+97143536689
CREATIVE DENTAL CENTER LLC,,,,"Shaikh Sultan Bin Zayed Building, Floor: MEZZANINE, Al Mushriff, 
Abu Dhabi, UNITED ARAB EMIRATES",+97124440458
CRISTAL PHARMACY,,,,"Al Shamsi Building   Floor  GROUND   PO Box 50585 , Al Tawuun Area, 
Sharjah, UNITED ARAB EMIRATES",+97165773100
CURE ARENA MEDICAL CENTER LLC,,,,"Al Anajeej St, Near Hai Hazza Mosque, Al Mu tarid,, 
Al Ain, UNITED ARAB EMIRATES",+97137654797
DABBAYIA CLINIC,,,,"Al Madina Al Riyadiya,, 
Abu Dhabi, UNITED ARAB EMIRATES",+97126046789
DAJLA PHARMACY,,,,"Al Nasser Building, Floor: GROUND, Opposite Sharja, Nuaimia, 
Ajman, UNITED ARAB EMIRATES",+97167466704
DANAT AL EMARAT HOSPITAL FOR WOMEN CHILDREN L,,,,"Abu Dhabi Gate City, PO Box 60991, 
Abu Dhabi, UNITED ARAB EMIRATES",+97126149999
DAR AL DAWAA PHARMACY LLC,,,,"Right Medical Center Building, Floor: GROUND, Abus, Abushagara, 
Sharjah, UNITED ARAB EMIRATES",+97165449544
DAR AL FARAH PHARMACY LLC,,,,"Opp. Al Qasimi Hospital  PO Box 19382 Al Khezammia, Al Khezammia Area, 
Sharjah, UNITED ARAB EMIRATES",+97142641808
DAR AL HAYAT PHARMACY LLC,,,,"Shop 2 Al Madaeya Bldg  Floor  GROUND  S118  Ibrah, Al Soor Area, 
Sharjah, UNITED ARAB EMIRATES",+97165643337
DAR AL NASEEM PHARMACY,,,,"Shop 14 Gulf Pearl Tower Building  PO Box 25356 Al, Al Majaz No. 1, 
Sharjah, UNITED ARAB EMIRATES",+97142344430
DAR AL NASEEM PHARMACY LLC,,,,"National Bond Building, Next To Madina Mall,Beirut, MUHAISNAH 4, 
Dubai, UNITED ARAB EMIRATES",+971 4 2576266
DAR AL NOOR PHARMACY LLC,,,,"Shop 1 & 2 Shaiban Building, Floor: GROUND,  PO Bo, Deira, 
Dubai, UNITED ARAB EMIRATES",+97142344430
DAR AL SAJAA PHARMACY LLC,,,,"Adbdel Rahman Sultan Ali Bin Hadda Al Su, Floor: G, Sajja, 
Sharjah, UNITED ARAB EMIRATES",
DAR AL SHIFAA MEDICAL CENTERAUH (ASTER),,,,"Al Nowais Bldg Floor  Ground  Electra St  PO Box 7, Opp Le Meridien, Tourist Club Area, 
Abu Dhabi, UNITED ARAB EMIRATES",+97126456100
DAS HOSPITAL,,,,"DAS ISLAND, DAS ISLAND, 
Abu Dhabi, UNITED ARAB EMIRATES",054 5816633
DAS MEDICAL CENTRE,,,,"Das Medical CentrePO BOX 303Das IslandAbu Dhabi Da, Das Island, 
Abu Dhabi, UNITED ARAB EMIRATES",97126023882
DAVINCI DENTAL CLINIC,,,,"Villa  27a Marina Office Park Villa   A 27  Marina, Marina Village,Near Marina Mall??, 
Abu Dhabi, UNITED ARAB EMIRATES",+97122222616
DEIRA LIFE PHARMACY LLC,,,,"Shop 2 State 1 Building Rigga, Rigga, 
Dubai, UNITED ARAB EMIRATES",+97143441122
DELMA HOSPITAL,,,,"Delma Hospital  PO Box 58085, 
Abu Dhabi, UNITED ARAB EMIRATES",+97128942000
DELMA OPTICALS,,,,"Babidan Building Rolla  PO Box 19890 Al Majarrah R, Al Majarrah Road,Opp: Swiss Bell Hotel, 
Sharjah, UNITED ARAB EMIRATES",+97165640653
DELMON PHARMACY SHARJAH,,,,"Muhammad Juma Al Muthawa Building, Floor: Ground, , Rolla, 
Sharjah, UNITED ARAB EMIRATES",+97165504331
DELTA AL DHAID PHARMACY,,,,"Sharjah Co Operative Society  PO Box 19382 Al Dhai, Al Dhaid, 
Sharjah, UNITED ARAB EMIRATES",+97142641808
DELTA AL MAMZAR PHARMACY,,,,"Sharjah Dubai Road  PO Box 19382, 
Sharjah, UNITED ARAB EMIRATES",+97142641808
DELTA MODERN PHARMACY,,,,"Jamal Abdul Nazar, PO Box 19382, 
Sharjah, UNITED ARAB EMIRATES",+97142641808
DELTA PHARMACY,,,,"Sharjah Co Operative Sweihat Branch, 
Sharjah, UNITED ARAB EMIRATES",+97142641808
DENTACARE CENTRE,,,,"Unit L01 , Level 1 , The Mall , World Trade Center, 
Abu Dhabi, UNITED ARAB EMIRATES",+97126270527
DENTACARE CENTRE BRANCH,,,,"Murjan Tower  Floor  P 2  Al Murjan Tower   Muroor, Muroor, 
Abu Dhabi, UNITED ARAB EMIRATES",+97126270527
DHADNA HEALTH CENTER,,,,"Dibba street Ddnh-Alroll-Ddnh on the right of the , Dhadna, 
Fujairah, UNITED ARAB EMIRATES",9719 2445159
DHAFRA DENTAL CLINIC,,,,"Airport Road, PO Box 51900, 
Abu Dhabi, UNITED ARAB EMIRATES",+97128191800
DIAMOND 3 PHARMACY LLC,,,,"Near Marina Tram Station  PO Box 71246 Dubai Marin, Dubai Marina, 
Dubai, UNITED ARAB EMIRATES",+97143441122
DIBBA ALHESSAN HEALTH CENTER,,,,"Hay Al-Gharb Hay Algharby Hay Al-Gharb, Hay Al-Gharb, 
Sharjah, UNITED ARAB EMIRATES",04-6656120
DIBBA HOSPITAL,,,,"PO Box 11414 Dibba, Dibba, 
Fujairah, UNITED ARAB EMIRATES",+97192446666
DISEASE PREVENTION AND SCREENING CENTER AL AI,,,,"Al Ain, UNITED ARAB EMIRATES",+97137627777
DISEASE PREVENTION AND SCREENING CENTER DELMA,,,,"Abu Dhabi, UNITED ARAB EMIRATES",+97128846223
DISEASE PREVENTION AND SCREENING CENTER MADIN,,,,"Abu Dhabi, UNITED ARAB EMIRATES",+97128846223
DISEASE PREVENTION AND SCREENING CENTER MUSSA,,,,"Abu Dhabi, UNITED ARAB EMIRATES",+97125528371
DISEASE PREVENTION AND SCREENING CENTER SILA,,,,"Abu Dhabi, UNITED ARAB EMIRATES",+97128846223
DISEASE PREVENTION SCREENING CENTER,,,,"F999+HCH - Al Manhal - Al Tibbiya - Abu Dhabi, 
Abu Dhabi, UNITED ARAB EMIRATES",+97126169499
DM HEALTHCARE LLC JLT BR (PLUS),,,,"G05  G06 & G011 A  Red Diamond Building  Jumeirah , 
Dubai, UNITED ARAB EMIRATES",+97144204069
DOCIB CLINIC LLC,,,,"Al Muhaisnah Polyclinic Qusais Lulu Village??  PO , Near Dubai Transport, Muhaisnah-4, 
Dubai, UNITED ARAB EMIRATES",+97142544123
DOCIB PHARMACY LLC,,,,"Lulu Hypermarket Al Rashidiya, Al Rashidiya, 
Dubai, UNITED ARAB EMIRATES",
DOCTOR ATIQUR RAHMAN POLYCLINIC,,,,"Star Sports Corner Building, Floor: 1ST, 9th, PO B, Madina Zayed, 
Abu Dhabi, UNITED ARAB EMIRATES",+97126398331
DOCTOR M BURJUMAN MALL,,,,"Doctor M Burjuman Center Shop L1 No D019 First Flo, BURJUMAN MALL, 
Dubai, UNITED ARAB EMIRATES",971521602746
DOCTOR M DEIRA CITY CENTRE,,,,"Deira City Centre United Arab Emirates, PO Box 121, Deira, 
Dubai, UNITED ARAB EMIRATES",97142593025
DOCTOR M DUBAI MALL SF,,,,"Sf 204 The Dubai Mall Al Khail, Al Khail, 
Dubai, UNITED ARAB EMIRATES",+97143253182
DOCTOR M MALL OF THE EMIRATES,,,,"Mall Of The Emirates, Floor: GROUND FLO,  PO Box 1, 
Dubai, UNITED ARAB EMIRATES",97143990681
DOCTOR M MEGA MALL,,,,"Mega Mall, Shop G24, Ground Floor Zayed Bin Hareth, 
Sharjah, UNITED ARAB EMIRATES",+97165744012
DOCTOR M SAHARA CENTER,,,,"East Entrance Al Nahda St SAHARA CENTER Shop L2163, SAHARA, 
Sharjah, UNITED ARAB EMIRATES",+971521406939
DOCTORS CENTER POLY CLINIC,,,,"Doctors Center Polyclinic Villa 2PO BOX 119228Al S, AL SHASHA, 
Dubai, UNITED ARAB EMIRATES",97145074655
DOCTORS CLINIC DIAGNOSTIC CENTER,,,,"Al Razi Medical Complex Building No 64, Floor: 3, , Oud Metha, 
Dubai, UNITED ARAB EMIRATES",+97144579111
DOCTORS CLINIC LLC,,,,"Sultan Al Owais Building, Floor: 2nd FLOOR, Al Mak, Baniyas, 
Dubai, UNITED ARAB EMIRATES",+97142246688
DOCTORS MEDICAL CENTRE LLC,,,,"Flat 51  Adcb Buliding  Floor  SIXTH  Meena Road  , Rolla, 
Sharjah, UNITED ARAB EMIRATES",+97165632100
DOHA PHARMACY UAE,,,,"Sheikh Zayed Road, PO Box 71246 Al Attar Tower, Al Attar Tower, 
Dubai, UNITED ARAB EMIRATES",+97143441122
DR ABDUL RAHMAN SHIHABI CLINIC,,,,"Al Ain Centre  2nd Floor- Al Mankhool Street  PO B, Al Mankhool, 
Dubai, UNITED ARAB EMIRATES",+97143521444
DR ASAD AL DAJANI SPECIALIZED CENTRE,,,,"605   606 Al Marzouqi Tower  Cg Mall  Floor  SIXTH, Al Qasimiya Area, 
Sharjah, UNITED ARAB EMIRATES",+97165727700
DR CHAWKY HADDAD DENTAL CLINIC,,,,"Qwaider Al Nabulsi Building  Floor  MEZANIN  Zayed, Al Khalidiyah, Abu Dhabi Near Mercure Centre Hotel, 
Abu Dhabi, UNITED ARAB EMIRATES",+97126679792
DR DINA PEDIATRIC DENTISTRY CLINIC LLC,,,,"Villa 248a Alwasl Road, PO Box 212972- Jumeirah 1, Jumeirah 1, 
Dubai, UNITED ARAB EMIRATES",+97143440055
DR EID SPECIALISED CLINIC,,,,"Dr. Eid Specialised Clinic, Floor: Mezanine 2, 205, 
Fujairah, UNITED ARAB EMIRATES",+97192233311
DR FATHI EMARA POLYCLINIC,,,,"Mirdif 35 Mall, Floor: SECOND, 60 C St, PO Box 485, Mirdif 35 Mall, 
Dubai, UNITED ARAB EMIRATES",+97142666775
DR FERAS JOUMMA SPECIALIZED DENTAL CENTER SOL,,,,"Al Etihad Tower, Floor: 6TH, Khalifa Street, PO Bo, 
Abu Dhabi, UNITED ARAB EMIRATES",+97126276644
DR FIRAS DENTAL AND ORTHODONTIC CENTER LLC OPC,,,,"Villa B16/17 Marina Mall Compund  Marina Office Pa, Marina Office Park, 
Abu Dhabi, UNITED ARAB EMIRATES",+97122222600
DR GUPTA MEDICAL CLINIC,,,,"Flat 110  Nasser Tower  Floor  1  Electra Street  , 
Abu Dhabi, UNITED ARAB EMIRATES",+97126337357
DR HELMIS SPECIALIZED IMPLANTOLOGY AND DENTAL,,,,"Arabilla Building, Floor: MEZZANINE,  PO Box 98779, Al Mamzar, 
Dubai, UNITED ARAB EMIRATES",+97142682684
DR HUMEIRA BADSHA MEDICAL CENTRE,,,,"Beach Park Plaza, Floor: GROUND FLO, Jumeirah Beac, Jumeirah, 
Dubai, UNITED ARAB EMIRATES",+97143856009
DR IBRAHIM DAJANI DENTAL CLINIC,,,,"Al Solah Tower, Floor: 102, Najda Street, PO Box 8, 
Abu Dhabi, UNITED ARAB EMIRATES",+97126316996
DR ISMAIL DAY SURGICAL CENTRE,,,,"shop 1 WASL HUB BULDING BEHIND LULU HYPERMARKET ka, karama, 
Dubai, UNITED ARAB EMIRATES",97143378585
DR ISMAIL MEDICAL CENTRE AL QOUZ,,,,"Al Khail Gate Resi. Area, Floor: 1, Near Ola Al Ma, Al Quoz Industrial Area 2, 
Dubai, UNITED ARAB EMIRATES",+97143381550
DR ISMAIL MEDICAL CENTRE BRANCH,,,,"Opp. Mango Super Market  Floor  1  Opp. Mango Supe, Al Qusais, 
Dubai, UNITED ARAB EMIRATES",+97142646528
DR ISMAIL MEDICAL CENTRE KARAMA,,,,"Dr.Ismail Medical Centre  Karama  Floor  first  12, Al Karama, 
Dubai, UNITED ARAB EMIRATES",+97143378585
DR ISMAIL POLYCLINIC BRANCH DEIRA AL MURAR,,,,"SHOP 2 3 4 14 Sherina 1 Sherina Plaza Al Cornich A, DEIRA, 
Dubai, UNITED ARAB EMIRATES",9714 2614591
DR ISMAIL POLYCLINIC BRANCH JABEL ALI,,,,"Zen Cluster 3  Floor  7  Discovery Garden Road  PO, Jabel Ali, 
Dubai, UNITED ARAB EMIRATES",+97144377548
DR ISMAIL POLYCLINIC BRANCH PARCO JEBEL ALI,,,,"Awqaf Building  Floor   FIRST FLO  Jebal Ali 2  PO, Parco Jebal Ali Ind Area, 
Dubai, UNITED ARAB EMIRATES",+97148877750
DR ISMAIL POLYCLINIC MALL BR OF DR ISMAIL POLYCLINIC,,,,"SHOP 22 Jebal Ali Gate Mall jebel ali, jebel ali, 
Dubai, UNITED ARAB EMIRATES",97143474537
DR JOHN CLINIC,,,,"Mozna  Floor  THIRD  302 304 Al Nahda Road  PO Box, Al Qusais, 
Dubai, UNITED ARAB EMIRATES",+97142617176
DR JOHNNY SAYEGH CLINIC,,,,"Al Wadi Building Apartment 302 Sheikh Zayed Road, , Al Qouz, 
Dubai, UNITED ARAB EMIRATES",+97143806474
DR JOSEPH POLYCLINIC BR OF AMBER CLINICS LLC,,,,"Al Attar Building Above Al Mankhool Pharmacy, PO B, Karama, 
Dubai, UNITED ARAB EMIRATES",+97143378828
DR JOY DENTAL CLINIC LLC BRANCH BUR DUBAI,,,,"1003 Burjuman Business Tower, Floor: TENTH, Al Man, Bur Dubai, 
Dubai, UNITED ARAB EMIRATES",+97143555357
DR JOY DENTAL CLINIC LLC BRANCH DSO,,,,"Souq Extra G Unit 13 & 14 Souq Extra   Dubai Silic, DSO, 
Dubai, UNITED ARAB EMIRATES",04 387 9316
DR JOY DENTAL CLINIC LLC BRANCH MIRDIF,,,,"15 Central Building, Floor: GROUND,  PO Box 114319, Mirdif, 
Dubai, UNITED ARAB EMIRATES",+97142845722
DR JOY DENTAL CLINIC LLC BRANCH SPORT SOCIETY,,,,"Sport Society - Dr. Joy Dental Clinic Unit- L2-A-3, Mirdif, 
Dubai, UNITED ARAB EMIRATES",04 387 9316
DR JOY DENTAL CLINIC LLC BRANCH UMM SUQEIM-2,,,,"Villa 1 Obaid Bin Jarsh Villa Al Wasl Road  PO Box, Umm Suqeim-2, 
Dubai, UNITED ARAB EMIRATES",+97143468333
DR JOY DENTAL CLINIC LLC WARQA,,,,"Algeria St   Al Warqa   Al Warqa 2   DubaiGround F, Warqa, 
Dubai, UNITED ARAB EMIRATES",04 387 9316
DR KAMKAR CHILD WELLNESS CENTER LLC,,,,"Amsa 2 Building Jumeirah Village Circle JVC, JVC, 
Dubai, UNITED ARAB EMIRATES",971581012701
DR KOUTHAR AL WAIDH CLINIC,,,,"Musallam Maktoom Building Al Falak Road, PO Box 46, 
Abu Dhabi, UNITED ARAB EMIRATES",+97126331150
DR KOYAS CLINIC (ASTER),,,,"Dr. Koya'S Clinic, Floor: 101, Naif Road, PO Box 4, Deira, 
Dubai, UNITED ARAB EMIRATES",+97142225854
DR LATA BIJLANI FALCON MEDL CLIN,,,,"Al Rostamani Bldg, Floor: 302, Khalid Bin Al Walee, Bur Dubai, 
Dubai, UNITED ARAB EMIRATES",+97143554352
DR MOHAMED EL NOUNOU CLINIC,,,,"Al Durrah Tower, Floor: 8 th Corniche, PO Box 6328, Al Majaz ??, 
Sharjah, UNITED ARAB EMIRATES",+97165565656
DR MOOPENS AL QUOZ (ASTER),,,,"Dr. Moopens Al Quoz  Floor  Ground  Near Old Grand, Al Qouz Industrial Area 1, 
Dubai, UNITED ARAB EMIRATES",+97143387871
DR MOOPENS MEDICAL CENTRE KARAMA (ASTER),,,,"Al Sherouq Building, Floor: Ground, NEAR KARAMA PA, Al Karama, 
Dubai, UNITED ARAB EMIRATES",+97143374767
DR MOOPENS POLY CLINIC (ASTER),,,,"Sheikha Raja Majid Al Kasimi Building, Floor: GF &, Deira, 
Dubai, UNITED ARAB EMIRATES",+97142979000
DR MUNIR SILWADI DENTAL CENTRE,,,,"Baniyas Tower  Floor  C  Sultan Bin Zayed 1st Stre, Markaziya, 
Abu Dhabi, UNITED ARAB EMIRATES",+97126262042
DR PAUL DENTAL CLINIC LLC,,,,"Al Nasr Plaza Offices 101& 102, Floor: 1, Lamcy Pl, Oud Metha, 
Dubai, UNITED ARAB EMIRATES",+97143575783
DR RADHAKRISHNAN MEDICAL CENTRE,,,,"Near Murakkabat Police Station R/A Abu Baqer Al Si, Deira, 
Dubai, UNITED ARAB EMIRATES",+97142659270
DR RAFIH KHOURY,,,,"Matloob Building Entrance B Room 231 232  Floor  S, Safa 1, 
Dubai, UNITED ARAB EMIRATES",+97143982000
DR RAMI HAMED CENTER FZ LLC,,,,"Al Biruni Building, Floor: GROUND FLO, Building 52, Dubai Healthcare City, 
Dubai, UNITED ARAB EMIRATES",+97142798213
DR RAMI HAMED CENTER PHARMACY,,,,"Building No. 52 (Al Biruni)  Floor  GROUND AND  Un, Dubai Healthcare City, 
Dubai, UNITED ARAB EMIRATES",+97142798251
DR REENA BEEGUM CLINIC,,,,"Omar Bin Al Khattab Bldg  Floor  Mezzanine  M 07 O, Deira, 
Dubai, UNITED ARAB EMIRATES",+97142240060
DR SABAH AL SAGBAN CLINIC,,,,"Next Shopping Centre, Floor: FIRST, Al Najda St PO, Madinat Zayed (Main City), 
Abu Dhabi, UNITED ARAB EMIRATES",+97126330990
DR SAI GANESH MEDICAL CENTRE LLC,,,,"Near Hyundai Showroom Al Itihad Road, PO Box 18229, Deira, 
Dubai, UNITED ARAB EMIRATES",+97142560866
DR SAI GANESH PILLAI CLINIC,,,,"Bank Sedarat Iran Bldg, Floor: 2ND FLOOR, Al Rolla, Rolla, 
Sharjah, UNITED ARAB EMIRATES",+97165687831
DR SAMI ALHASHIMI MEDICAL CENTER LLC,,,,"villa 35 (779)PO Box 32066Al Wasl Road Al Safa 2, Al Safa 2, 
Dubai, UNITED ARAB EMIRATES",+97142688584
DR SANJAY MEDICAL CENTRE,,,,"Al Khail Mall, Floor: 2, Al Khail Gate Community R, Al Quoz, 
Dubai, UNITED ARAB EMIRATES",+97143285999
DR SANJAY MEDICAL CENTRE SHARJAH,,,,"201 213 215 Al Nabbha Al Mubarak Centre  Floor  SE, Near Sharjah Rotana Hotel, Mubarak Centre, 
Sharjah, UNITED ARAB EMIRATES",+97165626525
DR SHANIL MEDICAL CENTRE LLC,,,,"China Cluster  C 12  Shop No. 1  Floor  Ground  Al, Dubai International City, 
Dubai, UNITED ARAB EMIRATES",+97144308384
DR SULAIMAN AL HABIB HOSPITAL FZ LLC,,,,"Behind Wafi Mall Oud Metha Road, PO Box 505005 Dub, Dubai Healthcare City, 
Dubai, UNITED ARAB EMIRATES",+97144297777
DR SULAIMAN AL HABIB MEDICAL CENTER BR OF DR,,,,"Plot 357-0709 Indigo Central 1, Floor: GROUND, She, Al Safa 2, 
Dubai, UNITED ARAB EMIRATES",+97145813333
DR SULAIMAN AL HABIB MEDICAL CENTER BR OF DR SULAIMAN AL HABIB HOSPITAL FZ LLC DUBAI BRANCH,,,,"Plot 2514770 No 89 Algeria Street MIRDIF, MIRDIF, 
Dubai, UNITED ARAB EMIRATES",04 6141111
DR SUNNY MEDICAL CENTRE LLC UAQ,,,,"Shop 1 Abdullah Rashid Ahmed Hilal Bldg, Floor: GR, New Sanayah, 
Umm Al Quwain, UNITED ARAB EMIRATES",+97167666933
DR TABRIZI DENTAL CLINIC,,,,"Building 144, Floor: 1ST, Khalifa Street, PO Box 1, Town Center, 
Al Ain, UNITED ARAB EMIRATES",+97137662133
DR WALAA FAKHR CENTRE,,,,"Abu Dhabi Islamic Bank Bldg Najda Street, PO Box 4, Abu Shagara??, 
Abu Dhabi, UNITED ARAB EMIRATES",+97126336662
DRAGON MART PHARMACY BR OF AL SHAFAR PHARMACI,,,,"Dragon Mart Main Gate, Floor: GROUND, Internationa, Aweer, 
Dubai, UNITED ARAB EMIRATES",+97143687450
DRAGON MART PHARMACY BR OF AL SHAFAR PHARMACI INTERNATIONAL CITY,,,,"Dragon Phamracy Fze, Floor: GROUND, Dragon Mart Ma, International City, 
Dubai, UNITED ARAB EMIRATES",+97143687450
DRAGON PHARMACY BR OF ASTER AL SHAFAR PHARMACIES GROUP LLC,,,,"Azizi Farishta Jabal Ali First Al Furjan Jebel ALi, Jebel ALi, 
Dubai, UNITED ARAB EMIRATES",+97145693614
DREAM PHARMACY,,,,"Dream Tower Near Al Maya Super Market, PO Box 7124, Dubai Marina, 
Dubai, UNITED ARAB EMIRATES",+97143441122
DREAM PHARMACY ABU DHABI,,,,"Al Gomzi Buiding Zaeid Al Awal St, Khaledia  Daera, Khaledia  Daerah Al Meaha, 
Abu Dhabi, UNITED ARAB EMIRATES",+97126214400
DRS NICOLAS AND ASP CENTRE AL MANZIL,,,,"Souk Al Manzil In Downtown, Floor: GROUND, Sheikh , Downtown Dubai, 
Dubai, UNITED ARAB EMIRATES",+97144511777
DRS NICOLAS AND ASP CENTRE BR PEDIATRIC DENTI,,,,"Villa No. 88 B Jumeirah Beach Road, PO Box 53382, , Jumeirah, 
Dubai, UNITED ARAB EMIRATES",+97143497477
DRS NICOLAS AND ASP CENTRE JUMEIRAH MAIN BRAN,,,,"Villa 446 Jumeirah Beach Road, PO Box 53382, Jumei, Jumeirah, 
Dubai, UNITED ARAB EMIRATES",+97143947777
DRS NICOLAS AND ASP CENTRE MARINA WALK,,,,"Mesk Tower Emmar Building, Floor: FIRST, Marina Wa, 
Dubai, UNITED ARAB EMIRATES",+97143947777
DRS NICOLAS ASP CENTRE BRANCH,,,,"Nspv Ff 27  The New Springs Village  PO Box 53382 , Emirates Hills, 
Dubai, UNITED ARAB EMIRATES",+97145572949
DRS NICOLAS ASP CENTRE MIRDIFF,,,,", Floor: F3, Close To Starbucks Coffee Shop, PO Bo, Uptown Mirdif, 
Dubai, UNITED ARAB EMIRATES",+97144511777
DUAA PHARMACY,,,,"Sheikh Mohair Building, Floor: GROUND FLO, Al Dhai, Behind Vegetable Market, 
Sharjah, UNITED ARAB EMIRATES",+97168822525
DUBAI AIRPORT FREE ZONE AREA CLINIC,,,,"Villa Number: 123 Damascus Street, Al Qusais First, Al Qusais First, 
Dubai, UNITED ARAB EMIRATES",+97145023384
DUBAI DENTAL HOSPITAL FZ LLC,,,,"Al Zahrawi Building   Building  34  Floor  FIRST  , Dubai Healthcare City, 
Dubai, UNITED ARAB EMIRATES",
DUBAI HEALTH AUTHORITY AL BADAA HEALTH CENTRE,,,,"Trade Centre 1, Sheikh Zayed Road, Sheikh Zayed Road, 
Dubai, UNITED ARAB EMIRATES",
DUBAI HEALTH AUTHORITY AL BARSHA HEALTH CENTR,,,,"Al Barsha 3,, 
Dubai, UNITED ARAB EMIRATES",+97145023301
DUBAI HEALTH AUTHORITY AL KHAWANEEJ HEALTH CE,,,,"Health Center Al Khwaneej Second Khawaneej, Khawaneej, 
Dubai, UNITED ARAB EMIRATES",+97145023001
DUBAI HEALTH AUTHORITY AL LISSAILY HEALTH CEN,,,,"Al Lesaily Al Lissaily, Al Lissaily, 
Dubai, UNITED ARAB EMIRATES",+97145022501
DUBAI HEALTH AUTHORITY AL MAMZAR HEALTH CENTR,,,,"Cairo St Al Mamzar, Al Mamzar, 
Dubai, UNITED ARAB EMIRATES",+97145021801
DUBAI HEALTH AUTHORITY AL MANKHOOL HEALTH CEN,,,,"Al Mankhool Road, PO Box 4545 Bur Dubai, Bur Dubai, 
Dubai, UNITED ARAB EMIRATES",+97145021263
DUBAI HEALTH AUTHORITY AL MEZHER HEALTH CENTR,,,,"42 C St   Dubai, 
Dubai, UNITED ARAB EMIRATES",+97145022601
DUBAI HEALTH AUTHORITY AL QUSAIS MEDICAL CENTER,,,,"Al Qusais HC, 11 Street 62/5, 79, DXB, Dubai AL QU, AL QUSAIS, 
Dubai, UNITED ARAB EMIRATES",
DUBAI HEALTH AUTHORITY AL SAFA HEALTH CENTRE,,,,"On Al Attar Road Side  Near Al-Safa Park, Near Al-Safa Park, 
Dubai, UNITED ARAB EMIRATES",+97145021401
DUBAI HEALTH AUTHORITY AL TOWAR HEALTH CENTRE,,,,"Al Nahda St Al Twar 1 Al Tawar 1, Al Tawar 1, 
Dubai, UNITED ARAB EMIRATES",+97145022101
DUBAI HEALTH AUTHORITY DUBAI HOSPITAL ***,,,,"Al Khaleeja Street, Al Baraha, Al Baraha, 
Dubai, UNITED ARAB EMIRATES",+97142195000
DUBAI HEALTH AUTHORITY HATTA HOSPITAL ***,,,,"PO Box 4545 Hatta, Hatta, 
Dubai, UNITED ARAB EMIRATES",+97148147077
DUBAI HEALTH AUTHORITY LATIFA HOSPITAL ***,,,,"Oud Metha Road, Al Jaddaf, Al Jaddaf, 
Dubai, UNITED ARAB EMIRATES",+97142193000
DUBAI HEALTH AUTHORITY NAD AL HAMAR HEALTH CE,,,,"63 8C Street - Nadd Al Hamar Nad Al Hammar Road, Nad Al Hammar Road, 
Dubai, UNITED ARAB EMIRATES",+97145023701
DUBAI HEALTH AUTHORITY NAD AL SHIBA HEALTH CE,,,,"Nad El Shiba 1,, 
Dubai, UNITED ARAB EMIRATES",+97145021601
DUBAI HEALTH AUTHORITY RASHID HOSPITAL ***,,,,"United Arab Emirates, PO Box 4545, Oud Metha, Duba, Oud Metha, 
Dubai, UNITED ARAB EMIRATES",+97142192000
DUBAI HEALTH AUTHORITY THALASSEMIA CENTER,,,,"Near Lathifa Hospital Oud Metha Dubai UAE OUD METH, OUD METHA, 
Dubai, UNITED ARAB EMIRATES",
DUBAI HEALTH AUTHORITY ZABEEL HEALTH CENTRE,,,,"Zaabeel Second Zabeel, Zabeel, 
Dubai, UNITED ARAB EMIRATES",+97145024200
DUBAI LIFE PHARMACY,,,,"Trade Centre  Floor  GROUND  Trade Center Road  PO, Tader Center,Sheikh Zayed Road, 
Dubai, UNITED ARAB EMIRATES",+97143441122
DUBAI LONDON CLINIC AL GARHOUD,,,,"Dubai London Clinic, Floor: Ground, Al Garhoud, PO, Dfc, 
Dubai, UNITED ARAB EMIRATES",+97142325751
DUBAI LONDON CLINIC AND SPECIALITY HOSPITAL,,,,"Dubai London Clinic, Floor: 1,  PO Box 12119, Jume, Jumeirah 3, 
Dubai, UNITED ARAB EMIRATES",+97143782999
DUBAI LONDON CLINIC DENTAL BRANCH,,,,"Dubai London Hospital LLC, PO Box 23416, JUMEIRA S, Dubai London Hospital LLC, 
Dubai, UNITED ARAB EMIRATES",+97143782990
DUBAI LONDON CLINIC SPECIALITY HOSPITAL BRANCH PALM JUMEIRAH,,,,"Nakheel Mall, Floor: LOWER GROU,  PO Box 12119 Pal, Palm Jumeirah, 
Dubai, UNITED ARAB EMIRATES",+97143782999
DUBAI LONDON CLINIC SPECIALITY HOSPITAL BRANCH WADI AL SAFA,,,,"Shop Hc1 The Villa Centro Mall, Floor: GROUND, Dub, Wadi Al Safa 5, 
Dubai, UNITED ARAB EMIRATES",+97143782990
DUBAI LONDON HOSPITAL,,,,"Dubai London Hospital Jumeirah Beach Road, PO Box , Umm Suqeim 2, 
Dubai, UNITED ARAB EMIRATES",+97143782999
DUBAI MEDICAL UNIVERSITY HOSPITAL,,,,"DUBAI MEDICAL UNIVERSITY HOSPITALPO BOX 19996MUHAI, MUHAISNA, 
Dubai, UNITED ARAB EMIRATES",042120600-1
DUBAI PHYSIOTHERAPY FAMILY MEDICINE CLINIC L.L.C,,,,"1st Floor, Town Centre JumeirahJUMEIRAH BEACH ROAD, JUMEIRAH BEACH ROAD, 
Dubai, UNITED ARAB EMIRATES",97143496333
DUBAIOPTICALDHM,,,,"GF 329 DUBAI HILLS MALLDUBAI HILLS UMM SUQEIM FIRS, UMM SUQEIM FIRST, 
Dubai, UNITED ARAB EMIRATES",04 325 4954
DURAIYA KAMAL MEDICAL CLINIC,,,,"105 Al Gaz, Floor: FIRST, United Arab Emirates, PO, Baniyas Square, 
Dubai, UNITED ARAB EMIRATES",+97142285838
DURAIYA KAMAL MEDICAL CLINIC PHARMACY,,,,"First Floor Next to Habib Bank AG Zurich Baniyas S, AL MAKHTOUM, 
Dubai, UNITED ARAB EMIRATES",04-2272289
DXBONE BONE AND JOINT EXCELLENCE CENTER BR OF,,,,"Bianco Niro Building, Floor: GROUND FLO, 61 A Stre, Garhoud, 
Dubai, UNITED ARAB EMIRATES",+97144545186
DXBONE EXCELLENCE CENTER LLC,,,,"Building 1a, Floor: 2ND FLOOR,  PO Box 639 Dubai D, Dubai Design District, 
Dubai, UNITED ARAB EMIRATES",
EAST COAST AHALIAH PHARMACY FUJAIRAH,,,,"E89, FATHIMA ROUND ABOUT, AL GURFAFUJAIRAHUAE AL G, AL GURFA, 
Fujairah, UNITED ARAB EMIRATES",+97192235744
EASTERN AL AHALIA PHARMACY BANIYAS,,,,"Eastern Al Ahalia Pharmacy  Baniyas  Floor  Ground, Workers City 2 Mafraq, 
Abu Dhabi, UNITED ARAB EMIRATES",+97126262666
EASTERN AL AHLIA MEDICAL CENTER,,,,"Eastern Baniyas, Bani Yas, Bani Yas, 
Abu Dhabi, UNITED ARAB EMIRATES",+97125856005
EASTERN ALAHILI MEDICAL CENTER - BRANCH 1,,,,"OPP HAMDAN CENTER  HAMDAN ST  HAMDAN  ABU DHABI UA, HAMDAN, 
Abu Dhabi, UNITED ARAB EMIRATES",+971564014457
EASTMANS DENTAL CLINIC LLC,,,,"Shining Towers   Tower 2 Mubarak Bin Mohamed Stree, Al Khaldiyah, 
Abu Dhabi, UNITED ARAB EMIRATES",+97126212828
EBSAAR EYE SURGERY CENTRE LLC,,,,"Villa 32a Jumeirah Beach Road, PO Box 333397, Jume, Jumeirah, 
Dubai, UNITED ARAB EMIRATES",+97143440122
EHG EMIRATES HOSPITAL DAY SURGERY LLC,,,,"Podium 2  Shining Tower Khalidiyah  PO Box 129923, 
Abu Dhabi, UNITED ARAB EMIRATES",+97125014013
EHG EMIRATES PHARMACY LLC,,,,"Podium 2  Shining Tower  PO Box 109923 Khalidiyah, Khalidiyah, 
Abu Dhabi, UNITED ARAB EMIRATES",+97125014013
ELAJ MEDICAL CENTER LLC,,,,"Union National Bank Bldg Ajman Fort  Rona Fashion , 
Ajman, UNITED ARAB EMIRATES",+97167418880
ELAJ MEDICAL CENTRE LLC 01,,,,"37 College St, PO Box 2164 Al Nuaimiya 2, Al Nuaimiya 2, 
Ajman, UNITED ARAB EMIRATES",+97167488808
ELAJ MEDICAL CENTRE PHARMACY LLC,,,,"Abdulla Al Mowaiji, Floor: GROUND FLO, Sheikh Rash, Ramilah 3, 
Ajman, UNITED ARAB EMIRATES",+97167466300
ELAJ MEDICAL CENTRE PHARMACY LLC 01,,,,"37 College St, PO Box 2164 Al Nuaimiya 2, Al Nuaimiya 2, 
Ajman, UNITED ARAB EMIRATES",+97167488808
ELAJ PHARMACY,,,,"Aboobaker Siddique Road  Deira  PO Box 71246 Deira, Deira, 
Dubai, UNITED ARAB EMIRATES",+97143441122
ELYAZIA PHARMACY,,,,"Mariam Salah Building, Floor: Ground, Murror Area,, Near Alaam Super Market, 
Abu Dhabi, UNITED ARAB EMIRATES",+97124493700
EMIRATES CARDIOLOGY CLINIC LLC,,,,"N.S. Tower  Flat 303  Floor  3RD  Corniche Al Qawa, 
Ras Al Khaimah, UNITED ARAB EMIRATES",+97172222649
EMIRATES DUBAI PHARMACY LLC RAK BRANCH,,,,"Julphar Towers  Avenue Building  Floor  FIRST  Al , Nakheel, 
Ras Al Khaimah, UNITED ARAB EMIRATES",+97172037744
EMIRATES HOSPITAL CLINICS LLC,,,,"Building 9 Golden Mile Galleria, Floor: MEZZANINE,, Palm Jumeirah, 
Dubai, UNITED ARAB EMIRATES",+97142428663
EMIRATES HOSPITAL DAY SURGERY MEDICAL CENTRE,,,,"Honsho Street, PO Box 73663 Motor City, Motor City, 
Dubai, UNITED ARAB EMIRATES",+97148716900
EMIRATES HOSPITAL LLC,,,,"Opp Jumeira Beach Park, Floor: Ground, Jumeira Bea, Jumeirah, 
Dubai, UNITED ARAB EMIRATES",+97145904999
EMIRATES HOSPITALS AND CLINICS LLC BRANCH DUBAI MARINA,,,,"27th Al Habtoor Business Tower, Floor: 27,  PO Box, Dubai Marina, 
Dubai, UNITED ARAB EMIRATES",+97144471555
EMIRATES HOSPITALS AND CLINICS LLC BRANCH DUBAI MARINA 2,,,,"Habtoor Business Towers, Floor: TWENTIETH,  PO Box, Dubai Marina, 
Dubai, UNITED ARAB EMIRATES",+97144471555
EMIRATES HOSPITALS AND CLINICS LLC BRANCH WORLD TRADE CENTER,,,,"Conrad Office Tower, Floor: EIGHTEENTH, Sheikh Zay, World Trade Center, 
Dubai, UNITED ARAB EMIRATES",+97143728888
EMIRATES HOSPITALS AND CLINICS LLC RAK BRANCH,,,,"Julphar Towers  Avenue Building  Floor  FIRST  Al , 
Ras Al Khaimah, UNITED ARAB EMIRATES",+97172037777
EMIRATES HOSPITALS CLINICS BUSINESS BAY LLC,,,,"F54 Business Bay Avenue, Floor: FIRST,  PO Box 172, Business Bay, 
Dubai, UNITED ARAB EMIRATES",+97143683813
EMIRATES HOSPITALS CLINICS LLC DUBAI MARINA,,,,"G01 G02, Al Habtoor Bussiness Tower Dubai Marina, , Dubai Marina, 
Dubai, UNITED ARAB EMIRATES",+97144471555
EMIRATES INTERNATIONAL HOSPITAL AL AIN,,,,"Entire Hospital Building18088Al Mu-atamarat Street, Al Khabeesi Al Jimi, 
Al Ain, UNITED ARAB EMIRATES",9713-7637777
EMIRATES INTERNATIONAL POLY CLINIC,,,,"EMIRATES INTERNATIONAL POLY CLINIC BUILDING2nd Flo, Town Center, 
Al Ain, UNITED ARAB EMIRATES",9713-7510888
EMIRATES MEDICAL CENTRE,,,,"Nasser Khammas Builbing  Floor  1st Floor  Flat 10, Opposite Al Rowstmani Exchange, 
Fujairah, UNITED ARAB EMIRATES",+97192233199
EMIRATES PHARMACY,,,,"Al Shaab Building, Floor: GROUND, Al Zahra Road, P, 
Ajman, UNITED ARAB EMIRATES",+97167474900
EMIRATES PHARMACY LLC DISCOVERY GARDEN,,,,"Zen 18 1a Street, PO Box 73663 Discovery Garden, Discovery Garden, 
Dubai, UNITED ARAB EMIRATES",
EMIRATES PHARMACY LLC DUBAI MARINA,,,,"Botanica Tower, Floor: GROUND, Sheikh Zayed Road, , Dubai Marina, 
Dubai, UNITED ARAB EMIRATES",+97143792136
EMIRATES PHARMACY LLC NAD AL SHEBA,,,,"Emirates Hospital Clinic Dubai Motor City PO Box 7, Nad Al Sheba, 
Dubai, UNITED ARAB EMIRATES",
EMIRATES SPECIALITY HOSPITAL FZ LLC****,,,,"Building No 62  PO Box 505240 Dubai Healthcare Cit, Dubai Healthcare City, 
Dubai, UNITED ARAB EMIRATES",+97142484544
ENHANCE BY MEDICLINIC,,,,"LEVEL 2 PARFUMARY AREA DOWNTOWN DOWNTOWN, DOWNTOWN, 
Dubai, UNITED ARAB EMIRATES",97144495127
ENJAB MEDICAL CENTER,,,,"Corniche Al Buhaira, PO Box 31705 Al Buhaira, Al Buhaira, 
Sharjah, UNITED ARAB EMIRATES",+97165563433
EUROPEAN MEDICAL CENTRE,,,,"European Medical Centre, Floor: 1ST FLOOR, ??Corni, Corniche Al Qawassim N.S Tower Bldg, 
Ras Al Khaimah, UNITED ARAB EMIRATES",+97172338832
EUROPEAN UNIVERSITY COLLEGE,,,,"Block D  Bin Sina Building  Floor  THIRD   PO Box , Dubai Health Care City, 
Dubai, UNITED ARAB EMIRATES",+97143947777
EXETER MEDICAL CENTER FOR BONE AND JOINT HEAL,,,,"V 011  012 4a Street, Jumeirah 1 Jumeirah, Jumeirah, 
Dubai, UNITED ARAB EMIRATES",+97143801015
EXETER MEDICAL CENTER FOR BONE AND JOINT HEAL ABU DHABI,,,,"Al Khaleej Alarabi, PO Box 62248, 
Abu Dhabi, UNITED ARAB EMIRATES",+97126354321
EXPERT PHARMACY,,,,"Salim Obaid Al Mohairy  Floor  GROUND 2 3  Al Zahr, Butina, 
Sharjah, UNITED ARAB EMIRATES",+97165654635
EXPERTS PHARMACY,,,,"Al Khail Mall Shop No. 10, Floor: GROUND, Al Khail, Al Quoz 4, 
Dubai, UNITED ARAB EMIRATES",+97143307808
EXTRA LIFE PHARMACY,,,,"Ewan Residence 1, Floor: GROUND, Souq Extra, PO Bo, Dubai Investment Park, 
Dubai, UNITED ARAB EMIRATES",+97143441122
EYE CONSULTANTS FZ LLC,,,,"Al Razi Bldg. 64 Block C  Flat No.1017  Floor  FIR, Dubai Healthcare City, 
Dubai, UNITED ARAB EMIRATES",+97144211299
FAITH ACACIA PHARMACY LLC,,,,"Al Soufuh Sites,Soufuh Gardens, Al Soufuh, Dubai U, AL SUFOUH, 
Dubai, UNITED ARAB EMIRATES",+971 4 583 1633
FAITH AHLAN PHARMACY LLC,,,,"Shop No. 8 AR 1 Tower,Al Nahda , Dubai UAE AL NAHD, AL NAHDA, 
Dubai, UNITED ARAB EMIRATES",+971 4 554 5847
FAITH AL KHAIL PHARMACY L.L.C,,,,"Shop. No. 1A-1B Al Khail Heights Bldg. ,Al Quoz 4,, AL QUOZ 4, 
Dubai, UNITED ARAB EMIRATES",+971 4 554 2713
FAITH AL QUOZ PHARMACY LLC,,,,"Shop No. 6 King Abdullah Al Muhairi,Al Qouz First,, AL QUOZ 1, 
Dubai, UNITED ARAB EMIRATES",+971 4 396 0422
FAITH CAP 1 PHARMACY LLC,,,,"ENOC 1014, Tunis Rd Al Mizhar First - Dubai MIZHAR, MIZHAR FIRST, 
Dubai, UNITED ARAB EMIRATES",+971 4 225 5121
FAITH CAP 2 PHARMACY LLC,,,,"Building No. 3790 Near Rashid Ali Cafeteria Opp. S, AL YASMEEN, 
Ajman, UNITED ARAB EMIRATES",+971 6 7413114
FAITH CARE PHARMACY LLC,,,,"Property 4540 Shop No. 3, 4, and 5,Near Malabar go, SAFED ST, 
Fujairah, UNITED ARAB EMIRATES",+971 9 501 0461
FAITH EUROPEAN PHARMACY LLC,,,,"Meyan Mall,Um Suqaim Second Road Adjacent - Al Tha, JUMEIRAH, 
Dubai, UNITED ARAB EMIRATES",+971 4 238 1881
FAITH HAYAA PHARMACY LLC,,,,"Shop No. 6 Department of Peaceful Affairs and Char, KHAWANEEJ 2, 
Dubai, UNITED ARAB EMIRATES",+971 4 445 8339
FAITH HILLS PHARMACY LLC,,,,"Hatta Souq 2 ,Dubai-Hatta Road Dubai, UAE HATTA SU, HATTA SUOQ 2, 
Dubai, UNITED ARAB EMIRATES",+971 4 852 8094
FAITH JABAL MEDICAL CENTRE LLC,,,,"Jebel Ali Industrial Area First Labor Camp BUildin, JEBEL ALI 1, 
Dubai, UNITED ARAB EMIRATES",97143956479
FAITH JABAL PHARMACY LLC,,,,"Shop Number 5 Labour Camp Building.,Jebel Ali Indu, JEBEL ALI, 
Dubai, UNITED ARAB EMIRATES",+971 4 396 5609
FAITH PHARMACY,,,,"Mohammed Ahmed Building  Floor  Ground  Burj Nahar, Deira, 
Dubai, UNITED ARAB EMIRATES",+97142365626
FAITH WALK PHARMACY LLC,,,,"Shop GM14 ,Amwaj Rotana JBR Dubai UAE next to  Tea, JBR, 
Dubai, UNITED ARAB EMIRATES",+971 4 579 9136
FAITH WAY PHARMACY LLC,,,,"Jumeira Terrace Building 2nd December Street  PO B, Jumeira-1, 
Dubai, UNITED ARAB EMIRATES",+97142641808
FAITH WAY PHARMACY LLC BRANCH,,,,"Center Residence Al Muteena, Al Muteena, 
Dubai, UNITED ARAB EMIRATES",+97142641808
FAJER MIRDIF PHARMACY LLC,,,,"Shop 5 Burj Nahar Building Omar Bin Al Khattar Roa, Deira, 
Dubai, UNITED ARAB EMIRATES",+97142344430
FAKEEH UNIVERSITY HOSPITAL,,,,"Fakeeh University Hospital Building  PO Box 341118, Dubai Silicon Oasis, 
Dubai, UNITED ARAB EMIRATES",+97144144626
FAKIH IVF LLC,,,,"Villa 37  Floor   Al Wasl Road  PO Box 72960 Jumer, Jumeriah 1, 
Dubai, UNITED ARAB EMIRATES",+97143497600
FALAJ HAZZA PHARMACY,,,,"Hazza Bin Sultan, PO Box 15484, 
Al Ain, UNITED ARAB EMIRATES",+97137806111
FALCON MEDICAL CLINIC,,,,"MEENA BUILDING302 FLAT NO AL SOQ AL KABEERPO BOX 1, BUR DUBAI, 
Dubai, UNITED ARAB EMIRATES",97142275777
FAMILY AND HEALTH PROMOTION CENTER SHARJAH,,,,"121 Al Falah Street Falah Residential Al Falah, Al Falah, 
Sharjah, UNITED ARAB EMIRATES",04-6656205
FAMILY CLINIC BR OF OXFORD MEDICAL CENTER LLC,,,,"Building 396, Al Bada Oasis Bldg. 1st FLR, PO Box1, Al Satwa, 
Dubai, UNITED ARAB EMIRATES",04-2172700
FAMILY MEDICAL CLINIC,,,,"Al Hussaini Building  Floor  Ground  104 103  PO B, Al Zahra, 
Ajman, UNITED ARAB EMIRATES",+97167434800
FAMILY PHARMACY AL DANAH,,,,"Hamad Muhammad Ali  Al Yabhouni Al Dhaheri Bldg.,A, AL DANAH, 
Abu Dhabi, UNITED ARAB EMIRATES",+971 2 631 7417
FAWAGEE PHARMACY,,,,"Fawagee Pharmacy Coca Cola Round About Al Aweer Rd, Nad Al Hammar, 
Dubai, UNITED ARAB EMIRATES",+97143441122
FAWAGEE SCIENTIFIC PHARMACY,,,,"Jadeed Bakery 26 B Street  PO Box 71246 Mirdiff, Mirdiff, 
Dubai, UNITED ARAB EMIRATES",+97143441122
FESTIVAL LIFE PHARMACY BR OF LIFE PHARMACY LL,,,,"Festival Plaza, Floor:  GROUND FL,  PO Box 71246, 
Dubai, UNITED ARAB EMIRATES",+97143441122
FIRST GLOBAL CLINIC SOLE PROPRIETORSHIP LLC,,,,"Villa 215 Zayed The First Street, PO Box 63126 Kha, Khalidiya, 
Abu Dhabi, UNITED ARAB EMIRATES",+97126650015
FIRST GULF MEDICAL CENTRE,,,,"Al Reem Building II Flat No 102 Floor First Maliha, Muwailah, Near National Paints,Industrial Area 11, 
Sharjah, UNITED ARAB EMIRATES",+97165347573
FIRST MEDICAL CENTER,,,,"701  Bu Haleeba Plaza  Floor  SEVENTH  Muraqqabat , Deira, 
Dubai, UNITED ARAB EMIRATES",+97142976868
FIT FOR LIFE PHARMACY LLC,,,,"Ramala Mall  Floor  GROUND FLO   PO Box 38184 Duba, Dubai Investment Park (Dip 1), 
Dubai, UNITED ARAB EMIRATES",+97148836865
FMC MEDICAL CENTER LLC,,,,"Villa  5  Um Al Sheif  PO Box 183125-Al Wasl Rd - , Umm Suqeim 3, 
Dubai, UNITED ARAB EMIRATES",+97143218288
FREIBURG MEDICAL LABORATORY,,,,"208 Al Kifaf Commercial Building, Floor: SECOND, T, Al Karama, 
Dubai, UNITED ARAB EMIRATES",+97143962227
FRENCH DENTAL AESTHETIC CENTRE LLC,,,,"Al Shaikh Mohamed Salem Al Qasimi Mohamed Bin Khal, Mohamed Bin Khalifa Street, 
Abu Dhabi, UNITED ARAB EMIRATES",
FRENCH DENTAL AESTHETIC CENTRE LLC BRANCH1,,,,"Makani Mall Neima Street, PO Box 36668 Neima Stree, Neima Street, 
Al Ain, UNITED ARAB EMIRATES",
FRENCH DENTAL AESTHETIC CENTRE LLC BRANCH2,,,,"Villa Al Shaikha Muhra Khalid Bin Sultan, Floor: T, Al Bateen Street, 
Abu Dhabi, UNITED ARAB EMIRATES",
FRENCH MEDICAL CENTER,,,,"201 Al Buhaira Building  Floor  SECOND   PO Box 23, Buhaira Corniche, Al Majaz, 
Sharjah, UNITED ARAB EMIRATES",+97165744266
FRONT LINE MEDICAL CENTER LLC,,,,"106  Block B  Al Attar Centre  Floor  FIRST  Sheik, Al Karama, 
Dubai, UNITED ARAB EMIRATES",+97143979702
FUJAIRAH HOSPITAL,,,,"PO Box 24 ANAJAIMAT, ANAJAIMAT, 
Fujairah, UNITED ARAB EMIRATES",+97192242999
FUJAIRAH PORT MEDICAL CENTRE,,,,"Fujairah Port Medical Center Building  Floor  Grou, Inside Sea Port-Faseel, 
Fujairah, UNITED ARAB EMIRATES",+97192228678
FUJAIRAH PORT PHARMACY,,,,"Plot Ra/1  PO Box 770 Fujairah Port, Fujairah Port, 
Fujairah, UNITED ARAB EMIRATES",+97192059971
FUTURE PHARMACY LLC,,,,"Maaiof Mohamed Maaiof Al Amri  843  Floor  GROUND , 
Abu Dhabi, UNITED ARAB EMIRATES",+97126740090
G S M MEDICAL CENTRE LLC,,,,"Al Bada Al Muaded Building,Al Mazrouei,Near Satwa , Dubai Investment Park, 
Dubai, UNITED ARAB EMIRATES",+97148831002
GAELAN MEDICAL CARE ONE DAY SURGERY HOSPITAL LLC,,,,"AL MAHA TOWER /BLOCK A O AL MAHA TOWER /BLOCK A AL, AL KHAN, 
Sharjah, UNITED ARAB EMIRATES",+97165942222
GAELAN PHARMACY L.L.C,,,,"AL MAHA TOWER G AL MAHA TOWER BLOCK A, G FLOOR AL , AL KHAN, 
Sharjah, UNITED ARAB EMIRATES",97148816244
GALAXY PHARMACY LLC,,,,"Shop 3 Horizon Tower D, Floor: GROUND, Sheikh Rash, Rashideya 1, 
Ajman, UNITED ARAB EMIRATES",+97142344430
GALAXY PHARMACY LLC ABU DHABI,,,,"Galaxy Pharmacy Mussaffah  37  Near Ahmed Salem Al, Mussaffah, 
Abu Dhabi, UNITED ARAB EMIRATES",+97125575413
GALLERIA UNITED PHARMACY,,,,"Galleria Mall, Floor: GROUND, Al Wasl Road, PO Box, Bur Dubai, 
Dubai, UNITED ARAB EMIRATES",+97143441122
GANIN MEDICAL CENTER,,,,"1002 & 1001 Sarh Al Emarat Tower, Floor: 10, Majaz, Corniche Al Buhaira, 
Sharjah, UNITED ARAB EMIRATES",+97165315553
GARDEN PHARMACY LLC,,,,"33  34  36 Muhammad Juma Al Muthawa Bldg  Floor  G, Rolla, 
Sharjah, UNITED ARAB EMIRATES",+97165211727
GARDENS MEDICAL CENTRE (PLUS),,,,"ZEN CLUSTER  Floor  Ground  Discovery Gardens  PO , No-9 Zen Clusters, 
Dubai, UNITED ARAB EMIRATES",+97144489151
GARDENS SPECIALITY CLINIC BRANCH OF DM HEALTH (PLUS),,,,"Zen Cluster Building No 4 1  PO Box 8703 Discovery, Discovery Gardens, 
Dubai, UNITED ARAB EMIRATES",+97142767512
GATE BETTER LIFE PHARMACY,,,,"Shop 1 & 2  New West Zone Mall  Floor  GROUND FLO , Al Quoz Industrial Area 1, 
Dubai, UNITED ARAB EMIRATES",+97145586281
GENERAL MEDICAL CENTRE BRANCH,,,,"Floor  1  Jumerirah Beach Road  PO Box 11962 Magru, Magrudy'S Mall, 1st Floor, 
Dubai, UNITED ARAB EMIRATES",+97143494880
GENERAL MEDICAL CENTRE TECOM BRANCH,,,,"Tameem House  Floor  3RD  301 Tameem House  PO Box, Tecom,3rd Floor, Suite 301, 
Dubai, UNITED ARAB EMIRATES",+97145676888
GENERAL MEDICAL CENTRE WORLD TRADE CENTRE BRA,,,,"Dubai World Trade Centre Hotel Apartment  Floor  1, Trade Centre, 
Dubai, UNITED ARAB EMIRATES",+97143313544
GERMAN MEDICAL CENTER FZ LLC,,,,"Dubai Healthcare City  Building 27  Floor  3RD & 4, Dubai Healthcare City, 
Dubai, UNITED ARAB EMIRATES",+97144322989
GERMAN NEUROSCIENCE CENTER,,,,"Platinum Tower, Floor: 28TH,  PO Box 505174 Jumeir, Jumeirah Lakes Towers, 
Dubai, UNITED ARAB EMIRATES",+97144298578
GERMAN NEUROSCIENCE CENTER BUSINESS BAY,,,,"Bay View Tower170717th Floor505174Marasi DriveBusi, Business Bay, 
Dubai, UNITED ARAB EMIRATES",97144298578
GERMAN NEUROSCIENCE CENTER FZ LLC DHCC,,,,"Al Razi Building 64 Block AUnit No. 20602 Floor505, Dubai Health Care City, 
Dubai, UNITED ARAB EMIRATES",97144298578
GETWELL MEDICAL CENTER DXB,,,,"Getwell Medical Center Dxb  Floor  2nd floor  Khal, Bur Dubai, 
Dubai, UNITED ARAB EMIRATES",+97143595935
GHAZAL JUMAIRAH PHARMACY,,,,"Opp Satwa Big Moaque Al Diyafa Roundabout, PO Box , Al Satwa, 
Dubai, UNITED ARAB EMIRATES",+97143494882
GHIATHY HOSPITAL,,,,"Ghiyathi Rd - Ghiyathi - Maraba Ghayathi - Abu Dha, 
Abu Dhabi, UNITED ARAB EMIRATES",+97128721555
GHIYATHY PHARMACY,,,,", Floor: GF, Near Al Fardan Exchange, PO Box 29443, 
Abu Dhabi, UNITED ARAB EMIRATES",+97128741797
GLOBAL HAWK IMAGING AND DIAGNOSTICS,,,,"Al Shaya Bldg Showroom   2 Al Ittihad Rd Same Bldg, Deira, 
Dubai, UNITED ARAB EMIRATES",+97142364477
GLOBEHEALTH GENERAL CLINIC LLC,,,,"111 Yousuf Al Otaiba, Floor: 1ST, Al Diyafah, PO B, Al Satwa, 
Dubai, UNITED ARAB EMIRATES",+97143464180
GLUCARE INTEGRATED DIABETES CENTER LLC,,,,"Villa 1  PO Box 332 14 Jumeira - 1, Jumeira - 1, 
Dubai, UNITED ARAB EMIRATES",+97142201570
GLUCARE INTEGRATED DIABETES CENTER LLC PHARMA,,,,"Villa 1  PO Box 332 14 Jumeira - 1, Jumeira - 1, 
Dubai, UNITED ARAB EMIRATES",+97142201570
GMC PHARMACY LLC,,,,"Al Najum  Bldg Al Ittihad Rd, PO Box 1740 Deira, Deira, 
Dubai, UNITED ARAB EMIRATES",+97142626000
GO DENTAL CLINIC LLC,,,,"Dr. Joy Dental Clinic, Floor: 3rd Floor, Trade Cen, Al Mankhool, 
Dubai, UNITED ARAB EMIRATES",+97143979522
GOLD LIFE PHARMACY BR OF LIFE PHARMACY LLC,,,,"Unit No. Gdp 5 G R5 004  PO Box 71246 Gold And Dia, Gold And Diamond Park, 
Dubai, UNITED ARAB EMIRATES",+97143441122
GOLDEN HEALTH MEDICAL CENTRE,,,,"Al Salam Living City Hameem Rd, PO Box 6153 Hameem, Hameem, 
Abu Dhabi, UNITED ARAB EMIRATES",+97125868789
GOLDEN HEALTH PHARMACY,,,,"Al Salam Living City Hameem Road, PO Box 6153 Hame, Hameem, 
Abu Dhabi, UNITED ARAB EMIRATES",+97125855553
GOLDEN LIFE PHARMACY,,,,"Murooj Complex Sheikh Zayed Road, PO Box 71246 Zaa, Zaabel, 
Dubai, UNITED ARAB EMIRATES",+97143441122
GOLDEN LIFE PHARMACY LLC,,,,"Shop G578  Al Ain Mall  Floor  GROUND, 
Al Ain, UNITED ARAB EMIRATES",+97143441122
GOLDEN LIFE PHARMACY SHARJAH,,,,"Bin Jalawi Centre Next Al Yousuf Motors, PO Box 41, Industrial Area 3, 
Sharjah, UNITED ARAB EMIRATES",+97143441122
GOLDEN SANDS MEDICAL CENTRE ABU DHABI,,,,"Jumaa Eid Mohamed Al Meraikhi Bldg. Al Falah Stree, 
Abu Dhabi, UNITED ARAB EMIRATES",+97126427171
GOLDEN SANDS PHARMACY DR MOOPENS,,,,"Al Ain Centre, Floor: GROUND, Al Mankhool Road, PO, Bur Dubai, 
Dubai, UNITED ARAB EMIRATES",+97143511444
GOLDEN STAR CHILDREN S CLINIC,,,,"Noor Building, Floor: GF, Beside Ajman One Tower, , Rashideya 3, 
Ajman, UNITED ARAB EMIRATES",+97167422730
GOLDEN TULIP MEDICAL CENTRE LLC OPC,,,,"Golden Tulip Primary Healthcare Centre & Pharmacy , Musaffah, 
Abu Dhabi, UNITED ARAB EMIRATES",97125556608
GOLF COMMUNITY PHARMACY,,,,"The Fairway Community Centre, Floor: GROUND,  PO B, Jumeirah, 
Dubai, UNITED ARAB EMIRATES",+97142771814
GOOD HEALTH POLYCLINIC,,,,"Mohd Bin Dahi Building, Floor: 1ST FLOOR, Damuscus, Al Qusais, 
Dubai, UNITED ARAB EMIRATES",+97142619969
GOOD LIVING MEDICAL CENTRE,,,,"Sheikh Hamdan Award Complex/ Al Hudaiba Al Mina Ro, Jumeirah, 
Dubai, UNITED ARAB EMIRATES",+97143546060
GOODWILL CLINIC LLC,,,,"TALAL HYPERMARKET1ST FLOOR JABELALI INDUSTRIAL 1 J, Jebel Ali, 
Dubai, UNITED ARAB EMIRATES",04-884 8777
GOODWILL PHARMACY LLC,,,,"TALAL HYPERMARKET GROUND FLOOR JABELALI INDUSTRIAL, Jebel Ali, 
Dubai, UNITED ARAB EMIRATES",04-8805790
GRAND AL KUBRA (BIN SINA PHARMACIES),,,,"Majeed Bldg  Near Al Masa Cinema Corniche Al Buhai, Buhaira, 
Sharjah, UNITED ARAB EMIRATES",+97148105888
GRAND DR ISMAIL POLYCLINIC LLC,,,,"Jscom Grand Residence,Shop no 3 abu hail, abu hail, 
Dubai, UNITED ARAB EMIRATES",9714 3706200
GRAND EMIRATES PHARMACY,,,,"Corniche Mall, Floor: GROUND FLO, Sheik Humaid Bin, Ajman Corniche, 
Ajman, UNITED ARAB EMIRATES",+97167457755
GRAND HAMAD PHARMACY,,,,"Shaba Complex Asswailam Tower Shop.1 2  Floor  Gro, Al Shaba, 
Sharjah, UNITED ARAB EMIRATES",+97165582800
GRAND INFINITY MEDICAL CENTER LLC,,,,"Muhasina Building  Floor  1ST  Beirut Street  PO B, Muhaisnah 4, Al Qusais, 
Dubai, UNITED ARAB EMIRATES",+97142515458
GRAND INFINITY PHARMACY LLC,,,,"Shop No 4  Al Qasser Building  Floor  GROUND  Beir, Muhaisana Area, 
Dubai, UNITED ARAB EMIRATES",+97142515458
GRAND LIFE PHARMACY,,,,"Al Muteena Street, PO Box 71246 Deira, Deira, 
Dubai, UNITED ARAB EMIRATES",+97143441122
GRAND MURIAT PHARMACY LLC,,,,"Ali Bin Salem Bin Jassim Mosque Building  PO Box 1, Deira, 
Dubai, UNITED ARAB EMIRATES",+97142612584
GRAND OPTIC LLC BR MEADOWS,,,,"Meadows Village, Floor: GROUND FLO, Near To Waitro, Meadows, 
Dubai, UNITED ARAB EMIRATES",+97143092900
GRAND OPTICS LLC  SHJ BRBRANCH AL JURAINA,,,,"Unit 22, Ground Floor, Matajer Al Juraina Unit 22,, Matajer Al Juraina, 
Sharjah, UNITED ARAB EMIRATES",06-5458499
GRAND OPTICS LLC BR ARABIAN RANCHES,,,,"Wadi Al Safa, Floor: GROUND FLO,  PO Box 8703 Arab, Arabian Ranches, 
Dubai, UNITED ARAB EMIRATES",+97143619420
GRAND OPTICS LLC BRANCH AJMAN CITY CENTRE,,,,"Unit A20, Ground Floor, Ajman City Centre Unit A20, Ajman City Centre, Ajman, 
Ajman, UNITED ARAB EMIRATES",06-5952775
GRAND OPTICS LLC BRANCH JUMEIRAH UNION COOP,,,,"Jumeirah Union Coop, Floor: GROUND FLO,  PO Box 87, Jumeirah, 
Dubai, UNITED ARAB EMIRATES",+97143943723
GRAND OPTICS LLC BRANCH MIRDIFF CITY CENTRE,,,,"Mirdiff City Centre, Floor: GROUND FLO, Sheikh Moh, Mirdiff, 
Dubai, UNITED ARAB EMIRATES",+97142840056
GRAND OPTICS LLC DEIRA CITY CENTRE,,,,"Deira City Centre, Floor: GROUND FLO,  PO Box 8703, Deira, 
Dubai, UNITED ARAB EMIRATES",+97142954699
GRAND OPTICS LLC MALL OF THE EMIRATES,,,,"Mall Of The Emirates, Floor: GROUND FLO,  PO Box 8, Al Barsha, 
Dubai, UNITED ARAB EMIRATES",+97143410350
GRAND OPTICS LLC THE DUBAI MALL,,,,"The Dubai Mall, Floor: 2ND FLOOR, Sheikh Mohammed , Downtown, 
Dubai, UNITED ARAB EMIRATES",+97143398776
GRAND PHARMACY,,,,"Dana Plaza  Floor  Ground  Dana Plaza Complex Near, Rumila, 
Ajman, UNITED ARAB EMIRATES",+97167444840
GRAND ROYAL PHARMACY,,,,"Al Rolla Street  PO Box 71246, Opp Ibrahim Kahalil, Bur Dubai, 
Dubai, UNITED ARAB EMIRATES",+97143441122
GRAND SUNGLASSES AJMAN CITY CENTRE,,,,"Ajman City Centre, Floor: GROUND FLO, Al Ittihad S, Al Jurf, 
Ajman, UNITED ARAB EMIRATES",+97167430913
GRAND UNITED PHARMACY DUBAI MALL,,,,"Dubai Mall, Floor: GROUND, Sheikh Zayed Street, PO, Dubai Mall Near Fashion Parking, 
Dubai, UNITED ARAB EMIRATES",+97143441122
GRAND UNITED PHARMACY MALL OF THE EMIRATES,,,,"Mall Of The Emirates United Arab Emirates, PO Box , Al Barsha 1, 
Dubai, UNITED ARAB EMIRATES",+97143441122
GRAVITY DENTAL POLY CLINIC LLC,,,,"AL MURJAN TOWER4TH FLOOR 403PO BOX 47888AMMAN STRE, AL NAHDA 2, 
Dubai, UNITED ARAB EMIRATES",97143431318
GREEN BELT PHARMACY LLC,,,,"Gold Building,Shop No. 3 Opposite to Canadian Hosp, ABU HAIL, 
Dubai, UNITED ARAB EMIRATES",+971 4 3991839
GREEN COMMUNITY MEDICAL CENTER BR OF GENERAL,,,,"The Market Shopping Complex  Floor  1st  The Marke, Dubai Investment Park, 
Dubai, UNITED ARAB EMIRATES",+97148853225
GUADALOUPE MEDICAL CLINIC LLC,,,,"AL MUTEENA TECHNIC BUILDING,7TH FLOOR,SALAH AL DIN, DEIRA, 
Dubai, UNITED ARAB EMIRATES",9714 399 4865
GULF APOLLO PHARMACY LLC,,,,"Shop No 2  C117  Shabia ??? Me9  Musaffah   Floor , Musaffa., 
Abu Dhabi, UNITED ARAB EMIRATES",+97125591566
GULF INTERNATIONAL CANCER CENTER,,,,"Gulf Internatinal Cancer center, Floor: G Floor, A, Al Bahia, 
Abu Dhabi, UNITED ARAB EMIRATES",+97125635558
GULF MEDICAL CENTER LLC,,,,"Al Rohani Bldg Al Ittihad Rd, PO Box 3917 Deira, Deira, 
Dubai, UNITED ARAB EMIRATES",+97142626000
GULF PEARL DENTAL CENTER,,,,"Saqer Al Mehairbi Bldg  Floor  M 02  Al Naser Stre, Al Markaziyah, 
Abu Dhabi, UNITED ARAB EMIRATES",+97126345680
HABSHAN CLINIC,,,,"Tarif Habshan Road, PO Box 898, 
Abu Dhabi, UNITED ARAB EMIRATES",+97126038331
HABSHAN PHARMACY,,,,"Habshan Medical CenterPO BOX 898Beda Zayed Road, H, Beda Zayed Road, Habshan, 
Abu Dhabi, UNITED ARAB EMIRATES",97126023882
HADDAD MEDICAL AND DENTAL CENTER,,,,"Muraijeb Tower  Floor  2  Hamdan St. Muraijeb Towe, 
Abu Dhabi, UNITED ARAB EMIRATES",+97126325096
HADEQAT AL ROLA PHARMACY LLC,,,,"Ganga Building, Floor: GROUND FLO, Rolla, PO Box 6, 
Sharjah, UNITED ARAB EMIRATES",+97165748283
HAFSA PHARMACY,,,,"Hafsa Pharmacy  Floor  7  Discovery Garden Road Op, Discovery Gardens, 
Dubai, UNITED ARAB EMIRATES",+97144377548
HAKEEM DENTAL CENTER LLC,,,,"Cornish Plaza, Floor: 1ST FLOOR, Al Salam, PO Box , Abu Dhabi Island, 
Abu Dhabi, UNITED ARAB EMIRATES",+97126654200
HALA PHARMACY 13 LLC,,,,"Shop   22 & 24 S 6 Building, Spain Cluster,Interna, Dubai International City, 
Dubai, UNITED ARAB EMIRATES",+97143441122
HALA PHARMACY 14 LLC,,,,"Shop No.1  Marina Diamond 5 (A) United Arab Emirat, Dubai Marina, 
Dubai, UNITED ARAB EMIRATES",+97143441122
HALA PHARMACY 15,,,,"Shop No5&6  Bldng No Zen 2 020 United Arab Emirate, Discovery Gardens, 
Dubai, UNITED ARAB EMIRATES",+97143441122
HALA PHARMACY 16 LLC,,,,"Shop   S01 Bildg   N07 Persia Cluster, Internation, Persia Cluster, Internationall City, 
Dubai, UNITED ARAB EMIRATES",+97143441122
HALA PHARMACY 19 LLC,,,,"S 16  P 17 Building, France Cluster, Dubai Interna, Dubai International City, 
Dubai, UNITED ARAB EMIRATES",+97143441122
HALA PHARMACY 21,,,,"Opposite Emirates Market Sheikh Muhammad Bin Salem, Al Nadiyah, 
Ras Al Khaimah, UNITED ARAB EMIRATES",+97143441122
HALA PHARMACY 22,,,,"Sheikh Rashid Bin Saeed Road, Al Kharran, Al Kharran, 
Ras Al Khaimah, UNITED ARAB EMIRATES",+97143441122
HALA PHARMACY 23,,,,"Unit B11  My City Centre  PO Box 71246 Al Dhaid, Al Dhaid, 
Ras Al Khaimah, UNITED ARAB EMIRATES",+97143441122
HALA PHARMACY 25,,,,"UNIT NO. FF50, FF51, FIRST FLOOR, AL HAMRA MALL, R, Manar Mall, 
Ras Al Khaimah, UNITED ARAB EMIRATES",+97143441122
HALA PHARMACY 34 LLC,,,,"(Opp) Manar Mall  PO Box 71246 Al Nakheel, Al Nakheel, 
Ras Al Khaimah, UNITED ARAB EMIRATES",+97143441122
HALA PHARMACY 36 LLC,,,,"Shop No.5 ?? Block 6  Plot No. 406060029  PO Box 7, Al Kharain Area, 
Ras Al Khaimah, UNITED ARAB EMIRATES",+97143441122
HALA PHARMACY BR 45,,,,"Juma Al Majid Building  PO Box 71246 Al Nahda, Al Nahda, 
Sharjah, UNITED ARAB EMIRATES",+97143441122
HALA PHARMACY BR 54,,,,"Emarats Market  PO Box 71246, 
Ajman, UNITED ARAB EMIRATES",+97143441122
HALA PHARMACY BR 55,,,,"Al Shamsi Building, Floor: GROUND FLO, Muweliah, P, Muweliah Commercial, 
Sharjah, UNITED ARAB EMIRATES",+97143441122
HALA PHARMACY LLC,,,,"Shop   12 13 & 14 Opposite To Mega Mart United Ara, Al Qassimia, 
Sharjah, UNITED ARAB EMIRATES",+97143441122
HALA PHARMACY LLC BR 52,,,,"Muweliah Building Muweliah Commercial, PO Box 7124, Next To Bonanza, 
Sharjah, UNITED ARAB EMIRATES",+97143441122
HALA PHARMACY LLC BRANCH 01,,,,"Unit No:58, Floor:  GROUND FL, Ajman City Centre, , 
Ajman, UNITED ARAB EMIRATES",+97143441122
HALA PHARMACY LLC BRANCH 1,,,,"Shop   1 & 2 Km Trading Shopping Centre Abu Shagha, Abu Shaghara, 
Sharjah, UNITED ARAB EMIRATES",+97143441122
HALA PHARMACY LLC BRANCH 10,,,,"Showroom No 1  Bdng No 997 Al Nasserya, Al Nasserya, 
Sharjah, UNITED ARAB EMIRATES",+97143441122
HALA PHARMACY LLC BRANCH 11,,,,"Shop No 1  Plot No 374 Buf Year 222 Blvd  Al Qassi, Al Qassimia, 
Sharjah, UNITED ARAB EMIRATES",+97143441122
HALA PHARMACY LLC BRANCH 12,,,,"Shop No 1   Manazil Tower 1  Plot No 89 Al Qasimia, Al Qasimiah, 
Sharjah, UNITED ARAB EMIRATES",+97143441122
HALA PHARMACY LLC BRANCH 18,,,,"Shop G2  Salem Tower (Plot 430) Al Majaz 1, Al Majaz 1, 
Sharjah, UNITED ARAB EMIRATES",+97143441122
HALA PHARMACY LLC BRANCH 19,,,,"Shop No.4 & 5  Al Alami Centre  1 King Faisal St, 
Sharjah, UNITED ARAB EMIRATES",+97143441122
HALA PHARMACY LLC BRANCH 2,,,,"Shop   4 & 5 Near To Abu Shagara Park United Arab , 
Sharjah, UNITED ARAB EMIRATES",+97143441122
HALA PHARMACY LLC BRANCH 20,,,,"Unit B051  PO Box 71246 Sharjah City Centre, Sharjah City Centre, 
Sharjah, UNITED ARAB EMIRATES",+97143441122
HALA PHARMACY LLC BRANCH 26,,,,"G09 & G10  My City Centre  Floor  GROUND   PO Box , Al Nasseriya, 
Sharjah, UNITED ARAB EMIRATES",+97143441122
HALA PHARMACY LLC BRANCH 27,,,,"Unit No. J 040  Floor  GROUND  Matajer Al Juraina , 
Sharjah, UNITED ARAB EMIRATES",+97143441122
HALA PHARMACY LLC BRANCH 28,,,,"Shop 1  Unit No. 1006 Oasis Mall  PO Box 71246, 
Sharjah, UNITED ARAB EMIRATES",+97143441122
HALA PHARMACY LLC BRANCH 3,,,,"Shop 02  Bufyeer 222 Bldg Al Qasimiah, Al Qasimiah, 
Sharjah, UNITED ARAB EMIRATES",+97143441122
HALA PHARMACY LLC BRANCH 33,,,,"Shop Unit No. 1 & 2  Golden Tower  PO Box 71246 Bu, Buheirah Corniche, 
Sharjah, UNITED ARAB EMIRATES",+97143441122
HALA PHARMACY LLC BRANCH 35,,,,"Shop No.1  Arab Doctors Specialist Ctr Al Taawun R, 
Sharjah, UNITED ARAB EMIRATES",+97143441122
HALA PHARMACY LLC BRANCH 37,,,,"Al Sharq Complex, Floor: GROUND FLO, Buteena, PO B, Buteena, 
Sharjah, UNITED ARAB EMIRATES",+97143441122
HALA PHARMACY LLC BRANCH 38,,,,"Al Zahia City Centre, Floor: GROUND FLO,  PO Box 7, 
Sharjah, UNITED ARAB EMIRATES",+97143441122
HALA PHARMACY LLC BRANCH 4,,,,"Al Khaleej Bldg Arabian Golf St,, 
Sharjah, UNITED ARAB EMIRATES",+97143441122
HALA PHARMACY LLC BRANCH 40,,,,"Al Ameer Tower, Floor: GROUND FLO,  PO Box 71246 A, Al Nahda, 
Sharjah, UNITED ARAB EMIRATES",+97143441122
HALA PHARMACY LLC BRANCH 42,,,,"Unit   14 & 15  Nesto Hypermarket  Floor  GROUND  , Butina, 
Sharjah, UNITED ARAB EMIRATES",+97143441122
HALA PHARMACY LLC BRANCH 43,,,,"Muweliah Building, Floor: UNIT 1 & 2,, 
Sharjah, UNITED ARAB EMIRATES",+97143441122
HALA PHARMACY LLC BRANCH 44,,,,"Unit 162  Sahara Centre  Floor  GROUND FLO   PO Bo, 
Sharjah, UNITED ARAB EMIRATES",+97143441122
HALA PHARMACY LLC BRANCH 46,,,,"Shop No. 3   Al Shaam Tower  PO Box 71246 Al Taawu, Al Taawun Roundabout, 
Sharjah, UNITED ARAB EMIRATES",+97143441122
HALA PHARMACY LLC BRANCH 47,,,,"Lulu Hypermarket, Floor: GROUND FLO,  PO Box 71246, Muweilah, 
Sharjah, UNITED ARAB EMIRATES",+97143441122
HALA PHARMACY LLC BRANCH 48,,,,"Diamond Plaza 2, Floor: GROUND FLO,  PO Box 71246 , Al Majaz, 
Sharjah, UNITED ARAB EMIRATES",+97143441122
HALA PHARMACY LLC BRANCH 49,,,,"Shop No. 3  Rumaila  Al Shorafa Tower 2  Floor  GR, Rumaila, 
Ajman, UNITED ARAB EMIRATES",+97143441122
HALA PHARMACY LLC BRANCH 5,,,,"Shop No 1 2 &14  Rolla Building Rolla, Rolla, 
Sharjah, UNITED ARAB EMIRATES",+97143441122
HALA PHARMACY LLC BRANCH 50,,,,"Marwa Building  Rawda 2 Southern Sector  PO Box 71, Al Zahra Area, 
Ajman, UNITED ARAB EMIRATES",+97143441122
HALA PHARMACY LLC BRANCH 51,,,,"Al Buhaira Insurance Tower  PO Box 71246, 
Sharjah, UNITED ARAB EMIRATES",+97143441122
HALA PHARMACY LLC BRANCH 56,,,,"Al Gharfi Building, Floor: SHOWROOM 1, Ex Mashreq , Buheirah Corniche, 
Sharjah, UNITED ARAB EMIRATES",+97143441122
HALA PHARMACY LLC BRANCH 6,,,,"Shop   2  Corniche B Buildg Buhaira Corniche, Buhaira Corniche, 
Sharjah, UNITED ARAB EMIRATES",+97143441122
HALA PHARMACY LLC BRANCH 7,,,,"Al Za'Abi Bldg  Plot No 315 Jamal Abdul Nassar Str, 
Sharjah, UNITED ARAB EMIRATES",+97143441122
HALA PHARMACY LLC BRANCH 8,,,,"Shop No 4 Zubaidi Bldng Al Majaz, Al Majaz, 
Sharjah, UNITED ARAB EMIRATES",+97143441122
HALA PHARMACY LLC BRANCH 9,,,,"Al Arouba Building Al Arouba St,, 
Sharjah, UNITED ARAB EMIRATES",+97143441122
HAMAD AL IHTERAFEYA PHARMACY LLC,,,,"Near Lulu Hypermarket, Floor: GROUND,  PO Box 6468, 
Sharjah, UNITED ARAB EMIRATES",+97165388966
HAMAD AL MUMAYAZAH PHARMACY LLC,,,,"Al Sharqan Extension, Floor: GROUND,  PO Box 64684, 
Sharjah, UNITED ARAB EMIRATES",+97165388966
HAMAD AL OULA PHARMACY LLC,,,,", Floor: GROUND,  PO Box 64684, 
Sharjah, UNITED ARAB EMIRATES",+97165388966
HAMAD PHARMACY UAE,,,,"SHAHBA COMPLEX  Floor  GF  Wasit Rd  Basid Road  C, Al Shabha, 
Sharjah, UNITED ARAB EMIRATES",+97165388966
HAMRIYA LIFE PHARMACY LLC,,,,"Union Co Operative Society  Floor  GROUND , Abu ha, Deira, 
Dubai, UNITED ARAB EMIRATES",+97143441122
HANI PHARMACY,,,,"Bin Ham Building, Floor: GRUND FLOO, Sheikh Hamdan, Zayani, 
Abu Dhabi, UNITED ARAB EMIRATES",+97126778501
HARLEY STREET DENTAL CENTER LLC,,,,"Abu Dhabi, Marina Village , Villa no: A15 Marina V, Marina Village, 
Abu Dhabi, UNITED ARAB EMIRATES",97124916885
HARLEY STREET MEDICAL CENTRE,,,,"Harley Street Medical Centre Villa A20 21 22 Marin, Marina Village, 
Abu Dhabi, UNITED ARAB EMIRATES",+97126133999
HARLEY STREET PHARMACY LLC,,,,"Harley Street Pharmacy Llc Villa A20 21 22  PO Box, Marina Village, 
Abu Dhabi, UNITED ARAB EMIRATES",+97126133999
HARMONY ADVANCED MEDICAL CENTER L.L.C.,,,,"Khalfan Matar, Floor: M, Muroor Road 4th Street, P, Al Dhafra, 
Abu Dhabi, UNITED ARAB EMIRATES",+97126417300
HARMONY MEDICAL CENTER,,,,"Jumeirah Beach Road, Villa No. 1 Jumeirah Beach Ro, Jumeirah, 
Dubai, UNITED ARAB EMIRATES",+97143955113
HARMONY PLUS MEDICAL CENTER,,,,"Al Khaleej Al Arabi Street, PO Box 63625, 
Abu Dhabi, UNITED ARAB EMIRATES",+97126582228
HBG MEDICAL CENTER,,,,"Al Razi Building 64, Floor SECOND, Oud Metha, PO B, Dubai Healthcare City, 
Dubai, UNITED ARAB EMIRATES",+97145520496
HEALERS MEDICAL CENTRE LLC,,,,"101 106 Al Thorea Tower  Floor  FIRST  King Faisal, Abu Shagara, 
Sharjah, UNITED ARAB EMIRATES",+97165539851
HEALTH AND STYLE MEDICAL CENTRE LLC,,,,"M204 Adcb Building, Floor: FIRST,  PO Box 47612 Ha, Hamdan, 
Abu Dhabi, UNITED ARAB EMIRATES",+97126275509
HEALTH BAY,,,,"Villa 977 Al Wasl Road, PO Box 118012 Umm Suqeim 2, Umm Suqeim 2, 
Dubai, UNITED ARAB EMIRATES",+97143487140
HEALTH BAY POLY CLINIC BR OF HEALTH BAY DAY S,,,,"Villa 1 5  Verve Villas Al Wasl Road  PO Box 45442, Umm Al Sheif, 
Dubai, UNITED ARAB EMIRATES",+97148004272
HEALTH BAY POLYCLINIC BR OF HEALTHBAY DAY SURGERY CENTER LLC WOMENS CARE,,,,"Healthbay Women's Care Bldg- Al Wasl Rd - Umm Al S, Umm Al Sheif, 
Dubai, UNITED ARAB EMIRATES",97143487140
HEALTH BAY POLYCLINIC BRANCH MOTOR CITY,,,,"Detroit House, Floor: GROUND FLO,  PO Box 118012 M, Motor City, 
Dubai, UNITED ARAB EMIRATES",+971508004272
HEALTH CALL FZ LLC,,,,"Ibn Sina Building    27 Block B  Floor  Fifth  Oud, Oud Metha, 
Dubai, UNITED ARAB EMIRATES",+97143635343
HEALTH FAMILY CLINIC,,,,"Al Kifaf Commercial Bldg Floor: 3RD, 13 A Street, , Al Mankhool, 
Dubai, UNITED ARAB EMIRATES",+97143960034
HEALTH FIRST 19 PHARMACY,,,,"Opp Dibba Muncipality, Floor: GR FLOOR, Shaikh Ham, Al Fardhan, 
Fujairah, UNITED ARAB EMIRATES",+97192444376
HEALTH FIRST 20 PHARMACY,,,,"Opp. Old Bldg Of Abudhabi National Bank, Floor: Gr, Dibba, 
Fujairah, UNITED ARAB EMIRATES",+97192447064
HEALTH FIRST 5 PHARMACY,,,,"Sky Courts, Floor: GROUND, Dubai Land Residence Co, 
Dubai, UNITED ARAB EMIRATES",+97143620858
HEALTH FIRST AL AIN PHARMACY BRANCH 11,,,,"Souq Extra Mall, Floor: GROUND, Al Bateen,, 
Al Ain, UNITED ARAB EMIRATES",+97137804288
HEALTH FIRST PHARMACY,,,,"St Regis Building  Floor  GROUND  At St Regis Hote, 
Abu Dhabi, UNITED ARAB EMIRATES",+97126219720
HEALTH FIRST PHARMACY 1,,,,"Tameem Bldg House  Near Grand Millenium  Floor  1s, Al Barsha, 
Dubai, UNITED ARAB EMIRATES",+97144377533
HEALTH FIRST PHARMACY 12,,,,"Shaikh Humaid Bldg, Floor: Ground, King Faisal St,, Old Bazar, 
Umm Al Quwain, UNITED ARAB EMIRATES",+97167656180
HEALTH FIRST PHARMACY 14,,,,"Inside Private Clinic Of Ram, Floor: GR FLOOR, Al , Nr. Police Stn, 
Ras Al Khaimah, UNITED ARAB EMIRATES",+97172662295
HEALTH FIRST PHARMACY 16,,,,"Riyamah Bldg, Floor: GR FLOOR, Shaikh Hamad Bin Ab, 
Fujairah, UNITED ARAB EMIRATES",+97192229295
HEALTH FIRST PHARMACY 17,,,,"Inside Fujairah Trade Center, Floor: GR FLOOR, Opp, 
Fujairah, UNITED ARAB EMIRATES",+97192223979
HEALTH FIRST PHARMACY 18,,,,"Opp. Al Rostamani Exchange, Floor: GR FLR, Hamad B, 
Fujairah, UNITED ARAB EMIRATES",+97192231540
HEALTH FIRST PHARMACY 2,,,,"Shop No 5 & 6   Floor  Ground  Inside Aswaaq Nad A, Ras Al Khor, 
Dubai, UNITED ARAB EMIRATES",+97143264234
HEALTH FIRST PHARMACY 21,,,,"Plaza Cinema  Near K.M. Trading  Floor  1ST  Al Ma, 
Fujairah, UNITED ARAB EMIRATES",+97192234518
HEALTH FIRST PHARMACY 22,,,,"Ground Floor  Manar Mall  Floor  Ground  NR CARREF, 
Ras Al Khaimah, UNITED ARAB EMIRATES",+97172274848
HEALTH FIRST PHARMACY 23,,,,"Hamarain Centre, Floor: Ground, Al Muraqqabat, PO , Deira, 
Dubai, UNITED ARAB EMIRATES",+97142693618
HEALTH FIRST PHARMACY 24,,,,"South Ridge, Floor: GROUND, Near Burj Khalifa, PO , Burj Khalifa Dowtown, 
Dubai, UNITED ARAB EMIRATES",+97144329158
HEALTH FIRST PHARMACY 25,,,,"Souq Extra Shopping Center   Barsha 37th Street  N, Barsha - 2, 
Dubai, UNITED ARAB EMIRATES",+97143992116
HEALTH FIRST PHARMACY 26 FUJAIRAH BRANCH,,,,"Souq Extra   Fujairah Shop No    3 Mirbah Madha St, 
Fujairah, UNITED ARAB EMIRATES",+97192373985
HEALTH FIRST PHARMACY 27,,,,"The Crescent B, Floor: GROUND FLO, Meaisem First, , Impz (International Media Production Zone ), 
Dubai, UNITED ARAB EMIRATES",+97144253020
HEALTH FIRST PHARMACY 28,,,,"Saeed Muhamed Al Masafri King Faisal Street, PO Bo, Popular Typing Centre  Old Souk, 
Umm Al Quwain, UNITED ARAB EMIRATES",+97167656180
HEALTH FIRST PHARMACY 3,,,,"Al Fattan Tower, Floor: Ground, Sheikh Zayed Road,, Dubai Marina, 
Dubai, UNITED ARAB EMIRATES",+97143999020
HEALTH FIRST PHARMACY 30,,,,"Al Attar Centre Shop No 7, PO Box 87150 Al Karama, Al Karama, 
Dubai, UNITED ARAB EMIRATES",+97143709030
HEALTH FIRST PHARMACY 33,,,,"Al Kifaf Residential Building Shop No. (G/A7)  Al , Al Karama, 
Dubai, UNITED ARAB EMIRATES",+97143963068
HEALTH FIRST PHARMACY 37,,,,"Mediterranean Bldg  Canal Residence West Hessa Str, Dubai Sports City, 
Dubai, UNITED ARAB EMIRATES",+97143606023
HEALTH FIRST PHARMACY 38,,,,"Saleh Bin Lahej Building 338 Near Lamzy Plaza Oud , 
Dubai, UNITED ARAB EMIRATES",+97143960695
HEALTH FIRST PHARMACY 4,,,,"Executive Tower  G 110  Floor  GROUND  Lake Side R, Business Bay, 
Dubai, UNITED ARAB EMIRATES",+97144587004
HEALTH FIRST PHARMACY 41,,,,"Shop No 5 Uptown Mirdiff Mall, PO Box 87150 Mirdif, Mirdiff, 
Dubai, UNITED ARAB EMIRATES",+97142882296
HEALTH FIRST PHARMACY 45,,,,"Al Barsha 1, 
Dubai, UNITED ARAB EMIRATES",+97143965891
HEALTH FIRST PHARMACY 48,,,,"Shop No 5 Jumeirah Road Jumeirah 1, 
Dubai, UNITED ARAB EMIRATES",+97143430616
HEALTH FIRST PHARMACY 50,,,,"Sk Ahmed Ben Sagar Building Sheikh Muhammad Bin Sa, 
Ras Al Khaimah, UNITED ARAB EMIRATES",+97172358018
HEALTH FIRST PHARMACY 52,,,,"White Crown Bldg Floor: GF,  PO Box 87150 Sheikh Z, Sheikh Zayed Road, 
Dubai, UNITED ARAB EMIRATES",+97143253056
HEALTH FIRST PHARMACY 55,,,,"G03-B , Block B, Building No.27, Dubai HealthCare , Dubai Healthcare City, 
Dubai, UNITED ARAB EMIRATES",04-5776210
HEALTH FIRST PHARMACY 9,,,,"Summer 2 Jumeirah Village, PO Box 87150Summer 2 - , Jumeirah Village Circle, 
Dubai, UNITED ARAB EMIRATES",+971528455736
HEALTH FIRST PHARMACY BR 4,,,,"Al Matajer Mall Business Bay  Executive Towers  La, Wasit Area, 
Sharjah, UNITED ARAB EMIRATES",+97165534225
HEALTH FIRST PHARMACY BR 7 SHARJAH,,,,"Matajer Mall Alkhan, Floor: GROUND FLO, Al Khan, P, Opposite To Carefour, 
Sharjah, UNITED ARAB EMIRATES",+97165508065
HEALTH FIRST PHARMACY BRANCH 11,,,,"Shop No: 03, Al Dhaid Mall, Hisn Square, Al Dhaid,, AL DHAID, 
Sharjah, UNITED ARAB EMIRATES",06-5232186
HEALTH FIRST PHARMACY BRANCH 12,,,,"Shop No : G12 Alfalah, Alfalah Village 1, Alfalah Village 1, 
Abu Dhabi, UNITED ARAB EMIRATES",+97126746989
HEALTH FIRST PHARMACY BRANCH 13,,,,"Shop No: 417, Floor: 4, Albahia, Deerfields Mall, Deerfields Mall, 
Abu Dhabi, UNITED ARAB EMIRATES",+97125646364
HEALTH FIRST PHARMACY BRANCH 14,,,,"Shop No F14 Zayed Bin Sulthan Street, Barari Outle, Barari Outlet Mall, 
Al Ain, UNITED ARAB EMIRATES",+97137675176
HEALTH FIRST PHARMACY BRANCH 15,,,,"91 Bawabat Al Sharq Mall  Floor  FIRST  Baniyas Ea, Baniyas, 
Abu Dhabi, UNITED ARAB EMIRATES",+97125851992
HEALTH FIRST PHARMACY BRANCH 18,,,,"Alrahba Hospital Floor  GROUND  United Arab Emirat, Al Shahama Rahba City, 
Abu Dhabi, UNITED ARAB EMIRATES",+97125643948
HEALTH FIRST PHARMACY BRANCH 3,,,,"Al Safeer Center, Floor: Ground,  PO Box 22625 Kho, Khorfakkan, 
Sharjah, UNITED ARAB EMIRATES",+97192220635
HEALTH FIRST PHARMACY BRANCH 6,,,,"Shop No 1 Al Sharq Street,, 
Sharjah, UNITED ARAB EMIRATES",+97165650415
HEALTH FIRST PHARMACY BRANCH 9,,,,"Shop No 1 & 2,Sharjah Cooperative Society,Al Suyoh, AL SUYOH 4, 
Sharjah, UNITED ARAB EMIRATES",06-5353951
HEALTH FIRST PHARMACY LLC BRANCH 1,,,,"Al Muhairy Bldg  Nr. Snowwhite  Floor  Ground  Mai, Main St, 
Al Ain, UNITED ARAB EMIRATES",+97137662131
HEALTH FIRST PHARMACY LLC BRANCH 2,,,,"Besides Baniyas Co Op Soc.Near Kfc   Abu Dhabi Ala, Baniyas East, 
Abu Dhabi, UNITED ARAB EMIRATES",+97125833655
HEALTH FIRST PHARMACY LLC BRANCH 3,,,,"Bldg No:209 & Shop No:1, Floor: GROUND, SHAFIA KHA, Mussafah, 
Abu Dhabi, UNITED ARAB EMIRATES",+97125527070
HEALTH FIRST PHARMACY LLC BRANCH 4,,,,"Behind Choithram Supermarket, Floor: Ground, Khali, Behind Choitram, 
Abu Dhabi, UNITED ARAB EMIRATES",+97126666427
HEALTH FIRST PHARMACY LLC BRANCH 5,,,,"Nr Al Noor Hospital  Floor  SECTOR 11  Shafiah Kha, Shafia Khalifa, 
Abu Dhabi, UNITED ARAB EMIRATES",+97125530036
HEALTH FIRST PHARMACY LLC BRANCH 6,,,,"In Front Of Dar Al Zadi Coffee Shop, Floor: Ground, Al Khalidia Area, 
Abu Dhabi, UNITED ARAB EMIRATES",+97126668798
HEALTH FIRST PHARMACY LLC BRANCH 7,,,,"Elite Modern Pharmacy (Planet Pharmacies, Floor: 1, Carrefour City Centre, 
Abu Dhabi, UNITED ARAB EMIRATES",+97124494209
HEALTH FIRST PHARMACY LLC BRANCH 8,,,,"Beside Abu Dhabi Commercial Bank, Floor: Ground, A, Baniyas East, 
Abu Dhabi, UNITED ARAB EMIRATES",+97125822829
HEALTH FIRST PHARMACY LLC BRANCH 9,,,,"Raha Beach, PO Box 87150, 
Abu Dhabi, UNITED ARAB EMIRATES",+97125577611
HEALTH FIRST PHARMACY LLL SOLE PROPRIETORSHIP BRANCH 01,,,,"Shop No: 19 & 20,Nesto Hypermarket Mushrif ,Ittiha, RASHIDIYA 1, 
Ajman, UNITED ARAB EMIRATES",06 7653695
HEALTH FIRST PHARMACY SHARJAH,,,,"Corniche, Floor: GROUND FLO, Al Majaz 2  Next To S, Buhairah Corniche, 
Sharjah, UNITED ARAB EMIRATES",
HEALTH FIRST PLANET PHARMACY BRANCH 10,,,,"Sector No. 15a Mussafah West 5 (Mw5) Nppc, Nppc, 
Abu Dhabi, UNITED ARAB EMIRATES",+97125549055
HEALTH PLUS FAMILY HEALTH CENTER LLC BRANCH,,,,"Zayed the first street corniche Zayed the first st, Zayed the first street, 
Abu Dhabi, UNITED ARAB EMIRATES",971600503035
HEALTH POINT HOSPITAL LLC,,,,"Zayed Sports City Airport Road, PO Box 112308 Insi, Inside Zayed Sports City, 
Abu Dhabi, UNITED ARAB EMIRATES",+97124929000
HEALTH POINT PHARMACY LLC,,,,"Chaimaa Premiere Jvc, Jumeirah Village Circle, Jumeirah Village Circle, 
Dubai, UNITED ARAB EMIRATES",+97143441122
HEALTH SHIELD MEDICAL CENTER LLC,,,,"Health Shield Medical Center   3  Corniche Road  P, Al Markaziya West, 
Abu Dhabi, UNITED ARAB EMIRATES",+97126265722
HEALTHHUB BR ALFUTTAIM HEALTHCARE SINGLE PERS,,,,"Dsoaa 22 008 Lynx Tower   G G06  PO Box 152 Dubai , Dubai Silicon Oasis, 
Dubai, UNITED ARAB EMIRATES",+97142085945
HEALTHHUB BR ALFUTTAIM HEALTHCARE SINGLE PERS DISCOVERY GARDEN,,,,"Zen Cluster   3  Building No 6  Floor  GROUND FLO , Discovery Garden, 
Dubai, UNITED ARAB EMIRATES",+97142085945
HEALTHHUB BR ALFUTTAIM HEALTHCARE SINGLE PERSON COMPANY LLC,,,,"Art Heights PO Box 24305, Al Thanyah First, Barsha, Barsha, 
Dubai, UNITED ARAB EMIRATES",97145967374
HEALTHHUB BR OF ALFUTTAIM HEALTH CARE SINGLE,,,,"Manazel Deira Building  Floor  GROUND  8 B Street , Al Qusais -1, 
Dubai, UNITED ARAB EMIRATES",
HEALTHHUB BR OF ALFUTTAIM HEALTH CARE SINGLE FESTIVAL BLVD,,,,"Festival City Mall, Floor: GROUND FLO,  PO Box 152, Festival Blvd, 
Dubai, UNITED ARAB EMIRATES",+97145967100
HEALTHHUB BR OF ALFUTTAIM HEALTH CARE SINGLE JABEEL ALI 1,,,,"Festival Plaza Mall  Floor  1ST FLOOR  Festival Pl, Jabeel Ali-1, 
Dubai, UNITED ARAB EMIRATES",+97145967350
HEALTHHUB BR OF ALFUTTAIM HEALTHCARE SINGLE P,,,,"Warsan Building   77b  Floor  GROUND FLO  Warsan  , Dubai International City, 
Dubai, UNITED ARAB EMIRATES",
HEALTHHUB BR OF ALFUTTAIM HEALTHCARE SINGLE P AL WARQA 1,,,,"Mushroom Building   3  Floor  GF  Al Warqa St  PO , Al Warqa 1, 
Dubai, UNITED ARAB EMIRATES",+97142186222
HEALTHHUB JVC BR OF ALFUTTAIM HEALTH CARE SINGLE PERSON COMPANY LLC,,,,"Binghatti Amber Bijada Blvd N Jumeirah Village Cir, JVC, 
Dubai, UNITED ARAB EMIRATES",(04) 596 7125
HEALTHHUB JVC PHARMACY,,,,"Binghatti Amber Jumeirah Village Circle JVC, JVC, 
Dubai, UNITED ARAB EMIRATES",(04) 596 7126
HEALTHHUB NBR BR OF ALFUTTAIM HEALTHCARE SING,,,,"Essa Saleh Al Gurg Building  Floor  GROUND FLO  Al, Al Nahda-2, 
Dubai, UNITED ARAB EMIRATES",+97145967355
HEALTHHUB PHARMACY BR AL FUTTAIM HEALTHCARE S,,,,"Festival Plaza Mall  Floor  MEZANINE F   PO Box 15, Jabel Ali-1, 
Dubai, UNITED ARAB EMIRATES",+97142082127
HEALTHHUB PHARMACY BR AL FUTTAIM HEALTHCARE S AL MIZHAR 1,,,,"Arabian Center Al Khawaneej St, PO Box 152 Al Mizh, Al Mizhar 1, 
Dubai, UNITED ARAB EMIRATES",+97145214200
HEALTHHUB PHARMACY BR ALFUTTAIM HEALTHCARE SI DISCOVERY GARDEN,,,,"Zen Cluster   3  Building No 6  Floor  GROUND FLO , Discovery Garden, 
Dubai, UNITED ARAB EMIRATES",+97142040496
HEALTHHUB PHARMACY BR ALFUTTAIM HEALTHCARE SI NAD AL SHEBAD,,,,"Lynx Tower Shop No 6  Ground Floor  PO Box 152, Na, Dubai Silicon Oasis, 
Dubai, UNITED ARAB EMIRATES",+97142085945
HEALTHHUB PHARMACY BR OF AL FUTTAIM HEALTHCAR,,,,"Al Kifaf Mansion Building, Floor: GROUND FLO,  PO , Al Karama, 
Dubai, UNITED ARAB EMIRATES",+97145967120
HEALTHHUB PHARMACY BR OF ALFUTTAIM HEALTH CAR,,,,"Manazel Deira Building, Floor: GROUND, 8-B Street,, Al Qusais -1, 
Dubai, UNITED ARAB EMIRATES",+97142040454
HEALTHHUB PHARMACY BR OF ALFUTTAIM HEALTHCARE AL NAHDA 2,,,,"Essa Saleh Al Gurg  Floor  GROUND FLO  Amman Stree, Al Nahda-2, 
Dubai, UNITED ARAB EMIRATES",+97145967358
HEALTHHUB PHARMACY BR OF ALFUTTAIM HEALTHCARE FESTIVAL BLVD,,,,"Festival City Mall Festival Blvd, Festival Blvd, 
Dubai, UNITED ARAB EMIRATES",+97145967100
HEALTHHUB PHARMACY BR OF ALFUTTAIM HEALTHCARE INTERNATIONAL CITY,,,,"Warsan Building  77b  Floor  GROUND FLO  Warsan  1, Dubai International City, 
Dubai, UNITED ARAB EMIRATES",
HEALTHHUB PHARMACY BRAL FUTTAIM HEALTHCARE SI,,,,"Mushroom Building   3  Floor  GF  Al Warqa St  PO , Al Warqa 1, 
Dubai, UNITED ARAB EMIRATES",+97142186276
HEALTHHUB PHARMACY TBR ALFUTTAIM HEALTHCARE SINGLE PERSON COMPANY LLC,,,,"Art Heights Ground Floor PO BOX 24305, Al Thanyah , Barsha, 
Dubai, UNITED ARAB EMIRATES",97145967372
HEALTHHUB6 BR OF ALFUTTAIM HEALTHCARE SINGLE,,,,"Al Kifaf Mansion Building, Floor: GROUND FLO, Al K, Al Karama, 
Dubai, UNITED ARAB EMIRATES",+97145967120
HEALTHPLUS DIABETES ENDOCRINOLOGY CENTER,,,,"Shk. Mussalim Compound Sultan Bin Zayed St 32nd St, 
Abu Dhabi, UNITED ARAB EMIRATES",+97126660363
HEALTHPLUS FAMILY HEALTH CENTER,,,,", Floor: FIRST, Al Raha Beach, PO Box 60843, 
Abu Dhabi, UNITED ARAB EMIRATES",+97125571818
HEALTHPLUS FAMILY HEALTH CENTER LLC BRANCH 1,,,,"Unit No. 1  Tower E 12th Street  PO Box 60843 Al F, Al Forsan, Khalifa City, 
Abu Dhabi, UNITED ARAB EMIRATES",+97126433494
HEALTHPLUS FAMILY HEALTH CENTER LLC BRANCH 2,,,,"Abu Dhabi Abu Dhabi, Abu Dhabi, 
Abu Dhabi, UNITED ARAB EMIRATES",971600503035
HEALTHPLUS PHARMACY LLC,,,,"Floor  GF  32nd St Al Bateen Area  Behind Gdc Hosp, 
Abu Dhabi, UNITED ARAB EMIRATES",+97126655422
HEALTHWAY MEDICAL CENTER,,,,"Villa No 1, Floor: 1, Baniyas City East 5, PO Box , Baniyas City East 5, 
Abu Dhabi, UNITED ARAB EMIRATES",+97125828989
HEALTHY LIFE PHARMACY,,,,"Near Aboobacker Al Soddique Mosque Tecom, PO Box 7, Al Barsha 2, 
Dubai, UNITED ARAB EMIRATES",+97143441122
HEALTHY VICTORIA CARDIAC CLINIC LLC,,,,"BLOCK B, M-15, AL HUDAIBA AWARDS BUILDING, AL MINA, JUMEIRAH, 
Dubai, UNITED ARAB EMIRATES",971 46 657 877
HEALWAY MEDICAL CENTER LLC,,,,"European business centerShop no 19Ground FloorDuba, DUBAI INVESTMENT PARK, 
Dubai, UNITED ARAB EMIRATES",97148242014
HEART BEAT MEDICAL CENTER ONE DAY SURGERY LLC,,,,"HEART BEAT MEDICAL CENTER ONE DAY SURGERY LLC Vill, Mushrif Area, 
Abu Dhabi, UNITED ARAB EMIRATES",
HEART FIRST MEDICAL CENTRE FZ LLC,,,,"Ibn Sina Building No 27, Floor: 2nd Floor, Dubai H, Oud Metha, 
Dubai, UNITED ARAB EMIRATES",+97144298298
HELLENIC DENTAL CLINIC LLC,,,,"Villa G4u1 Al Wasl Road, PO Box 215094 Al Badaa, Al Badaa, 
Dubai, UNITED ARAB EMIRATES",+97143490422
HIGH WAY PHARMACY BR OF AL SHAFAR PHARMACIES,,,,"Enoc Station  Floor  Ground  Oud Metha Road  Zabee, Bur Dubai, 
Dubai, UNITED ARAB EMIRATES",+97143375552
HIKMAT AL AIN PHARMACY CO LLC,,,,"Unit No. 14 Al Seef Village  Al Salam St  PO Box 1, Near To Ministry Complex And Khalifa Park, 
Abu Dhabi, UNITED ARAB EMIRATES",+97126411225
HISTOPATHOLOGY AND SPECIALTY LABORATORY DXB M,,,,"Leve 2 Rigga Business Center Rigga Road  PO Box 25, Deira, 
Dubai, UNITED ARAB EMIRATES",+97142309275
HMC MEDICAL CENTER LLC,,,,"G03 Detroit House, Floor: GROUND, Detroit Street, , Motorcity, 
Dubai, UNITED ARAB EMIRATES",+97145668336
HOLISTIC MEDICAL CENTRE SOLE PROPRIETORSHIP L,,,,"Villa 141 Street No. 12, PO Box 144577 Khalifa Cit, Khalifa City A, 
Abu Dhabi, UNITED ARAB EMIRATES",+97126661567
HOLLYWOOD SMILE MEDICAL CENTER,,,,"Green Tower, Floor: 3RD, Khalifa Street, PO Box 74, 
Abu Dhabi, UNITED ARAB EMIRATES",+97126271371
HOME HEALTH MEDICAL CENTRE,,,,"Me 11  Shabiya  Mussafah  PO Box 52468, 
Abu Dhabi, UNITED ARAB EMIRATES",+97125530162
HOPE MEDICAL CENTER LLC,,,,"Gcc New Office Bldg, Floor: FIRST,  PO Box 38849 A, Al Mafraq Industrial Area, 
Abu Dhabi, UNITED ARAB EMIRATES",+97125551510
HOPE PHARMACY LLC,,,,"Gcc New Office Building, Floor: GROUND,  PO Box 38, Al Mafraq Industrial Area, 
Abu Dhabi, UNITED ARAB EMIRATES",+97125552415
HOPECARE PHARMACY LLC,,,,"Hamaad Khalfan Bldng, Floor: GROUND FLO, United Ar, Hor Al Anz, 
Dubai, UNITED ARAB EMIRATES",+97142268881
HOPECARE POLYCLINIC LLC,,,,"Hamaad Khalfan Bldng, Floor: GROUND FLO, United Ar, Hor Al Anz, 
Dubai, UNITED ARAB EMIRATES",+97142268881
I SEA BR OF AL JABER OPTICAL CENTRE LLC BRANC,,,,"Greens Centre Behind Emaar Business Park, PO Box 1, 
Dubai, UNITED ARAB EMIRATES",+97143639494
I SEA BR OF AL JABER OPTICAL CENTRE LLC CIRCL,,,,"Circle Mall  PO Box 1940 Jumairah First, Jumairah First, 
Dubai, UNITED ARAB EMIRATES",+97148764330
I SEA BR OF AL JABER OPTICAL CENTRE LLC FESTI,,,,"Dubai Festival City  PO Box 1940, 
Dubai, UNITED ARAB EMIRATES",+97142685018
I SEE BY AL JABER SHARJAH CITY CENTRE,,,,"Unit No B064 Ground Floor-Sharjah City CenterAl Da, Al Wahda St, 
Sharjah, UNITED ARAB EMIRATES",(6)548-7355
IBIN SINA MEDICAL CENTRE,,,,"Ibin Sina Building, Floor: First, Al Quds Road, PO, 
Ajman, UNITED ARAB EMIRATES",+97167457755
IBN AL AZWAR PHARMACY,,,,"Salim Maquadi  Floor  GROUD  Ras Al Khor  1  PO Bo, Aweer, 
Dubai, UNITED ARAB EMIRATES",+97143331504
IBN NAFEES MEDICAL CENTRE,,,,"Bin Sagar Tower, Floor: 4, Najda Street, PO Box 42, Al Najda, 
Abu Dhabi, UNITED ARAB EMIRATES",+97126324200
IBN NAFEES MEDICAL CENTRE PHARMACY,,,,"Oman Bank Building Baniyas Najda Street, PO Box 41, Al Markaziyah, 
Abu Dhabi, UNITED ARAB EMIRATES",+97126349500
IBN ROSHD MODERN PHARMACY,,,,"Mohd. Tayyeb Khoory Building, Floor: GROUND, 19 St, Al Barsha 1, 
Dubai, UNITED ARAB EMIRATES",+97143408786
IBN ROSHD PHARMACY,,,,"Dubai Real Estate Building, Floor: GROUND FLO, Al , Bur Dubai, 
Dubai, UNITED ARAB EMIRATES",+97143454040
IBN RUSHD PHARMACY,,,,"Nader Mohamed Salhoom El Qubaisi Bldg. Abu Dhabi  , 
Abu Dhabi, UNITED ARAB EMIRATES",+97124457727
IBN SINA 100 PHARMACY BR OF IBN SINA GROUP PHARMACIES LLC (BIN SINA PHARMACIES),,,,"Town Square Building 2 Jenna Apartments Al Qudra R, Al Qudra Rd, 
Dubai, UNITED ARAB EMIRATES",9714 320 2302
IBN SINA 21 PHARMACY FESTIVAL CITY (BIN SINA PHARMACIES),,,,"Dubai Festival City, Floor: GROUND,  PO Box 11245 , Business Bay, 
Dubai, UNITED ARAB EMIRATES",+97148105888
IBN SINA 29 PHARMACY (BIN SINA PHARMACIES),,,,", Floor: GROUND FLO, Dubai Mall, PO Box 11245 Burj, Burj Dubai Area, 
Dubai, UNITED ARAB EMIRATES",+97148105888
IBN SINA 30 PHARMACY BR OF IBN SINA GROUP PHARMACY (BIN SINA PHARMACIES),,,,"Aswaq Mall Nad Al Hammar Road, PO Box 11245 Aswaaq, Aswaaq Mall, 
Dubai, UNITED ARAB EMIRATES",+97148105888
IBN SINA 34 PHARMACY BR OF IBN SINA GROUP PHA (BIN SINA PHARMACIES),,,,"Aswaq Mall Al Warqa, PO Box 11245, 
Dubai, UNITED ARAB EMIRATES",+97148105888
IBN SINA 36 PHARMACY (BIN SINA PHARMACIES),,,,"Al Wasl Bldg.  PO Box 11245- Al Wasl Street - Shop, Jumeirah 1, 
Dubai, UNITED ARAB EMIRATES",+97148105888
IBN SINA 38 PHARMACY BR OF IBN SINA GROUP PHA (BIN SINA PHARMACIES),,,,"Mirdiff City Centre Emirates Road, PO Box 11245 Mi, Mirdif, 
Dubai, UNITED ARAB EMIRATES",+97148105888
IBN SINA 39 PHARMACY (BIN SINA PHARMACIES),,,,"Aswaaq Supermarket  PO Box 11245 Al Warqa, Al Warqa, 
Dubai, UNITED ARAB EMIRATES",+97148105888
IBN SINA 41 PHARMACY BR OF IBN SINA GROUP PHARMACIES LLC (BIN SINA PHARMACIES),,,,"Meydan Heights - Nad Al Sheba - Nad Al Sheba 1 - D, NAD AL SHEBA, 
Dubai, UNITED ARAB EMIRATES",9714 327 1417
IBN SINA 46 PHARMACY BR OF IBN SINA GROUP PHARMACIES LLC,,,,"10th St Oud Metha Oud Metha, Oud Metha, 
Dubai, UNITED ARAB EMIRATES",9714 357 2684
IBN SINA 48 PHARMACIE BR OF IBN SINA GROUP PHARMACIES LLC SOC,,,,"7CCX+R43 Oud Al Muteena Oud Al Muteena, Oud Al Muteena, 
Dubai, UNITED ARAB EMIRATES",9714 397 3545
IBN SINA 49 PHARMACY BR OF IBN SINA GROUP PHARMACIES LLC SOC,,,,"Gargash Hospital Umm Suqeim St Umm Al Sheif Umm Su, Umm Suqeim St, 
Dubai, UNITED ARAB EMIRATES",9714 258 0482
IBN SINA 50 PHARMACY BR OF IBN SINA GROUP PHARMACIES LLC (BIN SINA PHARMACIES),,,,"Financial Center Rd - Za'abeel Za'abeel 2, Za'abeel 2, 
Dubai, UNITED ARAB EMIRATES",9714 229 0991
IBN SINA 53 PHARMACY BR OF IBN SINA GROUP PHARMACIES LLC,,,,"AYKON TOWER AYKON TOWER, AYKON TOWER, 
Dubai, UNITED ARAB EMIRATES",9714 256 5345
IBN SINA 56 PHARMACY BR OF IBN SINA GROUP PHARMACIES LLC,,,,"Arabian Ranches 2 Arabian Ranches, Arabian Ranches, 
Dubai, UNITED ARAB EMIRATES",9714 396 2314
IBN SINA 57 PHARMACY BR OF IBN SINA GROUP PHARMACIES LLC (BIN SINA PHARMACIES),,,,"37 23rd St - 36X2+P5C Galleria Mall - - Al Barsha , Al Barsha 1, 
Dubai, UNITED ARAB EMIRATES",9714 348 2918
IBN SINA 58 PHARMACY (BIN SINA PHARMACIES),,,,"Emaar Square Building 1  PO Box 11245 Emaar Square, Emaar Square, 
Dubai, UNITED ARAB EMIRATES",+97148105888
IBN SINA 59 PHARMACY BR OF IBN SINA GROUP PHARMACIES LLC (BIN SINA PHARMACIES),,,,"Shoreline 9 - The Palm Jumeirah - Dubai Palm Jumei, Palm Jumeirah, 
Dubai, UNITED ARAB EMIRATES",9714 228 5503
IBN SINA 60 PHARMACY (BIN SINA PHARMACIES),,,,"Ranches Souk (Wadi Alsafa 7)  PO Box 11245 Arabian, Arabian Ranches, 
Dubai, UNITED ARAB EMIRATES",+97148105888
IBN SINA 61 PHARMACY BR OF IBN SINA GROUP PHARMACY (BIN SINA PHARMACIES),,,,"Umm Suqaim Mall  Coop  PO Box 11245 Um Suqaim Rd., Um Suqaim Rd., 
Dubai, UNITED ARAB EMIRATES",+97148105888
IBN SINA 62 PHARMACY (BIN SINA PHARMACIES),,,,"Al Salam Town Centre  PO Box 11245 Mudon Al Salam , Mudon Al Salam Community, 
Dubai, UNITED ARAB EMIRATES",+97148105888
IBN SINA 63 PHARMACY BR OF IBN SINA GROUP PHARMACIES LLC (BIN SINA PHARMACIES),,,,"Sheikh Zayed Rd Ibn Battuta Mall - Dubai IBN BATTU, IBN BATTUTA MALL, 
Dubai, UNITED ARAB EMIRATES",9714 575 4893
IBN SINA 64 PHARMACY (BIN SINA PHARMACIES),,,,"Galleria Al Barsha  PO Box 11245 Al Barsha 2, Al Barsha 2, 
Dubai, UNITED ARAB EMIRATES",+97148105888
IBN SINA 65 PHARMACY BR OF IBN SINA GROUP PHARMACIES LLC,,,,"RET-10 915 AL YUFRAH 1 EMAAR DEVELOPMENT PJSC AL Y, AL YUFRAH 1, 
Dubai, UNITED ARAB EMIRATES",97148105952
IBN SINA 67 PHARMACY BR OF IBN SINA GROUP PHARMACIES LLC (BIN SINA PHARMACIES),,,,"Al Khail Rd - Dubai AL KHAIL ROAD, AL KHAIL ROAD, 
Dubai, UNITED ARAB EMIRATES",9714 320 0253
IBN SINA 68 PHARMACY BR OF IBN SINA GROUP PHARMACIES LLC (BIN SINA PHARMACIES),,,,"777 CENTER MALL, Al Wasl Rd - Jumeirah - Jumeirah , Jumeirah, 
Dubai, UNITED ARAB EMIRATES",9714 887 0244
IBN SINA 69 PHARMACY BR OF IBN SINA GROUP PHARMACIES LLC (BIN SINA PHARMACIES),,,,"58H5+F9Q - Mohammed Bin Rashid Al Maktoum City - N, Nad Al Sheba 1, 
Dubai, UNITED ARAB EMIRATES",9714 3260 617
IBN SINA 71 PHARMACY (BIN SINA PHARMACIES),,,,"First Avenue  PO Box 11245 Business Bay, Business Bay, 
Dubai, UNITED ARAB EMIRATES",+97148105888
IBN SINA 72 PHARMACY BR OF IBN SINA GROUP PHARMACIES LLC (BIN SINA PHARMACIES),,,,"The Greens - Dubai The Greens, The Greens, 
Dubai, UNITED ARAB EMIRATES",9714 424 2065
IBN SINA 74 PHARMACY (BIN SINA PHARMACIES),,,,"Nwz West Zone Mall L.L.C.  PO Box 11245 Al Mizhar, Al Mizhar, 
Dubai, UNITED ARAB EMIRATES",+97148105888
IBN SINA 75 PHARMACY (BIN SINA PHARMACIES),,,,"La Presidium  PO Box 11245 Silicon Oasis, Silicon Oasis, 
Dubai, UNITED ARAB EMIRATES",+97148105888
IBN SINA 76 PHARMACY BR OF IBN SINA GROUP PHARMACIES LLC (BIN SINA PHARMACIES),,,,"port De Lamer - Jumeirah 1 - Dubai Jumeirah, Jumeirah, 
Dubai, UNITED ARAB EMIRATES",9714 280 0434
IBN SINA 77 PHARMACY BR OF IBN SINA GROUP PHARMACIES LLC (BIN SINA PHARMACIES),,,,"Beach Vista Emaar Beach Front - The Palm Jumeirah , DUBAI MARINA, 
Dubai, UNITED ARAB EMIRATES",9714 232 2043
IBN SINA 78 PHARMACY (BIN SINA PHARMACIES),,,,"The New Springs Village  PO Box 11245 Spring Villa, Spring Village, 
Dubai, UNITED ARAB EMIRATES",+97148105888
IBN SINA 79 PHARMACY BR OF IBN SINA GROUP PHARMACIES LLC (BIN SINA PHARMACIES),,,,"The Outlet Village by Meraas - Mina Jebel Ali - AE, Jebel Ali, 
Dubai, UNITED ARAB EMIRATES",9714 886 0840
IBN SINA 80 PHARMACY (BIN SINA PHARMACIES),,,,"The Resisdence At Marina Gate 1  PO Box 11245 Mari, Marina Walk, 
Dubai, UNITED ARAB EMIRATES",+97148105888
IBN SINA 81 PHARMACY BR OF IBN SINA GROUP PHARMACIES LLC (BIN SINA PHARMACIES),,,,"36X2+P5C Galleria Mall  - Al Barsha - Al Barsha 2 , Al Barsha 2, 
Dubai, UNITED ARAB EMIRATES",9714 251 6355
IBN SINA 82 PHARMACY BR OF IBN SINA GROUP PHARMACIES LLC (BIN SINA PHARMACIES),,,,"Union Coop - Motor City - Dubai MOTOR CITY, MOTOR CITY, 
Dubai, UNITED ARAB EMIRATES",9714 529 9155
IBN SINA 83 PHARMACY (BIN SINA PHARMACIES),,,,"Sofitel Hotel  PO Box 11245 The Palm, The Palm, 
Dubai, UNITED ARAB EMIRATES",+97148105888
IBN SINA 85 PHARMACY BR OF IBN SINA GROUP PHARMACIES LLC (BIN SINA PHARMACIES),,,,"Seventh Heaven, Al Barari Firm Management Sheikh M, MOHAMMED BIN ZAYED ROAD, 
Dubai, UNITED ARAB EMIRATES",9714 385 4225
IBN SINA 86 PHARMACY BR OF IBN SINA GROUP PHARMACIES LLC (BIN SINA PHARMACIES),,,,"Ras Al Khor - Dubai Creek Harbour - Dubai RAS AL K, RAS AL KHOR, 
Dubai, UNITED ARAB EMIRATES",9714 357 4389
IBN SINA 88 PHARMACY BR OF IBN SINA GROUP PHARMACIES LLC,,,,"67XH+F2G Al Mina Al Mina, Al Mina, 
Dubai, UNITED ARAB EMIRATES",9714 226 9768
IBN SINA 89 PHARMACY BR OF IBN SINA GROUP PHARMACIES LLC (BIN SINA PHARMACIES),,,,"Beside Geant Hypermarket  Al Khawaneej St  Al Khaw, Al Khawaneej 1, 
Dubai, UNITED ARAB EMIRATES",9714 5464606
IBN SINA 90 PHARMACY BR OF IBN SINA GROUP PHARMACIES LLC (BIN SINA PHARMACIES),,,,"Cityland Mall Wadi Al Safa 4Beside Global Village , WADI AL SAFA 4, 
Dubai, UNITED ARAB EMIRATES",971564662432
IBN SINA 91 PHARMACY BR OF IBN SINA GROUP PHARMACIES LLC (BIN SINA PHARMACIES),,,,"Business Central Towers - Al Sufouh - Dubai Intern, Dubai Internet City, 
Dubai, UNITED ARAB EMIRATES",9714 296 7916
IBN SINA 92 PHARMACY BR OF IBN SINA GROUP PHARMACIES LLC (BIN SINA PHARMACIES),,,,"Trade Centre - Trade Centre 1 Sheikh Zayed Rd Shei, Sheikh Zayed Rd, 
Dubai, UNITED ARAB EMIRATES",9714 250 6121
IBN SINA 93 PHARMACY BR OF IBN SINA GROUP PHARMACIES LLC (BIN SINA PHARMACIES),,,,"47F6+95 Dubai hills estate, Golf suites - Dubai DU, DUBAI HILLS, 
Dubai, UNITED ARAB EMIRATES",9714 224 6826
IBN SINA 94 PHARMACY BR OF IBN SINA GROUP PHARMACIES LLC (BIN SINA PHARMACIES),,,,"Terminal 2 - Arrivals, Landside - Al Quds St Al Qu, Al Quds St, 
Dubai, UNITED ARAB EMIRATES",971 4 8105952
IBN SINA 95 PHARMACY BR OF IBN SINA GROUP PHARMACIES LLC (BIN SINA PHARMACIES),,,,"Souq Extra -  Al Quoz 1 - Dubai Al Quoz, Al Quoz, 
Dubai, UNITED ARAB EMIRATES",9714 320 1644
IBN SINA 96 PHARMACY BR OF IBN SINA GROUP PHARMACIES LLC (BIN SINA PHARMACIES),,,,"Al Meydan Rd - Al Quoz - Al Quoz 2Souq Extra - 17 , AL QUOZ, 
Dubai, UNITED ARAB EMIRATES",971564662432
IBN SINA 97 PHARMACY BR OF IBN SINA GROUP PHARMACIES LLC (BIN SINA PHARMACIES),,,,"Dubai Design District Dubai Design District, Dubai Design District, 
Dubai, UNITED ARAB EMIRATES",9714 876 1001
IBN SINA 98 PHARMACY BR OF IBN SINA GROUP PHARMACIES LLC (BIN SINA PHARMACIES),,,,"Dubai Festival City 1ST Floor, Shop AT030 Dubai Fe, Dubai Festival City, 
Dubai, UNITED ARAB EMIRATES",9714 232 5234
IBN SINA 99 PHARMACY BR OF IBN SINA GROUP PHARMACIES LLC (BIN SINA PHARMACIES),,,,"Mercato Shopping Mall, Jumeirah 1 Ground Floor, Ne, Jumeirah Beach Road, 
Dubai, UNITED ARAB EMIRATES",9714 340 0296
IBN SINA GROUP PHARMACIES L L BR 32 (BIN SINA PHARMACIES),,,,"Ibn Batuta Mall Sheikh Zayed Road, PO Box 11245 Je, Jebel Ali, 
Dubai, UNITED ARAB EMIRATES",+97148105888
IBN SINA GROUP PHARMACIES LLC,,,,"Al Razi Building  64 Block A Sulaiman Al Habib Cli, Oud Metha, 
Dubai, UNITED ARAB EMIRATES",9714 242 7835
IBN SINA GROUP PHARMACIES LLC BRANCH,,,,"497Q V3R Dubai Silicon Oasis Dubai Silicon Oasis, Dubai Silicon Oasis, 
Dubai, UNITED ARAB EMIRATES",9714 320 1644
IBN SINA GROUP PHARMACIES LLC EXPO CITY DUBAI BRANCH,,,,"X552+QRH Expo City Expo City, Expo City, 
Dubai, UNITED ARAB EMIRATES",9714 398 2759
IBN SINA MEDICAL CENTRE,,,,"New Almanara Pharmacy Building  Floor  MEZZ  Zayed, 
Abu Dhabi, UNITED ARAB EMIRATES",+97126816400
IBN SINA PHARAMCY SOLE PROPRIETORSHIP LLC BRANCH 10 (BIN SINA PHARMACIES),,,,"8F74+X2 - Muwaileh Commercial - Al Zahia - Sharjah, Al Zahia, 
Sharjah, UNITED ARAB EMIRATES",9716 885 3144
IBN SINA PHARAMCY SOLE PROPRIETORSHIP LLC BRANCH 11,,,,"Muwaileh Commercial Aljada, Boulevard 1 Muwaileh, Muwaileh, 
Sharjah, UNITED ARAB EMIRATES",9716 740 6056
IBN SINA PHARAMCY SOLE PROPRIETORSHIP LLC BRANCH 12,,,,"Corniche Plaza 2 Buhaira Corniche Street, PO Box 1, Majaz, 
Sharjah, UNITED ARAB EMIRATES",9716 572 6885
IBN SINA PHARAMCY SOLE PROPRIETORSHIP LLC BRANCH 15,,,,"9CVF+V5F Sharjah Sharjah, Sharjah, 
Sharjah, UNITED ARAB EMIRATES",9716 5772944
IBN SINA PHARAMCY SOLE PROPRIETORSHIP LLC BRANCH 17,,,,"Maziraa behind Al Rahmaniyah Street Sharjah, Sharjah, 
Sharjah, UNITED ARAB EMIRATES",9714 810 5952
IBN SINA PHARAMCY SOLE PROPRIETORSHIP LLC SHJ BR BRANCH 14,,,,"79XF 4GM Al Nahda 1 Nahda 1, Nahda 1, 
Sharjah, UNITED ARAB EMIRATES",9716 595 7782
IBN SINA PHARMACY (BIN SINA PHARMACIES),,,,"Dubai Tower Bldg, Floor: GROUND, Nasser Square, PO, Deira, 
Dubai, UNITED ARAB EMIRATES",+97148105888
IBN SINA PHARMACY 31 (BIN SINA PHARMACIES),,,,"Aswaq Mall Al Mizhar, PO Box 11245 Nad Al Hamar, Nad Al Hamar, 
Dubai, UNITED ARAB EMIRATES",+97148105888
IBN SINA PHARMACY 66 (BIN SINA PHARMACIES),,,,"(Al Razi Building Dubai Healthcare City Br 3, PO B, Oud Metha, 
Dubai, UNITED ARAB EMIRATES",9714 422 8832
IBN SINA PHARMACY 84 BR OF IBN SINA GROUP PHARMACIES LLC,,,,"5969+5WW Nad Al Sheba Nad Al Sheba 3, Nad Al Sheba 3, 
Dubai, UNITED ARAB EMIRATES",9714 266 4414
IBN SINA PHARMACY LLC (BIN SINA PHARMACIES),,,,"Marina Mall  PO Box 11245, 
Abu Dhabi, UNITED ARAB EMIRATES",+97148105888
IBN SINA PHARMACY LLC AL DANA PLAZA BRANCH (BIN SINA PHARMACIES),,,,"Al Dana Plaza Khalediyya St, PO Box 11245, 
Abu Dhabi, UNITED ARAB EMIRATES",+97148105888
IBN SINA PHARMACY LLC BRANCH 12 (BIN SINA PHARMACIES),,,,"Paragon Mall Hazza Bin Zayed The First St, PO Box , 
Abu Dhabi, UNITED ARAB EMIRATES",+97148105888
IBN SINA PHARMACY LLC BRANCH 17 (BIN SINA PHARMACIES),,,,"Al Falah Village 2  PO Box 11245, 
Abu Dhabi, UNITED ARAB EMIRATES",+97148105888
IBN SINA PHARMACY LLC BRANCH 2 (BIN SINA PHARMACIES),,,,"Jimi Mall  PO Box 11245, 
Al Ain, UNITED ARAB EMIRATES",+97148105888
IBN SINA PHARMACY LLC BRANCH 3 (BIN SINA PHARMACIES),,,,"Building No. 3 Khalifa City, PO Box 11245 Market A, Market Area, 
Abu Dhabi, UNITED ARAB EMIRATES",+97148105888
IBN SINA PHARMACY LLC BRANCH 4 (BIN SINA PHARMACIES),,,,"Al Muroor Bin Sina Muroor St PO Box 11245 Coop Bld, Coop Bldg, 
Abu Dhabi, UNITED ARAB EMIRATES",+97148105888
IBN SINA PHARMACY LLC OPC (BIN SINA PHARMACIES),,,,"Mall - Sheikh Mohammad Bin Salem Road Ground Floor, Al Hamra Village, 
Ras Al Khaimah, UNITED ARAB EMIRATES",971564647472
IBN SINA PHARMACY LLC OPC BRANCH 1 (BIN SINA PHARMACIES),,,,"Shop 46, Ground Floor, Al Naeem City Center - Al D, Al Dhait North, 
Ras Al Khaimah, UNITED ARAB EMIRATES",971564647472
IBN SINA PHARMACY LLC OPC BRANCH 2 (BIN SINA PHARMACIES),,,,"Grove Village -Khuzam  Al Quawasim Croniche Rd Al , Al Quawasim, 
Ras Al Khaimah, UNITED ARAB EMIRATES",971564647472
IBN SINA PHARMACY LLC OPC BRANCH 3 (BIN SINA PHARMACIES),,,,"Manar Mall -Dafan Al Nakheel Al Muntasir Rd - Ras , Al Nakheel, 
Ras Al Khaimah, UNITED ARAB EMIRATES",971564647472
IBN SINA PHARMACY LLC OPC BRANCH 4,,,,"PW93 622 Sheikh Khalifa City RAK Sheikh Khalifa Ci, Sheikh Khalifa City, 
Ras Al Khaimah, UNITED ARAB EMIRATES",9717 223 1090
IBN SINA PHARMACY LLC OPC BRANCH 5,,,,"Ghalilah Ghalilah, Ghalilah, 
Ras Al Khaimah, UNITED ARAB EMIRATES",9714 810 5952
IBN SINA PHARMACY LLC SHARJAH BRANCH (BIN SINA PHARMACIES),,,,"BSP-Sharjah HCC? Sharjah Healthcare City - Al Abar, Halwan Suburb, 
Sharjah, UNITED ARAB EMIRATES",9716 538 8357
IBN SINA PHARMACY SOLE PROPRIETORSHIP LLC BRANCH (BIN SINA PHARMACIES),,,,"Building, Crown Prince Court 2nd St - Al Tiwayya -, Al Tiwayya, 
Abu Dhabi, UNITED ARAB EMIRATES",971564647472
IBN SINA PHARMACY SOLE PROPRIETORSHIP LLC BRANCH 01,,,,"City Center Ajman Al Ittihad St Al Jerf 2, Al Jerf 2, 
Ajman, UNITED ARAB EMIRATES",9714 810 5952
IBN SINA PHARMACY SOLE PROPRIETORSHIP LLC BRANCH 1 (BIN SINA PHARMACIES),,,,"Kalba Mall - Sharjah KALBA, KALBA, 
Sharjah, UNITED ARAB EMIRATES",9719 234 1273
IBN SINA PHARMACY SOLE PROPRIETORSHIP LLC BRANCH 10 (BIN SINA PHARMACIES),,,,"16th St Ground Floor, Capital Mall, Mohammed Bin Z, Musaffah, 
Abu Dhabi, UNITED ARAB EMIRATES",971564647472
IBN SINA PHARMACY SOLE PROPRIETORSHIP LLC BRANCH 11,,,,"First Floor Wahat Hili Mall - Abu Dhabi HILI MALL, HILI MALL, 
Abu Dhabi, UNITED ARAB EMIRATES",03 784 3975
IBN SINA PHARMACY SOLE PROPRIETORSHIP LLC BRANCH 16 (BIN SINA PHARMACIES),,,,"Silver Tower - Al Danah - Zone 1 - Abu Dhabi Al Da, Al Danah - Zone 1, 
Abu Dhabi, UNITED ARAB EMIRATES",971564647472
IBN SINA PHARMACY SOLE PROPRIETORSHIP LLC BRANCH 18 (BIN SINA PHARMACIES),,,,"New Al Falah, Al Falah Village 3, Sector C Shop G1, New Al Falah, 
Abu Dhabi, UNITED ARAB EMIRATES",971564647472
IBN SINA PHARMACY SOLE PROPRIETORSHIP LLC BRANCH 20 (BIN SINA PHARMACIES),,,,"West - Street Number 7,Corniche Road - Corniche Rd, Corniche Road, 
Abu Dhabi, UNITED ARAB EMIRATES",971564647472
IBN SINA PHARMACY SOLE PROPRIETORSHIP LLC BRANCH 26 (BIN SINA PHARMACIES),,,,"Souq Al jami Sheikh Zayed Grand Mosque Rd - Al Kha, Sheikh Zayed Grand Mosque Rd, 
Abu Dhabi, UNITED ARAB EMIRATES",971564647472
IBN SINA PHARMACY SOLE PROPRIETORSHIP LLC BRANCH 27 (BIN SINA PHARMACIES),,,,"Yas Island - Al Maha St YAS ISLAND, YAS ISLAND, 
Abu Dhabi, UNITED ARAB EMIRATES",971564647472
IBN SINA PHARMACY SOLE PROPRIETORSHIP LLC BRANCH 3 (BIN SINA PHARMACIES),,,,"Building SS2-Shop 008 - Al Mamsha communityUnivers, Muwaileh COMMERCIAL, 
Sharjah, UNITED ARAB EMIRATES",9716 548 3386
IBN SINA PHARMACY SOLE PROPRIETORSHIP LLC BRANCH 7 (BIN SINA PHARMACIES),,,,"Mall - First Floor - Bawabat Al Sharq - Abu Dhabi , BAWABAT SHARQ, 
Abu Dhabi, UNITED ARAB EMIRATES",971564647472
IBN SINA PHARMACY SOLE PROPRIETORSHIP LLC BRANCH AL QANA (BIN SINA PHARMACIES),,,,"Al qana street - Rabdan - Abu Dhabi RADAN, RADAN, 
Abu Dhabi, UNITED ARAB EMIRATES",971564647472
IBN SINA PHARMACY SOLE PROPRIETORSHIP LLC BRANCH ALCORNICHE (BIN SINA PHARMACIES),,,,"F8CR+Q28 BSP-Corniche ADH -- Al Bateen - W10 Corni, Corniche St, 
Abu Dhabi, UNITED ARAB EMIRATES",971564647472
IBN SINA PHARMACY SOLE PROPRIETORSHIP LLC BRANCH ALMUSAFAH (BIN SINA PHARMACIES),,,,"NPCC - Musaffah - Abu Dhabi Musaffah, Musaffah, 
Abu Dhabi, UNITED ARAB EMIRATES",971564647472
IBN SINA PHARMACY SOLE PROPRIETORSHIP LLC BRANCH GLOBAL CARE (BIN SINA PHARMACIES),,,,"Building 419 - West 14-1 - Al Manhal - Abu Dhabi A, Al Manhal, 
Abu Dhabi, UNITED ARAB EMIRATES",971564647472
IBN SINA PHARMACY SOLE PROPRIETORSHIP LLC FUJAIRAH BRANCH 3,,,,"BSP Naser Khammas Building Awtad Tower Fuj Fujaira, Fujairah, 
Fujairah, UNITED ARAB EMIRATES",9719 277 1900
IBN SINA PHARMACY SOLE PROPRIETORSHIP LLC SHJ BR 6 (BIN SINA PHARMACIES),,,,"City Centre Al Zahia - Sharjah Al Zahia, Al Zahia, 
Sharjah, UNITED ARAB EMIRATES",9716 555 0534
IBN SINA PHARMACY SOLE PROPRIETORSHIP LLC SHJ BR 7 (BIN SINA PHARMACIES),,,,"Rahmania Mall - Al Rahmaniya Suburb - Kshishah 6 -, Kshishah 6, 
Sharjah, UNITED ARAB EMIRATES",9716 530 0039
IBN SINA PHARMACY SOLE PROPRIETORSHIP LLC SHJ BR BRANCH 2 (BIN SINA PHARMACIES),,,,"Zero 6 Mall - University City Road, - Sharjah Univ, University City Road, 
Sharjah, UNITED ARAB EMIRATES",+971 54 5162856
IBN SINA PHARMACY SOLE PROPRIETORSHIP LLC SHJ BR BRANCH 4,,,,"G flr Mega Mall Al Estiqlal Street, PO Box 11245 B, Bu Danig, 
Sharjah, UNITED ARAB EMIRATES",9716 574 4066
IBN SINA PHARMACY SOLE PROPRIETORSHIP LLC SHJ BR BRANCH 9 (BIN SINA PHARMACIES),,,,"near by Victoria School - Al Suyoh Suburb - Tilal , Tilal, 
Sharjah, UNITED ARAB EMIRATES",9716 551 4460
IBN SINA PHARMACY SOLE PROPRIETORSHIP LLC SPC FUJAIRAH BRANCH 1 (BIN SINA PHARMACIES),,,,"AL TAIF MAAL - Fujairah City Center - Fujairah 98 , Shk. Hamad Bin Abdullah Al Sharqi St, 
Fujairah, UNITED ARAB EMIRATES",971564647472
IBN SINA PHARMACY SOLEPROPRIETORSHIP LLC SHJ BRANCH (BIN SINA PHARMACIES),,,,"Sharjah International Airport - Sharjah Sharjah In, Sharjah International Airport, 
Sharjah, UNITED ARAB EMIRATES",9716 564 1565
IBN SINA SCIENTIFIC PHARMACY BR OF IBN SINA GROUP PHARMACIES (BIN SINA PHARMACIES),,,,"Spinneys, Layan Community, Layan 27JM+Q3W, Ground , Layan Community, 
Dubai, UNITED ARAB EMIRATES",9714 458 0211
IBN SINA SOLEPROPRIETORSHIP LLC SHJ BR 13,,,,"8GF3+6J4  Road Sharjah International Airport Saif , Saif Zone, 
Sharjah, UNITED ARAB EMIRATES",9716 573 2568
IBRAHIM ABBARA DERMATOLOGY VENEREOLOGY CLINIC,,,,"Otaiba Center Bldg Same Bldg Of Dubai Al Diyafah S, Al Satwa, 
Dubai, UNITED ARAB EMIRATES",+97143988853
IBRAHIM BIN HAMAD OBAIDALLAH HOSPITAL,,,,"AL HUDAIBAH STREET AL HUDIABAH ST, AL HUDIABAH ST, 
Ras Al Khaimah, UNITED ARAB EMIRATES",07 2465500
ICARE AL REFFA BR OF EXCEL HEALTHCARE LLC,,,,"Al Raffa C Khalifa Juma Saeed Al Nabboda  Floor  G, Mankhool, 
Dubai, UNITED ARAB EMIRATES",+97143872510
ICARE AL REFFA BR OF EXCEL HEALTHCARE LLC PHARMACY,,,,"AL Raffa C- Khalifa Juma Saeed Al Nabboda AL Reffa, Mankhool, 
Dubai, UNITED ARAB EMIRATES",9714-3872555
ICARE GARDEN BR OF EXCEL HEALTHCARE LLC,,,,"Building No. 18  Zen Cluster  1 Near Ibn Battuta M, Discovery Gardens, 
Dubai, UNITED ARAB EMIRATES",+97144522242
ICARE OASIS BRANCH OF EXCEL HEALTHCARE,,,,"Oasis Centre Sheikh Zayed Road, PO Box 25030 Al Qo, Al Qouz, 
Dubai, UNITED ARAB EMIRATES",+97143847272
IDEAL CLINICAL LABORATORIES,,,,"C   44 1 And 4  Floor  MEZANINE  Sabiyah  10  PO B, Musaffah, 
Abu Dhabi, UNITED ARAB EMIRATES",+97125558448
IDEAL DIAGNOSTIC CENTRE,,,,"Khalid Al Attar Bldg Floor: First103, Khalifa Bin , Bur Dubai, 
Dubai, UNITED ARAB EMIRATES",+97143979255
IMC MEDICAL CENTER LLC,,,,"F43 Al Barsha Mall, Floor: FIRST,  PO Box 181127 A, Al Barsha  2, 
Dubai, UNITED ARAB EMIRATES",+97143320007
IMPERIAL HEALTHCARE INSTITUTE,,,,"Ibn Sina Building Oud Metha, PO Box 505133 Dubai H, Dubai Healthcare City, 
Dubai, UNITED ARAB EMIRATES",+97144393737
INDIAN PHARMACY RAK,,,,"Sheikh Omer Bin Saqr Al Qasi Bldg, Floor: 1ST FLOO, 
Ras Al Khaimah, UNITED ARAB EMIRATES",07-2333951
INNOVATION FAMILY PHARMACY LLC,,,,"Corner Teslaama St - Umm Suqeim, Jumeirah 3 Jumeir, Jumeirah, 
Dubai, UNITED ARAB EMIRATES",04-3417924
INNOVATION FAMILY POLYCLINIC AE,,,,"Clinic No. 632 A, Malak Khalifa Daen Abd Al Muhair, UM SUQEIM AL WALI, 
Dubai, UNITED ARAB EMIRATES",
INTERCARE HEALTH CENTER LLC,,,,"Villa   B35 Marina Village, Marina Village, 
Abu Dhabi, UNITED ARAB EMIRATES",+97126390080
INTERNATIONAL MODERN HOSPITAL DUBAI,,,,"International Modern Hospital Dubai, Floor: First,, Al Mankhool, 
Dubai, UNITED ARAB EMIRATES",+97143988888
INTERNATIONAL PHARMACY,,,,"Al Rumaithy Bldg, Floor: SHOP1, Sheikh Khalifa Str, 
Abu Dhabi, UNITED ARAB EMIRATES",+97126261400
INTERNATIONAL RADIOLOGY CENTRE,,,,"Crystal Plaza  Flat 101  Floor  1  Corniche Al Buh, Buhaira, Office Tower, 
Sharjah, UNITED ARAB EMIRATES",+97165738088
INTERNATIONAL SPECIALIST MEDICAL CENTRE,,,,"Mohd Shafiq Rana Bldg, Floor: 1ST, Kuwait Road, PO, Nuaimia Area, 
Ajman, UNITED ARAB EMIRATES",+97167463400
INTERNATIONAL SPECIALITY MEDICAL CENTER DAY CARE SURGERY,,,,"Ahmed Abdulla Al Moosa Villa 5, Floor: FIRST, Jume, Jumeirah, 
Dubai, UNITED ARAB EMIRATES",+97143441142
IQRA PHARMACY,,,,"Opp. Al Futtaim Mosque  Dr.Moopens Bldg  Floor  Gr, Deira, 
Dubai, UNITED ARAB EMIRATES",+97142289164
ISHAQ BIN OMRAN MEDICAL CENTER LLC,,,,"IBO Medical Center BuildingG-11586Sheikh Salem Al , AL QARAYEN, 
Sharjah, UNITED ARAB EMIRATES",97143834444
ITALIAN DENTAL CLINIC FZ LLC,,,,"Flat 1 Building 33, Floor: FIRST, 26th, PO Box 505, Dubai Healthcare City, 
Dubai, UNITED ARAB EMIRATES",+97144580040
ITTIHAD MEDICAL CENTRE,,,,"Bank Saderat Iran Building   Floor  1st Floor  Air, New Central Market Hamdan, 
Abu Dhabi, UNITED ARAB EMIRATES",+97126226611
JABAL ALI GARDENS PHARMACY BR OF AL SHAFAR PH,,,,"Jebel Ali Gardens Pharmacy  Floor  G  Behind Ibn B, Jebel Ali, 
Dubai, UNITED ARAB EMIRATES",+97148820808
JADAF LIFE PHARMACY BR OF LIFE PHARMACY LLC,,,,"Retail 1  Riah Towers  PO Box 71246 Culture Villag, Culture Village, Al Jeddaf, 
Dubai, UNITED ARAB EMIRATES",+97143441122
JANAH PHARMACY,,,,"Alaswar Bldg.  Near Fine Fair  Al Butheena  PO Box, Butina, 
Sharjah, UNITED ARAB EMIRATES",+97165643980
JANAH PHARMACY FZ LLC,,,,"SHOP-2 SHOP-2, AL WALEED GARDEN 2, AL JADDAF, DUBA, AL JADDAF, 
Dubai, UNITED ARAB EMIRATES",97145700331
JANAH PHARMACY LLC AJMAN,,,,"AL OSOOL REAL ESTATE BUILDING GROUND FLOOR AL OSOO, HELIO 2, 
Ajman, UNITED ARAB EMIRATES",97165680622
JANIN PHARMACY,,,,"King Faisal Street, 
Sharjah, UNITED ARAB EMIRATES",+97165723255
JANSONS MEDICAL CENTRE,,,,"Khayber Building  Floor  G  Bollywood Shop Buildin, Bur Dubai, 
Dubai, UNITED ARAB EMIRATES",+97143939011
JANSONS STARS POLYCLINIC,,,,"Easa Saleh Al Gurg Building  Floor  1st FLOOR   Kh, Bur Dubai, 
Dubai, UNITED ARAB EMIRATES",+97143933280
JAVIDA MEDICAL CENTER LLC,,,,"Showroom 1 & 2 AMA Commercial Building Ground Floo, RAS ALKHOR, 
Dubai, UNITED ARAB EMIRATES",04 347 7870
JBR BAHAR PHARMACY EST,,,,"Shop P25  Bahar Tower 4 Near Al Maya, Near Al Maya, 
Dubai, UNITED ARAB EMIRATES",+97143441122
JBR LIFE PHARMACY,,,,"Shop No.14  Amwaj Rotana Plaza Level  PO Box 71246, Dubai Marina, 
Dubai, UNITED ARAB EMIRATES",+97143441122
JBR LIFE PHARMACY 2 BR OF LIFE PHARMACY LLC,,,,"Shop No 2406 The Beach  Floor  GROUND   PO Box 712, Jbr, 
Dubai, UNITED ARAB EMIRATES",+97143441122
JBR MURJAN PHARMACY EST,,,,"Shop P57 Murjan Tower 2, 
Dubai, UNITED ARAB EMIRATES",+97143441122
JBR SADAF PHARMACY EST,,,,"Shop P32  Sadaf Tower 2 Near Al Maya Supermarket, , Near Al Maya Supermarket, Jbr, 
Dubai, UNITED ARAB EMIRATES",+97143441122
JBR SHAMS PHARMACY LLC,,,,"Shp   Pt24  Shams Tower 1, 
Dubai, UNITED ARAB EMIRATES",+97143441122
JEBEL ALI EMERGENCY AND TRAUMA CENTER,,,,"International Humanitarian City, International Humanitarian City, 
Dubai, UNITED ARAB EMIRATES",00971 80060
JESR AL SHIFA PHARMACY LLC,,,,"AL NAHDA, AL NAHDA, 
Sharjah, UNITED ARAB EMIRATES",97165242042
JISR PHARMACY RAK,,,,"Salem Khatri Bldg, Floor: Ground, Corniche Road, P, Near R.A.K. Bridge, 
Ras Al Khaimah, UNITED ARAB EMIRATES",+97172337271
JOSEPH PHARMACY,,,,"Al Jaber Building  Floor  1ST FLOOR  Next To Al Ki, Al Karama, 
Dubai, UNITED ARAB EMIRATES",+97143541664
JOSEPHS QUSAIS POLYCLINIC BR OF AMBER CLINICS,,,,"New Total Supermarket Building & Naseem  Floor  FI, Al Qusais 1, 
Dubai, UNITED ARAB EMIRATES",+97142636767
JOURN YAFOUR MEDICAL CENTER,,,,"Abu Dhabi, UNITED ARAB EMIRATES",+97125853349
JTS MEDICAL CENTER LLC,,,,"Jumeira Terrace, Floor: 1, 2nd Of December Street,, Jumeirah, 
Dubai, UNITED ARAB EMIRATES",+97143799954
JULPHAR HEALTH CENTER,,,,"Julfar (Julfar?Tower area) Julfar street near the , JULPHAR TOWER, 
Ras Al Khaimah, UNITED ARAB EMIRATES",9717 2233313
JUMAN PEARLS DENTAL CLINIC,,,,"Heidelberg Building, Floor: MEZZANINE, Sultan Bin , Al Muroor, 
Abu Dhabi, UNITED ARAB EMIRATES",+97124484647
JUMEIRAH AMERICAN CLINIC,,,,"Jumeirah American Clinic  Floor  1  Jumeirah Beach, Jumeriah, 
Dubai, UNITED ARAB EMIRATES",+97143444100
JUMEIRAH BETTER LIFE PHARMACY,,,,"No.4 Building M1  Amsa Near Al Khail Road  PO Box , Jumeirah Village Circle, 
Dubai, UNITED ARAB EMIRATES",+97144472086
JUNAID PHARMACY,,,,"New Bldg No 1  Floor  GROUND FLO  Western Region  , 
Abu Dhabi, UNITED ARAB EMIRATES",+97128822844
JUNAID PHARMACY BRANCH 1,,,,"Shop 1  Bldg No 313  Floor  GROUND FLO  Street 36 , Musaffah, 
Abu Dhabi, UNITED ARAB EMIRATES",+97125529944
JUPITER AL NAHDA POLYCLINIC,,,,"Trio 3 Building  Floor  GROUND  ??19 A Street   Am, Al Nahda 2, 
Dubai, UNITED ARAB EMIRATES",+97142344429
JUPITER AL QUSAIS POLYCLINIC LLC,,,,"Al Mazoon Building  Office   209  Floor  2nd Floor, Al Qusais 2, 
Dubai, UNITED ARAB EMIRATES",+97142630987
JUPITER SPECIALTY MEDICAL CENTER,,,,"Villa No 108 ??Next To Al Karama Metro Station???S, Mankhool, 
Dubai, UNITED ARAB EMIRATES",+97143866330
JVC LIFE PHARMACY LLC,,,,"Shop   Gs3 Opp To Bluemart Supermarket United Arab, Emirates Garden Ii- Mulberry, Jvc, 
Dubai, UNITED ARAB EMIRATES",+97143441122
JVT LIFE PHARMACY LLC,,,,"G 02 G 03  Near Milestone Supermarket United Arab , Imperial Residence Tower, Jvt, 
Dubai, UNITED ARAB EMIRATES",+97143441122
KADRA HEALTH CENTER,,,,"364?Kadra Road next to the police station Kadrah, Kadrah, 
Ras Al Khaimah, UNITED ARAB EMIRATES",9716 8838803
KALBAA HOSPITAL,,,,"Kalba road Kalbaa, Kalbaa, 
Sharjah, UNITED ARAB EMIRATES",+97192030211
KANAD HOSPITAL,,,,"Kanad Hospital Hessa Bint Mohammad St, PO Box 1016, Al Mutawaa, 
Al Ain, UNITED ARAB EMIRATES",+97137131159
KARAMA LIFE PHARMACY BR OF LIFE PHARMACY LLC,,,,"Shop No. 1 & 2  Al Karama Building  PO Box 71246 A, Al Karama, 
Dubai, UNITED ARAB EMIRATES",+97143441122
KARAMA MEDICAL CENTER BR BURJUMAN,,,,"Al Yateem Building, Shop No. 1 & 2, Floor: GROUND,, Near Burjuman Metro Station, Backside Of Bonanza, 
Dubai, UNITED ARAB EMIRATES",+97143335502
KARAMA MEDICAL CENTRE,,,,"Arif & Bintoak Building, Floor: RTGF06, Al Karama,, Al Karama, 
Dubai, UNITED ARAB EMIRATES",+97143535248
KARAMA MEDICAL CENTRE AL QUOZ,,,,"Grand City Mall  Floor  MEZZANINE  Al Quoz Industr, Industrial Area, 
Dubai, UNITED ARAB EMIRATES",+97143357355
KARAMA MEDICAL CENTRE AL QUOZ MALL BR,,,,"Al Quoz Mall, Floor: GROUND FLO, 17 B Street, PO B, Al Quoz Industrial Area 3, 
Dubai, UNITED ARAB EMIRATES",+97143306040
KARAMA MEDICAL CENTRE BR MUHAISNAH,,,,"Jiwin Staff Accommodation Opp To Dubai Municipalit, Muhaisnah, 
Dubai, UNITED ARAB EMIRATES",+97142385191
KARAMA MEDICAL CENTRE BRANCH,,,,"Shop 41 & 42  New West Zone Mall  Floor  GROUND   , Al Quoz Industrial Area 3, 
Dubai, UNITED ARAB EMIRATES",+97143366889
KARAMA MEDICAL CENTRE DIP,,,,"Park Shopping Centre, Floor: MEZZANINE, Park Shopp, Dubai Investment Park 1, 
Dubai, UNITED ARAB EMIRATES",+97148895581
KARAMA MEDICAL CENTRE JUMEIRAH VILLAGE,,,,"Amsa No.4 Building M1  Amsa  PO Box 52001, Jumeira, Jumeirah Village Circle, 
Dubai, UNITED ARAB EMIRATES",+97144229867
KARAMA ONE PHARMACY,,,,"Al Karama, 
Dubai, UNITED ARAB EMIRATES",+97143441122
KEDAR DENTAL CENTRE,,,,"BUKHAMSEEN TOWER BUHAIRA CORNICHE. SHARJAH108 109 , CORNICHE, 
Sharjah, UNITED ARAB EMIRATES",97165544001
KHALADIYA URGENT CARE CENTER,,,,"King Khalid Bin Abdu Aziz Street, PO Box 51900 Nex, Next To Khalidiya Mall, 
Abu Dhabi, UNITED ARAB EMIRATES",+97128191450
KHALID BIN AL WALEED PHARMACY,,,,"Mohammed Rashed Musbah Alrumathy, Floor: GROUND, E, East Area, 
Abu Dhabi, UNITED ARAB EMIRATES",+97126744661
KHALIDHA MEDICAL CENTRE LLC,,,,"Shehar E Karachi Restaurant Building  Floor  FIRST, Al Quoz 4, 
Dubai, UNITED ARAB EMIRATES",+97143381947
KHALIDHA PHARMACY LLC,,,,"Shehar E Karachi Restaurant Building  Floor  GROUN, Al Quoz 4, 
Dubai, UNITED ARAB EMIRATES",+97143952885
KHALIDIYA LULU PHARMACY L L C BRANCH 2,,,,"Near Lulu Express Hidd Al Saadiyat, Hidd Al Saadiyat, 
Abu Dhabi, UNITED ARAB EMIRATES",
KHALIFA A HEALTH CENTER,,,,"Street   16  Khalifa City A  PO Box 51904, 
Abu Dhabi, UNITED ARAB EMIRATES",+97125561695
KHAT HEALTH CENTER,,,,"Khatt Springs Road Khatt, Khatt, 
Ras Al Khaimah, UNITED ARAB EMIRATES",9717 2448367
KHORFAKKAN HOSPITAL,,,,"KHORFAKKAN RD PO Box 10449 KHORFAKKAN RD, KHORFAKKAN RD, 
Sharjah, UNITED ARAB EMIRATES",+97192370333
KIDS NEURO CLINIC AND REHAB CENTER FZ LLC,,,,"Al Razi Medical Complex Building 64  Floor  1ST FL, Dubai Healthcare City, 
Dubai, UNITED ARAB EMIRATES",+97145570326
KIDSHEART MEDICAL CENTER FZ LLC,,,,"Building 27  Ibn Sina Medical Complex  Floor  6  O, Dubai Healthcare City, 
Dubai, UNITED ARAB EMIRATES",+97144529970
KIMS MEDICAL CENTRE LLC,,,,"Al Dosari Bldg  Salahuddin Road  PO Box 82909 Deir, Deira, 
Dubai, UNITED ARAB EMIRATES",+97142624500
KIMS PHARMACY LLC,,,,"Kims Pharmacy Salahuddin Road, PO Box 82909 Deira, Deira, 
Dubai, UNITED ARAB EMIRATES",+97142209434
KINGS COLLEGE HOSPITAL DIABETES CENTRE CLINIC,,,,"Park Heights 2 , Dubai Hills, Dubai Park Heights 2, Park Heights 2, 
Dubai, UNITED ARAB EMIRATES",+971507727445
KINGS COLLEGE HOSPITAL LONDON,,,,"Al Khail Road Al Marabea Steet, PO Box 340901 Duba, Dubai Hills, 
Dubai, UNITED ARAB EMIRATES",+97145199999
KINGS COLLEGE HOSPITAL LONDON MEDICAL CENTRE MUDON,,,,"Mudon Community Center MUDON, MUDON, 
Dubai, UNITED ARAB EMIRATES",04-5199770
KINGS COLLEGE HOSPITAL LONDON MEDICAL CENTRE PHARMACY MARINA,,,,"The Residences at Marina Gate 1, Floor 1, Dubai Ma, Dubai Marina, 
Dubai, UNITED ARAB EMIRATES",97143789555
KINGS COLLEGE HOSPITAL MEDICAL CENTRE DUBAI MARINA,,,,"The Residences, Floor: FIRST, Marina Gate District, Dubai Marina, 
Dubai, UNITED ARAB EMIRATES",+97145813222
KINGS COLLEGE HOSPITAL MEDICAL CENTRE UM SUQEIM,,,,"Al Kharbash Building, Floor: SECOND, Billqetair St, Umm Suqeim 1, 
Dubai, UNITED ARAB EMIRATES",+97143789555
KINGS COLLEGE HOSPITAL PHYSIOTHERAPY CENTRE,,,,"Dubai Hills, Dubai Hills, 
Dubai, UNITED ARAB EMIRATES",
KINGS COLLEGE LONDON MEDICAL CENTRE JUMEIRAH PHARMACY,,,,"Al Kharbash Building Billqetair Street 37b St Umm , Jumeirah, 
Dubai, UNITED ARAB EMIRATES",+97143789555
KLINIKA DENTAL CLINIC LLC,,,,"310 THE ELITE BUSINESS CENTER AL BARSHA 1 AL BARSH, AL BARSHA 1, 
Dubai, UNITED ARAB EMIRATES",04 347 4339
KNIGHTS PHARMACY LLC ABU DHABI,,,,"Salem Owida Alkhaily Bldg Floor: GF, Airport Road,, Baby Shop Hsbc Bank, 
Abu Dhabi, UNITED ARAB EMIRATES",+97126767966
KOREHAB CLINIC FZ LLC,,,,"Al Razi Complex Building No. 64  Block F  Ground F, Dubai healthcare City, 
Dubai, UNITED ARAB EMIRATES",04 243 3115
KUWAITI HOSPITAL,,,,"PO Box 5735 Kuwait, Kuwait, 
Sharjah, UNITED ARAB EMIRATES",+97165242111
L L H OASIS MEDICAL CENTRE LLC,,,,"Aldhafra Club Buildings   Block B  Floor  GROUND  , Aldhafra Area, Madinat Zayed, 
Abu Dhabi, UNITED ARAB EMIRATES",+97128946666
LA FAMILIA MEDICAL CENTER LLC,,,,"E1 I  Rise Tower  Floor  TENTH  Corner Hessa St. &, Barsha Heights, Tecom, 
Dubai, UNITED ARAB EMIRATES",+97144430700
LA RIVIERA LIFE PHARMACY BR OF LIFE PHARMACY,,,,"Unit S02 In La Riviera Tower  PO Box 71246 Dubai M, Dubai Marina, 
Dubai, UNITED ARAB EMIRATES",+97143441122
LA ROCHE PHARMACY LLC,,,,"Shop 24 Khalifa Complex B, Floor: GROUND, Mina Roa, Tourist Club Area, 
Abu Dhabi, UNITED ARAB EMIRATES",+97126455899
LAHORE PHARMACY,,,,"In Front Of Icad City Sanaiya  Near Mohd Bin Zayed, Mussaffa, 
Abu Dhabi, UNITED ARAB EMIRATES",+97125508988
LAMASAT MEDICAL CENTER,,,,"204 Al Sham Tower, Floor: SECOND, Al Taawun Street, 
Sharjah, UNITED ARAB EMIRATES",+97165591619
LAMIA PHARMACY,,,,"Al Mamlak Hotel Apartment Building  Floor  GROUND , Rolla, Al Shuwaiheen Area, 
Sharjah, UNITED ARAB EMIRATES",+97165338094
LANA PHARMACY L.L.C AJMAN,,,,"PNM SAQAR AL JAZEERAH BUILDING PNM SAQAR AL JAZEER, AL MUWAIHAT 1, 
Ajman, UNITED ARAB EMIRATES",97165249922
LANA PHARMACY L.L.C BRANCH WARQA,,,,"MOHAMMAD MATTAR GHADAYER-BUILDING NO 28 BUILDING N, AL WARQA 1, 
Dubai, UNITED ARAB EMIRATES",97142283831
LANA PHARMACY L.L.C JVC,,,,"THE RESIDENSE-6 GROUND FLOOR GROUND FLOOR, THE RES, Jumeirah Village Circle, 
Dubai, UNITED ARAB EMIRATES",97145891113
LANA PHARMACY L.L.C SHARJAH,,,,"NEAR TO MUSCAT BUILDING NEAR TO MUSCAT BUILDING, U, UNIVERSITY STREET, MUWAILEH COMMERCIAL, 
Sharjah, UNITED ARAB EMIRATES",97165455655
LAND MARK PLAZA PHARMACY,,,,"Land Mark Plaza Building, Floor: Ground, Hamdan St, Hamdan, 
Abu Dhabi, UNITED ARAB EMIRATES",+97126729400
LEVANTINE DENTAL CLINIC,,,,"Smj Building  Floor  1  Unit   106  1st Floor  Smj, Al Safa 1, 
Dubai, UNITED ARAB EMIRATES",+97143385677
LIBERTY MEDICAL CENTRE,,,,"Shop No. 2 Nayeli 3 Building  Floor  1  King Abdul, Abushagara, 
Sharjah, UNITED ARAB EMIRATES",+97165599379
LIFE ABU HAIL PHARMACY LLC,,,,"Abu Hail, Abu Hail, 
Dubai, UNITED ARAB EMIRATES",+97143441122
LIFE AL BADAA PHARMACY LLC,,,,"S   1  Al Badaa Bldg P 78 United Arab Emirates  Al, Al Badaa, 
Dubai, UNITED ARAB EMIRATES",+97143441122
LIFE AL BARSHA FOURTH 2 BR OF LIFE PHARMACY L,,,,"Shop No. 1  Prime Business Center A  PO Box 71246 , Al Barsha South, 
Dubai, UNITED ARAB EMIRATES",+97143441122
LIFE AL BARSHA PHARMACY,,,,"Al Shafar Building Shop G01 & G02, Floor: GROUND, , Al Barsha, 
Dubai, UNITED ARAB EMIRATES",+97143441122
LIFE AL BARSHA SOUTH FOURTH BR OF LIFE PHARMA,,,,"Shop No. G01 B  Manhattan Building  PO Box 71246 J, Jvc Village, ??Al Barsha South Fourth Community, 
Dubai, UNITED ARAB EMIRATES",+97143441122
LIFE AL HAMRIYA BR OF LIFE PHARMACY LLC,,,,"Unit A  Fathima Hypermarket  Floor  GROUND  Khalid, Bur Dubai, 
Dubai, UNITED ARAB EMIRATES",+97143441122
LIFE AL KARAMA PHARMACY,,,,"Al Attar Centre. Shop No. 5 Next To Burger King, P, Al Karama, 
Dubai, UNITED ARAB EMIRATES",+97143441122
LIFE AL MIZHAR FIRST BR OF LIFE PHARMACY LLC,,,,"Unit No. 2630  Arabian Center  PO Box 71246 Al Miz, Al Mizhar, 
Dubai, UNITED ARAB EMIRATES",+97143441122
LIFE AL NAHDA PHARMACY LLC,,,,"Shop   3  Twin Tower  Plot   241 555 Al Nahda, Al Nahda, 
Dubai, UNITED ARAB EMIRATES",+97143441122
LIFE AL QUSAIS PHARMACY LLC,,,,"Al Huraiz Building Damascus Street,, 
Dubai, UNITED ARAB EMIRATES",+97143441122
LIFE AL RIQQA 2 BR OF LIFE PHARMACY LLC,,,,"Shop No Agc 30, Floor: GROUND, Al Riqqa, Al Ghurai, Deira, 
Dubai, UNITED ARAB EMIRATES",+97143441122
LIFE AL RIQQA PHARMACY LLC,,,,"Shop  F67  Al Ghurair Centre Al Riqqa, Al Riqqa, 
Dubai, UNITED ARAB EMIRATES",+97143441122
LIFE AL SHAB PHARMACY LLC,,,,"Shop 1 & 2  Plot 127 0422  Malik Bldg Al Shaab Col, Al Shaab Colony, Hor Al Anz, 
Dubai, UNITED ARAB EMIRATES",+97143441122
LIFE AL WARQA 2 BR OF LIFE PHARMACY LLC,,,,"Shop No. 5  Al Jabri Building  Floor  GROUND   PO , Al Warqa First, 
Dubai, UNITED ARAB EMIRATES",+97143441122
LIFE AL WARQA PHARMACY LLC,,,,"Shop 1 & 2  Al Kendi Bldg United Arab Emirates  Al, Al Warqa, 
Dubai, UNITED ARAB EMIRATES",+97143441122
LIFE AL YALAYIS 1 BR OF LIFE PHARMACY 3 LLC,,,,"Unit No. Mira   Gf 005  Mira Town Centre  PO Box 7, Reem Community, 
Dubai, UNITED ARAB EMIRATES",+97143441122
LIFE DIP PHARMACY LLC,,,,"Market Mall  Dip  Greens Near Choithrams Supermark, Near Choithrams Supermarket, 
Dubai, UNITED ARAB EMIRATES",+97143441122
LIFE EXPRESS PHARMACY,,,,"Near Welcare Hospital Garhoud, PO Box 71246 Deira, Deira, 
Dubai, UNITED ARAB EMIRATES",+97143441122
LIFE HOME HEALTHCARE,,,,"Dubai, PO Box 71246 Dubai Health Care City Free Zo, Dubai Health Care City Free Zone, 
Dubai, UNITED ARAB EMIRATES",+97143441122
LIFE MAYFAIR PHARMACY LLC,,,,"S 02  Mayfair Residence Tower Business Bay, Business Bay, 
Dubai, UNITED ARAB EMIRATES",+97143441122
LIFE MEDICAL CENTRE ABU DHABI,,,,"Marina Plaza Building, Floor: 101 & 102, Muroor St, Between Hamdan & Electra, 
Abu Dhabi, UNITED ARAB EMIRATES",+97126332300
LIFE MURAQABAT PHARMACY LLC,,,,"Shop 1 R471 Building Wasl Trio Block A Al Muraqaba, 
Dubai, UNITED ARAB EMIRATES",+97143441122
LIFE OPTICALS CO LLC,,,,"Shop 4 To 8  Raja & Sister Building Opposite To Al, Al Warqa, 
Dubai, UNITED ARAB EMIRATES",+97143441122
LIFE OPTICALS LLC BRANCH,,,,"The Circle Mall, Floor: GROUND FLO,  PO Box 71246 , Jvc, 
Dubai, UNITED ARAB EMIRATES",+97143441122
LIFE PEARL PHARMACY LLC,,,,"Shop   9  Marina Pearl Building Dubai Marina, Dubai Marina, 
Dubai, UNITED ARAB EMIRATES",+97143441122
LIFE PHARMACY,,,,"Shop 5 & 6, Nesto Hypermarket, Al Qusaidat,Ras Al , Al Qusaidat, 
Ras Al Khaimah, UNITED ARAB EMIRATES",+97143441122
LIFE PHARMACY 10 BR OF LIFE PHARMACY LLC,,,,"Shop No:6 Al Fattan Shop, Floor: GROUND,  PO Box 7, Jbr Walk, 
Dubai, UNITED ARAB EMIRATES",+97143441122
LIFE PHARMACY 101 BR OF LIFE PHARMACY LLC,,,,"ENOC Site 98  Shop 3  Beirut St  D 60  near Madina, 
Dubai, UNITED ARAB EMIRATES",+97143441122
LIFE PHARMACY 102 BR OF LIFE PHARMACY LLC,,,,"ENOC Site 1005  Shop 5  Marrakech St  Umm Ramool  , Umm Ramool, 
Dubai, UNITED ARAB EMIRATES",+97143441122
LIFE PHARMACY 103 BR. OF LIFE PHARMACY LLC,,,,"ENOC Site 1039  Shop 3  Dubai Sports City  Dubai  , Dubai Sports City, 
Dubai, UNITED ARAB EMIRATES",+97143441122
LIFE PHARMACY 104 BR OF LIFE PHARMACY LLC,,,,"ENOC Site 1060  Unit 4 (Rest4) Sheikh Zayed Road  , Internet City, 
Dubai, UNITED ARAB EMIRATES",+97143441122
LIFE PHARMACY 105(BR. OF LIFE PHARMACY LLC),,,,"Shop No: 01+M, Plot No: 232-113, Bin Dahi Building, Al Qusais 1, 
Dubai, UNITED ARAB EMIRATES",+97143441122
LIFE PHARMACY 106 BR OF LIFE PHARMACY L.L.C,,,,"Shop No  01  Plot No  360  Aurion Residence  Jumei, Jumeirah Village Circle, 
Dubai, UNITED ARAB EMIRATES",+97143441122
LIFE PHARMACY 107 BR OF LIFE PHARMACY LLC,,,,"SHOP NO 13  14 WATERS EDGE BUILDING  BUSINESS BAY , BUSINESS BAY, 
Dubai, UNITED ARAB EMIRATES",+97143441122
LIFE PHARMACY 108 BR OF LIFE PHARMACY LLC,,,,"Unit No. DHM-LG-007, Dubai Hills Mall, Dubai Dubai, Dubai Hills Mall, 
Dubai, UNITED ARAB EMIRATES",+97143441122
LIFE PHARMACY 109 (BR. OF LIFE PHARMACY LLC),,,,"Shop No  4  5 & 6  Plot No  4620  Zen 4  Discovery, Discovery Gardens, 
Dubai, UNITED ARAB EMIRATES",+97143441122
LIFE PHARMACY 11 BR OF LIFE PHARMACY LLC,,,,"Shop No.2  Near Creative Minds Shop- Shop No.2 - U, Al Barsha, 
Dubai, UNITED ARAB EMIRATES",+97143441122
LIFE PHARMACY 110 (BR. OF LIFE PHARMACY LLC),,,,"Retail Unit 16  Lago Vista B Building  Meaisem 1  , IMPZ, 
Dubai, UNITED ARAB EMIRATES",+97143441122
LIFE PHARMACY 116 BR OF LIFE PHARMACY,,,,"Shop No  04  Bayz By Danube  Business Bay  Dubai U, Business Bay, 
Dubai, UNITED ARAB EMIRATES",+97143441122
LIFE PHARMACY 117 (BR. OF LIFE PHARMACY LLC),,,,"Plot No  278  Retail No  6  Al Barsha South Third , AL BARSHA SOUTH 3, 
Dubai, UNITED ARAB EMIRATES",+97143441122
LIFE PHARMACY 118 (BR. OF LIFE PHARMACY LLC),,,,"Plot No: AFMU029A, Sawan Residency, Jebel Ali Vill, Al Furjan, 
Dubai, UNITED ARAB EMIRATES",+97143441122
LIFE PHARMACY 12 BR OF LIFE PHARMACY LLC,,,,"The Tower, Floor: SHOP NO.1, Financial Centre, PO , Sheikh Zayed Road, 
Dubai, UNITED ARAB EMIRATES",+97143441122
LIFE PHARMACY 120 BR. OF LIFE PHARMACY LLC,,,,"Plot No: 2680435, Shop No. 7 (Ex Aqua Pharmacy), M, Oud Al Muteena, 
Dubai, UNITED ARAB EMIRATES",+97143441122
LIFE PHARMACY 121 BR OF LIFE PHARMACY LLC,,,,"Plot No  2823154  Shop No. 1  Q 1 Khawaneej Mall  , Al Khawaneej 2, 
Dubai, UNITED ARAB EMIRATES",+97143441122
LIFE PHARMACY 122 BR OF LIFE,,,,"Plot No  241 498  Shop No  1  Abdulla Abdull Rasoo, Al Nahda 2, 
Dubai, UNITED ARAB EMIRATES",+97143441122
LIFE PHARMACY 13 BR OF LIFE PHARMACY LLC,,,,"Shop No.1  Carrefour  PO Box 71246, Al Hudaiba = t, AL SATWA, 
Dubai, UNITED ARAB EMIRATES",+97143441122
LIFE PHARMACY 141 (BR OF LIFE PHARMACY LLC),,,,"Dubai, UNITED ARAB EMIRATES",+97143441122
LIFE PHARMACY 15 BR OF LIFE PHARMACY LLC,,,,"Shop No.13  Bayat Complex  PO Box 71246 Hor Al Anz, Hor Al Anz East, 
Dubai, UNITED ARAB EMIRATES",+97143441122
LIFE PHARMACY 16 BR OF LIFE PHARMACY LLC,,,,"Bluewaters Residences 8, Floor: GROUND FLO,  PO Bo, Marsa, 
Dubai, UNITED ARAB EMIRATES",+97143441122
LIFE PHARMACY 17 BR OF LIFE PHARMACY LLC,,,,"Al Khawaneej Mall, Floor: GROUND FLO,  PO Box 7124, 
Dubai, UNITED ARAB EMIRATES",+97143441122
LIFE PHARMACY 18 BR OF LIFE PHARMACY LLC,,,,"Shop No. 6, Floor: GROUND FLO, City Walk 1, PO Box, 
Dubai, UNITED ARAB EMIRATES",+97143441122
LIFE PHARMACY 19 BR OF LIFE PHARMACY LLC,,,,"Mirdiff City Centre  PO Box 71246 Inside Carrefour, Inside Carrefour, 
Dubai, UNITED ARAB EMIRATES",+97143441122
LIFE PHARMACY 20 BR OF LIFE PHARMACY LLC,,,,"Deira City Centre  PO Box 71246 Inside Carrefour, Inside Carrefour, 
Dubai, UNITED ARAB EMIRATES",+97143441122
LIFE PHARMACY 21 BR OF LIFE PHARMACY LLC,,,,"The Dubai Mall, Floor: LOWER GROU,  PO Box 71246 W, Waitrose Entrance, 
Dubai, UNITED ARAB EMIRATES",+97143441122
LIFE PHARMACY 22 BR OF LIFE PHARMACY LLC,,,,"Mall Of The Emirates  PO Box 71246 Inside Carrefou, Inside Carrefour, 
Dubai, UNITED ARAB EMIRATES",+97143441122
LIFE PHARMACY 23 BR OF LIFE PHARMCY LLC,,,,"Marina Diamond A1, Floor: GROUND FLO,  PO Box 7124, 
Dubai, UNITED ARAB EMIRATES",+97143441122
LIFE PHARMACY 24 BR OF LIFE PHARMACY LLC,,,,"Dragonmart Complex 2  PO Box 71246, 
Dubai, UNITED ARAB EMIRATES",+97143441122
LIFE PHARMACY 25 BR OF LIFE PHARMACY LLC,,,,"Unit 6 To 12  Ajsm Investment Building   Floor GRO, Al Karama, 
Dubai, UNITED ARAB EMIRATES",+97143441122
LIFE PHARMACY 26 BR OF LIFE PHARMACY LLC,,,,"Shop Number R Vcc A8, Floor: GROUND FLO,  PO Box 7, Arabian Ranches I, 
Dubai, UNITED ARAB EMIRATES",+97143441122
LIFE PHARMACY 27 BR OF LIFE PHARMACY LLC,,,,"Unit No. Ff01 1  Floor   FIRST FLO   PO Box 71246 , Arabian Ranches Ii, 
Dubai, UNITED ARAB EMIRATES",+97143441122
LIFE PHARMACY 28 BR OF LIFE PHARMCY LLC,,,,"Shamekha Building  PO Box 71246 Nuaimeya 3, Nuaimeya 3, 
Ajman, UNITED ARAB EMIRATES",+97143441122
LIFE PHARMACY 29 BR OF LIFE PHARMACY LLC,,,,"Unit No. G 030  City Centre Meaisem  PO Box 71246 , Meaisem, 
Dubai, UNITED ARAB EMIRATES",+97143441122
LIFE PHARMACY 3 LLC,,,,"Shop Fa 19  Dragon Mart 2, Dubai International Cit, Dubai International City, 
Dubai, UNITED ARAB EMIRATES",+97143441122
LIFE PHARMACY 3 LLC BRANCH,,,,"Unit No  Ji B5  Ri 05d Jumeirah  PO Box 71246 Pavi, Pavilion Master Community, 
Dubai, UNITED ARAB EMIRATES",+97143441122
LIFE PHARMACY 3 LLC BRANCH DEIRA CITY CENTRE,,,,"Lg01a  Next To Fitness First, Deira City Centre De, Deira, 
Dubai, UNITED ARAB EMIRATES",+97143441122
LIFE PHARMACY 32 BR OF LIFE PHARMACY LLC,,,,"Nesto Hypermarket, Floor: GROUND FLO,  PO Box 7124, Al Tallah, 
Ajman, UNITED ARAB EMIRATES",+97143441122
LIFE PHARMACY 35 BR OF LIFE PHARMACY LLC,,,,"Shop No. R01  Green Park Building  PO Box 71246 Jv, Jvt, 
Dubai, UNITED ARAB EMIRATES",+97143441122
LIFE PHARMACY 37 BR OF LIFE PHARMACY LLC,,,,"Unit No. 1 21  1 24  First Floor  Madina Mall  Dub, Dubai Creek Residence, 
Dubai, UNITED ARAB EMIRATES",+97143441122
LIFE PHARMACY 38 BR OF LIFE PHARMACY LLC,,,,"Shop No. F10  11  & 12  Warqa City Mall  Al Warqa, 
Dubai, UNITED ARAB EMIRATES",+97143441122
LIFE PHARMACY 4 LLC,,,,"Shop Lf15  Metro Link  Ibn Battuta, 
Dubai, UNITED ARAB EMIRATES",+97143441122
LIFE PHARMACY 44 BR OF LIFE PHARMACY LLC,,,,"Unit No. 1009  Oasis Center  Floor  GROUND FLO   P, 
Dubai, UNITED ARAB EMIRATES",+97143441122
LIFE PHARMACY 45 BR OF LIFE PHARMACY LLC,,,,"Shop 4 To 8  Raja & Sister Building Opposite To Al, Al Warqa, 
Dubai, UNITED ARAB EMIRATES",+97143441122
LIFE PHARMACY 45 BR. OF LIFE PHARMACY LLC,,,,"motor city, motor city, 
Dubai, UNITED ARAB EMIRATES",+97143441122
LIFE PHARMACY 46 BR OF LIFE PHARMACY LLC,,,,"Shop No  2  Talal Tower  PO Box 71246 Al Nahda, Al Nahda, 
Dubai, UNITED ARAB EMIRATES",+97143441122
LIFE PHARMACY 47 BR OF LIFE PHARMACY LLC,,,,"Unit 2 &3  Nshama Community Centre  PO Box 71246 T, Town Square, 
Dubai, UNITED ARAB EMIRATES",+97143441122
LIFE PHARMACY 48 BR OF LIFE PHARMACY LLC,,,,"Unit No. 1410  Arabian Centre Al Mizhar,, Al Mizhar,, 
Dubai, UNITED ARAB EMIRATES",+97143441122
LIFE PHARMACY 5 LLC,,,,"Shop At040a  PO Box 71246 Dubai Festival City, Dubai Festival City, 
Dubai, UNITED ARAB EMIRATES",+97143441122
LIFE PHARMACY 51 BR OF LIFE PHARMACY LLC,,,,"Unit No. Gm2 B 7 Rt 23 B  PO Box 71246 Golden Mile, Golden Mile Galleria, 
Dubai, UNITED ARAB EMIRATES",+97143441122
LIFE PHARMACY 52 BR OF LIFE PHARMACY LLC,,,,"Shop No. M 018  Near Carrefour Market  First Floor, Deira, 
Dubai, UNITED ARAB EMIRATES",+97143441122
LIFE PHARMACY 53 BR OF LIFE PHARMACY LLC,,,,"Prime Residence 1  PO Box 71246 Al Warsan First, Al Warsan First, 
Dubai, UNITED ARAB EMIRATES",+97143441122
LIFE PHARMACY 55 BR OF LIFE PHARMACY LLC,,,,"Unit No. 260 City Land The Mall  Wadi Al Safa  PO , Wadi Al Safa, 
Dubai, UNITED ARAB EMIRATES",+97143441122
LIFE PHARMACY 56 BR OF LIFE PHARMACY LLC,,,,"Al Safa Park Complex, Floor: GROUND FLO,  PO Box 7, 
Dubai, UNITED ARAB EMIRATES",+97143441122
LIFE PHARMACY 57 BR OF LIFE PHARMACY LLC,,,,"First Avenue Mall  PO Box 71246 Motor City, Motor City, 
Dubai, UNITED ARAB EMIRATES",+97143441122
LIFE PHARMACY 58 BR OF LIFE PHARMACY LLC,,,,"Unit No. 29  Vida The Hills Podium  PO Box 71246 A, Al Thanyah Third, 
Dubai, UNITED ARAB EMIRATES",+97143441122
LIFE PHARMACY 59 BR OF LIFE PHARMACY LLC,,,,"The Circle Mall  Jvc, Jvc, 
Dubai, UNITED ARAB EMIRATES",+97143441122
LIFE PHARMACY 65 BR OF LIFE PHARMACY LLC,,,,"Liwan Mall, Floor: GROUND FLO, United Arab Emirate, 
Dubai, UNITED ARAB EMIRATES",+97143441122
LIFE PHARMACY 66 BR OF LIFE PHARMACY LLC,,,,"Shop No. 13 & 14  Water???S Edge  PO Box 71246 Bus, Business Bay, 
Dubai, UNITED ARAB EMIRATES",+97143441122
LIFE PHARMACY 68 BR OF LIFE PHARMCY LLC,,,,"Nesto Hypermarket  Burj Nahar Mall  PO Box 71246 D, Deira, 
Dubai, UNITED ARAB EMIRATES",+97143441122
LIFE PHARMACY 69 BR OF LIFE PHARMACY LLC,,,,"Unit No.04  The Dubai Creek Residences  PO Box 712, 
Dubai, UNITED ARAB EMIRATES",+97143441122
LIFE PHARMACY 7 LLC,,,,"Unit   Frjp R 24  PO Box 71246 Al Furjan South, Al Furjan South, 
Dubai, UNITED ARAB EMIRATES",+97143441122
LIFE PHARMACY 70 BR OF LIFE PHARMACY LLC,,,,"Gmm Tower, Floor: GROUND FLO,  PO Box 71246 Jumeir, Jumeirah Village Circle, 
Dubai, UNITED ARAB EMIRATES",+97143441122
LIFE PHARMACY 71 BR OF LIFE PHARMACY LLC,,,,"Milano Giovanni Boutique Suites United Arab Emirat, Jumeirah Village Circle, 
Dubai, UNITED ARAB EMIRATES",+97143441122
LIFE PHARMACY 72 BR OF LIFE PHARMACY LLC,,,,"Units  G24 25 30 Location   Avenue Mall   Nad Al S, Nad Al Shiba, 
Dubai, UNITED ARAB EMIRATES",+97143441122
LIFE PHARMACY 73 BR OF LIFE PHARMACY LLC,,,,"Princess Towe, Floor SHOP 5, (Dubai Marina) Marsa,, Dubai Marina, 
Dubai, UNITED ARAB EMIRATES",+97143441122
LIFE PHARMACY 74 BR OF LIFE PHARMACY LLC,,,,"Elite Residence, Floor: SHOP 3, Dubai Marina, PO B, Dubai Marina, 
Dubai, UNITED ARAB EMIRATES",+97143441122
LIFE PHARMACY 76 BR OF LIFE PHARMACY LLC,,,,"Al Faraa Building, Floor: GF,  PO Box 71246 Al Rig, Al Rigga, 
Dubai, UNITED ARAB EMIRATES",+97143441122
LIFE PHARMACY 77 BR OF LIFE PHARMACY LLC,,,,"Manila Mall Beljafla, PO Box 71246, Al Satwa Al Sa, Al Satwa, 
Dubai, UNITED ARAB EMIRATES",+97143441122
LIFE PHARMACY 78 BR OF LIFE PHARMACY LLC,,,,"Souk Al Kabeer Building  PO Box 71246 - Bur Dubai , Bur Dubai, 
Dubai, UNITED ARAB EMIRATES",+97143441122
LIFE PHARMACY 79 BR OF LIFE PHARMACY LLC,,,,"Al Zarooni Building, Floor: SHOP 3, Opposite To Bu, Al Karama, 
Dubai, UNITED ARAB EMIRATES",+97143441122
LIFE PHARMACY 8 BR OF LIFE PHARMACY LLC,,,,"Unit No. F11h, Floor: FIRST,  PO Box 71246 Mall Of, Mall Of The Emirates, 
Dubai, UNITED ARAB EMIRATES",+97143441122
LIFE PHARMACY 80 BR OF LIFE PHARMACY LLC,,,,"Unit No. P1 08 1  PO Box 71246 Marsa Al Seef, Marsa Al Seef, 
Dubai, UNITED ARAB EMIRATES",+97143441122
LIFE PHARMACY 81 BR OF LIFE PHARMACY LLC,,,,"Ex Fab Bank, Floor: SHOP R30, Fox Hill 5, PO Box 7, New Motor City, 
Dubai, UNITED ARAB EMIRATES",+97143441122
LIFE PHARMACY 82 (BR OF LIFE PHARMACY L.L.C),,,,"10C  Building  JVC  Dubai  UAE JVC, JVC, 
Dubai, UNITED ARAB EMIRATES",+97143441122
LIFE PHARMACY 83 BR OF LIFE PHARMACY LLC,,,,"Unit No  Retail 01& 02  Plot No  4  Building 1 (On, Deira, 
Dubai, UNITED ARAB EMIRATES",+97143441122
LIFE PHARMACY 84 BR OF LIFE PHARMACY LLC,,,,"Unit No  02  Plot No  1  Building 1 (Osha 1)  Deir, Deira, 
Dubai, UNITED ARAB EMIRATES",+97143441122
LIFE PHARMACY 85 BR OF LIFE PHARMACY,,,,"Unit No 02 AMSA2 AL Albarsha South4 JVC Dubai  UAE, AL Albarsha South4-JVC, 
Dubai, UNITED ARAB EMIRATES",+97143441122
LIFE PHARMACY 86 BR OF LIFE PHARMACY LLC,,,,"Nesto Hyper Market, Floor SHOP 1, Al Nahda 2, PO B, Al Nahda 2, 
Dubai, UNITED ARAB EMIRATES",+97143441122
LIFE PHARMACY 87 (BR OF LIFE PHARMACY L.L.C),,,,"Ground Caf No. 01  Plot 616 5116  The Arch Mall  N, Nad Al Shiba 3, 
Dubai, UNITED ARAB EMIRATES",+97143441122
LIFE PHARMACY 88 BR OF LIFE,,,,"Andalusia Mall,Majan,Dubai,UAE Majan, Majan, 
Dubai, UNITED ARAB EMIRATES",+97143441122
LIFE PHARMACY 94 BR OF LIFE PHARMACY LLC,,,,"Mohamed Saeed Rashed Al Tayer Building, Floor: SHO, Jbr, 
Dubai, UNITED ARAB EMIRATES",+97143441122
LIFE PHARMACY 95 BR OF LIFE PHARMACY LLC,,,,"Turtle Avenue, Floor SHOP 9,10, Dubai Land Residen, Dubai Land, 
Dubai, UNITED ARAB EMIRATES",+97143441122
LIFE PHARMACY 96 (BR OF LIFE PHARMACY L.L.C),,,,"Shop 29  30 &31  Geepas Commercial Center  Al Wars, Al Warsan, 
Dubai, UNITED ARAB EMIRATES",+97143441122
LIFE PHARMACY 97 BR OF LIFE PHARMACY LLC,,,,"Water Edge, Floor: SHOP13, United Arab Emirates, P, Business Bay, 
Dubai, UNITED ARAB EMIRATES",+97143441122
LIFE PHARMACY 98(BR OF LIFE PHARMACY L.L.C),,,,"Al Bukhash Bldg,Rolla street, AlRaffa, Dubai,UAE A, Al Raffa, 
Dubai, UNITED ARAB EMIRATES",+97143441122
LIFE PHARMACY BARSHA HEIGHTS BR OF LIFE PHARM,,,,"Shop No  8 Al Shaiba Tower  Barsha Heights  (Tecom, Barsha Heights (Tecom), 
Dubai, UNITED ARAB EMIRATES",+97143441122
LIFE PHARMACY DAMASCUS BR OF LIFE PHARMACY LL,,,,"Shop No.1  Al Qusais 2 Bldg. Damascus Street  PO B, Al Qusais, 
Dubai, UNITED ARAB EMIRATES",+97143441122
LIFE PHARMACY DFC BR OF LIFE PHARMACY LLC,,,,"Unit No.   Rc 021  Floor  FIRST   PO Box 71246 Dub, Dubai Festival City, 
Dubai, UNITED ARAB EMIRATES",+97143441122
LIFE PHARMACY DIP 2 BR OF LIFE PHARMACY LLC,,,,"Unit No.6 Ramla Mall  PO Box 71246 Dubai Investmen, Dubai Investment Park (Dip), 
Dubai, UNITED ARAB EMIRATES",+97143441122
LIFE PHARMACY DUSSELDORF BR OF LIFE PHARMACY,,,,"Shop No. 4  Dusseldorf Business Point  PO Box 7124, Al Barsha 1, 
Dubai, UNITED ARAB EMIRATES",+97143441122
LIFE PHARMACY DWTC BR OF LIFE PHARMACY LLC,,,,"Shop No  R021.02  Concourse 1  PO Box 71246 Dubai , Dubai World Trade Centre, 
Dubai, UNITED ARAB EMIRATES",+97143441122
LIFE PHARMACY FZ LLC,,,,"Unit No 09r Build No 64 Floor GROUND PO Box 71246 , Dubai Healthcare City, 
Dubai, UNITED ARAB EMIRATES",+97143441122
LIFE PHARMACY HILLS BR OF LIFE PHARMACY LLC,,,,"Unit No.R29, Floor: GROUND FLO,  PO Box 71246 The , The Hills, 
Dubai, UNITED ARAB EMIRATES",+97143441122
LIFE PHARMACY I B M 2 BR OF LIFE PHARMACY LLC,,,,"Ibn Battuta Mall, Floor: GROUND FLO,  PO Box 71246, 
Dubai, UNITED ARAB EMIRATES",+97143441122
LIFE PHARMACY I B M BR OF LIFE PHARMACY LLC,,,,"Persia Court  Ibn Battuta Mall  PO Box 71246 Ibn B, Ibn Battuta, 
Dubai, UNITED ARAB EMIRATES",+97143441122
LIFE PHARMACY L.L.C - BRANCH 1,,,,"Umm Al Quwain, UNITED ARAB EMIRATES",+97143441122
LIFE PHARMACY LLC,,,,"PO Box 71246 Sheikh Zayed Road, Sheikh Zayed Road, 
Dubai, UNITED ARAB EMIRATES",+97143441122
LIFE PHARMACY LLC - BRANCH OF ABU DHABI 14,,,,"Al Falah Plaza Former Burger King PO BOX 71246Shop, 
Abu Dhabi, UNITED ARAB EMIRATES",+97143441122
LIFE PHARMACY LLC - BRANCH OF ABUDHABI 13,,,,"Shop No: 1, Al Baloushi Tower PO BOX 71246Al Ain  , 
Abu Dhabi, UNITED ARAB EMIRATES",+97143441122
LIFE PHARMACY LLC - RAK BRANCH 1,,,,"Shop No  01  Gulf Hypermarket LLC  Al Muntasir Roa, Nakheel, 
Ras Al Khaimah, UNITED ARAB EMIRATES",+97143441122
LIFE PHARMACY LLC - RAK BRANCH 2,,,,"Shop No  01  Unit  1  Venice Avenue  RAK Al Dhait , Al Dhait South, 
Ras Al Khaimah, UNITED ARAB EMIRATES",+97143441122
LIFE PHARMACY LLC AJMAN,,,,"Shop   108  Al Manama Hypermarkets Al Ramila Road, 
Ajman, UNITED ARAB EMIRATES",+97143441122
LIFE PHARMACY LLC BR,,,,"Lulu Hypermarket, Floor: GROUND FLO, Silicon Oasis, Dubai Silicon Oasis, 
Dubai, UNITED ARAB EMIRATES",+97143441122
LIFE PHARMACY LLC BRANCH 15 - BRANCH OF ABU DHABI 76,,,,"Shop No: 01, 02, & 03, C10 Building PO BOX 71246AB, 
Abu Dhabi, UNITED ARAB EMIRATES",+97143441122
LIFE PHARMACY LLC BRANCH 16 - BRANCH OF ABU DHABI 77,,,,"Al Nahyan,P 178 PO Box 771675  Abu Dhabi  UAE, 
Abu Dhabi, UNITED ARAB EMIRATES",+97143441122
LIFE PHARMACY LLC BRANCH 2,,,,"UAE Exchage Showroom, King Faisal Street,Umm Al Qu, 
Umm Al Quwain, UNITED ARAB EMIRATES",+97143441122
LIFE PHARMACY LLC BRANCH 22 BRANCH OF ABUDHABI 69,,,,"Shop No: 01, City Tower PO BOX 71246  Khalifa Bin , Al Danah, 
Abu Dhabi, UNITED ARAB EMIRATES",+97143441122
LIFE PHARMACY LLC BRANCH 24 BRANCH OF ABUDHABI 80,,,,"Abdulla Ali Yateem Bilding PO BOX 71246  Sector Me, 
Abu Dhabi, UNITED ARAB EMIRATES",+97143441122
LIFE PHARMACY LLC BRANCH 26 - BRANCH OF ABU DHABI 86,,,,"Al Ain Mall Ground Floor PO BOX 71246Al Ain, UAE, 
Al Ain, UNITED ARAB EMIRATES",+97143441122
LIFE PHARMACY LLC BRANCH 27 BRANCH OF ABUDHABI 87,,,,"Shop No: Ff027, 028 & Ff Ds07 B PO Box 71246Abu Dh, 
Abu Dhabi, UNITED ARAB EMIRATES",+97143441122
LIFE PHARMACY LLC BRANCH 28 - BRANCH OF ABU DHABI 88,,,,"Al Waha Mall Shop No: 11 Al Falah StreetAl Ain, UA, 
Al Ain, UNITED ARAB EMIRATES",+97143441122
LIFE PHARMACY LLC BRANCH 31 BRANCH OF 6 BRANCH OF ABU DHABI 12,,,,"Madinat Zayed Shopping Center  PO Box 71246, 
Abu Dhabi, UNITED ARAB EMIRATES",+97143441122
LIFE PHARMACY LLC BRANCH 32 - BRANCH OF ABU DHABI 92,,,,"C-20 Building Middle East Optical Bldg PO BOX 7124, 
Abu Dhabi, UNITED ARAB EMIRATES",+97143441122
LIFE PHARMACY LLC BRANCH 33 - BRANCH OF ABUDHABI 93,,,,"C172 Building PO Box 71246Me 9 Mussafah, Abu Dhabi, 
Abu Dhabi, UNITED ARAB EMIRATES",+97143441122
LIFE PHARMACY LLC BRANCH 34 - BRANCH OF ABU DHABI 57,,,,"Al Ain, UNITED ARAB EMIRATES",+97143441122
LIFE PHARMACY LLC BRANCH 35 - BRANCH OF ABU DHABI 58,,,,"Al Ain Mall PO Box 71246, Al Ain, UAE, 
Al Ain, UNITED ARAB EMIRATES",+97143441122
LIFE PHARMACY LLC BRANCH 36 BRANCH OF ABU DHABI 17,,,,"View Tower, Floor: UNIT NO: 1, View Tower, PO Box , 
Abu Dhabi, UNITED ARAB EMIRATES",+97143441122
LIFE PHARMACY LLC BRANCH 37 BRANCH OF ABU DHABI 18,,,,"Mermaid Tower  Floor  UNIT NO 3   Khalidiya  PO Bo, Khalidiya, 
Abu Dhabi, UNITED ARAB EMIRATES",+97143441122
LIFE PHARMACY LLC BRANCH 39 - BRANCH OF ABUDHABI 96,,,,"Shop No. 14, Bait Al Sanan PO BOX 71246Hamdan Main, 
Abu Dhabi, UNITED ARAB EMIRATES",+97143441122
LIFE PHARMACY LLC BRANCH 42 BRANCH OF ABU DHABI 24,,,,"Adnoc Service Station Officer City 950, PO Box 712, Rabdan, 
Abu Dhabi, UNITED ARAB EMIRATES",+97143441122
LIFE PHARMACY LLC BRANCH 43 BRANCH OF ABU DHABI 25,,,,"Al Reef 1  Floor  DT R3  Al Reef 1 Community Retai, Al Reef Down Town, 
Abu Dhabi, UNITED ARAB EMIRATES",+97143441122
LIFE PHARMACY LLC BRANCH 44 BRANCH OF ABU DHABI 37,,,,"Plot C 12 Building No  266  Floor   01  United Ara, Al Zahiyah, 
Abu Dhabi, UNITED ARAB EMIRATES",+97143441122
LIFE PHARMACY LLC BRANCH 46 - BRANCH OF ABUDHABI 99,,,,"Shop No Mu 06,Muroor Complex PO Box 71246Al Saadah, 
Abu Dhabi, UNITED ARAB EMIRATES",+97143441122
LIFE PHARMACY LLC BRANCH 47 BRANCH OF ABU DHABI 29,,,,"Sea Face Tower, Floor: SHOWROOM 1, Al Reem Island,, Al Reem Island, 
Abu Dhabi, UNITED ARAB EMIRATES",+97143441122
LIFE PHARMACY LLC BRANCH 49 - BRANCH ABUDHABI 101,,,,"Shop No: 07, Abu Dhabi Coop Society PO BOX 71246  , 
Abu Dhabi, UNITED ARAB EMIRATES",+97143441122
LIFE PHARMACY LLC BRANCH 51 BRANCH OF ABUDHABI 103,,,,"C88 Building PO Box 71246Aradah Street, Al NahyanA, 
Abu Dhabi, UNITED ARAB EMIRATES",+97143441122
LIFE PHARMACY LLC BRANCH 52 - BRANCH OF ABUDHABI 105,,,,"Inside Carrefour , Bawadi Mal PO BOX 71246Al Ain  , 
Al Ain, UNITED ARAB EMIRATES",+97143441122
LIFE PHARMACY LLC BRANCH 53 - BRANCH OF ABUDHABI 1,,,,"Shop No 2,C13 Building PO Box 71246Zeina Community, 
Abu Dhabi, UNITED ARAB EMIRATES",+97143441122
LIFE PHARMACY LLC BRANCH 56 - BRANCH OF ABU DHABI 112,,,,"Souk Street Shop No 2&3PO BOX 71246Al Shahama Stre, 
Abu Dhabi, UNITED ARAB EMIRATES",+97143441122
LIFE PHARMACY LLC BRANCH 57 - BRANCH OF ABUDHABI 114,,,,"Tourist Club Shop No 4 C15 Al ZahiyaPO BOX 71246TO, 
Abu Dhabi, UNITED ARAB EMIRATES",+97143441122
LIFE PHARMACY LLC BRANCH 61 - BRANCH OF ABUDHABI 118,,,,"Mubarak Al Khaily Al Hawash Building PO BOX 71246T, 
Al Ain, UNITED ARAB EMIRATES",+97143441122
LIFE PHARMACY LLC BRANCH 62,,,,"Al Aryam Tower, Floor: GROUND FLO,  PO Box 71246 N, Nueimia, 
Ajman, UNITED ARAB EMIRATES",+97143441122
LIFE PHARMACY LLC BRANCH ABUDHABI 11,,,,"Shop No 1 ,Baniyas Tower PO BOX 71246  Khalidiya A, Khalidiya, 
Abu Dhabi, UNITED ARAB EMIRATES",+97143441122
LIFE PHARMACY LLC BRANCH AL QUSAIS,,,,"Al Mazoon Building, Shop No. 1Damascus St, Al Qusa, Al Qusais, 
Dubai, UNITED ARAB EMIRATES",+97143441122
LIFE PHARMACY LLC BRANCH CLOVER BAY TOWER,,,,"Shop   1  Clover Bay Tower  PO Box 71246 Business , Business Bay, 
Dubai, UNITED ARAB EMIRATES",+97143441122
LIFE PHARMACY LLC BRANCH OF ABU DHABI 1,,,,"Silverwave Tower  Floor  SHOP 002  Plot No  C 51  , Meena Are, 
Abu Dhabi, UNITED ARAB EMIRATES",+97143441122
LIFE PHARMACY LLC BRANCH OF ABU DHABI 33,,,,"Marina Mall Opposite To Carrefour Hypermarket, PO , 
Abu Dhabi, UNITED ARAB EMIRATES",+97143441122
LIFE PHARMACY LLC BRANCH OF ABU DHABI 5,,,,"Al Ghaith Holding Tower Airport Road, PO Box 71246, Airport Road, 
Abu Dhabi, UNITED ARAB EMIRATES",+97143441122
LIFE PHARMACY LLC BRANCH OF ABU DHABI 9,,,,"Sheikha Salama Building Building No  P/5  Floor  P, Al Danah, 
Abu Dhabi, UNITED ARAB EMIRATES",+97143441122
LIFE PHARMACY LLC BRANCH OF ABUDHABI 7,,,,"Bloom Gardens, Retails B PO BOX 71246Abu Dhabi  UA, 
Abu Dhabi, UNITED ARAB EMIRATES",+97143441122
LIFE PHARMACY LLC BRANCH OF DUBAI BRANCH OF ABU DHABI 1,,,,"Neighbourhood Centre, Floor: V3B, United Arab Emir, Al Falah Village, 
Abu Dhabi, UNITED ARAB EMIRATES",+97143441122
LIFE PHARMACY LLC BRANCH OF DUBAI BRANCH OF ABU DHABI 2,,,,"Al Hamra Building Airport Road, PO Box 71246 Airpo, Airport Road, 
Abu Dhabi, UNITED ARAB EMIRATES",+97143441122
LIFE PHARMACY LLC BRANCH SHJ,,,,"Nesto Hypermarket Al Khan, PO Box 71246 Al Khan, Al Khan, 
Sharjah, UNITED ARAB EMIRATES",+97143441122
LIFE PHARMACY LLC DIBBA BR,,,,"SHOP NO  1A  PLOT NO  2401024  SAIF AL DHABI BUILD, AL QIAAN- Dibba, 
Ras Al Khaimah, UNITED ARAB EMIRATES",+97143441122
LIFE PHARMACY LLC DMCC BR,,,,"Fortune Tower United Arab Emirates, PO Box DUBAI F, Fortune Tower, 
Dubai, UNITED ARAB EMIRATES",+97143441122
LIFE PHARMACY LLC DMCC BRANCH,,,,"G11  Dubai Gate 1  PO Box 71246 Jumeirah Lakes Tow, Jumeirah Lakes Towers, 
Dubai, UNITED ARAB EMIRATES",+97143441122
LIFE PHARMACY LLC DUBAI BRANCH,,,,"Unit No. A001, Ground Floor, Dubai Creek Residence, Deira, 
Dubai, UNITED ARAB EMIRATES",+97143441122
LIFE PHARMACY LLC FUJAIRAH BR 1,,,,"SHOP NO G1  G2 & G3  HILAL BUILDING  FUJAIRAH  UAE, 
Fujairah, UNITED ARAB EMIRATES",+97143441122
LIFE PHARMACY LLC FUJAIRAH BRANCH 2,,,,"SHOP NO  1  SULTAN AL SHAMSI BLDG  AL FUJAIRAH 123, 
Fujairah, UNITED ARAB EMIRATES",+97143441122
LIFE PHARMACY LLC FUJAIRAH BRANCH 3,,,,"SHOP NO2, SALEH BIN LAHEJ BUILDING, SAKAKAM STREET, SAKAKAM, 
Fujairah, UNITED ARAB EMIRATES",+97143441122
LIFE PHARMACY LLC FUJAIRAH BRANCH 5,,,,"UNIT NO. G014  GROUND FLOOR  FUJAIRAH CITY CENTRE , FUJAIRAH CITY CENTRE, 
Fujairah, UNITED ARAB EMIRATES",+97143441122
LIFE PHARMACY LLC SHJ BR 3,,,,"Unit No  M21  M22  & M23  Misk 1  Aljada  Sharjah , Aljada Discovery Centre Aljada - Muwaileh Commerci, 
Sharjah, UNITED ARAB EMIRATES",+97143441122
LIFE PHARMACY LLC SHJ BR BRANCH 1,,,,"Al Madina Shopping Centre, Floor SHOP 1, Muweliah , Muweliah Commercial, 
Sharjah, UNITED ARAB EMIRATES",+97143441122
LIFE PHARMACY LLC SHJ BR BRANCH 2,,,,"Bukhatir Square One Building, Floor SHOP 7, Muweli, Muweliah Commercial, 
Sharjah, UNITED ARAB EMIRATES",+97143441122
LIFE PHARMACY LLC SHJ BRANCH 6,,,,"Shop No: 04, Malik Fisal Building, Plot No: 336, K, King Faisal St, 
Sharjah, UNITED ARAB EMIRATES",+97143441122
LIFE PHARMACY LLC SHJ BRANCH 7,,,,"Shop No  04 & 5  Plot No 540  Al Abar Building  Ha, Maysaloon - Al Sharq, 
Sharjah, UNITED ARAB EMIRATES",+97143441122
LIFE PHARMACY MARINA BR OF LIFE PHARMACY LLC,,,,"Dec Dubai Marina Tower 2  Choitrams  Floor  GROUND, Marina, 
Dubai, UNITED ARAB EMIRATES",+97143441122
LIFE PHARMACY MARINA WALK BR OF LIFE PHARMACY,,,,"Unit No. Ga2, Floor: GROUND FLO, Dubai Marina Towe, Marina Walk, 
Dubai, UNITED ARAB EMIRATES",+97143441122
LIFE PHARMACY N K MALL BR OF LIFE PHARMACY LL,,,,"Nakheel Mall  PO Box 71246 Palm Jumeirah, Palm Jumeirah, 
Dubai, UNITED ARAB EMIRATES",+97143441122
LIFE PHARMACY UAQ,,,,"Shop  6 Near Carrefour Express  Floor  FIRST  King, 
Umm Al Quwain, UNITED ARAB EMIRATES",+97143441122
LIFE PHARMACY VILLAGE MALL BR OF LIFE PHARMAC,,,,"Shop No  24 & 25  The Village Mall  PO Box 71246, , Jumeirah, 
Dubai, UNITED ARAB EMIRATES",+97143441122
LIFE PLUS PHARMACY,,,,"Behind Family Supermarket  Bank Street  PO Box 712, Bur Dubai, 
Dubai, UNITED ARAB EMIRATES",+97143441122
LIFE ROSE PHARMACY LLC,,,,"Shop 10  E07 Building  Plot No 67, China Cluster, , Dubai International City, 
Dubai, UNITED ARAB EMIRATES",+97143441122
LIFE SILICON PHARMACY LLC,,,,"Palace Tower T1 Opposite Choithram Supermarket, PO, Dubai Silicon Oasis, 
Dubai, UNITED ARAB EMIRATES",+97143441122
LIFE TRIDENT PHARMACY LLC,,,,"Shop No. R01  Marina Scape Tower Dubai Marina, Dubai Marina, 
Dubai, UNITED ARAB EMIRATES",+97143441122
LIFE TWO PHARMACY LLC,,,,"Al Kawakeb Bldg A  1st Interchange Sheikh Zayed Ro, 
Dubai, UNITED ARAB EMIRATES",+97143441122
LIFE TWO PHARMACY LLC BRANCH,,,,"Shop   G84 & G85  Floor  FIRST  Bay Avenue  PO Box, Business Bay, 
Dubai, UNITED ARAB EMIRATES",+97143441122
LIFE VISION PHARMACY LLC,,,,"Shop G+1  Vision Tower Business Bay, Business Bay, 
Dubai, UNITED ARAB EMIRATES",+97143441122
LIFECARE CLINIC,,,,"Al Mafrq, Al Mafrq, 
Abu Dhabi, UNITED ARAB EMIRATES",971 800 55
LIFECARE CLINIC BRANCH,,,,"Al Mafrq, Al Mafrq, 
Abu Dhabi, UNITED ARAB EMIRATES",971 800 55
LIFECARE CLINIC LLC BRANCH,,,,"Al Mafrq, Al Mafrq, 
Abu Dhabi, UNITED ARAB EMIRATES",971 800 55
LIFECARE CLINIC LLC BRANCH 3,,,,"Musaffah, Musaffah, 
Abu Dhabi, UNITED ARAB EMIRATES",971 800 55
LIFECARE HOSPITAL,,,,"Baniyas Street, PO Box 41766, 
Abu Dhabi, UNITED ARAB EMIRATES",+97125856333
LIFECARE HOSPITAL MUSAFFAH BRANCH 1,,,,"Near Workers Village, PO Box 133500 Musaffah, Musaffah, 
Abu Dhabi, UNITED ARAB EMIRATES",+97124148226
LIFECARE INTERNATIONAL PHARMACY BRANCH 1,,,,"Musaffah Near Workers Villlage, PO Box 133500 Vill, Village Mall Behind Adnoc Petrol Pump, 
Abu Dhabi, UNITED ARAB EMIRATES",+97124148226
LIFECARE INTERNATIONAL PHARMACY LLC,,,,"Near Village Mall Next To Workers Village  Musaffa, Baniyas, 
Abu Dhabi, UNITED ARAB EMIRATES",+97125557611
LIFECARE MEDICAL CENTER LLC,,,,"Razeen 4, Razeen 4, 
Abu Dhabi, UNITED ARAB EMIRATES",971 800 55
LIFEGUARD SPECIALTY POLYCLINIC LLC,,,,"GF SHOP NO 8 70 IND AREA JABEL ALI Jebel ALi, Jebel ALi, 
Dubai, UNITED ARAB EMIRATES",97145806451
LIFEGUARD SPECIALTY POLYCLINIC LLC BRANCH,,,,"GF SHOP NO 2HILLIANA TOWER AL SUFOUF-1 Jumeirah, Jumeirah, 
Dubai, UNITED ARAB EMIRATES",97145580296
LIFELINE MEDICAL CENTER ABU SHAGARA,,,,"11  City Tower Building  Floor  FIRST  11 King Fai, Abu Shagara, 
Sharjah, UNITED ARAB EMIRATES",+97165530557
LIMAR MEDICAL CENTER,,,,"AL MAJAZ 1 BUHAIRAH CORNICHE SHARJAH AL MAJAZ 1, AL MAJAZ 1, 
Sharjah, UNITED ARAB EMIRATES",97165744245
LIV HOSPITAL (VALIANT),,,,"Valiant Clinic 13th Street, PO Box 414296 Citywalk, Citywalk, 
Dubai, UNITED ARAB EMIRATES",+9718008254268
LIVIX PLUS PHARMACY LLC,,,,"Shop No 7  Farnek Building  Floor  GROUND  Latifa , Al Quoz Industrial Area 4, 
Dubai, UNITED ARAB EMIRATES",+97143410401
LIVIX PLUS PHARMACY LLC BRANCH,,,,"Ground floor Crystal Mall Hilal Al Madina Hypermar, Jebel Ali, 
Dubai, UNITED ARAB EMIRATES",97142974494
LIWA HOSPITAL,,,,"Floor   Liwa Madinat Zayed Road  PO Box 77695 Abu , Abu Dhabi, 
Abu Dhabi, UNITED ARAB EMIRATES",+97128777175
LIWA PHARMACY,,,,"Al Mankhool Road, PO Box 71246 Mankhool, Mankhool, 
Dubai, UNITED ARAB EMIRATES",+97143441122
LLH AL RAZEEN CLINIC LLC,,,,"Musaffah, Musaffah, 
Abu Dhabi, UNITED ARAB EMIRATES",971 800 55
LLH CLINIC LLC,,,,"Musaffah, Musaffah, 
Abu Dhabi, UNITED ARAB EMIRATES",971 800 55
LLH CLINIC LLC BRANCH,,,,"Western Region, Western Region, 
Abu Dhabi, UNITED ARAB EMIRATES",971 800 55
LLH CLINIC LLC BRANCH 1,,,,"Mafraq Workers' City, Mafraq Workers' City, 
Abu Dhabi, UNITED ARAB EMIRATES",971 800 55
LLH HOSPITAL AL MUSAFFAH,,,,"Life Line Al Musafah L.L.C Sanayya 7  PO Box 94666, Al Mussaffah, Near Aramex, 
Abu Dhabi, UNITED ARAB EMIRATES",+97125557711
LLH HOSPITAL LLC,,,,"Life Line Hospital Abu Dhabi, Floor: GROUND, Elect, Electra, 
Abu Dhabi, UNITED ARAB EMIRATES",+97126335522
LLH MEDICAL CENTER AL MUSAFFAH LLC BRANCH 1,,,,"Labotil Camp Mafraq Industry, PO Box 41766 Baniyas, Baniyas, 
Abu Dhabi, UNITED ARAB EMIRATES",+97125856333
LLH MEDICAL CENTER BRANCH DIP,,,,"DIP 2, DIP 2, 
Dubai, UNITED ARAB EMIRATES",971 800 55
LLH MEDICAL CENTER LLC,,,,"AL QUOZ4, AL QUOZ4, 
Dubai, UNITED ARAB EMIRATES",971 800 55
LLH MEDICAL CENTRE,,,,"C5, Floor: GROUND FLO, Shabia??Me??11, PO Box 9231, Mohammed Bin Zayed, 
Abu Dhabi, UNITED ARAB EMIRATES",+97124116018
LLH MEDICAL CENTRE AL DHAFRA LLC,,,,"BUILDING 7  AL FASEEEHAH STREET GHAYATHI Al Dhafra, Al Dhafra, 
Abu Dhabi, UNITED ARAB EMIRATES",0097180055
LLH MEDICAL CENTRE AL MUSAFFAH LLC,,,,"Flat 1 8 Plot   C173  Floor  MEZANNINE   PO Box 92, Musaffah, 
Abu Dhabi, UNITED ARAB EMIRATES",+97125531414
LLH MEDICAL CENTRE AL MUSAFFAH LLC BRANCH 3,,,,"Km Trading, Floor: GROUND FLO, M40, PO Box 92313 M, Musaffah, 
Abu Dhabi, UNITED ARAB EMIRATES",+97124116450
LLH PHARMACY AL MUSAFFAH LLC,,,,"Km Trading, Floor: GROUND FLO, M40, PO Box 92313 M, Musaffah, 
Abu Dhabi, UNITED ARAB EMIRATES",+97124116451
LLH PHARMACY LLC,,,,"Marina Plaza  Floor  GROUND FLO  Hcf Building  Nea, Muroor Road, 
Abu Dhabi, UNITED ARAB EMIRATES",+97126263080
LOTUS DENTAL CLINIC LLC,,,,"Platinum Business Center 106  Floor  FIRST FLOO  B, Al Nahda 2, 
Dubai, UNITED ARAB EMIRATES",+97143971667
LOTUS MEDICAL CENTRE LLC,,,,"358 580 Al Rostamani Building  Floor  FIRST  Latif, Al Quoz, 
Dubai, UNITED ARAB EMIRATES",+97143465380
LOTUS PHARMACY LLC,,,,"Saif Ali Rashed Suwailem Building Damascus St Al Q, Al Qusais 1, 
Dubai, UNITED ARAB EMIRATES",+97142641808
LOTUS PHARMACY LLC ABU DHABI,,,,"Prestige Tower, Floor: GROUND, Street No. 79, PO B, Mohammed Bin Zayed, 
Abu Dhabi, UNITED ARAB EMIRATES",+97125552325
LOUALUOAYYAH HEALTH CENTER,,,,"Abu Naila 1/2 Abu Naila, Abu Naila, 
Sharjah, UNITED ARAB EMIRATES",04-6656205
LULU AL AIN PHARMACYLLC,,,,"Lulu Hyper Market, Floor: GROUND FLO, Sanaiya, PO , Sanaiya, 
Al Ain, UNITED ARAB EMIRATES",+97142206161
LULU AL AIN PHARMACYLLC BRANCH,,,,"Lulu Hyper Market, Floor: GROUND FLO, Kuwaitat, PO, Kuwaitat, 
Al Ain, UNITED ARAB EMIRATES",+97142206161
LULU AL FALAH PHARMACY LLC,,,,"Lulu Hyper Market  Al Wahda  Floor  GROUND FLO  Al, Al Wahda, 
Sharjah, UNITED ARAB EMIRATES",+97165362225
LULU AL FOAH PHARMACYLLC,,,,"Al Foah Mall, Floor: GROUND FLO, Al Foah, PO Box 8, Al Foah, 
Al Ain, UNITED ARAB EMIRATES",+97142206161
LULU AL NAHDA PHARMACY LLC,,,,"Lulu Hyper Market  Al Nahda  Floor  FIRST FLOO  Al, Al Nahda, 
Sharjah, UNITED ARAB EMIRATES",+97165454611
LULU BARSHA PHARMACY LLC,,,,"Lulu Hyper Market  Al Barsha  Floor  FIRST FLOO  1, Umm Suquiem, 
Dubai, UNITED ARAB EMIRATES",+97143418828
LULU CENTER PHARMACY LLC,,,,"Lulu Hyper Market  Al Qusais  Floor  GROUND FLO  A, Al Qusais, 
Dubai, UNITED ARAB EMIRATES",+97142988771
LULU CENTER PHARMACY LLC UAQ,,,,"Lulu Hypermarket Mall Of Uaq, PO Box 77456, 
Umm Al Quwain, UNITED ARAB EMIRATES",
LULU DIBBA PHARMACY LLC,,,,"Lulu Hyper Market  Dibba  Floor  GROUND FLO  Dibba, Dibba, 
Fujairah, UNITED ARAB EMIRATES",+97192431399
LULU KARAMA PHARMACY LLC,,,,"Lulu Hyper Market  Al Karama  Floor  GROUND FLO  A, Al Karama, 
Dubai, UNITED ARAB EMIRATES",+97143369970
LULU KHALIDIYA PHARMACY LLC,,,,"Khalidiya Mall, Floor: GROUND, King Khalid Bin Abd, Al Khalidiya, 
Abu Dhabi, UNITED ARAB EMIRATES",+97126354440
LULU PHARMACY LLC,,,,"Lulu Hyper Market  Al Bustan  Floor  GROUND  Al Bu, Al Bustan, 
Ajman, UNITED ARAB EMIRATES",+97167457771
LULU RAHA PHARMACY LLC,,,,"Raha Mall, Floor: GROUND, Al Raha, PO Box 128489 A, Al Raha, 
Abu Dhabi, UNITED ARAB EMIRATES",+97125562607
LUNETTES HOUSE OF QUALITY OPTICS LLC  BRANCH JUMEIRAH,,,,"Ground Floor, Spinneys centre Ground Floor, Spinne, Jumeirah 1, 
Dubai, UNITED ARAB EMIRATES",04-3940591
LUNETTES HOUSE OF QUALITY OPTICS LLC DIP,,,,"G27, Ground Floor,  Near Choithrams, The Market Ma, Dubai Investment Park (Dip), 
Dubai, UNITED ARAB EMIRATES",04-8853305
MACANI MEDICAL CENTER LLC,,,,"12 Al Mahhar St Al Bateen W18 03 AL BATEEN, AL BATEEN, 
Abu Dhabi, UNITED ARAB EMIRATES",97126107777
MADINA ZAYED AL AHALIA PHARMACY,,,,"Madina Zayed Al Ahalia Pharmacy, Floor: Ground, Ma, Western Abu Dhabi, 
Abu Dhabi, UNITED ARAB EMIRATES",+97126262666
MADINAT AL QOUZ PHARMACY LLC,,,,"Farnek Building, Floor: GF, Al Qouz, Al Qouz, 
Dubai, UNITED ARAB EMIRATES",+97143388522
MADINAT MOHMED BIN ZAYED HEALTH CARE CENTER,,,,"Abu Dhabi, UNITED ARAB EMIRATES",
MADINAT ZAYED HOSPITAL,,,,"United Arab Emirates, PO Box 50516, 
Abu Dhabi, UNITED ARAB EMIRATES",+97128781888
MAFRAQ DENTAL CENTER,,,,"United Arab Emirates,, 
Abu Dhabi, UNITED ARAB EMIRATES",+97125822669
MAG HEALTH CLINIC,,,,"Api Business Suite, Floor: 3RD FLOOR, Sheikh Zayed, Al Barsha 1, 
Dubai, UNITED ARAB EMIRATES",+97143794444
MAGNUM CLINIC FZE,,,,"Sit Tower, Floor: FIRST FLOO, Dubai Silicon Oasis,, Dubai Silicon Oasis, 
Dubai, UNITED ARAB EMIRATES",+97143973738
MAGRABI CITY CENTER AL ZAHIA,,,,"Al Zahya Mall, Floor: GROUND FLO, Mohamed Bin Zaid, 
Sharjah, UNITED ARAB EMIRATES",+97144197000
MAGRABI EYE AND EAR CENTER DAYCARE SURGERIES LLC OPC LLC DUBAI BRANCH,,,,"1st floor, 3rd Avenue by YA Al Khawaneej Mirdif, Mirdif, 
Dubai, UNITED ARAB EMIRATES",97144088300
MAGRABI EYE CENTER DAY CARE SURGERY,,,,"Al Markhanya, PO Box 85547, 
Al Ain, UNITED ARAB EMIRATES",+97144360707
MAGRABI EYE HOSPITAL,,,,"Al Razi Bldg.Block (E), Floor: 2ND FLOOR, Dubai He, Oud Metha, 
Dubai, UNITED ARAB EMIRATES",+97144370606
MAGRABI NAD AL SHEBA MALL,,,,"Shop No L2ZA1023 Nad Al Sheba Nad Al Sheba 3 2nd f, NAD AL SHEBA, 
Dubai, UNITED ARAB EMIRATES",971555901638
MAGRABI OPTICAL AL BAWADI MALL,,,,"Magrabi Optical Zayed Bin Sultan Street  PO Box 31, Al Bawadi Mall Gf-105, 
Al Ain, UNITED ARAB EMIRATES",+97137840020
MAGRABI OPTICAL ARABIAN PLAZA,,,,"Arabian Plaza Airport Road, PO Box 31170 Al Mizhar, Al Mizhar, 
Dubai, UNITED ARAB EMIRATES",+97142845530
MAGRABI OPTICAL CO LLC DUBAI HILLS,,,,"Dubai Hills Mall, Floor: GROUND FLO, Al Barsha Fir, 
Dubai, UNITED ARAB EMIRATES",+97144197000
MAGRABI OPTICAL CO LLC SPRING SOUK,,,,"Spring Souq Mall, Floor: GROUND FLO, Al Afnan St, , 
Dubai, UNITED ARAB EMIRATES",+97144197000
MAGRABI OPTICAL DALMA MALL,,,,"Dalma Mall  Floor  1ST  Unit No 167   Musafah Area, Musafah Area, 
Abu Dhabi, UNITED ARAB EMIRATES",+97125583780
MAGRABI OPTICAL DEERFIELDS TOWNSQUARE MALL,,,,"Unit 238, Deerfields Townsquare Shopping, Floor: S, 
Abu Dhabi, UNITED ARAB EMIRATES",+97125635240
MAGRABI OPTICAL DUBAI MALL,,,,"Shop   Gf197  The Dubai Mall Al Doha Street  PO Bo, 
Dubai, UNITED ARAB EMIRATES",+97143398876
MAGRABI OPTICAL DUBAI MARINA MALL,,,,"Dubai Marina Mall Sheikh Zayed Road, PO Box 31170 , Dubai Marina, 
Dubai, UNITED ARAB EMIRATES",+97143997570
MAGRABI OPTICAL FESTIVAL CITY,,,,"Dubai Festival Center Unit Sc 222 Business Bay  PO, Dubai Festival City, 
Dubai, UNITED ARAB EMIRATES",+97142329866
MAGRABI OPTICAL IBN BATUTA,,,,"China Court Unit No147a Ibn Battuta Mall Sheikh Za, Jebel Ali, 
Dubai, UNITED ARAB EMIRATES",+97143685683
MAGRABI OPTICAL MALL OF EMIRATES,,,,"Mall Of Emirates  Unit No. E 09 Sheikh Zayed Road , Al Barsha, 
Dubai, UNITED ARAB EMIRATES",+97143410445
MAGRABI OPTICAL MIRDIFF CITY CENTRE,,,,"Mirdif City Centre Sheikh Mohammed Bin Zayed Road , Mirdiff, 
Dubai, UNITED ARAB EMIRATES",+97142843246
MAGRABI OPTICAL NEW EXTENSION,,,,"Magrabi Optical A Abu Dhabi Marina Mall  PO Box 32, New Extension, 
Abu Dhabi, UNITED ARAB EMIRATES",+97126816961
MAGRABI OPTICAL RASHID BEN SAEED STREET,,,,"Airport Street,, 
Abu Dhabi, UNITED ARAB EMIRATES",+97126435690
MAGRABI OPTICAL THE VILLAGE MALL,,,,"The Village Mall Jumeirah Beach Road, PO Box 31170, Jumeirah, 
Dubai, UNITED ARAB EMIRATES",+97143499984
MAGRABI OPTICAL YAS MALL,,,,"Shop   L1  152  Yas Mall  Floor  FIRST  Yas Island, Yas Island, 
Abu Dhabi, UNITED ARAB EMIRATES",+97125651615
MAGRABI SPECIALIZED HOSPITAL BRANCH,,,,"Al Khaleej Al Arabi  Al Mushrif  PO Box 46583, 
Abu Dhabi, UNITED ARAB EMIRATES",+97124446565
MAISAN MEDICAL CLINIC,,,,"Miedif Street Building MIRDIF 35 Apartment FF1 01 , Deira, 
Dubai, UNITED ARAB EMIRATES",+971 45019555
MAKKAH MEDICAL CENTER,,,,"G Eid musalla road barkat building Al Mahatta, Al Mahatta, 
Fujairah, UNITED ARAB EMIRATES",97192225501
MAKKAH MEDICAL CENTER 1,,,,"G BLOCK Q Industrial area AL HAIL AL HAIL, AL HAIL, 
Fujairah, UNITED ARAB EMIRATES",97192225501
MAMPILLY MEDICAL CENTRE,,,,"Sharjah Gold Center, Floor: 1ST FLOOR, Al Rolla St, Next To Km Trading, 
Sharjah, UNITED ARAB EMIRATES",+97165616464
MANAL HARB MEDICAL CENTER LLC,,,,"Al Attar Buliding Office 3001, Floor: 30th floor, , 
Dubai, UNITED ARAB EMIRATES",+97143251222
MANCHESTER COMMUNITY PHARMACY,,,,"Manchester Tower 1, Floor: SHOP NO 2, Dubai Marina, Dubai Marina, 
Dubai, UNITED ARAB EMIRATES",+97143957205
MANCHESTER DENTAL CENTER,,,,"Mashreq Bank   Patchi Bldg  Floor  GROUND  Khalidi, Al Khalidiya, 
Abu Dhabi, UNITED ARAB EMIRATES",+97126669411
MANCHESTER MEDICAL CENTRE,,,,"Kfc Building Flat 10, Floor: 1ST FLOOR, Al Taawun , Kfc Building, 
Sharjah, UNITED ARAB EMIRATES",+97165547373
MANKHOOL PHARMACY,,,,"Trio3 Building Al Nahda 2, PO Box 111751 Next To J, Next To Jupiter Al Nahda Polyclinic, 
Dubai, UNITED ARAB EMIRATES",+97142554427
MANSION PHARMACY LLC,,,,"Next To Marina Mall Dubai Marina, Dubai Marina, 
Dubai, UNITED ARAB EMIRATES",+97143441122
MARFA HOSPITAL,,,,"PO Box 57540, 
Abu Dhabi, UNITED ARAB EMIRATES",+97128822204
MARHABA PHARMACY,,,,"Near To Dewan Building, Floor: G, Al Muntaser Road, Opp. Harameen Book Shop, 
Ras Al Khaimah, UNITED ARAB EMIRATES",+97172277970
MARHABA PHARMACY LLC,,,,"Next To Cid Office Al Zahra Street,, 
Sharjah, UNITED ARAB EMIRATES",+97165244660
MARIAM PHARMACY,,,,"Asri Bin Zayed Al Haili Building Hazzaa Bin Zayeds, 
Abu Dhabi, UNITED ARAB EMIRATES",+97126421043
MARIBEL DENTAL CENTRE,,,,"Jumbo Elect Building  Floor  1  L Falah Building  , Al Dhafrah, 
Abu Dhabi, UNITED ARAB EMIRATES",+97126424942
MARIGOLD DENTAL ORTHODONTIC CLINIC LLC,,,,"Danet Tower B, Floor: MEZZANINE, Al Dhafeer Street, 
Abu Dhabi, UNITED ARAB EMIRATES",+97126414020
MARINA CARE PHARMACY,,,,"Al Wasl Road, Al Satwa Al Satwa, Al Satwa, 
Dubai, UNITED ARAB EMIRATES",+97143436020
MARINA CENTER PHARMACY,,,,"Difc The Gate Building, Floor: GROUND, Difc Street, Difc, 
Dubai, UNITED ARAB EMIRATES",+97143637484
MARINA DENTAL CENTER,,,,"Knowledge Village Block 18 Ground Floor Next to St, Dubai Knowledge Park, 
Dubai, UNITED ARAB EMIRATES",+97143693625
MARINA GREENS PHARMACY,,,,"Near Choitram Supermarket, Floor: Ground, 1a Stree, Green Village, 
Dubai, UNITED ARAB EMIRATES",+97143663130
MARINA JUMAIRAH PHARMACY (BRANCH OF MARINA PHARMACY L.L.C),,,,"Emirates Cooperative Society Bldg Floor: GROUND, 2, Al Sofouh, 
Dubai, UNITED ARAB EMIRATES",+97143486700
MARINA LIFE PHARMACY,,,,"Marina Height Tower Near Citibank, PO Box 71246 Ma, Marina, 
Dubai, UNITED ARAB EMIRATES",+97143441122
MARINA MEDICAL CENTER LLC,,,,"Al Soor Building  Floor  MEZZANINE  Ibrahim Mohd A, Above Lifeline Pharmacy, Al Soor Area, 
Sharjah, UNITED ARAB EMIRATES",+97165625234
MARINA OLD TOWN PHARMACY,,,,"Store No Ff 052  Floor  GROUND  Old Town  Down Tow, Souk Al Bahar, 
Dubai, UNITED ARAB EMIRATES",+97144201172
MARINA PHARMACY,,,,"Mesk Tower, Floor: Ground, Marina Walk, PO Box 726, Dubai Marina, 
Dubai, UNITED ARAB EMIRATES",+97143466889
MARINA PHARMACY ALMUSTAQBAL BR OF MARINA PHAR,,,,"Valiant Clinic  PO Box 72640- City Walk Phase 2 Al, Al Wasl, 
Dubai, UNITED ARAB EMIRATES",+97143466889
MARINA PHARMACY BORJ STATION LLC,,,,"Burj Khalifa Metro Station,, 
Dubai, UNITED ARAB EMIRATES",+97143809663
MARINA PHARMACY CARE 1 BR OF MARINA PHARMACY,,,,"Dubai Iranian Hospital Al Wasl Road, PO Box 72640, 
Dubai, UNITED ARAB EMIRATES",+97143466889
MARINA PHARMACY CARE 3 BR OF MARINA PHARMACY,,,,"Al Wasl Road, PO Box 72640, 
Dubai, UNITED ARAB EMIRATES",+97143466889
MARINA PHARMACY CARE 5 BR OF MARINA PHARMACY,,,,"Iranian Clinic Safa Clinic Al Asayel St, PO Box 72, 
Dubai, UNITED ARAB EMIRATES",+97143466889
MARINA PHARMACY CARE TWO BR OF MARINA PHARMAC,,,,"Satwa, Satwa, Satwa, 
Dubai, UNITED ARAB EMIRATES",+97143436020
MARINA PHARMACY CITY CENTER STATION LLC,,,,"Deira City Center Metro Station, Al Ittihad, Al Ittihad, 
Dubai, UNITED ARAB EMIRATES",+97142500682
MARINA PHARMACY CITY WALK BR OF MARINA PHARMA,,,,"Al Albaany St, City Walk Phase 2, City Walk Phase 2, 
Dubai, UNITED ARAB EMIRATES",+97143466889
MARINA PHARMACY GOLDEN MILE ONE,,,,"Golden Mile One Bldg Goiden Mile Souq, Palm Jumeir, Palm Jumeirah, 
Dubai, UNITED ARAB EMIRATES",+97144549550
MARINA PHARMACY PALM FZCO,,,,"Clubhouse, Floor: Ground, Palm Street, PO Box 7264, Palm Jumeirah, 
Dubai, UNITED ARAB EMIRATES",+97144355963
MARINA PHARMACY SHOROOQ BR OF MARINA PHARMACY,,,,"Shop G07 Community Center  PO Box 72640 Shorooq, Shorooq, 
Dubai, UNITED ARAB EMIRATES",+97143466889
MARINA PHARMACY SOUTH,,,,"South My City Center Om Souqiem Road B005, PO Box , Al Barsha, 
Dubai, UNITED ARAB EMIRATES",+97143466889
MARINA VIEW PHARMACY LLC,,,,"Marina Heights Building United Arab Emirates, Duba, Dubai Marina, 
Dubai, UNITED ARAB EMIRATES",+97143441122
MARIYAM DENTAL CENTRE,,,,"Ibrahim Khalifa Al Saeedi Building, Floor: 2, Al Q, Al Sawan, 
Ajman, UNITED ARAB EMIRATES",+97167445696
MARSA LIFE PHARMACY LLC,,,,"Shop 7  Mag 218 United Arab Emirates  Dubai Marina, Dubai Marina, 
Dubai, UNITED ARAB EMIRATES",+97143441122
MAS LIFE PHARMACY BR OF LIFE PHARMACY LLC,,,,"Shop 5  Dolphin Hotel Apartments  PO Box 71246 Kha, Khalid Bin Waleed Road, 
Dubai, UNITED ARAB EMIRATES",+97143441122
MASAFI HOSPITAL,,,,"MASAFI FUJAIRAH MASAFI, MASAFI, 
Fujairah, UNITED ARAB EMIRATES",09 256 4473
MASHREQ PHARMACY LLC,,,,"Bin Hindi Building, Floor: GROUND, 11th Street, PO, Al Qusais, 
Dubai, UNITED ARAB EMIRATES",+97142634081
MAWADAH PHARMACY,,,,"Mawadah Pharmacy, Floor: Ground, Immigration Road,, Quassimiya, 
Sharjah, UNITED ARAB EMIRATES",+97165744878
MAWJOOD PHARMACY LLC,,,,"Ayish Mahmmod Building, Floor: GROUND, Al Quds Str, 
Ajman, UNITED ARAB EMIRATES",+97167429030
MAX CARE PHARMACY,,,,"Batha Al Hayer Road 20  PO Box 18132 Sanaiya, Sanaiya, 
Al Ain, UNITED ARAB EMIRATES",+97137228824
MAX VISION TRADING LLC,,,,"Russia Cluster V3, Floor: GROUND FLO, Al Warsan, P, Dubai International City, 
Dubai, UNITED ARAB EMIRATES",+97144564586
MEADOWS LIFE PHARMACY BR OF LIFE PHARMACY LLC,,,,"Unit No. Gf 32  New Meadows Village  PO Box 71246, 
Dubai, UNITED ARAB EMIRATES",+97143441122
MED CARE PHARMACY LLC,,,,"SS Lootha building 297,Near Al Hilal Bank ,Al qusa, AL QUSAIS, 
Dubai, UNITED ARAB EMIRATES",+971 4 328 8884
MEDCARE AL NAHDA MEDICAL CENTER,,,,"Johar Building  Block A  Floor  G  Al Taawun Stree, 
Sharjah, UNITED ARAB EMIRATES",+97165257497
MEDCARE ALZAHIA MEDICAL CENTER,,,,"Sharjah-Muwaileh/Sharjah-University City Street, O, AL ZAHIA, 
Sharjah, UNITED ARAB EMIRATES",97144079188
MEDCARE DR SAEED AL SHAIKH GASTRO AND OBESITY,,,,"Al Matloub Building Al Safa First, Sheikh Zayed Ro, 
Dubai, UNITED ARAB EMIRATES",
MEDCARE EYE CENTER BRANCH OF MEDCARE HOSPITAL,,,,"Mathloob Building  Block F  Floor  1ST  Sheikh Zay, Jumeirah, 
Dubai, UNITED ARAB EMIRATES",+97144079104
MEDCARE HOSPITAL LLC,,,,"Medcare Hospital Llc(Bank Of Baroda, Floor: All, S, Jumeirah, 
Dubai, UNITED ARAB EMIRATES",+97144079100
MEDCARE HOSPITAL LLC SHJ BR BRANCH 1,,,,"Sheikh Saqr Bin Khalid Al Qasimi St Bu Danig Hay A, Al Qasimiah, 
Sharjah, UNITED ARAB EMIRATES",97165997200
MEDCARE HOSPITAL LLC SHJ BRANCH,,,,"King Faisal StreetSharjah, UAE, PO BOX 119428 King, King Faisal St, 
Sharjah, UNITED ARAB EMIRATES",+97144407910
MEDCARE MED CTR MIRDIFF CITY CTR,,,,"Mirdiff City Centre Unit No. 350, Floor: 1ST, Shei, Mirdif, 
Dubai, UNITED ARAB EMIRATES",+97143953115
MEDCARE MEDICAL CENTER BR OF MEDCARE HOSPITAL,,,,"Al Barjeel Oasis Complex  Floor  GROUND FLO  Road , Mirdif, 
Dubai, UNITED ARAB EMIRATES",+97144079200
MEDCARE MEDICAL CENTER DISCOVERY GARDEN,,,,"Discovery Pavilion Building, Floor: GROUND FLO, Di, 
Dubai, UNITED ARAB EMIRATES",+97144079220
MEDCARE MEDICAL CENTER MARINA BR OF MEDCARE H,,,,"Sukoon Tower, Floor: GROUND FLO, Al Emreef Street,, Dubai Marina, 
Dubai, UNITED ARAB EMIRATES",+97144546001
MEDCARE MEDICAL CENTER MEADOWS BR OF MEDCARE HOSPITAL LLC,,,,"The Meadows VillageEmaar Living Community1st Floor, MEADOWS VILLAGE, 
Dubai, UNITED ARAB EMIRATES",97144580701
MEDCARE MEDICAL CENTER NAD AL SHEBA BR OF MEDCARE HOSPITAL LLC,,,,"Nad Al Sheba Mall Nad Al Sheba 3, Nad Al Sheba 3, 
Dubai, UNITED ARAB EMIRATES",97145858903
MEDCARE MEDICAL CENTER PALM JUMEIRAH,,,,"Palm - Jumeira, Seven Hotel & Apartments, the palm, PALM JUMEIRA, 
Dubai, UNITED ARAB EMIRATES",97144079188
MEDCARE MEDICAL CENTER THE VALLEY BR OF MEDCARE HOSPITAL LLC,,,,"The Valley by Emaar DUBAI AL AIN RD, DUBAI AL AIN RD, 
Dubai, UNITED ARAB EMIRATES",97145858903
MEDCARE MEDICAL CENTER TILAL AL GHAF,,,,"Tilal Al Ghaf Mall, Next to Carrefour Market,Distr, TILAL AL GHAF, 
Dubai, UNITED ARAB EMIRATES",97144079188
MEDCARE MEDICAL CENTRE AL BARSHA BR OF MEDCARE HOSPITAL,,,,"Medcare Medical Centre Al Barsha, Trio BldgNear Gr, BARSHA, 
Dubai, UNITED ARAB EMIRATES",9714-3243185
MEDCARE MEDICAL CENTRE AL FURJAN WEST PHARMACY BR OF MEDCARE HOSPITAL LLC,,,,"Shop 1, Al Furjan West Pavilion, Jabal Ali First, , JABAL ALI FIRST, 
Dubai, UNITED ARAB EMIRATES",9714-5513796
MEDCARE MEDICAL CENTRE AL KHAWANEEJ BR OF MED,,,,"DAKAKEEN CENTRE, ALKHAWANEEJ 2 AL KHAWANEEJ, AL KHAWANEEJ, 
Dubai, UNITED ARAB EMIRATES",
MEDCARE MEDICAL CENTRE ARABIAN RANCHES 3,,,,"Arabian Ranches 3, Souk , MAKANI 3092973721 ARABIA, ARABIAN RANCHES, 
Dubai, UNITED ARAB EMIRATES",8006332273
MEDCARE MEDICAL CENTRE ARJAN BR OF MEDCARE HOSPITAL LLC,,,,"UNION COOP MALL AL BARSHA SOUTH Al Barsha South Ma, AL BARSHA SOUTH 4, 
Dubai, UNITED ARAB EMIRATES",+971566893657
MEDCARE MEDICAL CENTRE BARSHA SOUTH PHARMACY BR OF MEDCARE HOSPITAL LLC,,,,"Union Coop  Al Barsha South Mall  Dubai  Po Box 50, 
Dubai, UNITED ARAB EMIRATES",+97143254383
MEDCARE MEDICAL CENTRE JUMEIRAH,,,,"Medcare Medical Centre  Jumeirah  Floor  Ground  U, Jumeirah, 
Dubai, UNITED ARAB EMIRATES",+97143953115
MEDCARE MEDICAL CENTRE MIRDIFF BR OF MEDCARE,,,,"Al Barajeel Oasis Complex, Floor: 1st Floor, Alger, Mirdif, 
Dubai, UNITED ARAB EMIRATES",+97142840722
MEDCARE MEDICAL CENTRE MOTOR CITY BR OF MEDCA,,,,"Building 3  The Ribbon Mall  PO Box 215565 Motor C, Motor City, 
Dubai, UNITED ARAB EMIRATES",+97144079104
MEDCARE MEDICAL CENTRE RASHIDIYA BR OF MEDCAR,,,,"Bin Sougat Centre Airport Road, PO Box 215565 Rash, Rashidiya, 
Dubai, UNITED ARAB EMIRATES",+97142885881
MEDCARE MEDICAL CENTRE TOWN SQUARE BR OF MEDCARE HOSPITAL LLC,,,,"Town Square Zahra Breeze 4AApartment/Villa Number:, AL Yalayis-2, 
Dubai, UNITED ARAB EMIRATES",97143210550
MEDCARE MEDICAL CENTRE VENTURA MALL DAMAC HILLS,,,,"Al Hebiah Third Ventura at - DAMAC Hills - Dubai D, DAMAC HILLS, 
Dubai, UNITED ARAB EMIRATES",97144079188
MEDCARE MEDICAL CTR BR OF MEDCARE HOSP LLC,,,,"Jumeirah Beach Residence 4 Marsa Dubai   PO Box 21, Jumeira Beach Residence, 
Dubai, UNITED ARAB EMIRATES",+97144539450
MEDCARE ORTHOPAEDICS AND SPINE HOSPITAL MOSH,,,,"Medcare Orthopaedics & Spine Hospital Sheikh Zayed, Jumeira, 
Dubai, UNITED ARAB EMIRATES",+97143768400
MEDCARE PEDIATRIC SPECIALITY CLINIC,,,,"Villa No 454  Floor  1  Jumeirah Beach Road  PO Bo, Jumeirah, 
Dubai, UNITED ARAB EMIRATES",+97144079104
MEDCARE PHYSIOTHERAPY AND REHABILITATION CENT,,,,"Smj 1  Floor  2  2nd Floor  Smj 1 Bldg. Sheikh Zay, Jumeirah, 
Dubai, UNITED ARAB EMIRATES",+97144079104
MEDCARE ROYAL SPECIALITY HOSPITAL,,,,"NAMAH PREMISESAL TWARAL QUSAIS 2 AL QUSAIS 2, AL QUSAIS 2, 
Dubai, UNITED ARAB EMIRATES",97148374800
MEDCARE WOMEN AND CHILDREN HOSPITAL,,,,"Sheikh Zayed Road PO Box 215565 Al Safa 2, Al Safa 2, 
Dubai, UNITED ARAB EMIRATES",+97144079104
MEDEOR 24X7 HOSPITAL LLC,,,,"Floor  5 FLOORS  Sheikh Khalifa Bin Zayed Street  , Embassy District,Consulates Area, 
Dubai, UNITED ARAB EMIRATES",+97143500600
MEDEOR 24X7 HOSPITAL LLC ABU DHABI,,,,"Medeor 24x7 Hospital Building Muroor Road, PO Box , Madinat Zayed Area, 
Abu Dhabi, UNITED ARAB EMIRATES",+97126900600
MEDEOR 24X7 PHARMACY LLC,,,,"Medeor 24x7 Hospital Building, Floor: GF, Muroor R, Madinat Zayed Area, 
Abu Dhabi, UNITED ARAB EMIRATES",+97126900500
MEDHUB MEDICAL CENTER LLC,,,,"SHOP 23 24 FLOOR 1 THE AB MALL Jebel Ali, Jebel Ali, 
Dubai, UNITED ARAB EMIRATES",97142626991
MEDHUB MEDICAL CENTER LLC BRANCH,,,,"Abdulaziz Mohammed Ibrahim Obaidalla building Grou, JEBEL ALI, 
Dubai, UNITED ARAB EMIRATES",97142365165
MEDHUB PHARMACY LLC BRANCH DIP2,,,,"SHO NO 20 THE TOWN MALL DIP 2, DIP 2, 
Dubai, UNITED ARAB EMIRATES",97142365260
MEDI CENTRES POLYCLINIC,,,,"Medi Centres Polyclinic Block B Motor City Retail,, Motor City, 
Dubai, UNITED ARAB EMIRATES",+97143608866
MEDI CENTRES POLYCLINIC DAFZA BRANCH DAFZA,,,,"Al Twar Second  Dubai Airport Free zone 2 W G05 DA, DAFZA, 
Dubai, UNITED ARAB EMIRATES",04 414 4444
MEDI CENTRES POLYCLINIC JUMEIRAH BRANCH,,,,"Jumeirah Park Pavilion Community Centre, Floor: GR, Jumeirah Village Circle, 
Dubai, UNITED ARAB EMIRATES",+97145516311
MEDI CENTRES POLYCLINIC LLC BRANCH AL FURJAN,,,,"Jabal Ali First Al furjan pavilion shopping mall R, AL FURJAN, 
Dubai, UNITED ARAB EMIRATES",04 414 4634
MEDI CENTRES POLYCLINIC LLC BRANCH DUBAI MALL,,,,"Zabeel Second Zabeel the Dubai Mall SF 30 Dubai Du, Dubai Mall, 
Dubai, UNITED ARAB EMIRATES",04 414 4444
MEDI CENTRES POLYCLINIC LLC BRANCH DUBAI SILICON OASIS,,,,"Nadd Hessa Dubai silicon plaza shop no16 DSO Dubai, Dubai Silicon Oasis, 
Dubai, UNITED ARAB EMIRATES",04 414 4444
MEDI CENTRES POLYCLINIC PHARMACY MOTOR CITY,,,,"Al Hebiah First Fox Hill6 R20 R23 MOTOR CITY, MOTOR CITY, 
Dubai, UNITED ARAB EMIRATES",04 414 4444
MEDI FAMILY POLYCLINIC,,,,"115 Sit Tower, Floor: FIRST, Nadd Hessa Street, PO, Dubai Silicon Oasis, 
Dubai, UNITED ARAB EMIRATES",+97143922268
MEDI GREEN PHARMACY LLC,,,,"Shop 3 Bu Hussain, Floor: GROUND, Dhoha Street, PO, Al Qusais, 
Dubai, UNITED ARAB EMIRATES",+97142542757
MEDI PRIME AL MAJAZ PHARMACY LLC BRANCH 1,,,,"Zero 6 Mall, Floor: GROUND FLO, University City Ro, Al Jurainah, 
Sharjah, UNITED ARAB EMIRATES",
MEDI PRIME AL MAJAZ PHARMACY LLC BRANCH 2,,,,"RAHMANIYA MALL, ABU AMR AL BASRI STREET, AL RAHMAN, AL RAHMANIYA, 
Sharjah, UNITED ARAB EMIRATES",97147070999
MEDI PRIME AL MIZHAR PHARMACY LLC,,,,"Arabian Center Shopno.1122  Floor  Ground  Al Khaw, Al Mizhar, 
Dubai, UNITED ARAB EMIRATES",+97142845674
MEDI PRIME AL NAHDA PHARMACY LLC,,,,"Al Roda Tower 2  Floor  GROUND  Al Etihad Street  , Al Nahda, 
Sharjah, UNITED ARAB EMIRATES",+97147070999
MEDI PRIME AL QASIMIAH PHARMACY,,,,"Al Qasmia Building, Floor: Ground, Immigration Roa, Near Mashreq Bank, 
Sharjah, UNITED ARAB EMIRATES",+97165752200
MEDI PRIME PHARMACY,,,,"Safeer Market  Floor  2ND FLOOR  King Faisal Stree, Al Majaz-1, 
Sharjah, UNITED ARAB EMIRATES",+97165044044
MEDI PRIME PHARMACY AJM LLC,,,,"Grand Mall, Floor: GROUND, Sheikh Khalifa Bin Zaye, Al Rashidyah, 
Ajman, UNITED ARAB EMIRATES",
MEDI PRIME PHARMACY AL QUSAIS BR OF MEDI PRIM,,,,"Al Qusais Plaza, Floor: GROUND, Damascus  Street, , Al Qusais, 
Dubai, UNITED ARAB EMIRATES",+97142720720
MEDI PRIME PHARMACY AL WARQA,,,,"Al Warqa City Mall, Floor: GROUND FLO,  PO Box 716, Al Warqa 3, 
Dubai, UNITED ARAB EMIRATES",+97147070999
MEDI PRIME PHARMACY BARSHA HEIGHTS BR OF MEDI,,,,"The Onyx Tower 1 Landscape Leocore, Floor: GROUND,, The Greens (Al Thanyah Third), 
Dubai, UNITED ARAB EMIRATES",+97147070999
MEDI PRIME PHARMACY JUMEIRAH BRANCH LLC,,,,"Al Ferdous 1, Floor: GROUND FLO, Al Wasl Road, PO , Al Safa, 
Dubai, UNITED ARAB EMIRATES",+97147070999
MEDI PRIME PHARMACY LLC,,,,"Reef Mall, Floor: 2ND FLOOR, Salahuddin Road, PO B, Deira, 
Dubai, UNITED ARAB EMIRATES",+97142720720
MEDI PRIME PHARMACY MAJAN (BR OF MEDI PRIME PHARMACY (LLC)),,,,"ANDALUSIA COURTYARD MALL G ANDALUSIA COURTYARD MAL, Living Legends, 
Dubai, UNITED ARAB EMIRATES",
MEDI PRIME PHARMACY MOTOR CITY BR OF MEDI PRI,,,,"First Avenue Mall, Floor: FIRST, Al Hebaiah First , Dubai Motor City, 
Dubai, UNITED ARAB EMIRATES",+97147070999
MEDI PRIME PHARMACY NADD ALHAMAR (BR OF MEDI PRIME PHARMACY LLC),,,,"UNION COOP, NADD AL HAMAR G UNION COOP  NADD AL HA, Nadd Al Hamar, 
Dubai, UNITED ARAB EMIRATES",
MEDI PRIME PHARMACY REEF MALL BR OF MEDI PRIM,,,,"Gulf Air Bldg. Salahuddin Road, PO Box 7162 Deira, Deira, 
Dubai, UNITED ARAB EMIRATES",+97142720720
MEDI SENSE CLINIC,,,,"The Curve Building  Floor  LEVEL 1  Beside Rakbank, Sheikh Zayed Road, 
Dubai, UNITED ARAB EMIRATES",
MEDIC MEDICAL DIAGNOSTIC CENTR DXB,,,,"Hamsa Commercial Complex, Floor: 2, Khalid Bin Wal, Bur Dubai, 
Dubai, UNITED ARAB EMIRATES",+97143885000
MEDICA INTERNATIONAL MEDICAL CENTER LLC,,,,"539 Mubarak Bin Mohammed St - Al Manhal - W14 01 -, AlManhal, 
Abu Dhabi, UNITED ARAB EMIRATES",+97126282293
MEDICA ZONE CLINIC,,,,"Villa 18 Al Reef 2 Al Wasl Road, PO Box 211357 Umm, Umm Suqeim 2, 
Dubai, UNITED ARAB EMIRATES",+97143383100
MEDICA ZONE PHARMACY,,,,"Villa 18 Al Reef 2 Al Wasl Road, PO Box 211357 Umm, Umm Suqeim 2, 
Dubai, UNITED ARAB EMIRATES",+97143383100
MEDICAL LASER CENTER DENTAL,,,,"Green Tower Buliding, Floor: 2, Khalifa Street, PO, 
Abu Dhabi, UNITED ARAB EMIRATES",+97126260360
MEDICAL PARK CONSULTANTS ONE DAY SURGERY CENT,,,,"PO Box 47247 Al Bateen, Al Bateen, 
Abu Dhabi, UNITED ARAB EMIRATES",+97123048888
MEDICAL SPECIALISTS CENTRE,,,,"Medical Specialists Centre Al Mina Road, PO Box 20, Bur Dubai, 
Dubai, UNITED ARAB EMIRATES",+97143454040
MEDICAL SPECIALISTS CENTRE AL BARSHA BRANCH,,,,"Besides Holiday Inn Hotel  Near Mall Of Sh. Zayed , Al Barsha 1, 
Dubai, UNITED ARAB EMIRATES",+97143409495
MEDICAL SPECIALITY CENTER,,,,"Atiqa Bith Eissa Jasim, Floor: M FLOOR, Khalidiya,, 
Abu Dhabi, UNITED ARAB EMIRATES",+97126336325
MEDICARE PHARMACY LLC,,,,"Uae Exchange Building Rolla, Rolla, 
Sharjah, UNITED ARAB EMIRATES",+97165244660
MEDICINA 1 PHARMACY,,,,"Souq Al Wasl, PO Box 31225 Al Maktoum Hospital Roa, Al Maktoum Hospital Road, 
Dubai, UNITED ARAB EMIRATES",+97142943248
MEDICINA 2 PHARMACY,,,,"Nad Al Hamar  PO Box 31225, 
Dubai, UNITED ARAB EMIRATES",+97142898201
MEDICINA 26 PHARMACY,,,,"Safeer Market Al Khan, Floor: GROUND, Al Khan Stre, Alkhan, 
Sharjah, UNITED ARAB EMIRATES",+97165265598
MEDICINA 28 PHARMACY,,,,"Safeer Centre Dibba, Dibba, 
Fujairah, UNITED ARAB EMIRATES",+97192441604
MEDICINA 3 PHARMACY,,,,"The Mall Jumeirah Road  PO Box 31225 Jumeirah, Jumeirah, 
Dubai, UNITED ARAB EMIRATES",+97143219943
MEDICINA 30 PHARMACY,,,,"Imall, Floor: 31225, Al Ittihad Road, Al Nahda, Al Nahda, 
Sharjah, UNITED ARAB EMIRATES",+97165248013
MEDICINA 31 PHARMACY,,,,"City Centre Sharjah Al Ittihad Road, PO Box 31225 , Industrial Area 1, 
Sharjah, UNITED ARAB EMIRATES",+97165246525
MEDICINA 33 PHARMACY,,,,"Near Emirates National School Al Ittihad Road  PO , Al Rahmaniyah, 
Sharjah, UNITED ARAB EMIRATES",+97167448476
MEDICINA AL FAHIDI PHARMACY,,,,"Al Fahidi Souq, Bur Dubai, Bur Dubai, 
Dubai, UNITED ARAB EMIRATES",+97143550552
MEDICINA AL FALAH PHARMACY,,,,"Al Falah Community,, 
Abu Dhabi, UNITED ARAB EMIRATES",+97125846880
MEDICINA AL MUNEERA PHARMACY,,,,"Al Raha Beach, PO Box 46861 Al Muneera Island, Al Muneera Island, 
Abu Dhabi, UNITED ARAB EMIRATES",+97125513004
MEDICINA BEACH ROAD PHARMACY,,,,"Nesto Hypermarket  PO Box 46861 Nadd Al Hamar, Nadd Al Hamar, 
Dubai, UNITED ARAB EMIRATES",+97142239282
MEDICINA FIRST PHARMACY AJMAN,,,,"Union Coop, 
Ajman, UNITED ARAB EMIRATES",+97167472207
MEDICINA FIRST PHARMACY DUBAI,,,,"Jumeirah Beach Road, PO Box 46861, 
Dubai, UNITED ARAB EMIRATES",+97143471266
MEDICINA GULF PHARMACY,,,,"Muroor Street, PO Box 46861, 
Abu Dhabi, UNITED ARAB EMIRATES",+97124483454
MEDICINA INTERNATIONAL PHARMACY,,,,"Kanaan Building - Al Sa'adah - Zone 1 - Abu Dhabi, 
Abu Dhabi, UNITED ARAB EMIRATES",+97124496744
MEDICINA PHARMACY 10,,,,"Dubai Science Park  PO Box 31225 Umm Suqeim, Umm Suqeim, 
Dubai, UNITED ARAB EMIRATES",+97144285505
MEDICINA PHARMACY 11,,,,"Shop No. 2 Ground Barraquer Eye Hospital Dubai Hea, 
Dubai, UNITED ARAB EMIRATES",+97143236148
MEDICINA PHARMACY 12,,,,"All Day Shopping Center  PO Box 31225 Academic Cit, Academic City, 
Dubai, UNITED ARAB EMIRATES",+97144543123
MEDICINA PHARMACY 13,,,,"Mirdif 35 Avenue, PO Box 31225 Mirdif, Mirdif, 
Dubai, UNITED ARAB EMIRATES",+97142280566
MEDICINA PHARMACY 14,,,,"Regal Tower Saada Street  PO Box 31225 Business Ba, Business Bay, 
Dubai, UNITED ARAB EMIRATES",+97144425538
MEDICINA PHARMACY 15,,,,"Hessa Rd  PO Box 31225 Al Barsha 1, Al Barsha 1, 
Dubai, UNITED ARAB EMIRATES",+97148875072
MEDICINA PHARMACY 16,,,,"Park Centre  Floor  31225  Mirdiff, Mirdiff, 
Dubai, UNITED ARAB EMIRATES",+97143456556
MEDICINA PHARMACY 20 FUJAIRAH BRANCH,,,,"Sheikh Hamad Bin Abdulla Street, PO Box 1298 Next , Next To Fuala, 
Fujairah, UNITED ARAB EMIRATES",+97192235894
MEDICINA PHARMACY 22,,,,"Safeer Centre  Kalba, Kalba, 
Fujairah, UNITED ARAB EMIRATES",+97192770371
MEDICINA PHARMACY 23,,,,"Central Sharjah Shop  02 Sheikh Rashid Bin Saqr Al, Halwan Suburb, Samnan, 
Sharjah, UNITED ARAB EMIRATES",+97165303980
MEDICINA PHARMACY 25,,,,"Al Wasit Street  PO Box 46861 Al Wasit Road, Al Wasit Road, 
Sharjah, UNITED ARAB EMIRATES",+97165660741
MEDICINA PHARMACY 5,,,,"Grand Midwest Hotel Appartments Sheikh Zayed Road , 
Dubai, UNITED ARAB EMIRATES",+97143236148
MEDICINA PHARMACY 6,,,,"Al Attar Business Centre Sheikh Zayed Road Al Bars, Al Barsha 1, 
Dubai, UNITED ARAB EMIRATES",+97143236148
MEDICINA PHARMACY 7,,,,"Al Khaleej Shopping Centre Al Mankhool Street, PO , 
Dubai, UNITED ARAB EMIRATES",+97143236148
MEDICINA PHARMACY 8,,,,"Near Mass Supermarket  PO Box 31225 Al Warqa 1, Al Warqa 1, 
Dubai, UNITED ARAB EMIRATES",+97142800674
MEDICINA PHARMACY 9,,,,"Wasl Stadium Oud Metha Rd  PO Box 31225, 
Dubai, UNITED ARAB EMIRATES",+97143313152
MEDICINA PHARMACY AJMAN,,,,"Safeer Market, Mushrif, Mushrif, 
Ajman, UNITED ARAB EMIRATES",+97167313042
MEDICINA PHARMACY AUH,,,,"Subway Building   3rd St   Al Danah   Zone 1   Abu, 
Abu Dhabi, UNITED ARAB EMIRATES",+97126589543
MEDICINA PHARMACY BRANCH 10,,,,"Central Mall, Floor: GROUND,  PO Box 41412 Khalifa, Khalifa City, 
Abu Dhabi, UNITED ARAB EMIRATES",+97125571194
MEDICINA PHARMACY BRANCH 12,,,,", Floor: GROUND,  PO Box 41412 Al Jimi Area, Al Jimi Area, 
Al Ain, UNITED ARAB EMIRATES",+97137555957
MEDICINA PHARMACY BRANCH 2 AL SHAHAMA,,,,"Global Outlet Mall Al Rahba, PO Box 41412 Al Shaha, Al Shahama, 
Abu Dhabi, UNITED ARAB EMIRATES",+97124416223
MEDICINA PHARMACY BRANCH 2 BANIYAS WEST,,,,", Floor: GROUND, Baniyas West, PO Box 41412, 
Abu Dhabi, UNITED ARAB EMIRATES",+97125501800
MEDICINA PHARMACY BRANCH 3,,,,"Al Falahi Building  Floor  GROUND  Al Muroor Stree, 
Abu Dhabi, UNITED ARAB EMIRATES",+97126440615
MEDICINA PHARMACY BRANCH 4,,,,"Amaya Tower, Floor: GROUND,  PO Box 41412 Al Reem , Al Reem Island, 
Abu Dhabi, UNITED ARAB EMIRATES",+97126500168
MEDICINA PHARMACY BRANCH 5,,,,"Al Dhafra Sports And Cultural Club Bldg. Madinat Z, Al Dhafra, 
Abu Dhabi, UNITED ARAB EMIRATES",+97128835468
MEDICINA PHARMACY BRANCH 6,,,,", Floor: GROUND,  PO Box 41412 Al Falah Village 4, Al Falah Village 4, 
Abu Dhabi, UNITED ARAB EMIRATES",+97125844114
MEDICINA PHARMACY BRANCH 7,,,,", Floor: GROUND,  PO Box 41412 Gate City, Gate City, 
Abu Dhabi, UNITED ARAB EMIRATES",+97126678701
MEDICINA PHARMACY BRANCH 8,,,,", Floor: GROUND, Afcoop, PO Box 41412 Shaab Al Ash, Shaab Al Ashkhar, 
Al Ain, UNITED ARAB EMIRATES",+97137664715
MEDICINA PHARMACY DUBAI,,,,"Umm Suqeium, Barsha, Barsha, 
Dubai, UNITED ARAB EMIRATES",+97143237202
MEDICINA PHARMACY RAK,,,,"Safeer Center, 
Ras Al Khaimah, UNITED ARAB EMIRATES",+97172332580
MEDICINES SHOPPE MICRO PHARMACY LLC,,,,"Sartoga Building, Floor: Ground, Near Mall Of The , Al Barsha, 
Dubai, UNITED ARAB EMIRATES",+97143237939
MEDICLINIC AL BARSHA DIALYSIS CENTRE,,,,"PO Box 51122Al Khail Rd - Al Barsha - Al Barsha So, Al Barsha South, 
Dubai, UNITED ARAB EMIRATES",
MEDICLINIC AL MAMORA LLC,,,,"Al Mamura /Muroor Road, PO Box 46713, 
Abu Dhabi, UNITED ARAB EMIRATES",+97126723400
MEDICLINIC AL QUSAIS CLINIC LLC,,,,"Dubai Residential Oasis Building, Floor: Ground, D, Al Qusais, 
Dubai, UNITED ARAB EMIRATES",+97142586466
MEDICLINIC AL SUFOUH,,,,"Block No. 10, Floor: Ground, Knowledge Village, PO, Dubai Media City, 
Dubai, UNITED ARAB EMIRATES",+97143661030
MEDICLINIC AL TAWAR DIALYSIS CENTRE BR OF MED,,,,"PO Box 31500 Al Twar Third,, Al Twar Third,, 
Dubai, UNITED ARAB EMIRATES",
MEDICLINIC ARABIAN RANCHES CLINIC,,,,"Arabian Ranches Community, Floor: Ground, Arabian , Arabian Ranches, 
Dubai, UNITED ARAB EMIRATES",+97144534020
MEDICLINIC CITY HOSPITAL FZ LLC,,,,"Building No 37  Floor  3rd Floor  Building   37  S, Dubai Healthcare City, 
Dubai, UNITED ARAB EMIRATES",+97144359999
MEDICLINIC CREEK HARBOUR,,,,"Creekside 18 Al Kheeran 2 Creek Harbour Dubai UAE , Creek Harbour, 
Dubai, UNITED ARAB EMIRATES",+97142125888
MEDICLINIC DEIRA CLINIC,,,,"City Centre Office Bldg. PO Box 111229, Port Saeed, Next To Pullman Citycentre Hotel, 
Dubai, UNITED ARAB EMIRATES",+97146055901
MEDICLINIC DUBAI HILLS,,,,"DUBIA HILLS MALL, FIRST FLOOR, DUBAI HILLS, DUBAI , DUBAI HILLS, 
Dubai, UNITED ARAB EMIRATES",97143816555
MEDICLINIC DUBAI MALL MEDICAL CENTRE,,,,"Dubai Mall, Floor: TWO, FINACIAL CENTER ROAD / EMA, Downtown Dubai, 
Dubai, UNITED ARAB EMIRATES",+97144495111
MEDICLINIC HOSPITALS AIRPORT ROAD HOSPITAL,,,,"Al Noor Hospital Airport Road ??Next To The Airpor, Abu Dhabi, 
Abu Dhabi, UNITED ARAB EMIRATES",+97124944773
MEDICLINIC HOSPITALS AL AIN BRANCH HOSPITAL,,,,"Al Noor Hospital  Al Ain Khalifa Street  PO Box 14, Next To Choitram Supermarket, 
Al Ain, UNITED ARAB EMIRATES",+97137667666
MEDICLINIC HOSPITALS ALMUSAFAH SPECIALITY CLINICS LLC OPC,,,,"Bilal Mustafa Al Khaled Bldg Me 10  Shabiya  Mussa, Mussafah, 
Abu Dhabi, UNITED ARAB EMIRATES",+97125520777
MEDICLINIC HOSPITALS BANIYAS CLINICS,,,,"Baniyas, PO Box 46713, 
Abu Dhabi, UNITED ARAB EMIRATES",+97125668800
MEDICLINIC HOSPITALS LLC AL JOWHARA HOSPITAL,,,,"Al Jimi Area  PO Box 222766 Al Ain City, Al Ain City, 
Al Ain, UNITED ARAB EMIRATES",+97137051591
MEDICLINIC HOSPITALS MADINAT ZAYED SPECIALITY CILNIC,,,,"Madinat Zayed, PO Box 57827 Western Region, Western Region, 
Abu Dhabi, UNITED ARAB EMIRATES",+97128848883
MEDICLINIC IBN BATTUTA CLINIC LLC,,,,"China Court  Ibn Battuta Mall  Floor  Ground  Jebe, Jebel Ali, 
Dubai, UNITED ARAB EMIRATES",+97144409000
MEDICLINIC KHALIFA CITY LLC,,,,"Villa No. 284  PO Box 46713 Khalifa City, Khalifa City, 
Abu Dhabi, UNITED ARAB EMIRATES",+97128856711
MEDICLINIC MEADOWS CLINIC BR OF MEDICLINICS,,,,"Mediclinic Meadows  Floor  1  The Meadows Communit, Meadows-2, 
Dubai, UNITED ARAB EMIRATES",+97144534040
MEDICLINIC MEAISEM,,,,"Me'Aisem City Centre, Floor: GF, Dubai Production , Dubai Production City, 
Dubai, UNITED ARAB EMIRATES",
MEDICLINIC MIRDIF CLINIC LLC,,,,"Uptown Mirdiff, Floor: Ground, Algeria Street, PO , Mirdif, 
Dubai, UNITED ARAB EMIRATES",+97142881302
MEDICLINIC PARKVIEW HOSPITAL LLC,,,,"Mediclinic BuildingUmm Suqeim St - Arjan-Dubailand, Al Barsha South, 
Dubai, UNITED ARAB EMIRATES",+97144168851
MEDICLINIC PHARMACY AL MAMOURA,,,,"Jaber Towers No. 158 Mamoura Area Behind Al Nahyan, Al Maamoura, 
Abu Dhabi, UNITED ARAB EMIRATES",+97126728229
MEDICLINIC PHARMACY AL MUSAFFAH 2 LLC,,,,"Bilal Mustafa Al Khaled Blg Shabiya   10 New Mussa, Musaffah, 
Abu Dhabi, UNITED ARAB EMIRATES",+97124066868
MEDICLINIC PHARMACY ALAIN BRANCH,,,,"Al Mada Complex Khalifa St PO Box 14444, 
Al Ain, UNITED ARAB EMIRATES",+97137060104
MEDICLINIC PHARMACY ALNOOR BRANCH 1,,,,"Ariport Road, PO Box 48481, 
Abu Dhabi, UNITED ARAB EMIRATES",+97124944598
MEDICLINIC PHARMACY ALNOOR BRANCH AL JIMI,,,,"PO Box 222766 Al Jimi Area, Al Jimi Area, 
Al Ain, UNITED ARAB EMIRATES",+97137051587
MEDICLINIC PHARMACY ALNOOR BRANCH AL YAHAR,,,,"Hamad Saif Mohd Al Amri Building   Al Yahar, Al Yahar, 
Al Ain, UNITED ARAB EMIRATES",+97137819060
MEDICLINIC PHARMACY ALNOOR BRANCH ZAKHER,,,,"Al Wagan Road, PO Box 68339 Zakher, Zakher, 
Al Ain, UNITED ARAB EMIRATES",+97137375558
MEDICLINIC PHARMACY KHALIFA CITY,,,,"Villa No. 284  Mediclinic Khalifa City 46713, 46713, 
Abu Dhabi, UNITED ARAB EMIRATES",+97128856711
MEDICLINIC PHARMACY MADINAT ZAYED 2,,,,"Al Dhafra Bldg Al Dhafra Sports Complex, PO Box 57, Madinat Zayed, 
Abu Dhabi, UNITED ARAB EMIRATES",+97128848276
MEDICLINIC PHARMACY REEM MALL,,,,"Alzawiyah St, Al Reem, Abu Dhabi, UAE, 
Abu Dhabi, UNITED ARAB EMIRATES",+97124126110
MEDICLINIC REEM MALL,,,,"Alzawiyah St., Al Reem, Abu Dhabi, UAE, 
Abu Dhabi, UNITED ARAB EMIRATES",+97124126110
MEDICLINIC SPRINGS CLINIC BR OF MEDICLINICS,,,,"Al Sohool Street, PO Box 282414 Meadows Town Centr, Meadows Town Centre, 
Dubai, UNITED ARAB EMIRATES",+97145103222
MEDICLINIC WELCARE HOSPITAL LLC,,,,"Mediclinic Welcare Hospital Floor, Near Millenium , Garhoud, 
Dubai, UNITED ARAB EMIRATES",+97142827788
MEDICLINIC WELCARE OUTPATIENT CENTRE,,,,"Qarhoud Building Apartments, Floor: GROUND, 2nd St, Al Garhoud, 
Dubai, UNITED ARAB EMIRATES",+97142137619
MEDICOM 13 HOME PHARMACY,,,,"Opposite Karama Shopping Centre Al Karama Road, PO, Al Karama, 
Dubai, UNITED ARAB EMIRATES",+97143977739
MEDICOM 17 AL ANSAR PHARMACY,,,,"Ansar Mall, Floor: 1 ST FLOOR, Al Nahda Road, PO B, Al Nahda, 
Sharjah, UNITED ARAB EMIRATES",+97165313256
MEDICOM 9 AL QEMMA PHARMACY,,,,"Opposite Al Qusais Police Station, Floor: Ground, , Al Qusais, 
Dubai, UNITED ARAB EMIRATES",+97142640818
MEDICOM AL PHARABI,,,,"Obaid Mohamed Al Hello, Floor: 1, Gold Souq, PO Bo, Deira, 
Dubai, UNITED ARAB EMIRATES",+97142264844
MEDICOM PHARMACY 1 BR OF DM PHARMACIES LLC,,,,"Union Cooperative Society, Floor: Ground, Al Twar,, Al Qusais, 
Dubai, UNITED ARAB EMIRATES",+97142633677
MEDICOM PHARMACY 10,,,,"Dar Al Aman  27  Floor  Ground  Street 71  PO Box , Mirdif, 
Dubai, UNITED ARAB EMIRATES",+97142885995
MEDICOM PHARMACY 11 BR OF DM PHARMACIES LLC,,,,"Masjid Muhammed Hassan Sheikh Building, Floor: 2, , Al Qusais, 
Dubai, UNITED ARAB EMIRATES",+97142611551
MEDICOM PHARMACY 12 BR OF DM PHARMACIES LLC,,,,"Behind Bin Sougat Centre   Floor  Ground  Near Ras, Al Rashidiya, 
Dubai, UNITED ARAB EMIRATES",+97142859110
MEDICOM PHARMACY 14,,,,"Madina Mall Opp Carrefour Hypermarket Muhaisnah Sh, Muhaisnah, 
Dubai, UNITED ARAB EMIRATES",+97142671333
MEDICOM PHARMACY 15,,,,"Al Fahad Plaza Building, Floor: GROUND, Al Rigga S, Deira, 
Dubai, UNITED ARAB EMIRATES",+97142397956
MEDICOM PHARMACY 16,,,,"Near Sabkha Bus Station, Floor: GROUND,  PO Box 22, Deira, 
Dubai, UNITED ARAB EMIRATES",+97142397956
MEDICOM PHARMACY 18,,,,"Safeer Mall, Floor: GROUND, King Faisal, PO Box 13, Al Nuaimiya, 
Ajman, UNITED ARAB EMIRATES",+97167464665
MEDICOM PHARMACY 2 BR OF DM PHARMACIES LLC,,,,"Mercato Mall, Floor: Ground, Jumeirah Beach Road, , Jumeriah 1, 
Dubai, UNITED ARAB EMIRATES",+97143448333
MEDICOM PHARMACY 23,,,,"NA, Floor: Ground, Al Kharran Road, PO Box 33416 A, Al Kharran, 
Ras Al Khaimah, UNITED ARAB EMIRATES",+97172441433
MEDICOM PHARMACY 26,,,,"Al Sanaya Al Manama Hyper Market  Floor  Ground  M, 
Umm Al Quwain, UNITED ARAB EMIRATES",+97167649734
MEDICOM PHARMACY 27,,,,"Abdullah Abu Shihab Bldg Floor: GROUND, Sheik Khal, 
Ajman, UNITED ARAB EMIRATES",+97167412013
MEDICOM PHARMACY 33 LLC,,,,"Shop No 3  Mirjin Sultan Building  Floor  GROUND  , Deira, 
Dubai, UNITED ARAB EMIRATES",+97142397956
MEDICOM PHARMACY 33 LLC UAQ BRANCH,,,,"Juma Misbah Bin Badar Building  Floor  GROUND   PO, Al Salamah-2, 
Umm Al Quwain, UNITED ARAB EMIRATES",+97142397956
MEDICOM PHARMACY 34 LLC,,,,"Hussain Mohammed Habeeb Al Redha Buildin  Floor  G, Al Nahda, Al Qusais First, 
Dubai, UNITED ARAB EMIRATES",+97142397956
MEDICOM PHARMACY 38 LLC,,,,"Juma Bin Ahmed Building, Floor: GROUND FLO, Naif R, Ayal Nasser, 
Dubai, UNITED ARAB EMIRATES",+97142671333
MEDICOM PHARMACY 4,,,,"Town Centre, Floor: Ground, Jumeriah Beach Road, P, Jumeriah 1, 
Dubai, UNITED ARAB EMIRATES",+97143440077
MEDICOM PHARMACY 5,,,,"Emirates Co Operative  Floor  Ground  Al Twar  PO , Al Qusais, 
Dubai, UNITED ARAB EMIRATES",+97142649979
MEDICOM PHARMACY 6 BR OF DM PHARMACIES LLC,,,,"Mazaya Centre, Floor: Ground, Sheikh Zayed Road, P, 
Dubai, UNITED ARAB EMIRATES",+97143435522
MEDICOM PHARMACY 7,,,,"Al Mizhar Mall Al Khathoom, PO Box 50585 Mizhar 1, Mizhar 1, 
Dubai, UNITED ARAB EMIRATES",+97142876804
MEDICOM PHARMACY 8 BR OF DM PHARMACIES LLC,,,,"Centuryn Mall  Floor  Ground  Al Mamzar Hamariya  , Hor Al Anz, 
Dubai, UNITED ARAB EMIRATES",+97142965040
MEDICURE CENTRE BRANCH,,,,"Palace Tower Off Dubai Al Ain Road, PO Box 5719 Du, Dubai Silicon Oasis, 
Dubai, UNITED ARAB EMIRATES",+97143793931
MEDICURE CENTRE DUBAI,,,,"Medicure Centre   Dubai  Floor  Ground  Villa B5 A, Bur Dubai, 
Dubai, UNITED ARAB EMIRATES",+97143984866
MEDICURE PHARMACY,,,,"Palace Tower Shop No. 11, Floor: GROUND, Dubai Sil, Dubai Silicon Oasis, 
Dubai, UNITED ARAB EMIRATES",+97143984866
MEDIGREEN PHARMACY LLC (BRANCH),,,,"BUILDING No- 11,NEXT TO ABEER AL NOOR CLINIC, FIRJ, DEIRA, 
Dubai, UNITED ARAB EMIRATES",+971 4 2542757
MEDILIFE PHARMACY LLC,,,,"Shop  1  Choithram Bldg  Plot B/1416-Shop No. 1 Ch, Al Wasl, 
Dubai, UNITED ARAB EMIRATES",+97143441122
MEDINOVA DIAGNOSTIC CENTRE DUBAI (ASTER),,,,"Medinova Diagnostic Centre   Dubai  Floor  Second , Bur Dubai, 
Dubai, UNITED ARAB EMIRATES",+97145090400
MEDIPLUS DIAGNOSTIC CENTRE,,,,"Mubarak Centre  Office 303  Floor  GROUND  Al Arou, Mubarak Center, 
Sharjah, UNITED ARAB EMIRATES",+97165634347
MEDIPLUS PHARMACY LLC,,,,"Zahra Hospital, Floor: GROUND,  PO Box 66778- Shei, Al Barsha 1, 
Dubai, UNITED ARAB EMIRATES",+97142344430
MEDLAB ANALYTIK,,,,"Dubai Healthcare City Ibn Sina Building, Floor: 7/, Oud Metha, 
Dubai, UNITED ARAB EMIRATES",+97143622960
MEDLITE MEDICAL CENTRE,,,,"Riviera Dreams Building  Shops 5 & 6  Floor  GROUN, Dubai International City, 
Dubai, UNITED ARAB EMIRATES",+97144585859
MEDMAX PHARMACY LLC,,,,"Al Dhafra Workers Village  PO Box 52571 Musaffah, Musaffah, 
Abu Dhabi, UNITED ARAB EMIRATES",+97124469386
MEDON FIRST PHARMACY L.L.C,,,,"Shop 3  Cbd 20 Riviera Dreams  Floor  GROUND   PO , Dubai International City, 
Dubai, UNITED ARAB EMIRATES",+97143697130
MEDON FIRST PHARMACY LLC (BRANCH) INTERNATIONAL CITY,,,,"J07, MOROCCO CLUSTER J07, MOROCCO CLUSTER, INTERNA, MOROCCO CLUSTER, INTERNATIONALCITY, 
Dubai, UNITED ARAB EMIRATES",97145841144
MEDON FIRST PHARMACY LLC (BRANCH) NAD AL HAMAR,,,,"HASSANI-23 GROUND FLOOR GROUND FLOOR, HASSANI-23, , NAD AL HAMER, 
Dubai, UNITED ARAB EMIRATES",97143310551
MEDON PHARMACY LLC AJMAN,,,,"AJ PLAZA BUILDING AJ PLAZA BUILDING, SHEIKH AMMAR , AL HAMIDIYA 1, 
Ajman, UNITED ARAB EMIRATES",97167794344
MEDSAVE PHARMACY,,,,"AL BARAJEEL COMPLEX  Floor  Ground  STREET 47  BES, MIRDIFF, 
Dubai, UNITED ARAB EMIRATES",+97142847600
MEDSHOP GARDEN PHARMACY,,,,"Building No 9  Zen Cluster  Floor  Ground  Street , Discovery Gardens, 
Dubai, UNITED ARAB EMIRATES",+97144329596
MEDSOL DUBAI MEDICAL LABORATORY,,,,"Level 2 Rigga Business Center Rigga Road  PO Box 2, Deira, 
Dubai, UNITED ARAB EMIRATES",+97142309200
MEDSPACE MEDICAL CENTRE LLLC,,,,"SEVENTH HEAVEN  AAUGRU10. Office retail 02GROUND F, AL BARARI, 
Dubai, UNITED ARAB EMIRATES",+97143797949
MEDSTAR DAY SURGERY CENTER OUD METHA,,,,"Gulf Tower, Floor: GF,  PO Box 117084 Oud Metha, Oud Metha, 
Dubai, UNITED ARAB EMIRATES",+97143577877
MEDZE CLINIC LLC,,,,"THE CENTRE RESIDENCE, G-01, GROUND FLOOR ABUBAKAR , AL MUTEENA, 
Dubai, UNITED ARAB EMIRATES",97145700012
MEGA MEDICAL CENTRE,,,,"106  Al Wahda Bldg 2  Floor  FIRST FLOO  Al Wahda , Near Al Nahda, 
Sharjah, UNITED ARAB EMIRATES",+97165396200
MENA LABS MEDICAL LABORATORIES LLC,,,,"Bel Resheed Tower, Floor: 4th floor, Corniche Road, Al Buhaira, 
Sharjah, UNITED ARAB EMIRATES",+97165754979
MENA LABS MEDICAL LABORATORY LLC,,,,"Al Mazroui Medical Center Building, Floor: SECOND,, Najda, 
Abu Dhabi, UNITED ARAB EMIRATES",+97124483699
MERCURY PHARMACY LLC,,,,"AL WASIT BUILDINGSHOP.NO:9GROUNDPO BOX 34550AL AQS, INDUSTRIAL AREA 3, 
Sharjah, UNITED ARAB EMIRATES",971585231034
MERCURY PLUS PHARMACY LLC,,,,"OBAIDULLAH LABOUR ACCOMODATION CAMP BUILDINGS03GRO, Jabal Ali, 
Dubai, UNITED ARAB EMIRATES",97142992294
MERCURY STAR PHARMACY LLC,,,,"ALI MOUSA BUILDINGSHOP NO.8GROUNDpo box 34550STREE, INDUSTRIAL AREA-15, 
Sharjah, UNITED ARAB EMIRATES",+97167677767
MERHI DENTAL AND ORTHODONTIC CENTER,,,,"Eissa Al Khaily Bldg.(Shamiat Bldg.), Floor: 1ST F, 
Abu Dhabi, UNITED ARAB EMIRATES",+97126779600
MERRIMAC DIALYSIS CENTER FZ LLC,,,,"Building 64  Al Razi Medical Complex  PO Box 11475, Dubai Health Care City, 
Dubai, UNITED ARAB EMIRATES",+97142408521
MESK AL MADINA MEDICAL CENTER LLC,,,,"Nmc Medical Centre Near Icad Residential Area, PO , Musaffah, 
Abu Dhabi, UNITED ARAB EMIRATES",
METRO MEDICAL CENTRE LLC,,,,"Metro Medical Centre L.L.C, Floor: Shop 1, Sheikh , Al Nuaimia, 
Ajman, UNITED ARAB EMIRATES",+97167469694
METROMEDS PHARMACY,,,,"Bader Building, Floor: 1 Floor, Sh.Khaleefa Street, Al Nuaimiyah, 
Ajman, UNITED ARAB EMIRATES",+97167469694
MEZHAR LIFE PHARMACY,,,,"Emirates Cooperative Society Tunis Road, PO Box 71, Al Qusais, 
Dubai, UNITED ARAB EMIRATES",+97143441122
MEZYAD MEDICAL CENTER,,,,"Tower 3, Floor: 503, Mazyad Mall,, 
Abu Dhabi, UNITED ARAB EMIRATES",+97125519977
MEZYAD PRIMARY HEALTH CARE CENTER,,,,"Al Ain, UNITED ARAB EMIRATES",+97137821918
MGM MEDICAL CENTRE LLC,,,,"Rolla Mall, 3rd Floor, Units 305, 306, 307, Rolla , Rolla Mall, 
Sharjah, UNITED ARAB EMIRATES",+97165741444
MID EAST POLYCLINIC LLC,,,,"Al Otaiba Building, Floor: MEZZANINE,  PO Box 5574, Deira, 
Dubai, UNITED ARAB EMIRATES",+97142216888
MIDAC MEDICAL CENTER LLC,,,,"Atheja Bin Souqat, Floor: GROUND FLO, Behind Bin S, Al Rashidiya, 
Dubai, UNITED ARAB EMIRATES",+97142857333
MILLENNIUM HOSPITAL LLC,,,,"Shabia 9, Near Al Ain University, Shabia 9, Near Al Ain University, 
Abu Dhabi, UNITED ARAB EMIRATES",+97126113333
MILLENNIUM PHARMACY LLC,,,,"Shop 3 4 Al Souq Building  Floor  Ground  Al Aroub, Rolla, 
Sharjah, UNITED ARAB EMIRATES",+97165689416
MINAL MEDICAL CENTER,,,,"Opposite Emirates N B D 354   354 Al Wasel Rd  PO , Jumeirah, 
Dubai, UNITED ARAB EMIRATES",+97143420990
MIRDIF PHARMACY,,,,"Al Khajah Building, Floor: GROUND, Street No 24 B,, Mirdiff, 
Dubai, UNITED ARAB EMIRATES",+97142885481
MIRDIF PRIVATE HOSPITAL LLC,,,,"Mirdif Private Hospital Al Mizhar 1   Dubai  Mirdi, Mirdiff, 
Dubai, UNITED ARAB EMIRATES",+97144545000
MMI DENTAL CENTER,,,,"202 Al Wadi Building  Floor  SECOND  Sheikh Zayed , Al Wasl, 
Dubai, UNITED ARAB EMIRATES",+97143467677
MODERN AL AIN PHARMACY,,,,", `, Al Safa, PO Box 66413 Jimi Area, Jimi Area, 
Al Ain, UNITED ARAB EMIRATES",+97137628919
MODERN AL RIQQA PHARMACY,,,,"Sharjah Cooperative Society, Floor: GROUND FLO, Sh, Al Riqqa, 
Sharjah, UNITED ARAB EMIRATES",+97165243214
MODERN BAIT AL MAQDES,,,,"Modern Bait Al Maqdes  Floor  Shop  2  Al Wahda St, Al Wahda Road Beside Hyuandai Showroom Building, 
Sharjah, UNITED ARAB EMIRATES",+97165552070
MODERN CARE CLINIC LLC,,,,"Shop 22-23 Maitha 1G-1Corniche StreetDeira Waterfr, DEIRA, 
Dubai, UNITED ARAB EMIRATES",97143834444
MODERN CENTER,,,,"Yousef Ghloum Ali Abdulla Khouri (Above Al Ghaba S, Meena Bazar, 
Al Ain, UNITED ARAB EMIRATES",+97137664764
MODERN DAR AL SHIFA PHARM MUSSAFFAH,,,,"Modern Dar Al Shifa Pharm Mussaffah  Floor  Ground, Musaffah, 
Abu Dhabi, UNITED ARAB EMIRATES",+97125538408
MODERN DAR AL SHIFAA PHARMACY,,,,", Floor: Ground, Tourist Club Street, PO Box 34875, Behind Dana Hotel, 
Abu Dhabi, UNITED ARAB EMIRATES",+97126446100
MODERN FAMILY CLINIC LLC,,,,"Umm Hurair Building, Floor: Ground, 15 A Zabeel St, Al Karama, 
Dubai, UNITED ARAB EMIRATES",+97143343263
MODERN FAMILY CLINIC LLC BRANCH ALQUOZ,,,,"AL QOUZ IND.SECOND, Wasl Labour Camp, Unit/Villa N, Al Qouz Industrial Area 2, 
Dubai, UNITED ARAB EMIRATES",04 3343263
MODERN HEALTHCARE CENTER LLC,,,,"SW2 Building-3114G-1Khaled Bin Sultan Al Qasimi St, MAMSHA, 
Sharjah, UNITED ARAB EMIRATES",97143834444
MODERN IBN SINA PHARMACY (BIN SINA PHARMACIES),,,,"Moh'D Ahmad Al Utaiba Bldg Floor: GROUND, Al Diyaf, Al Satwa, 
Dubai, UNITED ARAB EMIRATES",+97148105888
MODERN LIFE PHARMACY,,,,"Vegetable Market Ras Al Khor Road, PO Box 71246 Aw, Aweer, 
Dubai, UNITED ARAB EMIRATES",+97143441122
MODERN MEDI PRIME PHARMACY LLC,,,,"Shop number 1206, 2nd floor, Oasis Mall, 2nd Inter, Al Quoz, 
Dubai, UNITED ARAB EMIRATES",+97143387387
MODERN PHARMACY AJMAN,,,,"Ajman City Centre  Floor  GROUND FLO  Ajman City C, Mushref Area, Opposite Carrefour, 
Ajman, UNITED ARAB EMIRATES",+97167480066
MODERN PHARMACY DUBAI,,,,"Sheikha Mariam Bldg  Floor  GROUND FLO  Al Maktoum, Deira, 
Dubai, UNITED ARAB EMIRATES",+97142223879
MODERN PHARMACY L.L.C - SHJ BR,,,,"Al Qulaya Building, Floor: GROUND, Al Qasimi Stree, Al Qulaya, 
Sharjah, UNITED ARAB EMIRATES",06-7487812
MODERN PHARMACY L.L.C - SHJ BR -BR 01,,,,"G1  Next To Jesco Supermarket  Floor  GROUND   PO , Yarmouk, 
Sharjah, UNITED ARAB EMIRATES",06-5668375
MODERN PHARMACY L.L.C (BRANCH) AL BARSHA 2,,,,"Al Mashroom Building Al Zayed Street, PO Box 1586 , Al Barsha 1, 
Dubai, UNITED ARAB EMIRATES",04-4508540
MODERN PHARMACY L.L.C (BRANCH) AL QUSAIS,,,,"Alghuwais Building Damascus Street, PO Box 1586 Al, Al Qusais, 
Dubai, UNITED ARAB EMIRATES",04-2265308
MODERN PHARMACY L.L.C (BRANCH) AL SATWA,,,,"Mohammed Sadiq Hussain Khalid Building Albadaa?? ?, Al Satwa, 
Dubai, UNITED ARAB EMIRATES",04-3448162
MODERN PHARMACY L.L.C (BRANCH) BUR DUBAI,,,,"Aqil Mustafa Abdul Al Noor  PO Box 1586 Bur Dubai, Bur Dubai, 
Dubai, UNITED ARAB EMIRATES",04-2264747
MODERN PHARMACY L.L.C (BRANCH) SATWA,,,,"Hilah Salim Bldg Al Diyafa Street, PO Box 1586 Al , Al Satwa, 
Dubai, UNITED ARAB EMIRATES",04-3259855
MODERN PHARMACY L.L.C (SOLE PROPRIETORSHIP) - BRANCH-05,,,,"Mariyam Ahmed Wosaeed Mohammed Al Kitbi  Floor  GR, Mushrif Commercial Area,Rashidiya 1, 
Ajman, UNITED ARAB EMIRATES",06-7453771
MODERN PHARMACY L.L.C (SOLE PROPRIETORSHIP) -BRANCH 02,,,,"G1 Shara Sheikh Sayeed Road  PO Box 1586 Nuaimiya-, Nuaimiya-1, 
Ajman, UNITED ARAB EMIRATES",06-7051594
MODERN PHARMACY L.L.C (SOLE PROPRIETORSHIP) -BRANCH 04,,,,"G1 Al Ittihad Building Bader Street, PO Box 1586 A, Al Siwan, 
Ajman, UNITED ARAB EMIRATES",06 7790387
MODERN PHARMACY L.L.C (SOLE PROPRIETORSHIP) -BRANCH-06,,,,", Floor: GROUND, Ummar Ibnu Al Khathab Road, PO Bo, Al Nakheel 1, 
Ajman, UNITED ARAB EMIRATES",06-7470701
MODERN PHARMACY L.L.C (SOLE PROPRIETORSHIP)-BRANCH 01,,,,"Al Kenz Hypermarket Sheikh Maktoum Bin Rashid St P, Hamidiya, 
Ajman, UNITED ARAB EMIRATES",06-7450792
MODERN PHARMACY LLC - SHARJAH BR-BR 02,,,,"G1 Delma House, Floor: GROUND,  PO Box 1586 Al Maj, Al Majaz 1, 
Sharjah, UNITED ARAB EMIRATES",06-5518509
MODERN PHARMACY LLC (ONE PERSON)RAK BRANCH,,,,"G1, Floor: GROUND,  PO Box 1586 Khuzam, Khuzam, 
Ras Al Khaimah, UNITED ARAB EMIRATES",+97172358362
MODERN PHARMACY LLC (ONE PERSON)RAK BRANCH 1,,,,"Al Muntasir Street, PO Box 1586 Al Nakheel??, Al Nakheel??, 
Ras Al Khaimah, UNITED ARAB EMIRATES",07 2339440
MODERN PHARMACY LLC (SOLE PROPRIETORSHIP) BRANCH 03,,,,"Rashed Muhammed Obaid Bin Jarsh Building  Floor  G, Naumiyeah-1, 
Ajman, UNITED ARAB EMIRATES",06-7319494
MODERN PHARMACY LLC SHJ BR BR 05,,,,"Sharjah, UNITED ARAB EMIRATES",06-5518509
MONALISA DENTAL CENTER,,,,"Emirates Islamic Bank Building  Floor  MZ  Ali Bin, Town Center, 
Al Ain, UNITED ARAB EMIRATES",+97137510099
MOORFIELDS EYE HOSPITAL CENTRE LLC,,,,"Villas B01 & B023rd Street, Marina VillageAbu Dhab, Marina Village, 
Abu Dhabi, UNITED ARAB EMIRATES",+971 2 635 6161
MOORFIELDS EYE HOSPITAL DUBAI,,,,"64 Al Razi Building, Floor: THIRD, Oud Maitha, PO , Dubai Healthcare City, 
Dubai, UNITED ARAB EMIRATES",+97144297888
MOTHER PHARMACY,,,,"Abu Baker Al Siddique St - Hor Al Anz - Dubai Hor , Hor Al Anz, 
Dubai, UNITED ARAB EMIRATES",+97142974329
MOTOR COMMUNITY PHARMACY,,,,"Green Community, Floor: GROUND FLO, Motor City, PO, Green Community, 
Dubai, UNITED ARAB EMIRATES",+97144541527
MOUNT PHARMACY,,,,"Mega StoreGROUND FLOPO BOX 113296M 34  MusaffahAbu, Musaffah, 
Abu Dhabi, UNITED ARAB EMIRATES",+97125526538
MUBADALA HEALTH MEDICAL AND SURGICAL LLC,,,,"Sunset Mall 01 01 Floor Sunset Mall Jumeirah Beach, JUMEIRAH, 
Dubai, UNITED ARAB EMIRATES",
MUBADALA HEALTH MEDICAL AND SURGICAL PHARMACY LLC,,,,"Sunset Mall 01 01 Floor Sunset Mall Jumeirah Beach, 
Dubai, UNITED ARAB EMIRATES",
MULTI CARE MEDICAL CENTRE LLC,,,,"MULTI CARE MEDICAL CENTRE LLC, AL KHAIL GATE COMMU, Al Quoz, 
Dubai, UNITED ARAB EMIRATES",0559306572
MULTI SPECIALTY HEALTH CARE CO LLC,,,,"Bldg No 948, Floor: GROUND FLO,  PO Box 36646 Al M, Al Mamzar, 
Dubai, UNITED ARAB EMIRATES",+97143857888
MUMTAZ AL NOOR EXPRESS PHARMACY LLC,,,,"SULTHAN BUILDING,PLOT NO-463-0,AL BARAHA,DUBAI, UA, AL BARAHA, 
Dubai, UNITED ARAB EMIRATES",04 2579576
MURANO POLY CLINIC LLC,,,,"Lake Central Tower, Floor: 13TH, Marasi Drive Stre, Business Bay, 
Dubai, UNITED ARAB EMIRATES",+97142980019
MURBAH HEALTH CENTER,,,,"Khorfakan Fujairah street next to Murbeh police st, Murbah, 
Fujairah, UNITED ARAB EMIRATES",09 2380705
MURIAT PHARMACY LLC,,,,"Shop No  10 K M L Building No 3  Floor  GROUND  Ne, Oud Metha, 
Dubai, UNITED ARAB EMIRATES",+97143796771
MURISHID HEALTH CENTER,,,,"Etisalat street Jawazat Roundabout Hamad Bin Abudu, Murshid Merashid), 
Fujairah, UNITED ARAB EMIRATES",9714-6656133
MURSHID PHARMACY LLC,,,,"SHOP G9 ,G10 & G11,SAWAN BUILDING,AL BUTEEN,DEIRA,, Deira, 
Dubai, UNITED ARAB EMIRATES",+97143441122
MUSHAIREF HEALTH CENTER,,,,"Mushairef area opposite social guidance associatio, Mushairef, 
Ajman, UNITED ARAB EMIRATES",9716 7400585
MUSHEIRIF MEDICAL CENTRE,,,,"Sheik Nasser Building   1  Floor  IST     Behind K, Behind Km Trading, 
Ajman, UNITED ARAB EMIRATES",+97167444920
MUZAIREA HEALTH CENTER,,,,"Sayh?Mudayrah area Wadi Al Sidr, Wadi Al Sidr, 
Ajman, UNITED ARAB EMIRATES",04-6656206
MUZEIRA MEDICAL CENTER LLC,,,,"Muzaira Rashid Amoug Building 1Masfout 3  MuzeiraM, Masfout, 
Ajman, UNITED ARAB EMIRATES",97165353581
MUZEIRA PHARMACY LLC,,,,"Tiger Al Yarmook C Building , Next to Al Arif Hear, AL NAHDA, 
Sharjah, UNITED ARAB EMIRATES",+97167154888
MY HEALTH MEDICAL CENTRE LLC,,,,"Mr. Nasser Salem Hameed Al Dahak Bldg  PO Box 4811, Baniyas East 3_2,0, 
Abu Dhabi, UNITED ARAB EMIRATES",+97126767873
MY PEDIA CLINIC FZ LLC,,,,"Building 64-Al Razi Building No 64 Block B First F, Dubai Health Care City, 
Dubai, UNITED ARAB EMIRATES",+97144305926
NAD AL HAMAR PHARMACY,,,,"Al Quoz Office Block, Floor: GROUND, Next To Al Kh, Al Quoz 4, 
Dubai, UNITED ARAB EMIRATES",+97143284298
NAFEESA MEDICAL CENTER LLC,,,,"FLAT NO 104 AL THURAYA TOWER SALEM BIN OMAR ST Abu, Abu Shagara, 
Sharjah, UNITED ARAB EMIRATES",97167152940
NAHDA AL NASEEM PHARMACY LLC,,,,"Al Nahda Tower, Floor: GF, Opposite Bori Masjid, A, Al Nahda 2, 
Dubai, UNITED ARAB EMIRATES",+97142581920
NAHDA SAHARA PHARMACY LLC,,,,"Behind Zulekha Hospital Al Nahda, Al Nahda, 
Dubai, UNITED ARAB EMIRATES",+97165244660
NAHDI PHARMACY LLC,,,,"Nakheel Mall  PO Box 47608 Palm Jumeira, Palm Jumeira, 
Dubai, UNITED ARAB EMIRATES",+97145726287
NAIF MEDICAL CENTER,,,,"104 390 Abdulla Hussain Lootah Building Floor  FOU, Deira, 
Dubai, UNITED ARAB EMIRATES",+97142725527
NAJI ALDAKHIL MEDICAL CENTER L.L.C.,,,,"Al Khallafi Building  Flat No  202  Floor  2ND FLO, Al Mamzar, 
Dubai, UNITED ARAB EMIRATES",+97142387788
NAJMAT ABU SHAGARA PHARMACY,,,,"Opposite City Tower Building  PO Box 32088 Abu Sha, Abu Shagara, 
Sharjah, UNITED ARAB EMIRATES",+97142344430
NAJMAT AL ROLLA PHARMACY LLC,,,,"Pardha House Building  Floor  GROUND FLO  Rolla St, Rolla, 
Sharjah, UNITED ARAB EMIRATES",
NAJMAT AL SHAMS PHARMACY LLC,,,,"Abidos Hotel Apartment The Villa, Dubailand, The Villa, Dubailand, 
Dubai, UNITED ARAB EMIRATES",
NAJMAT SAHARA AL JADEEDA PHARMACY LLC,,,,"Al Maha Building Al Nahda, Al Nahda, 
Sharjah, UNITED ARAB EMIRATES",+97165244660
NAKHEEL PHARMACY,,,,"Albaker  26  Floor  G  Oud Metha Road  PO Box 6656, Dubai Healthcare City, 
Dubai, UNITED ARAB EMIRATES",+97144370530
NAKHEEL PHARMACY 1,,,,"Al Farabi Building  District 3  Floor  GROUND  Dub, Oud Metha, 
Dubai, UNITED ARAB EMIRATES",+97144570404
NASEEM AL BATAEH PHARMACY,,,,"Sharja Co Operative Society Building  PO Box 24085, Al Bataeh, 
Sharjah, UNITED ARAB EMIRATES",+97142641808
NASSER CLINIC,,,,"Damascus Street - near Mashreq Pharmacy -Opp Dubai, Al Qusais 2, 
Dubai, UNITED ARAB EMIRATES",04 2203111
NASSER MEDICAL CONSULTANT CENTRE,,,,"2a2 Hamarain Center  Floor  SECOND  Abu Baker Al S, Deira, 
Dubai, UNITED ARAB EMIRATES",+97142698400
NATHANI MEDICAL CENTRE,,,,"Al Owais Bld Floor: 1st Floor, Al Arouba Street, P, Rolla, 
Sharjah, UNITED ARAB EMIRATES",+97165686200
NATIONAL AL AIN PHARMACY,,,,"Hili Al Safa  PO Box 66413 Commercial Centre, Commercial Centre, 
Al Ain, UNITED ARAB EMIRATES",+97137627116
NATIONAL CLINIC AJMAN,,,,"National Clinic  Ajman Opposite Blue Diamond Garme, Ucky Supermarket Building, New Industrial Area, 
Ajman, UNITED ARAB EMIRATES",+97167480780
NATIONAL HOSPITAL SOLE PROPRIETORSHIP LLC,,,,"Building 16 Abdulla Bin Humaid Al Rumaithi Street , Al Danah, 
Abu Dhabi, UNITED ARAB EMIRATES",97126711000
NATIONAL MEDICAL CENTER FUJAIRAH,,,,"Saeed Samsoon Building, Floor: Ground, Ghurfah Str, Gurfah, 
Fujairah, UNITED ARAB EMIRATES",+97192232850
NATURAL LIFE PHARMACY LLC,,,,"Dalma Mall, Floor: 2ND,, 
Abu Dhabi, UNITED ARAB EMIRATES",+97143441122
NATURES LIFE PHARMACY,,,,"Al Wasl Road, PO Box 71246 Jumeirah, Jumeirah, 
Dubai, UNITED ARAB EMIRATES",+97143441122
NAWAIEM PHARMACY,,,,"Nasser Shaiba Building, Floor: GROUND,  PO Box 453, Al Nahda, 
Sharjah, UNITED ARAB EMIRATES",
NAWRAS PHARMACY,,,,"Royal Park Hotel Building, Floor: GROUND FLO, Near, Deira, 
Dubai, UNITED ARAB EMIRATES",+97142243397
NAZWA HEALTH CENTER,,,,"400 Madam Road Nazwa Madam Road Nazwa, Madam Road Nazwa, 
Sharjah, UNITED ARAB EMIRATES",9714-6656206
NEIMA PRIMARY HEALTH CARE CENTER,,,,"Neima Primary Health Care Center, Floor:   PO Box , 
Al Ain, UNITED ARAB EMIRATES",+971507556775
NEO PHARMACY LLC BRANCH AL QUOZ 2,,,,"Khalfan Mohammed Bin Lahej Ground Floor AL QUOZ 2, AL QUOZ 2, 
Dubai, UNITED ARAB EMIRATES",9714 3320266
NEO PHARMACY LLC BRANCH JEBEL ALI 1,,,,"SALIM ALI RASHID SUWAILIM 3 JEBEL ALI 1, JEBEL ALI 1, 
Dubai, UNITED ARAB EMIRATES",97143885436
NEO PHARMACY LLC BRANCH RAS AL KHOR 1,,,,"RASHID AL MAQOOBI AL FALASI BUILDING SHOP 1 GROUND, RAS AL KHOR 1, 
Dubai, UNITED ARAB EMIRATES",9714 2360063
NEO PHARMACY LLC DIP 2,,,,"Fakhree Centre LLC Ground Floor DIP 2, DIP 2, 
Dubai, UNITED ARAB EMIRATES",9714 8814919
NETCARE CLINIC CENTER,,,,"Netcare Clinic Center  Floor  1st Floor  Dubai Isl, Al Satwa, 
Dubai, UNITED ARAB EMIRATES",+97143988838
NEUBERG DIAGNOSTICS MIDDLE EAST,,,,"Umm Hurair Building, Floor: MEZZANINE, Zabeel Stre, Al Karama, 
Dubai, UNITED ARAB EMIRATES",+97143343727
NEUROPEDIA CHILDRENS NEUROSCIENCE CENTER LLC,,,,"Villa 136b/24, Floor: GROUND, Beach Road, PO Box 3, Jumeirah, 
Dubai, UNITED ARAB EMIRATES",+97143431113
NEW ABU DHABI PHARMACY AHALIA GROUP,,,,"Rapco Building   Shop   1  Floor  Ground  Passport, Madinat Zayed (Main City), 
Abu Dhabi, UNITED ARAB EMIRATES",+97124482220
NEW ADVANCED CARE PHARMACY LLC,,,,"Souq No  4  Shop Number   3   Floor  GF  Labour Ci, Dubai Industrial City, 
Dubai, UNITED ARAB EMIRATES",+97143397664
NEW AL AIN MEDICAL CLINIC CENTRE LLC,,,,"Foundation Property Management Bldg Floor: MEZZANI, Town Center, 
Al Ain, UNITED ARAB EMIRATES",+97137641448
NEW AL AIN PHARMACY,,,,"muajiy area, PO Box 1667 MUAJIY AREA, MUAJIY AREA, 
Al Ain, UNITED ARAB EMIRATES",+97137554440
NEW AL DAMAN PHARMACY,,,,"Backside Of Hamdan Centre Hamdan Street, PO Box 12, 
Abu Dhabi, UNITED ARAB EMIRATES",+97126216700
"NEW AL KANZ PHARMACY CLUSTER Y, JLT",,,,"Lakeshore Tower ( Bojwani)Cluster Y, Jlt Jumeirah , Jumeirah Lake Towers, 
Dubai, UNITED ARAB EMIRATES",+97143441122
NEW AL KANZ PHARMACY JLT CLUSTER J,,,,"J2 Tower  Cluster J Jumeirah Lake Towers, Jumeirah Lake Towers, 
Dubai, UNITED ARAB EMIRATES",+97143441122
NEW AL KANZ PHARMACY JLT CLUSTER R,,,,"Shop Mag 214   Jlt   Cluster R United Arab Emirate, 
Dubai, UNITED ARAB EMIRATES",+97143441122
NEW AL MANARA PHARMACY,,,,"Tecom Investments Fz Llc  Floor  GROUND  Tecom Inv, Dubai Media City, 
Dubai, UNITED ARAB EMIRATES",+97143604495
NEW AL NAHDA,,,,"Shop No 1  Al Nahda 3 Building Before Emirates Hot, Al Nahda, 
Dubai, UNITED ARAB EMIRATES",+97143441122
NEW AL QUOZ PHARMACY,,,,"Medshop New  Al Quoz Pharmacy, Floor: Ground, Nr. , Al Quoz, 
Dubai, UNITED ARAB EMIRATES",+97143385854
NEW AL SALAM CENTER FOR ORTHODONTICS AND DENT,,,,"Akbar Travels, Floor: NIN FLOOR, Main Street, PO B, 
Al Ain, UNITED ARAB EMIRATES",+97137646510
NEW AL SHAIMAA PHARMACY,,,,"Mozna Building, Floor: GROUND, Doha Road, PO Box 1, Al Qusais, 
Dubai, UNITED ARAB EMIRATES",+97142616286
NEW AL SHIFA PHARMACY LLC,,,,"Building No V 20  Russia Cluster  Floor  Ground  A, Dubai International City, 
Dubai, UNITED ARAB EMIRATES",+97144227474
NEW AL SUWAIDI PHARMACY LLC,,,,"Naema Ali Buamim Building Al Hudaiba Street, PO Bo, Al Satwa, 
Dubai, UNITED ARAB EMIRATES",+97142344430
NEW AL WAFA PHARMACY,,,,"Sh.Faisal Al Qassemi Building, Floor: Ground, Kalb, INDUSTRIAL AREA 15, 
Sharjah, UNITED ARAB EMIRATES",+97165422188
NEW ALHADIQA PHARMACY LLC,,,,"Jumeirah  Wasl Square  Floor  FIRST   PO Box 71246, Jumeirah, 
Dubai, UNITED ARAB EMIRATES",+97143441122
NEW AMAREETA PHARMACY,,,,"New Amareeta Pharmacy Al Nasr St PO Box 651 Khalid, Khalidiya, 
Abu Dhabi, UNITED ARAB EMIRATES",971 56 219 1412
NEW APOLLO POLYCLINIC DUBAI,,,,"Karama Centre, Floor: 1st, Kuwait Road, PO Box 523, Al Karama, 
Dubai, UNITED ARAB EMIRATES",+97143379040
NEW ASTER PHARMACY JLT,,,,"Shop No. G011 B  Red Diamond Building Jumeirah Lak, Jumeriah Lake Towers, 
Dubai, UNITED ARAB EMIRATES",+97143697728
NEW BETTER LIFE PHARMACY,,,,"Al Quoz Mall, Floor: GF,  PO Box 52001, Al Quoz - , Al Quoz Industrial Area 3, 
Dubai, UNITED ARAB EMIRATES",+9713423448
NEW CITY PHARMACY,,,,"City Pharmacy Building, Floor: GROUND FLO, Al Enti, Opposite Al Buhairah Police Station, 
Sharjah, UNITED ARAB EMIRATES",+97165593636
NEW DAR NOURI PHARMACY,,,,"Maryam Saif Salem Al Falahi Blg, Floor: GROUND, Al, Behind Al Muhairi Center, 
Abu Dhabi, UNITED ARAB EMIRATES",+97126341436
NEW GRAND MURQABAT PHARMACY LLC,,,,"Shop 5 Murqabat, Murqabat, 
Dubai, UNITED ARAB EMIRATES",+97143441122
NEW GRAND ONE PHARMACY,,,,"Khalid Bin Walid Road,, 
Dubai, UNITED ARAB EMIRATES",+97143441122
NEW GRAND PHARMACY,,,,"NA, Floor: Ground, King Faisal Road, PO Box 50585 , Al Nuaimiyah, 
Ajman, UNITED ARAB EMIRATES",+97167412588
NEW HEALTH CALL JLT,,,,"Red Diamond Building  Floor  1ST-  PO Box 505032- , Jumeirah Lakes Towers, 
Dubai, UNITED ARAB EMIRATES",+97144537772
NEW HEALTH SIGN PHARMACY LLC,,,,"Bookash Building, Floor: GROUND FLO, Near Astoria , Bur Dubai, 
Dubai, UNITED ARAB EMIRATES",
NEW IBIN SINA MEDICAL CENTER,,,,"Canadian Building  Floor  1ST FLOOR  Sheik Rashid , Nr.Traffic & Licensing Dept,Jurf, 
Ajman, UNITED ARAB EMIRATES",+97167457755
NEW IBN SINA PHARMACY BR OF IBN SINA GROUP PHARMACIES LLC (BIN SINA PHARMACIES),,,,"City Centre Fujairah 1st Floor - Fujairah CITY CEN, CITY CENTER, 
Fujairah, UNITED ARAB EMIRATES",971564647472
NEW IBN SINA PHARMACY DEIRA CITY CENTER (BIN SINA PHARMACIES),,,,"Deira City Centre, Floor: GROUND, Al Rigga Road, P, Port Saeed, 
Dubai, UNITED ARAB EMIRATES",+97148105888
NEW LAND MARK PHARMACY,,,,"Delma Centre Building, Floor: Ground, Hamdan Stree, Dalma Centre Building, 
Abu Dhabi, UNITED ARAB EMIRATES",+97126316886
NEW LOTUS MEDICAL CENTER LLC,,,,"Al Qusais Building   1  Floor  GROUND  251   Damas, Al Qusais - 1, 
Dubai, UNITED ARAB EMIRATES",+97142619795
NEW MAMZAR PHARMACY LLC,,,,"Century Mall Deira, Deira, 
Dubai, UNITED ARAB EMIRATES",+97143441122
NEW MANKHOOL PHARMACY LLC,,,,"Near Karama Metro Station, PO Box 127815 Mankhool, Mankhool, 
Dubai, UNITED ARAB EMIRATES",+97143858580
NEW MAZAYA PHARMACY EST,,,,"G06  Mazaya Shopping Centre, 
Dubai, UNITED ARAB EMIRATES",+97143441122
NEW MEDI PRIME PHARMACY LLC,,,,"Burjuman Center, Floor: 3RD, Khalid Bin Al Waleed , Bur Dubai, 
Dubai, UNITED ARAB EMIRATES",+97143584979
NEW MEDICAL CENTER LLC,,,,"New Medical Centre Hospital  Dubai Abu Hail  PO Bo, Deira, 
Dubai, UNITED ARAB EMIRATES",+97142689800
NEW MEDICAL CENTRE LLC BRANCH,,,,"Karakchinno Food Court, Floor: 1, Nesto Hypermarke, Jebel Ali, 
Dubai, UNITED ARAB EMIRATES",+97148808856
NEW MEDICAL CENTRE PHARMACY,,,,"Bel Rasheed Tower Al Buheira Corniche Street, PO B, Al Majaz, 
Sharjah, UNITED ARAB EMIRATES",+97165974180
NEW MEDICAL CENTRE PHARMACY BRANCH,,,,", Floor: GROUND,  PO Box 64684, 
Ajman, UNITED ARAB EMIRATES",+97165388966
NEW MEDICAL CENTRE PHARMACY LLC,,,,"Opp. Police Head Quarter Near Zayed School, PO Box, 
Al Ain, UNITED ARAB EMIRATES",+97137555999
NEW MEDICAL CENTRE PHARMACY LTD BRANCH,,,,"First Floor, Nesto Hypermarket Jafza Jebel Ali Ind, Jebel Ali Ind 1, 
Dubai, UNITED ARAB EMIRATES",+97148808856
NEW MEDICAL CENTRE PHARMACY LTD SHJBR BRANCH 2,,,,"Muweilah, Sheikh Khalifa Bin Zayed Al Nahyan Rd Sa, Muweilah, 
Sharjah, UNITED ARAB EMIRATES",9716-5168823
NEW MEDICAL CENTRE SHARJAH,,,,"New Medical Centre  Sharjah  Floor  1& 2ND  Al Buh, Al Buhaira Corniche,Next To Crystal Plaza, 
Sharjah, UNITED ARAB EMIRATES",+97165758000
NEW MEDICAL CENTRE SPECIALTY HOSPITAL LLC,,,,"Al Ittihad Bldg. Shakhboot Bin Sultan Street, PO B, 
Al Ain, UNITED ARAB EMIRATES",+97137555999
NEW MEDICINA PHARMACY,,,,"Api 1000, PO Box 31225-API 1000 - Al Wasl Rd - Umm, Al Wasl, 
Dubai, UNITED ARAB EMIRATES",+97143853313
NEW MOTORCITY PHARMACY,,,,"Dubai Motor City Motor City, Motor City, 
Dubai, UNITED ARAB EMIRATES",+97143441122
NEW NATIONAL MEDICAL CENTRE BRANCH 1,,,,"Naser Abdullah Al Yateem Al Madeenah As Sina'Iyah , Musaffah, 
Abu Dhabi, UNITED ARAB EMIRATES",+97125852420
NEW NATIONAL MEDICAL CENTRE LLC,,,,"Mussafah Mohamed Mohsin Building  Floor  2nd 3rd  , Mussaffah,Abu Dhabilandmark, 
Abu Dhabi, UNITED ARAB EMIRATES",+97125520100
NEW NATIONAL MEDICAL CENTRE PHARMACY LLC,,,,"New National Medical Centre Llc Pharmacy Shabiya K, Musffah 10, 
Abu Dhabi, UNITED ARAB EMIRATES",+97125520100
NEW PHARMACY CO LTD,,,,"Sh.Zayed 2nd Street (Electra Road) Electra Street,, 
Abu Dhabi, UNITED ARAB EMIRATES",+97126322379
NEW PHARMACY COMPANY W L L BRANCH 8,,,,"Nmc Royal Medical Center L.L.C   Branch  Floor  GR, Shahama, 
Abu Dhabi, UNITED ARAB EMIRATES",+97125988422
NEW PHARMACY COMPANY WLL BRANCH 2,,,,"Khalifa City   Plot No. P 1  Se 4  Floor  GROUND  , Khalifa City, 
Abu Dhabi, UNITED ARAB EMIRATES",+97122035021
NEW PHARMACY COMPANY WLL BRANCH 7,,,,"Ncm Royal Medical Centre   Karama  Floor  GROUND F, Karama, 
Abu Dhabi, UNITED ARAB EMIRATES",+97126144900
NEW SADD MAAREB PHARMACY,,,,"Old Shahama, PO Box 11535 Old Shahama, Old Shahama, 
Abu Dhabi, UNITED ARAB EMIRATES",+97125646869
NEW SALAHALDIN PHARMACY FZE,,,,"Shop   G 3 Al Waha Mosque Rs Dubai Silicon Oasis, Dubai Silicon Oasis, 
Dubai, UNITED ARAB EMIRATES",+97143441122
NEW SANAIYA CLINIC BR HOR AL ANZ,,,,"Flat 101 & 102  Floor     Opp. Peshawar Restaurant, Deira, 
Dubai, UNITED ARAB EMIRATES",+97142227535
NEW SANAIYA CLINIC BRANCH,,,,"Shop 2 Ak Mart  PO Box 69229 Dubai Investment Park, Dubai Investment Park 1, 
Dubai, UNITED ARAB EMIRATES",+97143791311
NEW SANAIYA CLINIC SONAPUR,,,,"New Sanaiya Clinic  Sonapur Madina Supermarket   S, Muhaisnah 2, 
Dubai, UNITED ARAB EMIRATES",+97142227556
NEW SANAIYA PHARMACY AJMAN,,,,"New Sanaiya Pharmacy Ajman Hassan Bin Haitham St  , Ajman Industrial 2, 
Ajman, UNITED ARAB EMIRATES",+97167435151
NEW SANAIYA PHARMACY SONAPUR,,,,"New Sanaiya Pharmacy  Sonapur Madina Supermarket  , Muhaisnah 2, 
Dubai, UNITED ARAB EMIRATES",+97142648202
NEW SILICON PHARMACY BR OF LIFE PHARMACY LLC,,,,"Retail 01  Le Presidium Tower  PO Box 71246 Dubai , Dubai Silicon Oasis, 
Dubai, UNITED ARAB EMIRATES",+97143441122
NEW SMILE PHARMACY,,,,"awqaf building  Floor  gorund  26 Th Street  PO Bo, Al Qouz Industrial Area 2, 
Dubai, UNITED ARAB EMIRATES",+97143381330
NEW SPRING PHARMACY BR OF LIFE PHARMACY LLC,,,,"Unit No. Nspv Ff 26  PO Box 71246 The New Spring V, The New Spring Village, 
Dubai, UNITED ARAB EMIRATES",+97143441122
NEW SUNNY MEDICAL CENTRE LLC,,,,"Eisa Building 2  Floor  SECOND  Rolla Square  PO B, Rolla, 
Sharjah, UNITED ARAB EMIRATES",+97165388966
NEW SUPERCARE PHARMACY SUPERCARE,,,,"Bldg   7  Floor  GROUND  Dubai Media City  PO Box , Dubai Media City, 
Dubai, UNITED ARAB EMIRATES",+97143504500
NEW VISION EYE CENTER,,,,"Al Razi Building No. 64  Flat No. 3008  Floor  3RD, Oud Mehta, 
Dubai, UNITED ARAB EMIRATES",+97144519595
NICE LIFE PHARMACY BR OF ASTER PHARMACIES GRO,,,,"Al Hudaiba Awards Building, Floor: GROUND FLO, Jum, Burdubai, 
Dubai, UNITED ARAB EMIRATES",+97145467076
NILE PHARMACY LLC,,,,"Al Shaab Colony Near Al Shaab Supermarket  Hor Al , Deira, 
Dubai, UNITED ARAB EMIRATES",+97142660132
NMC DIC CLINIC AN PHARMACY BR OF NMC ROYAL HO,,,,"China Cluster D01  Floor  GROUND FLO  Warsan - 1, Warsan - 1, 
Dubai, UNITED ARAB EMIRATES",+97148108808
NMC DIC CLINIC BR OF NMC ROYAL H,,,,"China Cluster D01  Floor  GROUND FLO  Warsan - 1, Warsan - 1, 
Dubai, UNITED ARAB EMIRATES",+97148108808
NMC JEBEL ALI CLINIC BR OF N M C ROYAL HOSPITAL LTD DUBAI BRANCH,,,,"JEBEL ALI INDUSTRIAL AREA  FIRSt GEEPAS  COMMERCIA, Jebel Ali ind 1, 
Dubai, UNITED ARAB EMIRATES",9714-8019200
NMC MARINA MEDICAL CENTER,,,,"Dubai, Marina Walk Emaar Towers Next to Spinneys M, MARINA, 
Dubai, UNITED ARAB EMIRATES",97148103600
NMC MEDICAL CENTRE AJMAN LLC BR,,,,"Samha Tower  Floor  FIRST  Safeer Market, Rashidiy, Safeer Market, Rashidiya 1, 
Ajman, UNITED ARAB EMIRATES",+97165455966
NMC MEDICAL CENTRE PHARMACY LLC NMC BRANCH 1,,,,"Kakooli Tower, Floor: GROUND,  PO Box 64684 Al Maj, Al Majaz, 
Sharjah, UNITED ARAB EMIRATES",+97165388966
NMC PHARMACY,,,,"Sh.Zayed 2nd Street (Electra Road) PO Box 6222, 
Abu Dhabi, UNITED ARAB EMIRATES",+97126179820
NMC PHARMACY BRANCH,,,,"Sh.Zayed 2nd Street (Electra Road),Electra Street,, 
Abu Dhabi, UNITED ARAB EMIRATES",+97126179143
NMC POLYCLINIC DUBAI BRANCH,,,,"Dp World Clinic, Floor: GROUND,  PO Box 7832, Jebe, Jebel Ali, 
Dubai, UNITED ARAB EMIRATES",+97148896399
NMC ROYAL FAMILY MEDICAL CENTRE LLC,,,,"Prestige Tower 17  Near Capital Mall  Floor  M1 & , Police Officers City, 
Abu Dhabi, UNITED ARAB EMIRATES",+97126911500
NMC ROYAL HOSPITAL LLC,,,,"Nmc Royal Hospital 16th Street, PO Box 35233 Khali, Khalifa City, 
Abu Dhabi, UNITED ARAB EMIRATES",+97122035000
NMC ROYAL HOSPITAL LLC DUBAI,,,,"Nmc Hospital Plot No.5981220 Dip Dubai Investment , Dubai Investment Park, 
Dubai, UNITED ARAB EMIRATES",+97148108716
NMC ROYAL HOSPITAL SHARJAH,,,,"Al Zahra Private Hospital (Sharjah)  Floor     Al , Clock Tower Round About- Rolla, 
Sharjah, UNITED ARAB EMIRATES",+97165619999
NMC ROYAL MEDICAL CENTER,,,,"Qawassim Corniche, PO Box 5486 Sultan Fadel Buildn, Sultan Fadel Buildning, 
Ras Al Khaimah, UNITED ARAB EMIRATES",+97172332832
NMC ROYAL MEDICAL CENTER LLC AL KARAMA BRANCH,,,,"Al Faris Street  Near International Community Scho, Near International Community School -Karama, 
Abu Dhabi, UNITED ARAB EMIRATES",+97126144900
NMC ROYAL MEDICAL CENTER LLC BRANCH SHAHAMA,,,,"C170 Opp. Deerfields Mall  PO Box 6222 Shahama, Shahama, 
Abu Dhabi, UNITED ARAB EMIRATES",+97128859403
NMC ROYAL MEDICAL CENTRE,,,,"NAKHEEL MALL SHOP NO P  079 Palm Jumeirah PALM, PALM, 
Dubai, UNITED ARAB EMIRATES",97148103666
NMC ROYAL MEDICAL CENTRE LLC,,,,"King Abdulah Bin Abddulaziz Al Saud Street, PO Box, Al Bateen, 
Abu Dhabi, UNITED ARAB EMIRATES",+97125133111
NMC ROYAL PHARMACY,,,,"Sultan Fadel Building Qawasim Corniche, PO Box 548, 
Ras Al Khaimah, UNITED ARAB EMIRATES",+97172332832
NMC ROYAL WOMENS HOSPITAL LLC,,,,"Commercial Tower B  Plot No 36 Murour Road  PO Box, Area No E/22/02, 
Abu Dhabi, UNITED ARAB EMIRATES",+97125082000
NMC SPECIALTY HOSPITAL DIP BR OF NMC ROYAL HO,,,,"Plot No 598 639   In Front Of Green Comm Near Emic, Dubai Investment Park (Dip 1), 
Dubai, UNITED ARAB EMIRATES",+97148108715
NMC SPECIALTY HOSPITAL DUBAI,,,,"Bait Al Khair Society Amman Road  Behind Sahara Ce, Al Qusais, 
Dubai, UNITED ARAB EMIRATES",+97142679999
NMC SPECIALTY HOSPITAL LLC,,,,"Nmc Tower Bldg  Floor     Electra Street  PO Box 6, Madinat Zayed, 
Abu Dhabi, UNITED ARAB EMIRATES",+97126332255
NOOR AL IMAN PHARMACY,,,,"Sheikh Essa Tower Shop No 4  Before Shangri La Hot, 
Dubai, UNITED ARAB EMIRATES",+97143441122
NOOR AL MAMZAR PHARMACY,,,,"Shop   18 Ab Plaza 1, 12 24 St - near Canadian Spe, Al Mamzar, 
Dubai, UNITED ARAB EMIRATES",+97143441122
NOOR AL QUSAIS PHARMACY LLC,,,,"Kalliyan Jewllers, Floor: GROUND, Damascus Street,, Al Qusais 2, 
Dubai, UNITED ARAB EMIRATES",+97142633844
NOOR AL SATWA PHARMACY,,,,"Emarat Petrol Station Blug, Floor: G FLOOR, Next T, Al Satwa, 
Dubai, UNITED ARAB EMIRATES",+97143443229
NOOR AL SHEFA CLINIC,,,,"Jabel Ali Mall, Floor: 1ST FLOOR, Jabel Ali Ind.1,, Jabel Ali Mall, 
Dubai, UNITED ARAB EMIRATES",+97142382607
NOOR AL SHEFA CLINIC 3,,,,"Jafza Mall Jafza South, PO Box 45491 Jebel Ali, Jebel Ali, 
Dubai, UNITED ARAB EMIRATES",+97148817530
NOOR AL SHEFA CLINIC BRANCH,,,,"Union Coop Building, Floor: 1, Al Aweer, PO Box 45, Ras Al Khor Industrial 3, 
Dubai, UNITED ARAB EMIRATES",+97143886601
NOOR AL SHEFA CLINIC BRANCH 4,,,,"Meena Retail Building  Floor  1ST FLOOR  Opp.Villa, Near Gate Number-7,Jafza, 
Dubai, UNITED ARAB EMIRATES",+97142382607
NOOR AL SHEFA CLINIC BRANCH AL QUOZ,,,,"Al Ghurair Int'L Exchange Building, Floor: 1ST FLO, Al Quoz 4, 
Dubai, UNITED ARAB EMIRATES",+97142382607
NOOR AL SHEFAA PHARMACY,,,,"Al Maridh Ras Al Khaimah Floor GROUND PO Box 9831 , Al Maridh, 
Ras Al Khaimah, UNITED ARAB EMIRATES",+97172260700
NOOR AL SHEFAA PHARMACY LLC,,,,"Opposite Naif Park Naif Road, Deira, Deira, 
Dubai, UNITED ARAB EMIRATES",+97143441122
NOOR ALAHLI MEDICAL CENTER L.L.C. - BRANCH 1,,,,"ICAD Gate 1, M41, ICAD Residential City, ICAD Gate, Musaffah, 
Abu Dhabi, UNITED ARAB EMIRATES",+971564014457
NOOR ALAHLI MEDICAL CENTER L.L.C. - BRANCH 2,,,,"M 9 M 9  SHABIYA  near Safeer Mall MUSAFFAH ABU DH, Musaffah, 
Abu Dhabi, UNITED ARAB EMIRATES",+97125530368
NOOR ALAHLI MEDICAL CENTER L.L.C. - BRANCH 3,,,,"Bldg. No. C72 Bldg. No. C72  Hamdan Street  Hamdan, HAMDAN, 
Abu Dhabi, UNITED ARAB EMIRATES",+971564014457
NOOR ALAHLI MEDICAL CENTER L.L.C. - BRANCH 4,,,,"BANIYAS, BANIYAS, 
Abu Dhabi, UNITED ARAB EMIRATES",+97125858529
NOOR ALAHLI MEDICAL CENTER L.L.C. - BRANCH 6,,,,"MARFQ SOUK, MARFQ SOUK, 
Abu Dhabi, UNITED ARAB EMIRATES",+97128833020
NOOR ALAHLI MEDICAL CENTER LLC,,,,"NEAR ISUZU SHOWROOM  SANAIYA AL AIN ABU DHABI UAE , Al Ain, 
Abu Dhabi, UNITED ARAB EMIRATES",
NOOR ALAHLI PHARMACY - BRANCH 1,,,,"Musaffah, Musaffah, 
Abu Dhabi, UNITED ARAB EMIRATES",
NOOR ALAHLI PHARMACY - BRANCH 3,,,,"Opp Panorama Bldg  Hamdan Street  Hamdan ABU DHABI, HAMDAN, 
Abu Dhabi, UNITED ARAB EMIRATES",+97126263305
NOOR ALAHLI PHARMACY - BRANCH 4,,,,"Bldg. No. C72 Bldg. No. C72 NEAR BANIYAS COURT, BA, BANIYAS, 
Abu Dhabi, UNITED ARAB EMIRATES",+97125858529
NOOR ALAHLI PHARMACY - BRANCH 5,,,,"Near United School, Baniyas Baniyas West, ABU DHAB, BANIYAS, 
Abu Dhabi, UNITED ARAB EMIRATES",+97125831929
NOOR ALAHLI PHARMACY L.L.C.,,,,"near old police station & ISUZU showroom  Sanaiya , Sanaiya, Al Ain, 
Al Ain, UNITED ARAB EMIRATES",
NOOR ALAHLI PHARMACY L.L.C. - BRANCH 2,,,,"Abu Shakra Bldg., ME-9, Abu Shakra Bldg.  ME 9  Mu, MUSSAFAH, 
Abu Dhabi, UNITED ARAB EMIRATES",
NOOR ALAHLI PHARMACY L.L.C. - BRANCH 6,,,,"C15  Sector   East 6  Hamdan Hamdan Street  ABU DH, HAMDAN, 
Abu Dhabi, UNITED ARAB EMIRATES",+97126210524
NOOR ALAHLI PHARMACY LLC BRANCH 7,,,,"Noor Alahli Pharmacy L.L.C.   Branch 7 Hamdan Stre, HAMDAN STREET, 
Abu Dhabi, UNITED ARAB EMIRATES",
NOOR ALAHLI PHARMACY LLC BRANCH 8,,,,"Marfa Souq, Opp Abu Saeed MosqueMirfa, Abu Dhabi,U, 
Abu Dhabi, UNITED ARAB EMIRATES",+97128833443
NOOR ALSHIFA PHARMACY,,,,"City Mall, Floor: GROUND,  PO Box 22986 Al Tallah , Al Tallah 2, 
Ajman, UNITED ARAB EMIRATES",+971 6 7673042
NOOR MEDICAL CENTER,,,,"FLAT NO 202 OLD IRANIAN MARKET BLDG Near Cornich P, CORNICHE, 
Sharjah, UNITED ARAB EMIRATES",97165684974
NOORA AL JADEEDA PHARMACY,,,,"23  24 Shaikha Fatima Building  Floor  GROUND  Mal, Industrial Area 17, 
Sharjah, UNITED ARAB EMIRATES",+97165427878
NOORA PHARMACY NOORA GROUP,,,,"Noora Group, Floor: GROUND, Near Caterpillar Round, Industrial Area 3, 
Sharjah, UNITED ARAB EMIRATES",+97165422188
NOORA PHARMACY RAK,,,,"Qarm Building, Floor: GROUND, Al Muntaser, PO Box , Al Nakheel, 
Ras Al Khaimah, UNITED ARAB EMIRATES",+97172338869
NORA MEDICAL POLY CLINICS,,,,"Arab Udipi Restaurant  Building, Floor: ONE, Sheik, 
Abu Dhabi, UNITED ARAB EMIRATES",+97126411121
NORTH AMERICAN LASIK AND EYE SURGERY CENTER L,,,,"Villa 1 270 Al Wasl Road, PO Box 73643, Jumeirah 1, Jumeirah, 
Dubai, UNITED ARAB EMIRATES",+971585360886
NORTHERN AL AHLIAH MEDICAL CENTRE,,,,"Northern Al Ahliah Medical Centre Al Bustan Behind, ALOWAID, 
Ajman, UNITED ARAB EMIRATES",
NORTHERN AL AHLIAH MEDICAL CENTRE AL GURFA,,,,"E89  Fathima Round About  Al GurfaFujairah UAE Al , Al Gurfa, 
Fujairah, UNITED ARAB EMIRATES",+97192242515
NORTHERN AL AHLIAH PHARMACY AJMAN,,,,"BEHIND NBADAL BUSTANAJMANUAE AL BUSTAN, AL BUSTAN, 
Ajman, UNITED ARAB EMIRATES",+97167401876
NORTHWEST CLINIC DAY SURGICAL LLC,,,,"Villa No: 935 Al Wasl Road, Jumeirah, PO Box 12392, AL Manara, 
Dubai, UNITED ARAB EMIRATES",+97143307117
NOVITAS CLINIC LLC,,,,"Prime Residence Ii  Floor  GROUND  Spain Cluster  , Dubai International City, 
Dubai, UNITED ARAB EMIRATES",
NOVITAS PHARMACY LLC,,,,"Prime Residence Ii  Floor  GROUND  Spain Cluster  , Dubai International City, 
Dubai, UNITED ARAB EMIRATES",
NOVO PHARMACY LLC,,,,"Maysoon Building, Floor: GROUND FLO, 2nd Street, O, Oud Metha, 
Dubai, UNITED ARAB EMIRATES",+97165244660
NOVO PHARMACY LLC BRANCH,,,,"Shopping Mall  Hayat Regency Hotel, 
Dubai, UNITED ARAB EMIRATES",+97165244660
NOVOMED CENTERS LLC BRANCH OF ABU DHABI 1,,,,"Villa 13 Towayya Al Ragayeb Mohammed Ibn Zayed Al , 
Al Ain, UNITED ARAB EMIRATES",+97137222230
NOVOMED CENTERS PHARMACY LLC,,,,"Marina Plaza Al Marsa Street, PO Box 8188 Dubai Ma, Dubai Marina, 
Dubai, UNITED ARAB EMIRATES",+97142473100
NOVOMED SPECIALIZED CLINICS LLC,,,,"3002 3003 Marina Plaza  Floor  THIRTIETH  Sheikh Z, Dubai Marina, 
Dubai, UNITED ARAB EMIRATES",+9718006686633
NOVOMED SPECIALIZED SURGICAL HOSPITAL LLC,,,,"Villa 4/5  Land Plot Number 4670 26th Street  Um S, Jumeirah, 
Dubai, UNITED ARAB EMIRATES",+9718006686633
NOVOMED WELLNESS CENTER,,,,"Ghedayera Obaid MubarakBeljaflaUnit/Villa No.2Um s, Um suqaim 3, 
Dubai, UNITED ARAB EMIRATES",+97143215222
NUAIMIA CLINIC AJMAN,,,,"Nuaimia Clinic   Floor     Near G M C Hosp  PO Box, New Industrial Area, 
Ajman, UNITED ARAB EMIRATES",+97167432292
OAISS BRACES CENTER LLC,,,,"Tamouh Tower  Building 12  Floor  16  Marina Squar, Al Reem Island, 
Abu Dhabi, UNITED ARAB EMIRATES",
OASIS LIFE PHARMACY,,,,"Dubai Residential Oasis Damascus Street, PO Box 71, Al Qusais, 
Dubai, UNITED ARAB EMIRATES",+97143441122
OASIS MEDICAL CENTRE,,,,"Beside Fatima Supermarket Icad, Musaffah, Musaffah, 
Abu Dhabi, UNITED ARAB EMIRATES",+97125506691
OASIS MEDICAL CENTRE LLC BRANCH 1,,,,"Oasis Medical Centre L.L.C.   Branch 1 Al Fallah S, Passport Road, 
Abu Dhabi, UNITED ARAB EMIRATES",+97126763282
OCCHIALI OPTICS LLC,,,,"D28b, Floor: GROUND, Mall Of Emirates, Mall Of Emirates, 
Dubai, UNITED ARAB EMIRATES",+97143414020
OCCHIALI OPTICS LLC BR,,,,"Mirdiff City Center 1st Level  Flat No H018  PO Bo, 
Dubai, UNITED ARAB EMIRATES",+97142845905
OCCHIALI VISION INTERNATIONAL LLC BRANCH,,,,"Bjc/Gf/0009b  Burjuman Center Khalid Bin Al Waleed, 
Dubai, UNITED ARAB EMIRATES",+97143200686
OCCHIALI VISION INTERNATIONAL LLC BRANCH AL RIGGA,,,,"Unit   Gd40b  Al Ghurair Centre  Floor  Al Rigga, Al Rigga, 
Dubai, UNITED ARAB EMIRATES",+97143445020
OCCU MED CLINIC LLC,,,,"15 Global Ascent Business Center, Floor: GROUND,  , Musaffah, 
Abu Dhabi, UNITED ARAB EMIRATES",+97125134000
OPEN MINDS PSYCHIATRY COUNSELING AND NEUROSCIENCE CENTRE LLC,,,,"The One Tower, Floor: 9TH, Al Barsha, PO Box 39274, Tecom, 
Dubai, UNITED ARAB EMIRATES",+97145727355
OPTICSFORLESS,,,,"DUBAI OUTLET MALL EXTENSION SG68 UMM NAHAD FIRST, UMM NAHAD FIRST, 
Dubai, UNITED ARAB EMIRATES",04 2366 564
OPTIFASHION LLC BRANCH DUBAI HILLS MALL,,,,"DUBAI HILLS MALLFF205FIRST FLOOR116249Dubai Hills , DUBAI HILLS, 
Dubai, UNITED ARAB EMIRATES",04-5689747
OPTIFASHION LLC BRANCH DUBAI MALL,,,,"THE DUBAI MALLTDM-GF-013Ground Floor116249THE DUBA, DUBAI MALL, 
Dubai, UNITED ARAB EMIRATES",97144224583
OPTIFASHION LLC BRANCH DUBAI SILICON CENTRAL,,,,"SILICON CENTRAL GROUND FLOOR SILICON CENTRALG-C-03, SILICON CENTRAL, 
Dubai, UNITED ARAB EMIRATES",04-3856668
OPTIFASHION LLC BRANCH MALL OF EMIRATES (VISION INDUSTRY),,,,"MALL OF EMIRATESUnit No. J39-40FIRST FLOOR116249Al, AL BARSHA MOE, 
Dubai, UNITED ARAB EMIRATES",04-3795233
OPTIFASHION LLC BRANCH MCC,,,,"MIRDIF CITY CENTER, F029, FIRST FLOOR, 116249, MIR, Mirdif, 
Dubai, UNITED ARAB EMIRATES",04-3376500
OPTIMUM DIAGNOSTIC CLINIC JLT,,,,"Jumeirah Bay X3 Tower Floor 8TH FLOOR Al Sarayat S, Jumeirah Lake Towers, 
Dubai, UNITED ARAB EMIRATES",+97143605222
OPTIVISIONDCO,,,,"D07 DEIRA CITY CENTRE MALL PORT SAEED, PORT SAEED, 
Dubai, UNITED ARAB EMIRATES",04 294 1004
OPTIVISIONDFC,,,,"RC025 DUBAI FESTIVAL CITY MALL CRESCENT, CRESCENT, 
Dubai, UNITED ARAB EMIRATES",04 232 5692
OPTIVISIONDXB,,,,"134 LOWER GROUND THE DUBAIMALLBURJ KHALIFA BURJ KH, BURJ KHALIFA, 
Dubai, UNITED ARAB EMIRATES",04 251 1235
OPTIVISIONIBN,,,,"IBS GF 86F IBN BATTUTA MALLJABAL ALI FIRST JABAL A, JABAL ALI FIRST, 
Dubai, UNITED ARAB EMIRATES",04 585 6165
OPTIVISIONIBN019,,,,"IBN BATTUTA MALL JABAL ALI FIRST, JABAL ALI FIRST, 
Dubai, UNITED ARAB EMIRATES",04 5523 736
OPTIVISIONMOE,,,,"B21 GF MALL OF EMIRATESAL BARSHA FIRST AL BARSHA, AL BARSHA, 
Dubai, UNITED ARAB EMIRATES",04 341 4090
OPTIVISIONOUTLET,,,,"F119 DUBAI OUTLET MALL UMM NAHAD FIRST, UMM NAHAD FIRST, 
Dubai, UNITED ARAB EMIRATES",04 553 2169
OPTIVISIONPLAZA,,,,"SU216 DUBAI FESTIVAL PLAZA JEBEEL ALI INDUSTRIAL, JEBEEL ALI INDUSTRIAL, 
Dubai, UNITED ARAB EMIRATES",04 577 4741
OPTX TWENTY TWENTY LLC,,,,"Manar Mall, Floor: GROUND FLO,  PO Box 1940, 
Ras Al Khaimah, UNITED ARAB EMIRATES",+97172336792
OPTX TWENTY TWENTY LLC BR,,,,"Deira City Center, Floor: GROUND FLO,  PO Box 1940, 
Dubai, UNITED ARAB EMIRATES",+97142954400
OPTX TWENTY TWENTY LLC BRANCH,,,,"Dubai Festival Plaza, Floor: GROUND FLO,  PO Box 1, 
Dubai, UNITED ARAB EMIRATES",+97142228208
OPTX TWENTY TWENTY LLC BRANCH MALL OF EMIRATE,,,,"Mall Of Emirates, Floor: GROUND FLO, Shop No. B11b, 
Dubai, UNITED ARAB EMIRATES",+97143850509
OPTX TWENTY TWENTY LLC SHJ,,,,"Sahara Center, Floor: GROUND,  PO Box 1940, 
Sharjah, UNITED ARAB EMIRATES",+97165303357
OPTX TWENTY TWENTY LLC SHJ 3,,,,"Sharjah City Center, Floor: GROUND FLO,, 
Sharjah, UNITED ARAB EMIRATES",+97165622520
OPTX TWENTY TWENTY LLC SHJ 4,,,,"Al Zahia City Centre, Floor: FIRST FLOO,  PO Box 1, 
Sharjah, UNITED ARAB EMIRATES",+97165107582
ORBIT STAR PHARMACY LLC,,,,"Shop 5 Al Attar Business Avenue B14, Floor: GROUND, Barsha 1, 
Dubai, UNITED ARAB EMIRATES",+97142344430
ORCHID AL RGAYEB PHARMACY LLC,,,,"Ground Floor Shop No. 8 Nesto Hypermarket Al Ragay, AL RAGAYEB 1, 
Ajman, UNITED ARAB EMIRATES",+971 6 743 2004
ORCHID PHARMACY,,,,"Shop No 6 Asmat Al Emarat Building, Floor: GROUND,, Jareeda, 
Abu Dhabi, UNITED ARAB EMIRATES",+97124431090
ORIANA HOSPITAL FOR ONE DAY SURGICAL,,,,"Manazil Tower 2 Al Khan Street, PO Box 1199 Al Taa, Al Taawun, 
Sharjah, UNITED ARAB EMIRATES",+97165251000
ORIANA PHARMACY,,,,"Manazil Tower 2, Floor: MEZANINE F, Al Taawun Stre, 
Sharjah, UNITED ARAB EMIRATES",+97165525770
ORIANA PHARMACY BR 1,,,,"Oriana Speciality Hospital Al Tawun Street, PO Box, 
Sharjah, UNITED ARAB EMIRATES",+97165918989
ORTHO X CLINIC LLC,,,,"PG Avenue Office 103-104 Mirdif, Mirdif, 
Dubai, UNITED ARAB EMIRATES",97142211022
ORTHOCURE MEDICAL CENTRE,,,,"Mirdif Avenue Mall 02 02 Floor Mirdif Avenue Mall , Mirdiff, 
Dubai, UNITED ARAB EMIRATES",
ORTHOCURE SPORTSMED CLINIC,,,,"The Mall 01 Shop number 4,5,6-01 Floor, The Mall U, Jumeirah, 
Dubai, UNITED ARAB EMIRATES",+97142888812
ORTHOPLUS BONE AND JOINT CENTER LLC,,,,"Al Fardan Exchange Buiding Zayed Bin Sultan St PO , Central District, 
Al Ain, UNITED ARAB EMIRATES",+97137800378
ORTHOSPORTS MEDICAL CENTER,,,,"Addiyar Building  Floor  MEZANINNE  5 58b St  Shei, Al Wasl, 
Dubai, UNITED ARAB EMIRATES",+97143450601
OSRATY FOR PHYSIO AND REHAB LLC,,,,"First Floor,Etihad Mall Al Khawaneej Muhaisnah 1, Muhaisnah 1, 
Dubai, UNITED ARAB EMIRATES",97142559444
OSRATY FOR PHYSIO AND REHAB LLC BRANCH,,,,"Al Barsha South Mall floor 1 Al Barsha South, Al Barsha South, 
Dubai, UNITED ARAB EMIRATES",97143522052
OUD AL TOBA PRIMARY HEALTH CARE CENTER,,,,"Hamdan Bin Mohammed Street,, 
Al Ain, UNITED ARAB EMIRATES",+97137023159
OUR LIFEGUARD PHARMACY LLC,,,,"GF SHOP NO 8 STREET 70TH JABEL ALI MAIN LAND Jebel, Jebel ALi, 
Dubai, UNITED ARAB EMIRATES",97145809681
OUTLET BY LIFE PHARMACY LLC,,,,"Shop No R1 & 12, Al Khail Mall, Al Quoz, Dubai, UA, Next To Marina Furniture, 
Dubai, UNITED ARAB EMIRATES",+97143441122
OXFORD MEDICAL CENTER,,,,"Muroor Road, PO Box 53275 Behind Emirates General , Behind Emirates General Market, 
Abu Dhabi, UNITED ARAB EMIRATES",+97124489666
OXFORD PHARMACY,,,,"Al Muroor Road, PO Box 53275, 
Abu Dhabi, UNITED ARAB EMIRATES",+97124489191
OXYGEN MEDICAL CENTER,,,,"Villa No 7  PO Box 38894 Al Rumailah, Al Rumailah, 
Ajman, UNITED ARAB EMIRATES",+97167406022
PALM STRIP PHARMACY JUMEIRAH,,,,"Palm Strip Mall  Unit No. 17  Floor  GF  Jumeira B, Jumeira, 
Dubai, UNITED ARAB EMIRATES",+97143441122
PALMIRA SPECIALIZED DENTAL MEDICAL CENTRE,,,,"Rak Bank Building, Near Abu Dhabi Islamic BankKhal, 
Abu Dhabi, UNITED ARAB EMIRATES",+97126673060
PALMYRA PHARMACY,,,,"Al Baker No. 4 Bin Baz Street, PO Box 44870 Al Taw, Al Tawoun Area, 
Sharjah, UNITED ARAB EMIRATES",+97165362100
PANACEA MEDICAL AND WELLNESS CENTRE,,,,"Easa Saleh Al Gurg (Dunlop), Floor: 2, Khalid Bin , Umm Hurair, 
Dubai, UNITED ARAB EMIRATES",+97143582020
PANACEA PHARMACY MADINAT BR OF ASTER PHARMACI,,,,"Madinat Jumeriah Souk  Shop No.90  Floor  GROUND F, Jumeirah, 
Dubai, UNITED ARAB EMIRATES",+97143686123
PANACEA PHARMACY REEF,,,,"Reef Mall, Floor: GROUND FLO, Salah Al Din Road, P, 
Dubai, UNITED ARAB EMIRATES",+97142239805
PANORAMA RX PHARMACY BR OF IMARA HEALTH CARE,,,,"Panorama Building, Floor: GROUND, First Al Khail S, Al Thanyah 3, 
Dubai, UNITED ARAB EMIRATES",+97142617175
PARADISE PLUS PHARMACY,,,,"SHOP NO 8 9 RITAJ COMMUNITY CENTER Above Al Maya S, DIP 2, 
Dubai, UNITED ARAB EMIRATES",0509400520
PARADISE PLUS POLY CLINIC LLC,,,,"SHOP NO 8 9 RITAJ COMMUNITY CENTER AL YALAYIS DIP , DIP 2, 
Dubai, UNITED ARAB EMIRATES",97148848270
PARADISE PLUS POLY CLINIC LLC BRANCH,,,,"PARK BAZAAR Building, Street 40 AL YALAYIS DIP 2, DIP 2, 
Dubai, UNITED ARAB EMIRATES",97148848270
PARAMOUNT CLINICS LLC,,,,"Abu  Dhabi Plaza Tower Al Naja Street, PO Box 3875, Opposite To Almaria Mall Cinema, 
Abu Dhabi, UNITED ARAB EMIRATES",+97126228724
PARK BETTER LIFE PHARMACY,,,,"Ground Floor  Park Shopping Mall Dubai Investment , Jebel Ali, 
Dubai, UNITED ARAB EMIRATES",+97148895578
PEARL DENTAL CLINIC,,,,"Citadel Tower 1605 16th Floor Al Abraj Street  PO , Business Bay, 
Dubai, UNITED ARAB EMIRATES",+97144270710
PEARLY SMILE DENTAL CENTER LLC BRANCH 1,,,,"C11 Building, Floor: MEZZANINE, Khalifa City A, PO, 
Abu Dhabi, UNITED ARAB EMIRATES",+97125566520
PEARLY SMILE DENTAL CENTRE LLC,,,,"Bin Sagr Tower, Floor: 1ST, Al Najda, PO Box 34670, Al Markaziya, 
Abu Dhabi, UNITED ARAB EMIRATES",+97126393677
PERFECT SMILE DENTAL CENTRE LLC,,,,"Al Dhabi Tower, Floor: 2, Hamdan Street, PO Box 10, 
Abu Dhabi, UNITED ARAB EMIRATES",+97126334660
PESHAWAR MEDICAL CENTRE,,,,"Me 40  Sanaiya  PO Box 13111 Musaffah, Musaffah, 
Abu Dhabi, UNITED ARAB EMIRATES",+97125508987
PH DIAGNOSTICS LLC,,,,"Al Abbas Building 1 Floor FIRST Khalid Bin Al Wale, Bur Dubai, 
Dubai, UNITED ARAB EMIRATES",+97143543350
PHARMA ONE PHARMACY LLC,,,,"Fatima Bldg Beirut St PO Box 96976 Muhaisnah 4, Muhaisnah 4, 
Dubai, UNITED ARAB EMIRATES",+97142631107
PHARMA ZONE PHARMACY DIP LLC,,,,"Souq Extra Mall, Floor: GROUND FLO, Ewan Residence, Dubai Investment Park (Dip 1), 
Dubai, UNITED ARAB EMIRATES",+97148800001
PHARMACHOICE PHARMACY,,,,"Dr. Sulaiman Al Habib Hospital, Floor: GROUND, Umm, Dubai Healthcare City, 
Dubai, UNITED ARAB EMIRATES",
PHARMACHOICE PHARMACY OWNED BY DR SULAIMAN AL,,,,"Plot 357 0709 Indigo Central 1  Floor  GROUND  She, Al Safa 2, 
Dubai, UNITED ARAB EMIRATES",+97145813340
PHARMACHOICE PHARMACY OWNED BY DR SULAIMAN AL DHC,,,,"Dr. Sulaiman Al Habib Medical Center Umm Hurair 1,, Dubai Healthcare City, 
Dubai, UNITED ARAB EMIRATES",+97144297777
PHARMACY AHALIA AJMAN,,,,"Near Emirates Market, Asyad Tower, Al Ittihad Stre, Al Ittihad Street, 
Ajman, UNITED ARAB EMIRATES",+97167679587
PHARMACY SABEEL L.L.C - SHJ. BR 1,,,,"NEAR TO RUKN AL RAHMANIYA TYPING CENTER NEAR TO RU, RAHMANIYA, HAY AL ATAIN, 
Sharjah, UNITED ARAB EMIRATES",97165266491
PHARMACY SABEEL LLC AJMAN,,,,"FLAMINGO MALL GROUND FLOOR GROUND FLOOR, FLAMINGO , AL ITTIHAD STREET, 
Ajman, UNITED ARAB EMIRATES",97167794344
PHOENIX HOSPITAL LLC,,,,"Me 10  PO Box 2419 Mussafah, Shabiya, Mussafah, Shabiya, 
Abu Dhabi, UNITED ARAB EMIRATES",+97126151515
PHYSIOCARE FZ LLC,,,,"Al Razi Medical Complex Bldg. 64, Floor: SECOND, A, Dubai Heathcare City, 
Dubai, UNITED ARAB EMIRATES",+97144298560
PHYSIOWELL CHIROPRACTIC PHYSIOTHERAPY LLC,,,,"Villa 947 Al Wasl, PO Box 34156 Al Manara, Al Manara, 
Dubai, UNITED ARAB EMIRATES",+97142692121
PRAGUE CLINICS EUROPEAN DOCTORS LLC,,,,"Aswaaq Mall Nad Al Sheba 4 Nad AL Sheba 4, Nad AL Sheba 4, 
Dubai, UNITED ARAB EMIRATES",97145580540
PREMIER DIAGNOSTIC CENTER AL MIZHAR,,,,"BASEMENT, ARABIAN CENTER, AL KHAWANEEJ STREET, AL , Al Mizhar, 
Dubai, UNITED ARAB EMIRATES",04-7070999
PREMIER DIAGNOSTIC CENTER LLC,,,,"Al Muteena Building  Floor  Ground  Salahuddin Str, Deira, 
Dubai, UNITED ARAB EMIRATES",+97142720720
PREMIER PHARMACY LLC,,,,"Shop   2  Kings College Hospital Bldg. Umm Suquim , Jumeirah, 
Dubai, UNITED ARAB EMIRATES",+97143441122
PRIMA CURE MEDICAL CENTER,,,,"Mezar Salem Building (No C 35)  Floor  Ground  Al , 
Abu Dhabi, UNITED ARAB EMIRATES",+97126342424
PRIMACARE PHARMACY LLC,,,,"Shop-6, Al Souq Al Kabeer Bur Dubai, Bur Dubai, 
Dubai, UNITED ARAB EMIRATES",+97148846679
PRIMACARE SPECIALITY CLINICS LLC,,,,"Al Musalla Tower, Floor: 6TH FLOOR, Bank Street, P, Al Hamriya, 
Dubai, UNITED ARAB EMIRATES",+97143705080
PRIMACARE SPECIALITY CLINICS LLC BRANCH,,,,"Al Musalla Tower, Floor: 6TH, Khalid Bin Al Waleed, Bur Dubai, 
Dubai, UNITED ARAB EMIRATES",+97143966123
PRIME HOSPITAL LLC,,,,"Prime Hospital Llc Casablanca Street  Dubai Airpor, Al Garhoud, 
Dubai, UNITED ARAB EMIRATES",+97142929777
PRIME MEDICAL CENTER AJM LLC,,,,"Grand Mall, Floor: GROUND,  Sheikh Khalifa Bin Zay, Sheikh Khalifa Bin Zayed, 
Ajman, UNITED ARAB EMIRATES",
PRIME MEDICAL CENTER AL WARQA,,,,"Al Warqa City Mall, Floor: GROUND FLO,  PO Box 716, Al Warqa 3, 
Dubai, UNITED ARAB EMIRATES",+97147070999
PRIME MEDICAL CENTER BARSHA HEIGHTS BR OF PRI,,,,"The Onyx Tower 1 Landscape Leocore, Floor: GROUND,, The Greens (Al Thanyah Third), 
Dubai, UNITED ARAB EMIRATES",+97147070999
PRIME MEDICAL CENTER BRANCH LLC,,,,"Arabian Centre Al Khawaneej Road, PO Box 5239 Al M, Al Mizhar, 
Dubai, UNITED ARAB EMIRATES",+97142845522
PRIME MEDICAL CENTER BUR DUBAI LLC,,,,"Burjuman Center, Floor: 3RD, Khalid Bin Al Waleed , Bur Dubai, 
Dubai, UNITED ARAB EMIRATES",+97143570033
PRIME MEDICAL CENTER DUBAI AIRPORT T1 BR OF PRIME MEDICAL CENTER LLC,,,,"Dubai Airport Terminal 1 Arrival  PO Box 7162 Al G, Al Garhoud, 
Dubai, UNITED ARAB EMIRATES",+97147070999
PRIME MEDICAL CENTER DUBAI AIRPORT TERMINAL 3,,,,"DUBAI AIRPORT TERMINAL 3, ARRIVALS, AL GARHOUD, DU, AL GARHOUD, 
Dubai, UNITED ARAB EMIRATES",97147070999
PRIME MEDICAL CENTER JUMEIRAH LLC,,,,"Ferdous 1 Building, Floor: GF, Al Wasl Road, PO Bo, Al Safa, 
Dubai, UNITED ARAB EMIRATES",+97147070999
PRIME MEDICAL CENTER LLC,,,,"Al Reef Mall, Floor: 2ND FLOOR, Salahuddin Road, P, Deira, 
Dubai, UNITED ARAB EMIRATES",+97142720720
PRIME MEDICAL CENTER MAJAN (BR OF PRIME MEDICAL CENTER LLC),,,,"ANDALUSIA COURTYARD MALL G ANDALUSIA COURTYARD MAL, LIVING LEGENDS, 
Dubai, UNITED ARAB EMIRATES",
PRIME MEDICAL CENTER MOTOR CITY BR OF PRIME M,,,,"First Avenue Mall  Floor  FIRST   PO Box 7162 Al H, Al Hebaiah First Area, Dubai Motor City, 
Dubai, UNITED ARAB EMIRATES",+97147070999
PRIME MEDICAL CENTER NADD AL HAMAR (BR OF PRIME MEDICAL CENTER LLC),,,,"UNION COOP, NADD AL HAMAR G UNION COOP  NADD AL HA, NADD AL HAMMAR, 
Dubai, UNITED ARAB EMIRATES",
PRIME MEDICAL CENTER RTA,,,,"Block C  Rta Head Quarter  Floor  GROUND FLO   PO , Um Ramool, 
Dubai, UNITED ARAB EMIRATES",+97147070999
PRIME MEDICAL CENTER SHEIKH ZAYED ROAD LLC,,,,"Shop number 1205A, 2nd floor, Oasis Mall, 2nd Inte, SHEIKH ZAYED ROAD, 
Dubai, UNITED ARAB EMIRATES",+97143389389
PRIME MEDICAL CENTRE AL NAHDA,,,,"Al Rowda Tower 2, Floor: G, Malaka Street, PO Box , Al Nahda, 
Sharjah, UNITED ARAB EMIRATES",+97165251800
PRIME MEDICAL CENTRE AL QASIMIA,,,,"Al Qasmia Building, Floor: Ground, Emigration Rd, , Al Qasimyya, 
Sharjah, UNITED ARAB EMIRATES",+97165752200
PRIME SPECIALIST MEDICAL CENTRE,,,,"Safeer Market Building  Floor  2ND FLOOR  King Fai, Al Majaz-1, 
Sharjah, UNITED ARAB EMIRATES",+97165752200
PRIME SPECIALIST MEDICAL CENTRE LLC BRANCH 1,,,,"Zero 6 Mall, Floor: GROUND FLO, University City Ro, Al Jurainah, 
Sharjah, UNITED ARAB EMIRATES",+97147070999
PRIME SPECIALIST MEDICAL CENTRE LLC BRANCH 2,,,,"RAHMANIYA MALL, ABU AMR AL BASRI STREET, AL RAHMAN, AL RAHMANIYA, 
Sharjah, UNITED ARAB EMIRATES",04-7070999
PRIMECORP MEDICAL CENTER AL QUSAIS,,,,"Al Qusais Plaza, Floor: GROUND FLO, Damascus Stree, Al Qusais Industrial Area 2, 
Dubai, UNITED ARAB EMIRATES",
PRIMECORP MEDICAL CENTER AL WARSAN BR OF PRIM,,,,"Dubai Muncipality Labour Accomodation Al Warsan 3,, Warsan, 
Dubai, UNITED ARAB EMIRATES",+97147070999
PRIMECORP MEDICAL CENTER DIP BR OF PRIMECORP,,,,"Building No. 33  Al Futtaim Accomodation  PO Box 7, DUBAI INVESTMENT PARK, 
Dubai, UNITED ARAB EMIRATES",+97142720720
PRIMECORP MEDICAL CENTER DWC BR OF PRIMECORP,,,,"Dubai Aviation Engineering Project  PO Box 7162 Du, Dubai, 
Dubai, UNITED ARAB EMIRATES",+97142720720
PRIMECORP MEDICAL CENTER LLC,,,,"Gulf Air Building, Floor: 6TH  FLOOR, Salahuddin R, Deira, 
Dubai, UNITED ARAB EMIRATES",+97143397548
PRIMECORP MEDICAL CENTER LLC JABAL ALI BRANCH,,,,"Alec Camp 12  PO Box 7162 Jebeel Ali Industrial Zo, Jebeel Ali Industrial Zone, 
Dubai, UNITED ARAB EMIRATES",+97142720720
PRIMECORP MEDICAL CENTER LLC SHJ 1,,,,"Al Roda Tower 2 Makala St, PO Box 70667 Al Nahda, Al Nahda, 
Sharjah, UNITED ARAB EMIRATES",+97147070999
PRISTINE DENTAL CLINIC,,,,"Al Madina Hypermarket Building  Floor  MEZZANINE  , Musaffah, 
Abu Dhabi, UNITED ARAB EMIRATES",+97126446650
PRISTINE PHARMACY LLC,,,,"Shop 9  10  11a  11b @ Nile Region Wafi Mall, Wafi Mall, 
Dubai, UNITED ARAB EMIRATES",+97143441122
PRISTINE PHARMACY LLC BRANCH 01,,,,"Cornish Road Al Owan Al Nakhil 2 AL NAKHIL, AL NAKHIL, 
Ajman, UNITED ARAB EMIRATES",97165290846
PROFESSOR SAKLA SPANISH EYE CLINIC LLC,,,,"Building   25 3 St  PO Box 333397 Umm Al Sheif??, Umm Al Sheif??, 
Dubai, UNITED ARAB EMIRATES",
PROFICIENCY HEALTHCARE DIAGNOSTIC LABORATORIE AL AIN,,,,"M2 Etihad Building, Floor: SECOND, Zayed Bin Sulta, 
Al Ain, UNITED ARAB EMIRATES",+97137660992
PROFICIENCY HEALTHCARE DIAGNOSTIC LABORATORIE DUBAI,,,,"410 Yes Business Centre  Floor  FOURTH  Sheik Zaye, Al Barsha 1, 
Dubai, UNITED ARAB EMIRATES",+97142776162
PROFICIENCY HEALTHCARE DIAGNOSTICS LABORATORI,,,,"1103 Tower C, Floor: ELEVENTH, Electra Street, PO , Behind Honda Showroom, 
Abu Dhabi, UNITED ARAB EMIRATES",+97124919300
PROTECTION PHARMACY,,,,"KARAMA CENTRE, Floor: GROUND, Kuwait Street, PO Bo, Al Karama, 
Dubai, UNITED ARAB EMIRATES",+97143348348
PULSE LIFE PHARMACY LLC JVC,,,,"SAMHA RESIDENCE SHOP2 SHOP2 SAMHA RESIDENCE, DISTR, JUMAIRA VILLAGE CIRCLE, 
Dubai, UNITED ARAB EMIRATES",97144522610
QALB AL IMAN PHARMACY LLC,,,,"Dr.Hasan Ibrahim Al Marzooki Building, Floor: GROU, Deira, 
Dubai, UNITED ARAB EMIRATES",+97142723240
QAMAR AL SATWA PHARMACY,,,,"Al Arti Building Al Bada'A  Dubai  Near Al Satwa B, Al Satwa, 
Dubai, UNITED ARAB EMIRATES",+97143441720
QIDFAA HEALTH CENTER,,,,"Qidfa Street,Near National Bank of Fujairah QIDFA, QIDFA, 
Fujairah, UNITED ARAB EMIRATES",9719 2381689
QUIRONSALUD MEDICAL INSTITUTE LLC,,,,"Villa 1187 304 Al Wasl Road, PO Box 2222 Umm Al Sh, Umm Al Sheif District, 
Dubai, UNITED ARAB EMIRATES",+97143422228
QUSAHWIRA MEDICAL CENTER,,,,"Um Al Zumol Road, Western Region Um Al Zumol  Road, Um Al Zumol  Road, 
Abu Dhabi, UNITED ARAB EMIRATES",02-6023882
RAFA PHARMACY AL AIN,,,,"Al Rafa Polyclinic Building, Floor: Ground, Khalif, 
Al Ain, UNITED ARAB EMIRATES",+97137657006
RAHEQ ALAZHAR PHARMACY LLC,,,,"Xpo Mall Madinat Hypermarket, PO Box 52001 Jabal A, Jabal Ali Industrial First, 
Dubai, UNITED ARAB EMIRATES",+97148806616
RAHMATH SILA CLINIC,,,,"Uae Exchange Building Al Sila Street, PO Box 11376, 
Abu Dhabi, UNITED ARAB EMIRATES",+97128724999
RAK HOSPITAL,,,,"Rak Hospital  Floor     Sultan Al Kabeer Road  PO , Al Qusaidat, 
Ras Al Khaimah, UNITED ARAB EMIRATES",+97172074444
RALS HEALTHCARE (BR OF ABDULWAHED BIN SHABIB INVESTMENT GROUP L.L.C.),,,,"Bin Shabib Mall, Floor: GROUND FLO, Baghdad Street, Al Qusais, 
Dubai, UNITED ARAB EMIRATES",+97142275777
RALS HEALTHCARE IT CENTER,,,,"IT CENTER BUILDING21 A STREET,AL SOUQ AL KABEERPO , BUR DUBAI, 
Dubai, UNITED ARAB EMIRATES",97142275777
RALS HEALTHCARE JEBEL ALI POLYCLINIC,,,,"AWS Family Residence57 Street, Jebel Ali Industria, Jebel Ali, 
Dubai, UNITED ARAB EMIRATES",97142275777
RALS PHARMACY AL QUSAIS PHARMACY,,,,"BIN SHABIB MALLBAGHDAD STREETPO BOX 11370AL QUSAIS, AL QUSAIS, 
Dubai, UNITED ARAB EMIRATES",97142275777
RALS PHARMACY IT CENTER PHARMACY,,,,"IT CENTER BUILDING21 A STREET,AL SOUQ AL KABEERPO , BUR DUBAI, 
Dubai, UNITED ARAB EMIRATES",97142275777
RALS PHARMACY JEBEL ALI PHARMACY,,,,"AWS Family Residence57 Street, Jebel Ali Industria, JEBEL ALI, 
Dubai, UNITED ARAB EMIRATES",97142275777
RALS PHARMACY MEENA PHARMACY,,,,"MEENA BUILDING302 FLAT NO AL SOQ AL KABEERPO BOX 1, BURDUBAI, 
Dubai, UNITED ARAB EMIRATES",97142275777
RAMADA LIFE PHARMACY,,,,"Khalid Bin Al Waleed Street, PO Box 71246 Bur Duba, Bur Dubai, 
Dubai, UNITED ARAB EMIRATES",+97143441122
RAMADA PHARMACY,,,,"Al Hathboor Building, Floor: Ground, Hor Al Anz Ea, Al Mamzar, 
Dubai, UNITED ARAB EMIRATES",+97142661842
RAND PHARMACY,,,,"Al Safa Tower  Near Al Zahra Medical Ctr  Floor  G, 
Dubai, UNITED ARAB EMIRATES",+97143315780
RAS AL KHAIMAH AL JAZIRA AL HAMRA PHARMACY,,,,"Rak Ceramics Accomodation Bldg (G+11) B1, Floor: G, Al Jazeera Al Hamra, 
Ras Al Khaimah, UNITED ARAB EMIRATES",+97172432226
RAS AL KHAIMAH GHALILA PHARMACY,,,,"Ahmed Laha Building, Floor: GROUND,  PO Box 12027 , Galilah/Shaam, 
Ras Al Khaimah, UNITED ARAB EMIRATES",+97172279994
RAS AL KHAIMAH MEDICAL CENTER AL HAMRA,,,,"Al Hamra Mall, Floor: 1ST FLOOR, E11 Sheikh Muhamm, Al Hamra Village, 
Ras Al Khaimah, UNITED ARAB EMIRATES",+97172278308
RAS AL KHAIMAH MEDICAL CENTER AL JAZEERA,,,,", Floor: GROUND FLO, Rakia Al Hamra Industrial Zon, Al Jazeera, 
Ras Al Khaimah, UNITED ARAB EMIRATES",+97172432226
RAS AL KHAIMAH MEDICAL CENTER GALILAH,,,,"Ahmed Laha Building  Floor  UNITED ARA  Oman Road , 
Ras Al Khaimah, UNITED ARAB EMIRATES",+97172279994
RASHA PHARMACY LLC,,,,"Hessa Al Omrani, Floor: GROUND FLO, Thariq Bin Zay, Al Ghuwair Post Office Building, 
Sharjah, UNITED ARAB EMIRATES",+97165625889
RASHID CENTER FOR DIABETES AND RESEARCH,,,,"University Street, PO Box 5166 Al Jurf 1, Al Jurf 1, 
Ajman, UNITED ARAB EMIRATES",+97167117799
RASHID CENTER FOR DIABETES AND RESEARCH PHARM,,,,"University Street, PO Box 5166 Al Jurf 1, Al Jurf 1, 
Ajman, UNITED ARAB EMIRATES",+97167117799
RASHID PHARMACY LLC,,,,"AL ZAROONI BUILDING SHOP 01  Floor  Ground  Riqa S, Deira Dubai, 
Dubai, UNITED ARAB EMIRATES",+97142211739
RAWABINA PHARMACY,,,,"Al Zamalek Bldg Al Nadha Street  PO Box 41496 Al N, Al Nad Al Qassimiya, Al Zamaler Bldg, 
Sharjah, UNITED ARAB EMIRATES",+97165519654
RAYHAN PRIMARY HEALTHCARE CENTER LLC,,,,"BUILDING 8 FLAT NO 3 MEZZANINE FLOOR AL YASEER STR, Central District, 
Al Ain, UNITED ARAB EMIRATES",97137330765
REAL 10 PHARMACY,,,,"Shop 1  Elite Building -Opp. Lulu Hyper Market Al , Al Barsha, 
Dubai, UNITED ARAB EMIRATES",+97143441122
REAL 3 PHARMACY,,,,"Belselah Bldg  PO Box 71246Shop no 1, Emart Superm, Bur Dubai, 
Dubai, UNITED ARAB EMIRATES",+97143441122
REAL 4 PHARMACY,,,,"Shop No 3  Escaper Tower Business Bay, Business Bay, 
Dubai, UNITED ARAB EMIRATES",+97143441122
REAL 5 PHARMACY LLC,,,,"Next To Carrefour Express Aman Road, Al Nahda, Al Nahda, 
Dubai, UNITED ARAB EMIRATES",+97143441122
REAL 6 PHARMACY LLC,,,,"Shop   1  Al Salaam Tower Sheikh Zayed Road  Chels, Chelsea, 
Dubai, UNITED ARAB EMIRATES",+97143441122
REAL 7 PHARMACY DMCC,,,,"E3   Sabah Tower  Floor  GROUND  Jumeirah Lake Tow, Jumeirah Lake Towers, 
Dubai, UNITED ARAB EMIRATES",+97143441122
REAL 7 PHARMACY DMCC BRANCH,,,,"Unit No. M032, Floor: GROUND FLO, My City Centre M, Masdar City, 
Abu Dhabi, UNITED ARAB EMIRATES",+97143441122
REAL 7 PHARMACY DMCC BRANCH DUBAI,,,,"Shop Pl 7  Lake Terrace  Cluster D Jumeirah Lakes , Jumeirah Lakes Towers, 
Dubai, UNITED ARAB EMIRATES",+97143441122
REAL 7 PHARMACY DMCC LAKE SIDE RES TOWER,,,,"Unit  Gs03  Plot   Ph1  A3 Lake Side Res Tower, Lake Side Res Tower, 
Dubai, UNITED ARAB EMIRATES",+97143441122
REAL ONE PHARMACY,,,,"Shp   1&2 Al Balooch Bldg Bur Dubai, Bur Dubai, 
Dubai, UNITED ARAB EMIRATES",+97143441122
REEM AL NAHDA PHARMACY,,,,"Bin Tower Bldg  Opp Of Carrefour Market  PO Box 32, Al Nahda, 
Sharjah, UNITED ARAB EMIRATES",+97165255825
REEM AL NAHDAH PHARMACY LLC,,,,"Bin Ham Tower Bldg.,Opp. Carrefour Market, Near Al, AL NAHDA, 
Sharjah, UNITED ARAB EMIRATES",+971 6 5255825
REEM HOSPITAL LLC,,,,"Reem Hospital    PO Box 953 Al Reem Island, Al Reem Island, 
Abu Dhabi, UNITED ARAB EMIRATES",
REEM NEUROSCIENCE CENTER LLC,,,,"Hameem St Al Nahyan Abu Dhabi UAE Al Nahyan, Al Nahyan, 
Abu Dhabi, UNITED ARAB EMIRATES",+9712815000
REEM PHARMACY,,,,"Shop 5 Deyaar Building King Faisal Rd  PO Box 2574, Abu Shagara Park,, 
Sharjah, UNITED ARAB EMIRATES",+971569667686
REEM PHARMACY LLC,,,,"Reem Hospital  PO Box 953 Opposite Sorbonne Univer, Opposite Sorbonne University, Reem Island, 
Abu Dhabi, UNITED ARAB EMIRATES",
RELEAF MEDICAL CENTRE LLC BRANCH AL QUOZ 2,,,,"AL QOUZ IND.SECOND Khalfan Mohammed Bin Lahej Grou, AL QUOZ 2, 
Dubai, UNITED ARAB EMIRATES",9714 3377977
RELEAF MEDICAL CENTRE LLC BRANCH DIP 2,,,,"Fakhree Centre LLC 1 St Floor DIP 2, DIP 2, 
Dubai, UNITED ARAB EMIRATES",9714 8814918
RELEAF MEDICAL CENTRE LLC BRANCH JEBEL ALI 1,,,,"SABHA BUILD First Floor Jebel Ali Industrial First, JEBEL ALI 1, 
Dubai, UNITED ARAB EMIRATES",9714 3885456
RELEAF MEDICAL CENTRE LLC BRANCH RAS AL KHOR,,,,"Rashid Al Maqoobi Al Falasi BUILDING SHOP 2 Ground, RAS AL KHOR 1, 
Dubai, UNITED ARAB EMIRATES",97143216222
RELIEF PHARMACY LLC,,,,"Saife Centre  Near Al Futtaim Mosque  Floor  Groun, Deira, 
Dubai, UNITED ARAB EMIRATES",+97142285462
REMAH PRIMARY HEALTH CARE CENTER,,,,"United Arab Emirates,, 
Al Ain, UNITED ARAB EMIRATES",+97137372211
RESONANCE IMAGING DIAGNOSTIC CENTER,,,,"Villa No. 1204 Al Wasl Road   PO Box 214329 Umm Se, Umm Sequim 2, 
Dubai, UNITED ARAB EMIRATES",+97142295550
RETAJ MEDICAL CENTER,,,,"United Insurance Building F1 Al Dhait AL DHAIT, AL DHAIT, 
Ras Al Khaimah, UNITED ARAB EMIRATES",97172277776
REVIVE DENTAL CLINIC,,,,"Ibn Sina Building  27  Floor  3RD FLOOR  26th Stre, Dubai Healthcare City, 
Dubai, UNITED ARAB EMIRATES",+97142764269
RIAZ SPECIALIST MEDICAL CENTRE LLC,,,,"Riaz Medical Center Building, Floor: Ground, Al Wa, Al Shahba Area, 
Sharjah, UNITED ARAB EMIRATES",+97165583351
RIGHT HEALTH CLINIC JURF LLC,,,,"Shop No 1 Jurf Industrial Zone 2  PO Box 3484 Jurf, Jurf, 
Ajman, UNITED ARAB EMIRATES",+97167494969
RIGHT HEALTH PHARMACY JURF LLC,,,,"Shop No 1 Jurf Industrial Zone 2, PO Box 3484 Jurf, Jurf, 
Ajman, UNITED ARAB EMIRATES",+97167494969
RIGHT HEALTH PHARMACY LLC,,,,"Sumaiya Ahmad Yousuf  Mohammad, Floor: GROUND FLO,, Muhaisanah Second, 
Dubai, UNITED ARAB EMIRATES",+97148806616
RIGHT HEALTH PHARMACY LLC BRANCH,,,,"Al Yateem Building  Shop No 2 Al Karama, Al Karama, 
Dubai, UNITED ARAB EMIRATES",
RIGHT MEDICAL CENTRE,,,,"Saleh Bin Saleh Building  Floor  First  Zayd Bin S, Abu Shagara, 
Sharjah, UNITED ARAB EMIRATES",+97165551575
RIVIERA LIFE PHARMACY LLC,,,,"Shop 1  Riviera Dreams Bldg  Cbd Cluster, Dubai In, Dubai International City, 
Dubai, UNITED ARAB EMIRATES",+97143441122
RIVOLI BR OF RIVOLI ENTERPRISES LLC,,,,"Rivoli Eyezone Dubai Marina Mall, Floor: GROUND, A, Dubai Marina Mall, 
Dubai, UNITED ARAB EMIRATES",97143792218
RIVOLI EYE ZONE BRANCH OF EXCEL ENTERPRISES  BURJUMAN CENTRE,,,,"Unit No  Bjc/L1/0008a  Burjuman Centre, 
Dubai, UNITED ARAB EMIRATES",+97143516788
RIVOLI EYEZONE ABU DHABI MALL,,,,"Abu Dhabi Mall, Floor: FIRST FLOO,  PO Box 121 Tou, Tourist Club, 
Abu Dhabi, UNITED ARAB EMIRATES",+97126410017
RIVOLI EYEZONE AL AIN MALL,,,,"Al Ain Mall, Floor: GROUND FLO,  PO Box 121 AL AIN, AL AIN MALL, 
Al Ain, UNITED ARAB EMIRATES",+97137612326
RIVOLI EYEZONE AL BAWADI,,,,"Bawadi Mall, Floor: GROUND FLO,  PO Box 121 AL BAW, AL BAWADI, 
Al Ain, UNITED ARAB EMIRATES",+97137809031
RIVOLI EYEZONE AL GHURAIR,,,,"Al Ghurair Mall  Floor  GROUND FLO  Near To The At, Deira, 
Dubai, UNITED ARAB EMIRATES",97142561023
RIVOLI EYEZONE AL HAMRA MALL,,,,"E11 Sheikh Mohamed Bin Salem Rd Al Jazeera Al Hamr, AL HAMRA MALL, 
Ras Al Khaimah, UNITED ARAB EMIRATES",971506239270
RIVOLI EYEZONE AL JIMI MALL,,,,"Jimi Mall, Floor: GROUND FLO,  PO Box 121, 
Al Ain, UNITED ARAB EMIRATES",+97137227167
RIVOLI EYEZONE AL WAHDA,,,,"Al Wahda Mall, Floor: FIRST FLOO,  PO Box 121 AL W, AL WAHDA, 
Abu Dhabi, UNITED ARAB EMIRATES",+97124417090
RIVOLI EYEZONE AL WAHDA 2 GF,,,,"Al Wahda Mall, Floor: GROUND FLO,  PO Box 121 AL W, AL WAHDA, 
Abu Dhabi, UNITED ARAB EMIRATES",+97125647032
RIVOLI EYEZONE AL ZAHIA CITY CENTRE,,,,"Al Zahia City Centre A 109  Level 2  Opposite Red , Zahia, 
Sharjah, UNITED ARAB EMIRATES",97165420063
RIVOLI EYEZONE ARABIAN RANCHES,,,,"Arabian Ranches 3 Souk Shop 03 ARABIAN RANHES, ARABIAN RANHES, 
Dubai, UNITED ARAB EMIRATES",971527496834
RIVOLI EYEZONE BAWABAT AL SHARQ,,,,"Bawabat Al Sharq Mall, Floor: FIRST FLOO,  PO Box , BAWABAT, 
Abu Dhabi, UNITED ARAB EMIRATES",+97125821819
RIVOLI EYEZONE CITY CENTRE SHJ LEVEL 1,,,,"Sharjah City Centre, Floor: FIRST FLOO, United Ara, 
Sharjah, UNITED ARAB EMIRATES",+97143765126
RIVOLI EYEZONE DALMA MALL AUH,,,,"Dalma Mall, Floor: GROUND FLO, DALMA MALL, DALMA MALL, 
Abu Dhabi, UNITED ARAB EMIRATES",+97125503155
RIVOLI EYEZONE DEIRA CITY CENTRE,,,,", Floor: FIRST FLOO, Port Saeed, Deira, Deira, 
Dubai, UNITED ARAB EMIRATES",97142590841
RIVOLI EYEZONE DUBAI CREEK,,,,"HV 06, Harbour Views Tower 1, Dubai Creek RAS AL K, RAS AL KHOR, 
Dubai, UNITED ARAB EMIRATES",971562167147
RIVOLI EYEZONE DUBAI FESTIVAL CITY,,,,"Unit No  Sc084  Dubai Festival City Mall, 
Dubai, UNITED ARAB EMIRATES",+97142326670
RIVOLI EYEZONE DUBAI FESTIVAL PLAZA,,,,"Dubai Festival Plaza, Floor: GROUND FLO, United Ar, 
Dubai, UNITED ARAB EMIRATES",97148816336
RIVOLI EYEZONE DUBAI HILLS,,,,"Dubai Hills Mall, Floor: FIRST FLOO, Near Montblan, Al Khail, 
Dubai, UNITED ARAB EMIRATES",+97143765126
RIVOLI EYEZONE DUBAI MALL FF,,,,"Dubai Mall, Floor: FIRST FLOO, United Arab Emirate, Dubai Mall, 
Dubai, UNITED ARAB EMIRATES",97143200257
RIVOLI EYEZONE DUBAI MALL LOWER GROUND,,,,"Dubai Mall  Floor  LOWER GROU  Close To Kfc  Fashi, 
Dubai, UNITED ARAB EMIRATES",97143253343
RIVOLI EYEZONE DUBAI MARINA MALL,,,,"Ground Floor Dubai Marina Mall Dubai DUBAI MARINA, DUBAI MARINA, 
Dubai, UNITED ARAB EMIRATES",971566826519
RIVOLI EYEZONE FORSAN CENTRAL,,,,"Forsan Central Mall, Floor: GROUND FLR FORSAN CENT, FORSAN CENTRAL, 
Abu Dhabi, UNITED ARAB EMIRATES",+97143765126
RIVOLI EYEZONE FUJAIRAH CITY CENTRE,,,,"Fujairah City Centre, Floor: GROUND FLO, United Ar, 
Fujairah, UNITED ARAB EMIRATES",97192230040
RIVOLI EYEZONE GALLERIA MALL FF,,,,"Galleria Mall, Floor: FIRST FLOO, GALLERIA MALL, GALLERIA MALL, 
Abu Dhabi, UNITED ARAB EMIRATES",+97143765126
RIVOLI EYEZONE IBN BATTUTA,,,,"Ibn Battuta Mall, Floor: IBSGF185,, 
Dubai, UNITED ARAB EMIRATES",97148826373
RIVOLI EYEZONE KHALIDIYA MALL,,,,"Unit No   103   Khalidiya Mall  Floor  GROUND  KHA, KHALIDIYA MALL, 
Abu Dhabi, UNITED ARAB EMIRATES",+97126581267
RIVOLI EYEZONE MALL OF THE EMIRATES,,,,"Mall Of The Emirates, Floor: FIRST FLOO, Mall Of T, 
Dubai, UNITED ARAB EMIRATES",97143260569
RIVOLI EYEZONE MANAR MALL,,,,"Manar Mall  Floor  GROUND FLO  Gf 127  PO Box 121, 
Ras Al Khaimah, UNITED ARAB EMIRATES",97172667584
RIVOLI EYEZONE MARINA MALL,,,,"Shop No.4 Marina Mall, Floor: GROUND,, 
Abu Dhabi, UNITED ARAB EMIRATES",+97126819330
RIVOLI EYEZONE MEGA MALL,,,,"Unit No: G10 Mega Mall, 
Sharjah, UNITED ARAB EMIRATES",+97165753294
RIVOLI EYEZONE MERCATO,,,,"Mercato Mall United Arab Emirates, PO Box 121 JUME, JUMEIRA, 
Dubai, UNITED ARAB EMIRATES",97143427639
RIVOLI EYEZONE MIRDIF CITY CENTRE,,,,"Unit No  G005  Mirdif City Centre, 
Dubai, UNITED ARAB EMIRATES",+97142843690
RIVOLI EYEZONE NAKHEEL MALL,,,,"Nakheel Mall, Floor: FIRST FLOO, United Arab Emira, Palm Jumeirah, 
Dubai, UNITED ARAB EMIRATES",97143452312
RIVOLI EYEZONE OASIS CENTRE,,,,"Unit No  G 202a  Oasis Centre, 
Dubai, UNITED ARAB EMIRATES",+97143397647
RIVOLI EYEZONE OUTLET MALL,,,,"G52 Rivoli Eyezone Outlet Mall, Floor: GROUND,  PO, Dubai Outlet Mall, 
Dubai, UNITED ARAB EMIRATES",97143617970
RIVOLI EYEZONE OUTLET MALL 2,,,,"SH-G-95 Rivoli Eyezone Extension, Ground Floor Dub, OUTLET Mall, 
Dubai, UNITED ARAB EMIRATES",97142558206
RIVOLI EYEZONE OUTLET VILLAGE,,,,"Shop no N14 GATE no 7 Ground floor Outlet village , Outlet Village, 
Dubai, UNITED ARAB EMIRATES",971564143469
RIVOLI EYEZONE REEM MALL,,,,"C-103, Level 1, Main Entrance, Reem Mall REEM MALL, REEM MALL, 
Abu Dhabi, UNITED ARAB EMIRATES",97126447200
RIVOLI EYEZONE SAHARA MALL,,,,"Unit No  G178 A  Sahara Centre, 
Sharjah, UNITED ARAB EMIRATES",+97165306403
RIVOLI EYEZONE WAITROSE MOTORCITY,,,,"Waitrose Motor City Motor City, PO Box 121 Motor C, Motor City, 
Dubai, UNITED ARAB EMIRATES",97143380084
RIVOLI EYEZONE YAS MALL,,,,"Yas Mall, Floor: GROUND FLO, YAS MALL, YAS MALL, 
Abu Dhabi, UNITED ARAB EMIRATES",+97126717067
ROCK STAR PHARMACY LLC,,,,"11 Pearl Creek Hotel Building, Floor: GROUND,  PO , Baniyas, 
Dubai, UNITED ARAB EMIRATES",+97142344430
ROKN AL MEZHER PHARMACY,,,,"Naser Loutah Building, Floor: GROUND, Next To Airp, Al Qusais, 
Dubai, UNITED ARAB EMIRATES",+97142635469
ROUA PHARMACY LLC,,,,"Dr. Rana Husain Clinic Building, Floor: GROUND,  P, Al Ras, 
Umm Al Quwain, UNITED ARAB EMIRATES",+97167660688
ROYAL GRAND PHARMACY,,,,"Shop No.10  Block P 13 Dubai International City  P, Dubai International City, 
Dubai, UNITED ARAB EMIRATES",+97143441122
ROYAL LIFE PHARMACY,,,,"Majestic Hotel Al Mankhool Road, PO Box 71246 Bur , Bur Dubai, 
Dubai, UNITED ARAB EMIRATES",+97143441122
ROYAL MAMZAR PHARMACY,,,,"Al Mamzar Centre Al Ittihad Road, PO Box 71246 Hor, Hor Al Anz, 
Dubai, UNITED ARAB EMIRATES",+97143441122
ROYAL MARINA PHARMACY,,,,"Al Barsha - Al Barsha 1 - Dubai Al Barsha 1, Al Barsha 1, 
Dubai, UNITED ARAB EMIRATES",+97143441122
ROYAL MEDICAL CENTER ONE DAY SURGERY,,,,"Villa 105, SIDARAH ST shakhbout city, shakhbout city, 
Abu Dhabi, UNITED ARAB EMIRATES",97126666610
ROYAL PHARMACY LIFEHOME HEALTHCARE GRP,,,,"Royal Pharmacy (Lifehome Healthcare Grp), Floor: G, Opp Dubai Marine Hotel, 
Dubai, UNITED ARAB EMIRATES",+97143441122
ROYAL RUBY PHARMACY,,,,"Shop 8 Ak Mart  PO Box 69229 Dubai Investment Park, Dubai Investment Park -1, 
Dubai, UNITED ARAB EMIRATES",+97143791311
RUBY CLINIC FZCO,,,,"H 6  Floor  GROUND  China Cluster  PO Box 69229 Du, Dubai International City, 
Dubai, UNITED ARAB EMIRATES",+97144226899
RUBY PHARMACY FZCO,,,,"Ruby Pharmacy Fzco Shop No  5  China Cluster  PO B, Gr Floor, Int.City, 
Dubai, UNITED ARAB EMIRATES",+97144226899
RUKN AL RAFEAH PHARMACY LLC,,,,"ABDULLA SHAIBA BUILDING ABDULLA SHAIBA BUILDING, B, BEHIND RAMADA HOTEL, 
Sharjah, UNITED ARAB EMIRATES",97167675454
RUKN AL UFUQ PHARMACY LLC,,,,"SQUARE-2 BUILDING GROUND FLOOR GROUND FLOOR, SQUAR, MUWAILEH COMMERCIAL, INDUSTRIAL AREA, 
Sharjah, UNITED ARAB EMIRATES",9716550363
RUKN AL YASMEEN PHARMACY,,,,"33 Rolla Mall, Floor: GROUND, Al Arouba, PO Box 29, Al Guwair, 
Sharjah, UNITED ARAB EMIRATES",+97165238080
RX PHARMACY,,,,"Ahmed Plaza Building  Floor  GF  Opposite To Al Fu, Deira, 
Dubai, UNITED ARAB EMIRATES",+97143555129
RXNOW PHARMACY LLC,,,,"The Wings Podium Barsha South 1 Arjan, Arjan, 
Dubai, UNITED ARAB EMIRATES",+97145820999
SAAD PHARMACY,,,,"Al Yousuf Centre, Floor: Ground, Hamdan Street, PO, 
Abu Dhabi, UNITED ARAB EMIRATES",+97126277332
SABAH AL NOOR MEDICAL CENTER,,,,"M2 A Block  Mr.Baker Building  Floor  Mezzanine  K, Abu Shagara, 
Sharjah, UNITED ARAB EMIRATES",+97165558441
SADD MAAREB PHARMACY,,,,"8th Street, PO Box 11535 Baniyas East, Baniyas East, 
Abu Dhabi, UNITED ARAB EMIRATES",+97125832625
SAFA SOCIETY PHARMACY,,,,"Safa Road Union Cooperative Building  PO Box 71246, Jumeirah, 
Dubai, UNITED ARAB EMIRATES",+97143441122
SAFE CARE DENTAL CENTER,,,,"Shaheen Building, Floor: 1ST, 8 Street, PO Box 149, Baniyas, 
Abu Dhabi, UNITED ARAB EMIRATES",+97125868655
SAHARA AL JAZEERA PHARMACY LLC,,,,"Khansaheb Building Industrial Area-10, Industrial Area-10, 
Sharjah, UNITED ARAB EMIRATES",+97165244660
SAHARA LIFE PHARMACY LLC,,,,"B 04  Sahara Centre Next To Spinneys, Next To Spinneys, 
Sharjah, UNITED ARAB EMIRATES",+97143441122
SAHARA MEDICAL CENTER LLC,,,,"Co2 Sector 16, PO Box 112308 Musafah M44, Musafah M44, 
Abu Dhabi, UNITED ARAB EMIRATES",+97125556393
SAHARA MEDICAL CENTRE LLC SHJ,,,,"Shop 4 Street 3 Al Nahda AL NAHDA, AL NAHDA, 
Sharjah, UNITED ARAB EMIRATES",97165318887
SAHARA STAR PHARMACY,,,,"Hamriya Shopping Centre Al Hamriya Abu Hail Road  , Deira, 
Dubai, UNITED ARAB EMIRATES",+97165244660
SAHEL CLINIC FIRST AID CENTER,,,,"United Arab Emirates,, 
Abu Dhabi, UNITED ARAB EMIRATES",+97126022444
SAIF AL KHAN PHARMACY LLC,,,,"Baghlaf Alzafer Building, Floor: GROUND, Al Khan S, 
Sharjah, UNITED ARAB EMIRATES",+97165391300
SAIF BIN ALI ALKHATRI HEALTH CENTER RAK,,,,"14 Edhan Road Adhan (Edhan), Adhan (Edhan), 
Ras Al Khaimah, UNITED ARAB EMIRATES",9717 2585176
SAKINA FOR CHILDREN,,,,"Abu Dhabi, UNITED ARAB EMIRATES",+97128191150
SALAH ALDIN PHARMACY,,,,"Salahuddin Street  PO Box 71246, Salah Aldin Road,, Deira, 
Dubai, UNITED ARAB EMIRATES",+97143441122
SALEEM POLYCLINIC (ASTER),,,,"Murjana Plaza, Floor: 1ST FLOOR, Satwa Road, PO Bo, Al Satwa, 
Dubai, UNITED ARAB EMIRATES",+97143546001
SALIM PHARMACY DR MOOPENS,,,,"Salim Tower, Floor: Ground, Al Buhaira Corniche, P, Al Majaz, 
Sharjah, UNITED ARAB EMIRATES",+97165736262
SALSABEEL PHARMACY LLC,,,,"Tami  3 Building Al Nahda, Al Nahda, 
Sharjah, UNITED ARAB EMIRATES",+97165244660
SAM SPECIALIZED MEDICAL CENTRE,,,,"Nakheel Tower, Floor: 14th Floor, Corniche Al Buhe, Al Majaz, 
Sharjah, UNITED ARAB EMIRATES",+97165744664
SAMA ALSHAMKA MEDICAL CENTER,,,,"42 And 44 Near Al Qimah School, PO Box 29738 Al Sh, Al Shamkah, 
Abu Dhabi, UNITED ARAB EMIRATES",+97125866020
SAMA ALSHAMKA PHARMACY,,,,"42 And 44 Near Al Qimah School, PO Box 29738 Al Sh, Al Shamkha, 
Abu Dhabi, UNITED ARAB EMIRATES",+97125866020
SAMARA PHARMACY,,,,"36 Ajman One Tower, Floor: FIRST, Shaik Rashid Bin, Rumaila 3, 
Ajman, UNITED ARAB EMIRATES",+97167424144
SAMARI RX PHARMACY BR OF IMARA HEALTH CARE LL,,,,"Samari Retail Mall, Floor: GROUND, Samari Residenc, Ras Al Khor Industrial Area 3, 
Dubai, UNITED ARAB EMIRATES",+97142617175
SAMARY PHARMACY,,,,"Jebel Ali Mall, Floor: GF, Jebel Ali Industrial Ar, Jebel Ali, 
Dubai, UNITED ARAB EMIRATES",+97148878011
SAMARY PHARMACY BRANCH LLC,,,,"Jafza Mall  Floor  GROUND FLO  Jafza South, Jabel , Jafza South, Jabel Ali Freezone, 
Dubai, UNITED ARAB EMIRATES",+97142382607
SAMER PHARMACY LLC,,,,"Sheikh Hamdan Colony, PO Box 71246 Al Karama, Al Karama, 
Dubai, UNITED ARAB EMIRATES",+97143441122
SAN LUCAS MEDICAL CENTER LLC,,,,"NEW CENTURY CITY TOWER, GROUND FLOOR Deira, Deira, 
Dubai, UNITED ARAB EMIRATES",97142947996
SANDS COMMUNITY PHARMACY,,,,"Shop No. G 07  Remraam Community Centre Hessa Stre, Al Hebiah Fifth, Dubailand, 
Dubai, UNITED ARAB EMIRATES",+97144243520
SANDS PHARMACY,,,,"Jumma Eid Mohamed Almeraikhi, Floor: G, Al Falah S, 
Abu Dhabi, UNITED ARAB EMIRATES",+97126425688
SANIMED INTERNATIONAL LAB,,,,"Faisal II building Unite  506,507, King faisal str, KING FAISAL ST, 
Sharjah, UNITED ARAB EMIRATES",
SANIMED INTERNATIONAL LAB AND MANAGEMENT,,,,"W1-Unit 13, Plot J03 Ground Floor Masdar City MASD, MASDAR, 
Abu Dhabi, UNITED ARAB EMIRATES",971505407829
SARA MEDICAL CENTRE,,,,"Sara Tower, Floor: 4th Floor, Al Majaz 3, PO Box 2, Buhaira Corniche, 
Sharjah, UNITED ARAB EMIRATES",+97165568888
SARA PHARMACY LLC,,,,"Spinneys, Floor: Ground, Zabeel, PO Box 50585 Al K, Al Karama, 
Dubai, UNITED ARAB EMIRATES",+97143593330
SARAH MEDICAL CENTRE,,,,"Rashid Al Badwavi buildingFlat 30429  Floor 1PO Bo, Muzzairah, 
Ajman, UNITED ARAB EMIRATES",
SAUDI GERMAN CLINICS AKOYA BR OF SAUDI GERMAN,,,,"Damac Hills 2, PO Box 391093 D2 Community Mall, D2 Community Mall, 
Dubai, UNITED ARAB EMIRATES",
SAUDI GERMAN CLINICS DAMAC HILLS BR OF SAUDI,,,,"Artesia Tower  PO Box 391093 Damac Hills 2, Damac Hills 2, 
Dubai, UNITED ARAB EMIRATES",+97143890000
SAUDI GERMAN CLINICS LLC,,,,"The Mall, Floor: GROUND FLO, Umm Suqeim 3, PO Box , Jumeirah Road, 
Dubai, UNITED ARAB EMIRATES",+971443890045
SAUDI GERMAN CLINICS SOUTH VILLAGE BR OF SAUD,,,,"Emaar South Retail Center (South Village) dubai so, dubai south, 
Dubai, UNITED ARAB EMIRATES",97143890000
SAUDI GERMAN CLINICS SPORTS CITY BR OF SAUDI,,,,"PLOT NO. C1B-12 & C1B-13 Sports Corner, Al Hebiah , dubai sports city, 
Dubai, UNITED ARAB EMIRATES",97143890000
SAUDI GERMAN HOSPITAL AJMAN LLC,,,,"Sheikh Ammar Bin Humaid Street, PO Box 25448 Al Ta, Al Tallah Region, 
Ajman, UNITED ARAB EMIRATES",+97143890045
SAUDI GERMAN HOSPITAL DUBAI,,,,"Hessa Street 331 West  PO Box 391093 Al Barsha 3, , Al Barsha 3, Off Exit 36 Sheikh Zayed Road, 
Dubai, UNITED ARAB EMIRATES",+97143890000
SAUDI GERMAN HOSPITAL SHARJAH,,,,"267 36.60 Street, PO Box 61313 Sh. Mohammad Bin Sa, Sh. Mohammad Bin Sagr Al Qasimi, 
Sharjah, UNITED ARAB EMIRATES",+971800744823
SCIENTIFIC PHARMACY LLC,,,,"Behind Mega Mall, Behind Mega Mall, 
Sharjah, UNITED ARAB EMIRATES",+97165244660
SEHA AL NOOR CLINIC LLC,,,,"GROUND FLOOR HAMAD ABDUL KAREEM AL AREIF MOSQUE BU, Muhaisnah 2, 
Dubai, UNITED ARAB EMIRATES",04-5463333
SEHA AL NOOR PHARMACY BRANCH,,,,"GROUND FLOOR HAMAD ABDUL KAREEM AL AREIF MOSQUE BU, Muhaisnah 2, 
Dubai, UNITED ARAB EMIRATES",04-2625223
SEHA DIALYSIS AL RAHBA,,,,"Within Al Rahba Hospital, Floor:  Sheikh Maktoum B, Al Rahba, 
Abu Dhabi, UNITED ARAB EMIRATES",+97125012929
SEHA DIALYSIS AL WAGAN,,,,"Within Al Wagan Hospital  Al Wagan  PO Box 92900, 
Abu Dhabi, UNITED ARAB EMIRATES",+97125012929
SEHA DIALYSIS DELMA,,,,"Within Delma Hospital  Delma Island  Floor   Delma, Delma Island, 
Abu Dhabi, UNITED ARAB EMIRATES",+97125012929
SEHA DIALYSIS GHAITHY,,,,"Within Ghaithy Hospital  Ghaithy  PO Box 92900, 
Abu Dhabi, UNITED ARAB EMIRATES",+97125012929
SEHA DIALYSIS MADINET ZAYED,,,,"Within Madinat Zayed Hospital, Floor:  .Madinat Za, Madinat Zayed, 
Abu Dhabi, UNITED ARAB EMIRATES",+97125012929
SEHA DIALYSIS MAFRAQ DIALYSIS CENTER NEW,,,,"Seha Dialysis   Mafraq Dialysis Center (  Floor   , Opposite Of Mafraq Hospital, Mafraq, 
Abu Dhabi, UNITED ARAB EMIRATES",+97125012929
SEHA DIALYSIS MIRFA,,,,"Within Mirfa Hospital Mirfa, PO Box 92900 Mirfa, Mirfa, 
Abu Dhabi, UNITED ARAB EMIRATES",+97125012929
SEHA DIALYSIS SILA,,,,"Within Sila Hospital Sila, PO Box 92900 Sila, Sila, 
Abu Dhabi, UNITED ARAB EMIRATES",+97125012929
SEHA DIALYSIS TAWAM,,,,"Within Tawam Hospital  Khalifa Bin Zayed Street, P, Khalifa Bin Zayed Street, 
Abu Dhabi, UNITED ARAB EMIRATES",+97125012929
SEHA EMIRATES HOSPITAL LLC,,,,"Al Ladeem St, PO Box 41503 Al Nahyan Camp Area, Al Nahyan Camp Area, 
Abu Dhabi, UNITED ARAB EMIRATES",+97124438999
SEHA EMIRATES ONE DAY SURGERY CENTER PHARMACY,,,,"Al Nahyan Camp Area, PO Box 41503, 
Abu Dhabi, UNITED ARAB EMIRATES",+97124438999
SEHA KIDNEY CARE CENTER ABU DHABI,,,,"Within Skmc Al Karamah Street, PO Box 92900 Al Kar, Al Karamah Street, 
Abu Dhabi, UNITED ARAB EMIRATES",+97125012929
SEHA MOBILE CLINIC 1,,,,"Abu Dhabi, UNITED ARAB EMIRATES",+97128113110
SEHA MOBILE CLINIC 2,,,,"Abu Dhabi, UNITED ARAB EMIRATES",+97128113110
SEHA MOBILE CLINIC 3,,,,"Abu Dhabi, UNITED ARAB EMIRATES",+97128113110
SEREENA PHARMACY LLC,,,,"Al Mashriq Building Shop No. 4,Hor Al Anz east Abu, ABU HAIL, 
Dubai, UNITED ARAB EMIRATES",+971 4 269 2618
SEVEN DENTAL CENTRE,,,,"Arenco Jumeira Third, PO Box 72123, Jumeirah 3 Jum, Jumeirah, 
Dubai, UNITED ARAB EMIRATES",+97143955660
SHAAM HOSPITAL,,,,"AL NAKHEEL STREET AL NAKHEEL, AL NAKHEEL, 
Ras Al Khaimah, UNITED ARAB EMIRATES",07 2666465
SHADI INTERNATIONAL AND ORTHODONTIC CENTER,,,,"Adcb Bldg 1201&1202, Floor: 12TH, Al Murror Street, Al Moroor, 
Abu Dhabi, UNITED ARAB EMIRATES",+97126228880
SHAH AL HOSN PLQ CLINIC,,,,"Shah Al Hosn Plq ClinicPO BOX 898Western Region, A, Western Region, Al Dhafra, 
Abu Dhabi, UNITED ARAB EMIRATES",97126023882
SHAH FIRST AID CENTER,,,,"Abu Dhabi, UNITED ARAB EMIRATES",+97126022444
SHAHAMA HEALTH CENTER,,,,"1st Floor, Baniyas Road, Baniyas Road, 
Abu Dhabi, UNITED ARAB EMIRATES",+97125632599
SHAMAL AL AHALIA MEDICAL CENTRE SHARJAH,,,,"PO BOX 79257Sheikh Zayed Street, Opp Kalyan Silks,, Sheikh Zayed Street,, 
Sharjah, UNITED ARAB EMIRATES",+97165744529
SHAMMA CLINIC BY NOVOMED,,,,"Shamma Medical Centre St 10 C, PO Box 333423 Jumei, Jumeira 1, 
Dubai, UNITED ARAB EMIRATES",+97143498800
SHAMMA CLINIC PHARMACY BY NOVOMED,,,,"Dalal Darwish Bin Haidar Al Zaabi 10 C St??, PO Bo, Jumeira First, 
Dubai, UNITED ARAB EMIRATES",+97142473100
SHAMS DENTAL CLINIC LLC,,,,"Villa Vdn 17 Opposite Old Dubai Zoo, PO Box 5297, , Jumeirah, 
Dubai, UNITED ARAB EMIRATES",04 387 9316
SHAMS MUZEIRA PHARMACY LLC,,,,"Muzaira Rashid Amoug Building 1Masfout 3  MuzeiraM, Masfout, 
Ajman, UNITED ARAB EMIRATES",97165353581
SHARJAH AHALIA PHARMACY,,,,"Musall Building  Opp. Etisalat Tower G3  Floor  Me, Musalla, 
Sharjah, UNITED ARAB EMIRATES",+97165621600
SHARJAH CORNICHE HOSPITAL LLC,,,,"Corniche Plaza I I  Opposite Marbella Re  Floor  1, Buhairah Corniche, 
Sharjah, UNITED ARAB EMIRATES",+97165751222
SHARJAH PHARMACY,,,,"Al Guwair Buliding Behind Alukkas  Floor  Ground  , Rolla, 
Sharjah, UNITED ARAB EMIRATES",+97165623850
SHEFAA AL MADEENA PHARMACY LLC,,,,"Shop 1 Al Ghadeer Gas Station, Floor: GROUND, Al W, Al Manara, 
Dubai, UNITED ARAB EMIRATES",+97143214197
SHEFAA AL MADEENA PHARMACY LLC BRANCH OF ABU,,,,"Shop 3 Bin Butti Building, Floor: GROUND, Abela Su, Al Khalidiya, 
Abu Dhabi, UNITED ARAB EMIRATES",+97143214197
SHEIKH KHALIFA ENERGY CLINIC ADNOC,,,,"Sheikh Khalifa Energy Complex-1PO BOX 898CornicheA, Corniche, 
Abu Dhabi, UNITED ARAB EMIRATES",97126023882
SHEIKH KHALIFA ENERGY CLINIC PHARMACY,,,,"Sheikh Khalifa Energy Complex-1PO BOX 898CornicheA, Corniche, 
Abu Dhabi, UNITED ARAB EMIRATES",97126023882
SHEIKH KHALIFA GENERAL HOSPITAL,,,,"Sheikh Khalifa General Hospital Al Salama  Opp. Mi, 
Umm Al Quwain, UNITED ARAB EMIRATES",+97167061111
SHEIKH KHALIFA GENERAL HOSPITAL AJMAN,,,,"Sheikh Khalifa Medical city AjmanUNIVERSITY ROADAL, AL JURF, 
Ajman, UNITED ARAB EMIRATES",+97167118309
SHEIKH KHALIFA HOSPITAL FUJAIRAH,,,,"Shiekh Khalifa HospitalAl Faseel StFujairah Al Fas, Al Faseel St, 
Fujairah, UNITED ARAB EMIRATES",97192091556
SHEIKH KHALIFA HOSPITAL MASFOOT,,,,"PO Box 5166 Masfout, Masfout, 
Ajman, UNITED ARAB EMIRATES",+97167117799
SHEIKH KHALIFA HOSPITAL MASFOUT PHARMACY,,,,"PO Box 5166 Masfout, Masfout, 
Ajman, UNITED ARAB EMIRATES",+97167117799
SHEIKH KHALIFA HOSPITAL PHARMACY AJMAN,,,,"University Street, PO Box 5166 Al Jurf 1, Al Jurf 1, 
Ajman, UNITED ARAB EMIRATES",+97167117799
SHEIKH KHALIFA MATERNITY AND PEDIATRIC HOSPIT,,,,"University Street, PO Box 5166 Al Jurf 1, Al Jurf 1, 
Ajman, UNITED ARAB EMIRATES",+97167117799
SHEIKH KHALIFA MEDICAL CITY,,,,"Karama Street, PO Box 51900 SHEIKH KHALIFA MEDICAL, SHEIKH KHALIFA MEDICAL CITY, 
Abu Dhabi, UNITED ARAB EMIRATES",+97128190000
SHEIKH KHALIFA SPECIALTY HOSPITAL,,,,"Al Shohadaa Road, PO Box 6365, 
Ras Al Khaimah, UNITED ARAB EMIRATES",+97172010371
SHEIKH KHALIFA WOMEN AND CHILDREN HOSPITAL,,,,"University Street, PO Box 5166 Al Jurf 1, Al Jurf 1, 
Ajman, UNITED ARAB EMIRATES",+97167117799
SHEIKH SHAKHBOUT MEDICAL CITY,,,,"AL MAFRAQ ABU DHABI UAE AL MAFRAQ, AL MAFRAQ, 
Abu Dhabi, UNITED ARAB EMIRATES",97123146226
SHEIKH TAHNOON BIN MOHAMMED MEDICAL CITY,,,,"Al Mu'Tarid Ugdat Al Muwaiji Al Ain Ugdat Al Muwai, Ugdat Al Muwaiji Al Ain, 
Abu Dhabi, UNITED ARAB EMIRATES",9713 717 7777
SHEIKH TAHNOON BIN MOHAMMED MEDICAL CITY REHABILITATION HOSPITAL,,,,"Oud Al Hassah Al Mutaredh Al Ain AL AIN, AL AIN, 
Abu Dhabi, UNITED ARAB EMIRATES",97137177777
SHIFA AL JAZEERA MEDICAL CENTRE SHARJAH,,,,"Shaikh Abdullah Ali Al Mahmoud Building, Floor: GR, Rolla, 
Sharjah, UNITED ARAB EMIRATES",+97165218889
SHIFA AL JAZEERAH CENTRE PHARMACY LLC,,,,"Muhdda Building, Floor: GROUND FLO, Industrial Are, New Sanaya, 
Ajman, UNITED ARAB EMIRATES",+97167444830
SHIFA AL JAZEERAH MEDICAL CENTRE LLC,,,,"Fathima Supermarket Building, Floor: MEZZANINE, Al, 
Ras Al Khaimah, UNITED ARAB EMIRATES",+97172211218
SHIFA AL JAZEERAH MEDICAL CENTRE LLC AJMAN,,,,"Muhdda Building, Floor: GROUND FLO, Industrial Are, New Sanaya, 
Ajman, UNITED ARAB EMIRATES",+97167444830
SHIFA AL JAZEERAH PHARMACY LLC,,,,"Fathima Supermarket Building, Floor: GROUND FLO,  , Al Nakheel, 
Ras Al Khaimah, UNITED ARAB EMIRATES",+97172211218
SHIFA AL RABEE MEDICAL CENTRE,,,,"SHIFA AL RABEE MEDICAL CENTREFIRST FLOORPO BOX 622, MUWAILEH, 
Sharjah, UNITED ARAB EMIRATES",97165353123
SHINDAGA PHARMACY LLC,,,,"Carrefour, Floor: Ground, Shindhaga Road, PO Box 5, Bur Dubai, 
Dubai, UNITED ARAB EMIRATES",+97143933889
SHOWKA HEALTH CENTER,,,,"40, Al?Quroun?Road Shawkah, Shawkah, 
Ras Al Khaimah, UNITED ARAB EMIRATES",9714-6656154
SILA HOSPITAL,,,,"Sila Hospital Sila Road (E 11), PO Box 50018 Al Si, Al Sila, 
Abu Dhabi, UNITED ARAB EMIRATES",+97128835000
SIRAJUDEEN MEDICAL CENTRE,,,,"Sony Building, Floor: 1st floor, Mankhool, PO Box , Al Karama, 
Dubai, UNITED ARAB EMIRATES",+97143345955
SIYAD SPECIALIST MEDICAL CENTRE,,,,"Shop No. 1  Al Wadi Bldg Maliha Road  PO Box 52522, Muweilah, 
Sharjah, UNITED ARAB EMIRATES",+97165358305
SKY COMMUNITY PHARMACY,,,,"Sun & Sky Tower  Floor  RG 08  Boutik Mall  PO Box, Al Reem Island, 
Abu Dhabi, UNITED ARAB EMIRATES",+97126760880
SKY DENTAL CENTER LLC,,,,"Al Otiba Building, Floor: 4, Hamdan Street, PO Box, Hamdan Street, 
Abu Dhabi, UNITED ARAB EMIRATES",
SKY DENTAL CENTER LLC BRANCH 1,,,,"Villa No.45 Khalifa A City, PO Box 38910 Al Forsan, Al Forsan Village, 
Abu Dhabi, UNITED ARAB EMIRATES",+97126677448
SMART PHARMACY L L C,,,,"Smart Pharmacy L L C M E 11 Street 53  PO Box 3198, Musaffah, 
Abu Dhabi, UNITED ARAB EMIRATES",+97125592460
SMILE AL REEM DENTAL CENTER,,,,"Kamala Tower, Floor: 502, Al Khalidiya, PO Box 255, Al Khalidiya, 
Abu Dhabi, UNITED ARAB EMIRATES",+97126660922
SMILE FIRST DENTAL CLINIC,,,,"Arzanah Tower, Floor: MEZZANINE, Electra St. Corne, Tourist Club Area, 
Abu Dhabi, UNITED ARAB EMIRATES",+97126226672
SMILE PHARMACY,,,,"Al Abbar Building, Floor: ground, Muhaisnah, PO Bo, Al Qusais, 
Dubai, UNITED ARAB EMIRATES",+97142643567
SNO CLINICS SOLE PROPRIETORSHIP LLC,,,,"Plaza 30 Delma Street, Al Nahyan Compound, Al Nahyan Compound, 
Abu Dhabi, UNITED ARAB EMIRATES",+97124936700
SNO WELLNESS MEDICAL CENTER SOLE PROPREITORSHIP LLC,,,,"Villa 2  Plaza 30 Delma Street  PO Box 27395 Al Na, Al Nahyan Compound, 
Abu Dhabi, UNITED ARAB EMIRATES",+97124936789
SOFITEL PHARMACY AL AIN,,,,"TAWAM ATEA, PO Box 67751 TAWAM ATEA, TAWAM ATEA, 
Al Ain, UNITED ARAB EMIRATES",+97137676439
SPECIALIST DIABETES TREATMENT AND RESEARCH CE,,,,"Imperial College London Diabetes Cr, Floor: 2, Al , Embassies Area, 
Abu Dhabi, UNITED ARAB EMIRATES",+97124040800
SPECIALIST DIABETES TREATMENT AND RESEARCH CE AL AIN,,,,"Imperial College London Diabetes Centre  PO Box 48, Beside Tawam Hospital, 
Al Ain, UNITED ARAB EMIRATES",+97137464800
SPECIALIST MEDICAL CENTRE,,,,"Muhammed Bin Salem Road, PO Box 185 Dahan, Dahan, 
Ras Al Khaimah, UNITED ARAB EMIRATES",+97172332255
SPECIALISTS MEDICAL CENTRE,,,,"Sheik Nasser Building   2  Floor  IST     PO Box 4, Behind Km Trading, 
Ajman, UNITED ARAB EMIRATES",+97167442626
SPECIALIZED MEDICAL CARE HOSPITAL,,,,"Specialized  Medical Care Hospital    PO Box 59189, Jahili,Pposite To Alain Palace Museum, 
Al Ain, UNITED ARAB EMIRATES",+97137552291
SPECIALIZED UNIVERSITY MEDICAL CENTRE,,,,"Building No. 188, Floor: 2ND &5TH, Main Street, PO, Al Waseem Building, 
Al Ain, UNITED ARAB EMIRATES",+97137669925
SPECTRUM MEDICAL CENTRE BRANCH 1,,,,"Flat 1 & 2 Shobra Building, Floor: FIRST, Main Str, Town Centre, 
Al Ain, UNITED ARAB EMIRATES",+97137800778
STANDARD PHARMACY,,,,"New Municipality Building, Floor: 1, Mussaffah M/3, 
Abu Dhabi, UNITED ARAB EMIRATES",+97125513394
STAR AL AHALIA MEDICAL CENTER LLC,,,,"BLDG. No. C76 BLDG. No. C76 NEAR GAYATHI MARKET GA, GAYATHI, 
Abu Dhabi, UNITED ARAB EMIRATES",
STAR AL AHALIA PHARMACY,,,,"Hear Ghayathi Market, Ghayathi Abu Dhabi Ghayathi, Ghayathi, 
Abu Dhabi, UNITED ARAB EMIRATES",
STAR MIRDIF PHARMACY,,,,"Al Aris Building Shop 5, Floor: GROUND, 71st Stree, Mirdif, 
Dubai, UNITED ARAB EMIRATES",+97142845352
STARCARE MEDICAL CENTER,,,,"Malabar Plaza  Floor  1ST FLOOR  Al Arouba 8th Str, Al Ghuwair, Opp Rolla Park, 
Sharjah, UNITED ARAB EMIRATES",+97165611099
STARCARE PHARMACY LLC,,,,"Malabar Plaza, Floor: GROUND FLO, Al Arowba Street, Al Ghuwair, 
Sharjah, UNITED ARAB EMIRATES",+971582075076
STARS PHARMACY LLC,,,,"Jassim 3 Building  PO Box 65033 Muwaileh Commercia, Muwaileh Commercial Area - Behind Sh. Khalifa Road, 
Sharjah, UNITED ARAB EMIRATES",+97165626632
STEPS PHARMACY,,,,"Al Sharhan Building Al Nahda 2Dubai AL NAHDA 2, AL NAHDA 2, 
Dubai, UNITED ARAB EMIRATES",0585912251
STEPS POLY CLINIC,,,,"Al Sharhan Building Al Nahda 2Dubai UAE Al nahda 2, Al nahda 2, 
Dubai, UNITED ARAB EMIRATES",0585912251
STYLE 88 BR OF EXCEL ENTERPRISES LLC DFC,,,,"Dubai Festival City, Floor: FIRST FLOO,  PO Box 12, 
Dubai, UNITED ARAB EMIRATES",97142710580
STYLE 88 OUTLET VILLAGE,,,,"Outlet Village United Arab Emirates, PO Box 121, 
Dubai, UNITED ARAB EMIRATES",97142252491
STYLE SMILE ADVANCED DENTAL CENTER,,,,"Three Sails Tower, Floor: 16, Abu Dhabi Corniche, , Khalidiyah, 
Abu Dhabi, UNITED ARAB EMIRATES",+97126674646
SUHA MEDICAL CENTER 1 AL HAYL,,,,"Opp POWER PLUS CABLE AL HAYL AL HAYL, AL HAYL, 
Fujairah, UNITED ARAB EMIRATES",97192282466
SUHA MEDICAL CENTER AL BIDYA,,,,"NEAR BIDYA GYM AL BIDYA AL BIDYA, AL BIDYA, 
Fujairah, UNITED ARAB EMIRATES",97192233360
SUHA PHARMACY AL BIDYA,,,,"NEAR BIDYA GYM AL BIDYA AL BIDYA, AL BIDYA, 
Fujairah, UNITED ARAB EMIRATES",97192233370
SULTAN AL OLAMA MEDICAL CENTER LLC BRANCH,,,,"Office 2  Indigo Central 7  Floor  FIRST   PO Box , 
Dubai, UNITED ARAB EMIRATES",+97143244446
SULTAN AL OLAMA MEDICAL CENTER LLC BRANCH AL BARSHA SECOND,,,,"Flat No. 27, Floor: GROUND, Al Sayel Street, PO Bo, Al Barsha 2, 
Dubai, UNITED ARAB EMIRATES",+97143244446
SULTAN AL OLAMA MEDICAL CENTER LLC BRANCH AL QUOZ 1,,,,"Shop 05   Aswaaq Malls  Floor  FIRST  Al Qoze Stre, Al Quoz 1, 
Dubai, UNITED ARAB EMIRATES",+97143244446
SULTAN AL OLAMA MEDICAL CENTER LLC BRANCH MIRDIF,,,,"Central Building  Floor  GROUND  15 Street  Algeri, Mirdif, 
Dubai, UNITED ARAB EMIRATES",+97143244446
SULTAN AL OLAMA MEDICAL CENTER LLC BRANCH MUHAISANAH 1,,,,"Flat 7 Etihad Mall, Floor: FIRST, Al Khawaneej Roa, Muhaisanah 1, 
Dubai, UNITED ARAB EMIRATES",+97143244446
SULTAN MEDICAL CENTRE,,,,"Hai Al Souq,, 
Al Ain, UNITED ARAB EMIRATES",+97137641525
SULTAN PHARMACY LLC,,,,"Shop No. 5-6 Fadhlani Bldg Al Esbij St Near Astori, Al Fahidi, 
Dubai, UNITED ARAB EMIRATES",+971 4 394 5392
SUN EYE OPTICAL,,,,"Unit No 2402 M2b4 Building Jbr, Jbr, 
Dubai, UNITED ARAB EMIRATES",+97144250860
SUNNY AL BUHAIRA MEDICAL CENTRE LLC,,,,"101 Al Kakooli Bldg. Al Intifadha St PO Box 64684 , Al Majaz, 
Sharjah, UNITED ARAB EMIRATES",+97165388966
SUNNY AL NAHDA MEDICAL CENTRE LLC,,,,"Al Shaiba Bldg  Floor  first   PO Box 40466 B Bloc, B Block, Al Nahda, 
Sharjah, UNITED ARAB EMIRATES",+97165388966
SUNNY DENTAL CENTRE LLC,,,,"301  306 Al Buhaira Bldg Floor  THIRD  Corniche St, Buhaira Corniche, 
Sharjah, UNITED ARAB EMIRATES",+97165388966
SUNNY HALWAN SPECIALITY MEDICAL CENTRE LLC,,,,"Wasit Street, PO Box 64684 Shahba, Shahba, 
Sharjah, UNITED ARAB EMIRATES",+97165455966
SUNNY MAYSLOON SPECIALITY MEDICAL CENTRE LLC,,,,"Kuwait Street PO Box 64684, 
Sharjah, UNITED ARAB EMIRATES",+97165455966
SUNNY MEDICAL CENTRE LLC,,,,"Dana Plaza Bldg Floor: FIRST, WASIT STREET, PO Box, Shahba, 
Sharjah, UNITED ARAB EMIRATES",+97165388966
SUNNY SHARQAN MEDICAL CENTRE LLC,,,,"Al Sharqan Extension Al Arouba Street  PO Box 6468, 
Sharjah, UNITED ARAB EMIRATES",+97165667996
SUNNY SPECIALITY MEDICAL CENTRE LLC,,,,"Muweilah - Sheikh Khalifa Bin Zayed Al Nahyan Rd -, Rolla, 
Sharjah, UNITED ARAB EMIRATES",+97165388966
SUNRISE MEDICAL CENTRE LLC SHARJAH,,,,"Air India Building  Flat No. 1  Floor  MEZZANINE  , 
Sharjah, UNITED ARAB EMIRATES",+97165757003
SUPER LIFE PHARMACY,,,,"Meadows Community Centre Meadows Street, PO Box 71, Emirates Hills, 
Dubai, UNITED ARAB EMIRATES",+97143441122
SUPERCARE EMIRATES PHARM SUPER GRP,,,,"Mall Of The Emirates, Floor: 1ST, Sheikh Zayed Roa, Mall Of The Emirates, 
Dubai, UNITED ARAB EMIRATES",+97143504500
SUPERCARE GARDENS PHARM SUPER GRP,,,,"Ibn Battuta Mall, Floor: GROUND, Persian Court, PO, Ibn Battuta Mall, 
Dubai, UNITED ARAB EMIRATES",+97143504500
SUPERCARE JUMERIAH PHARM SUPER GR,,,,"Jumeirah Magrudy'S Shopping Complex, Floor: Ground, Jumeirah, 
Dubai, UNITED ARAB EMIRATES",+97143445246
SUPERCARE MANKHOOL PHARM SUPER GRP,,,,"Supercare Mankhool Pharm (Super Grp  Floor  GROUND, Burdubai, 
Dubai, UNITED ARAB EMIRATES",+97143504500
SUPERCARE PHARM FESTIVAL SUPER GRP,,,,"Dubai Festival City, Floor: Ground, Airport Road (, Al Garhoud, 
Dubai, UNITED ARAB EMIRATES",+97142325577
SUPERCARE PHARMACY 26,,,,", Floor: GROUND,  PO Box 118347 Dubai Marina Mall, Dubai Marina Mall, 
Dubai, UNITED ARAB EMIRATES",+97144254131
SUPERCARE PHARMACY 28,,,,"Badia Badia  PO Box 118347 Al Areesh Club Building, Al Areesh Club Building,, 
Dubai, UNITED ARAB EMIRATES",+97142591134
SUPERCARE PHARMACY 29,,,,"The Villa Mall  PO Box 118347 Dubai Land, Dubai Land, 
Dubai, UNITED ARAB EMIRATES",+97143504500
SUPERCARE PHARMACY 31,,,,"Burj Al Najoom Down Town, PO Box 118347, 
Dubai, UNITED ARAB EMIRATES",+97143504500
SUPERCARE PHARMACY 34,,,,"Shop  G05  Floor  G  United Arab Emirates  PO Box , Bay Square, 
Dubai, UNITED ARAB EMIRATES",+97143504500
SUPERCARE PHARMACY 38,,,,"Uptown Mirdiff  PO Box 118347, 
Dubai, UNITED ARAB EMIRATES",
SUPERCARE PHARMACY 39,,,,"Le Grande Community Mall  PO Box 118347 Dubai Mari, Dubai Marina, 
Dubai, UNITED ARAB EMIRATES",+97143504500
SUPERCARE PHARMACY 43,,,,"Burjuman Mall, 
Dubai, UNITED ARAB EMIRATES",
SUPERCARE PHARMACY 44,,,,"Motor City  PO Box 118347, 
Dubai, UNITED ARAB EMIRATES",
SUPERCARE PHARMACY ARABIAN PLAZA,,,,"Supercare Pharmacy  Arabian Plaza Opp World Mart S, Midriff, 
Dubai, UNITED ARAB EMIRATES",+97143504500
SUPERCARE PHARMACY ASWAAQ,,,,"Aswaaq Building, Floor: Ground, Jumeirah Road, PO , Umm Suqeim, 
Dubai, UNITED ARAB EMIRATES",+97143504500
SUPERCARE PHARMACY BRANCH OF ABU DHABI 2,,,,"Dalma Mall  PO Box 118347 Musaffah, Musaffah, 
Abu Dhabi, UNITED ARAB EMIRATES",+97126653350
SUPERCARE PHARMACY BRANCH OF ABU DHABI 3,,,,"Al Reef Community  Al Shhama  Al Shhama, Al Shhama, 
Abu Dhabi, UNITED ARAB EMIRATES",
SUPERCARE PHARMACY BRANCH OF ABU DHABI 4,,,,"Abu Dhabi Mall  PO Box 118347 Al Zahiyah, Al Zahiyah, 
Abu Dhabi, UNITED ARAB EMIRATES",+97143504500
SUPERCARE PHARMACY BRANCH OF ABU DHABI 5,,,,"Al Wahda Mall Al Asalah Street, PO Box 118347, 
Abu Dhabi, UNITED ARAB EMIRATES",+97143504500
SUPERCARE PHARMACY DCC,,,,"Mezzanine Floor  Deira City Center Al Ettihad Road, Deira, 
Dubai, UNITED ARAB EMIRATES",+97142501211
SUPERCARE PHARMACY DIP,,,,"Dubai Investment Park Dip 1, PO Box 118347, 
Dubai, UNITED ARAB EMIRATES",+97148854323
SUPERCARE PHARMACY DMCC,,,,"Cluster T Emirates Hill, Jumeirah Lakes Towers Jum, Jumeirah Lakes Towers, 
Dubai, UNITED ARAB EMIRATES",+97143504500
SUPERCARE PHARMACY DUBAI MALL,,,,"Next To Waitrose  Dubai Mall  Floor  Ground  Sheik, Downtown Dubai, 
Dubai, UNITED ARAB EMIRATES",+97143504500
SUPERCARE PHARMACY JLT,,,,"Al Sheera Tower, Floor: GROUND, Emirates Hills, PO, Jumeirah Lake Towers, 
Dubai, UNITED ARAB EMIRATES",+97144541157
SUPERCARE PHARMACY LLC,,,,"Shop  5  Inside Waitrose  PO Box 118347 Motor City, Motor City, 
Dubai, UNITED ARAB EMIRATES",+97145466383
SUPERCARE PHARMACY LLC BRANCH  NAD AL SHEBA 1,,,,"Shop  10  Sobha Hartland Greens Nad Al Sheba 1  PO, Nad Al Sheba 1, 
Dubai, UNITED ARAB EMIRATES",+97145480990
SUPERCARE PHARMACY LLC BRANCH 1,,,,"Shop  A11a  Floor  GROUND FLO   PO Box 118347 Ajma, Ajman City Center, 
Ajman, UNITED ARAB EMIRATES",+97167408410
SUPERCARE PHARMACY LLC BRANCH ABU HAIL,,,,"Shop  04  Union Coop  Floor  GROUND FLO   PO Box 1, Abu Hail, 
Dubai, UNITED ARAB EMIRATES",+97143504500
SUPERCARE PHARMACY LLC BRANCH AL BARSHA,,,,"Shop  07 & 08 Al Barsha South Mall 23rd Street  PO, Barsha South, 
Dubai, UNITED ARAB EMIRATES",+97143343233
SUPERCARE PHARMACY LLC BRANCH AL BARSHA HEIGHTS,,,,"Unit Retail-04 Green Avenue Building Al Barsha Hei, BARSHA HEIGHTS, 
Dubai, UNITED ARAB EMIRATES",9714-2633583
"SUPERCARE PHARMACY LLC BRANCH AL BARSHA SOUTH FOURTH, JUMEIRAH",,,,"Spica Residence Al Khail Road  PO Box 118347, Al B, Jumeirah Villa Circle, 
Dubai, UNITED ARAB EMIRATES",+97143504500
SUPERCARE PHARMACY LLC BRANCH AL BARSHA SOUTH THIRD,,,,"The Wings Podium Building Umm Suqeim Road  PO Box , Al Barsha South 3, 
Dubai, UNITED ARAB EMIRATES",+97143504500
SUPERCARE PHARMACY LLC BRANCH AL MIZHAR 1,,,,"AL MIZHAR 1, 
Dubai, UNITED ARAB EMIRATES",9714-3402601
SUPERCARE PHARMACY LLC BRANCH AL MUHAISNAH FIRST,,,,"Etihad Mall Al Khawaneej Street, PO Box 118347 Al , Al Muhaisnah First, 
Dubai, UNITED ARAB EMIRATES",+97143504500
SUPERCARE PHARMACY LLC BRANCH AL WARQA 1,,,,"Q1 Mall  PO Box 118347 Al Warqa 1, Al Warqa 1, 
Dubai, UNITED ARAB EMIRATES",+97145463325
SUPERCARE PHARMACY LLC BRANCH AL WARQA 2,,,,"WARQA 2, 
Dubai, UNITED ARAB EMIRATES",9714-5487230
SUPERCARE PHARMACY LLC BRANCH ARABIAN RANCHES,,,,"Residents Club Building Wadi Al Safa 7, PO Box 118, Arabian Ranches, 
Dubai, UNITED ARAB EMIRATES",
SUPERCARE PHARMACY LLC BRANCH DEIRA,,,,"Al Ghurair Mall  Floor  1ST FLOOR  Al Rigga Road  , Deira, 
Dubai, UNITED ARAB EMIRATES",+97145488857
SUPERCARE PHARMACY LLC BRANCH DOWNTOWN,,,,"Movenpick Hotel Apartments  PO Box 118347 Downtown, Downtown, 
Dubai, UNITED ARAB EMIRATES",
SUPERCARE PHARMACY LLC BRANCH DUBAI HILLS,,,,"Dubai Hills Mall  PO Box 118347 Dubai Hills, Dubai Hills, 
Dubai, UNITED ARAB EMIRATES",
SUPERCARE PHARMACY LLC BRANCH DUBAI MALL,,,,"Dubai Mall, Floor: LOWER GROU,  PO Box 118347 Duba, Dubai Mall, 
Dubai, UNITED ARAB EMIRATES",
SUPERCARE PHARMACY LLC BRANCH DUBAI MARINA,,,,"52|42 Podium  Emaar Community  PO Box 118347 Dubai, Dubai Marina, 
Dubai, UNITED ARAB EMIRATES",
SUPERCARE PHARMACY LLC BRANCH DUBAI MARINA 2,,,,"Shop  2  Liv Residence Building  PO Box 118347 Dub, Dubai Marina, 
Dubai, UNITED ARAB EMIRATES",+97145661780
SUPERCARE PHARMACY LLC BRANCH DUBAI SILICON OASIS,,,,"Retail 2 7 Tower Complex Emirates Tower  PO Box 11, Dubai Silicon Oasis, 
Dubai, UNITED ARAB EMIRATES",+97143504500
SUPERCARE PHARMACY LLC BRANCH GOLDEN MILE 6,,,,"PALM JUMEIRA, 
Dubai, UNITED ARAB EMIRATES",9714-3430141
SUPERCARE PHARMACY LLC BRANCH JEBEL ALI,,,,"Shop  112 Festival Plaza Mall  Floor  GROUND FLO  , Jebel Ali, 
Dubai, UNITED ARAB EMIRATES",+97148806991
SUPERCARE PHARMACY LLC BRANCH JOUD BOULEVARD,,,,"MOTOR CITY, 
Dubai, UNITED ARAB EMIRATES",9714-5750131
SUPERCARE PHARMACY LLC BRANCH JUMEIRAH BEACH ROAD,,,,"M3 B1  Jumeirah Beach Residence Marsa  PO Box 1183, Jumeirah Beach Road, 
Dubai, UNITED ARAB EMIRATES",+97143504500
SUPERCARE PHARMACY LLC BRANCH JUMEIRAH VILLA CIRCLE,,,,"Reef Residence  Floor  UNIT  R 05   PO Box 118347 , Jumeirah Villa Circle, 
Dubai, UNITED ARAB EMIRATES",
SUPERCARE PHARMACY LLC BRANCH MARINASCAPE MAL,,,,"DUBAI MARINA, 
Dubai, UNITED ARAB EMIRATES",9714-5511832
SUPERCARE PHARMACY LLC BRANCH NAD AL SHIBA 1NAD AL SHIBA 1,,,,"Shop  R7 R8  Inside Spinney'S Meydan Heights  PO B, Nad Al Shiba 1, 
Dubai, UNITED ARAB EMIRATES",+97143588358
SUPERCARE PHARMACY LLC BRANCH OF ABU DHABI 11,,,,"Al Bateen, 
Abu Dhabi, UNITED ARAB EMIRATES",97124915103
SUPERCARE PHARMACY LLC BRANCH OF ABU DHABI 7,,,,"Yas Mall  Floor  SHOP  G 03   PO Box 118347 Yas Is, Yas Island, 
Abu Dhabi, UNITED ARAB EMIRATES",
SUPERCARE PHARMACY LLC BRANCH OF ABU DHABI 8,,,,"Shop  G 13  PO Box 118347 Al Reem Island, Al Reem Island, 
Abu Dhabi, UNITED ARAB EMIRATES",+97143343233
SUPERCARE PHARMACY LLC BRANCH OF ABU DHABI 9,,,,"Unit  Retail 03  Waters Edge Building  PO Box 1183, Yas Island, 
Abu Dhabi, UNITED ARAB EMIRATES",
SUPERCARE PHARMACY LLC BRANCH OF ABU DHABI AL MUNEERA ISLAND,,,,"Shop  B 106  Al Muneera Island  Abu Dhab  PO Box 1, Al Muneera Island, 
Abu Dhabi, UNITED ARAB EMIRATES",
SUPERCARE PHARMACY LLC BRANCH OUD METHA,,,,"Rta Building Umm Hurair Street, Oud Metha, Oud Metha, 
Dubai, UNITED ARAB EMIRATES",+97143504500
SUPERCARE PHARMACY LLC BRANCH SHEIK ZAYED ROAD,,,,"Shop  01 A Tower Building  PO Box 118347 Sheik Zay, Sheik Zayed Road, 
Dubai, UNITED ARAB EMIRATES",+97143504500
SUPERCARE PHARMACY LLC BRANCH SUMMER AT CREEK BEACH,,,,"Unit Retail-12 Summer At Creek Beach Building 1 Al, RAS AL KHOR, 
Dubai, UNITED ARAB EMIRATES",9714-3496681
SUPERCARE PHARMACY LLC BRANCH UMM SUQEIM 2,,,,"Inside Dubai London Clinic & Specialty  PO Box 118, Umm Suqeim 2, 
Dubai, UNITED ARAB EMIRATES",+97142618802
SUPERCARE PHARMACY LLC BRANCH WADI AL SAFA 5,,,,"Villanova Marketplace  Floor  SHOP  12   PO Box 11, Wadi Al Safa 5, 
Dubai, UNITED ARAB EMIRATES",
SUPERCARE PHARMACY LLC BRANCH WADI AL SAFA 7,,,,"Shop  14  Serena Market Serena Community  PO Box 1, Wadi Al Safa 7, 
Dubai, UNITED ARAB EMIRATES",+97145488819
"SUPERCARE PHARMACY LLC BRANCH ZAABEEL 2, DIFC",,,,"Gate Precinct Building 5 Al Sukook Street  PO Box , ZaAbeel 2, Difc, 
Dubai, UNITED ARAB EMIRATES",+97143504500
SUPERCARE PHARMACY LLC MEAISEM,,,,"Unit  G 024  Floor  GROUND FLO  Opposite Carrefour, Dubai Sport City, 
Dubai, UNITED ARAB EMIRATES",+97145897079
SUPERCARE PHARMACY LLC RAK BRANCH,,,,"Manar Mall, Floor: GROUND FLO,  PO Box 118347, 
Ras Al Khaimah, UNITED ARAB EMIRATES",
SUPERCARE PHARMACY LLC SHJ BR BRANCH 2,,,,"Shop  05  Sarh Al Emarat Tower Corniche Buhaira St, Al Majaz 1, 
Sharjah, UNITED ARAB EMIRATES",
SUPERCARE PHARMACY LLC SHJ BR BRANCH 3,,,,"City Center Al Zahia, Floor: GROUND FLO,  PO Box 1, 
Sharjah, UNITED ARAB EMIRATES",+97165463247
SUPERCARE PHARMACY MARSA,,,,"Opp. Dubail Marina Mall Sheikh Zayed Road, PO Box , 
Dubai, UNITED ARAB EMIRATES",+97143343233
SUPERCARE PHARMACY MIRDIF 2,,,,"Spinneys  Community Center Uptown Mirdif  PO Box 1, Mirdif, 
Dubai, UNITED ARAB EMIRATES",+97142858222
SUPERCARE PHARMACY MIRDIFF,,,,"Mirdiff City Centre South Entrance, Floor: Ground,, Mirdiff, 
Dubai, UNITED ARAB EMIRATES",+97143504500
SUPERCARE PHARMACY OASIS CENTRE,,,,"Oasis Centre Beside Carrefour Express, Floor: Grou, 
Dubai, UNITED ARAB EMIRATES",+97143504500
SUPERCARE PHARMACY SHARJAH SUPER GRP,,,,"Sharjah City Centre, Floor: ground, Sharjah City C, Sharjah City Centre, 
Sharjah, UNITED ARAB EMIRATES",+97143504500
SUPERCARE PHARMACY SHEIK ZAYED ROAD,,,,"Oasis Tower Bldg Sheikh Zayed Road, PO Box 118347 , Mall Of Emirates, 
Dubai, UNITED ARAB EMIRATES",+97143798802
SUPERCARE PHARMACY SILICON,,,,"Near Spinney'S Supermarket Al Khawaneej, PO Box 11, Dso, 
Dubai, UNITED ARAB EMIRATES",+97143423307
SUPERCARE PHARMACY SUPERCARE GRP,,,,"Shop 5  Block 4  Al Ferdous Building Al Wasl Road , Jumeirah, 
Dubai, UNITED ARAB EMIRATES",+97143881002
SUPERCARE PHARMACY UMM SUQEIM,,,,"Dubai London Clinic Building, Floor: GROUND, Beach, Umm Suqueim, 
Dubai, UNITED ARAB EMIRATES",+97143504500
SUPERCARE PHARMACY WASL SQUARE,,,,"Spinney???S  Centro Villa Mall  PO Box 118347 Duba, Dubai Land, 
Dubai, UNITED ARAB EMIRATES",+97148748521
SUSTAINABLE LIFE PHARMACY LLC,,,,"B 1  The Sustainable?? City Al Wadi Al Safa 7, Al Wadi Al Safa 7, 
Dubai, UNITED ARAB EMIRATES",+97143441122
SWEDISH MEDICAL CENTER,,,,"Behind American Community Street 13  Al Bateen  PO, 
Abu Dhabi, UNITED ARAB EMIRATES",+97126811122
SWEIHAN PRIMARY HEALTH CARE CENTER,,,,"Al Ain, UNITED ARAB EMIRATES",+97137347318
SWIFT DAY SURGICAL CENTER LLC,,,,"Villa 05  Near Town Centre  Jumeirah Beach St  Jum, JUMEIRAH, 
Dubai, UNITED ARAB EMIRATES",+971 43859610
SYMBIOSIS MEDICAL CENTRE,,,,"Cedre Community Centre, Floor: GROUND, Dubai Acade, Dubai Silicon Oasis, 
Dubai, UNITED ARAB EMIRATES",+97143925577
SYNERGY DENTAL CENTER LLC,,,,"Building 2, Plot 8Naseem Al Barr StShakhbout CityA, Shakhbout City, 
Abu Dhabi, UNITED ARAB EMIRATES",971 8007600
SZR LIFE PHARMACY BR OF LIFE PHARMACY LLC,,,,"Showroom No. 2  Al Kawakeb (D Block) Sheikh Zayed , 
Dubai, UNITED ARAB EMIRATES",+97143441122
TABIBAK MEDICAL CLINIC,,,,"Habshan Abu Hassa Road, PO Box 6153 Al Dhafra, Al Dhafra, 
Abu Dhabi, UNITED ARAB EMIRATES",+97128848442
TABOOK PHARMACY LLC,,,,"Shop No. 3 Al Zahra Real Estate Bldg. Same Bldg. R, INDUSTRIAL AREA 3, 
Sharjah, UNITED ARAB EMIRATES",97165443367
TAHA DENTAL AND MEDICAL CENTRE AUH,,,,"Taha Dental & Medical Centre Auh  Floor  Mezzanine, Opposite Fathima Supermarket,Abu Dhabilandmark, 
Abu Dhabi, UNITED ARAB EMIRATES",+97126343438
TAHA PHARMACY LLC,,,,"Opp. Fatima Supermarekt  Floor  GF  Old Passport R, 
Abu Dhabi, UNITED ARAB EMIRATES",+97126343447
TAIBAH ALAIN PHARMACY,,,,", Floor: GROUND, DAWAR AL JABAL, PO Box 18458, 
Al Ain, UNITED ARAB EMIRATES",+97137544088
TAJ DENTAL CENTRE,,,,"Flat  03 Sahara Building  Floor  MEZZANINE  Liwa S, 
Abu Dhabi, UNITED ARAB EMIRATES",+97126220300
TAJMEEL SPECIALIZED MEDICAL CENTER LLC,,,,"Al Dar Head Quarters Building  PO Box 34085 Al Rah, Al Raha, 
Abu Dhabi, UNITED ARAB EMIRATES",+97126107809
TAJMEEL SPECIALIZED MEDICAL CENTER LLC BRANCH,,,,"Tajmeel Dental Center Building Al Karamah Street, , Behind Al Rowda Clinic, 
Abu Dhabi, UNITED ARAB EMIRATES",+97126107809
TALAT MEDICAL CENTRE MUSAFFAH,,,,"Talat Medical Centre M E 12  Near Texas Gift Centr, Musaffah, 
Abu Dhabi, UNITED ARAB EMIRATES",+97125527100
TALAT PHARMACY MUSAFFAH,,,,"Sector M39  Plot 12 Musaffah Industrial Area  PO B, Near Furniture Market, 
Abu Dhabi, UNITED ARAB EMIRATES",+97125526909
TARABICHI STAMMBERGER DAY SURGICAL CENTER,,,,"143 Umm Suqeim Street - Umm Al Sheif - Dubai UMM A, UMM AL SHEIF, 
Dubai, UNITED ARAB EMIRATES",97144131000
TARIQ PHARMACY,,,,"Al Bustan Centre Al Nahda Road, PO Box 71246 Al Qu, Al Qusais, 
Dubai, UNITED ARAB EMIRATES",+97143441122
TARMEEM ORTHOPEDIC AND SPINE SPECIALTY HOSPITAL LLC,,,,"2 Al Tashreef St - Khalifa City, Sector 33 - Abu D, KHALIFA CITY A, 
Abu Dhabi, UNITED ARAB EMIRATES",02-575 3819
TARMEEM ORTHOPEDIC MEDICAL CENTRE,,,,"2 FLOOR KHALIFA CITY KHALIFA CITY, KHALIFA CITY, 
Abu Dhabi, UNITED ARAB EMIRATES",02-3013800
TASHAFI2 BR ALFUTTAIM HEALTHCARE SINGLE PERSO,,,,"Abduljalil Mahdi Mohd Alasmavi  Floor  1ST FLOOR  , Al Barsha 3, 
Dubai, UNITED ARAB EMIRATES",+97145967350
TAWAM HOSPITAL,,,,"Tawam Hospital Al Ain, PO Box 15258, 
Al Ain, UNITED ARAB EMIRATES",+97137677444
TAWAM IVF CENTER,,,,"PO Box 15258, 
Al Ain, UNITED ARAB EMIRATES",+97137075313
TAWAM MOLECULAR IMAGING CENTER LLC OPC,,,,"Tawam Hospital Campus | Al Maqam | Al Ain AL MAQAM, AL MAQAM, 
Al Ain, UNITED ARAB EMIRATES",+971 2 311 1194
TAWAM REHBILITATION CENTER,,,,"Tawam Rehbilitation Center, Floor:   PO Box 15258, 
Al Ain, UNITED ARAB EMIRATES",+971507839444
TEXAS MEDICAL LAB,,,,"Al Abbar, Floor: 1, Samnan, PO Box 97947 Halwan, Halwan, 
Sharjah, UNITED ARAB EMIRATES",+97165622988
THAIBA PHARMACY,,,,"Abdullaha Building, Floor: Ground, Opp. Uae Exchan, 
Fujairah, UNITED ARAB EMIRATES",+97192564749
THE ADDRESS MEDICAL CENTER,,,,"Sheikh Khalid Road  PO Box 181118 Al Bardi, Al Bardi, 
Sharjah, UNITED ARAB EMIRATES",+97192383881
THE CLINIC BY MEDCARE BR OF MEDCARE HOSPITAL,,,,"The Meadows Village Al Thanayah 4, PO Box 49958 Me, Meadows, 
Dubai, UNITED ARAB EMIRATES",
THE DENTAL STUDIO PLUS LLC,,,,"Cayan Business Center, Floor: 1ST FLOOR, Al Fosool, Barsha Heights (Tecom), 
Dubai, UNITED ARAB EMIRATES",+97143687070
THE FRENCH CLINIC FZ LLC,,,,"Al Razi Medical Complex, Floor: 3rd Floor, Oud Met, Dubai Healthcare City, 
Dubai, UNITED ARAB EMIRATES",+97144298450
THE POINTE LIFE PHARMACY BR OF LIFE PHARMACY,,,,"The Pointe Next To Reel Cinemas, PO Box 71246 Palm, Palm Jumeirah, 
Dubai, UNITED ARAB EMIRATES",+97143441122
THE SMILE STUDIO DENTAL CLINIC,,,,"Yes Business Center  Floor  FIRST     PO Box 11802, Al Barsha 1, 
Dubai, UNITED ARAB EMIRATES",+97144563877
THE SPECIALIST DIABETES TREATMENT RESEARCH CE ZAYED SPORTS CITY,,,,", Floor: GROUND, Al Khaleej Al Arabi Street, PO Bo, Zayed Sports City, 
Abu Dhabi, UNITED ARAB EMIRATES",+97124040881
THE VALENS GENERAL CLINIC LLC,,,,"Business Bay, Business Bay, 
Dubai, UNITED ARAB EMIRATES",971800825367
THE VALENS GENERAL CLINIC LLC JUMEIRAH,,,,"Triple 777 Center, G22, Ground floor AL WASL ROAD , WASL ROAD JUMEIRAH, 
Dubai, UNITED ARAB EMIRATES",97148357005
THE VERGE CLINIC DENTAL LLC,,,,"AL SAADIYAT ISLAND SDN1 C6 ABU DHABI, UAE, PO Box , Al Saadiyat Island, 
Abu Dhabi, UNITED ARAB EMIRATES",+97124455884
THOMAS DENTAL CENTRE,,,,"Sh.Ahmed Bin Suroor Bldg, 1, Al Falah St( Old Pass, Al Falah, 
Abu Dhabi, UNITED ARAB EMIRATES",+97126414400
THUHFAAL ANDALUS PHARMACY,,,,"Bldg 1291 M.E.11  PO Box 30520 Musaffah, Musaffah, 
Abu Dhabi, UNITED ARAB EMIRATES",+97125522262
THUMBAY CLINIC LLC ALRASHIDIYA 1,,,,"Al Quds Street, PO Box 4184 Rashidiya 3, Rashidiya 3, 
Ajman, UNITED ARAB EMIRATES",+97167119555
THUMBAY CLINIC LLC BR 1,,,,"Al Wahda St, PO Box 11171 Kalba, Kalba, 
Sharjah, UNITED ARAB EMIRATES",+97192773337
THUMBAY CLINIC LLC BRANCH 2,,,,"Alwahda  1  PO Box 77773 Abu Shagara, Abu Shagara, 
Sharjah, UNITED ARAB EMIRATES",+97165250666
THUMBAY CLINIC LLC RAK BRANCH,,,,"Golden Crown Restaurant Bldg, Floor: GROUND,  PO B, Al Nakheel, 
Ras Al Khaimah, UNITED ARAB EMIRATES",+97172267464
THUMBAY CLINIC LLC UAQ BRANCH,,,,"King Faisal Street, PO Box 3589 Al Ras, Al Ras, 
Umm Al Quwain, UNITED ARAB EMIRATES",+97167051533
THUMBAY CLINIC MEDICITY AJMAN,,,,"Al Jurf 1,Rashid Al-kadar street AL JURF 1, AL JURF 1, 
Ajman, UNITED ARAB EMIRATES",97167705555
THUMBAY HOSPITAL DAY CARE MUWAILAH 1,,,,"University City Road, PO Box 77773, 
Sharjah, UNITED ARAB EMIRATES",+97165449444
THUMBAY HOSPITAL LLC AJMAN,,,,"Gmc Hosp & Research Centre Ajman Sheikh Zayed Stre, Al Nuaimiyah, 
Ajman, UNITED ARAB EMIRATES",+97167463333
THUMBAY HOSPITAL LLC FUJAIRAH BRANCH,,,,", Floor: Ground, Sheikh Zayed Road, PO Box 7585 Al, Al Mahatta, 
Fujairah, UNITED ARAB EMIRATES",+97192244233
THUMBAY MEDICAL DENTAL SPECIALITY CENTRE SHAR,,,,"Next To National Paints Roundabout Emirates Road, , Industrial Area, 
Sharjah, UNITED ARAB EMIRATES",+97165358111
THUMBAY MEDICITY PHARMACY,,,,"Thumbay University Hospital Rashid Al Khader Stree, Al Jurf, 
Ajman, UNITED ARAB EMIRATES",+97167147555
THUMBAY PHARMACY 14,,,,"Thumbay Building Bader Street  PO Box 4184 Rashidi, Rashidiya-2, 
Ajman, UNITED ARAB EMIRATES",
THUMBAY PHARMACY 4,,,,"Gmc Hosp & Research Centre Ajman Sheikh Zayed Stre, Al Nuaimiyah,, 
Ajman, UNITED ARAB EMIRATES",+97167463333
THUMBAY PHARMACY 6,,,,"Thumbay Hospital Bldg New Block Shaik Zayed Road  , ., 
Fujairah, UNITED ARAB EMIRATES",+97167030555
THUMBAY PHARMACY 7,,,,"G1, Floor: GROUND, Al Jaza Street, PO Box 328199 A, Al Nakheel, 
Ras Al Khaimah, UNITED ARAB EMIRATES",+97172267190
THUMBAY PHARMACY 8,,,,"Thumbay Clinic Building-King Faisal Road-Next to T, Al Raas C, 
Umm Al Quwain, UNITED ARAB EMIRATES",
THUMBAY PHARMACY LLC SHJ BR BRANCH 3,,,,"G1, Floor: GROUND, Next To National Paint Round Ab, Muwaileh, 
Sharjah, UNITED ARAB EMIRATES",
THUMBAY PHARMACY LLC SHJ BR BRANCH 6,,,,", Floor: GROUND, University City Road, PO Box 4184, 
Sharjah, UNITED ARAB EMIRATES",
THUMBAY UNIVERSITY HOSPITAL COMPLEX LLC,,,,"Thumbay Medicity University Street, PO Box 4184 Al, Al Jurf, 
Ajman, UNITED ARAB EMIRATES",+97167147555
TOP MEDICAL CENTER,,,,"Grosvenor House  Floor  GF  Al Sufooh Road Grosven, Dubai Marina, 
Dubai, UNITED ARAB EMIRATES",+97143176569
TOP MEDICAL CENTER MAIN BRANCH,,,,"Neat Spinneys Supermarket Um Al Sheif Road  Al Was, Jumeira 3, 
Dubai, UNITED ARAB EMIRATES",+97143945596
TOP MODERN DENTAL CLINIC MIRDIF,,,,"Top Modern Dental Clinic Mirdif  Floor  Ground  Of, Dubai Knowledge Village, 
Dubai, UNITED ARAB EMIRATES",+97143693625
TOPCARE MEDICAL CENTRE,,,,"Al  Eskan Al Jamae Building, Floor: GROUND FLO, Mu, Musaffah, 
Abu Dhabi, UNITED ARAB EMIRATES",+97125500620
TOPCARE PHARMACY,,,,"Icad Musaffah, PO Box 40490, 
Abu Dhabi, UNITED ARAB EMIRATES",+97125500625
TOPCARE PHARMACY BRANCH 1,,,,"R033 Icad Shopping Mall  Floor  GROUND   PO Box 40, Icad Residential City, Mussafah Industrial, 
Abu Dhabi, UNITED ARAB EMIRATES",+97126665131
TOWER CLINIC FZ LLC,,,,"District 6 Building   27  Floor  104  Oud Mehta Ro, Dubai Healthcare City, 
Dubai, UNITED ARAB EMIRATES",+97143622939
TOWN LIFE PHARMACY,,,,"Near Welcare Clinic  Uptown Mirdiff  PO Box 71246 , Mirdiff, 
Dubai, UNITED ARAB EMIRATES",+97143441122
TOWN LIFE PHARMACY LLC,,,,"Unit No, Ra 18 (A15), Floor: GROUND, Opp. Abu Dhab, Abu Dhabi Mall, 
Abu Dhabi, UNITED ARAB EMIRATES",+97143441122
TOWN SQUARE LIFE PHARMACY BR OF LIFE PHARMACY,,,,"Unit No 4 Town Square Development Floor GROUND PO , Zahra Apartments, 
Dubai, UNITED ARAB EMIRATES",+97143441122
TRACKS COMMUNITY PHARMACY,,,,"Fox Hill 6  Floor     Uptown Motor City  PO Box 94, Dubai Motor City, 
Dubai, UNITED ARAB EMIRATES",+97144475828
TRAM LIFE PHARMACY LLC,,,,"Al Seef Tower 1  Behind Tamani Hotel, 
Dubai, UNITED ARAB EMIRATES",+97143441122
TRANSFORM SPECIALIST MEDICAL CENTRE LLC,,,,"Al Shafar Building 7 218  Floor  2  Al Bada'a  PO , Al Bada'a, 
Dubai, UNITED ARAB EMIRATES",+97143449997
TRELLIS HOSPITAL (FORMERLY GARGASH),,,,"Gargash Hospital Llc Umm Suqeim, PO Box 390985 Umm, Umm Al Sheif, 
Dubai, UNITED ARAB EMIRATES",+97147030040
TRUCARE CLINICS LLC,,,,"Dubai, UNITED ARAB EMIRATES",+97143475336
TRUE SMILE WORKS DENTAL NETWORK,,,,"Marsa Plaza   North Wing  Floor  GROUND FLO  Festi, Dubai Festival City, 
Dubai, UNITED ARAB EMIRATES",+97145836912
UK VEINCENTRE FZ LLC,,,,"Flat 201 Building 72Oud Metha Dubai Healthcare Cit, Dubai Healthcare City, 
Dubai, UNITED ARAB EMIRATES",97145771021
ULTRA MEDICAL CENTER,,,,"Villa 20 Street 2  Al Jimi, Al Jimi, 
Al Ain, UNITED ARAB EMIRATES",+97137625552
ULTRA MEDICAL CENTER PHARMACY,,,,"Villa 20 Street 2  Al Jimi, Al Jimi, 
Al Ain, UNITED ARAB EMIRATES",
ULTRALASIK EYE CENTER FZ LLC DUBAI,,,,"Ibn Sina Building 27, Floor: 6F, Riyadh St PO Box , Dubai Healthcare City, 
Dubai, UNITED ARAB EMIRATES",+97145572472
ULTRALASIK EYE CENTER LLC ABU DHABI,,,,"Abu Dhabi Plaza building105145888al dana streetabu, al dana street, 
Abu Dhabi, UNITED ARAB EMIRATES",02-5859087
ULTRALASIK EYE CENTER SHARJAH,,,,"Sahara Healthcare CityUnit -08FLOOR 06thSahara Cen, AL NAHDA, 
Sharjah, UNITED ARAB EMIRATES",0585171124
UMM AL LULU CLINIC,,,,"Umm Al Lulu Clinic PO BOX 303Umm Al Lulu IslandAbu, Umm Al Lulu Island, 
Abu Dhabi, UNITED ARAB EMIRATES",97126023882
UMM AL QUWAIN HOSPITAL,,,,"AL RAAS ROAD PO Box 24 AL RAAS, AL RAAS, 
Umm Al Quwain, UNITED ARAB EMIRATES",+97167060440
UMM HURAIR PHARMACY,,,,"Umm Hurair Bldg, Floor: Ground, Zabeel 1, PO Box 1, Umm Hurair, 
Dubai, UNITED ARAB EMIRATES",+97143343206
UMM SHAIF FIELD CLINIC,,,,"Umm Shaif Field Clinic PO BOX 303Umm Shaif Field U, Umm Shaif Field, 
Abu Dhabi, UNITED ARAB EMIRATES",97126023882
UMM SUQEIM HEALTH CENTER PHC,,,,"Villa 123 Jumeirah First, 77 6D St - Umm Suqeim - , Umm Suqeim, 
Dubai, UNITED ARAB EMIRATES",+97145021550
UNICARE MEDICAL CENTRE,,,,"Burjuman Centre  Floor  Ground  23 North Wing  Bur, Bur Dubai, 
Dubai, UNITED ARAB EMIRATES",+97143529292
UNICARE MEDICAL CENTRE BRANCH,,,,"Villa   172 Mankhool Road  PO Box 49527 Jaffiliya, Jaffiliya, 
Dubai, UNITED ARAB EMIRATES",+97143980880
UNICARE MEDICAL CENTRE LLC,,,,"Flat 102 Al Shams Buiding, Floor: FIRST, Al Zahra , 
Sharjah, UNITED ARAB EMIRATES",+97165630313
UNICARE PHARMACY,,,,"Burjuman Center North Wing Khalid Bin Al Waleed St, Bur Dubai, 
Dubai, UNITED ARAB EMIRATES",+97143599523
UNICARE STAR PHARMACY,,,,"Flat No R345 Mankhool Road  PO Box 112450 Al Mankh, Al Mankhool, 
Dubai, UNITED ARAB EMIRATES",+97143868811
UNILABS DIAGNOSTICS LLC,,,,"C18 Building Al Tunoub Street, PO Box 46520, 
Abu Dhabi, UNITED ARAB EMIRATES",+97143586606
UNION MEDICAL AND DENTAL CENTER,,,,"RAFA BUILDING, Floor: 1ST FLOOR, NEAR JUMBO SHOWRO, AL NAKHEEL, 
Ras Al Khaimah, UNITED ARAB EMIRATES",+97172286223
UNION MEDICAL CENTRE DUBAI (ASTER),,,,"Union Medical Centre   Dubai  Floor  Ground  Irani, Al Karama, 
Dubai, UNITED ARAB EMIRATES",+97143978828
UNION PHARMACY,,,,"Union Pharmacy, Floor: Ground, Al Rafa Street, PO , Bur Dubai, 
Dubai, UNITED ARAB EMIRATES",+97143935619
UNIQUE AL AHALIA PHARMACY,,,,"Me 10  Near Red Crescent  Shabiya  Mussafah  AUH  , 
Abu Dhabi, UNITED ARAB EMIRATES",+97125595441
UNIQUE AL AHALIA PHARMACY BRANCH 2,,,,"Unique Al Ahalia Pharmacy   Branch 2 Delma Street , Delma Street, 
Abu Dhabi, UNITED ARAB EMIRATES",+97126410039
UNIQUE ALAHALIA OPHTHALMOLOGY ONE DAY SURGERY MEDICAL CENTER L.L.C.,,,,"UNIQUE ALAHALIA OPHTHALMOLOGY ONE DAY SURGERY MEDI, Old Airport Road, 
Abu Dhabi, UNITED ARAB EMIRATES",+97124439777
UNIQUE CARE PHARMACY LLC,,,,"X20 Shop No S14 England Cluster  PO Box 235354, Du, Dubai International City, 
Dubai, UNITED ARAB EMIRATES",+97142344430
UNITEAM PRIMARY HEALTH CARE CENTER LLC BRANCH,,,,"Aspen Medical  Floor  GROUND FLO  Zahr Al Oyoun St, Al Wathba South, 
Abu Dhabi, UNITED ARAB EMIRATES",+97126660776
UNITED MEDICAL CENTER LLC,,,,"Wafi Mall, Floor: 1, Falcon Area, PO Box 213466 Ou, Oud Mehta, 
Dubai, UNITED ARAB EMIRATES",+97143708888
UNITED PHARMACY 2 BR OF UNITED PHARMACY INVES,,,,"Al Barsha Mall, Floor: G20, Al Barsha, PO Box 7124, Al Barsha, 
Dubai, UNITED ARAB EMIRATES",+97143441122
UNITED PHARMACY AL ZAHIAH LLC,,,,"Shop No A078  Level 2  Near Gate A Parking Entranc, Muweilah, 
Sharjah, UNITED ARAB EMIRATES",+97143441122
UNITED PHARMACY AL ZAHIAH LLC - BRANCH 1,,,,"PO Box 71246, SHOP NO.1, KING ABDUL AZIZ STREET-AL, 
Sharjah, UNITED ARAB EMIRATES",+97143441122
UNITED PHARMACY AL ZAHIAH LLC - BRANCH 2,,,,"Shop No: G01, Khalifa Khamis Al Mattar Building, K, Khorfakkan, 
Sharjah, UNITED ARAB EMIRATES",+97143441122
UNITED PHARMACY IBN BATTUTA BR OF UNITED PHAR,,,,"Ibn Battuta Mall, Floor: CHINA COUR, United Arab E, Nakheel, 
Dubai, UNITED ARAB EMIRATES",+97143441122
UNIVERSAL SPECIALITY MEDICAL CENTER,,,,"Hasan Al Marzooqi Building   150 Mohamed Bin Zayed, Musaffah, 
Abu Dhabi, UNITED ARAB EMIRATES",+97125524425
UNIVERSITY HOSPITAL SHARJAH,,,,"University Hospital Sharjah Al Juraina Road, PO Bo, University City, 
Sharjah, UNITED ARAB EMIRATES",+97165055555
UNIVERSITY OF SHARJAH,,,,"University Dental Hospital Sharjah Udhs University, University Of Sharjah, 
Sharjah, UNITED ARAB EMIRATES",+97165057666
UP TOWN PHARMACY BR OF AL SHAFAR PHARMACIES G,,,,"J3 Mall, Floor: FIRST, Al Wasl Road, PO Box 50585 , Al Manara, 
Dubai, UNITED ARAB EMIRATES",+97143392762
UPPER ZAKUM CLINIC,,,,"Upper Zakum Clinic OP BOX 303Upper ZakumOilfield U, Upper ZakumOilfield, 
Abu Dhabi, UNITED ARAB EMIRATES",97126023882
UPTODATE MEDICARE CENTRE,,,,"Above Dubai Islamic Bank Bldg, Floor: 1ST FLOOR, 2, Al Satwa, 
Dubai, UNITED ARAB EMIRATES",+97143986608
UPTOWN COMMUNITY PHARMACY,,,,"Geant Community Centre, Floor: G, Remraam, PO Box , Dubailand, 
Dubai, UNITED ARAB EMIRATES",+97145135160
VALIANT HOSPITAL PHARMACY,,,,"Valiant Healthcare Llc 13 Street, PO Box 414296 Ci, City Walk, 
Dubai, UNITED ARAB EMIRATES",+97143872260
VASAN EYE CARE PHARMACY,,,,"Zabeel Plaza, Floor: GROUND, Zabeel Road, PO Box 1, Al Karama, 
Dubai, UNITED ARAB EMIRATES",+97143579444
VASAN EYE MULTISPECIALITY DAY SURGICAL CENTER BR OF VASAN HEALTH PROJECTS LLC,,,,"Zabeel Plaza Building, Floor: GROUND, Zabeel Road,, Al Karama, 
Dubai, UNITED ARAB EMIRATES",+97143579444
VCARE PHARMACY LLC,,,,"Nasmah Tower, Floor: GROUND FLO, Al Nahda 1, PO Bo, Al Nahda 1, 
Dubai, UNITED ARAB EMIRATES",+97142389492
VCARE POLYCLINIC LLC,,,,"Nasmah Tower, Floor: GROUND FLO, Al Ittihad Rd, PO, Al Nahda 1, 
Dubai, UNITED ARAB EMIRATES",+97142654400
VEIN CARE AND SURGERY CENTER,,,,"Al Razi Medical Complex  Building no. 64  Floor  2, Dubai Healthcare City, 
Dubai, UNITED ARAB EMIRATES",+97144343000
VENNIYIL MEDICAL CENTRE,,,,"Investment Building  Floor  FIRST  Near Corniche P, Rolla, Al Shuwaiheen Area, 
Sharjah, UNITED ARAB EMIRATES",+97165682258
VILLAGE PHARMACY,,,,"Village Hypermarket Building  Floor  GF  Near West, Jebel Ali, 
Dubai, UNITED ARAB EMIRATES",+97148839904
VIP DOCTOR LLC BRANCH AL QASR HOTEL,,,,"Al Qasr Hotel AL Safouh FirstMadinat Jumeirah - Ki, AL Safouh 1, 
Dubai, UNITED ARAB EMIRATES",97142912222
VIP DOCTOR LLC BRANCH JUMERIAH BEACH HOTEL,,,,"Jumeirah Beach HotelUmm Suqeim 3 - DubaiUnited Ara, UMM SUQEIM, 
Dubai, UNITED ARAB EMIRATES",97142912222
VIP DOCTOR LLC BRANCH OASIS VILLAGE DENTAL,,,,"Oasis Village accommodationBlock 2 Al Quoz - Al Qu, OASIS VILLAGE ACCOMODATION, 
Dubai, UNITED ARAB EMIRATES",97142912222
VIP DOCTOR LLC BRANCH OASIS VILLAGE MEDICAL,,,,"Oasis Village accommodationBlock 2Al Quoz - Al Quo, Al Quoz Industrial Area 2, 
Dubai, UNITED ARAB EMIRATES",9714291 2222
VISION DENTAL CLINIC,,,,"Al Ansari Exchange Building, Floor: N\A, Khalifa S, Khalifa Street Beside Al Noor Hospital, 
Abu Dhabi, UNITED ARAB EMIRATES",+97126224700
VISTA HEALTHCARE CLINIC,,,,"Sultan Business Center Near Lamcy Plaza, PO Box 11, Oud Metha, 
Dubai, UNITED ARAB EMIRATES",+97143344223
VITA UNITED PHARMACY BR OF UNITED PHARMACY IN,,,,"Wasl Vita Mall Al Wasl Road, PO Box 71246, Jumeira, Jumeirah, 
Dubai, UNITED ARAB EMIRATES",+97143441122
VITALITE MEDICAL CENTER,,,,"Mudon Community Center, Floor: FIRST FLOO, Al Qudr, Mudon, 
Dubai, UNITED ARAB EMIRATES",+97145897110
WADI AL SEDER HEALTH CENTER,,,,"Wadi Sidr Wadi Sidr, Wadi Sidr, 
Fujairah, UNITED ARAB EMIRATES",9714-6656206
WADI ALHELO HEALTH CENTER,,,,"99/1 Sharjah  Kalba Road Kalba, Kalba, 
Sharjah, UNITED ARAB EMIRATES",04-6656205
WADI ISFINI HEALTH CENTER,,,,"18, 1A?Street, Wadi?Isfini Wadi Isfini, Wadi Isfini, 
Ras Al Khaimah, UNITED ARAB EMIRATES",9714-6656154
WAHAT AL TAIBAH PHARMACY L.L.C,,,,"Shop No. 2-3 Muneera Saeed Ali Building,Central Dh, 
Sharjah, UNITED ARAB EMIRATES",+971 6  5247775
WAHT AL DHAIT PHARMACY LLC,,,,"Sultan Saeed bldg.,Shop no. 2, Al manama,ras al kh, AIRPORT ROAD, 
Ras Al Khaimah, UNITED ARAB EMIRATES",+971 7 2228522
WAJEAT AL KHOOR PHARMACY,,,,"Riviera Tower Next To Grand Cinema, PO Box 71246 R, River Tower, 
Sharjah, UNITED ARAB EMIRATES",+97143441122
WASEEM PHARMACY,,,,"Dafco Building, Floor: Ground, TAAWUN STREET, PO B, Taawun, 
Sharjah, UNITED ARAB EMIRATES",+97165770930
WASIT HEALTH CENTER,,,,"Suwaihat Area Area: WASET, Sharjah WASET, WASET, 
Sharjah, UNITED ARAB EMIRATES",09 2381811
WAZIRUSTAN CLINIC,,,,"Mohammed Al Mansoori  Bldg Floor  2ND  Street No. , Al Ghayathi, 
Abu Dhabi, UNITED ARAB EMIRATES",+97128741400
WE CARE MEDICAL CENTER LLC,,,,"Hamsah Building  Floor  GROUND FLO  Khalid Bin Al , Al Karama, 
Dubai, UNITED ARAB EMIRATES",+97142611061
WECARE E R X PHARMACY LLC,,,,"Ansar Gallery, Floor:  GROUND FL, Khalid Bin Walee, Al Karama, 
Dubai, UNITED ARAB EMIRATES",+97143965752
WECARE MEDICAL CENTRE LLC,,,,"Al Salhia Lighting Stores, Floor: M2, Mezzanine Fl, 
Abu Dhabi, UNITED ARAB EMIRATES",+97126218005
WELL CARE MEDICAL CENTER AUH,,,,"Al Hamra Plaza Elektra St PO Box 54557 Al Baladiya, Al Baladiya, 
Abu Dhabi, UNITED ARAB EMIRATES",+97126766000
WELL CARE PHARMACY LLC,,,,"Behind Honda Show Room, Floor: GROUND, Electra Roa, 
Abu Dhabi, UNITED ARAB EMIRATES",+97126779888
WELLCARE ADVANCED POLYCLINIC,,,,"Al Rostamani Bldg.  PO Box 241274 Near Al Khail Ma, Near Al Khail Mal,  Al Quoz, 
Dubai, UNITED ARAB EMIRATES",+97143285130
WELLNESS ONE DAY SURGERY CENTRE LLC,,,,"Wellness One Day Surgery Centre Llc 21st Muroor Di, Al Zafranah, 
Abu Dhabi, UNITED ARAB EMIRATES",+97126422424
WELLNESS PHARMACY LLC,,,,"Villa 1 Wellness One Day Surgery Center 21 Dihan S, Al Zafrana, 
Abu Dhabi, UNITED ARAB EMIRATES",+97126422424
WEST HILL PHARMACY,,,,"Karama Ii Sheikh Mohamad Building  Floor  Ground  , Jebel Ali, 
Dubai, UNITED ARAB EMIRATES",+97143377131
WEST ISLAND CLINIC,,,,"West Island Clinic PO BOX 303West Island Oilfield , West Island Oilfield, 
Abu Dhabi, UNITED ARAB EMIRATES",97126023882
WESTERN TOWERS AL AHLIA MEDICAL CENTER LLC,,,,"Western Towers Al Ahlia Medical Center L Mze 19  S, Beda Zayed, 
Abu Dhabi, UNITED ARAB EMIRATES",+97128840522
WESTERN TOWERS AL AHLIA PHARMACY,,,,"Western Towers Al Ahlia PharmacyMze 19  SanayaBeda, BEDA ZAYED, 
Abu Dhabi, UNITED ARAB EMIRATES",97128841020
WHITE SMILE DENTAL CENTER LLC,,,,"Bin Brok  Floor  1 ST  Hamdan St  PO Box 38170 Abu, Abu Dhabi Island, 
Abu Dhabi, UNITED ARAB EMIRATES",
WINDSOR MEDICAL CENTER LLC,,,,"Al Wasl Road, Al Saffa 2nd, Dubai, UAE Al Saffa 2n, Al Saffa 2nd, 
Dubai, UNITED ARAB EMIRATES",97143955540
YACOUB PHARMACY DR MOOPENS,,,,"Medic Building  Next To Hbz  Floor  Ground  Khalid, Bur Dubai, 
Dubai, UNITED ARAB EMIRATES",+97143523332
YARA PHARMACY,,,,"Riqqa Street, PO Box 71246 Deira, Deira, 
Dubai, UNITED ARAB EMIRATES",+97143441122
YAS CLINIC KHALIFA CITY - SOLE PROPRIETORSHIP L.L.C.,,,,"Near Al Rawafed Pvt. School Mhanna St, Khalifa Cit, Khalifa City, 
Abu Dhabi, UNITED ARAB EMIRATES",+97124945555
YAS HEALTHCARE LLC,,,,"Dusit Thani Building Complex, Floor: 2F, Muroor Ro, 
Abu Dhabi, UNITED ARAB EMIRATES",+97123336909
YAS HEALTHCARE LLC BRANCH 1,,,,"Al Falahi Tower, Floor: GROUND FLO, Mustarhim St, , Muroor Road, 
Abu Dhabi, UNITED ARAB EMIRATES",+97123336935
YAS MEDICAL CENTER LLC,,,,"FIRST CLASS BUILDING SAJAA, SAJAA, 
Sharjah, UNITED ARAB EMIRATES",97165361258
YASMED MEDICAL CENTER LLC RAK,,,,"4 SHEIKH JAMAL SAQER SULTAN QASIMI AL JAZEERA AL H, AL JAZEERA AL HAMRA, 
Ras Al Khaimah, UNITED ARAB EMIRATES",97172269796
YASMED MEDICAL CENTER LLC UAQ,,,,"SHOP1 , NEAR ETISALAT R/A, NEW INDUSTRIAL AREA IND, INDUSTRIAL AREA, 
Umm Al Quwain, UNITED ARAB EMIRATES",9716 529 9064
YASMED PHARMACY LLC RAK,,,,"SHEIKH JAMAL SAQER SULTAN QASIMI AL JAZEERA AL HAM, AL JAZEERA AL HAMRA, 
Ras Al Khaimah, UNITED ARAB EMIRATES",97172330877
YASMED PHARMACY LLC UAQ,,,,"SHOP 1, NEW INDUSTRIAL AREA, NEAR ETISALAT R/A NEW, NEW INDUSTRIAL AREA, 
Umm Al Quwain, UNITED ARAB EMIRATES",9716 5278896
YASMIN PHARMACY NOORA GRP,,,,"Yasmin Building, Floor: Ground, CRICKET STADIUM RO, 
Sharjah, UNITED ARAB EMIRATES",+97165434698
YASSAT LIFE PHARMACY,,,,"Shop No. 7 & 8  Floor  GROUND   PO Box 71246 Calib, Caliber Plaza, Dubai Production City, 
Dubai, UNITED ARAB EMIRATES",+97143441122
YASSAT LIFE PHARMACY TECOM,,,,"Shop 1  Yassat Gloria Hotel Tecom, Tecom, 
Dubai, UNITED ARAB EMIRATES",+97143441122
YATEEM OPTICIAL LLC FUJAIRAH BRANCH 3,,,,"Shop No  039  Floor  FIRST  Fujairah Mall, Fujairah Mall, 
Fujairah, UNITED ARAB EMIRATES",+97192224616
YATEEM OPTICIAL LLC SHARJAH BRANCH 3,,,,"Shop No   B 052 Al Wahada Road  Sharjah City Centr, Sharjah City Centre, 
Sharjah, UNITED ARAB EMIRATES",+97165288065
YATEEM OPTICIAN 1 AJMAN CITY CENTRE,,,,"City Centre Al Jurf, Ittihad, Ittihad, 
Ajman, UNITED ARAB EMIRATES",
YATEEM OPTICIAN 5 AL ZAHIA,,,,"City Centre Al Wahada Road, Al Zahia, Al Zahia, 
Sharjah, UNITED ARAB EMIRATES",
YATEEM OPTICIAN ABU DHABI MALL,,,,"Abu Dhabi Mall, Floor: 1ST,  PO Box 929 Near Main , Near Main Entrance, 
Abu Dhabi, UNITED ARAB EMIRATES",+97126451566
YATEEM OPTICIAN AJMAN,,,,"Shop No:2, Floor: GF, Lulu Hypermarket Ajman, PO B, Ajman, 
Ajman, UNITED ARAB EMIRATES",+97167447658
YATEEM OPTICIAN AL AIN,,,,"Al Ain Mall  PO Box 929, 
Al Ain, UNITED ARAB EMIRATES",+97137510025
YATEEM OPTICIAN AL AIN MAIN,,,,"Al Ain Main Al Ain Main, PO Box 929, 
Al Ain, UNITED ARAB EMIRATES",+97137510025
YATEEM OPTICIAN AL BARSHA,,,,"Mall Of Emirates  Flat No D25b  Floor  GF  Al Bars, 
Dubai, UNITED ARAB EMIRATES",+97142821707
YATEEM OPTICIAN AL DIYAFA,,,,"Shop No 2  Al Diyafa Bldg  Floor  GF  Al Diyafa  P, 
Dubai, UNITED ARAB EMIRATES",+97143453405
YATEEM OPTICIAN AL GHURAIR CENTER,,,,"Al Ghurair Center  G01b  Floor  GF  Al Ghurair Cen, 
Dubai, UNITED ARAB EMIRATES",+97142281787
YATEEM OPTICIAN AL RIQQA,,,,"Gf  Al Owais Bldg  Flat No S01 & S02 Al Riqqa Stre, Al Riqqa, 
Dubai, UNITED ARAB EMIRATES",+97142222265
YATEEM OPTICIAN AL WAHDA,,,,"Al Wahdah Mall, Floor: 1ST, Al Wahda, PO Box 929, 
Abu Dhabi, UNITED ARAB EMIRATES",+97124437460
YATEEM OPTICIAN ARABIAN CENTER,,,,"Unit 2733 Arabian Center, Floor: 1ST, Arabian Cent, 
Dubai, UNITED ARAB EMIRATES",+97142845505
YATEEM OPTICIAN ATLANTIS HOTEL,,,,"Atlantis Hotel  PO Box 50571 Main Shopping Mall En, Main Shopping Mall Entrance, Atlantis Hotel, 
Dubai, UNITED ARAB EMIRATES",+97144579440
YATEEM OPTICIAN BAWABAT AL SHARQ,,,,"Bawabat, Floor: GF, Bawabat Al Sharq, PO Box 929, 
Abu Dhabi, UNITED ARAB EMIRATES",+97125516202
YATEEM OPTICIAN BR,,,,"Shop No S 50 Bldg R 532 Al Wasl Vita Al Wasl Stree, 
Dubai, UNITED ARAB EMIRATES",+97145066040
YATEEM OPTICIAN BRANCH 17,,,,"Shop 29 Ruwais Shopping Center, Floor: FIRST,  PO , 
Abu Dhabi, UNITED ARAB EMIRATES",+97128766622
YATEEM OPTICIAN BURJUMAN CENTER,,,,"New Burjuman, Floor: 1ST,  PO Box 50571 Next To Sa, Next To Saks Fifth Avenue Burjuman Center, 
Dubai, UNITED ARAB EMIRATES",+97143522067
YATEEM OPTICIAN CITY CENTRE AL ZAHIA,,,,"City Centre  Al Zahia United Arab Emirates  PO Box, Al Zahia, 
Sharjah, UNITED ARAB EMIRATES",+97145066033
YATEEM OPTICIAN DALMA MALL,,,,"Dalma Mall  Floor  1ST   PO Box 929 Opposite Carre, Opposite Carrefour, Dalma Mall, 
Abu Dhabi, UNITED ARAB EMIRATES",+97125516202
YATEEM OPTICIAN DALMA MALL 2,,,,"Dalma Mall   Occhiali  Floor  1ST   PO Box 929 Nea, Near The Escalator, Dalma Mall, 
Abu Dhabi, UNITED ARAB EMIRATES",+97125508633
YATEEM OPTICIAN DUBAI MALL,,,,"Dubai Mall  Lower Ground  Flat No Lg143  Floor  LO, 
Dubai, UNITED ARAB EMIRATES",+97144342066
YATEEM OPTICIAN EMIRATES TOWER,,,,"Bolevard  Unit 30  Floor  1ST  Emirates Tower  PO , 
Dubai, UNITED ARAB EMIRATES",+97143303301
YATEEM OPTICIAN FUJAIRAH BRANCH,,,,"Shop No:9, Floor: GF, Fujairah Trade Center, PO Bo, Fujairah Branch, 
Fujairah, UNITED ARAB EMIRATES",+9719222068
YATEEM OPTICIAN HAMDAN,,,,"Crystal Tower, Floor: GF, Hamdan St, PO Box 929 Ha, Hamdan, 
Abu Dhabi, UNITED ARAB EMIRATES",+97126776222
YATEEM OPTICIAN JUMEIRA BEACH CENTER,,,,"Unit 2  B17  Floor  GF  Jumeira Beach Center  PO B, 
Dubai, UNITED ARAB EMIRATES",+97143490909
YATEEM OPTICIAN KHALIDIYA MALL,,,,"Khalidiya Mall, Floor: 1ST,  PO Box 929 Near Main , Near Main Entrance Escalator, 
Abu Dhabi, UNITED ARAB EMIRATES",+97126354999
YATEEM OPTICIAN KHALIFA ST,,,,", Floor: GF, Khalifa St PO Box 929 Opposite Nation, Opposite National Bank Of Auh, 
Abu Dhabi, UNITED ARAB EMIRATES",+97126277022
YATEEM OPTICIAN LLC BRANCH,,,,"Unit No: 15a, Floor: GROUND, Wasel Street, Galleri, Galleria Mall, 
Dubai, UNITED ARAB EMIRATES",+97143431355
YATEEM OPTICIAN LLC BRANCH DUBAI HILLS,,,,"Dubai Hills Mall, Floor: GROUND FLO,  PO Box 6330 , Dubai Hills, 
Dubai, UNITED ARAB EMIRATES",
YATEEM OPTICIAN LLC SHJ BR BRANCH 2,,,,"Shop No. F261 Sahara Centre, Sahara Centre, 
Sharjah, UNITED ARAB EMIRATES",+97165564050
YATEEM OPTICIAN MANAR MALL,,,,"Manar Mall Al Muntasir Road, PO Box 6330 Al Muntas, Al Muntasir Road, 
Ras Al Khaimah, UNITED ARAB EMIRATES",+97145066033
YATEEM OPTICIAN MARINA MALL 1,,,,"Marina Mall, Floor: 1ST, Marina Mall, PO Box 929, 
Abu Dhabi, UNITED ARAB EMIRATES",+97126818170
YATEEM OPTICIAN MIRDIFF CITY CENTER,,,,"Mirdiff City Center  Flat No  C061  Floor  GF   PO, Mirdif, 
Dubai, UNITED ARAB EMIRATES",+97142840660
YATEEM OPTICIAN OCCHIALI,,,,"L2 164  Dubai Mall  Floor  2ND  Dubai Mall Occhial, 
Dubai, UNITED ARAB EMIRATES",+97144341303
YATEEM OPTICIAN RAS AL KHAIMAH,,,,", Floor: 1ST, Ras Al Khaimah, PO Box 50571 Near Lu, Near Lulu Hypermarket Rak Mall, 
Ras Al Khaimah, UNITED ARAB EMIRATES",+97172264001
YATEEM OPTICIAN SAHARA CENTER,,,,"Sahara Center, 
Sharjah, UNITED ARAB EMIRATES",+97165300605
YATEEM OPTICIAN SOUK MADINAT JUMEIRAH,,,,"Madinat, Jumeirah, Jumeirah, 
Dubai, UNITED ARAB EMIRATES",+97143686512
YATEEM OPTICIANS AL FARDAN CENTRE,,,,"Al Fardan Centre ??Buheira Corniche Road  PO Box 6, Al Majaz 3,Near Buheira Police Station, 
Sharjah, UNITED ARAB EMIRATES",+97165562677
YATEEM OPTICS,,,,"Ibs Gf B G 09 Ibn Battuta Mall Sheikh Zayed Road  , 
Dubai, UNITED ARAB EMIRATES",+97144210789
YATEEM OPTICS ABU DHABI,,,,"Shop No. G 091 & G 092 Yas Mall Shopping  PO Box 9, Yas Island, 
Abu Dhabi, UNITED ARAB EMIRATES",+97125651444
YATEEM OPTICS BRANCH 1,,,,"Yateem Eye Center Sw 16 Parallel Avenue To 29th St, 
Abu Dhabi, UNITED ARAB EMIRATES",+97126666402
YATEEM PHARMACY,,,,"Yateem Eye Center And Day Care Surgery Sw16  Paral, Khalifa City A, 
Abu Dhabi, UNITED ARAB EMIRATES",+97126666167
YATEEM SPECIALIZED CENTER DAY SURGERY,,,,"Sw16  Parallel To 29th Street  Airport Rd  PO Box , Khalifa City A, 
Abu Dhabi, UNITED ARAB EMIRATES",+97126666167
YORK DIAGNOSTIC LABORATORIES JLT,,,,"Indigo Tower, Floor: 5TH, Cluster D, PO Box 282482, Jumierah Lakes Towers, 
Dubai, UNITED ARAB EMIRATES",+97144327470
YOUR DENTAL AND MEDICAL CENTER DUBAI BRANCH,,,,"Best Western Plus HotelGround FloorPO BOX 133163Al, Dubai Academic City, 
Dubai, UNITED ARAB EMIRATES",97145846600
YUGEN CARE BY DR GEHAD,,,,"Dubai, UNITED ARAB EMIRATES",
ZABEEL PHARMACY LLC,,,,"Blue Bay Tower, Floor: Ground, Marasi Drive Street, Business Bay, 
Dubai, UNITED ARAB EMIRATES",+97145897129
ZAHRAT AL MADINAH PHARMACY LLC,,,,"280 Fathima Safe Building, Floor: GROUND, Sheikh M, 
Sharjah, UNITED ARAB EMIRATES",+97142344430
ZAHRAT AL NOOR PHARMACY,,,,"GROUND FLOOR PASONS HYPER MARKET DIP-2, DIP-2, 
Dubai, UNITED ARAB EMIRATES",04-8814111
ZAHRAT AL OUD PHARMACY LLC,,,,"GEEPAS TOWER 1 GROUND FLOOR GROUND FLOOR, GEEPAS T, ARJAN, 
Dubai, UNITED ARAB EMIRATES",97145824333
ZAHRAT AL RABIE PHARMACY,,,,"Shop 1 2 Wafika Albabteen Building  Floor  GROUND , Alkhan, 
Sharjah, UNITED ARAB EMIRATES",+97165546800
ZAHRAT AL SHEFA MEDICAL CENTER,,,,"Al Ghaith Building  Floor  1ST FLOOR   PO Box 4495, Muhaisnah-2, 
Dubai, UNITED ARAB EMIRATES",+97142382607
ZAHRAT AL SHEFA PHARMACY,,,,"Al Ghaith Building  Floor  1ST FLOOR   PO Box 4495, Muhaisnah-2, 
Dubai, UNITED ARAB EMIRATES",+97142382607
ZAKHER HEALTHCARE CENTER,,,,"Al Farabai Street Zakhir Abu Dhabi, Abu Dhabi, 
Abu Dhabi, UNITED ARAB EMIRATES",97124102000
ZAKUM WEST SUPER COMPLEX CLINIC,,,,"Zakum West Super Complex Clinic PO BOX 303Zakum We, Zakum West Island, 
Abu Dhabi, UNITED ARAB EMIRATES",97126023882
ZANBAQ ALMADINA PHARMACY LLC,,,,"Nmc Medical Centre, Floor: GROUND FLO, Near Icad R, Musaffah, 
Abu Dhabi, UNITED ARAB EMIRATES",
ZARA PHARMACY LLC,,,,"INSIDE NESTO HYPERMARKET INSIDE NESTO HYPERMARKET,, Al Satwa, 
Dubai, UNITED ARAB EMIRATES",97145910099
ZAYD PHARMACY,,,,"Near Crowne Plaza  PO Box 71246 Sheikh Zayed Road, Sheikh Zayed Road, 
Dubai, UNITED ARAB EMIRATES",+97143441122
ZEISS VISION CENTER DUBAI HILLS,,,,"Dubai Hills Mall, Floor: FIRST FLOO, Al Khail Road, Al Khail Road, 
Dubai, UNITED ARAB EMIRATES",+97143765126
ZEISS VISION CENTER GALLERIA MALL,,,,"Galleria Mall, Floor: SECOND FLO,  PO Box 121 Gall, Galleria Mall, 
Abu Dhabi, UNITED ARAB EMIRATES",+97126797378
ZENITH DENTAL CLINIC,,,,"Sultaco Building, Floor: 3RD FLOOR, Najda Street, , Opposite Al Masood Nissan Showroom, 
Abu Dhabi, UNITED ARAB EMIRATES",+97126216016
ZEST PHARMACY 1 BR OF ZEST WELLNESS PHARMACY,,,,"Shop No. 9, Al Thanyah Center, Waitrose Thanya, Al, UMM AL SHEIF, 
Dubai, UNITED ARAB EMIRATES",9714-8246485
ZEST WELLNESS PHARMACY L LC - SHJ. BR,,,,"Shop No 3, Spinneys Sharjah limited building, King, King Faisal street, 
Sharjah, UNITED ARAB EMIRATES",06-5270457
ZEST WELLNESS PHARMACY LLC BRANCH OF ABU DHABI 1,,,,"Unit 07 & 08, Waitrose centre, Khalifa City,SW-3, , THEYAB BIN EISSA, 
Abu Dhabi, UNITED ARAB EMIRATES",9712-5653462
ZIA MEDICAL CENTER LLC,,,,"Ajman Bank Building, Floor: 1ST & 2ND, Jumeirah Be, Umm Suqueim 1, 
Dubai, UNITED ARAB EMIRATES",+97143387878
ZIA MEDICAL CENTRE,,,,"Faisal Siddiq Al Mutawa, Floor: GROUND, Shabia Kha, Mussaffah, 
Abu Dhabi, UNITED ARAB EMIRATES",+97125522201
ZIRKU MEDICAL CENTER,,,,"Zirku Medical CenterPO BOX 303Zirku islandAbu Dhab, Zirku island, 
Abu Dhabi, UNITED ARAB EMIRATES",97126023882
ZIRKU PHARMACY,,,,"Zirku Medical CenterPO BOX 303Zirku islandAbu Dhab, Zirku island, 
Abu Dhabi, UNITED ARAB EMIRATES",97126023882
ZMC HEALTH CLINIC LLC,,,,"Shop No.7,8,9,10,11 Al Shoaib -First AlKhail road-, Al Quoz 1, 
Dubai, UNITED ARAB EMIRATES",97143387878
ZULEKHA HOSPITAL LLC DUBAI,,,,"Industrial Area 2, Floor: Ground, Al Nahda Street,, Al Qusais, 
Dubai, UNITED ARAB EMIRATES",+97142678866
ZULEKHA HOSPITAL SHARJAH,,,,"Zulekha Hospital  Sharjah  Floor  1  Al Zahraa Str, Al Nasserya, 
Sharjah, UNITED ARAB EMIRATES",+97165658866
ZULEKHA MEDICAL CENTER DUBAI,,,,"Bin Soughat Building  Floor  1ST FLOOR  106 Al Nah, Al Qusais, 
Dubai, UNITED ARAB EMIRATES",+97142613004
ZULEKHA PHARMACY,,,,"Near Al Rafa Police Station  Floor     Al Rafa Roa, Bur Dubai, 
Dubai, UNITED ARAB EMIRATES",+97143527183
