NETWORK_ID,NETWORK_NAME,TPA,PROVIDER NAME,EMIRATE,PROVIDER TYPE,AREA,ADDRESS,TELEPHONE,lat,lon
HAYAH MedNet EBP OP,HAYAH MedNet EBP OP,MEDNET,AL SHARQ INTERNATIONAL HOSPITAL,FUJ,HOSPITAL,FUJAIRAH,FASEEL ROAD,09-2249999,,
HAYAH MedNet EBP OP,HAYAH MedNet EBP OP,MEDNET,ADAM & EVE SPECIALIZED MEDICAL CENTRE LLC,AUH,CLINIC,ABU DHABI,"1ST FLOOR, AL OTAIBA BUILDING, ELECTRA STREET",02-6767366,,
HAYAH MedNet EBP OP,HAYAH MedNet EBP OP,MEDNET,NEW NATIONAL MEDICAL CENTRE-BRANCH1-NATIONAL HOSPITAL/MF3744,AUH,CLINIC,ABU DHABI,"AL MASAWOOD VILLAGE, HAMEEM CAMP",02-6711000,,
HAYAH MedNet EBP OP,HAYAH MedNet EBP OP,MEDNET,CLARION MEDICAL CENTER-MF5068,AUH,CLINIC,ABU DHABI,"BACKSIDE OF CHOITHRAMS, CLARION MEDICAL CENTER BUILDING, M1, AL KHALIDIYA, 3RD STREET",02-6666675,,
HAYAH MedNet EBP OP,HAYAH MedNet EBP OP,MEDNET,IBN AL NAFIS MEDICAL CENTRE,AUH,CLINIC,ABU DHABI,"BIN SAGAR TOWER, FATIMA BINT MUBARAK ST",02-6324200,,
HAYAH MedNet EBP OP,HAYAH MedNet EBP OP,MEDNET,GOLDEN HEALTH MEDICAL CENTER - MF4684,AUH,CLINIC,ABU DHABI,"GOLDEN HEALTH MEDICAL CENTER, HAMEEM ROAD, AL SALAM LIVING CITY, ABU DHABI.",02-5855552,,
HAYAH MedNet EBP OP,HAYAH MedNet EBP OP,MEDNET,GOLDEN TULIP MEDICAL CENTRE LLC,AUH,CLINIC,ABU DHABI,"GOLDEN TULIP MEDICAL CENTRE, NEXT TO PHARMALINK BUILDING, M17 SHANIYA MUSAFFAH INDUSTRIAL, 11TH STREET, ABU DHABI",02-5556608,,
HAYAH MedNet EBP OP,HAYAH MedNet EBP OP,MEDNET,NMC ROYAL FAMILY MEDICAL CENTRE L.L.C. - ABU DHABI - NMC GROUP/MF3335,AUH,CLINIC,ABU DHABI,"GROUND FLOOR, PRESTIGE TOWER, MOHAMMED BIN ZAYED CITY NEAR CAPITAL MALL",02-6911500,,
HAYAH MedNet EBP OP,HAYAH MedNet EBP OP,MEDNET,AL DHAFRA MODERN CLINIC,AUH,CLINIC,ABU DHABI,"INDUSTRIAL AREA, MADINAT ZAYED",02-8846651,,
HAYAH MedNet EBP OP,HAYAH MedNet EBP OP,MEDNET,"LIFECARE CLINIC LLC, AL MAFRAQ WORKERS CITY 2 (VPS GROUP)",AUH,CLINIC,ABU DHABI,"MAGENTA PEARL VILLAGE,  AL MAFRAQ WORKERS CITY 2, ABU DHABI",02-5824916,,
HAYAH MedNet EBP OP,HAYAH MedNet EBP OP,MEDNET,TAHA DENTAL & MEDICAL CENTRE,AUH,CLINIC,ABU DHABI,"OLD PASSPORT ROAD, OPP. FATIMA SUPERMARKET BUILDING",02-6343438,,
HAYAH MedNet EBP OP,HAYAH MedNet EBP OP,MEDNET,"LIFECARE MEDICAL CENTER LLC, RAZEEN (VPS GROUP)",AUH,CLINIC,ABU DHABI,"RAZEEN, AL WATHBA, ABU DHABI",02-5826812,,
HAYAH MedNet EBP OP,HAYAH MedNet EBP OP,MEDNET,ABU SALMAN MEDICAL CENTRE,AUH,CLINIC,ABU DHABI,"SHABIYA KHALIFA MUSSAFAH SECTOR 10 ABU DHABI NEAR ISLAM ABAD PHARMACY AND UAE EXCHANGE.,",02-5522549,,
HAYAH MedNet EBP OP,HAYAH MedNet EBP OP,MEDNET,ANSARI MEDICAL CENTRE LLC,AUH,CLINIC,ABU DHABI,"SHAIKH MOHAMED BIN BUTTI AL HAMID BUILDING, AL NASER STREET, NEAR OLD FISH MARKET",02-6394139,,
HAYAH MedNet EBP OP,HAYAH MedNet EBP OP,MEDNET,NEW MEDICAL CENTRE L.L.C - BRANCH OF ABU DHABI 2/MF3794 temporary closed,AUH,CLINIC,AL AIN,AL WADI TRADING CENTRE BLDG. NEAR DAMAN HEALTH,03-7044700,,
HAYAH MedNet EBP OP,HAYAH MedNet EBP OP,MEDNET,ORTHOPLUS BONE AND JOINT CENTER-MF1397,,CLINIC,AL AIN,"FLAT NO :201 & 203
AL FARDAN EXCHANGE BUILDING,
TOWN CENTER, MAIN STREET, CENTRAL DISTRICT, AL AIN ? P.O.BOX ? 83143.",03-7800378,,
HAYAH MedNet EBP OP,HAYAH MedNet EBP OP,MEDNET,AL RANEEN MEDICAL CENTER,AUH,CLINIC,AL AIN,"LUCKY PLAZA BULD, LUCKY PLAZA BULD",03-7655602,,
HAYAH MedNet EBP OP,HAYAH MedNet EBP OP,MEDNET,EMIRATES CLINIC & MEDICAL SERVICE CENTRE,AUH,CLINIC,AL AIN,"MAIN STREET, NEAR AL MASSA HOTEL APT",03-7644744,,
HAYAH MedNet EBP OP,HAYAH MedNet EBP OP,MEDNET,HIGH LIFE MEDICAL CLINIC - MF4747 - ALAIN,AUH,CLINIC,AL AIN,"PLOT 301, ABDULLAH DARWESH BUILDING , 2ND FLOOR, FLAT 202-203, AL NIYADAT , AL AIN",03-7681818,,
HAYAH MedNet EBP OP,HAYAH MedNet EBP OP,MEDNET,MUBARAK MEDICAL CENTER,AUH,CLINIC,AL AIN,"ZAYED BIN SULTAN STREET (STREET # 137), CENTRAL DISTRICT, AL AIN LANDMARK",03-7642978,,
HAYAH MedNet EBP OP,HAYAH MedNet EBP OP,MEDNET,L L H OASIS MEDICAL CENTRE L.L.C.,AUH,CLINIC,AL BADAA,"BLOCK-B, NEAR FGB BANK DHAFARA CLUB STADIUM BUILDING, BADA ZAYED (WESTERN REGION), ABU DHABI",02-5556038,,
HAYAH MedNet EBP OP,HAYAH MedNet EBP OP,MEDNET,LLH MEDICAL CENTER LLC -MF3983- VPS GROUP,AUH,CLINIC,AL MARKAZIYAH,VILLA / BUILDING NAME: C 55;GROUND FLOOR;MAIN STREET:  SHABIA ME 11; NEAR TO AL MADINA SUPERMARKET,02-6282222,,
HAYAH MedNet EBP OP,HAYAH MedNet EBP OP,MEDNET,SADD MAAREB MEDICAL CENTER,AUH,CLINIC,BANIYAS,BANIYAS EAST 8,02-5832625,,
HAYAH MedNet EBP OP,HAYAH MedNet EBP OP,MEDNET,AL FARHAN MEDICAL CENTRE,AUH,CLINIC,BANIYAS,"BANIYAS WEST, NEAR ALAIN TAXI STAND",02-5832998,,
HAYAH MedNet EBP OP,HAYAH MedNet EBP OP,MEDNET,LLH MEDICAL CENTRE AL MUSAFFAH LLC BRANCH 1 -MF4557- VPS GROUP,AUH,CLINIC,BANIYAS,"LABOTIL CAMP,CL-1-9-BG-002,MAFRAQ INDUSTRY, LABOTIL CAMP BUILDING.",02-586333,,
HAYAH MedNet EBP OP,HAYAH MedNet EBP OP,MEDNET,CLASSIC CARE MEDICAL CENTER-MF4819,AUH,CLINIC,BUTINA,"FLAT106.107,NEAR FAB BANK , SWEIHAN, AL AIN
SWEIHAN,AL HAYER ROAD",03-7346454,,
HAYAH MedNet EBP OP,HAYAH MedNet EBP OP,MEDNET,DR.GUPTA MEDICAL CLINIC,AUH,CLINIC,ELECTRA,"ELECTRA STREET, NASSER TOWER BUILDING",02-6337357,,
HAYAH MedNet EBP OP,HAYAH MedNet EBP OP,MEDNET,AL AMEEN CLINIC,AUH,CLINIC,ELECTRA,"ELECTRA STREET, NEXT TO HABIB BANK",02-6339722,,
HAYAH MedNet EBP OP,HAYAH MedNet EBP OP,MEDNET,AL EMARAT AL AWAAL MEDICAL CENTER,AUH,CLINIC,ELEKTRA,ELECTRA STREET,02-6769627,,
HAYAH MedNet EBP OP,HAYAH MedNet EBP OP,MEDNET,AL RAFA MEDICAL CENTRE LLC,AUH,CLINIC,HAMDAN,"United Square Building, Beside Khalidiya Mall, Khalidiya - Abu Dhabi",02-6266672,,
HAYAH MedNet EBP OP,HAYAH MedNet EBP OP,MEDNET,NEW FAMOUS MEDICAL CENTRE LLC - ABU DHABI-MF5245,AUH,CLINIC,INDUSTRIAL AREA,"M-34, MUSSAFFAH STREET, INDUSTRIAL AREA, PO BOX NO.39299",02-5521912,,
HAYAH MedNet EBP OP,HAYAH MedNet EBP OP,MEDNET,BASIL MEDICAL CENTER,AUH,CLINIC,KHALIDIYA,"F221A, 1ST FLOOR, MAFRAQ CENTRE, AL MAFRAQ WORKERS CITY 2, BANIYAS, ABU DHABI",02-6316831,,
HAYAH MedNet EBP OP,HAYAH MedNet EBP OP,MEDNET,PROVIDENCE INTERNATIONAL MEDICAL & COSMETIC/ABU DHABI/MF475,AUH,CLINIC,KHALIDIYA,"Khalidya Street , Behind Choithram",02-6666675,,
HAYAH MedNet EBP OP,HAYAH MedNet EBP OP,MEDNET,MUBARAK MEDICAL CENTER - BRANCH 1,AUH,CLINIC,MAFRAQ,AL MAFRAQ WORKERS CITY - 2,02-5837772,,
HAYAH MedNet EBP OP,HAYAH MedNet EBP OP,MEDNET,MEDLINE MEDICAL CENTRE LLC - ABU DHABI - MF3528,AUH,CLINIC,MUSAFAH,"M26, MUSAFFAH, ABU DHABI",02-5530577,,
HAYAH MedNet EBP OP,HAYAH MedNet EBP OP,MEDNET,DR.MOOPENS MEDICAL CENTRE,AUH,CLINIC,MUSAFFAH,"MUSAFFAH, MUSAFFAH",02-5557078,,
HAYAH MedNet EBP OP,HAYAH MedNet EBP OP,MEDNET,PRIME CARE MEDICAL CENTRE-ABU DHABI-MF2241,AUH,CLINIC,MUSAFFAH,"MUSSAFFAH SANAYYA, M/4",02-5538188,,
HAYAH MedNet EBP OP,HAYAH MedNet EBP OP,MEDNET,"MAXIM MEDICAL CENTRE L.L.C, MUSSAFAH (AL RAYYAN MEDICAL GROUP) MF3759",AUH,CLINIC,MUSSAFAH,"AL DHAFRA WORK VILLAGE, ICAD -3 MUSSAFAH,ABUDHABI-UAE",02-5500161,,
HAYAH MedNet EBP OP,HAYAH MedNet EBP OP,MEDNET,EMERALD MEDICAL CENTRE LLC - ABU DHABI - MF3918,AUH,CLINIC,MUSSAFAH,"SHOP 6,7,8,9. STREET 16, NEAR FRESH AND MORE, MUSSAFA M 37, ABU DHABI.",02-5554164,,
HAYAH MedNet EBP OP,HAYAH MedNet EBP OP,MEDNET,BAB AL MADINA MEDICAL CENTER L.L.C - ABU DHABI - MF4569,AUH,CLINIC,MUSSAFAH,"SHOP NO.6,PLOT NO 32M MOOSA AL AJBAN BUILDING, MUSSAFAH , ABU DHABI",02-6422464,,
HAYAH MedNet EBP OP,HAYAH MedNet EBP OP,MEDNET,EXPRESS GAYATHI CLINIC-ABU DHABI-MF3779,AUH,CLINIC,SANAIYA,"UAE EXCHANGE BUILDING, SANAYYA, GAYATHI",02-8744430,,
HAYAH MedNet EBP OP,HAYAH MedNet EBP OP,MEDNET,LLH MEDICAL CENTRE AL MUSAFFAH LLC,AUH,CLINIC,SHABIAH KHALIFA,"M-FLOOR, C-173,ME-9, SHABIA 9, ABU DHABI",02-5557711,,
HAYAH MedNet EBP OP,HAYAH MedNet EBP OP,MEDNET,NEW SADD MAAREB MEDICAL CENTER,AUH,CLINIC,SHARJAH,SHAHAMA,02-5633073,,
HAYAH MedNet EBP OP,HAYAH MedNet EBP OP,MEDNET,DAR AL SHIFA MEDICAL CENTRE,AUH,CLINIC,TOURIST CLUB,"TOURIST CLUB AREA, BEHIND DANA PLAZA",02-6456100,,
HAYAH MedNet EBP OP,HAYAH MedNet EBP OP,MEDNET,AL JESRAIN MEDICAL CENTRE,AUH,CLINIC,UM AL NAR,UM AL NAR,02-4473711,,
HAYAH MedNet EBP OP,HAYAH MedNet EBP OP,MEDNET,ASAB CLINIC,AUH,CLINIC,WESTERN REGION,ASAB,02-6034222,,
HAYAH MedNet EBP OP,HAYAH MedNet EBP OP,MEDNET,BUHASA CLINIC,AUH,CLINIC,WESTERN REGION,BUHASA,02-6035269,,
HAYAH MedNet EBP OP,HAYAH MedNet EBP OP,MEDNET,DABBAYIA CLINIC,AUH,CLINIC,WESTERN REGION,DHABBAYIA,02-6046789,,
HAYAH MedNet EBP OP,HAYAH MedNet EBP OP,MEDNET,HABSHAN CLINIC,AUH,CLINIC,WESTERN REGION,HABSHAN,02-6038331,,
HAYAH MedNet EBP OP,HAYAH MedNet EBP OP,MEDNET,JABAL AL-DHANA CLINIC,AUH,CLINIC,WESTERN REGION,JABAL AL-DHANA,02-6022444,,
HAYAH MedNet EBP OP,HAYAH MedNet EBP OP,MEDNET,SAHEL CLINIC,AUH,CLINIC,WESTERN REGION,SAHEL,02-6049901,,
HAYAH MedNet EBP OP,HAYAH MedNet EBP OP,MEDNET,SHAH GENERAL CLINIC,AUH,CLINIC,WESTERN REGION,SHAH,02-6044200,,
HAYAH MedNet EBP OP,HAYAH MedNet EBP OP,MEDNET,LLH MEDICAL CENTER AL MUSAFFAH L.L.C.BRANCH 3-VPS GROUP ABU DHABI,AUH,CLINIC,ICAD,"M40. , ICAD, MUSAFFAH INDURSTRIAL AREA, ABU DHABI",02-4116450,,
HAYAH MedNet EBP OP,HAYAH MedNet EBP OP,MEDNET,NORTHERN AL AHLIAH MEDICAL CENTRE-AHALIA GROUP,AJM,CLINIC,Al Bustan,"Behind NBAD,Old passport road; Al Bustan; Al Wakf Building",06-7404941,,
HAYAH MedNet EBP OP,HAYAH MedNet EBP OP,MEDNET,AL AIN MEDICAL CENTER LLC - AJMAN,AJM,CLINIC,AJMAN,"AL AIN HYPERMARKET BUILDING, HAFIZ IBRAHIM, AL NUIMIA, AJMAN.",06-7406661,,
HAYAH MedNet EBP OP,HAYAH MedNet EBP OP,MEDNET,FAMILY MEDICAL CLINIC,AJM,CLINIC,AJMAN,"AL SHAMMA REAL ESTATE BUILDING, AL SHAMMA REAL ESTATE BUILDING",06-7457136,,
HAYAH MedNet EBP OP,HAYAH MedNet EBP OP,MEDNET,AL DHUHA MEDICAL CENTRE - AJMAN,AJM,CLINIC,AJMAN,"AL SHURAFA TOWER 1, SHAIKH BIN RASHID HUMAID STREET, NEAR NISSAN SHOWROOM, RUMAILAH, AJMAN.",06-7405633,,
HAYAH MedNet EBP OP,HAYAH MedNet EBP OP,MEDNET,RIGHT HEALTH CLINIC JURF2 LLC,AJM,CLINIC,AJMAN,Jurf Industrial Zone 2 - Ajman,06-7404141,,
HAYAH MedNet EBP OP,HAYAH MedNet EBP OP,MEDNET,AJMAN MEDICAL CENTER,AJM,CLINIC,AJMAN,"MOEHAT STREET, NEW INDUSTRIAL AREA, AJAMAN",06-7430088,,
HAYAH MedNet EBP OP,HAYAH MedNet EBP OP,MEDNET,ELAJ MEDICAL CENTER- AJMAN,AJM,CLINIC,AJMAN,"RAMILAH AREA, RONA FASHION R/A, OPP. VERONA RESORT",06-7418880,,
HAYAH MedNet EBP OP,HAYAH MedNet EBP OP,MEDNET,AL BUSTAN MEDICAL CENTER- (AL GHARAFA MEDICAL CENTER),AJM,CLINIC,AL JURF,"JURF UAE EXCHANGE BLDG,NEAR CHINA MALL,JURF,AJMAN",06-7488202,,
HAYAH MedNet EBP OP,HAYAH MedNet EBP OP,MEDNET,"RIGHT HEALTH CLINIC JURF LLC, JURF-NEW SANAIYA GROUP",AJM,CLINIC,AL JURF,"SHOP NO-1, AL JURF INDUSTRIAL ZONE -2",06-7494969,,
HAYAH MedNet EBP OP,HAYAH MedNet EBP OP,MEDNET,INTERNATIONAL SPECIALIST MEDICAL CENTRE - AJMAN,AJM,CLINIC,AL NUAMIYA,"NUAMIYA TOWERS, KUWAIT STREET",06-7463400,,
HAYAH MedNet EBP OP,HAYAH MedNet EBP OP,MEDNET,ELAJ MEDICAL CENTRE L.L.C 01 - AJMAN,AJM,CLINIC,NUAIMA,"37 COLLEGE ST ? AL NUAIMIA 2, AJMAN",06-7488808,,
HAYAH MedNet EBP OP,HAYAH MedNet EBP OP,MEDNET,AL GHARAFA MEDICAL CENTER,AJM,CLINIC,AJMAN,"AL BUSTAN, AL AHALIA EXCHANGE BUILDING",06-7448322,,
HAYAH MedNet EBP OP,HAYAH MedNet EBP OP,MEDNET,IBN SINA MEDICAL CENTRE,AJM,CLINIC,AJMAN,"AL QUDS ROAD, SHK. HUMAID BUILDING.",06-7457755,,
HAYAH MedNet EBP OP,HAYAH MedNet EBP OP,MEDNET,AL SANAIYA CLINIC- AJMAN,AJM,CLINIC,AJMAN,"NEAR ALU GLASS,NEXT TO CHINA MALL AL JURF",06-7484078,,
HAYAH MedNet EBP OP,HAYAH MedNet EBP OP,MEDNET,NATIONAL CLINIC,AJM,CLINIC,AJMAN,"NEW SANAIYA INDUSTRIAL AREA,",06-7480780,,
HAYAH MedNet EBP OP,HAYAH MedNet EBP OP,MEDNET,AL NUAIMIA CLINIC,AJM,CLINIC,AJMAN,"NEW SANAIYA INDUSTRIAL AREA, NEAR SUN CITY SUPERMARKET",06-7432262,,
HAYAH MedNet EBP OP,HAYAH MedNet EBP OP,MEDNET,AL HELAL POLY CLINIC,AJM,CLINIC,AJMAN,"UTMAN BIN AFFAN ROAD, 2-3; F-1; SAYEED HAMID BUILDING",06-7410720,,
HAYAH MedNet EBP OP,HAYAH MedNet EBP OP,MEDNET,PESHAWAR MEDICAL CENTER LLC,DXB,CLINIC,AL BARSHA,"Al Barsha, Arjan,  Dubai, Al Salam building",04-7700948,,
HAYAH MedNet EBP OP,HAYAH MedNet EBP OP,MEDNET,WE CARE MEDICAL CENTER LLC - DUBAI,DXB,CLINIC,AL KARAMA,"HAMSAH BUILDING, GROUND FLOOR ANSAR GALLERY, KHALID BIN AL WALEED ROAD, KARAMA, DUBAI.",04-2611061,,
HAYAH MedNet EBP OP,HAYAH MedNet EBP OP,MEDNET,MULTI CARE MEDICAL CENTRE LLC,DXB,CLINIC,AL KHAIL,"LATIFA BINT HAMDAN, AL KHAIL GATE COMMUNITY CENTRE , DUBAI",04-4245863,,
HAYAH MedNet EBP OP,HAYAH MedNet EBP OP,MEDNET,DR. JOHN CLINIC,DXB,CLINIC,AL NAHDA,"AL NAHDA, AL MOZNA BLDG, AL QUSAIS",04-2617176,,
HAYAH MedNet EBP OP,HAYAH MedNet EBP OP,MEDNET,"DULSCO MEDICAL CLINIC, AL QUOZ (DULSCO GROUP)",DXB,CLINIC,AL QOUZ,"1215 DULSCO VILLAGE, AL QUOZ, DUBAI UAE.",04-3232442,,
HAYAH MedNet EBP OP,HAYAH MedNet EBP OP,MEDNET,ADVANCED CARE MEDICAL CENTER,DXB,CLINIC,AL QUOZ,AL QOUZ,04-4339766,,
HAYAH MedNet EBP OP,HAYAH MedNet EBP OP,MEDNET,KARAMA MEDICAL CENTER,DXB,CLINIC,AL QUOZ,"AL QOUZ LABOUR CAMP , GRAND SHOPPING MALL",04-3413645,,
HAYAH MedNet EBP OP,HAYAH MedNet EBP OP,MEDNET,AL MURJAN MEDICAL CENTRE,DXB,CLINIC,AL QUOZ,AL QUOZ,04-3395575,,
HAYAH MedNet EBP OP,HAYAH MedNet EBP OP,MEDNET,AL KHAIL MEDICAL CENTRE,DXB,CLINIC,AL QUOZ,"AL QUOZ IND. AREA-3, AL QUOZ MALL",04-3306745,,
HAYAH MedNet EBP OP,HAYAH MedNet EBP OP,MEDNET,KARAMA MEDICAL CENTER BRANCH-AL QUOZ MALL,DXB,CLINIC,AL QUOZ,AL QUOZ INDUSTRIAL AREA 3,04-3388227,,
HAYAH MedNet EBP OP,HAYAH MedNet EBP OP,MEDNET,"NEW SANAIYA CLINIC BRANCH, AL QUOZ- NEW SANAIYA GROUP",DXB,CLINIC,AL QUOZ,"AL QUOZ INDUSTRIAL AREA 3,",04-3791311,,
HAYAH MedNet EBP OP,HAYAH MedNet EBP OP,MEDNET,SEKHER MEDICAL CLINIC,DXB,CLINIC,AL QUOZ,"AL QUOZ INDUSTRIAL AREA, FLAT NO. 104 1DT FLR ARABIAN GULF BLDG. AL QOUZ",04-3387749,,
HAYAH MedNet EBP OP,HAYAH MedNet EBP OP,MEDNET,AL SANAIYA CLINIC BR-AL QOUZ IND. AREA,DXB,CLINIC,AL QUOZ,"AL QUOZ, NEAR AL MADINA SUPERMARKET",04-3407548,,
HAYAH MedNet EBP OP,HAYAH MedNet EBP OP,MEDNET,AL BARSHA CLINIC ALQUOZ- MENA HEALTHCARE,DXB,CLINIC,AL QUOZ,BIN GALAITHA BUILDING,04-3478285,,
HAYAH MedNet EBP OP,HAYAH MedNet EBP OP,MEDNET,LOTUS MEDICAL CENTER L.L.C,DXB,CLINIC,AL QUOZ,"FLAT 101, AL ROSTAMANI BUILDING, AL QUOZ",04-3465380,,
HAYAH MedNet EBP OP,HAYAH MedNet EBP OP,MEDNET,PRIMECORP MEDICAL CENTER ALQUOZ LLC BRANCH - DUBAI (PRIME HEALTHCARE GROUP),DXB,CLINIC,AL QUOZ,"IBRI HOUSE MEZZANINE FLOOR, SHEIKH ZAYED RIAD OPPOSITE TO NOOR BANK METRO STATION, DUBAI, UAE",04-7070999,,
HAYAH MedNet EBP OP,HAYAH MedNet EBP OP,MEDNET,"GREEN CITY MEDICAL CENTER LLC (Formerly known as NEW AL MUSALLA MEDICAL CENTER BRANCH, AL QUOZ)",DXB,CLINIC,AL QUOZ,OBEROI BUILDING NEAR BELHASA DRIVING CENTER,04-3333450,,
HAYAH MedNet EBP OP,HAYAH MedNet EBP OP,MEDNET,ANAYA MEDICAL CENTER LLC,DXB,CLINIC,AL QUOZ,"OFFICE NO-104,FARNEK BUILDING,  AL QUOZ INDUSTRIAL AREA-3",04-3441615,,
HAYAH MedNet EBP OP,HAYAH MedNet EBP OP,MEDNET,KARAMA MEDICAL CENTRE BR. AL KHAIL GATE,DXB,CLINIC,AL QUOZ,"SHOP 41 & 42, NEW WEST ZONE MALL, AL KHAIL GATE, AL QUOZ",04-4533534,,
HAYAH MedNet EBP OP,HAYAH MedNet EBP OP,MEDNET,AMALA MEDICAL CENTER LLC-DUBAI,DXB,CLINIC,AL QUOZ,"SHOP 9 & 10, SECOND FLOOR, AL KHAIL MALL",04-3306727,,
HAYAH MedNet EBP OP,HAYAH MedNet EBP OP,MEDNET,"PRIMECORP MEDICAL CENTER AL QUSAIS (FORMERLY KNOWN AS PRIME MEDICAL CENTER AL QUSAIS BR OF PRIME MEDICAL CENTER LL, AL QUSAIS (PRIME HEALTHCARE GROUP)",DXB,CLINIC,AL QUSAIS,"GROUND FLOOR, ALQUSAIS PLAZA, DAMASCUS STREET, AL QUSAIS",04-6079876,,
HAYAH MedNet EBP OP,HAYAH MedNet EBP OP,MEDNET,"PRIMECORP MEDICAL CENTER AL WARSAN BR OF PRIMECORP MEDICAL CENTER, AL WARSAN (PRIME HEALTHCARE GROUP)",DXB,CLINIC,AL WARSAN 3,"DUBAI MUNICIPALITY LABOR ACCOMMODATION, AL WARSAN 3, AL WARSAN, DUBAI, UAE",04-7070999,,
HAYAH MedNet EBP OP,HAYAH MedNet EBP OP,MEDNET,NOOR AL SHEFA AWEER -  DUBAI,DXB,CLINIC,AWEER,"UNION CO-OPERATIVE BUILDING, FRUITS AND VEGETABLE MARKET",04-3886601,,
HAYAH MedNet EBP OP,HAYAH MedNet EBP OP,MEDNET,MUHAISNA SPECIALIST MEDICAL CENTRE,DXB,CLINIC,BUR DUBAI,"1026 SULTAN BUILDING AL MUHAISNA, BUR DUBAI",04-2644155,,
HAYAH MedNet EBP OP,HAYAH MedNet EBP OP,MEDNET,ABRIS MEDICAL CENTRE LLC- DUBAI,DXB,CLINIC,BUR DUBAI,"1ST FLOOR, SOUQ AL KABEER BUILDING, AL FAHIDI STREET,MEENA BAZAR",04-3535356,,
HAYAH MedNet EBP OP,HAYAH MedNet EBP OP,MEDNET,AL RASHIDIYAH PRIVATE POLYCLINIC,DXB,CLINIC,BUR DUBAI,"2ND FLOOR, RTA MULTI STORY PARKING BUILDING, OPP AMBASSADOR HOTEL",04-3939383,,
HAYAH MedNet EBP OP,HAYAH MedNet EBP OP,MEDNET,JANSONS STAR POLYCLINIC,DXB,CLINIC,BUR DUBAI,"KHALID BIN WALID STREET , 1ST FLR ESA SALAH AL GURG BLDG ,",04-3933365,,
HAYAH MedNet EBP OP,HAYAH MedNet EBP OP,MEDNET,PRIME CORP MEDICAL CENTER,DXB,CLINIC,DEIRA,"602 Prime Medical Center- Gulf, Salahuddin Road, Deira, Dubai-UAE (Opp. Reef Mall)",04-3396047,,
HAYAH MedNet EBP OP,HAYAH MedNet EBP OP,MEDNET,AL SHIFA AL KHALEEJI MEDICAL CENTRE- DUBAI,DXB,CLINIC,DEIRA,"ALI BIN SALEM BUILDING, OPP DEIRA HOUSE NEAR HYATT PLACE HOTEL, AL MURAQQABATDEIRA,DUBAI",04-2940786,,
HAYAH MedNet EBP OP,HAYAH MedNet EBP OP,MEDNET,DR.RADHAKRISHNAN MEDICAL CENTER,DXB,CLINIC,DEIRA,ABU BAKER AL SIDIQI ROAD,04-2659270,,
HAYAH MedNet EBP OP,HAYAH MedNet EBP OP,MEDNET,NEW MEDICAL CENTER LLC,DXB,CLINIC,DEIRA,ABUHAIL ROAD,04-2689800,,
HAYAH MedNet EBP OP,HAYAH MedNet EBP OP,MEDNET,"ABEER AL NOOR POLYCLINIC LLC BRANCH, DEIRA(ABEER AL NOOR GROUP)",DXB,CLINIC,DEIRA,"Afra Al Shaikh Mijrin Mohammad Al Kendi Building-11,Behind Al Futtaim Masjid ,Near Delhi Restaurant ,18th Street ,Frij Murar,Deira , Dubai ,UAE",04-2343017,,
HAYAH MedNet EBP OP,HAYAH MedNet EBP OP,MEDNET,NAIF MEDICAL CENTRE,DXB,CLINIC,DEIRA,"FLAT 360, FIRST FLOOR, ABDULLA HUSSAIN LOOTAH, NAIF ROAD",04-2716224,,
HAYAH MedNet EBP OP,HAYAH MedNet EBP OP,MEDNET,ASHOKAN MEDICAL CLINIC,DXB,CLINIC,DEIRA,"NAIF ROAD, FLAT NO. 302 AL LOOTHA BLDG",04-2730220,,
HAYAH MedNet EBP OP,HAYAH MedNet EBP OP,MEDNET,AL-TAIF MEDICAL CLINIC,DXB,CLINIC,DEIRA,"NAIF ROAD, OPP. WEST HOTEL.",04-2222383,,
HAYAH MedNet EBP OP,HAYAH MedNet EBP OP,MEDNET,AL SHIFA AL KHALEEJI MEDICAL CENTRE BRANCH LLC,DXB,CLINIC,DIP,"Ground Floor, Bayan Business Centre, Opposite to Carrefour 
Centre, Next to Al Rawda Pharmacy, DIP-1",04-8800920,,
HAYAH MedNet EBP OP,HAYAH MedNet EBP OP,MEDNET,PARADISE PLUS POLY CLINIC L L C,DXB,CLINIC,DIP2,"SHOP NO.108,RITAJ COMMUNITY CENTER DIP2",04-8848270,,
HAYAH MedNet EBP OP,HAYAH MedNet EBP OP,MEDNET,NOOR AL SHEFA CLINIC BRANCH,DXB,CLINIC,DUBAI,"ROOM NO.107, AL GHURAIR INTERNATIONAL EXCHANGE BUILDING, OPPOSITE KFE ACCOMMODATION, AL RUSTAMANI ROAD",04-3807636,,
HAYAH MedNet EBP OP,HAYAH MedNet EBP OP,MEDNET,ADVANCED CARE MEDICAL CENTER LLC (BRANCH),DXB,CLINIC,Dubai Industrial City,"Souq No :4, Shop Number : 4 & 5,Labour City 3",04-3807807,,
HAYAH MedNet EBP OP,HAYAH MedNet EBP OP,MEDNET,AL AZHAR CLINIC- BRANCH (DIP 2),DXB,CLINIC,DUBAI INVESTMENT PARK,DIP 2,04-8895306,,
HAYAH MedNet EBP OP,HAYAH MedNet EBP OP,MEDNET,PRIMECORP MEDICAL CENTER LLC DIP BRANCH,DXB,CLINIC,JEBEL ALI SECOND,"G Station, Block B, DEWA - Jebel Ali Power Plant & Desalination Complex, Jebel Ali Second, Dubai, UAE",04-8850788,,
HAYAH MedNet EBP OP,HAYAH MedNet EBP OP,MEDNET,AL AZHAR CLINIC,DXB,CLINIC,DUBAI INVESTMENT PARK,"DUBAI INVESTMENT PARK, BEHIND RAMLA SUPERMARKET",04-8859596,,
HAYAH MedNet EBP OP,HAYAH MedNet EBP OP,MEDNET,KARAMA MEDICAL CENTER,DXB,CLINIC,DUBAI INVESTMENT PARK,"DUBAI INVESTMENT PARK, DIP",04-8848368,,
HAYAH MedNet EBP OP,HAYAH MedNet EBP OP,MEDNET,NEW SANAIYA CLINIC BR- HOR AL ANZ,DXB,CLINIC,HOR AL ANZ,HOR AL ANZ,04-2681333,,
HAYAH MedNet EBP OP,HAYAH MedNet EBP OP,MEDNET,KIMS MEDICAL CENTRE,DXB,CLINIC,HOR AL ANZ,"HOR AL ANZ, NEXT TO ABU BAKER AL SIDDIQUE METRO STATION",04-2624500,,
HAYAH MedNet EBP OP,HAYAH MedNet EBP OP,MEDNET,KHALIDHA MEDICAL CENTRE LLC,DXB,CLINIC,INDUSTRIAL AREA,INDUSTRIAL AREA,04-3381947,,
HAYAH MedNet EBP OP,HAYAH MedNet EBP OP,MEDNET,NOVITAS CLINIC LLC- DUBAI,DXB,CLINIC,INTERNATIONAL CITY,"Prime Residence II, Dubai, International City",04-5693389,,
HAYAH MedNet EBP OP,HAYAH MedNet EBP OP,MEDNET,RUBY CLINIC,DXB,CLINIC,INTERNATIONAL CITY,"INTERNATIONAL CITY , CHINA CLUSTER H-6",04-4226899,,
HAYAH MedNet EBP OP,HAYAH MedNet EBP OP,MEDNET,AL AZHAR CLINIC LLC 4 - JEBEL ALI (RIGHT HEALTH GROUP),DXB,CLINIC,JEBEL ALI,"XPO Mall ,MADINAT HYPERMARKET Villa Number: 10 , Jebel Ali Industrial-3, DUBAI",04-3335502,,
HAYAH MedNet EBP OP,HAYAH MedNet EBP OP,MEDNET,NEW MEDICAL CENTRE - NMC GROUP (Prev DR REENA BEEGUM MEDICAL CENTRE),DXB,CLINIC,JEBEL ALI,"1 ST FLOOR NESTO HYPERMARKET, NEW WEST ACCOMMODATION, JEBEL ALI FREE ZONE INSIDE NESTO HYPERMARKET",04-8808856,,
HAYAH MedNet EBP OP,HAYAH MedNet EBP OP,MEDNET,PRIMECORP MEDICAL CENTER DWC BR OF PRIMECORP MEDICAL CENTER LLC,DXB,CLINIC,JEBEL ALI,AL MAKTOUM INTL AIRPORT; DUBAI AVIATION ENGINEERING PROJECT,04-2720720,,
HAYAH MedNet EBP OP,HAYAH MedNet EBP OP,MEDNET,PRIMECORP MEDICAL CENTER LLC JABAL ALI BRANCH,DXB,CLINIC,JEBEL ALI,"BLDG ALEC CAMP 12; JABAL ALI INDUSTRIAL FIRST G03-G04 OF PLOT NO:282, JEBEL ALI INDUSTRIAL.",04-2720720,,
HAYAH MedNet EBP OP,HAYAH MedNet EBP OP,MEDNET,AL KHAIL MEDICAL CENTER BRANCH,DXB,CLINIC,JEBEL ALI,"FIRST FLOOR SHOP NO-2 FIDA AL MADINA HYPERMARKET, DIP-2 JABEL ALI DUBAI.",04-8823131,,
HAYAH MedNet EBP OP,HAYAH MedNet EBP OP,MEDNET,"NOOR AL SHEFA CLINIC 3, JAFZA (NOOR AL SHEFA GROUP)",DXB,CLINIC,JEBEL ALI,"JAFZA MALL, JAFZA SOUTH, JEBEL ALI FREEZONE, DUBAI, UAE.",04-8817530,,
HAYAH MedNet EBP OP,HAYAH MedNet EBP OP,MEDNET,CARE PLUS MEDICAL CENTRE,DXB,CLINIC,JEBEL ALI,JEBAL ALI INDUSTRIAL AREA 1,04-8829333,,
HAYAH MedNet EBP OP,HAYAH MedNet EBP OP,MEDNET,AL AZHAR CLINIC BR- JEBEL ALI,DXB,CLINIC,JEBEL ALI,"JEBEL ALI INDUSTRIAL AREA 1, NEAR NESTO AND PARCO SUPERMARKET",04-8858373,,
HAYAH MedNet EBP OP,HAYAH MedNet EBP OP,MEDNET,ADVANCED CARE MEDICAL CENTER (BRANCH),DXB,CLINIC,JEBEL ALI,"NASEEM AL MADINA SUPERMARKET BUILDING, DIP, JEBEL ALI",04-3397664,,
HAYAH MedNet EBP OP,HAYAH MedNet EBP OP,MEDNET,AL SHIFA INTERNATIONAL CLINIC LLC BRANCH,DXB,CLINIC,JEBEL ALI,"Omran orange camp, water front",04-3519199,,
HAYAH MedNet EBP OP,HAYAH MedNet EBP OP,MEDNET,NOOR AL SHEFA JEBEL ALI INDUSTRIAL AREA,DXB,CLINIC,JEBEL ALI INDUSTRIAL AREA,"JEBEL ALI INDUSTRIAL AREA, NEAR PARCO SUPER MARKET",04-8878155,,
HAYAH MedNet EBP OP,HAYAH MedNet EBP OP,MEDNET,KARAMA MEDICAL CENTRE BR JV,DXB,CLINIC,JUMEIRAH VILLAGE CIRCLE,JUMEIRAH VILLAGE CIRCLE,04-4229867,,
HAYAH MedNet EBP OP,HAYAH MedNet EBP OP,MEDNET,NEW APOLLO POLYCLINIC,DXB,CLINIC,KARAMA,"KARAMA CENTRE, NEW LULU",04-3379040,,
HAYAH MedNet EBP OP,HAYAH MedNet EBP OP,MEDNET,KARAMA MEDICAL CLINIC,DXB,CLINIC,KARAMA,"UMM HURAIR 1, ABOVE SONY SHOWROOM",04-3366889,,
HAYAH MedNet EBP OP,HAYAH MedNet EBP OP,MEDNET,ADVANCED CARE MEDICAL CENTER BRANCH - ADVANCED CARE GROUP,DXB,CLINIC,MUHAISANAH 2,"NEAR AL QUASIS BUS STATION 5 , 32A STREET . SHAKLAN HYPERMARKET 2 , MUHAISNAH 2.",04-3807807,,
HAYAH MedNet EBP OP,HAYAH MedNet EBP OP,MEDNET,KARAMA MEDICAL CENTRE BR. MUHAISNAH-DUBAI,DXB,CLINIC,MUHAISNAH,"JIWIN STAFF ACCOMADATION, OPP TO DUBAI MUNICIPALITY,  MADINA HYPER MARKET COMPLEX",04-2630341,,
HAYAH MedNet EBP OP,HAYAH MedNet EBP OP,MEDNET,"NEW AL MUSALLA MEDICAL CENTER, MUHAISNAH 2",DXB,CLINIC,MUHAISNAH 2,SHAKALAN 2 SUPERMARKET BUILDING MUHAISNAH 2,04-2641449,,
HAYAH MedNet EBP OP,HAYAH MedNet EBP OP,MEDNET,GRAND INFINITY MEDICAL CENTER,DXB,CLINIC,MUHAISNAH 4,"NEW MOHASINA BUILDING, BEIRUT STREET",04-2515458,,
HAYAH MedNet EBP OP,HAYAH MedNet EBP OP,MEDNET,VCARE POLYCLINIC LLC- DUBAI,DXB,CLINIC,QUASIS,"NASMAH TOWER, AL ITTIHAD ROAD, QUSAIS",04-2654400,,
HAYAH MedNet EBP OP,HAYAH MedNet EBP OP,MEDNET,NEW LOTUS MEDICAL CENTER,DXB,CLINIC,QUSAIS,"DAMASCUS STREET , ABOVE SUNRISE SUPERMARKET, NEAR GRAND HOTEL",04-2619795,,
HAYAH MedNet EBP OP,HAYAH MedNet EBP OP,MEDNET,GOOD HEALTH POLYCLINIC,DXB,CLINIC,QUSAIS,"DAMASCUS STREET , NEAR DUBAI GRAND HOTEL",04-2612000,,
HAYAH MedNet EBP OP,HAYAH MedNet EBP OP,MEDNET,NASSER CLINIC,DXB,CLINIC,QUSAIS,"GHUAIS COOPERATIVE, DUBAI CO-OPERATIVE SOCIETY BLDG, QUSAIS",04-2631316,,
HAYAH MedNet EBP OP,HAYAH MedNet EBP OP,MEDNET,AL AZHAR CLINIC BRANCH 3-DUBAI-AL SANAIYA GROUP,DXB,CLINIC,RAS AL KHOR,"VEGETABLE AND FRUIT MARKET, SHOP NO 12, AL AWEER, RAS AL KHOR",04-2230244,,
HAYAH MedNet EBP OP,HAYAH MedNet EBP OP,MEDNET,CLINICARE SAMARI (BR OF IMARA HEALTHCARE LLC) - DUBAI,DXB,CLINIC,RAS AL KHOR INDUSTRIAL 3,"SAMARI RETAIL MALL, NEXT TO SAMARI RESIDENCES, RAS AL KHOR, INDUSTRIAL AREA 3, DUBAI",04-3322682,,
HAYAH MedNet EBP OP,HAYAH MedNet EBP OP,MEDNET,AL AMAL MEDICAL CLINIC,DXB,CLINIC,SATWA,"SATWA BUS STATION, OPP. EMIRATES BANK INT'L BEHIND SATWA CINEMA",04-3329833,,
HAYAH MedNet EBP OP,HAYAH MedNet EBP OP,MEDNET,GLOBEHEALTH GENERAL CLINIC LLC (formerly known as Amrita Medical Centre),DXB,CLINIC,SATWA,"SATWA, ADEL GAFFAN BUILDING",04-3446484,,
HAYAH MedNet EBP OP,HAYAH MedNet EBP OP,MEDNET,"DULSCO MEDICAL CLINIC BRANCH, SMBZR (DULSCO GROUP) - temporary closed",DXB,CLINIC,SHAIKH ZAYED ROAD,"SHAIKH MOHAMMED BIN ZAYED ROAD, LABOUR VILLAGE, DUBAI, UAE.",04-3232442,,
HAYAH MedNet EBP OP,HAYAH MedNet EBP OP,MEDNET,"ZAHRAT AL SHEFA MEDICAL CENTRE LLC, MUHAISNAH 2 (NOOR AL SHEFA GROUP)",DXB,CLINIC,SONAPUR,"MUHAISNAH 2, AL GAITH BUILDING, SONAPUR, P O BOX 44957, DUBAI, UAE.",04-8878155,,
HAYAH MedNet EBP OP,HAYAH MedNet EBP OP,MEDNET,AL SANAIYA CLINIC,DXB,CLINIC,SONAPUR,"SONAPUR, NEAR BALADIYA CAMP",04-2543500,,
HAYAH MedNet EBP OP,HAYAH MedNet EBP OP,MEDNET,NEW SANAIYA CLINIC,DXB,CLINIC,SONAPUR,"SONAPUR, NEAR MADINA SUPERMARKET",04-2648101,,
HAYAH MedNet EBP OP,HAYAH MedNet EBP OP,MEDNET,NMC DIC CLINIC AND PHARMACY BR OF NMC ROYAL HOSPITAL LLC - Dubai,DXB,CLINIC,WARSAN 1,"CHINA CLUSTER  D01, GROUND FLOOR, SHOP NO.11 AND 20, WARSAN 1 , DUBAI",04-8108808,,
HAYAH MedNet EBP OP,HAYAH MedNet EBP OP,MEDNET,AL SHARQ MEDICAL CENTER-AL ETIHAD,FUJ,CLINIC,FUJAIRAH,"AL SHARQI STREET , OPPOSITE SAFIR SUPERMARKET",09-2222444,,
HAYAH MedNet EBP OP,HAYAH MedNet EBP OP,MEDNET,COSMOMED,FUJ,CLINIC,FUJAIRAH,"AL SHARQI STREET , OPPOSITE SAFIR SUPERMARKET",09-2249545,,
HAYAH MedNet EBP OP,HAYAH MedNet EBP OP,MEDNET,NORTHERN AL AHLIAH MEDICAL CENTRE-FUJAIRAH-AHALIA GROUP,FUJ,CLINIC,FUJAIRAH,"FATHIMA ROUND ABOUT,AL GURFA",09-2242515,,
HAYAH MedNet EBP OP,HAYAH MedNet EBP OP,MEDNET,FUJAIRAH PORT MEDICAL CENTRE,FUJ,CLINIC,FUJAIRAH,FUJAIRAH PORT,09-2228007,,
HAYAH MedNet EBP OP,HAYAH MedNet EBP OP,MEDNET,EMIRATES MEDICAL CENTRE,FUJ,CLINIC,FUJAIRAH,"SHIEKH ZAYED ROAD, BESIDE THOMAS COOK AL ROSTOMANI , SIJI PHARMACY BUILDING",09-2233199,,
HAYAH MedNet EBP OP,HAYAH MedNet EBP OP,MEDNET,AL SHARQ MEDICAL CENTRE- DIBBA,FUJ,CLINIC,FUJAIRAH,"TRADE MARKET STREET, SIJI BUILDING",09-2444711,,
HAYAH MedNet EBP OP,HAYAH MedNet EBP OP,MEDNET,AL GHAIL MEDICAL CENTER LLC - RAK - AL SHAMS GROUP,RAK,CLINIC,RAS AL KHAIMAH,"AL GHAIL SHOPPING CENTRE (MOHD. SHAAMS RASHID AL MAZROOI BLDG) AL GHAIL, PO. BOX 12884, RAS AL KHAIMAH.",06-5353004,,
HAYAH MedNet EBP OP,HAYAH MedNet EBP OP,MEDNET,AL HANAN MEDICAL CENTRE,RAK,CLINIC,RAS AL KHAIMAH,"AL MUNTASSAR STREET ,",07-2260911,,
HAYAH MedNet EBP OP,HAYAH MedNet EBP OP,MEDNET,UNION MEDICAL & DENTAL CENTER,RAK,CLINIC,RAS AL KHAIMAH,"AL NAKHEEL AREA, OPPSITE TO BANK OF BARODA , BEHIND SONY JUMBO SHOWROOM",07-2286223,,
HAYAH MedNet EBP OP,HAYAH MedNet EBP OP,MEDNET,"ALAHLIA MEDICAL CENTRE, RAS AL KHAIMAH (AHALIA GROUP)",RAK,CLINIC,RAS AL KHAIMAH,"GROUND FLOOR, CREEK PLAZA BUILDING, NEAR RAK GAS AND OPP. EXPO CENTRE, AL JAZAH ROAD, RAS AL KHAIMAH.",07-2331533,,
HAYAH MedNet EBP OP,HAYAH MedNet EBP OP,MEDNET,AL HUDAIBAH MEDICAL CENTRE,RAK,CLINIC,RAS AL KHAIMAH,"OMAN STREET , AL HUDAIBAH BUILDING, AL NAKHEEL",07-2222188,,
HAYAH MedNet EBP OP,HAYAH MedNet EBP OP,MEDNET,NMC ROYAL MEDICAL CENTRE / RAK,RAK,CLINIC,RAS AL KHAIMAH,"SULTAN FADEL BUILDING, AL QWASIM , CORNICHE ROAD",07-2332832,,
HAYAH MedNet EBP OP,HAYAH MedNet EBP OP,MEDNET,LIBERTY MEDICAL CENTRE,SHJ,CLINIC,ABUSHAGARA,"KING ABDUL AZEEZST, AL SAUD BLDG FLAT#104",06-5599379,,
HAYAH MedNet EBP OP,HAYAH MedNet EBP OP,MEDNET,AL DHAID MEDICAL CENTER,SHJ,CLINIC,AL DHAID,"OLD HOSPITAL ROAD, BEHIND VEGETABLE MARKET",06-8823535,,
HAYAH MedNet EBP OP,HAYAH MedNet EBP OP,MEDNET,N.M.C MEDICAL CENTER L.L.C SHJ BR.,SHJ,CLINIC,AL MAJAZ,"AL ENTIFADHA ST, NEAR BUHAIRAH POLICE STATION",06-5566689,,
HAYAH MedNet EBP OP,HAYAH MedNet EBP OP,MEDNET,N.M.C MEDICAL CENTER L.L.C SHJ BR.4,SHJ,CLINIC,AL NAHDA,"NEAR AL NAHDA PARK, NEAR AL NAHDA PARK",06-5305252,,
HAYAH MedNet EBP OP,HAYAH MedNet EBP OP,MEDNET,"AL AFDAL MEDICAL CENTER, SHJ",SHJ,CLINIC,AL QASSIMIA,"AL TAWOOS BLDG., AL MAHATTAH, KING ABDUL AZIZ, AL QASSIMIA",06-5590007,,
HAYAH MedNet EBP OP,HAYAH MedNet EBP OP,MEDNET,"RIAZ SPECIALIST MEDICAL CENTER LLC, SHJ (RIAZ MEDICAL GROUP)",SHJ,CLINIC,AL SHAHBA,"AL SHAHBA AREA,AL WASIT STREET,SHARJAH,UAE",06-5583351,,
HAYAH MedNet EBP OP,HAYAH MedNet EBP OP,MEDNET,NEW MEDICAL CENTRE,SHJ,CLINIC,BUHAIRA,"BUHAIRA CORNICHE, BELRESHED TOWER,NEXT TO CRYSTAL PLAZA",06-5758000,,
HAYAH MedNet EBP OP,HAYAH MedNet EBP OP,MEDNET,AL MANSOUR MEDICAL CENTER,SHJ,CLINIC,BUHAIRA,"BUHAIRA CORNICHE, CITY COMPASS TOWER SUITE #101",06-5372050,,
HAYAH MedNet EBP OP,HAYAH MedNet EBP OP,MEDNET,AL KANARY MEDICAL CENTRE,SHJ,CLINIC,BUHAIRA,"NATIONAL PRINTS R/A, OPP UAE",06-5344439,,
HAYAH MedNet EBP OP,HAYAH MedNet EBP OP,MEDNET,"LIMAR MEDICAL CENTER, SHARJAH (AL SAHA WA AL SHIFA GROUP)",SHJ,CLINIC,BUHAIRAH CORNICHE,"3RD FLOOR, BLOCK B, BUHAIRAH CORNICHE, AL SHAMSI, AL MAJAZ 1, SHARJAH",06-5744245,,
HAYAH MedNet EBP OP,HAYAH MedNet EBP OP,MEDNET,AL NAHDA MEDICAL CENTER-LMC GROUP-SHARJAH,SHJ,CLINIC,BUKHARA STREET,"AL NAHDA MEDICAL CENTER, FLAT NO:201, AL DAGGAYA TOWER, BUKHARA STREET NO:13, AL NAHDA, SHARJAH",06-5384466,,
HAYAH MedNet EBP OP,HAYAH MedNet EBP OP,MEDNET,AL SHAMS AL JADEEDH MEDICAL CENTRE(EX AMRITA0,SHJ,CLINIC,DOUBLE COLA,"DOUBLE COLA ROAD, NEAR LACNOR",06-5397539,,
HAYAH MedNet EBP OP,HAYAH MedNet EBP OP,MEDNET,"AL DUNIA MEDICAL CENTER LLC, SHARJAH- AL RABEE CLINIC",SHJ,CLINIC,INDUSTRIAL AREA,"AL SHAMSI BUILDING SHOP NO-9-11, INDUSTRIAL AREA NO-12,STREET INDUSTRIAL ARE NO.3, SHARJAH",06-5384466,,
HAYAH MedNet EBP OP,HAYAH MedNet EBP OP,MEDNET,AL RABEE MEDICAL CENTER (FORMERLY KNOWN AS AL RABEE CLINIC),SHJ,CLINIC,INDUSTRIAL AREA,"INDUSTRIAL AREA 2, AL KHAN STREET",06-5391222,,
HAYAH MedNet EBP OP,HAYAH MedNet EBP OP,MEDNET,AL FURQAN MEDICAL CENTRE L.L.C,SHJ,CLINIC,INDUSTRIAL AREA,"SALIM AL JABERI BUILDING , BIN LADEN SQUARE, INDUSTRIAL # 11, SHARJAH",06-5353868,,
HAYAH MedNet EBP OP,HAYAH MedNet EBP OP,MEDNET,AL DARARY MEDICAL CENTRE,SHJ,CLINIC,INDUSTRIAL AREA 1,INDUSTRIAL AREA NO. 1,06-5336176,,
HAYAH MedNet EBP OP,HAYAH MedNet EBP OP,MEDNET,KHORFAKKAN PORT MEDICAL CENTRE,SHJ,CLINIC,KHORFAKAN,KHORFAKKAN PORT,09-2371400,,
HAYAH MedNet EBP OP,HAYAH MedNet EBP OP,MEDNET,AL SHIFA MEDICAL CENTRE,SHJ,CLINIC,KHORFAKAN,"SHEKH KHALID ROAD, ABOVE AL NASR PHARMACY",09-2384288,,
HAYAH MedNet EBP OP,HAYAH MedNet EBP OP,MEDNET,AL FAIEZ MEDICAL CENTRE,SHJ,CLINIC,MADAM AREA,"MADAM R/A, MADAM",06-8861202,,
HAYAH MedNet EBP OP,HAYAH MedNet EBP OP,MEDNET,SIYAD SPECIALIST MEDICAL CENTRE,SHJ,CLINIC,NATIONAL PAINTS,"202-203, SIYAD MEDICAL BUILDING, NEAR NATIONAL PAINTS, MALIHA ROAD",06-5358305,,
HAYAH MedNet EBP OP,HAYAH MedNet EBP OP,MEDNET,DOCTORS MEDICAL CENTRE,SHJ,CLINIC,ROLLA,"ADCB BUILDING, NEAR SHARJAH POST OFFICE, ROLLA",06-5632100,,
HAYAH MedNet EBP OP,HAYAH MedNet EBP OP,MEDNET,REEM MEDICAL DIAGNOSTIC CENTRE LLC,SHJ,CLINIC,ROLLA,"AL GHUWAIR, ROLLA",06-5620831,,
HAYAH MedNet EBP OP,HAYAH MedNet EBP OP,MEDNET,CLASS MEDICAL CENTRE,SHJ,CLINIC,ROLLA,"AL MURAQQAABTH ROAD, FLAT # 11 & 13 AL SAUD TOWER",06-5652332,,
HAYAH MedNet EBP OP,HAYAH MedNet EBP OP,MEDNET,ABRAHAMS MEDICAL CENTRE,SHJ,CLINIC,ROLLA,"AL ZAHRA STREET , ROLLA TOWER BUIDING,AL GUWAIR REGION",06-5612737,,
HAYAH MedNet EBP OP,HAYAH MedNet EBP OP,MEDNET,UNICARE MEDICAL CENTRE,SHJ,CLINIC,ROLLA,"CLOCK TOWER ROUNDABT,  OPP AL ZAHRA HOSPITAL",06-5630313,,
HAYAH MedNet EBP OP,HAYAH MedNet EBP OP,MEDNET,MARINA MEDICAL CENTRE,SHJ,CLINIC,ROLLA,"Mezzanine Floor, Al Soor Building, Ibrahim Mohd Al Medfa Street, Above Lifeline Pharmacy, Al Soor Area, Al Mina Road, Sharjah",06-5625234,,
HAYAH MedNet EBP OP,HAYAH MedNet EBP OP,MEDNET,PREMIER MEDICAL CENTRE (ROYAL GARDEN PHARMACY),SHJ,CLINIC,ROLLA,"Mezzanine Floor, Emirates Post Office Building, Al Ghuwair, Rolla, Sharjah",06-5616188,,
HAYAH MedNet EBP OP,HAYAH MedNet EBP OP,MEDNET,N.M.C MEDICAL CENTER L.L.C SHJ BR.2,SHJ,CLINIC,ROLLA,"ROLLA , ROLLA",06-5639966,,
HAYAH MedNet EBP OP,HAYAH MedNet EBP OP,MEDNET,IDEAL MEDICAL CENTER,SHJ,CLINIC,ROLLA,"ROLLA STREET, FLAT NO. 102, 1ST FLR. A BLK, UAE EXCHANGE BLDG.",06-5623844,,
HAYAH MedNet EBP OP,HAYAH MedNet EBP OP,MEDNET,REEM SPECALISTS MEDICAL CENTRE.,SHJ,CLINIC,ROLLA,"ROLLA STREET, UAE EXCHANGE BUILDING",06-5625422,,
HAYAH MedNet EBP OP,HAYAH MedNet EBP OP,MEDNET,SAIF ZONE MEDICAL CENTRE,SHJ,CLINIC,SAIF,SHARJAH AIRPORT INTERNATIONAL FREE ZONE CLINIC F2- 42-A,06-5578471,,
HAYAH MedNet EBP OP,HAYAH MedNet EBP OP,MEDNET,AL QASSIMMIAH MEDICAL CLINIC (ROYAL GARDEN PHARMACY),SHJ,CLINIC,SAJAA,"Ali Moosa Building, Near Sharjah Cement Factory, Sajaa Industrial Area",06-5310050,,
HAYAH MedNet EBP OP,HAYAH MedNet EBP OP,MEDNET,AL AZHAR MEDICAL CLINIC - BR OF NEW SANAIYA GROUP,SHJ,CLINIC,SAJJA,"SHARJAH COOPERATIVE SOCIETY BUILDING, SAJJA, INDUSTRIAL AREA NO1 SHARJAH",06-5352323,,
HAYAH MedNet EBP OP,HAYAH MedNet EBP OP,MEDNET,CARE MEDICAL CENTER  (BRANCH IF IMARA HLC) SHJ,SHJ,CLINIC,SHAHBA,1ST FLOOR WASIT STREET NWAEM CENTER AL SHAHBA SHARJAH,06-5455501,,
HAYAH MedNet EBP OP,HAYAH MedNet EBP OP,MEDNET,N.M.C MEDICAL CENTER L.L.C SHJ BR.1,SHJ,CLINIC,SHAHBA,"AL WADHA STREET ,  DANA PLAZA BUILDING",06-5388966,,
HAYAH MedNet EBP OP,HAYAH MedNet EBP OP,MEDNET,PRIME MEDICAL CENTER AL NAHDA,SHJ,CLINIC,SHARJAH,"AL NADHA ,",06-5251800,,
HAYAH MedNet EBP OP,HAYAH MedNet EBP OP,MEDNET,REEM AL NAHDA MEDICAL DIAGNOSTIC CENTRE,SHJ,CLINIC,SHARJAH,"AL NAHDA, NEAR AL NAHDA PARK, OPP CARREFOUR MARKET",06-5304864,,
HAYAH MedNet EBP OP,HAYAH MedNet EBP OP,MEDNET,NMC DENTAL CENTRE LLC (prev. SUNNY DENTAL CENTER - SHJ),SHJ,CLINIC,SHARJAH,"BUHAIRA CORNICHE, BUHAIRA CORNICHE",06-5738300,,
HAYAH MedNet EBP OP,HAYAH MedNet EBP OP,MEDNET,AL SHIFA AL KHALEEJI MEDICAL CENTRE,SHJ,CLINIC,SHARJAH,"CATERPILLAR ROAD, INDUSTRIAL AREA 2",06-5324224,,
HAYAH MedNet EBP OP,HAYAH MedNet EBP OP,MEDNET,AL SHAMS MEDICAL CENTRE,SHJ,CLINIC,SHARJAH,"CATERPILLAR SIGNAL,",06-5424255,,
HAYAH MedNet EBP OP,HAYAH MedNet EBP OP,MEDNET,AL MALIHA MEDICAL CENTER,SHJ,CLINIC,SHARJAH,MAIN ROAD OPPOSITE ETISALAT,06-8823334,,
HAYAH MedNet EBP OP,HAYAH MedNet EBP OP,MEDNET,MGM MEDICAL CENTRE LLC,SHJ,CLINIC,SHARJAH,"MGM MEDICAL CENTRE LLC, TOOM NO-205, 2ND FLOOR, AL FAISAL BUILDING 1, ABOVE SUZUKI SHOWROOM, KING FAIZAL ROAD, SHARJAH, UAE",06-5741444,,
HAYAH MedNet EBP OP,HAYAH MedNet EBP OP,MEDNET,FIRST GULF MEDICAL CENTRE,SHJ,CLINIC,SHARJAH,"NATIONAL PAINT R/A,",06-5347573,,
HAYAH MedNet EBP OP,HAYAH MedNet EBP OP,MEDNET,ZAFARULLAH MEDICAL CENTRE,SHJ,CLINIC,SHARJAH,"OP. MADEENA SUP. MRKT., MALIHA RD.",06-5443080,,
HAYAH MedNet EBP OP,HAYAH MedNet EBP OP,MEDNET,"SHAMAAL AL AHALIA MEDICAL CENTRE, SHARJAH (AHALIA GROUP)",SHJ,CLINIC,SHARJAH,"SHEIKH ZAYED STREET, NEAR CLOCK TOWER, OPP. KALYAN SILKS, SHARJAH.",06-5744529,,
HAYAH MedNet EBP OP,HAYAH MedNet EBP OP,MEDNET,DR. SUNNY MEDICAL CENTRE UAQ,UMQ,CLINIC,KING FAISAL STREET,KING FAISAL STREET,06-7666933,,
HAYAH MedNet EBP OP,HAYAH MedNet EBP OP,MEDNET,"AL KHALEEJ MEDICAL CENTRE, UAQ",UMQ,CLINIC,UMM AL QUWAIN,"AL MOUALLA BUILDING, AL RAAS AREA, KING FAISAL STREET",06-7651212,,
HAYAH MedNet EBP OP,HAYAH MedNet EBP OP,MEDNET,DR. MUNA KHALFAN MEDICAL CENTER-UAQ,UMQ,CLINIC,UMM AL QUWAIN,KING FAIAL ROAD;202 Dana Buliding;Al Madar1;UMM AL QUWAIN,06-7649222,,
HAYAH MedNet EBP OP,HAYAH MedNet EBP OP,MEDNET,MEDZE CLINIC L.L.C,DXB,CLINIC,DEIRA,"G-01, THE CENTRE RESIDENCE, Abubakar Al Siddique Road,Al Muteena , Deira, Dubai, United Arab Emirates.",04-2380924,,
HAYAH MedNet EBP OP,HAYAH MedNet EBP OP,MEDNET,MAKKAH MEDICAL CENTER - FUJAIRAH,FUJ,CLINIC,AL MAHATA,"Eid Musalla road behind ADCB bank Fujairah  ,Barakat building ,Faham Street  ,Fujairah",09-2225051,,
HAYAH MedNet EBP OP,HAYAH MedNet EBP OP,MEDNET,"NOOR ALAHLI MEDICAL CENTER L.L.C. - BRANCH, BANIYAS(AHALIA GROUP)",AUH,CLINIC,BANIYAS,"Near Zenith Supermarket / Daar -Al Uloom Private School, Baniyas, Abu Dhabi",02-5821206,,
HAYAH MedNet EBP OP,HAYAH MedNet EBP OP,MEDNET,LIFEGUARD GENERAL CLINIC L.L.C (Former Name OUR CARE AND CURE MEDICAL CENTER),DXB,CLINIC,JEBEL ALI,"SHOP # 8 , GROUND FLOOR, SHAMS AL MEDINA HYPERMARKET COMPLEX, JEBEL ALI 1 , DUBAI",04-5806451,,
HAYAH MedNet EBP OP,HAYAH MedNet EBP OP,MEDNET,COSTCARE MEDICAL CENTER,AJM,CLINIC,NUAIMIYA,"Ahmed, Ali Mohamed, Al Marzouqi, 44 Al Nuaimiya Street, Ajman",06-5275643,,
HAYAH MedNet EBP OP,HAYAH MedNet EBP OP,MEDNET,ASTER AL SUWAIHAT MEDICAL CENTER - SHARJAH (DM HEALTHCARE),SHJ,CLINIC,HALWAN,"HAMDAN CENTER-IST FLOOR, OPP.AL QASSIMI HOSPITAL WASIT STREET, AL ABAR HALWAN SUBURB, SHRAJAH, UAE",04-4400500,,
HAYAH MedNet EBP OP,HAYAH MedNet EBP OP,MEDNET,AL HEMAYA GENERAL CLINIC LLC,AJM,CLINIC,AL JURF,"UAE Exchange Building, Oppsite Basket supermarket, Al Jurf, Ajman",06-7498811,,
HAYAH MedNet EBP OP,HAYAH MedNet EBP OP,MEDNET,PRIMECORP MEDICAL CENTER L.L.C SHJ 1 - SHARJAH(PRIME HEALTHCARE GROUP),SHJ,CLINIC,NAHDA,"Shop No. 1, Rolla tower 2, Al Malaka Street, AL Nahda, Sharjah",04-7070999,,
HAYAH MedNet EBP OP,HAYAH MedNet EBP OP,MEDNET,ASTER PHARMACY 157 BR OF ASTER PHARMACIES GROUP LLC - CLINIC - DUBAI (DM HEALTHCARE),DXB,CLINIC,JEBEL ALI,EXPO VILLAGE RESIDENCES 4 -GROUND FLOOR -EXPO VILLAGE - NEAR EXPO METRO STATION-MADINAT AL MATAR- DUBAI,04-5475037,,
HAYAH MedNet EBP OP,HAYAH MedNet EBP OP,MEDNET,FAMILY CLINIC (BR OF OXFORD MEDICAL CENTER L.L.C.)(DUBAI BRANCH),DXB,CLINIC,SATWA,"Bldg # 396, Al Bada Oasis Building, Opp. Iranian Hospital Emergency Gate, Al Hudaibah",04-3451145,,
HAYAH MedNet EBP OP,HAYAH MedNet EBP OP,MEDNET,YASMED MEDICAL CENTER - UMM AL QUWAIN,UMQ,CLINIC,UMM AL QUWAIN,"Al Kubaisi Building,  New Ind area, Near Etisalat/hot Roundabout,Umm Thaob, Umm Al Quwain",06-5299064,,
HAYAH MedNet EBP OP,HAYAH MedNet EBP OP,MEDNET,LIWA MEDICAL CENTRE L.L.C - ABU DHABI - MF3306,AUH,CLINIC,LIWA,"C17 Building,  Al Tajanus Street,Liwa, Al Dhafra Region, Abu Dhabi",02-8822877,,
HAYAH MedNet EBP OP,HAYAH MedNet EBP OP,MEDNET,DR. SANJAY MEDICAL CENTER-DUBAI,DXB,CLINIC,AL QUOZ,"AL QUOZ 4,2ND FLOOR, AL KHAIL MALL",04-3285999,,
HAYAH MedNet EBP OP,HAYAH MedNet EBP OP,MEDNET,ANAYA MEDICAL CENTER LLC BRANCH,DXB,CLINIC,JABAL ALI,"Shop No 18, Mezzanine Floor Floor, Crystal Mall, Hilal Al Madina Hypermarket Jabal Ali , Dubai",04-2341479,,
HAYAH MedNet EBP OP,HAYAH MedNet EBP OP,MEDNET,AL MASHAHER MEDICAL CENTRE,DXB,CLINIC,SONAPUR,"SHEIKH KHALID UBAID BUTTI BUILDING, AL MUHAISNAH 2",04-2633309,,
HAYAH MedNet EBP OP,HAYAH MedNet EBP OP,MEDNET,DR ABDULLA'S CLINIC,DXB,CLINIC,AL QUSAIS IND AREA 5,"MONA RESIDENCE, AMMAN STREET, OPP TO DUNES APARTMENT, AL QUSAIS IND AREA 5, DUBAI",04-2388778,,
HAYAH MedNet EBP OP,HAYAH MedNet EBP OP,MEDNET,EXPO EMERGENCY CENTER - DUBAI HEALTH AUTHORITY,DXB,DHA CLINIC,DUBAI,Dubai Investment Park,04-5024551,,
HAYAH MedNet EBP OP,HAYAH MedNet EBP OP,MEDNET,LIFE DWTC PHARMACY EXPRESS CLINIC,DXB,CLINIC,Dubai World Trade Centre,"Concourse 1, Dubai World Trade Centre, Dubai - UAE PO box 71246",04-5610000,,
HAYAH MedNet EBP OP,HAYAH MedNet EBP OP,MEDNET,LIFE PHARMACY 74 EXPRESS CLINIC,DXB,CLINIC,DUBAI MARINA,"Shop No. 3, Elite Residence, Dubai Marina, Dubai",04-5610000,,
HAYAH MedNet EBP OP,HAYAH MedNet EBP OP,MEDNET,NATURES LIFE EXPRESS CLINIC LLC,DXB,CLINIC,JUMEIRAH,"Al Wasl Road , Dubai, Jumeirah",04-5610000,,
HAYAH MedNet EBP OP,HAYAH MedNet EBP OP,MEDNET,LIFE PHARMACY EXPRESS CLINIC,DXB,CLINIC,SHEIKH ZAYED ROAD,"Maznine Floor,White Swan Building, Shiekh Zayed Road",04-5610000,,
HAYAH MedNet EBP OP,HAYAH MedNet EBP OP,MEDNET,DOHA PHARMACY EXPRESS CLINIC,DXB,CLINIC,SHEIKH ZAYED ROAD,"Al Attar Tower, Shk.Zayed Road, Dubai",04-5610000,,
HAYAH MedNet EBP OP,HAYAH MedNet EBP OP,MEDNET,LIFE PEARL PHARMACY EXPRESS CLINIC,DXB,CLINIC,DUBAI MARINA,"Shop#9, Marina pearl Buldg,Dubai Marina,Dubai",04-5610000,,
HAYAH MedNet EBP OP,HAYAH MedNet EBP OP,MEDNET,LIFE MURAQABAT PHARMACY EXPRESS CLINIC,DXB,CLINIC,AL MURAQABAT,"Shop#1,R471 building,Wasl Trio block A,Al Muraqabat Rd,dubai",04-5610000,,
HAYAH MedNet EBP OP,HAYAH MedNet EBP OP,MEDNET,LIFE PHARMACY 16 EXPRESS CLINIC,DXB,CLINIC,MARSA,"Unit no. R-18, Ground Floor – Bluewaters Residences 8, Marsa, Dubai, UAE",04-5610000,,
HAYAH MedNet EBP OP,HAYAH MedNet EBP OP,MEDNET,TAMAM OPTICS AJMAN,AJM,CLINIC,AJMAN,"SHEIKH BUILDING  (NEAR GIANT SUPER MARKET),SHEIKH RASHID BINHUMAID STREET, AJMAN.",06-7446233,,
HAYAH MedNet EBP OP,HAYAH MedNet EBP OP,MEDNET,NEW AL KANZ PHARAMCY BRANCH EXPRESS CLINIC,DXB,CLINIC,"JLT, Dubai","J2 TOWER, CLUSTER J -JLT, DUBAI UAE",04 5610000,,
HAYAH MedNet EBP OP,HAYAH MedNet EBP OP,MEDNET,HALA PHARMACY 13 EXPRESS CLINIC,DXB,CLINIC,"INTERNATIONAL CITY,DUBAI","SHOP # 22 & 24,S-6 BUILDING, SPAIN CLUSTER,INTERNATIONAL CITY,DUBAI",04 5610000,,
HAYAH MedNet EBP OP,HAYAH MedNet EBP OP,MEDNET,LIFE PHARMACY 77EXPRESS CLINIC,DXB,CLINIC,AL SATWA,"FIRST FLOOR,MANILA MALL, BELJAFLA, SATWA DUBAI",04 5610000,,
HAYAH MedNet EBP OP,HAYAH MedNet EBP OP,MEDNET,LIFE PHARMACY 25 EXPRESS CLINIC,DXB,CLINIC,AL KARAMA,AJSM investment Building - Al Karama - Dubai,04 5610000,,
HAYAH MedNet EBP OP,HAYAH MedNet EBP OP,MEDNET,ARAB DOCTORS SPECIALIST CENTER,SHJ,CLINIC,SHARJAH,"FLOOR 1, AL MANSURI TOWER, AL TAWUN STREET",06-5544414,,
HAYAH MedNet EBP OP,HAYAH MedNet EBP OP,MEDNET,ADNOC ONSHORE MEDICAL CENTRE,AUH,CLINIC,Al Khalidiyah,"Near Adco Operations, Al Khalidiyah,1st Corniche Street, Abu Dhabi",02-6022011,,
HAYAH MedNet EBP OP,HAYAH MedNet EBP OP,MEDNET,ABU DHABI REFINERY CLINIC - ADNOC,AUH,CLINIC,Airport Road,International Airport Road - Abu Dhabi,02-6022011,,
HAYAH MedNet EBP OP,HAYAH MedNet EBP OP,MEDNET,ADNOC TECHNICIAL INSTITUTE CLINIC-ATI,AUH,CLINIC,Al Shawamekh,"Al Shawamekh, Near Schlumberger - Abu Dhabi",02-6022011,,
HAYAH MedNet EBP OP,HAYAH MedNet EBP OP,MEDNET,ADAM & EVE SPECIALIZED MEDICAL CENTRE L.L.C. BRANCH/ MF5163,AUH,CLINIC,KARAMA STREET,"BUILDING NUMBER 209, KARAMA STREET,
NEAR KAYA COSMETIC CENTRE, ABU DHABI,
Abu Dhabi, United Arab Emirates, 32866",02-6219996,,
HAYAH MedNet EBP OP,HAYAH MedNet EBP OP,MEDNET,LIFE AL QUSAIS PHARMACY EXPRESS CLINIC,DXB,CLINIC,AL Qusais,"Near Icare Clinic,Al Huraiz Building, Damascus Street",04-5610000,,
HAYAH MedNet EBP OP,HAYAH MedNet EBP OP,MEDNET,JADAF LIFE PHARMACY (BR OF LIFE PHARMACY L.L.C),DXB,CLINIC,Al Jeddaf,"Retail#1, Riah Towers, Culture Village, Al Jeddaf, Dubai - UAE",04-5610000,,
HAYAH MedNet EBP OP,HAYAH MedNet EBP OP,MEDNET,RAMADA LIFE EXPRESS CLINIC,DXB,CLINIC,AL MANKHOOL,"Near hotel Ramada, AL TAWHIDI BUILDING 2, AL MANKHOOL",04-5610000,,
HAYAH MedNet EBP OP,HAYAH MedNet EBP OP,MEDNET,ROYAL LIFE EXPRESS CLINIC,DXB,CLINIC,Al Warqa,"Unit # 1 OLD HOME NEEDS SM, Al Warqa Dubai UAE",04-5610000,,
HAYAH MedNet EBP OP,HAYAH MedNet EBP OP,MEDNET,AHALIA MEDICAL CENTRE AJMAN-1000405,AJM,CLINIC,AL ITTIHAD STREET,"Near Emirates Market, Al Ittihad Street, Asyad Tower",06-7497557,,
HAYAH MedNet EBP OP,HAYAH MedNet EBP OP,MEDNET,SHIFA AL JAZEERA MEDICAL CENTRE - SHARJAH,SHJ,CLINIC,SHARJAH,Al Zahra'a St - Al Gharb - Al Musalla - Sharjah,06-5218889,,
HAYAH MedNet EBP OP,HAYAH MedNet EBP OP,MEDNET,SHIFA AL JAZEERAH MEDICAL CENTRE LLC - RAK - BR OF AL MAHMOUD MEDICAL CENTRE,RAK,CLINIC,RAK,"M FLOOR, 12829, AL NAKHEEL,FATHIMA SUPERMARKET BUILDING, RAK.",07-2211218,,
HAYAH MedNet EBP OP,HAYAH MedNet EBP OP,MEDNET,SHIFA AL RABEE MEDICAL CENTRE,SHJ,CLINIC,MUWEILAH,"SHIFA AL RABEE MEDICAL CENTRE BUILDING,GROUND FLOOR,2609,BUS STATION ROAD,MUWAILEH INDUSTRIAL AREA COMMERCIAL SHJ .",06-5959123,,
HAYAH MedNet EBP OP,HAYAH MedNet EBP OP,MEDNET,SHIFA AL JAZEERA MEDICAL CENTRE LLC-AJMAN (SHIFA AL JASEERA GROUP),AJM,CLINIC,AJMAN,"Muhdda Building, Near Nesto Hypermarket, New Sanaya, Ind. Area - 2, Ajman - U A E.",06-7444830,,
HAYAH MedNet EBP OP,HAYAH MedNet EBP OP,MEDNET,SHIFA AL JAZEERAH MEDICAL  CENTRE - L.L.C 01,AJM,CLINIC,AL JURF,"JURF 1, 397 / 3 , GROUND FLOOR, AJMAN - UAE",06-8812681,,
HAYAH MedNet EBP OP,HAYAH MedNet EBP OP,MEDNET,"LIFE PHARMACY 44 EXPRESS CLINIC (BR OF LIFE PHARMACY L.L.C), OASIS MALL (LIFE GROUP)",DXB,CLINIC,Al Qouz,"Oasis Mall - Ground Floor, Shop No. 109 - Al Quoz 1 - Dubai",04-5610000,,
HAYAH MedNet EBP OP,HAYAH MedNet EBP OP,MEDNET,DENTIST DIRECT DS CLINIC L.L.C,DXB,CLINIC,AL Barsha,Ground Floor  Shop G 23 i Rise Tower  Barsha Heights,04-4559398,,
HAYAH MedNet EBP OP,HAYAH MedNet EBP OP,MEDNET,AL FARHAN MEDICAL LABORATORY L L C,AUH,DIAGNOSTICS,BANIYAS,"BANIYAS EAST, BEHIND SULTAN BAKERY",02-5833417,,
HAYAH MedNet EBP OP,HAYAH MedNet EBP OP,MEDNET,IDEAL CLINICAL LABORATORIES,AUH,DIAGNOSTICS,MUSAFFAH,"C44,SHABIYAH SECTOR-10, MUSAFFAH",02-5558448,,
HAYAH MedNet EBP OP,HAYAH MedNet EBP OP,MEDNET,"PROFICIENCY SPECIALIST LABORATORIES, MUSSAFAH MF4096",AUH,DIAGNOSTICS,MUSSAFAH,MUSSAFAH SHABIYA OPPOSITE MODEL SCHOOL,02-3355171,,
HAYAH MedNet EBP OP,HAYAH MedNet EBP OP,MEDNET,STAR METROPOLIS CLINICAL LABORATORIES - DUBAI (EBP WITH MEDNET CONNECT APPROVAL),DXB,DIAGNOSTICS,AL SAFA 1,"#212, MARDOOF BUILDING",04-3465268,,
HAYAH MedNet EBP OP,HAYAH MedNet EBP OP,MEDNET,"PH DIAGNOSTICS LLC, DUBAI (EBP with MedNet connect approval)",DXB,DIAGNOSTICS,BUR DUBAI,"AL ABBAS BUILD.-1,FIRST FLOOR, NR. BURJUMAN METRO",04-3543350,,
HAYAH MedNet EBP OP,HAYAH MedNet EBP OP,MEDNET,ADVANCED MEDICAL LABORATORY,AUH,DIAGNOSTICS,AL AIN,"MAIN STREET, SHEIKH AHMED BIN ZAYED BLDG.",03-7641441,,
HAYAH MedNet EBP OP,HAYAH MedNet EBP OP,MEDNET,THE OPEN MRI CENTER LLC-MF2487,AUH,DIAGNOSTICS,AL NAYHAN,"AL NAHYAN COM BUILDING-5B, HANEEM STREET,",02-4442246,,
HAYAH MedNet EBP OP,HAYAH MedNet EBP OP,MEDNET,LIFE CARE INTERNATIONAL PHARMACY L.L.C- BRANCH - ABU DHABI - VPS GROUP,AUH,PHARMACY,ABU DHABI,"AL WATHBA STREET,  RAZEEN WORKERS CITY, ABU DHABI",02-5826812,,
HAYAH MedNet EBP OP,HAYAH MedNet EBP OP,MEDNET,AL MARINA PHARMACY,AUH,PHARMACY,ABU DHABI,ABU DHABI,02-5503115,,
HAYAH MedNet EBP OP,HAYAH MedNet EBP OP,MEDNET,BRIGHT POINT PHARMACY LLC,AUH,PHARMACY,ABU DHABI,ABU DHABI,02-5558825,,
HAYAH MedNet EBP OP,HAYAH MedNet EBP OP,MEDNET,ELITE MODERN PHARMACY,AUH,PHARMACY,ABU DHABI,"AIRPORT ROAD, CARRFOUR CITY CENTRE",02-4494209,,
HAYAH MedNet EBP OP,HAYAH MedNet EBP OP,MEDNET,BURJEEL RETAIL PHARMACY L.L.C - BRANCH 4 / PF1672,AUH,PHARMACY,ABU DHABI,"AIRPORT ROAD, SHOP 225-226, 2ND FLOOR, MUSHRIF MALL",02-4470407,,
HAYAH MedNet EBP OP,HAYAH MedNet EBP OP,MEDNET,MEDICINA PHARMACY-BRANCH 6-AUH-MEDICINA GRP-PF3001,AUH,PHARMACY,ABU DHABI,"Al Falah village 4, Abu Dhabi",02-5844114,,
HAYAH MedNet EBP OP,HAYAH MedNet EBP OP,MEDNET,ASTER PHARMACIES GRP LLC-BR-ABUDHABI 1,AUH,PHARMACY,ABU DHABI,"AL HAMED BUILDING, AL FALAH STREET, BLUE DIAMOND,  BEHIND JUMBO ELECTRONICS",02-6437625,,
HAYAH MedNet EBP OP,HAYAH MedNet EBP OP,MEDNET,EASTERN AL AHALIA PHARMACY,AUH,PHARMACY,ABU DHABI,"AL MAFRAQ, BANIYAS WEST, WORKERS CITY 2",02-5856005,,
HAYAH MedNet EBP OP,HAYAH MedNet EBP OP,MEDNET,OXFORD PHARMACY,AUH,PHARMACY,ABU DHABI,AL MUROOR ROAD,02-4489191,,
HAYAH MedNet EBP OP,HAYAH MedNet EBP OP,MEDNET,AL HENDAWY PHARMACY LLC-PF2877,AUH,PHARMACY,ABU DHABI,"AL MURROR ROAD, OPPOSITE MADINAT ZAYED CENTER, AL HENDAWY BUILDING",02-6214666,,
HAYAH MedNet EBP OP,HAYAH MedNet EBP OP,MEDNET,MEDICINA PHARMACY BRANCH 3-AUH-MEDICINA GRP-PF2825,AUH,PHARMACY,ABU DHABI,Al Murror St. Al Falahi Building-AUH,02-6440615,,
HAYAH MedNet EBP OP,HAYAH MedNet EBP OP,MEDNET,NEW AMAREETA PHARMACY-ABU DHABI-PF1370,AUH,PHARMACY,ABU DHABI,AL NASR STREET,02-6661555,,
HAYAH MedNet EBP OP,HAYAH MedNet EBP OP,MEDNET,AL MANARA AL RUWAIS PHARMACY,AUH,PHARMACY,ABU DHABI,AL RUWAIS MALL,02-8760210,,
HAYAH MedNet EBP OP,HAYAH MedNet EBP OP,MEDNET,GOLDEN HEALTH PHARMACY - PF2882 (BR OF GOLDEN HEALTH MEDICAL CENTER),AUH,PHARMACY,ABU DHABI,"AL SALAM LIVING CITY, HAMEEM ROAD, ABU DHABI.",02-6225566,,
HAYAH MedNet EBP OP,HAYAH MedNet EBP OP,MEDNET,BURJEEL RETAIL PHARMACY L.L.C -BRANCH 6 / PF2536,AUH,PHARMACY,ABU DHABI,AL WAHDA MALL EXT. BUILDING,02-4437788,,
HAYAH MedNet EBP OP,HAYAH MedNet EBP OP,MEDNET,BURJEEL RETAIL PHARMACY L.L.C -BRANCH 7 / PF1496,AUH,PHARMACY,ABU DHABI,AL WEHDA MALL,02-4437788,,
HAYAH MedNet EBP OP,HAYAH MedNet EBP OP,MEDNET,HEALTH FIRST PHARMACY BR 8-PLANET PHARMACY/PF1149,AUH,PHARMACY,ABU DHABI,BANIYAS STREET,02-5823656,,
HAYAH MedNet EBP OP,HAYAH MedNet EBP OP,MEDNET,LIFECARE INTERNATIONAL PHARMACY,AUH,PHARMACY,ABU DHABI,"BANIYAS STREET, AL WATHBA, AL RAHA VILLAGE GATE #6",02-5856333,,
HAYAH MedNet EBP OP,HAYAH MedNet EBP OP,MEDNET,ASTER PHARMACIES GROUP LLC-ABU DHABI 3,AUH,PHARMACY,ABU DHABI,"BUILDING NO. EC -C-19, HAMDAN STREET, NEAR TO LULU INTERNATIONAL EXCHANGE",02-6229870,,
HAYAH MedNet EBP OP,HAYAH MedNet EBP OP,MEDNET,MEDICINA PHARMACY-BRANCH 1,AUH,PHARMACY,ABU DHABI,"CAPITAL HOUSE BUILDING, AL KHALEEJ AL ARABI STREET",02-4416232,,
HAYAH MedNet EBP OP,HAYAH MedNet EBP OP,MEDNET,MEDICINA PHARMACY -BRANCH 10 - AUH-MEDICINA GRP - PF3051,AUH,PHARMACY,ABU DHABI,"Central Mall, Khalifa City , Abu Dhabi",02-5571194,,
HAYAH MedNet EBP OP,HAYAH MedNet EBP OP,MEDNET,NEW MEDICAL CENTRE PHARMACY,AUH,PHARMACY,ABU DHABI,ELECTRA STREET,02-6341134,,
HAYAH MedNet EBP OP,HAYAH MedNet EBP OP,MEDNET,NMC PHARMACY- BRANCH,AUH,PHARMACY,ABU DHABI,ELECTRA STREET,02-6179143,,
HAYAH MedNet EBP OP,HAYAH MedNet EBP OP,MEDNET,NEW PHARMACY,AUH,PHARMACY,ABU DHABI,"ELECTRA STREET, BEHIND NEW MEDICAL CENTER BUILDING",02-6322379,,
HAYAH MedNet EBP OP,HAYAH MedNet EBP OP,MEDNET,AL BATEEN PHARMACY,AUH,PHARMACY,ABU DHABI,"ELECTRA STREET, NEAR ELDARDO CINEMA",02-6766610,,
HAYAH MedNet EBP OP,HAYAH MedNet EBP OP,MEDNET,BURJEEL RETAIL PHARMACY L.L.C - BRANCH 3 / PF2527,AUH,PHARMACY,ABU DHABI,"EMPOST BUILDING, KHALIFA CITY",02-5567933,,
HAYAH MedNet EBP OP,HAYAH MedNet EBP OP,MEDNET,GOLDEN TULIP PHARMACY LLC,AUH,PHARMACY,ABU DHABI,"GOLDEN TULIP PHARMACY, NEXT TO PHARMALINK BUILDING, M17 SHANIYA MUSAFFAH INDUSTRIAL, 11TH STREET, ABU DHABI",02-5556608,,
HAYAH MedNet EBP OP,HAYAH MedNet EBP OP,MEDNET,Al SAADA PHARMACY-PF1179,AUH,PHARMACY,ABU DHABI,"Hamad suhail al khaily bld, Hamdan Street,Abudhabi",02-6278313,,
HAYAH MedNet EBP OP,HAYAH MedNet EBP OP,MEDNET,NEW LAND MARK PHARMACY,AUH,PHARMACY,ABU DHABI,"HAMDAN STREET, DALMA CENTRE BUILDING",02-6316886,,
HAYAH MedNet EBP OP,HAYAH MedNet EBP OP,MEDNET,HEALTH FIRST JOUDY PHARMACY,AUH,PHARMACY,ABU DHABI,"KHALIDIYA STREET, BEHIND ZAHRET LEBNAN",02-6668798,,
HAYAH MedNet EBP OP,HAYAH MedNet EBP OP,MEDNET,HEALTH FIRST PHARMACY BR 4 - PLANET PHARMACY/PF1275,AUH,PHARMACY,ABU DHABI,"KHALIDYA STREET, BEHIND CHOITRAM,",02-6666427,,
HAYAH MedNet EBP OP,HAYAH MedNet EBP OP,MEDNET,AL MANARA PHARMACY,AUH,PHARMACY,ABU DHABI,"KHALIFA STREET, BESIDES NATIONAL BANK OF ABUDHABI",02-6269966,,
HAYAH MedNet EBP OP,HAYAH MedNet EBP OP,MEDNET,BURJEEL RETAIL PHARMACY L.L.C - BRANCH 8 / PF1673,AUH,PHARMACY,ABU DHABI,"MADEENAT ZAYED, MADEENAT ZAYED SHOPPING MALL",02-2222336,,
HAYAH MedNet EBP OP,HAYAH MedNet EBP OP,MEDNET,ALAHLYA GRAND PHARMACY,AUH,PHARMACY,ABU DHABI,"MADINAT ZAYED, ABU DHABI",02-4498382,,
HAYAH MedNet EBP OP,HAYAH MedNet EBP OP,MEDNET,BURJEEL RETAIL PHARMACY L.L.C - BRANCH 2 / PF1656,AUH,PHARMACY,ABU DHABI,MAZYAD MALL,02-5534848,,
HAYAH MedNet EBP OP,HAYAH MedNet EBP OP,MEDNET,AL MANARA GLOBAL PHARMACY-ABU DHABI/PF1324,AUH,PHARMACY,ABU DHABI,MINA CO-OP,02-6734777,,
HAYAH MedNet EBP OP,HAYAH MedNet EBP OP,MEDNET,MEDICINA GULF PHARMACY,AUH,PHARMACY,ABU DHABI,MUROOR STREET,02-4483454,,
HAYAH MedNet EBP OP,HAYAH MedNet EBP OP,MEDNET,ELYAZIA PHARMACY,AUH,PHARMACY,ABU DHABI,"MURROR AREA, NEAR ALAAM SUPER MARKET",02-4493700,,
HAYAH MedNet EBP OP,HAYAH MedNet EBP OP,MEDNET,BURJEEL RETAIL PHARMACY L.L.C - BRANCH 5 / PF2505,AUH,PHARMACY,ABU DHABI,"MURUR ROAD,Y TOWER,",02-6438330,,
HAYAH MedNet EBP OP,HAYAH MedNet EBP OP,MEDNET,MODERN DAR ALSHIFA PHARMACY,AUH,PHARMACY,ABU DHABI,"MUSAFFAH, INDUSTRIAL AREA-9,FIRST SIGNAL MUSSAFAH",02-5557939,,
HAYAH MedNet EBP OP,HAYAH MedNet EBP OP,MEDNET,BLUE OCEAN PHARMACY-PF3065-AUH,AUH,PHARMACY,ABU DHABI,"Mussafah,ME10, Shabiya",02-5532323,,
HAYAH MedNet EBP OP,HAYAH MedNet EBP OP,MEDNET,AL THURAYYA PHARMACY,AUH,PHARMACY,ABU DHABI,"NAJDA STREET, OPP SHABIYA POLICE",02-6426827,,
HAYAH MedNet EBP OP,HAYAH MedNet EBP OP,MEDNET,NOOR ALAHLI PHARMACY - BRANCH 7,AUH,PHARMACY,ABU DHABI,"Near Al Ahli Hospital, Hamdan Street, Abu Dhabi, U A E",02-6269545,,
HAYAH MedNet EBP OP,HAYAH MedNet EBP OP,MEDNET,LIFECARE INTERNATIONAL PHARMACY LLC-BRANCH 1-PF2581,AUH,PHARMACY,ABU DHABI,"NEAR VILLAGE MALL,NEXT TO WORKERS VILLAGE ,MUSAFFAH",02-4148215,,
HAYAH MedNet EBP OP,HAYAH MedNet EBP OP,MEDNET,ASTER PHARMACIES GROUP L.L.C- BRANCH OF ABU DHABI 8-PF3004,AUH,PHARMACY,ABU DHABI,"Next to CBI bank building,Electra Street,Canon Building;Abu Dhabi",02-6711831,,
HAYAH MedNet EBP OP,HAYAH MedNet EBP OP,MEDNET,PLANET PHARMACY-BR1-NPCC-PLANET PHARMACY,AUH,PHARMACY,ABU DHABI,NPCC MUSSAFAH WEST 5 (MW5) SECTOR NO 15 A,02-5549055,,
HAYAH MedNet EBP OP,HAYAH MedNet EBP OP,MEDNET,TAHA PHARMACY,AUH,PHARMACY,ABU DHABI,"OLD PASSPORT ROAD, OPP. FATIMA SUPERMAREKT",02-6343447,,
HAYAH MedNet EBP OP,HAYAH MedNet EBP OP,MEDNET,MODERN DAR ALSHIFA PHARMACY,AUH,PHARMACY,ABU DHABI,"OLD TOURIST CLUB AREA, BEHIND DANA HOTEL ABU DHABI",02-6446100,,
HAYAH MedNet EBP OP,HAYAH MedNet EBP OP,MEDNET,ORCHID PHARMACY-AL AFDAL GROUP-AUH-PF2742,AUH,PHARMACY,ABU DHABI,"Opp: Abu Dhabi Media, AUH",02-443 1090,,
HAYAH MedNet EBP OP,HAYAH MedNet EBP OP,MEDNET,NOOR ALAHLI PHARMACY-BRANCH 6-PF3058 (AHALIA GROUP),AUH,PHARMACY,ABU DHABI,"Opposite Home Center, Hamdan St ; Hamdan Street",02-6210524,,
HAYAH MedNet EBP OP,HAYAH MedNet EBP OP,MEDNET,NEW ABU DHABI PHARMACY,AUH,PHARMACY,ABU DHABI,PASSPORT ROAD,02-6777625,,
HAYAH MedNet EBP OP,HAYAH MedNet EBP OP,MEDNET,MADINA ZAYED AHALIA PHARMACY,AUH,PHARMACY,ABU DHABI,"Sector 10, Shabia, Abu Dhabi, UAE",02-5593711,,
HAYAH MedNet EBP OP,HAYAH MedNet EBP OP,MEDNET,MEDICINA PHARMACY,AUH,PHARMACY,ABU DHABI,SHK KHALIFA STREET,02-6264041,,
HAYAH MedNet EBP OP,HAYAH MedNet EBP OP,MEDNET,HEALTH FIRST PHARMACY-BRANCH 13,AUH,PHARMACY,ABU DHABI,"SHOP 417, DEERFIELD'S MALL,AL BAHIA ABUDHABI DUBAI ROAD, AL SAYYAR STREET",02-5646364,,
HAYAH MedNet EBP OP,HAYAH MedNet EBP OP,MEDNET,ASTER PHARMACIES GROUP LLC-BRANCH OF ABU DHABI 4,AUH,PHARMACY,ABU DHABI,"SHOP NO. 7 & 8, BODEBIS BUILDING, DEFENSE ROAD, DEYYAR",02-4478482,,
HAYAH MedNet EBP OP,HAYAH MedNet EBP OP,MEDNET,HEALTH FIRST PHARMACY-BRANCH 12,AUH,PHARMACY,ABU DHABI,"SHOP NO.: G12, ALFALAH VILLAGE 1, ALFALAH CITY",02-6746989,,
HAYAH MedNet EBP OP,HAYAH MedNet EBP OP,MEDNET,HEALTH FIRST PLANET PHARMACY,AUH,PHARMACY,ABU DHABI,"SHOP SG-02, AL BANDAR BUILDING, AL RAHA BEACH",02-5577611,,
HAYAH MedNet EBP OP,HAYAH MedNet EBP OP,MEDNET,AL AHALIA NATIONAL PHARMACY LLC - BRANCH1 - PF2777 - ABU DHABI - AHALIA GROUP,AUH,PHARMACY,ABU DHABI,"SOUTH BLOCK AHALIA HOSPITAL BUILDING, TARIFF ROAD , M-24 MUSSAFAH, ABU DHABI, U A E.",02-8119119,,
HAYAH MedNet EBP OP,HAYAH MedNet EBP OP,MEDNET,MEDICINA PHARMACY-BRANCH 7-AUH-MEDICINA GRP-PF3003,AUH,PHARMACY,ABU DHABI,"the Gate City, Abu Dhabi",02-6678701,,
HAYAH MedNet EBP OP,HAYAH MedNet EBP OP,MEDNET,HARLEY STREET PHARMACY-PF1763,AUH,PHARMACY,ABU DHABI,"VILLA A18-A21, MARINA VILLAGE, MARINA RING SIDE",02-6133999,,
HAYAH MedNet EBP OP,HAYAH MedNet EBP OP,MEDNET,WELLNESS PHARMACY L.L.C-PF3070 AUH (WELLNESS ONE DAY SURGERY CENTRE LLC group),AUH,PHARMACY,ABU DHABI,"Villa No 111, 21 Dihan Street, Muroor Road, Abu Dhabi",0-26422424,,
HAYAH MedNet EBP OP,HAYAH MedNet EBP OP,MEDNET,AL MUROJ PHARMACY-PF2918-ABUDHABI,AUH,PHARMACY,ABU DHABI,WEST 2 BANIYAS GHAFRATE AREA BESIDE GREEN APPLE SUPERMARKET,02-6279229,,
HAYAH MedNet EBP OP,HAYAH MedNet EBP OP,MEDNET,WESTERN TOWERS AL AHALIA PHARMACY - PF2870 - ABU DHABI - AHALIA GROUP,AUH,PHARMACY,ABU DHABI,"WESTERN TOWERS AL AHALIA PHARMACY, MZE 19, PLOTE NO: 158, SHOPE NO; 10, SANAYA MADINA ZAYED, ABU DHABI, UAE.",02-8119119,,
HAYAH MedNet EBP OP,HAYAH MedNet EBP OP,MEDNET,HADI PHARMACY - PF1156,AUH,PHARMACY,AIRPORT ROAD,AIRPORT ROAD ABU DHABI UAE.,02-4432562,,
HAYAH MedNet EBP OP,HAYAH MedNet EBP OP,MEDNET,"BETTER LIFE PHARMACY LLC-BRANCH 1, AUH",AUH,PHARMACY,AIRPORT ROAD,"AL SHERIEF TOWER, AIRPORT ROAD",02-6222230,,
HAYAH MedNet EBP OP,HAYAH MedNet EBP OP,MEDNET,MEDICINA PHARMACY-BRANCH 8-AUH-MEDICINA GRP-PF3035,AUH,PHARMACY,AL AIN,"AFCOOP, Shab Alashkar, Alain",03-7664715,,
HAYAH MedNet EBP OP,HAYAH MedNet EBP OP,MEDNET,GRAND PHARMACY LLC,AUH,PHARMACY,AL AIN,"AL HAMRA PLAZA, ELECTRA STREET",02-6768666,,
HAYAH MedNet EBP OP,HAYAH MedNet EBP OP,MEDNET,MEDICINA PHARMACY-BRANCH 12-AUH-MEDICINA GRP-PF3048,AUH,PHARMACY,AL AIN,"Al Jimi Area , Al Ain",03-7555957,,
HAYAH MedNet EBP OP,HAYAH MedNet EBP OP,MEDNET,ULTRA MEDICAL CENTER PHARMACY - AL AIN - PF2784,AUH,PHARMACY,AL AIN,"BESIDE AL JIMI MALL, BUILDING#20, P O BOX 101151, AL AIN.",03-7625552,,
HAYAH MedNet EBP OP,HAYAH MedNet EBP OP,MEDNET,NOOR AL AHLI PHARMACY-ABU DHABI-PF2791,AUH,PHARMACY,AL AIN,"BUILDING NO 243-A, NEAR OLD POLICE STATION, SANAYA, AL AIN, ABU DHABI",02-8119119,,
HAYAH MedNet EBP OP,HAYAH MedNet EBP OP,MEDNET,COOP AL AIN PHARMACY,AUH,PHARMACY,AL AIN,AL AIN COOP MANASEER,03-7675073,,
HAYAH MedNet EBP OP,HAYAH MedNet EBP OP,MEDNET,AL RODA PHARMACY LLC,AUH,PHARMACY,AL AIN,"AL AIN KHURAIS, MARIAM YAHYA ANSARI BUILDING, AL AIN",03-7633770,,
HAYAH MedNet EBP OP,HAYAH MedNet EBP OP,MEDNET,AL AIN PHARMACY ZAKHER LLC,AUH,PHARMACY,AL AIN,"AL AIN ZAKHER BUILDING OF COOPERATIVE, AL AIN",03-7807767,,
HAYAH MedNet EBP OP,HAYAH MedNet EBP OP,MEDNET,ALMANARA PHARMACY-AL BAWADI MALL,AUH,PHARMACY,AL AIN,"AL BAWADI MALL,MAZYAD STREET,AL KHOURER",03-7848802,,
HAYAH MedNet EBP OP,HAYAH MedNet EBP OP,MEDNET,SPECIALIZED MEDICAL CARE HOSPITAL PHARMACY,AUH,PHARMACY,AL AIN,AL JAHILI AREA,03-7552291,,
HAYAH MedNet EBP OP,HAYAH MedNet EBP OP,MEDNET,SOFITEL PHARMACY-AL AIN PHARMACY GROUP /PF1474,AUH,PHARMACY,AL AIN,"AL MAQAM, ABELA SUPERMARKET, AL AIN",03-7676439,,
HAYAH MedNet EBP OP,HAYAH MedNet EBP OP,MEDNET,NEW AL AIN PHARMACY,AUH,PHARMACY,AL AIN,"AL MUWAIJI, NEAR AL KHAWARMZI INST.",03-7554440,,
HAYAH MedNet EBP OP,HAYAH MedNet EBP OP,MEDNET,NEW MEDICAL CENTER PHARMACY-LLC-ALAIN-NMC-BRANCH 1/PF2737 temporary closure,AUH,PHARMACY,AL AIN,AL WADI,03-7674404,,
HAYAH MedNet EBP OP,HAYAH MedNet EBP OP,MEDNET,ALAIN PHARMACY UMM GHAFAH LLC,AUH,PHARMACY,AL AIN,"ALAIN UMM GHARAF, AL AIN",03-7809345,,
HAYAH MedNet EBP OP,HAYAH MedNet EBP OP,MEDNET,SAMA AL AIN PHARMACY,AUH,PHARMACY,AL AIN,AYLA HOTEL,03-7619858,,
HAYAH MedNet EBP OP,HAYAH MedNet EBP OP,MEDNET,ALMANARA PHARMACY BOUTIK MALL,AUH,PHARMACY,AL AIN,BOUTIK MALL,03-7644117,,
HAYAH MedNet EBP OP,HAYAH MedNet EBP OP,MEDNET,ADVANCED AL AIN PHARMACY,AUH,PHARMACY,AL AIN,"HILTON STREET, SAROOJ",03-7513960,,
HAYAH MedNet EBP OP,HAYAH MedNet EBP OP,MEDNET,AL AIN CENTRAL PHARMACY,AUH,PHARMACY,AL AIN,KHALIFA STREET,03-7227515,,
HAYAH MedNet EBP OP,HAYAH MedNet EBP OP,MEDNET,AL AIN PHARMACY,AUH,PHARMACY,AL AIN,"KHALIFA STREET, AL AIN PHARMACY BLDG.",03-7655120,,
HAYAH MedNet EBP OP,HAYAH MedNet EBP OP,MEDNET,RAFA PHARMACY,AUH,PHARMACY,AL AIN,"KHALIFA STREET, NEAR GOLDEN FORK",03-7657006,,
HAYAH MedNet EBP OP,HAYAH MedNet EBP OP,MEDNET,EMIRATES PHARMACY,AUH,PHARMACY,AL AIN,"MAIN STREET, SHEIKH SULTAN BIN SOROOR BLDG, NEAR CLOCK TOWER",03-7642717,,
HAYAH MedNet EBP OP,HAYAH MedNet EBP OP,MEDNET,ALNOORAIN PHARMACY LLC,AUH,PHARMACY,AL AIN,NEAR AL TAJ MEDICAL LAB,03-7660909,,
HAYAH MedNet EBP OP,HAYAH MedNet EBP OP,MEDNET,MAJED PHARMACY,AUH,PHARMACY,AL AIN,NEAR MEEANA BAZAAR,03-7641117,,
HAYAH MedNet EBP OP,HAYAH MedNet EBP OP,MEDNET,MUBARAK PHARMACY,AUH,PHARMACY,AL AIN,OLD IMMIGRATION ROAD,03-7515992,,
HAYAH MedNet EBP OP,HAYAH MedNet EBP OP,MEDNET,AL AIN AHALIA PHARMACY,AUH,PHARMACY,AL AIN,SHABIA KHALIFA STREET,03-7557979,,
HAYAH MedNet EBP OP,HAYAH MedNet EBP OP,MEDNET,NEW MEDICAL CENTRE PHARMACY-AL AIN-NMC GROUP/PF1430,AUH,PHARMACY,AL AIN,"SHOP NO.  2, GROUND FLOOR FLOOR, PALM TOWER 3 , QANAT AL QAZBA",03-7555999,,
HAYAH MedNet EBP OP,HAYAH MedNet EBP OP,MEDNET,HEALTH FIRST PHARMACY-BRANCH 14,AUH,PHARMACY,AL AIN,"SHOP NO. F14, BARARI OUTLET MALL, ZAYED BIN SULTHAN STREET",03-7675176,,
HAYAH MedNet EBP OP,HAYAH MedNet EBP OP,MEDNET,MEDICAL PARK PHARMACY LLC - PF2773 (BR OF MEDICAL PARK CONSULTANTS ONE DAY SURGERY),AUH,PHARMACY,AL BATEEN,"AL BATEEN STREET, NEAR TO BNP PARIBAS, ABU DHABI, P O BOX:47247.",02-3048888,,
HAYAH MedNet EBP OP,HAYAH MedNet EBP OP,MEDNET,ALHOSN PHARMACY,AUH,PHARMACY,AL CORNICHE,AL HILAL BANK BUILDING CORNICHE STREET,02-6262665,,
HAYAH MedNet EBP OP,HAYAH MedNet EBP OP,MEDNET,"MEDMAX PHARMACY LLC AUH, PF3117",AUH,PHARMACY,AL DHAFRA,"AL DHAFRA WORKERS VILLAGE, ICAD-III",02-4469386,,
HAYAH MedNet EBP OP,HAYAH MedNet EBP OP,MEDNET,ALFALAH LAND MARK PHARMACY-PF2779-LANDMARK GRP,AUH,PHARMACY,AL FALAH 3,"TOWN BUILDING, AL FALAH STREET, BEHIND ABU DHABI INTERNATIONAL AIRPORT,SWEIHAN - AL HAYER ROAD/ E20, NEAR MOHAMMED BIN ZAYED MOSQUE, STREET 15, AL FALAH 3",02-5621528,,
HAYAH MedNet EBP OP,HAYAH MedNet EBP OP,MEDNET,NOOR AL AHLI PHARMACY BRANCH 1-ABU DHABI-PF2902,AUH,PHARMACY,AL MUSAFFAH,"MEZZANINE FLOOR, GATE NO. 1, INSIDE MADINA MALL, MUSAFFAH ICAD RESIDENTIAL CITY, ABU DHABI, UAE",02-5512661,,
HAYAH MedNet EBP OP,HAYAH MedNet EBP OP,MEDNET,UNIQUE AL AHALIA PHARMACY-ABU DHABI-PF2736,AUH,PHARMACY,AL MUSAFFAH,"SALAH ALAMRI BUILDING, ME-10 SHABIYA, MUSAFFAH NEAR TO CRESCENT, ABU DHABI",02-5595441,,
HAYAH MedNet EBP OP,HAYAH MedNet EBP OP,MEDNET,MEDICINA AL MUNEERA PHARMACY,AUH,PHARMACY,AL RAHA BEACH,"AL RAHA BEACH, AL MUNEERA ISLAND",02-5513004,,
HAYAH MedNet EBP OP,HAYAH MedNet EBP OP,MEDNET,MEDICINA PHARMACY-BRANCH 4-AUH-MEDICINA GRP-PF2945,AUH,PHARMACY,Al reem island,"Al reem island, Amaya tower -AUH",02-6500168,,
HAYAH MedNet EBP OP,HAYAH MedNet EBP OP,MEDNET,BANGASH PHARMACY - LLC,AUH,PHARMACY,BANIYAS,"BANIYAS EAST, BEHIND SULTAN BAKERY SECTOR 9",02-5834217,,
HAYAH MedNet EBP OP,HAYAH MedNet EBP OP,MEDNET,EMIRATES JORDANIAN PHARMACY L L C,AUH,PHARMACY,BANIYAS,BANIYAS WEST,02-5836999,,
HAYAH MedNet EBP OP,HAYAH MedNet EBP OP,MEDNET,KHYBER PHARMACY LLC,AUH,PHARMACY,BANIYAS,"BANIYAS WEST, NEAR OLD BUS STAND",02-5836800,,
HAYAH MedNet EBP OP,HAYAH MedNet EBP OP,MEDNET,LLH PHARMACY AL MUSAFFAH L.L.C-VPS GROUP ABU DHABI,AUH,PHARMACY,BANIYAS,"M40. , ICAD,MUSAFFAH INDURSTRIAL AREA, ABU DHABI",02-4116451,,
HAYAH MedNet EBP OP,HAYAH MedNet EBP OP,MEDNET,CLASSIC CARE PHARMACY-PF3029-AUH,AUH,PHARMACY,BUTINA,"FLAT106.107,NEAR FAB BANK , SWEIHAN, AL AIN
SWEIHAN,AL HAYER ROAD",03-7346454,,
HAYAH MedNet EBP OP,HAYAH MedNet EBP OP,MEDNET,ASTER PHARMACIES GROUP LLC-BRANCH OF ABU DHABI 5-ABU DHABI-PF2842,AUH,PHARMACY,ELECTRA,"BUILDING NO 7, ZAYED STREET, ELECTRA",02-4489240,,
HAYAH MedNet EBP OP,HAYAH MedNet EBP OP,MEDNET,ASTER PHARMACIES GROUP  LLC- BRANCH OF ABUDHABI 2,AUH,PHARMACY,ELEKTRA,"Plot C88, section W9,ICT united square, next to khalidiya mall, Mubarak bin mohammad street, Khaldiya, Abu Dhabi",02-6279989,,
HAYAH MedNet EBP OP,HAYAH MedNet EBP OP,MEDNET,SAD PHARMACY,AUH,PHARMACY,HAMDAN,"AL DHANA, HAMDAN STREET, ABU DHABI",02-6277332,,
HAYAH MedNet EBP OP,HAYAH MedNet EBP OP,MEDNET,APOLLO PHARMACY LLC,AUH,PHARMACY,HAMDAN,"Plot No-C -128, Sector No-3, Hamdan Street",02-6344747,,
HAYAH MedNet EBP OP,HAYAH MedNet EBP OP,MEDNET,FAMOUS PHARMACY LLC- ABU DHABI-PF2977,AUH,PHARMACY,INDUSTRIAL AREA,"M-34, MUSSAFAH STREET, PO BOX-39299, INDUSTRIAL AREA, ABU DHBAI",02-5521912,,
HAYAH MedNet EBP OP,HAYAH MedNet EBP OP,MEDNET,ASTER PHARMACIES GROUP LLC- BRANCH OF ABU DHABI 7,AUH,PHARMACY,khalidiya,"AL SHAHEEN COMPLEX, NEAR COITHRAM SUPERMARKET, KHALIDIYA, ABU DHABI",02-6395140,,
HAYAH MedNet EBP OP,HAYAH MedNet EBP OP,MEDNET,MEDICINA PHARMACY-BRANCH 11-AUH-MEDICINA GRP-PF3042,AUH,PHARMACY,Khalifa City A,"Khalifa City A, Abu Dhabi",02-6415691,,
HAYAH MedNet EBP OP,HAYAH MedNet EBP OP,MEDNET,MUBARAK PHARMACY-BRANCH 1,AUH,PHARMACY,MAFRAQ,AL MAFRAQ WORKERS CITY - 2,02-5837796,,
HAYAH MedNet EBP OP,HAYAH MedNet EBP OP,MEDNET,"ROYAL INTERNATIONAL PHARMACY, MAFRAQ",AUH,PHARMACY,MAFRAQ,"CITY WORKERS NO.1, ELANGO BUILDING SHOP 3, OPPOSITE AL AIN ROAD FOR TRUCKS, BANIYAS MAFRAQ SANAYA,",02-5833735,,
HAYAH MedNet EBP OP,HAYAH MedNet EBP OP,MEDNET,AL AHLIA PHARMACY,AUH,PHARMACY,MUROOR,MUROOR ROAD,02-4486276,,
HAYAH MedNet EBP OP,HAYAH MedNet EBP OP,MEDNET,BURJEEL RETAIL PHARMACY L.L.C - BRANCH 1 / PF2952,AUH,PHARMACY,MUSAFAH,"LLH MEDICAL CENTRE BUILDING,SHABIA 9, MOHAMMED BIN ZAYED CITY,MUSAFFAH",02-6412019,,
HAYAH MedNet EBP OP,HAYAH MedNet EBP OP,MEDNET,MEDLINE PHARMACY L.L.C - ABU DHABI - PF1766,AUH,PHARMACY,MUSAFAH,"M26, MUSAFFAH, ABU DHABI",02-5530577,,
HAYAH MedNet EBP OP,HAYAH MedNet EBP OP,MEDNET,SAHARA PHARMACY LLC - PF2639,AUH,PHARMACY,MUSAFAH,"SAHARA PHARMACY LLC, MUSAFFAH M44, NEAR ICAD RESI. P O BOX 9239. ABU DHABI, UAE.",02-5556392,,
HAYAH MedNet EBP OP,HAYAH MedNet EBP OP,MEDNET,VIVID PHARMACY LLC -PF2865,AUH,PHARMACY,MUSAFAH,"SHOP-4, BUILDING C-168, SHABIA-9, MUSAFFAH",02-5546259,,
HAYAH MedNet EBP OP,HAYAH MedNet EBP OP,MEDNET,NOOR ALAHLI PHARMACY - BRANCH 2,AUH,PHARMACY,MUSAFFAH,"Abu Shakra Building, M-9 Mussaffah, Abu Dhabi.",02-6269545,,
HAYAH MedNet EBP OP,HAYAH MedNet EBP OP,MEDNET,AL MARINA PHARMACY BRANCH,AUH,PHARMACY,MUSAFFAH,MUSAFAH,02-5503115,,
HAYAH MedNet EBP OP,HAYAH MedNet EBP OP,MEDNET,"ALPHA CARE PHARMACY L.L.C., AUH (ALPHA MEDICAL GROUP) PF3000",AUH,PHARMACY,MUSAFFAH,"PLOT NO:1,AL FIRDOUS CENTER,SANAYYA-M3,MUSAFFAH",02-5558383,,
HAYAH MedNet EBP OP,HAYAH MedNet EBP OP,MEDNET,ASTER PHARMACIES GROUP LLC-BRANCH OF ABU DHABI 6-ABU DHABI-PF2860,AUH,PHARMACY,MUSAFFAH,"SHABIYA # 10, NEAR TO JOU ALUKAS JEWELRY, MUSAFFAH",02-5502429,,
HAYAH MedNet EBP OP,HAYAH MedNet EBP OP,MEDNET,HEALTH FIRST PHARMACY BR 3 -PLANET PHARMACY/PF1267,AUH,PHARMACY,MUSAFFAH,"SHAFIAH KHALIFA, SECTOR # 10",02-5527070,,
HAYAH MedNet EBP OP,HAYAH MedNet EBP OP,MEDNET,HEALTH FIRST PHARMACY BR 5 - PLANET PHARMACY/PF1085,AUH,PHARMACY,MUSAFFAH,"SHAFIAH KHALIFA, SECTOR # 11",02-5530036,,
HAYAH MedNet EBP OP,HAYAH MedNet EBP OP,MEDNET,AL MANARA PHARMACY CAPITAL MALL,AUH,PHARMACY,MUSSAFAH,CAPITAL MALL,02-4447642,,
HAYAH MedNet EBP OP,HAYAH MedNet EBP OP,MEDNET,AL AHALIA INTERNATIONAL PHARMACY,AUH,PHARMACY,MUSSAFAH,MUSSAFAH M11,02-5592624,,
HAYAH MedNet EBP OP,HAYAH MedNet EBP OP,MEDNET,FARMACIA HOME HEALTHCARE PHARMACY,AUH,PHARMACY,MUSSAFAH,"MUSSAFAH, SAFEER MALL",02-5529395,,
HAYAH MedNet EBP OP,HAYAH MedNet EBP OP,MEDNET,NEW NATIONAL MEDICAL CENTRE PHARMACY,AUH,PHARMACY,MUSSAFAH,"SHABIYA KALIFA STREET, MUSFFAH 10 , SAFEER MALL",02-5520110,,
HAYAH MedNet EBP OP,HAYAH MedNet EBP OP,MEDNET,UNIQUE CARE PHARMACY-PF2959,AUH,PHARMACY,MUSSAFAH,Shop 07 Plot 85 Mussafah M13,02-5535582,,
HAYAH MedNet EBP OP,HAYAH MedNet EBP OP,MEDNET,EMERALD PHARMACY LLC-PF2649-AUH,AUH,PHARMACY,MUSSAFAH,"SHOP NO 8 :16TH STREET,ICAD,MUSAFFAH 37,MUSAFFAH",02-5554165,,
HAYAH MedNet EBP OP,HAYAH MedNet EBP OP,MEDNET,AL AHLIA NATIONAL PHARMACY LLC-AHALIA GROUP-ABU DHABI/PF2662,AUH,PHARMACY,MUSSAFAH,"TARIFF ROAD , M-24",02-8119151,,
HAYAH MedNet EBP OP,HAYAH MedNet EBP OP,MEDNET,UNIVERSAL HOSPITAL PHARMACY BRANCH 2- ABU DHABI- PF2864,AUH,PHARMACY,Old Airport Road,Behind Al Hilal Bank : Old Airport Road : Abu Dhabi,02-6435555,,
HAYAH MedNet EBP OP,HAYAH MedNet EBP OP,MEDNET,GULF APOLLO PHARMACY LLC,AUH,PHARMACY,SHABIA,"NEAR SAFEER MALL & TIGER GYM, SHABIA ME-9",02-5591566,,
HAYAH MedNet EBP OP,HAYAH MedNet EBP OP,MEDNET,HEALTH FIRST PHARMACY BRANCH 18-PF2979-ABU DHABI,AUH,PHARMACY,SHAHAMA,"AL RAHBA HOSPITAL, AL SHAHAMA, RAHBA CITY, ABU DHABI",02-6666427,,
HAYAH MedNet EBP OP,HAYAH MedNet EBP OP,MEDNET,NEW SADD MAAREB PHARMACY,AUH,PHARMACY,SHAHAMA,SHAHAMA,02-5633073,,
HAYAH MedNet EBP OP,HAYAH MedNet EBP OP,MEDNET,AL ISTIQLAL PHARMACY-ABU DHABI-PF1426,AUH,PHARMACY,TOURIST CLUB,"AL SALAM STREET OPPOSITE OF ABU DHABI MUNICIPALITY, TOURIST CLUB AREA",02-6446125,,
HAYAH MedNet EBP OP,HAYAH MedNet EBP OP,MEDNET,TARGET PHARMACY,AUH,PHARMACY,UM AL NAR,UM AL NAR,02-5585133,,
HAYAH MedNet EBP OP,HAYAH MedNet EBP OP,MEDNET,AL TADAWI PHARMACY - PF2542,AUH,PHARMACY,WESTERN REGION,NEW INDUSTRIAL AREA & MADINAT ZAYED & WESTERN REGION.,02-8844222,,
HAYAH MedNet EBP OP,HAYAH MedNet EBP OP,MEDNET,AL DANNAH HOSPITAL PHARMACY (Prev. RUWAIS HOSPITAL PHARMACY),AUH,PHARMACY,WESTERN REGION,RUWAIS,02-6020677,,
HAYAH MedNet EBP OP,HAYAH MedNet EBP OP,MEDNET,UNIQUE AL AHALIA PHARMACY - BRANCH 2-ABU DHABI-AHALIA GROUP,AUH,PHARMACY,ABU DHABI,DELMA STREET,02-6410039,,
HAYAH MedNet EBP OP,HAYAH MedNet EBP OP,MEDNET,NOOR ALAHLI PHARMACY-BRANCH 5-ABU DHABI-AHALIA GROUP,AUH,PHARMACY,ABU DHABI,"NEAR DAR-AL-ULOOM SCHOOL, BANIYAS WEST",02-5831929,,
HAYAH MedNet EBP OP,HAYAH MedNet EBP OP,MEDNET,NOOR ALAHLI PHARMACY-BRANCH 8-ABU DHABI-AHALIA GROUP,AUH,PHARMACY,ABU DHABI,"NEAR DAR-AL-ULOOM SCHOOL, BANIYAS WEST",02-6410170,,
HAYAH MedNet EBP OP,HAYAH MedNet EBP OP,MEDNET,DAS MEDICAL CENTER PHARMACY,AUH,PHARMACY,Al Dhafrah,"Das Island, Abu Dhabi",02-6023882,,
HAYAH MedNet EBP OP,HAYAH MedNet EBP OP,MEDNET,NOOR ALAHLI PHARMACY-BRANCH 3-AUH-AHALIA GROUP,AUH,PHARMACY,HAMDAN STREET,"NEAR AHALIA HOSPITAL, HAMDAN ST",02-6263305,,
HAYAH MedNet EBP OP,HAYAH MedNet EBP OP,MEDNET,MEDI PRIME PHARMACY  AJM- LLC,AJM,PHARMACY,AJMAN,"GROUND FLOOR, GRAND MALL, SHEIKH KHALIFA BIN ZAYED STREET, AJMAN, UAE",04-6079872,,
HAYAH MedNet EBP OP,HAYAH MedNet EBP OP,MEDNET,GRAND PHARMACY,AJM,PHARMACY,AJMAN,"AJMAN, DANA PLAZA COMPLEX,NEAR SPINNEY",06-7444840,,
HAYAH MedNet EBP OP,HAYAH MedNet EBP OP,MEDNET,BUSTAN PHARMACY,AJM,PHARMACY,AJMAN,"AL BUSTAN STREET, AL BUSTAN BUILDING",06-7447969,,
HAYAH MedNet EBP OP,HAYAH MedNet EBP OP,MEDNET,AL MUSALLA PHARMACY,AJM,PHARMACY,AJMAN,"AL BUSTAN STREET, MUSALLA SOUQ",06-7421721,,
HAYAH MedNet EBP OP,HAYAH MedNet EBP OP,MEDNET,AL ENAYA PHARMACY LLC-MEENA PHARMACY GROUP,AJM,PHARMACY,AJMAN,"AL HAMIDIYAH STREET, NEAR AL HOOTH CENTRE",06-7492212,,
HAYAH MedNet EBP OP,HAYAH MedNet EBP OP,MEDNET,AL SWAN PHARMACY,AJM,PHARMACY,AJMAN,"AL ITTIHAD STREET, BELOW SPECIALIST MEDICAL CENTRE",06-7404425,,
HAYAH MedNet EBP OP,HAYAH MedNet EBP OP,MEDNET,AL SAQER PHARMACY - AL GHARAFA AJMAN,AJM,PHARMACY,AJMAN,AL MUSALLA BLDG NEAR TO AL AHALIA EXCHANGE,06-7488329,,
HAYAH MedNet EBP OP,HAYAH MedNet EBP OP,MEDNET,AL NUAIMIA PHARMACY - AL GHARAFA AJMAN,AJM,PHARMACY,AJMAN,"AL NUAIMIA STREET, AJMAN",06-7467871,,
HAYAH MedNet EBP OP,HAYAH MedNet EBP OP,MEDNET,METRO MEDS PHARMACY,AJM,PHARMACY,AJMAN,"AL NUAIMIA, AJMAN",06-7469694,,
HAYAH MedNet EBP OP,HAYAH MedNet EBP OP,MEDNET,AL ZAMAN PHARMACY LLC - (AL NEEM PHARMACY GROUP),AJM,PHARMACY,AJMAN,"AL ZAMAN BUILDING, SHAIKH AMMAR STREET, AL ZAHRA,",06-7487272,,
HAYAH MedNet EBP OP,HAYAH MedNet EBP OP,MEDNET,MAWJOOD PHARMACY - (AL NEEM PHARMACY GROUP),AJM,PHARMACY,AJMAN,"AYISHA MAHMOOD BUILDING, ALQUDS ROAD,AJMAN",06-7429030,,
HAYAH MedNet EBP OP,HAYAH MedNet EBP OP,MEDNET,AL EMAN PHARMACY AJMAN,AJM,PHARMACY,AJMAN,"BANK STREET , NUIAMIA",06-7466407,,
HAYAH MedNet EBP OP,HAYAH MedNet EBP OP,MEDNET,TOPCARE PHARMACY AL JADEEDA L.L.C - AJMAN (AL NEEM GROUP),AJM,PHARMACY,AJMAN,"HAMAD ABDULLA SAEED BIN ALI BUILDING, JURF INDUSTRIAL 3, AJMAN",06-7455223,,
HAYAH MedNet EBP OP,HAYAH MedNet EBP OP,MEDNET,MEDICARE PHARMACY LLC,AJM,PHARMACY,AJMAN,"Hassan Bin Haitham Street,Al Madina Hypermarket building,New Industrial Area",06-7646 539,,
HAYAH MedNet EBP OP,HAYAH MedNet EBP OP,MEDNET,NEW SANAIYA AJMAN PHARMACY,AJM,PHARMACY,AJMAN,"INDUSTRIAL AREA, NEAR SUN CITY SUPERMARKET",06-7434034,,
HAYAH MedNet EBP OP,HAYAH MedNet EBP OP,MEDNET,RIGHT HEALTH PHARMACY JURF2 LLC,AJM,PHARMACY,AJMAN INDUSTRIAL 1,"ShopNo.5 Ajman industrial area, Ajman",04-3335502,,
HAYAH MedNet EBP OP,HAYAH MedNet EBP OP,MEDNET,NEW GRAND PHARMACY,AJM,PHARMACY,AJMAN,"KING FAISAL STREET, MARIAM BUILDING",06-7412588,,
HAYAH MedNet EBP OP,HAYAH MedNet EBP OP,MEDNET,AL ABRAR PHARMACY LLC - AJMAN (AL NEEM GROUP),AJM,PHARMACY,AJMAN,"LAVENDER TOWER, EMIRATES CITY,AJMAN",06-7443741,,
HAYAH MedNet EBP OP,HAYAH MedNet EBP OP,MEDNET,AL DIAA PHARMACY L.L.C,AJM,PHARMACY,AJMAN,"LOOTHA BUILDING, AL BADAR STREET",06-7452869,,
HAYAH MedNet EBP OP,HAYAH MedNet EBP OP,MEDNET,AL SHIFA PHARMACY,AJM,PHARMACY,AJMAN,"MOETAA SREET, NEAR AL HARAMEEN PERFUME",06-7481477,,
HAYAH MedNet EBP OP,HAYAH MedNet EBP OP,MEDNET,"AL ELAJ PHARMACY LLC,AJMAN-(AL SEHA AL KHUBRA GROUP)",AJM,PHARMACY,AJMAN,"NEAR AJMAN1 TOWERS,AJMAN",06-7033888,,
HAYAH MedNet EBP OP,HAYAH MedNet EBP OP,MEDNET,EMIRATES PHARMACY,AJM,PHARMACY,AJMAN,"NEAR CITY MART, OPP KUWAIT HOSPITAL",06-7474900,,
HAYAH MedNet EBP OP,HAYAH MedNet EBP OP,MEDNET,AL KHALEEJ PHARMACY,AJM,PHARMACY,AJMAN,"NEAR IBN SINA MEDICAL CENTRE, ABU TAHA BLDG",06-7444189,,
HAYAH MedNet EBP OP,HAYAH MedNet EBP OP,MEDNET,SHAMS PHARMACY-AJMAN,AJM,PHARMACY,AJMAN,NEW SANAIYA ROAD,06-7484437,,
HAYAH MedNet EBP OP,HAYAH MedNet EBP OP,MEDNET,ASTER PHARMACY,AJM,PHARMACY,AJMAN,"RASHIDIYA STREET, AJMAN COOPERATIVE SOCIETY BUILDING",06-7496363,,
HAYAH MedNet EBP OP,HAYAH MedNet EBP OP,MEDNET,MEDICOM 18,AJM,PHARMACY,AJMAN,SAFEER MALL,06-7464665,,
HAYAH MedNet EBP OP,HAYAH MedNet EBP OP,MEDNET,SANA PHARMACY LLC,AJM,PHARMACY,AJMAN,SANA PHARMACY LLC AJMAN -SANA GROUP OF PHARMACIES,06-7316973,,
HAYAH MedNet EBP OP,HAYAH MedNet EBP OP,MEDNET,AL ATTAR PHARMACY,AJM,PHARMACY,AJMAN,"SHEIKH HUMAID STREET, BEHIND ROYAL CINEMA , NEAR MANAMA SUPERMARKET",06-7427142,,
HAYAH MedNet EBP OP,HAYAH MedNet EBP OP,MEDNET,MEDICOM 27 PHARMACY,AJM,PHARMACY,AJMAN,"SHEIKH KHALIFA STREET, ABDULLAH ABU SIHAB-OPP RAMADA HOTEL",06-7412013,,
HAYAH MedNet EBP OP,HAYAH MedNet EBP OP,MEDNET,AL NEEM PHARMACY,AJM,PHARMACY,AJMAN,SHK. AMMAR STREET,06-7488207,,
HAYAH MedNet EBP OP,HAYAH MedNet EBP OP,MEDNET,AL MURTADHA PHARMACY AJMAN,AJM,PHARMACY,AJMAN,"SHOP NO 7, DAY TO DAY BUILDING, RASHID BIN HUMAID STREET, AJMAN",06-7406038,,
HAYAH MedNet EBP OP,HAYAH MedNet EBP OP,MEDNET,MEDICINA FIRST PHARAMCY - AJMAN,AJM,PHARMACY,AL RAWDAH,"Shop No. 3 & 4, Rawdah 3, Sheikh Ammar Bin Humaid St - Ajman",06-7472207,,
HAYAH MedNet EBP OP,HAYAH MedNet EBP OP,MEDNET,"RIGHT HEALTH PHARMACY JURF LLC, JURF-NEW SANAIYA GROUP",AJM,PHARMACY,AL JURF,"SHOP NO-1, AL JURF INDUSTRIAL ZONE -2",06-7494969,,
HAYAH MedNet EBP OP,HAYAH MedNet EBP OP,MEDNET,"CRYSTAL PHARMACY, AJMAN (CMG GROUP)",AJM,PHARMACY,AL MOWEIYHAT,"AL MOWEIYHAT, AJMAN, QUDRAT BUILDING, 304",06-7409019,,
HAYAH MedNet EBP OP,HAYAH MedNet EBP OP,MEDNET,AL HEKMAH PHARMACY - AJMAN,AJM,PHARMACY,AL NUAMIYA,"MOHAMAD SHAFIQ RANA BUILDING, KUWAIT STREET",06-7466689,,
HAYAH MedNet EBP OP,HAYAH MedNet EBP OP,MEDNET,TOP CARE PLUS PHARMACY L.L.C - SHARJAH (AL NEEM GROUP),AJM,PHARMACY,ALJURF,"SHOP 1,SOUK AL MUBARAK HYPERMARKET BUILD,JURF INDUSTRIAL - 1 ,AJMAN",06-7498181,,
HAYAH MedNet EBP OP,HAYAH MedNet EBP OP,MEDNET,ASTER PHARMACY 163 BR OF ASTER PHARMACIES GROUP LLC - AJMAN,AJM,PHARMACY,Hamidiya 1,"SHOP NO.7 NESTO HYPERMARKET, AL IMAM AL SHAFEE STREET, HAMIDIYAH 1 , AJMAN",06-5461822,,
HAYAH MedNet EBP OP,HAYAH MedNet EBP OP,MEDNET,AL SANAIYA PHARMACY -SOLE PROPRIETORSHIP L.L.C (RIGHT HEALTH GROUP),AJM,PHARMACY,JURF,"Shop No 8 & 9, Ground Floor, AL JARF, Sheikh Ammar Bin Humaid Street, Jurf  Ind Area 1",8007400,,
HAYAH MedNet EBP OP,HAYAH MedNet EBP OP,MEDNET,ACCESS PHARMACY AJMAN-ASTER PHARMACIES GROUP,AJM,PHARMACY,NEW INDUSTRIAL AREA,HARAMAIN SOUK,06-7462011,,
HAYAH MedNet EBP OP,HAYAH MedNet EBP OP,MEDNET,"AL AIN PAHRMACY CENTER LLC, AJMAN",AJM,PHARMACY,NUAIMIA,"AL AIN HYPERMARKET BUILDING, GROUND FLOOR, HAFIZ IBRAHIM STREET",06-7442542,,
HAYAH MedNet EBP OP,HAYAH MedNet EBP OP,MEDNET,AL OMAIR PHARMACY LLC-(AL SEHA AL KUBRA GROUP),AJM,PHARMACY,RASHDIYA 3,"TURAS BUILDING,RASHDIYA-3,AJMAN",06-7651477,,
HAYAH MedNet EBP OP,HAYAH MedNet EBP OP,MEDNET,ASTER PHARMACY 159 (BR OF ASTER PHARMACIES GROUP LLC) - AJMAN,AJM,PHARMACY,RASHIDIYA 3,"SHOP NO/5 AL MANAR TOWER,OPPOSITE HYUNDAI SHOWROOM, CORNICHE ROAD, RASHIDIYA 3 AJMAN",06-7453226,,
HAYAH MedNet EBP OP,HAYAH MedNet EBP OP,MEDNET,AL ELAJ PHARMACY LLC - AJMAN (NOVO HEALTHCARE GROUP),AJM,PHARMACY,RUMAILA 2,"Shop Number 3, Rumaila 2, Ajman, UAE",06-7472601,,
HAYAH MedNet EBP OP,HAYAH MedNet EBP OP,MEDNET,ASTER PHARMACY 154 (BR OF ASTER PHARMACIES GROUP LLC) - AJMAN,AJM,PHARMACY,RUMAILA-3,"AL AQAR TOWER 1 , CORNICHE AJMAN , RUMAILA-3 , AJMAN",06-7314840,,
HAYAH MedNet EBP OP,HAYAH MedNet EBP OP,MEDNET,"NEW MEDICAL CENTRE PHARMACY BRANCH, AJMAN (SUNNY GROUP)",AJM,PHARMACY,SAMHA PLAZA,"Near Safeer Market, Samha Plaza, Rashidiya,Ajman",06-5455966,,
HAYAH MedNet EBP OP,HAYAH MedNet EBP OP,MEDNET,ASTER PHARMACY 127 BR OF ASTER PHARMACIES GROUP LLC,DXB,PHARMACY,DUBAI MARINA,"ROYAL OCEANIC-1, S-01, MARSA STREET",04-5547096,,
HAYAH MedNet EBP OP,HAYAH MedNet EBP OP,MEDNET,ASTER PHARMACY 161 BR OF ASTER PHARMACIES GROUP LLC - DUBAI,DXB,PHARMACY,AL AWEER,"MARHABA MALL ,SAMARI RESIDENCE,RAS AL KHOR ROAD , AL AWEER, DUBAI",04-3424262,,
HAYAH MedNet EBP OP,HAYAH MedNet EBP OP,MEDNET,KHALIFA OBAID PHARMACY BR - DUBAI,DXB,PHARMACY,AL AWEER,"SAJAYA BUILDING, SAJAYA 7, AL MANAMA ROAD, NADD AL SHEBA 3, AWEER, DUBAI, UAE.",04-3316141,,
HAYAH MedNet EBP OP,HAYAH MedNet EBP OP,MEDNET,UMM AL QURA PHARMACY,DXB,PHARMACY,AL BADAA,"SHOP NO. 3, AL BADAA OASIS BUILDING",04-3455457,,
HAYAH MedNet EBP OP,HAYAH MedNet EBP OP,MEDNET,AL BARAHA PHARMACY,DXB,PHARMACY,AL BARAHA,"AL KHALEEJ STREET, AL BARAHA",04-2727252,,
HAYAH MedNet EBP OP,HAYAH MedNet EBP OP,MEDNET,HEALTH FIRST PHARMACY 25- SOUQ EXTRA BARSHA,DXB,PHARMACY,AL BARSHA,"37TH STREET, NEXT TO BARSHA 2- PARK 3,SOUQ EXTRA SHOPPING CENTER",04-3992116,,
HAYAH MedNet EBP OP,HAYAH MedNet EBP OP,MEDNET,ASTER PHARMACY 114- DM HEALTHCARE,DXB,PHARMACY,Al Barsha,"ASWAQ MALL, AL BARSHA SOUTH, DUBAI",04-3851450,,
HAYAH MedNet EBP OP,HAYAH MedNet EBP OP,MEDNET,MEDICINE SHOPPE MICRO PHARMACY,DXB,PHARMACY,AL BARSHA,"BARSHA, SARATOGA RESIDENTIAL COMPLEX",04-3237939,,
HAYAH MedNet EBP OP,HAYAH MedNet EBP OP,MEDNET,ASTER PHARMACY 134,DXB,PHARMACY,AL BARSHA,"GOLDEN SANDS BUILDING, BARSHA 1",04-3271483,,
HAYAH MedNet EBP OP,HAYAH MedNet EBP OP,MEDNET,HEALTH FIRST PHARMACY 45,DXB,PHARMACY,AL BARSHA,"SHOP NO. 4, ALRAWBHA BUILDING, HALIM STREET",04-3965891,,
HAYAH MedNet EBP OP,HAYAH MedNet EBP OP,MEDNET,HEALTH FIRST PHARMACY 47 BRANCH OF HEALTH FIRST INVESTMENT LLC,DXB,PHARMACY,AL BARSHA,"SHOP NO. S03, UMM SUQEIM",04-3850857,,
HAYAH MedNet EBP OP,HAYAH MedNet EBP OP,MEDNET,HEALTH FIRST PHARMACY 9,DXB,PHARMACY,AL BARSHA,"SUMMER2, AL BARSHA SOUTH",04-4233733,,
HAYAH MedNet EBP OP,HAYAH MedNet EBP OP,MEDNET,MEDICINA PHARMACY,DXB,PHARMACY,AL BARSHA,"UMM SUQEIM, AL BARSHA",04-3237202,,
HAYAH MedNet EBP OP,HAYAH MedNet EBP OP,MEDNET,MEDICINA PHARMACY 6,DXB,PHARMACY,AL BARSHA 1,"AL ATTAR BUSINESS CENTRE, AL BARSHA 1, SHEIKH ZAYED ROAD",04-3993370,,
HAYAH MedNet EBP OP,HAYAH MedNet EBP OP,MEDNET,MEDICINA PHARMACY 15- DUBAI - MEDICINA GRP,DXB,PHARMACY,AL BARSHA 1,"Hessa Rd., Albarsha 1, Dubai",04-8875072,,
HAYAH MedNet EBP OP,HAYAH MedNet EBP OP,MEDNET,HEALTH FIRST PHARMACY 35-PLANET PHARMACY-DUBAI,DXB,PHARMACY,AL BARSHA 1,"SHOP NO. 3, BIN KALAIB BUILDING",04-3471980,,
HAYAH MedNet EBP OP,HAYAH MedNet EBP OP,MEDNET,ASTER PHARMACY 131(BR OF ASTER PHARMACIES GROUP LLC),DXB,PHARMACY,Al Barsha first,Al Barsha first;Trio Buiding;,04-3475733,,
HAYAH MedNet EBP OP,HAYAH MedNet EBP OP,MEDNET,ASTER PHARMACY 145 (BR OF ASTER PHARMACIES GROUP),DXB,PHARMACY,AL KARAMA,"SHOP NO: 1, AL WALEED BUILDING. OPP. UNION MEDICAL CENTRE, IRANIAN SCHOOL ROAD, KARAMA",04-2505712,,
HAYAH MedNet EBP OP,HAYAH MedNet EBP OP,MEDNET,ASTER PHARMACY 118 BR OF ASTER PHARMACIES GROUP LLC,DXB,PHARMACY,AL NAHDA,"OBS BUILDING,GROUND FLOOR, SHOP NO.2, NAMMAN ROAD",04-2393397,,
HAYAH MedNet EBP OP,HAYAH MedNet EBP OP,MEDNET,NAHDA SAHARA PHARMACY LLC - DUBAI - (NOVO HEALTHCARE GROUP),DXB,PHARMACY,AL NAHDA 2,"Omair Juma Saeed Al Falasi, Behind Zulekha Hospital, Al Nahda 2, Dubai, UAE",04-2582750,,
HAYAH MedNet EBP OP,HAYAH MedNet EBP OP,MEDNET,MADINAT ALQOUZ PHARMACY LLC - ALQOUZ - DUBAI,DXB,PHARMACY,AL QOUZ,"FRANEK BUILDING - SHOP NO:3 BACK SIDE OF AL KHALIL MALL,AL QOUZ INDUSTRIAL AREA STREET - ALQOUZ - DUBAI",04-3388522,,
HAYAH MedNet EBP OP,HAYAH MedNet EBP OP,MEDNET,AL SEHA AL KUBRA PHARMACY LLC AL QUOZ 4-DUBAI,DXB,PHARMACY,AL QUOZ,"2ND FLOOR SHOP NO 27, AL KHAIL MALL, AL QUOZ 4, LATIFA BINT HAMDAN STREET, AL KHAIL MALL, DUBAI",04-3219926,,
HAYAH MedNet EBP OP,HAYAH MedNet EBP OP,MEDNET,ASTER PHARMACY 136 BR OF ASTER PHARMACIES GROUP LLC,DXB,PHARMACY,AL QUOZ,"ABDULLA AL ASMAWI BUILDING, AL QUOZ FOURTH",04-3808539,,
HAYAH MedNet EBP OP,HAYAH MedNet EBP OP,MEDNET,NEW AL QOUZ PHARMACY,DXB,PHARMACY,AL QUOZ,"AL QOUZ, AL QOUZ",04-3385854,,
HAYAH MedNet EBP OP,HAYAH MedNet EBP OP,MEDNET,AL QOUZ PHARMACY,DXB,PHARMACY,AL QUOZ,"AL QOUZ, NEAR PEPSI COLA COMPANY,SHIEKH ZAYED ROAD",04-3384404,,
HAYAH MedNet EBP OP,HAYAH MedNet EBP OP,MEDNET,ADVANCED CARE PHARMACY,DXB,PHARMACY,AL QUOZ,AL QUOZ,04-3307120,,
HAYAH MedNet EBP OP,HAYAH MedNet EBP OP,MEDNET,"ROYAL RUBY PHARMACY, AL QUOZ-NEW SANAIYA GROUP",DXB,PHARMACY,AL QUOZ,"AL QUOZ INDUSTRIAL AREA 3,",04-3791311,,
HAYAH MedNet EBP OP,HAYAH MedNet EBP OP,MEDNET,CAREWELL PHARMACY LLC-DUBAI,DXB,PHARMACY,AL QUOZ,"AL QUOZ MALL, AL QOUZ 3",04 3419008,,
HAYAH MedNet EBP OP,HAYAH MedNet EBP OP,MEDNET,ACCESS PHARMACY BR OF ASTER PHARMACIES GROUP LLC-ASTER GROUP,DXB,PHARMACY,AL QUOZ,"GF-1, AL ARIF BUILDING, AL QUOZ 3",04-3807218,,
HAYAH MedNet EBP OP,HAYAH MedNet EBP OP,MEDNET,NAD AL HAMAR PHARMACY L.L.C.-FAITH GROUP,DXB,PHARMACY,AL QUOZ,"NEAR TO AL KHAIL MALL,AL QUOZ",04-3284298,,
HAYAH MedNet EBP OP,HAYAH MedNet EBP OP,MEDNET,HEALTH FIRST PHARMACY 8,DXB,PHARMACY,AL QUOZ,"SHOP NO. 8, SOUQ EXTRA, AL QUOZ 1",04-3883012,,
HAYAH MedNet EBP OP,HAYAH MedNet EBP OP,MEDNET,AL NEEM GREEN PHARMACY LLC - DUBAI (AL NEEM GROUP),DXB,PHARMACY,Al Quoz 3,"BRIGHT MEDICAL CENTER BUILDING,AL QUOZ 3,DUBAI",04-3355557,,
HAYAH MedNet EBP OP,HAYAH MedNet EBP OP,MEDNET,"ZAMZAM PHARMACY LLC, AL QUOZ 4 (ZAMZAM PHARMACIES)",DXB,PHARMACY,AL QUOZ 4,"ABDULLA KETEIT MASJID BLDG, AL ASAYEL; ST, AL QUOZ 4, DUBAI",04-3394395,,
HAYAH MedNet EBP OP,HAYAH MedNet EBP OP,MEDNET,DULSCO PHARMACY BRANCH OF DULSCO LLC,DXB,PHARMACY,AL QUOZ 4,"DULSCO VILLAGE, AL QUOZ INDUSTRIAL AREA 4, DUBAI , UAE",04-3232442,,
HAYAH MedNet EBP OP,HAYAH MedNet EBP OP,MEDNET,MUSALAH AL QUOZE PHARMACY,DXB,PHARMACY,AL QUOZE 4,AL KHAIL MALL,04-3285928,,
HAYAH MedNet EBP OP,HAYAH MedNet EBP OP,MEDNET,ASTER PHARMACY 200 (BR OF ASTER PHARMACIES GROUP LLC),DXB,PHARMACY,AL QUSAIS,"BUILDING NO :241-487, AL NAHADA SECOND, AMMAN STREET, AL QUSAIS, OPP. LED WORLD",04-2505712,,
HAYAH MedNet EBP OP,HAYAH MedNet EBP OP,MEDNET,"LOTUS PHARMACY LLC, DXB",DXB,PHARMACY,AL QUSAIS,"DAMASCUSS; SAIF ALI RASHID BUILDING , AL QUSAIS - 1 ; DUBAI",04-3433134,,
HAYAH MedNet EBP OP,HAYAH MedNet EBP OP,MEDNET,"MEDIPRIME PHARMACY, AL QUSAIS (PRIME HEALTHCARE GROUP)",DXB,PHARMACY,AL QUSAIS,"GROUND FLOOR, ALQUSAIS PLAZA, DAMASCUS STREET, AL QUSAIS",04-6079876,,
HAYAH MedNet EBP OP,HAYAH MedNet EBP OP,MEDNET,MEDI GREEN PHARMACY-DUBAI,DXB,PHARMACY,AL QUSAIS,"SHOP # 3, BUHUSSAIN BUILDING, DOHA STREET, AL QUSAIS",04-2652535,,
HAYAH MedNet EBP OP,HAYAH MedNet EBP OP,MEDNET,ASTER PHARMACY 142 (BR OF ASTER PHARMACIES GROUP),DXB,PHARMACY,AL QUSAIS,"SHOP NO 4 , AL FATTAN BUILDING ,PLOT NO 233-129, BEHIND SNOW WHITE,  AL QUSAIS",04-2505712,,
HAYAH MedNet EBP OP,HAYAH MedNet EBP OP,MEDNET,ASTER PHARMACY 101 BR OF ASTER PHARMACIES GROUP LLC,DXB,PHARMACY,AL QUSAIS 1,"AQU BUIDING, AL QUSAIS1, SHEIKH COLONY",04-2382342,,
HAYAH MedNet EBP OP,HAYAH MedNet EBP OP,MEDNET,ASTER PHARMACY 102 (BR OF ASTER PHARMACY L.L.C.)-DR.MOOPEN'S,DXB,PHARMACY,AL QUSAIS 2,SAEED HAMAD MUSLEH JAMHOUR AL AHBABI BUILDING,04-2610833,,
HAYAH MedNet EBP OP,HAYAH MedNet EBP OP,MEDNET,ASTER PHARMACY 112 BR OF ASTER PHARMACIES GROUP LLC-ASTER GR,DXB,PHARMACY,AL RAFFA,"GROUND FLOOR, MOHAMED KHALIFA AL KHALAFI BUILDING, ROLLA STREET",04-3252920,,
HAYAH MedNet EBP OP,HAYAH MedNet EBP OP,MEDNET,MEDICOM 14,DXB,PHARMACY,AL RASHIDIYA,"AL RASHIDIYA, UNION COOPERATIVE SOCIETY",04-2672946,,
HAYAH MedNet EBP OP,HAYAH MedNet EBP OP,MEDNET,ASTER PHARMACY 202 (BR OF ASTER PHARMACIES GROUP),DXB,PHARMACY,AL RASHIDIYA,"BIN SOUGAT CENTER, AIRPORT ROAD, AL RASHIDIY, NEAR METRO STATION",04-2540474,,
HAYAH MedNet EBP OP,HAYAH MedNet EBP OP,MEDNET,"AXON PHARMA LLC, RASHIDIYA (AMLED INVESTMENT MANAGEMENT LLC)",DXB,PHARMACY,AL RASHIDIYA,"RASHIDIYA CENTRAL MARKET BLDG, GROUND FLOOR, AL RASHIDIYA.",04-2868501,,
HAYAH MedNet EBP OP,HAYAH MedNet EBP OP,MEDNET,MEDI PRIME PHARMACY JUMEIRAH BRANCH L.L.C(PRIME HEALTHCARE GROUP),DXB,PHARMACY,AL SAFA FIRST,"GROUND FLOOR, AL FERDOUS 1, AL WASL ROAD, AL SAFA DUBAI",04-7070999,,
HAYAH MedNet EBP OP,HAYAH MedNet EBP OP,MEDNET,EHSAAN PHARMACY,DXB,PHARMACY,AL SHAAB,"AL SHAAB COLONY, AL SHAAB COLONY",04-2975986,,
HAYAH MedNet EBP OP,HAYAH MedNet EBP OP,MEDNET,CENTRAL MARKET PHARMACY- BIN SINA GROUP,DXB,PHARMACY,AL TAWAR 1,AL TAWAR 1,04-2613451,,
HAYAH MedNet EBP OP,HAYAH MedNet EBP OP,MEDNET,PANORAMA RX PHARMACY BR OF IMARA HEALTH CARE LLC,DXB,PHARMACY,AL THANYA 3,"PANORAMA BUILDING, JABEL ALI RACE COURSE ROAD, FIRST AL KHAIL STREET",04-4557256,,
HAYAH MedNet EBP OP,HAYAH MedNet EBP OP,MEDNET,MEDI PRIME PHARMACY BARSHA HEIGHTS BRANCH LLC(PRIME HEALTHCARE GROUP),DXB,PHARMACY,AL THANYAH FIRST,"GROUND FLOOR, ONYX TOWER 1, BESIDE COSTA COFFEE, THE GREENS (AL THANYAH THIRD), DUBAI, UAE",04-7070999,,
HAYAH MedNet EBP OP,HAYAH MedNet EBP OP,MEDNET,ASTER PHARMACY 120 BR OF ASTER PHARMACIES GROUP LLC-DUBAI,DXB,PHARMACY,AL WARQA,"ABDUL RAOUF MOHAMMED SALEH ALAVI BUILDING, AL WARQA 1",04-2803995,,
HAYAH MedNet EBP OP,HAYAH MedNet EBP OP,MEDNET,MEDI PRIME PHARMACY AL WARQA (BR OF MEDI PRIME PHARMACY (LLC),DXB,PHARMACY,Al Warqa,AL WARQA,04-7070999,,
HAYAH MedNet EBP OP,HAYAH MedNet EBP OP,MEDNET,AL WARQA PHARMACY,DXB,PHARMACY,AL WARQA,"WARQA, HUMAID BUILDING",04-2801691,,
HAYAH MedNet EBP OP,HAYAH MedNet EBP OP,MEDNET,ASTER PHARMACY 104 (BR OF ASTER PHARMACIES GROUP LLC),DXB,PHARMACY,AL WARQA 1,"HANBAL SHAFIE AL MADANI BUILDING, NEAR TO ASTER ORTHO CLINIC AL WARQA,  AL WARQA-1, DUBAI",04-2829440,,
HAYAH MedNet EBP OP,HAYAH MedNet EBP OP,MEDNET,MEDICINA 8-DUBAI -MEDICINA GRP,DXB,PHARMACY,Al Warqaa 1,"neer Mass Supermarket, Al Warqaa 1, Dubai",04-2800674,,
HAYAH MedNet EBP OP,HAYAH MedNet EBP OP,MEDNET,"PRIMECORP MEDICAL CENTER AL WARSAN PHARMACY BR OF PRIMECORP MEDICAL CENTER, AL WARSAN (PRIME HEALTHCARE GROUP)",DXB,PHARMACY,AL WARSAN 3,"DUBAI MUNICIPALITY LABOR ACCOMMODATION, AL WARSAN 3, AL WARSAN, DUBAI, UAE",04-7070999,,
HAYAH MedNet EBP OP,HAYAH MedNet EBP OP,MEDNET,ASTER PHARMACY 157 BR OF ASTER PHARMACIES GROUP LLC-DUBAI,DXB,PHARMACY,AL WASL,"R-531-A, DAR AL WASL BUILDING, AL WASL ROAD, NEAR SAFA",04-3867820,,
HAYAH MedNet EBP OP,HAYAH MedNet EBP OP,MEDNET,MEDICINA 1 PHARMACY,DXB,PHARMACY,AL WASL,"SOUQ AL WASL DISTRICT, AL MAKTOUM HOSPITAL ROAD",04-2943248,,
HAYAH MedNet EBP OP,HAYAH MedNet EBP OP,MEDNET,MEDICINA PHARMACY 9-DUBAI -MEDICINA GRP,DXB,PHARMACY,AL WASL,"Wasl Stadium, Oud Metha Rd., Dubai",04-3313152,,
HAYAH MedNet EBP OP,HAYAH MedNet EBP OP,MEDNET,NEW AL NEEM PHARMACY LLC-AL NEEM GROUP,DXB,PHARMACY,ALQUOZ 2,"SHOP NO. 5, AL MADINA HYPERMARKET BUILDING",04-3282121,,
HAYAH MedNet EBP OP,HAYAH MedNet EBP OP,MEDNET,AL MADEENA AL SANAIYA PHARMACY,DXB,PHARMACY,ALQUOZ 4,NEAR AL MADINA SUPERMARKET,04-3406761,,
HAYAH MedNet EBP OP,HAYAH MedNet EBP OP,MEDNET,NEW SANAIYA PHARMACY,DXB,PHARMACY,ALQUOZ 4,NEAR MADINA SUPERMARKET,04-2648202,,
HAYAH MedNet EBP OP,HAYAH MedNet EBP OP,MEDNET,HEALTH FIRST PHARMACY 40- DUBAI- PLANET PHARMACY,DXB,PHARMACY,ALQUOZ 4,"SHOP NO:10 & 11,  AL BADRI 17A BUILDING, NEAR EROS LABOUR CAMP, OPP SAWAHEL ALMADEENA, ALQUOZ 4",04-3331699,,
HAYAH MedNet EBP OP,HAYAH MedNet EBP OP,MEDNET,MEDI LINK PHARMACY - DUBAI,DXB,PHARMACY,ARABIAN RANCHES,"SHOP B14, VILLAGE COMMUNITY CENTRE, ARABIAN RANCHES, DUBAI, UAE.",04-3618218,,
HAYAH MedNet EBP OP,HAYAH MedNet EBP OP,MEDNET,DRAGON PHARMACY,DXB,PHARMACY,AWEER,"AWEER, DUBAI",04-3687409,,
HAYAH MedNet EBP OP,HAYAH MedNet EBP OP,MEDNET,MODERN LIFE PHARMACY,DXB,PHARMACY,AWEER,"AWEER, NEAR VEGETABLE AND FRUIT MARKET",04-3332996,,
HAYAH MedNet EBP OP,HAYAH MedNet EBP OP,MEDNET,PRIMACARE PHARMACY L.L.C-AVIVO GROUP-DUBAI,DXB,PHARMACY,BANK STREET,"1503 AL MUSALLA TOWER 15TH FLOOR, BANK ST. AL HAMRIYA",04-3966123,,
HAYAH MedNet EBP OP,HAYAH MedNet EBP OP,MEDNET,ABRIS PHARMACY LLC-DUBAI,DXB,PHARMACY,BUR DUBAI,"1ST FLOOR, SOUQ AL KABEER BUILDING, AL FAHIDI STREET,MEENA BAZAR",04-3535357,,
HAYAH MedNet EBP OP,HAYAH MedNet EBP OP,MEDNET,NEW MEDI PRIME PHARMACY,DXB,PHARMACY,BUR DUBAI,"3RD FLOOR OF BURJUMAN CENTER, KHALID BIN AL WALEED ROAD, DUBAI, UAE",04-3584979,,
HAYAH MedNet EBP OP,HAYAH MedNet EBP OP,MEDNET,RX PHARMACY,DXB,PHARMACY,BUR DUBAI,"ABDUL WAHEED FIKREE BUILDING, AL RAFA STREET",04-3555129,,
HAYAH MedNet EBP OP,HAYAH MedNet EBP OP,MEDNET,HEALTH FIRST PHARMACY  1-PLANET PHARMACY,DXB,PHARMACY,BUR DUBAI,"AL BARSHA ROAD, TAMIMI HOUSE",04-4377533,,
HAYAH MedNet EBP OP,HAYAH MedNet EBP OP,MEDNET,MEDICINA AL FAHIDI PHARAMCY,DXB,PHARMACY,BUR DUBAI,AL FAHIDI SOUQ,04-2220163,,
HAYAH MedNet EBP OP,HAYAH MedNet EBP OP,MEDNET,NICE LIFE PHARMACY ( BR OF ASTER PHARMACIES GROUP LLC) - DUBAI,DXB,PHARMACY,BUR DUBAI,"AL HUDAIBA AWARDS BUILDING, GROUND FLOOR, SHOP AG:12, JUMEIRAH ROAD, BUDUBAI, DUBAI",04-3092900,,
HAYAH MedNet EBP OP,HAYAH MedNet EBP OP,MEDNET,GOLDEN SANDS PHARMACY,DXB,PHARMACY,BUR DUBAI,"AL MANKHOOL STREET, AL AIN CENTRE (COMPUTER PLAZA)",04-3511444,,
HAYAH MedNet EBP OP,HAYAH MedNet EBP OP,MEDNET,UNION PHARMACY,DXB,PHARMACY,BUR DUBAI,"AL RAFA ROAD, AL RAFA",04-3935619,,
HAYAH MedNet EBP OP,HAYAH MedNet EBP OP,MEDNET,ASTER PHARMACY 147 BR OF ASTER PHARMACIES GROUP LLC-DR. MOOPENS,DXB,PHARMACY,BUR DUBAI,"ASTER JUBILEE MEDICAL COMPLEX, KHALEED BIN AL-WALEED STREET, NEAR TO AL FAHIDI METRO STATION, BURDUBAI",04-3254026,,
HAYAH MedNet EBP OP,HAYAH MedNet EBP OP,MEDNET,ASTER AL SHAFAR PHARMACY (form. LAMCY PHARMACY),DXB,PHARMACY,BUR DUBAI,"Block C, Shop No.4 , Al Muhaisnah Star Building ,Opposite RTA office, Lulu Village, Muhaisina",04-2201489,,
HAYAH MedNet EBP OP,HAYAH MedNet EBP OP,MEDNET,UNICARE PHARMACY,DXB,PHARMACY,BUR DUBAI,"BURJUMAN SHOPPING CENTER, KHALID BIN WALID STREET",04-3599523,,
HAYAH MedNet EBP OP,HAYAH MedNet EBP OP,MEDNET,AL GHUBAIBA PHARMACY,DXB,PHARMACY,BUR DUBAI,"ICE FACTORY BUILDING, SHINDAGHA",04-3266042,,
HAYAH MedNet EBP OP,HAYAH MedNet EBP OP,MEDNET,ASTER PHARMACY 126-BR OF ASTER PHARMACIES GROUP LLC,DXB,PHARMACY,BUR DUBAI,"JUMERIAH, UMSUQUIM 1, NEAR MEDCARE CLINIC",04-3952213,,
HAYAH MedNet EBP OP,HAYAH MedNet EBP OP,MEDNET,ASTER PHARMACY 1,DXB,PHARMACY,BUR DUBAI,"KHALID BIN AL WALEED RD, ASTER COMPLEX BUILDING",04-3863800,,
HAYAH MedNet EBP OP,HAYAH MedNet EBP OP,MEDNET,MARIAM PHARMACY,DXB,PHARMACY,BUR DUBAI,"KHALID BIN WALID STREET,  OPPSITE BURJUMAN , NEAR MASHREQ BANK",04-3975581,,
HAYAH MedNet EBP OP,HAYAH MedNet EBP OP,MEDNET,AL RAHA PHARMACY,DXB,PHARMACY,BUR DUBAI,"KHALID BIN WALID STREET, BUR DUBAI",04-3523383,,
HAYAH MedNet EBP OP,HAYAH MedNet EBP OP,MEDNET,YACOUB PHARMACY,DXB,PHARMACY,BUR DUBAI,"KHALID BIN WALID STREET, NEAR ABN ABRO BANK , BESIDES FOUR POINT SHERATON",04-3523332,,
HAYAH MedNet EBP OP,HAYAH MedNet EBP OP,MEDNET,ASTER DAY SURGERY CENTRE PHARMACY LLC,DXB,PHARMACY,BUR DUBAI,"MANKHOOL, MOHAMMAD HUSSAIN ALI YATEEM,AL RAFFA, BUR DUBAI",04-3814987,,
HAYAH MedNet EBP OP,HAYAH MedNet EBP OP,MEDNET,AL MUSALLAH PHARMACY,DXB,PHARMACY,BUR DUBAI,"MUSALLAH ROAD, BURDUBAI",04-3971291,,
HAYAH MedNet EBP OP,HAYAH MedNet EBP OP,MEDNET,ASTER PHARMACY 146 (BR OF ASTER PHARMACIES GROUP),DXB,PHARMACY,BUR DUBAI,"NEAR TO GHUBAIBA BUS STATION, SHINDAGA, BUR DUBAI",04-2505712,,
HAYAH MedNet EBP OP,HAYAH MedNet EBP OP,MEDNET,JANSONS PHARMACY,DXB,PHARMACY,BUR DUBAI,"OPPOSITE TO AL RAFFA POLICE STATION, IN KHYBER BUILDING (SHOP NO:4),FACING BUR DUBAI BUS STATION AND CARREFOUR SUPERMARKET",04-3939011,,
HAYAH MedNet EBP OP,HAYAH MedNet EBP OP,MEDNET,SHINDAGA PHARMACY,DXB,PHARMACY,BUR DUBAI,"SHINDAGA STREET, SHINDAGA CARREFOUR COMPLEX",04-3933889,,
HAYAH MedNet EBP OP,HAYAH MedNet EBP OP,MEDNET,ASTER PHARMACY 138 (BR OF ASTER PHARMACIES GRP) LLC-DR MOOPE,DXB,PHARMACY,BUR DUBAI,"SHOP NO. 1, PLOT #426 (136-700), NEAR ASTER INFERTILITY CLINIC, AL RAFA MANKHOOL, BURDUBAI",04-3315297,,
HAYAH MedNet EBP OP,HAYAH MedNet EBP OP,MEDNET,ASTER PHARMACY117 - ASTER PHARMACY GROUP,DXB,PHARMACY,BUR DUBAI,"SHOP NO. 12, BAIT AL-WALEED, AL-SOUQ AL-KABEER, MANKHOOL",04-3252882,,
HAYAH MedNet EBP OP,HAYAH MedNet EBP OP,MEDNET,HEALTH FIRST PHARMACY 34,DXB,PHARMACY,BUR DUBAI,"SHOP NO. 3, IBRAHIM BIN ABDULRAHIM QASSEM BUILDING, AL HAMRIYA, MUSALLA ROAD",04-3852791,,
HAYAH MedNet EBP OP,HAYAH MedNet EBP OP,MEDNET,ASTER AL HAYAT PHARMACY BR OF ASTER PHARMACIES GROUP-DUBAI,DXB,PHARMACY,BUR DUBAI,"SHOP NO. 3, NEAR TO AL ADIL SUPER MARKET, BURDUBAI",04-3552633,,
HAYAH MedNet EBP OP,HAYAH MedNet EBP OP,MEDNET,ASTER PHARMACY 206 BR OF ASTER PHARMACIES GROUP LLC (BURJ DUBAI),DXB,PHARMACY,BURJ DUBAI,"Shop no: BF02, Burj Dubai, Shaikh Mohammed bin Rashid Boulevard, Dubai Fountain View, Next to Address Fountain View Hotel",04-5475036,,
HAYAH MedNet EBP OP,HAYAH MedNet EBP OP,MEDNET,MED X PHARMACY LLC BRANCH - DUBAI,DXB,PHARMACY,BUSINESS BAY,"51 TOWER, BUSINESS BAY, AL ABRAJ NORTH, DUBAI, UAE.",04-2854641,,
HAYAH MedNet EBP OP,HAYAH MedNet EBP OP,MEDNET,ZABEEL PHARMACY LLC ( BR OF ASTER PHARMACIES GROUP) - DUBAI,DXB,PHARMACY,BUSINESS BAY,"BLUE BAY TOWER, MARASI DRIVE STREET, NEAR TO STEIGENBERGER, BUSINESS BAY, DUBAI",04-5897129,,
HAYAH MedNet EBP OP,HAYAH MedNet EBP OP,MEDNET,HEALTH FIRST PHARMACY 4-PLANET PHARMACY,DXB,PHARMACY,BUSINESS BAY,"BUSINESS BAY, EXECUTIVE TOWERS, LAKE SIDE RIGHT, UNIT G110",04-4587004,,
HAYAH MedNet EBP OP,HAYAH MedNet EBP OP,MEDNET,ONYX PHARMACY,DXB,PHARMACY,BUSINESS BAY,"SHOP # 5, MAYFAIR TOWER, AL ABRAJ STREET, BUSINESS BAY",04-4564583,,
HAYAH MedNet EBP OP,HAYAH MedNet EBP OP,MEDNET,HEALTH FIRST PHARMACY 11,DXB,PHARMACY,BUSINESS BAY,"SHOP 8, BUILDING 3, BAY SQUARE",04-4560100,,
HAYAH MedNet EBP OP,HAYAH MedNet EBP OP,MEDNET,MEDI PRIME PHARMACY REEF MALL-BR OF MEDI PRIME PHARMACY LLC,DXB,PHARMACY,DEIRA,"3RD FLOOR OF REEF MALL, SALAHUDDIN ROAD, DEIRA, DUBAI",04-6079916,,
HAYAH MedNet EBP OP,HAYAH MedNet EBP OP,MEDNET,BAIT AL SHIFA NEW PHARMACY,DXB,PHARMACY,DEIRA,"ABU HAIL ROAD, OPP. ABU HAIL CENTER., NEW AL SAFIYA BLDG.",04-2666464,,
HAYAH MedNet EBP OP,HAYAH MedNet EBP OP,MEDNET,AL BARAKA PHARMACY,DXB,PHARMACY,DEIRA,AL BARAKA PHARMACY DUBAI -SANA GROUP OF PHARMACIES,04 -2230500,,
HAYAH MedNet EBP OP,HAYAH MedNet EBP OP,MEDNET,ASTER PHARMACY 123 BR. OF ASTER PHARMACIES GROUP LLC,DXB,PHARMACY,DEIRA,"AL GHURAIR REAL ESTATE BUILDING, AL MUTEENA STREET",04-2731282,,
HAYAH MedNet EBP OP,HAYAH MedNet EBP OP,MEDNET,HEALTH FIRST PHARMACY  2-PLANET PHARMACY,DXB,PHARMACY,DEIRA,"AL MAKTOOM STREET, NEXT TO EMIRATES BANK",04-2287027,,
HAYAH MedNet EBP OP,HAYAH MedNet EBP OP,MEDNET,AL MANARA PHARMACY-AL MAKTOUM RD,DXB,PHARMACY,DEIRA,AL MAKTOUM STREET,04-6814644,,
HAYAH MedNet EBP OP,HAYAH MedNet EBP OP,MEDNET,AL SHAWAB PHARMACY,DXB,PHARMACY,DEIRA,AL SHAWAB PHARMACY DUBAI -SANA GROUP OF PHARMACIES,04 -2277603,,
HAYAH MedNet EBP OP,HAYAH MedNet EBP OP,MEDNET,AL RAWDA PHARMACY,DXB,PHARMACY,DEIRA,"AL SIDIQ ROAD, NEAR CLOCK TOWER",04-2940786,,
HAYAH MedNet EBP OP,HAYAH MedNet EBP OP,MEDNET,HEALTH FIRST PHARMACY 5,DXB,PHARMACY,DEIRA,"DEIRA, BEHIND UNION STATION",04-2280102,,
HAYAH MedNet EBP OP,HAYAH MedNet EBP OP,MEDNET,MEDICOM (AL PHARABI PHARMACY),DXB,PHARMACY,DEIRA,"DEIRA, GOLD SOUQ",04-2264844,,
HAYAH MedNet EBP OP,HAYAH MedNet EBP OP,MEDNET,ASMA PHARMACY,DXB,PHARMACY,DEIRA,"DIERA, NAIF ROAD",04-2222786,,
HAYAH MedNet EBP OP,HAYAH MedNet EBP OP,MEDNET,MEDICOM 8,DXB,PHARMACY,DEIRA,"HAMARIYA , CENTURY MALL",04-2965040,,
HAYAH MedNet EBP OP,HAYAH MedNet EBP OP,MEDNET,HEALTH FIRST PHARMACY  23-PLANET PHARMACY,DXB,PHARMACY,DEIRA,"HAMRIAN CENTER, MARRIOTT HOTEL BLDG.",04-2693618,,
HAYAH MedNet EBP OP,HAYAH MedNet EBP OP,MEDNET,IQRA PHARMACY,DXB,PHARMACY,DEIRA,"NAIF ROAD, DR.MOOPENS BUILDING",04-2289164,,
HAYAH MedNet EBP OP,HAYAH MedNet EBP OP,MEDNET,NAEEM PHARMACY DUBAI,DXB,PHARMACY,DEIRA,"NAKHEEL ROAD, NEAR MALABAR SUPER MARKET",04-2212310,,
HAYAH MedNet EBP OP,HAYAH MedNet EBP OP,MEDNET,GIGI PHARMACY-DUBAI-RASALKHOOR PHARMACY GROUP,DXB,PHARMACY,DEIRA,NEAR CLOCK TOWR DEIRA NEXT AL BASAM CENTER,04-2666797,,
HAYAH MedNet EBP OP,HAYAH MedNet EBP OP,MEDNET,PANACEA PHARMACY REEF- DM HEALTHCARE,DXB,PHARMACY,DEIRA,"NEAR TO ANSAR GALLERY, SALAH AL DIN ROAD",04-2239805,,
HAYAH MedNet EBP OP,HAYAH MedNet EBP OP,MEDNET,ASTER PHARMACY 155 (BR OF ASTER PHARMACIES GROUP LLC),DXB,PHARMACY,DEIRA,"Near to IBIS Hotel,Business Centre",04-2280204,,
HAYAH MedNet EBP OP,HAYAH MedNet EBP OP,MEDNET,RASHID PHARMACY,DXB,PHARMACY,DEIRA,RIQA ROAD,04-2211739,,
HAYAH MedNet EBP OP,HAYAH MedNet EBP OP,MEDNET,MEDI PRIME PHARMACY,DXB,PHARMACY,DEIRA,"SALAHUDEEN STREET, SHEIK SAUD BLDG, SALAHUDDIN RD",04-2730273,,
HAYAH MedNet EBP OP,HAYAH MedNet EBP OP,MEDNET,ASTER DCC PHARMACYLLC-DEIRRA CITY CENTER,DXB,PHARMACY,DEIRA,"SHO[P NO.M-20,1ST FLOOR, OPPOSITE CARREFOUR HYPERMARKET , DEIRA CITY CENTER. DEIRA , DUBAI",04-2210732,,
HAYAH MedNet EBP OP,HAYAH MedNet EBP OP,MEDNET,NOVO PHARMACY BRANCH - DUBAI (NOVO HEALTHCARE GROUP),DXB,PHARMACY,DEIRA,"Shop 004A, Ground Floor, Galleria Building Hyatt Regency, Deira, Dubai, UAE",04-2391516,,
HAYAH MedNet EBP OP,HAYAH MedNet EBP OP,MEDNET,ASTER PHARMACY 128- DM HEALTHCARE,DXB,PHARMACY,DEIRA,"SHOP 2, ABU HAIL BUILDING, PLOT NO:2130(126-449), ABU HAIL, DEIRA",04-2672946,,
HAYAH MedNet EBP OP,HAYAH MedNet EBP OP,MEDNET,ASTER PHARMACY 158 BR OF ASTER PHARMACIES GROUP LLC,DXB,PHARMACY,DIP,ABU BAKER SIDDIQUE ROAD,04-2438618,,
HAYAH MedNet EBP OP,HAYAH MedNet EBP OP,MEDNET,ASTER PHARMACY 160 BR OF ASTER PHARMACIES GROUP LLC - DUBAI,DXB,PHARMACY,DIP,"JABAL ALI SHOPPING CENTER, 86 STREET, NEAR TO RAMLA MARKET,DUBAI INVESTMENT PARK 1 , DUBAI",04-8847176,,
HAYAH MedNet EBP OP,HAYAH MedNet EBP OP,MEDNET,ACCESS PHARMACY 3-DUBAI- DM HEALTHCARE,DXB,PHARMACY,DIP,"SHOP NO:8, 550 SQFT.AT, PLOT # 597-874, NEAR TO ACCESS CLINIC DIP",04-2672946,,
HAYAH MedNet EBP OP,HAYAH MedNet EBP OP,MEDNET,MEDSHOP GARDEN PHARMACY,DXB,PHARMACY,DISCOVERY GARDEN,"DISCOVERY GARDEN, ZEN CLUSTER",04-4329596,,
HAYAH MedNet EBP OP,HAYAH MedNet EBP OP,MEDNET,ASTER PHARMACY 115- DM HEALTHCARE,DXB,PHARMACY,DISCOVERY GARDENS,"DISCOVERY PAVILION BUILDING, STREET 7",04-5546021,,
HAYAH MedNet EBP OP,HAYAH MedNet EBP OP,MEDNET,ASTER PHARMACY 100-DR. MOOPENS PHARMACY,DXB,PHARMACY,DUBAI HEALTHCARE CITY,"AL RAZI BUILDING, BUILDING NO 64, D BLOCK, DHCC",04-4343922,,
HAYAH MedNet EBP OP,HAYAH MedNet EBP OP,MEDNET,MEDICINA PHARMACY 11,DXB,PHARMACY,DUBAI HEALTHCARE CITY,"BUILDING NO. 40, UNIT #G03",04-4547696,,
HAYAH MedNet EBP OP,HAYAH MedNet EBP OP,MEDNET,NAKHEEL PHARMACY,DXB,PHARMACY,DUBAI HEALTHCARE CITY,"DUBAI HEALTH CARE CITY , AL BAKER#26",04-4370530,,
HAYAH MedNet EBP OP,HAYAH MedNet EBP OP,MEDNET,NEW ADVANCED CARE PHARMACY LLC-ADVANCED CARE GROUP,DXB,PHARMACY,Dubai Industrial City,"Souq No :4, Shop Number : 4 & 5,Labour City 3",04-3807807,,
HAYAH MedNet EBP OP,HAYAH MedNet EBP OP,MEDNET,Aster Pharmacy 156 (Br of Aster Pharmacies Group LLC),DXB,PHARMACY,DUBAI INDUSTRIAL CITY,SHOP NO 6  SAPPHIRE MALL  DUBAI INDUSTRIAL CITY  NEAR TO AL MAKTOUM INTERNATIONAL AIRPORT,04-5877191,,
HAYAH MedNet EBP OP,HAYAH MedNet EBP OP,MEDNET,I CARE PHARMACY (LLC),DXB,PHARMACY,DUBAI INTERNATIONAL CITY,"BUILDING Y16, ENGLAND CLUSTER",04-4470314,,
HAYAH MedNet EBP OP,HAYAH MedNet EBP OP,MEDNET,AL MANZIL PHARMACY- DIP 2,DXB,PHARMACY,DUBAI INVESTMENT PARK,DIP 2,04-8841441,,
HAYAH MedNet EBP OP,HAYAH MedNet EBP OP,MEDNET,NMC HOSPITAL PHARMACY - DIP,DXB,PHARMACY,DUBAI INVESTMENT PARK,DUBAI INVESTMENT PARK,04-8108800,,
HAYAH MedNet EBP OP,HAYAH MedNet EBP OP,MEDNET,AL AZHAR PHARMACY,DXB,PHARMACY,DUBAI INVESTMENT PARK,"DUBAI INVESTMENT PARK, BEHIND RAMLA SUPERMARKET",04-8858374,,
HAYAH MedNet EBP OP,HAYAH MedNet EBP OP,MEDNET,ASTER PHARMACY 2,DXB,PHARMACY,DUBAI INVESTMENT PARK,"DUBAI INVESTMENT PARK, INSIDE CARREFOUR MARKET",04-8858044,,
HAYAH MedNet EBP OP,HAYAH MedNet EBP OP,MEDNET,PARK BETTER LIFE PHARMACY,DXB,PHARMACY,DUBAI INVESTMENT PARK,"DUBAI INVESTMENT PARK, PARK SHOPPING CENTRE",04-8858574,,
HAYAH MedNet EBP OP,HAYAH MedNet EBP OP,MEDNET,ASTER DIP PHARMACY,DXB,PHARMACY,DUBAI INVESTMENT PARK,"DUBAI INVESTMENT PARK, RAMLA SUPER MARKET",04-8800996,,
HAYAH MedNet EBP OP,HAYAH MedNet EBP OP,MEDNET,ADVANCED STAR PHARMACY LLC,DXB,PHARMACY,DUBAI INVESTMENT PARK,"SHOP # 3, NASEEM AL MADEENA SUPERMARKET BUILDING, PHASE 2 DIP",04-8851154,,
HAYAH MedNet EBP OP,HAYAH MedNet EBP OP,MEDNET,HEALTH FIRST PHARMACY 43,DXB,PHARMACY,DUBAI INVESTMENTS PARK 1,"DUBAI INVESTMENT PARK FIRST, NESTO (CARAWAN) SUPERMARKET",04-8801832,,
HAYAH MedNet EBP OP,HAYAH MedNet EBP OP,MEDNET,ASTER PHARMACY 164 BR OF ASTER PHARMACIES GROUP LLC - DUBAI,DXB,PHARMACY,DUBAI LAND,"SHOP NO.R-7B, TOWER-D. SKY COURTS, DUBAI AL AIN ROAD, DUBAI LAND.",04-3208941,,
HAYAH MedNet EBP OP,HAYAH MedNet EBP OP,MEDNET,MEDICINA 4 PHARMACY,DXB,PHARMACY,DUBAI MARINA,"NURAN BUILDING, AL HUBOB STREET",04-4563304,,
HAYAH MedNet EBP OP,HAYAH MedNet EBP OP,MEDNET,ASTER PHARMACY 130 - DR. MOOPENS GROUP,DXB,PHARMACY,DUBAI MARINA,"SHOP NO.1, GROUND FLOOR, BEHIND DAMAC PROPERTIES METRO STATION, OPP- TRIDENT BUILDING",04-5586175,,
HAYAH MedNet EBP OP,HAYAH MedNet EBP OP,MEDNET,AL MANARA PHARMACY BRANCH,DXB,PHARMACY,DUBAI SILICON OASIS,DUBAI SILICON OASIS,04-3330554,,
HAYAH MedNet EBP OP,HAYAH MedNet EBP OP,MEDNET,MEDICURE PHARMACY,DXB,PHARMACY,DUBAI SILICON OASIS,"PALACE TOWER, DUBAI SILICON OASIS",04-3926268,,
HAYAH MedNet EBP OP,HAYAH MedNet EBP OP,MEDNET,HEALTH FIRST PHARMACY 37,DXB,PHARMACY,DUBAI SPORTS CITY,"GROUND FLOOR, MEDITERRANEAN BUILDING, CANAL RESIDENCE WEST, HESSA STREET, DUBAI SPORTS CITY",04-3606023,,
HAYAH MedNet EBP OP,HAYAH MedNet EBP OP,MEDNET,ASTER PHARMACY 141 BROF ASTER PHARMACIES GROUP LLC-DUBAI,DXB,PHARMACY,FESTIVAL CITY,"SHOP NO SC 021, GROUND FLOOR, DUBAI FESTIVAL CITY MALL",04-2365418,,
HAYAH MedNet EBP OP,HAYAH MedNet EBP OP,MEDNET,MEDIGREEN PHARMACY LLC BRANCH,DXB,PHARMACY,FURIJ MARAR,"FRIJ MURAR, DERIRA , DUBAI",04-2542757,,
HAYAH MedNet EBP OP,HAYAH MedNet EBP OP,MEDNET,EURO HEALTH PHARMACY LLC BRANCH,DXB,PHARMACY,HAMRIYA,"107 ABU HAIL ROAD, HAMRIYA SHOPPING CENTER",04-2540840,,
HAYAH MedNet EBP OP,HAYAH MedNet EBP OP,MEDNET,HATTA PHARMACY,DXB,PHARMACY,HATTA,HATTA PHARMACY DUBAI -SANA GROUP OF PHARMACIES,04-8521794,,
HAYAH MedNet EBP OP,HAYAH MedNet EBP OP,MEDNET,SAHARA STAR PHARMACY - DUBAI - (NOVO HEALTHCARE GROUP),DXB,PHARMACY,HOR AL ANZ,"Hamriya Shopping Complex, Hor Al Anz East, Deira, Near Union Cooporative Society, Dubai, UAE",04-2688485,,
HAYAH MedNet EBP OP,HAYAH MedNet EBP OP,MEDNET,ASTER PHARMACY 144- DM HEALTHCARE,DXB,PHARMACY,HOR AL ANZ,"SHOP 5&6, NEAR TO TALAL SUPERMARKET, HOR AL ANZ",04-2212250,,
HAYAH MedNet EBP OP,HAYAH MedNet EBP OP,MEDNET,ASTER PHARMACY 132- DM HEALTHCARE,DXB,PHARMACY,HOR AL ANZ EAST,SHEIKH SUHAIL BUILDING,04-2692835,,
HAYAH MedNet EBP OP,HAYAH MedNet EBP OP,MEDNET,KHALIDHA PHARMACY LLC - KHALIDHA MEDICAL CENTRE GROUP,DXB,PHARMACY,INDUSTRIAL AREA 3,"SHOP NO-1, SEHER-E-KARACHI BUILDING,B AL QUOZ IDUSTRIAL AREA3, DUBAI",04-3952885,,
HAYAH MedNet EBP OP,HAYAH MedNet EBP OP,MEDNET,ASTER PHARMACY 105- DM HEALTHCARE,DXB,PHARMACY,INTERNATIONAL CITY,"BLDG. I - 11, SHOP NO. 02, AL WARSAN FIRST, MOROCCO CLUSTER,INTERNATIONAL CITY",04-2275972,,
HAYAH MedNet EBP OP,HAYAH MedNet EBP OP,MEDNET,ASTER PHARMACY 104- DM HEALTHCARE,DXB,PHARMACY,INTERNATIONAL CITY,"BUILDING-L-11, SHOP NO.2, GREECE CLUSTER, INTERNATIONAL CITY",04-2775973,,
HAYAH MedNet EBP OP,HAYAH MedNet EBP OP,MEDNET,ASTER PHARMACY 103- DM HEALTHCARE,DXB,PHARMACY,INTERNATIONAL CITY,"BUILDING-N0.4, SHOP NO.S-04, AL WARSAN FIRST, PERSIA CLUSTER, INTERNATIONAL CITY",04-2765802,,
HAYAH MedNet EBP OP,HAYAH MedNet EBP OP,MEDNET,AL NEEM PHARMACY LLC,DXB,PHARMACY,International City,"CBD20, RIVERA DREAMS",04-3697130,,
HAYAH MedNet EBP OP,HAYAH MedNet EBP OP,MEDNET,DRAGON MART PHARMACY  (Br of Al Shafar Pharmacies Group LLC),DXB,PHARMACY,INTERNATIONAL CITY,DRAGON MART MAIN ENTRANCE,04-3687450,,
HAYAH MedNet EBP OP,HAYAH MedNet EBP OP,MEDNET,RUBY PHARMACY,DXB,PHARMACY,INTERNATIONAL CITY,"INTERNATIONAL CITY, CHINA CLUSTER",04-4226899,,
HAYAH MedNet EBP OP,HAYAH MedNet EBP OP,MEDNET,ASTER PHARMACY 137 BR OF ASTER PHARMACIES GROUP LLC - DUBAI,DXB,PHARMACY,INTERNATIONAL CITY,"INTERNATIONAL CITY, FRANCE CLUSTER, THE PAVILION MALL.",04-4224515,,
HAYAH MedNet EBP OP,HAYAH MedNet EBP OP,MEDNET,NEW AL SHIFA PHARMACY,DXB,PHARMACY,INTERNATIONAL CITY,"INTERNATIONAL CITY, RUSSIAN CLUSTER",04-4227474,,
HAYAH MedNet EBP OP,HAYAH MedNet EBP OP,MEDNET,NOVITAS PHARMACY LLC- DUBAI,DXB,PHARMACY,INTERNATIONAL CITY,"Prime Residence II, Dubai, International City",04-5693389,,
HAYAH MedNet EBP OP,HAYAH MedNet EBP OP,MEDNET,ASTER PHARMACY 5,DXB,PHARMACY,INTERNATIONAL CITY,"SHOP NO 02, CBD 29, AL WARSAN 1ST, INTERNATIONAL CITY",04-4473169,,
HAYAH MedNet EBP OP,HAYAH MedNet EBP OP,MEDNET,AL FARDOOS PHARMACY (Br of Al Shafar Pharmacies Group LLC),DXB,PHARMACY,INTERNATIONAL CITY,"SUPREME RESIDENCY, INTERNATIONAL CITY",04-4410590,,
HAYAH MedNet EBP OP,HAYAH MedNet EBP OP,MEDNET,ASTER PHARMACY 135- DM HEALTHCARE,DXB,PHARMACY,INTERNATIONAL CITY,"V19, RUSSIA CLUSTER, AL WARSAN",04-4511674,,
HAYAH MedNet EBP OP,HAYAH MedNet EBP OP,MEDNET,BAIT AL SHIFA PHARMACY JFZA - ( NMC HEALTH GROUP ),DXB,PHARMACY,JAFZA,"B043R02 , NEAR FRIGO GLASS , IN FRONT OF DP WORLD CLINIC , JEBEL ALI FREEZONE AREA",04-8108809,,
HAYAH MedNet EBP OP,HAYAH MedNet EBP OP,MEDNET,RAHEQ ALAZHAR PHARMACY L.L.C (RIGHT HEALTH GROUP),DXB,PHARMACY,JEBEL ALI,"XPO Mall ,MADINAT HYPERMARKET Villa Number: 10 , Jebel Ali Industrial-3, DUBAI",04-3335502,,
HAYAH MedNet EBP OP,HAYAH MedNet EBP OP,MEDNET,CARE PLUS PHARMACY,DXB,PHARMACY,JEBEL ALI,"AL SERKAL BUILDING, AL ITTIHAD STREET",04-2977077,,
HAYAH MedNet EBP OP,HAYAH MedNet EBP OP,MEDNET,AXON MEDICA PHARMACY LLC (prev. Orion Family Pharmacy),DXB,PHARMACY,JEBEL ALI,"BLDG #8, STREET 1, THE GARDENS, JABEL ALI, DUBAI",04-4599904,,
HAYAH MedNet EBP OP,HAYAH MedNet EBP OP,MEDNET,CARE & CURE PHARMACY(LLC),DXB,PHARMACY,JEBEL ALI,CARE & CURE PHARMACY(LLC) DUBAI -SANA GROUP OF PHARMACIES,04-4390384,,
HAYAH MedNet EBP OP,HAYAH MedNet EBP OP,MEDNET,AL NEEM PHARMACY LLC BRANCH - (AL NEEM PHARMACY GROUP),DXB,PHARMACY,JEBEL ALI,"COMMERCIAL CENTER, FOOD COURT 3, SHOP NO 116, JAFZA SOUTH",04-8809667,,
HAYAH MedNet EBP OP,HAYAH MedNet EBP OP,MEDNET,ASTER PHARMACY 152 BR OF ASTER PHARMACIES GROUP LLC,DXB,PHARMACY,JEBEL ALI,"FOOD COURT 3,COMMERCIAL CENTER, JEBEL ALI FREE ZONE SOUTH, NEAR ACCESS CLINIC
JAFZA",04-8809102,,
HAYAH MedNet EBP OP,HAYAH MedNet EBP OP,MEDNET,BURJEEL AL HAYYAT PHARMACY,DXB,PHARMACY,JEBEL ALI,"Omran orange camp, water front",04-3519199,,
HAYAH MedNet EBP OP,HAYAH MedNet EBP OP,MEDNET,ALNEEM PHARMACY BRANCH,DXB,PHARMACY,JEBEL ALI,"GATE NO. 7, NEW WEST STAFF ACCOMMODATION AREA, NESTO SUPERMARKET BUILDING, JAFZA",04-8876650,,
HAYAH MedNet EBP OP,HAYAH MedNet EBP OP,MEDNET,ADVANCED CARE PLUS PHARMACY,DXB,PHARMACY,JEBEL ALI,JEBAL ALI INDUSTRAIL AREA 1,04-8829700,,
HAYAH MedNet EBP OP,HAYAH MedNet EBP OP,MEDNET,ASTER JEBEL ALI PHARMACY,DXB,PHARMACY,JEBEL ALI,"JEBEL ALI INDUSTRIAL AREA, NESTO HYPER MARKET",04-8840237,,
HAYAH MedNet EBP OP,HAYAH MedNet EBP OP,MEDNET,AL AZHAR AL JADEEDA PHARMACY,DXB,PHARMACY,JEBEL ALI,"JEBEL ALI INDUSTRIAL AREA1, NEAR NESTO AND PARCO SUPERMARKET",04-8858374,,
HAYAH MedNet EBP OP,HAYAH MedNet EBP OP,MEDNET,JABAL ALI GARDENS PHARMACY,DXB,PHARMACY,JEBEL ALI,"JEBEL ALI VILLAGE, NEAR IBN BATUTA MALL , DUBAI",04-8820808,,
HAYAH MedNet EBP OP,HAYAH MedNet EBP OP,MEDNET,AL MANARA GARDEN PHARMACY,DXB,PHARMACY,JEBEL ALI,"JEBEL ALI, IBN BATTUTA MALL, TUNISIA COURT",04-3669940,,
HAYAH MedNet EBP OP,HAYAH MedNet EBP OP,MEDNET,SHAJARAT AL NEEM PHARMACY LLC - DUBAI ( AL NEEM GROUP),DXB,PHARMACY,JEBEL ALI INDUSTRIAL,"SHOP NO 13, SALEM MALL, PLOT NO.599-0474 , JEBAL ALI INDUSTRIAL AREA 1,DUBAI",050-9806530,,
HAYAH MedNet EBP OP,HAYAH MedNet EBP OP,MEDNET,AL FANAR PHARMACY-PLANET PHARMACY,DXB,PHARMACY,JUMEIRAH,JUMEIRAH BEACH HOTEL,04-3486120,,
HAYAH MedNet EBP OP,HAYAH MedNet EBP OP,MEDNET,ASTER JBR PHARMACY,DXB,PHARMACY,JUMEIRAH,"JUMEIRAH BEACH RESIDENCE, THE WALK, P42, SADAF 4",04-4471127,,
HAYAH MedNet EBP OP,HAYAH MedNet EBP OP,MEDNET,MEDICINA BEACH ROAD PHARMACY,DXB,PHARMACY,JUMEIRAH,JUMEIRAH BEACH ROAD,04-3214347,,
HAYAH MedNet EBP OP,HAYAH MedNet EBP OP,MEDNET,MEDICOM 2,DXB,PHARMACY,JUMEIRAH,"JUMEIRAH BEACH ROAD, MERCATO CENTRE",04-3448333,,
HAYAH MedNet EBP OP,HAYAH MedNet EBP OP,MEDNET,BALSAM AL HADEETHA PHARMACY,DXB,PHARMACY,JUMEIRAH,"JUMEIRAH ROAD, JUMERIAH",04-3488507,,
HAYAH MedNet EBP OP,HAYAH MedNet EBP OP,MEDNET,MEDICOM 4 (TOWN PHARMACY),DXB,PHARMACY,JUMEIRAH,"JUMEIRAH, JUMEIRAH BEACH ROAD",04-3440077,,
HAYAH MedNet EBP OP,HAYAH MedNet EBP OP,MEDNET,AL CORNICHE PHARMACY,DXB,PHARMACY,JUMEIRAH,"JUMERIAH 1, JUMEIRAH BEACH CENTRE,",04-3447220,,
HAYAH MedNet EBP OP,HAYAH MedNet EBP OP,MEDNET,MARIAM NEW PHARMACY,DXB,PHARMACY,JUMEIRAH,JUMIERAH BEACH ROAD,04-3952213,,
HAYAH MedNet EBP OP,HAYAH MedNet EBP OP,MEDNET,PANACEA PHARMACY MADINAT,DXB,PHARMACY,JUMEIRAH,"MADINAT JUMERIAH SOUK,SHOP NO.90, UMM SUQEUM, JUMERIAH BEACH ROAD,",04-3686123,,
HAYAH MedNet EBP OP,HAYAH MedNet EBP OP,MEDNET,JUMEIRAH BETTER LIFE PHARMACY,DXB,PHARMACY,JUMEIRAH,NEAR AL KHAIL ROAD,04-4472086,,
HAYAH MedNet EBP OP,HAYAH MedNet EBP OP,MEDNET,ASTER PHARMACY 205 BR OF ASTER PHARMACIES GROUP LLC-DUBAI,DXB,PHARMACY,JUMEIRAH,"PVE-G-02, PALM VIEWS EAST BUILDING, PALM JUMEIRAH",04-4221521,,
HAYAH MedNet EBP OP,HAYAH MedNet EBP OP,MEDNET,HEALTH FIRST PHARMACY 48,DXB,PHARMACY,JUMEIRAH,"SHOP NO. 5, JUMEIRAH ROAD",04-3430616,,
HAYAH MedNet EBP OP,HAYAH MedNet EBP OP,MEDNET,DORRA PHARMACY (AL SHAFFAR GROUP)-ASTER (FORM. AL DORRA PHY),DXB,PHARMACY,JUMEIRAH,"VILLA 351, BEACH PARK, JUMEIRA,DUBAI",04-3478481,,
HAYAH MedNet EBP OP,HAYAH MedNet EBP OP,MEDNET,AL MANARA SUNSET MALL-AL MANARA GROUP,DXB,PHARMACY,JUMEIRAH 3,JUMEIRAH 3,04-3881820,,
HAYAH MedNet EBP OP,HAYAH MedNet EBP OP,MEDNET,NEW MARK PHARMACY JLT,DXB,PHARMACY,JUMEIRAH LAKE TOWERS,"CLUSTER T,FORTUNE EXECUTIVE TOWER",04-4327303,,
HAYAH MedNet EBP OP,HAYAH MedNet EBP OP,MEDNET,NEW ASTER JLT PHARMACY,DXB,PHARMACY,JUMEIRAH LAKE TOWERS,"JUMEIRAH LAKE TOWERS, RED DIAMOND BLDG",04-3697728,,
HAYAH MedNet EBP OP,HAYAH MedNet EBP OP,MEDNET,AL JAMEYA AL TAAWENYA PHARMACY,DXB,PHARMACY,KARAMA,AL JAMEYA AL TAAWENYA PHARMACY DUBAI -SANA GROUP OF PHARMACIES,04-3986302,,
HAYAH MedNet EBP OP,HAYAH MedNet EBP OP,MEDNET,NEW MEDICINA PHARMACY,DXB,PHARMACY,KARAMA,"AL KARAMA, OPPOSITE KARAMA POST OFFICE",04-3218841,,
HAYAH MedNet EBP OP,HAYAH MedNet EBP OP,MEDNET,AL SHIFA PHARMACY (MEDSHOP),DXB,PHARMACY,KARAMA,"AL KIFAF STREET, NEAR PIZZA INN, UNION MEDICAL CENTRE BLDG.",04-3969469,,
HAYAH MedNet EBP OP,HAYAH MedNet EBP OP,MEDNET,WECARE E R X PHARMACY LLC (prev. KAP PHARMACY LLC),DXB,PHARMACY,KARAMA,"ANSAR GALLERY, KARAMA",04-3965752,,
HAYAH MedNet EBP OP,HAYAH MedNet EBP OP,MEDNET,BADER PHARMACY LLC,DXB,PHARMACY,KARAMA,BADER PHARMACY LLC DUBAI -SANA GROUP OF PHARMACIES,04-3348129,,
HAYAH MedNet EBP OP,HAYAH MedNet EBP OP,MEDNET,ASTER PHARMACY 149 BR OF ASTER PHARMACIES GROUP LLC - DUBAI,DXB,PHARMACY,KARAMA,"BEHIND LULU HYPERMARKET, AL WASL BUILDING, KARAMA.",04-3969469,,
HAYAH MedNet EBP OP,HAYAH MedNet EBP OP,MEDNET,AL OMARAA PHARMACY LLC - DUBAI (NOVO HEALTHCARE GROUP),DXB,PHARMACY,KARAMA,"Ground Floor, Pyramid Building, Al Karama, Dubai, UAE",04 396 9221,,
HAYAH MedNet EBP OP,HAYAH MedNet EBP OP,MEDNET,MEDICOM 13 (HOME PHARMACY),DXB,PHARMACY,KARAMA,"KARAMA, KARAMA CENTRE",04-3977739,,
HAYAH MedNet EBP OP,HAYAH MedNet EBP OP,MEDNET,SANA PHARMACY,DXB,PHARMACY,KARAMA,SANA PHARMACY DUBAI -SANA GROUP OF PHARMACIES,04-3377028,,
HAYAH MedNet EBP OP,HAYAH MedNet EBP OP,MEDNET,ASTER PHARMACY 148  (BR OF ASTER PHARMACIES GROUP),DXB,PHARMACY,KARAMA,"SHOP NO 5, JAMAL OMAR BIN HYDER BUILDING, 4B STREET, SHEIKH KHALIFA BIN ZAYED ROAD, KARAMA",04-3404005,,
HAYAH MedNet EBP OP,HAYAH MedNet EBP OP,MEDNET,HEALTH FIRST PHARMACY 33,DXB,PHARMACY,KARAMA,"SHOP NO. (G/A7), AL KIFAF RESIDENTIAL BUILDING",04-3963068,,
HAYAH MedNet EBP OP,HAYAH MedNet EBP OP,MEDNET,HEALTH FIRST PHARMACY 30,DXB,PHARMACY,KARAMA,"SHOP NO. 07, AL ATTAR CENTRE",04-3709030,,
HAYAH MedNet EBP OP,HAYAH MedNet EBP OP,MEDNET,AL JUMA PHARMACY,DXB,PHARMACY,KARAMA,"UMM HURIAR, OPP LULU CENTRE",04-3348981,,
HAYAH MedNet EBP OP,HAYAH MedNet EBP OP,MEDNET,IBN AL HAITHAM PHARMACY,DXB,PHARMACY,KARAMA,"ZABEEL ROAD, OPP. GPO, ZABEEL",04-3964040,,
HAYAH MedNet EBP OP,HAYAH MedNet EBP OP,MEDNET,ZABEEL PHARMACY,DXB,PHARMACY,KARAMA,"ZABEEL ROAD, ZABEEL BLD. B121, OPPSITE KARAMA POST OFFICE",04-3377770,,
HAYAH MedNet EBP OP,HAYAH MedNet EBP OP,MEDNET,ASTER PHARMACY 111 BR OF ASTER PHARMACIES GROUP LLC,DXB,PHARMACY,LULU VILLAGE,"MUHAISINAH PLAZA BUILDING, SHOP NO.6,MUHAISANAH 4,LULU VILLAGE",04-2593195,,
HAYAH MedNet EBP OP,HAYAH MedNet EBP OP,MEDNET,AL MANARA PHARMACY REMAL MALL,DXB,PHARMACY,MAJAN,AL BARARI,04-3337146,,
HAYAH MedNet EBP OP,HAYAH MedNet EBP OP,MEDNET,NOOR AHALIA PHARMACY_DXB_(AHALIA GROUP),DXB,PHARMACY,MAMZAR,MAMZAR CENTRE DUBAI;,04-2526880,,
HAYAH MedNet EBP OP,HAYAH MedNet EBP OP,MEDNET,ASTER HEALTHCARE HYPER MARKET (BR OF ASTER PHARMACIES GROUP LLC),DXB,PHARMACY,MANKHOOL,"AL RAFFA BUILDING, OPP. ASTER HOSPITAL, MANKOOL,  BURDUBAI",04-2505712,,
HAYAH MedNet EBP OP,HAYAH MedNet EBP OP,MEDNET,MEDICURE PHARMACY BRANCH-MEDICURE GROUP-DUBAI,DXB,PHARMACY,MANKHOOL,"VILLA 5B , STREET 2A MEDICURE PHARMACY BUILDING , AL MANKHOOL",04-3984866,,
HAYAH MedNet EBP OP,HAYAH MedNet EBP OP,MEDNET,ASTER PHARMACY 124 BR OF ASTER PHARMACIES GROUP LLC,DXB,PHARMACY,MARINA,"GROUND FLOOR, SUKOON TOWER",04-5546282,,
HAYAH MedNet EBP OP,HAYAH MedNet EBP OP,MEDNET,"EL ASHRAFIA PHARMACY 3, MARINA (EL ASHRAFIA INVESTMENT LLC)",DXB,PHARMACY,MARINA,"GV1 TRIDENT WATERFRONT BUILDING, AL SEBA STREET, MARINA.",04-5146788,,
HAYAH MedNet EBP OP,HAYAH MedNet EBP OP,MEDNET,ASTER PHARMACY 150 (BR OF ASTER PHARMACIES GROUP LLC),DXB,PHARMACY,MARINA,"PINNACLE TOWER, MARSA ST. MARINA, DUBAI",04-3794306,,
HAYAH MedNet EBP OP,HAYAH MedNet EBP OP,MEDNET,ASTER PHARMACY 119- DM HEALTHCARE,DXB,PHARMACY,MEADOWS,"SHOP NO. 7,MEADOWS, EMIRATES HILLS 3,ENOC 1086",04-2672946,,
HAYAH MedNet EBP OP,HAYAH MedNet EBP OP,MEDNET,HEALTH FIRST PHARMACY 27 BR,DXB,PHARMACY,MEIASEM,"MEAISEM FIRST, THE CRESCENT B BUILDING",04-4253020,,
HAYAH MedNet EBP OP,HAYAH MedNet EBP OP,MEDNET,ASTER PHARMACY 109 BR OF ASTER PHARMACIES GROUP LLC,DXB,PHARMACY,MIRDIF,"GHUROOB COMMUNITY, GHUROOB STREET",04-4582727,,
HAYAH MedNet EBP OP,HAYAH MedNet EBP OP,MEDNET,ASTER PHARMACY 116 BR OF ASTER PHARMACIES GROUP LLC,DXB,PHARMACY,MIRDIF,"MIRDIF COMMERCIAL COMPLEX, SHOP NO. 1 &2, MIRDIF 
WESTZONE SUPERMARKET",04-2884190,,
HAYAH MedNet EBP OP,HAYAH MedNet EBP OP,MEDNET,MEDICINA PHARMACY 13- DUBAI - MEDICINA GRP,DXB,PHARMACY,Mirdif 35,"Mirdif 35 avenue, Dubai",04-2280566,,
HAYAH MedNet EBP OP,HAYAH MedNet EBP OP,MEDNET,MEDI PRIME AL MIZHAR PHARMACY,DXB,PHARMACY,MIRDIFF,"AL KHAWANEEJ ROAD, ARABIAN CENTER SHOP 1122",04-2845674,,
HAYAH MedNet EBP OP,HAYAH MedNet EBP OP,MEDNET,BETA PHARMACY,DXB,PHARMACY,MIRDIFF,"EMIRATES ROAD, CITY CENTRE-MIRDIFF",04-2840678,,
HAYAH MedNet EBP OP,HAYAH MedNet EBP OP,MEDNET,UPTOWN PHARMACY,DXB,PHARMACY,MIRDIFF,"J3 Mall, 1st Floor, Al Wasl Road, Al Manara, Dubai, UAE",04-3392762,,
HAYAH MedNet EBP OP,HAYAH MedNet EBP OP,MEDNET,"ASTER PHARMACY 113 (Br of Aster Pharmacies Group LLC), DUBAI",DXB,PHARMACY,MIRDIFF,"MIRDIFF MALL, MIRDIFF, DUBAI",04-2839542,,
HAYAH MedNet EBP OP,HAYAH MedNet EBP OP,MEDNET,MEDICOM 10,DXB,PHARMACY,MIRDIFF,"MIRDIFF, NEAR UPTOWN MALL",04-2885995,,
HAYAH MedNet EBP OP,HAYAH MedNet EBP OP,MEDNET,MEDSAVE PHARMACY,DXB,PHARMACY,MIRDIFF,"MIRDIFF, UNION NATIONAL BANK",04-2847600,,
HAYAH MedNet EBP OP,HAYAH MedNet EBP OP,MEDNET,MEDICINA PHARMACY 16 - DUBAI - MEDICINA GRP,DXB,PHARMACY,Mirdiff,"Park Centre , Mirdiff , Dubai",04-3456556,,
HAYAH MedNet EBP OP,HAYAH MedNet EBP OP,MEDNET,HEALTH FIRST PHARMACY 41-PLANET PHARMACY,DXB,PHARMACY,MIRDIFF,"SHOP NO. 6, UPTOWN MIRDIFF MALL",04-2882296,,
HAYAH MedNet EBP OP,HAYAH MedNet EBP OP,MEDNET,MEDICOM 7 PHARMACY (FLAME PHARMACY),DXB,PHARMACY,MIZHAR,"AL MIZHAR, AL MIZHAR MALL",04-2876804,,
HAYAH MedNet EBP OP,HAYAH MedNet EBP OP,MEDNET,AL MANARA ALMANZIL PHARMACY,DXB,PHARMACY,MOHAMAD BIN RASHID BOULEVARD,SOUK AL MANZIL,04-3621161,,
HAYAH MedNet EBP OP,HAYAH MedNet EBP OP,MEDNET,MEDI PRIME PHARMACY MOTOR CITY (BR OF MEDI PRIME PHARMACY (LLC)) (PRIME HEALTHCARE GROUP),DXB,PHARMACY,Motor City,"First Avenue Mall, Al Hebaiah First Area, Motor City, Dubai",04-6079916,,
HAYAH MedNet EBP OP,HAYAH MedNet EBP OP,MEDNET,ASTER PHARMACY 143 BR OF ASTER PHARMACIES GROUP-DUBAI,DXB,PHARMACY,MOTOR CITY,"THE RIBBON BUILDING 2, AL HEBIAH FIRST, PLOT 94-0, MOTOR CITY, DUBAI",04-4430474,,
HAYAH MedNet EBP OP,HAYAH MedNet EBP OP,MEDNET,"GRAND INFINITY PHARMACY LLC ,DUBAI",DXB,PHARMACY,Muhaisana-4,"Muhaisana Area Beirut Street ,Al Qasir Building , Muhaisana-4 ; Dubai",04-2515458,,
HAYAH MedNet EBP OP,HAYAH MedNet EBP OP,MEDNET,ACCESS PHARMACY 2- DM HEALTHCARE,DXB,PHARMACY,MUHAISINA,"ACCESS CLININC BULDING, NEAR BUS STATION, SONAPUR, MUHAISINA, DUBAI",04-2672946,,
HAYAH MedNet EBP OP,HAYAH MedNet EBP OP,MEDNET,"ASTER HOSPITAL PHARMACY SONAPUR LLC,MUHAISANAH (DM HEALTHCARE)",DXB,PHARMACY,Muhaisnah,"Aster Hospital, Muhaisnah Algeria Street, Muhaisnah, Sonapur",04-4400500,,
HAYAH MedNet EBP OP,HAYAH MedNet EBP OP,MEDNET,AL NEEM GRAND PHARMACY LLC - DUBAI (AL NEEM GROUP),DXB,PHARMACY,Muhaisnah,"FRESH MASCO HYPERMARKET,MUHAISNAH 4, DUBAI",04-2237770,,
HAYAH MedNet EBP OP,HAYAH MedNet EBP OP,MEDNET,RIGHT HEALTH PHARMACY LLC (RIGHT HEALTH GROUP),DXB,PHARMACY,MUHAISNAH,"SUMAIYA AHMAD YOSUF MOHAMMAD BUILDING, GROUND FLOOR, MUHAISANAH SECOND",04-3335502,,
HAYAH MedNet EBP OP,HAYAH MedNet EBP OP,MEDNET,ASTER MEDICAL CENTRE PHARMACY AL MUHAISNA BR OF DM HEALTHCARE LLC - DUBAI,DXB,PHARMACY,MUHAISNAH 4,"SHOP NO.1 ZARAA RESIDENCE 1,BEHIND ST.MARY CATHOLIC HIGH SCHOOL, NEAR LULU VILLAGE,MUHAISNAH 4, DUBAI",04-5479070,,
HAYAH MedNet EBP OP,HAYAH MedNet EBP OP,MEDNET,NOVO PHARMACY LLC (BRANCH) - DUBAI (NOVO HEALTHCARE GROUP),DXB,PHARMACY,MURAQABBAT,"Al Bafta Grand Deira, G-Floor, Al Muraqabbat Road, Deira, Dubai, U.A.E",04-5474214,,
HAYAH MedNet EBP OP,HAYAH MedNet EBP OP,MEDNET,MED X PHARMACY LLC - DUBAI,DXB,PHARMACY,Nad Al Hamar,"BEL RAMAITHA CLUB BUILDING, AL REBAAT STREET, P O BOX 49294, DUBAI, UAE.",04-2854641,,
HAYAH MedNet EBP OP,HAYAH MedNet EBP OP,MEDNET,MEDICINA 2 PHARMACY,DXB,PHARMACY,NAD AL HAMMAR,NAD AL HAMAR MALL,04-2898201,,
HAYAH MedNet EBP OP,HAYAH MedNet EBP OP,MEDNET,ASTER PHARMACY 110 (BR OF ASTER PHARMACIES GROUP LLC),DXB,PHARMACY,OUD METHA,"MANDARIN BUILDING, GROUND FLOOR, STREET 13A, OUD MEHTHA, NEAR LAMCY PLAZA",04-3963158,,
HAYAH MedNet EBP OP,HAYAH MedNet EBP OP,MEDNET,NOVO PHARMACY LLC - DUBAI - (NOVO HEALTHCARE GROUP),DXB,PHARMACY,OUD METHA,"Shop 2, Ground Floor, Maysoon Building,Oud Metha, Dubai, UAE",04-2517434,,
HAYAH MedNet EBP OP,HAYAH MedNet EBP OP,MEDNET,HEALTH FIRST PHARMACY 38,DXB,PHARMACY,OUD METHA,"SHOP NO. 4&5, SALEH BEN LAHEJ BUILDING 338, OUD METHA",04-3960695,,
HAYAH MedNet EBP OP,HAYAH MedNet EBP OP,MEDNET,ASTER PHARMACY 3- DM HEALTHCARE,DXB,PHARMACY,Outlet Mall,"G32, GROUND FLOOR, DUBAI OUTLET MALL",04-4437250,,
HAYAH MedNet EBP OP,HAYAH MedNet EBP OP,MEDNET,ASTER GRAND PHARMACY,DXB,PHARMACY,QUSAIS,"AL NAHDA, SHP 8, AB PLAZA BLDG",04-2505712,,
HAYAH MedNet EBP OP,HAYAH MedNet EBP OP,MEDNET,MEDICOM 1,DXB,PHARMACY,QUSAIS,"AL QUSAIS, INSIDE UNION COOPERATIVE SOCIETY",04-2633677,,
HAYAH MedNet EBP OP,HAYAH MedNet EBP OP,MEDNET,MEDICOM9,DXB,PHARMACY,QUSAIS,"AL QUSAIS, OPP AL QUSAIS POLICE STATION",04-2640818,,
HAYAH MedNet EBP OP,HAYAH MedNet EBP OP,MEDNET,MEDICOM 11,DXB,PHARMACY,QUSAIS,"AL QUSAIS, OPP AL TOWAR CENTRE",04-2611551,,
HAYAH MedNet EBP OP,HAYAH MedNet EBP OP,MEDNET,MEDICOM 5 (EMIRATES COOPERATIVE PHARMACY),DXB,PHARMACY,QUSAIS,"AL TAWAR, AL QUSAIS, EMIRATES COOPERATIVE SOCIETY BUILDING",04-2649929,,
HAYAH MedNet EBP OP,HAYAH MedNet EBP OP,MEDNET,ALFA PHARMACY,DXB,PHARMACY,QUSAIS,"DAMASCUS STREET, AL QUSAIS",04-2806714,,
HAYAH MedNet EBP OP,HAYAH MedNet EBP OP,MEDNET,ASTER PHARMACY 204(BR OF ASTER PHARMACIES GROUP LLC),DXB,PHARMACY,Qusais,"Damascus Street, Near Grand hotel",04-2203889,,
HAYAH MedNet EBP OP,HAYAH MedNet EBP OP,MEDNET,NEW AL SHAIMAA PHARMACY,DXB,PHARMACY,QUSAIS,"DOHA ROAD, AL MOZNA BUIDLGING SHOP 4",04-2616286,,
HAYAH MedNet EBP OP,HAYAH MedNet EBP OP,MEDNET,VCARE PHARMACY LLC- DUBAI,DXB,PHARMACY,QUSAIS,"NASMAH TOWER, AL ITTIHAD ROAD",04-2654400,,
HAYAH MedNet EBP OP,HAYAH MedNet EBP OP,MEDNET,NOOR AL QUSAIS PHARMACY LLC,DXB,PHARMACY,QUSAIS,"SHOP NO 5, OPP DUBAI GRAND HOTEL",04-2633844,,
HAYAH MedNet EBP OP,HAYAH MedNet EBP OP,MEDNET,IBN AL AZWAR PHARMACY,DXB,PHARMACY,RAS AL KHOR,"RAS AL KHOR, RAS AL KHOR",04-3331504,,
HAYAH MedNet EBP OP,HAYAH MedNet EBP OP,MEDNET,AL MANZIL AL JADEED PHARMACY LLC,DXB,PHARMACY,RAS AL KHOR,"VEGETABLE AND FRUIT MARKET, SHOP NO 12, AL AWEER, RAS AL KHOR",06-7432297,,
HAYAH MedNet EBP OP,HAYAH MedNet EBP OP,MEDNET,SAMARI RX PHARMACY BR OF IMARA HEALTH CARE LLC,DXB,PHARMACY,RAS AL KHOR INDUSTRIAL 3,"SHOP NO. R1008-1, SAMARI RETAIL BUILDING, RAS AL KHOR INDUSTRIAL AREA SREET, SAMARI RESIDENCE ROAD",04-3330538,,
HAYAH MedNet EBP OP,HAYAH MedNet EBP OP,MEDNET,MEDI PRIME PHARMACY RTA BRANCH,DXB,PHARMACY,RASHIDIYA,"BLOCK C, GROUND FLOOR, RTA HEADQUARTERS, UMM RAMOOL",04-7070999,,
HAYAH MedNet EBP OP,HAYAH MedNet EBP OP,MEDNET,NAD SHAMMA PHARMACY LLC,DXB,PHARMACY,RASHIDIYA,NEW KADOOLI BUILDING,04-2514107,,
HAYAH MedNet EBP OP,HAYAH MedNet EBP OP,MEDNET,MEDICOM 12(DUBAI CENTURY PHARMACY),DXB,PHARMACY,RASHIDIYA,"RASHIDIYA STREET, BEHIND BIN SOUQAT CENTRE, RASHIDIYA",04-2859110,,
HAYAH MedNet EBP OP,HAYAH MedNet EBP OP,MEDNET,AL BUSTAN PHARMACY,DXB,PHARMACY,RASHIDYA,RASHIDIYA,04-2859795,,
HAYAH MedNet EBP OP,HAYAH MedNet EBP OP,MEDNET,DOCTORS PHARMACY,DXB,PHARMACY,SATWA,"AL SATWA, AL DIYAFAH STREET",04-3315297,,
HAYAH MedNet EBP OP,HAYAH MedNet EBP OP,MEDNET,BALSAM PHARMACY,DXB,PHARMACY,SATWA,"DIYAFA ROAD, BUR DUBAI",04-3984899,,
HAYAH MedNet EBP OP,HAYAH MedNet EBP OP,MEDNET,ASTER PHARMACY 129 BR OF ASTER PHARMACIES GROUP LLC,DXB,PHARMACY,SATWA,"GROUND FLOOR, MARJANA PLAZA BUILDING, AL BADA",04-3590530,,
HAYAH MedNet EBP OP,HAYAH MedNet EBP OP,MEDNET,UNICARE STAR PHARMACY,DXB,PHARMACY,SATWA,"MALNKHOOL ROAD, AL JAFFLIYA",04-3868811,,
HAYAH MedNet EBP OP,HAYAH MedNet EBP OP,MEDNET,NOOR AL SATWA PHARMACY,DXB,PHARMACY,SATWA,"SATWA, NEAR BUSTATION",04-3443229,,
HAYAH MedNet EBP OP,HAYAH MedNet EBP OP,MEDNET,"DULSCO PHARMACY LLC, SMBZR (DULSCO GROUP)",DXB,PHARMACY,SHAIKH ZAYED ROAD,"SHAIKH MOHAMMED BIN ZAYED ROAD, LABOUR VILLAGE 1, DUBAI, UAE.",04-3232442,,
HAYAH MedNet EBP OP,HAYAH MedNet EBP OP,MEDNET,EUROHEALTH PHARMACY,DXB,PHARMACY,SHEIKH ZAYED ROAD,"BLUE TOWER, SHEIKH ZAYED ROAD",04-3342333,,
HAYAH MedNet EBP OP,HAYAH MedNet EBP OP,MEDNET,HEALTH FIRST PHARMACY 24-PLANET PHARMACY,DXB,PHARMACY,SHEIKH ZAYED ROAD,"BURJ KHALIFA DOWTOWN,",04-4329158,,
HAYAH MedNet EBP OP,HAYAH MedNet EBP OP,MEDNET,MEDICINA PHARMACY 5,DXB,PHARMACY,SHEIKH ZAYED ROAD,GRAND MIDWEST HOTEL APARTMENT,04-3237202,,
HAYAH MedNet EBP OP,HAYAH MedNet EBP OP,MEDNET,AVENUE PHARMACY,DXB,PHARMACY,SHEIKH ZAYED ROAD,"SHAIKH ZAYED ROAD, BUISNESS BAY",04-4357450,,
HAYAH MedNet EBP OP,HAYAH MedNet EBP OP,MEDNET,MEDICOM 6,DXB,PHARMACY,SHEIKH ZAYED ROAD,"SHEIKH ZAYED STREET, MAZAYA CENTRE",04-3435522,,
HAYAH MedNet EBP OP,HAYAH MedNet EBP OP,MEDNET,MODERN MEDI PRIME PHARMACY,DXB,PHARMACY,SHEIKH ZAYED ROAD,"SHIEK ZAYED ROAD, IBRI HOUSE, ADJACENT TO NISSAN SHOWROOM",04-3387387,,
HAYAH MedNet EBP OP,HAYAH MedNet EBP OP,MEDNET,ASTER PHARMACY 201 BR OF ASTER PHARMACIES GROUP LLC-DUBAI,DXB,PHARMACY,SHEIKH ZAYED ROAD,"SHOP # 3, NEXT TO CROWN PLAZA HOTEL, AL MANAL TOWER, SHEIKH ZAYED ROAD",04-3209481,,
HAYAH MedNet EBP OP,HAYAH MedNet EBP OP,MEDNET,HEALTH FIRST PHARMACY 52-DUBAI-PLANET GROUP,DXB,PHARMACY,SHEIKH ZAYED ROAD,"WHITE CROWN TOWER, GROUND FLOOR 34, SHEIKH ZAYED ROAD, NEAR KFC, DUBAI",04-7016002,,
HAYAH MedNet EBP OP,HAYAH MedNet EBP OP,MEDNET,ASTER PHARMACY 6 BR OF ASTER PHARMACIES GROUP LLC,DXB,PHARMACY,SILICON OASIS,"DUBAI SILICON GATE 1 - BUILDING, FIRST FLOOR, F-S-101A, GATE 1",04-3262600,,
HAYAH MedNet EBP OP,HAYAH MedNet EBP OP,MEDNET,DESERT OASIS PHARMACY,DXB,PHARMACY,SILICON OASIS,"EMIRATES ROAD, ENOC STATION,NEAR SILICON OASIS",04-3265190,,
HAYAH MedNet EBP OP,HAYAH MedNet EBP OP,MEDNET,MEDICINA PHARMACY BRANCH 17- DUBAI - MEDICINA GRP,DXB,PHARMACY,SILICON OASIS,"Silicon Oasis, Nova Tower Dubai",04-3450503,,
HAYAH MedNet EBP OP,HAYAH MedNet EBP OP,MEDNET,"ZAHRAT AL SHEFA PHARMACY LLC, MUHAISNAH (NOOR AL SHEFA GROUP)",DXB,PHARMACY,SONAPUR,"MUHAISNAH 2, AL GAITH BUILDING, SONAPUR, DUBAI, UAE.",04-8878155,,
HAYAH MedNet EBP OP,HAYAH MedNet EBP OP,MEDNET,ASTER PHARMACY 98 BRANCH OF ASTER PHARMACY LLC,DXB,PHARMACY,SONAPUR,"SAMEYA KHALIFA MOHAMED AL FUQAEI BUILDING, SHOP NO.8, 24TH STREET. MUHAISNA 2ND, SONAPUR",04-2521711,,
HAYAH MedNet EBP OP,HAYAH MedNet EBP OP,MEDNET,AL SANAIYA PHARMACY,DXB,PHARMACY,SONAPUR,"SONAPUR, NEAR BALADIYA CAMP",04-2543500,,
HAYAH MedNet EBP OP,HAYAH MedNet EBP OP,MEDNET,ASTER PHARMACY-TECOM,DXB,PHARMACY,TECOM,"SARATOGA RESIDENCE, TECOM",04-4534840,,
HAYAH MedNet EBP OP,HAYAH MedNet EBP OP,MEDNET,NEW AL MANARA PHARMACY-DUBAI,DXB,PHARMACY,TECOM,TECOM INVESTMENTS FZ LLC,04-3604495,,
HAYAH MedNet EBP OP,HAYAH MedNet EBP OP,MEDNET,AWEER SOCIETY PHARMACY,DXB,PHARMACY,TRADE CENTER,"TRADE CENTER ROAD, AL SHAFAR BLDG.",04-3969999,,
HAYAH MedNet EBP OP,HAYAH MedNet EBP OP,MEDNET,SARA PHARMACY-SHAFAR GROUP,DXB,PHARMACY,TRADE CENTER,"TRADE CENTER ROAD, SPINNEYS",04-3593330,,
HAYAH MedNet EBP OP,HAYAH MedNet EBP OP,MEDNET,UMM HURAIR PHARMACY (BR OF AL SHAFAR PHARMACIES GROUP LLC),DXB,PHARMACY,UMM SUQEIM 3,"J3 MALL, AL WASL ROAD, UMM SUQUEIM 3",04-3383766,,
HAYAH MedNet EBP OP,HAYAH MedNet EBP OP,MEDNET,MEDICINA PHARMACY -BRANCH 10- DUBAI -MEDICINA GRP,DXB,PHARMACY,UMM SUQIEM,Dubai Science Park - Umm Suqiem,04-428 5505,,
HAYAH MedNet EBP OP,HAYAH MedNet EBP OP,MEDNET,MEDICINA PHARMACY -BRANCH 10- DUBAI -MEDICINA GRP,DXB,PHARMACY,Umm Suqiem,Dubai Science Park - Umm Suqiem,04-428 5505,,
HAYAH MedNet EBP OP,HAYAH MedNet EBP OP,MEDNET,AL FAISAL PHARMACY,DXB,PHARMACY,UMM SUQUIEM,"UMM SUQUIEM, CHOITHRAM COMPLEX,",04-3485102,,
HAYAH MedNet EBP OP,HAYAH MedNet EBP OP,MEDNET,NMC DIC CLINIC AND PHARMACY BR OF NMC ROYAL HOSPITAL LLC - Dubai,DXB,PHARMACY,WARSAN 2,"CHINA CLUSTER  D01, GROUND FLOOR, SHOP NO.11 AND 20, WARSAN 1 , DUBAI",04-8108808,,
HAYAH MedNet EBP OP,HAYAH MedNet EBP OP,MEDNET,HIGHWAY PHARMACY,DXB,PHARMACY,Zabeel,"ENOC STATION,OPP AL WASL HOSPITAL",04-3375552,,
HAYAH MedNet EBP OP,HAYAH MedNet EBP OP,MEDNET,MEDICINA PHARMACY - FUJAIRAH,FUJ,PHARMACY,DIBBA,SAFEER CENTRE,09-2441604,,
HAYAH MedNet EBP OP,HAYAH MedNet EBP OP,MEDNET,HEALTH FIRST PHARMACY- 21-PLANET PHARMACY,FUJ,PHARMACY,FUJAIRAH,"AL MADHAB STREET, NEAR KM TRADING , DANA CINEMA PLAZA",09-2234518,,
HAYAH MedNet EBP OP,HAYAH MedNet EBP OP,MEDNET,AL SHARQ FAMILY PHARMACY,FUJ,PHARMACY,FUJAIRAH,AL SHARQI STREET,09-2227490,,
HAYAH MedNet EBP OP,HAYAH MedNet EBP OP,MEDNET,HEALTH FIRST PHARMACY 17,FUJ,PHARMACY,FUJAIRAH,"AL SHURAIA,OPP.CENTURY MALL, PALACE STREET",09-2230340,,
HAYAH MedNet EBP OP,HAYAH MedNet EBP OP,MEDNET,AL MANARA PHARMACY (FUJAIRAH)-MANARA GROUP,FUJ,PHARMACY,FUJAIRAH,CENTURY MALL,09-2234792,,
HAYAH MedNet EBP OP,HAYAH MedNet EBP OP,MEDNET,ASTER PHARMACY 8 BR OF ASTER PHARMACIES GRP LLC-FUJAIRAH,FUJ,PHARMACY,FUJAIRAH,"CENTURY MALL, FASEEL ROAD",09-2230701,,
HAYAH MedNet EBP OP,HAYAH MedNet EBP OP,MEDNET,HEALTH FIRST PHARMACY 19-PLANET PHARMACY,FUJ,PHARMACY,FUJAIRAH,"DIBBA MARKET, NEAR TO UAE EXCHANGE",09-2444376,,
HAYAH MedNet EBP OP,HAYAH MedNet EBP OP,MEDNET,FUJAIRAH PORT PHARMACY-AL SHARQ GROUP,FUJ,PHARMACY,FUJAIRAH,"FUJAIRAH PORT MEDICAL CENTRE BLDG, FUJAIRAH SEA PORT, FUJAIRAH, U.A.E.",09-2228007,,
HAYAH MedNet EBP OP,HAYAH MedNet EBP OP,MEDNET,HEALTH FIRST PHARMACY 10 FUJAIRAH BRANCH-PLANET GROUP,FUJ,PHARMACY,FUJAIRAH,"GROUND FLOOR, FUJAIRAH MALL, OPPOSITE TO NBAD BANK, SHEIKH KHALIFA BIN ZAYED ROAD, FUJAIRAH",09-2229295,,
HAYAH MedNet EBP OP,HAYAH MedNet EBP OP,MEDNET,ASTER PHARMACY - FUJAIRAH,FUJ,PHARMACY,FUJAIRAH,"HAMAD BIN ABDULLA STREET, EMIRATES SPRING BUILDING,",09-2238322,,
HAYAH MedNet EBP OP,HAYAH MedNet EBP OP,MEDNET,HEALTH FIRST PHARMACY  18-PLANET PHARMACY,FUJ,PHARMACY,FUJAIRAH,HAMAD BIN ABDULLAH STREET,09-2231540,,
HAYAH MedNet EBP OP,HAYAH MedNet EBP OP,MEDNET,TAYBA PHARMACY,FUJ,PHARMACY,FUJAIRAH,MASAFI,09-2564749,,
HAYAH MedNet EBP OP,HAYAH MedNet EBP OP,MEDNET,HEALTH FIRST PHARMACY  20-PLANET PHARMACY,FUJ,PHARMACY,FUJAIRAH,"MUHALLAH, MUHALLAH",09-2447364,,
HAYAH MedNet EBP OP,HAYAH MedNet EBP OP,MEDNET,EAST COAST AHALIA PHARMACY-FUJAIRAH-AHALIA GROUP,FUJ,PHARMACY,FUJAIRAH,NEAR ADNOC PETROL STATION AND FAB BANK,09-2235744,,
HAYAH MedNet EBP OP,HAYAH MedNet EBP OP,MEDNET,HIKMA PHARMACY,FUJ,PHARMACY,FUJAIRAH,PORT ROAD,09-2231442,,
HAYAH MedNet EBP OP,HAYAH MedNet EBP OP,MEDNET,IBN SINA PHARMACY,FUJ,PHARMACY,FUJAIRAH,"SHAIKH ZAYED ROAD, ARAB BANK BUILDING",09-2239946,,
HAYAH MedNet EBP OP,HAYAH MedNet EBP OP,MEDNET,HEALTH FIRST PHARMACY 16-PLANET PHARMACY,FUJ,PHARMACY,FUJAIRAH,SHEIKH ABDULLAH BIN HAMAD STREET,09-2229295,,
HAYAH MedNet EBP OP,HAYAH MedNet EBP OP,MEDNET,MEDICINA PHARMACY 20,FUJ,PHARMACY,FUJAIRAH,"SHEIKH HAMAD BIN ABDULLAH STREET, NEXT TO FUALA",09-2235894,,
HAYAH MedNet EBP OP,HAYAH MedNet EBP OP,MEDNET,HEALTH FIRST PHARMACY 26-FUJAIRAH BRANCH-PLANET PHARMACY,FUJ,PHARMACY,FUJAIRAH,"SOUQ EXTRA-FUJAIRAH SHOP # 3, MIRBAH MADHA STREET",09-2373985,,
HAYAH MedNet EBP OP,HAYAH MedNet EBP OP,MEDNET,AL AMEEN PHARMACY- RAK,RAK,PHARMACY,ADHEL,"NEAR TO RAK CO-OPERATIVE SOCEITY, ADHEL",07-2585053,,
HAYAH MedNet EBP OP,HAYAH MedNet EBP OP,MEDNET,ASTER PHARMACIES GROUP LLC BRANCH 2,RAK,PHARMACY,AL DHAID,"Opp. Birla Institute of Technology,Ali Sultan Ali Onwan Al- Neami Building,Al Dhait,Ras Al Khaima",07-2361664,,
HAYAH MedNet EBP OP,HAYAH MedNet EBP OP,MEDNET,AL NOOR PHARMACY - RAK,RAK,PHARMACY,AL NAKHEEL,"AL NAKHEEL BUILDING, SHOPE NO:1",07-2333729,,
HAYAH MedNet EBP OP,HAYAH MedNet EBP OP,MEDNET,NOORA PHARMACY,RAK,PHARMACY,AL NAKHEEL,"QUARM BLDG., NEAR CITY HOTEL, AL MUNTASER ROAD",07-2338869,,
HAYAH MedNet EBP OP,HAYAH MedNet EBP OP,MEDNET,MEDICINA PHARMACY - RAS AL KHAIMA,RAK,PHARMACY,CORNICHE,SAFEER CENTER,07-2332580,,
HAYAH MedNet EBP OP,HAYAH MedNet EBP OP,MEDNET,"AL SHAMS PHARMACY LLC, RAS AL KHAIMAH (AL SHAMS GROUP)",RAK,PHARMACY,RAS AL KHAIMAH,"AL GHAIL SHOPPING CENTRE, AL GHAIL, RAS AL KHAIMAH, UAE.",07-2589301,,
HAYAH MedNet EBP OP,HAYAH MedNet EBP OP,MEDNET,"JULFAR PHARMACY, RAK (MARHABA PHARMACY GROUP)",RAK,PHARMACY,RAS AL KHAIMAH,AL JULAN ROAD,07-2235937,,
HAYAH MedNet EBP OP,HAYAH MedNet EBP OP,MEDNET,MARHABA PHARMACY - RAK,RAK,PHARMACY,RAS AL KHAIMAH,"AL MUNTASER ROAD, OPP. HARAMEEN BOOK SHOP",07-2277970,,
HAYAH MedNet EBP OP,HAYAH MedNet EBP OP,MEDNET,"MARHABA AL JADEEDA PHARMACY, RAK (MARHABA PHARMACY GROUP)",RAK,PHARMACY,RAS AL KHAIMAH,"AL MUNTASER ROAD, RAS AL KHAIMAH",07-2449330,,
HAYAH MedNet EBP OP,HAYAH MedNet EBP OP,MEDNET,AL HSAYAT PHARMACY,RAK,PHARMACY,RAS AL KHAIMAH,AL MUNTASSER ST. AL NAKHEEL,07-2277002,,
HAYAH MedNet EBP OP,HAYAH MedNet EBP OP,MEDNET,AL NAKHEEL PHARMACY,RAK,PHARMACY,RAS AL KHAIMAH,"AL NAKHEEL STREET, AL NAKHEEL STREET",07-2226821,,
HAYAH MedNet EBP OP,HAYAH MedNet EBP OP,MEDNET,NMC ROYAL PHARMACY-RAK (NMC Health Group ),RAK,PHARMACY,RAS AL KHAIMAH,"AL QAWASIM ,CORNICHE ROAD, SULTAN FADEL BUILDING, RAS AL KHAIMAH",07-2332832,,
HAYAH MedNet EBP OP,HAYAH MedNet EBP OP,MEDNET,HEALTH FIRST PHARMACY 14-PLANET PHARMACY,RAK,PHARMACY,RAS AL KHAIMAH,"BESIDE POLICE STATION, AL RAMS STREET",07-2662295,,
HAYAH MedNet EBP OP,HAYAH MedNet EBP OP,MEDNET,AL MANARA PHARMACY,RAK,PHARMACY,RAS AL KHAIMAH,"CORNICH TOWER PLAZA3 , FLAT 2 GROUND FLR. CORNICHE AL QAWASIM",07-2339422,,
HAYAH MedNet EBP OP,HAYAH MedNet EBP OP,MEDNET,AL ARAIBI PHARMACY,RAK,PHARMACY,RAS AL KHAIMAH,"EMBASSI BUILDING, SHOP NO.1 & 2, ARAIBI SHABIYA STREET",07-2269577,,
HAYAH MedNet EBP OP,HAYAH MedNet EBP OP,MEDNET,ZAHRAT NOOR AL SHEFAA PHARMACY - RAK (AL NEEM GROUP),RAK,PHARMACY,RAS AL KHAIMAH,"FATIMA HYPERMARKET BUILDING, AL MAMOURAH STREET, RAS AL KHAIMAH",07-2220103,,
HAYAH MedNet EBP OP,HAYAH MedNet EBP OP,MEDNET,"AL AHLIA PHARMACY, RAK BRANCH (AHALIA GROUP)",RAK,PHARMACY,RAS AL KHAIMAH,"GROUND FLOOR, CREEK PLAZA BUILDING, NEAR RAK GAS AND OPP. EXPO CENTRE, AL JAZAH ROAD, RAS AL KHAIMAH.",07-2275993,,
HAYAH MedNet EBP OP,HAYAH MedNet EBP OP,MEDNET,NOOR AL SHEFAA PHARMACY - RAK (AL NEEM GROUP),RAK,PHARMACY,RAS AL KHAIMAH,"IBRAHIM BAKIT SALIM ALAYAN BUILDING,AL MARID STREET,RAS AL KHAIMAH",07-2260700,,
HAYAH MedNet EBP OP,HAYAH MedNet EBP OP,MEDNET,MEDICOM 23,RAK,PHARMACY,RAS AL KHAIMAH,KHARRAN ROAD,07-2441433,,
HAYAH MedNet EBP OP,HAYAH MedNet EBP OP,MEDNET,HEALTH FIRST PHARMACY  22-PLANET PHARMACY,RAK,PHARMACY,RAS AL KHAIMAH,MANAR MALL,07-2274848,,
HAYAH MedNet EBP OP,HAYAH MedNet EBP OP,MEDNET,HEALTH FIRST PHARMACY  13-PLANET PHARMACY,RAK,PHARMACY,RAS AL KHAIMAH,MUNTASER STREET,07-2282255,,
HAYAH MedNet EBP OP,HAYAH MedNet EBP OP,MEDNET,ASTER PHARMACIES GROUP LLC BRANCH 1 - RAS AL KHAIMAH,RAK,PHARMACY,RAS AL KHAIMAH,"OPP. AL KHALEEJ SUPERMARKET, AL MATAF ROAD, JULAN, AFTER ADAF ROUND ABOUT. RAS AL KHAIMA.",07-2681224,,
HAYAH MedNet EBP OP,HAYAH MedNet EBP OP,MEDNET,HEALTH FIRST PHARMACY 15-PLANET PHARMACY,RAK,PHARMACY,RAS AL KHAIMAH,OPPOSITE MARRED FISH MARKET,07-2282991,,
HAYAH MedNet EBP OP,HAYAH MedNet EBP OP,MEDNET,INDIAN PHARMACY,RAK,PHARMACY,RAS AL KHAIMAH,SH MOHAMED BIN SALEM AL QASMI.  BLDG.,07-72333951,,
HAYAH MedNet EBP OP,HAYAH MedNet EBP OP,MEDNET,AL WATANIA PHARMACY,RAK,PHARMACY,RAS AL KHAIMAH,"SHK. MOHD. BIN SALEM QASIMI BLDG,",07-2355767,,
HAYAH MedNet EBP OP,HAYAH MedNet EBP OP,MEDNET,HEALTH FIRST PHARMACY 51 - PLANET PHARMACY,RAK,PHARMACY,RAS AL KHAIMAH,"SHOP NO GF 34, BIN DAHER STREET, OPPOSITE TO SPINNEYS, AL NAEEM MALL",07-2260114,,
HAYAH MedNet EBP OP,HAYAH MedNet EBP OP,MEDNET,ASTER PHARMACIES GROUP LLC RAK BRANCH,RAK,PHARMACY,RAS AL KHAIMAH,"SHOP NO. GF50, SAFEER MALL, AIRPORT ROAD",07-2352213,,
HAYAH MedNet EBP OP,HAYAH MedNet EBP OP,MEDNET,AL DUNIA PHARMACY LLC,SHJ,PHARMACY,ABDULLA BIN SALAMA STREET,ABDULLA BIN SALAMA STREET,06 5620406,,
HAYAH MedNet EBP OP,HAYAH MedNet EBP OP,MEDNET,REEM PHARMACY,SHJ,PHARMACY,ABU SHAGARA,KING FAISAL STREET,06-5594194,,
HAYAH MedNet EBP OP,HAYAH MedNet EBP OP,MEDNET,"HAMAD AL MUMAYAZAH PHARMACY, AL AROUBA(SUNNY PHARMACY)",SHJ,PHARMACY,AL AROUBA,"SUNNY SHARQAN MEDICAL CENTRE LLC, AL AROUBA STREET, AL SHARQAN EXTENSION- TOWARDS AJMAN",06-5455966,,
HAYAH MedNet EBP OP,HAYAH MedNet EBP OP,MEDNET,ASTER AL BUHAIRAH PHARMACY-ASTER PHARMACY GROUP,SHJ,PHARMACY,AL BUHAIRAH,"LAGOON TOWER, CORNICHE, AL BUHAIRAH",06-5444542,,
HAYAH MedNet EBP OP,HAYAH MedNet EBP OP,MEDNET,"ABWAB BAIT AL MAQDES PHARMACY LLC, AL KHAN -BAIT AL MAQDES GRP",SHJ,PHARMACY,AL KHAN,AL KHAN STREET,06-5565363,,
HAYAH MedNet EBP OP,HAYAH MedNet EBP OP,MEDNET,MEDICINA PHARMACY - SHARJAH,SHJ,PHARMACY,AL KHAN,SAFEER MARKET,06-5375521,,
HAYAH MedNet EBP OP,HAYAH MedNet EBP OP,MEDNET,SAFAA AL MADAM PHARMACY,SHJ,PHARMACY,AL MADAM,"NEAR NATIONAL BANK OF ABU DHABI, AL MADAM, DHAID MADAM ROAD, AL MADAM",06-8861115,,
HAYAH MedNet EBP OP,HAYAH MedNet EBP OP,MEDNET,MEDI PRIME PHARMACY-SHARJAH,SHJ,PHARMACY,AL MAJAZ,2ND FLR SAFEER MARKET BLDG. KING FAISAL STREET AL MAJAZ 1,06-5752200,,
HAYAH MedNet EBP OP,HAYAH MedNet EBP OP,MEDNET,"BAIT AL MAQDES PHARMACY LLC - BRANCH 1, AL MAJAJ 3 - BAIT AL MAQDES GRP",SHJ,PHARMACY,AL MAJAZ,"EAGLE BUILDING, BEHIND CORNICH AL BUHAIRA STREET, AL MAJAZ3",06-5420520,,
HAYAH MedNet EBP OP,HAYAH MedNet EBP OP,MEDNET,ASTER PHARMACY 140  (BR OF ASTER PHARMACIES GROUP),SHJ,PHARMACY,AL MAJAZ,"KING FAISAL STREET, SULTACO BUILDING, AL MAJAZ, SHARJAH",04-2505712,,
HAYAH MedNet EBP OP,HAYAH MedNet EBP OP,MEDNET,ASTER PHARMACY 106-SHARJAH,SHJ,PHARMACY,AL NAHDA,"GOLDEN SANDS BUILDING, AL ITTIHAD ROAD",06-5749669,,
HAYAH MedNet EBP OP,HAYAH MedNet EBP OP,MEDNET,ASTER PHARMACY 121-SHARJAH-ASTER PHARMACIES GROUP,SHJ,PHARMACY,AL NAHDA,SILVER SAND BUILDING,06-5544504,,
HAYAH MedNet EBP OP,HAYAH MedNet EBP OP,MEDNET,SALSABEEL PHARMACY LLC - SHARJAH - (NOVO HEALTHCARE GROUP),SHJ,PHARMACY,AL NAHDA,"Tami-3 Building, Bukhara Street, Near Al Nahda Park, Al Nahda, Sharjah, UAE",06-5368988,,
HAYAH MedNet EBP OP,HAYAH MedNet EBP OP,MEDNET,MADI PRIME AL NAHDA LLC - PRIME MEDICAL GROUP,SHJ,PHARMACY,AL NAHDA FIRST,"AL RODA TOWER 2,OPPOSITE CARREFOUR EXPRESS , MALAKA STREET , AL NAHDA. SHARJAH",04-7070373,,
HAYAH MedNet EBP OP,HAYAH MedNet EBP OP,MEDNET,NEJOUM ABUSHAGHARA PHARMACY,SHJ,PHARMACY,AL QASIMIA,"AL QASIMIA AREA, NEAR PRIME MEDICAL CENTRE",06-5554450,,
HAYAH MedNet EBP OP,HAYAH MedNet EBP OP,MEDNET,AL SAMA PHARMACY LLC,SHJ,PHARMACY,AL QASSEMIYA,AL SAMA PHARMACY LLC SHARJAH -SANA GROUP OF PHARMACIES,06-5508820,,
HAYAH MedNet EBP OP,HAYAH MedNet EBP OP,MEDNET,AL SEHA AL KUBRA PHARMACY LLC,SHJ,PHARMACY,AL SHAHABA,"MARIYAM ABDUL REHMAN BUILDING, SHOP NO. 1, AL WASIT STREET, AL SHAHABA AREA",06-5721213,,
HAYAH MedNet EBP OP,HAYAH MedNet EBP OP,MEDNET,"HAMAD AL OULA PHARMACY LLC, AL SHAHBA(SUNNY PHARMACY)",SHJ,PHARMACY,AL SHAHBA,"Sunny Halwan Speciality  Medical Centre LLC, Opp Al Qassimi Hospital- Shahba Area, Wasit Street, Sharjah",06-5455966,,
HAYAH MedNet EBP OP,HAYAH MedNet EBP OP,MEDNET,"AL HALA PHARMACY LLC, ALTAAWUN-BAIT AL MAQDES GRP",SHJ,PHARMACY,AL TAAWUN,"AL KHAN 5 BUILDING, NEW AL TAAWUN STREET",06-5523663,,
HAYAH MedNet EBP OP,HAYAH MedNet EBP OP,MEDNET,ASTER PHARMACY 203-BR OF ASTER PHARMACIES-SHARJAH,SHJ,PHARMACY,AL TAAWUN,"SHOP NO.1, ARAB DOCTOR BUILDING, AL TAAWUN AREA, SHARJAH",06-5396955,,
HAYAH MedNet EBP OP,HAYAH MedNet EBP OP,MEDNET,ASTER PHARMACY 151 - SHARJAH - BR OF ASTER PHARMACIES GROUP LLC,SHJ,PHARMACY,AL TAWOON,"OPP. SHARJAH PALACE HOTEL, TAWUN STREET, MAMZER 1 TOWER, AL TAWOON.",06-5453109,,
HAYAH MedNet EBP OP,HAYAH MedNet EBP OP,MEDNET,ASTER PHARMACIES GROUP LLC- SHJ BR- BRANCH 3 - SHARJAH,SHJ,PHARMACY,AL WAHDA,"1ST FLOOR, SHARJAH CITY CENTER,OPP: CARREFOUR, AL WAHDA STREET, SHARJAH",06-5950110,,
HAYAH MedNet EBP OP,HAYAH MedNet EBP OP,MEDNET,DAR AL HIKMAH PHARMACY LLC,SHJ,PHARMACY,BUHAIRAH CORNICHE,"AL QASBA TOWER,  BUHAIRAH CORNICHE",06-5567358,,
HAYAH MedNet EBP OP,HAYAH MedNet EBP OP,MEDNET,AL MALEHA PHARMACY,SHJ,PHARMACY,DHAID,"MAIN ROAD, DHAID AL DHAID,OPPSITE TO ETILSAT , NEAR POST OFFICE",06-8826855,,
HAYAH MedNet EBP OP,HAYAH MedNet EBP OP,MEDNET,DUAA PHARMACY,SHJ,PHARMACY,DHAID,"NEAR VEGETABLE MARKET, AL DHAID",06-8822525,,
HAYAH MedNet EBP OP,HAYAH MedNet EBP OP,MEDNET,"ZAM ZAM PHARMACY LLC, SHARJAH",SHJ,PHARMACY,INDUSTRAIL 15,"JAMAL ABUDLLA MOHAMMED AL SHAMLAN BUILDING, INDUSTRIAL AREA-15, NEAR NATIONAL PAINT",06-5357141,,
HAYAH MedNet EBP OP,HAYAH MedNet EBP OP,MEDNET,YAMAMA PHARMACY (BR OF YAMAMAH MEDICAL CENTER)-SHARJAH,SHJ,PHARMACY,INDUSTRIAL AREA-SHJ,"ENPI BUILDING, NEAR BIN LADEN R/A, 4TH INDUSTRIAL STREET, AREA 10, SHARJAH",06-5346004,,
HAYAH MedNet EBP OP,HAYAH MedNet EBP OP,MEDNET,ASTER PHARMACY 139,SHJ,PHARMACY,KHORFAKAN,"NEXT TO KHORFAKKAN POLICE STATION ROUND ABOUT, OPPOSITE TO ADNOC PETROL STATION, SHEIKH KHALID ROAD, KHORFAKKAN",06-2371315,,
HAYAH MedNet EBP OP,HAYAH MedNet EBP OP,MEDNET,AL NASR PHARMACY,SHJ,PHARMACY,KHORFAKAN,"SHAIKH KHALID ROAD, OPP. EXPRESSION BOUTIQUE",09-2384188,,
HAYAH MedNet EBP OP,HAYAH MedNet EBP OP,MEDNET,"HAMAD AL IHTERAFEYA PHARMACY LLC, MAYSLOON(SUNNY PHARMACY)",SHJ,PHARMACY,MAYSLOON,"Sunny Maysloon Speciality Medical Centre, Kuwait Street,Maysloon Sharjah",06-5455966,,
HAYAH MedNet EBP OP,HAYAH MedNet EBP OP,MEDNET,MEDICINA 23 PHARMACY,SHJ,PHARMACY,MOHILLA,"CENTRAL SHARJAH SHOP #02, SHEIKH RASHID BIN SAQR ALQASIMI STREET, HALWAN SUBURB, SAMNAN SHARJAH",06-5303980,,
HAYAH MedNet EBP OP,HAYAH MedNet EBP OP,MEDNET,ASTER PHARMACIES GROUP LLC- SHJ BR- BRANCH 5 - SHARJAH,SHJ,PHARMACY,MUWAILAH,"RASHID BUILDING, NEAR AL MADINA SHOPPING CENTER,UNIVERSITY ROAD , AL MUWAILAH, SHARJAH",06-5538496,,
HAYAH MedNet EBP OP,HAYAH MedNet EBP OP,MEDNET,ASTER PHARMACIES GROUP LLC- SHJ BR- BRANCH 2 - SHARJAH,SHJ,PHARMACY,MUWAILAH,"SHOP NO.2 , BIN THAREEM BUILDING, AL MUWAILAH , SHARJAH",06-5321063,,
HAYAH MedNet EBP OP,HAYAH MedNet EBP OP,MEDNET,AL SABAH PHARMACY LLC-(AL NEEM PHARMACY GROUP),SHJ,PHARMACY,MUWEILAH,"HNC CLINIC BUILDING, BEHIND AL MADINA HYPERMARKET, MUWEILAH, SHARJAH",06-5302468,,
HAYAH MedNet EBP OP,HAYAH MedNet EBP OP,MEDNET,AL GHRAIF PHARMACY,SHJ,PHARMACY,NATIONAL PAINTS R/A,"MAZIYUNA BUILDING, (TIGER BUILDING), MALIHA STREET, INDUSTRIAL AREA II, NATIONAL PAINTS R/A",06-5352971,,
HAYAH MedNet EBP OP,HAYAH MedNet EBP OP,MEDNET,AL HAMEEDIYA PHARMACY LLC-SHARJAH,SHJ,PHARMACY,ROLLA,"AL MEENA BUILDING, SHOP NO: 4, ROLLA, SHARJAH",06-5721744,,
HAYAH MedNet EBP OP,HAYAH MedNet EBP OP,MEDNET,AL SAMA AL SAFIA PHARMACY LLC,SHJ,PHARMACY,ROLLA,AL SAMA AL SAFIA PHARMACY LLC SHARJAH -SANA GROUP OF PHARMACIES,06-5217338,,
HAYAH MedNet EBP OP,HAYAH MedNet EBP OP,MEDNET,BOORJ AL ROLLA PHARMACY-SHARJAH,SHJ,PHARMACY,ROLLA,ROLLA,06-5217190,,
HAYAH MedNet EBP OP,HAYAH MedNet EBP OP,MEDNET,SAIF ZONE PHARMACY FZC,SHJ,PHARMACY,SAIF,"SAIF ZONE, SHARJAH,PHARMACY F2 - 42-B",06-5578560,,
HAYAH MedNet EBP OP,HAYAH MedNet EBP OP,MEDNET,AL TAQWA PHARMACY LLC,SHJ,PHARMACY,SHARJAH,"ABDUL AZIZ AL MAJED BUILDING, AL NAHADA STREET",06-5319211,,
HAYAH MedNet EBP OP,HAYAH MedNet EBP OP,MEDNET,AL AHLIAH PHARMACY,SHJ,PHARMACY,SHARJAH,"Abdulla Ismail Bldg., Sheikh Zayed Street, Opp Kalyan Silks, Near Clock Tower, Maisaloon - Zaikzaid, Sharjah, UAE",06-5313698,,
HAYAH MedNet EBP OP,HAYAH MedNet EBP OP,MEDNET,BAIT AL MAQDESAL JADEEDHA PHARMACY,SHJ,PHARMACY,SHARJAH,"ABU SHAGRA, OPP ABU SHAGARA PARK",06-5486100,,
HAYAH MedNet EBP OP,HAYAH MedNet EBP OP,MEDNET,DAR AL DAWAA PHARMACY,SHJ,PHARMACY,SHARJAH,"ABUSHAGARA, ABUSHAGARA",06-5449544,,
HAYAH MedNet EBP OP,HAYAH MedNet EBP OP,MEDNET,TULIP PHARMACY LLC - SHJ PHARMAETHICS GROUP,SHJ,PHARMACY,SHARJAH,"ADJACENT TO MEGA MALL/BEHIND RAYAN HOTEL, ABU SHAGHARA SHARJAH",06-5755069,,
HAYAH MedNet EBP OP,HAYAH MedNet EBP OP,MEDNET,MUHAMMAD AYAZ PHARMACY - SHARJAH (AL NEEM GROUP),SHJ,PHARMACY,SHARJAH,"AHMED BIN ALI BUILDING,WASIT STREET, SHARJAH",06-5526224,,
HAYAH MedNet EBP OP,HAYAH MedNet EBP OP,MEDNET,AL OROUBA PHARMACY,SHJ,PHARMACY,SHARJAH,"AL AROOBA STREET, AL OWAIS BUILLDING",06-5623355,,
HAYAH MedNet EBP OP,HAYAH MedNet EBP OP,MEDNET,SHARJAH PHARMACY,SHJ,PHARMACY,SHARJAH,"AL AROUBA STREET, AFETR KM TRADING BUILDING",06-5623850,,
HAYAH MedNet EBP OP,HAYAH MedNet EBP OP,MEDNET,MEDICARE PHARMACY,SHJ,PHARMACY,SHARJAH,"AL AROUBA STREET, UAE EXCHANGE BUILDING, ROLLA",06-5621796,,
HAYAH MedNet EBP OP,HAYAH MedNet EBP OP,MEDNET,MANARAT AL CORNICHE-AL MANARA GROUP,SHJ,PHARMACY,SHARJAH,"AL BUHAIRA AREA,LATIFA TOWER BUILDING",06-5514180,,
HAYAH MedNet EBP OP,HAYAH MedNet EBP OP,MEDNET,SALIM PHARMACY,SHJ,PHARMACY,SHARJAH,"AL BUHAIRA STREET, SALIM TOWER",06-5736262,,
HAYAH MedNet EBP OP,HAYAH MedNet EBP OP,MEDNET,ASTER PHARMACY 125- SHARJAH,SHJ,PHARMACY,SHARJAH,"AL DEYAR BUIDING, NEAR TAWOUN R/A, AL TAWOUN",06-5303016,,
HAYAH MedNet EBP OP,HAYAH MedNet EBP OP,MEDNET,RASHA PHARMACY LLC-MEENA PHARMACY GROUP,SHJ,PHARMACY,SHARJAH,"AL GHUWAIR POST OFFICE BUILDING, TARIQ BIN ZIYED STREET",06-5625889,,
HAYAH MedNet EBP OP,HAYAH MedNet EBP OP,MEDNET,GRAND HAMAD PHARMACY,SHJ,PHARMACY,SHARJAH,"AL ITTIHAD ROAD, ASSWAILEM TOWER",06-5257556,,
HAYAH MedNet EBP OP,HAYAH MedNet EBP OP,MEDNET,MANARA AL JAREENA PHARMACY,SHJ,PHARMACY,SHARJAH,"AL JAREENA, MATAJEER MALL",06-5453206,,
HAYAH MedNet EBP OP,HAYAH MedNet EBP OP,MEDNET,HEALTH FIRST PHARMACY- DAR AL HIKMAH,SHJ,PHARMACY,SHARJAH,"AL MAJAZ 2, NEXT TO SUBWAY RESTAURANT, CORNICHE SHOP- 4-2A",06-5643275,,
HAYAH MedNet EBP OP,HAYAH MedNet EBP OP,MEDNET,AL TAJ PHARMACY LLC,SHJ,PHARMACY,SHARJAH,AL MAJAZ NORTHERN PARK ST. AL MAJAZ,06-5444322,,
HAYAH MedNet EBP OP,HAYAH MedNet EBP OP,MEDNET,AL MAJAZ PHARMACY,SHJ,PHARMACY,SHARJAH,"AL MAJAZ, AL MAJAZ AREA,LOOTAH BUILDING",06-5599799,,
HAYAH MedNet EBP OP,HAYAH MedNet EBP OP,MEDNET,AL SOOR PHARMACY,SHJ,PHARMACY,SHARJAH,"AL MINA STREET, CENTRAL POST OFFICE ,NEAR ADCB , SAME STRT OF CITY CENTER SUPERMARKET",06-5730028,,
HAYAH MedNet EBP OP,HAYAH MedNet EBP OP,MEDNET,DAR AL NEEM PHARMACY LLC - SHARJAH (AL NEEM GROUP),SHJ,PHARMACY,SHARJAH,"AL MUNTAZAH STREET, EMIRATES INTERNATIONAL HOSPITAL BUILDING, SHARJAH",06-5593344,,
HAYAH MedNet EBP OP,HAYAH MedNet EBP OP,MEDNET,AL NABAA PHARMACY,SHJ,PHARMACY,SHARJAH,AL NABAA STREET,06-5635229,,
HAYAH MedNet EBP OP,HAYAH MedNet EBP OP,MEDNET,RAWABINA PHARMACY,SHJ,PHARMACY,SHARJAH,"AL NAD AL QASSIMIYA, AL ZAMALER BLDG",06-5519654,,
HAYAH MedNet EBP OP,HAYAH MedNet EBP OP,MEDNET,MEDICOM 17,SHJ,PHARMACY,SHARJAH,"AL NAHDA ROAD, ANSAR MALL",06-3513256,,
HAYAH MedNet EBP OP,HAYAH MedNet EBP OP,MEDNET,AL HARAMAIN PHARMACY,SHJ,PHARMACY,SHARJAH,"AL NAHDA, BELOW AL NADHA MEDICAL CENTRE",06-5316779,,
HAYAH MedNet EBP OP,HAYAH MedNet EBP OP,MEDNET,FATIMA ALZAHRA PHARMACY LLC - SHARJAH (NOVO HEALTHCARE GROUP),SHJ,PHARMACY,SHARJAH,"Al Nahda, Sharjah, UAE",06-5636145,,
HAYAH MedNet EBP OP,HAYAH MedNet EBP OP,MEDNET,EXPERTS PHARMACY,SHJ,PHARMACY,SHARJAH,"AL NASIRYA, AL NASIRYA",06-5654635,,
HAYAH MedNet EBP OP,HAYAH MedNet EBP OP,MEDNET,NEW HAMAD PHARMACY,SHJ,PHARMACY,SHARJAH,"AL QASSEMI HOSPITAL, SAMNAN BUILDING",06-5673388,,
HAYAH MedNet EBP OP,HAYAH MedNet EBP OP,MEDNET,AL SANA PHARMACY,SHJ,PHARMACY,SHARJAH,AL SANA PHARMACY SHARJAH -SANA GROUP OF PHARMACIES,06-5731610,,
HAYAH MedNet EBP OP,HAYAH MedNet EBP OP,MEDNET,AL ELAJ PHARMACY LLC,SHJ,PHARMACY,SHARJAH,"AL SHAHBA PLAZA, WASIT STREET",06-5583058,,
HAYAH MedNet EBP OP,HAYAH MedNet EBP OP,MEDNET,ASTER PHARMACY 133,SHJ,PHARMACY,SHARJAH,"AL SHARQ STREET, NEXT TO FINE FAIR BUILDING, OPP. SHARJAH COOPERATIVE SOCIETY",06-5619322,,
HAYAH MedNet EBP OP,HAYAH MedNet EBP OP,MEDNET,AL FARES PHARMACY,SHJ,PHARMACY,SHARJAH,"AL TAAWUN ROAD, ZAKHIR 1 TOWER",06-5304212,,
HAYAH MedNet EBP OP,HAYAH MedNet EBP OP,MEDNET,CRISTAL PHARMACY,SHJ,PHARMACY,SHARJAH,"AL TAWOON AREA, SHARJAH, AL SHAMSI BLG.,SHOP 4,",06-5773100,,
HAYAH MedNet EBP OP,HAYAH MedNet EBP OP,MEDNET,WASEEM PHARMACY,SHJ,PHARMACY,SHARJAH,"AL TAWOUN AREA, DALFCO BUILDING",06-5770930,,
HAYAH MedNet EBP OP,HAYAH MedNet EBP OP,MEDNET,AL MANARAH PHARMACY,SHJ,PHARMACY,SHARJAH,"AL TAWOUN AREA, SHAMS TOWER",06-5774665,,
HAYAH MedNet EBP OP,HAYAH MedNet EBP OP,MEDNET,AL ZAMAN PHARMACY LLC,SHJ,PHARMACY,SHARJAH,"AL WAFA BUILDING, AL WAHDA STREET",06-5771990,,
HAYAH MedNet EBP OP,HAYAH MedNet EBP OP,MEDNET,AL SHUALLA PHARMACY,SHJ,PHARMACY,SHARJAH,"AL WAHDA ROAD, SAFEER MALL",06-5313648,,
HAYAH MedNet EBP OP,HAYAH MedNet EBP OP,MEDNET,MODERN BAIT AL MAQDES PHARMACY,SHJ,PHARMACY,SHARJAH,"AL WAHDA STREET,  AFTER AL KHAN BRIDGE , NEAR LIFEWAY SUPERMARKET",06-5552070,,
HAYAH MedNet EBP OP,HAYAH MedNet EBP OP,MEDNET,BAIT AL MAQDES PHARMACY,SHJ,PHARMACY,SHARJAH,"AL WAHDA STREET,  OPP AL WAHDA CENTER",06-5534363,,
HAYAH MedNet EBP OP,HAYAH MedNet EBP OP,MEDNET,HEALTH FIRST PHARMACY BR_2-PLANET PHARMACY,SHJ,PHARMACY,SHARJAH,"AL WAHDA STREET, AL WAHDA STREET",06-5336128,,
HAYAH MedNet EBP OP,HAYAH MedNet EBP OP,MEDNET,MARHABA PHARMACY LLC - SHARJAH (NOVO HEALTHCARE GROUP),SHJ,PHARMACY,SHARJAH,"Al Zahra Street G,2, Humaid Al Owais Building, Maysaloon, Sharjah, UAE",06-5238130,,
HAYAH MedNet EBP OP,HAYAH MedNet EBP OP,MEDNET,AL SAHA & AL JAMAL PHARMACY- AL HIKMA GROUP,SHJ,PHARMACY,SHARJAH,"AL ZAHRA STREET, NASSYRIA",06-5210090,,
HAYAH MedNet EBP OP,HAYAH MedNet EBP OP,MEDNET,DOCTORS PHARMACY,SHJ,PHARMACY,SHARJAH,"ARABIAN GULF STREET, OPPSITE ROTAANNA HOTEL .",06-5614813,,
HAYAH MedNet EBP OP,HAYAH MedNet EBP OP,MEDNET,MAJID PHARMACY,SHJ,PHARMACY,SHARJAH,"BANK STREET, BEHIND NATL BANK OF ABU DHABI",06-5683422,,
HAYAH MedNet EBP OP,HAYAH MedNet EBP OP,MEDNET,MANARA AL KHAN PHARMACY,SHJ,PHARMACY,SHARJAH,"BEHIND AL KHALEEJ, MATAJEER MALL",06-5267134,,
HAYAH MedNet EBP OP,HAYAH MedNet EBP OP,MEDNET,MEDICARE PHARMACY L.L.C -  SHARJAH - (NOVO HEALTHCARE GROUP),SHJ,PHARMACY,SHARJAH,"Behind UAE Exchange Centre, Al Arouba Street, Rolla, Sharjah, UAE",06-5242555,,
HAYAH MedNet EBP OP,HAYAH MedNet EBP OP,MEDNET,AL RAYAH PHARMACY LLC - SHARJAH (NOVO HEALTHCARE GROUP),SHJ,PHARMACY,SHARJAH,"Buhaira Building, B Block,",06-5770432,,
HAYAH MedNet EBP OP,HAYAH MedNet EBP OP,MEDNET,BILAL PHARMACY,SHJ,PHARMACY,SHARJAH,"CATERPILLAR STREET, AOUISE BUILDING NEXT TO DYNA TRADE",06-5328558,,
HAYAH MedNet EBP OP,HAYAH MedNet EBP OP,MEDNET,NEW MEDICAL CENTRE PHARMACY,SHJ,PHARMACY,SHARJAH,"CORNICHE ROAD, BELREHED TOWER,NEXT TO CRYSTAL PLAZA",06-5974180,,
HAYAH MedNet EBP OP,HAYAH MedNet EBP OP,MEDNET,AL SAJAA PHARMACY LLC-MEENA PHARMACY GROUP,SHJ,PHARMACY,SHARJAH,"DHAID ROAD, AL SAJAA, OPPOSITE SHARJAH CEMENT FACTORY",06-5310199,,
HAYAH MedNet EBP OP,HAYAH MedNet EBP OP,MEDNET,ARABIAN PHARMACY,SHJ,PHARMACY,SHARJAH,"EMIRATES KEY BUILDING, MAAZA SIGNAL, INDUSTRIAL AREA 4, KING FAISAL ROAD",06-5431763,,
HAYAH MedNet EBP OP,HAYAH MedNet EBP OP,MEDNET,MEDICINA 33 PHARMACY-SHARJAH -MEDICINA GRP,SHJ,PHARMACY,SHARJAH,"Emirates National Schools, Al Rahmaniyah, Sharjah",06-744 8476,,
HAYAH MedNet EBP OP,HAYAH MedNet EBP OP,MEDNET,ANWAR BAIT AL MAQDES PHARMACY LLC,SHJ,PHARMACY,SHARJAH,"EWAN BUILDING, MUWAILEH",06-5426300,,
HAYAH MedNet EBP OP,HAYAH MedNet EBP OP,MEDNET,MASAFI PHARMACY,SHJ,PHARMACY,SHARJAH,"FIRST GULF BANK BLD, OPP TO GOLD CENTRE",06-5721805,,
HAYAH MedNet EBP OP,HAYAH MedNet EBP OP,MEDNET,AL SAMHA PHARMACY LLC - SHARJAH (AL NEEM GROUP),SHJ,PHARMACY,SHARJAH,"GROUND FLOOR AL AMIRA RESIDENCE, ABU SHAGARA STREET, SHARJAH",06-5432382,,
HAYAH MedNet EBP OP,HAYAH MedNet EBP OP,MEDNET,LUBNA PHARMACY LLC - SHARJAH (NOVO HEALTHCARE GROUP),SHJ,PHARMACY,SHARJAH,"Ground Floor, Al Zaroun Building, Al Nabba'a, Al Sharq District, Sharjah, UAE",06-5637220,,
HAYAH MedNet EBP OP,HAYAH MedNet EBP OP,MEDNET,AL RUAYAH PHARMACY LLC - SHARJAH (NOVO HEALTHCARE GROUP),SHJ,PHARMACY,SHARJAH,"Ground Floor, Safari Hypermarket, Shop Number 80 & 81, Muwaileh, Sharjah, UAE",06-5463681,,
HAYAH MedNet EBP OP,HAYAH MedNet EBP OP,MEDNET,MEDI PRIME AL MAJAZ PHARMACY LLC - BR 1 (SHARJAH),SHJ,PHARMACY,SHARJAH,"GROUND FLOOR, ZERO 6 MALL, AL JURAINAH, UNIVERSITY CITY ROAD",04-7070999,,
HAYAH MedNet EBP OP,HAYAH MedNet EBP OP,MEDNET,ATLAS PHARMACY-MEENA PHARMACY GROUP,SHJ,PHARMACY,SHARJAH,"GULT MART BUILDING, AL AROOBA STREET",06-5235676,,
HAYAH MedNet EBP OP,HAYAH MedNet EBP OP,MEDNET,ASTER PHARMACY 107,SHJ,PHARMACY,SHARJAH,"HASSAN BABA HASSAN BUILDING, GROUD FLOOR, KING FAISAL ROAD",06-5734704,,
HAYAH MedNet EBP OP,HAYAH MedNet EBP OP,MEDNET,ASTER PHARMACY 108- SHARJAH,SHJ,PHARMACY,SHARJAH,"IBRAHIM MOHAMED AL MEDFAA STREET, NEXT TO SATA, UM AL TARAFA AREA, ROLLA, NEAR TO ACCESS CLINIC",06-5610012,,
HAYAH MedNet EBP OP,HAYAH MedNet EBP OP,MEDNET,MEDICINA 30 PHARMACY- SHARJAH - MEDICINA GRP,SHJ,PHARMACY,SHARJAH,iMall - Ithihad Road - Sharjah,06-5248013,,
HAYAH MedNet EBP OP,HAYAH MedNet EBP OP,MEDNET,AL MAWADAH PHARMACY,SHJ,PHARMACY,SHARJAH,"IMIGRATION ROAD, NEAR EMIRATES ISLAMIC BANK",06-5744878,,
HAYAH MedNet EBP OP,HAYAH MedNet EBP OP,MEDNET,MEDI PRIME AL QASIMIAH PHARMACY,SHJ,PHARMACY,SHARJAH,"IMMIGRATION ROAD, AL QASMIA BLDG, NEAR MASHREQ BANK",06-5752200,,
HAYAH MedNet EBP OP,HAYAH MedNet EBP OP,MEDNET,AL FAJR PHARMACY,SHJ,PHARMACY,SHARJAH,"IMMIGRATION ROAD, OPP MASHREQ BANK",06-5735233,,
HAYAH MedNet EBP OP,HAYAH MedNet EBP OP,MEDNET,AL SAIF PHARMACY BR1 - AL RABEE CLINIC GROUP,SHJ,PHARMACY,SHARJAH,"INDUSTRIAL AREA 2, NEAR SHARJAH COLLEGE, SHARJAH",06-5391300,,
HAYAH MedNet EBP OP,HAYAH MedNet EBP OP,MEDNET,SCIENTIFIC PHARMACY LLC - SHARJAH (NOVO HEALTHCARE GROUP),SHJ,PHARMACY,SHARJAH,"Jasim Mohd Al Mahmood Building, Yazeed Bin Al Hareth Street, Sharjah, UAE",06-5487289,,
HAYAH MedNet EBP OP,HAYAH MedNet EBP OP,MEDNET,RUKN AL HAYAT PHARMACY LLC - SHARJAH (AL NEEM GROUP),SHJ,PHARMACY,SHARJAH,"KHALOTI TOWER, AL MAJAZ, SHARJAH",06-5444534,,
HAYAH MedNet EBP OP,HAYAH MedNet EBP OP,MEDNET,SAHARA AL JAZEERA PHARMACY LLC - SHARJAH (NOVO HEALTHCARE GROUP),SHJ,PHARMACY,SHARJAH,"Khan Saheb Building, Near Geco Signal, Industrial Area 10, Sharjah, UAE",06-5353345,,
HAYAH MedNet EBP OP,HAYAH MedNet EBP OP,MEDNET,AL SAIF PHARMACY,SHJ,PHARMACY,SHARJAH,"KING ABDUL AZIZ STREET, AL SAUD BUILDING",06-5533811,,
HAYAH MedNet EBP OP,HAYAH MedNet EBP OP,MEDNET,MEDICINA 24 PHARMACY,SHJ,PHARMACY,SHARJAH,KING FAISAL ROAD,06-5723255,,
HAYAH MedNet EBP OP,HAYAH MedNet EBP OP,MEDNET,ASTER PHARMACY,SHJ,PHARMACY,SHARJAH,"KING FAISAL STREET, NEAR ADNOC GAS STATION",06-5445001,,
HAYAH MedNet EBP OP,HAYAH MedNet EBP OP,MEDNET,AL AFDHAL PHARMACY -  SHARJAH (AL NEEM GROUP),SHJ,PHARMACY,SHARJAH,"KING FAISAL STREET,AL ROSTAMANI BUILDING,SHARJAH",06-5217622,,
HAYAH MedNet EBP OP,HAYAH MedNet EBP OP,MEDNET,HEALTH FIRST PHARMACY 2- SHARJAH-PLANET PHARMACY,SHJ,PHARMACY,SHARJAH,MATAJER MALL,06-5534225,,
HAYAH MedNet EBP OP,HAYAH MedNet EBP OP,MEDNET,AL DAWA & AL JAMAL PHARMACY,SHJ,PHARMACY,SHARJAH,"MOELIH, SHARJAH UNIVERSITY ROAD",06-5399499,,
HAYAH MedNet EBP OP,HAYAH MedNet EBP OP,MEDNET,ASTER PHARMACY 153,SHJ,PHARMACY,SHARJAH,"Mubarak Building, University Road, Muweilah,  Sharjah, U.A.E",06-5543020,,
HAYAH MedNet EBP OP,HAYAH MedNet EBP OP,MEDNET,AL NAS PHARMACY L.L.C - SHARJAH (AL NEEM GROUP),SHJ,PHARMACY,SHARJAH,"MUHAMMAD SYEED BUILDING, AL WASHAH STREET, SHARJAH",05-05486313,,
HAYAH MedNet EBP OP,HAYAH MedNet EBP OP,MEDNET,MANARA AL MURQAB PHARMACY,SHJ,PHARMACY,SHARJAH,"MURQAB, MATAJER MALL",06-5213471,,
HAYAH MedNet EBP OP,HAYAH MedNet EBP OP,MEDNET,AL WAFA PHARMACY,SHJ,PHARMACY,SHARJAH,"NEAR LACNOR DIARY, DOUBLE COLA ROAD, INDUS. AREA 4.",06-5331139,,
HAYAH MedNet EBP OP,HAYAH MedNet EBP OP,MEDNET,AL SAMA AL ZARQA PHARMACY,SHJ,PHARMACY,SHARJAH,"OBAID AHMED BUILDIN, NEAR SHARAF EXCHANGE, SAJJA, , SAJJA INDUSTRIAL AREA, SHARJAH",06-5311873,,
HAYAH MedNet EBP OP,HAYAH MedNet EBP OP,MEDNET,AL SALAMAH PHARMACY LLC,SHJ,PHARMACY,SHARJAH,"OPPOSITE OASIS WATER FACTORY, INDUSTRIAL AREA-14, NEAR BY MUWEILAH FIRE STATION, SHARJAH",06-5357255,,
HAYAH MedNet EBP OP,HAYAH MedNet EBP OP,MEDNET,ABU DHABI PHARMACY - SHARJAH (AL NEEM GROUP),SHJ,PHARMACY,SHARJAH,"OPPOSITE SHARJAH COOPERATIVE, AL KHAN STREET, SHARJAH",05-66465995,,
HAYAH MedNet EBP OP,HAYAH MedNet EBP OP,MEDNET,NEW AL KINDI PHARMACY,SHJ,PHARMACY,SHARJAH,QASMIA STREET,06-5733377,,
HAYAH MedNet EBP OP,HAYAH MedNet EBP OP,MEDNET,AL QASSIMIAH PHARMACY LLC-MEENA PHARMACY GROUP,SHJ,PHARMACY,SHARJAH,"QASSIMIAH MEDICAL CENTER BUILDING, SAJAA AREA",06-5310177,,
HAYAH MedNet EBP OP,HAYAH MedNet EBP OP,MEDNET,AL TAMIMI PHY,SHJ,PHARMACY,SHARJAH,"ROLLA STREET, NEAR U.A.E EXCHANGE , NEAR JOY ALUKKAS CENTER ,RIGHT FRM NAJAF RESTURANT",06-5624990,,
HAYAH MedNet EBP OP,HAYAH MedNet EBP OP,MEDNET,AL EBTSAMAH PHARMACY - SHARJAH -MEDICINA GRP,SHJ,PHARMACY,SHARJAH,SAFEER CENTRE - KALBA,09-2770371,,
HAYAH MedNet EBP OP,HAYAH MedNet EBP OP,MEDNET,AL MEENA PHARMACY LLC-MEENA PHARMACY GROUP,SHJ,PHARMACY,SHARJAH,"SATA BUILDING, AL MINA ROAD,OPPOSITE SUNRISE MEDICAL CENTER",06-5625055,,
HAYAH MedNet EBP OP,HAYAH MedNet EBP OP,MEDNET,HAMAD PHARMACY,SHJ,PHARMACY,SHARJAH,"SHABHA AREA,  BASID ROAD, CICKET STADIUM ,  NEAR AL WQASSIM HOSPITAL , NEAR DANA PLAZA",06-5582800,,
HAYAH MedNet EBP OP,HAYAH MedNet EBP OP,MEDNET,REEM AL ROLLA PHARMACY,SHJ,PHARMACY,SHARJAH,SHARJAH,06-5300355,,
HAYAH MedNet EBP OP,HAYAH MedNet EBP OP,MEDNET,AL AHRAR PHARMACY- SHJ - PHARMAETHICS GROUP,SHJ,PHARMACY,SHARJAH,"SHEIK REDA HASAN MUKHTAR, MALEHA STREET, OPPOSITE THUMBAY MEDICAL CENTRE, MUWEILAH SHARJAH",06-5520003,,
HAYAH MedNet EBP OP,HAYAH MedNet EBP OP,MEDNET,"AL NASEEM PHARMACY, CLOCK TOWER (AHALIA GROUP)",SHJ,PHARMACY,SHARJAH,"SHEIKH ZAYED STREET, NEAR CLOCK TOWER, OPP KALYAN SILKS, SHARJAH.",06-5744679,,
HAYAH MedNet EBP OP,HAYAH MedNet EBP OP,MEDNET,AKNAF BAIT AL MAQDES PHARMACY LLC,SHJ,PHARMACY,SHARJAH,"SHOP #1 AL EZZ BIN ABDUL SALEM ST, AL NASER PLAZA BLDG, AL MAJAZ",06-5500602,,
HAYAH MedNet EBP OP,HAYAH MedNet EBP OP,MEDNET,ASTER PHARMACY 122 - DR. MOOPEN'S GROUP,SHJ,PHARMACY,SHARJAH,"SHOP #2, ASTER BUILDING, NEAR ASTER CLINIC ABU SHAGARA PARK ROAD",06-5570996,,
HAYAH MedNet EBP OP,HAYAH MedNet EBP OP,MEDNET,"AL FURQAN PHARMACY LLC, SHARJAH (AL SHAMS GROUP)",SHJ,PHARMACY,SHARJAH,"SHOP 9, GROUND FLOOR, MATTAR BLDG, AL MADAM, SHARJAH.",06-8861030,,
HAYAH MedNet EBP OP,HAYAH MedNet EBP OP,MEDNET,HEALTH FIRST PHARMACY BRANCH 6 - SHARJAH,SHJ,PHARMACY,SHARJAH,"SHOP NO 1, AL SHARQ STREET, SHARJAH CO-OPERATIVE SOCIETY",06-5650415,,
HAYAH MedNet EBP OP,HAYAH MedNet EBP OP,MEDNET,AL INAYA AL MUTAQADIMAH PHARMACY LLC,SHJ,PHARMACY,SHARJAH,"SHOP NO 2,AL REEM BLDG,MALIHA ROAD(SHARJAH -KALBA ROAD),NEAR NATIONAL PAINT ROUNDABOUT",06-5345663,,
HAYAH MedNet EBP OP,HAYAH MedNet EBP OP,MEDNET,NAJMAT SAHARA AL JADEEDA PHARMACY LLC - SHARJAH (NOVO HEALTHCARE GROUP),SHJ,PHARMACY,SHARJAH,"Tuliatela Street G, 8, Al Maha Block A, Near Ramada Sharjah, Al Nahda, Sharjah, UAE",06-5318334,,
HAYAH MedNet EBP OP,HAYAH MedNet EBP OP,MEDNET,MEDICOM 26,UMQ,PHARMACY,UMM AL QUWAIN,AL MANAMA MALL,06-7649734,,
HAYAH MedNet EBP OP,HAYAH MedNet EBP OP,MEDNET,"TAJERAN PHARMACY , UAQ-AL KHALEEJ MEDICAL CENTRE",UMQ,PHARMACY,UMM AL QUWAIN,"AL MOUALLA BUILDING, AL RAAS AREA, KING FAISAL STREET",06-7652291,,
HAYAH MedNet EBP OP,HAYAH MedNet EBP OP,MEDNET,ROUA PHARMACY-MEENA PHARMACY GROUP,UMQ,PHARMACY,UMM AL QUWAIN,"DR. RANA HUSSAIN'S CLINIC BUILDING, AL RAS; OPPOSITE LULU CENTER",06-7660688,,
HAYAH MedNet EBP OP,HAYAH MedNet EBP OP,MEDNET,HEALTH FIRST 1-UAQ-PLANET PHARMACY,UMQ,PHARMACY,UMM AL QUWAIN,KING FAISAL STREET,06-7656180,,
HAYAH MedNet EBP OP,HAYAH MedNet EBP OP,MEDNET,HEALTH FIRST PHARMACY 28- UAQ,UMQ,PHARMACY,UMM AL QUWAIN,"SAEED MUHAMED AL MASAFRI BLDG, KING FAISAL STREET, OLD SOUQ",06-7656180,,
HAYAH MedNet EBP OP,HAYAH MedNet EBP OP,MEDNET,AL TAMIMI NEW PHARMACY BRANCH - DUBAI (FAITH GROUP),DXB,PHARMACY,SATWA,"Ahmed Saeed Building Next to UAE Exchange Al Satwa, Dubai UAE",04-3249218,,
HAYAH MedNet EBP OP,HAYAH MedNet EBP OP,MEDNET,AL ABRAR PHARMACY  - RAS AL KHAIMAH (NEEM GROUP),RAK,PHARMACY,HAMRA,"BUILDING NO.1 AL JAZEERA, AL HAMRA, RAS AL KHAIMAH",07-2080157,,
HAYAH MedNet EBP OP,HAYAH MedNet EBP OP,MEDNET,"NOVO PHARMACY LLC (BRANCH), KARAMA (NOVO GROUP)",DXB,PHARMACY,AL KARAMA,"Shop No. 2, Ground Floor, Belshalat Building, Kuwait Street, Karama, Dubai, UAE",04-5480821,,
HAYAH MedNet EBP OP,HAYAH MedNet EBP OP,MEDNET,"RIGHT HEALTH PHARMACY LLC (BRANCH) , AL KARAMA (RIGHT HEALTH GROUP)",DXB,PHARMACY,AL KARAMAH,"AL YATEEM BUILDING, SHOP NO.2, AL KARAMAH, DUBAI",04-3488818,,
HAYAH MedNet EBP OP,HAYAH MedNet EBP OP,MEDNET,MILLENNIUM HOSPITAL PHARMACY L.L.C(AHALIA GROUP),AUH,PHARMACY,MUSSAFAH,"ME 9 , BEHIND SAFEER MALL, MUSSAFAH, ABU DHABI",02-5649409,,
HAYAH MedNet EBP OP,HAYAH MedNet EBP OP,MEDNET,"GALAXY PHARMACY, MUSSAFAH(AHALIA GROUP)",AUH,PHARMACY,MUSSAFAH,"Opp Al Madina hypermarket, Mussaffah, Abu Dhabi",02-5575413,,
HAYAH MedNet EBP OP,HAYAH MedNet EBP OP,MEDNET,"STAR AL AHALIA PHARMACY - BRANCH 1, GAYATHI(AHALIA GROUP)",AUH,PHARMACY,GAYATHI,"Near ADCB Bank, Gayathi, Western Region, Abu Dhabi",02-8743180,,
HAYAH MedNet EBP OP,HAYAH MedNet EBP OP,MEDNET,"OUR LIFE GUARD PHARMACY L L C ,JEBEL ALI (OUR CARE AND CURE GROUP)",DXB,PHARMACY,JEBEL ALI,"SHOP # 5 , GROUND FLOOR, SHAMS AL MEDINA HYPERMARKET COMPLEX, 70Th STREET, JEBEL ALI 1, DUBAI",04-5809681,,
HAYAH MedNet EBP OP,HAYAH MedNet EBP OP,MEDNET,LIWAN PHARMACY LLC - DUBAI (AL NEEM GROUP),DXB,PHARMACY,SAFA,"SHOP NO 1, MHA WADI AL SAFA 2,DUBAI",04-5809651,,
HAYAH MedNet EBP OP,HAYAH MedNet EBP OP,MEDNET,BAIT AL NEEM PHARMACY LLC - AJMAN (AL NEEM GROUP),AJM,PHARMACY,AJMAN,"SHOP NO 4, NEAR BOUNTY SWEETS,SHIEKH AMMAR STREET, AJMAN",06-5454019,,
HAYAH MedNet EBP OP,HAYAH MedNet EBP OP,MEDNET,ASTER PHARMACIES GROUP LLC-BRANCH - EXPO 2020 (BR OF ASTER PHARMACY GROUP),DXB,PHARMACY,EXPO 2020,"GF1, Sustainability Pavilion, Expo 2020, Dubai",04-5477218,,
HAYAH MedNet EBP OP,HAYAH MedNet EBP OP,MEDNET,ASTER PHARMACIES GROUP LLC- SHJ BR BRANCH 1 - SHARJAH (BR OF ASTER PHARMACY GROUP),SHJ,PHARMACY,SWAIHAT,"Shop No:3, Sharjah Co-Operative Society, Sharjah",06-5465240,,
HAYAH MedNet EBP OP,HAYAH MedNet EBP OP,MEDNET,FAJAR ALSATWA PHARMACY LLC,DXB,PHARMACY,SATWA,"Bldg # 396, Al Bada Oasis Building, Opp. Iranian Hospital Emergency Gate, Al Hudaibah",04-2981526,,
HAYAH MedNet EBP OP,HAYAH MedNet EBP OP,MEDNET,NEW MEDICAL CENTRE PHARMACY LTD SHJ BR BRANCH1,SHJ,PHARMACY,AL MAJAZ,"KAKOOLI TOWER, NEXT TO NMC MEDICAL CENTRE NEAR 
BUHAIRAH POLICE STATION",06-7410907,,
HAYAH MedNet EBP OP,HAYAH MedNet EBP OP,MEDNET,Al NEEM PHARMACY LLC  UMM AL QUWAIN  ZNEEM PHARMACY GROUP,UMQ,PHARMACY,UMM AL QUWAIN,"SHOP NO 3&4, Dr. SUNNY MEDICAL CENTRE BUILDING KING FAISAL ROAD, UMM AL QUWAIN",06-7675263,,
HAYAH MedNet EBP OP,HAYAH MedNet EBP OP,MEDNET,YASMED PHARMACY LLC - UMM AL QUWAIN (YASMED MEDICAL CENTER),UMQ,PHARMACY,UMM AL QUWAIN,"Al Kubaisi Building,  New Ind area, Near Etisalat/hot Roundabout,Umm Thaob, Umm Al Quwain",06-5299064,,
HAYAH MedNet EBP OP,HAYAH MedNet EBP OP,MEDNET,"GRAND HEALTH PHARMACY SOLE PROPRIETORSHIP L.L.C , ABU DHABI - PF2635",AUH,PHARMACY,Mohamed Bin Zayed City,"P-1198 BUILDING,ME10 MOHAMMAD BIN ZAYED CITY, ABU DHABI",02-6660381,,
HAYAH MedNet EBP OP,HAYAH MedNet EBP OP,MEDNET,BAWADI AL AIN PHARMACY- ALAIN PHARMACY GROUP/ PF1549,AUH,PHARMACY,AL AIN,"MEZYAD, BAWADI MALL",03-7840410,,
HAYAH MedNet EBP OP,HAYAH MedNet EBP OP,MEDNET,HIKMAT AL AIN PHARMACY- ALAIN PHARMACY GROUP/ PF1061,AUH,PHARMACY,Al SEEF VILLIAGE,"UNIT NO. 14, AL SEEF VILLAGE, AL SALAM STREET NEAR TO MINISTRY COMPLEX AND KHALIFA PARK",02-6411225,,
HAYAH MedNet EBP OP,HAYAH MedNet EBP OP,MEDNET,NATIONAL AL AIN PHARMACY- ALAIN PHARMACY GROUP/PF1418,AUH,PHARMACY,AL AIN,"HILI, AL SAFA COMMERCIAL CENTER",03-7627116,,
HAYAH MedNet EBP OP,HAYAH MedNet EBP OP,MEDNET,TIBAH AL AIN PHARMACY- ALAIN PHARMACY GROUP/ PF1016,AUH,PHARMACY,AL AIN,AL JIMI NEAR AL AIN HOSPITAL,03-7544088,,
HAYAH MedNet EBP OP,HAYAH MedNet EBP OP,MEDNET,AL KINDI PHARMACY,SHJ,PHARMACY,SHARJAH,"KING ABDUL AZIZ STREET, AL OWAIS BUILLDING",06-5733177,,
HAYAH MedNet EBP OP,HAYAH MedNet EBP OP,MEDNET,"ASTER PHARMACY 165 BR OF ASTER PHARMACIES GROUP LLC, DUBAI HILLS (ASTER GRP)",DXB,PHARMACY,DUBAI HILLS,"Sway Residences, Shop No: Retail-3, Hadaeq Sheikh Mohammed Bin Rashid, Dubai Hills, Dubai,UAE",04-7187190,,
HAYAH MedNet EBP OP,HAYAH MedNet EBP OP,MEDNET,APPLE CARE PHARMACY,DXB,PHARMACY,INTERNATIONAL CITY,INTERNATIONAL CITY,04-4322568,,
HAYAH MedNet EBP OP,HAYAH MedNet EBP OP,MEDNET,U M D C PHARMACY LLC,RAK,PHARMACY,Al Nakheel,"OLD CBD BANK BUILDING, NEAR UNION MEDICAL & DENTAL CENTER, AL NAKHEEL, RAS AL KHAIMAH",07-2272757,,
HAYAH MedNet EBP OP,HAYAH MedNet EBP OP,MEDNET,KHALID BIN ALWALEED PHARMACY,AUH,PHARMACY,ELECTRA,"MUHAMMED ALRUMATHY BUILDING, ELECTRA STREET",02-6744661,,
HAYAH MedNet EBP OP,HAYAH MedNet EBP OP,MEDNET,JUNAID PHARMACY BRANCH 1,AUH,PHARMACY,MUSAFAH,"SHOP NO-1, BLDG NO-313, STREET-36, ME10",02-5529944,,
HAYAH MedNet EBP OP,HAYAH MedNet EBP OP,MEDNET,Aster Pharmacies Group LLC -SHJ BR,SHJ,PHARMACY,Kalba,"Plot 25, Sajidha Hypermarket, Al Wahda Street, Kalba, Sharjah",09-6061832,,
HAYAH MedNet EBP OP,HAYAH MedNet EBP OP,MEDNET,Aster Pharmacy 162 (Br of Aster Pharmacies Group LLC),DXB,PHARMACY,Jumeirah Village Circle,"Shop No:6, Masjid Building, District 10, Jumeirah Village Circle, Next to Saleh Mohammed Bin Lahej Masjid",04-4580678,,
HAYAH MedNet EBP OP,HAYAH MedNet EBP OP,MEDNET,Aster Pharmacy 167 (Br of Aster Pharmacies Group LLC),DXB,PHARMACY,Sheikh Zayed Road,"Shop No-041, Second floor, Metrolink Bay, The Dubai Mall, Sheikh Mohammed Bin Rashed Boulevard,Downtown, Dubai",04-3341829,,
HAYAH MedNet EBP OP,HAYAH MedNet EBP OP,MEDNET,Aster Pharmacy 170 (Br of Aster Pharmacies Group LLC),DXB,PHARMACY,Greens,"Shop# 6,Ground floor, Building 1, Phase 2, Shobha Heartland, Al Merkadh, Greens, Dubai",04-2588717,,
HAYAH MedNet EBP OP,HAYAH MedNet EBP OP,MEDNET,Aster Pharmacies Group L.L.C Branch Abu Dhabi 10,AUH,PHARMACY,Electra,"Heirs of Darwish Bin Ahmed Building, Shop No:005, Zayed 1st St, Electra Street, Abudhabi, UAE",02-8868770,,
HAYAH MedNet EBP OP,HAYAH MedNet EBP OP,MEDNET,Aster Pharmacies Group L.L.C  Abu Dhabi Branch 11,AUH,PHARMACY,Airport Road,"Shop No.2, Building No.193, next to ADNOC Petrol Station, Sector E 18_01, Airport Road, Abu Dhabi, UAE",02-6274688,,
HAYAH MedNet EBP OP,HAYAH MedNet EBP OP,MEDNET,Aster Pharmacies Group L.L.C Branch of Abu Dhabi 9,AUH,PHARMACY,Muroor,"Shop 2, Building 139, Al wathiq street, Sultan bin zayed the first , Beside zehrat lebanon, Muroor road, Abudhabi",02-8869464,,
HAYAH MedNet EBP OP,HAYAH MedNet EBP OP,MEDNET,Aster Pharmacies Group LLC -SHJ BR -Branch 4,SHJ,PHARMACY,Sajah,"Shop No.22 & 23, Plot No:7664, Sajah Mall, Ali Moosa Street, Sajah, Sharjah, UAE",06-5466057,,
HAYAH MedNet EBP OP,HAYAH MedNet EBP OP,MEDNET,Aster Pharmacy 173 (Br of Aster Pharmacies Group LLC),DXB,PHARMACY,Jumeirah third,"Shop 9, Building No: 2259186831, Union Cooperative Society, Al Safa, Jumeirah third, Dubai, UAE",04-3325595,,
HAYAH MedNet EBP OP,HAYAH MedNet EBP OP,MEDNET,LIFE PHARMACY LLC DMCC BR,DXB,PHARMACY,Dubai,"Unit No. GR02, Fortune Tower, Dubai",04-5610000,,
HAYAH MedNet EBP OP,HAYAH MedNet EBP OP,MEDNET,LIFE PHARMACY 95 BR OF LIFE PHARMACY LLC,DXB,PHARMACY,Dubai,"Shop No: 9 & 10, Plot No: 648-9145, Turtle Avenue, Dubai Land Residential Complex",04-5610000,,
HAYAH MedNet EBP OP,HAYAH MedNet EBP OP,MEDNET,LIFE PHARMACY LLC BR,DXB,PHARMACY,Dubai Silicon Oasis,"Unit A005, Ground Floor, Lulu Hypermarket, Silicon Oasis Central Mall, Dubai Silicon Oasis, Dubai",04-5610000,,
HAYAH MedNet EBP OP,HAYAH MedNet EBP OP,MEDNET,Central United Pharmacy(Br of United Pharmacy Investment LLC),DXB,PHARMACY,Deira,"Shop No: 001, Mirdif City Center, Deira",04-5610000,,
HAYAH MedNet EBP OP,HAYAH MedNet EBP OP,MEDNET,Vita United Pharmacy(Br of United Pharmacy Investment LLC),DXB,PHARMACY,Jumeirah 1,"Shop No# 54, Opposite Carrefour, Wasl Vita Mall, Al Wasl Road, Jumeirah 1, Wasl Real Estate",04-5610000,,
HAYAH MedNet EBP OP,HAYAH MedNet EBP OP,MEDNET,United Pharmacy IBN Battuta(Br of United Pharmacy Investment( LLC),DXB,PHARMACY,Ibn Battuta,"Shop No: IBS-GF-244, Nakheel, China Court, Ibn Battuta Mall",04-5610000,,
HAYAH MedNet EBP OP,HAYAH MedNet EBP OP,MEDNET,United Pharmacy 2(Br of United Pharmacy Investment LLC),DXB,PHARMACY,Al Barsha,"Shop No: G20, Al Barsha Mall, Al Barsha",04-5610000,,
HAYAH MedNet EBP OP,HAYAH MedNet EBP OP,MEDNET,Grand United Pharmacy(Br of United Pharmacy Investment),DXB,PHARMACY,Sheikh Zayed Street,"Shop No: GF012, Ground Floor, Near Fashion Parking, Dubai Mall (Sheikh Zayed Street)",04-5610000,,
HAYAH MedNet EBP OP,HAYAH MedNet EBP OP,MEDNET,Galleria United Pharmacy(Br of United Pharmacy Investment LLC),DXB,PHARMACY,Bur Dubai,"Shop No: 13, (Sheikha Hind Bin Maktoum Bin Juma Al Maktoum) Galleria Mall, Next to Jumeirah Post Office, Bur Dubai, Al Wasl Road",04-5610000,,
HAYAH MedNet EBP OP,HAYAH MedNet EBP OP,MEDNET,United Pharmacy(Br of United Pharmacy Investment LLC),DXB,PHARMACY,Al Barsha First,"Shop: K02, Mall of the Emirates,k Al Barsha First",04-5610000,,
HAYAH MedNet EBP OP,HAYAH MedNet EBP OP,MEDNET,United Pharmacy AL Zahiah LLC,SHJ,PHARMACY,Muweilah,"Shop No:A078, Level 2, Near Gate A Parking Entrance, Zahia City Centre, Behind the University City Street, Muweilah",04-5610000,,
HAYAH MedNet EBP OP,HAYAH MedNet EBP OP,MEDNET,LIFE PHARMACY LLC BRANCH 10 - BRANCH OF ABU DHABI 53,AUH,PHARMACY,Electra,"Shop No: 2, Plot C22, Darwish Bin Ahmed Bldg, Electra St, Abu Dhabi, UAE",04-5610000,,
HAYAH MedNet EBP OP,HAYAH MedNet EBP OP,MEDNET,LIFE PHARMACY L.L.C - BRANCH 1,UMQ,PHARMACY,Al Salama Street,"Shop No: 1 & 2, Plot No: 360, (New Commercial Complex) Al Salama Street",04-5610000,,
HAYAH MedNet EBP OP,HAYAH MedNet EBP OP,MEDNET,LIFE PHARMACY LLC BRANCH 17 - BRANCH OF ABU DHABI 63,AUH,PHARMACY,Al Bateena,"GF Shop 01, Plot C 29-C 42, Al Jimi Avenue, Al Bateena Area,Abu Dhabi,UAE",04-5610000,,
HAYAH MedNet EBP OP,HAYAH MedNet EBP OP,MEDNET,LIFE PHARMACY LLC BRANCH 19 BRANCH OF ABUDHABI 65,AUH,PHARMACY,Al Zahiya,"Shop No#01,ADCP Building P/1135,Al Salam St,Al Zahiya,Abu Dhabi,UAE",04-5610000,,
HAYAH MedNet EBP OP,HAYAH MedNet EBP OP,MEDNET,LIFE PHARMACY - RAK,RAK,PHARMACY,Al Qusaidat,"Shop 5 & 6, Nesto Hypermarket, Al Qusaidat,Ras Al Khaimah,UAE",04-5610000,,
HAYAH MedNet EBP OP,HAYAH MedNet EBP OP,MEDNET,LIFE PHARMACY LLC BRANCH 35 - BRANCH OF ABU DHABI 58,AUH,PHARMACY,Al ain Mall,"Al Ain Mall,Second Floor,Shop No#S022,Abu Dhabi,UAE",04-5610000,,
HAYAH MedNet EBP OP,HAYAH MedNet EBP OP,MEDNET,LIFE PHARMACY LLC BRANCH 26 - BRANCH OF ABU DHABI 86,AUH,PHARMACY,Al ain Mall,"Al Ain Mall,Ground Floor,Shop No#G144,Abu Dhabi,UAE",04-5610000,,
HAYAH MedNet EBP OP,HAYAH MedNet EBP OP,MEDNET,LIFE PHARMACY LLC - BRANCH OF ABU DHABI 14,AUH,PHARMACY,Al Falah Plaza,"Shop No: 3, Building B/704, Plot C182, Al Falah Plaza (Former Burger King), Abu Dhabi, UAE",04-5610000,,
HAYAH MedNet EBP OP,HAYAH MedNet EBP OP,MEDNET,LIFE PHARMACY 96 (BR OF LIFE PHARMACY L.L.C),DXB,PHARMACY,Al Warsan,"Shop 29, 30 &31, Geepas Commercial Center, Al Warsan, Dubai, UAE",04-5610000,,
HAYAH MedNet EBP OP,HAYAH MedNet EBP OP,MEDNET,LIFE PHARMACY 85 BR OF LIFE PHARMACY,DXB,PHARMACY,DUBAI,"Unit No#02,AMSA2,AL Albarsha South4,JVC,Dubai,UAE",04-5610000,,
HAYAH MedNet EBP OP,HAYAH MedNet EBP OP,MEDNET,LIFE PHARMACY 84 BR OF LIFE PHARMACY LLC,DXB,PHARMACY,DUBAI,"Unit No: 02, Plot No: 1, Building 1 (Osha 1), Deira Enrichment Project,Dubai,UAE",04-5610000,,
HAYAH MedNet EBP OP,HAYAH MedNet EBP OP,MEDNET,LIFE PHARMACY 83 BR OF LIFE PHARMACY LLC,DXB,PHARMACY,DUBAI,"Unit No: Retail 01  & 02, Plot No: 4, Building 1 (One Deira 1), Deira Enrichment Project,UAE",04-5610000,,
HAYAH MedNet EBP OP,HAYAH MedNet EBP OP,MEDNET,UNITED PHARMACY AL ZAHIAH LLC - BRANCH 1,SHJ,PHARMACY,Sharjah,"Unit no J001 , Matajer Al Juraina Centre , University City Road , Sharjah, UAE",04-5610000,,
HAYAH MedNet EBP OP,HAYAH MedNet EBP OP,MEDNET,LIFE PHARMACY LLC BRANCH 41 - BRANCH OF ABU DHABI 104,AUH,PHARMACY,Al Ain,"Inside Carrefour , Al Jimi Mall, Al Ain, UAE",04-5610000,,
HAYAH MedNet EBP OP,HAYAH MedNet EBP OP,MEDNET,LIFE PHARMACY 98(BR OF LIFE PHARMACY L.L.C),DXB,PHARMACY,DUBAI,"Al Bukhash Bldg,Rolla street,Dubai,UAE",04-5610000,,
HAYAH MedNet EBP OP,HAYAH MedNet EBP OP,MEDNET,LIFE PHARMACY 88 BR OF LIFE PHARMACY LLC,DXB,PHARMACY,DUBAI,"Andalusia Mall,Majan,Dubai,UAE",04-5610000,,
HAYAH MedNet EBP OP,HAYAH MedNet EBP OP,MEDNET,LIFE PHARMACY 72 BR  OF LIFE PHARMACY LLC,DXB,PHARMACY,DUBAI,"Units- G24,25,30 Location:- Avenue Mall - Nad Al Shiba, Dubai",04-5610000,,
HAYAH MedNet EBP OP,HAYAH MedNet EBP OP,MEDNET,LIFE PHARMACY LLC - BRANCH OF ABU DHABI 2,AUH,PHARMACY,ABU DHABI,"Shop M#14, First Floor, Near Green Corner & Rasasi Perfurmes, Mina Center, Al Suhiliyah Street, Al Mina,Abu Dhabi,UAE",04-5610000,,
HAYAH MedNet EBP OP,HAYAH MedNet EBP OP,MEDNET,LIFE PHARMACY LLC BRANCH 16 - BRANCH OF ABU DHABI 77,AUH,PHARMACY,ABU DHABI,"Al Nahyan,P 178 ,ABU DHABI,UAE",04-5610000,,
HAYAH MedNet EBP OP,HAYAH MedNet EBP OP,MEDNET,DR ABDULLA'S PHARMACY L.L.C,DXB,PHARMACY,AL QUSAIS IND AREA 5,"MONA RESIDENCE, AMMAN STREET, OPP TO DUNES APARTMENT, AL QUSAIS IND AREA 5, DUBAI",04-2388778,,
HAYAH MedNet EBP OP,HAYAH MedNet EBP OP,MEDNET,LIFE PHARMACY 87 (BR OF LIFE PHARMACY L.L.C),DXB,PHARMACY,DUBAI,"Ground Cafe No. 01, Plot 616-5116, The Arch Mall, Nad Al Shiba 3,Dubai,UAE",04-5610000,,
HAYAH MedNet EBP OP,HAYAH MedNet EBP OP,MEDNET,LIFE PHARMACY LLC BRANCH 18 BRANCH OF ABUDHABI 64,AUH,PHARMACY,ABU DHABI,"Shop RG-004, Al Rayyana Centre,Abu Dhabi,UAE",04-5610000,,
HAYAH MedNet EBP OP,HAYAH MedNet EBP OP,MEDNET,LIFE PHARMACY 82 (BR OF LIFE PHARMACY L.L.C),DXB,PHARMACY,DUBAI,"10C,Building,JVC,Dubai,UAE",04-5610000,,
HAYAH MedNet EBP OP,HAYAH MedNet EBP OP,MEDNET,LIFE PHARMACY LLC BRANCH 38 - BRANCH OF ABUDHABI 95,AUH,PHARMACY,AL AIN,"SHOP NO: 03, PROPERTY NO: 136, KHALIFA BIN ZAYED STREET,",04-5610000,,
HAYAH MedNet EBP OP,HAYAH MedNet EBP OP,MEDNET,LIFE PHARMACY LLC BRANCH 25 - BRANCH OF ABUDHABI 85,AUH,PHARMACY,AL AIN,"AL NEYADI BUILDING,TOWN CENTER,  CENTRAL DISTRICT",04-5610000,,
HAYAH MedNet EBP OP,HAYAH MedNet EBP OP,MEDNET,LIFE PHARMACY LLC - BRANCH OF ABUDHABI 13,AUH,PHARMACY,ABU DHABI,"SHOP NO: 1, AL BALOUSHI TOWER",04-5610000,,
HAYAH MedNet EBP OP,HAYAH MedNet EBP OP,MEDNET,LIFE PHARMACY LLC BRANCH 34 - BRANCH OF ABU DHABI 15,AUH,PHARMACY,AL AIN,"Inside Carrefour , Bawadi Mall, Al Ain, UAE",04-5610000,,
HAYAH MedNet EBP OP,HAYAH MedNet EBP OP,MEDNET,LIFE PHARMACY LLC BRANCH OF ABUDHABI 7,AUH,PHARMACY,ABU DHABI,"Retail 03, Plot C-111, Ground Floor, Bloom Gardens, Retails B,Abu Dhabi,UAE",04-5610000,,
HAYAH MedNet EBP OP,HAYAH MedNet EBP OP,MEDNET,LIFE PHARMACY LLC BRANCH 2,UMQ,PHARMACY,UMM AL QUWAIN,"UAE Exchage Showroom, King Faisal Street,Umm Al Quawin,UAE",04-5610000,,
HAYAH MedNet EBP OP,HAYAH MedNet EBP OP,MEDNET,Life Pharmacy LLC SHJ Branch 7,SHJ,PHARMACY,SHARJAH,"Shop No: 04 & 5, Plot No 540, Al Abar Building, Halwan Street, Sharjah, UAE",04-5610000,,
HAYAH MedNet EBP OP,HAYAH MedNet EBP OP,MEDNET,Life Pharmacy 109 (Br. Of Life Pharmacy LLC),DXB,PHARMACY,JEBEL ALI 1,"Shop No: 4, 5 & 6, Plot No: 4620, Zen 4, Discovery Gardens, Jebel Ali 1, (former iCare clinic/Emirates Hospital)",04-5610000,,
HAYAH MedNet EBP OP,HAYAH MedNet EBP OP,MEDNET,United Pharmacy Al Zahiah LLC - Branch 2,SHJ,PHARMACY,KHORFAKKAN,"Shop No: G01, Khalifa Khamis Al Mattar Building, Khorfakkan,",04-5610000,,
HAYAH MedNet EBP OP,HAYAH MedNet EBP OP,MEDNET,LIFE PHARMACY LLC BRANCH OF ABUDHABI 8,AUH,PHARMACY,ABU DHABI,"UNIT NO#FF05,FIRST FLOOR, ARMED FORCES COOP SOCIETY",04-5610000,,
HAYAH MedNet EBP OP,HAYAH MedNet EBP OP,MEDNET,LIFE PHARMACY LLC BRANCH 21,AUH,PHARMACY,ABU DHABI,"SHOP NO#01,ADCP BUILDING P/1370,FARAH TOWER",04-5610000,,
HAYAH MedNet EBP OP,HAYAH MedNet EBP OP,MEDNET,LIFE PHARMACY LLC BRANCH 12 - BRANCH OF ABU DHABI 55,AUH,PHARMACY,Hamdan,"G02, MURAIJEB TOWER, PLOT C 12, HAMDAN STREET",04-5610000,,
HAYAH MedNet EBP OP,HAYAH MedNet EBP OP,MEDNET,LIFE PHARMACY LLC BRANCH 39 - BRANCH OF ABUDHABI 96,AUH,PHARMACY,Hamdan,"Shop No. 14, Bait Al Sanan, Hamdan Main Street,Abu Dhabi,UAE",04-5610000,,
HAYAH MedNet EBP OP,HAYAH MedNet EBP OP,MEDNET,LIFE PHRMACY LLC - BRANCH OF ABUDHABI 6,AUH,PHARMACY,Khalifa City,"SHOP NO#01,C1 BUILDING,KHALIFA CITY",04-5610000,,
HAYAH MedNet EBP OP,HAYAH MedNet EBP OP,MEDNET,ALPHA PHARMACY,AUH,PHARMACY,ABU DHABI,"TOURIST CLUB AREA, OPP. TO CITY TERMINAL, NEARBY AL QASER REST.",02-6440044,,
HAYAH MedNet EBP OP,HAYAH MedNet EBP OP,MEDNET,AL ASAALA PHARMACY-ABUDHABI-PF2707,AUH,PHARMACY,MUSAFAH,MUSAFFAH east 9,02-5595400,,
HAYAH MedNet EBP OP,HAYAH MedNet EBP OP,MEDNET,LIFE PHARMACY LLC BRANCH 52 - BRANCH OF ABUDHABI 105,AUH,PHARMACY,Bawadi Mall,"Inside Carrefour , Bawadi Mall, Al Ain, UAE",04 5610000,,
HAYAH MedNet EBP OP,HAYAH MedNet EBP OP,MEDNET,LIFE PHARMACY LLC SHJ BR 3,SHJ,PHARMACY,Aljada Sharjah,"Unit No: M21, M22, & M23, Misk 1, Aljada.Sharjah,UAE",04 5610000,,
HAYAH MedNet EBP OP,HAYAH MedNet EBP OP,MEDNET,Life Pharmacy LLC SHJ Branch 6,SHJ,PHARMACY,King Faisal Street Sharjah,"Shop No: 04,  Malik Fisal Building, Plot No: 336, King Fisal Street,Sharjah",04 5610000,,
HAYAH MedNet EBP OP,HAYAH MedNet EBP OP,MEDNET,LIFE PHARAMCY 106 BR OF LIFE PHARMACY L.L.C,DXB,PHARMACY,Jumeirah Village Faumeirah Village Circle Dubai,"Shop No: 01, Plot No: 360, Aurion Residence, Jumeirah Village Circle",04 5610000,,
HAYAH MedNet EBP OP,HAYAH MedNet EBP OP,MEDNET,LIFE PHARMACY LLC BRANCH 15 - BRANCH OF ABU DHABI 76,AUH,PHARMACY,Abu Dhabi,"SHOP NO: 01, 02, & 03, C10 BUILDING",04 5610000,,
HAYAH MedNet EBP OP,HAYAH MedNet EBP OP,MEDNET,LIFE PHARMACY LLC BRANCH 28 - BRANCH OF ABU DHABI 88,AUH,PHARMACY,Abu Dhabi,"SHOP NO: 11, AL WAHA MALL AL FALAH STREET - ABU OBAIDA BIN AL JARRAH STREET, AL AIN, ABUDHABI",04 5610000,,
HAYAH MedNet EBP OP,HAYAH MedNet EBP OP,MEDNET,LIFE PHARMACY LLC - RAK Branch 1,RAK,PHARMACY,Nakheel,"Shop No: 01, Gulf Hypermarket LLC, Al Muntasir Road, Nakheel Street, Ras Al Khaima",04 5610000,,
HAYAH MedNet EBP OP,HAYAH MedNet EBP OP,MEDNET,"RETAJ PHARMACY,RAS AL KHAIMA",RAK,PHARMACY,DHAID,Sheikh Mohammed Bin Salem Rd;United Insurance Company Bldg; dhaid; Ras Al Khaimah,07-2277726,,
HAYAH MedNet EBP OP,HAYAH MedNet EBP OP,MEDNET,SHEIKH KHALIFA SPECIALITY HOSPITAL PHARMACY-RAK,RAK,PHARMACY,RAS AL KHAIMAH,"Sheikh Khalifa Specialty Hospital, Al Shohadaa Road, RAK",07-2010371,,
HAYAH MedNet EBP OP,HAYAH MedNet EBP OP,MEDNET,SHEIKH KHALIFA SPECIALITY HOSPITAL PHARMACY-AJMAN,AJM,PHARMACY,AL JURF 1,"UNIVERSITY STREET, AL JURF 1, AJMAN",06-7117777,,
HAYAH MedNet EBP OP,HAYAH MedNet EBP OP,MEDNET,SHEIKH KHALIFA MATERNITY AND PEDIATRIC HOSPITAL PHARMACY,AJM,PHARMACY,AL JURF 1,"Sheikh Khalifa Women and Children, AL Jurf 1, Ajman",06-7117777,,
HAYAH MedNet EBP OP,HAYAH MedNet EBP OP,MEDNET,SHEIKH KHALIFA HOSPITAL MASFOUT PHARMACY,AJM,PHARMACY,Masfout,MoH SKH Hospital Pharmacy - Masfout,06-7117777,,
HAYAH MedNet EBP OP,HAYAH MedNet EBP OP,MEDNET,RASHID CENTER FOR DIABETES AND RESEARCH PHARMACY,AJM,PHARMACY,AL JURF 1,"UNIVERSITY STREET, AL JURF 1, AJMAN",06-7117777,,
HAYAH MedNet EBP OP,HAYAH MedNet EBP OP,MEDNET,KNIGHTS PHARMACY-KHALIFA BRANCH (PF1431),AUH,PHARMACY,KARAMA STREET,"BUILDING NUMBER 209, KARAMA STREET,
NEAR KAYA COSMETIC CENTRE, ABU DHABI,
Abu Dhabi, United Arab Emirates, 32866",02-6219996,,
HAYAH MedNet EBP OP,HAYAH MedNet EBP OP,MEDNET,ASTER PHARMACY 169 BR OF ASTER PHARMACIES GROUP L.L.C,DXB,PHARMACY,UMM AL SHEIF,"19A street, next to Healthbay Womenscare , Al wasl road, Umm Al Sheif , Dubai",04-3250365,,
HAYAH MedNet EBP OP,HAYAH MedNet EBP OP,MEDNET,ASTER PHARMACY 172 BR OF ASTER PHARMACIES GROUP LLC,DXB,PHARMACY,AL BARSHA SOUTH SECOND,"Shop:12, Al Sayyah Residence C, Arjan Dubailand,  Al Barsha South 2, Arjan, Dubai, UAE",04-5786364,,
HAYAH MedNet EBP OP,HAYAH MedNet EBP OP,MEDNET,ASTER PHARMACY 175 BR OF ASTER PHARMACIES GROUP LLC,DXB,PHARMACY,JUMEIRAH VILLAGE CIRCLE,"Shop:11A, Damac Tower 108, Al Barsha South, Jumeirah Village Circle, Near to Aster Clinic JVC, Dubai",04-5579564,,
HAYAH MedNet EBP OP,HAYAH MedNet EBP OP,MEDNET,ASTER PHARMACIES GROUP LLC UAQ BRANCH,UMQ,PHARMACY,UMM AL-QUWAIN,"SHOP NO.1, AL MAKTA AREA, AL MASA TOWER2, UAQ.",06-5275126,,
HAYAH MedNet EBP OP,HAYAH MedNet EBP OP,MEDNET,AL OLA PHARMACY BR ASTER PHARMACIES GROUP LLC,RAK,PHARMACY,AL NAKHEEL,"SHOP NO.1, BUILDING NO-0040, NAKHEEL ROAD, AL NAKHEEL, RAS AL KHAIMAH",07-2357563,,
HAYAH MedNet EBP OP,HAYAH MedNet EBP OP,MEDNET,ASTER PHARMACIES GROUP L.L.C (BRANCH OF DUBAI) BRANCH OF ABU DHABI 12,AUH,PHARMACY,AL AIN,"PLOT NO-113, ABU BAKER AL SIDDIQ ST, CENTRAL DISTRICT, AL AIN, ABU DHABI",03-7620142,,
HAYAH MedNet EBP OP,HAYAH MedNet EBP OP,MEDNET,ASTER PHARMACIES GROUP LLC BRANCH ABU DHABI 13 (ASTER GROUP),AUH,PHARMACY,ABU DHABI,"Darwish Bin Ahmed Building,Al Falah Street, Al Dana east , Beside Taha Medical Center, Abu Dhabi, UAE",02-5858396,,
HAYAH MedNet EBP OP,HAYAH MedNet EBP OP,MEDNET,ASTER PHARMACIES GROUP L.L.C - BRANCH OF ABU DHABI 14 (ASTER GROUP),AUH,PHARMACY,ABU DHABI,"721, Al Muraikhi Building, Hamdan Bin Mohammed St, Al Danah, Abu Dhabi",02-6350204,,
HAYAH MedNet EBP OP,HAYAH MedNet EBP OP,MEDNET,ASTER PHARMACIES GROUP L.L.C - ABU DHABI BRANCH 15,AUH,PHARMACY,ABU DHABI,"37, Al Rawnaq St, Al Nahyan, Abu Dhabi",02-6431619,,
HAYAH MedNet EBP OP,HAYAH MedNet EBP OP,MEDNET,ASTER PHARMACIES GROUP LLC DMCC BRANCH,DXB,PHARMACY,JLT,"Unit No: G-1, Armada Towers 3, Plot No: JLT-PH2-P3A, Al Thanyah Fifth, Jumeirah Lakes Towers",04-3092900,,
HAYAH MedNet EBP OP,HAYAH MedNet EBP OP,MEDNET,DRAGON PHARMACY (BR OF ASTER AL SHAFAR PHARMACIES GROUP L.L.C),DXB,PHARMACY,DUBAI,"Shop No 9, Azizi Farishta, Jabal Ali First, Al Furjan, Dubai",04-5693614,,
HAYAH MedNet EBP OP,HAYAH MedNet EBP OP,MEDNET,MEDCARE MEDICAL CENTRE BARSHA SOUTH (BR OF MEDCARE HOSPITAL )L.L.C,DXB,PHARMACY,AL BARSHA SOUTH,Medcare Medical Centre Barsha South Pharmacy Br of Medcare Hospital LLC,04-3254383,,
HAYAH MedNet EBP OP,HAYAH MedNet EBP OP,MEDNET,ASTER MEDICAL CENTRE ARABIAN RANCHES PHARMACY BR OF DM HEALTHCARE LLC,DXB,PHARMACY,DUBAI,"1st Floor, Emaar Mall, Near Aster Clinic, The Ranches Souk, Arabian Ranches 2, Dubai",04-3092900,,
HAYAH MedNet EBP OP,HAYAH MedNet EBP OP,MEDNET,ASTER PHARMACY 168 (BR OF ASTER PHARMACIES GROUP LLC),DXB,PHARMACY,DUBAI,"IBS GF 35&36, Near Carrefour Parking entrance, Tunisia court, IBN Battuta Mall,Ibn Battuta Mall, Jabal Ali First, Jabal Ali",04-5543519,,
HAYAH MedNet EBP OP,HAYAH MedNet EBP OP,MEDNET,"LIFE PHARMACY 28 BR OF LIFE PHARMCY LLC, NUEIMIA (LIFE HEALTHCARE GROUP)",AJM,PHARMACY,NUAIMIA,"Shop No. 1 & 2, Shamekha Building, Plot No. 0024, Nuaimeya 3, Ajman",04 5610000,,
HAYAH MedNet EBP OP,HAYAH MedNet EBP OP,MEDNET,SHIFA AL JAZEERAH PHARMACY LLC - RAK,RAK,PHARMACY,RAK,"M FLOOR, FATHIMA SUPERMARKET BUILDING, AL NAKHEEL, RAK.",07-2211218,,
HAYAH MedNet EBP OP,HAYAH MedNet EBP OP,MEDNET,AL MUSALLA PHARMACY - SHARJAH,SHJ,PHARMACY,ROLLA,"SHAIKH ABDULLA ALI AL MAHMOUD BUILDING, OPP. AL ZAHRA HOSPITAL, AL ZAHRA STREET, SHARJAH, ROLLA",06-5616136,,
HAYAH MedNet EBP OP,HAYAH MedNet EBP OP,MEDNET,SHIFA ALJZEERAH CENTRE PHARMACY - L.L.C - BRANCH 01,AJM,PHARMACY,AL JURF,"JURF 1, 397 / 3 , GROUND FLOOR,JIDDAH STREET, AJMAN - UAE.",06-7677511,,
HAYAH MedNet EBP OP,HAYAH MedNet EBP OP,MEDNET,SHIFA AL JAZEERAH CENTRE PHARMACY LLC SHJ BR,SHJ,PHARMACY,MUWEILAH,"SHIFA AL RABEE MEDICAL CENTRE BUILDING,GROUND FLOOR,2609,BUS STATION ROAD,MUWAILEH INDUSTRIAL AREA COMMERCIAL SHJ .",050-7699269,,
HAYAH MedNet EBP OP,HAYAH MedNet EBP OP,MEDNET,**HATTA HOSPITAL - DUBAI HEALTH AUTHORITY,DXB,DHA HOSPITAL,HATTA,"HATTA, DUBAI, NEAR DUBAI WOMEN'S ASSOCIATION",04-8147000,,
HAYAH MedNet EBP OP,HAYAH MedNet EBP OP,MEDNET,**MAFRAQ DIALYSIS CENTRE,AUH,SEHA CLINIC,ABU DHABI,"(ADMINISTRATION OFFICES, 2ND FLOOR), CLOSE TO MAFRAQ HOSPITAL)",02-5012925,,
HAYAH MedNet EBP OP,HAYAH MedNet EBP OP,MEDNET,**SEHA DIALYSIS SERVICES- MADINAT ZAYED HOSP,AUH,SEHA CLINIC,ABU DHABI,"(ADMINISTRATION OFFICES, 2ND FLOOR), CLOSE TO MAFRAQ HOSPITAL)",02-5012925,,
HAYAH MedNet EBP OP,HAYAH MedNet EBP OP,MEDNET,**SEHA DIALYSIS SERVICES-AL MARFA HOSP,AUH,SEHA CLINIC,ABU DHABI,"(ADMINISTRATION OFFICES, 2ND FLOOR), CLOSE TO MAFRAQ HOSPITAL)",02-5012925,,
HAYAH MedNet EBP OP,HAYAH MedNet EBP OP,MEDNET,**SEHA DIALYSIS SERVICES-AL SILA HOSP,AUH,SEHA CLINIC,ABU DHABI,"(ADMINISTRATION OFFICES, 2ND FLOOR), CLOSE TO MAFRAQ HOSPITAL)",02-5012925,,
HAYAH MedNet EBP OP,HAYAH MedNet EBP OP,MEDNET,**SEHA DIALYSIS SERVICES-AL WAGAN HOSP,AUH,SEHA CLINIC,ABU DHABI,"(ADMINISTRATION OFFICES, 2ND FLOOR), CLOSE TO MAFRAQ HOSPITAL)",02-5012925,,
HAYAH MedNet EBP OP,HAYAH MedNet EBP OP,MEDNET,**SEHA DIALYSIS SERVICES-DELMA HOSPITAL,AUH,SEHA CLINIC,ABU DHABI,"(ADMINISTRATION OFFICES, 2ND FLOOR), CLOSE TO MAFRAQ HOSPITAL)",02-5012925,,
HAYAH MedNet EBP OP,HAYAH MedNet EBP OP,MEDNET,**SEHA DIALYSIS SERVICES-GHAITHY HOSPITAL,AUH,SEHA CLINIC,ABU DHABI,"(ADMINISTRATION OFFICES, 2ND FLOOR), CLOSE TO MAFRAQ HOSPITAL)",02-5012925,,
HAYAH MedNet EBP OP,HAYAH MedNet EBP OP,MEDNET,**SEHA DIALYSIS SERVICES-SKMC,AUH,SEHA CLINIC,ABU DHABI,"(ADMINISTRATION OFFICES, 2ND FLOOR), CLOSE TO MAFRAQ HOSPITAL)",02-5012925,,
HAYAH MedNet EBP OP,HAYAH MedNet EBP OP,MEDNET,**AL MASOUDI PRIMARY HEALTH CARE CENTER,AUH,SEHA CLINIC,ABU DHABI,"111TH ST. AL TOWAYYA, AL AIN",02-8113202,,
HAYAH MedNet EBP OP,HAYAH MedNet EBP OP,MEDNET,**DISEASE PREVENTION AND SCREENING CENTER- AL MARFA,AUH,SEHA CLINIC,ABU DHABI,"138TH ST. NEIMA DISTRICT, AL AIN",03-746 2641,,
HAYAH MedNet EBP OP,HAYAH MedNet EBP OP,MEDNET,**AL HILI  HEALTHCARE CENTER,AUH,SEHA CLINIC,ABU DHABI,3RD ST. CORNER 131ST ST. SHAKBOOT BIN SULTAN ST. ALAIN,03-746 2721,,
HAYAH MedNet EBP OP,HAYAH MedNet EBP OP,MEDNET,**SWEIHAN  HEALTHCARE CENTER PHARMACY,AUH,SEHA CLINIC,ABU DHABI,"4TH ST. MADINAT ZAYED, ABU DHABI",02-811 4751,,
HAYAH MedNet EBP OP,HAYAH MedNet EBP OP,MEDNET,**ABU DHABI DENTAL CENTER,AUH,SEHA CLINIC,ABU DHABI,ABU DHABI,-,,
HAYAH MedNet EBP OP,HAYAH MedNet EBP OP,MEDNET,**AL BATEEN HEALTHCARE CENTER,AUH,SEHA CLINIC,ABU DHABI,ABU DHABI,80050,,
HAYAH MedNet EBP OP,HAYAH MedNet EBP OP,MEDNET,SAKINA FOR CHILDREN,AUH,SEHA CLINIC,ABU DHABI,ABU DHABI,80050,,
HAYAH MedNet EBP OP,HAYAH MedNet EBP OP,MEDNET,**AL FAQA HEALTHCARE CENTER,AUH,SEHA CLINIC,ABU DHABI,ABU DHABI,80050,,
HAYAH MedNet EBP OP,HAYAH MedNet EBP OP,MEDNET,**AL HAYER HEALTHCARE CENTER,AUH,SEHA CLINIC,ABU DHABI,ABU DHABI,80050,,
HAYAH MedNet EBP OP,HAYAH MedNet EBP OP,MEDNET,**AL KHATIM HEALTHCARE CENTER,AUH,SEHA CLINIC,ABU DHABI,ABU DHABI,02-4102000,,
HAYAH MedNet EBP OP,HAYAH MedNet EBP OP,MEDNET,**AL KHAZNA HEALTHCARE CENTER,AUH,SEHA CLINIC,ABU DHABI,ABU DHABI,80050,,
HAYAH MedNet EBP OP,HAYAH MedNet EBP OP,MEDNET,**AL MADINA OCCUPATIONAL HEALTH CENTER,AUH,SEHA CLINIC,ABU DHABI,ABU DHABI,80050,,
HAYAH MedNet EBP OP,HAYAH MedNet EBP OP,MEDNET,**AL MAQAM HEALTHCARE CENTER,AUH,SEHA CLINIC,ABU DHABI,ABU DHABI,80050,,
HAYAH MedNet EBP OP,HAYAH MedNet EBP OP,MEDNET,**AL NIYADAT  HEALTHCARE CENTER,AUH,SEHA CLINIC,ABU DHABI,ABU DHABI,80050,,
HAYAH MedNet EBP OP,HAYAH MedNet EBP OP,MEDNET,**AL QUAA  HEALTHCARECENTER,AUH,SEHA CLINIC,ABU DHABI,ABU DHABI,80050,,
HAYAH MedNet EBP OP,HAYAH MedNet EBP OP,MEDNET,**AL ROWDA HEALTHCARE CENTER,AUH,SEHA CLINIC,ABU DHABI,ABU DHABI,80050,,
HAYAH MedNet EBP OP,HAYAH MedNet EBP OP,MEDNET,**AL SHUEIB HEALTHCARE CENTER,AUH,SEHA CLINIC,ABU DHABI,ABU DHABI,80050,,
HAYAH MedNet EBP OP,HAYAH MedNet EBP OP,MEDNET,**AL AAMERAH HEALTHCARE CENTER,AUH,SEHA CLINIC,ABU DHABI,ABU DHABI,80050,,
HAYAH MedNet EBP OP,HAYAH MedNet EBP OP,MEDNET,**AL ZAFARANAH HEALTHCARE CENTER,AUH,SEHA CLINIC,ABU DHABI,ABU DHABI,80050,,
HAYAH MedNet EBP OP,HAYAH MedNet EBP OP,MEDNET,**DISEASE PREVENTION AND SCREENING CENTER- ABU DHABI,AUH,SEHA CLINIC,ABU DHABI,ABU DHABI,80050,,
HAYAH MedNet EBP OP,HAYAH MedNet EBP OP,MEDNET,**DISEASE PREVENTION AND SCREENING CENTER- SWEIHAN / MF3304,AUH,SEHA CLINIC,ABU DHABI,ABU DHABI,80050,,
HAYAH MedNet EBP OP,HAYAH MedNet EBP OP,MEDNET,**KHALIFA A HEALTHCARECENTER,AUH,SEHA CLINIC,ABU DHABI,ABU DHABI,80050,,
HAYAH MedNet EBP OP,HAYAH MedNet EBP OP,MEDNET,**MADINAT MOHAMED BIN ZAYED HEATHCARE CENTER,AUH,SEHA CLINIC,ABU DHABI,ABU DHABI,80050,,
HAYAH MedNet EBP OP,HAYAH MedNet EBP OP,MEDNET,**MEZYAD  HEALTHCARECENTER,AUH,SEHA CLINIC,ABU DHABI,ABU DHABI,80050,,
HAYAH MedNet EBP OP,HAYAH MedNet EBP OP,MEDNET,**NEIMA PRIMARY HEALTH CARE CENTER,AUH,SEHA CLINIC,ABU DHABI,ABU DHABI,80050,,
HAYAH MedNet EBP OP,HAYAH MedNet EBP OP,MEDNET,**OUD AL TOBA PRIMARY HEALTH CARE CENTER,AUH,SEHA CLINIC,ABU DHABI,ABU DHABI,80050,,
HAYAH MedNet EBP OP,HAYAH MedNet EBP OP,MEDNET,**REMAH HEALTHCARE CENTER,AUH,SEHA CLINIC,ABU DHABI,ABU DHABI,80050,,
HAYAH MedNet EBP OP,HAYAH MedNet EBP OP,MEDNET,**SEHA MOBILE CLINIC 1,AUH,SEHA CLINIC,ABU DHABI,ABU DHABI,80050,,
HAYAH MedNet EBP OP,HAYAH MedNet EBP OP,MEDNET,**SEHA MOBILE CLINIC 2,AUH,SEHA CLINIC,ABU DHABI,ABU DHABI,80050,,
HAYAH MedNet EBP OP,HAYAH MedNet EBP OP,MEDNET,**SEHA MOBILE CLINIC 3,AUH,SEHA CLINIC,ABU DHABI,ABU DHABI,80050,,
HAYAH MedNet EBP OP,HAYAH MedNet EBP OP,MEDNET,**DISEASE PREVENTION AND SCREENING CENTER- AL AIN,AUH,SEHA CLINIC,ABU DHABI,ABU DHABI ISLAND,02-8191200,,
HAYAH MedNet EBP OP,HAYAH MedNet EBP OP,MEDNET,**DISEASE PREVENTION AND SCREENING CENTER- SILA,AUH,SEHA CLINIC,ABU DHABI,ABUDHABI,80050,,
HAYAH MedNet EBP OP,HAYAH MedNet EBP OP,MEDNET,**AL MAFRAQ DENTAL CENTER,AUH,SEHA CLINIC,ABU DHABI,"AREA 20, 31ST ST. ABU DHABI-SWEIHAN ROAD, SHAMKA",02-8116651,,
HAYAH MedNet EBP OP,HAYAH MedNet EBP OP,MEDNET,**ZAKHER  HEALTHCARECENTER,AUH,SEHA CLINIC,ABU DHABI,"BANIYAS EAST, ABU DAHBI",02-8114401,,
HAYAH MedNet EBP OP,HAYAH MedNet EBP OP,MEDNET,**AL CORNICHE WOMEN HEALTH CENTER,AUH,SEHA CLINIC,ABU DHABI,"EXECUTIVE BUILDING
 DAS TOWER, 9TH FLOOR, 
 SULTAN BIN ZAYAD STREET (32ND STREET), KHALIDIA
 P.O. BOX: 109090",02-6724900,,
HAYAH MedNet EBP OP,HAYAH MedNet EBP OP,MEDNET,**BEHAVIORAL SCIENCE PAVILION,AUH,SEHA CLINIC,ABU DHABI,"KARAMA STREET, ABU DHABI CITY,",02-8190000,,
HAYAH MedNet EBP OP,HAYAH MedNet EBP OP,MEDNET,**BANIYAS HEALTHCARE CENTER,AUH,SEHA CLINIC,ABU DHABI,MAFRAQ,02-5011111,,
HAYAH MedNet EBP OP,HAYAH MedNet EBP OP,MEDNET,**AL MUWEIJI  HEALTHCARE CENTER,AUH,SEHA CLINIC,ABU DHABI,SALAMA BINT BUTTI ST. AL DHAFRA - ABU DHABI,02-8114839,,
HAYAH MedNet EBP OP,HAYAH MedNet EBP OP,MEDNET,**AL FALAH HEALTHCARE CENTRE-SEHA-MF3329,AUH,SEHA CLINIC,ABU DHABI,STREET 176 NEW AL FALAH MIDDLE REGION ABU DHABI,02-7113233,,
HAYAH MedNet EBP OP,HAYAH MedNet EBP OP,MEDNET,**AL GHARBIA MOBILE MAMMOGRAPHY UNIT,AUH,SEHA CLINIC,WESTERN REGION,WESTERN REGION,80050,,
HAYAH MedNet EBP OP,HAYAH MedNet EBP OP,MEDNET,**AL DAFRAH DENTAL CENTER,AUH,SEHA CLINIC,ABU DHABI,"ZONE 15, MBZ , ABU DHABI",02-8116571,,
HAYAH MedNet EBP OP,HAYAH MedNet EBP OP,MEDNET,**TAWAM IVF CENTER,AUH,SEHA CLINIC,AL Ain,AL- AIN,03-7677444,,
HAYAH MedNet EBP OP,HAYAH MedNet EBP OP,MEDNET,**ABU AL-ABYAD CLINIC,AUH,SEHA CLINIC,WESTERN REGION,"AL GHARBIA HOSPITALS ADMINISTRATION  OLD HOSPITAL BUILDING ,MOHAMED KALAF ALMAZROUEI STREET,    MADIENT ZAYED",02-8070000,,
HAYAH MedNet EBP OP,HAYAH MedNet EBP OP,MEDNET,**AL DHAFARA FAMILY MEDICINE CENTER,AUH,SEHA CLINIC,WESTERN REGION,"AL GHARBIA HOSPITALS ADMINISTRATION  OLD HOSPITAL BUILDING ,MOHAMED KALAF ALMAZROUEI STREET,    MADIENT ZAYED",02-8070000,,
HAYAH MedNet EBP OP,HAYAH MedNet EBP OP,MEDNET,**BEDA AL MUTAWA CLINIC,AUH,SEHA CLINIC,WESTERN REGION,"AL GHARBIA HOSPITALS ADMINISTRATION  OLD HOSPITAL BUILDING ,MOHAMED KALAF ALMAZROUEI STREET,    MADIENT ZAYED",02-8070000,,
HAYAH MedNet EBP OP,HAYAH MedNet EBP OP,MEDNET,**REMAH HEALTHCARE CENTER PHARMACY,AUH,SEHA PHARMACY,ABU DHABI,"129TH ST. THANOON BIN ZAYED AL AWWAL, AL AIN",03-7462481,,
HAYAH MedNet EBP OP,HAYAH MedNet EBP OP,MEDNET,**OUD AL TOBA PHARMACY,AUH,SEHA PHARMACY,ABU DHABI,"135TH ST. OUD AL TOUBA AREA, AL AIN OPPOSITE TO UAEU MEN",03-7462401,,
HAYAH MedNet EBP OP,HAYAH MedNet EBP OP,MEDNET,**AL MAQTAA HEALTHCARE CENTER PHARMACY,AUH,SEHA PHARMACY,ABU DHABI,"30TH ST. KHALEEJ AL RABI, MAQTA ROAD, ABU DHABI",02-8113851,,
HAYAH MedNet EBP OP,HAYAH MedNet EBP OP,MEDNET,**AL KHATIM HEALTHCARECENTER PHARMACY- SEHA/PF1553,AUH,SEHA PHARMACY,ABU DHABI,ABU DHABI,80050,,
HAYAH MedNet EBP OP,HAYAH MedNet EBP OP,MEDNET,**AL ZAFARANAH HEALTHCARE CENTER PHARMACY,AUH,SEHA PHARMACY,ABU DHABI,ABU DHABI,80050,,
HAYAH MedNet EBP OP,HAYAH MedNet EBP OP,MEDNET,**BANIYAS HEALTHCARE CENTER PHARMACY,AUH,SEHA PHARMACY,ABU DHABI,ABU DHABI,80050,,
HAYAH MedNet EBP OP,HAYAH MedNet EBP OP,MEDNET,**KHALIFA A HEALTHCARE CENTER PHARMACY,AUH,SEHA PHARMACY,ABU DHABI,ABU DHABI,80050,,
HAYAH MedNet EBP OP,HAYAH MedNet EBP OP,MEDNET,**AL SHUEIB HEALTHCARE CENTER PHARMACY,AUH,SEHA PHARMACY,ABU DHABI,"ABU DHABI -SWEIHAN ROAD, AL HAYER, AL AIN",03-7461811,,
HAYAH MedNet EBP OP,HAYAH MedNet EBP OP,MEDNET,**SHAHAMA  HEALTHCARE CENTER PHARMACY,AUH,SEHA PHARMACY,ABU DHABI,"ABU DHABI-AL AIN ROAD NEAR ADNOC STATION, AL AIN",02-8114571,,
HAYAH MedNet EBP OP,HAYAH MedNet EBP OP,MEDNET,**AL SHAMKHA HEALTHCARE CENTER PHARMACY,AUH,SEHA PHARMACY,ABU DHABI,"AL BATEEN,NEAR AL ITTIHAD SCHOOL - ABU DHABI",02-8114654,,
HAYAH MedNet EBP OP,HAYAH MedNet EBP OP,MEDNET,**POLYCLINIC PHARMACY,AUH,SEHA PHARMACY,ABU DHABI,"AL FALAH ST, AL HILI, AL AIN",03-7461681,,
HAYAH MedNet EBP OP,HAYAH MedNet EBP OP,MEDNET,**AL SAMHA HEALTHCARE PHARMACY,AUH,SEHA PHARMACY,ABU DHABI,"AL NAHDA WEST, ABU DHABI-AL AIN ROAD, ABU DHABI",02-8116391,,
HAYAH MedNet EBP OP,HAYAH MedNet EBP OP,MEDNET,**AL RAHBA HOSPITAL PHARMACY-INPATIENT PHARMACY,AUH,SEHA PHARMACY,ABU DHABI,AL RAHBA HOSPITAL,02-5064444,,
HAYAH MedNet EBP OP,HAYAH MedNet EBP OP,MEDNET,**AL RAHBA HOSPITAL PHARMACY-OUTPATIENT PHARMACY,AUH,SEHA PHARMACY,ABU DHABI,AL RAHBA HOSPITAL,02-5064444,,
HAYAH MedNet EBP OP,HAYAH MedNet EBP OP,MEDNET,**AL FAQA HEALTHCARE CENTER PHARMACY,AUH,SEHA PHARMACY,ABU DHABI,"AL SHWAIB ROAD, AL AIN-DUBAI ROAD, AL AIN",03-7461890,,
HAYAH MedNet EBP OP,HAYAH MedNet EBP OP,MEDNET,**AL WAGAN  HOSPITAL  PHARMACY,AUH,SEHA PHARMACY,ABU DHABI,"AL ZAKHER, NEAR POLICE STATION, AL AIN",03-7461650,,
HAYAH MedNet EBP OP,HAYAH MedNet EBP OP,MEDNET,**AL BATEEN HEALTHCARE CENTER PHARMACY,AUH,SEHA PHARMACY,ABU DHABI,"BANIYAS EAST 10, 16TH STREET, BANIYAS, ABU DHABI",02-8116311,,
HAYAH MedNet EBP OP,HAYAH MedNet EBP OP,MEDNET,**SWEIHAN HEALTHCARE CENTER PHARMACY,AUH,SEHA PHARMACY,ABU DHABI,"BUILDING NO.17 AL FAQA 53 COMMUNITY 21ST STREET, DUBAI AL AIN HIGHWAY",03-7461857,,
HAYAH MedNet EBP OP,HAYAH MedNet EBP OP,MEDNET,**AL CORNICHE HOSPITAL PHARMACY,AUH,SEHA PHARMACY,ABU DHABI,"EXECUTIVE BUILDING
 DAS TOWER, 9TH FLOOR, 
 SULTAN BIN ZAYAD STREET (32ND STREET), KHALIDIA
 P.O. BOX: 109090",02-6724900,,
HAYAH MedNet EBP OP,HAYAH MedNet EBP OP,MEDNET,**CORNICHE HOSPITAL PHARM -OUT-PATIENT,AUH,SEHA PHARMACY,ABU DHABI,"EXECUTIVE BUILDING
 DAS TOWER, 9TH FLOOR, 
 SULTAN BIN ZAYAD STREET (32ND STREET), KHALIDIA
 P.O. BOX: 109090",02-6724900,,
HAYAH MedNet EBP OP,HAYAH MedNet EBP OP,MEDNET,**BSP PHARMACY-INPATIENT,AUH,SEHA PHARMACY,ABU DHABI,"KARAMA STREET, ABU DHABI CITY,",02-6724900,,
HAYAH MedNet EBP OP,HAYAH MedNet EBP OP,MEDNET,**BSP PHARMACY-OUTPATIENT,AUH,SEHA PHARMACY,ABU DHABI,"KARAMA STREET, ABU DHABI CITY,",02-6724900,,
HAYAH MedNet EBP OP,HAYAH MedNet EBP OP,MEDNET,**DIABETIC CLINIC PHARMACY,AUH,SEHA PHARMACY,ABU DHABI,"KARAMA STREET, ABU DHABI CITY,",02-6724900,,
HAYAH MedNet EBP OP,HAYAH MedNet EBP OP,MEDNET,**SHEIKH KHALIFA MEDICAL CITY ER PHARMACY,AUH,SEHA PHARMACY,ABU DHABI,"KARAMA STREET, ABU DHABI CITY,",02-8190000,,
HAYAH MedNet EBP OP,HAYAH MedNet EBP OP,MEDNET,**SHEIKH KHALIFA MEDICAL CITY PHARMACY,AUH,SEHA PHARMACY,ABU DHABI,"KARAMA STREET, ABU DHABI CITY,",02-6724900,,
HAYAH MedNet EBP OP,HAYAH MedNet EBP OP,MEDNET,**AL HAYER  HEALTHCARE CENTER PHARMACY,AUH,SEHA PHARMACY,ABU DHABI,"REMAH AREA, ABU DHABI AL AIN ROAD",03-7461401,,
HAYAH MedNet EBP OP,HAYAH MedNet EBP OP,MEDNET,**AL FALAH HEALTHCARE CENTER PHARMACY-SEHA-PF3022,AUH,SEHA PHARMACY,ABU DHABI,STREET 176 NEW AL FALAH MIDDLE REGION ABU DHABI,02-7113233,,
HAYAH MedNet EBP OP,HAYAH MedNet EBP OP,MEDNET,**AL WAGAN HOSPITAL OUTPATIENT PHARMACY,AUH,SEHA PHARMACY,AL Ain,AL- AIN,03-7677444,,
HAYAH MedNet EBP OP,HAYAH MedNet EBP OP,MEDNET,**TAWAM HOSPITAL OUTPATIENT PHARMACY,AUH,SEHA PHARMACY,AL Ain,AL- AIN,03-7677444,,
HAYAH MedNet EBP OP,HAYAH MedNet EBP OP,MEDNET,**TAWAM HOSPITAL PHARMACY MAIN BUILDING,AUH,SEHA PHARMACY,AL Ain,AL- AIN,03-7677444,,
HAYAH MedNet EBP OP,HAYAH MedNet EBP OP,MEDNET,**AL AIN HOSPITAL INPATIENT PHARMACY,AUH,SEHA PHARMACY,AL Ain,"AL JIMI DISTRICT 
SHAKHBOOT IBN SULTAN STREET
 P.O. BOX: 1006",03-7022000,,
HAYAH MedNet EBP OP,HAYAH MedNet EBP OP,MEDNET,**AL AIN HOSPITAL PHARMACY,AUH,SEHA PHARMACY,AL Ain,"AL JIMI DISTRICT 
SHAKHBOOT IBN SULTAN STREET
 P.O. BOX: 1006",03-7022000,,
HAYAH MedNet EBP OP,HAYAH MedNet EBP OP,MEDNET,**WEST POLYCLINIC  AL AIN HOSPITAL PHARMACY,AUH,SEHA PHARMACY,AL Ain,"AL JIMI DISTRICT 
SHAKHBOOT IBN SULTAN STREET
 P.O. BOX: 1006",03-7022000,,
HAYAH MedNet EBP OP,HAYAH MedNet EBP OP,MEDNET,**ABU AL-ABYAD CLINIC O.P. PHARMACY,AUH,SEHA PHARMACY,WESTERN REGION,"AL GHARBIA HOSPITALS ADMINISTRATION  OLD HOSPITAL BUILDING ,MOHAMED KALAF ALMAZROUEI STREET,    MADIENT ZAYED",03-7461951,,
HAYAH MedNet EBP OP,HAYAH MedNet EBP OP,MEDNET,**AL DHARFA FAMILI MEDICINE CENTER PHARMACY,AUH,SEHA PHARMACY,WESTERN REGION,"AL GHARBIA HOSPITALS ADMINISTRATION  OLD HOSPITAL BUILDING ,MOHAMED KALAF ALMAZROUEI STREET,    MADIENT ZAYED",02-8070000,,
HAYAH MedNet EBP OP,HAYAH MedNet EBP OP,MEDNET,**BIDA MUTAWA CLINIC O.P. PHARMACY,AUH,SEHA PHARMACY,WESTERN REGION,"AL GHARBIA HOSPITALS ADMINISTRATION  OLD HOSPITAL BUILDING ,MOHAMED KALAF ALMAZROUEI STREET,    MADIENT ZAYED",02-8070000,,
HAYAH MedNet EBP OP,HAYAH MedNet EBP OP,MEDNET,**DELMA HOSPITAL PHARMACY,AUH,SEHA PHARMACY,WESTERN REGION,"AL GHARBIA HOSPITALS ADMINISTRATION  OLD HOSPITAL BUILDING ,MOHAMED KALAF ALMAZROUEI STREET,    MADIENT ZAYED",02-8070000,,
HAYAH MedNet EBP OP,HAYAH MedNet EBP OP,MEDNET,**GAYATHY HOAPITAL PHARMACY,AUH,SEHA PHARMACY,WESTERN REGION,"AL GHARBIA HOSPITALS ADMINISTRATION  OLD HOSPITAL BUILDING ,MOHAMED KALAF ALMAZROUEI STREET,    MADIENT ZAYED",02-8070000,,
HAYAH MedNet EBP OP,HAYAH MedNet EBP OP,MEDNET,**LIWA HOSPITAL PHARMACY,AUH,SEHA PHARMACY,WESTERN REGION,"AL GHARBIA HOSPITALS ADMINISTRATION  OLD HOSPITAL BUILDING ,MOHAMED KALAF ALMAZROUEI STREET,    MADIENT ZAYED",02-8070000,,
HAYAH MedNet EBP OP,HAYAH MedNet EBP OP,MEDNET,**MADINAT ZAYED HOSPITAL  PHARMACY,AUH,SEHA PHARMACY,WESTERN REGION,"AL GHARBIA HOSPITALS ADMINISTRATION  OLD HOSPITAL BUILDING ,MOHAMED KALAF ALMAZROUEI STREET,    MADIENT ZAYED",02-8070000,,
HAYAH MedNet EBP OP,HAYAH MedNet EBP OP,MEDNET,**MADINAT ZAYED HOSPITAL INPATIENT PHARMACY,AUH,SEHA PHARMACY,WESTERN REGION,"AL GHARBIA HOSPITALS ADMINISTRATION  OLD HOSPITAL BUILDING ,MOHAMED KALAF ALMAZROUEI STREET,    MADIENT ZAYED",02-8070000,,
HAYAH MedNet EBP OP,HAYAH MedNet EBP OP,MEDNET,**MARFA HOSPITAL PHARMACY,AUH,SEHA PHARMACY,WESTERN REGION,"AL GHARBIA HOSPITALS ADMINISTRATION  OLD HOSPITAL BUILDING ,MOHAMED KALAF ALMAZROUEI STREET,    MADIENT ZAYED",02-8070000,,
HAYAH MedNet EBP OP,HAYAH MedNet EBP OP,MEDNET,**SILA HOSPITAL  PHARMACY,AUH,SEHA PHARMACY,WESTERN REGION,"AL GHARBIA HOSPITALS ADMINISTRATION  OLD HOSPITAL BUILDING ,MOHAMED KALAF ALMAZROUEI STREET,    MADIENT ZAYED",02-8070000,,
HAYAH MedNet EBP OP,HAYAH MedNet EBP OP,MEDNET,Aster Pharmacy 166 (Br Of Aster Pharmacies Group L.L.C),DXB,PHARMACY,AL JADDAF,"Shop No.5,Azurite Tower,Ibn Al Zahrawi St,Al Jaddaf, Dubai",04-42272851,,
HAYAH MedNet EBP OP,HAYAH MedNet EBP OP,MEDNET,Aster pharmacy 176 ( Br of Aster pharmacies Group L.L.C),DXB,PHARMACY,LIWAN,"G-02, Binghatti Jewels, Liwan, Wadi Al Safa 2, Dubai",04-44106883,,
HAYAH MedNet EBP OP,HAYAH MedNet EBP OP,MEDNET,Aster Pharmacy 179 (Br Of Aster Pharmacies Group L.L.C),DXB,PHARMACY,AL  QUSAIS,"S07,R1083,Al Wasl Village Retail Centre,Al Rayhan Street, Al Qusais Industrial Area 5,Dubai",04-42207653,,
HAYAH MedNet EBP OP,HAYAH MedNet EBP OP,MEDNET,Aster Pharmacy 180 (Br Of Aster Pharmacies Group L.L.C),DXB,PHARMACY,MARSA,"P19, Rimal 1, Dubai Marina and Jumeira Beach, The Walk, Marsa, Dubai",04-43092900,,
HAYAH MedNet EBP OP,HAYAH MedNet EBP OP,MEDNET,Aster Pharmacy 181 (Br Of Aster Pharmacies Group L.L.C),DXB,PHARMACY,DUBAI HILLS,"R04, Park Heights Square 1,Hadaeq Sheikh Mohammed Bin Rashid, Next to Spinneys, Dubai Hills Estate, Dubai Hills, Dubai",04-42632594,,
HAYAH MedNet EBP OP,HAYAH MedNet EBP OP,MEDNET,Aster Pharmacy 182 (Br Of Aster Pharmacies Group L.L.C),DXB,PHARMACY,WARSAN,"Shop No 2, Jowhrat Al Faihaa,International City 2 St, International City Phase-2, Warsan 4, Dubai",04-45545907,,
HAYAH MedNet EBP OP,HAYAH MedNet EBP OP,MEDNET,Aster Pharmacy 183 (Br Of Aster Pharmacies Group L.L.C),DXB,PHARMACY,BARSHA HEIGHTS,"Shop-2, Art Heights, Al Nahar 2 St, Al Thanyah First, Barsha Heights, Dubai",04-42679073,,
HAYAH MedNet EBP OP,HAYAH MedNet EBP OP,MEDNET,Aster Royal Clinic Downtown Pharamcy Br Of Dm Healthcare Llc,DXB,PHARMACY,DOWN TOWN,"BD-Resi 1-Retail-G-ER6, Residences Retail, Burj Residence Phase I & II, Down Town, Burj Khalifa, Dubai",04-44106496,,
HAYAH MedNet EBP OP,HAYAH MedNet EBP OP,MEDNET,Aster Pharmacies Group L.L.C - Branch Of Abu Dhabi 16,AUH,PHARMACY,AL AIN,"105, Building-PRP74990,Salahuddeen Al Ayoubi St,Central District, Al Ain, Abu Dhabi",04-37342126,,
HAYAH MedNet EBP OP,HAYAH MedNet EBP OP,MEDNET,Aster Pharmacies Group L.L.C - Branch Of Abu Dhabi 17,AUH,PHARMACY,AL WAZN ST,"FF 123, Dalma Mall, Al Wazn St, Abu Dhabi Industrial City, ICAD I, Abu Dhabi",04-25620147,,
HAYAH MedNet EBP OP,HAYAH MedNet EBP OP,MEDNET,GERMAN ADVANCE MEDICAL CENTRE PHARMACY- SOLE  PROPRIETORSHIP L.L.C,AUH,PHARMACY,Baniyas East 8,"Villa No.17, Baniyas East 8, AbuDhabi",02-4441529,,
HAYAH MedNet EBP OP,HAYAH MedNet EBP OP,MEDNET,GERMAN ADVANCE MEDICAL CENTRE SOLE PROPRIETORSHIP  L.L.C,AUH,CLINIC,Baniyas East 8,"Villa No.17, Baniyas East 8, AbuDhabi",02-4441529,,
HAYAH MedNet EBP OP,HAYAH MedNet EBP OP,MEDNET,SADD MAAREB MEDICAL CENTER PHARMACY - SOLE  PROPRIETORSHIP L.L.C PF5007,AUH,PHARMACY,Baniyas East 7B,"Villa No.89, Baniyas East 7B, Abu Dhabi",02-4441529,,
HAYAH MedNet EBP OP,HAYAH MedNet EBP OP,MEDNET,ALL CARE PHARMACY LLC-ABUDHABI-PF2926,AUH,PHARMACY,ABU DHABI,VILLA NO.726 DELMA STREET ; SAME BUILDING OF ALL CARE MEDICAL CENTER,02-6722758,,
HAYAH MedNet EBP OP,HAYAH MedNet EBP OP,MEDNET,LIFE 119 PHARMACY EXPRESS CLINIC,DXB,CLINIC,Nad Al Sheba,"Sobha Hartland, The terrace residence - Shop no - 02 - Nad Al Sheba 1 - Dubai",04 5610000,,
HAYAH MedNet EBP OP,HAYAH MedNet EBP OP,MEDNET,LIFE PHARMACY 125 EXPRESS CLINIC,DXB,CLINIC,Nad Al Sheba,"Dar Mira Residence, Al Meydan Rd, Nad Al Sheba 1, Dubai, UAE",04 5610000,,
HAYAH MedNet EBP OP,HAYAH MedNet EBP OP,MEDNET,GRAND INFINITY MEDICAL CENTER LLC BRANCH,DXB,CLINIC,Deira,Hessyan 2 Area  jebel Ali,04-2621791,,
HAYAH MedNet EBP OP,HAYAH MedNet EBP OP,MEDNET,GRAND INFINITY PHARMACY LLC BRANCH,DXB,PHARMACY,Deira,"SHOP NO.4, NEXT TO GRAND EXCELSIOR HOTEL, MUTEENA STREET, DIERA,DUBAI",04-2621791,,
HAYAH MedNet EBP OP,HAYAH MedNet EBP OP,MEDNET,ZEST WELLNESS PHARMACY LLC - BRANCH OF ABU DHABI 1 (ASTER PHARMACY GROUP),AUH,PHARMACY,KHALIFA CITY,"Unit 07 & 08, Waitrose centre, Khalifa City,SW-3, Sector 32, Theyab Bin Eissa st, Abu Dhabi, UAE",02-5653462,,
HAYAH MedNet EBP OP,HAYAH MedNet EBP OP,MEDNET,LIFE PHARMACY BARSHA SOUTH FOURTH EXPRESS CLINIC,DXB,CLINIC,AL BARSHA,LIFE PHARMACY BARSHA SOUTH FOURTH EXPRESS CLINIC  The Manhattan Al Barsha South,045610000,,
HAYAH MedNet EBP OP,HAYAH MedNet EBP OP,MEDNET,GAYATHY HOSPITAL IN PATIENT PHARMACY,AUH,SEHA PHARMACY,WESTERN REGION,"Ruwais, Nr Riyathi, | Abu Dhabi | United Arab Emirates",02-8070000,,
HAYAH MedNet EBP OP,HAYAH MedNet EBP OP,MEDNET,SILA HOSPITAL IN PATIENT PHARMACY,AUH,SEHA PHARMACY,WESTERN REGION,"Abu Dhabi-Sila Road (E 11), Al Sila, Abu DhabiLandmark: Opposite Al Sila Park",02-8070000,,
HAYAH MedNet EBP OP,HAYAH MedNet EBP OP,MEDNET,SEHA KIDNEY CARE CENTER - AL AIN PHARMACY,AUH,SEHA PHARMACY,Al Ain,"Tawam, Near Abela Supermarket, Al Ain - Abu Dhabi",03-7072993,,
HAYAH MedNet EBP OP,HAYAH MedNet EBP OP,MEDNET,Abu Dhabi Airport Medical Center,AUH,SEHA CLINIC,"Abu Dhabi International Airport,","Abu Dhabi International Airport, Abu Dhabi",02 575 7875,,
HAYAH MedNet EBP OP,HAYAH MedNet EBP OP,MEDNET,Disease Prevention and Screening Center- Shahama,AUH,SEHA CLINIC,Al Shahama,"Al Shahama, Opp. Abu Dhabi Islamic Bank - Abu Dhabi",02 811 4263,,
HAYAH MedNet EBP OP,HAYAH MedNet EBP OP,MEDNET,ETIHAD VISA SCREENING CENTER,AUH,SEHA CLINIC,Khalifa,"Khalifa A, Etihad Plaza - Abu Dhabi",800 50,,
HAYAH MedNet EBP OP,HAYAH MedNet EBP OP,MEDNET,MOBILE MAMMOGRAPHY UNIT,AUH,SEHA CLINIC,Al Ain,"Al ain, Abu dhabi",02-7113000,,
HAYAH MedNet EBP OP,HAYAH MedNet EBP OP,MEDNET,SEHA Dialysis Services - Tawam Hospital,AUH,SEHA CLINIC,Al Ain,Tawam Campus Tawam Campus Tawam Campus,02-5012925,,
HAYAH MedNet EBP OP,HAYAH MedNet EBP OP,MEDNET,Al Ain Dental Center,AUH,SEHA CLINIC,AL MAQAM,AL MAQAM 15258 UAE,02-7112830,,
HAYAH MedNet EBP OP,HAYAH MedNet EBP OP,MEDNET,Disease Prevention and Screening Center- Delma,AUH,SEHA CLINIC,WESTERN REGION,"Western Region, Delma Island, Abudhabi.",02-8781888,,
HAYAH MedNet EBP OP,HAYAH MedNet EBP OP,MEDNET,Disease Prevention and Screening Center- Mussafah,AUH,SEHA CLINIC,Al Ain,"Al Ain-Abu Dhabi Road, Mussafah, Opposite Adnoc Petrol Station",02 651 0555,,
HAYAH MedNet EBP OP,HAYAH MedNet EBP OP,MEDNET,MADINAT MOHAMED BIN ZAYED HEALTHCARE CENTER PHARMACY,AUH,SEHA PHARMACY,ABU DHABI,"Zone 15, MBZ , Abu Dhabi",80050,,
HAYAH MedNet EBP OP,HAYAH MedNet EBP OP,MEDNET,Al Khazna  HealthCare Center Pharmacy,AUH,SEHA PHARMACY,Al Ain,"Al Khazna Area, Al Ain",02 566 1350,,
HAYAH MedNet EBP OP,HAYAH MedNet EBP OP,MEDNET,Neima Healthcare Center  Pharmacy,AUH,SEHA PHARMACY,Abu Dhabi,106th St. Omar Bin Al Khattab,03-746 1541,,
HAYAH MedNet EBP OP,HAYAH MedNet EBP OP,MEDNET,Al Jahili Healthcare Center Pharmacy,AUH,SEHA PHARMACY,Al Ain,"Jahli District 16, Al Ain",03-746 2021,,
HAYAH MedNet EBP OP,HAYAH MedNet EBP OP,MEDNET,Al Quaa  HealthCare Center Pharmacy,AUH,SEHA PHARMACY,Al Ain,"Eastern Al Ain Region, Border of Oman ,Al Qua , AUH",03-746 2321,,
HAYAH MedNet EBP OP,HAYAH MedNet EBP OP,MEDNET,Al Hili HealthCare Pharmacy,AUH,SEHA PHARMACY,Al Ain,"Ndood Jham, Hili, Al Ain",03-7845328,,
HAYAH MedNet EBP OP,HAYAH MedNet EBP OP,MEDNET,Al Muweiji HealthCareCenter Pharmacy,AUH,SEHA PHARMACY,Al Ain,"Al Muweiji Area, Al Ain",03 767 8864,,
HAYAH MedNet EBP OP,HAYAH MedNet EBP OP,MEDNET,Al Maqam  HealthCare Center Pharmacy,AUH,SEHA PHARMACY,Al Ain,"23rd St. Al Maqam District, Eastern Al Ain Region, Al Maqam Area, Al Ain City",02-8114000,,
HAYAH MedNet EBP OP,HAYAH MedNet EBP OP,MEDNET,Al Yahar HealthCare Center Pharmacy,AUH,SEHA PHARMACY,Al Ain,"Al Jahili, Downtown Al Ain next to Megamart Jahli",03-746 2561,,
HAYAH MedNet EBP OP,HAYAH MedNet EBP OP,MEDNET,Mezyad  HealthCare Center Pharmacy,AUH,SEHA PHARMACY,Sheik Maktoum Road,"22nd Shiek Maktoum Road, New Samha, Abu Dhabi",02-811 4321,,
HAYAH MedNet EBP OP,HAYAH MedNet EBP OP,MEDNET,Zakher  HealthCare Center Pharmacy,AUH,SEHA PHARMACY,Abu Dhabi,"Eastren Region, Zakher Area, AAN",03 782 8042,,
HAYAH MedNet EBP OP,HAYAH MedNet EBP OP,MEDNET,Al Mushrif Children's Specialty Centre Pharmacy,AUH,SEHA PHARMACY,Mushrif Area,"Mushrif Area , Airport Road nearby Al-Nahda School, AUH",02- 8191568,,
HAYAH MedNet EBP OP,HAYAH MedNet EBP OP,MEDNET,DISEASE PREVENTION AND SCREENING CENTER PHARMACY- AL AIN,AUH,SEHA PHARMACY,ABU DHABI,"Shakhboot Bin Sultan Street (#131), Opposite Al Ain Hospital, Al Ain - Abu Dhabi",03- 7627777,,
HAYAH MedNet EBP OP,HAYAH MedNet EBP OP,MEDNET,Disease Prevention and Screening Center Pharmacy- Abu Dhabi,AUH,SEHA PHARMACY,Abu Dhabi,Al Karamah Street - Abu Dhabi,02 711 4000,,
HAYAH MedNet EBP OP,HAYAH MedNet EBP OP,MEDNET,Al Shamkha Healthcare Center,AUH,SEHA CLINIC,Abu Dhabi,"Area 20, 31st St. Abu Dhabi-Sweihan Road, Shamka",800 50,,
HAYAH MedNet EBP OP,HAYAH MedNet EBP OP,MEDNET,Disease Prevention and Screening Center- Madinat Zayed,AUH,SEHA CLINIC,Abu Dhabi,"Madinat Zayed Old Hospital, AUH",02-8846223,,
HAYAH MedNet EBP OP,HAYAH MedNet EBP OP,MEDNET,Al Mushrif Children's Specialty Centre,AUH,SEHA CLINIC,Abu Dhabi,"Mushrif Area , Airport Road nearby Al-Nahda School, AUH",02 8191568,,
HAYAH MedNet EBP OP,HAYAH MedNet EBP OP,MEDNET,SEHA KIDNEY CARE CENTER - CENTRAL PHARAMCY,AUH,SEHA PHARMACY,Abu Dhabi,"(Administration Offices, 2nd floor), close to Mafraq Hospital)",02-5012925,,
HAYAH MedNet EBP OP,HAYAH MedNet EBP OP,MEDNET,SHEIKH KHALIFA MEDICAL CITY PHARMACY - INPATIENT,AUH,SEHA PHARMACY,Abu Dhabi,"Karama Street, Abu Dhabi City,",02-8190000,,
HAYAH MedNet EBP OP,HAYAH MedNet EBP OP,MEDNET,Sir Baniyas Clinic,AUH,SEHA CLINIC,WESTERN REGION,"Bani Yas, Abu Dhabi, United Arab Emirates",02-8070000,,
HAYAH MedNet EBP OP,HAYAH MedNet EBP OP,MEDNET,Al Jahli Healthcare Center,AUH,SEHA CLINIC,Al Ain,"Jahli District 16, Al Ain",800 50,,
HAYAH MedNet EBP OP,HAYAH MedNet EBP OP,MEDNET,AL SAMHA HEALTHCARE CENTER,AUH,SEHA CLINIC,Al Samha Bridge,"Al Samha Bridge, Middle Region, Abu Dhabi",5620048,,
HAYAH MedNet EBP OP,HAYAH MedNet EBP OP,MEDNET,Al Bahya Healthcare Center,AUH,SEHA CLINIC,Abu Dhabi,"Middle Region in front of old Bus Station, AUH",02-5632599,,
HAYAH MedNet EBP OP,HAYAH MedNet EBP OP,MEDNET,DISEASE PREVENTION AND SCREENING CENTER - BANIYAS,AUH,SEHA CLINIC,Abu Dhabi,"Middle Region , East 7 Baniyas , Abu Dhabi",5831733,,
HAYAH MedNet EBP OP,HAYAH MedNet EBP OP,MEDNET,AL MAQTAA HEALTHCARE CENTER,AUH,SEHA CLINIC,Abu Dhabi,"30th St. Khaleej Al Rabi, Maqta Road, Abu Dhabi",02-5757875,,
HAYAH MedNet EBP OP,HAYAH MedNet EBP OP,MEDNET,SIR BANIYAS CLINIC PHARMACY,AUH,SEHA PHARMACY,WESTERN REGION,"Bani Yas, Abu Dhabi, United Arab Emirates",02-8070000,,
HAYAH MedNet EBP OP,HAYAH MedNet EBP OP,MEDNET,Al Towayya Children's Specialty Centre,AUH,SEHA CLINIC,Al Ain,"111th St. Al Towayya, Al Ain",03-7677444,,
HAYAH MedNet EBP OP,HAYAH MedNet EBP OP,MEDNET,SEHA KIDNEY CARE CENTER - ABU DHABI,AUH,SEHA CLINIC,Abu Dhabi,"Karama Street, Abu Dhabi City,",02-5012925,,
HAYAH MedNet EBP OP,HAYAH MedNet EBP OP,MEDNET,SEHA KIDNEY CARE CENTER - AL AIN,AUH,SEHA CLINIC,Al Ain,"Tawam, Near Abela Supermarket, Al Ain - Abu Dhabi",02-5012925,,
HAYAH MedNet EBP OP,HAYAH MedNet EBP OP,MEDNET,Al Corniche Womens Health Center Pharmacy,AUH,SEHA PHARMACY,Abu Dhabi,Corniche Street beside Sheraton Abu Dhabi,02-6724900,,
HAYAH MedNet EBP OP,HAYAH MedNet EBP OP,MEDNET,ONCOLOGY OUTPATIENT PHARMACY,AUH,SEHA PHARMACY,Abu Dhabi,"Tawam Campus, Maqam Street",03-7075940,,
HAYAH MedNet EBP OP,HAYAH MedNet EBP OP,MEDNET,BRIGHT LIFE MEDICAL CENTER,DXB,CLINIC,DUBAI INVESTMENT PARK-2,"PA SON HYPERMARKET BUILDING, DUBAI INVESTMENT PARK-2, DUBAI, U.A.E",04-8833000,,
HAYAH MedNet EBP OP,HAYAH MedNet EBP OP,MEDNET,GOOD WILL CLINIC L.L.C,DXB,CLINIC,JABAL ALI INDUSTRIAL AREA,"AL BATEEL MALL, JABAL ALI INDUSTRIAL AREA, JABAL ALI, DUBAI, U.A.E",04-8848777,,
HAYAH MedNet EBP OP,HAYAH MedNet EBP OP,MEDNET,BRIGHT CARE CLINIC L.L.C,DXB,CLINIC,DUBAI INVESTMENT PARK-1,"G33 BUILDING, GROUND FLOOR, AIKO MALL, DIP-1, DUBAI,U.A.E",971-55-7758011,,
HAYAH MedNet EBP OP,HAYAH MedNet EBP OP,MEDNET,GOODWILL PHARMACY L.L.C,DXB,PHARMACY,JABAL ALI INDUSTRIAL AREA,"AL BATEEL MALL, JABAL ALI INDUSTRIAL AREA, JABAL ALI, DUBAI, U.A.E",04-8848777,,
HAYAH MedNet EBP OP,HAYAH MedNet EBP OP,MEDNET,Bab Al Hayat Pharmacy L L C,DXB,PHARMACY,DIP-2,"FIDA AL MADINA HYPER MARKET BUILD, 38,C539, DIP-2, DUBAI, Dubai, United Arab",04-8831248,,
HAYAH MedNet EBP OP,HAYAH MedNet EBP OP,MEDNET,BAB AL NOOR PHARMACY L.L.C,DXB,PHARMACY,MUHAISNAH SECOND,"MUSTHAFA MALL, 19TH ALGERIA STREET, MUHAISNAH SECOND, DUBAI, Dubai, United Arab Emirates",04-3444293,,
HAYAH MedNet EBP OP,HAYAH MedNet EBP OP,MEDNET,SEHA AL NOOR PHARMACY L.L.C,DXB,PHARMACY,DUBAI INVESTMENT PARK-1,"G33 BUILDING, GROUND FLOOR, AIKO MALL, DIP-1, DUBAI,U.A.E",971-55-7758011,,
HAYAH MedNet EBP OP,HAYAH MedNet EBP OP,MEDNET,ZAHRAT AL NOOR PHARMACY L.L.C,DXB,PHARMACY,DUBAI INVESTMENT PARK-2,"PA SON HYPERMARKET BUILDING, DUBAI INVESTMENT PARK-2, DUBAI, U.A.E",04-8814111,,
HAYAH MedNet EBP OP,HAYAH MedNet EBP OP,MEDNET,AL YAMAMAH MEDICAL CENTRE-SHARJAH,SHJ,CLINIC,INDUSTRIAL AREA 4,sharjah,06-5352160,,
HAYAH MedNet EBP OP,HAYAH MedNet EBP OP,MEDNET,GMG MEDICAL CENTER LLC,DXB,CLINIC,AL QOUZ THIRD,"RNA RESOURCE BUILDING, BEHIND BELHASA DRIVING SCHOOL,AL QOUZ-4,DUBAI, U.A.E",04-2201918,,
HAYAH MedNet EBP OP,HAYAH MedNet EBP OP,MEDNET,NOOR AL SHEFA CLINIC BRANCH 4,DXB,CLINIC,JAFZA,"Meena Retail Fze Building,Opposite Village Hyper Market,Near Gate 7,Jafza,Dubai",04-8844666,,
HAYAH MedNet EBP OP,HAYAH MedNet EBP OP,MEDNET,SAMARY PHARMACY BRANCH LLC,DXB,PHARMACY,JAFZA,"Jafza Commercial Center,Jafza South Accomodation,Jebel Ali Free Zone,Dubai,UAE",04-8817530,,
HAYAH MedNet EBP OP,HAYAH MedNet EBP OP,MEDNET,LIFE MEDICAL CENTRE 7 (BR OF LIFE CLINIC L.L.C),DXB,CLINIC,TRADE CENTRE,"PLOT NO#3360301,UNIT NO#APTA-FLRSG-SB01,02,03,04&05,THE APARTMENTS BLOCK A,WORLD TRADE CENTRE,DUBAI,UAE",045610000,,
HAYAH MedNet EBP OP,HAYAH MedNet EBP OP,MEDNET,AL AZHAR PHARMACY,SHJ,PHARMACY,INDUSTRIAL AREA 1,SAJJA INDUSTRIAL AREA NO 1,06-5352323,,
HAYAH MedNet EBP OP,HAYAH MedNet EBP OP,MEDNET,RIGHT HEALTH PHARMACY - SOLE PROPRIETORSHIP L.L.C.,AUH,PHARMACY,AL DHAFRA,PARCEL T-29 HABSHAN CAMP - AL DHAFRA AREA - ABU DHABI,02-5845657,,
HAYAH MedNet EBP OP,HAYAH MedNet EBP OP,MEDNET,Aster Pharmacies Group LLC Fujairah Branch 2,FUJ,PHARMACY,Mraisheed,"Shop No, R-02, Fujairah Twin Towers, Mraisheed Road, Mraisheed, Fujairah",09-2348765,,
HAYAH MedNet EBP OP,HAYAH MedNet EBP OP,MEDNET,Aster Pharmacy 174 (Br Of Aster Pharmacies Group L.L.C),DXB,PHARMACY,Dubai Sports City,"G-03,TAG Retail Hub 01,Al Hebiah Fourth, Dubai Sports City, Dubai",04-4486271,,
HAYAH MedNet EBP OP,HAYAH MedNet EBP OP,MEDNET,Aster Pharmacy 184 (Br Of Aster Pharmacies Group L.L.C),DXB,PHARMACY,Business Bay,"Retail-01, Zada Tower, Al Aamal Street, , Business Bay, Dubai",04-4490062,,
HAYAH MedNet EBP OP,HAYAH MedNet EBP OP,MEDNET,Al Shualla Pharmacy,SHJ,PHARMACY,Al Muweilah,"Shop R027, Al Zahia Uptown,Al Muweilah Commercial, Sharjah",06-5736587,,
HAYAH MedNet EBP OP,HAYAH MedNet EBP OP,MEDNET,Aster Pharmacies Group L.L.C - Abu Dhabi Branch 20,AUH,PHARMACY,Baniyas,"Shop No.1, Thiban Building, Plot S17, Al TaAtuf Street, Baniyas, Abu Dhabi",02-6355490,,
HAYAH MedNet EBP OP,HAYAH MedNet EBP OP,MEDNET,Aster Pharmacies Group L.L.C - Branch Of Abu Dhabi 18,AUH,PHARMACY,Khalifa City,"Shop No.1, Building C54, Al Mireef Street, Sector SE45,Southeast-Khalifa City, Khalifa City, Abu Dhabi",02-5845609,,
HAYAH MedNet EBP OP,HAYAH MedNet EBP OP,MEDNET,Aster Pharmacies Group L.L.C - Branch Of Abu Dhabi 19,AUH,PHARMACY,Al Shahamah,"Shop No-2, Building-4968, Plot C123,Al-Taghrouda Street, New Shahamah, Al Shahamah, Abu Dhabi",02-5837390,,
HAYAH MedNet EBP OP,HAYAH MedNet EBP OP,MEDNET,Aster Pharmacies Group L.L.C - Branch of Abu Dhabi 21,AUH,PHARMACY,Al Raha,"G-01, Building-P-2629, Sector RBW8, Al Raha Beach West, Al Raha, Abu Dhabi",02-8846576,,
HAYAH MedNet EBP OP,HAYAH MedNet EBP OP,MEDNET,Aster Pharmacy 178 (Br Of Aster Pharmacies Group L.L.C),DXB,PHARMACY,Marsa,"Shop R02, West Avenue, Al Gharbi Street, Marina, Marsa, Dubai",04-2950979,,
HAYAH MedNet EBP OP,HAYAH MedNet EBP OP,MEDNET,Aster Pharmacy 188 (Br of Aster Pharmacies Group L.L.C),DXB,PHARMACY,Dubai Silicon Oasis,"Retail-06, Loggia Plaza, Dunes Street, Dubai Silicon Oasis, Dubai",04-3497028,,
HAYAH MedNet EBP OP,HAYAH MedNet EBP OP,MEDNET,Aster Pharmacy 189 (Br of Aster Pharmacies Group L.L.C),DXB,PHARMACY,Dubai Silicon Oasis,"Shop 6, Silicon Heights 2 Building, Dubai Silicon Oasis, Dubai",04-8324564,,
HAYAH MedNet EBP OP,HAYAH MedNet EBP OP,MEDNET,Zest Pharmacy 1 (Br Of Zest Wellness Pharmacy L.L.C),DXB,PHARMACY,Umm Al Sheif,"Shop No. 9, Al Thanyah Center, Waitrose Thanya, Al Thanya Street, Umm Al Sheif, Dubai",04-8246485,,
HAYAH MedNet EBP OP,HAYAH MedNet EBP OP,MEDNET,Aster Pharmacies Group LLC - Shj.Br - Branch 7,SHJ,PHARMACY,Al Ruqayba 4,"Shop No-6, Suyoh Mall, Al Suyoh Suburb, Maliha Street, Al Ruqayba 4, Sharjah",06-5263317,,
HAYAH MedNet EBP OP,HAYAH MedNet EBP OP,MEDNET,Aster Royal Clinic Springs Souk Pharmacy Br Of D M Healthcare L L C,DXB,PHARMACY,Al Thanyah Fourth,"Shop FF 24 and FF 25, Springs Souk, Al Thanyah Fourth, Dubai",04-3288352,,
HAYAH MedNet EBP OP,HAYAH MedNet EBP OP,MEDNET,SHEIKH KHALIFA ENERGY CLINIC-ADNOC - SKEC,AUH,CLINIC,AL DANAH,Sheikh Khalifa Energy Complex - Abu Dhabi,02 6023882,,
HAYAH MedNet EBP OP,HAYAH MedNet EBP OP,MEDNET,ADNOC HQ CLINIC,AUH,CLINIC,CORNICHE STREET,"ADNOC Building, Corniche Street, Abu Dhabi UAE",02 6023882,,
HAYAH MedNet EBP OP,HAYAH MedNet EBP OP,MEDNET,QUSAHWIRA MEDICAL CENTER,AUH,CLINIC,AL DHAFRA,"Al Dhafra Region, P.O. Box : 898, Abu Dhabi",02 6023882,,
HAYAH MedNet EBP OP,HAYAH MedNet EBP OP,MEDNET,SHAH AL HOSN PLQ,AUH,CLINIC,WESTERN REGION,"Western Region,Al Dhafra, Abu Dhabi",02 6023882,,
HAYAH MedNet EBP OP,HAYAH MedNet EBP OP,MEDNET,ZIRKU MEDICAL CENTER,AUH,CLINIC,WESTERN REGION,"Zirku Island, Abu Dhabi",02 6023882,,
HAYAH MedNet EBP OP,HAYAH MedNet EBP OP,MEDNET,UPPER ZAKUM CLINIC,AUH,CLINIC,WESTERN REGION,"Upper Zakum Oilfield, Abu Dhabi",02 6023882,,
HAYAH MedNet EBP OP,HAYAH MedNet EBP OP,MEDNET,ARZANAH CLINIC,AUH,CLINIC,UMM AL NAR,"Umm Al Nar, Near Al Maqta Bridge - Abu Dhabi",02 6023882,,
HAYAH MedNet EBP OP,HAYAH MedNet EBP OP,MEDNET,UMM AL DAKH CLINIC,AUH,CLINIC,UMM AL DAKH,"UMM AL DAKH Oilfield, Abu Dhabi",02 6023882,,
HAYAH MedNet EBP OP,HAYAH MedNet EBP OP,MEDNET,ALSSEIFIYA ISLAND CLINIC,AUH,CLINIC,WESTERN REGION,"South Island Oil field, Abu Dhabi",02 6023882,,
HAYAH MedNet EBP OP,HAYAH MedNet EBP OP,MEDNET,ATTOUK ISLAND CLINIC,AUH,CLINIC,WESTERN REGION,"NORTH ISLAND Oilfield, Abu Dhabi",02 6023882,,
HAYAH MedNet EBP OP,HAYAH MedNet EBP OP,MEDNET,WEST ISLAND CLINIC,AUH,CLINIC,WESTERN REGION,"West Island Oilfield, Abu Dhabi",02 6023882,,
HAYAH MedNet EBP OP,HAYAH MedNet EBP OP,MEDNET,AL GHALLAN ISLAND CLINIC,AUH,CLINIC,WESTERN REGION,"CENTRAL ISLAND Oilfield, Abu Dhabi",02 6023882,,
HAYAH MedNet EBP OP,HAYAH MedNet EBP OP,MEDNET,ALQATIA ISLAND CLINIC,AUH,CLINIC,AL QATIA ISLAND,"Alqatia Island, Abu Dhabi, UAE",02 6023882,,
HAYAH MedNet EBP OP,HAYAH MedNet EBP OP,MEDNET,BUSIKEEN ISLAND CLINIC,AUH,CLINIC,SARB ISLAND,"Abu Dhabi Marine Operating SARB Island, Abu Dhabi, UAE",02 6023882,,
HAYAH MedNet EBP OP,HAYAH MedNet EBP OP,MEDNET,UMM SHAIF SUPER COMPLEX (USSC) CLINIC,AUH,CLINIC,AL MANHAL,"Umm Shaif Field, Abu Dhabi",02 6023882,,
HAYAH MedNet EBP OP,HAYAH MedNet EBP OP,MEDNET,ZAKUM WEST SUPER COMPLEX (ZWSC) CLINIC,AUH,CLINIC,AL MANHAL,"Zakum West Island, Abu Dhabi",02 6023882,,
HAYAH MedNet EBP OP,HAYAH MedNet EBP OP,MEDNET,AL NASR FIELD CLINIC,AUH,CLINIC,ABU DHABI,"Al Nasr Field Island, Abu Dhabi",02 6023882,,
HAYAH MedNet EBP OP,HAYAH MedNet EBP OP,MEDNET,UMM AL LULU CLINIC,AUH,CLINIC,AL LULU ISLAND,"Umm Al Lulu Island, Abu Dhabi UAE",02 6023882,,
HAYAH MedNet EBP OP,HAYAH MedNet EBP OP,MEDNET,BIDA AL OSHANAH CLINIC,AUH,CLINIC,WESTERN REGION,"Zayed city western region, Abu Dhabi",02 6023882,,
HAYAH MedNet EBP OP,HAYAH MedNet EBP OP,MEDNET,ADC TARIF CENTRAL CLINIC,AUH,CLINIC,AL DHAFRA,"ADC Tarif Central Camp, Al Dhafra",02 6023882,,
HAYAH MedNet EBP OP,HAYAH MedNet EBP OP,MEDNET,ZIRKU PHARMACY,AUH,PHARMACY,ZIRKU ISLAND,"Zirku Island, Abu Dhabi",02 6023882,,
HAYAH MedNet EBP OP,HAYAH MedNet EBP OP,MEDNET,ABU DHABI REFINERY PHARMACY,AUH,PHARMACY,Airport Road,International Airport Road - Abu Dhabi,02 6023882,,
HAYAH MedNet EBP OP,HAYAH MedNet EBP OP,MEDNET,ADNOC ONSHORE MEDICAL CENTER PHARMACY,AUH,PHARMACY,Al Khalidiyah,"Adco Medical Centre, Near Adco Operations, Al Khalidiyah,1st Corniche Street, Abu Dhabi",02 6023882,,
HAYAH MedNet EBP OP,HAYAH MedNet EBP OP,MEDNET,BUHASA PHARMACY,AUH,PHARMACY,Buhasa,"RAMS Buhasa, Abu Dhabi",02 6023882,,
HAYAH MedNet EBP OP,HAYAH MedNet EBP OP,MEDNET,AL DABBAYIA PHARMACY,AUH,PHARMACY,Dhabiyya,"RAMS Dhabiyya Clinic,Abu Dhabi",02 6023882,,
HAYAH MedNet EBP OP,HAYAH MedNet EBP OP,MEDNET,HABSHAN PHARMACY,AUH,PHARMACY,Zayed City,"Beda Zayed Road, Habshan Abu Dhabi",02 6023882,,
HAYAH MedNet EBP OP,HAYAH MedNet EBP OP,MEDNET,ASAB PHARMACY,AUH,PHARMACY,Asab Aread,"Asab Area, Abu Dhabi",02 6023882,,
HAYAH MedNet EBP OP,HAYAH MedNet EBP OP,MEDNET,SHEIKH KHALIFA ENERGY CLINIC PHARMACY,AUH,PHARMACY,AL DANAH,Sheikh Khalifa Energy Complex - Abu Dhabi,02 6023882,,
HAYAH MedNet EBP OP,HAYAH MedNet EBP OP,MEDNET,ADNOC TECHNICAL INSTITUTE PHARMACY,AUH,PHARMACY,"Al Shawamekh,","Al Shawamekh, Near Schlumberger - Abu Dhabi",02 6023882,,
HAYAH MedNet EBP OP,HAYAH MedNet EBP OP,MEDNET,QUSAHWIRA MEDICAL CENTER PHARMACY,AUH,PHARMACY,AL DHAFRA,"Al Dhafra Region, P.O. Box : 898, Abu Dhabi",02 6023882,,
HAYAH MedNet EBP OP,HAYAH MedNet EBP OP,MEDNET,HEALTHGO MEDICAL CENTER LLC,AUH,CLINIC,AL MAFRAQ,"Emi Stat labour camp.Abu dhabi , almafraq,Abu Dhabi, AE",02-5851331,,
HAYAH MedNet EBP OP,HAYAH MedNet EBP OP,MEDNET,HEALTHGO PHARMACY LLC,AUH,PHARMACY,AL MAFRAQ,"Emi Stat labour camp.Abu dhabi , almafraq,Abu Dhabi, AE",02-5851331,,
HAYAH MedNet EBP OP,HAYAH MedNet EBP OP,MEDNET,MEDICINE HOME PHARMACY LLC- AJMAN,AJM,PHARMACY,AJMAN,1ST FLR  AL ZAHRA BLDG  MOEHAT ST   NEW INDUSTRIAL AREA  AJMAN UAE,06-7485290,,
HAYAH MedNet EBP OP,HAYAH MedNet EBP OP,MEDNET,Aura Medical Center LLC,AJM,CLINIC,Al JURF,"Jeddah Street, Al Jurf-2, Behind Civil Defense, Industrial Area 2, Ajman",+971 56 878 6238,,
HAYAH MedNet EBP OP,HAYAH MedNet EBP OP,MEDNET,Aura Pharmacy LLC,AJM,PHARMACY,Al JURF,"Jeddah Street, Al Jurf-2, Behind Civil Defense, Industrial Area 2, Ajman",+971 56 878 6238,,
HAYAH MedNet EBP OP,HAYAH MedNet EBP OP,MEDNET,DUBAI CORPORATION OF AMBULANCE SERVICES,DXB,CLINIC,HATTA,DUBAI CORPORATION OF AMBULANCE SERVICES BLDG DUBAI - HATTA ROAD,04-448 9191,,
HAYAH MedNet EBP OP,HAYAH MedNet EBP OP,MEDNET,Aster Pharmacy 185,DXB,PHARMACY,AL JADAF,"Shop No 1, Ground Floor, Binghatti Gateway, Al Jaddaf, Dubai",04-2665280,,
HAYAH MedNet EBP OP,HAYAH MedNet EBP OP,MEDNET,Aster Pharmacy 187 (Br of Aster Pharmacies Group L.L.C),DXB,PHARMACY,JABAL ALI FIRST,"Shop 8, Zen 3 Building, Street 1, Discovery Gardens, Jabal Ali First, Dubai",04-5519467,,
HAYAH MedNet EBP OP,HAYAH MedNet EBP OP,MEDNET,Medcare Medical Centre Al Furjan West Pharmacy Br Of Medcare Hospital LLC,DXB,PHARMACY,JABAL ALI FIRST,"Shop 1, Al Furjan West Pavilion, Jabal Ali First, Dubai",04-5513796,,
HAYAH MedNet EBP OP,HAYAH MedNet EBP OP,MEDNET,Aster Pharmacies Group LLC - Shj. Br - Branch 8,SHJ,PHARMACY,AL MAJAZ 3,"Shop No 1,Crescent Tower, Corniche Street, Al Majaz 3, Sharjah",06-5755178,,
HAYAH MedNet EBP OP,HAYAH MedNet EBP OP,MEDNET,Medicom Pharmacy 1 (Br Of Aster Pharmacies Group L.L.C),DXB,PHARMACY,MADINAT HIND 1,"SG-162, Extension of Dubai Outlet mall, Madinat Hind 1, Dubai",04-5721034,,
HAYAH MedNet EBP OP,HAYAH MedNet EBP OP,MEDNET,ADVANCED CARE MEDICAL CENTER LLC (BRANCH) AL QOUZ SECOND,DXB,CLINIC,AL QOUZ SECOND,"#09, Pasons Shopping Center, Opp.Dewa Substation, Al Asayel St. Al Qouz,",04-2355200,,
HAYAH MedNet EBP OP,HAYAH MedNet EBP OP,MEDNET,ALQUOZ ADVANCED CARE PHARMACY LLC AL QOUZ SECOND,DXB,PHARMACY,AL QOUZ SECOND,"#09, Pasons Shopping Center, Opp.Dewa Substation, Al Asayel St. Al Qouz,",04-2355222,,
HAYAH MedNet EBP OP,HAYAH MedNet EBP OP,MEDNET,ADVANCED CARE MEDICAL CENTER LLC BRANCH JEBEL ALI,DXB,CLINIC,JEBEL ALI,"Crown Mall,(Mango Hypermarket), Jabel Ali New Industiral Area",04-3807807,,
HAYAH MedNet EBP OP,HAYAH MedNet EBP OP,MEDNET,JEBAL ALI ADVANCED CARE PHARMACY LLC JEBEL ALI,DXB,PHARMACY,JEBEL ALI,"Crown Mall,(Mango Hypermarket), Jabel Ali New Industiral Area",04-5693777,,
HAYAH MedNet EBP OP,HAYAH MedNet EBP OP,MEDNET,ADVANCED CARE MEDICAL CENTER LLC BRANCH DUBAI INVESTMENT PARK FIRST,DXB,CLINIC,DIP 1,"First Floor, Alico Al Madina hypermarket, DIP 1",04-3463099,,
HAYAH MedNet EBP OP,HAYAH MedNet EBP OP,MEDNET,ALICO ADVANCED CARE PHARMACY LLC DUBAI INVESTMENT PARK FIRST,DXB,PHARMACY,DIP 1,"First Floor, Alico Al Madina hypermarket, DIP 1",04-3961255,,
HAYAH MedNet EBP OP,HAYAH MedNet EBP OP,MEDNET,ADVANCED CARE MEDICAL CENTER LLC BRANCH AL QUSAIS FIRST,DXB,CLINIC,AL QUSAIS,"Al Fattan Charitable building, Damscus St. Al Qusais",04-3709357,,
HAYAH MedNet EBP OP,HAYAH MedNet EBP OP,MEDNET,GRAND ADVANCED CARE PHARMACY LLC AL QUSAIS FIRST,DXB,PHARMACY,AL QUSAIS,"Al Fattan Charitable building, Damscus St. Al Qusais",04-2985078,,
HAYAH MedNet EBP OP,HAYAH MedNet EBP OP,MEDNET,AL TOWAYYA PHARMACY,,SEHA PHARMACY,AL HILI,AL TOWAYYA  111TH STREET,02-8113202,,
HAYAH MedNet EBP OP,HAYAH MedNet EBP OP,MEDNET,MULK MED HEALTHCARE L.L.C,DXB,CLINIC,DUBAI SILICON OASIS,"SIT TOWERS ,15TH FLOOR,1514.",0569337544,,
HAYAH MedNet EBP OP,HAYAH MedNet EBP OP,MEDNET,AL HAYAT MEDICAL CENTER,UMQ,CLINIC,"AL RAMLA STREET, OPP AL ABRAQ GIRLS SCHOOL","AL RAMLA STREET, OPP AL ABRAQ GIRLS SCHOOL",056-5013186,,
HAYAH MedNet EBP OP,HAYAH MedNet EBP OP,MEDNET,DAR AL HAYAT MEDICAL CENTER,UMQ,CLINIC,"NEAR ETISALAT R/A, NEW INDUSTRIAL AREA","NEAR ETISALAT R/A, NEW INDUSTRIAL AREA",056-5013183,,
HAYAH MedNet EBP OP,HAYAH MedNet EBP OP,MEDNET,RAHMATH SILA CLINIC,AUH,CLINIC,BAYA AL SILA,Bayah Al Sila Street  Al Sila Area,02-874999,,
HAYAH MedNet EBP OP,HAYAH MedNet EBP OP,MEDNET,HOPE PHARMACY LLC - PF2868 (BR OF HOPE MEDICAL CENTER LLC),AUH,PHARMACY,MAFRAQ,GCC NEW OFFICE BUILDING  PLOT NO 384 BUILDING 46  NEAR AL HASSAN ENGINEERING CO  AL MAFRAQ INDUSTRIAL AREA,02-5551430,,
HAYAH MedNet EBP OP,HAYAH MedNet EBP OP,MEDNET,"LIFE PHARMACY 59 BR OF LIFE PHARMACY LLC, JVC (LIFE HEALTHCARE GROUP)",DXB,PHARMACY,JUMEIRAH VILLAGE CIRCLE,G075B The Circle Mall JVC Dubai UAE,04-5610000,,
HAYAH MedNet EBP OP,HAYAH MedNet EBP OP,MEDNET,"LIFE PHARMACY 69 BR OF LIFE PHARMCY LLC, AL WARQA (LIFE HEALTHCARE GROUP)",DXB,PHARMACY,AL WARQAA,"Shop 4 8  R S Building, Al Warqa, Dubai, UAE",04-5610000,,
HAYAH MedNet EBP OP,HAYAH MedNet EBP OP,MEDNET,ZEST WELLNESS PHARMACY L LC - SHJ. BR,SHJ,PHARMACY,AL MAJAZ 1,"Shop No 3, Spinneys Sharjah limited building, King Faisal street, Al Majaz 1, Al Majaz, Sharjah",06-5270457,,
HAYAH MedNet EBP OP,HAYAH MedNet EBP OP,MEDNET,ASTER PHARMACIES GROUP LLC - SHJ. BR - BRANCH 6,SHJ,PHARMACY,MUWEILAH,"Shop no. 10, Building 148/696, New Muweilah commercial, Muweilah, Sharjah",06-5748975,,
HAYAH MedNet EBP OP,HAYAH MedNet EBP OP,MEDNET,ASTER PHARMACY 186 (BR OF ASTER PHARMACIES GROUP L.L.C),DXB,PHARMACY,PALM JUMEIRAH,"Shop 1, Seven Palm Hotel & Apartments The Palm A, Near to Medcare Medical Center Plam Jumeirah, Palm jumaira Road, Palm Jumeirah, Dubai",04-2688710,,
HAYAH MedNet EBP OP,HAYAH MedNet EBP OP,MEDNET,ASTER PHARMACY 191 (BR OF ASTER PHARMACIES GROUP L.L.C),DXB,PHARMACY,DOWNTOWN,"Shop no 1, Elite Downtown Residence 1, School Street, Burj Khalifa,Downtown Dubai, Dubai",04-5700402,,
HAYAH MedNet EBP OP,HAYAH MedNet EBP OP,MEDNET,ASTER PHARMACY 192 (BR OF ASTER PHARMACIES GROUP L.L.C),DXB,PHARMACY,DOWNTOWN,"Shop No 3, Tower No 1, Trade Center First, Shaikh Zayed Road, Downtown, Dubai",04-2584482,,
HAYAH MedNet EBP OP,HAYAH MedNet EBP OP,MEDNET,ASTER PHARMACY 194 (BR OF ASTER PHARMACIES GROUP L.L.C),DXB,PHARMACY,NAD AL SHEBA 1,"Shop no 2, Creek Vistas tower B, Shoba Hartland, Al Merkadh, Nad Al Sheba 1, Dubai",04-5750742,,
HAYAH MedNet EBP OP,HAYAH MedNet EBP OP,MEDNET,ASTER PHARMACY 196 (BR OF ASTER PHARMACIES GROUP L.L.C),DXB,PHARMACY,NAD AL SHEBA 1,"Retail-20, Azizi Riviera 5, Shoba Hartland, Al Merkadh, Nad Al Sheba 1, Dubai",04-5702313,,
HAYAH MedNet EBP OP,HAYAH MedNet EBP OP,MEDNET,ASTER PHARMACY 171 (BR OF ASTER PHARMACIES GROUP L.L.C),DXB,PHARMACY,DUBAI INVESTMENT PARK FIRST,"Shop No B6, RDK 1190 Building B, Green Community Village, Dubai Investment Park First, Dubai",04-2516452,,
HAYAH MedNet EBP OP,HAYAH MedNet EBP OP,MEDNET,ASTER PHARMACY 177 (BR OF ASTER PHARMACIES GROUP L.L.C),DXB,PHARMACY,DUBAI LAND,"Shop 6&7, Raja Building, Opposite Skycourt Tower B, Wadi Al Safa- 5, Dubai Land Residence Complex, Dubai Land, Dubai",04-2575216,,
HAYAH MedNet EBP OP,HAYAH MedNet EBP OP,MEDNET,ASTER PHARMACY 195 (BR OF ASTER PHARMACIES GROUP L.L.C),DXB,PHARMACY,IBN BATUTA,"Shop No. 3, Pink Building 7,  Jebel Ali Village, Ibn Battuta Street, The Gardens, Dubai",04-5725507,,
HAYAH MedNet EBP OP,HAYAH MedNet EBP OP,MEDNET,ASTER PHARMACIES GROUP LLC (DMCC BRANCH),DXB,PHARMACY,JUMEIRAH LAKES TOWERS,"Shop No-5, Ground Floor, ME DO RE Residential Tower, Cluster L, Jumeirah Lakes Towers, Al Thanyah Fifth, Dubai",04-5917109,,
HAYAH MedNet EBP OP,HAYAH MedNet EBP OP,MEDNET,MEDCARE MEDICAL CENTRE ARABIAN RANCHES 3 PHARMACY BR OF MEDCARE HOSPITAL LLC,DXB,PHARMACY,WADI AL SAFA 5,"AR3 GF37, Arabian Ranches 3 Souk, Near Silicon Central, Sheikh Zayed Bin Hamdan Al Nahyan Street, Wadi Al Safa 5, Dubai",04-2578939,,
HAYAH MedNet EBP OP,HAYAH MedNet EBP OP,MEDNET,MEDCARE MEDICAL CENTRE THE VALLEY PHARMACY BR OF MEDCARE HOSPITAL L.L.C,DXB,PHARMACY,AL YUFRAH 1,"Shop No. 11 & 12, The Valley Pavilion, Al Ain Road, Al Yufrah 1, Dubai",04-3291310,,
HAYAH MedNet EBP OP,HAYAH MedNet EBP OP,MEDNET,MEDICINA AL FALAH PHARMACY - AUH - MEDICINA GRP - PF2588,AUH,PHARMACY,AL FALAH,AL FALAH VILLAGE 5  VILLAGE CENTRE STREET  AL FALAH COMMUNITY  ABUDHABI,02-5846880,,
HAYAH MedNet EBP OP,HAYAH MedNet EBP OP,MEDNET,ABEER AL NOOR PHARMACY LLC,DXB,PHARMACY,Al Rashidiya,"Rashidiyat Mahalat Building Plot No 348 Shop No 11, 12 Behind Sougat Centre Rashidiya",04-2362053,,
HAYAH MedNet EBP OP,HAYAH MedNet EBP OP,MEDNET,"AL AJWAH PHARMACY, FAITH PHARMACY GROUP",SHJ,PHARMACY,MUWEILAH,MUWEILAH COMMERCIAL BLDG  NO  6 Shop 2 Opposite Nesto Muweillah Sharjah,06-7023555,,
HAYAH MedNet EBP OP,HAYAH MedNet EBP OP,MEDNET,SUNNY PHARMACY L.L.C,UMQ,PHARMACY,AK MUQTA,UMM AL-QUWAIN,05-08209986,,
