PROVIDER NAME,EMIRATE,PROVIDER TYPE,AREA,ADDRESS,TELEPHONE
Adam & Eve Specialized Medical Center - Auh,AUH,Clinic,Electra Street,"Adam And Eve Medical Center,01 Floor ,Pink Building,Near Royal Rose Hotel, Electra Street, Abu Dhabi",26767366
Adam & Eve Specialized Medical Centre L.L.C. - Branch,AUH,Clinic,Electra Street,"Adam And Eve Medical Center, 01 Floor, Pink Building, near Royal Rose Hotel, Electra Street",26219996
Adc Tarif Central Clinic,AUH,Clinic,ADC Tarif Central Camp,"ADC Tarif Central Camp, Al Dhafra",26023882
Adco Medical Centre,AUH,Clinic,Corniche,"Adnoc  Onshore,Khalidiya Abudhabi",26018587; 26043013
Adnoc Hq Clinic,AUH,Clinic,Corniche Street,"ADNOC Building, Corniche Street, Abu Dhabi UAE",26023882
Adnoc Technicial Instituite Clinic-Ati,AUH,Clinic,Al Shawamekh,Near Schlumberger - Al Shamkhah - Abu Dhabi,26022894
Adria Medical Center L.L.C Ex: Acacia Advanced Medical Center Llc,AUH,Clinic,Abu Dhabi,Villa 7 Zone 1 Mohammed Bin Zayed,25551551
Al Cornice Hospital Ivf Centre,AUH,Clinic,Corniche,Corniche Road Beside Sheraton  Abudhabi,26724900
Al Karama Medical Clinic-Auh,AUH,Clinic,Baniyas,"Balidia Market ,Banyas East Sector 8 Abudhabi",26720204
Al Maria Medical Centre,AUH,Clinic,Electra Street,"Near Safa Express Supermarket,Electrea Street",26339722
Al Nasr Field Clinic,AUH,Clinic,Al Nasr Field Island,"Al Nasr Field Island, Abu Dhabi",26023882
Al Noor Medical Center - Aan,AUH,Clinic,Murabba,Alor Medical Cenetr Zayed Bin Sultan Street  Bldg .81St Floor Flat 2 Pobox 1576 Alain,27662072
Al Qatia Clinic,AUH,Clinic,Alqatia Island,"Alqatia Island, Abu Dhabi, UAE",26023882
Al Qudwah Medical Centre - Auh,AUH,Clinic,Near NMC,"Building No. 10  , Flat 101 #, Near NMC, Zayed the First St., Abu Dhabi",26214421
Al Rayyan Medical Centre - Auh,AUH,Clinic,Musafah,"Flat #102, Building #21, Sector 12, Shabiya, Mussafah, Abu Dhabi, P.O Box 30520, Abu Dhabi, UAE",25551719
Alpha Medical Centre Llc,AUH,Clinic,Musaffah,"Al Firdous Centre Plot#1, Opp Alfahim, Sanaya M3, Musaffah, Abu Dhabi",25558383
Ambulance And Public Safety Department,AUH,Clinic,Baniyas,"Baniyas, Abu Dhabi",600520002
Ansari Medical Centre,AUH,Clinic,Al Nasr,"Opp.Marks& Spencer, Safe Travel& Services Building, Airport Road, Abudhabi, Po Box: 27467",26394139
Apex Medical Centre,AUH,Clinic,Ghayathi Industrial,"Bin Asheer Building, Ghayathi New Industrial Area, Abu Dhabi, UAE PO Box 38542",26500485
Arzanah Clinic,AUH,Clinic,Offshore,Off Shore Abudhabi,26057300
Asab Clinic - Auh,AUH,Clinic,Al Ruwais,"Al Dhafra ,Western Region,Onshore Abudhabi",26034222
Bab Al Madina Medical Center Llc,AUH,Clinic,Musaffah,"M-26, Mussafah, Shop No. 06, Near Grand Mosque, Abu Dhabi - Uae",26422464
Bf Medical Center,AUH,Clinic,Sanaiya,"14th street, Saniya,P.O Box: 8888, Al Ain, UAE",37532777
Bida Al Oshanah Clinic,AUH,Clinic,Zayed city western region,"Zayed city western region, Abu Dhabi",26023882
Blue Ocean Medical Center,AUH,Clinic,Musaffah Shabiya,"Hamed Ghanim Bin Hamoodah building- C344, Musaffah Shabiya-ME10, Mohamed Bin Zayed City, Abu Dhabi, UAE",24481981
Buhasa Clinic  - Auh,AUH,Clinic,Al Ruwais,"Al Dhafra ,Western Region,Onshore Abudhabi",26035272
Burjeel Day Surgery Center L.L.C.,AUH,Clinic,Al Reem Island,"Burjeel Day Surgery Center  - Gate And Arc Towers, R1-01 + Rg-01, Boutik Mall",80055
Burjeel Medical Centre Al Zeina Ex: Medeor Medical Centre Llc,AUH,Clinic,Al Zeina,"Precinct B-01, Al Raha Beach, Al Zeina - Abu Dhabi",80055
Burjeel Medical Centre Barari Llc,AUH,Clinic,Al Ain,Burjeel Outlet Mall Upper Second Third Floor Shope No1 & 2,80055
Burjeel Oasis Medical Centre Llc,AUH,Clinic,Madinat Zayed,"Aldhafra Region, Madinat Zayed, Main Street, Aldhafra Sports Club Buildings Block B",80055
Busikeen Island Clinic,AUH,Clinic,SARB Island,"Abu Dhabi Marine Operating SARB Island, Abu Dhabi, UAE",26023882
Central Island Clinic,AUH,Clinic,Offshore,Off Shore Abudhabi,26059602
Clarion Medical Center,AUH,Clinic,Al khalidiya,"Clarion Medical Center- Mezannine Floor, Health First Pharmacy Building (Behind Choitrams Supermarket) Al Khalidiya, Abu Dhabi, Uae",26666675
Cosmpolitan Medical Centre-Sole Proprietorship Llc,AUH,Clinic,Al Dhafra,"201, First Floor, Hameem Mall, Al Dhafrah, Abu Dhabi, UAE",25555328
Dabbayia Clinic - Auh,AUH,Clinic,Al Ruwais,"Al Dhafra ,Western Region,Onshore Abudhabi",26046789
Dar Al Shifa Medical Center Abu Dhabi,AUH,Clinic,Nadi Al Syahi,"Bldg No 137, Al Nowais Bldg, Electra St Tourist Club Area, Behind Dana Hotel, Abu Dhabi, Uae",24400500
Dar Al Shifaa Day Care Surgery Llc,AUH,Clinic,Mussafah,"Najda Street, Abu Dhabi, Uae",26900903
Das Medical Centre (Ex: Abu Dhabi Marine Operating Company Clinic (Adma Opco),AUH,Clinic,Abu Dhabi,Off shore abudhabi,26063300
Dr. Moopen'S Medical Polyclinic Abu Dhabi,AUH,Clinic,Musaffah,"Near 1St Signal (Masjid), Sector-9, Sannayah, Musaffah, Abu Dhabi Uae",24400500
DUO PRIME CARE MEDICAL CENTER - SOLE PROPRIETORSHIP L.L.C.,AUH,Clinic,Musaffah,"Musaffah M4, Plot Number 11, street no. 4, Abu Dhabi, UAE. P. O Box- 92638",25828139
Ever Care Medical Center,AUH,Clinic,Musaffah 17,"Musaffah 17, near Shati al madina – Musaffah, P.O. Box 90862, Abu Dhabi",24457667
Excellent Medical Center L.L.C,AUH,Clinic,Al Mafraq,"Sawaeed Residential Compound,Worker City 2,Al Mafraq Abu Dhabi",25544469
Freedom Medical Centre (Ex. Al Dhaheri Clinic),AUH,Clinic,Electra,"Building No4,Musafah M4,1St Floor",26336744
Gh Medical Center L.L.C,AUH,Clinic,Al Jaber Camp,"Al Madina Hypermarket, Al Jaber Camp, P.O Box 128777, Abu Dhabi",26289933
Golden Choice Medical Center,AUH,Clinic,Musaffah,"Musafah- Sanayya , M14, Auh -Uae",25535544
Golden Sands Medical Centre Llc,AUH,Clinic,Al Falah,"Golden Sands Medical Centre Llc, Al Falah Street, Above Sands Pharmacy, Jumma Eid Almeraikhi Building, Abu Dhabi , Ph-02642717",26427171
Gulf International Cancer Center - Auh,AUH,Clinic,Shahama,"1 Floor, Al Bahia Sheikh Zayed 5 KM South of Al Raha Beach Hotel, Abu Dhabi",25635558
Habshan Medical Center - AUH,AUH,Clinic,AL RUWAIS,"Al Dhafra ,Western Region,Onshore Abudhabi",26038331
Healthline Medical Center Llc,AUH,Clinic,Shamkha,"Near One Time supermarket Al Riyadh, Shamkha Abu Dhabi",25668600
High Life Medical Center,AUH,Clinic,Al Mafraq,"Shop No G02, F2C4-7, Building No.07 Parco Mall,",25850081
Holistic Medical Centre Sole Propreitorship Llc,AUH,Clinic,Madinat Zaid,"Madinat Zaid,Abu Dhabi, UAE",26660388
Holistic Medical Centre Sole Propreitorship Llc,AUH,Clinic,Khalifa A,Https://Goo.Gl/Maps/E5Rxlrwsatzb1Hym6,26661567
Hope Medical Center Llc,AUH,Clinic,Al Mafraq,"Gcc New Office Building, Plot :384 / Building  Mafraq Worker City 1Al Mafraq Industrial Area  Abu Dhabi.",25551430
Indus Medical Centre L.L.C.,AUH,Clinic,Al Mafraq,"Near Parco Mall, Mafreq Industrial Area, China Camp Mafreq, Abu Dhabi. UAE. P. O Box- 92552",24467700
Intercare Health Center L.L.C.,AUH,Clinic,Marina,"Unit B35, Marina Village, Marina Mall Marina Area, Abu Dhabi",26390080
Jabel Dhana Clinic - Auh,AUH,Clinic,Al Ruwais,"Jabal Al Dhana Field, Al Dhafra Region, Abu Dhabi, Uae",26022336
L.L.H Mobile Clinic L.L.C,AUH,Clinic,Electra,"Al Marwa Tower, Electra Street Abu Dhabi",80055
L.L.H Mobile Medical Unit L.L.C,AUH,Clinic,Electra,"Al Marwa Tower, Electra Street Abu Dhabi",80055
La Fami Medical Complex L.L.C,AUH,Clinic,Wadi Al Ain,80 Al Kawakib 7 St - Al Noud - Wadi Al Ain 1 - Abu Dhabi,37221136
Lifecare Clinic L.L.C,AUH,Clinic,Al Wathba,"Magenta Real Estate Management Llc, Magenta Pearl Village, Al Mafraq Workers City 2, Abu Dhabi",80055
Lifecare Medical Center L.L.C,AUH,Clinic,Al Wathba,"Al Wathba Razeen Labor City, Abu Dhabi",80055
Llh Medical Centre Al Musaffah Llc Branch 1,AUH,Clinic,Mafraq Industry,"Near Labotel Camp, Mafraq Industry",80055
Llh Medical Centre Al Musaffah Llc-Branch 3,AUH,Clinic,Musaffah,"M40, Km Trading Building, Icad, 16 Street
Musaffah.",80055
LLH Medical Centre Al Najda LLC(Ex. Al Fuad Medical Centre L.L.C.),AUH,Clinic,Electra Street,"H.E. Shaikh Abdulla Bin Butti Al Hamed Bldg., Same Building Grand Outlet Electra Street, Najda Street, Fatima Bint Mubarak St. Al Danah",25599444
Llh Medical Centre Llc,AUH,Clinic,AL Markazya,"Building No. C55, Musaffah Shabiya Me Ii, Po Box 92313",80055
M26 Medical Center,AUH,Clinic,Musafah,"Plot No 94, Near Gujrat restaurant, Musafah 26, Abu Dhabi. UAE. P. O Box- 92552",28867789
Marbella Medical Centre,AUH,Clinic,AL Jimi district,"Opposite Al Noor bakery, 10th street selmi, AL Jimi district, Al Ain",37639000
Mariam Medical Center L.L.C,AUH,Clinic,Baniyas,"Po Box 8680 Shop No 2B Plot No F2C4_1 Magenta Pearl Village, Al Mafraq Industrial 2 (China Camp) Abudhabi",26214626
Max Cure Medical Care Center - L.L.C,AUH,Clinic,Al Saada,"Dharweesh Tower, Ground Floor, near to the embassy, Juma Bin Kasla Al Rumaithi St, Al Saada, Abu Dhabi",26221102
Maxim Mmedical Centre,AUH,Clinic,ICAD,"Al Dhafra Workers Villege, Icad-3, Mussaffa",25500161
Medical Speciality Centre Llc,AUH,Clinic,Khalidhiya,"Yateem Opticals Building, Opp. Grant Store, Zayed The 1St Street, Khalidhiya",26336325
Medline Medical Centre Llc,AUH,Clinic,Musaffah,"M26,Industrial Area,Mussafah,Abudhabi",25530577
Medlux Medical Center L.L.C,AUH,Clinic,Mafraq,"Medlux Medical Center Llc, Near Al Ameen Super Market, Industrial Area Zone 1, Mafraq, Abu Dhabi",24455993
Medstar Clinics Sanaiya Al Ain Llc,AUH,Clinic,New Sanaiya,"Po Box 222766, Al Ain Town Center, Near Taqwa Mosque, Al Ain, Uae",37621007
Medstar Icad Medical Center Llc,AUH,Clinic,Mussafah,"Po Box 106964, Icad Residential City, Mussafah, Abu Dhabi, Near Fresh & More Hypermarket",25845657
Moon Light Medical Center Llc,AUH,Clinic,Al Ain,"15, Batha Al Hayer, Al Sanaiya, Al Ain Abu Dhabi",37519966
Mubarak Medical Center - Aan,AUH,Clinic,Old immigration road,"Near K.M. Trading, Old immigration road, Al Ain",37642978
Mubarak Medical Center - Branch 1 - Auh,AUH,Clinic,Baniyas,"Al Eshoush, Worker City-2,Baniyas",25837772
NEW HEALTHLINE MEDICAL CENTER (Ex:New Sadd Maareb Medical Centre-AUH),AUH,Clinic,SHAHAMA,"Old Shahama,Near To Adnoc Petrol Station,Abudhabi,Uae",25668600
New Hyderabad Clinic,AUH,Clinic,New Mussafah,Building No C143 Floor M M02 and M04 shabiya ME12 MBZ Abu Dhabi UAE,25522252
New National Medical Centre,AUH,Clinic,Musaffah,"Building No 37,Musaffah -10,Abudhabi",25520100
New National Medical Centre Llc-Branch 1 - Auh,AUH,Clinic,Mussafah,Mussafah Sanaya Sector M36,25852420
Noor Al Shifa Medical Center,AUH,Clinic,New Shahama,"New Shahama Duabi -Mafreq Road, Auh -Uae",25633380
Noor Alahli Medical Center - Branch 3,AUH,Clinic,Hamdan Street,"Bldg. No. C72, Behind Liwa Center, Electra, P.O. Box - 2419",26811533
Noor Alahli Medical Center- Branch 5,AUH,Clinic,Baniyas,"Near Zenith Supermarket / Daar -Al Uloom Private School, Baniyas, P.O. Box - 2419",25821206
North Island Clinic,AUH,Clinic,Offshore,Off Shore Abudhabi,26059406
Oasis Medical Centre- Branch 1,AUH,Clinic,Al Falah Street,"Mezzanine Floor, Oasis Bldg., Al Falah Street (Old Passport Road), Near Citibank, P.O. Box - 2419",26763282
Oxford Medical Center - Auh,AUH,Clinic,Muroor,"Building Number - 8, Behind Lulu Express, B/W 23Rd And 25Th St, Muroor Road, Po Box - 53275",24489666
Pride Medical Center,AUH,Clinic,Sanaiya,"Near Km Hypermarket And Beside Auto Spa Cars,  Abu Obaida Bin Al Jarrah St., Al Falah St.",23799892
Prime Cure Medical Center (Ex. Prime Medical Center - Auh),AUH,Clinic,Airport Road,"Mezar Salem Besude Wear Mart, Carrefour and Kalyan Silk Airport Road Al Falah Street Abu Dhabi",26342424
Qusahwira Medical Center,AUH,Clinic,Al Dhafrah,"Al Dhafra ,Western Region,Onshore Abudhabi",26014678
Rayhan Primary Healthcare Centre,AUH,Clinic,Al Ain,"Building 8, Al Yaseeral Murubba, Central District, P.O Box:86517, Al Ain UAE",37510043
Saba Medical Center Llc,AUH,Clinic,Musaffah Industrial M37,"13 Al Jazzeem 2 Street, Musaffah Industrial M37, P.O Box: 92396",25523300
Sadd Maareb Medical Centre - Auh,AUH,Clinic,Baniyas,"Adnoc Petrol, East 8, Baniyas, Abu Dhabi",25832629
Sahara Medical Center Llc,AUH,Clinic,Mussafah,"Sahara Medical Center, M44 Musaffah Abu Dhabi",25556393
Sahel Clinic  - Auh,AUH,Clinic,Al Ruwais,"Al Dhafra ,Western Region,Onshore Abudhabi",26049928
Sas Al Nakhl Clinic,AUH,Clinic,Umm Al Nar,Adr Refinary  Abudhabi,26022011
Shah Al Hosn Plq Clinic,AUH,Clinic,Al Dhafra,"Western Region,Al Dhafra, Abu Dhabi",26023882
Shah Clinic - Auh,AUH,Clinic,Al Ruwais,"Al Dhafra ,Western Region,Onshore Abudhabi",26020541
Sheikh Khalifa Energy Clinic-Adnoc,AUH,Clinic,Corniche,Skec 1 Tower 1 Abudhabi,26020012
Sir Baniyas Clinic,AUH,Clinic,Sir Baniyas,Sir Baniyas,28070000
South Island Clinic,AUH,Clinic,Offshore,Off Shore Abudhabi,26059012
Stanford Medical Center-Sole Proprietorship LLC ( Ex. Ghanem Medical Clinic),AUH,Clinic,Al Bateen,"Villa 438, Al Khaleej Al Arabi 10, Bur Al Yirab St., Al Bateen Area, Abu Dhabi, UAE PO Box 127711",27775777
Star Al Ahalia Medical Center Llc,AUH,Clinic,Gayathi City,"C76, Near Gayathi Market,Gayathi, P.O. Box - 2419",28744677
Sun Medical Clinic,AUH,Clinic,Sanaiya 5,"Flat No 101, First Floor, Mahmoud Al Baloushi Building, Near Mouzam Trading, Street No 4, Sanaiya, Al Ain, U.A.E",37215434
Sun Medical Clinic Branch,AUH,Clinic,Sanaiya 8th,"Flat No 108, First Floor, Mabrook Trading Building, Near Mubarak Hyper Market, Street No 7, Sanaiya, Al Ain, U.A.E",37803177
Taha Medical Centre- Auh (Ex-Taha Dental & Medical Centre),AUH,Clinic,Old Passport,"Mezzanine Floor, Opposite Fatima supermarket",26343438
Umm Al Dakh Clinic,AUH,Clinic,Offshore,Off Shore Abudhabi,26057300
Umm Lulu Clinic,AUH,Clinic,Umm Al Lulu Island,"Umm Al Lulu Island, Abu Dhabi UAE",26023882
Umm Shaif Field Clinic,AUH,Clinic,Umm Shaif,"Umm Shaif Field, Abu Dhabi",26023882
Unique Alahalia Ophthalmology One Day Surgery Medical Center,AUH,Clinic,Airport Road,"Sector 1-19, Plot No. 6, Delma Street, Old Air Port Road, P.O. Box - 2419",24439777
Uniteam Primary Health Care Center Llc,AUH,Clinic,Shakhbout City,"PLOT P2, 19-13 Al Ttaba' Street, Shakhbout City, Abu Dhabi, UAE",800200700
Uniteam Primary Health Care Center Llc Branch - Abu Samra,AUH,Clinic,Abu Samra,"PLOT 6, 6th Street, Al Khaznah, Abu Samrah, Abu Dhabi, UAE",800200700
Uniteam Primary Health Care Center Llc Branch - Al Dahra,AUH,Clinic,Al Dahra,"PLOT 5, 22nd Street, Al Dahrah, Al Ain, Abu Dhabi, UAE",800200700
Uniteam Primary Health Care Center Llc Branch - Al Salamat,AUH,Clinic,Al Salamat,"PLOT 2, Al Farhan Street, Al Salamat 1, Al Salamat, Al Ain, Abu Dhabi, UAE",800200700
Uniteam Primary Health Care Center Llc Branch - Al Wathba,AUH,Clinic,Al Wathba,"PLOT P37, Zahr Al Oyoun Street, Al Wathba South, Abu Dhabi, UAE",800200700
Uniteam Primary Health Care Center Llc Branch - Um Ghaffa,AUH,Clinic,Um Ghaffa,"PLOT 225, Ahl Al Hazm Street, Um Ghaffah, Al Ain, Abu Dhabi, UAE",800200700
Upper Zakum Clinic,AUH,Clinic,Offshore,Off Shore Abudhabi,26054200
West Island Clinic,AUH,Clinic,Offshore,Off Shore Abudhabi,26059902
Yas Health Care Llc Branch 1,AUH,Clinic,Al Saada,Al Mustarhim St - Sultan Bin Zayed The First St - Abu Dhabi,23336999
Yas Healthcare Llc,AUH,Clinic,Muroor,"Dusit Thani Commercial Complex - P.O. Box 44852 - Muroor Road, Opposite Al Jazeera Club - Abu Dhabi, U A E",23336999
Zakum West Super Complex Clinic,AUH,Clinic,Zakum West Island,"Zakum West Island, Abu Dhabi",26023882
Zirku Medical Center,AUH,Clinic,Offshore,Off Shore Abudhabi,26056223
Accuracy Plus Medical Laboratory,AUH,Dx & Lab,Hamdan,"Aster Pharmacy Building, M02, Hamdan Street, Abu Dhabi",26333923
Advanced Medical Centre - (Ex.Advanced Medical Laboratory),AUH,Dx & Lab,Al Ain Main St.,"Flat  Mz3, Mezzanine Floor, O General Building, Above Kabab Kofta Restaurant Near Clock Tower Al Ain U.A.E",37641441
Al Taj Medical Laboratory,AUH,DX & Lab,Town Center,"Flat  Mz1, Mezzanine Floor, Al Fardan Exchange Building, Above Al Fardan Exchange, Main Street, Al Ain U.A.E",23766682
Dar Al Mouasah Diagnostic Centre - Auh,AUH,Dx & Lab,hamdan street,"Mezzanine Floor,Plaza Tower,Hamdan Bin Mohammed Street,Opp. Al Maha Rota",26260066
Ideal Clinical Laboratories,AUH,Dx & Lab,Musaffah,"C-44 Building,Mezzanine Floor, Shabiya 10, Musaffah,  Abu Dhabi, U.A.E.",25558448
Life Medical Centre (Ex: Life Diagnostic Centre),AUH,Dx & Lab,Lulu,"Marina Plaza Building, Office Floor 1, Flat Na:101-102, Abu Dhabi",26332300
Life Medical Diagnostics Llc - Al Ain Branch,AUH,Dx & Lab,Al Ain,"Emirates Commercial Complex, Sheikh Khalifa Bin Zayed Street, P.O Box: 7917, Abu Dhabi, UAE",600551636
Proficiency Healthcare Diagnostic Laboratories Llc,AUH,Dx & Lab,Electra,"201 Tower C Bldg., Behind City Seasons Hotel Al Hamra, Electra St., Abu Dhabi, Uae",24919300
Proficiency Healthcare Diagnostic Laboratories Llc Branch 1,AUH,Dx & Lab,Zayed Bin Sultan,"2Nd Floor M2, Etihad Building,Beside Adnoc Station Near Clock Tower Junction, Zayed Bin Sultan Street(Main Street), Al Ain, United Arab Emirates",37660992
Al Salama One Day Surgery Center - Auh,AUH,Hospital,Baniyas,"Al Salama One Day Surgery Center Bldg, Opposite Al Roashid Mosque, Sector-7, Baniyas East, Abu Dhabi",25047900
Bareen International Hospital,AUH,Hospital,Mohammad Bin Zayed Area,"Near Fatema Bent Mubark Mousque, Hamdan Street, Muroor Road, Mohammad Bin Zayed Area",25545555
Millennium Hospital Llc,AUH,Hospital,Mussafah,"C 175, ME 9, Shabiyah 9, Mussafah, Abu Dhabi",26113333
National Hospital - AUH,AUH,Hospital,Electra Street,"P.O.Box: 30666, Najda, Eldorado Cinema, Electra Street, Najda Area",26711000
New Medical Centre Specialty Hospital Llc (Ex: Nmc Specialty Hospital L.L.C Al Ain),AUH,Hospital,Al Mutaredh,"Opp. Police Head Quarter, Near Zayed School",37555999
Specialized Medical Care Hospital,AUH,Hospital,Al Jahli,"Al Jahili Area, Near Transport Authority, Al Ain Abu Dhabi",37552291
Al Abeer Medical Center Day Surgery Unit Llc,AUH,Hospital,Madinat Zayed,"Al Raha Building Next To Adnoc Petrol Station Hamdan Street Delma Street Madinat Zayed Area, Abu Dhabi",26330440
Abu Dhabi Pharmacy,AUH,Pharmacy,Najdah St.,Najda St. Abu Dhabi Uae,26772577
Adnoc Onshore Medical Centre Pharmacy,AUH,Pharmacy,Corniche,"Adnoc  Onshore,Khalidiya Abudhabi",26018587
Adnoc Technical Institute Pharmacy,AUH,Pharmacy,Airport Road,International Airport Road - Abu Dhabi,26022837
Al Abeer Pharmacy Llc,AUH,Pharmacy,Madinat Zayed,"Al Raha Building Next To Adnoc Petrol Station Hamdan Street Delma Street Madinat Zayed Area, Abu Dhabi",26330440
Al Afdal Pharmacy,AUH,Pharmacy,Electra Street,"Plot # C7, Shop No# 5, Sector E-13, Tourist Club Area, Mina Street Abu Dhabi.Uae",26334277
Al Dabbayia Pharmacy,AUH,Pharmacy,onshore,"Al Dhafra ,Western Region,Onshore Abudhabi",26034222
Al Furqan Pharmacy-Auh,AUH,Pharmacy,AL MAFRAQ WORKERS CITY 2,"Al Fuqan Pharmacy, Mafraq Workers City 2, China Camp, P.O Box 130387, Abu Dhabi.",26440077
Al Mafraq Pharmacy,AUH,Pharmacy,Baniyas,"Baladia Souq, Near Hamza Secondary School",25833550
Al Magd Center Pharmacy Llc,AUH,Pharmacy,Saniya,"Building Number 5, Behind Al Masood motors, Saniya",37216406
Al Maqam Pharmacy,AUH,Pharmacy,Town Center,"Hamad Suhail Al Khaili building, Zayed Bin Sultan Street",27681188
Al Marina Pharmacy - Auh,AUH,Pharmacy,Electra Street,"Near Safa Express Supermarket,Electrea Street",26339722
Al Marina Pharmacy Llc Branch 1,AUH,Pharmacy,Musaffah,"Near Desh Bangla Supermarket,M37,Musaffah",25503115
Al Raneen Pharmacy Llc,AUH,Pharmacy,Al Murabba,"Building 241, Zayed Bin Sultan, Al Murabba, P.O ox: 14529, Al Ain, UAE",37655602
Al Rawdha Pharmacy Llc,AUH,Pharmacy,Al Danah,Behind Adnoc-NDC Building - Al Danah - Zone 1 - Abu Dhabi,25505565
Al Salama One Day Surgery Centre Pharmacy - Auh,AUH,Pharmacy,Baniyas,Baniyas - Abu Dhabi,22050366
Al Zia Pharmacy - Mussafah_Auh,AUH,Pharmacy,,"P.O.Box: , , shabiya Khalifa, New Mussafah Sector 12,  P.O.Box:13111, Abu Dhabi",25529220
Alahliya Alain Pharmacy,AUH,Pharmacy,,"SHAIKH SAID BEN TAHNON  GOLD MARKET BUS STATION STREET MAIN ROAD  GOLD SOUQ AL AIN, AUH",37320095
Alahlya Grand Pharmacy,AUH,Pharmacy,,infront SFC Madinat Zayed,24498382
Alasaala Pharmacy,AUH,Pharmacy,,"Aldhafrah school Mussafah 9, Muhammed Bin Zayed City",225595400
Alpha Care Pharmacy Llc,AUH,Pharmacy,Musaffah,Al Firdous center Opposite -AL Fahim Sanayya-M3 Musaffah,25558383
Althakhasysiya Althiqa Pharmacy L.L.C. Ex: Talat Pharmacy,AUH,Pharmacy,Madinat Zayed,"Matam Building, Near to Life Line Hospital, Al Falah Street 9, Al Falah Street, Madinat Zayed",26316477
Althiqa Elite Pharmacy LLC ( Ex. Prime Cure Pharmacy - Sole Propreitorship  LLC),AUH,Pharmacy,Airport Road,"Mezar Salem Besude Wear Mart, Carrefour and Kalyan Silk Airport Road Al Falah Street Abu Dhabi",26342424
Asab Pharmacy,AUH,Pharmacy,onshore,onshore,26034222
Aster Pharmacies Group  Llc- Branch Of Abu Dhabi 2,AUH,Pharmacy,Khalidiya,"Plot C88, Section W9,Ict United Square, Next To Khalidiya Mallmubarak Bin Mohammad Street, Khaldiya, Abu Dhabi",26279989
Aster Pharmacies Group  Llc- Branch Of Abudhabi 1,AUH,Pharmacy,Al Falah,"Al Hamed Building, Al Falah Street, Blue Diamond,  Behind Jumbo Electronics",26437625
Aster Pharmacies Group  Llc- Branch Of Abudhabi 3,AUH,Pharmacy,Hamdan,"Building No. Ec –C-19, Hamdan Street, Near To Lulu International Exchange",26229870
Aster Pharmacies Group L.L.C - Abu Dhabi Branch 15,AUH,Pharmacy,Al Nahyan,"37 Al Rawnaq Street,Mufleh Ayed Hamed Building, Al Nahyan",26431619
Aster Pharmacies Group L.L.C - Abu Dhabi Branch 20,AUH,Pharmacy,BANIYAS,"Thiban Building,  Al TaAtuf Street, Baniyas, P.O Box: 50585, Abu Dhabi, UAE",26355490
Aster Pharmacies Group L.L.C - Branch Of Abu Dhabi 14,AUH,Pharmacy,Al Danah,"721,Al Meraikhi Trading Building, Hamdan Bin Mohammed St, Beside Choithrams Supermarket, Al Danah",26350204
Aster Pharmacies Group L.L.C - Branch Of Abu Dhabi 16,AUH,Pharmacy,Al Ain,"105, Building-PRP74990,Salahuddeen Al Ayoubi St,Central District, Al Ain, Abu Dhabi",37342126
Aster Pharmacies Group L.L.C - Branch Of Abu Dhabi 17,AUH,Pharmacy,ABU DHABI CITY,"FF 123, Dalma Mall, Al Wazn St, Abu Dhabi Industrial City, ICAD I, Abu Dhabi",25620147
Aster Pharmacies Group L.L.C - Branch Of Abu Dhabi 18,AUH,Pharmacy,Khalifa City,"Building C54, Southeast-Khalifa City, Khalifa City, Al Mireef Street, Sector SE45, Abu Dhabi, UAE",25845609
Aster Pharmacies Group L.L.C - Branch Of Abu Dhabi 19,AUH,Pharmacy,New Shahama,"Building-4968, Al-Taghrouda Street, P.O Box: 50585, Abu Dhabi, UAE",25837390
Aster Pharmacies Group L.L.C - Branch Of Abu Dhabi 21,AUH,Pharmacy,Al Raha,"Building-P-2629,  Al Raha Beach West, P.O Box: 50585, Abu Dhabi, UAE",28846576
Aster Pharmacies Group L.L.C (Branch Of Dubai) Branch Of Abu Dhabi 12,AUH,Pharmacy,Central District,"Shop N0.118,Plot No-113, Hamama bint Saif Almazrooi's building, Abu Baker Al Siddiq St,opposite Baby Mart Shop, Central District Al Ain",37620142
Aster Pharmacies Group L.L.C Abu Dhabi Branch 11,AUH,Pharmacy,Airport Road,"Shop No.2, Building No.193, next to ADNOC Petrol Station, Sector E 18_01, Airport Road",26274688
Aster Pharmacies Group L.L.C Branch Abu Dhabi 10,AUH,Pharmacy,Electra Street,"Heirs of Darwish Bin Ahmed Building, Shop No:005, Zayed 1st St, Electra Street",28868770
Aster Pharmacies Group L.L.C- Branch Of Abu Dhabi 7,AUH,Pharmacy,Khalidiya,"Al Shaheen Complex , Near Chothram Super market, Khalidiya",26395140
Aster Pharmacies Group L.L.C- Branch Of Abu Dhabi 8,AUH,Pharmacy,Electra,"Canon Building, Electra Street, Next To Cbi Bank Building",26711831
Aster Pharmacies Group L.L.C Branch Of Abu Dhabi 9,AUH,Pharmacy,Muroor road,"Shop 2, Building 139, Al wathiq street, Sultan bin zayed the first , Beside zehrat lebanon, Muroor road",28869464
Aster Pharmacies Group Llc Branch Abudhabi 13,AUH,Pharmacy,Al Falah Street,"Shop No-3,C57, Darwish Bin Ahmed Building, Al Falah Street, Al Dana east , Beside Taha Medical Center, Abu Dhabi, UAE",25858396
Aster Pharmacies Group Llc Branch Of Abu Dhabi 4,AUH,Pharmacy,Defense Road Deyyar,"Shop No 7&8,Bodebis Building ,Defense Road, Deyyar",24478482
Aster Pharmacies Group Llc- Branch Of Abu Dhabi 6,AUH,Pharmacy,Musaffah,"Shabiya#10, Near To Joy Alukas Jewelry, Musaffah",25502429
Aster Pharmacies Group Llc-Branch Of Abu Dhabi 5,AUH,Pharmacy,Electra,"Building No 7, Zayed Street, Electra",24489240
B F Pharmacy,AUH,Pharmacy,Al Ain,"14th street, Saniya,P.O Box: 8888, Al Ain, UAE",37532777
Bab Al Madina Pharmacy,AUH,Pharmacy,Musaffah,"M-26, Mussafah, Shop No. 06, Near Grand Mosque, Abu Dhabi - Uae",26422464
Bareen Pharmacy,AUH,Pharmacy,Mohammad Bin Zayed Area,"Near Fatema Bent Mubark Mousque, Hamdan Street, Muroor Road, Mohammad Bin Zayed Area",25545555
Better Life Pharmacy Llc-Branch 1,AUH,Pharmacy,Corniche Road,"Better Life Pharmacy, Corniche Road, P.O. Box - 2419",26222230
Black Falcon Pharmacy,AUH,Pharmacy,Ghayathi Industrial,"Bin Asheer Building, Ghayathi New Industrial Area, Abu Dhabi, UAE PO Box 38542",26500485
Blue Ocean Pharmacy,AUH,Pharmacy,Mohamed Bin Zayed Street,Musaffah Shabiya -Me10 -Mohamed Bin Zayed City,25532323
Buhasa Pharmacy,AUH,Pharmacy,Al Dhafrah,"Al Dhafra ,Western Region,Onshore Abudhabi",26035272
Burjeel Al Reem Pharmacy Llc,AUH,Pharmacy,Musaffah,"Burjeel Day Surgery Center  - Gate And Arc Towers, R1-01 + Rg-01, Boutik Mall",80055
Burjeel Pharmacy Al Marina Llc,AUH,Pharmacy,Corniche,"P3 Marina Mall, Corniche Road, Abu Dhabi, Uae",80055
Burjeel Pharmacy L.L.C – Branch 10,AUH,Pharmacy,Deer Fields,"Deerfields, Mezzanine Floor",80055
Burjeel Pharmacy L.L.C – Branch 11,AUH,Pharmacy,Khalifa City,"Khalifa City,Plot Number C6,Unit Number Dukan-04, Abudhabi,Uae-73048",80055
Burjeel Pharmacy L.L.C – Branch 12,AUH,Pharmacy,Al Raha,Shop Nember Rtl-G-B1 Sector R 1 (Al Raha Beach Al Zeina Rbw2,80055
Burjeel Pharmacy Llc Branch 1 Ex: Medicine Shoppe Pharmacy Llc,AUH,Pharmacy,Musaffah,"Shabia-9, Near Llh Medical Centre-Musaffah, Abu Dhabi, Uae",80055
Care Hospital Pharmacy,AUH,Pharmacy,Al Jahili,Al Ain,27552291
Daar Al Misbah Pharmacy,AUH,Pharmacy,Musaffah,"Musafah- Sanayya , M11, Auh -Uae",25535544
Dar Al Shifa Pharmacy - Auh,AUH,Pharmacy,Al Dhafra,"Najda Street, Abu Dhabi, Uae",26900900
Dar Al Shifaa Pharmacy Llc Branch 2,AUH,Pharmacy,Mussafah,Dalma Mall - Mussafah City,26900900
Das Medical Center Pharmacy,AUH,Pharmacy,Al Dhafrah,Off Shore Abudhabi,26063300
Drops Pharmacy Abu Dhabi,AUH,Pharmacy,Yaher,Yaher -Hamad Nuamai Building,37532705
Drops Pharmacy Branch 1,AUH,Pharmacy,Khalifa 38,Khalifa 38 - Earth Super Market,28869114
Drops Pharmacy Branch 2,AUH,Pharmacy,MBZ 12,Mbz 12 Earth Super Market,28868599
Drops Pharmacy Branch 3,AUH,Pharmacy,MBZ 3,Mbz 3 Earth Super Market,26450569
Drops Pharmacy Branch 4,AUH,Pharmacy,Tiwayah,Tiwayah - Earth Super Market,37544694
DUO PRIME CARE PHARMACY -L.L.C-S.P.C,AUH,Pharmacy,Musaffah,"Musaffah M4, Plot Number 11, street no. 4, Abu Dhabi, UAE. P. O Box- 92638",25828139
Excellent Pharmacy L.L.C,AUH,Pharmacy,Al Mafraq,"Sawaeed Residential Compound,Worker City 2,Al Mafraq Abu Dhabi",25544469
Family Pharmacy Llc,AUH,Pharmacy,Madinat Zayed,Abu Dhabi - Madinat Zayed Street - Building: Sons of the late Hamad Muhammad Ali Al-Yabhouni Al Dhaheri,26317417
Farmacia Home Healthcare Pharmacy - Auh,AUH,Pharmacy,Musaffah,"Safeermall, Mussafah",25529395
Giant Pharmacy L.L.C,AUH,Pharmacy,Musaffah 17,"Musaffah 17, near Shati al madina – Musaffah, P.O. Box 90862, Abu Dhabi",25517211
Golden Choice Pharmacy,AUH,Pharmacy,Musaffah,"Musafah- Sanayya , M10, Auh -Uae",25535544
Golden Life Pharmacy (Llc),AUH,Pharmacy,Yas Island,Inside Yas Mall Abu Dhabi,45610000
Green City Pharmacy Llc,AUH,Pharmacy,Town Center,"Zayed Bin Sultan Street, Near Hayath Centre Al Ain",37515888
Green Hills Pharmacy,AUH,Pharmacy,Baniyas,"Mohamad Bin Zayed City ,M 11 , Buiding 150 Shop 1",26785577
Habshan Pharmacy,AUH,Pharmacy,Al Dhafrah,"Al Dhafra ,Western Region,Onshore Abudhabi",24489336
Hameem Pharmacy,AUH,Pharmacy,Salam Street,"Musafah- Sanayya , M6, Auh -Uae",25535544
Health First Pharmacy - Branch 10,AUH,Pharmacy,Mussafah,"Npcc - Mussafah West 5 (Mw5), Sector No. 15A, Abu Dhabi",25549055; 25588006
Health First Pharmacy - Branch 12,AUH,Pharmacy,Al Falah,"Shop No : G12,Alfalah Village 1,Alfalah City,Abudhabi",26746989; 26793939
Health First Pharmacy - Branch 13,AUH,Pharmacy,Al Bahia,"Shop No: 417, 4Th Floor,Deerfields Mall,Albahia,Abudhabi",25646364
Health First Pharmacy Branch 1 Ex: Health First National Pharmacy,AUH,Pharmacy,Al Ain,"Al Muhairi Group Building,Shop No 4,Central District,Town Center,Main Street, Near (Snow White),Al Ain",37662131; 37679905
Health First Pharmacy Branch 11 Ex: Health First Alain Pharmacy,AUH,Pharmacy,Al Bateen,"Souq Extra Mall,Ground Floor,Shop No 10, Al Bateen 1,Al Bateen,Alain",37804288; 37820779
Health First Pharmacy Branch 14,AUH,Pharmacy,Zayed Bin Sulthan Street,"Shop No F14,Zayed Bin Sulthan Street,Zahir 4,Barari Outlet Mall, Al Ain",37675176; 37611163
Health First Pharmacy Branch 15,AUH,Pharmacy,Khalidiya,"Shop No 91,First Floor,Bawabat Al Sharq Mall,Baniyas East,5Th Street,Near Baniyas Police Station,Abu Dhabi",25851992
Health First Pharmacy Branch 18,AUH,Pharmacy,Rahba City,"Alrahba Hospital,Al Shahama,Rahba City, Abu Dhabi",25643948; 25643978
Health First Pharmacy Branch 2 Ex: Al Wathbah Pharmacy,AUH,Pharmacy,Baniyas,"Zayed Kamshan Almansouri Heirs Building,Baniyas East 9,Beside Cooperative Society,Baniyas Street, Abudhabi",25834451; 25834754
Health First Pharmacy Branch 3 Ex: Health First Aljazeera Pharmacy,AUH,Pharmacy,Musaffah,"Mohamed Aman Hussein Ali Khouri Building, Commercial Mussafah East  ( 10 ),Musaffah, Abu Dhabi",25527070; 25520590
Health First Pharmacy Branch 4 Ex: Health First Royal Pharmacy,AUH,Pharmacy,Al Khalidya,"Khaledia, Behind Choithram",26666427
Health First Pharmacy Branch 5 Ex: Health First Alsadiq Pharmacy,AUH,Pharmacy,Musaffah,"Rashid Darweesh Alhosany Bldg,Shop No 2,Commercial Mussafah East 11,44Th Street,Mussafah, Abu Dhabi",25530036; 25531898
Health First Pharmacy Branch 6 Ex: Health First Joudy Pharmacy,AUH,Pharmacy,Al Khalidia,"Behind Lebanese Restaurant, Al Khalidia St.",26668798; 26655821
Health First Pharmacy Branch 7 Ex: Elite Modern Pharmacy,AUH,Pharmacy,Airport Road,"1St Floor,Inside Carrefour,Airport Road,Saqar Hypermarket,Abu Dhabi",24494209; 24434419
Health First Pharmacy Branch 8 Ex: New Al Watihbah Pharmacy,AUH,Pharmacy,Baniyas,Baniyas St. Beside Commercial Bank Ad,25822180; 25854714
Health First Pharmacy Branch 9 Ex: Health First Planet Pharmacy,AUH,Pharmacy,Al Raha,"Shop Sg-02, Al Bandar Building, Al Raha Beach, Abu Dhabi",25577611; 25563703
Healthline Pharmacy Madinat Alryadh Branch,AUH,Pharmacy,"Shamka, Abu Dhabi","Healthline Pharmacy, Healthline Medical Center Building, Al Riyad City, Shamka, Abudhabi",25668600
Hope Pharmacy Lllc,AUH,Pharmacy,Al Mafraq,"Gcc New Office Building, Plot No:384 / Building  Mafraq Worker City 1Al Mafraq Industrial Area - Abu Dhabi.",25552687
Ibn Rushd Pharmacy Llc,AUH,Pharmacy,Al Nahyan,"Bldg. 3, Sheikh Rashid Road, Al Nahyan Zone 1, Abu Dhabi, UAE",24457727
Ibn Sina Pharmacy Llc Branch 12,AUH,Pharmacy,Al Reem Island,Ground Floor Paragon Bay Mall - Ae-Az,26585203
Ibn Sina Pharmacy Llc Branch 16,AUH,Pharmacy,Al Marakib St,36 Al Marakib St - Zone 1E5 - Zone 1 - Abu Dhabi,25864016
Ibn Sina Pharmacy Llc Branch 17,AUH,Pharmacy,Al Falah,15 Qasdah St - Al Falah - Abu Dhabi,25669135
Ibn Sina Pharmacy Llc Branch 7,AUH,Pharmacy,Baniyas East,"Ground Floor, Bawabat Al Sharq Mall, Street 6 - Bani Yas - Baniyas East - Abu Dhabi",25868724
Ibn Sina Pharmacy Llc Branch 8,AUH,Pharmacy,Zayed The First St,Spar Super Market Building Al Ahlia Tower - Zayed The First St - Abu Dhabi,26395246
Ibn Sina Pharmacy Llc Branch Al Musafah,AUH,Pharmacy,Musafah,"Plot No. 71, St 7, Zone 6 - Abu Dhabi",25550302
Ibn Sina Pharmacy Llc Branch Global Care,AUH,Pharmacy,Al Manhal,Building 419 - West 14-1 - Al Manhal - Abu Dhabi,28105952
Ibn Sina Pharmacy Llc Branch  Al Corniche,AUH,Pharmacy,Al Corniche,42 Al Hatl St - Al Bateenw10 - W10 - Abu Dhabi,26210405
Inpatient Pharmacy - Sheikh Tahnoon Bin Mohammed Medical City,AUH,Pharmacy,Surour St AL MU'TARID,"STMC Hospital, Al Ain, UAE, 6, As Surour St, AL MU'TARID, Al Ain, 30023",24102000
Khalidiya Lulu Pharmacy Llc - Branch 2,AUH,Pharmacy,Saadiyat Area,"Hidd Al Saadiyat Rd,Near Lulu Express, Abu Dhabi, UAE",25467085
Knights Pharmacy,AUH,Pharmacy,Electra Street,"Adam And Eve Medical Center,01 Floor ,Pink Building,Near Royal Rose Hotel,Electra Street,Abudhabi",26767966
Knights Pharmacy - Llc - Khalifa Branch,AUH,Pharmacy,Electra Street,"Adam And Eve Medical Center, 01 Floor, Pink Building, near Royal Rose Hotel, Electra Street",26219996
La Fami Pharmacy L.L.C,AUH,Pharmacy,Wadi Al Ain,80 Al Kawakib 7 St - Al Noud - Wadi Al Ain 1 - Abu Dhabi,37221136
Life Care International Pharmacy L.L.C,AUH,Pharmacy,Deer Fields,"Al Wathba Razeen Labor City, Abu Dhabi",80055
Life Pharmacy L.L.C - Branch Of Abu Dhabi 130,AUH,Pharmacy,Al Shahamah,"Shop No #1, Al Shahamah",25610000
Life Pharmacy L.L.C - Branch Of Abu Dhabi 133,AUH,Pharmacy,Gardenia Building,"Plot No#C99,Shop No#2,Al Muntazah,Gardenia Building",25610000
Life Pharmacy L.L.C - Branch Of Abu Dhabi 134,AUH,Pharmacy,Mussafah Me10,"Shop No#1,C50 Building,Mussafah Me10",25610000
Life Pharmacy L.L.C - Branch Of Abu Dhabi 136,AUH,Pharmacy,Al Rahba,"Adnoc 165, Adnoc Service Station, Al Rahba, Abu Dhabi",25610000
Life Pharmacy L.L.C - Branch Of Abu Dhabi 148,AUH,Pharmacy,Al Hafiz,"Shop No#1,Aya Building,Al Nahyan,Al Hafiz Street",25610000
Life Pharmacy L.L.C - Branch Of Abu Dhabi 150,AUH,Pharmacy,Abu Dhabi,"Mushrif Mall, Abu Dhabi",25610000
Life Pharmacy L.L.C - Branch Of Abu Dhabi 155,AUH,Pharmacy,Ain Tower,"Shop No#2,Al Ain Tower",35610000
Life Pharmacy L.L.C - Branch Of Abu Dhabi 156,AUH,Pharmacy,"Dhabi,Uae","Unit No#L1-0005,World Trade Centre Mall,Al Danah,Abu Dhabi,Uae",25610000
Life Pharmacy L.L.C - Branch Of Abu Dhabi 164,AUH,Pharmacy,Reem Island,"G03-R03, Building C11, Rt3, Sigma Tower,City Of Lights, Reem Island",25610000
Life Pharmacy L.L.C - Branch Of Abu Dhabi 18,AUH,Pharmacy,Trade Centre,"Unit No#G055,Central Market Souk,World Trade Centre",25610000
Life Pharmacy Llc  -  Branch Of Abu Dhabi 172,AUH,Pharmacy,Al Zafranah,"Shop No 1, Al Hadh Street, Hadbat Al Zafranah, Abu Dhabi",25610000
Life Pharmacy Llc - Branch Of Abu Dhabi 122,AUH,Pharmacy,Gold Centre,"1St Floor,Madinat Zayed Shopping Centre & Gold Centre",25610000
Life Pharmacy Llc - Branch Of Abu Dhabi 127,AUH,Pharmacy,Al Falah Street,"Shop No#7, Al Falah Street",25610000
Life Pharmacy Llc - Branch Of Abu Dhabi 17,AUH,Pharmacy,Mussafah Me 10,"Unit No: 3 In P/704 Building, Mussafah Me 10",25610000
Life Pharmacy Llc - Branch Of Abu Dhabi 19,AUH,Pharmacy,Al Raha,"Al Raha Beach, Abu Dhabi",25610000
Life Pharmacy Llc Br 15 Br Of Abu Dhabi 76,AUH,Pharmacy,Town Center,"Shop No: 01, 02, & 03, C10 Building",25610000
Life Pharmacy Llc Br 24 Br Of Abu Dhabi 80,AUH,Pharmacy,Town Center,"Shop No 1,Plot C161,Sector Me-9,Abdulla Ali Yateem Bilding,Old Royal Bite",25610000
Life Pharmacy Llc Br 27 Br Of Abu Dhabi 87,AUH,Pharmacy,Town Center,"Shop No: Ff027, 028 & Ff Ds07 B",25610000
Life Pharmacy Llc Br 28 Br Of Abu Dhabi 88,AUH,Pharmacy,Al Falah,"Shop No: 11, Al Waha Mall Al Falah Street - Abu Obaida Bin Al Jarrah Street",25610000
Life Pharmacy Llc Br 32 Br Of Abu Dhabi 92,AUH,Pharmacy,Navy Gate Area,"C-20 Building (Middle East Optical Building), Navy Gate Area",25610000
Life Pharmacy Llc Br 33 Br Of Abu Dhabi 93,AUH,Pharmacy,Mussaffah 9,"C172 Building ( P/1236 Adcp),Shop No 7&8,Me 9 Mussafah",25610000
Life Pharmacy Llc Br 40 Br Of Abu Dhabi 97,AUH,Pharmacy,Al Nahyan,"Al Nahyan, Oasis Super Market",25610000
Life Pharmacy Llc Br 46 Br Of Abu Dhabi 99,AUH,Pharmacy,Muroor Complex,"Shop No Mu 06,Muroor Complex,Al Saadah",25610000
Life Pharmacy Llc Br 49 Br Of Abu Dhabi 101,AUH,Pharmacy,Town Center,"Shop No: 07, Abu Dhabi Cooperative Society",25610000
Life Pharmacy Llc Br 50 Br Abu Dhabi 102,AUH,Pharmacy,Al Dhaid Street,"First Floor,Plot No C1,Shop No#7,Sector Mq8,Al Dhaid Street,Rabdan Mall",25610000
Life Pharmacy Llc Br 51 Br Of Abu Dhabi 103,AUH,Pharmacy,Al Nahyan,"C88 Building, Aradah Street, Al Nahyan",25610000
Life Pharmacy Llc Br 53 Br Of Abu Dhabi 1,AUH,Pharmacy,Al Raha Beach,"Shop No 2,C13 Building,Zeina Community,Al Raha Beach",25610000
Life Pharmacy Llc Br 54 Br Of Abu Dhabi 108,AUH,Pharmacy,Mushrif Mall,"Unit No#248 & 249 A,Second Floor,Mushrif Mall",25610000
Life Pharmacy Llc Br 56 Br Of Abu Dhabi 112,AUH,Pharmacy,Souq Street,"Shop No#2&3,Souk Street,Al Shahama Street",25610000
Life Pharmacy Llc Br 57 Br Of Abu Dhabi 114,AUH,Pharmacy,Tourist Club,"Shop No#4,C15,Al Zahiya,Tourist Club",25610000
Life Pharmacy Llc Br 58 Br Of Abu Dhabi 115,AUH,Pharmacy,Mazyad Mall,"Unit No G25,Ground Floor,Mazyad Mall",25610000
Life Pharmacy Llc Br 61 Br Of Abu Dhabi 118,AUH,Pharmacy,Town Center,"Shop No: 01, Mubarak Al Khaily Al Hawash Building, Town Center",25610000
Life Pharmacy Llc Br Abu Dhabi 11,AUH,Pharmacy,Khalidiya,"Shop No 1 ,Baniyas Tower,  Khalidiya Area",25610000
Life Pharmacy Llc Br Of Abu Dhabi 123,AUH,Pharmacy,Al Yahar Mall,"Showroom 01, Plot No: 64, Near Al Yahar Mall, Al Aamerah St",25610000
Life Pharmacy Llc Br Of Abu Dhabi 124,AUH,Pharmacy,Najda Street,"Plot No: P2, Shop No: M24, Mezzanine Floor, Saeed Bin Ahmed Al Otaiba Street (Najda Street)",25610000
Life Pharmacy Llc Branch 10  Branch Of Abu Dhabi 53,AUH,Pharmacy,Abu Dhabi,"Shop No: 2, Plot C22, Darwish Bin Ahmed Bldg, Electra St, Abu Dhabi, UAE",25610000
Life Pharmacy Llc Branch 12  Branch Of Abu Dhabi 55,AUH,Pharmacy,Abu Dhabi,"G02, MURAIJEB TOWER, PLOT C 12, HAMDAN STREET",25610000
Life Pharmacy Llc Branch 135 - Branch - Branch Of Abu Dhabi 1,AUH,Pharmacy,Al Hisn,"Unit No: 2 In Fatima Bin Darwish Building, Al Hisn",25610000
Life Pharmacy Llc Branch 141 - Branch Of Abu Dhabi 140,AUH,Pharmacy,Tourist Club,"C 41 Building ,Adcp P1751,Al Mawakib,Tourist Club",25610000
Life Pharmacy Llc Branch 16  Branch Of Abu Dhabi 77,AUH,Pharmacy,Abu Dhabi,"Al Nahyan,P 178 ,ABU DHABI,UAE",25610000
Life Pharmacy Llc Branch 17  Branch Of Abu Dhabi 63,AUH,Pharmacy,Abu Dhabi,"GF Shop 01, Plot C 29-C 42, Al Jimi Avenue, Al Bateena Area,Abu Dhabi,UAE",25610000
Life Pharmacy Llc Branch 18 Branch Of Abudhabi 64,AUH,Pharmacy,Abu Dhabi,"Shop RG-004, Al Rayyana Centre,Abu Dhabi,UAE",25610000
Life Pharmacy Llc Branch 19 Branch Of Abudhabi 65,AUH,Pharmacy,Abu Dhabi,"Shop No#01,ADCP Building P/1135,Al Salam St,Al Zahiya,Abu Dhabi,UAE",25610000
Life Pharmacy Llc Branch 21,AUH,Pharmacy,Abu Dhabi,"SHOP NO#01,ADCP BUILDING P/1370,FARAH TOWER",25610000
Life Pharmacy Llc Branch 25  Branch Of Abudhabi 85,AUH,Pharmacy,Al Ain,"AL NEYADI BUILDING,TOWN CENTER,  CENTRAL DISTRICT",35610000
Life Pharmacy Llc Branch 26  Branch Of Abu Dhabi 86,AUH,Pharmacy,Al Ain,"Al Ain Mall,Ground Floor,Shop No#G144,Abu Dhabi,UAE",35610000
Life Pharmacy Llc Branch 31 Branch Of 6 Branch Of Abu Dhabi 12,AUH,Pharmacy,Abu Dhabi,"Unit no. G124, Madinat Zayed Shopping Center",25610000
Life Pharmacy Llc Branch 34  Branch Of Abu Dhabi 57,AUH,Pharmacy,Al Ain,"Shop # G004, Ground Floor, Al Ain Mall, Al Ain",35610000
Life Pharmacy Llc Branch 35  Branch Of Abu Dhabi 58,AUH,Pharmacy,Al Ain,"Al Ain Mall,Second Floor,Shop No#S022,Abu Dhabi,UAE",35610000
Life Pharmacy Llc Branch 36 Branch Of Abu Dhabi 17,AUH,Pharmacy,Abu Dhabi,"Unit No: 1, View Tower, Abu Dhabi",25610000
Life Pharmacy Llc Branch 37 Branch Of Abu Dhabi 18,AUH,Pharmacy,Abu Dhabi,"Unit No: 3 &4, Mermaid Tower, Khalidiya",25610000
Life Pharmacy Llc Branch 38  Branch Of Abudhabi 95,AUH,Pharmacy,Al Ain,"SHOP NO: 03, PROPERTY NO: 136, KHALIFA BIN ZAYED STREET,",35610000
Life Pharmacy Llc Branch 39  Branch Of Abudhabi 96,AUH,Pharmacy,Abu Dhabi,"Shop No. 14, Bait Al Sanan, Hamdan Main Street,Abu Dhabi,UAE",35610000
Life Pharmacy Llc Branch 41  Branch Of Abu Dhabi 104,AUH,Pharmacy,Al Ain,"Inside Carrefour , Al Jimi Mall, Al Ain, UAE",35610000
Life Pharmacy Llc Branch 42 Branch Of Abu Dhabi 24,AUH,Pharmacy,Abu Dhabi,"Shop 2, ADNOC Service Station, Officer City 950, Rabdan,",25610000
Life Pharmacy Llc Branch 43 Branch Of Abu Dhabi 25,AUH,Pharmacy,Abu Dhabi,"Unit No: DT-R3, Al Reef 1 Community Retail Area, Al Reef Down Town",25610000
Life Pharmacy Llc Branch 44 Branch Of Abu Dhabi 37,AUH,Pharmacy,Abu Dhabi,"Shop 01, Plot C-12, Building No: 266, Al Zahiyah (Moda Khassa)",25610000
Life Pharmacy Llc Branch 47 Branch Of Abu Dhabi 29,AUH,Pharmacy,Abu Dhabi,"Showroom 1, Sea Face Tower, Al Reem Island",25610000
Life Pharmacy Llc Branch 52  Branch Of Abudhabi 105,AUH,Pharmacy,Al Ain,"Inside Carrefour , Bawadi Mall, Al Ain, UAE",35610000
Life Pharmacy Llc Branch 55 - Branch Of Abudhabi 111,AUH,Pharmacy,Abu Dhabi 22217,"65, Hatta St, Al Danah, Abu Dhabi 22217",25610000
Life Pharmacy Llc Branch 62 - Branch Of Abudhabi 119,AUH,Pharmacy,Al Danah,"Shop No#2,C57,Hazza Al Mansoori Building,Al Danah",25610000
Life Pharmacy Llc Branch Of Abu Dhabi 1,AUH,Pharmacy,Abu Dhabi,"Shop: S 002, Meena Area, Plot No: C 51, Silverwave Tower",25610000
Life Pharmacy Llc Branch Of Abu Dhabi 33,AUH,Pharmacy,Abu Dhabi,"Shop No. B08/09- Basement floor, Opposite to Carrefour Hypermarket,",25610000
Life Pharmacy Llc Branch Of Abu Dhabi 5,AUH,Pharmacy,Abu Dhabi,"Shop No: 2/G02, W 14-2 Building, Plot C 17, Al Ghaith Holding Tower,",25610000
Life Pharmacy Llc Branch Of Abu Dhabi 9,AUH,Pharmacy,Abu Dhabi,"Sheikha Salama Building, Shop 01,Plot C-79, Building No: P/52, near Emirates Discount Market",25610000
Life Pharmacy Llc Branch Of Abudhabi 7,AUH,Pharmacy,Abu Dhabi,"Retail 03, Plot C-111, Ground Floor, Bloom Gardens, Retails B,Abu Dhabi,UAE",25610000
Life Pharmacy Llc Branch Of Abudhabi 8,AUH,Pharmacy,Abu Dhabi,"UNIT NO#FF05,FIRST FLOOR, ARMED FORCES COOP SOCIETY",25610000
Life Pharmacy Llc Branch Of Dubai Branch Of Abu Dhabi 1,AUH,Pharmacy,Abu Dhabi,"Shop V3B-G-07, Al Falah Village & Neighbourhood Centre,",25610000
Life Pharmacy Llc Branch Of Dubai Branch Of Abu Dhabi 2,AUH,Pharmacy,Abu Dhabi,"Unit No: PR00005-GF-SH2, PR000054-GF-SH5, Al Hamra Building,",25610000
Life Pharmacy Llc  Branch Of Abu Dhabi 14,AUH,Pharmacy,Abu Dhabi,"Shop No: 3, Building B/704, Plot C182, Al Falah Plaza (Former Burger King), Abu Dhabi, UAE",25610000
Life Pharmacy Llc  Branch Of Abu Dhabi 2,AUH,Pharmacy,Abu Dhabi,"Shop M#14, First Floor, Near Green Corner & Rasasi Perfurmes, Mina Center, Al Suhiliyah Street, Al Mina,Abu Dhabi,UAE",25610000
Life Pharmacy Llc  Branch Of Abudhabi 13,AUH,Pharmacy,Abu Dhabi,"SHOP NO: 1, AL BALOUSHI TOWER",25610000
Life Phrmacy Llc  Branch Of Abudhabi 6,AUH,Pharmacy,Abu Dhabi,"SHOP NO#01,C1 BUILDING,KHALIFA CITY",25610000
Llh Pharmacy Al Musaffah Llc,AUH,Pharmacy,Mussafah,"M40, Km Trading Building, Icad, 16 Street
Musaffah.",80055
Llh Pharmacy Llc - Auh,AUH,Pharmacy,Muroor Road,"Marina Plaza, Muroor Road, Abu Dhabi",80055
Lulu Al Ain Pharmacy Llc,AUH,Pharmacy,Al Ain,"Lulu Hypermarket, Saiya, Al Ain",27212330
Lulu Al Ain Pharmacy Llc Branch,AUH,Pharmacy,KUWAITAT,"Lulu Hypermarket, KUWAITAT, AL AIN",27640687
Lulu Alfoah Pharmacy Llc,AUH,Pharmacy,Al Foah,"Al Foah Mall, Al Foah, Al Ain",27843221
Lulu Khalidyah Pharmacy Llc,AUH,Pharmacy,Khalidiyah,"Khalidiyah Mall, Abu Dhabi",26354440
Lulu Raha Pharmacy Branch 1,AUH,Pharmacy,Baniyas Road,"GF, Lulu Hypermarket, Baniyas Road, Abu Dhabi, UAE",25505051
Lulu Raha Pharmacy Llc,AUH,Pharmacy,Al Raha,"Al Raha Mall, Abu Dhabi",565018155
M26 Pharmacy,AUH,Pharmacy,Musafah,"Plot No 94, Near Gujrat restaurant, Musafah 26, Abu Dhabi. UAE. P. O Box- 92552",28867789
Maple Pharmacy,AUH,Pharmacy,SANAIYA,"LEETAGAS BLD, SIHAM 4TH STREET, SANAIYA, AL AIN, ABU DHABI",37344538
Marina Pharmacy Alcorniche Llc,AUH,Pharmacy,Corniche,"Ground flr., Central Market (the souk), Khalifa st., Abu Dhabi",23466889
Max Cure Pharmacy - L.L.C - S.P.C,AUH,Pharmacy,Al Saada,"Dharweesh Tower, Ground Floor, near to the embassy, Juma Bin Kasla Al Rumaithi St, Al Saada, Abu Dhabi",26221102
Maxim Pharmacy,AUH,Pharmacy,Musaffah,"Jumbo Industries , Mussafa-43, Musaffah",25500161
Medi Life Pharmacy,AUH,Pharmacy,Old Airport Road,C3 24_1 Shop No 3 And 4 Old Airport Road Opp. Immigration Bridge Abu Dhabi,24455668
Medline Pharmacy Llc,AUH,Pharmacy,Musaffah,"M26,Industrial Area,Mussafah,Abudhabi",25530577
Medstar Pharmacy Icad Residental Llc,AUH,Pharmacy,Mussafah,"Po Box 106964, Icad Residential City, Mussafah, Abu Dhabi, Near Fresh & More Hypermarket",25845657
Medstar Pharmacy Sanaiya Al Ain Llc,AUH,Pharmacy,New Sanaiya,"Po Box 222766, Al Ain Town Center, Near Taqwa Mosque, Al Ain, Uae",37621007
Millennium Hospital Pharmacy Llc,AUH,Pharmacy,Mussafah,"C 175, ME 9, Shabiyah 9, Mussafah, Abu Dhabi",25649409
Modern Dar Al Shifa Pharmacy - Medshop,AUH,Pharmacy,Nadi Al Syahi,Near Dana Hotel - Abu Dhabi,26446100; 26456335
Modern Dar Al Shifa Pharmacy Llc Mussafah Branch,AUH,Pharmacy,Musaffah,"Industrial Area 9, Musaffah",25561637; 25561638
Moon Light Medical Center Pharmacy Llc,AUH,Pharmacy,Al Ain,"37 Batha Al Hayer,Sanaiya 15 Sanaiya Alain Abu Dhabi",37519966
Mubarak Pharmacy - Aan,AUH,Pharmacy,Old immigration road,"Near K.M. Trading, Old immigration road, AAN",37515992
Mubarak Pharmacy - Branch 1 - Auh,AUH,Pharmacy,Baniyas,"Al Eshoush, Worker City-2,Baniyas",25837796
Nadia Pharmacy Llc - Auh,AUH,Pharmacy,"Salam Street,","Salam Street, behind Dar Al Shifa Hospital, AUH",25584414
Natural Life Pharmacy Llc,AUH,Pharmacy,Dalma Mall,"Dalma Mall, Second Floor, Abu Dhabi",25610000
New Medical Centre Pharmacy Llc-Al Ain,AUH,Pharmacy,Al Mudaredh Area,"Opp. Police Head Quarter, Near Zayed School",37555999
New National Medical Centre Pharmacy,AUH,Pharmacy,Musaffah,"Shabiya, New Musafah M10 St. 1st Floor, New Mussafah",25520110
New National Medical Centre Pharmacy Llc Branch 1,AUH,Pharmacy,Al Madeena Al Sinayah,"Coca Cola Factory, Sector 36, Plot 138, Al Madeena Al Sinayah 2nd Street, Abu Dhabi, UAE PO Box 35361",26282400
New Sadd Maareb Pharmacy - Auh,AUH,Pharmacy,Shahama,"Near to Emirates Transport, Shahama, Abu Dhabi",25633073
Nexthealth Pharmacy Sole Proprietorship Llc,AUH,Pharmacy,Al Dhafra,"201, First Floor, Hameem Mall, Al Dhafrah, Abu Dhabi, UAE",28867332
Noor Al Ahli Pharmacy - Branch 3,AUH,Pharmacy,Hamdan street,"Opp Panorama Bldg, Hamdan, P.O. Box - 2419",26263305
Noor Al Ahli Pharmacy - Branch 4,AUH,Pharmacy,Baniyas Court,"Near Baniyas Court, Baniyas West, P.O. Box - 2419",25668124
Noor Al Ahli Pharmacy - Branch 6,AUH,Pharmacy,Hamdan St,"Atiq Matar Hassan Bldg., Ground Floor, Plot No. C15, Sector : East 6, P.O. Box - 2419",26210524
Noor Al Ahli Pharmacy - Branch 7,AUH,Pharmacy,Hamdan St,"Behind A Block, Opp Du Bldg, Hamdan Street, P.O. Box - 2419",26269545
Noor Alahli Pharmacy - Branch 5,AUH,Pharmacy,Baniyas West,"Baniyas West, Near Dar-Al-Uloom School, P.O. Box - 2419",25831929
Noor Alahli Pharmacy Branch 8,AUH,Pharmacy,Mirfa,"Marfa Souq, Opp Abusaeed Mosque, Mirfa, P.O. Box - 2419",28833443
Outpatient Pharmacy - Sheikh Tahnoon Bin Mohammed Medical City - Rehabilitation Hospital,AUH,Pharmacy,Surour St AL MU'TARID,"STMC Hospital, Al Ain, UAE, 6, As Surour St, AL MU'TARID, Al Ain, 30022",24102000
Outpatient Pharmacy Sheikh Tahnoon Bin Mohammed Medical City,AUH,Pharmacy,Surour St AL MU'TARID,"STMC Hospital, Al Ain, UAE, 6, As Surour St, AL MU'TARID, Al Ain, 30021",24102000
Oxford Pharmacy - Auh,AUH,Pharmacy,Muroor,"Oxford Pharmamcy, Near Lulu Express, B/W 23Rd And 25Th St, Muroor Road, Po Box - 53275",24489191
Pride Pharmacy,AUH,Pharmacy,Sanaiya,"Street No.15,Batha Al Hayer,Sanaiya,Al Ain",37998706
Public Life Pharmacy Llc,AUH,Pharmacy,Al Mafraq,Parco Mall - Al Istinarah St - Jarn Yafour - Al Mafraq Workers City,25850081
Qusahwira Medical Center Pharmacy,AUH,Pharmacy,Al Dhafra Region,"Al Dhafra Region, P.O. Box : 898, Abu Dhabi",26023882
Rafa Pharmacy (Medshop) - (Moopens Group),AUH,Pharmacy,Al Souq,Near Golden Fork Restaurant - Al Ain,37657006
Real 7 Pharmacy Dmcc Branch,AUH,Pharmacy,Masdar City,"Unit No. M032, Ground Floor, My City Centre Masdar, Masdar City, Abu Dhabi – UAE",25610000
Sadd Maareb Medical Center Pharmacy Llc,AUH,Pharmacy,Baniyas East,"Villa 89 baniyas east 7B, Baniyas East, Abu Dhabi, UAE",26760432
Sadd Maareb Pharmacy - Auh,AUH,Pharmacy,Baniyas,"Adnoc Petrol, East 8, Baniyas, Abu Dhabi",25832520
Sahara Pharmacy Llc,AUH,Pharmacy,Mussafah,"ICAD Residential City, Mussafah M44, Abu Dhabi",25556392
Sands Pharmacy,AUH,Pharmacy,Al Falah,Old Passport Road - Al Falah St - Abu Dhabi,26425688
Sas Al Nakhl Pharmacy,AUH,Pharmacy,Umm Al Nar,Adr Refinary  Abudhabi,26022017
Sea City Pharmacy,AUH,Pharmacy,Musaffah,"Musafah- Sanayya , M14, Auh -Uae",25535544
Sea City Pharmacy Musafah,AUH,Pharmacy,Musaffah,"New Shahama Duabi -Mafreq Road, Auh -Uae",25535544
Shamshad Pharmacy,AUH,Pharmacy,Al Ain,"Abdullah Ali marzouk, Safrah 11th, Industrial state, P.O Box: 14253, Al Ain, Abu Dhabi",37532398
Shefaa Al Madeena Pharmacy Llc - Branch Of Abu Dhabi 1,AUH,Pharmacy,Al Khalidiya,"Ground Floor, Bin Butti Building, Al Khalidiya - Abu Dhabi",25837954
Sheikh Khalifa Energy Clinic Pharmacy,AUH,Pharmacy,Corniche,Skec 1 Tower 1 Abudhabi,26022017
Smart Health Pharmacy,AUH,Pharmacy,Al Mafraq,Near Parco Mall Mafreq Industrial Area China Camp Mafreq Abu Dhabi UAE P O Box 92552,25851800
Star Al Ahalia Pharmacy,AUH,Pharmacy,Gayathi City,"Bldg. No:- C76, Near Gayathi Market, Gayathi, P.O. Box - 2419",28744060
Top Care Pharmacy - Branch 1,AUH,Pharmacy,ICAD,"Al  Eskan Al Jamae Building ,
 Shops No. R033– Ground Floor, Mussafah Industrial Area",25500620
Town Life Pharmacy Llc,AUH,Pharmacy,Abu Dhabi Mall,"Unit No, RA 18 (A15), Opp. Abu Dhabi Coop, Ground Floor, Abu Dhabi Mall, Abu Dhabi - UAE",25610000
Ultra Medical Center Pharmacy,AUH,Pharmacy,Al Ain,"VILLA:# 20, Al Jimi Mall, Zayed, Al Awal Street, Hmadan Bin Mohammed Street, Al Jimi",37620055
Unique Al Ahalia Pharmacy - Branch 2,AUH,Pharmacy,Airport Road,"Delma Street, Airport Road, P.O. Box - 2419",26410039
Universe Pharmacy Llc,AUH,Pharmacy,Al Muroor,"Shabia 12, Al Muroor street, Abu Dhabi, UAE",26327992
Vincent Pharmacies-Sole Proprietorship Llc (Ex. Medstar Hamdan Pharmacy Llc),AUH,Pharmacy,Hamdan Street,"Al Humiry Building, Al Rahma Herbal, Hamdan Street, Abu Dhabi, UAE",27119112
Waheedah Pharmacy,AUH,Pharmacy,Passport Road Area,"Abdulla Bin Hader Bldg., Near Habib Bank AG Zurich, Muroor Rd., Al Falah St., Old Passport Rd. Area",26417226
White Pharmacy Llc,AUH,Pharmacy,Al Mussaffa,"Al Nahda Building,M-16 Street, Musaffah, P.O Box: 28999, Abu Dhabi, UAE",25464365
WISH CARE PHARMACY L.L.C,AUH,Pharmacy,8 Industrial Area,"8 Industrial Area, Industrial Area St., P.O Box: 91252",37227544
Zest Wellness Pharmacy Llc - Branch Of Abu Dhabi 1,AUH,Pharmacy,ABU DHABI CITY,"Unit 07 & 08, Waitrose centre, Theyab Bin Eissa st, Khalifa City,SW-3, Abu Dhabi",25653462
Zirku Pharmacy,AUH,Pharmacy,offshore,Off Shore Abudhabi,26056223
Medcart Medical Centre - Sole Proprietorship LLC,AUH,Clinic,Tawazun Industrial Park,Tawazun Industrial Park Al Ajban Industrial Area Abu Dhabi PO Box 136565,24927250
Gems Medical Clinic L.L.C - S.P.C.,AUH,Clinic,Hayath Center Al Ain,Sheikh Hadif Bin Humaid Al Shamsi Building Behing Hayath Center Dimashq StreetTown Center Al Ain PO Box 80637,37855575
Right Choice Medical Center,AUH,Clinic,Industrial Area,"Building # 43, Shop# 32, Musaffah-10, Industrial Area,Abu Dhabi",24917600
Oyoon Lulu Eyexpress Optical L.L.C O.P.C.,AUH,Optical,Al Wahda Mall,Alwahda Mall Sultan Bin Zayed Street PO BOX 4048 Abu Dhabi UAE,24182000
Oyoon Lulu Eyexpress Optical - L.L.C - O.P.C. - Branch,AUH,Optical,WTC,WTC Abu Dhabi,24944000
Oyoon Lulu Eyexpress Optical - L.L.C - O.P.C.- Branch 1,AUH,Optical,Khalidiya Mall,KHALIDIYAH MALL ABU DHABI,24944000
LA ROCHE PHARMACY LLC,AUH,Pharmacy,Al Maiyani St,"AL ZAHIYA KHALIFA RESIDENTIAL COMPLEX B, Al Maiyani St , Abu Dhabi",02-6455899
Medcart Pharmacy-LLC SPC,AUH,Pharmacy,Tawazun Industrial Park,Tawazun Industrial Park Al Ajban Industrial Area Abu Dhabi PO Box 136565,24927204
Fanar Pharmacy Sole Proprietorship LLC Branch,AUH,Pharmacy,Khalifa Street,Heirs Of Ghanim Bin Hamdan Al Falahi Opposite Of Fab Bank Nad Ash Shareeah St Khalifa Street Al Danah ABUDHABI PO Box 107471,24441811
Ideal Pharmacy LLC,AUH,Pharmacy,Mussafa,Al Jimmi Worker Vilage Near Ahalya Exchange Mohammed Bin Khalifa Al Kind Al Hayal Street Mussafah Abudhabi PO Box 47121,25822755
Pharmacy Blue Moon - L.L.C - S.P.C.,AUH,Pharmacy,Saleh Salem Amiri,"Saleh Salem Al Amri, C92 Shop no 5 Spinach Supermarket Aradha Street, Defence Road",24412882
Alain Pharmacy Sole Proprietorship Branch 30,AUH,Pharmacy,Al Saadah Zone,Danat Square Tower B Al Saadah Zone 1 Abu Dhabi PO Box 1667,24944000
Alain Pharmacy- Sole Proprietorship L.L.C.- Branch 18,AUH,Pharmacy,Rabdian,Formerly Abu Dhabi Islamic Bank Rabdan Abu Dhabi PO Box 1667,24944000
Alain Pharmacy Sole Proprietorship Branch 27,AUH,Pharmacy,Al Raha Al Zeina,Al Raha Al Zeina Abu Dhabi PO Box 1667,24944000
Alain Pharmacy - Sole Proprietorship L.L.C.- Branch 11,AUH,Pharmacy,Al Ain Mall,Al Ain Mal Opposite Carrefour Central District Al Ain PO Box 1667,24944000
Alain Pharmacy - Sole Proprietorship L.L.C. - Branch 4,AUH,Pharmacy,Al Mnaizlah Al Ain,Wahat Al Ain Markets Building Al Mnaizlah Al Ain PO Box 1667,24944000
Alain Pharmacy - Sole Proprietorship L.L.C. - Branch 9,AUH,Pharmacy,Al Ain Square,Al Ain Square Al Tiwayya Al Ain PO Box 1667,24944000
Alain Pharmacy - Sole Proprietorship L.L.C. - Branch,AUH,Pharmacy,Al Khabisi Al Ain,Al Ain Coop Building Al Khalidiya Al Ain  PO Box 1667,24944000
Taibah Alain Pharmacy - Sole Proprietorship L.L.C. - Branch,AUH,Pharmacy,Al Maqam,Near Al Maqam School Al Maqam Al Ain PO Box 1667,24944000
Alain Pharmacy Zakher - Sole Proprietorship L.L.C.,AUH,Pharmacy,Al Ain Coop,Al Ain Coop Building Zakher Al Ain PO Box 1667,24944000
Alain Pharmacy - Sole Proprietorship L.L.C. – Branch 25,AUH,Pharmacy,Etihad Plaza Building,Etihad Plaza Building Khalifa City Abu Dhabi PO Box 1667,24944000
Alain Pharmacy - Sole Proprietorship L.L.C. - Branch 6,AUH,Pharmacy,Al Aamerah Al Ain,Near To Souq Extra Al Bateen Al Ain PO Box 1667,24944000
Alain Pharmacy - Sole Proprietorship L.L.C. - Branch 2,AUH,Pharmacy,Al Jimi Al Ain,Aliah Mall Al Yahar south Al Aamerah Al Ain PO Box 1667,24944000
The Heart Medical Center Pharmacy LLC,AUH,Pharmacy,Al Jimi Al Ain,Opposite Al Ain Hospital Al Jimi Al Ain,37511122
Arabian Specialist Medical Center Pharmacy LLC,AUH,Pharmacy,Tawam Ashar Al Ain,Tawam Ashar Al Ain UAE PO BOX 1667,37663111
Salamatk Pharmacy,AUH,Pharmacy,Khalifa City,"Al Mabrook Street, Khalifa City,Abu Dhabi,UAE",25588018
Prestige Pharmacy - L.L.C - S.P.C,AUH,Pharmacy,Al Hisn,"Burj Bin Daghir, Al Hisn W4, Abu Dhabi, UAE",25757030
Baghdad Pharmacy LLC,AUH,Pharmacy,Mbz City,"ADCP Bldg, Malabar Gold,  ME 12 St., MBZ, AUH, UAE",25523040
Al Najah Pharmacy LLC SPC,AUH,Pharmacy,Al Muroor,"Mubarak Khaled Building, Rain Café, Muroor Road, Al Kawr St., Muroor Area, AUH, UAE",26744832
Al Amir Pharmacy LLC,AUH,Pharmacy,Baniyas East,"Al Amir Pharmacy Bldg., Al Sharat Street, Al Sharat Street,Baniyas East,AUH,UAE",25836707
Al Thiqa Al Almyiah Pharmacy - Sole Proprietorship L.L.C. (ex-Urban Shaham Pharmacy - AUH),AUH,Pharmacy,Al Dana,"Building 908 Al Falah St., Al Danah Zone 1, Abu Dhabi, UAE",26338999
Paragon Pharmacy Ltd,AUH,Pharmacy,Al Reem Island,"Shop 2, Al Beed Tower, Al Gouj St. Jazeerat Al Reem, Al Reem Island, AUH, UAE",24480525
Al Burooj Pharmacy - Sole Proprietorship L.L.C. (ex-Al Burooj Pharmacy LLC),AUH,Pharmacy,Mussafah,"Store 18, Plot 190, Street 16, Sector M37, Mussafah, Abu Dhabi, UAE",25545993
Right Choice Health Pharmacy (In House Pharmacy),AUH,Pharmacy,Industrial Area,"Building # 43, Shop# 32, Musaffah-10, Industrial Area,Abu Dhabi",24917599
Access Medical Center (Br Of Dm Healthcare) Llc,AJM,Clinic,Industrial Area 1,"Al Hamrain Souq, Ajman Industrial Area 1,Near Nesto Hypermarket, Ajman Uae",64400500
Ahalia Medical Center,AJM,Clinic,Al Ittihad Street,"Near Emirates Market, Asyad Tower, Al Ittihad Street, Ajman, P.O. Box - 79257",67497557
Ajman Medical Center Llc,AJM,Clinic,New Industrial,"Al Mowehat Round About,New Industrial Area,Al Zahra Building",67430088
Al Dhuha Medical Centre,AJM,Clinic,RUMAILAH,"Alshurafa Tower 1 ,Shikh Rashed Bin Humaid St.,Rumailah,Ajman P.O. Box 2945",67405633
Al Hemaya General Clinic L.L.C,AJM,Clinic,Al Jurf,Near Lulu Exchange Industrial Area 1Al Jurf PO Box15000 Ajman,65225374
Aster Medical Centre Br (Ajman),AJM,Clinic,Nuaimiyah,"Shaikh Khalifa Bin Zayed Street, Ajman Uae",64400500
Aster Specialist Medical Center,AJM,Clinic,Rashidia-3,"Al Manar Tower, Sheikh Rashid Bin Humeed Street, Opp. Honda Showroom, Al Swan, Rashidia-3, Ajman Uae",64400500
Aura Medical Center Llc,AJM,Clinic,Jurf Industrial Zone 2,"Rainbow Building,Jeddah Street,Behind Civil Defence, JURF INDUSTRIAL AREA - 2, Ajman.",65265455
Aura Medical Center Llc,AJM,Clinic,Al Jurf,"Rainbow Building,Jeddah Street,INDUSTRIAL AREA - 2,Ajman",67794914
Cost Care General Clinic,AJM,Clinic,Al Nuaimiya 1,"44, Al Nuaimiya Street, Opposite To Sharjah Co-Op Society - Ajman",65275643
Elaj Medical Centre L.L.C.,AJM,Clinic,Ramilah,"Ramilah 3, Opposite Ajman One Tower, Sheikh Rahid Bin Humaid Street, Ajman, United Arab Emirates",66741888
Khalid Lala Medical Clinic L.L.C,AJM,Clinic,Al Jurf,"Salam Camp Building, Jerf Street, Industrial area-Jerf, Ajman, UAE",67483485
Magenta Health Plus Medical Center L.L.C (Sole Proprietorship),AJM,Clinic,Al Jurf Ind. Area,"Ahmed Abdulla Almehdar Building, Near CHINA MALL AJMAN, Jurf Ind.Area1",47449095
Modern Medical Centre Llc Ex: Metro Medical Centre,AJM,Clinic,Al Jurf-Industrial Area 3,"Tecton Building, Al Jurf-3",67469695
Nmc Medical Centre Ajman Llc,AJM,Clinic,Samha Plaza,"Near Safeer Hypermarket ,Samha Plaza,Opp Al Khor Tower, Rashidiya - Ajman",67147666
Oriana Medical Center L.L.C - (Sole Proprietorship L.L.C),AJM,Clinic,Jurf,"Jurf, Industrial Area 1,Ajman",65198989
Red Maple Medical Center L.L.C. Ex: Medilife Medical Center Llc,AJM,Clinic,Jurf Ind Area 3,"2871, Al Bahya, Al Jurf 3, Ajman, Uae.",67481778
Relief Medical Center Llc,AJM,Clinic,Nakheel 2,"G8, A Block, Sheikh Rashid Bin Humeed St",67483030
Right Health Clinic Jurf Llc,AJM,Clinic,Al Jurf,Po Box 3484 Shop No 1 Jurf Industrial Zone 2 - Ajman,67494969
Right Health Clinic Jurf2 Llc,AJM,Clinic,Jurf Industrial Zone 2,Jurf Industrial Area 2 - Jurf Industrial Area,67404141
Sheikha Clinic LLC,AJM,Clinic,Jurf 2,"Moosa Square Building, Al Jurf 3, P.O Box: 9400, Ajman",67407042
Shifa Al Jazeerah Medical Centre Llc Branch 01,AJM,Clinic,"Jiddah, Ajman","Opposite Lucky Senter, Jurf-1, Jiddah Street, Ajman - UAE",68812681
Shifa Al Jazeerah Medical Centre Llc-Ajm,AJM,Clinic,New Sanaya,"Muhdda Building, Near Nesto Hypermarket, New Sanaya, Ind. Area - 2, Ajman - U A E.",67444830
Tahani Medical Center,AJM,Clinic,Rashidya 1,"Horizon Tower, Flat:1104, Al Etihad Street Rashdiya 1, Ajman, UAE",544340247
Thumbay Clinic Llc Al Rashideya-1,AJM,Clinic,Al Rashideya-1,"Al Rashideya-1, Ajman",67119555
Thumbay Labs Llc,AJM,Clinic,Al Jurf,"Gulf Medical University Building, University Street, al Al Jurf, P.O Box: 4184, Ajman, UAE",67400740
Al Farabi Medical Laboratories Llc,AJM,Dx & Lab,Al Nuaimia,"Flat no 202 ,Sheikh Khalifa Bin Zayed St - 2 Al Nuaimia - Ajman",65270778
Ajman Specialty General Hospital,AJM,Hospital,New Industrial Zone,"New Vegetable Market, Hamedeya St., New Industrial Zone,Ajman",67484999
Amina Hospital,AJM,Hospital,Al Quds,"Amina Hospital Building, Behind Dreamsea Discount Centre, Shaik Rashid Bin Humeed Street,  Al Quds, Ajman",67114444
Thumbay University Hospital Complex - L.L.C.,AJM,Hospital,Al Jurf,"Thumbay University Hospital, Behind Sheikh Khalifa Hospital, University Street, Al Jurf",67431333
Access Pharmacy,AJM,Pharmacy,New Industrial Area,"Haramain Souk,New Industrial Area, Near To Emirates Gas",67462011
Aiwa Pharmacy Llc,AJM,Pharmacy,Rashideya 3,"RASHIEYA 3, SHOP NO. 2, AJMAN",67445575
Aiwa Pharmacy Llc Branch 1,AJM,Pharmacy,Ajman,"Mango Hypermarket Bldg.,Emirates City Mall Ajman",67428300
Ajman Specialty General Hospital Pharmacy,AJM,Pharmacy,Ajman Industrial,"Fruit and Veg Market, Iranian Market, Sheikh Maktoum Bin Rashid Street, Ajman Industrial",67052200
Al Afdhal Pharmacy -Ajman,AJM,Pharmacy,Jurf,"Ajman Market Co-Operative Society,Jurf",67311318
Al Marsa Pharmacy,AJM,Pharmacy,Al Jerf,University Street near Khalifa Hospital Al Jerf Ajman,67473383
Al Najem Pharmacy,AJM,Pharmacy,Ajman  New Industrial Area 2,"Ajman  New Industrial Area 2, Ajman UAE",67468070
Al Raha Pharmacy Llc,AJM,Pharmacy,Industrial Area,"Shop No. 8-9 Dura Bldg. Amman Street,Industrial Area 2, Ajman, UAE",67407560
Alfatah Pharmacy Llc,AJM,Pharmacy,Rawdha - 3,Sheikh Ammar Bin Humaid St - Al Rawda 2 - Ajman,67467975
Amina Hospital Pharmacy Llc,AJM,Pharmacy,Al Quds,"Amina Hospital Building, Behind Dreamsea Discount Centre, Shaik Rashid Bin Humeed Street,  Al Quds, Ajman",67114492
Aster Pharmacy - Ajm,AJM,Pharmacy,Jameya,"Rashidiya, Ajman Cooperative Society, Shop No 1",67496363
Aura Pharmacy Llc,AJM,Pharmacy,Al Jurf,"Rainbow Building,Jeddah Street,INDUSTRIAL AREA - 2,Ajman",67794914
Dajla Pharmacy Llc,AJM,Pharmacy,Nuaima,"Al Nasser Building Opp Sharjah Cooperative, Near Ajman TV Building, Nuaimia, Ajman",67466704
Elaj Medical Centre Pharmacy Llc,AJM,Pharmacy,Rumailah 3,"Ramilah 3, Opposite Ajman One Tower, Sheikh Rahid Bin Humaid Street, Ajman, United Arab Emirates",67466300
Faith Cap 2 Pharmacy Llc,AJM,Pharmacy,Ajman,"Shop No. 1 Al Yasmeen Area, Ajman",67413114
Galaxy Pharmacy Llc,AJM,Pharmacy,Rashideya 1,"Shop No.3 - Horizon Tower D, Sheikh Rashid Bin Abdul Aziz Street - Rashideya 1, Ajman Po Box 4749",67441886
Hala Pharmacy Branch 54,AJM,Pharmacy,Ajman,"Shop No: 4 & 5, Emarats Market,",65610000
Hala Pharmacy Llc Branch 01,AJM,Pharmacy,Ajman City Centre,"Unit No:58, Ground Floor, Entrance D, Ajman City Centre, Ajman , UAE",65610000
Hala Pharmacy Llc Branch 50,AJM,Pharmacy,Ajman,"Plot No: 1133, Marwa Building, Rawda 2, Southern Sector,",65610000
Hala Pharmacy Llc-Branch 49,AJM,Pharmacy,Ajman,"Shop No. 3, Rumaila, Al Shorafa Tower 2, Ajman -UAE",64566737
Health First Pharmacy – Branch 01,AJM,Pharmacy,Rashideya Ajman,"Shop No: 19 & 20,Nesto Hypermarket Mushrif ,Ittihad Street,Rashideya 1,Ajman",67653695
Janah Pharmacy Llc,AJM,Pharmacy,Helio 2,"Sheikh Zayed St, Helio 2, Ajman",65680622
Khalid Lala Pharmacy L.L.C,AJM,Pharmacy,Al Jurf,"Salam Camp Building, Jerf Street, Industrial area-Jerf, Ajman, UAE",67483485
Lana Pharmacy L.L.C,AJM,Pharmacy,Al Muwaihat 1,"PNM Saqar Al Jazeerah Building, Sheikh Ammar Road, Al Muwaihat 1, Ajman",65249922
Life Pharmacy 28 Branch Of Life Pharmacy Llc,AJM,Pharmacy,Ajman,"Shop No. 1 & 2, Shamekha Building, Plot No. 0024,",65610000
Life Pharmacy 32 Branch Of Life Pharmacy Llc,AJM,Pharmacy,Ajman,"Shop GF 5&6, Nesto Hypermarket, Al Tallah",65610000
Life Pharmacy L.L.C - Branch 31,AJM,Pharmacy,"Shop No: 02,03,04,05","Plot# 2378, Shop No: 02,03,04,05",65610000
Life Pharmacy L.L.C - Branch 33,AJM,Pharmacy,Al Hamidiya 1,"Kenz Hypermarket, Sheikh Maktoum Bin Rashid St, Al Hamidiya 1",65610000
Life Pharmacy L.L.C - Branch 36,AJM,Pharmacy,Etihad,"UNIT NO 01,ETIHAD TOWER,AJMAN,UAE",45610000
Life Pharmacy L.L.C - Branch 37,AJM,Pharmacy,Al Jurf,"Unit#G20,Al Jurf Mall,Ajman Cooperative Society, Ajman UAE",45610000
LIFE PHARMACY L.L.C - Branch 43,AJM,Pharmacy,Ajman Corninch,"PLOT NO: 0268, SHOP NO: 25, AJMAN CORNICHE RESIDENCES, RUMAILA 2, AJMAN,UAE",95610000
Life Pharmacy Llc - Branch 29,AJM,Pharmacy,"Al Tallah 2 (Unit Next To Enoc Station),","Enoc Site 1204, Unit 2 (Rest 2), Al Tallah 2 (Unit Next To Enoc Station),",65610000
Life Pharmacy Llc Br 34,AJM,Pharmacy,Rumaila,"Shop No#G07,Ground Floor,Rumaila Branch,Ajman Coop,Ajman",65610000
Life Pharmacy Llc Branch 62,AJM,Pharmacy,Ajman,"Shop No; 1, 2 & 4, Al Aryam Tower, Plot No: 0191,",65610000
Lulu Pharmacy Llc - Ajman,AJM,Pharmacy,Al Nahda,"Lulu Hypermarket , Ajman",67457771
Maple Pharmacy L.L.C. Ex: Medilife Pharmacy Llc,AJM,Pharmacy,Jurf Ind Area 3,"2871, Al Bahya, Al Jurf 3, Ajman, Uae.",67481778
Medi Prime Pharmacy Ajm-Llc,AJM,Pharmacy,Bin Zayed Street,Grand Mall Ajman - Sheikh Khalifa Bin Zayed St - Ajman,67070999
Medicine Home Pharmacy-Ajm,AJM,Pharmacy,Industrial 1,Al Zarah Moehat Round about Al Rawdha Al Salam Industrial 1 AJMAN,67485290
Medicom 27 - Ajm,AJM,Pharmacy,Ajman,"Shop No.1, Abdullah Abu Shihab Building, Sheikh Kaleefa Street",67412013
Medicom Pharmacy 18 (Al Alam Pharmacy),AJM,Pharmacy,Safeer Mall,"Safeer Mall, Ajman",67464665
Medon Pharmacy Llc,AJM,Pharmacy,Al Hamidiya,"Opp: ADNOC Petrol Station, Sheikh Ammar Bin Humaid Street-Al Hamidiya-Ajman",67491188
Medwell Pharmacy Llc,AJM,Pharmacy,Al Nuaimeya,"Al Dhaana Building, Shop 3, Sheikh Khalifa Bin Zayed Streetn Nuaimeya 2, Ajman, UAE",65227112
Metro Pharmacy,AJM,Pharmacy,Al Jurf-Industrial Area 3,Metro Pharmacy Al Jurf Ajman,67469664
Metromeds Pharmacy - Ajman,AJM,Pharmacy,Nuaimia,"Metro Meds Pharmacy, Ground Floor, Bader Bldg, Al Nuaimia Area, Sheilh Khalika Street, Ajman",67469692
Modern Pharmacy - Ajm (Ex.Modern Pharmacy Llc),AJM,Pharmacy,City Centre Shoping Mall,Ajman City Center,67480066
New Grand Pharmacy (Medshop),AJM,Pharmacy,King Faisal Road,"Al Nuaimiyah, King Faisal Road, Ajman",67412588
New Medical Centre Pharmacy Branch,AJM,Pharmacy,Rashidiya 1,"Near Safeer Hypermarket ,Samha Plaza,Opp Al Khor Tower, Rashidiya - Ajman",67147600
Noor Al Shifa Pharmacy,AJM,Pharmacy,Tallah 2 Street,"City Life Mall,Al Tallah 2",67673042
Orchid Alraqayeb Llc Pharmacy-Ajman,AJM,Pharmacy,Ajman,"Ground Floor Shop No. 8 Nesto Hypermarket Al Ragayeb Building,Al Ragayeb 1 Ajman UAE",67432004
Oriana Pharmacy L.L.C - (Sole Proprietorship L.L.C),AJM,Pharmacy,Jurf,"Jurf, Industrial Area 1,Ajman",65198989
Pharmacy Ahalia,AJM,Pharmacy,Al Ittihad Street,"Near Emirates Market, Asyad Tower, Al Ittihad Street, Ajman, P.O. Box - 79257",67679587
Pristine Pharmacy Llc Ajman,AJM,Pharmacy,Al Zaher Street,"Ajman bank Building, Near Ladies Park, Al Zaher Street",67497547
Relief Pharmacy Llc,AJM,Pharmacy,Nakheel 2,"G8, A Block, Sheikh Rashid Bin Humeed St",67483030
Right Health Pharmacy Jurf Llc,AJM,Pharmacy,Al Jurf,Jurf Industrial Area 2,67494969
Right Health Pharmacy Jurf2 Llc,AJM,Pharmacy,Jurf Industrial Zone 2,Jurf Industrial Area 2 - Jurf Industrial Area,67404141
Sabeel Pharmacy Llc,AJM,Pharmacy,Al Zorah,"Flamingo Mall, Al Zorah - Ajman",67794344
Samara Pharmacy Llc,AJM,Pharmacy,,"SHOP NO:36 GROUND FLOOR,Ajman One Tower, Opposite Elaj Medical Centre, Ajman, UAE",67424144
Shams Makkah Pharmacy L.L.C,AJM,Pharmacy,Al Rashidiya 3,"Al Kaja Bulding, Al Quds, Al Rashidiya 3",67445006
Sheikha Pharmacy LLC,AJM,Pharmacy,Jurf 3,"Moosa Square Building, Al Jurf 3, P.O Box: 9400, Ajman",267407042
Shifa Al Jazeerah Centre Pharmacy Llc,AJM,Pharmacy,New Sanaya,"Muhdda Building, Near Nest Hypermarket, New Sanaya, Ind. Area – 2 Ajman",67444830
Shifa Al Jazeerah Centre Pharmacy Llc Branch 01,AJM,Pharmacy,"Jiddah, Ajman","Opposite Lucky Senter, Jurf-1, Jiddah Street, Ajman - UAE",67677511
Thumbay Pharmacy 18,AJM,Pharmacy,Rashideya,"Mohammed Al Kitbi Building Al Ittihad Street Mushrif Commercial Area Rashidiya 1 Ajman, UAE",67119111
Thumbay University Hospital Complex Pharmacy - Llc,AJM,Pharmacy,Al Jurf,"Thumbay University Hospital, Behind Sheikh Khalifa Hospital, University Street, Al Jurf",67431333
Abeer Al Noor Poly Clinic LLC (Branch)-Deira,DXB,Clinic,Murar,"Shop  2;Bu Hussain Bldg,Ground Floor,Doha Street,Al Qusais1",42612248
Abeer Al Noor Polyclinic L.L.C,DXB,Clinic,Al Qusais,"Next to Hayat Al Madina, Doha Road, Al Qusais,  Dubai",42612248
Abeer Al Noor Polyclinic LLC (Branch),DXB,Clinic,Muhaisnah 2,"Suite No.6&31,Ground Floor Musthafa Mall,Algeria Street,Muhaisnah 2",42729966
Abris Medical Centre Llc,DXB,Clinic,Bur Dubai,Al Souq Kabeer Dubai Museum(Opp) Al Fahidi Street Mina Bazar Bur Dubai,43535356
Abro Clinic LLC,DXB,Clinic,Al Nahda 2,AHALI HOUSE C OFFICE 502 PO BOX 20058 AL NADHA 2 DUBAI,43353755
Absolute Wellness Medical Center,DXB,Clinic,Al Quoz,"Salman Ebrahim Commercial Building, Latifa Bint Hamdan, Al Quoz 3, Dubai, UAE, PO Box 183231",48863521
Access Clinic Alqouz Br Of Dm Healthcare,DXB,Clinic,Al Qouz,"Al Arif Building, Near Uae Exchange, Behind Cement Factory, Al Quoz, Dubai Uae",44400500
Access Clinic Burdubai Br Of Dm Healthcare Llc,DXB,Clinic,Burdubai,"Souk Al Kabeer Building, Ground Floor , Next To Bus Station , Budubai, Dubai Uae",44400500
Access Clinic Dic Br Dm Healthcare Llc,DXB,Clinic,Saih Shuaib 2,"First Floor, Shop No 39-42,  Saih Shuaib 2, Al Madeena Hypermarket, Dubai Industrial Park,Dubai Uae",44400500
Access Clinic Dip 2 Br Of Dm Healthcare Llc,DXB,Clinic,Jabel Ali,"Kadris Mall, Ground Floor, Shop No. 7, Dubai Investment Park 2, Jabel Ali, Majelan Al Madeena Supermarket, Dubai Uae",44400500
Access Clinic Dip Br Of Dm Healthcare Llc,DXB,Clinic,Jebel Ali,"Dubai Investment Park 1 ( Dip - 1 )Ramla Mall, Dubai Uae",44400500
Access Clinic Intl. City (Br Of Dm Healthcare),DXB,Clinic,International City,"Morocco Cluster, Building 1 - 11, Shop 11, 18,20 International City, Dubai Uae",44400500
Access Clinic Jafza,DXB,Clinic,JAFZA,"Food Court 3, 1St Floor, Next To Commercial Centre, Jafza, Dubai Uae",44400500
Access Clinic Persia Cluster Br Of Dm Healthcare Llc,DXB,Clinic,International City,"Shop No.10, International City Persia N04 Building, Dubai Uae",44400500
Access Clinic Sonapur,DXB,Clinic,Sonapur,"Sameya Khalifa Mohd Alfuqeai Building, 24Th Street, Muhaisina 2Nd , Sonapur Dubai Uae",44400500
Access Clinic Sonapur 2 Br Of Dm Healthcare Llc,DXB,Clinic,Sonapur,"Dubai Municipality Building, Floor No 1, Shop No 04,  Muhaisina 2, Sonapur, Dubai Uae",44400500
Advanced Care Medical Center (Branch) - Dxb,DXB,Clinic,Jebel Ali,"Shop  : 5, Nassem Al Madi Super Market Buliding,
Phase 2, Dubai Investment Park,
Jebel Ali, Dubai  Uae",44885788
Advanced Care Medical Center L.L.C (Branch),DXB,Clinic,Jebal Ali,"Crown Mall,  Shop No.30,  Jebal Ali, Industrial Area 1, Dubai",43807807
Advanced Care Medical Center Llc  (Branch) Dip,DXB,Clinic,Dubai Investment POark,"Al Madina Hypermarket Building, 44th Street, Dubai Investment Park 1, Dubai, UAE",43463099
Advanced Care Medical Center Llc ( Branch ) - Muhaisnah,DXB,Clinic,Muhaisnah 2,"Shop No : 22, First Floor, Shaklan Hypermarket 2, 32A Street, Near Al Quasis Bus Station 5, Muhaisnah 2, Sonapur,Dubai",42636800
Advanced Care Medical Center Llc (Branch)-Al Quoz,DXB,Clinic,Al Quoz,"Room No - 102, 103 & 104, Fakhruddin Properties Building, Behind National Cement Factory, Industrial Area-3, Al Quoz",43397663
Advanced Care Medical Center Llc (Branch)-Dic,DXB,Clinic,DIC,"Souq Na :4, Shop Number : 4 & 5,
Seihshoweb 4, Labour City 3,
Dubai Industrial City,
Dubai - Uae",48786503
Advanced Care Medical Center Llc Branch Al Qusais,DXB,Clinic,Al Qusais,"Al Fattan Charitable Building,Damascus Street, Al Qusais, Dubai",43709357
Advanced Care Medical Centre - Dxb,DXB,Clinic,Industrial Area-3,"Room No - 102, 103 & 104,
Fakhruddin Properties Building, 
Behind National Cement Factory, 
Industrial Area-3, Al Quoz, Dubai - Uae",43397664
Advanced Care Oncology Center Llc,DXB,Clinic,Jebel Ali,"Al Furjan, Jebel Ali 1, Dubai",45656300
Al Amal Polyclinic,DXB,Clinic,Satwa,"Al Amal Poly Clinic, Med 7 Pharmacy Building Near Emirates Nbd, Satwa",43329833
Al Azhar Clinic 4 Br Of Al Azhar Clinic Llc,DXB,Clinic,Jebel Ali,"XPO Mall, Madinat Hypermarket, Villa 10",43335502
Al Azhar Clinic Branch3,DXB,Clinic,Ras Al Khor,"Po Box 69229, Shop No 13, Vegetable And Fruit Market, Al Aweer, Ras Al Khor, Dubai",42230244
Al Biruni Home Health Care Llc,DXB,Clinic,DIP,Office no 111 CEO BUILDING DIP 1 Dubai,45707515
Al Dia Medical Center L.L.C,DXB,Clinic,Deira,"Near Abubacker Alsiddique Metro station , Hor Al Anz, Deira, Dubai",43203207
Al Falah Medical Clinic L.L.C.,DXB,Clinic,Deira,"Al Abbashi Building,1St Floor Flat No 22, Al Mussala Road Near Naif Signal ,Deira,Dubai ,Uae",42717223
Al Hana Medical Center Llc,DXB,Clinic,Satwa,Flat 108-109 Above Springs Supermarket Behind Satwa Bus Station,43491488
Al Lubnani Medical Center LLC Dubai Branch,DXB,Clinic,Al Garhoud,"Dubai 5th St - Al Garhoud - Dubai, UAE",42288766
Al Mansoor Medical Center (Ex.Dr. Arun Clinic),DXB,Clinic,Bur Dubai,"Flat No 101,Al Moosa Building,Al Musalla Road Bur-Dubai",43554040
Al Noor Polyclinic - Deira,DXB,Clinic,Deira,"1St Floor, Saif Centre, Opp. Al Futtaim Mosque,Naif Road, Deira, Dubai, Uae",42233324
Al Noor Polyclinic - Satwa,DXB,Clinic,Satwa,"Flat 201 Al Bhakitha Bldg.,  Al Hudaiba St., Opp.  Al Maya Supermarket, Dubai, Uae",43498100
Al Noor Polyclinic L.L.C (Branch),DXB,Clinic,Al Muteena,"Ground Floor, Building No. 1084, Shop No.3, PO Box 26160, Masaken Al Muteena Street, Deira,Dubai,UAE",45526101
Al Raas Private Medical Clinic,DXB,Clinic,Karama,"Flat207, Karama Center, Al Karama Dubai Uae",43354041
Al Rashidiya Private Polyclinic,DXB,Clinic,Bur Dubai,"Levels: G, 1 & 2, Rta Car Parking Building، Opp. Ambassador Hotel، Bur Dubai - Dubai",43939383
Al Rashidiyah Al Noor Polyclinic,DXB,Clinic,Rashidiyah,"12 Street,Behind Bin Souqat Center, Al Rashidiya",42862410
Al Rukn Medical Center Llc Dubai Branch,DXB,Clinic,Jebel Ali,"CIG Mall, Opp mango Hyper Market, Industrial Area-1",45548530
Al Shaab Medical Centre,DXB,Clinic,Hor Al Anz,"Opp Talal Supermarket, Near Al Shaab Colony, Hor Al Anz Deira,  Dubai Uae",44400500
Al Shifa International Clinic L.L.C. (Branch),DXB,Clinic,Jebel Ali Industrial,"Jabel Ali Commercial Complex, Near Joseph Industries, 48 Street, Parco Side, Jebel Ali Industrial, P.O. Box 51368,",48800878
Al Soor Medical Clinic Llc,DXB,Clinic,Naif,"Al Haj Nasser Abdullah Anwahi Building, Al Soor Street No.20, Naif Road End, Al Dhagaya, Dubai",42259115
Al Tadawi Medical Centre,DXB,Clinic,Deira,"Al Tadawi Medical Centre-Almasood Tower,Port Saeed Road,Deira Dubai",42038888
Amber - Al Noor Polyclinic - Dxb,DXB,Clinic,Rigga Road,"Rigga Business Center, Ibis Hotel, Rigga Road, Deira, Dubai",42309100
Anaya Medical Center Llc Branch,DXB,Clinic,Jebel Ali,"Shop  18, Mezzanine Floor Floor, Crystal Mall, Hilal Al Madi Hypermarket Jabel Ali  Dubai",42341479
Arin Care Poly Clinic L.L.C,DXB,Clinic,Muhaisnah 4,"Talal Plaza Mall, Mezanine Floor, Muhaisnah 4, Dubai",43952774
Ashokan Medical Clinic - Dxb,DXB,Clinic,Deira,"Near Khalid Masjid,Naif Road,,Deira,Dubai",42730220
Aster Jabel Ali Medical Center,DXB,Clinic,Jebel Ali,"Jebel Ali, Dubai",48841161
Aster Medical Center Ras Al Khor,DXB,Clinic,Ras Al Khor Industrial Area 3,"Near Eppco Petrol Station, Close To Islamic Bank, Al Aweer Road, Ras Al Khore Industrial Area 2, Dubai Uae",44400500
Aster Medical Centre Abu Hail Br Of Dm Healthcare,DXB,Clinic,Hor Al ANZ,"Sheikh Suhail Building, Ground Floor, Shop Number 2, 24 Street, Hor Al Anz East, Dubai Uae",44400500
Aster Medical Centre Al Muhaisnah Br Of Dm,DXB,Clinic,Muhaisnah,"Behind Madeena Mall, Near To Lulu Village, Dubai Uae",44400500
Aster Medical Centre Al Qusais Br Of Dm,DXB,Clinic,Al Qusais 1,"Aqu Building, Sheikh Colony, Near Dafza Metro Station, Dubai Uae",44400500
Aster Medical Centre Dubai Land,DXB,Clinic,Dubai Land,"Skycourts  Tower D, Ground Floor, R 7b, Wadi Al Safa - 5, Dubai Land, Dubai Uae",44400500
Aster Medical Centre Liwan Br Of Dm Healthcare Llc,DXB,Clinic,Liwan,"Binghatti Jewels Building, Liwan community",43092900
"Aster Medical Centre Oud Metha 
(Br Of D M Healthcare LLC)",DXB,Clinic,Oud Metha,"Net.com Building ,Ground Floor, Oud Metha",44400500
Aster Pharmacy 180 And Clinic Br Of Aster Pharmacies Group Llc Express Clinic,DXB,Clinic,JBR,"The Rimal ,Ground floor ,Flat No-173-0 , Next to carrefoure - JBR ,Marsa Duba",44400500
Axon Medica Medical Centre Llc Ex: Orion Family Medical Centre Llc,DXB,Clinic,Jebel Ali,"Building No. 8, Next to Bubbles and Giggles Nursery, Gardens, Jebel Ali",44399904
Axon Medica Polyclinic,DXB,Clinic,Silicon Oasis,"lynx Tower-7,8,9, G-Floor , Silicon Oasis, Dubai ,",43484995
Best Health Medical Center Llc,DXB,Clinic,Al Qusais I,"MOJ Muhaisnah Centre, Muhaisnah - 4, Qusais, Dubai , UAE",42500818
Best Life General Clinic Llc,DXB,Clinic,Sonapur,"Muhaisnah 2 Galadari Building Sanapoor 16 A Street PO Box 264113, Dubai, UAE",48831595
Bluebell Medical Centre,DXB,Clinic,Karama,"3rd Floor, 306 Al Attar Business Centre, near Karama Metro Station, Karama, Dubai",43426565
Bright Care Clinic Llc,DXB,Clinic,Dubai Investment Park,"Aiko Mall, Dubai Investment Park 1, Dubai, UAE, PO Box 392192",48322330
Bright Life Medical Center Llc,DXB,Clinic,DIP-2,"First Floor Pasons Hypermarket, Above Landmark Restaurant, Dubai Investment Park2, U.A.E.",43743388
Care And Cure Medical  Center L.L.C,DXB,Clinic,Al Qouz,"Eiffel Accommodation-2,Office#101&102,Opp.Belhasa Driving School,Behind Al Khail Mall,Al Quoz-3",43333785
Care Blue Clinic Fzco,DXB,Clinic,Jebel Ali,"New West Camp, JAFZA, Mena Jebel Ali, Dubai, UAE",42830080
Cosmopolitan Medical Centre Llc - Branch,DXB,Clinic,Abu Hail,"Mezzanine Floor 01 & 02, Dar Al Wuheida Bldg, Wuheida Road, Abu Hail, Deira",42687272
Docib Clinic Llc Ex: Al Muhaisnah Polyclinic - Muhaisnah – Dxb,DXB,Clinic,Muhaisnah-4,"Lulu Village, Al Muhaisnah-4, Dubai",42544123
Doctors Clinic & Diagnostic Centre Fz-Llc,DXB,Clinic,Dubai Healthcare City,"64 Al Razi Buiding ,Ground Floor,A-Block",44579111
Doha Pharmacy Express Clinic,DXB,Clinic,Shiekh Zayed,"Al Attar Tower, Shk.Zayed Road, Dubai",45610000
Dr. Abdul Latheefs Clinic,DXB,Clinic,Deira,"Inside Of Sabkha Bus Station, Al Nasser Building M Floor Room No: 12",42717901
Dr. Abdulla S Clinic,DXB,Clinic,Al Qusais,"Mona Residence,Amman Street,Opposite Dunes Hotel And Lulu Village ,Al Qusais Industrial Area 5,Dubai",43209412
Dr. Ismail Day Surgical Centre,DXB,Clinic,Karama,"Back Side Of Lulu Hypermarket, 41 Street, Al Karama",43378585
Dr. Ismail Medical Centre,DXB,Clinic,Karama,"Next Karama Bus Station Near Lulu Jypermarket,43 A Street, Al Karama",43376808
Dr. Ismail Medical Centre(Br)- Al Qusais(Sonapur),DXB,Clinic,Sonapur,"Near Feroz Super Market, Near AL Naboodah Camp, Al Muhaisnah-2, (Sonapur), Al Qusais",42646529
Dr. Ismail New Polyclinic,DXB,Clinic,Jebel Ali,Building # 12 Sheikh Zayed Road - Jebel Ali Villagediscovery Gardens - Dubai,44494087
Dr. Ismail Polyclinic (Branch),DXB,Clinic,Gold Souk,"Sherina Plaza,1, Al Corniche Street, Shop no 2,3,4&14,Near Gold Souk Metro Station, Deira, Al Murar, Dubai,  U.A.E, PO Box 504333",42614591
Dr. Ismail Polyclinic Branch,DXB,Clinic,Jebel Ali,Mina Jebel Alijebel Ali Industrial - Dubai,48877750
Dr. Ismail Polyclinic Mall Br Of Dr. Ismail Polyclinic,DXB,Clinic,Jebel Ali,"Shop-22, First Floor, Jebal Ali Gate Mall,Jebel Ali Industrial First Dubai, U.A.E",43474537
Dr. Joseph'S Polyclinic,DXB,Clinic,Karama,"1St & 2Nd Flr., Al Jaber Bldg, Opp., Sunrise Supermarket, Karama, Dubai, Uae",43378828
Dr. Koya'S Clinic,DXB,Clinic,Naif Souq,"Behind Naif Police Station, Deira, Dubai Uae",44400500
Dr. Moopen'S Al Qouz Medical Centre,DXB,Clinic,Al qouz,"Near Old Grand Mall, Al Qouz Industrial Area 1, Dubai Uae",44400500
Dr. Radhakrishnan Medical Centre - Dxb,DXB,Clinic,Hor Al Anz,"Al Falasi Building Mezainine-1, next to United Hypermarket, Abu Baqer Al Siddique Road,  Hor Al Anz, Dubai",42659270
Dr.Ismail Medical Centre (Br)-Al Qouz,DXB,Clinic,Al qouz,"Nexr Ola Al Madeena Hypermarket,Um Mumul Muminin Khadijah Bint Khowailed, Al Qouz Ind Area-2",43381550
Dubai Corporation Of Ambulance Services,DXB,Clinic,Hatta Road,Warsan Area - Building Name / Dubai Corporation Of Ambulance Services,42922444
Dulsco Medical Clinic,DXB,Clinic,Al Quoz,"Dulsco Medical Clinic 7A Street, Al Quoz Industrial Area 4, Dubai, Uae",43232442
Dulsco Medical Clinic Branch,DXB,Clinic,Dubai Industrial City,"Sheikh Mohammed Bin Zayed Road, Labor Village 1, Dubai Industial City , Dubai, Uae",44219354
Duraiya Kamal Medical Clinic,DXB,Clinic,Deira,"105, Al Gaz Building, 1St Floor, Baniyas Square, Deira, Dubai.",42238612
Emirates Medical Centre Branch Jafza,DXB,Clinic,Jafza north,"Jafza Medical Firness Center,Jafza",48844446
Faith Jabal Medical Center Llc,DXB,Clinic,Jebel Ali,"Shop Number 4 Labour Camp Building. Jebel Ali Industrial Area First, Jebel Ali, Dubai UAE",43956479
Falcon Medical Clinic - Dxb,DXB,Clinic,Bur Dubai,"Flat No. 302, Ibrahim Jawad Al Redha Bldg., above Emirates Islamic Bank, Khalid Bin Waleed St., Bur Dubai, Dubai",42275777
Family Clinic Br Of Oxford Medical Center Llc,DXB,Clinic,Satwa,Al Hudeiba Street,43451145
Gmg Medical Center L.L.C.,DXB,Clinic,Al Quoz,"RNA Resources Building,AL QUOZ near SAFA PARK, DUBAI",42201918
Good Life Medical Center Llc,DXB,Clinic,Muhaisnah,Sonapur Building 28th Street Muhaisnah Dubai UAE PO Box 2645028,45587617
Goodwill Clinic Llc,DXB,Clinic,Jebel Ali Industrial 1,"First Floor Talaal Plaza Hypermarket, Jabal Ali Industrial 1 Dubai",48848777
Grand Dr. Ismail Polyclinic Llc,DXB,Clinic,Abu Hail,Jscom Grand Residence Shop no 3 Near Canadian Specialist Hospital 28th Street Abu Hail Dubai UAE,43706200
Grand Infinity Medical Center Llc,DXB,Clinic,Muhaisnah,"Al Qaseer Bldg, Ground Floor, Near Madina Mall , Muhaisnah-4 , Dubai-Uae",42515458
Grand Infinity Medical Center Llc Branch,DXB,Clinic,Deira,"Shop No:4, Grand Excelsior Hotel, Muteena Street, Deira",43361055
Gsm Medical Centre Llc,DXB,Clinic,Al Satwa,"Al Bada Al Muaded Building, Al Mazrouei, Al Satwa, Dubai",488312O3
Hala Pharmacy 13 Express Clinic,DXB,Clinic,International City,"Shop # 22 & 24,S-6 Building Spain Cluster, International City,Dubai",45610000
Harley International Medical Clinic Llc Branch Barsha,DXB,Clinic,Al Barsha,"2Nd Floor - 202, Al Attar Business,Center, P.O. Box: 34801, Al Barsha, U.A.E",43989012
Healthpoint For General Dental Clinic Est,DXB,Clinic,Al Barsha,Al Bedaia Building Office 603 Street 3 Al Barsha Al Barsha 1 PO BOX 18375 Dubai UAE,585886915
Hope Care Polyclinic Llc,DXB,Clinic,Muteena,"Retail 6-1, Al Muteena, Masaken Al Muteena 02, Deira, Dubai, UAE",45751416
Houston Clinic - Dxb,DXB,Clinic,Al Barsha 1,"No 101,102. 1St Floor, Elite Business Center, Al Barsha 1, Dubai, Uae",43850603
Houston Medical Clinic Llc (Branch),DXB,Clinic,Al Karama,Muzoon Building Ground Floor Shop No 06 Opposite Burjuman Mall Al Karama Dubai PO Box 30152,43887456
Ibn Sina Medical Center,DXB,Clinic,Deira,"Al Owais Building, Behind KFC, 26 B, Al Rigga, Deira",42221600
Islamabad Medical Clinic Llc (Ex. Globehealth Polyclinic Llc),DXB,Clinic,Deira,"Shop No . 4, Building Residence 0943, Hor Anz, Deira , Dubai.",42572477
Jadaf Life Pharmacy Express Clinic,DXB,Clinic,Al Jeddaf,"RETAIL#1, Tiah Towers, Cultural Village, Al Jeddaf, Dubai UAE",45610000
Joseph'S Qusais Polyclinic,DXB,Clinic,Qussais,"Ground Flr, Qusais Manzil Bldg, Behind Talal Supermarket, Dubai Airport Freezone Metro, Exit 2, Al Qusais, Dubai, Uae",42636767
Karama Medical Centre Br. Muhaisnah,DXB,Clinic,"Muhaisnah 2, Sonapur","Jiwin Staff Accommodation, Opp To Dubai Municipality Madina Hyper Market Complex,
Muhaisnah 2(Sonapur), Dubai,Uae",42630351
Karama Medical Centre Dip Br. - Dxb,DXB,Clinic,Jebel Ali,"Rashed Said Rashed Al Maqoodi Al Falasi Building, Shop No. 23, Mezzanine Floor, 22 Street – Opposite Parco Bus Stand, Jebel Ali – Industrial Area 1 – Dubai, UAE",48848280
Keerthi Medical Center Llc,DXB,Clinic,Al Karama,Al Attar Shopping Mall Flat No. 110 &112,43344256
Kims Medical Centre Llc - Dxb,DXB,Clinic,Hor Al Anz,"Kims Medical Center, Al Dossari Building, Deira, Dubai",42624500
Life 119 Pharmacy Express Clinic,DXB,Clinic,Nad Al Sheba 1,"Sobha Hartland, The terrace residence - Shop no - 02 - Nad Al Sheba 1 - Dubai",45615648
Life 125 Pharmacy Express Clinic,DXB,Clinic,Nad Al Sheba 1,"Dar Mira Residence, Al Meydan Rd, Nad Al Sheba 1, Dubai, UAE",45615648
Life Al Barsha South Fourth ( Br Of Life Pharmacy L.L.C),DXB,Clinic,Al Barsha,"The Manhattan Al Barsha South, Al Barsha,",45615648
Life Al Qusais Pharmacy Express Clinic,DXB,Clinic,Damascus street,"Near ICARE Clinic ,AL Huraiz Building, Damascus street",45610000
Life Muraqabat Pharmacy Express Clinic,DXB,Clinic,Al Muraqabat,"Shop#1,R471 Building,Wasl Trio Block A,Al Muraqabat Rd,Dubai",45610000
Life Pearl Pharmacy Express Clinic,DXB,Clinic,Marina,"Shop#9, Marina Pearl Buldg,Dubai Marina,Dubai",45610000
Life Pharmacy 16 Express Clinic,DXB,Clinic,Marsa,"Unit No. R-18, Ground Floor – Bluewaters Residences 8, Marsa, Dubai, UAE",45610000
LIFE PHARMACY 173 BR OF LIFE PHARMACY,DXB,Clinic,Times Square,TIMES SQUARE CENTER DUBAI SHEIKH ZAYED RD  AL QUOZ  DUBAI,45610000
Life Pharmacy 180 Express Clinic,DXB,Clinic,Al Diyafa,Al Diyafa Shopping Center 67PH 366  Al Diyafah Street Al Badaa Dubai Al Satwa,45610000
Life Pharmacy 25 Express Clinic,DXB,Clinic,Al Karama,"AJSM Investment Building - AL Karama – City,Dubai",45610000
Life Pharmacy 44 Express Clinic,DXB,Clinic,Al Quoz,"Oasis Mall -Ground Floor, Shop No.109 - Al Quoz 1 - Dubai",45610000
Life Pharmacy 74 Express Clinic,DXB,Clinic,Marina,"Shop No. 3, Elite Residence, Dubai Marina, Dubai",45610000
Life Pharmacy 77 Express Clinic,DXB,Clinic,Satwa,"First Floor, Manila Mall, BelJafla,Satwa – Dubai",45610000
Life Pharmacy Express Clinic,DXB,Clinic,Shiekh Zayed,"Maznine Floor,White Swan Building, Shiekh Zayed Road",45610000
Lifeguard General Clinic Llc ( Ex.Our Care And Cure Medical Center L.L.C),DXB,Clinic,Jebal Ali Industrial Area 1,"Shams Madina Hypermarker Complex, Jebal Ali Industrial Area 1, Dubai",45806451
Lifenity International Advanced Poly Clinic L.L.C.,DXB,Clinic,Al Nahda 2,"JMS Building, behind Zulekha Hospital, Al Nahda 2",43216964
Lifenity International Advanced Poly Clinic L.L.C. (Branch),DXB,Clinic,Al Barsha I,"Shop no 2, Elite Business Centre, opp Lulu Hyper Market, Al  Barsha I",43981838
Live Care Clinic L.L.C.,DXB,Clinic,Jebel Ali,"Shoppers Mall,Industrial Area 1, Jabel Ali, Dubai",48848848
Lotus Medical Centre L.L.C. - Dxb,DXB,Clinic,Al Qouz 3,"104,Al Rostamani Building - 2 Al Quoz Street - Al Quozal Quoz 4 - Dubai",43465380
Marhaba Medical Centre _DXB,DXB,Clinic,Deira,"Sunshine Building 2, Ground Floor, Fish Round About , Deira, Dubai.",42224844
Medhub Medical Center Llc,DXB,Clinic,Jebel Ali,"Shop no 23 First floor The AB Mall Jebel Ali Industrial Area 2, Dubai, UAE",42626991
Medlite Medical Center,DXB,Clinic,International City,"Riviera Dream Building ,Cbd -20, Near Medon Pharmacy, International City",44585859
Medze Clinic Llc,DXB,Clinic,Al Muteena,"Medze Clinic, Centre Residence, Near Muraqqabat Police Station",42380924
Micro Health Medical Lab,DXB,Clinic,Karama,"#10 Rocky Building, Near Civil Defense Office, Zabeel Street, Karama",45474549
Modern Family Clinic Llc Branch (Al Quoz),DXB,Clinic,Al Quoz,"Al Quoz Industrial 2, Wasl Labor Camp, Shop No. 5, Dubai, United Arab Emirates P.O. Box 30127",43343263
Mueller Medical Clinic Fz Llc,DXB,Clinic,Dubai Healthcare City,Alrazi Medical Complex 64 Block E Ground Floor Dubai Healthcare City PO Box 191576,44568585
Multi Care Medical Centre Llc,DXB,Clinic,Al Khail Gate,"Shop 18 Al Khail Gate Community Center Near Blue Mart Hyper Market, Dubai Uae",45807899
My Health Day Surgery Center Llc Ex: My Health Medical Centre,DXB,Clinic,Deira,"Al Ghurair Tower II, Al Ghurair Center Mall, Al Rigga, Al Muraqqabat, Deira",42522100
Nasser Clinic - Dubai,DXB,Clinic,Al Qusais,"Dubai Building Co-Operative Society Building, Opposite to Dubai Grand Hotel, Demascus Street, Qusais, Dubai",42631316
Natures Life Express Clinic Llc,DXB,Clinic,Al Wasl,"Al Wasl Road , Dubai, Jumeirah",45610000
New Al Kanz Pharmacy Branch Express Clinic,DXB,Clinic,JLT,"J2 Tower Cluster  J -JLT, Dubai",45610000
New Al Musalla Medical Centre Llc Branch,DXB,Clinic,Al Qouz,"First Floor 103,Oberoi Building Above Taj Al Madina Super Market,Near Belhasa Driving Center.Al Qouz 4 Dubai",43333450
New Apollo Polyclinic - Dxb,DXB,Clinic,Karama,"Suite No. 101, Karama Center, Al Karama, Dubai, U.A.E.",43379040
New Medilife Medical Centre L.L.C.,DXB,Clinic,Warsan 3,"Bulding Material Mall, Warsan 3",44888315
Nmc Dic Clinic And Pharmacy Br Of Nmc Royal Hospital Llc,DXB,Clinic,Dubai International City,"Building Name D01, Dubai International City",48108800
Noor Al Shefa Clinic - Dxb,DXB,Clinic,Jabel Ali,"Jabel Ali Mall,Jabel Ali Ind.1",48878155
Noor Al Shefa Clinic 3,DXB,Clinic,Jebel Ali,"Jafza Mall,Jabel Ali Freezone",48817530
Noor Al Shefa Clinic Branch,DXB,Clinic,Al Quoz,"Opp.Kfc Accommodation,Al Rustamani Road,Al Ghurair Int'L Exchange Building",43807636
Noor Al Shefa Clinic Branch - Dxb,DXB,Clinic,Al Aweer,"1St Floor, Union Co-Op Building ,Fruits And Vegetable Market",43886601
Noor Al Shefa Clinic Branch 4,DXB,Clinic,JAFZA West,"1St Floor, Union Co-Op Building ,Fruits And Vegetable Market",43886601
Novitas Clinic Llc,DXB,Clinic,International City,"Prime Residency Ii , Shop No 4 - International City - Spain Cluster",45693389
Oxford Medical Center,DXB,Clinic,Bur Dubai,"Al Rais building Choithram 24 hr Building Bank Street Al Mankhool Road Burdubai, Dubai",45111694
Pakistan Medical Center,DXB,Clinic,Oud Metha,"Pakistan Association Building 11 & 14 Street, Oud Metha Road",43373632
Paradise Plus Polyclinic Llc,DXB,Clinic,DIP 2,Ritaj Community Center Almaya Supermarket Dunes Village Yalayis St. DIP 2 Dubai,48848270
Physioveda Medical Center Llc,DXB,Clinic,Karama,"Al Kifaf Bldg, Karama, Dubai, UAE PO Box 3518",43215520
Prime Corp Medical Center Dip (Br Of Primecorp Medical Center Llc),DXB,Clinic,Dubai Investment Park 2,"Bldg No.33 Al Futtaim Accommodation, Street No. 53, Dubai Investment Park 1, Dubai",47070999
Primecorp Medical Center Al Qusais,DXB,Clinic,Al Qusais,"Al Qusais Plaza, Ground Floor, Al Qusais Industrial Area 2, Damascus Street, Al Qusais, Dubai",47070999
Primecorp Medical Center Al Warsan Br Of Primecorp Medical Center,DXB,Clinic,Warsan,"Dubai Municipality Labor Camp, Warsan Third, Dubai, UAE",47070999
Primecorp Medical Center Dwc (Br Of Primecorp Medical Center Llc),DXB,Clinic,Al Maktoum International Airport,"Al Maktoum International Airport, Jebel Ali, Dubai",47070999
Primecorp Medical Center Jabal Ali Branch,DXB,Clinic,Jebal Ali,"Jabal Ali Industrial First G03-G04 Of
Plot No 282 Alec Camp 12, Jebeel Ali Industrial, Dubai",47070999
Primecorp Medical Center Llc (Ex-Al Qouz Prime Corp Medical Center),DXB,Clinic,Deira,"6Th Floor, Saud Al Qasimi Building (Gulf Air Building - Salah Al Din St - Dubai",47070999
Rahif Poly Clinic (Ex.Al Rahif Medical Clinic),DXB,Clinic,Al Qusais,"1C Street,Al Qusais 3,Near Etisalat Metro Station-Dubai-Uae",42647886
Rals Healthcare (Br. Of Abdulwaheed Bin Shahib Investment) - Al Qusais (Ex.Mini Vm Polyclinic - Dxb),DXB,Clinic,Al Qusais,"Bin Shabib Mall, 
Ground Floor, Baghdad Street, 
Al Qusais, Opp MOHRE",42275777
Rals Healthcare (Br. Of Abdulwaheed Bin Shahib Investment) - Burjuman (Ex.Noora Polyclinic),DXB,Clinic,Bur Dubai,"IT Center Building, 21 A Street, Al Suoq Al Kabeer, Bur Dubai (Next to Al Raffa Police Station), Dubai",42275777
Ramada  Life Express Clinic,DXB,Clinic,Mankhool,"Near Hotel Ramada, AL Tawhidi Building 2 AL Mankhool",45610000
Re Leaf Medical Centre L.L.C.,DXB,Clinic,DIP 2,"Fakhree Centre LLC, Pasons Hyper Market Building, Reem Capital Contracting LLC.Camp 1, DIP, Dubai, UAE",48814918
Re Leaf Medical Centre Llc Branch,DXB,Clinic,Al Quoze Industrial-2,"Releaf Medical Centre Llc Branch,Khalfan Mohammad Bin Lahej 26, Street43, Alq 20",43377977
Releaf Medical Cenre Llc Branch-Al Qouz,DXB,Clinic,Alqouze,"Near Jmart, Alqouze 1, Alqouze 1, Street No 5",43216222
Releaf Medical Centre-Jebel Ali,DXB,Clinic,Jebal Ali,"Salim Al Rashid Suvailim Bldg, Jebel Ali Ind 1,",43885456
Royal Life Express Clinic,DXB,Clinic,Warqa,"UNIT # 1 Old Home needs SM, AL Warqa City,Dubai UAE",45610000
Saleem Polyclinic,DXB,Clinic,Satwa,"Near Satwa Big Masjid, Dubai Uae",44400500
Seha Al Noor Clinic Llc,DXB,Clinic,Muhaisnah,"Hamad Abdul Kareem Al Areif Mosque Building 211 Muhaisnah 2, Dubai, UAE",45463333
Sekher Medical Clinic Llc,DXB,Clinic,Al Quoz 3,"FLAT NO-104, ARABIAN GULF BLDG, ALQUOZ-3, DUBAI, UAE",43387749
Shams Al Ahalia Medical Center,DXB,Clinic,Al Karama,Dubai Karama 19th street Near Karma post office PO Box  316305,565362232
Share And Care Medical Center-Fze,DXB,Clinic,Dubai Silicon Oasis (DSO),"Silicon Central Mall (Near Yellow Parking Area), Nadd Hessa, Dubai Silicon Oasis, Dubai, United Arab Emirates, P.O. Box 451073",42802088
Sirajudeen Medical Center,DXB,Clinic,Karama,"Smc Building, Oppt Karama Bus Station And Near Karama Fish And Vegetable Market",43345955
Specialized Medical & Dental Center,DXB,Clinic,Hudeiba Area,"B-118, Al Hudaiba Awards Building",43278111
Tadawi Health Care LLC - (Branch) DIP,DXB,Clinic,DIP,Dubai Investment Park Dubai UAE,42309999
The Doctors Hub Polyclinic Llc (Ex Dr. Joseph Ghrayeb Polyclinic),DXB,Clinic,Deira,"28 Al Jazeera St., Deira Dubai, UAE",42888767
Ultra Care Medical Group Llc - Al Diyafah,DXB,Clinic,Dubai,Al Otaiba Same Building Emirates Islamic Bank & Beruit Resturant 2nd of December Street Al Diyafah Al Hudaibah Dubai,45487001
Vida Clinics Llc,DXB,Clinic,Bur Dubai,"39B M Floor, Al Rais Shopping Center, Rolla Street, Bur Dubai, Uae",43252525
Vida Clinics Llc Branch,DXB,Clinic,Muhaisanah 2,"Al Madina Hypermarket building, 6A street, Muhaisanah 2, Dubai",43283333
Wadi Alsafa Medical Center L.L.C.,DXB,Clinic,Wadi Al Safa 5,"Dubai Land, Ajmal Sara Tower, PO Box 92947",45769394
We Care Medical Center,DXB,Clinic,Al Karama,"Hamsah A Building , Near Ansar Gallery , Ground Floor, Karama, Dubai, Uae.",44261161
Wellcare Advanced Poly Clinic Llc (Ex.Al Quoz City Star Polyclinic),DXB,Clinic,Al Quoz Industrial Area 3,"Al Rostamani Builidng,1St Floor Flat No.5",43285140
Zahrat Al Shefa Medical Center Llc,DXB,Clinic,Sonapur,"Muhaisnah 2,Al Ghaith Building",42382607
Zen Life Polyclinic,DXB,Clinic,Al Jeddaf,"Shop 3, Emerald Metro Building, Al Jadaf, P.O Box: 111342, Dubai, UAE",42451800
Zmc Health Clinic Llc,DXB,Clinic,Al Quoz First,"Shop 7-10, B28 Al Showaib Real Estate, Al Quoz First, Dubai, United Arab Emirates",42636938
Advanced Diagnostic Center Llc,DXB,Dx & Lab,Deira,"Hamarain Shopping Center, Deira",43203883
Airis Imaging And Diagnostic Center Llc,DXB,Dx & Lab,Al Nahda 1,"Opp. Nmc Hospital,Al Shamsi Building Near Mega Mart,Al Nahda 1 ,Dubai Uae",48525916
Al Abbar Laboratories For Research & Medical Analysis,DXB,Dx & Lab,Bur Dubai,"Al Yousef Bldg, Office no. 501",43592641
Aster Imaging Centre Al Muteena (Br Of D M Healthcare Llc),DXB,Dx & Lab,Deira,"Al Ghurair Real Estate Building, Near Dubai Palm Hotel, Dubai",42532900
Biohealth Diagnostic Center,DXB,Dx & Lab,Umm Hurrair,Shaikh Rashid Building - Off No 107 - Umm Hurair Rd - Dubai,46885828
Cps Clinical Pathology Services,DXB,DX & Lab,Al Quoz,"Umm Suqeim Road, Al Quoz Industrial 4,  Dubai, United Arab Emirates",43883660
Curewell Diagnostic Center,DXB,Dx & Lab,Bur Dubai,"Above Aster Pharmacy, Bank Street - 2Nd Floor, Getwell Building - Dubai",43555995
Deira City Medical Diagnostic Centre,DXB,Dx & Lab,Deira,"Al Reem Tower M05-M06 , Al Maktoum Road",42723555
Eurofins Biomnis Middle East Llc(Ex: Dow Diagnostics Fz Llc),DXB,DX & Lab,Al Wasl Road,"Al Wasl Road, Villa 5V,Sheikh Al Mur Complex, Near Life Pharmacy, Al Wasl Road, Dubai",43233033
Forte Clinical Laboratory Llc,DXB,DX & Lab,Al Garhoud,"Al Garhoud Business Center (near GGCO Metro Station), Al Garhoud, Dubai, United Arab Emirates, P.O. Box 214545",42718226
Gulf Care Diagnostic Center Llc,DXB,Dx & Lab,Bur Dubai,"Bait Al Waleed 2 Building,Khalid Bin Waleed Street, Bur Dubai, Dubai, UAE PO Box 120893",43278811
Histopathology & Specialty Laboratory - Dxb,DXB,Dx & Lab,Rigga Road,"Same Building IBIS Hotel, Level 2 Rigga Business Center, Rigga Road, Deira, Dubai",43454431
Intel Lab Llc (Ex.Dr. Faris Medical Laboratory),DXB,Dx & Lab,Deira,"Flat 101, Al Hawai Building, Al Rigga Road, Deira, Dubai, Uae",42976668
Lifenity International Clinical Laboratory L.L.C,DXB,DX & Lab,Al Barsha I,"Shop no 2, Elite Business Centre, opp Lulu Hyper Market, Al  Barsha I",43981838
Medic Polyclinic,DXB,Dx & Lab,Bur Dubai,"Level 2 , Hamsah Complex Khalid Bin Waled Road , Dubai Uae",43885000
Medinova Diagnostic Center Br. Of (Dm Healthcare Llc),DXB,Dx & Lab,Bur Dubai,"Al Futtaim Building, Al Fahidi Metro Station, Khalid Bin Waleed Road, Meena Bazaar, Bur Dubai, Dubai",45090327
Medsol Dubai Medical Laboratory LLC,DXB,Dx & Lab,Deira,"2nd Floor, Al Rigga Business Center, near Ibis Hotel",42213166
Mega Scan Centre,DXB,Dx & Lab,Bur Dubai,"M - Floor, Atrium Centre,  Khaled Bin Al-Waleed Street, Burdubai - Dubai, Uae",43585888
Mvr Diagnostic Clinic Llc,DXB,Dx & Lab,Al Garhoud,Flora Inn Hotel Airport Garhoud Airport Road Al Garhoud Dubai,42327111
Neuberg Diagnostics Middle East Llc (Ex. Minerva Diagnostic Laboratory ),DXB,Dx & Lab,Karama,"M13, Umm Hurair Building, Al Zabeel Road, Dubai",43343727
Ph Diagnostics Llc,DXB,Dx & Lab,Burdubai,"P H Diagnostics Llc,  Al Abbas Building-1 , First Floor,   Khalid Bin Waleed Street (Bank Street), Burdubai, Dubai",43543350
Star Metropolis Clinical Lab & Health Services ME,DXB,Dx & Lab,Bur Dubai,"8th Floor, Al Mussalla Towers, Khalid Bin al Waleed Road, Bur Dubai - Dubai",43231647
Trust Medical Laboratory,DXB,Dx & Lab,Al Mamzaar,M01 Same Building Of Dubai Slamic Bank Al Mamzar Dubai,42398766
York Diagnostic Laboratories Jlt,DXB,Dx & Lab,Jumierah Lakes Towers,"Indigo Tower, Office 509-510, Jumeira Lakes Towers, Cluster D, P.O.Box 282482, Uae, Dubai",44327470
Aster Cedars Hospital Jebel Ali ( Excedar Jebel Ali International Hospital - Dxb,DXB,Hospital,Jebel Ali,"Dugas Road, Jebel Ali 1, P. O. Box: 17666, Jebel Ali, Dubai, Uae",44400500
Aster Hospital Br Of Aster Dm Healthcare,DXB,Hospital,Bur Dubai,"Al Mankhol, Kuwait Street, P.O.Box: 119428, Dubai, Uae",44400500
Aster Hospital Sonapur Llc,DXB,Hospital,Sonapur,"Aster Hospital, Near To Access Clinic, Algeria Street, Sonapur, Muhaisnah",44400500
International Modern Hospital,DXB,Hospital,Mankhool,"Sheikh Rashid Road, Al Rafa’A Area, Bur Dubai, P.O. Box: 121735, Dubai, Uae",44063000
Medeor 24X7 Hospital Llc,DXB,Hospital,Bur Dubai,"Medeor Hospital, Consulate Area Bur Dubai, -, Umm Hurair Street, Bur Dubai",80055
Serah Opticals L.L.C,DXB,Optical,Deira,"Next to Salahuddin Metro Station, Reefmall, DubAI",42342329
Serah Opticals L.L.C  (Branch) Al Shindagha City Centre,DXB,Optical,Al Shindagha City Centre,"City Centre Al Shindagha, Al Ghubaiba Rd, Dubai",45475996
Serah Opticals L.L.C  (Branch) Barsha,DXB,Optical,Al Barsha-1,"Opp to lulu hypermarket, Al Barsha, Dubai",42505735
800 Pharma Fz-Llc,DXB,Pharmacy,Jumeirah Village,"Ground Floor, He Hotel Apartment Building JVC, Street 2, Jumeirah Village, Dubai",45843143
800 Pharma Pharmacy Llc,DXB,Pharmacy,Barsha Heights,"Ground Floor, Atana Hotel, Barsha Heights, Dubai",65579567
800 Pharmacy Fz-Llc,DXB,Pharmacy,"Shop 01,Ground floor  within City Pharmacy C/P 72 in Phase 1 of Dhcc",01 Ground Floor Bldg 72 Dubai Healthcare City Dubai United Arab Emirates,43466889
800 Pharmacy Llc Branch Ex: Marina Pharmacy (Park) Br,DXB,Pharmacy,Knowledge Village,"Park Bldg., Ground Fl., Opp. Cordova Residence, Near Mosque, Beside Aswaq Market, Knowledge Village",43466889
800 Pharmacy LLC Ex: Marina Pharmacy - Star - DXB,DXB,Pharmacy,Dubai Marina Towers,Dubai Marina And Jumeirah Beach Marina Walk Dubai Marina Towers -Retail B10,43466889
Abeer Al Noor Pharmacy Llc,DXB,Pharmacy,Rashidiya,"Rashidiyat Mahalat Building,Plot No.348-0, Shop No. 11 & 12, Behind Sougat Centre, Rashidiya, Dubai, U.A.E",42362305
Abeer Alnoor Polyclinic Llc Pharmacy-Branch,DXB,Pharmacy,Muhaisnah 2,"Abeer Al Noor Polyclinic, Grand Mart Mall, Muhaisnah 2, Dubai, U.A.E",43298661
Abris Pharmacy Llc,DXB,Pharmacy,Bur Dubai,"Souq Al Kabeer Bulding, Opp Ubai Musium, Meena Bazar, Al Fahidhi, Bur Dubai",43535357
Absolute Wellness Medical Centre Pharmacy,DXB,Pharmacy,Al Quoz 3,Salman Ebrahim Commercial Building Latifa Bint Hamdan Al Quoz 3 Dubai UAE,48863521
Abwab Al Kheir Pharmacy L.L.C,DXB,Pharmacy,Muraqabat,"Muraqabat Commercial  Ground Shop #4  SalahAldin  Muraqabat, Dubai ,UAE",45183402
Access Pharmacy 2 Br Of Aster Pharmacies,DXB,Pharmacy,Sonapur,"Access Clinic Building, Al Muhaisina-2, Sonapur, Near To Bus Station",42637531
Access Pharmacy 3 Br Of Aster Pharmacies Group Llc,DXB,Pharmacy,DIP 2,"Shop No:8, 550 SQFT.AT, Plot # 597-874, DIP-2, Near to Access Clinic DIP",48833862
Access Pharmacy Br Of Aster Pharmacies Group Llc,DXB,Pharmacy,Al qouz,"Al Arif Building, Gf-1, Al Qouze-3, Al Qouze",43807218
Advanced Care Pharmacy - Dxb,DXB,Pharmacy,Industrial Area-3,"Room No -1, 
Fakhruddin Properties Building, 
Behind National Cement Factory, 
Industrial Area-3, Al Quoz, Dubai - Uae",43307120
Advanced Care Plus Pharmacy Llc - Dxb,DXB,Pharmacy,Jebel Ali,"Awqaf Building,
Near To Uaexchange Center, 
Jebel Ali Industrial Area 1, 
Jebel Ali, Dubai  Uae",48829444
Ajmal Pharmacy -Dxb,DXB,Pharmacy,Karama,"Smc Building, Oppt Karama Bus Station And Near Karama Fish And Vegetable Market",43360801
Al Ahram Pharmacy,DXB,Pharmacy,Al Satwa,"Opposite Satwa Bus Station, Al Satwa Street, Satwa Dubai",43318060
Al Bairooni Pharmacy,DXB,Pharmacy,Al Karama,"Near Burjuman Centre, Backside Bonanza",43709179
Al Baraka Pharmacy,DXB,Pharmacy,Deira,"Shop No. 9 & 10, A & B Block, Behind Old Al Maktoum Hospital, Al Nakheel Road, Yousuf Baker Road, Deira Dubai - U.A.E.",42230500
Al Barsha Alnoor Polyclinic Pharmacy,DXB,Pharmacy,Al Barsha 1,"Elite Business Centre, 3rd Floor, Room Number 301, Al Barsha 1 - Dubai, UAE",43298661
Al Corniche Pharmacy,DXB,Pharmacy,Jumeira,"Shop Na. 21, Ground Floor, Jumeirah Beach Centre Complex, Jumeirah - 1 Dubai - U.A.E.",43447220
Al Ehsan Pharmacy - (Moopen'S Group),DXB,Pharmacy,Deira,"Al Shaab Colony, Hor Al Anz - Deira Dubai",42975986
Al Faisal Pharmacy,DXB,Pharmacy,Jumeira,"Choitram, Umm Sequm",43485102
Al Farah Pharmacy Llc,DXB,Pharmacy,Al Nahda 1,"Behind Sahara Centre, Al Nahda 1, Dubai",42507306
Al Fardoos Pharmacy - Dxb,DXB,Pharmacy,International City,"Supreme Residency, International City",44410590
Al Ghubaiba Pharmacy,DXB,Pharmacy,Bur Dubai,"G Floor, 14, 13B Street, Al Souq Al Kabeer – 312, Opp. Al Ghubaiba Bus Station- -Bur Dubai - 125388",43266042
Al Hana Pharmacy Llc,DXB,Pharmacy,Al Mankhool,"Al Hana Shopping Center Al Mankhool Road Street Jafiliya Dubai, UAE",42719122
Al Hawi Pharmacy - Life Healthcare,DXB,Pharmacy,Deira,"Naser Square, Deira, Dubai",45610000
Al Hokamaa Pharmacy Llc,DXB,Pharmacy,Al Qusais 1,"Al Wasl Building Block-B,Shop No -22, Al Qusais",42613151
Al Jabri Pharmacy,DXB,Pharmacy,Al Mizhar,Al Mizhar 1,42875296
Al Jaseel Pharmacy Llc,DXB,Pharmacy,Al Qouz,"Alqouz-3 , Al Rostamani Road, Al Hashimi Bulding , Dubai-Uae",43213441
Al Juma Pharmacy (Ex - Al Suwaidi Pharmacy) - (Moopen'S Group),DXB,Pharmacy,Karama,Opp. To Lulu Centre - Karama,43348981
Al Jumeiyah Al Taawoniyah Pharmacy Llc- Dxb,DXB,Pharmacy,Karama,"Shop No. 2, Ground Floor, Union Co-Op Society, 30Th Street, Mankhool, Karama Dubai - U.A.E.",43986302
Al Kanz Pharmacy - Life Healthcare Group,DXB,Pharmacy,Deira,"Abu Baker Al Sidq Road, Deira",45610000
Al Kanz Pharmacy (L.L.C.),DXB,Pharmacy,JLT,"Lakeshore Tower ( Bojwani), JLT,Dubai Cluster Y ,Dubai , U. A. E",45610000
Al Khan Pharmacy Llc,DXB,Pharmacy,Al Qusais 2,"Damascuss Street, Opp. Emirates NBD, Al Qusais 2, Dubai - UAE",42634347
Al Khawaneej Pharmacy,DXB,Pharmacy,Al khawaneej,"Khalaf Matar Building,Al Khawaneej",42892210
Al Mankhool Pharmacy,DXB,Pharmacy,Karama,19 A Street، Aman Street، Al Nahda 2 - Dubai,42554427
Al Manzil Al Jadeed Pharmacy Llc,DXB,Pharmacy,Ras Al Khor,"Po Box 69229, Shop No 13, Vegetable And Fruit Market, Al Aweer, Ras Al Khor, Dubai",42230244
Al Mulayim Pharmacy Llc,DXB,Pharmacy,Muhaisnah,Sonapur Building 28th Street Muhaisnah Dubai UAE PO Box 2645028,45587617
Al Musalla Pharmacy(Medshop) - (Moopen'S Group),DXB,Pharmacy,musalla,"Kharbash Building,Jumeriah Road,Umm Suqem 1",43284548
Al Nahda Pharmacy Llc,DXB,Pharmacy,Ras Al Khor,"Wassel Bldg. Shop No. 3, Near Sahari Village, Opposite Auto Market, Ras Al Khor, Dubai",43200501
Al Naseem Pharmacy,DXB,Pharmacy,Al Qussais,"Sheikh Rashid Colony Qusais Manzil Al Qusais 1St – 232, Dubai",42635277
Al Neem Pharmacy Llc Branch,DXB,Pharmacy,Jafza,"Karakkchinno Food Court Bldng, Jafza West Accommodation- Jafza - Dubai",48876650
Al Neem Pharmacy Llc Branch,DXB,Pharmacy,Jafza Jebel Ali,"Commercial center, Opps Access Clinic, Jafza South Accomodation- JAFZA-Dubai",48809667
Al Neem Pharmacy Llc Branch,DXB,Pharmacy,International City,"J07, Morocco Cluster-International City, Dubai",45841144
Al Omaraa Pharmacy,DXB,Pharmacy,Sheikh Khalifa Bin Zayed Road,"Shop # 27 & 28, Ground Floor, Pyramid Building, Sheikh Khalifa Bin Zayed Road",43969221
Al Plaza Pharmacy L.L.C.(Branch ),DXB,Pharmacy,Al Mamzar,"Shop No. 5, The Crown Building, 53rd St, Al Mamzar, Dubai",43233532
Al Plaza Pharmacy Llc,DXB,Pharmacy,Production City,"Lagovista Tower A, Shop No. R18, Ground Floor, Dubai Production City Dubai",45858945
Al Qoze Pharmacy (Medshop) - (Moopen'S Group),DXB,Pharmacy,Al qouz,Near Khalifa Super Market - Al Qouz,43384401
Al Quoz Advanced Care Pharmacy Llc-Dxb,DXB,Pharmacy,Al Quoz,"Room No -1, Fakhruddin Properties Building, Behind National Cement Factory, Industrial Area-3, Al Quoz",43307120
Al Rafah Pharmacy,DXB,Pharmacy,Bur Dubai,"Al Rafah Pharmacy , Opp Ambasssdor Hotel ,Bur Dubai",43939402
Al Raha Pharmacy(Medshop) - (Moopen'S Group),DXB,Pharmacy,Bur Dubai,Khalid Bin Waleed Rd - Bur Dubai,43523383
Al Rasheed Pharmacy Llc,DXB,Pharmacy,Deira,"Shop # 7-8, Ground Floor, Al Maktoum Building, Omar Bin Al Khattab Road, Al Baraha, Deira, Po Box: 251702",42721108
Al Safa Al Quoz Pharmacy,DXB,Pharmacy,Al quoz,"Behind Al Quoz Bowling Centre, Al Quoz First Block No:1189, Al Quoz",43808824
Al Shifa Pharmacy (Medshop) - (Moopen'S Group),DXB,Pharmacy,Karama,Near Union Medical Centre - Karama,43969469
Al Tamimi New Pharmacy,DXB,Pharmacy,Al qouz,"Behind Oasis Centre, Al Quoz Bowling Centre Road, Opp. Jmart Super Market, Dubai.",43381913
Al Tamimi New Pharmacy Llc Branch,DXB,Pharmacy,Al Satwa,"Next to UAE Exchange Al Satwa, Dubai UAE",43249218
Al Tamimi Pharmacy L.L.C - Dxb,DXB,Pharmacy,"Al Qouz-1,Dxb","Behind Al Quoz Bowling Centre, Next To Al Quoz Health Centre, Al Quoz, Dubai",43381455
Al Wafi Pharmacy Llc,DXB,Pharmacy,Wadi Al Safa 5,"Dubai Land, Ajmal Sara Tower, PO Box 92947",44334729
Al Warqa Pharmacy (Medshop) - ( Dr Moopen'S Group),DXB,Pharmacy,Al Warqa,Near Mass Super Market - Warqa,42801691
Al Zahra Pharmacy - Life Healthcare,DXB,Pharmacy,Karama,"Opposite Uae City Exchange, Karama",45610000
Alfa Pharmacy - Dxb,DXB,Pharmacy,Al Qusais,"Alfattan Building ,Qusais",42806714
Alico Advanced Care Pharmacy Llc,DXB,Pharmacy,Dubai Investment POark,"Al Madina Hypermarket Building, 44th Street, Dubai Investment Park 1, Dubai, UAE",43463099
Alpha Star Pharmacy Llc,DXB,Pharmacy,Karama,"Amber Bldg., Karama Dubai Uae",44517427
Amaan Pharmacy Llc,DXB,Pharmacy,Amaan,"Lulu Village , Al Muhaisnah-4, Dubai",42647264
Amber Clinics Llc Community Pharmacy,DXB,Pharmacy,Al Rigga,"Amber Clinic, Al Rigga",42325109; 42325342
Amber Pharmacy L.L.C,DXB,Pharmacy,Al Qusais,"Qusais Manzil Building , Shaikh colony,  Shop number 5A,
Al Qusais 1, Dubai UAE",43558458
Apple Care Pharmacy Llc Br - Jafza,DXB,Pharmacy,Jafza,"ICARE BLUE Building, No.WA02O01, Jafza + (Jebeel Ali Housing Scheme), Jafza, Jebel Ali",48876483
Ardh Al Naseem Pharmacy,DXB,Pharmacy,Al Nahda-2,"Al Magrudy Residence Al Magrudy Residence, Near Carrefour Express, Amman Street, Al Nahda-2",42809242
Arincare Pharmacy Llc,DXB,Pharmacy,Muhaisnah 4,"Talal Plaza Mall, Mezanine Floor, Muhaisnah 4, Dubai",43952774
Asma Pharmacy (Medshop) - (Moopen'S Group),DXB,Pharmacy,Naif Souq,Behind Naif Police Station - Deira Dubai,42222786
Aster Al Hayat Pharmacy Br Of Aster Pharmacies Group Llc,DXB,Pharmacy,Bur Dubai,"Shop No 3,Easa Saleh Al Gurg Building,Near To Al Adil Super Market, Rolla Street,Burdubai",43552633
Aster Al Shafar ( Ex-Lamcy Pharmacy),DXB,Pharmacy,Muhaisina,"Block C, Shop No.4 , Al Muhaisnah Star Building ,Opposite Rta Office,Lulu Village, Muhaisina",42201489
Aster Day Surgery Centre Pharmacy Llc,DXB,Pharmacy,Bur Dubai,"Mohammad Hussain Ali Yateem Building,Ground Floor, P. O. Box: 119428, Al Mankhool, Kuwait Street, Dubai, Uae",44400500
Aster Dcc Pharmacy Llc,DXB,Pharmacy,Deira City Center,"Shop No. M-020, 1St Floor, Deira City Center, Deira, Opposite Carrefour Hypermarket, Dubai, Uae",42210732
Aster Dip Pharmacy Llc - Dxb,DXB,Pharmacy,DIP,"Ramla Hypermarket, Dubai Investment Park",48800996
Aster Grand Pharmacy - Dxb,DXB,Pharmacy,Al Nahda 1,"Ab Plaza Building, Ground Floor, Shop No.8 Al Nahda , Dubai",42505712
Aster Healthcare Hypermarket (Br Of Aster Pharmacies Group Llc),DXB,Pharmacy,Burdubai,"Al Raffa Building , Opp Aster Hospital , Mankhool Road, Mankool,  Burdubai",43399523
Aster Hospital Pharmacy Br Aster Dm Healthcare Fzc Dubai Branch,DXB,Pharmacy,Bur Dubai,"Al Mankhol, Kuwait Street, P.O.Box: 119428, Dubai, Uae",44400500
Aster Hospital Pharmacy Sonapur Llc,DXB,Pharmacy,Sonapur,"Aster Hospital, Near To Access Clinic, Algeria Street, Sonapur, Muhaisnah",44400500
Aster Jbr Pharmacy - Dxb,DXB,Pharmacy,Jumeirah Beach Road,"P42, Plaza Level,Sadaf4,The Walk, Jbr",44471127
Aster Jebel Ali Pharmacy - Dxb,DXB,Pharmacy,Jebel Ali,"Nesto Hypermarket, Shop No 5, Jebelali",48840237
Aster Medical Center Pharmacy Al Muhaisna Br Of Dm Healthcare Llc,DXB,Pharmacy,Muhaisnah 4,"Shop No1, Zaraa residence 1, Muhaisnah 4, Lulu village, Behind St.Mary's catholic high school, Dubai",45479070
Aster Medical Centre  Arabian Ranches Pharmacy Br Of Dm Healthcare Llc,DXB,Pharmacy,"Near Aster Clinic, The Rebenic, The Ranches 0","1st Floor, Emaar Mall, Near Aster Clinic, The Ranches Souk, Arabian Ranches 2, Dubai",43092900
Aster Pharmacies Group Branch Expo 2020,DXB,Pharmacy,Expo 2020,"GF1, Sustainability Pavilion, Expo 2020",45477218
Aster Pharmacies Group Llc (Dmcc Branch),DXB,Pharmacy,"Plot No: JLT-PH2-P3A, Al Tebeo: JLT-PH2-P3A, Al 0","Unit No: G-1, Armada Towers 3, Plot No: JLT-PH2-P3A, Al Thanyah Fifth, Jumeirah Lakes Towers",43092900
Aster Pharmacies Group LLC (DMCC Branch),DXB,Pharmacy,Jumeirah Lakes Towers,"Shop No5 ,Ground Floor ,ME DO RE Residential Tower Cluster L, Jumeirah Lakes Towers, Al Thanyah Fifth, Dubai, UAE",45917109
Aster Pharmacy - Tecom - Dxb,DXB,Pharmacy,Tecom,"Ground Floor, Icon Tower, Behind Byblos Hotel, Barsha Height, Tecom",44534840
Aster Pharmacy 1 - Dxb,DXB,Pharmacy,Bur Dubai,"Kalid Bin Waleed Road, Burdubai",43863800
Aster Pharmacy 100 -Dxb,DXB,Pharmacy,DHCC,"Al Razi Building, Building No 64, D Block, Dhcc",44343922
Aster Pharmacy 101 (Br Of Aster Pharmacies Group L.L.C.) (Dm Healthcare Group)-Dxb,DXB,Pharmacy,Al Qusais1,"Aqu Building, Al Qusais1, Sheikh Colony, Near To Dafza Metro Station",42382342
Aster Pharmacy 102 Br Of Aster Pharmacies Group Llc,DXB,Pharmacy,Al Qusais,"Shop 2, Saeed Hamad Musleh Jamhour Al Ahbabi Building, Al Qusais Second, Al Qusais",42610833
Aster Pharmacy 103 (Br Of Aster Pharmacies Group Llc),DXB,Pharmacy,International City,"Building-N04, Shop No.S-04, Al Warsan First, International City, Persia Cluster",42765802
Aster Pharmacy 104 (Br Of Aster Pharmacies Group Llc),DXB,Pharmacy,Al Warqa,"Shop No.1, Hanbal Shafie Al Madani Building, Al Warqa-1, Near to Aster Ortho Clinic,  Al Warqa",42829440
Aster Pharmacy 104 Br Of Aster Pharmacies,DXB,Pharmacy,International City,"Building-L-11, Greece Cluster, International City",42775973
Aster Pharmacy 109 Br Of Aster Pharmacies Group Llc,DXB,Pharmacy,Mirdiff,"Mirdiff Building, Near To Dubai Geant Supermarket, Ghuroob Community, Mirdiff",44582727
Aster Pharmacy 110 (Dm Healthcare Group)-Dxb,DXB,Pharmacy,Oud Mehtha,"Mandarin Building, Ground Floor, Street 13A, Oud Mehtha, Near Lamcy Plaza",43963158
Aster Pharmacy 111 Br Of Aster Pharmacies Group Llc,DXB,Pharmacy,Muhaisanah 4,"Muhaisinah Plaza Building, Shop No.6,Muhaisanah 4,Lulu Village, Near The Indian Academy, Behind Madina Mall",42593195
Aster Pharmacy 112 Br Of Aster Pharmacies Group Llc,DXB,Pharmacy,Burdubai,"Mohamed Khlifa Al Khalafi Building, Ground Floor,Rolla Street, Al Raffa, Burdubai",43252920
Aster Pharmacy 113Br Of Aster Pharmacies Group Llc,DXB,Pharmacy,Mirdiff,"Mirdif Mall, Uptown Mirdif,Near To Medcare Clinic, Mirdif",42839542
Aster Pharmacy 114Br Of Aster Pharmacies Group Llc,DXB,Pharmacy,Al Barsha,"Shop No 12 & 13,Aswaq  Mall, Al Barsha South 1, Al Barsha",43851455
Aster Pharmacy 115 Br Of Aster Pharmacies Group Llc,DXB,Pharmacy,Discovery Pavilion,"Discovery Pavilion,Street 7,Discovery Garden",45546021
Aster Pharmacy 116 Br Of Aster Pharmacies Group Llc,DXB,Pharmacy,Mirdif,"Mirdif Commercial Complex, Shop No. 1 &2, Mirdif, Westzone Super Market",42884190
Aster Pharmacy 117 Br Of Aster Pharmacies Group Llc,DXB,Pharmacy,Burdubai,"Shop No. 12, Bait Al-Waleed, Al-Souq Al-Kabeer, Mankhool,Bur Dubai, Uae",43252882
Aster Pharmacy 118 Br Of Aster Pharmacies Group Llc,DXB,Pharmacy,Al Nahda,"Obs Building,Ground Floor, Shop No.2, Near To Nmc Hospital, Amman Road,Al Nahda",42393397
Aster Pharmacy 119 Br Of Aster Pharmacies Group Llc,DXB,Pharmacy,Meadows,"Shop No.7,Meadows, Emirates Hills 3,Enoc 1086",45546797
Aster Pharmacy 120 Br Of Aster Pharmacies Group Llc,DXB,Pharmacy,Al Warqa 1,"Abdul Raouf Mohammed Saleh Alavi Building, Al Warqa 1, Al Warqa, Near Aswaq Mall",42803995
Aster Pharmacy 123 (Br Of Aster Pharmacies Group Llc),DXB,Pharmacy,Deira,"Shop No3, Al Ghurair Real Estate Building, Al Muteena Street, Deira, Near Dubai Palm Hotel",42731282
Aster Pharmacy 124 Br Of Aster Pharmacies Group Llc,DXB,Pharmacy,Marina,"Ground Floor,Sukoon Tower, Marina, Dubai",45546282
Aster Pharmacy 126 Br Of Aster Pharmacies Group,DXB,Pharmacy,Jumeira,"Jumeriah, Umsuquim 1, Near Medcare Clinic",43952213
Aster Pharmacy 127 (Br Of Aster Pharmacies Group Llc),DXB,Pharmacy,Marina,"Royal Oceanic-1, S-01,Plot No:218, Marsa Dubai, Near Le Meridien, Dubai Marina",45547096
Aster Pharmacy 128 Br Of Aster Pharmacies Group Llc,DXB,Pharmacy,Deira,"Shop # 1, New Enoc, Umm Sequim St, Al Barsha, Dubai, Uae",44405945
Aster Pharmacy 129 Br Of Aster Pharmacies Group Llc,DXB,Pharmacy,Satwa,"Ground Floor,Marjana Plaza Building, Al Bada, Satwa",43590530
Aster Pharmacy 130 Br Of Aster Pharmacies Group Llc,DXB,Pharmacy,Dubai Marina,"Ground Floor , Duja Tower,Trade Center First, Next To Sheraton Grand Hotel, Sheik Zayed Road",43866768
Aster Pharmacy 131(Br Of Aster Pharmacies Group Llc),DXB,Pharmacy,Al Barsha First,"Shop No 17, Trio Building, Al Barsha first, Al Barsha Dubai",43475733
Aster Pharmacy 132 Brof Aster Pharmacies Group Llc,DXB,Pharmacy,Hor Al Anz East,"Sheikh Suhail Building , Hor Al Anz East, Plot #133-142
Abu Hail ,Dubai ,Uae",42692835
Aster Pharmacy 134 Br Of Aster Pharmacies Group Llc,DXB,Pharmacy,Barsha I,"Golden Sands Building, Barsha 1St, Al Barsha, Near To Lulu",43271483
Aster Pharmacy 135 Br Of Aster Pharmacies Group Llc,DXB,Pharmacy,International City,"Shop No 04, Russia V 19,International City",44511674
Aster Pharmacy 136 Br Of Aster Pharmacies Group Llc,DXB,Pharmacy,Al Qouz,"Shop No Ffa01, Al Khail Mall, Latifat Bin Hamdan Street, Industrial Area 4, Alqouse",43806940
Aster Pharmacy 137 Br Of Aster Pharmacies Group Llc,DXB,Pharmacy,International City,"Retail Shop 6, The Pavilion Mall, Opp. Union Co Op, France Cluster, International City",44224515
Aster Pharmacy 138 (Br Of Aster Pharmacies Group Llc),DXB,Pharmacy,Bur Dubai,"Ground Floor, Al Jabar Building, Near Sunrise Supermarket, Al Karama, Dubai",43377329
Aster Pharmacy 141 (Br Of Aster Pharmacies Group Llc),DXB,Pharmacy,Dubai Festival City,"Shop No Sc 021, Ground Floor, Dubai Festival City Mall",42365418
Aster Pharmacy 142 (Br Of Aster Pharmacies Group Llc),DXB,Pharmacy,Al Qusais,"Shop No 4 , Al Fattan Building ,Plot No 233-129, Behind Snow White,  Al Qusais",42205966
Aster Pharmacy 143 Br Of Asterpharmacies Group Llc,DXB,Pharmacy,Motor City,"The Ribbon Building 2, Al Hebiah First , Plot 94- 0, Motor City",44430474
Aster Pharmacy 144 Br Of Aster Pharmacies Group Llc,DXB,Pharmacy,Hor Al Anz,"Shop 5 & 6, Al Maalik Buiding, Al Shab, Near To Talal Super Market, Hor Al Anz",42212250
Aster Pharmacy 145(Br Of Aster Pharmacies Group Llc),DXB,Pharmacy,Karama,"Shop No: 1, Al Waleed Building. Opp. Union Medical Centre, Iranian School Road, Karama",43547745
Aster Pharmacy 146(Br Of Aster Pharmacies Group Llc),DXB,Pharmacy,Bur Dubai,"Shop 32, Souk Al Kabeer Building, Near To Ghubaiba Bus Staion, Opp.Etisalat-Shindagha, Next To Access Clinic , Burdubai",43271059
Aster Pharmacy 147 Br Of Aster Pharmacies Group Llc,DXB,Pharmacy,Burdubai,"Shehar-E-Karachi Restaurant Building, Shop Number 11, Khalid Bin Al Waleed Road, Bur Dubai",43251134
Aster Pharmacy 148 (Br Of Aster Pharmacies Group Llc),DXB,Pharmacy,Karama,"Shop No.3, Dar Al Sahil Building, Al Nahda 2, Al Nahda, Dubai",45460561
Aster Pharmacy 149 Br Of Aster Pharmacies Group Llc,DXB,Pharmacy,Karama,"Shop No:M-01, Cig Mall ,Al Kabayel Centre Building, Jebel Ali -1, Duabi,Uae.",45465376
Aster Pharmacy 150 (Br Of Aster Pharmacies Group Llc),DXB,Pharmacy,Marina,"Shop No: 6, Pinnacle Tower, Marina, Marsa, Dubai",43794306
Aster Pharmacy 152(Br Of Aster Pharmacies Group Llc),DXB,Pharmacy,Jebel Ali,"Food Court 3,Commercial Center, Jebel Ali Free Zone South, Near Access Clinic
Jafza",48809102
Aster Pharmacy 155 (Br Of Aster Pharmacies Llc),DXB,Pharmacy,Deira,"Ground Floor, Business Centre, IBIS Hotel, Al Rigga, Deira, Dubai",42280204
Aster Pharmacy 156 (Br Of Aster Pharmacies Group Llc),DXB,Pharmacy,International Airport,"Shop No. 6, Sapphire Mall, Dubai Industrial City, Near To Al Maktoum International Airport, Dubai",45877191
Aster Pharmacy 157 Br Of Asterpharmacies Group Llc,DXB,Pharmacy,Al Safa,"R-531-A, Dar Al Wasl Building, Al Wasl Road, Near Safa",43867820
Aster Pharmacy 158(Br Of Aster Pharmacies Group Llc),DXB,Pharmacy,Dubai Investment Park,"1St Floor,Talal Supermarket, Dip 2, Dubai Investment Park,Dubai",48800282
Aster Pharmacy 162 (Br Of Aster Pharmacies Group Llc),DXB,Pharmacy,Jumeirah Village Circle,"Shop No:6, Masjid Building, District 10, Jumeirah Village Circle, Next to Saleh Mohammed Bin Lahej Masjid",44580678
Aster Pharmacy 165 (Br Of Aster Pharmacies Group Llc),DXB,Pharmacy,Dubai Hills,"Sway Residences, Shop No:Retail-3,Hadaeq Sheikh Mohammed Bin Rashid, Dubai Hills",47187190
Aster Pharmacy 166,DXB,Pharmacy,Al Jadaf,"Shop No.5, Azurite Tower,Azurite Tower,Ibn Al Zahrawi Street",42272851
Aster Pharmacy 167 (Br Of Aster Pharmacies Group Llc),DXB,Pharmacy,Downtown,"Shop No-041, Second floor, Metrolink Bay, The Dubai Mall, Sheikh Mohammed Bin Rashed Boulevard, Downtown",43341829
Aster Pharmacy 168 (Br Of Aster Pharmacies Group Llc),DXB,Pharmacy,"Tunisia court, IBN Battuta Mall,Ibn Battuta Mall, Jebeentrance, Tunisia court, IBN Battuta Mall,Ibn Battuta Mall, 1","IBS GF 35&36, Near Carrefour Parking entrance, Tunisia court, IBN Battuta Mall,Ibn Battuta Mall, Jabal Ali First, Jabal Ali",45543519
Aster Pharmacy 169 (Br Of Aster Pharmacies Group Llc),DXB,Pharmacy,Al Wasl Road,"19A street, next to Healthbay Womenscare , Al wasl road, UmmAl Sheif",43250365
Aster Pharmacy 170 (Br Of Aster Pharmacies Group Llc),DXB,Pharmacy,Greens,"Shop# 6,Ground floor, Building 1, Phase 2, Shobha Heartland, Al Merkadh, Greens, Dubai",42588717
Aster Pharmacy 171,DXB,Pharmacy,Greens,Shop No B6 RDK 1190 Building B Green Community Village Dubai Investment Park First Dubai,42516452
Aster Pharmacy 172 (Br Of Aster Pharmacies Group Llc),DXB,Pharmacy,Arjan,"Shop:12, Al Sayyah Residence C, Arjan Dubailand,  Al Barsha South 2, Arjan, Dubai, UAE",45786364
Aster Pharmacy 173 (Br Of Aster Pharmacies Group Llc),DXB,Pharmacy,Al Safa,"Shop 9, Building No: 2259186831, Union Cooperative Society, Al Safa, Jumeirah third",45466057
Aster Pharmacy 174 (Br Of Aster Pharmacies Group L.L.C),DXB,Pharmacy,Dubai Sports City,"G-03,TAG Retail Hub 01,Al Hebiah Fourth, Dubai Sports City, Dubai",44486271
Aster Pharmacy 175 (Br Of Aster Pharmacies Group Llc),DXB,Pharmacy,Jumeirah Village Circle,"Shop:11A, Damac Tower 108, Al Barsha South, Jumeirah Village Circle, Near to Aster Clinic JVC",45579564
Aster Pharmacy 176,DXB,Pharmacy,Liwan,"G-02, Binghatti Jewels,Wadi Al Safa 2-Liwan",43092900
Aster Pharmacy 177,DXB,Pharmacy,WADI AL SAFA 2,Shop 6 and 7 Raja Building Opposite Skycourt Tower B,42575216
Aster Pharmacy 178 (Br Of Aster Pharmacies Group L.L.C),DXB,Pharmacy,Marsa,"Shop R02, West Avenue, Al Gharbi Street, Marina, Marsa, Dubai, UAE",42950979
Aster Pharmacy 179,DXB,Pharmacy,Al Qusais Industrial Area 5,"R1083,Al Wasl Village Retail Centre,Al Wasl Village Retail Centre,Al Rayhan Street",42207653
Aster Pharmacy 180,DXB,Pharmacy,JBR,"P19, Rimal 1,Dubai Marina and Jumeira Beach,The Walk",43092900
Aster Pharmacy 181,DXB,Pharmacy,Dubai Hills Estate,"R04, Park Heights Square 1,Next to Spinneys,Hadaeq Sheikh Mohammed Bin Rashid",42632594
Aster Pharmacy 182,DXB,Pharmacy,International City Phase-2,"Shop No 2, Jowhrat Al Faihaa,International City Phase-2",45545907
Aster Pharmacy 183,DXB,Pharmacy,Al Thanyah First,"Shop-2, Art Heights,Al Thanyah First,Al Nahar 2 St",42679073
Aster Pharmacy 184 (Br Of Aster Pharmacies Group L.L.C),DXB,Pharmacy,Business Bay,"Retail-01, Zada Tower, Al Aamal Street, , Business Bay, Dubai, UAE",44490062
Aster Pharmacy 185,DXB,Pharmacy,AL JADAF,Shop No 1 Ground Floor Binghatti Gateway Al Jaddaf Dubai,42665280
Aster Pharmacy 186,DXB,Pharmacy,The Palm Jumeira,Shop 1 Seven Palm Hotel Apartments The Palm,
Aster Pharmacy 187,DXB,Pharmacy,Discovery Gardens,Shop 8 Zen 3 Building Street 1 Discovery Gardens Jabal Ali First Dubai,45519467
Aster Pharmacy 188 (Br Of Aster Pharmacies Group L.L.C),DXB,Pharmacy,Silicon Oasis,"Retail-06, Loggia Plaza, Dunes Street, Dubai Silicon Oasis, Dubai, UAE",43497028
Aster Pharmacy 189 (Br Of Aster Pharmacies Group L.L.C),DXB,Pharmacy,Silicon Oasis,"Shop 6, Silicon Heights 2 Building, Dubai Silicon Oasis, Dubai, UAE",48324564
Aster Pharmacy 190 (Br Of Aster Pharmacies Group L.L.C),DXB,Pharmacy,Jumeirah Village Circle,"Shop No 1 ,Binghatti Orchid ,Kahraba Road ,Jumeirah Village Circle, Barsha South 4, Dubai ,UAE",45527027
Aster Pharmacy 191,DXB,Pharmacy,Down Town,Shop no 1 Elite Downtown Residence 1 School Street Burj KhalifaDowntown Dubai Dubai,45700402
Aster Pharmacy 192,DXB,Pharmacy,Down Town,Shop No 3 Tower No 1 Trade Center First Shaikh Zayed Road Downtown Dubai,42584482
Aster Pharmacy 194,DXB,Pharmacy,Nad Al Sheba,Shop no 2 Creek Vistas tower B Shoba Hartland Al Merkadh Nad Al Sheba 1 Dubai,45750742
Aster Pharmacy 195,DXB,Pharmacy,JABAL ALI FIRST,Shop No 3 Pink Building 7 Jebel Ali Village Ibn Battuta Street The Gardens Dubai,45725507
Aster Pharmacy 196,DXB,Pharmacy,Nad Al Sheba,Retail 20 Azizi Riviera 5 Shoba Hartland Al Merkadh Nad Al Sheba 1 Dubai,45702313
Aster Pharmacy 197 (Br Of Aster Pharmacies Group L.L.C),DXB,Pharmacy,Dubai Investment Park 1,"Shop No M05 ,AIKO Mall ,Dubai Investment Park First ,Dubai ,UAE",42528870
Aster Pharmacy 199 (Br Of Aster Pharmacies Group L.L.C),DXB,Pharmacy,Al Furjan,"Shop No 7 ,Gemz by Danube ,Al Asayel St ,Jebel Ali Village ,Al Furjan ,Dubai ,UAE",43971206
Aster Pharmacy 2 Br Of Aster Pharmacies Group Llc,DXB,Pharmacy,Dubai Investment Park,"Unit No 4&5, Ground Floor,Carrefour Centre, Dubai Investment Park",48858044
Aster Pharmacy 200 (Br Of Aster Pharmacies Group Llc),DXB,Pharmacy,Al Qusais,"Building No :241-487, Al Nahada Second, Al Qusais",42362839
Aster Pharmacy 201 (Br Of Aster Pharmacies Group Llc),DXB,Pharmacy,Sheikh Zayed Road,"Shop No3, Al Manal Tower, Next To Crown Plaza Hotel, Sheikh Zayed Road",43209481
Aster Pharmacy 202 (Br Of Aster Pharmacies Group Llc),DXB,Pharmacy,Al Rashidiya,"Bin Sougat Center, Airport Road, Al Rashidiya, Near Metro Station",42540474
Aster Pharmacy 204( Br Of Aster Pharmacies Group Llc ),DXB,Pharmacy,Al Qusais,"Al Qusais Building, Damascuss Street, Near Grand Hotel, Al Qusais",42203889
Aster Pharmacy 205 Br Of Aster Pharmacies Group Llc,DXB,Pharmacy,Palm Jumeirah,"Pve-G-02, Palm Views East Building, Palm Jumeira",44221521
Aster Pharmacy 206 (Br Of Aster Pharmacies Group Llc),DXB,Pharmacy,Dubai Mall,"Shop no: BF02, Dubai Fountain View, Next to Address Fountain View Hotel, Dubai Mall",45475036
Aster Pharmacy 207 (Br Of Aster Pharmacies Group L.L.C),DXB,Pharmacy,Al Jadaf,"Lilac Residence, Al Jadaf ,Dubai, UAE",43968831
Aster Pharmacy 208 (Br Of Aster Pharmacies Group L.L.C),DXB,Pharmacy,Al Barsha South Third,"Shop No 6 ,Curve by Sentro , Al Barsha South Third , Dubai , UAE",43578436
Aster Pharmacy 209 (Br Of Aster Pharmacies Group L.L.C),DXB,Pharmacy,Dubai Marina,"Shop no S02 ,The Point Tower ,Jumeirah Beach Residence ,Marsa Dubai, Dubai Marina ,Dubai UAE",45843414
Aster Pharmacy 210 (Br Of Aster Pharmacies Group L.L.C),DXB,Pharmacy,Al Barsha South Third,"Retail 1 ,Art Park View , Al Barsha South Third ,Dubai ,UAE",48816085
Aster Pharmacy 211 (Br Of Aster Pharmacies Group L.L.C),DXB,Pharmacy,Nad Al Sheba,"Shop No 11 ,Azizi Rivera 44 Al Merkadh ,Nad Al Sheba 1 ,Dubai ,UAE",43530973
Aster Pharmacy 212 (Br Of Aster Pharmacies Group L.L.C),DXB,Pharmacy,Al Satwa,"Shop 4 ,BQ Residence, Jumeirah Garden City ,Al Satwa ,Dubai ,UAE",45853391
Aster Pharmacy 215 (Br of Aster Pharmacies Group L.L.C),DXB,Pharmacy,Business Bay,"Bay Avenue Retail ,Business Bay ,Dubai ,UAE",45772518
Aster Pharmacy 3 (Br. Of Aster Pharmacy Llc),DXB,Pharmacy,Dubai Outlet Mall,"G32 Ground Floor, Dubai Outlet Mall,",44437250
Aster Pharmacy 5 Br Of Aster Pharmacies Group Llc,DXB,Pharmacy,International City,"Shop No 02, Cbd 29, Al Warsan 1St, International City",44473169
Aster Pharmacy 6 Br Of Aster Pharmacies Group Llc,DXB,Pharmacy,Silicon Oasis,"Dubai Silicon Gate 1 - Building, First Floor, F-S-101A, Gate 1, Silicon Oasis, Opposite Choithram & Baskin Robins",43262600
Aster Pharmacy 98 (Br. Of Aster Pharmacy L.L.C),DXB,Pharmacy,Sonapur,"Sameya Khalifa Mohamed Al Fuqaei Building, Shop No.8, 24Th Street. Muhaisina 2Nd, Sonapur",42521711
Aster Pharmacy105 Br Of Aster Pharmacies Group Llc,DXB,Pharmacy,International City,"Bldg. I - 11, Shop No. 02, Al Warsan First,International City, Morocco Cluster",42275972
Aster Royal Clinic Pharmacy Down Town,DXB,Pharmacy,Down Town,"BD-Resi 1-Retail-G-ER6, Residences Retail,Burj Khalifa,Burj Residence Phase I & II",43092900
Aster Royal Clinic Springs Souk Pharmacy Br Of D M Healthcare L L C,DXB,Pharmacy,Al Thanya,"NSPV FF 24 NSPV FF 25, Springs Souk, Al Thanyah Fourth, Dubai, UAE",43288352
Avenue Pharmacy Llc - Dxb,DXB,Pharmacy,Business Bay - Sheikh Zayed,"Aspect Towers, Bay Avenue, Business Bay, Dubai",44357450
Aweer Society Pharmacy,DXB,Pharmacy,Al Aweer,"Union Cop, Near Fruit & Veg Market",43201900
Axon Medica Pharmacy,DXB,Pharmacy,Silicon Oasis,"Nadd Hessa Street, Gf-Lynx Tower",43484992
Axon Medica Pharmacy Llc Ex: Orion Family Pharmacy Llc,DXB,Pharmacy,Jebel Ali,Garden Street 7 -Behind Mosque,44599904
Bader Pharmacy,DXB,Pharmacy,Karama,"Shop No. 10 & 11, Ground Floor, Kifaf 2 Building, Near Sunrise Supermarket, Opposite City Corner, Karama Dubai - U.A.E.",43348129
Balsam Al Hadeethah Pharmace Llc,DXB,Pharmacy,Umm Suqaim,"Jumeirah Beach rd, near Mun.office,Umm Souqeim. Before Burj AL Arab",43488507
Baniyas Life Pharmacy Br Of Life Pharmacy Llc,DXB,Pharmacy,Deira,"Al Ashrfiah Building, Near Clock Tower, Deira, Dubai - UAE",45610000
Barsha Rose Gardens Pharmacy Llc,DXB,Pharmacy,Al Barsha 1,"Shop # 1, Rose Gardens Hotel Apartment Bldg, Al Barsha 1, Dubai",45610000
Bay Square Pharmacy L.L.C.,DXB,Pharmacy,Business Bay,"Unit G-03, BB11,Next to Choitram Supermarket, Bldg. No.BB11, Bay Square, Business Bay, Dubai",45610000
Beta Pharmacy - Dxb,DXB,Pharmacy,Mirdiff,Mirdiff City Centre,42840678
Bin Seray Pharmacy - Life Healthcare,DXB,Pharmacy,Karama,"Oud Mehta Road, Near Lamcy Plaza, Dubai",45610000
Bin Sina Emirates Pharmacy Llc,DXB,Pharmacy,Jebel Ali,"Al Barsha Rd, Mall Of The Emirates - Dubai",43410345
Blue Bell Medical Centre Llc- Pharmacy,DXB,Pharmacy,Al Karama,"Crystal Busines Center, Al Karama, Dubai, UAE",52534625
Border Pharmacy Llc,DXB,Pharmacy,Dubai Silicon Oasis,Leoerium Building Dubai Silicon Oasis,43793515
Burjeel Al Hayyat Pharmacy,DXB,Pharmacy,Jebel Ali Industrial,"Jabel Ali Commercial Complex, Near Joseph Industries, 48 Street, Parco Side, Jebel Ali Industrial",48808981
Burjuman Pharmacy Llc,DXB,Pharmacy,Burjuman,"Ground Floor,Khalid Bin Al Walid Street, Inside Burjuman Center, Bur Dubai",45610000
Care & Cure Pharmacy Llc - Dxb,DXB,Pharmacy,Jebel Ali,"Shop No. 04, Building No. 15,  Cluster Zen 02,  Plot No. 853, Discovery Gardens, Street 1, Jabel Ali-1, Dubai, U.A.E.",44390384
Care Mark Pharmacy_Dxb,DXB,Pharmacy,Dubai Silicon Oasis,"Binghatti Vista, Inside West Zone Fresh Supermarket, Dubai Silicon Oasis, Industrial Area, Dubai",43310044
Ccs Life Pharmacy Br Of Life Pharmacy Llc,DXB,Pharmacy,Bur Dubai,"Unit No. 2, Ground Floor, Shindagha City Centre, Bur Dubai, Dubai",45610000
Central Market Pharmacy - Dxb,DXB,Pharmacy,Al Tawar 1,"Near To Dafza Metro Station, Al Qusais,Dubai",42613451
Central United Pharmacy Branch Of United Pharmacy Investment Llc,DXB,Pharmacy,Dubai,"Shop No: 001, Mirdif City Center, Deira",45610000
City Land Life Pharmacy Br Of Life Pharmacy Llc,DXB,Pharmacy,Wadi Al Safa,"Unit No. 260, City land The Mall, Wadi Al Safa, Dubai – UAE",45610000
City Life Pharmacy L.L.C.,DXB,Pharmacy,Sheikh Zayed Road,"Shop No. Rtgf 01 – 04 , Rtmz 01,Rtmz04 , Sama Tower, Trade Centre First, Sheikh Zayed Road, Dubai - Uae",45610000
Co-Operative Pharmacy - Life Healthcare,DXB,Pharmacy,Deira,"Al Sabka Road, Deira, Dubai",45610000
Creek Life Pharmacy Br Of Life Pharmacy Llc,DXB,Pharmacy,Dubai Creek,"Unit No. 1-21, 1-24, First Floor, Madina Mall, Dubai, Uae.",45610000
Dar Al Naseem Pharmacy Llc_Dxb,DXB,Pharmacy,Muhaisnah 4,"National Bond Building  Next To Madina Mall, Beirut  Street, Muhaisnah 4",42576266
Dar Al Noor Pharmacy,DXB,Pharmacy,Naif,"Shop No 1,2 - Shaiban Building - Naif Road - Deira - 235354",42322080
Dar Al Nujoom Pharmacy Llc,DXB,Pharmacy,Umm Hurai,"Shop No. 4, Convention Centre, Hotel Grand Hyatt, Sheikh Rashid Rd, Umm Hurair 2, Dubai",42724197
Deira Life Pharmacy L.L.C.,DXB,Pharmacy,Rigga,"Shop#2,State 1 building, Rigga, Dubai.",45610000
Dha Pharmacies,DXB,Pharmacy,Dubai,Dubai,504546185
Diamond 3 Pharmacy L.L.C.,DXB,Pharmacy,Dubai Marina,"Unit No. Pi-G-05, Park Island, Dubai Marina, Dubai",45610000
Docib Pharmacy L.L.C.,DXB,Pharmacy,Bur Dubai,"33A St, Next To Al Rashidiya Police Station - Dubai",43962270
Doha Pharmacy - Life Healthcare,DXB,Pharmacy,Al Attar Tower,"Al Attar Tower, Shk.Zayed Road, Dubai",45610000
Dorra Pharmacy (Al Shafar Group)(Dm Healthcare Group)-Dxb,DXB,Pharmacy,Jumeira,"Villa 351, Beach Park,Near Medcare Child Clinic, Jumeira",43478481
Dr Abdullas Pharmacy,DXB,Pharmacy,Al Qusais Industrial 5,Mona Residence Bulding Opposite Dunes Hotel Apartments Amman Street Al Qusais Industrial Area 5 Dubai,42388778
Dr Joseph Polyclinic Community Pharmacy,DXB,Pharmacy,Karama,"Al Jaber Building,1St Floor,Next To Al Kifaf Apartments,Near Sunrise Supermarket,Al Karama, Dubai",43541663; 43541664
Dragon Mart Pharmacy,DXB,Pharmacy,Aweer,Dragon Mart Main Entrance,43687450
Dragon Pharmacy (Br Of Aster Al Shafar Pharmacies Group Llc),DXB,Pharmacy,Jebel Ali 1,"Shop 9, Azizi Farishta Building, Jabal Ali First, Near green bridge, Dubai",45693614
Dragon Pharmacy Fze,DXB,Pharmacy,Aweer,"Dragon Mart , Ban 05& 06",43687409
Dream Pharmacy - Life Healthcare - Dxb,DXB,Pharmacy,Dubai Marina,"Dream Tower,Near Al Maya Super Market, Dubai Marina, Dubai",44227844
Drops Pharmacy  Dubai,DXB,Pharmacy,Barsha 1,Barsha 1 - Tardis Building,43206500
Dubai Life Pharmacy - Life Healthcare,DXB,Pharmacy,Dubai World trade center,"Hall No.5, Dubai World Trade Centre, Dubai",45610000
Dulsco Pharmacy,DXB,Pharmacy,Dubai Industrial City,"Sheikh Mohammed Bin Zayed Road, Labor Village 1, Dubai Industial City , Dubai, Uae",44219354
Duraiya Kamal Medical Clinic-Pharmacy,DXB,Pharmacy,Baniyas Square,"First Floor Al Gaz Building, Next to Habib Bank AG Zurich Baniyas Square - Al Maktoum Rd. Dubai",42272289
Elaj Pharmacy - Life Healthcare,DXB,Pharmacy,Deira,"Aboobaker Siddique Road, Deira, Dubai.",45610000
Extra Life Pharmacy - Life Healthcare - Dxb,DXB,Pharmacy,Dubai Investment Park,Akas Inn Hotel Apartment (Behind Holiday Inn Al Barsha,45610000
Faith Acacia Pharmacy L.L.C.,DXB,Pharmacy,Al Soufuh,"Al Soufuh Sites Soufuh Gardens, Al Soufuh",45831633
Faith Ahlan Pharmacy Llc,DXB,Pharmacy,Al Nahda,"Shop No. 8 - King Abda Rashid Mohammed Ali Al Falsi Al Nahda , Dubai UAE",45545847
Faith Al Khail Pharmacy Llc,DXB,Pharmacy,Al Quoz,"Shop. No. 1 AL KHAIL HEIGHTS 1A-1B Al Quoz 4, near to Al Quoz General Star Trading Dubai, UAE",45542713
Faith Al Quoz Pharmacy Llc,DXB,Pharmacy,Al Quoz,"Shop No. 6 King Abdullah Al Muhairi Al Qouz First, Al Quoz Dubai",43960422
Faith Cap 1 Pharmacy L.L.C.,DXB,Pharmacy,Al Mizhar First,ENOC 1014  Tunis Rd Al Mizhar First - Dubai,42255121
Faith European Pharmacy L.L.C.,DXB,Pharmacy,Al Thanya,"Meyan Mall Um Suqaim Second Road Adjacent, Al Thanya, Jumeirah St.",42381881
Faith Hayaa Pharmacy Llc,DXB,Pharmacy,Al Khabeer,"Shop No. 6 Department Of Peaceful Affairs And Charitable Activities,Masjid Al Khabeer St.,  Al Kawaneej 2nd Al Khabeer, Dubai UAE",44458339
Faith Jabal Pharmacy L.L.C.,DXB,Pharmacy,Jebel Ali,"Shop Number 5 Labour Camp Building. Jebel Ali Industrial Area First, Jebel Ali",43965609
Faith Pharmacy,DXB,Pharmacy,Deira,"Near Al Futtaim Masjid, Naif Road, Deira",42365626
Faith Walk Pharmacy Llc,DXB,Pharmacy,Jumeirah,"Shop GM14 Amwaj Rotana JBR Dubai UAE next to Tealicious Bubble Tea,",45799136
Faith Way Pharmacy - Dxb,DXB,Pharmacy,Jumeira,"J.T.S Medical Centre Building, Opposite Union House, 2Nd December Street, Jumeira-1",43798953
Faithway Pharmacy Llc (Branch),DXB,Pharmacy,Al Muteena,"Beside Westzone supermarket Al Muteena, UAE",43327827
Fajar Al Satwa Pharmacy Llc,DXB,Pharmacy,Satwa,"Al Bada Oasis Bldg, Al Hudaibah Strt , Satwa - Dubai",42981526
Fajer Mirdif Pharmacy Llc,DXB,Pharmacy,Deira,"Shop No.5, Burj Nahar Building-Opp. Snowhite, Omar Bin Al Khattab Road-Near. Fish Roundabout - Muteen, Deira-Dubai 300856",43437636
Fajr Al Madina Pharmacy L.L.C Branch,DXB,Pharmacy,Jebel Ali 1,"Dubai Shop No - 6, Ground Floor, Crystal Mall, Hilal Al Madina Hypermarket Jabel Ali - Dubai",42341479
Fajr Al Madina Pharmacy Llc,DXB,Pharmacy,Al Quoz,"Dubai Shop - 7 Ground Floor, Farnek Bldg Al Quoz-3, Dubai, U.A.E",43410401
Fawagee Pharmacy - Life Healthcare,DXB,Pharmacy,Nad Al Hamar,"Nad Al Hamar, Dubai",45610000
Fawagee Scientific Pharmacy - Life Healthcare,DXB,Pharmacy,Mirdif,"26 B Street, Mirdiff",45610000
Festival Life Pharmacy Br Of Life Pharmacy Llc,DXB,Pharmacy,Festival Plaza,"Unit No. - SU108 & SU109, Ground Floor, Festival Plaza, Dubai – UAE",45610000
Galleria United Pharmacy Branch Of United Pharmacy Investment Llc,DXB,Pharmacy,Dubai,"Shop No: 13, (Sheikha Hind Bin Maktoum Bin Juma Al Maktoum) Galleria Mall, Next to Jumeirah Post Office,",45610000
Gardens Pharmacy (Medshop) - Dxb,DXB,Pharmacy,Discovery Gardens,"Zen Cluster, Discovery Gardens",44329596
Globehealth Pharmacy Llc,DXB,Pharmacy,Deira,"Shop No 4, Building Residence 0943, Abu Baker Al Siddique Road, Hor Al Anz , Deira, Dubai.",42572447
Gold Life Pharmacy Br Of Life Pharmacy Llc,DXB,Pharmacy,Sheikh Zayed Road,"Unit no. GDP-5-G-R5-004, Gold and Diamond Park, Dubai",45610000
Golden Life Pharmacy - Life Healthcare,DXB,Pharmacy,Murooj Complex,"Murooj Complex, Shk. Zayed Road, Dubai",45610000
Golden Sands Pharmacy,DXB,Pharmacy,Bur Dubai,Al Ain Centre - Bur Dubai,43511444
Goodwill Pharmacy Llc,DXB,Pharmacy,Jebel Ali Industrial 1,"First Floor, Al Bateel mall (Talaal Plaza Hypermarket) Talaal Plaza Hypermarket Meraas Jabal Ali Industrial 1 Dubai",48805790
Grand Advanced Care Pharmacy Llc,DXB,Pharmacy,Al Qusais,"Al Fattan Charitable Building,Damascus Street, Al Qusais, Dubai",43709357
Grand Dr. Ismail Polyclinic Llc Pharmacy,DXB,Pharmacy,Abu Hail,Jscom Grand Residence Shop no 3 Near Canadian Specialist Hospital 28th Street Abu Hail Dubai UAE,43706200
Grand Infinity Pharmacy- Dxb,DXB,Pharmacy,Muhaisna,"Al Qaseer Bldg, Ground Floor, Near Madina Mall , Muhaisnah-4 , Dubai-Uae",42515458
Grand Infinity Pharmacy Llc Branch,DXB,Pharmacy,Deira,"Shop No:4, Grand Excelsior Hotel, Muteena Street, Deira",43361148
Grand Life Pharmacy - Life Healthcare,DXB,Pharmacy,Deira,"Al Muteena St., Deira, Dubai",45610000
Grand Muriat Pharmacy Llc,DXB,Pharmacy,Deira,"Behind Al Hamriya Post Office, Hamriya, Deira, Dubai",42639986
Grand Royal Pharmacy - Life Healthcare Group,DXB,Pharmacy,Bur Dubai,"Rolla Road, Bur Dubai, Dubai",45610000
Grand United Pharmacy Branch Of United Pharmacy Investment,DXB,Pharmacy,Dubai,"Shop No: GF012, Ground Floor, Near Fashion Parking, Dubai Mall (Sheikh Zayed Street)",45610000
Green Belt Pharmacy Llc,DXB,Pharmacy,Abu Hail,"Shop No. 3, Gold Building  Opposite To Canadian Hospital,Abuhail, Dubai- Uae P.O. Box 77450",43991839
Gsm Greens Pharmacy L.L.C,DXB,Pharmacy,Hor Al Anz,"Hor Al Anz , Juma Aman Obaid Aman, Al Ali Villa No. S-6",48831002
Hafsa Pharmacy (Branch),DXB,Pharmacy,Gold Souk,"Sherina Plaza,1, Al Corniche Street, Shop no 2,3,4&14,Near Gold Souk Metro Station, Deira, Al Murar, Dubai,  U.A.E, PO Box 504333",42614591
Hafsa Pharmacy- Dxb,DXB,Pharmacy,Jebel Ali,"Next Mango Hypermarket,Masjid Abu Dhar Al Ghifari Mosque, Muhasinah-2",42643567
Hakeem Pharmacy Fze,DXB,Pharmacy,Silicon Oasis,"IT Plaza Tower,DSO, Dubai",42591709
Hala Pharmacy 13 Llc,DXB,Pharmacy,International City,"Shop # 22 & 24,S-6 Building, Spain Cluster,International City,Dubai",45610000
Hala Pharmacy 14 Llc,DXB,Pharmacy,Dubai Marina,"Shop No.1, Marina Diamond 5 (A) Dubai Marina, Dubai",45610000
Hala Pharmacy 15 Llc,DXB,Pharmacy,Discovery Gradens,"Shop No : 01 , Al Safa Tower, Near Emirates Tower Metro Station , Trade Centre, Shk. Zayd Road, Dubai – Uae",45610000
Hala Pharmacy 16,DXB,Pharmacy,International City,"Shop No. S -1 , Al Satwa Building, Al Hudaiba, Satwa, Bur Dubai - Uae",45610000
Hala Pharmacy 19,DXB,Pharmacy,International City,"S-16, P 17 Building , France Cluster, International City, Dubai Uae.",45610000
Hamriya Life Pharmacy L L C,DXB,Pharmacy,Deira,"Ground Floor,Union Co-Operative Society,Hamriya Shopping Centre,Deira Hor Al Anz East,Dubai",45610000
Harley International Medical Clinic Pharmacy,DXB,Pharmacy,Mankhool,"D103, Nashwan Bldg., Mankhool Area P.O. Box 34801, Dubai, UAE",43986677
Hatta Pharmacy - Dxb,DXB,Pharmacy,Hatta,"Shop No.1, Ground Floor, Emirates Co-Operative Society, Near Hatta Fort Hotel, Opposite Emirates Nbd Bank, Oman Road, Hatta Dubai - U.A.E.",48521794
Health And Glow Pharmacy Br. Of  Life Pharmacy Llc ( Ex. Life Pharmacy 59 (Br Of Life Pharmacy Llc),DXB,Pharmacy,JVC,"G075B, The Circle Mall, JVC",45610000
Health First 52 ( Br Of Health First Investments Llc ),DXB,Pharmacy,Sheikh Zayed Road,"White Crown Tower Building, Ground Floor,34 Sheikh Zayed Rd,Dubai",43253056; 43292489
Health First Pharmacy 1,DXB,Pharmacy,Bur Dubai,"Tameem House Office Building,Shop No Gf01,Al Fosool Street,Barsha Heights,Dubai",44377533
Health First Pharmacy 11,DXB,Pharmacy,Business Bay,"Building No:3,Bay Square,Al Asayel Street, Busines Bay,Dubai",44560100
Health First Pharmacy 2,DXB,Pharmacy,Nad Al Sheba,"Shop No 5 & 6,Inside Aswaaq,Nad Al Sheba 4,Ras Al Khor,Dubai",43264234
Health First Pharmacy 23,DXB,Pharmacy,Deira,"Hamarin Centre, Marriot Hotel Bldg,Abu Baker Siddiquie Road,Al Muraqqabat,Deira Dubai",42693618; 42679976
Health First Pharmacy 24,DXB,Pharmacy,Down Town 		Burj,"Shop No 5,Al Ohood Street,South Ridge Tower 1,South Ridge, Dubai",44329158
Health First Pharmacy 25,DXB,Pharmacy,Barsha - 2,"Souq Extra Shopping Center - Barsha,Shop No :S6,Ground Floor,37Th Street,Barsha - 2, Next To Barsha 2- Park 3, Dubai,Uae",43992116; 43997956
Health First Pharmacy 27 Br,DXB,Pharmacy,Al Barsha I,"Impz,The Crescent Tower B Bldg,G01,Ground Floor,Meaisem First Community,Dubai",44253020
Health First Pharmacy 3,DXB,Pharmacy,Marina,"Plot No-333-397, Shop No.2, Al Hudaiba Road, Al Bada’A, Satwa, Dubai, U.A.E",43999020
Health First Pharmacy 30,DXB,Pharmacy,Karama,"Shop No 1 ,Al Attar Tower,Towards Sharjah",42523591
Health First Pharmacy 33,DXB,Pharmacy,Karama,"Shop No: (G/A7), Al Kafif Residential Building, Al Karama, Dubai",43963068
Health First Pharmacy 34,DXB,Pharmacy,Burdubai,"Shop No : 3,Ibrahim Bin Abdulrahim Qassem Building,Al Hamriya,Musalla Road,Burdubai,Dxb",43852791; 43853001
Health First Pharmacy 37,DXB,Pharmacy,Dubai Sports City,"Mediterranean Building, Canal Residence West,Hessa Street,Dubai Sports City,Dubai",43606023
Health First Pharmacy 38,DXB,Pharmacy,Bur Dubai,"Saleh Bin Lahej Building 338,4Th Street,Oud Metha,Lamzy Plaza,Burdubai,Dubai",43960695; 43969821
Health First Pharmacy 4,DXB,Pharmacy,Business Bay,"Business Bay Executive Towers,Next To Spinneys Shop 110,Ground Floor, Shaikh Zayed Road,Al A'Amal Street,Dubai",44587004
Health First Pharmacy 41,DXB,Pharmacy,Mirdiff,"Shop No : 6,Uptown Mirdiff Mall,Mirdiff,Dubai",42882296; 42832565
Health First Pharmacy 45,DXB,Pharmacy,Al Barsha,"Shop No:4,Alrawba Building,Opposite Lulu Super Market,Halim Street,Al Barsha,Dubai",43965891; 43969804
Health First Pharmacy 48 (Br Of Health First Investment Llc,DXB,Pharmacy,Jumeirah,"Shop No 5,Jumeirah Road,Opposite To Spinneys,Jumeirah 1, Dubai",43430616; 43489757
Health First Pharmacy 5,DXB,Pharmacy,Al Khail Road,"Unit: Tdm-Sf-186-15, Opposite Vr Park, The Dubai Mall, Dubai",42525008
Health First Pharmacy 55,DXB,Pharmacy,Dubai Healthcare City,"G04, Block A, Building No.27, Dubai HealthCare City, Dubai, UAE",45776210
Health First Pharmacy 57,DXB,Pharmacy,Al Mamsha,"Sheraton Jumeirah Beach Resort, Al Mamsha Road, Marina,Dubai",45468891
Health First Pharmacy 58,DXB,Pharmacy,Mirdiff,"Unit No: 08, Mirdif Avenue Mall, 78th Street, Mirdif, Dubai",45913880
Health First Pharmacy 60,DXB,Pharmacy,Deira,"Unit No - 11A, 2nd Floor, Emirates Headquarters, Garhoud, Deira, Dubai.",47187442
Health First Pharmacy 61,DXB,Pharmacy,Damac Hills,"Retail no:06, Viridis Tower B, Damac Hills 2, Dubai, U.A.E",42286011
Health First Pharmacy 64 (Br Of Health First Investment L.L.C),DXB,Pharmacy,Garhoud,"Shop No:18, Airport View Building, Garhoud, Dubai, U.A.E",43805045
Health First Pharmacy 9,DXB,Pharmacy,Al Barsha,"Season Summer Block B, Albarsha South,Summer 2,Jumeriah Village Circle,Dubai",44233733
Health Hub Pharmacy (Br Of Alfuttaim Health Care Single Person Company L.L.C)-Festival Plaza,DXB,Pharmacy,Jabel Ali -1,"First Floor, Festival Plaza Mall, Jebel Ali - Dubai",45967373
Health Point Pharmacy Llc,DXB,Pharmacy,Al Barsha South Fourth,"Unit no. 2 & 3, Chaimaa Premiere, JVC, Al Barsha South Fourth, Dubai",45610000
Healthhub Pharmacy (Br Of Alfuttaim Health Care Single Person) Jebel Ali,DXB,Pharmacy,Jebel Ali,"Jebel Ali Frist grand Hypermarket Building, Room no, S0M",45967201
Healthhub Pharmacy (Br.Alfuttaim Healthcare Single Person Company Llc),DXB,Pharmacy,Dubai Silicon Oasis,Dsoa-22-008-Lynx Tower-G-G06,43057333
Healthhub Pharmacy (Br.Alfuttaim Healthcare Single Person Company Llc) - Warqa,DXB,Pharmacy,Al Warqa-1,Al Warqa,42186276
Healthhub Pharmacy Br Of Alfuttaim Healthare,DXB,Pharmacy,Qusais -1,"Ground Floor, Manazel Deira Building, Al Nahda Street, Al Qusais 2, Dubai",42040454
Healthhub Pharmacy Br Of Alfuttaim Healthcare Single Person Company Llc (Muteena),DXB,Pharmacy,Muteena,"Al Muteena 1084, Al Muteena , Deira, Next to VIVA Supermarket , Al Muteena, Deira",45967366
Healthhub Pharmacy Br. Al Futtaim Healthcare Single Person Company Llc - Al Nahda,DXB,Pharmacy,Al Nahda-2,Al Nahda,45967123
Healthhub Pharmacy Br.Alfuttaim Healthcare Single Person Company Llc,DXB,Pharmacy,Discovery Garden,"Building No.6, Next to Dubai Driving School, Street 1A",42040499
Healthhub Pharmacy Br.Alfuttaim Healthcare Single Person Company Llc,DXB,Pharmacy,International City,"Warsan Building, Opposite T01 Spain Cluster, International City, Dubai",45714141
Healthhub Pharmacy Br.Alfuttaim Healthcare Single Person Company Llc - Al Qouz,DXB,Pharmacy,Al Quoz 4,Al Quoz-4,45214200
Healthhub Pharmacy Kbr Alfuttaimhealthcare Single Person Company Llc,DXB,Pharmacy,Karama,"Ground Floor, Al Kifaf Mansion, 11Th Street, No. 5, Karama, Dubai",45967123
Healthhub Pharmacy Tbr Alfuttaim Healthcare Single Person Company,DXB,Pharmacy,Tecom,"Al Thanyah First, Art Heights,Shop 4,5,6, Dubai Internet City Metro Station",45963080
Healthhub Pharmacy8 Br Alfuttaim Healthcare Single Person Company Llc,DXB,Pharmacy,Al Barsha I,"Abduljalil Mahdi Mohd Alaswani, Near to Saudi German Hospital, Al Barsha 1, Al Hawa Street",45967372
Highway Pharmacy,DXB,Pharmacy,Bur Dubai,"Enoc Station, Opp. Wasel Hospital",43375552
Hill Life Pharmacy L.L.C.,DXB,Pharmacy,Karama,"Back Side Of Lulu Hypermarket, 41 Street, Al Karama",43232286
Hopecare Pharmacy Llc,DXB,Pharmacy,Hor Al Anz,Hamaad Khalfan Building Aisha Mosque Hor Al Anz Deira Dubai,42268881
Htk Pharmacy Llc,DXB,Pharmacy,Al Maktoum,"Htk Medical Center, Grould Floor, Doha Center Building, Al Maktoum Road, Deira, Dubai",42957776
Ibn Al Azwar Pharmacy (Medshop) - (Moopen'S Group),DXB,Pharmacy,Aweer,Near Eppco - Al Aweer,43331504
Ibn Sina 21 Pharmacy Br Of Ibn Sina Group Pharmacies Llc,DXB,Pharmacy,Dubai Festival City,Marks & Spencer Gate - Dubai Festival City - Dubai,42839686
Ibn Sina 29 Pharmacybr Of Ibn Sina Group Pharmacies Llc,DXB,Pharmacy,Burj Dubai Area,Dubai Mall - Fincial Center Rd - Downtown Dubai - Dubai,43398918
Ibn Sina 30 Pharmacy Br Of Ibn Sina Group Pharmacies Llc,DXB,Pharmacy,Nad Al Hamar,Aswaaq - 24 24 B St - Nadd Al Hamar - Dubai,42845066
Ibn Sina 31 Pharmacy Br Of Ibn Sina Group Pharmacies Llc,DXB,Pharmacy,Al Mizhar,"Al Khurtoom Street, Near Aswaaq Mall, Mizhar",42845875
Ibn Sina 34 Pharmacy Br Of Ibn Sina Group Pharmacies Llc,DXB,Pharmacy,Al Warqa,"In Aswaaq Supermarket, Al Warqa 2 Near Al Warqa Park  Dubai",42804340
Ibn Sina 38 Pharmacy Br Of Ibn Sina Group Pharmacies Llc,DXB,Pharmacy,Mirdiff,"South Entrance, First Floor, City Centre - Mirdif - Dubai",42843057
Ibn Sina 39 Pharmacy Br Of Ibn Sina Group Pharmacies Llc,DXB,Pharmacy,AL Barsha second,"Aswaaq Supermarket , AL Barsha second",43543210
Ibn Sina 40 Pharmacy Br Of Ibn Sina Group Pharmacies Llc,DXB,Pharmacy,Dubai Mall,"Second Floor, Dubai Mall",43253410
Ibn Sina 41 Pharmacy Br Of Ibn Sina Group Pharmacies Llc,DXB,Pharmacy,Meydan Heights,Meydan Heights Retail Center,43271417
Ibn Sina 43 Pharmacy Br Of Ibn Sina Group Pharmacies Llc,DXB,Pharmacy,Al Barsha,Al Barsha Boutique Building,43950305
Ibn Sina 44 Pharmacy Br Of Ibn Sina Group Pharmacies Llc,DXB,Pharmacy,Sheikh Zayed Road,"Jumeirah Tower, 95  336 Sheikh Zayed Rd  Za'Abeeltrade Centre 2  Dubai",43513249
Ibn Sina 45 Pharmacy Br Of Ibn Sina Group Pharmaciesllc,DXB,Pharmacy,Palm - Jumeirah,"Center of Palm - Al Hilali - Dubai Nakheel Mall, Palm - Jumeirah - Dubai",45686691
Ibn Sina 51 Pharmacy Br Of Ibn Sina Group Pharmacy,DXB,Pharmacy,Discovery Park Pavilion,Discovery Park Pavilion,45516175
Ibn Sina 52 Pharmacy Br Of Ibn Sina Group Pharmacies Llc,DXB,Pharmacy,Jumeirah Park,"G Floor, Jumeirah Park, Al Thanyah 5",44250584
Ibn Sina 54 Pharmacy Br Of Ibn Sina Group Pharmacies Llc,DXB,Pharmacy,Trade Centre 2,First Floor - Sheikh Zayed Rd - Emirates Towers - Trade Centre 2 - Dubai,43523073
Ibn Sina 55 Pharmacy Br Of Ibn Sina Group Pharmacies Llc,DXB,Pharmacy,Barsha Heights,"G Floor, I-Rise Tower, Barsha Heights",45521384
Ibn Sina 58 Pharmacy Br Of Ibn Sina Group Pharmacies Llc,DXB,Pharmacy,Emaar Square,"Emaar Square Building 1,  Al Ghadeer St.",44584338
Ibn Sina 60 Pharmacy Br Of Ibn Sina Group Pharmacies Llc,DXB,Pharmacy,Al Qudra Street,"The Ranches Souk,  Al Qudra Street",44293156
Ibn Sina 61 Pharmacy Br Of Ibn Sina Group Pharmacies Llc,DXB,Pharmacy,Al Wasl Road,"Union Coop, Al Wasl Road, Jumeirah",43465104
Ibn Sina 62 Pharmacy Br Of Ibn Sina Group Pharmacies Llc,DXB,Pharmacy,Al Salam Town Centre,Ground Floor Al Salam Town Centre,45148927
Ibn Sina 64 Pharmacy Br Of Ibn Sina Group Pharmacies Llc,DXB,Pharmacy,Al Barsha 2,Galleria Mall - 37 23rd St - Al Barsha - Al Barsha 2 - Dubai,43205132
Ibn Sina 67 Pharmacy Br Of Ibn Sina Group Pharmacies Llc,DXB,Pharmacy,Dubai Hills Estate,Dubai Hills Estate - Dubai,43200253
Ibn Sina 71 Pharmacy Br Of Ibn Sina Group Pharmacies Llc,DXB,Pharmacy,Motor City,First Avenue Mall Motor City,48764057
Ibn Sina 72 Pharmacy Br Of Ibn Sina Group Pharmacies Llc,DXB,Pharmacy,The Greens,Panorama at the Views and Greens - 6th St - The Greens - Dubai,44242065
Ibn Sina 73 Pharmacy Br Of Ibn Sina Group Pharmacies Llc,DXB,Pharmacy,Matrix Tower,"Matrix Tower, Green Dr",42424028
Ibn Sina 74 Pharmacy Br Of Ibn Sina Group Pharmacies Llc,DXB,Pharmacy,Al Mizhar 1,220 Rd West Zone Mall - Al Mizhar 1 - Dubai,42245307
Ibn Sina 75 Pharmacy Br Of Ibn Sina Group Pharmacies Llc,DXB,Pharmacy,Mirdif,"Mirdif, Corner 47/78 Street - Dubai",42204386
Ibn Sina 78 Pharmacy Br Of Ibn Sina Group Pharmacies Llc,DXB,Pharmacy,Springs 7,Spring Village Mall - Al Afnan St - Springs 7 - Dubai,44252745
Ibn Sina 80 Pharmacy Br Of Ibn Sina Group Pharmacies Llc,DXB,Pharmacy,Dubai Marina,"Alkhayay St, Dubai Marina Marina Gate 1 - Dubai",45897405
Ibn Sina 81 Pharmacy Br Of Ibn Sina Group Pharmacies Llc,DXB,Pharmacy,Jumeirah 1,La Mer - 45 2 A St - Jumeirah - Jumeirah 1 - Dubai,43855578
Ibn Sina 85 Pharmacy Br Of Ibn Sina Group Pharmacies Llc,DXB,Pharmacy,Al Barari,"Seventh Heaven, Al Barari Firm Management, Sheikh Mohammed bin Zayed Road, E311 Opposite to Global Village - Dubai",43854225
Ibn Sina 91 Pharmacy Br Of Ibn Sina Group Pharmacies Llc,DXB,Pharmacy,Al Sufouh 2,"Business Central Towers - Business Central Towers, Ground Floor,Tower A - Al Sufouh - Al Sufouh 2 - Dubai",42967916
Ibn Sina 92 Pharmacy Br Of Ibn Sina Group Pharmacies Llc,DXB,Pharmacy,Trade Centre 1,Sheikh Zayed Rd - Trade Centre - Trade Centre 1 - Dubai,42506121
Ibn Sina 95 Pharmacy Br Of Ibn Sina Group Pharmacies Llc,DXB,Pharmacy,Dubai Silicon Oasis,Souq Extra Dubai Silicon Oasis Center,43201644
Ibn Sina 96 Pharmacy Br Of Ibn Sina Group Pharmacies Llc,DXB,Pharmacy,Al Quoz 1,Souq Extra - 17 10A Street - Al Quoz - Al Quoz 1 - Dubai,42640718
Ibn Sina 97 Pharmacy Br Of Ibn Sina Group Pharmacies Llc,DXB,Pharmacy,Dubai Design District,"Dubai Design District, Dubai, UAE",48761001
Ibn Sina 98 Pharmacy Br Ofibn Sina Group Pharmacies Lcc,DXB,Pharmacy,Dubai Festival City,Marks & Spencer Gate - Dubai Festival City - Dubai,42325234
Ibn Sina 99 Pharmacy Br Of Ibn Sina Group Pharmacies Llc,DXB,Pharmacy,Jumeirah Beach Rd,"Mercato Shopping Mall, Jumeirah Beach Rd, Jumeirah 1",43400296
Ibn Sina Group Pharmacies Llc - Dubai Healthcare City,DXB,Pharmacy,Healthcare city,Dubai Healthcare City Br 3 (Al Razi Building),42427835
Ibn Sina Pharmacies Llc Branch 32,DXB,Pharmacy,Jebel Ali,Sheikh Zayed Rd Ibn Battuta Mall - Dubai,44233895
Ibn Sina Pharmacy 66,DXB,Pharmacy,Dubai Healthcare City,"Al Razzi Building 59, Opposite Sulaiman Al-Habib hospital Dubai - Dubai Healthcare City - Dubai",44228832
Ibn Sina Pharmacy Br Of Ibn Sina Group Pharmacies Llc,DXB,Pharmacy,Deira,Nasser Square Opposite To Baniyas Metro Station - Dubai,42221071
Ibn Sina Scientific Pharmacy Br Of Ibn Sina Group Pharmacies,DXB,Pharmacy,Al Waha,27HM+99X - Al Waha/Layan Access Rd - Layan - Dubai,44580211
Ibn Sina Twenty Five Pharmacy Br Of Ibn Sina Group Pharmacies Llc,DXB,Pharmacy,Umm Suqaim,"Manara Signal - 680 Jumeria Beach Road, Opposite Costa Coffee - Umm Suqeim 1 - Dubai",43940934
Innovation Family Pharmacy L.L.C,DXB,Pharmacy,Jumeirah 3,"Corner Teslaama St - Umm Suqeim - Jumeirah 3 – Dubai, UAE",43417924
International Modern Hospital Pharmacy,DXB,Pharmacy,Mankhool,"IMH building, Mankhool area, Rashid Port St. near Chelsey Hotel",44063000
Iqra Pharmacy,DXB,Pharmacy,Naif Road,"Opp: Al Futhaim Masjid, Deira",42289164
J.B.R. Life Pharmacy - Life Healthcare Group,DXB,Pharmacy,Jumeira,"Jumeirah Beach Residence, Amwaz 3",45610000
Jadaf Life Pharmacy Br Of Life Pharmacy,DXB,Pharmacy,Al Jeddaf,"Retail#1, Riah Towers, Culture Village, Al Jeddaf, Dubai - UAE",45610000
Jbr Bahar Pharmacy,DXB,Pharmacy,JBR,"Shp # P25, Bahar Tower - 4 Near Al Maya Supermarket, JBR",45610000
Jbr Life Pharmacy 2 Br Of Life Pharmacy Llc,DXB,Pharmacy,JBR,"Shop No 2406, Ground floor, The Beach – JBR , Dubai UAE",45610000
Jbr Murjan Pharmacy Est.,DXB,Pharmacy,JBR,"Shp # P57, Murjan Tower - 2, Near Daily gourmet Supermarket, JBR",45610000
Jbr Sadaf Pharmacy Est.,DXB,Pharmacy,JBR,"Shp # P32, Sadaf Tower - 2, Near Al Maya Supermarket, JBR",45610000
Jbr Shams Pharmacy Llc,DXB,Pharmacy,JBR,"Shp # PT24, Shams Tower-1, Near Al Maya Supermarket, JBR",45610000
Jebal Ali Advanced Care Pharmacy L.L.C.,DXB,Pharmacy,Jebal Ali,"Crown Mall,  Shop No: 30, Jebal Ali, Dubai, Industrial Area 1",45693777
Jupiter Al Qusais Polyclinic Llc Pharmacy,DXB,Pharmacy,Al Qusais,"No. 207 Second Floor, Al Mazoon Bldg, Damascus Road, Al Qusais - Dubai",42630987
Jvc Life Pharmacy Llc,DXB,Pharmacy,JVC,"Shop # Gs3,Opp To Bluemart Supermarket, Emirates Garden Ii- Mulberry, Jvc",45610000
Jvt Life Pharmacy Llc,DXB,Pharmacy,Al Khail,"Shop G-02 & G-03, Near Milestone Supermarket,Imperial Residence Tower, Jvt, Dubai",45610000
Karama Life Pharmacy Br Of Life Pharmacy L L C,DXB,Pharmacy,Karama,"Shop No. 1 & 2 , Al Karama Building , Karama , Dubai.",45610000
Karama One Pharmacy L.L.C.,DXB,Pharmacy,Karama,"Shop# 2 n 3@ Karama, Dubai",45610000
La Riviera Life Pharmacy Br Of Life Pharmacy Llc,DXB,Pharmacy,Dubai Marina,"Unit S02 in La Riviera Tower, Dubai Marina,Dubai",45610000
Lana Pharmacy L.L.C Branch,DXB,Pharmacy,Al Warqa,"Mohammad Mattar Ghadayer, Building No 28 Al Warqa 1, Al Warqa, Dubai",42283831
Lana Pharmacy Llc Jvc,DXB,Pharmacy,Al Barsha South Fourth,"The Residence VI,SHOWROOM-2,Al Barsha South Fourth",45579567
Life Abu Hail Pharmacy Llc,DXB,Pharmacy,Abu Hail,"Life Abu Hail Pharmacy, Dubai",45610000
Life Al Badaa Pharmacy L.Lc.,DXB,Pharmacy,Bur Dubai,"S # 1; Al Badaa Bldg,P 78 Al Badaa,Dubai",45610000
Life Al Barsha Fourth 2 Br Of Life Pharmacy Llc,DXB,Pharmacy,Al Barsha South,"Shop no. 1, Prime Business Center A, Al Barsha South Fourth (Plot no: 240), Dubai.",45610000
Life Al Barsha Pharmacy - Life Healthcare Group,DXB,Pharmacy,Al Barsha,"Etihad Mall,Mirdiff",45610000
Life Al Barsha South Fourth Br Of Life Pharmacy L L C,DXB,Pharmacy,JVC,"Shop No. G01-B, Manhattan Building, Near Choithram , Jvc Village,  Al Barsha South Fourth Community, Dubai",45610000
Life Al Hamriya Br Of Life Pharmacy Llc,DXB,Pharmacy,Bur Dubai,"Shop No: 1, Al Bahri Metro Building, Plot 373-261, Al Barsha 1, Dubai, Uae",45610000
Life Al Karama Pharmacy - Life Healthcare Group,DXB,Pharmacy,Karama,Near Burger King  Next To Ministry Of Health,45610000
Life Al Mizhar First Br Of Life Pharmacy,DXB,Pharmacy,Al Mizhar,"Unit No. 2630, Arabian Center, Al Mizhar, Dubai",45610000
Life Al Nahda Pharmacy L.L.C.,DXB,Pharmacy,Al Nahda,"Shop # 3, Twin Tower, Plot # 241-555, Al Nahda , Dubai",45610000
Life Al Qusais Pharmacy Llc,DXB,Pharmacy,Al Qusais,"Near Icare Clinic,Al Huraiz Building, Damascus Street",45610000
Life Al Riqqa 2 Br Of Life Pharmacy Llc,DXB,Pharmacy,Diera,"Shop no. AGC 30, Ground Floor, Al Ghurair Centre, Dubai – UAE",45610000
Life Al Riqqa Pharmacy L.L.C.,DXB,Pharmacy,Al Riqqa,"Shop# F67, Opp. To Carrefour, Al Ghurair Centre, Al Riqqa, Dubai",45610000
Life Al Shab Pharmacy L.L.C.,DXB,Pharmacy,Hor Al Anz,"Shop 1 & 2, Plot # 127-0422, Malik Building, Al Shaab Colony, Hor Al Anz, Dubai",45610000
Life Al Warqa 2 Br Of Life Pharmacy Llc,DXB,Pharmacy,Al Warqa First,"Shop No. 5, Ground Floor, Al Jabri Building, Al Warqa First, Dubai – UAE",45610000
Life Al Warqa Pharmacy Llc,DXB,Pharmacy,Al Warqa,"Shop 1 & 2, Al Kendi , bldg , Al warqa",45610000
Life Al Yalayis 1 Br Of Life Pharmacy 3 L.L.C,DXB,Pharmacy,Reem Community,"Unit No. Mira - Gf-005, Mira Town Centre, Reem Community, Dubai",45610000
Life Check Pharmacy Llc,DXB,Pharmacy,Deira,"Green Coast Real Estate Enterprises Baniyas Square, Naif, Al Nakheel, Deira",42523777
Life Dip Pharmacy Llc,DXB,Pharmacy,Greens,"Near Choithrams  Supermarket, Market Mall, DIP,Greens",45610000
Life Express Pharmacy - Life Healthcare - Dxb,DXB,Pharmacy,Garhoud,"Near Welcare Hospital Al Garhoud , Dubai, Al Mamzar Area",45610000
Life Guard Pharmacy Llc,DXB,Pharmacy,Al Quoz 3,"Eiffel Accommodation-2,Shop#2,Opp.Belhasa Driving School,Behind Al Khail Mall,Al Quoz-3",43333785
Life Health And Wellness Llc,DXB,Pharmacy,Dubai Silicon Oasis,"SHOP NO 15 TO 17 ,DSO,SPINNEYS,CEDRE VILLAS,DUBAI,UAE",45610000
Life Home Healthcare Fz Llc - Life Healthcare,DXB,Pharmacy,Dubai Healthcare City,Dubai Health Care City Free Zone,45610000
Life Island Pharmacy Br Of Life Pharmacy 3 Llc,DXB,Pharmacy,Jumeirah,"Unit No: Ji-B5 -Ri-05D,Jumeriah,Pavilion Master Community, Dubai.",45610000
Life Mayfair Pharmacy L.L.C.,DXB,Pharmacy,Business Bay,"S-02, Mayfair residence Tower, Business Bay, Dubai",45610000
Life Muraqabat Pharmacy Llc,DXB,Pharmacy,Al Muraqabat Road,"Shop#1,R471 Building,Wasl Trio Block A,Al Muraqabat Rd,Dubai",45610000
Life Pearl Pharmacy L..L.C.,DXB,Pharmacy,Dubai Marina,"Shop#9, Marina pearl Buldg,Dubai Marina,Dubai",45610000
Life Pharamcy 106 Br Of Life Pharmacy Llc,DXB,Pharmacy,Jumeirah Village Circle,"Shop No: 01, Plot No: 360, Aurion Residence, Jumeirah Village Circle",45610000
Life Pharamcy 142 Br Of Life Pharmacy Llc,DXB,Pharmacy,Al Barsha,"Shop No#4,Bin Meshar Bldg,Hessa Street,Al Barsha Third,Dubai",45610000
Life Pharmacy 10 Br Of Life Pharmacy Llc,DXB,Pharmacy,JBR Walk,"Shop No:6, Ground Floor,  Al Fattan Shopping Centre, JBR Walk, Dubai – UAE",45610000
Life Pharmacy 101 Br Of Life Pharmacy Llc,DXB,Pharmacy,Beirut St,"Enoc Site 98, Shop 3, Beirut St, D 60, Near Madina Mall",45610000
Life Pharmacy 102 Br Of Life Pharmacy Llc,DXB,Pharmacy,Umm Ramool,"Enoc Site 1005, Shop 5, Marrakech St, Umm Ramool, Near New Rta Complex",45610000
Life Pharmacy 103 Br Of Life Pharmacy Llc,DXB,Pharmacy,Dubai Sports City,"Enoc Site 1039, Shop 3, Dubai Sports City",45610000
Life Pharmacy 104 Br Of Life Pharmacy Llc,DXB,Pharmacy,Internet City,"Enoc Site 1060, Unit 4 (Rest4) Sheikh Zayed Road, Internet City",45610000
Life Pharmacy 105Brof Life Pharmacy Llc,DXB,Pharmacy,Town Center,"Bin Dahi Building, Shop No. 01 + M, Plot No: 232-113",45610000
Life Pharmacy 107 Br Of Life Pharmacy Llc,DXB,Pharmacy,Business Bay,"Shop No 13, 14 Waters Edge Building, Business Bay",45610000
Life Pharmacy 108 Br Of Life Pharmacy Llc,DXB,Pharmacy,Dubai Hills Mall,"Unit No. Dhm-Lg-007, Dubai Hills Mall",45610000
Life Pharmacy 109 Br. Of Life Pharmacy Llc,DXB,Pharmacy,Dubai,"Shop No: 4, 5 & 6, Plot No: 4620, Zen 4, Discovery Gardens, Jebel Ali 1, (former iCare clinic/Emirates Hospital)",45610000
Life Pharmacy 11 Br Of Life Pharmacy Llc,DXB,Pharmacy,Umm Suqeim,"Shop No.2, Near Creative Minds Shop,   Barsha, Umm Suqeim Road, Dubai - UAE",45610000
Life Pharmacy 110 Br Of Life Pharmacy Llc,DXB,Pharmacy,IMPZ,"Retail Unit 16, Lago Vista-B Building, Me’Aisem 1, Impz",45610000
Life Pharmacy 112 Br Of Life Phy Llc,DXB,Pharmacy,Dubai Mall,"Unit No. TDM-LG-212, The Dubai Mall, Dubai",45610000
Life Pharmacy 113 (Br Of Life Pharmacy L.L.C),DXB,Pharmacy,Production City,"SHOP#6,DUBAI PRODUCTION CITY,DUBAI,UAE",45610000
Life Pharmacy 116 Br Of Life Pharmacy,DXB,Pharmacy,Business Bay,"Shop No: 04, Bayz By Danube, Business Bay",45610000
Life Pharmacy 117 Br Of Life Pharmacy Llc,DXB,Pharmacy,Arjan,"Plot No: 278, Retail No: 6, Al Barsha South Third, Arjan",45610000
Life Pharmacy 118 Br Of Life Pharmacy Llc,DXB,Pharmacy,Al Furjan,"Sawan Residency,Plot No: Afmu029A, Jebel Ali Village, Al Furjan",45610000
Life Pharmacy 119 Br Of Life Pharmacy Llc,DXB,Pharmacy,Shoba Hartland,"Shop No#2, The Terrace Residence, Shoba Hartland",45610000
Life Pharmacy 12 Br Of Life Pharmacy Llc,DXB,Pharmacy,Sheikh Zayed Road,"Shop 1, The Tower, Financial Centre, Sheikh Zayed Road, Dubai , UAE",45610000
Life Pharmacy 120 Br Of Life Pharmacy Llc,DXB,Pharmacy,Al Barsha,"Shop No@7,Al Madina Supermarket",45610000
Life Pharmacy 121 Br Of Life Pharmacy Llc,DXB,Pharmacy,Q1 Mall,"Plot No#2823154,Shop No#1,Q1 Mall",45610000
Life Pharmacy 122 Br Of Life,DXB,Pharmacy,Al Qouz,"Shop No#1,Abdulla Al Rasool Building",45610000
Life Pharmacy 123 Br Of Life Pharmacy Llc,DXB,Pharmacy,Marsa,"Shop No#1&2,Marina Wharf2,Marsa,Dubai",45610000
Life Pharmacy 124 (Br. Of Life Pharmacy Llc),DXB,Pharmacy,Shaklan,"Shop No#1,2,3&4,Chez Moi Building,Phase 2,Shaklan",45610000
Life Pharmacy 125 Br. Of Life Pharmacy Llc,DXB,Pharmacy,Nad Al Sheba,"Dar Mira Residence, Al Meydan Rd, Nad Al Sheba 1, Dubai",45610000
Life Pharmacy 126 Br Of Life Pharmacy Llc,DXB,Pharmacy,South Heights,"Shop No#2,W-1104 Building,Tower A,South Heights",45610000
Life Pharmacy 127 Br Of Life Pharmacy Llc,DXB,Pharmacy,Al Furjan,"Unit No#Afwp-Rt-05,Al Furjan West Pavilion",45610000
Life Pharmacy 128 Br Of Life Pharmacy Llc,DXB,Pharmacy,Dubai,"Shop No#102,Ground Floor,Lulu Center, Dubai",45610000
Life Pharmacy 129 Br Of Life Pharmacy Llc,DXB,Pharmacy,Al Barsha South Second,"PLOT NO: 6727805, SHOP NO: 3, BELLA ROSE BLDG, AL BARSHA SOUTH SECOND, DUBAI, UAE",45610000
Life Pharmacy 13 Br Of Life Pharmacy Llc,DXB,Pharmacy,Dubai,"Shop No.1, Carrefour, Al Hudaiba, Dubai – UAE",45610000
Life Pharmacy 130 (Br Of Life Pharmacy L.L.C),DXB,Pharmacy,Salah Al Din Street,"Shop No#1,Dar Al Aman 12 Bldg, Salah Al Din Street",45610000
Life Pharmacy 131 (Br Of Life Pharmacy L.L.C),DXB,Pharmacy,Al Warqa,"Shop No G5 & G6, Ghala Prime Building,Al Warqa 1, Dubai",45610000
Life Pharmacy 132 Br Of Life Pharmacy Llc,DXB,Pharmacy,Tecom,"Shop No#4, Grosvenor Business Tower, Tecom",45610000
Life Pharmacy 133 Br Of Life Pharmacy Llc,DXB,Pharmacy,Ras Al Khor,"SHOP NO#S06, WASL GREEN PARK, RAS AL KHOOR, DUBAI, UAE",45610000
Life Pharmacy 134 Br Of Life Pharmacy Llc,DXB,Pharmacy,Oud Metha,"SHOP NO 5&6,OUD METHA, DUBAI, UAE",45610000
Life Pharmacy 135 Br Of Life Pharmacy Llc,DXB,Pharmacy,Nesto Hypermarket,"Unit No: 01, Geepas Commercial Centre , Nesto Hypermarket",45610000
Life Pharmacy 136(Br Of Life Pharmacy Llc),DXB,Pharmacy,Internationa City,"Shop No#9,Lawnz By Danube,International City Phase 1,Dubai",45610000
Life Pharmacy 138 Br Of Life Pharmacy Llc,DXB,Pharmacy,Al Safa,"Retail 1, 2, 3, Plot No: 1198, (Barari Hills) Wadi Al Safa 3, Majan,Dubai",45610000
Life Pharmacy 139 Br Of Life Pharmacy Llc,DXB,Pharmacy,Al Barsha,"Plot No: 3756462, Retail - 4, Sajaya Plaza, Hessa Street, Al Barsha Third, Dubai",45610000
Life Pharmacy 141 (Br Of Life Pharmacy Llc),DXB,Pharmacy,World Trade Centre,"Plot No#3360301, Unit No#Apta-Flrsg-Sb01, 02, 03, 04&05, The Apartments Block A, World Trade Centre, Dubai",45610000
Life Pharmacy 143 (Br Of Life Pharmacy L.L.C),DXB,Pharmacy,Al Nahda,"Shop No#2, Hemsam Building, Al Nahda, Dubai",45610000
Life Pharmacy 144 (Br Of Life Pharmacy L.L.C),DXB,Pharmacy,Mirdiff,"Shop No 4, Mirdif Mall Building, Mirdif, Dubai",45610000
Life Pharmacy 145 Br Of Life Pharmacy Llc,DXB,Pharmacy,Al Barsha South 5th,"SHOP NO#2, MOVENPICK HOTEL APARTMENT, AL BARSHA SOUTH FIFTH, JVT, DUBAI, UAE",45610000
Life Pharmacy 146 Br Of Life Pharmacy Llc,DXB,Pharmacy,Nad Al Hamar,"SHOP NO#1,2,3&4, NAAD AL HAMMAR, DUBAI, UAE",45610000
Life Pharmacy 147 Br Of Life Pharmacy Llc,DXB,Pharmacy,Al Thanyah Fifth,"JPV RTL 05, jumeirah park pavilion, AL THANYAH FIFTH, Dubai UAE",45610000
Life Pharmacy 148 Br Of Life Pharmacy Llc,DXB,Pharmacy,International City,"SHOP# ICP-RT-07, NAKHEEL INTERNATIONAL CITY PAVILION, INTERNATIONAL CITY, DUBAI",45610000
Life Pharmacy 149 Br Of Life Pharmacy Llc,DXB,Pharmacy,Wadi Alamardi,"ADNOC SERVICE STATION 216, WADI AL AMARADI EAST, DUBAI,UAE",45610000
Life Pharmacy 15 Br Of Life Pharmacy Llc,DXB,Pharmacy,Hor Al Anz East,"Shop No.13, Bayat Complex, Hor Al Anz East, Dubai, Uae",45610000
Life Pharmacy 152 Br Of Life Pharmacy Llc,DXB,Pharmacy,Al Barsha,"PLOT NO: 3739368, SHOP NO 4, THE GRID TOWER, AL BARSHA, DUBAI, UAE",45610000
Life Pharmacy 153 Br Of Life Pharmacy Llc,DXB,Pharmacy,Al Barsha South,"Community Centre, Al Barsha South, 3rd, Dubai UAE",45610000
Life Pharmacy 154 Br Of Life Pharmacy Llc,DXB,Pharmacy,Warsan,"SHOP 0590 & 0592, GROUND FLOOR, LULU HYPERMARKET, SOUK WARSAN, DUBAI, UAE",45610000
Life Pharmacy 155 Br Of Life Pharmacy Llc,DXB,Pharmacy,Al Satwa,"SHOP 2, PLOT NO: 334-1244, WAQF MOSQUE QURTOBA, AL SATWA, DUBAI, UAE",45610000
Life Pharmacy 156 Br Of Life Pharmacy Llc,DXB,Pharmacy,Umm Suqeim 2,"RETAIL 5,THE BLUE REEF BUILDING,JUMEIRAH,BEACH ROAD ,UMM SUQUEM SECOND,DUBAI,UAE",45610000
Life Pharmacy 158 Br Of Life Pharmacy Llc,DXB,Pharmacy,Al Wasl,"G FLOOR, G-03, UNION COOP, AL WASAL ROAD, DUBAI, UAE",45610000
Life Pharmacy 159 Br Of Life Pharmacy Llc,DXB,Pharmacy,Al Barsha South,"PLOT NO: 1358, SHOP G01 & G02, BINGHATTI NOVA BLDG, AL BARSHA SOUTH FOURTH, DUBAI,UAE",45610000
Life Pharmacy 16 Br Of Life Pharmacy Llc,DXB,Pharmacy,Bluewaters,"Unit no. R-18, Ground Floor – Bluewaters Residences 8, Marsa, Dubai, UAE",45610000
Life Pharmacy 160 Br Of Life Pharmacy Llc,DXB,Pharmacy,Liwan,"Plot No: 1414, Shop No: 3 & 4, Ground Floor, 180 Degrees, Wadi al Safa 2, Liwan, Dubai.",45610000
Life Pharmacy 161 Br Of Life Pharmacy Llc,DXB,Pharmacy,Baniyas,"PLOT NO: 1190220, RETAIL NO. G08, TWIN TOWERS, BANIYAS ROAD, DEIRA, DUBAI,UAE",45610000
Life Pharmacy 162 Br Of Life Pharmacy Llc,DXB,Pharmacy,Nad Al Sheba,"AZIZI RIVIERA 34, DUBAI, UAE",45610000
Life Pharmacy 163 Br Of Life Pharmacy Llc,DXB,Pharmacy,Al Barsha,"SHOP NO G02,AL TELAL 11 BUILDING, AL BARSHA,DUBAI,UAE",45610000
Life Pharmacy 164 Br Of Life Pharmacy Llc,DXB,Pharmacy,Al Barsha South Fifth,"PLOT NO 1732(684-9787),RETAIL 1,SILVER LINING BLDG,JVT,AL BARSHA SOUTH FIFTH,DUBAI,UAE",45610000
Life Pharmacy 165 Br Of Life Pharmacy Llc,DXB,Pharmacy,Jabal Ali,"UNIT NO 08,EXPO VILLAGE RESIDENCE 2,DUBAI,UAE",45610000
Life Pharmacy 166 Br Of Life Pharmacy Llc,DXB,Pharmacy,Al Barsha South,"G17, DIAMOND BUSINESS CENTRE, AL BARSHA SOUTH THIRD, DUBAI, UAE",45610000
Life Pharmacy 167 Br Of Life Pharmacy Llc,DXB,Pharmacy,Naif,"SHOP NO 2 & 3, BURJ AL NAHAR BUILDING, NAIF, DUBAI, UAE",45610000
Life Pharmacy 168 Br Of Life Pharmacy Llc,DXB,Pharmacy,Al Jadaf,"SHOP NO 4, AL MEIRA BUILDING, AL JADDAF, DUBAI, UAE",45610000
Life Pharmacy 169 Br Of Life Pharmacy Llc,DXB,Pharmacy,Jabal Ali,"SHOP NO 05 , NESTO HYPERMARKET, JEBAL ALI AREA , DUBAI , UAE",45610000
Life Pharmacy 17 Br Of Life Pharmacy Llc,DXB,Pharmacy,Khawaneej,"Unit No NC 03, Ground Floor, Al Khawaneej Mall Dubai",45610000
Life Pharmacy 170 Br Of Life Pharmacy Llc,DXB,Pharmacy,Arjan,"Shop No: 03, Plot No:369 dm no: 6734111 , Al Sayyah Residence B , Arjan , Dubai,UAE",45610000
Life Pharmacy 172 Br Of Life Pharmacy Llc,DXB,Pharmacy,Al Satwa,"SHOP NO 02-SOLAIRE 17 BUILDING, JUMEIRAH GARDEN, SATWA, DUBAI, UAE",45610000
Life Pharmacy 174 Br Of Life Pharmacy Llc,DXB,Pharmacy,Mirdif,"Plot 149-0, Unit No: GF-B-111 ,Ground Floor, Sport Society, Mirdif Dubai, UAE",45610000
Life Pharmacy 175 Br Of Life Pharmacy Llc,DXB,Pharmacy,Al Qusais,"SHOP NO: 09 AL TWAR CENTER (PLOT NO:2330712), AL QUSAIS, DUBAI, UAE",45610000
Life Pharmacy 176 Br Of Life Pharmacy Llc,DXB,Pharmacy,Nad Al Hamar,"Shop 21, Amaya Plaza Bulding , nadd al Hamar , Dubai , UAE",45610000
Life Pharmacy 177 Br Of Life Pharmacy Llc,DXB,Pharmacy,Al Warqa 1,"Shop No 04 (Ex Tea Club), Melhoof 6 Building (Plot No: 421-0594), Al Warqa 1, Dubai",45610000
Life Pharmacy 179 Br Of Life Pharmacy Llc,DXB,Pharmacy,Zabeel 2,"UNIT NO ZDV11,GROUND FLOOR,ZABEEL 2,DOWNTOWN VIEWS 2,DUBAI, UAE",45610000
Life Pharmacy 18 - Br Of Life Pharmacy Llc,DXB,Pharmacy,City Walk,"Shop no. 6, Ground Floor – City Walk 1, Dubai, UAE",45610000
Life Pharmacy 181 Br Of Life Pharmacy Llc,DXB,Pharmacy,Al Jadaf,"Shop No 01 , Amalfi  Building , Al Jaddaf  Area - Dubai,UAE",45610000
Life Pharmacy 183 Br Of Life Pharmacy Llc,DXB,Pharmacy,Arjan,"SHOP NO 6, AL BARSHA SOUTH THIRD, GHALA GARDEN ARJAN, DUBAI, UAE",45610000
Life Pharmacy 19 Br Of Life Pharmacy Llc,DXB,Pharmacy,Mirdiff City Centre,"Inside Carrefour, Mirdiff City Centre, Dubai, UAE",45610000
Life Pharmacy 20 Br Of Life Pharmacy Llc,DXB,Pharmacy,Deira City Centre,"Inside Carrefour, Deira City Centre, Dubai, UAE",45610000
Life Pharmacy 21 Br Of Life Pharmacy Llc,DXB,Pharmacy,Dubai Mall,"Unit No: .LG 168, Lower Ground Floor, Waitrose Entrance , The Dubai Mall, Dubai - UAE",45610000
Life Pharmacy 22 Br Of Life Pharmacy Llc,DXB,Pharmacy,Mall of the Emirates,"Inside Carrefour, Mall of the Emirates, Dubai, UAE",45610000
Life Pharmacy 23 Branch Of Life Pharmacy Llc,DXB,Pharmacy,Dubai,"Retail Unit No. C-02, Ground Floor, Marina Diamond A1,",45610000
Life Pharmacy 24 Branch Of Life Pharmacy Llc,DXB,Pharmacy,Dubai,"Unit No. G-D-14, Dragonmart Complex 2, Dubai",45610000
Life Pharmacy 25 Br Of Life Pharmacy Llc,DXB,Pharmacy,Karama,"Unit  6 to 12, AJSM investment Building, (old Family Supermarket),  Karama, Dubai - UAE",45610000
Life Pharmacy 27 Br Of Life Pharmacy Llc,DXB,Pharmacy,Arabain Ranches II,"Unit No. Ff01-1, First Floor, Arabian Ranches Ii , Dubai",45610000
Life Pharmacy 29,DXB,Pharmacy,Dubai,"Unit No. G 030, Ground Floor, City Centre Meaisem, Dubai UAE",45610000
Life Pharmacy 3 Llc,DXB,Pharmacy,International City,"Shop No : G02 & G 03, Union Co-Op Al Twar Branch, Dubai , Uae.",45610000
Life Pharmacy 3 Llc (Branch) (Dcc),DXB,Pharmacy,Deira,"LG01A, Next to Fitness First, Deira City Centre, Dubai",45610000
Life Pharmacy 38 Branch Of Life Pharmacy Llc,DXB,Pharmacy,Dubai,"Shop No. F10, 11, & 12, Warqa City Mall, Al Warqa",45610000
Life Pharmacy 4 Llc,DXB,Pharmacy,Ibn Battuta,"Shop Lf15, Metro Link, Ibn Battuta,",45610000
Life Pharmacy 44 Branch Of Life Pharmacy Llc,DXB,Pharmacy,Dubai,"Ground floor - Unit No. 1009, Oasis Center, Dubai,",45610000
Life Pharmacy 45 Br Of Life Pharmacy Llc,DXB,Pharmacy,Town Center,"Shop No.2, Bfl Showroom (Ex Brands For Less)",45610000
Life Pharmacy 45 Branch Of Life Pharmacy Llc,DXB,Pharmacy,Dubai,"Shop 4 to 8, Raja & Sister Building, Plot 421-688, Opposite to Al Kabayal",45610000
Life Pharmacy 46 Branch Of Life Pharmacy Llc,DXB,Pharmacy,Dubai,"Shop No: 2, Talal Tower, Plot 231-326,",45610000
Life Pharmacy 47 Branch Of Life Pharmacy Llc,DXB,Pharmacy,Dubai,"Unit 2 &3, Nshama Community Centre, Town Square Dubai, UAE",45610000
Life Pharmacy 48 Branch Of Life Pharmacy Llc,DXB,Pharmacy,Dubai,"Unit no. 1410, Ground Floor, Arabian Centre",45610000
Life Pharmacy 5 Llc,DXB,Pharmacy,Dubai Festival City,"Shop#At040A,First Floor, Dubai Festival City Mall, Dubai",45610000
Life Pharmacy 51 Branch Of Life Pharmacy Llc,DXB,Pharmacy,Dubai,"Unit No. GM2-B-7-RT-23 B, Golden Mile Galleria, Dubai, UAE",45610000
Life Pharmacy 53 Branch Of Life Pharmacy Llc,DXB,Pharmacy,Dubai,"Prime Residence 1, Al Warsan first, Dubai",45610000
Life Pharmacy 56 Branch Of Life Pharmacy Llc,DXB,Pharmacy,Dubai,"Unit No. B1-S1, Ground Floor, Al Safa Park Complex",45610000
Life Pharmacy 57 Branch Of Life Pharmacy Llc,DXB,Pharmacy,Dubai,"Shop # 24 /   Retail #23 First Avenue Mall, Motor city, Dubai,",45610000
Life Pharmacy 58 Branch Of Life Pharmacy Llc,DXB,Pharmacy,Dubai,"Unit No-SH-F31  &  SH-F32, Ground Floor,",45610000
Life Pharmacy 65 Branch Of Life Pharmacy Llc,DXB,Pharmacy,Dubai,"Shop No: 04, Ground Floor, Liwan Mall,",45610000
Life Pharmacy 66 Branch Of Life Pharmacy Llc,DXB,Pharmacy,Dubai,"Ground Floor, Al Ayyan Building, International City 2,",45610000
Life Pharmacy 68 Branch Of Life Pharamcy Llc,DXB,Pharmacy,Dubai,"Shop 02, Nesto Hypermarket, Burj Nahar Mall,",45610000
Life Pharmacy 69 Branch Of Life Pharmacy Llc,DXB,Pharmacy,Dubai,"Shop 4-8, R&S Building, Al Warqa,",45610000
Life Pharmacy 7 Llc,DXB,Pharmacy,Al Furjan South,Al Furjan South-Unit # FRJP-R-24,45610000
Life Pharmacy 70 Branch Of Life Pharmacy Llc,DXB,Pharmacy,Dubai,"Shop No: 06 & 07, Ground Floor, GMM Tower,",45610000
Life Pharmacy 71 Branch Of Life Pharmacy Llc,DXB,Pharmacy,Dubai,"Unit No: R 02 in Milano Giovanni Boutique Suites, Al Barsha South Fourth",45610000
Life Pharmacy 72 Br Of Life Pharmacy Llc,DXB,Pharmacy,Dubai,"Units- G24,25,30 Location:- Avenue Mall - Nad Al Shiba, Dubai",45610000
Life Pharmacy 73 Branch Of Life Pharmacy Llc,DXB,Pharmacy,Dubai,"Shop No. 5, Princess Tower, (Dubai Marina) Marsa,",45610000
Life Pharmacy 74 Branch Of Life Pharmacy Llc,DXB,Pharmacy,Dubai,"Shop No. 3, Elite Residence, Dubai Marina",45610000
Life Pharmacy 76 Branch Of Life Pharmacy Llc,DXB,Pharmacy,Dubai,"Shop GF 05, Plot 124-523, Al Faraa Building,",45610000
Life Pharmacy 77 Branch Of Life Pharmacy Llc,DXB,Pharmacy,Dubai,"Shop No: 03, 04, & 05, Plot No: 333-396,Manila Mall, Beljafla, Satwa",45610000
Life Pharmacy 78 Branch Of Life Pharmacy Llc,DXB,Pharmacy,Dubai,"shop no: 1, Souk Al Kabeer Building, Plot No: 312-1040,",45610000
Life Pharmacy 79 Branch Of Life Pharmacy Llc,DXB,Pharmacy,Dubai,"Shop 3, Al Zarooni Building ,Opposite to Burjuman Center, Al Karama",45610000
Life Pharmacy 8 Br Of Life Pharmacy Llc,DXB,Pharmacy,Mall of Emirates,"Unit no. F11H, First Floor, Mall of Emirates, Dubai - UAE",45610000
Life Pharmacy 81 Branch Of Life Pharmacy Llc,DXB,Pharmacy,Dubai,"Shop R30 (Ex FAB Bank), Plot No: 11, Fox Hill 5, New Motor City",45610000
Life Pharmacy 82 Br Of Life Pharmacy Llc,DXB,Pharmacy,JVC,"10C,Building,JVC,Dubai,UAE",45610000
Life Pharmacy 83 Br Of Life Pharmacy Llc,DXB,Pharmacy,Dubai,"Unit No: Retail 01  & 02, Plot No: 4, Building 1 (One Deira 1), Deira Enrichment Project,UAE",45610000
Life Pharmacy 84 Br Of Life Pharmacy Llc,DXB,Pharmacy,Dubai,"Unit No: 02, Plot No: 1, Building 1 (Osha 1), Deira Enrichment Project,Dubai,UAE",45610000
Life Pharmacy 85 Br Of Life Pharmacy,DXB,Pharmacy,JVC,"Unit No#02,AMSA2,AL Albarsha South4,JVC,Dubai,UAE",45610000
Life Pharmacy 86 Branch Of Life Pharmacy Llc,DXB,Pharmacy,Dubai,"Shop No: 1, Nesto Hyper Market, Al Nahda 2, Dubai, UAE",45610000
Life Pharmacy 87 Br Of Life Pharmacy Llc,DXB,Pharmacy,Dubai,"Ground Cafe No. 01, Plot 616-5116, The Arch Mall, Nad Al Shiba 3,Dubai,UAE",45610000
Life Pharmacy 88 Br Of Life Pharmacy Llc,DXB,Pharmacy,Dubai,"Andalusia Mall,Majan,Dubai,UAE",45610000
Life Pharmacy 94 Branch Of Life Pharmacy Llc,DXB,Pharmacy,Dubai,"Shop No. 3, Plot 362 - 1068,  Mohamed Saeed Rashed Al Tayer Building, JBR,",45610000
Life Pharmacy 95 Branch Of Life Pharmacy Llc,DXB,Pharmacy,Dubai,"Shop No: 9 & 10, Plot No: 648-9145, Turtle Avenue, Dubai Land Residential Complex",45610000
Life Pharmacy 96 Br Of Life Pharmacy Llc,DXB,Pharmacy,Dubai,"Shop 29, 30 &31, Geepas Commercial Center, Al Warsan, Dubai, UAE",45610000
Life Pharmacy 97 Branch Of Life Pharmacy Llc,DXB,Pharmacy,Business Bay,"Shop No. 13, Water Edge, Business Bay Dubai",45610000
Life Pharmacy 98 Br Of Life Pharmacy Llc,DXB,Pharmacy,Dubai,"Al Bukhash Bldg,Rolla street,Dubai,UAE",45610000
Life Pharmacy And Express Clinic Fz Llc,DXB,Pharmacy,Dubai Healthcare City,"RETAIL SHOP G01,AL RAZI BUILDING NO 59,DHCC,DUBAI,UAE",45610000
Life Pharmacy Barsha Heights Br Of Life Pharmacy Llc,DXB,Pharmacy,Barsha Heights,"Shop No :8 , Al Shaiba Tower , Barsha Heights ( Tecom)  , Dubai – UAE",45610000
Life Pharmacy Ccm Br Of Life Pharmacy Llc,DXB,Pharmacy,Mirdiff City Center,"Unit No. D006A, Ground Floor, Midriff City Centre, Dubai - UAE",45610000
Life Pharmacy Damascus Br Of Life Pharmacy Llc,DXB,Pharmacy,Al Qusais,"Shop No.1, Next to Al Kabayl Center ,Al Qusais 2 Bldng., Damascus Street,  Al Qusais, Dubai -  UAE",45610000
Life Pharmacy Dfc Br Of Life Pharmacy Llc,DXB,Pharmacy,Dubai Festival City,"Unit No. - RC-021, First Floor, Dubai Festival City, Dubai UAE",45610000
Life Pharmacy Dip 2 Br Of Life Pharmacy L L C,DXB,Pharmacy,DIP,"Unit No.6,Ramla Mall, DIP, Dubai",45610000
Life Pharmacy Dusseldorf Br Of Life Pharmacy Llc,DXB,Pharmacy,Al Barsha 1,"Shop No. 4, Dusseldorf Business Point, Al Barsha-1, Dubai – UAE",45610000
Life Pharmacy Dwtc Br Of Life Pharmacy Llc,DXB,Pharmacy,World Trade Center,"Shop No: R021.02, Concourse 1, Dubai World Trade Centre, Dubai - UAE",45610000
Life Pharmacy Fz-Llc,DXB,Pharmacy,DHCC,"Unit no. 09RI, Build. No. 64, District 1, Block D, Ground Floor, DHCC, Dubai – UAE",45610000
Life Pharmacy Hills Br Of Life Pharmacy Llc,DXB,Pharmacy,Arabian Ranches I,"Shop Number R VCC A8, Arabian Ranches I, Dubai, UAE",45610000
Life Pharmacy Hills Branch Of Life Pharmacy Llc,DXB,Pharmacy,Dubai,"Unit No.R29, Ground Floor, The Hills,",45610000
Life Pharmacy I B M 2 Br Of Life Pharmacy Llc,DXB,Pharmacy,IBN Battuta Mall,"Unit No.IBS-GF-54 & IBS-GF-54A, COURT-S, IBN BATTUTA MALL, DUBAI, UAE",45610000
Life Pharmacy I B M Br Of Life Pharmacy Llc,DXB,Pharmacy,IBN BATTUTA MALL,"Unit No. IBS-GF-078, PERSIA COURT, IBN BATTUTA MALL, DUBAI",45610000
Life Pharmacy Jvt 2 Br Of Life Pharmacy Llc,DXB,Pharmacy,JVT,"Shop No: 06, Botanica Tower 1, Dubai Marina, Dubai - Uae",45610000
Life Pharmacy Llc Branch,DXB,Pharmacy,Dubai,"Unit A005, Ground Floor, Lulu Hypermarket, Silicon Oasis Central Mall,",45610000
Life Pharmacy Llc Branch-Business Bay,DXB,Pharmacy,Business Bay,"Shop # 1, Clover Bay Tower, Business Bay, Dubai",45610000
Life Pharmacy Llc Dmcc Br,DXB,Pharmacy,DMCC,"G11, Dubai Gate 1, Jumeirah Lakes Towers, Dubai",45610000
Life Pharmacy Llc Dmcc Branch,DXB,Pharmacy,Dubai,"Unit No. GR02, Fortune Tower",45610000
Life Pharmacy Marina Br Of Life Pharmacy Llc,DXB,Pharmacy,Dubai Marina,"Ground Floor, DEC Dubai Marina Tower 2, Choitrams - Marina, Dubai",45610000
Life Pharmacy Marina Walk Br Of Life Pharmacy Llc,DXB,Pharmacy,Dubai Marina,"Unit No. GA2, Ground Floor, Dubai Marina Towers Retail, Marina Walk, Dubai - UAE",45610000
Life Pharmacy N K Mall Br Of Life Pharmacy Llc,DXB,Pharmacy,Palm Jumeirah,"Shop No. NKM- B- 1010 & B-1011 , Nakheel Mall , Palm Jumeirah, Dubai - UAE",45610000
Life Pharmacy Village Mall Br Of Life Pharmacy Llc,DXB,Pharmacy,Jumeirah 1,"Shop No: 24 & 25, The Village Mall, Jumeirah First, Dubai  - UAE",45610000
Life Plus Pharmacy - Life Healthcare,DXB,Pharmacy,Bur Dubai,"Inside Lathifa Hospital, Dubai Uae",45610000
Life Rose Pharmacy Llc,DXB,Pharmacy,International City,"Shop - 10, E07 Building, Plot No 67, China Cluster, International City, Dubai",45610000
Life Silicon Pharmacy Llc,DXB,Pharmacy,Dubai,"Showroom  G01, Palace Tower T1 , Opposite Choithram Supermarket ,",45610000
Life Trident Pharmacy L.L.C.,DXB,Pharmacy,Dubai Marina,"Shop No. R01 Near Marina Hotel Apt,Next to Blue Mart Suprmarket, , Marina Scape Tower, Dubai Marina",45610000
Life Two Pharmacy L.L.C.,DXB,Pharmacy,Sheikh Zayed Road,"Al Kawakeb Bldg A, 1St Interchange,Sheikh Zayed Road, Dubai",45610000
Life Two Pharmacy Llc,DXB,Pharmacy,Al Barsha South Fourth,"RETAIL 7,PLAZA RESIDENCE 2,JVC,AL BARSHA SOUTH FOURTH,DUBAI,UAE",45610000
Life Two Pharmacy Llc Branch,DXB,Pharmacy,Business Bay,"Shop # G84 & G85,Bay Avenue- Business Bay,Next To Whsmith Dubai",45610000
Life Vision Pharmacy Llc,DXB,Pharmacy,Business Bay,"Shop G+1, Vision Tower, Business Bay, Dubai",45610000
Lifenity International Advanced Pharmacy L.L.C.,DXB,Pharmacy,Al Nahda 2,"JMS Building, behind Zulekha Hospital, Al Nahda 2",43216964
Live Care Pharmacy L.L.C.,DXB,Pharmacy,Jebel Ali,"Shoppers Mall,Industrial Area 1, Jabel Ali, Dubai",48845562
Liwa Pharmacy - Life Healthcare,DXB,Pharmacy,Karama,"Al Mankhool, Dubai",45610000
Llh Medical Center ( Ambulatory Pharmacy),DXB,Pharmacy,Al Quoz,"DPG Al Quoz Building, Next to Grand City Mall, Al Quoz PO Box 90101 Dubai, UAE",561657271
Lotus Pharmacy Llc,DXB,Pharmacy,Al Qusais,Damascus St. Al Qusais 1 Dubai,43433134
Lulu Barsha Pharmacy Llc,DXB,Pharmacy,Emirates mall,"Lulu Hypermarket. Al Barsha, Dubai",43418828
Lulu Center Pharmacy Llc,DXB,Pharmacy,Al Nahda,"Lulu Hypermarket LLC, Al Ahli Club, Al Nahda",42988771
Lulu Karama Pharmacy Llc,DXB,Pharmacy,Karama,"Lulu Hypermarket, Karama , Dubai",43369970
Madinat Al Quoz Pharmacy Llc,DXB,Pharmacy,Al Qouz,"Farnek Bulding - Shop No : 3- Back Side Of Al Khail Mall Al Qouz Industrial Area, Po Box - 128800",43388522
Mansion Pharmacy L.L.C.,DXB,Pharmacy,Dubai Marina,"Next to Marina Mall , Dubai Marina",45610000
Marhaba Pharmacy Llc,DXB,Pharmacy,Deira,"Deira Sunshine Building 2, Shop 4, Omar Bin Al Khattab St, Al Maktoum Road, Dubai, UAE",547481246
Marina Greens Pharmacy Llc,DXB,Pharmacy,Sheikh Zayed,Al Thanayah 3 7 Street Emaar 10,44346689
Marina Jumairah Pharmacy Branch Of Marina Pharmacy Llc,DXB,Pharmacy,Jumeira,"Near Emirates Cooperative Society Bldg, Opp Dubai College, Al Sofouh",43466889
Marina Life Pharmacy - Life Healthcare,DXB,Pharmacy,Marina,"Dubai Marina, Dubai",45610000
Marina Pharmacy,DXB,Pharmacy,Marina,Dubai Marina And Jumeira Beach Al Safouh .Promenade.Opp Jbr Promenade Building P1 -Ls- 11,43466889
Marina Pharmacy Almustaqbal Br Of Marina Pharmacy Llc Ex: Eight Hundred Pharmacy Br Of Marina Pharmacy Llc,DXB,Pharmacy,Satwa,Al Wasl Al Bada City Walk Valiant 00-Ph-01,44346689
Marina Pharmacy Atlantis Br Of Marina Pharmacy Llc,DXB,Pharmacy,Atlantis the Palm,Palm Jumeirah Atlantis Hotel Atlantis 48,43466889
Marina Pharmacy Borj Station Llc,DXB,Pharmacy,Sheikh Zayed,Borj Dubai Burj Khalifa Station Burj Khalifa Metro Station 1,43466889
Marina Pharmacy Care 1 Br Of Marina Pharmacy Llc,DXB,Pharmacy,Jumeirah 1,Al Bada Al Wasal Road Dubai Iranian Hospital,43466889
Marina Pharmacy Care 3 Br Of Marina Pharmacy Llc,DXB,Pharmacy,Al Wasl,Jumeirah 1 - Al Wasl Road Iranian Hospital Poly Clinic 01,43466889
Marina Pharmacy Care 5 Br Of Marina Pharmacy Llc,DXB,Pharmacy,Al Qouz,Al Qouz-1 42A Street 34 Iranian Clinic (Safa Clinic) Unit 01,43466889
Marina Pharmacy Care Two (Br Of Marina Pharmacy Llc),DXB,Pharmacy,Satwa,Al Bada 6B Street 76 Iranian Hospital Shop 10,44346689
Marina Pharmacy City Center Station Llc,DXB,Pharmacy,Deira,Deira Al Ittihad City Center Station Shop 5,43466889
Marina Pharmacy City Walk Br Of Marina Pharmacy Llc,DXB,Pharmacy,City Walk Phase 2,Al Safa -1 Al Albaany St. Next To Sh Zaid Road City Walk Phase 2 6B05,43466889
Marina Pharmacy Golden Mile One ( Br Of Marina Pharmacy Llc),DXB,Pharmacy,Jumeirah,Palm Jumeirah Palm Jumeirah Golden Mile Souq Gm1-B2-Rt05,43466889
Marina Pharmacy Golden Mile Two ( Br Of Marina Pharmacy Llc),DXB,Pharmacy,Jumeirah,Unit Gm2 Rt 23A Golden Mile Souq Palm Jumeirah,43466889
Marina Pharmacy Nad Alshiba Br Of Marina Pharmacy Llc,DXB,Pharmacy,"Union Coop ,Nad Al Shiba Branch 2","Street Name: Nad Alshiba 2 Apartment/Villa Number: G05 /Building Name: Union Coop -Nad Alshiba 2 Branch Dubai
Area Name: Nad Al Sheba - 2",44346689
Marina Pharmacy Old Town Llc,DXB,Pharmacy,Burj Dubai Area,Borj Dubai Souk Al Bahar Souk Al Bahar L2004,43466889
Marina Pharmacy Palm Fzco,DXB,Pharmacy,Palm Jumeirah,"Palm - Jumeira Marina Palm Jumairah Azra Bdgg 6 /Pjsb-Clubhouse 03-G02,Dubai,",43466889
Marina Pharmacy Shorooq Br Of Marina Pharmacy Llc,DXB,Pharmacy,Mirdiff,"Shop #: G07, Mirdiff Dubai Shorooq Community Mirdiff",43466889
Marina Pharmacy South Br Of Marina Pharmacy Llc,DXB,Pharmacy,Al Barsha,Al Barsha South-2 My City Center Barsha South 2 My City Center Al Barsha South B005,43466889
Marina View Pharmacy Llc,DXB,Pharmacy,Dubai Marina,"Dubai Marina,Marina heights Building, Dubai",45610000
Marsa Life Pharmacy L.L.C.,DXB,Pharmacy,Dubai Marina,"Shop#7, MAG 218, Dubai Marina, Dubai.",45610000
Maruti Pharmacy Llc,DXB,Pharmacy,Abu Hail,Gf-12 Awadh Building Abu Hail,43885288
Mas Life Pharmacy Br Of Life Pharmacy Llc,DXB,Pharmacy,Khalid Bin Waleed Road,"Unit No. P1-08-1, Marsa Al Seef,  Dubai - Uae",45610000
Mas Life Pharmacy Branch Of Life Pharmacy Llc,DXB,Pharmacy,Dubai,"Unit No. P1-08-1, MARSA AL SEEF",45610000
Mashreq Pharmacy - Dxb,DXB,Pharmacy,Qussais,"Opp. Fortune Grand Hotel, Behind Sunrise Super Market, Al Qusais, Dubai.",42634081
Meadows Life Pharmacy Branch Of Life Pharmacy Llc,DXB,Pharmacy,Dubai,"Shop No5&6, Bldng No:Zen 2-020,Plot no169,",45610000
Med Care Pharmacy Llc,DXB,Pharmacy,Al Qusais,"NEAR HILAL BANK AL QUSAIS, DUBAI - SS Lootha Building 297",43288884
Med Save Pharmacy - Dxb,DXB,Pharmacy,Mirdif,"Near Union National Bank, Mirdiff",42847600
Medcare Medical Center Nad Al Sheba Pharmacy Br of Medcare Hospital LLC,DXB,Pharmacy,Nad Al Sheba 3,"Shop No G013, Ground Floor ,Nad Al Sheba 3, Dubai ,UAE",43499016
Medcare Medical Centre Al Furjan West Pharmacy,DXB,Pharmacy,Al Furjan,Shop 1 Al Furjan West Pavilion Jabal Ali First Dubai,45513796
Medcare Medical Centre Arabian Ranches 3 Pharmacy Br Of Medcare Hospital LLC,DXB,Pharmacy,Arabian Ranches,"AR3 GF37 ,Arabian Ranches 3 Souk, Near Silicon Central ,Sheikh Zayed Bin Hamdan , Al Nahyan Street , Wadi Al Safa 5, Dubai UAE",42578939
Medcare Medical Centre Barsha South Pharmacy Br Of Medcare Hospital Llc,DXB,Pharmacy,"Al Barsha South Mall, SebeMall, Street 8","Unit 15, Union Coop, Al Barsha South Mall, Street 58, Al Barsha, Barsha South",43254383
Medcare Medical Centre The Valley Pharmacy Br Of Medcare Hospital L.L.C,DXB,Pharmacy,Al Yufrah 1,"Shop No 11- 12, The Valley Pavilion ,Al Ain Road, Al Yufrah 1 ,Dubai ,UAE",43291310
Medeor Pharmacy 24X7,DXB,Pharmacy,Bur Dubai,"Medeor Hospital, Consulate Area Bur Dubai, -, Umm Hurair Street, Bur Dubai",80055
Medhub Pharmacy Llc,DXB,Pharmacy,Jebel Ali,Shop no 3 Ground floor The AB Mall Jebel Ali industrial area 2 Dubai,42626991
Medi Green Pharmacy L.L.C. (Branch),DXB,Pharmacy,Deira,"Building No- 11 Next To Abeer Al Noor Clinic, Firj Murar , Deira",42542757
Medi Prime Al Mizhar Pharmacy,DXB,Pharmacy,Mizhar,"Al Mizhar, Arabian Centre Building, Ground Floor, Khawaneej Road, Dubai",47070999
Medi Prime Al Qusais Br Of Medi Prime Pharmacy Llc,DXB,Pharmacy,Al Qusais,Ground Floor Al Qusais Plaza - Damascus Street - Dubai,47070999
Medi Prime Pharmacy,DXB,Pharmacy,Deira,"3Rd Floor, Reef Mall, Salah Al Din St , Deira, Dubai",47070999
Medi Prime Pharmacy Barsha Heights Branch Llc,DXB,Pharmacy,Barsha Heights,The Onyx Tower 1 - Sheikh Zayed Rd - Dubai,47070999
Medi Prime Pharmacy Jumeirah Branch Llc,DXB,Pharmacy,Al Safa,Ferdous - 1 - Al Wasl Rd - Al Safa 1 - Dubai,47070999
Medi Prime Pharmacy Majan (Br Of Medi Prime Pharmacy (Llc)),DXB,Pharmacy,Al Barari,"Ground Floor, Andalusia Courtyard Mall, Living Legends, Dubailand, Dubai, PO Box 7162",47070999
Medi Prime Pharmacy Motor City (Br Of Medi Prime Pharmacy Llc),DXB,Pharmacy,Motor City,1St Floor First Avenue Mall Detroit St West Arcade - Dubai,47070999
Medi Prime Pharmacy Nadd Alhamar (Br Of Medi Prime Pharmacy (Llc)),DXB,Pharmacy,Nad Al Hammar,"1st Floor, Shop Number F18 A, Nadd Al Hamar Mall (Union Cooperative), Nadd Al Hamar, Dubai, UAE",47070999
Medi Prime Pharmacy Reef Mall Br Of Medi Prime Llc,DXB,Pharmacy,Deira,"Shiekh Saud Building, Showroom # 1, Ground Floor, Salahuddin Road, Dubai,",47070999
Medi Prime Pharmacy Rta Branch,DXB,Pharmacy,Rashidiya,"Ground Floor Block C Rta Headquarters Um Ramool, Dubai",47070999
Medicine Shoppe Micro Pharmacy - Dxb,DXB,Pharmacy,Al Barsha,Al Barsha,43237939
Medicom Pharmacy (Al Pharabi Pharmacy),DXB,Pharmacy,Deira,"Ground Floor, Al Hayam Hotel, Gold Souq, Dubai",42264844
Medicom Pharmacy 1 (Br Of Aster Pharmacies Group L.L.C),DXB,Pharmacy,Dubai Outlet Mall,"SG-162, Extension of Dubai Outlet mall, Madinat Hind 1, Dubai, UAE",45721034
Medicom Pharmacy 1 (Ex. Al Jameya Pharmacy),DXB,Pharmacy,Al Qusais,"Union Cooperative Society, Al Twar 1, Dubai",42633677
Medicom Pharmacy 10 (Al Saba Pharmacy),DXB,Pharmacy,Mirdif,"Near Up Town Mall, Mirdif, Dubai",42885995
Medicom Pharmacy 11 (New Flame Pharmacy),DXB,Pharmacy,Al Qussais,"Opp. Al Towar Centre, Al Qusais, Dubai",42611551
Medicom Pharmacy 12 (Dubai Century Pharmacy),DXB,Pharmacy,Al Rashidiya,"Behind Bin Souqat Centre, Al Rashidiya, Dubai",42859110
Medicom Pharmacy 13 (Home Pharmacy),DXB,Pharmacy,Al Karama,"Oppostie :- Karama Centre, Karama, Dubai",43977739
Medicom Pharmacy 14 ( Madina Mall ) Ex - Medicom Pharmacy 14 ( New Home Pharmacy ),DXB,Pharmacy,Al Rashidiya,"Madina Mall, Industrial Area 4, Al Qusais",42558733
Medicom Pharmacy 16 (Ex. Makka Pharmacy),DXB,Pharmacy,Deira,"Al Sabkha ,Dubai",42263614
Medicom Pharmacy 2 (Ex. Al Wasl Pharmacy),DXB,Pharmacy,Jumeirah,"Mercato Centre, Jumeira Beach Road, Dubai",43448333
Medicom Pharmacy 34 Llc,DXB,Pharmacy,Al Nahda,"Near Al Nahda Metro Station, Al Qusais",42544001
Medicom Pharmacy 4 (Town Pharmacy),DXB,Pharmacy,Jumeira,"Town Centre, Jumeira Beach Road, Dubai",43440077
Medicom Pharmacy 5 (Emirates Co-Operative Society Pharmacy),DXB,Pharmacy,Al Qusais,"Emirates Cooperative Society, Al Twar, Dubai",42649929
Medicom Pharmacy 6 (Mazaya Pharmacy),DXB,Pharmacy,Sheikh Zayed,"Mazaya Centre,Sh Zayed Road, Dubai",43435522
Medicom Pharmacy 7 (Flame Pharmacy),DXB,Pharmacy,Al Mizhar,"Al Mizhar Mall, Al Mizhar-I, Dubai",42876804
Medicom Pharmacy 8 (Century Pharmacy),DXB,Pharmacy,Al Mamzar,"Century Mall, Hamriya, Dubai",42965040
Medicom Pharmacy 9 (Al Qemma Pharmacy),DXB,Pharmacy,Qusais,"Opp. Al Qusais Police Station, Al Qusais, Dubai",42640818
Medigreen Pharmacy Llc,DXB,Pharmacy,Alqusais 1,Medigreen Pharmacy Llc Alqsais 1 Doha Road Near Hayat Al Madina Supermarket Bu Hussain Bldg,42652535
Medilife Pharmacy Llc,DXB,Pharmacy,Al Wasl,"Shop #1, Choithram Bldg, Plot B/1416, Opp Safa Park, Al Wasl Dubai",45610000
Medon First Pharmacy Llc (Branch),DXB,Pharmacy,Nad Al Hamer,"Ground Floor, Hassani-23, Nad Al Hamer, Dubai",43310551
Medon First Pharmacy Llc Ex: (Al Neem Pharmacy Llc - Dxb),DXB,Pharmacy,Internatonal City,"CBD :20, Rivera Dreams- Internatonal City- Dubai",43697130
Medseven Pharmacy Ltd,DXB,Pharmacy,DIFC,"Unit P1-01,Ground Floor,Damac Park Tower - DIFC",45467274
Mercury Plus Pharmacy Llc,DXB,Pharmacy,Hor Al Anz East,"MRM Building, Near Jabal Al Noor",42992294
Mezhar Life Pharmacy - Life Healthcare Group,DXB,Pharmacy,Deira,"Al Mezhar, Dubai",45610000
Modern Care Pharmacy L.L.C.,DXB,Pharmacy,Deira,"Deira Waterfront Cornich Street, Shop 22-23 Maitha 1, Deira Waterfront Enrichment, Deira,Dubai, UAE",43686411
Modern Family Pharmacy Llc Branch (Al Quoz),DXB,Pharmacy,Al Quoz,"Al Quoz Industrial 2, Wasl Labor Camp, Shop No. 5, Dubai, United Arab Emirates P.O. Box 30127",43343263
Modern Ibn Sina Pharmacy Br Of Ibn Sina Group Pharmacies Llc,DXB,Pharmacy,Satwa,Al Diyafah Street - Al Hudaiba - Dubai,43986026
Modern Life Pharmacy - Life Healthcare,DXB,Pharmacy,Al Aweer,"Fruits & Vegetables Market, Aweer, Dubai",45610000
Modern Medi Prime Pharmacy - Dxb,DXB,Pharmacy,Sheikh Zayed,"Shop number 1206, 2nd floor, Oasis Mall, 2nd Interchange, Sheikh Zayed Road, Al Qouz 1, Dubai, UAE",47070999
Modern Pharmacy,DXB,Pharmacy,Deira,Al Maktoum Street,42223879
Modern Pharmacy Llc ( Ex. Thumbay Pharmacy 2 Br Of Thumbay Pharmacy Llc),DXB,Pharmacy,Al Quasis,"Area   :  Al Qusais
Street :     Damascus Street
Bldg Name :Al Ghuwais Building
Land Mark: Near Epco Petrol Pump
City:  Dubai                                                            
Po Box-1885
State  :  Dubai",42676705
Modern Pharmacy Llc ( Ex. Thumbay Pharmacy 8 Br Of Thumbay Pharmacy Llc),DXB,Pharmacy,Satwa,"Area   : Satwa
Street :Al Diyafa Street,     
Bldg Name :Hilah Salim Bldg,
Land Mark: Beside Al Mallah Restaurant
City:   Dubai                                                                       
Po Box-1885
State  : Dubai",43594520
Modern Pharmacy Llc (Ex.  Thumbay Pharmacy 7 Branch Of Thumbay Pharmacy Llc),DXB,Pharmacy,Near Business Bay sales Office,"Area   :   Al Barsha 2
Street :     Al Zayed Street
Bldg Name : Al Mashroom Building
Land Mark:  Beside Golden Sans Arenco Building
City:      Dubai                                                      
Po Box- 1885
State  :  Al Barsha 2",44508540
Modern Pharmacy Llc (Ex. Thumbay Pharmacy 5 Branch Of Thumbay Pharmacy Llc),DXB,Pharmacy,Burdubai,"Area   : Burdubai,
Street :   Al Esbiji  
Bldg Name :Aqil Mustafa Abdul Al Noor
Land Mark:Near Astoria Hotel, 
City:   Dubai.                                                                         
Po Box-39803
State  :  Dubai.",43539755
Modern Pharmacy Llc Branch ( Ex. Thumbay Pharmacy 12 Br Of Thumbay Pharmacy Llc),DXB,Pharmacy,Jumeira Road,"Area   :   Al Satwa   
Street : Albadaa     
Bldg Name : Mohammed Sadiq Hussain Khalid Building 
Land Mark: Bilal Mosque 
City: Dubai                                                                            
 Po Box-1885
State  : Dubai",43448162
Modern Pharmacy Llc Branch ( Ex. Thumbay Pharmacy 6 Llc Branch),DXB,Pharmacy,Al Barsha 1,"Albarsha 1 Dubai, Community No. 373 Street No.38, Desert Charm Building, Back Side Novotel Hotel, Beside Golden Tulip Hotel Albarsha 1.Dubai",43994694
Modern Pharmacy Llc Branch (Ex. Thumbay Pharmacy 16 Branch Of Thumbay Pharmacy Llc),DXB,Pharmacy,Al Quasis,"Area   :   Sheik Rashid Colony
Street :  3 B Street 
Bldg Name : Masjid Al Ansar Building
Land Mark: Near Ceylon Bake House
City: Al Qusais                                                          
Po Box-48450
State  :  Dubai",42807089
Modern Pharmacy Llc Branch (Ex. Thumbay Pharmacy 9 Br Of Thumbay Pharmacy Llc),DXB,Pharmacy,Business Bay,"Before Shobha Saffairh Tower, Damac Excutive Bay Bldg., Shop # 3, Business Bay",44426539
Multi Care Pharmacy Llc,DXB,Pharmacy,Al Khail Gate,Al Khail Gate Community Center Al Quoz Near Blue Mart Hyper,45807784
Muriat Pharmacy - Dxb,DXB,Pharmacy,Oud Metha,"Kml Building No:3, Near Dunes Hotel, Oud Metha, Dubai.",43796771
Murshid Pharmacy Llc (Ex: Iran Pharmacy - Life Healthcare),DXB,Pharmacy,Deira,"Shop G9 ,G10 & G11,Sawan Building,Al Buteen,Deira,Dubai",45610000
Nad Al Hamar Pharmacy - Dxb,DXB,Pharmacy,"Al Qouz-2,","Near To Al Khail Mall, Al Quoz Industrial Area, Dubai",43284298
Naeem Pharmacy,DXB,Pharmacy,Deira,"Nakeel Road,Deira Dubai",42212310
Nahda Sahara Pharmacy Llc,DXB,Pharmacy,Al Qusais,"Behind Zulekha Hospital, Al Nahda",42582750
Najma Al Musallah Pharmacy Llc,DXB,Pharmacy,Al Quoz Ind Area - 3,"Shop No:1, Ground Floor, Oberoi Properties  Building",43381967
Najmat Al Shams Pharmacy Llc,DXB,Pharmacy,Dubailand,"Abidos Hotel Apartment, Dubai Al Ain Road Dubailand Residence Complex, Wadi Al Safa 5 - 648, Dubai Land, Dubai",45521453
Nature'S Life Pharmacy - Life Healthcare,DXB,Pharmacy,Jumeira,"Al Wasl Road , Dubai, Jumeirah",45610000
Neo Pharamcy Llc Branch,DXB,Pharmacy,Al Quoze Industrial-2,"Neo Pharmacy Llc , Al Fakhree Centre Llc, 53 Street.Dip 2",48814919
Neo Pharmacy Llc,DXB,Pharmacy,DIP 2,"Neo Pharmacy Llc , Al Fakhree Centre Llc, 53 Street.Dip 2",48814919
Neo Pharmacy Llc Branch-Al Qouz,DXB,Pharmacy,Alqouze,"Near Jmart, Street 55, Alqouze 1",42360063
Neo Pharmacy Llc Branch-Jebel Ali,DXB,Pharmacy,Jebal Ali,"Crystal Mall, Jebal Ali Industrial 1",43885436
New Advanced Care Pharmacy Llc,DXB,Pharmacy,DIC,"Souq No :4, Shop Number : 3,
Seihshoweb 4, Labour City 2,
Dubai Industrial City,
Dubai - Uae",48786503
New Al Kanz Pharmacy Br,DXB,Pharmacy,JLT,"Shop Mag 214 , JLT,Dubai  cluster R",45610000
New Al Kanz Pharmacy Branch,DXB,Pharmacy,JLT,"J2 Tower, Cluster J -JLT, Dubai UAE",45610000
New Al Nahda - Life Healthcare,DXB,Pharmacy,Al Nahda,"No. 1 Al Nahda 3 Bldg, Bfre Emts Star Hotel Apart",45610000
New Al Qouz Pharmacy (Medshop) - (Moopen'S Group),DXB,Pharmacy,Al qouz,Near New Grand Mall - Al Qouz,43385854
New Al Shaimaa Pharmacy - Dxb,DXB,Pharmacy,Qusais,"Shop No.4,Al Mozna Building, Near Al Nahda Metro Station, Al Qusais-Dubai",42616286
New Al Shifa Pharmacy - Dxb,DXB,Pharmacy,International City,"Builing No:20, Russian Cluster,Int'L City",44227474
New Al Suwaidi Pharmacy Llc,DXB,Pharmacy,Satwa,"Shop No.4 , Bearl Building, Near to Al Dhiyafa Bus Stop, Satwa, Dubai",43859219
New Alhadiqa Pharmcy L.L.C.,DXB,Pharmacy,Jumeirah,"Shop No : 1&2, Century 21St Bldg. , Abu Baker Al Siddique Road Al Muraqabat Street ,Deira , Dubai - Uae",45610000
New Aster Pharmacy Jlt - Dxb,DXB,Pharmacy,JLT,"Shop No. G011-B, Red Diamond Building Jlt",43697728
New Doha Pharmacy - Life Healthcare,DXB,Pharmacy,Sheikh Zayed,"Al Gadhir Bldg, Sheikh Zayed Road",43328385
New Grand 1 Pharmacy,DXB,Pharmacy,Khalid Bin Walid Road,"Khalid Bin Walid Road, Dubai",45610000
New Grand Murqabat Pharmacy - Life Healthcare Group,DXB,Pharmacy,"Muraqabat,","Shop# 5  @ Murqabat, Dubai Uae.",45610000
New Health Sign Pharmacy Llc,DXB,Pharmacy,Bur Dubai,"Shop No.2, Bookash Building, Near Astoria Hotel, Bur Dubai",43208755
New Ibn Sina Pharmacy Br Of Ibn Sina Group Pharmacies Llc,DXB,Pharmacy,Deira,"Centre Court, Ground Floor, Deira City Centre - Dubai",42954367
New Mamzar Pharmacy -  Life Healthcare Group,DXB,Pharmacy,Deira,"Century Mall Shopping Mall, Deira, Al Mamzar",45610000
New Mankhool Pharmacy - Dxb,DXB,Pharmacy,Karama,"Villa No. 108, Next To Exit 2 Of Adcb Metro Station, Al Karama, Dubai",43858580
New Mazaya Pharmacy Est.,DXB,Pharmacy,Mazaya,"New Mazaya Pharmacy, G06, Mazaya Shopping Centre, Dubai",45610000
New Medi Prime Pharmacy - Dxb,DXB,Pharmacy,Bur Dubai,S3 Floor Burjuman Centre - Sheikh Khalifa Bin Zayed St - Dubai,47070999
New Medilife Pharmacy L.L.C.,DXB,Pharmacy,Warsan 3,Building Materials Mall - Warsan 3 - Dubai,42888315
New Motor City Pharmacy L.L.C.,DXB,Pharmacy,Motor City,Life Para Pharmacy/ Nw Motor City,45610000
New Salahaldin Pharmacy Fze,DXB,Pharmacy,Dubai Silicon Oasis,"Shop # G-3,Al Waha Mosque-RS, Dubai Silicon Oasis",45610000
New Silicon Pharmacy Br Of Life Pharmacy,DXB,Pharmacy,Dubai Silicon Oasis,"Retail 01, Le Presidium Tower, Dubai Silicon Oasis, Dubai",45610000
New Spring Pharmacy (Br Of Life Pharmacy Llc),DXB,Pharmacy,The New Spring Village,"Unit No. NSPV-FF-26, The New Spring Village, Dubai",45610000
New Vida Pharmacy,DXB,Pharmacy,Muhaisanah 2,"Al Madina Hypermarket building, 6A street, Muhaisanah 2, Dubai",43252525
Nmc Dic Clinic An Pharmacy Br Of Nmc Royal Hospital Llc,DXB,Pharmacy,International City,"D-01, Near Fitness 360 Gym, China Cluster, International City",48108800
Noor Al Iman Pharmacy  - Life Healthcare - Dxb,DXB,Pharmacy,Jumeirah 3,"Shop 1, Plot # 356-257, Jumeirah 3, Dubai",45610000
Noor Al Madina Pharmacy,DXB,Pharmacy,Al Qouz 3,"Al Rustumani St,Shop 7,Al Rustumani St.,Al Qoze -3",43306606
Noor Al Mamzar Pharmacy,DXB,Pharmacy,Al Mamzar,"Shop # 18,Ab Plaza 1,Near Canadian Specialist Hospital, Al Mamzar",45610000
Noor Al Satwa Pharmacy,DXB,Pharmacy,Al Satwa,Al Satwa Road - Salim Suhail Al Amri'S Building. Nr.Sub Stn.2696(Shop No - 12) - Po Box 66778,43443229
Noor Al Shefaa Pharmacy - Dubai,DXB,Pharmacy,Naif Road,"Opp.Naif Park,  Naif Road, Deira -  Dubai",45610000
Noor Alqusais Pharmacy L.L.C.,DXB,Pharmacy,Al Qusais,Shop-5 - Damascus Street - Al Qusais - Opposite Dubai Grand Hotel -Po Box: 118484,42633844
Nova Advanced Care Pharmacy Llc,DXB,Pharmacy,Muhaisnah 2,"Shop  : 17, Ground Floor,
Shaklan Hypermarket 2, 32A Street,
Near Al Quasis Bus Station 5,
Muhaish 2, Sopur,Dubai  Uae",42638227
Novitas Pharmacy Llc,DXB,Pharmacy,International City,Prime Residence 2 Round About Spain Cluster International City Dubai,45693389
Novo Pharmacy Llc (Ex: Family Health Pharmacy - Dxb),DXB,Pharmacy,Karama,"Shop 2, Ground Floor, Maysoon Building, Oud Metha",42517434
Novo Pharmacy Llc Branch,DXB,Pharmacy,Palm Deira,"Shopping Mall, Hayat Rejency Hotel",42517434
Novo Pharmacy Llc (Branch),DXB,Pharmacy,Muraqabbat,"Al Bafta Grand Deira, G-Floor, Al Muraqabbat Road, Deira, Dubai",45474214
Oasis Life Pharmacy - Life Healthcare,DXB,Pharmacy,Qussais,"Residential Oasis, Al Qusais",45610000
Oman Pharmacy,DXB,Pharmacy,Deira,"Ground Floor, Al Rigga Building, Opp.Corado Fashion - Baniyas Square-14Th Rd - Deira - Dubai",42222071
Orbit Star Pharmacy Llc,DXB,Pharmacy,Barsha 1,"Shop – 5 -Al Attar Business Avenue , Near Muhaisnah Madina Mall -Barsha 1 , Dubai - Po Box 66778",42348918
Our Life Guard Pharmacy L.L.C,DXB,Pharmacy,Jebal Ali Industrial Area 1,"Shams Madina Hypermarker Complex, Jebal Ali Industrial Area 1, Dubai",45806451
Outlet By Life Pharmacy Llc ( Ex. Real Pharmacy),DXB,Pharmacy,Marina,"Belselah Building, Next to Marina Furniture",45610000
Oxford Pharmacy Llc - Dxb,DXB,Pharmacy,Bur Dubai,"Al Sharafi Building, 12B Street, Al Rolla, Bur Dubai Area, Dubai, UAE",43925070
Palm Strip Pharmacy - Life Healthcare,DXB,Pharmacy,Jumeira,"Palmstrip Mall Building Jumeirah Beach Road Area, Dubai.",45610000
Panacea Pharmacy Reef,DXB,Pharmacy,Deira,"Ground Floor, Reef Mall,Salah Al Din Road, Deira, Near To Ansar Gallery",42239805
Paradise Plus Pharmacy Llc,DXB,Pharmacy,DIP 2,"Shop No.108,Ritaj ,Above Almaya,Dip3",48848270
Pharmacy For Less Br Of Life Pharmacy Llc,DXB,Pharmacy,Al yalayis,"UNIT NO SG 229,GROUND FLOOR,DUBAI OUTLET MALL PHASE 2,DUBAI,UAE",45610000
Premier Pharmacy,DXB,Pharmacy,Jumeirah,"Shop # 2, Kings College Hospital Building, Umm Suquim First, Jumeirah, Dubai.",45610000
Primacare Pharmacy Llc,DXB,Pharmacy,Al Hamriya,"Mezzanine Floor, Musalla Towers And Mall,Khalid Bin Al Waleed Road،، Al Hamriya,Near Al Fahidi Metro Station - Dubai",43966123
Primecorp Medical Center Al Warsan Pharmacy Br Of Primecorp Medical Center,DXB,Pharmacy,Warsan,"Dubai Municipality Labor Camp, Warsan Third, Dubai, UAE",47070999
Primecorp Medical Center Dip Pharmacy,DXB,Pharmacy,Jebel Ali 2,"Dewa - Jebel Ali Power Plant & Desalination Complex, Inside Dewa - Jebel Ali Power Plant & Desalination Complex, G Station, Block B, Jebel Ali Second",47070999
Pristine Care Pharmacy Dubai Branch,DXB,Pharmacy,Jebel Ali,"Cig Mall, Industrial Area-1, Opp:Mango Hyper Market Dubai",45548530
Pristine Pharmacy L.L.C.,DXB,Pharmacy,Bur Dubai,"Shop#9, 10, 11A, 11B @ Nile Region, Wafi Mall, Dubai.",45610000
Pulse Life Pharmacy Llc,DXB,Pharmacy,Jumeirah Village Circle,"Shop2 Samha Residence, District 10 Jvc, Jumeirah Village Circle, Dubai",44522610
Qalb Al Iman Pharmacy - Dxb,DXB,Pharmacy,Deira,"Next To Khalid Masjid, Deira, Dubai.",42723240
Raheq Al Azhar Pharmacy Llc,DXB,Pharmacy,Jebel Ali,"XPO Mall, Madinat Hypermarket, Villa 10",48800703
Rals Healthcare (Br. Of Abdulwaheed Bin Shahib Investment) - Al Qusais Pharmacy,DXB,Pharmacy,Al Qusais,"BIN SHABIB MALL, GROUND FLOOR
BAGHDAD STREET, AL QUSAIS 
INDUSTRIAL AREA 1, DUBAI",42275777
Rals Healthcare (Br. Of Abdulwaheed Bin Shahib Investment) - Burjman Pharmacy,DXB,Pharmacy,Bur Dubai,"IT CENTER BUILDING, 21 A STREET
AL SOUQ AL KABEER, BURDUBAI,
NEXT TO AL RAFFA POLICE STATION",42275777
Rals Healthcare (Br. Of Abdulwaheed Bin Shahib Investment) - Meena Pharmacy,DXB,Pharmacy,Meena Bur Dubai,"MEENA BUILDING, FLAT NO. 302,
SOUQ AL KABEER, 316 IBRAHIM JUM
AAL REDHA",42275777
Ramada Life Pharmacy - Life Healthcare,DXB,Pharmacy,Bur Dubai,"Near Hotel Ramada, Bur Dubai",45610000
Rashid Pharmacy - Dxb,DXB,Pharmacy,Rigga,"Near Guest Line Hotel ,Rigga Road Deira",42211739
Real 10 Pharmacy Llc,DXB,Pharmacy,Al Barsha,"Shop#1, Elite Building, Opp. Lulu Hyper market, Al Barsha, Dubai.",45610000
Real 3 Pharmacy L.L.C.,DXB,Pharmacy,Umm Hurair,"Shop no 1, Emart Supermarket, Umm Hurair",45610000
Real 4 Pharmacy L.L.C.,DXB,Pharmacy,Business Bay,"Po no 483, Shop no 3, Escaper Tower , Near Business Bay Metro",45610000
Real 5 Pharamacy Llc,DXB,Pharmacy,Al Nadha,"Next To Carrefour Express,Aman Road,Al Nadha",45610000
Real 6 Pharmacy L.L.C.,DXB,Pharmacy,Sheik Zayed Road,"Shop # 1, Al Salaam Tower, Sheik Zayed Road,Chelsea Dubai U.A.E.",45610000
Real 7 Pharmacy,DXB,Pharmacy,JLT,"Ground Floor, E3 , Sabah Tower 1, Jumeirah Lake Towers.",44391776
Real 7 Pharmacy Dmcc Branch,DXB,Pharmacy,Jumeirah Lakes Towers,"Shop PL-7, Lake Terrace, Cluster D, Jumeirah Lakes Towers, Dubai",45610000
Real 7 Pharmacy Jlt Branch,DXB,Pharmacy,JLT,"Unit# GS03, Plot# JLT - Ph1- A3, Lake Side Res Tower",45516506
Real One Pharmacy - Dxb,DXB,Pharmacy,Bur Dubai,"Shp # 1&2 Al Balooch Bldg, Near Alrafa Police St, Bur Dubai",45610000
Riviera Life Pharmacy Llc,DXB,Pharmacy,International City,"SHOP # 1, Riviera Dreams Bldg,CBD Cluster,Next to Papa John Pizza, International City,DUBAI",45610000
Rock Star Pharmacy Llc,DXB,Pharmacy,Baniyas,"Shop -11, Pearl Creekhotelbuilding - Opp Durraiya Kamal Medical Centre - Post Box : 235354.",42348277
Rokn Al Mezher Pharmacy,DXB,Pharmacy,Al Qussais,"Near To Airport Freezone Metro Station, Next to Filli Tea, Al Qusais, Dubai.",42635469
Royal Grand Pharmacy - Life Healthcare - Dxb,DXB,Pharmacy,International City,International City Next To Carrefour Express,45610000
Royal Life Pharmacy - Life Healthcare,DXB,Pharmacy,Al Mankhool,Royal Life Pharmacy,45610000
Royal Mamzar Pharmacy - Life Healthcare Group,DXB,Pharmacy,Mamzar,"Al Mamzar Centre, Dubai, Al Mamzar",45610000
Royal Marina Pharmacy,DXB,Pharmacy,Al Barsha,"Al Barsha, Opp Abidos Hotel,Dubai",45610000
Royal Pharmacy - Life Healthcare,DXB,Pharmacy,Bur Dubai,"Khalid Bin Walid Walid Road, Opp. Hotel Ascot",45610000
Rukn Al Mamzar Pharmacy Llc,DXB,Pharmacy,Al Mamzar,"Shop No. 6, Waqf Al Mamazar Mosque Bldg, Al Mamzar, Dubai, UAE, PO BOX 99651",42686430
Rxnow Pharmacy Llc,DXB,Pharmacy,AL Barsha South,"Shop 12 The Wings Block B, Arjan, Dubai",45820999
Safa Society Pharmacy - Life Healthcare,DXB,Pharmacy,Jumeira,"Union Co-Operative Building Opposite Safa Park, Jumeirah",45610000
Sahara Star Pharmacy,DXB,Pharmacy,Hamriya,Hamriya Shopping Centre,42688485
Salah Aldin Pharmacy - Life Healthcare,DXB,Pharmacy,Deira,"Salahudin Road, Deira",45610000
SAM Pharmacy LLC (Ex.Blue Bell International Pharmacy L.L.C.),DXB,Pharmacy,Karama,"ADCB Metro Station, Karama",43231366
Samary Pharmacy - Dxb,DXB,Pharmacy,Jebel Ali,"Jabel Ali Mall,Jabel Ali Ind.1",48878011
Samer Pharmacy - Life Healthcare,DXB,Pharmacy,Karama,"Shk.Hamdan Colony, Karama",45610000
Sara Pharmacy,DXB,Pharmacy,Bur Dubai,"Spinneys, Karama",43593330
Seha Al Noor Pharmacy Llc,DXB,Pharmacy,Dubai Investment Park,"Aiko Mall, Dubai Investment Park 1, Dubai, UAE, PO Box 392192",43336522
Seha Al Noor Pharmacy Llc Branch,DXB,Pharmacy,Muhaisnah,"Hamad Abdul Kareem Al Areif Mosque Building 211 Muhaisnah 2, Dubai, UAE",42625223
Seha Pharmacy Llc,DXB,Pharmacy,Karama,Wasl Onyx building Dunlop building Tariq Bin Ziyad Street Behind Zabeel Road Umm Hurair Karama Dubai,43977769
Sereena Pharmacy Llc,DXB,Pharmacy,Abu Hail,"Al Mashriq Building Shop No. 4, Hor Al Anz East Abuhail,Dubai",42692618
Shajarat Al Neem Pharmacy Llc,DXB,Pharmacy,Jebal Ali Industrial Area 1,"Shop No 13, Salem Mall, Plot No.599-0474, Jebal Ali Industrial Area 1",48876875
Shams Al Ahalia Medical Center Pharmacy,DXB,Pharmacy,Al Karama,Dubai Karama 19th street Near Karma post office PO Box  316305,505319427
Shefaa Al Madeena Pharmacy Llc,DXB,Pharmacy,Al Wasl Road,"895 Al Wasl Road, Manara, Jumeirah, Dubai",43214197
Shifa Al Bairooni Pharmacy Llc,DXB,Pharmacy,Muhaisnah 2,"Shop No.4 Ground Floor, al Malik Labor Camp Building, Muhaisnah-2 Sonapur, Deira, Dubai, UAE, PO Box 99651",45767833
Shindagha Pharmacy (Medshop) - (Moopen'S Group),DXB,Pharmacy,Bur Dubai,"Shop No 36, 37A,  City Centre Al Shindagha, Near Al Ghubaiba Metro Station, Bur Dubai, Dubai",43933889
Sondos Pharmacy L L C Branch,DXB,Pharmacy,Jumeria Village Circle,Shop NO 5# Bloom Heights B Block. Al Barhsa South Fourth Jumeira Village Circle Dubai,45589012
Sultan Pharmacy Llc,DXB,Pharmacy,Al Fahidi,"Shop No. 5-6 Fadhlani Bldg. Al Esbij St Near Astoria Hotel Al Fahidi, Dubai, UAE",43945392
Super Life Pharmacy-Life Healthcare Group,DXB,Pharmacy,Meadows Community,"Shop No5&6, Bldng No:Zen 2-020,Plot No169,Discovery Gradens, Dubai",45610000
Sustainable Life Pharmacy Llc,DXB,Pharmacy,Al Safa,"B-1, The sustainable  City, Al Wadi Al Safa 7, Dubai, U.A.E",45610000
Szr Life Pharmacy Br Of Life Pharmacy Llc,DXB,Pharmacy,Sheikh Zayed Road,"Showroom No. 2, Al Kawakeb (D Block), Sheikh Zayed Road, Dubai – UAE",45610000
Taj Pharmacy - Life Healtcare,DXB,Pharmacy,Deira,"Taj Palace Hotel, Deira",45610000
Tariq Pharmacy - Life Heathcare,DXB,Pharmacy,Qussais,"Al Bustan Centre, Al Qusais",45610000
The Point Life Pharmacy Br Of Life Pharmacy Llc,DXB,Pharmacy,Palm Jumeirah,"Next to Reel Cinemas , The Pointe , Palm Jumeirah, Dubai, UAE",45610000
Thumbay Pharmacy 1 Br Of Thumbay Pharmacy Llc Ex: We Care Almamzar Pharmacy Llc,DXB,Pharmacy,Al Mumzar,"Area   :   Al Mamzar
Street :     Hor Al Anz Street
Bldg Name : Al Samar Building 
Land Mark: Moven Pick Hotel
City:      Dubai                                                 
Po Box- 1885
State  :  Dubai",42677656
Thumbay Pharmacy 10 Branch Of Thumbay Pharmacy Llc,DXB,Pharmacy,Al Khawaneej,"Area   :   Al Khawaneej
Street : Al Khawaneej
Bldg Name :Ad Almeiri 
Land Mark: Near To Ramz Al Salah
City:  Dubai                                                                         
Po Box-1885
State  :  Dubai",42733515
Thumbay Pharmacy 11 (Br Of Thumbay Pharmacy Llc) Ex. Dubai Hospital Pharmacy-Deira,DXB,Pharmacy,Deira,"Area   :  Al Khaleej Road
Street : Al Khaleeja Street 
Bldg Name :Inside Dubai Hospital Bldg
Land Mark: Dubai Hospital
City:   Al Baraha                                                                
Po Box-48450
State  :  Dubai",42722011
Thumbay Pharmacy 13 Branch Of Thumbay Pharmacy Llc,DXB,Pharmacy,Al Barsha South 4,"Prime Buisness Centre, Cistys Grocery/Super Market, Al Barsha South 4, Jumeira Village Circle",45579771
Thumbay Pharmacy 14 Branch Of Thumbay Pharmacy Llc Ex: We Care Med Pharmacy L.L.C.,DXB,Pharmacy,Jumeirah Village,"GPAR/G RO 1, Jumeirah Village 3",43954448
Thumbay Pharmacy 3 Branch Of Thumbay Pharmacy Llc Ex: Al Diwan Pharmacy-Dxb,DXB,Pharmacy,Bur Dubai,"Area   : Burdubai, 
Street :     Al Fahidi Street
Bldg Name :Mohamed Sadiq Hussain Buldg
Land Mark: Near Dubai Museum,
City:    Burdubai                                                                       
Po Box-1885
State  :  Dubai",43530099
Thumbay Pharmacy 4 Branch Of Thumbay Pharmacy Llc,DXB,Pharmacy,Al Nahda 1,". Area   :   Al Nahda 1
Street :   Al Ittihad Rd,   
Bldg Name : Hessa Tower
Land Mark: Near Zafranah Building
City:      Dubai                                                                  
Po Box-5035
State  :  Dubai",42725779
Thumbay Pharmacy Dmcc Ex. We Care Pharmacy Jlt,DXB,Pharmacy,JLT,"Shop No.06, Ground Floor level, Lake City Tower, Plot D-3, JLT",43686411
Town Life Pharmacy - Life Healthcare Group,DXB,Pharmacy,Mirdif,Mirdiff Uptown  (Welcare Clinic),45610000
Town Square Life Pharmacy Br Of Life Pharmacy Llc,DXB,Pharmacy,Town Square,"Unit No. 4, Ground Floor, Town Square Development Zahra Apartments, Dubai – UAE",45610000
Tram Life Pharmacy L.L.C.,DXB,Pharmacy,Marina,"Al Seef Tower 1, Behind Tamani Hotel",45610000
Union Pharmacy (Medshop) - (Moopen'S Group),DXB,Pharmacy,Bur Dubai,Near Al Rafa Poly Clinic - Bur Dubai,43935619
Unique Care Pharmacy Llc,DXB,Pharmacy,International city,"Shop No-S14, X20, England Cluster, International City,Dubai - 235354 -Uae",45808675
United Pharmacy 2 Branch Of United Pharmacy Investment Llc,DXB,Pharmacy,Dubai,"Shop No: G20, Al Barsha Mall, Al Barsha",45610000
United Pharmacy Branch Of United Pharmacy Investment Llc,DXB,Pharmacy,Dubai,"Shop: K02, Mall of the Emirates,k Al Barsha First",45610000
United Pharmacy Ibn Battuta Branch Of United Pharmacy Investment Llc,DXB,Pharmacy,Dubai,"Shop No: IBS-GF-244, Nakheel, China Court, Ibn Battuta Mall",45610000
Unity Pharmacy Llc,DXB,Pharmacy,Al Kabeer,"B05, AB Building, Al Souk, Al Kabeer, Dubai, UAE",45462804
Uptown Pharmacy,DXB,Pharmacy,Mirdif,"J3 Mall, 1St Floor, Al Wasl Road, Al Manara Street, Dubai, Uae",43392762
Vita Care Pharmacy Llc,DXB,Pharmacy,Satwa,"Vita Care Pharmacy L.L.C, Shop  4& 5 Bakhita Saeed Mubarak Al Shamsi Al Rowa, Al Hudaiba Street 35, Al Satwa, Dubai",43425556
Vita United Pharmacy Branch Of United Pharmacy Investment Llc,DXB,Pharmacy,Dubai,"Shop No# 54, Opposite Carrefour, Wasl Vita Mall, Al Wasl Road, Jumeirah 1, Wasl Real Estate",45610000
Warsan Life Pharmacy Br Of Life Pharmacy Llc,DXB,Pharmacy,International City,"Building 28, Shop No 11,13,14,15,16, France Cluster, International City, Dubai, UAE",45610000
Wecare Erx Pharmacy Llc (Ex. Kap Pharmacy Llc - Dxb),DXB,Pharmacy,Karama,"Hamsah –A Building, Ground Floor, Near Ansar Gallery, Khalid Bin Waleed Street, Al Karama, Dubai, Uae.",48804179
Yacoub Pharmacy,DXB,Pharmacy,Bur Dubai,"Khalid Bin Waleed Road, Near To Adcb Bank, Bank Street,Bur Dubai",43523332
Yara Pharmacy - Life Healthcare,DXB,Pharmacy,Deira,"Riqa Road, Near Kfc, Deira",45610000
Yasmed Pharmacy Llc,DXB,Pharmacy,Deira,"Yasmed Pharmacy Llc, Al Taif Medical Center, Naif, Deira",42619535
Yassat Life Pharmacy,DXB,Pharmacy,Dubai Production City,"Shop no. 7 & 8 , Ground Floor , Caliber Plaza, Dubai Production City  , Dubai",45610000
Yassat Life Pharmacy Llc,DXB,Pharmacy,Tecom,"Shop 1, Yassat Gloria Hotel , Tecom",45610000
Zabeel Pharmacy Llc,DXB,Pharmacy,Business Bay,"Shop No:2, Blue Bay Tower,  Marasi Drive Street, Business Bay, Near to Steigenberger",45897129
Zahrat Al Noor Pharmacy Llc,DXB,Pharmacy,DIP-2,"First Floor Pasons Hypermarket, Above Landmark Restaurant, Dubai Investment Park2, U.A.E.",48814111
Zahrath Al Neem Pharmacy Llc,DXB,Pharmacy,Arjan,"Geepass Building - Arjan, Dubai",45824333
Zara Pharmacy Llc,DXB,Pharmacy,Satwa,"Inside Nesto Hyper Market, Al Badaa,Satwa,Dubai",45910099
Zayd Pharmacy - Life Healthcare,DXB,Pharmacy,Sheikh Zayed,"Shk. Zayed Road, Dubai.",45610000
Zen Life Pharmacy Co. Llc,DXB,Pharmacy,Al Jeddaf,"Shop 3A, Emerald Metro Building, Al Jadaf, P.O Box: 111342, Dubai, UAE",43238235
Zest Pharmacy 1 (Br Of Zest Wellness Pharmacy L.L.C),DXB,Pharmacy,Umm Al Shief,"Shop No. 9, Al Thanyah Center, Waitrose Thanya, Al Thanya Street, Umm Al Sheif, Dubai, UAE",48246485
Zest Pharmacy 3 (Br of Zest Wellness Pharmacy L.L.C),DXB,Pharmacy,Al Barsha 2,"Unit no GF 02 ,Grove Mall ,Community Center ,Barsha 2 ,Dubai ,UAE",43705493
Zest Wellness Pharmacy LLC. DWC-Branch,DXB,Pharmacy,Dubai South,"Retail 2, The Pulse Beach Front, Dubai South Residencial District,Dubai South ,Dubai, UAE",43428372
Zmc Pharmacy Llc,DXB,Pharmacy,Al Quoz First,"Shop 7-10, B28 Al Showaib Real Estate, Al Quoz First, Dubai, United Arab Emirates",42636938
Musalah Al Quoze Pharmacy Llc (Ex. Musalla Al Qouz Pharmacy - Dxb),DXB,Pharmacy,AL QUOZ-4,"Musalah Al Quoze Pharmacy Llc, Shop No-1, Ground Floor Al Khail Mall, Al Quoz-4, Dubai-Uae Po Box-392192",43285928
Marina Center Pharmacy,DXB,Pharmacy,DIFC,"Trade Center 2, Difc Difc Gate Building 38(Old Retail Tb1-10), Dubai UAE",43466889
LLH Medical Center LLC,DXB,Clinic,Al Quoz 1,"DPG Al Quoz Building, Next to Grand City Mall, Al Quoz PO Box 90101 Dubai, UAE",561657271
L L H Medical Center L.L.C (Branch),DXB,Clinic,Dubai Investment Park 2,"Town Mall, DIP 2, P.O. Box 21116, Dubai, UAE",561657271
Islamabad Medical Clinic LLC Br,DXB,Clinic,Al Satwa,Office 305 Al Maya Supermarket Building Al Bada Area Al Hudaiba Street Al Satwa Dubai,
Health First Pharmacy 65 (Br Of Health First Investment LLC),DXB,Pharmacy,Al Jadaf,"Shop No.03, Madeira Building, Al Jadaf, Dubai, UAE",42829347
Mumtaz Al Noor Express Pharmacy L.L.C,DXB,Pharmacy,Al Baraha,"Sulthan Building,Plot No-463-0,Al Baraha,Dubai, UAE",42361128
Amber Pharmacy L.L.C (Branch),DXB,Pharmacy,Al Muteena,"Al Ghurair Building, Next  to VIVA Hypermarket, Al Muteena, Deira, Dubai, UAE",42692307
LLH Medical Center LLC Pharmacy Branch,DXB,Pharmacy,Dubai Investment Park 2,"Town Mall, DIP 2, P.O. Box 21116, Dubai, UAE",561657271
Al Ahli Medical Centre Llc,FUJ,Clinic,Fujairah,1st Floor Hsbc Bank Builiding Near Choithrams Hamad Bin Abdullah Street,92220228
Aster Medical Centre - Fujairah Br,FUJ,Clinic,Hamad Bin Abdulla Street,"Opp Choithram Super Marcket, Hamdan Bin Abdulla Street, Fujairah Uae",94400500
Dibba Medical Centre - Fuj,FUJ,Clinic,Dibba,"Opposite AbuDhabi Commercial Bank, Dibba POB 13002, Fujairah, UAE",92447447
Emirates Medical Centre (Ex. Emirates Private Clinic),FUJ,Clinic,Al Ahli Supermarket,"Flat 105, Nasser Alkhamas Building, Opposite Rosthmani Exchange Fujairah",92233199
Life Care Medical Centre - Fuj,FUJ,Clinic,Dibba,"Lifecare near Federal Authority of Identity and Citizenship Ghurfa Dibba, Fujairah",92445722
Makah Medical Clinic,FUJ,Clinic,Al Hayl,"Al Mulla, Industrail Area, Q Block, Al Hayl, Fujairah",95744245
National Medical Centre,FUJ,Clinic,Gurfa,Gurfa Street,92232850
Northern Al Ahliah Medical Centre-Fuj,FUJ,Clinic,Al Gurfa,"Northern Al Ahliah Medical Complex, Ground Floor Near Adnoc Petrol Station and FAB Bank E89 (Hamad Bin Abdullah Road) Fathima Round About Al Gurfa Fujairah",92242515
Suha Medical Center Llc,FUJ,Clinic,Bidya,"Saleh Mofleh Ali Asyoud Shehhi (Bldg), Sheikh Zayed Bin Sultan Al Nahyan Road, P.O Box: 9069, Bidya, Fujairah, UAE",97192233360
Suha Medical Center Llc Fujairah Branch 1,FUJ,Clinic,Al Hayl,"Bldg.-61-s/s,Al Hayl Area, P.O Box: 9069, Fujairah, UAE",92448009
Thumbay Clinic  Llc Fujairah,FUJ,Clinic,Shaikh Zayed Bin Sultan Rd,"Opposite Fatima Shopping Mall, Shaikh Zayed Bin Sultan Rd - Fujairah",92227455
Al Asdiqaa Pharmacy,FUJ,Pharmacy,Al Hayl,"Tamen Building, Opposite to Almulla Building, Mars Trading, Block Q, Al Hayl, Fujairah",92225501
Aster Pharmacies Group Llc Fujairah Branch 2,FUJ,Pharmacy,Fujairah,"Shop No-R-02, Fujairah Twin Towers, Mraisheed Road, P.O Box:50585, Fujairah, UAE",92348765
Aster Pharmacies Group Llc -Shj Br,FUJ,Pharmacy,Kalba,"Plot 25, Sajidha Hypermarket, Al Wahda Street, Kalba",96061832
Aster Pharmacy 139,FUJ,Pharmacy,Sheikh Khalid Road,"Sheikh Khalid Road, Opposite To Adnoc Petrol Station, Next To Khorfakkan Police Station Round About, Khorfakkan",92371301
Aster Pharmacy 8 Br Of Aster Pharmacies Group Llc,FUJ,Pharmacy,Faseel Road,"Century Mall, Faseel Road, Near Beach Motel",92230701
Aster Pharmacy Fujairah - Fuj,FUJ,Pharmacy,Hamad Bin Abdulla Street,"Emirates Spring Building, Hamad Bin Abdullah Street, Fujairah",92238322
Bawabat Al Enwan Pharmacy Llc,FUJ,Pharmacy,Khorfakkan,"Shop 3 and 4, Next to Al Futtaim Motors, Sheikh Khalid Street, Sharjah -Bredi 2, Khorfakhan",92370808
East Coast Ahalia Pharmacy,FUJ,Pharmacy,Al Gurfa,"Northern Al Ahliah Medical Complex, Ground Floor, Fathima Round About, E89 (Hamad Bin Abdullah Road), Near Adnoc Petrol Station And Fab Bank, Al Gurfa, Fujairah, P.O. Box - 79257",92235744
EMC Pharmacy LLC,FUJ,Pharmacy,"Al Sharqi St Al Kindi Rd,","Eesa Al Noobi Salim Muhammed Ground Floor, Al Sharqi St Al Kindi Rd, P.O Box: 3080, Fujairah , UAE",92233199
Emirates Pharmacy,FUJ,Pharmacy,Al Muhallab,"Mohamed Abdulla Sultan Al Muhallab Street , Opp Dibba Municipality",92447447
Faith Care Pharmacy Llc,FUJ,Pharmacy,Fujairah,"Property 4540 Shop No. 3, 4, And 5,Near Malabar Gold & Diamond, Safed St. Fujairah",95010461
Health First 19 Pharmacy,FUJ,Pharmacy,Sheikh Hammed,"Shaikh Hamad Bin Abdullah Street,Madhab,Dibba Al Fujairah",92444376; 92448442
Health First 20 Pharmacy,FUJ,Pharmacy,Dibba St.,"Muhallah, Dibba,Near National Bank Of Fujairah",92447064; 92448383
Health First Pharmacy 16,FUJ,Pharmacy,Sheikh Hamad Bin Abdullah,"Shaikh Hamad Bin Abdullah Street (Ryama Building),Near Commercial Bank Of Dubai",92229295; 92221989
Health First Pharmacy 17,FUJ,Pharmacy,Al Shuraia,"Al Shuraia,Opp.Century Mall,Palace Street,Sakamakam,Fujairah",92230340; 92230496
Health First Pharmacy 18,FUJ,Pharmacy,Sheikh Hamad Bin Abdullah,"Before Fujairah Aviation Services,Sheikh Zayed Bin Sulthan Street,Fujairah",92231540; 92282882
Health First Pharmacy 21,FUJ,Pharmacy,Al  Madhab,"Dana Plaza Cinema Bldg , Shop No :1St,Ground Floor, Al Madhab Street, Al  Madhab, Near Km Trading , Cinema Plaza, Fujairah ,Uae",92234517; 92230892
Health First Pharmacy 26,FUJ,Pharmacy,Mirbah,"Souq Extra,Shop No:3, Ground Floor, Mirbah Madha Street, Mirbah , Next To Mirbah Ladies Center, Khan Safia(Khan Saheb)",92373985; 92348551
Health First Pharmacy 59 Fujairah Branch,FUJ,Pharmacy,Mohammed bin Zayed City,"Unit: 3&4, Al Hayl, Mohammed Bin Zayed City ,Fujairah",92233235
Life Pharmacy L.L.C - Branch 38,FUJ,Pharmacy,Sheikh Khalifa Bin Zayed Str,"UNIT 03, PLOT 0840, AL RASHIDYA 1, SRS TOWER  , SHEIKH KHALIFA BIN ZAYED STREET , AJMAN UAE",45610000
Life Pharmacy L.L.C - Dibba Br 2,FUJ,Pharmacy,Al Matroushy,"SHOP NO 3 & 4, AL MATROSHY, FUJAIRAH, UAE",45610000
Life Pharmacy Llc - Spc Fujairah Branch 8,FUJ,Pharmacy,Al Murrbeh Bld,"SHOP NO 1 & 2,MURBEH BUILDING,FUJAIRAH,UAE",45610000
Life Pharmacy Llc Fujairah Br 2,FUJ,Pharmacy,Al Fujairah 123,"Shop No: 1, Sultan Al Shamsi Bldg- Al Fujairah 123",95610000
Life Pharmacy Llc Fujairah Br 3,FUJ,Pharmacy,Sakakam Street,"Shop No#2,Saleh Bin Lahej Building,Sakakam Street",95610000
Life Pharmacy Llc Fujairah Branch 1,FUJ,Pharmacy,Fujairah,"Unit No. G 078, Ground Floor,",95610000
Life Pharmacy LLC Fujairah Branch 4,FUJ,Pharmacy,Fujairah,"SHOP G2,MADHAB BLOCK,GREEN HOUSE TRADING,SAJITHA HYPERMARKET ,FUJAIRAH,UAE",55610000
Life Pharmacy Llc Fujairah Branch 5,FUJ,Pharmacy,Fujairah City Centre,"Unit No. G014, Ground Floor, Fujairah City Centre",95610000
Life Pharmacy Llc Fujairah Branch 6,FUJ,Pharmacy,HAMAD BIN ABDULLA ROAD,"HAMAD BIN ABDULLA ROAD,FUJAIRAH,UAE",45610000
Lifecare Pharmacy,FUJ,Pharmacy,Dibba,"Lifecare near Federal Authority of Identity and Citizenship Ghurfa Dibba, Fujairah",92441445
Lulu Dibba Pharmacy Llc - Dibba,FUJ,Pharmacy,Dibba,"Lulu Hypermarket , Dibba, Fujairah",92431399
National Medical Center Pharmacy,FUJ,Pharmacy,Gurfa,"Saeed Samsum Bldg Ground Floor, Gurfa Street, Fujairah",92232064
Suha Pharmacy Llc,FUJ,Pharmacy,Bidya,"Saleh Mofleh Ali Asyoud Shehhi (Bldg), Sheikh Zayed Bin Sultan Al Nahyan Road, P.O Box: 9069, Bidya, Fujairah, UAE",97192233360
Suha Pharmacy Llc Fujairah Br.1,FUJ,Pharmacy,Al Hayl,"Bldg.-61-s/s,Al Hayl Area, P.O Box: 9069, Fujairah, UAE",92448009
Thaiba Pharmacy (Medshop) - Fuj,FUJ,Pharmacy,Masafi,Opp. Uae Exchange(Masafi) - Fujairah,92564749
Al Rafidain Medical Center Llc,RAK,Clinic,Al Kharran,"Al Kharran Roundabout, Al Ansari Exchange Blgd., Ras Alkhaimah Uae.",72335500
Al Shifa General Medical Clinic,RAK,Clinic,Al Ghail,"Shaikha Ayeshaal Ghail, P.O Box: 36900, Ras Al Khaimah, UAE",559931007
Alya Medical Center Llc,RAK,Clinic,Al Qusaidat,"Adil Al Nuaimi Bldg., Al Qusaidat near Lamp Roundabout,Sheikh Saqr Bin Muhammad Al Qassimi Street, al Qusaidat, Ras Al Kaimah, UAE PO Box 328134",72441235
Aster Medical Centre Br.Dm Healthcare Llc Rak Br.,RAK,Clinic,Al Nakheel,"Malabar Gold Building, Opp United Arab Bank, Ras Al Kahimah Uae",74400500
Emirates Hospitals And Clinics Llc Ras Al Khaimah 1 Ex: Cosmesurge & Emirates Clinics For One Day Surgery (Rak),RAK,Clinic,Al Hisn Road,"First Floor, Avenue Building. Julphar Towers, Al Hisn Road, Rak",72037777
Marhaba Medical Center,RAK,Clinic,Al Nakheel,Al Nakheel Building Al Hoot Supermarket Al Muntasir Street Al Nakheel Ras Al Khaima,72364667
Med Plus Medical Center,RAK,Clinic,Al Nakheel,"Golden Crown Building,Al Nakheel Street, Ras Al Khaimah",72369006
New Royal Medical & Dental Center,RAK,Clinic,Al Qawasim Corniche,"Al Qawasim St Dafan Al Khor, P.O Box:1004, Ras Al Khaimah, UAE",72212050
Nexus Medical Clinic Llc,RAK,Clinic,Jazeera Al Hamra,"National Gas Co LLC, Jazeera Al Hamra, RAK",72332134
Shifa Al Jazeerah Medical Centre Llc,RAK,Clinic,Al Nakheel,"Fathima Supermarket Building, Mezzanine  Floor, Al Nakheel, Ras Al Khaima, U A E",72211218
International Radiology Centre - Rak,RAK,Dx & Lab,Al Nakheel,Floor 2 Emirates Nbd Building - Muntasir Street Cor Al Nakheel Street Rak Uae,72338088
Rak Bio Tech Medical Lab Llc Ex: Rak Bio Tech Medical Lab L.L.C - Rak,RAK,Dx & Lab,Al Qawasim Corniche,"Al Jazeera Building, Corniche Road, Al Qawasim Corniche, Al Khor, Al Qawasim Corniche, Ras Al Khaimah",72338872
Al Ahd Pharmacy - Rak,RAK,Pharmacy,Al Qawasim,"Safeer Mall, Corniche Road, Al Qawasim",72333443
Al Ghail Pharmacy,RAK,Pharmacy,Al Ghail,"Shaikha Ayeshaal Ghail, P.O Box: 36900, Ras Al Khaimah, UAE",559931007
Al Kayan Pharmacy Llc,RAK,Pharmacy,Al Qasimi,"AL QASIDAT, SHEIKH SAQR BIN MUHAMMED AL QASIMI STREET, RAS AL KHAIMAH",72464566
Al Ola Pharmacy Br Aster Pharmacies Group Llc,RAK,Pharmacy,Nakheel,"Shop No.1, Bld No. 0040, Nakheel, Rak",72357563
Al Salama Pharmacy Llc,RAK,Pharmacy,Al Nakheel Street,"Hudaibah Building, Al Nakheel Street , P.O Box: 28966, Ras Al Khaimah, UAE",72217989
Al Shamal Pharmacy Llc,RAK,Pharmacy,Al Shamal,"Shamal Pharmacy Bldg., Shop No. 3, Manama Rd., Al Shamal Area, Ras Al Khaima",72363278
Al Yamamah Pharmacy,RAK,Pharmacy,Al Nakheel,"Near Saif Hospital, Bin Ghobash, Al Nakheel",72222561
Alya Pharmacy Llc,RAK,Pharmacy,Al Qusaidat,"Adil Al Nuaimi Bldg., Al Qusaidat near Lamp Roundabout,Sheikh Saqr Bin Muhammad Al Qassimi Street, al Qusaidat, Ras Al Kaimah, UAE PO Box 328134",72441235
Aster Pharmacies Group Llc Branch 1,RAK,Pharmacy,Julan,"Opp. Al Khaleej Supermarket, Al Mataf Road, Julan, After Adaf Round About,Rak",72681224
Aster Pharmacies Group Llc Branch 2,RAK,Pharmacy,Al Dhaid,"Ali Sultan Ali Onwan Al- Neami Building, Opp. Birla Institute Of Technology, Al Dhait",72361664
Aster Pharmacies Group Llc Rak Branch,RAK,Pharmacy,Air Port Road,"Shop No.Gf50, Safeer Mall, Air Port Road,Ras Al Khaimah",72352213
Central Pharmacy,RAK,Pharmacy,Al Manama,"Inside Julphar-Gulf Pharmaceutical Industries,Al Manama Ras Al Khaimah,Airport road,Near Rak Zoo,Digdaqah,Ras Al Khaimah",72440528; 72449141
Emirates Dubai Pharmacy Llc Rak Branch,RAK,Pharmacy,Al Hins Road,"Al Hisn Street, Julphar Towers First Floor, Nakheel, Ras Al Khaimah",72037744
Hala 37 Pharmacy Llc Opc,RAK,Pharmacy,Julfar,"UNIT NO 3 ,FLOOR G+M,JULFAR RAS AL KHAIMAH,UAE",45610000
Hala 37 Pharmacy Llc Opc - Branch 2,RAK,Pharmacy,Al Qawasim,"EXHIBITION NO 1, AL QAWASIM CORNICHE, RAK, UAE",45610000
Hala 37 Pharmacy Llc Opc Branch 1,RAK,Pharmacy,Mina Al Arab,"Ground Floor, Lagoon Walk, Mina Al Arab",45610000
Hala 37 Pharmacy Llc Opc -Branch 3,RAK,Pharmacy,Al Naeem City,"Unit No. GF - 09-10 , Al Naeem City Center, RAK, UAE",45610000
Hala Pharmacy 21,RAK,Pharmacy,Al Nadiyah,"Opposite To Emirates Market ,Sheikh Muhammad Bin Salem Road,Al Nadiyah ,Ras Al Khaimah",75610000
Hala Pharmacy 21 Llc Branch,RAK,Pharmacy,Al Rams,"Shop 1, 2, 3, Plot 314020416, Al Rams, RAK",75610000
Hala Pharmacy 22 Llc,RAK,Pharmacy,Manar Mall,"Inside Carrefour, Manar Mall, RAK",75610000
Hala Pharmacy 25,RAK,Pharmacy,Manar Mall,"Shop No : Gf 76-77, Ground Floor, Al Hamra Mall, Ras Al Khaimah — Uae",75610000
Hala Pharmacy 34 Llc,RAK,Pharmacy,Nakheel,"(opp) Manar Mall , Al Nakheel area, Ras Al Khaimah , UAE",75610000
Hala Pharmacy 36 Llc,RAK,Pharmacy,Al Kharain Area,"Shop no.5,  Block 6, on Plot no. 406060029, Al Kharain Area, RAK",75610000
Health First Pharmacy 14,RAK,Pharmacy,RAK,"Al Rams Rd, Beside Al Rams Police Station, Al Rams Area - Ras Al Khaimah",72662295; 72664493
Health First Pharmacy 22,RAK,Pharmacy,Al Muntasir St.,"Al Manar Mall, Al Muntasir Road,Al Uraibi - Ras Al Khaimah",72274848
Health First Pharmacy 50,RAK,Pharmacy,Al Nadiyah,"Sk Ahmed Ben Sagar Building,Opp Rak Bank,Al Nadiyah,Sheikh Muhammad Bin Salem Road,Ras Al Khaimah",72358018
Health First Pharmacy 53,RAK,Pharmacy,Marjan island,Yakout Building Opposite to Zoom Market Marjan Island Blvd Bab Al Bahar Ras Al Khiamah,72435406
Health First Pharmacy 54,RAK,Pharmacy,Saqer Bin Mohammed City,"Unit: B-01, Emirates Football Club, Saqer Bin Mohammed City,  Ras Al Khaimah",72082082
Health First Pharmacy 63,RAK,Pharmacy,Khalifa Bin Zayed City,"Retail no: 10B & 11B, Al Aswaq Hypermarket, Al Dhait Street, Khalifa Bin Zayed City, Ras Al Khaimah, U.A.E",72081966
Ibn Sina Pharmacy  Branch1,RAK,Pharmacy,Ras Al Khaima,Naeem city center-Ras Al Khaima,72362086
Jabal Al Noor Pharmacy,RAK,Pharmacy,Al Muntaser Road,"Near Adnoc Station, Al Muntaser Road",72263430
Julfar Pharmacy,RAK,Pharmacy,Julan,"Near Saas Supermarket, Julan Road, Al Muntaser Road, Julan",72277970
Life Pharmacy,RAK,Pharmacy,Ras Al Khaimah,"Shop 5 & 6, Nesto Hypermarket, Al Qusaidat,Ras Al Khaimah,UAE",75610000
Life Pharmacy Llc Rak Br 1,RAK,Pharmacy,Nakheel Street,"Shop No: 01, Gulf Hypermarket Llc, Al Muntasir Road, Nakheel Street",75610000
Life Pharmacy Llc Rak Br 2,RAK,Pharmacy,Venice Avenue,"Shop No# 01,Venice Avenue",75610000
Lulu Rak Pharmacy - Rak,RAK,Pharmacy,Khuzam,"Rak Mall, Ras Al Khaima",565018175
Marhaba Al Jadeeda Pharmacy,RAK,Pharmacy,Al Nakheel,"United Arab Bank Building, Al Muntaser Road, Al Nakheel",72449330
Marhaba Pharmacy,RAK,Pharmacy,Al Mamourah,"Al Haramain Bookshop, Villa 2, Al Muntaser Road, next to Al Futtaim Motors, Al Muntaser road, Sheikh Khalid Street, Al Muntaser Road, Al Mamourah",72277970
Marhaba Pharmacy Branch-2,RAK,Pharmacy,Al Qusaidat,"Opposite Nesto, Saqr Hospital Street, Al Qusaidat",2445258
Marhabtain Pharmacy,RAK,Pharmacy,Al Mairid,"Al Mairid Roundabout, Al Mairid",72665500
Med Plus Pharmacy,RAK,Pharmacy,Al Nakheel,"Golden Crown Building,Al Nakheel Street, Ras Al Khaimah",72369006
Medicom Pharmacy 23 (Al Enaya Pharmacy ),RAK,Pharmacy,Kharran,"Airport Road, Al Kharan, Opp: Bin Zahir Boys School,Ras Al Khaimah, Uae",72441433
Medon Pharmacy Llc Rak Branch,RAK,Pharmacy,Al Hamra,"Leptis Mall, Al Jazeera Al Hamra Industrial, Al Hamra, Ras Al Khaimah",72357576
N M C Royal Pharmacy (Ex. Royal Pharmacy _ Rak),RAK,Pharmacy,Qwasim Corniche,"Qawasim Corniche, P O Box- 5486, Ras Al Khaimah",72028000
Nexus Pharmacy Llc,RAK,Pharmacy,Jazeera Al Hamra,"National Gas Co LLC, Jazeera Al Hamra, RAK",72447348
Ras Al Khaimah Al Jazira Al Hamra Pharmacy,RAK,Pharmacy,Al Jazeera,"B-1 Ground Floor,G+11,Behind Rak Ceramics,Rak,Uae",72432249
Ras Al Khaimah Ghalila Pharmacy,RAK,Pharmacy,Galilah,"Ahmed Laha Building,Ground Floor,Beside Adnoc,Ghalila Sham",72334950
Shifa Al Jazeerah Pharmacy Llc,RAK,Pharmacy,Al Nakheel,"Fathima Supermarket Building, Mezzanine  Floor, Al Nakheel, Ras Al Khaima, U A E",72211218
Umdc Pharmacy Llc,RAK,Pharmacy,Al Nakheel,"Old CBD Bank Building, Al Nakheel Union Medical & Dental Center Al Manama Road, Ras al Khaimah",72272757
Waht Al Dhait Pharmacy Llc,RAK,Pharmacy,Airport Road,"Sultan Saeed Bldg. Shop No. 2, Al Manama,Ras Al Khaimah Rd. Airport Rd.- Ras Al Khaimah",72228522
Retaj Pharmacy LLC,RAK,Pharmacy,Al Dhat,"AL Dhait, Near KFC.Building F1'",25828989
Abrahams Medical Centre,SHJ,Clinic,Rolla,"#303, Rolla Tower Building,Al Zahra Street, Sharjah, United Arab Emirates.",65612737
Access Al Sajaa Clinic,SHJ,Clinic,Al Sajaa,"Ground Floor, Al Sajaa Shopping Cntre, Floor no. 25 and 26, Al Sajaa, Industrail Area, Sharjah, UAE",67678795
Access Al-Rolla Medical Center,SHJ,Clinic,Rolla,"Adnic Tower, Ground Floor, Ibrahim Mohammad Al Medfa,  Opposite Union National Bank, Sharjah Uae",64400500
Access Clinic Muwailiah,SHJ,Clinic,Muwailiah,"Mubarak Building, Ground Floor, University Road, Muwailiah, Sharjah Uae",64400500
Al Afdal Medical Center,SHJ,Clinic,Al Mahattah,"Shop # 3, Al Tawoos Building, King Abdulaziz Street, Al Mahattah, Sharjah",65590007
Al Arif Medical Centre Llc,SHJ,Clinic,Al Nahda,"Al Yarmouk Tiger Building, Near ENOC Petrol Pump, Al Nahda, Sharjah, UAE",67154999
Al Azhar Medical Clinic,SHJ,Clinic,Sajja Industrial area No:1,"Po Box 5435 Sharjah Cooperative Society Building, Sajja Industrial Area No:1 - Sharjah",65352323
Al Banna Medical Centre,SHJ,Clinic,3rd Industrial Street,Flat . 211 Mirage 2 Building Near Geco Sigl Industrial Area 3 Sharjah Uae,65327228
Al Bustan Medical Center,SHJ,Clinic,Al Dheid,"Al Dheid,Fallaj Al Muallah st,Near vegetable market,Ali Ahmed Saif Buldg.,1st Floor #102",68829924
Al Dhaid Medical Center - Shj,SHJ,Clinic,Al Dhaid,"Old Hospial Road, Al Dhaid, Sharjah, Uae",68823535
Al Dunia Medical Center Llc,SHJ,Clinic,Industrial Area,Al Shamsi Building Shop No 9-11 Industrial Area no-12 near Geco Signal near Geco Signal,65546644
Al Furqan Medical Centre Llc,SHJ,Clinic,Industrial Area 11,"Po Box 48431, M-2179, Floor 1,
Salem Saeed Omai Al Jaberi Bldg,
Industrial Area,  Sharjah, Uae.",65353868
Al Maliha Medical Center (Ex. Al Maliha Polyclinic) - Shj,SHJ,Clinic,Al Dheid,"Al Maliha Medical Centre, Main Road, Opposite Etisalat, Al Dhaid-Sharjah.U.A.E",68823334
Al Sherouq Medical Centre Llc,SHJ,Clinic,Rolla,"Orient Building 1st Floor, Opposite Al Ansari Exchange, Mina Road, Al Arooba Street, Rolla, Sharjah, UAE .",65353039
Al Waha Medical Centre Llc,SHJ,Clinic,AL AROBA ST,"Street No40 Alsharq Almajarrah Opp Babypark Center, Next To Hala Residence ,Flat No 202,Po Box;72664,Sharjah,",65654542
Aster Abu Shagharah Medical Center,SHJ,Clinic,Abu Shagara,"Aster Building, Ground Floor, Shop No 1, Near Abu Shagara Park, Sharjah Uae",64400500
Aster Abu Tina Medical Center,SHJ,Clinic,Abutina,"Shaikh Majid Bin Saud Bin Khalid Building Near Fine Fair Al Sharq Street No., 103 Abutina",65619045
Aster Al Nahda Medical Center - 1,SHJ,Clinic,Al Nahda Area,"Al Shaiba Building, Ground Floor, Opp. Carrefour Express, Al Nahda Area, Sharjah Uae",64400500
Aster Al Suwaihat Medical Center,SHJ,Clinic,Al Abar,"Hamdan Center-Ist Floor, Opp. Al Qassimi Hospital, Wasit Street, Al Abar, Halwan Suburb",65210102
Baghdad Medical Centre,SHJ,Clinic,AL MADAM,NBAD BUILDING AL MADAM ROUND ABOUT SHARJAH,68861115
Doctors Medical Centre,SHJ,Clinic,Rolla,"Adcb Bank Building, 5Th & 6Th Floor Near Central Post Office, Meena Road",65751222
Dr. Ali S. Hindi Clinic,SHJ,Clinic,Al Wahda,"Al Wahda Street, Abu Shagara , Sharjah",65746006
Dr. Sanjay Medical Centre - Shj,SHJ,Clinic,Rolla,"201,213, 215 Al Mubarak Cntre Office Block Flat No: 201",65626525
Erum Saba Medical Center Ex: Laika Medical Center,SHJ,Clinic,Maysaloon,"Laika Medical Centre, Al Zahara Street,Near Cid Police H. Q., Maisaloon,Sharjah P.O. Box 26204",65627667
Good Health Specialized Medical Centre,SHJ,Clinic,Al Wahda,"Sana Building (Italian light Building), Near City Centre Sharjah, Al wahda, Sharjah",65541600
Hakim Medical Center-Sharjah,SHJ,Clinic,King Faisal,"2Nd Floor, Hsbc Building, Offcie # 212, King Faisal Street, Abu Shagara, ...",65599234
Ideal Medical Center - Shj,SHJ,Clinic,Rolla,"Sheik Khaid Building, Al Arouba, Al Rolla, Sharjah, UAE PO Box 4237",65623844
Lebanon Medical Centre Ex: Al Lubnani Medical Center - Shj,SHJ,Clinic,Mamzar,"Al Taawun Street, Sharjah, Majestic Tower",65652929
New Medical Centre,SHJ,Clinic,Buhaira Corniche,"Bel Resheed Tower, 1st & 2nd Floor, on the Buhairah Corniche, next to Crystal Plaza, opp.the Marbella Resort, Sharjah",65758000
Noor Clinic,SHJ,Clinic,Al Shuwaihean,"Second Floor Land And Sea Holding,Al Shuwaihean,Near Chornich Post Office",65684974
Peshawar Medical Centre Llc,SHJ,Clinic,Rolla,"FLAT NOS. 308,309 & 310, ROLLA MALL BLDG, POB 69292",65633755
Primecorp Medical Center Llc Shj 1,SHJ,Clinic,Al Nahda,"Al Rolla Tower 2, Near Carrefour Express, Malaka Street, Al Nahda, Sharjah, UAE",67070999
Regal Medical Centre,SHJ,Clinic,Malia Road,"Shop No. 5, Belresheed Building, Building No. 2516, Maliha Road, near Hadi Exchange, National Paints, Muwailih Commercial",551409352
Right Medical Centre,SHJ,Clinic,King Faisal,"1St Floor,Saleh Bin Saleh Bldg,Opp.Hsbc, King Faisal Street,Sharjah U.A.E",65551575
Sabah Al Noor Medical Center  Ex: Al Taif Medical Centre-Sharjah,SHJ,Clinic,King Faisal,"Mr.Baker Building, Near United Arab Bank, King Faisal Street, Abu Shagara, Sharjah",65558441
Sahara Medical Center Llc - Shj,SHJ,Clinic,Al Nahda,"1St Floor, 105, Sheiba Building, Opp. Al Nahda Park, Al Nahda, Sharjah, Uae",65318887
Seafarer Clinic,SHJ,Clinic,Khalid Port,"PK 16D, KHALID PORT, AL LAYYAH SUBBURB, SHARJAH, UAE",65634522
SHAJRAH SPECIALIST MEDICAL CENTER,SHJ,Clinic,Muweillah,"Building No 2108, Sharjah Ring Road, P.O Box: 6223662236,  Muwaileh, Sharjah.",65729880
Sharjah International Airport Medical Center,SHJ,Clinic,Airport Road,"Airport Road, Sharjah International Airport",65084949
Shifa Al Jazeera Medical Center-Shj ( Ex. Al Mahmoud Medical Center),SHJ,Clinic,Rolla,"Shifa Al Jazeera Medical Centre, Shaikh Abdullah Ali Al Mahmoud Building, Opposite Al Zahra Hospital, Near Al Musalla Park, Al Zahra Street, Rolla, Sharjah, U A E",65218889
Shifa Al Rabee Medicalk Centre,SHJ,Clinic,"Muweila, Sharjah","Ground Floor, 2609, Bus Station Road, Muwaileh Industrial Area Commercial, Sharjah",65959123
Specialized Medical Center - University Of Sharjah,SHJ,Clinic,University City,"Building, M2, University Of Sharjah, P.O Box: 27272, Sharjah, UAE",65050244
Starcare Medical Center Llc,SHJ,Clinic,Rolla,"1St Floor Of Mlabar Gold Plaza , Near Rolla Park , Shj",65611099
Sunny  Maysloon Speciality Medical Centre Llc,SHJ,Clinic,Maysaloon,"Near Lulu Hypermarket, May Saloon,Kuwait Strt, Sharjah",65014777
Sunny Al Buhaira Medical Centre - (Ex- Lotus Medical Centre)  - Shj),SHJ,Clinic,Al Majaz,"First Floor ,Near Buhairah Police Station ,Al Majaz ,Sharjah",65566689
Sunny Halwan Speciality Medical Centre Llc,SHJ,Clinic,Shahba,"Opposite Al Qasmia Hospital,  Wasit  Street , Shahba,Sharjah Uae",65061666
Thumbay Clinic Llc Br 1,SHJ,Clinic,Kalba,"Al Wahda Street, Kalba, Sharjah",92773337
Thumbay Clinic Llc Branch 2,SHJ,Clinic,Abu Shagara,"Behind City Max Hotel, Alwahda -1 - Sharjah",65523177
Unicare Medical Centre - Shj,SHJ,Clinic,Rolla,"Al Shamshi, Clock Tower, Rolla, Sharjah",65630313
University Of Sharjah Girls Clinic,SHJ,Clinic,University City,"Building W2. University of Sharjah, P.O Box: 27272, Sharjah",65053291
We Care Medical Centre L.L.C.,SHJ,Clinic,Industrial Area 10,"Khansahib Building, Industrial Area 10",65779977
Well Care Medical Center Llc,SHJ,Clinic,Muweilha commercial,"Building #6, Muweilha commercial, Sharjah, UAE",65791444
Shifa Muwaileh Medical Center SHJ,SHJ,Clinic,Muweillah,"Paradise Building,No 7460, Al Emarat Street, P.O Box: 62236, Muwaileh, Sharjah.",67401790
Al Borg Laboratory,SHJ,Dx & Lab,Corniche Al Buhairah,"3Rd Floor, Crystal Plaza Block C, Buheira Corniche Road, Al Majaz District, Sharjah, United Arab Emirates",65752100
Al Sarh Medical Lab,SHJ,Dx & Lab,King Faisal,"King Faisal Street,Al Nad,
Al Marzooqi Tower
,Sharjah-Uae. Po Box - 60727",65509991
Al Shams Medical & Diagnostic Centre,SHJ,Dx & Lab,Sheikh Faisal,"Sheikh Faisal Al Qassemi Bldg. Near Manama Supermarket,",63542999
Aldurrah Radiology Center Llc,SHJ,Dx & Lab,Al Majaz 3,1St Al Durrah Tower,65569888
Aster Diagnostic Center,SHJ,Dx & Lab,Abu Shagara,"Abdullah Ahmed Abdul Rahman Building, Behind Mega Mall, Sharjah",65973300
Dar Al Hikmah Medical Lab,SHJ,Dx & Lab,Almajaz,110 Corniche St - Al Majazal Majaz 1 - Sharjah,65519916
Emirates Medical Laboratory,SHJ,Dx & Lab,Buhaira Corniche,"Post Box: 26826, Salem Tower # 23, Sharjah, Uae",65736866
Hey Lab For Medical Analysis,SHJ,Dx & Lab,Al Khan,"Al Muna building, New Altawoun Street, Al Khan, Sharjah",67676442
International Radiology And Diagnostic Services (1) Llc,SHJ,Dx & Lab,Al Majaz,Floor 2 Egyptian Trade Center  Al Taawun Sharjah Uae,65566305
International Radiology Centre,SHJ,Dx & Lab,Buhaira Corniche,"Floor 1 Crystal Plaza Building Block C Al Majaz 1 Buhairah Corniche, Sharjah Uae",65738088
Medi Plus Diagnostic Centre LLC Sole Proprietorship,SHJ,Dx & Lab,Al Arooba Street,"Flat 303 Al Mubarak Center, Al Arooba Street, Sharjah",65634347
Mena Labs Medical Laboratory Llc ( Ex. Universal Medical Laboratory - Sharjah ),SHJ,Dx & Lab,Al Buhaira,"Menalabs Medical Laboratory L.L.C , Buhairah Coniche.",65754979
Modern Medical Lab.,SHJ,Dx & Lab,Rolla Square,"Al Khudra Building, Rolla Square, PO Box 24855, Alzahra Street, Al Ghuwair Rolla Square, Sharjah, UAE",65679794
Reem Al Nahda Medical Diagnostic Centre - Shj,SHJ,Dx & Lab,Al Nahda,"101,1St Floor, Al Shiba Building - Al Nahda St - Sharjah",65304864
Al Saha Wa Al Shifa Hospital For One Day Surgery,SHJ,Hospital,Rolla,"Al Saha Al Shifa Hospital,3Rd Floor,Rolla Mall,Rolla Sharjah Uae",65632618
Dar Al Kamal Hospital,SHJ,Hospital,Al Sharq,"Al Sharq St - Al Heerah Suburb - Al Fisht - Sharjah, P.O Box:29307, Sharjah, UAE",65997777
Emirates European Hospital Llc One Day Surgery,SHJ,Hospital,Al Qulaa,"Qulaya Area, Alsahrq Street Sharjah",65619444
Oriana Hospital For One Day Surgery - Shj,SHJ,Hospital,Al Taawun,"Manazil Tower 2, Opposite Sharjah Expo, Near Al Taawun Mall, Al Taawun Street, Al Khan Street,Al Khan Street, Sharjah",65251000
800 Pharma Pharmacy Llc-Shj.Br,SHJ,Pharmacy,Industrial Area,"Behind Sheikh Mohammed Bin Zayed Road, Muwaileh Commercial, Industrial Area, Sharjah",65636651
Al  Razy Pharmacy Llc,SHJ,Pharmacy,Al Nahda,"Behind Ansar Mall, Al Nahda, Sharjah",65377844
Al Ajwah Pharmacy L.L.C.,SHJ,Pharmacy,Muweillah,"Muweilah Commercial Bldg, No. 6 Shop 2 Opposite Nesto Muweillah",67023555
Al Aqsa Pharmacy - Shj,SHJ,Pharmacy,Al Tawoon,"Back Side Of W.Wilson Specialised Medical Centre, Sharjah.",65774704
Al Azhar Pharmacy,SHJ,Pharmacy,Sajja Industrial area No:1,"Sharjah Cooperative society Building, Sajja Industrial area, Sharjah",65352323
Al Barashi Pharmacy Llc,SHJ,Pharmacy,Al Bedea,Sharjah Cooperative Society Barashi  Al Bedea Suburb - Barashi - Sharjah,65248828
Al Burhan Pharmacy Llc,SHJ,Pharmacy,Muwailih,"Blue Building,Industrial Area 13  Near Family Restaurant  Muwaileh  Sharjah Po Box 2797",66532585
Al Dawa & Al Jamal Pharmacy,SHJ,Pharmacy,Muella,Mubarak Bldg University St Muella Sharjah,65399499
Al Dhafrah Pharmacy LLC,SHJ,Pharmacy,Al Majaz,"Next To Sultan Suites Al Majaz 3, Sharjah, UAE",65552277
Al Enwan Pharmacy,SHJ,Pharmacy,Al Marija St. Sharjah,"Behind Rak Bank Meena Road, Down Marijah Medical Center, Al Marija St. Sharjah",65559111
Al Farah Al Hadithah Pharmacy Llc,SHJ,Pharmacy,Al Qasimia,Behind CG Mall-Al Qasimia-Sharjah,65746066
Al Farah Pharmacy - Shj,SHJ,Pharmacy,Al Nahda,"Nasser Al Shebah opposite Sahara Mall, Malagga, Al Tawean Al Nahdah, Sharjah",65363707
Al Fardan Centre Pharmacy Llc,SHJ,Pharmacy,Buhaira Corniche Road,"Inside Al Fardan Centre,Buhaira Corniche Rd,Sharjah,Shop # G-16-20",65610000
Al Farooq Pharmacy - Shj,SHJ,Pharmacy,Al Nahda,"Juma Al Majid Building, Near Reem Al Nahda Medical Centre, Al Nahda, Sharjah.",65315343
Al Furqan Phamacy Llc,SHJ,Pharmacy,Al Madam,"Mattar Bldg., Al Madam, Sharjah",68861030
Al Hadhar Pharmacy Llc,SHJ,Pharmacy,Al Khan,Al Salam Building-Near Amber Super Market-Al Khan Street - Sharjah,65545487
Al Hajis Pharmacy Llc,SHJ,Pharmacy,Wasit,"AL ABAR, BEHIND WASIT STREET, SHOP NO.5,7,8, SHARJAH",65353724
Al Hameediya Pharmacy Llc,SHJ,Pharmacy,Al Soor,"89 Ibrahim Mohammed Al Medfa'a St - Al Soor - Sharjah, UAE, PO Box 69286",65213314
Al Hamria Pharmacy Llc,SHJ,Pharmacy,Al Nahda,"Al Badar Tower Shop No.2 Near Hot Burger Al Nahda, Sharjah UAE",65218887
Al Haramain Pharmacy (Medshop)-(Moopen'S Group),SHJ,Pharmacy,Al nahda,"Al Nahda Tower, Al Nahadah - Sharjah",65316779
Al Jareena Pharmacy Llc,SHJ,Pharmacy,Maryam Island,"Shop No. 13-1 ,Al Khan St. Maryam Islands, Sharjah",65103888
Al Majaz Pharmacy (Medshop)-(Moopen'S Group),SHJ,Pharmacy,Al Majaz,"Jamal Abdul Nasir St, Majaz - Sharjah",65599799
Al Maliha Pharmacy,SHJ,Pharmacy,Al Dheid,"Main Road, Opposite Etisalat, Al Dhaid-Sharjah.U.A.E",68826855
Al Manarah Pharmacy (Medshop)-(Moopen'S Group),SHJ,Pharmacy,Al Taawun,"Opp. Taawun Mall, Taawun Area - Sharjah",65774665
Al Mansoor Pharmacy - Life Healthcare,SHJ,Pharmacy,Al Wahda,"Al Wahda St., Opp.Sharjah City Centre, Sharjah",65610000
Al Matar Pharmacy Llc,SHJ,Pharmacy,Muweilah,"Al Saud Block A building, Near Cooperative society,Muweilah, Sharjah",65460619
Al Mawadah Pharmacy(Medshop)-(Moopen'S Group),SHJ,Pharmacy,Al Qassmiya,Immigration Road - Sharjah,65744878
Al Mawjood Pharmacy,SHJ,Pharmacy,Al Majaz 1,"Ahmed Bin Majid St. No 4, Al Majaz 1, Sharjah",65242425
Al Misbah Pharmacy L.L.C,SHJ,Pharmacy,Maysaloon,"SULTAN ALI ABDULLAH AL OWAIS BUILDING, AL ZAHRA STREET,MAYSALOON Area,P.O Box: 26204, Sharjah, UAE",65627667
Al Mubarak Centre Pharmacy,SHJ,Pharmacy,Rolla,"Ground Floor- Al Sharq Street - Al Nabba - Inside Al Mubarak Centre Mall, Rolla , Sharjah - Po Box 61220",65638034
Al Musalla Pharmacy - Shj,SHJ,Pharmacy,Rolla,"Al Musalla Pharmacy, Shaikh Abdullah Ali Al Mahmoud Building, Opposite Al Zahra Hospital, Near Al Musalla Park, Al Zahra Street, Rolla, Sharjah, U A E",65616136
Al Nahda Pharmacy,SHJ,Pharmacy,Al Buhaira,"Shop # 10 & 11, Ground Floor, Al Kakooli Building, Al Khan, Sharjahlandmark: Opposite Old Expo Centre - Zip Code: 28216",65561122
Al Nahdha Pharmacy Llc- Sharjah,SHJ,Pharmacy,,"Ganda Tower, Al Nahda Sharjah, UAE",42641808
Al Nas Pharmacy Llc,SHJ,Pharmacy,Al Washah,"Muhammed Syeed Building, Al Washah",568819742
Al Noor Al Saate Pharmacy Llc,SHJ,Pharmacy,Abu Shagarah,"SHOP NO:1, SABAH AL NOOR MEDICAL CENTRE BUILDING",65727600
Al Rafeah Pharmacy Llc,SHJ,Pharmacy,Muweilah,"George Building, Muweilah - Sharjah",65454455
Al Rajaa Pharmacy Llc,SHJ,Pharmacy,Al Majaz 1,"Al Fahad, near Jabal Noor Grocery, Jamal Abdul Naser, Al Majaz 1",65482004
Al Rawaa Pharmacy,SHJ,Pharmacy,Al Qasimia,Al Attas Bldg Abdullah Bin Numan Street Al Qasimia Sharjah,65500424
Al Rawdha Pharmacy,SHJ,Pharmacy,Al Sharq,"Ahmed Yousuf Abdulla Building - G Floor 2,3 - Al Zahra'A Street - Bu Tina, Al Sharq, Sharjah, Po Box - 61226",65213777
Al Rayan Pharmacy Llc,SHJ,Pharmacy,Abu Shagara,"Abu Shagara, Sharjah UAE",65509475
Al Ruayah Pharmacy Llc,SHJ,Pharmacy,Muwaileh,"Ground Floor, Safari Mall, Shop Number 80 & 81, Safari Hypermarket, Muwaileh",65463681
Al Saha Pharmacy Llc,SHJ,Pharmacy,Al Muwailah,"Al Muwailah Fire Station Road, Sharjah",65610000
Al Sama Pharmacy Llc - Shj,SHJ,Pharmacy,Al Qassemiya,"Shop No. 4, Near City Bank, Anas Bin Muatah Street, Ground Floor, Al Qassemiya, Sharjah - U.A.E.",65508820
Al Samah Pharmacy Llc,SHJ,Pharmacy,Al Qassimia,"Al Ghubaibah, Sharjah, Uae",65660366
Al Shifa Pharmacy,SHJ,Pharmacy,Al Majaz,Jamal Abdul Naser St - Al Majaz - Sharjah,65312552
Al Shualla Pharmacy,SHJ,Pharmacy,Al Muwailah,"Shop R027, Al Zahia Uptown, Al Zahia Uptown, P.O Box: 50585, Sharjah, UAE",65736587
Al Taif Pharmacy,SHJ,Pharmacy,Muwailih,"Shop # 2 & 3, Nesto Hupermarket LLC-Branch 1, Muwailih Commercial, Sharjah",65610000
Al Tamimi Pharmacy,SHJ,Pharmacy,Al Nakheel,"Shop No - 2, Al Entifadha Street  ,Behind Adcb,Al Soor -  Sharjah Main Branch - Sharjah -Po Box 32088",65624990
Al Tawar Pharmacy,SHJ,Pharmacy,Al Qasimiya,"Next Al Afdal Medical Center King Abdul Aziz Street,Qasimiya Sharjah",65334111
Al Temouh Pharmacy L.L.C,SHJ,Pharmacy,Majaz 3,"Sharjah Cooperative Society Khalidhiya Al Khan, Sharjah, Near Safya Park Majaz 3",65101442
Al Ufuq Pharmacy Llc,SHJ,Pharmacy,National Paints,"Nesto Centre Building, Groud Floor, National Paints, Sharjah,",65443771
Al Waseem Pharmacy (Medshop)-(Moopen'S Group),SHJ,Pharmacy,Al Taawun,"Dafco Building, Taawun Area - Sharjah",65770930
Al Zaman Pharmacy Llc,SHJ,Pharmacy,Al Wahda,"Al Wafa Building, Shop#5, Opposite Al Wahda Post Office,Sharjah",65771990
Albarsha Pharmacy,SHJ,Pharmacy,Al Nabba,"Shop # 1, Emirates & Al Manama Centre,Next To Fire Station Roundabout Sharjah",65610000
Alexis Pharmacy Llc,SHJ,Pharmacy,Muweilah,Back Side Of Sharjah University Street -Muweilah,65060397
Alexis Zulekha Pharmacy Llc,SHJ,Pharmacy,Nasserya,"Next To Zulekha Hospital Sharjah, Nasserya",65060197
Alnajim Alazraq Pharmacy,SHJ,Pharmacy,Al Ittihad Road,"Shop No.1Damas 57 Bldg Al Nahda Area; Next To Ansar Mall, Al Ittihad Road, Sharjah",65610000
Aster Al Buhairah Pharmacy - Shj,SHJ,Pharmacy,Buhaira,"Lagoon Tower, Shop No.1, Buhairah Corniche, Sharjah, Uae",65444542
Aster Pharmacies Group Llc - Shj. Br - Branch 6,SHJ,Pharmacy,New Muweilah commercial,"Shop no. 10, Building 148/696, New Muweilah commercial, Sharjah, UAE",65748975
Aster Pharmacies Group Llc - Shj. Br - Branch 8,SHJ,Pharmacy,Corniche Street,"Shop No 1,Crescent Tower, Corniche Street, Sharjah, UAE",65755178
Aster Pharmacies Group Llc - Shj. Br - Branch 9,SHJ,Pharmacy,Wasit,"Shop No Q009 10 ,Matajer Al Quoz ,Al Fawz ,Wasit Suburb, Sharjah ,UAE",65610829
Aster Pharmacies Group Llc -Shj Br -Branch 1,SHJ,Pharmacy,Sweihat,"Shop No:3, Sharjah Co-Operative Society, Sweihat",65465240
Aster Pharmacies Group Llc -Shj Br -Branch 2,SHJ,Pharmacy,Muweilah,"Shop No.2, Bin Thareem Building, Muwailah Commercial Road, Near To Aster Clinic, Muwailah",65321063
Aster Pharmacies Group Llc -Shj Br -Branch 4,SHJ,Pharmacy,Sajah,"Shop No.22 & 23, Plot No:7664, Sajah Mall, Ali Moosa Street, Sajah",65466057
Aster Pharmacies Group Llc Shj Br Branch 7,SHJ,Pharmacy,Maliha Road,"Shop No-6, Suyoh Mall, Maliha Street, P.O Box: 50585, Sharjah, UAE",65263317
Aster Pharmacy - Shj,SHJ,Pharmacy,Al Majaz,"Beside Nahda Park, Opposite To Carrefour Express, Al Nahda",65253663
Aster Pharmacy 106,SHJ,Pharmacy,Al Nahda,"Goldensands Building, Al Ittihad Road ,Al Nahda, Near To Shafeer Mall",65749669
Aster Pharmacy 107,SHJ,Pharmacy,King Faisal Road,"Hassan Baba Hassan Building, Groud Floor, King Faisal Road, Sharjah",65734704
Aster Pharmacy 108,SHJ,Pharmacy,Rolla,"Ibrahim Mohamed Al Medfaa Street, Next To Sata, Um Al Tarafa Area, Rolla,
Sharjah, Near To Access Clinic",65610012
Aster Pharmacy 121,SHJ,Pharmacy,Al Nahda,"Silver Sand Building, , Al Nahda, Opp Juma Al Majid Building",65544504
Aster Pharmacy 122,SHJ,Pharmacy,Abu Shagara,"Shop No 2, Aster Building, Near Aster Clinic, Near Abu Shagara Park, Abu Shagara",65570996
Aster Pharmacy 125,SHJ,Pharmacy,Al Tawoun,"Al Deyar Buiding, Near Tawoun R/A, Al Tawoun, Sharjah",65303016
Aster Pharmacy 133,SHJ,Pharmacy,Al Sharq Street,"Al Sharq Street,Next To Fine Fair, Butina, Opp: Sharjah Cop Soceity",65619322
Aster Pharmacy 140,SHJ,Pharmacy,Al Majaz,"Sultaco Building, King Faisal Street, Al Majaz, Sharjah",65445001
Aster Pharmacy 151,SHJ,Pharmacy,Al Tawoon,"Shop No.4, Mamzer 1 Tower, Opp. Sharjah Palace Hotel, Tawun Street, Al Tawoon",65453109
Aster Pharmacy 153,SHJ,Pharmacy,Muweilah,"Mubarak Building, University Road, 
Muweilah, Sharjah, U.A.E",65220938
Aster Pharmacy 203,SHJ,Pharmacy,Al Khan Area,"Shop No.1, Arab Doctor Building,
Al Taawun Area, Sharjah",65396955
City Life Pharmacy Llc Branch Sharjah,SHJ,Pharmacy,Sharjah,"Shop 04, Al Mamzer Tower, Al Taawun,",65610000
Cristal Pharmacy - Shj,SHJ,Pharmacy,Al Tawoon,"Al Shamsi Blg.,Shop 4, Al Tawoon Area, Sharjah",65773100
Dar Al Farah Pharmacy Llc,SHJ,Pharmacy,Al Khezammia,"Opp. Al Qasimi Hospital, Al Khezammia Area, Sharjah, UAE",65743825
Dar Al Faraj Pharmacy Llc,SHJ,Pharmacy,Maleha Road,"Industrial Area-18, Maleha Road, Warehouses Land, Sharjah",65579567
Dar Al Hayat Pharmacy Llc,SHJ,Pharmacy,Al Soor,"Shop 2, Bin Madeya Building, Alsoor Behind Sharjah Central Post Office, Sharjah, Uae",65643337
Dar Al Kamal Pharmacy,SHJ,Pharmacy,Sharjah,"Al Sharq St - Al Heerah Suburb - Al Fisht - Sharjah opp NMC Medical center, Al Fisht - Sharjah",65997777
Delta Al Dhaid Pharmacy,SHJ,Pharmacy,Al Dhaid,"Sharjah Co-operative Society – Al Dhaid, Fujairah Road, Sharjah",68828636
Delta Al Mamzar Pharmacy,SHJ,Pharmacy,Sharjah-Dubai Road,"Sharjah-Dubai Road. Opp. Safeer Mall, Sharjah,",65771703
Delta Modern Pharmacy,SHJ,Pharmacy,Al Wahda,"Jamal Abdul Nazar Street, Near Brands for less show room, Sharjah",65554490
Delta Pharmacy,SHJ,Pharmacy,Sweihat,"Sharjah Co-operative – Sweihat Branch, Sharjah",65382770
Emirates European Hospital Pharmacy,SHJ,Pharmacy,Al Qulaa,"Qulaya Area, Alsahrq Street Sharjah",65619444
Experts Pharmacy(Medshop) - (Moopen'S Group),SHJ,Pharmacy,Abutina,Near Al Nassiraya Police Stn - Sharjah,65654635
Family Care Pharmacy Llc (Ex. Abe Al Fida Pharmacy),SHJ,Pharmacy,Old Muroor Road,"Near Old Muroor Al Buthee , Sharjah",65658008
Golden Life Pharmacy - Shj -Life Healthcare Group,SHJ,Pharmacy,Al Taawun,"Shop No.1, The Residence Viii, Al Taawun, Sharjah, Uae",65610000
Grand Hamad Pharmacy - Shj,SHJ,Pharmacy,Al Nahda,"Asswailem Bldg ,Next To Sunny Al Nahda Medical Centre ,Al Nahda,Sharjah",65544050
Hadeqat Al Rola Pharmacy Llc,SHJ,Pharmacy,Rolla,"Ganga Building, Shop No 1-Rolla Street, Sharjah, Po Box66961.",65748283
Hala Pharmacy 19 L.L.C.,SHJ,Pharmacy,King Faisal Street,"Al Alami Centre, Shop No.4 & 5, Al Alami Centre -1 , Near Spinneys King Faisal Street, Sharjah",65610000
Hala Pharmacy Branch 1,SHJ,Pharmacy,Abu Shaghara,"Shop # 1 & 2,KM Trading Shopping Centre, Abu Shaghara Sharjah",65610000
Hala Pharmacy Branch 3,SHJ,Pharmacy,Al Qassimiya,"Shop 02, Bufyeer 222 Bldg,Near Al Bustan Hotel,Al Qassimiya, Sharjah",65610000
Hala Pharmacy Branch 45,SHJ,Pharmacy,Sharjah,"Shop 9, Juma Al Majid Building, Al Nahda",65610000
Hala Pharmacy Branch 5,SHJ,Pharmacy,Rolla,"Hala Pharmacy Br 5, Shop No 1,2 &14, Rolla Building, Rolla, Sharjah",65610000
Hala Pharmacy Branch 55,SHJ,Pharmacy,Sharjah,"Shop 01, Ground Floor, Al Shamsi Building, Muweliah Commercial,",65610000
Hala Pharmacy Branch 8,SHJ,Pharmacy,Matajer,"Unit No. MM15, Ground Floor, Matajer Al Musalla, Sharjah - UAE",65610000
Hala Pharmacy Llc,SHJ,Pharmacy,Al Qassimia,"Shop # 12,13 & 14,Opposite to Mega Mart, Al Qassimia Sharjah",65610000
Hala Pharmacy Llc - Branch 28,SHJ,Pharmacy,Oasis Malls,"Shop 1, Unit No. 1006, Oasis Malls, Sharjah Uae",65610000
Hala Pharmacy Llc - Branch 46,SHJ,Pharmacy,Al Taawun,"Shop No. 3 , Al Shaam Tower, Al Taawun Roundabout, Sharjah- UAE",65610000
Hala Pharmacy Llc Branch 27,SHJ,Pharmacy,Matajer Al Juraina,"Unit no. J-040, Ground Floor, Matajer Al Juraina, Sharjah - UAE",65610000
Hala Pharmacy Llc Branch 33,SHJ,Pharmacy,Buheirah Corniche,"Shop Unit No. 1 & 2, Golden Tower, Buheirah Corniche, Sharjah – UAE",65610000
Hala Pharmacy Llc Branch 35,SHJ,Pharmacy,Al Taawun,"Shop No.1, Arab Doctors Specialist Center Building, Al Taawun Rd., Sharjah – UAE",65610000
Hala Pharmacy Llc Branch 37,SHJ,Pharmacy,Sharjah,"Shop: 20, Ground Floor, Al Sharq Complex, Buteena",65610000
Hala Pharmacy Llc Branch 38,SHJ,Pharmacy,Sharjah,"Unit No. G-025, Ground Floor, Al Zahia City Centre, Sharjah, UAE",65610000
Hala Pharmacy Llc Branch 40,SHJ,Pharmacy,Sharjah,"Unit No. G07 to G 13, Al Ameer Tower, Ground Floor,",65610000
Hala Pharmacy Llc Branch 42,SHJ,Pharmacy,Butina,"Unit # 14 & 15, Ground Floor, Nesto Hypermarket, Butina, Sharjah - UAE",65610000
Hala Pharmacy Llc Branch 43,SHJ,Pharmacy,Sharjah,"Unit 1 & 2, Muweliah Building, Muweliah Commercial,",65610000
Hala Pharmacy Llc Branch 44,SHJ,Pharmacy,Sahara Centre,"Unit 162, Ground Floor, Sahara Centre, Sharjah - UAE",65610000
Hala Pharmacy Llc Branch 47,SHJ,Pharmacy,Sharjah,"Unit No. G 01 & 02, Ground Floor, Lulu Hypermarket,",65610000
Hala Pharmacy Llc Branch 48,SHJ,Pharmacy,Sharjah,"Shop 3 & 4, Ground Floor, Diamond Plaza 2,",65610000
Hala Pharmacy Llc Branch 51,SHJ,Pharmacy,Sharjah,"Showroom No: 1 Plot 236-236, Al Buhaira Insurance Tower",65610000
Hala Pharmacy Llc Branch 52,SHJ,Pharmacy,Sharjah,"Shop 13 & 14, Plot No: 3088, Muweliah Building, Muweliah Commercial,",65610000
Hala Pharmacy Llc Branch 56,SHJ,Pharmacy,Sharjah,"Showroom 1, Al Gharfi Building (Ex Mashreq Bank), Buheirah Corniche",65610000
Hala Pharmacy Llc-Branch 10,SHJ,Pharmacy,Al Nasserya,"Hala Phy Br 10 - Showroom No 1, Bdng No 997, Al Nasserya, Sharjah",65610000
Hala Pharmacy Llc-Branch 11,SHJ,Pharmacy,Al Qasimia,"Shop No 1, Buf Year 222 Bld, Plot No 374, Al Qasimia, Sharjah",65610000
Hala Pharmacy Llc-Branch 12,SHJ,Pharmacy,Al Qassimiya,"Shop No 1,  Manazil Tower 1, Plot No 89, Al Qassimiya, Sharjah",65610000
Hala Pharmacy Llc-Branch 18,SHJ,Pharmacy,Al Majaz 1,"Shop G2, Salem Tower (Plot 430), Near United Arab Bank,oppt to Al Noor Mosque, Al Majaz 1, Sharjah",65610000
Hala Pharmacy Llc-Branch 2,SHJ,Pharmacy,Abu Shagara,"Shop # 4 & 5,Near To Abu Shagara Park,Sharjah",65610000
Hala Pharmacy Llc-Branch 20,SHJ,Pharmacy,Sharjah City Centre,"Unit B051, Sharjah City Centre ,Sharjah",65610000
Hala Pharmacy Llc-Branch 26,SHJ,Pharmacy,Al Nasseriya,"Unit No.G.06, Ground Floor, Mega Mall, Sharjah - Uae",65610000
Hala Pharmacy Llc-Branch 4,SHJ,Pharmacy,Arabian Golf Street,"Al Khaleej Bld, Near Sharjah Rotana Hotel,Arabian Golf Street,Sharjah",65610000
Hala Pharmacy Llc-Branch 6,SHJ,Pharmacy,Buhaira Corniche,"Shop # 2, Corniche B Buildg, Buhaira Corniche,Sharjah",65610000
Hala Pharmacy Llc-Branch 7,SHJ,Pharmacy,Jamal Abdul Nassar Street,"Hala Phy Br 7,Al Za'Abi Bldg, Plot No 315, Jamal Abdul Nassar Street, Sharjah",65610000
Hala Pharmacy Llc-Branch 9,SHJ,Pharmacy,Al Arouba Street,"Shop # 1 & 2,Al Arouba Build,Al Arouba Street,Sharjah",65610000
Hamad Al Ihterafeya Pharmacy Llc,SHJ,Pharmacy,Maysaloon,Near Lulu Hypermarket- Maysloon Sharjah,65014700
Hamad Al Mumayazah Pharmacy Llc,SHJ,Pharmacy,Sharqan,Al Sharqan Extension- Towards Ajman,65238054
Hamad Al Oula Pharmacy Llc,SHJ,Pharmacy,Shahba,Opp Al Qassimi Hospital- Shahba Area,65061600
Hamad Pharmacy - Shj,SHJ,Pharmacy,Shahba,"Block B, Shahba Complex, No 1Wasit Road ,Shahba ,Sharjah",65582800
HANEEFA PHARMACY LLC,SHJ,Pharmacy,Muweillah,"Building No 2108, Sharjah Ring Road, P.O Box: 6223662236,  Muwaileh, Sharjah.",65729880
Health First Pharmacy,SHJ,Pharmacy,Al Majaz 2,"Shop No :4 -2A,Ground Floor, Buhairah Corniche,Next To Subway Restaurant,Al Majaz 2",65643275
Health First Pharmacy - Branch 11,SHJ,Pharmacy,Hisn Square,"Shop No: 03, Al Dhaid Mall, Hisn Square, Al Dhaid, U.A.E",65232186
Health First Pharmacy Br 3,SHJ,Pharmacy,King Faisal,"Ground Floor,Al Safeer Center,Khorfakkan,Sharjah",62241356
Health First Pharmacy Br 4,SHJ,Pharmacy,Al Quos,"Al Matajer Mall,Wasit Area, Shop No:1,Al Goaz,Sharjah",65534225; 65500000
Health First Pharmacy Br 7 Sharjah,SHJ,Pharmacy,Matajer Mall,"Shop No K05 to K07,Ground Floor,Opposite Carrefour,Matajer Mall,Al Khan,Sharjah",65285143
Health First Pharmacy Branch 6,SHJ,Pharmacy,Al Sharq Street,"Shop No 1,Al Sharq Street,Sharjah Co-Operative Society,Sharjah",65650415
Health First Pharmacy Branch 8,SHJ,Pharmacy,Mirghab,"Shop No.M008b, Matajer Mirghab, Mirghab, Sharjah",65462537
Health First Pharmacy Branch 9,SHJ,Pharmacy,Al Suyoh Suburb,"Shop No 1 & 2,Sharjah Cooperative Society,Al Suyoh Suburb,Al Suyoh 4, Sharjah",65325886
Ibn Sina Al Kubra Pharmacy,SHJ,Pharmacy,Buhaira Corniche,Abdulaziz Al Majid - Al Majazal Majaz 3 - Sharjah,65567662
Ibn Sina Al Zahiah Pharmacy,SHJ,Pharmacy,Al Zahia,"City Centre Mall Zahia,Industrial Area - Sharjah",65550534
Ibn Sina Pharmacy  Shj Llc,SHJ,Pharmacy,Buhaira Corniche,Abdulaziz Al Majid - Al Majazal Majaz 3 - Sharjah,65726885
Ibn Sina Pharmacy 37,SHJ,Pharmacy,Al Juraina,University street - Al Juraina - Sharjah,65420283
Ibn Sina Pharmacy Branch,SHJ,Pharmacy,Mazairah,8H59+QWC - Al Rahmaniya - Mazairah - Sharjah,65388357
Ibn Sina Pharmacy Llc Ssh Branch 4,SHJ,Pharmacy,Yarmook,"Ground Floor, Mega Mall - Al Estiqlal St - Al Bu Daniq - Sharjah",65744066
Ishaq Bin Omran Pharmacy Llc,SHJ,Pharmacy,Sheikh Salem Al Qassimi Street,Ishaq Bin Omran Clinic Near To Sharjah National Park  Al Qarayen Sheikh Salem Al Qassimi Street Sharjah,65180875
Janah Pharmacy L.L.C Branch-2,SHJ,Pharmacy,Industrial Area,"Ground Floor, Shop-1, Cantara Building, University Road, Muwaileh Commercial, Industrial Area, Sharjah",65737633
Janah Pharmacy Llc,SHJ,Pharmacy,Buteena,"Fine-Fair Building, Buteena - Sharjah",65643980
Jesr Al Wafa Pharmacy,SHJ,Pharmacy,Al Majaz,"Shop No. 6 Al Yousef Partners Building, Al Wahda, Al Majaz, Sharjah, UAE",65553913
Lamia Pharmacy - Shj,SHJ,Pharmacy,,"Al Mamlak Hotel Apartment Building, near Corniche Post Office, Old Iranian Market, Rolla,",65680781
Lana Pharmacy Llc,SHJ,Pharmacy,Muweilah,Muscat Building-Muweilah - Sharjah,65455655
Life Line Pharmacy Llc,SHJ,Pharmacy,Al Mina,"Liberty Building, Al Medfa Street, Al Mina Al Soor, Sharjah UAE",65659407
LIFE PHARMACY L.L.C - Branch 40,SHJ,Pharmacy,City Center,"Shop 06, The Village, Safia, Plot 0001, City Center, Ajman",85610000
Life Pharmacy L.L.C - Shj. Br - Branch 10,SHJ,Pharmacy,Nasma Central Community Mall,Unit No 2  Ground Floor  Nasma Central Community Mall   Sharjah  Uae,45610000
Life Pharmacy L.L.C - Shj. Br - Branch 18,SHJ,Pharmacy,Industrial Area Industrial Area 12,Adnoc Service Station  197  Al Rawdha  23 Third Ind St   Ind Area Industrial Area 12  Sharjah Uae,45610000
Life Pharmacy L.L.C - Shj. Br - Branch 19,SHJ,Pharmacy,Al Jubail,Adnoc Service Station 373  Al Jubail  Sharjah  Uae,45610000
Life Pharmacy L.L.C - Shj. Br - Branch 20,SHJ,Pharmacy,Wasit,Adnoc Service Station  657  Wasit  Sheikh Salem Bin Sultan Al Qasimi  Sharjah Uae,45610000
Life Pharmacy L.L.C - Shj. Br - Branch 21,SHJ,Pharmacy,Abdul Naser Street,"SHOP NO#5,TOWER 2020,JAMAL ABDUL NASSER STREET,SHARJAH,UAE",45610000
LIFE PHARMACY L.L.C - SHJ. BR - BRANCH 25,SHJ,Pharmacy,Sharjah City center,"UNIT NO B05-A, GROUND FLOOR, SHARJAH CITY CENTRE, UAE",95610000
Life Pharmacy L.L.C - Shj. Br - Branch 27,SHJ,Pharmacy,Halwan,"UNIT NO. 2, 3, 4, 5 & 6, SHARJAH COOP SOCIETY HALWAN, SHARJAH, UAE",45610000
Life Pharmacy L.L.C - Shj. Br - Branch 28,SHJ,Pharmacy,Al Qarain,"Unit No. 17, Sharjah Coop Society Al Qarain, Sharjah, UAE",45610000
Life Pharmacy L.L.C - Shj. Br - Branch 30,SHJ,Pharmacy,Sweihat,"Sharjah Coop Society Sweihat, Sharjah, UAE",45610000
Life Pharmacy L.L.C - Shj. Br - Branch 31,SHJ,Pharmacy,Al Taawun St - Al Mamzar,"SHOP 03 - Ground Floor ,Inside Nesto Hyper market , Al Arab Mall - Al Taawun St - Al Mamzar - Sharjah",45610000
Life Pharmacy L.L.C - Shj. Br - Branch 32,SHJ,Pharmacy,Al Hamryia,"Unit No. 01, Sharjah Coop Society Hamriya,  Sharjah, UAE",45610000
Life Pharmacy L.L.C - Shj. Br - Branch 34,SHJ,Pharmacy,Al Buhaira Corniche,"Shop No 1,Al Owais Tower,Al Buhaira Corniche, Sharjah,UAE",45610000
Life Pharmacy L.L.C - Shj. Br - Branch 35,SHJ,Pharmacy,Muweilah Commercial,"SHOP NO.12 , QASR QORDOBA - MWAILEH COMMERCIAL - SHARJAH, UAE",45610000
LIFE PHARMACY L.L.C - SHJ. BR - BRANCH 36,SHJ,Pharmacy,Al Majaz,"142 Showroom - Shop No.3, Ahmad Bin Majid Street- Al Majaz, Sharjah, UAE",75610000
LIFE PHARMACY L.L.C - SHJ. BR - BRANCH 38,SHJ,Pharmacy,Majaz 3,"Plot No: 644, Shop No: 02, Business Link Building, Al Majaz 3, Sharjah, UAE",65610000
Life Pharmacy L.L.C - Shj. Br 22,SHJ,Pharmacy,Muweilah Commercial,"PLOT NO: 10/969, BUILDING NO: 2910, SHOP NO: 3, K2910, MUWEILAH, SHARJAH,UAE",45610000
Life Pharmacy L.L.C - Shj. Br 23,SHJ,Pharmacy,Al Majaz,"SHOP 2, GROUND FLOOR, LULU HYPERMARKET, AL MAJAZ, SHARJAH, UAE",45610000
Life Pharmacy Llc - Shj. Br. Branch 13,SHJ,Pharmacy,Grand Mall,"Shop No#5, Grand Mall",65610000
Life Pharmacy Llc - Shj.Br-Branch 16,SHJ,Pharmacy,Al Shahba,"SHOP NO#1,ZAWAYA WALK,AL SHAHBA,SHARJAH,UAE",45610000
Life Pharmacy Llc Branch Br Of Sharjah 11,SHJ,Pharmacy,Sharjah,"Shop No 03 Gf,Nesto Hyper Market, Al Nahda, Sharjah",65610000
Life Pharmacy Llc Branch Br Of Sharjah 8,SHJ,Pharmacy,Al Sharq Street,"Plot No: 94, Shop No: 3 & 4, G+M Building, Al Sharq Street, Sharjah",65610000
Life Pharmacy Llc Branch Shj,SHJ,Pharmacy,Sharjah,"Shop No.  3, 4, & 5, Nesto Hypermarket, Al Khan",65610000
Life Pharmacy Llc Dibba Br,SHJ,Pharmacy,Al Qiaan,"Shop No: 1A, Plot No: 2401024, Saif Al Dhabi Building, Al Qiaan",65610000
Life Pharmacy Llc Shj Br 3,SHJ,Pharmacy,Sharjah,"Unit No: M21, M22, & M23, Misk 1, Aljada.Sharjah,UAE",65610000
Life Pharmacy Llc Shj Br Branch 9,SHJ,Pharmacy,Kalba,"Shop 3 & 4, Plot No: 4, Tala Chocolate Bldg, Kalba, Sharjah",65610000
Life Pharmacy Llc Shj Branch 6,SHJ,Pharmacy,Sharjah,"Shop No: 04,  Malik Fisal Building, Plot No: 336, King Fisal Street,Sharjah",65610000
Life Pharmacy Llc Shj Branch 7,SHJ,Pharmacy,Sharjah,"Shop No: 04 & 5, Plot No 540, Al Abar Building, Halwan Street, Sharjah, UAE",65610000
Life Pharmacy Llc Shj Branch Branch 1,SHJ,Pharmacy,Sharjah,"Shop No: 1, Al Madina Shopping Centre, Muweliah Commercial",65610000
Life Pharmacy Llc Shj Branch Branch 2,SHJ,Pharmacy,Sharjah,"Shop No. 7, Bukhatir Square One Building, Plot No 17/696, Muweliah Commercial",65610000
Life Pharmacy Llc. Shj. Br - Branch 26,SHJ,Pharmacy,Al Taawun,"SHOP NO 2, REDZ TOWER, AL TAWUN, SHARJAH, UAE",45610000
Live Care Pharmacy Llc - Shj Br,SHJ,Pharmacy,Industrial Area 10,"Khansahib Building, Industrial Area 10",65779977
Lubna Pharmacy Llc Sp,SHJ,Pharmacy,Al Majaz,Faris Building Majaz 1 infront of Abdulkader Albanna MosqueMajaz 1Sharjah,547237223
Lulu Al Falah Pharmacy Llc - Shj,SHJ,Pharmacy,Al Wahda,"Lulu Hypermarket, Alfalah, Sharjah",65362225
Lulu Al Nahda Pharmacy Llc  - Shj,SHJ,Pharmacy,Al Nahda,"Lulu Hypermarket,Al Hazana, Sharjah",65454611
Marhaba Pharmacy Llc,SHJ,Pharmacy,Al Zahra,"Next to CID Office, Al Zahra Street",65238130
Medi Prime Al Majaz Pharmacy Llc - Branch 2,SHJ,Pharmacy,Rahmaniya Mall,"Rahmaniya Mall , Abu Amr Al Basri Street, Al Rahmaniya Kshishah 6, Sharjah",67070999
Medi Prime Al Nahda Pharmacy Llc,SHJ,Pharmacy,Al Nahda,"Al Roda Tower 2, Opposite Carrefour Express, Malaka Street, Al Etihad Street, Al Nahda",67070373
Medi Prime Al Qasimiah Pharmacy - Shj,SHJ,Pharmacy,King Abdul Aziz Road,Immigration Road (Near Mashreq Bank - King Abdul Aziz St - Al Qasimiaal Nud - Sharjah,67070999
Medi Prime Pharmacy,SHJ,Pharmacy,Al Majaz,Safeer Market Building - King Faisal St - Sharjah,67070999
Medicare Pharmacy,SHJ,Pharmacy,Rolla,"Juiceworld Building, Behind Uae Exchange Centre, Al Arouba St, Rolla, Sharjah, Uae",65242555
Medicom Pharmacy 17 (Al Ansar Pharmacy),SHJ,Pharmacy,Al Nahda,"Ansar Mall, Al Nahada Road, Sharjah",65313256
Mercury Pharmacy Llc,SHJ,Pharmacy,Al Khan,"Al Wasit Building, Industrial Area 3",65228988
Modern Al Riqqa Pharmacy - Shj (Ex. Modern Al Riqqa Pharmacy Llc),SHJ,Pharmacy,Al Rigga,Same Bldg. Of Sharjah co-op Society Al Rigga Branch,65243214
Modern Family Pharmacy Llc Shj Branch,SHJ,Pharmacy,Abu Shagara,"City Tower Building, Abu Shagara, Sharjah, United Arab Emirates, P.O. Box 30127",43343263
Modern Pharmacy L.L.C - Shj Br -Br 03(Ex.Thumbay Pharmacy Llc Branch 10 Sharjah),SHJ,Pharmacy,Kalba,"Area   :  Al Baraha
Street :     Al Wahda Street
Bldg Name :Shaikha Vwage Building
Land Mark:Near Thumbay Clinic,Near Rak Bank Kalba
City:   Kalba                                                                       
Pobox-11171
State  :  Sharjah",62774070
Modern Pharmacy L.L.C - Shj Br -Br 04(Ex.Thumbay Pharmacy Llc Shj Br - Branch 12),SHJ,Pharmacy,SHARJAH,Area   : Al Fisht   Street : 303 Al Sharq Street   Land Mark: Opposite Adnoc Petrol Pump-Near To Nmc Medical Centre State  :  Sharjah,65622749
Muhammad Ayaz Pharmacy Llc,SHJ,Pharmacy,Al Shahba,"Ahmed Bin Ali Building, Al Wasit Street, Opp. Karachi Darbar, Al Shahba",65526224
Muzeria Pharmacy LLC,SHJ,Pharmacy,Al Nahda,"Tiger Al Yarmook C Building, Al Nahda St. Sharjah UAE",65422337
Najmat Abu Shagara Pharmacy,SHJ,Pharmacy,Abushagara,"Opposite City Tower Building - Near Dr.Ashok Menon Clinic And Choithram, Abushagara, Sharjah - Po Box - 32088",65424044
Najmat Sahara Al Jadeeda Pharmacy Llc,SHJ,Pharmacy,Al Nahda,"Al Maha Building, Opp. Al Nahda Park, Al Nahda",65318334
Naseem Al Bataeh Pharmacy,SHJ,Pharmacy,Al Bataeh,"Sharja Co-operative Society Building, Al Bataeh, Sharjah",68833352
Nawaiem Pharmacy,SHJ,Pharmacy,Al Nahda,"Near prime medical centre, Al nahda, sharjah",65565195
New Medical Centre Pharmacy Llc - Shj,SHJ,Pharmacy,Buhaira Corniche,"Bel Resheed Tower, Corniche, 1St And 2Nd Floor ,Al Buhaira Corniche ,Bel Resheed Tower ,Sharjah",65758000
New Medical Centre Pharmacy Llc Nmc Branch 1,SHJ,Pharmacy,Buhairah,"Near Buhairah Police Station ,Al Majaz ,Sharjah",67410907
Palmyra Pharmacy Llc,SHJ,Pharmacy,Al Taawun,"Al Baker Building-Al Taawun, Sharjah",65362100
Peshawar Pharmacy Llc,SHJ,Pharmacy,Rolla,Rolla Mall Building sharjah,65643300
Pharmacy Sabeel L.L.C - Shj. Br 1,SHJ,Pharmacy,Hay Al Atain,"Near To Rukn Al Rahmaniya Typing Center, Dhaid Road, Opposition Sharjah Rahmaniya, Hay Al Atain, Sharjah",65266491
Pristine Pharmacy Llc Sharjah Branch,SHJ,Pharmacy,Al Shuwaihean,"Al Shuwaihean, Opp Land And Sea Holding sharjah",65611482
Reem Pharmacy,SHJ,Pharmacy,Abushagara,"Deyar Building, Othman Bin Mazoon Street, Abushagara, Abushagara, P.O Box 25747, Sharjah, UAE",65594194
Right Care Pharmacy Llc Sp,SHJ,Pharmacy,,"Salah Bin Salah Building (Near Viva Supermarket), King Faisal Road, Abu Shagara, Sharjah, UAE, PO Box 80457",65350307
Rukn Al Majaz Pharmacy L.L.C,SHJ,Pharmacy,Al Majaz,"AL FARIS TOWER, Building No. 1, Al Majaz -1, Sharjah",67021793
Rukn Al Rafeah Pharmacy Llc,SHJ,Pharmacy,Al Nahdha,"Abdulla Shaiba Bldg,Behind Ramada Hotel, Al Nahdha, Sharjah",67675454
Rukn Al Ufuq Pharmacy,SHJ,Pharmacy,Muweilah,The Square-2 Building-Muweilah - Sharjah,65500363
Rukn Al Wahda Pharmacy,SHJ,Pharmacy,Al Bu Daniq,Baniyas Building Behind Megamall Near Arbela Hotel Al Estiqlal Street Al Bu Daniq Sharjah,65433757
Rukn Al Yasmeen Pharmacy,SHJ,Pharmacy,Rolla,"Rolla Mall, Al Ghuwair, Rolla",65238080
Rukn Bait Al Dawaa Pharmacy,SHJ,Pharmacy,Muwaileh,"Sharjah Islamic Bank Building, Shop No,3, University Road, Sharjah",65442565
Sahara Al Jazeera Pharmacy Llc,SHJ,Pharmacy,Industrial Area,"Khan Saheb Building, Near Geco Signal, Industrial Area 10, Sharjah, Uae",65353345
Sahara Life Pharmacy Llc,SHJ,Pharmacy,Al Nahda,"B-04, Next To Spinneys, Sahara Centre, Sharjah",65610000
Salim Pharmacy(Medshop) - (Moopen'S Group),SHJ,Pharmacy,Al Buhairah,"Near Smadi Sweets, Al Buhairah - Sharjah",65736262
Scientific Pharmacy Llc,SHJ,Pharmacy,Mega Mall,"Jasim Mohd Al Mahmood Building, Yazeed Bin Al Hareth Street, Sharjah, Uae",65487289
Shams Al Nahda Pharmacy Llc,SHJ,Pharmacy,Al Nahda,"Diamond Tower 3, Near Al Nahda Park, Tuliatela Street, Al Nahda, Sharjah, UAE",65263466
Sharjah International Airport Medical Center Pharmacy,SHJ,Pharmacy,Airport Road,"Airport Road, Sharjah International Airport",65084949
Sharjah Pharmacy,SHJ,Pharmacy,Rolla,"Behind Joy Alukkas ,Rolla,Sharjah",65623850
Shifa Al Jazeerah Centre Pharmacy Llc Shj Br,SHJ,Pharmacy,"Muweila, Sharjah","Ground Floor, 2609, Bus Station Road, Muwaileh Industrial Area Commercial, Sharjah",65347730
SHIFA MUWAILEH PHARMACY L.L.C,SHJ,Pharmacy,Muweillah,"Paradise Building,No 7460, Al Emarat Street, P.O Box: 62236, Muwaileh, Sharjah.",67401790
Starcare Pharmacy Llc,SHJ,Pharmacy,Rolla,"Malabar Plaza building, Al Ghuwair, 08th Street, Rolla",65611099
Tabook Pharmacy Llc,SHJ,Pharmacy,,"Shop No. 3 Al Zahra Real Estate Bldg. Same Bldg. Rabie Al Madinah Hypermarket LLC ,Industrial Area 3 , Sharjah UAE",65443367
Thumbay Pharmacy Llc Br 8 Sharjah,SHJ,Pharmacy,University of Sharjah,"Area      :         Muwaileh
Street   :        Maliha Street
Bldg Name:  M2-038
City              :  Sharjah
Land Mark: University Of Sharjah For Men
State           :   Sharjah",65166255
Thumbay Pharmacy Llc Branch – 7 Sharjah,SHJ,Pharmacy,University of Sharjah,"Area      :      Muwailah.
Street   :     Maliha Street.
Bldg Name  : W2-037
City             :      Sharjah.
Land Mark:  University Of Sharjah For Women.
State           :     Sharjah.",65053255
Thumbay Pharmacy Llc Branch 9 Sharjah,SHJ,Pharmacy,Al Wahda,"Area   :  Al Majaz No-2
Street :    Al Wahda Street
Bldg Name : Way-In Building
Land Mark: Al Wahda Post Office
City:     Sharjah                                                                   
Po Box-39845
State  :  Sharjah",65370499
Thumbay Pharmacy Llc Shj Br - Branch 11,SHJ,Pharmacy,ABU SHAGARA,"Abu Shagara, S116-Al Wihda Street, Obeid Saeed Bldg No-4, Behined Km Trading, Sharjah",65525370
Thumbay Pharmacy Llc Shj Branch 3,SHJ,Pharmacy,Muwaileh,"Thumbay Medical & Dental Speciality Center,
 Building No 384,
 Next To National Paint Round About,
 Opposite Fire Station,
 Muwaileh, Sharjah,
  P.O Box # 61351,",65356497
United Pharmacy Al Zahiah Llc,SHJ,Pharmacy,Sharjah,"Shop No:A078, Level 2, Near Gate A Parking Entrance, Zahia City Centre, Behind the University City Street, Muweilah",65610000
United Pharmacy Al Zahiah Llc  Branch 1,SHJ,Pharmacy,Sharjah,"Unit no J001 , Matajer Al Juraina Centre , University City Road , Sharjah, UAE",65610000
United Pharmacy Al Zahiah Llc  Branch 2,SHJ,Pharmacy,Sharjah,"Shop No: G01, Khalifa Khamis Al Mattar Building, Khorfakkan,",65610000
Wahat Al Taibah Pharmacy Llc,SHJ,Pharmacy,Al Dhaid,"Shop No. 2-3 Muneera Saeed Ali Building,Central Dhaid Main District Weshah Sharjah",67445575
Wajeat Al Khoor Pharmacy - Life Healthcare - Shj,SHJ,Pharmacy,Buheira,"Shop No. 4 & 5, Buheirah Corniche Building B, Sharjah – Uae",65610000
Zahrat Al Madinah Pharmacy Llc,SHJ,Pharmacy,Sheikh Mohammad Bin Zayed Road,"Fathima Safe Building,Near Kanary Clinic,Sheikh Mohammad Bin Zayed Road - Nationalpaint, Sharjah Po Box 32088",65327075
Zest Wellness Pharmacy L Lc - Shj. Br,SHJ,Pharmacy,King Faisal street,"Shop No 3, Spinneys Sharjah limited building, King Faisal street, Sharjah, UAE",65270457
Zulekha Pharmacy Llc-Alkhan,SHJ,Pharmacy,Alkhan,"Ground Floor, The Gate Tower Building, Al Khan",65060498
AL AMAL MEDICAL CENTER - SHARJAH,SHJ,Clinic,Al khan,"Al Ittihad road, Al Helal Bldg - Flat No. 203 - Al Khan St - Sharjah",585151030
AL HAYAT MEDICAL CENTER-UAQ,UMQ,Clinic,Al Ramlah 2,"Al Ramla, Al Neefah,  Al Ramlah 2 , Umm Al Quwain",67663233
Al Shifa Medical Center Llc,UMQ,Clinic,Muqta-1,"Al Sanadil Buildingal, Muqta-1, P.O Box: 8185, Umm Al Quwain, UAE",65258185
Aster Medical Centre - Br Of Dm Healthcare Llc Umm Al Quwain Branch,UMQ,Clinic,Green belt,"Al Masa 2 building, near Umm Al Quwain, Green Belt area",65770288
Dar Al Hayat Medical Center LLC,UMQ,Clinic,New Industrial Area,Near Etisalat R A New Industrial Area PO Box 1158 Umm Al Quwain,67663233
Ultimate Advanced Q Medical Centre,UMQ,Clinic,King Faisal Street,"King Faisal Street, 2nd Floor Al Masa Tower 2 - King Faisal Street - Umm Al Quawain",67654545
Wellness Medical Center Llc,UMQ,Clinic,new industrial area,"Badami-2new industrial area, new industrial area, P.O BOX: 4606, UM Al Quwain, UAE",6529356644
Yasmed Medical Center,UMQ,Clinic,New Industrial Area,Yasmed Building Etisalat Roundabout Al Raafa New Saniya New Industrial Area Umm Al Quwain,65299064
Al Hayat Pharmacy LLC,UMQ,Pharmacy,Al Ramlah 2,"Al Ramla, Al Neefah,  Al Ramlah 2 , Umm Al Quwain",67663233
Al Iman Pharmacy Llc - Uaq,UMQ,Pharmacy,Al Humrah-B,AL HUMRAH BUILDING Opposite to Radio Station Next to Emirates Sea Restaurant Musa bin Jamal Street King Faisal Street UAQ,67682797
Al Neem Pharmacy Llc,UMQ,Pharmacy,King Faisal Road,"Shop No 3, Dr. Sunny Medical Centre Building, King Faisal Road, Umm Al Quwain",67675263
Al Reem Pharmacy Llc,UMQ,Pharmacy,Muqta-1,"Al Sanadil Buildingal, Muqta-1, P.O Box: 8185, Umm Al Quwain, UAE",67690400
Al Safa Pharmacy,UMQ,Pharmacy,Al Salama Street,"Opp.Lulu Express Super Market,City Mall",65231834
Aster Pharmacies Group Llc Uaq Branch,UMQ,Pharmacy,Al Makta Area,"Shop No.1, Al Masa Tower2, Al Makta area, King Faisal Street, Near Panorama Medical Center, UAQ.",65275126
Dar Al Hayat Pharmacy LLC,UMQ,Pharmacy,New Industrial Area,Near Etisalat R A New Industrial Area PO Box 1158 Umm Al Quwain,67663233
Global Care Pharmacy,UMQ,Pharmacy,King Faisal,"Al Madar Street, Al Maqta 1, Umm Al Qwain",67433366
Health First Pharmacy 12,UMQ,Pharmacy,King Faisal,"Commercial Building,Al Raas Area 2, Al Raas - C,King Faisal Road, Uaq",67641156
Health First Pharmacy 28,UMQ,Pharmacy,Old Souk,"Saeed Muhamed Al Masafri,Ground Floor,King Faisal Street, Old Souk, Popular Typing Centre",67656180
Health First Pharmacy 62,UMQ,Pharmacy,Al Salamah,"Shop No: G11 & G12, Umm Al Quwain Union Coop, Al Salamah, Umm Al Quwain, U.A.E",65365107
Life Pharmacy Ex: Al Mulla Pharmacy,UMQ,Pharmacy,King faizal Road,Umm Al Qaiwain Uae.,65610000
Life Pharmacy L.L.C Branch 3,UMQ,Pharmacy,Al Haboob Area,"SHOP NO 1,AMAR FARIS BUILDING,AL HABOOB AREA,UMM AL QUWAIN,UAE",45610000
Life Pharmacy Llc Branch 2,UMQ,Pharmacy,Umm Al Quwain,"UAE Exchage Showroom, King Faisal Street,Umm Al Quawin,UAE",65610000
Life Pharmacy Llc  Branch 1,UMQ,Pharmacy,Umm Al Quwain,"Shop No: 1 & 2, Plot No: 360, (New Commercial Complex) Al Salama Street",65610000
Lulu Center Pharmacy Llc,UMQ,Pharmacy,King Faizal Street,"The Mall, Al Rashidiyah 1, Ajman",67662928
Medicom Pharmacy 26 - Uaq,UMQ,Pharmacy,Sanaya,"Al Manama Mall, Umm Al Quwain",67649734
Medicom Pharmacy 33 Llc-Uaq Branch,UMQ,Pharmacy,Al Salama Roundabou,Al Salama Round About,67650014
Roua Pharmacy Llc,UMQ,Pharmacy,Al Riqqa Area,"Opp.Old Lulu Centre ,Same Buldind Dr Rana Clinic Shop No 3",67660688
Sunny Pharmacy L.L.C,UMQ,Pharmacy,King Faisal,"Dr.Sunny Medical Centre, King Faisal Street, Al Muqta 2, P.O Box: 7641, Umm AL Quwain",65433746
Wellness Pharmacy Llc,UMQ,Pharmacy,new industrial area,"Badami-2new industrial area, new industrial area, P.O BOX: 4606, UM Al Quwain, UAE",6529356644
Yasmed Pharmacy Llc,UMQ,Pharmacy,New Industrial Area,Yasmed Building Etisalat Roundabout Al Raafa New Saniya New Industrial Area Umm Al Quwain,65299064
Al Khazna Health Medical Center  L.L.C - S.P.C,AUH,Clinic,Al Khaznah,"Plot # 05, Road-3, Property No PRP40088, Al Khaznah, Al Ain, UAE",25584609
Al Khazna Health Pharmacy L.L.C - S.P.C (In House Pharmacy),AUH,Pharmacy,Al Khaznah,"Plot # 05, Road-3, Property No PRP40088, Al Khaznah, Al Ain, UAE",25584609
Shifa Al Ain Medical Center,AUH,Clinic,Al Noud Sharikat,"Salala Supermarket,Wadi Al Ain St.,72, Al Uqhuwan 1 St, Al Noud, Al Ain 30700,Al Noud Sharikat, AAN,UAE",37662172
Al Nada Pharmacy,AUH,Pharmacy,Mussafah,"Opposite to Spinee, Mussafah 37, AUH, UAE",28868989
Al Manara Pharmacy Yas Mall - L.L.C - O.P.C - Branch,AUH,Pharmacy,Yas Island,Ground Floor Yas Mall Hypermarket Al Maha St Yas West Yas Island,25650770
Al Manara Al Bahia Pharmacy - L.L.C - O.P.C,AUH,Pharmacy,Al Bahalia,"Deer Field, Al Bahalia, Abu Dhabi",-
Al Manara Pharmacy Al Shawamekh - L.L.C - O.P.C,AUH,Pharmacy,Al Shamkah,Ground Floor Makani Mall Al Daahi Street Al Shamkhah,25850131
Al Manara Pharmacy - L.L.C - O.P.C - Branch,AUH,Pharmacy,Al Tawuun,Ground Floor Al Mushref Cooperative Society Al Markib St cor Al Taawun St,26662144
Al Manara Pharmacy - L.L.C - O.P.C - Branch,AUH,Pharmacy,Abu Dhabi Mall,Ground Floor Abu Dhabi Mall 10th St Al Zahiyah St Al Maiyani St Beside Abu Dhabi Mall Main Entrance,26452112
Al Manara Pharmacy - L.L.C - O.P.C - Branch,AUH,Pharmacy,Khalifa City,Ground Floor Al Forsan Town Square Bldg Al Forsan Village Khalifa City,24481850
Almanara Alraeda Pharmacy - L.L.C - O.P.C,AUH,Pharmacy,Saadiyat Island,Sheikh Khalifa Bin Zayed Hwy Saadiyat Cultural District Saadiyat Island,26438811
Almanara Pharmacy Alcorniche - L.L.C - O.P.C,AUH,Pharmacy,Corniche,"Corniche Nation Towe, Abu Dhabi",-
Al Manara Pharmacy - L.L.C - O.P.C - Branch,AUH,Pharmacy,Al Dhafra,Ground Floor Souq Planet Hada Iq Al Raha St Madinat Zayad Al Saraya St Al Dhafra Western Region,28840497
Al Manara Al Ruwais Pharmacy - L.L.C - O.P.C,AUH,Pharmacy,Al Ruwais,"Al Ruwais Mall, Abu Dhabi",-
Al Manara Pharmacy Bawabat Alsharq Llc - Sole Proprietorship L.L.C.,AUH,Pharmacy,East Baniyas,Ground Floor Bawabat Al Sharq Mall Street 6 Baniyas East Bani Yas,25828270
Almanara Pharmacy Capital Mall - L.L.C - O.P.C,AUH,Pharmacy,Mussafah,"Capital Mall Mussafah, Abu Dhabi",-
Al Manara Pharmacy - L.L.C - O.P.C - Branch,AUH,Pharmacy,Al Ain,Ground Floor Makani Zakher Shopping Centre Al Fusoul St Nimah Rd Al Ain,37853816
Al Manara Pharmacy Shams - Branch,AUH,Pharmacy,Al Ain,Ground Floor Block F Opposite of Grandiose SuperMarket Masdar Phase 2 Bldg,25656800
Al Manara Pharmacy DIFC,DXB,Pharmacy,DIFC,2nd Floor Central Park Towers Offices DIFC Opposite of Spinneys,43232813
Medicina Pharmacy - L.L.C - O.P.C - Branch,AUH,Pharmacy,Khalifa City,Opposite Emirates Identity Office Khalifa City A,523324965
Medicina Pharmacy - L.L.C - O.P.C - Branch,AUH,Pharmacy,Abu Dhabi Island,Abu Dhabi Island West 14 Building Abu Dhabi,52873892
Medicina Pharmacy - L.L.C - O.P.C - Branch,AUH,Pharmacy,Al Bateen,Bloom Marina Al Bateen Abu Dhabi,528871914
Medicina Pharmacy - L.L.C - O.P.C - Branch,AUH,Pharmacy,Abu Dhabi,Rabdan Building Between Two Bridges Cooperative Society Abu Dhabi,52887582
Medicina Pharmacy - L.L.C - O.P.C - Branch,AUH,Pharmacy,Khalifa City,Royal Gulf Hypermarket Khalifa City B Abu Dhabi,526470483
Medicina Pharmacy - L.L.C - O.P.C - Branch,AUH,Pharmacy,Baniyas,Baniyas Baniyas East 230 Building Department of Municipalities and Transport Abu Dhabi,526470459
Medicina Pharmacy - L.L.C - O.P.C - Branch,AUH,Pharmacy,West Abu Dhabi,West Yas Plaza Yas West Abu Dhabi,564165825
Pharmacy Tamara Polyclincs - L.L.C,AUH,Pharmacy,Al Saadiyat Island,Saadiyat Noon Office Building Al Saadiyat Island,549984945
Royal First Dermatology Pharmacy - L.L.C - O.P.C,AUH,Pharmacy,Shakbout City,6 Al Qiyam St  Shakhbout City MSH24 Abu Dhabi,545865400
Diamond Medical Center Llc,AUH,Clinic,Town Center Al Ain,"Mohammad Rasol Khori Hardees, Shaikh Khalifa Street, Town Center, Alain",37844689
Life Pharmacy Llc Branch 22 Branch Of Abudhabi 69,AUH,Pharmacy,Khalifa Bin Zayed,Shop No 01 City Tower C20 E05 Khalifa Bin Zayed The First Street Al Danah,43441122
Life Pharmacy L.L.C - Branch Of Abu Dhabi 173,AUH,Pharmacy,Al Saadiyat Island,Plot No C4 Sector Sdw4 Shop 3 Ground Floor Laffan Street Al Saadiyat Island  Abudhabi Uae,43441122
Life Pharmacy L.L.C - Branch Of Abu Dhabi 187,AUH,Pharmacy,Al Danah,Shop No1 Ground Floor Hanging Gardens Tower Al Danah Abu Dhabi Uae,43441122
Life Pharmacy L.L.C - Branch Of Abu Dhabi 189,AUH,Pharmacy,Al Yahar,Sector W4 Shop No1 Al Hisn Al Yahar Street Abu Dhabi Uae,43441122
Life Pharmacy L.L.C - Branch Of Abu Dhabi 214,AUH,Pharmacy,Al Raha Beach,Muzoon Tower Unit No 1 In Muzoon Tower Al Raha Beach Abu Dhabi Uae,43441122
Life Pharmacy Llc Al Reem,AUH,Pharmacy,Al Reem Island,Shop No1 Ground Floor Najmat Al Reem Island Abu Dhabi Uae,43441122
Life Pharmacy L.L.C - Branch Of Abu Dhabi Khalidiya,AUH,Pharmacy,Khalidiya Mall,Unit No 250 Khalidiyah Mall Abu Dhabi Uae,43441122
Life Pharmacy Llc,AUH,Pharmacy,Al Reem Island,Unit No 2 In Residence Central Park Tower Reem Island Abu Dhabi Uae,43441122
Life Pharmacy Llc - Branch Of Abu Dhabi,AUH,Pharmacy,Abu Dhabi,Unit No Z1 to Z4 Mbz 7 Abu DhabiUae,43441122
Life Pharmacy L.L.C - Branch Of Abu Dhabi 163,AUH,Pharmacy,Al Bateen,Shop No 4 Ghafat Al Shqaih Road 2 Al Bateen Al Ain Uae,43441122
Life Pharmacy L.L.C - Branch Of Abu Dhabi 194,AUH,Pharmacy,Al Jimi Al Ain,Shop No 6 Al Ameriya Al Ain Coop Al Jimi Al Ain Abu Dhabi Uae,43441122
Life Pharmacy L.L.C - Branch Of Abu Dhabi 212,AUH,Pharmacy,Al Ain,Al Falah Plaza Company Lulu Center Al Ain Shop Gf S1,43441122
Life Pharmacy L.L.C - Branch Of Abu Dhabi,AUH,Pharmacy,Khalifa Industrial City Al Ain,Khalifa Industrial City Station 662 Unit Adnoc Al Ain Uae,43441122
Ibn Sina Pharmacy Sole Proprietorship L.L.C -Branch 18,AUH,Pharmacy,Al Falah Village,New Al Falah Al Falah Village 3 Sector C Shop G12 Abu Dhabi,25661251
Ibn Sina Pharmacy Sole Proprietorship L.L.C - Branch 20,AUH,Pharmacy,Corniche Road,West Street Number 7 Corniche Road Corniche Rd Abu Dhabi,24480650
Ibn Sina Pharmacy Sole Proprietorship L.L.C - Branch 27,AUH,Pharmacy,Yas Island,Al Maha St Yas Island Abu Dhabi,25651314
Al Noor South Polyclinic DWC LLC,DXB,Clinic,Dubai World Central,"B3 ,The Pulse Residence Park, Madinat Al Mataar, Dubai South, Dubai, UAE",45759111
Mumtaz Al Noor Express Pharmacy Clinic LLC,DXB,Clinic,Al Baraha,"Shop 3, Sultan Bldg, 6 Street 30, Al Baraha,Deira,Dubai,UAE",42350018
Safa Alnoor Polyclinic LLC,DXB,Clinic,Dubai Industrial City,"Saih Shuhaib 3, Lv2 C5,Dubai Industrial City,Dubai,UAE",45751240
Abeer Al Noor Pharmacy LLC-Branch,DXB,Pharmacy,Dubai Industrial City,"Saih Shuhaib 3, Lv2 C5,Dubai Industrial City,Dubai,UAE",45751240
