PROVIDER NAME,EMIRATE,PROVIDER TYPE,AREA,ADDRESS,TELEPHONE
Adam Vital  Hospital L.L.C,DXB,HOSPITAL,,Al Waleed Building Ggico Metro Station Al Garhoud,800-284
Ahalia Hospital (Ahalia Group),AUH,HOSPITAL,,Same Line Of Lulu Centre Oppos Hamdan Street Hamdan Street,02-6262666
Ajman Specialty Hospital,AJM,HOSPITAL,,Near New Veg And Fruit Market Sheikh Maktoum Bin Rashid Makt Sheikh Maktoum Bin Rashid Makt,06-7484999
Al Ahli Hosp Company LLC -BR 1 ( Ahalia),AUH,HOSPITAL,,After The BMW Showroom Tariff Road Sanaya Mussafah,02-8119119
Al Amal Hospital (Moh),DXB,HOSPITAL,,Dubai,04-5192500
Al Cornice Hospital Ivf Center- Seha,AUH,HOSPITAL,,Corniche Road Beside Sheraton Hotel  Abudhabi,02-6724900
Al Corniche Hospital-Seha (No Dental Services On Direct Billing),AUH,HOSPITAL,,E. Corniche,02-6724900
Al Dhaid Hospital (Moh),SHJ,HOSPITAL,,Sharjah,06-8020200
Al Dhannah Hospital,AUH,HOSPITAL,,"Code H-242 Near Ruwais Mall,Ru Ruwais Housing Complex Ruwais",02-6020575
Al Fujairah Hospital (Moh),FUJ,HOSPITAL,,Fujairah,09-2242999
Al Garhoud Private Hospital (Llc),DXB,HOSPITAL,,"Near Dhl Offices,Garhoud Road",04-4545000
Al Jalila Children'S Speciality Hospital,DXB,HOSPITAL,,"Near Latifa Hospital Oud Metha Street Al Jadaf, Dhcc",04-2811537
Al Kalba Hospital (Moh),SHJ,HOSPITAL,,Sharjah,09-2775555
Al Kuwait Hospital - Dubai (Moh),DXB,HOSPITAL,,Dubai,04-7078000
Al Kuwait Hospital (Moh),SHJ,HOSPITAL,,Sharjah,04-7078000
Al Oraibi Hospital,RAK,HOSPITAL,,Hospital Building Muntaser Street Nakheel,07-2288511
Al Qassimi Hospital (Moh),SHJ,HOSPITAL,,Sharjah,06-5188888
Al Rahba Hospital -SEHA,AUH,HOSPITAL,,Al Rahba,02-5064120
Al Reem Hospital (Blue Apple),AUH,HOSPITAL,,Opp Sorbone University Jazeerath Reem Island,02-8152000
Al Sharq Hospital,FUJ,HOSPITAL,,Al Fassel Road,09-2059999
Al Tadawi Speciality Hospital,DXB,HOSPITAL,,Near RTA HQ Umm Ramool Road Al Garhoud,04-2309999
Al Zahra Hospital Dubai (Zahra Dxb),DXB,HOSPITAL,,Behind Sharaf Dg. Metro Statio Sheik Zayed Road Barsha 1,04-3786666
Al Zahrawi Hospital,RAK,HOSPITAL,,"Ground Floor, Gulf Concrete Bu Rams Road Seer",07-2288544
American Hospital,DXB,HOSPITAL,,"Near Lamcy, Enoc. Oud Metha Road Dhcc,Bur Dubai",04-3367777
Amina Hospital Llc (Aah),AJM,HOSPITAL,,Behind Dreamsea Discount Centr Al Quds Ajman,06-7114444
Aster Cedars Hospital Jebel Ali,DXB,HOSPITAL,,"Dugas Road, Jebeel Ali - 1 Dugas Road, Jebeel Ali - 1 Jebal Ali",04-8814000
Aster Hospital - Al Qusais,DXB,HOSPITAL,,Opp Madina Mall 9A Street Alqusais,04-3766818
Advanced Center For Day Care Surgery,AUH,DAY CARE,,Jasmine Tower Near Rak Bank Abu Dhabu Airport Road,02-6227700
Al Hosn One Day Surgery Center (Al Hosn),AUH,DAY CARE,,"Mezzanine Floor, Obaid Gaber B Nasr Street Khalidiya",02-6215159
Al Mazroui Med Med Ctr Day Surgery,AUH,DAY CARE,,"Next To Nissan Showroom, Oppos Najda Street, Passport Road Najda Street",02-6723232
Burjeel Medical Center Al Shamkha -Vps,AUH,DAY CARE,,1St Flr Makani Mall Al Shamkha Abu Dhabi,02-5085511
Burjeel Medical Centre (Vps),AUH,DAY CARE,,"Ground Flr, Deerfields Mall Dubai-Abu Dhabi Highway Al Bahiya",02-5821555
Cosmesurge & Emirates Hospital - Auh,AUH,DAY CARE,,"St.13, Delma & Karama Intersec Opp Public Works Dept. Delma & Karama Intersection",02-4466422
Harley Street Medical Centre,AUH,DAY CARE,,Villas A 18-A 23 Marina Village,02-6133868
Health Shield Medical Center,AUH,DAY CARE,,Opp. The Main Fountain Corniche Road Corniche Road,02-6989999
Healthline Day Care Surgery L.L.C.,AUH,DAY CARE,,26Th Street Baniyas East 11 Baniyas,02-5668600
Heart Beat Mc & One Day Surg(Consultant),AUH,DAY CARE,,"Mrs.Mariam Khalifa Al Yousef 5+6/Plot 103, Airport Rd Mushrif, W9",02-4449494
Magrhabi Eye & Ear Center (Daycare Surg),AUH,DAY CARE,,"F-4,Al-Nakheel Tower,Sanaa B Baniyas Street Baniyas Street",02-6345000
Magrhabi Eye & Ear Center Branch,AUH,DAY CARE,,Khaleej Arabi Street Khaleej Arabi Street Mushrif,02-4446565
Burjeel Medical Centre Al Marina,AUH,DAY CARE,,Marina Mall Next To Mercedes Showroom Marina,02-3338333
Medical Park Consultants One Day Surgery,AUH,DAY CARE,,"140 W11 Beside Bnp Paribas Al Bateen St., Al Falah St., Khalidiya",02-3028888
Burjeel Home Care Services,AUH,DAY CARE,,Bakhit Al Mansouri Bldg Fatima Bint Mubarak Sts Hazza Bin Zayed Sts Al Dhafra,02-6415533
Unique Alahalia Ophthalmology One Day Su,AUH,DAY CARE,,Delma Street  Airport Road,02-6262666
Wellness One Day Surgery Centre Llc,AUH,DAY CARE,,"Bldg111,Near Sheikh Khalifa Arab Pak School Dihan St, Muroor",02-6422424
Abu Al Abyad Island Clinic-Seha (No Dental Services On Direct Billing),AUH,CLINIC,,Western Region,02-8839140
Abu Dhabi Blood Bank- Seha,AUH,CLINIC,,Budhabi Seha Abudhabi,02-8192037
Adnoc Technicial Institute Clinic-Ati,AUH,CLINIC,,Al Shawamekh Near Schlumberge Abudhabi,02-6023882
Advance Cure Diagnostic Center Llc - Br2,AUH,CLINIC,,Back Side Of Adnoc Patrol Stat Al Bateen Street Abu Dhabi City,02-4100900
Advanced Cure Diagnostic Center,AUH,CLINIC,,"Opp Post Office, Near Al Batee 31St Street Al Bateen",02-6675050
Advanced Cure Diagnostics Centre Branch1,AUH,CLINIC,,"Villa, Near Bnp Al Bateen, 32 St Sultan Bin Zayed",02-410-0900
Airport Clinic -1- Seha (No Dental Services On Direct Billing),AUH,CLINIC,,Abu Dhabi International Airport   Abu Dhabi,02-5757875
Al Bateen Family Medicine Clinic-Seha (No Dental Services On Direct Billing),AUH,CLINIC,,Al Bateen,02-8191850
Al Corniche Women Health Ctr-Seha (No Dental Services On Direct Billing),AUH,CLINIC,,Corniche Road Beside Sheraton Hotel  Abudhabi,02-6724900
Central Clinic Llc,AUH,CLINIC,,204 Level 2 Emi Tower Hamdan Sbin Mohammad St. Al Dahna,02-6323497
Al Dharfa Family Medicine Ctr-Seha (No Dental Services On Direct Billing),AUH,CLINIC,,Western Region Western Region Western Region,02-8741666
Al Falah Healthcare Center- Seha (No Dental Services On Direct Billing),AUH,CLINIC,,Abu Dhabi,02-7115072
Al Farhan Medical Center,AUH,CLINIC,,Abdullah Misbah Al Ameri Old Taxi Stand And Zenith Supe Baniyas West,02-5832998
Al Fuad Medical Centre L.L.C.,AUH,CLINIC,,H.E. Shaikh Abdulla Bin Butti Fatima Bind Street Abudhabi City,02-5599444
Al Hendawy Medical Centre,AUH,CLINIC,,401 Abu Dhabi Comm. Bank Build Muroor Road Elektra Street,02-6213666
Al Kamal Medical Center,AUH,CLINIC,,"Near Sheraton Hotel ,Near Gran Electra Street Electra Street",02-6651464
Al Khatim Health Center-Seha (No Dental Services On Direct Billing),AUH,CLINIC,,Al Khatim Al Khatim Al Khatim,02-5641192
Al Khaznah Primary Health Care Ctr-Seha (No Dental Services On Direct Billing),AUH,CLINIC,,Al Khaznah Al Khaznah Al Khaznah,02-5661350
Al Madina Urgent Care Ctr-Seha (No Dental Services On Direct Billing),AUH,CLINIC,,Western Region Western Region Western Region,02-8191806
Al Maqtaa Family Medicine Ctr-Seha (No Dental Services On Direct Billing),AUH,CLINIC,,Al Maqtaa Al Maqtaa Al Maqtaa,02-7113886
Al Nasr Field Clinic(Adnoc),AUH,CLINIC,,Off Shore,02-6081100
Mediclinic Al Mamora L.L.C.,AUH,CLINIC,,Al Mamoura Al Saad Street Mamoura/Muroor Road,02-6723400
Mediclinic Hospitals - Baniyas Clinics,AUH,CLINIC,,Baniyas Residential Area  Baniyas,02-5668800
Mediclinic Hospitals-Almusafahspecclinic,AUH,CLINIC,,"Me-10, Shabiya Bin Masjid Shab Shabiyah 10 Shabiyah 10",02-4066874
Mediclinic - Khalifa City Llc,AUH,CLINIC,,"284, Near Khalifa City Police Station, Khalifa City Abu Dhabi",02-8856700
Al Qabail Medical Centre L.L.C,AUH,CLINIC,,Al Jimi Workers Village  Ground Floor Musaffah,02-5575531
Al Rafa Medical Centre Llc (Aster),AUH,CLINIC,,United Square Bldg Beside Khalidiya Mall Al Khalidiya,02-6266672
Al Rowdha Clinic Family Medicine-Seha (No Dental Services On Direct Billing),AUH,CLINIC,,Al Karama Street Al Karama Street Al Karama Street,02-8191550
Al Samha Health Center-Seha (No Dental Services On Direct Billing),AUH,CLINIC,,Al Samha Al Samha Al Samha,02-5620048
Al Shamkha Healthcare Center-Seha (No Dental Services On Direct Billing),AUH,CLINIC,,Al Shamkah,02-8113811
Al Wahda Medical Center,AUH,CLINIC,,Maryam Pharmacy Building Hazaa Bin Zayed Streetdefence Defence Road,02-6418383
Al Zafaranah Family Medicine Clinic-Seha (No Dental Services On Direct Billing),AUH,CLINIC,,Al Karama Street Al Karama Street Al Karama Street,02-7113790
Al-Mushrif Clinic-Seha (No Dental Services On Direct Billing),AUH,CLINIC,,Al Mushrif Children'S Spec Ctr  Mushrif,02-4102000
Mediclinic Hospitals-Madinat Zayed Spec,AUH,CLINIC,,Madinat Zaed Street Al Dhafra St. Near Al Dhafra Sport Club,02-8848833
Alpha Medical Center,AUH,CLINIC,,"Al Firdous Center, Ground Floo 17Th Street Saniaya Mussafah",02-5558383
Alqatia Island Clinic (Sarab North),AUH,CLINIC,,Das Island,02-6024518
American Center For Psychiatry & Neuro,AUH,CLINIC,,Khalidiya Area Next To Khalidiya Mall Khalidiya St,04-3141000
Arabian Island Medical Centre,AUH,CLINIC,,"Mussafah Shabiya Khalifa  Mussafah, Maroor Road",02-5520250
Arzanah Clinic,AUH,CLINIC,,"Umm Al Nar, Near Al Maqta Brid Abu Dhabi",02-6023882
Asab Clinic (Adnoc) Y-253,AUH,CLINIC,,Asab Adco Site Asab Street Asab Street,02-6034222
Aster Primary Care L.L.C.(Aster),AUH,CLINIC,,Nearby Emirates Driving School Sannayah Street Sanaeyah,02-5557078
Bab Al Madina Medical Centre,AUH,CLINIC,,"Ground Flr,  Moosa Al Ajban Building Mussafah 26",02-6422464
Baniyas Ahalia Med Ctr (Ahalia Group),AUH,CLINIC,,Opp Baniyas Kabaratnear Dar Al Abu Dhabi-Ain Road Abu Dhabi- Al Ain Road,02-5836634
Baniyas Health Ctr-Seha(No Dental Services On Direct Billing),AUH,CLINIC,,Baniyas Baniyas Baniyas,02-5835599
Bayti Home Healthcare Llc,AUH,CLINIC,,Amana Building Opposite Abu Dhabi Municipalit Al Salam Street,800-22984
Bida Mutawa Primary Health Care Ctr-Seha (No Dental Services On Direct Billing),AUH,CLINIC,,Western Region Western Region Western Region,02-8839140
Blue Ocean Medical Center,AUH,CLINIC,,Hamed Ghanim Bin Hamoodah Buil Opp Karam Alarab Rest Mussaffah,02-4481981
British Neurology Psychiatry Center Llc,AUH,CLINIC,,Villa 2 Opp-Mercbenz Sr Airport Road,02-4442285
Bu Sikeen Island Clinic (Sarab South),AUH,CLINIC,,Das Island  Das Island,02-6024518
Buhasa Clinic (Adnoc) Y-252,AUH,CLINIC,,Buhasa,02-6035272;
Burjeel Day Surgery Center L.L.C,AUH,DAY CARE,,Al Reem Island Al Reem Island Al Reem Island,02-3079999
Burjeel Oasis Medical Centre L.L.C,AUH,CLINIC,,"Block B, Al Dhafra Club Bldg Madina Zayed St Al Dhafra Area, Madina Zayed",02-8946666
Canadian Medical Center Llc,AUH,CLINIC,,Beside Universal Hospital Delma St Airport Rd,02-4469006
Al Ghallan Island Clinic,AUH,CLINIC,,Central Island Clinic,02-6023882
Consultants Medical Centre Excl.Ent&Card,AUH,CLINIC,,Landmark Plaza Building Hamdan Street Hamdan Street,02-6794100
Daar Al Misbah Medical Center,AUH,CLINIC,,"Building No 1, Plot 20., 1St Floor, Near Bangali Mosque 12Th Street  Musaffah Sanaiya",02-6213119
Dabbiya Clinic (Adnoc) Y-255,AUH,CLINIC,,Al Dabbiya Abt 50 Kms Frm Abu Dabbiya Dabbiya,02-6046789
Dana Medical Center Llc,AUH,CLINIC,,Shakboot City Flat No / Floor No: 1 Shakboot,02-6661551
Danat Al Emarat Clinic For Women & Child,AUH,CLINIC,,Al Bateen  Abu Dhabi,02-6582221
Dar Al Shifa Medical C (Auh)(Aster),AUH,CLINIC,,"Tourist Club Area, Office # 13 Electra Street Electra Street",02-6456100
Delma Medical Center,AUH,CLINIC,,"Villa No. 71, Beside Al Khazna Insurance/ Opposite Trans-Ad Office, Delma Street  Al Nahyan Camp",02-4481800
Disease Prev&Screening Ctr Sweihan-Seha (No Dental Services On Direct Billing),AUH,CLINIC,,Sweihan,800-50
Disease Prev & Screening Ctr Gaithy-Seha,AUH,CLINIC,,Gaithy,02-4102000
Disease Prev & Screening Ctr Delma-Seha,AUH,CLINIC,,Delma,02-4102000
Disease Prev & Screening Ctr Sila-Seha,AUH,CLINIC,,Sila,02-4102000
Disease Prev & Screening Ctr Mus-Seha,AUH,CLINIC,,Mussafah,02-4102000
Disease Prev & Screening Ctr-Seha,AUH,CLINIC,,Near Al Gharbia Hospital Admin Near Al Gharbia Hospital Admin Near Al Gharbia Hospital Admin,02-8941153
Disease Prev & Screening Ctr Marfa-Seha,AUH,CLINIC,,Al Marfa,02-4102000
Disease Prevention & Screening Cntr-Seha,AUH,CLINIC,,Seha Seha Seha,02-4102720
Disease Prevention Screening Ctr-Seha,AUH,CLINIC,,Screening Center- Abu Dhabi Screening Center- Abu Dhabi Screening Center- Abu Dhabi,02-4102000
Dr Rashed Al Shaeel Medical Center L.L.C,AUH,CLINIC,,Villa No 2  Al Fursan Village,02-4493733
Dr. Ahmed Abu Sharia Medical Center,AUH,CLINIC,,Opposite Blood Bank 26Th Street Khalidiya,02-6674882
Dr. Atiqur Rahman Polyclinic Llc,AUH,CLINIC,,"Saeed Al Khalil Bldg, 101, 1St Floor, Near Emke Supermarket Bal Urouq St. Al Murror",02-6398331
Dr. Gupta Medical Clinic,AUH,CLINIC,,110; F-1 Nasser Tower Electra Street Electra Street,02-6337357
Dr. Mubarak Shaikh Clinic (Zia),AUH,CLINIC,,"Alya Pharmacy Building, First Floor, Electra Street  Al Danah",026213435-
Eastern Al Ahili Medical Centre-Branch1,AUH,CLINIC,,Sal Al Amri Building Near Nbd Al Ain Road Musaffah 2,02-8119119
Eastern Al Ahlia Medical Ctr(Ahalia),AUH,CLINIC,,Workers City 2-China Baniyas W Baniyas Street Mafraq,02-5856005
Ehg Emirates Hospital Day Surgery Llc,AUH,DAY CARE,,"Podium 2,Shining Towers Mubarak Bin Mohammed St. Khalidiyah",02-5014000
Elaj Medical Centre - Abu Dhabi,AUH,CLINIC,,"Building 14,Bin Arar Center , Shark 11 Najda Street Najda Street",02-6762444
Aster Hospital- Mankhool,DXB,HOSPITAL,,"Bur Dubai Al Mankhool Al Rafa St, Near Sharaf Dg",04-4546001
Emerald Medical Centre,AUH,CLINIC,,"Shop No. 5,6,7,8, M37 16Th Street Industrial City Of Abu Dhabi",02-5554164
Emirates Confidenty Medical Centre,AUH,CLINIC,,"M1 And M2,Next To Baby Mart Abu Baker Al Sadiq Al Murabaa",03-7545959
Emirates Dermatology & Cosmetology Cente,AUH,CLINIC,,Bl No.836Stret 30 Al Khaleej Al Arabi Street New Marhaba,02-5555255
Emirates Jordanian Medical Center,AUH,CLINIC,,Ground To 2 Exit 40 Baniyas West Baniyas,02-5836999
Etihad Visa Screening Center - Seha,AUH,CLINIC,,Abudhabi Seha Abudhabi,02-4102720
Ever Care Medical Clinic,AUH,CLINIC,,59  5 St. M17 Mussafah,02-8731973
Excellent Medical Center Llc,AUH,CLINIC,,"Sawaeed Residential Compound,Ground Floor  Al Mafraqworker City 2",02-5544469
Exeter Mc For Bone & Joint Health-Auh,AUH,CLINIC,,"Villa 10,Behind Gulf Diag Hosp Al Khaleej Al Arabi Street Al Bateen",02-6354321
Expert Medical Clinic,AUH,CLINIC,,Mojumaat Workerss City Hameem Road Hameem,02-6225566
Express Ghayathi Clinic,AUH,CLINIC,,1St Floor Near Uae Excahange Sanayya,02-8744430
Extra Care Medical Centre Llc,AUH,CLINIC,,Nahel Tower Same Bldg Of Nbo Elektra Street Al Najda Street,02-6344922
First Global Clinic,AUH,CLINIC,,"Villa#6, Opp Bmw Showroom, Khalidiya Abu Dhabi",02-6650015
Freedom Medical Polyclinic,AUH,CLINIC,,Building 4 Musaffah M-4,02-6336744
Genet Medical Center,AUH,CLINIC,,"Junaibi Tower ,2Nd Floor Opposite Emirates Discount Market Al Dhafra",02-6669945
Stanford Medical Center LLC,AUH,CLINIC,,Kuwaiti Bldg Flr 101 Al Markaziyah Al Markaziyah,02-6331870
Golden Choice Medical Center,AUH,CLINIC,,First Floor M17 Musafah ¿Sanyya  Musafah Sanayya,02-4486266
Golden Health Medical Center,AUH,CLINIC,,Al Salam Living City Hameem Road Al Salam Living City,02-5855552
Goldencare Medical Center,AUH,CLINIC,,"Building 94,Ground Floor  14Th Street",02-4499881
Gulf International Cancer Center,AUH,CLINIC,,Deer Fields Mall Al Bahiya,02-5635558
Habshan Clinic (Adnoc) Y-251,AUH,CLINIC,,Near Habshan Gasco Refinery Habshan Street Habshan Street,02-6038331
Hala Medical Centre,AUH,CLINIC,,Near Uae Exchange  Ghiathy District,02-8742437
Health Clear Medical Center Llc,AUH,CLINIC,,Ahmed Hamd Hameed Alsuwaidi Bl 10Th Street Musaffah Industrial Area,02-5538383
Health Plus Diabetes And Endocrinology,AUH,CLINIC,,Sheikh Sultan Binsayed Al Khaleej,02-6433494
Health Plus Family Health Center Llc,AUH,CLINIC,,Al Raha  Abu Dhabi,02-6433494
Health Plus Family Health Center Llc,AUH,CLINIC,,Al Bandar  Abu Dhabi,02-5571818
Unmiya Ivf And Treatment Of Infertility,AUH,CLINIC,,Hazaa Bin Zayed  The First St  Al Karama,02-6433494
Unmiya Women'S Health Center,AUH,CLINIC,,Hazaa Bin Zayed  The First St  Al Karama,02-6433494
Holistic Medical Centre-Br,AUH,CLINIC,,"Al Dhafra, Madinat Zayed City",02-6660388
Holistic Medical Centre- Sole Propreitor,AUH,CLINIC,,Villa#141 Oppo Alforsan Htl Khalifa City A,02-6661657
Hope Medical Center,AUH,CLINIC,,Gcc New Offfice Gf Near Al Jaber Labor Camp Mafraq Worker City 1,02-5551430
Ibn Nafees Medical Center (Dublin),AUH,CLINIC,,"401-402,Bin Sagar Tower Najda Street Najda Street",02-6324200
Ibn Sina Medical Centre,AUH,CLINIC,,Al Khalidiya Rotana Mezanine Flr Near Al Manara Ph,02-6816400
Ibn Sina Medical Centre- Branch 1,AUH,CLINIC,,Al Reef Downtown Block F2 Near Al Manara Ph,02-6816400
Imperial College London Diabetes Centre,AUH,CLINIC,,"29Th Street, Al Safarat Khaleej Arabi Street Khaleej Arabi Street",02-4040881
Intercare Health Center Llc,AUH,CLINIC,,"35B Marina Village Mirage Resto, Marina Mall Marina Breakwater",02-6390080
Ishtar Medical Centre,AUH,CLINIC,,Fatima Bint Mubarak Street Oppsite Al Amriah Cinema Near Hamdan Kfc,02-6333886
Journ Yafour Med Ctr-Seha(No Dental Services On Direct Billing),AUH,CLINIC,,Baniyas Baniyas Baniyas,02-5853349
Karachi Medical Polyclinic,AUH,CLINIC,,"M-37, Opposite  Al-Miraj Supermarket Mussaffah",02-5500730
Khalifa A Health Center-Seha (No Dental Services On Direct Billing),AUH,CLINIC,,Khalifa  Khalifa City,02-5561695
Khyber Medical Center,AUH,CLINIC,,Anjaz Building 1St Floor Emirates Transport Street Madinat Zayed,02-8820808
Kids Heart Medical Center Llc,AUH,CLINIC,,"Flat 54,   Karamah Street Liwa",02-445-8881
Kohat Medical Centre Llc,AUH,CLINIC,,7 And 8 Shop Near Alghaza Mussaffah,02-5511129
Kohat Valley Medical Centre L.L.C,AUH,CLINIC,,Street No.10 Shop No.23 Agricukture Building Musaffah,02-5533083
Lifecare Clinic L.L.C,AUH,CLINIC,,Magenta Pearl Village Al Mafraq Workers City 2 Al Mafraq,02-5824916
Lifecare Clinic  L.L.C. - Branch,AUH,CLINIC,,Mountain Gate Property Investm Al Mafraq Workers City Baniyas,02-5833277
Lifecare Medical Center L.L.C.,AUH,CLINIC,,Grnd Floor Razeen Camp Al Watba-Al Mafraq,02-5826812
Liwa Medical Centre L.L.C,AUH,CLINIC,,"Flat No-6, Building No-1 Meziarah Al Dhafra",02-8822877
Llh Medical Center Al Musaffah Branch 1,AUH,CLINIC,,Labotil Camp Cl-1-9-Bg-002 Baniyas,02-5865333
Llh Medical Center Al Musaffah Branch 3,AUH,CLINIC,,Km Trading  16 Street  Musaffah,02-4116450
Llh Medical Centre Al Musaffah(Vps),AUH,CLINIC,,Plot C-173 Nr Al Najah Pvt Sch 28Th Street Shabia 9,02-5531414
Llh Medical Centre L.L.C.,AUH,CLINIC,,"Bldg No. C55, Mussafah, Shabiya Me Ii",02-6282222
Madinat Moh Bin Zayed Hlth Care Ctr-Seha (No Dental Services On Direct Billing),AUH,CLINIC,,Mmbz Maqta'A Maqta'A,050-6738070
Mafraq Dialysis Centre -Seha (No Dental Services On Direct Billing),AUH,CLINIC,,Next To Mafraq Hospital Al Mafraq Baniyas District,02-5011853
Mardan Medical Center-Auh,AUH,CLINIC,,Building 1 Near Workers Village Round Abo Musaffah Sanaya 32/2,02-4411413
Mariam Medical Clinic,AUH,CLINIC,,Rehanna Textile Bldg. Rm 103 1St Floor Elektra,02-6214626
Maxim Medical Centre Llc,AUH,CLINIC,,Al Dhafra Workers Village Bldg Mussafah I-Cad 3,02-5500161
Burjeel Medical Center - Al Zeina (Vps),AUH,CLINIC,,"Retail B1, Al Zeina Bldg, Near Nandos Resto, Al Zeina, Al Raha",02-6900600
Medical Services Admin Auh Police Ghq,AUH,CLINIC,,27Th St Al Muroor Road Police Academy Area,02-512-80-43
Medical Speciality  Center Llc,AUH,CLINIC,,Jasim Ahmed Al Hindi Building Zayed 1St Street Khalidhiya,02-6336325
Medline Medical Centre,AUH,CLINIC,,Medline Medical Centre Building Opp. Village Mall Musaffah Industrial Area,02-5530577
Medlux Medical Center L.L.C.,AUH,CLINIC,,"Al Badi Kohler Road Plot No 6, Shop No 02 Mafraq Industrial Area Zone 1",02-5467355
Medstar Icad Medical Center L.L.C.,AUH,CLINIC,,Sanaya Near Musaffah,02-5845657
Mesk Almadina Medical Centre L.L.C,AUH,CLINIC,,Oppo. Icad Residential 2 Icad Area M40 Mussafah,02-5504333
Mezyad Medical Center,AUH,CLINIC,,Tower 3 Mezyad Mall Mohammed Bin Zayed City,02-5519977
Mubarak Medical Center-Branch 1,AUH,CLINIC,,"Near Al Eshoush Gym Al Eshoush Village, Baniyas Al Mafraq Workers City-2",03-7642978
Nayl Al Shefa Medical Clinics,AUH,CLINIC,,Muhammad Sultan Darmaki Building Near Old Police Station Industrial Area,03-7213226
New Famous Medical Center Llc,AUH,CLINIC,,Salem Hamees Musaffah 34 :Musaffah,02-5538040
New National Medical Centre (Avivo),AUH,CLINIC,,Khalid Khoori Buldng Shabiyah Sector 10 Musaffah,02-5520100
New National Medical Centre Llc Branch 1,AUH,CLINIC,,"Naser Abdullah Al Yateem, 27 No 27, Al Madeenah As Sina'Iya 2Nd Street Sector M36, Plot138",02-5520100
Nmc Royal Family Medical Centre L.L.C.,AUH,CLINIC,,Prestige Tower Near Capital Ma  Mohammad Bin Zayed Area,02-6911500
Nmc Royal Medical Center -Al Karama Br,AUH,CLINIC,,Near International Community S Al Faris Street Al Karama,02-6144900
Nmc Royal Medical Centre Llc,AUH,CLINIC,,"Nmc Royal Medical Bldg. King Abdulah Bin Abddulaziz Al Saud St, Al Bateen",02-5133111
Nmc Royal Medical Centre Llc Br Shahama,AUH,CLINIC,,Opp. Deerfields Mall C170 Shahama,02-8859400
Noor Alahli Medical Center - Branch 2,AUH,CLINIC,,"M-9, Shabiya  Near Safeer Mall, Musaffah",02-5530368
Noor Alahli Medical Center - Branch 4,AUH,CLINIC,,Noor Alahli Mc Near Baniyas Court Baniyas West,02-5530368
Noor Alahli Medical Center - Branch 6,AUH,CLINIC,,"Marfa Souq, Opp Abu Saeed Mosque Mirfa",02-8833020
Noor Alahli Medical Center  Branch-1,AUH,CLINIC,,"Madina Mall Icad Residential City Icad,Musaffah",02-8119119
Attouk Island Clinic,AUH,CLINIC,,North Island Oilfield  North Island Oilfield,02-6023882
Oasis Medical Centre - Branch 1 (Ahalia),AUH,CLINIC,,Mohd Ali Almuhairbi Building Near To Taha Medical Centre Al Falah Street,02-8119119
Oasis Medical Centre (Ahalia Group),AUH,CLINIC,,Al Jimi Workers Village Beside Fatimah Supermarket Musaffah Icad,02-5506691
Occu Med Clinic (Vps),AUH,CLINIC,,Global Ascent Business Cntr Mussafah Industrial Area Mussafah,02-5134000
Pattaya Medical Centre,AUH,CLINIC,,Rashid Khadm Al Muhayri  B3 Mussafah 37,02-5530233
Prime Care Medical Center Llc,AUH,CLINIC,,Nearby Emirates Identity Autho M/4 Plot No. 11 Musaffah Industrial Area,02-5538188
Prime Cure Medical Center (Auh),AUH,CLINIC,,Mezer Salem Building Next To G Falah Street Falah Street,02-6342424
Proficiency Medical Clinic,AUH,CLINIC,,"Building Number C199 Shabia 12,Near To Model School Mussaffah,",02-4919300
Providence International Med&Cosmetic Ct,AUH,CLINIC,,Sector 38 Near Wadi Al Madeena Sm Musaffah,02-6661197
Quality Care Medical Center Llc,AUH,CLINIC,,"Star Tower Bldg. 1St Flr,Lulu Street Abudhabi",02-6260600
Qusahwira Medical Center,AUH,CLINIC,,"Western Region, Al Dhafrah Abudhabi",02-6023882
Rahat Medical Center,AUH,CLINIC,,"Marina Plaza Tower, Above Qata Lulu Street Markaziya",02-6333924
Rahmath Sila Clinic,AUH,CLINIC,,"Building 457, 1St Floor Near Uae Exchage Bldg, Sila Western Region",02-8424999
Right Choice Medical Center,AUH,CLINIC,,Ight Choice Medical Centre Bdn Musaffah Sanaya 10 Near Alya Supermarket,02-4917600
Royal International Medical Center,AUH,CLINIC,,Elenco Building Beside Lulu Exchange Mafraq,02-8775522
Sahara Medical Center Llc,AUH,CLINIC,,M44 Musaffah Industrial Area Musaffah,02-5556393
Sahil Clinic /Sardar Ali (Adnoc),AUH,CLINIC,,Liwa Street Hamam Road Sahil,02-6049742
Sama Alshamkha Medical Centre,AUH,CLINIC,,"42,43 Floor, Near Al Qima School Al Shamkha",02-5866020
Seha Dialysis - Delma-Seha,AUH,CLINIC,,Western Region Western Region Western Region,02-5012929
Seha Dialysis - Ghaithy-Seha,AUH,CLINIC,,Western Region Western Region Western Region,02-5012929
Seha Dialysis - Madinet Zayed-Seha,AUH,CLINIC,,Western Region Western Region Western Region,02-5012929
Seha Dialysis - Mirfa-Seha,AUH,CLINIC,,Western Region Western Region Western Region,02-5012929
Seha Dialysis - Sila-Seha,AUH,CLINIC,,Western Region Western Region Western Region,02-5012929
Seha Dialysis - Skmc-Seha,AUH,CLINIC,,Al Karama St,02-5012929
Seha Dialysis - Tawam-Seha,AUH,CLINIC,,Tawam Campus Tawam Campus Tawam Campus,02-5012929
Seha Dialysis Services - Al Mafraq Hospital,AUH,CLINIC,,Al Mafraq  Abudhabi,02-4102900
Seha Dialysis Services - Al Wagan Hospital,AUH,CLINIC,,(Administration Offices   2Nd Floor,02-5012925
Seha Mobile Clinic 1-Seha (No Dental Services On Direct Billing),AUH,CLINIC,,Abu Dhabi,02-8113811
Seha Mobile Clinic 2-Seha (No Dental Services On Direct Billing),AUH,CLINIC,,Abu Dhabi,02-8113811
Seha Mobile Clinic 3 (No Dental Services On Direct Billing),AUH,CLINIC,,Abu Dhabi Island  Auh,02-6419733
Shah Al Hosn Plq,AUH,CLINIC,,Onshore  Onshore,02-6024518
Shah Clinic (Adnoc),AUH,CLINIC,,68 Km S/West Of Asab 165 Kms F 68 Km S/West Of Asab 165 Kms F Shah I Field,02-6044248
Shahama Health Center-Seha (No Dental Services On Direct Billing),AUH,CLINIC,,Shahama Shahama Shahama,02-5632599
Shaheen Medical Center,AUH,CLINIC,,Ahmed Sultan Marta Al Halami 1St Floor Madina Zayed,02-6411345
Sheikh Khalifa Energy Clinic-Adnoc-Skec,AUH,CLINIC,,Sheikh Khalifa Energy Complex  Abudhabi,02-6023882
Shrouq Al Sabah Medical Center,AUH,CLINIC,,209 Baladiya Street  Al Ameriya,03-7801233
Sir Baniyas Clinic - Seha (No Dental Services On Direct Billing),AUH,CLINIC,,Bani Yas   Abu Dhabi,02-8070000
Alsseifiya Island Clinic,AUH,CLINIC,,Abu Dhabi  South Island Oilfeild,02-6023882
Star Al Ahalia Medical Center (Ahalia),AUH,CLINIC,,"Build. No:- C76 Near To Gayathi Market Tariff Road,Gayathi",02-8119119
Star Medical Center Llc Branch- 1,AUH,CLINIC,,"Muhammad Ali Samad Bldg 26 Musaffah ,Sanayya Near Marqab Ph",02-5558081
Swat Medical Poly Clinic,AUH,CLINIC,,Swat Pharmacy Bldg Near Gulf Garden Restaurant Sanaiya,02-5550038
Swedish Medical Centre W.L.L,AUH,CLINIC,,"Villa #1 Opp. Of Spinneys Behind Al Hilal Bank Corniche Street #9, Khalidiya",02-6811122
Tabibak Medical Clinic,AUH,CLINIC,,SMG Habshan Camp Al Dhafra Area,02-6225566
Tajmeel Specialized Medical Center Llc,AUH,CLINIC,,Al Dar Hq Building Shahama Road Al Dar Area,02-3047999
Tawam Rehabilitation Center - Seha,AUH,CLINIC,,Eastern  Al Ain Region Cornor Of Khalifa Street,02-7642075
The Specialist Diabetes Treatment  Pharmacy,AUH,PHARMACY,,Near Zayed Military Hospital Khaleej Arabi Road,02-4040800
The Specialist Diabetes Treatment Br2,AUH,CLINIC,,"Healthpoint Hospital,Zayed Sports City,Saif Ghobash Street",02-040800
Top Care Medical Centre,AUH,CLINIC,,Near Fresh & More Hypermarket Industrial City Icad Residential City,02-5500620
Umm Al Dalkh Clinic (Zadco),AUH,CLINIC,,Off Shore  Umm Al Dakh Oilfield,02-7071271
Umm Al Lulu Clinic (Adnoc),AUH,CLINIC,,Off Shore  Off Shore,056-5247381
Umm Shaif Super Complex (Ussc)/ Umm Shai,AUH,CLINIC,,Das Island  Das Island,02-6024518
Unique Health Care Clinic L.L.C.,AUH,CLINIC,,Al-Sarab Building Near Ubl Bank Mussaffah Mussaffah,02-5755333
Upper Zakum Clinic,AUH,CLINIC,,Abu Dhabi,02-6023882
Vista Care Specialized Clinic,AUH,CLINIC,,Near Madinatzayd  Al Danah,02-6263649
Wazirustan Clinic Llc,AUH,CLINIC,,3Rd Floor` Market Area Ghayathi,02-8741400
Well Care Medical Center,AUH,CLINIC,,Electra Street Al Hamra Plaza Blk A-01,02-6766000
Well Health Medical Center,AUH,CLINIC,,Al Nahyan Camp Villa Mohd Al Minhal Defense Road,02-6429393
West Island Clinic,AUH,CLINIC,,West Island Oil Field,02-6023882
Western Towers Al Ahlia Medical Centre,AUH,CLINIC,,"Shop No 10 Near Al Maya Super Market Mze19,Sanaya,Madinath Zayed",02-8840522
Yas Healthcare L.L.C,AUH,CLINIC,,"Flr 2, Dusit Thani Complex Opp: Al Jazira Stadium Muroor Street",02-3336907
Zakum West Super Complex Clinic,AUH,CLINIC,,Das Island  Das Island,02-6024518
Zia Medical Centre (Zia),AUH,CLINIC,,Above Uae Exchange Sector Me12 Shabiya Khalifa Shabiyah,02-5522201
Zirku Clinic (Zadco),AUH,CLINIC,,Off Shore  Zirku Island,02-6023882
Al Safwa Medical Center L.L.C.,AUH,CLINIC,,"Office # 603, 6Th Floor, Marjan Plaza Building ,Opp.Hamdan Center Hamdan Street Hamdan Street",02-6262989
Boston Dental Center Llc,AUH,DENTAL,,Villa 7 Behind Khalidiya Mall Mubarak Bin Mohammed St Khalidiya,02-6667070
Clinica Smile Dental Center L.L.C.,AUH,DENTAL,,Bldg. #1 Office No 1 1St Floor Baniyas East 3,02-4447147
Coral Dental Clinic,AUH,DENTAL,,"1St Flr, Gold Souq Town Centre  Opposite Al Ain Cooperative Town Center",03-7370047
Dentacare Centre,AUH,DENTAL,,Unit 1 L1 The Mall World Trade Center Khalifa Street,02-6270527
Gulf Pearl Dental Center,AUH,DENTAL,,"Sagar Al Muhairbi Bldg Al Nasser St.,",02-6345680
Hollywood Smile Medical Center,AUH,DENTAL,,"31,F-3,Green Tower Building Sheikh Khalifa Street Sheikh Khalifa Street",02-6271371
Oaiss Braces Centre L.L.C.,AUH,DENTAL,,H&M Building 3Rd Floor Najdha Al Markazia,02-6344343
Smile Factory Dental Centre Llc,AUH,DENTAL,,Villa #54 Behind Al Sharq Mall Mafraq -Auh Al Ain Road Baniyas East,02-5840409
Tajmeel Dental Center Llc -Branch1(Vps),AUH,DENTAL,,Tajmeel Dental Center Bldg. Al Karama Main St Al Rowda St.,02-6107897
Al Borg Diagnostic Centre For Lab,AUH,LABORATORY,,Mezzanine -01 Shawarmatime Building Fatima Bint Mubarak St,800-252674
Al Farhan Medical Laboratory Llc,AUH,LABORATORY,,Hamad Mubarak Hamad Al Khaili Near By Furture International Baniyas East,02-5833883
Annab Laboratories,AUH,LABORATORY,,"Office # 804, 8Th Floor, Al Etihad Tower, Near Al Noor Hospital Khalifa Street Khalifa Street",02-6274767
Dar Al Mouasah Clinical Labs.,AUH,LABORATORY,,"Mezzanine Floor, Plaza Tower Hamdan Street Markaziya",02-6260066
Ideal Clinical Laboratories,AUH,LABORATORY,,"C44,Mezanine Floor Street56 Shabiya",02-5558448
Life Medical Diagnostics Llc,AUH,LABORATORY,,"101-102,F-1, Marina Plaza Lulu Street Lulu Street",02-6332300
Mena Labs Medical Laboratory - Auh,AUH,LABORATORY,,Al Mazroui Bldg.  2Nd Floor Najda Street Al Danah,02-4483699
Proficiency Specialist Laboratories,AUH,LABORATORY,,"Building Number C199 Shabia 12,Near To Model School Mussaffah,",02-5533171
Accuracy Plus Medical Laboratory,AUH,LABORATORY,,Aster Pharmacy Bldg.  M02 Hamdan Street Al Danah,02-6333923
Al Gharbia Mobile Mammoghraphy Unit-Seha (No Dental Services On Direct Billing),AUH,X-RAY LABORATORY,,Western Region Western Region Western Region,02-8942000
National Reference Laboratory Llc,AUH,X-RAY LABORATORY,,Buisness Hub  Musaffah,02-4930400
Al Jaber Optical Centre Llc Branch-Abu D,AUH,OPTICAL,,"Unit No. B84, , Level 1, Abudhabi Mall",02-645-6111
Yateem Opticals - Branch 9,AUH,OPTICAL,,Showroom Situated In Unit 255 1St Floor Khalidia Mall,02-6354999
Yateem Optician,AUH,OPTICAL,,Crystal Tower Showroom Is Situated On The Ba Hamdan Road,02-6776222
Yateem Optician- Branch,AUH,OPTICAL,,Shop Is Situated On 1St Floor Ff 258 Al Wahda Mall,02-4437460
Yateem Optician Branch 10,AUH,OPTICAL,,Shop No. 21 Located On 1St Floor Shangrilla - Qaryat Al Berry,02-5581660
Yateem Optician Branch 13,AUH,OPTICAL,,"Unit No. Ra 063+062 Ground Floor, Bawabat Al Sharq Baniyas",02-5858786
Yateem Optician- Branch 17,AUH,OPTICAL,,"Shop No. 29 1St Floor,Ruwais Mall Ruwais",02-8766622
Yateem Optician Branch Al Mushrif Mall,AUH,OPTICAL,,Mushrif Mall Airport Road Al Mushrif Area,02-8823228
Yateem Optician Branch The Galleria Mall,AUH,OPTICAL,,11310 ( Su ) The Galleria Almariya Island Abudhabi Global Market Square,02-6776447
Yateem Optician Branch-11,AUH,OPTICAL,,Shop Located On 1St Floor Shop No. Ff023 Dalma Mall,02-5516202
Yateem Optician Branch-3,AUH,OPTICAL,,At Ground Floor Attiq Al Mazroui Bldg Al Manara Ph. Khalifa Street,02-6277022
Yateem Optician Branch-5,AUH,OPTICAL,,Shop No. B-51 Abu Dhabi Mall Tourist Club Area,02-6451566
Yateem Optician Branch-6,AUH,OPTICAL,,Shop Located On 1St Floor End Of Corniche Road Marina Mall,02-6818170
Yateem Optics,AUH,OPTICAL,,"Maybach Shop No. G-091 & G-092 Yas Mall,Yas Island",02-5651444
Yateem Optics Branch 1,AUH,OPTICAL,,"Unit No. G-3, Sw16, Parallel Avenue To 29Th Street Khalifa City A Airport Road",02-6666402
Yateem Optics Branch Dalma Mall,AUH,OPTICAL,,Occhiali Optician Shop No. Ff040 Located On 1St Dalma Mall,02-5508633
Abu Al-Abyad Clinic O.P. Ph-Seha,AUH,PHARMACY,,Western Region,02-8839140
Abu Sharia Pharmacy,AUH,PHARMACY,,"Opposite Blood Bank, Behind Kh Khalidiya Street Khalidiya",02-6670181
Adnoc Technical Institute Pharmacy,AUH,PHARMACY,,"Al Shawamekh, Near Schlumberge Abudhabi",02-6023882
Advance Cure Pharmacy,AUH,PHARMACY,,Advanced Cure Diagnostic Bldg. Nbad Bank Al Bateen Al Khaleej Al Arabi,02-4100934
Al Ahalia National Pharmacy Llc  Branch1,AUH,PHARMACY,,"Ahalia Hospital Building Near To Bmw Showroom Abu Dhabi-Al Ain Road,Musaffa",02-5595441
Al Ahlia National Pharmacy Llc (Ahalia),AUH,PHARMACY,,"After The Bmw Showroom Sanaya, Tariff Road Mussafah",02-8119119
Al Bateen Pharmacy (Landmark),AUH,PHARMACY,,Pink Building Near Eldorado Ci Electra Street Electra Street,02-6766610
Al Corniche Hospital Ph-Seha,AUH,HOSPITAL PHARMACY,,E. Corniche E. Corniche E. Corniche,02-8117572
Al Daman Pharmacy,AUH,PHARMACY,,Onaid Humid Al Mazroui Buildin Najda St Electra Street,02-6320909
Al Dharfa Family Medicine Center Ph-Seha,AUH,PHARMACY,,Western Region Western Region Western Region,02-8822204
Al Falah Healthcare Center Pharmacy-Seha,AUH,PHARMACY,,"Sweihan Road, Fa8",02-7115072
Al Furqan Pharmacy,AUH,PHARMACY,,Mafraq Centre Near Emirates General Market Al Mafraq Workers City 2,02-6316831
Al Hosn Pharmacy-Medicina,AUH,PHARMACY,,Al Hosn Medical Centre Al Hilal Bank Bldg Corniche Road,02-6662739
Al Kamal Pharmacy,AUH,PHARMACY,,Jermaim Tower Khalidia Street Khalidiya,02-6669281
Al Khazna Primary Healthcare Ctr Ph-Seha,AUH,PHARMACY,,Al Khaznah Al Khaznah Al Khaznah,02-5661350
Al Maared Pharmacy,AUH,PHARMACY,,Grnd Floor Musaffahindustrial Mussafah,02-5558810
Al Manara Global Pharmacy,AUH,PHARMACY,,Mina Mall  Mina Street Mina Street,02-6734777
Al Manara Pharmacy-Marina Mall(New Ext),AUH,PHARMACY,,New Extension Near Paris Galle Marina Mall Break Water Corniche Street,02-6817977
Al Maqtaa Health Ctr Ph-Seha,AUH,PHARMACY,,Al Maqtaa Al Maqtaa Al Maqtaa,02-5584611
Al Mazroui Pharmacy,AUH,PHARMACY,,"Al Mazroui Hospital,Clock Tower,Sana Fashions Bld Najda Street Najda Street",02-6714006
Al Mushrif Healthcare Center Pharmacy,AUH,PHARMACY,,Seha,02-5632599
Mediclinic Pharmacy - Baniyas,AUH,PHARMACY,,Villa #170 St 25 Sector 19 Zone 321 Baniyas East - 9,02-5668800
Mediclinic Pharmacy - Khalifa City,AUH,PHARMACY,,"284, Near Khalifa City Police Station, Khalifa City Abu Dhabi",02-8856700
Mediclinic Pharmacy - Madinat Zayed 2,AUH,PHARMACY,,Al Dhafra Building Western Region Madinat Zayed,02-8848276
Ibn Sina 75 Pharmacy,DXB,PHARMACY,,South Entrance 1st Floor Mirdiff Hills Mall Mirdif,04-2204386
Mediclinic Pharmacy - Alnoor - Branch 1,AUH,PHARMACY,,"Near Carrefour ,Al Noor Hosp B Airport Road Airport Road",02-4944590
Mediclinic Pharmacy - Al Mamoura,AUH,PHARMACY,,Al Mamoura Mamoura Area Abu Dhabi,02-6728229
Mediclinic Pharmacy- Al Musaffah 2,AUH,PHARMACY,,Bilal Mustafa Al Khaled Buildi Westren R 10 Shabiyah,02-4496140
Al Abeer Pharmacy,AUH,PHARMACY,,Hypermarket Building  Najda Street Najda Street,02-6314400
Aster Hospital Sonapur Llc,DXB,HOSPITAL,,Near To Access Clinic Algeria Street Muhaisnah,04-4400500
Al Rahba Hospital In Ph-Seha,AUH,HOSPITAL PHARMACY,,Al Rahba,02-5064120
Al Rahba Hospital Out Ph-Seha,AUH,HOSPITAL PHARMACY,,Al Rahba,02-5064444
Al Razi Pharmacy Co.,AUH,PHARMACY,,Gdc Hospital Building Khaleej Arabi Street Al Bateen,02-6675938
Al Rowdha Family Medicine Clinic Ph-Seha,AUH,PHARMACY,,Al Karama Road Al Karama Road Al Karama Road,02-8191567
Al Saada Pharmacy,AUH,PHARMACY,,"Shop No 4, Al Akkavi Bldg Near Lulu Exchange Hamdan St 16",02-6278313
Al Sadiq Pharmacy (Julphar Grp Of Phy),AUH,PHARMACY,,"Building 54 Nr Al Noor Hosp,Nmc Spec Hosp Main Mussafah Bridge Musaffah",02-5530036
Al Samha Health Ctr Ph-Seha,AUH,PHARMACY,,Al Samha Al Samha Al Samha,02-5620048
Al Shamkha Healthcare Ctr Pharmacy-Seha,AUH,PHARMACY,,Al Shamkah,02-8191273
Al Sila Pharmacy,AUH,PHARMACY,,Uae Exchange Bldg. Al Sila  Western Region,02-8722087
Al Tadawi Pharmacy,AUH,PHARMACY,,"Khyber Clinic Building Liwa Street,Near Of Kmh Super Mark Al Dhafra",04-2943266
Al Thurayya Pharmacy (Landmark Grp),AUH,PHARMACY,,Opposite Shabiya Police Statio Najda Street Najda Street,02-6427827
Al Wathba Pharmacy (Julphar Grp Of Phy),AUH,PHARMACY,,Beside Coop Society  Baniyas Street  Baniyas Street,02-5831368
Alfalah Land Mark Pharmacy,AUH,PHARMACY,,Al Falah Street Al Hayer Road  Sweihan,02-6783777
Alpha Care Pharmacy,AUH,PHARMACY,,"Al Firdous Center, Ground Floor,Sanayya M3 17Th Street Saniaya Mussafah",02-5558383
Alpha Pharmacy (Auh),AUH,PHARMACY,,Tourist Club Area Opposite City Terminal Al Salam St.,02-6440044
American Center Pharmacy,AUH,PHARMACY,,American Center Psy&Neuro Bldg Mubarak Bin Mohamed Al Rawda,02-4433114
Apollo Pharmacy Llc,AUH,PHARMACY,,"Plot C-128, Sector 3 Hamdan Street Al Markaziya",02-6344747
Arab Al Jazeera Pharmacy -(Julphar Grp ),AUH,PHARMACY,,Aman Hussain Ali Khuri  Building Main Shabiya Street Main Shabiya Street,02-5527070
Arafat Pharmacy W Ll - Branch,AUH,PHARMACY,,Grnd Flrhamad Cntr Electra Street  Electra,02-5506906
Asab Pharmacy (Out-Patient),AUH,PHARMACY,,"Western Region, Al Dhafrah Abudhabi",02-6023882
Aster Pharmacies Group L.L.C- Branch Of,AUH,PHARMACY,,Al Shaheen Complex Near Chothram Super Market Khalidiya,02-6395140
Aster Pharmacies Group Llc - Br Of Auh 4,AUH,PHARMACY,,"Grnd Flr Bodebis Bldg Deyyar, Defense Road Abu Dhabi",02-4478482
Aster Pharmacies Grp - Br Of Auh 1,AUH,PHARMACY,,"Grnd Flr Al Hamed Bldg. Behind Jumbo Electronics Al Falah Sts,Blue Diamond Area",02-6437625
Aster Pharmacies Grp - Br Of Auh 2,AUH,PHARMACY,,"Shop2 Grnd Flr Unt 259081 Behind Al Muhairy Centre Dar Al Thalmiya, Khalidiya",02-6280582
Aster Pharmacies Grp - Br Of Auh 3,AUH,PHARMACY,,Grnd Flr Bldg No. Ec-C-19 Near To Lulu Int'L Exchange Hamdan Sts,02-6229870
Aster Pharmacy Br Auh 5,AUH,PHARMACY,,Building No 7 Zayed Street Electra,02-4489240
Aster Pharmacy Br Auh 6,AUH,PHARMACY,,Near To Joy Alukas Jewelry Shabiya Musaffah,02-5502429
Aster Pharmacy Br Auh 8,AUH,PHARMACY,,"Canon Building, Next To Cbi Bank Electra St",02-6711831
Bab Al Madina Pharmacy,AUH,PHARMACY,,"Ground Flr,  Moosa Al Ajban Building Mussafah 26",02-6422464
Ibn Nafees Medical Center Pharmacy,AUH,PHARMACY,,Bin Saqar Building Near Oman B Najda Street Najda Street,02-6349500
Bain Al Qasrain Pharmacy-Medicina,AUH,PHARMACY,,Near Khalidiya Police Stn Khalifa Bin Shakbout St Al Khalidiya,02-4469301
Bangash Pharmacy,AUH,PHARMACY,,Hamad Mubarak Hamad Al Khaili Near Furture International Sch Baniyas East,02-5834217
Baniyas Health Center Ph-Seha,AUH,PHARMACY,,Baniyas Baniyas Baniyas,02-5835599
Bareen Pharmacy,AUH,PHARMACY,,Opp Fatima Bent Mubarak Mosque Mohammad Bin Zayed Road Abu Dhabi,02-5545555
Bateen Family Medicine Clinic Ph-Seha,AUH,PHARMACY,,Bateen District Bateen District Bateen District,02-8191866
Beneficial Pharmacy,AUH,PHARMACY,,"Flat Number 25, Ground, Opra Real Estate Building, African Eastern, M 37, Km Trading,  K.M Trading Street Musaffah Sanaiya",02-5513334
Best Health Care Pharmacy L.L.C.,AUH,PHARMACY,,Al-Sarab Building Near Ubl Bank Mussaffah Mussaffah,02-5755333
Better Life Pharmacy Llc-Br 1(Ahalia),AUH,PHARMACY,,Al Shereif Tower Near Union National Bank Corniche Road,02-5595441
Bida Mutawa Clinic O.P. Ph-Seha,AUH,PHARMACY,,Western Region Western Region Western Region,02-8777175
Bin Sina Al Muroor Ph (Alphamed),AUH,PHARMACY,,Unit No. 4 Near Abu Dhabi Coop Muroor Road Muroor Road,02-4498140
Bin Sina Dana Plaza (Alphamed),AUH,PHARMACY,,Dana Plaza  Khalidiya,02-6669240
Bin Sina Pharmacy-Marina Mall (Alphamed),AUH,PHARMACY,,Marina Mall Marina Mall Break Water Corniche Street,02-6815630
Blue Ocean Pharmacy,AUH,PHARMACY,,"Ground Floor C 344  Mohammed Bin Zayed Street, Me10 Mussaffah",02-5532323
Bright & Shine Pharmacy Llc,AUH,PHARMACY,,Plot No: S3  Ground Fr Baniyas East Mafreq  Baniyas East,02-6426212
Bright Point Pharmacy Llc - Nmc,AUH,PHARMACY,,Jazira Sports & Culture Club Plot No 36 Murour Road E/22/02,02-5558825
Bsp Pharmacy-Inpatient-Seha,AUH,PHARMACY,,Airport Road Airport Road Airport Road,02-8194189
Bsp Pharmacy-Outpatient-Seha,AUH,PHARMACY,,Airport Road Airport Road Airport Road,02-8194189
Bu Hasa Pharmacy (Out-Patient),AUH,PHARMACY,,Western Region Al Dhafrah Abudhabi,02-6023882
Burjeel Al Reem Pharmacy Llc,AUH,PHARMACY,,Gate And Are Tower Shams Boutik Reem Island,02-3079998
Burjeel Hospital Pharmacy - Br1 (Vps),AUH,HOSPITAL PHARMACY,,Burjeel Hospital Al Najda Street Defence St.,02-5085235
Burjeel Hospital Pharmacy (Vps),AUH,HOSPITAL PHARMACY,,Next To Dar Al Shifa Hospital Najda Street Najda Street,02-2222332
Burjeel Pharmacy (Vps),AUH,PHARMACY,,"Ground Flr, Deerfields Mall Dubai-Abu Dhabi Highway Al Bahiya",02-5821555
Burjeel Pharmacy Al Marina Llc,AUH,PHARMACY,,Marina Mall West Entrance Corniche Road,02-3338340
Burjeel Pharmacy Al Shamkha Llc (Vps),AUH,PHARMACY,,1St Flr Makani Mall Al Shamkha Abu Dhabi,02-2051303
Burjeel Pharmacy L.L.C - Branch 1,AUH,PHARMACY,,Shabia-9  Near Llh Mc Musaffah,02-2051433
Burjeel Pharmacy L.L.C - Branch 11,AUH,PHARMACY,,Grnd Flr Khalifa City Coop Society Khalifa City A,02-5562421
Burjeel Pharmacy L.L.C - Branch 3,AUH,PHARMACY,,Empost Building Nr Super Mar Khalifa City,02-2051433
Burjeel Pharmacy L.L.C - Branch 6,AUH,PHARMACY,,"Al Wahda Mall- Ext. Building, Near Abu Dhabi Bus Station",02-2051433
Burjeel Pharmacy L.L.C- Branch 2,AUH,PHARMACY,,Mazyad Mall Shop 13 Mussaffah,02-5534848
Burjeel Pharmacy L.L.C. - Branch 10,AUH,PHARMACY,,Bakhit Al Mansouri Bldg Fatima Bint Mubarak Sts Hazza Bin Zayed Sts Al Dhafra,02-6415533
Cleveland Clinic Abu Dhabi In-Patient Ph,AUH,HOSPITAL PHARMACY,,13Flr Al Maqam Tower Abu Dhabi Global Market Square Al Falah St Al Maryah Island,02-5019000
Cleveland Clinic Abu Dhabi Pharmacy Llc,AUH,HOSPITAL PHARMACY,,13Flr Al Maqam Tower Abu Dhabi Global Market Square Al Falah St Al Maryah Island,02-5019000
Corniche Hospital Pharmacy-Outpt-Seha,AUH,HOSPITAL PHARMACY,,"Executive Bldg,9 Flr,Das Tower Sultan Bin Zayed Str(32 Str), Khalidia",02-6724900
Daar Al Misbah Pharmacy,AUH,PHARMACY,,"Daar Al Misbah Medical Center Bldg.,Ground Floor,Nearby Bengali Masjid",02-5522399
Dabbayia Pharmacy (Out-Patient),AUH,PHARMACY,,Western Region Al Dafra Abu Dhabi,02-6023882
Dana Medical Center Pharmacy Llc,AUH,PHARMACY,,Flat Num1 Shakboot City Shakboot,02-6661551
Danat Al Emarat Hospital Inpt Pharmacy,AUH,HOSPITAL PHARMACY,,3Rd Street Abu Dhabi Gate City Abu Dhabi,02-6149999
Danat Al Emarat Hospital Pharmacy Llc,AUH,HOSPITAL PHARMACY,,3Rd Street Abu Dhabi Gate City Abu Dhabi,02-6149999
Dar Al Shifaa Pharmacy Br2,AUH,PHARMACY,,Dalma Mall Tarif Highway Mussafah,02-6900816
Das Medical Center Pharmacy,AUH,PHARMACY,,Das Island  Das Island,02-6023882
Dawn Pharmacy (Ahalia Grp),AUH,PHARMACY,,Mouzafat Elammpi Flats Shitalta Street Baniyas City,02-5831929
Delma Hospital O.P.D Ph-Seha,AUH,HOSPITAL PHARMACY,,Western Region Western Region Western Region,02-8839140
Diabetic Clinic Ph-Seha,AUH,PHARMACY,,Al Manhal St 9Th Al Manhal St 9Th Al Manhal St 9Th,02-8190722
Dpsc Pharmacy Abu Dhabi,AUH,PHARMACY,,Al Karamah Street    Abu Dhabi,02-7114000
Eastern Al Ahlia Pharmacy(Ahalia),AUH,PHARMACY,,Workers City 2-China Baniyas West Baniyas Street Mafraq,02-5856008
Ehg Emirates Pharmacy Llc,AUH,PHARMACY,,"Podium 2,Shining Towers Zayed The First Street Khalidiyah",02-5014000
Elite Modern Pharmacy- Julphar Grp Of Ph,AUH,PHARMACY,,"Al Sager Building, Nr. Carrefour  Sh Rashid Bin Saeed Maktoom Street Sh Rashid Bin Saeed Maktoom St",02-4494209
Elyazia Pharmacy (Landmark),AUH,PHARMACY,,Mariam Salam Building Near Ala Muroor Road Muroor Road,02-4493700
Emerald Pharmacy,AUH,PHARMACY,,"Shop No. 5,6,7,8, M37 16Th Street Industrial City Of Abu Dhabi",02-5554164
Emirates Jordanian Pharmacy,AUH,PHARMACY,,Ground To 2 Near Baniyas Court Exit 40 Baniyas West,02-5836999
Extra Care Pharmacy,AUH,PHARMACY,,"Shop#10, Mohd Al Mazroui Bldg Beside Nat'L Bank Of Oman Al Najdah, Al Danah",02-6716665
Fanar Pharmacy - Branch,AUH,PHARMACY,,Near Mazjoub Optics Khalifa Street Abu Dhabi,02-4441811
Farmacia Home Healthcare Ph (Aster),AUH,PHARMACY,,Safeer Center  Musaffah,02-5529395
Firas Pharmacy Llc,AUH,PHARMACY,,Majeen Mohammed Tamer Al Mansouri Bldg  Tourist Club,02-5551626
Future Pharmacy,AUH,PHARMACY,,"Near Tourist Club Area ,Future Pharmacy Building Old Mazda Road Old Mazda Road",02-6740090
Gayathy Hospital Inpatient Pharmacy-Seha,AUH,HOSPITAL PHARMACY,,"Al Gharbia Hospitals Admin Mohd Kalaf Almazrouei St Madinat Zayed, Gharbia",02-8070000
Ghiathy Hospital O.P.D Ph-Seha,AUH,HOSPITAL PHARMACY,,Western Region Western Region Western Region,02-8721555
Ghiathy Pharmacy,AUH,PHARMACY,,Opposite Adc Bank Nr Rahma Med  Ghiathy District,02-8741797
Giant Pharmacy L.L.C.,AUH,PHARMACY,,Auh Industrial Area M-17 Musaffah,02-5517211
Golden Care Pharmacy,AUH,PHARMACY,,Flat No8 Grdflr Corner 13Th Street And 14 Street Mussafah,02-4499886
Golden Health Pharmacy,AUH,PHARMACY,,Al Salam Living City Hameem Road Al Salam Living City,02-5855550
Green Care Pharmacy Llc ¿ Sole Propritor,AUH,PHARMACY,,Ground Floor Nearal Madina Hyper Market  Shabiya,02-26670852
Green City Pharmacy,AUH,PHARMACY,,"Ground Floor, Oppo. Parco Supermarket Old Passport Road",02-6279184
Green Hills Pharmacy,AUH,PHARMACY,,"#5, Bldg 187, Fresh & More Super Market 28Th St, Mussafah",02-5549080
Habshan Pharmacy (Out-Patient),AUH,PHARMACY,,"Western Region, Al Dhafrah Abudhabi",02-6023882
Hameem Pharmacy,AUH,PHARMACY,,"Adcp Building Behind Suzuki Showroom, Al Salam Street",02-5535544
Harley Street Pharmacy,AUH,PHARMACY,,"Next To Marina Mall, Villa No.A21,Gate2 18Th Street Break Water Corniche Street",02-6133999
Health First Pharmacy Auh-Julphar,AUH,PHARMACY,,R-G-Ls-07 St. Regis Hotel Abu Dhabi,02-6277883
Health First Pharmacy Br 10 Auh-Julphar,AUH,PHARMACY,,"Npcc Bldg, Mussafah West 5 Section No.15 A Mussafah St",02-5588006
Health First Pharmacy Br 12-Julphar,AUH,PHARMACY,,Shop # G12 Alfalah Village 1 Al Falah City,02-6793939
Health First Pharmacy Br 13-Julphar,AUH,PHARMACY,,"Shop # 417 Deerfield Mall Albahia St, Abu Dhabi",02-5631801
Health First Pharmacy Br 18-Julphar,AUH,PHARMACY,,"Al Rahba Hospital Ground Floor Al Shahama, Al Rahba",02-5643948
Health Line Pharmacy,AUH,PHARMACY,,Flat Num 579 Baniyas East Baniyas,02-5668600
Health Plus Pharmacy L L C,AUH,PHARMACY,,Sheikh Sultan Bin Zayed Strt Abu Dhabi,02-6655422
Unmiya Pharmacy Llc,AUH,PHARMACY,,Haza Binzayed  Al Karama,02-4434450
Health Point Hospital Llc Outpt Pharmacy,AUH,HOSPITAL PHARMACY,,"Health Point Hospital Opp Zayed Stadium Inside Zayed Sports City, Airport Rd",02-4929000
Health Point Pharmacy,AUH,PHARMACY,,"Shop 1, Groud Floor C-25 Sadiaqa (Near Baskin Robin Bldg) Shabiya Street Me 9 Mussaffah",02-5590203
Health Time Pharmacy,AUH,PHARMACY,,"Bldg. 08, Plot F2C4-8, 1St Flo Al-Mafraq Industrial 2 Baniyas West",02-5554006
Heart Beat Pharmacy Llc,AUH,PHARMACY,,"5+6/Plot 103,  Sheikh Rashid Bin Saee Mushrif Area",02-4449494
Hope Pharmacy,AUH,PHARMACY,,"Gcc New Office Building,Ground Floor  Baniyas",02-5552687
Ibn Rushid Pharmacy,AUH,PHARMACY,,Nr American Eurp Mc Mohamad Na Airport Road Airport Road,02-4457727
Ideal Pharmacy,AUH,PHARMACY,,"Ground Floor Al Jimi Workers Village Apollo Medical Centre,Musaffah",02-5511786
Judy Pharmacy (Julphar Group),AUH,PHARMACY,,Bhnd Lebanese Rst Daerat Al Miyah Near Royal Spec Med Cntr Khalidiya Street Khalidiya,02-6668798
Junaid Pharmacy,AUH,PHARMACY,,Nearby Al Ahdhara Restaurant  Muzairah Street  Liwa,02-8822844
Junaid Pharmacy,AUH,PHARMACY,,Plot C313 Me 10 Mussaffah  Shabiya,02-8822844
Khalid Bin Al Waleed Pharmacy -Auh,AUH,PHARMACY,,Behind Honda Showrm Mohamed Ra Electra Street Electra Street,02-6744661
Khalifa A Health Ctr Ph-Seha,AUH,PHARMACY,,Khalifa A Khalifa A Khalifa A,02-5561695
Khyber Pharmacy,AUH,PHARMACY,,Department Of Transport Biuldi Nearby : Old Taxi Stand Baniyas West,02-5836800
Knights Pharmacy Llc (Adam And Eve),AUH,PHARMACY,,"Pink Bldg Near Royal Rose Hotel Al Salam St, Elektra St.",02-6767366
Kohat  Pharmacy Branch 1,AUH,PHARMACY,,Street No.10 Industrial Area Musaffah,02-5620488
Kohat Pharmacy,AUH,PHARMACY,,110Industrail Area Main Street: - 110Industrail A Mussafah,02-5531924
Lahore Pharmacy (Zia),AUH,PHARMACY,,"Madeena Building, Ground Floor (Near By Pathan Taxi Stand ) 28 Street Saniaya Mussafah",02-5508987
Landmark Plaza Pharmacy,AUH,PHARMACY,,Next To Salama Hosp  Hamdan Street Hamdan Street,02-6783777
Lara Pharmacy,AUH,PHARMACY,,Near Next Tower Bet Hamdan Road Hamdan Street,02-6392282
Life Care International Pharmacy Llc.Br,AUH,PHARMACY,,"Workers City, Razeen Razeen Al Watba",02-5826812
Life Care Intl Pharmacy Llc - Br 1 (Vps),AUH,PHARMACY,,Village Mall Mussafah Llh Group,02-5557747
Life Pharmacy Llc - Branch 33,AUH,PHARMACY,,"Shop No. B08/09- Basement Floor, Opposite To Carrefour Hypermarket, Marina Mall, Abu Dhabi",04-3441122
Life Pharmacy Llc Br31 Branch Of 6  Auh,AUH,PHARMACY,,Unit No. G124  Madinat Zayed Shopping Center,04-3441122
Lifecare Intl Pharmacy (Llh-Emke Gr)(Vps,AUH,PHARMACY,,Lifecare Hospital Building  Al Raha Worker Village Baniyas City,02-5557611
Lifeline Hospital Ph (Llh Brand)(Vps),AUH,HOSPITAL PHARMACY,,Al Marwatowers Muroor Road Muroor Road,02-6335522
Lifeline Ph Almusaffah (Llh-Emke Gr)(Vps,AUH,PHARMACY,,Near Musaffah Police Station 4  Musaffah,02-5557611
Lifeline Pharmacy(Llh-Emke Gr)(Vps),AUH,PHARMACY,,"Oscar Building,  Madinat Zayed",02-6335522
Liwa Hospital O.P.D Ph-Seha,AUH,HOSPITAL PHARMACY,,Western Region Western Region Western Region,02-8835000
Llh Pharmacy Almusaffah L.L.C,AUH,PHARMACY,,"Ground Flr, Km Trading 16 Street Mussafah, Sanaiya",02-4116450
Burjeel Retail Pharmacy Hamdan St,AUH,PHARMACY,,Marina Plaza Electra Street Electra Street,02-6263080
Lotus Pharmacy Llc Nmc,AUH,PHARMACY,,Prestige Tower 79 St- Near Capital  Mall Mohammad Bin Zayed City,02-5552325
Lulu Al Ain Pharmacy Llc(Docib Grp),AUH,PHARMACY,,"Lulu Hypermarket, Ground  Floor Sanaiyah",03-7212330
Lulu Alfoah Pharmacy Llc (Docib Grp),AUH,PHARMACY,,Ground Flr Lulu Hypermarket Al Foah,03-7843221
Lulu Raha Pharmacy Llc (Docib Grp),AUH,PHARMACY,,Grnd Flr Channel Stret Al Raha Area,02-5562607
Madina Zayed Al Ahlia Pharmacy (Ahalia),AUH,PHARMACY,,Salama Aali Salam Building Near To Old Market  Madinat Zayed,02-8847177
Madinat Moh Bin Zayed Healthcare Ph-Seha,AUH,PHARMACY,,Mmbz Abu Dhabi Mmbz Abu Dhabi Maqta'A,050-6738070
Madinat Zayed Hos Op-Seha,AUH,PHARMACY,,Western Region Western Region Western Region,02-8942296
Madinat Zayed Hospital Inpatient Ph-Seha,AUH,HOSPITAL PHARMACY,,Western Region Western Region Western Region,02-8942000
Mafraq Hospital Inpt Ph-Seha,AUH,HOSPITAL PHARMACY,,"Banyas Area, Al Mafraq Banyas Area, Al Mafraq Banyas Area, Al Mafraq",02-5011853
Mafraq New Dialysis Center Pharamcy-Seha,AUH,PHARMACY,,Across From Mafraq Hospital Baniyas Area Al Mafraq,02-5011111
Mansour Pharmacy,AUH,PHARMACY,,Ahmed Sultan Marta Al Halami 1St Floor Madina Zayed,02-6411345
Mansour Pharmacy Br 1,AUH,PHARMACY,,M-37 Opposite  Al-Miraj Supermarket Mussaffah,02-5500753
Marfa Hospital O.P.D Ph-Seha,AUH,HOSPITAL PHARMACY,,Western Region Western Region Western Region,02-8741666
Mariam Pharmacy (Al Wahda),AUH,PHARMACY,,Al Wahda Mall Hazza Bin Zayed Street Hazza Bin Zayed Street,02-6421043
800 Pharmacy-Marina,AUH,PHARMACY,,Ground Flr Entral Market (The Souk) Khaleefa Street,04-3466889
Marqab Pharmacy,AUH,PHARMACY,,Ground Floor M26 Musaffah Sanayya,02-5552291
Med Care Pharmacy,AUH,PHARMACY,,Al Dhafra Workers Village Musaffah South Icad 3-S 29,02-5519169
Medeor 24X7 Pharmacy - Auh (Vps),AUH,PHARMACY,,Opp: Auh Central Post Office Muroor Road Madinat Zayed,02-6900500
Medeor Pharmacy Llc (Vps),AUH,PHARMACY,,"Retail B1, Al Zeina Bldg, Beside Nandos Resto, Al Zeina, Al Raha Beach",02-6900600
Medi Life Pharmacy,AUH,PHARMACY,,Ground Floor Binsaed Strt Airort Road,02-4455668
Medical Park Pharmacy,AUH,PHARMACY,,Flat 140 W11 Medical Park One Day Surgery Center Al Bateen Street Al Bateen,02-3048888
Medical Services Admin Auh Police Ghq Ph,AUH,PHARMACY,,27Th St Al Muroor Road Police Academy Area,02-5128043
Medicina Al Falah Pharmacy,AUH,PHARMACY,,"I Mall Al Falah Village Centre5 V5,Vc Street",02-5846880
Medicina Al Muneera Pharmacy,AUH,PHARMACY,,Al Raha Beach  Almuneera Island,02-5513004
Medicina Gulf Pharmacy,AUH,PHARMACY,,Near Emke Trading  Muroor Street,02-4483454
Medicina International Pharmacy,AUH,PHARMACY,,Near Alam Supermarket  Muroor Street,02-4496744
Medicina Pharmacy,AUH,PHARMACY,,Opp Al Noor Hospital Butti Bi Khalifa Street Khalifa City,02-6264041
Medicina Pharmacy - Branch ( Ghayathi),AUH,PHARMACY,,Arada Ghayathi Ruwais Rd Ghiyathi Ghayathi Housing Proj Abu Dhabi,02-3091688
Medicina Pharmacy - Branch 9,AUH,PHARMACY,,Arizona Medical Dental Centre Al Zaab Area Al Zaab Area,02-6815025
Medicina Pharmacy Branch 1,AUH,PHARMACY,,Capital House Bldg Al Khaleej Al Arabi St Abu Dhabi,02-4416232
Medicina Pharmacy Branch 10,AUH,PHARMACY,,"Central Mall, Khalifa City A",02-5571195
Medicina Pharmacy Branch 11,AUH,PHARMACY,,Khalifa City A,02-6415691
Medicina Pharmacy Branch 13,AUH,PHARMACY,,Shop No. 1 Sari Helal Ahmed Ei Airport Road Airport Road,02-6783216
Medicina Pharmacy Branch 14,AUH,PHARMACY,,Ground Floor Retail 14 Bloom M Al Bateen Al Bateen,02-6711706
Medicina Pharmacy Branch 15,AUH,PHARMACY,,Near Skmc Hospital   Airport Road Airport Road,02-6785127
Medicina Pharmacy Branch 16,AUH,PHARMACY,,Royal Gulf Hypermarket Khalifa City B Khalifa City B,02-6736525
Medicina Pharmacy Branch 18,AUH,PHARMACY,,Shop No. 16 West Yas Plaza Yas Island Yas Island,02-5651144
Medicina Pharmacy Branch 19,AUH,PHARMACY,,Wr-04 Al Ghadeer Waha 1 Buildi Seih Al Sedeirah 4 Al Jarf,02-5837989
Medicina Pharmacy Branch 2,AUH,PHARMACY,,Imall Baniyas West,02-5501800
Medicina Pharmacy Branch 3,AUH,PHARMACY,,I Mall Al Murror.St.Al Falahi Buildin Al Murror Street,02-6440615
Medicina Pharmacy Branch 4,AUH,PHARMACY,,Imall Building Al Reem Island Amaya Tower,02-6500168
Medicina Pharmacy Branch 5,AUH,PHARMACY,,Near Majed Shaikh Hamdan  Bain Al Jessrain,02-5840477
Medicina Pharmacy Branch 6,AUH,PHARMACY,,Alfalah Villege Centre 4,02-584414
Medicina Pharmacy Branch 7,AUH,PHARMACY,,Gate City  Gate City,02-6678701
Medicina Pharmacy-Br( Alfalah Area ),AUH,PHARMACY,,Shop No. 8 Fa5 Al Khayr St. Al Abu Dhabi,02-4441715
Medicina Phbain Al Jasrain-Sole Prop,AUH,PHARMACY,,6Th Street Al Maqta Bain Al Jazrain Near Nahyan Mosque,02-5840477
Medicine Mart Pharmacy Llc,AUH,PHARMACY,,Ground Floor Opp. Armenian Church Musaffah,02-5541847
Medicine Shoppe Al Murur Pharmacy (Vps),AUH,PHARMACY,,Ytower Building Murur Road Murur Road,02-6438330
Medicine Shoppe Al Wahda Mall(Llh)(Vps),AUH,PHARMACY,,Al Wahda Mall Airport Road Airport Road,02-4437788
Medicine Shoppe Madeena Zayed Ph (Vps),AUH,PHARMACY,,Madeena Zayed Shopping Center Electra Street Electra Street,02-6588918
Medicine Shoppe Mushrif Mall Ph (Vps),AUH,PHARMACY,,"Airport Rd., Mushrif Mall Mushrif Mall",02-4470407
Medline Pharmacy,AUH,PHARMACY,,Build 16 Industrial Area Mussaffah,02-5530577
Medlux Pharmacy Llc,AUH,PHARMACY,,Near Medlux Medical Centre  Mafraq Indutrial Area Zone,02-6229722
Medmax Pharmacy Llc,AUH,PHARMACY,,Ground Floor Al Dhafra Workers Village  I Cad 3,02-4469386
Medstar Pharmacy Icad Residintal L.L.C,AUH,PHARMACY,,Musaffah Musaffah Musaffah,02-4066809
Modern Dar Al Shifa Pharmacy (Aster),AUH,PHARMACY,,Behind Dana Hotel Zayed 2Nd Street Zayed Street,02-6446100
Modern Dar Al Shifa Pharmacy Mus (Aster),AUH,PHARMACY,,"Moopens Polyclinic Building , Industriarea 9 Industriarea 9",02-5557939
Modern Pharmacy (Auh),AUH,PHARMACY,,Nr.Bank Saderat Iran   Airport Road Airport Road,02-6226646
Mubarak Pharmacy - Branch 1,AUH,PHARMACY,,"Mmc Branch 1 Bldg Al Eshoush Village, Baniyas Al Mafraq Workers City-2",02-7642914
Natural Life Pharmacy Llc-Life,AUH,PHARMACY,,"Dalma Mall, Second Floor Abu Dhabi Abu Dhabi",02-5535528
New Abu Dhabi Pharmacy (Ahalia Grp),AUH,PHARMACY,,"Apco Building,Nearby Adnoc Petrol Bunk Falah Street Falah Street",02-6777625
New Al Daman Pharmacy,AUH,PHARMACY,,Hamdan Centre Hamdan Road Hamdan Street,02-6216700
New Al Wathba Pharmacy (Julphar Grp),AUH,PHARMACY,,Beside Commercial Bank Of Abu Dhabi Baniyas Street Baniyas Street,02-5823656
New Amrita Pharmacy,AUH,PHARMACY,,"Al Naser Street Villa No 4, Corniche Garden Zayed Street Zayed Street",02-6661555
New Bin Sina Pharmacy (Alphamed),AUH,PHARMACY,,Near Mexican City   Khalifa City,02-5562140
New Land Mark Pharmacy,AUH,PHARMACY,,Dalma Center Building Nr Uae Exhange Ctr Hamdan Road  Hamdan Street,02-6316886
New National Medical Center Ph (Avivo),AUH,PHARMACY,,Building No 37 Sector 10 Musaffah,02-5520100
New Pharmacy Co. Wll (Nmc),AUH,PHARMACY,,Nmc Tower Electra Street Electra Street,02-6322379
New Pharmacy Company W L L- Branch 8,AUH,PHARMACY,,Nmc Royal Mc Bldg Opp. Deerfields Mall Shamamah,02-8859403
New Pharmacy Company Wll Branch 2,AUH,PHARMACY,,Nmc Royal Hospital - Main Entr 16Th Street Khalifa City,02-2035021
New Pharmacy Company Wll- Branch 7,AUH,PHARMACY,,Near International Community S Nmc Royal Medical Centre Bldg Al Karama,02-6144951
Nidham Ghayathy Pharmacy,AUH,PHARMACY,,Groud Floor P 74 Main Street Al Ghayahthi,02-8741791
Nmc Pharmacy (Nmc),AUH,PHARMACY,,Nmc Speciality Hospital Buildi Airport Road Airport Road,02-6324488
N M C Pharmacy - Branch 1,AUH,PHARMACY,,Nmc Hospital Electra Street,02-6179143
Noor Al Shifa Pharmacy,AUH,PHARMACY,,"Sector 41 Plot No C57,Ground Floor Muroor Road",050-3255663
Noor Alahli Pharmacy - Branch 2,AUH,PHARMACY,,"M-9, Shabiya Near Safeer Mall, Musaffah",02-5530368
Noor Alahli Pharmacy - Branch 3,AUH,PHARMACY,,"Ground Flr  Near Ahalia Hospital, Sector 6 Abu Dhabi",02-5530368
Noor Alahli Pharmacy - Branch 4,AUH,PHARMACY,,"Noor Alahlimc Near Baniyas Court, Baniyas West",02-5530368
Noor Alahli Pharmacy - Branch 5,AUH,PHARMACY,,"Baniyas West  Near Dar-Al-Uloom School,  Baniyas,",02-5530368
Noor Alahli Pharmacy - Branch 6,AUH,PHARMACY,,"Noor Alahli Mc Opposite Home Center,  Hamdan St",02-5530368
Noor Alahli Pharmacy - Branch 7,AUH,PHARMACY,,"Ground Floor Hamdan Street,  Abu Dhabi",02-5530368
Noor Alahli Pharmacy Branch1(Ahalia Grp,AUH,PHARMACY,,Madina Mall Icad Rescidential City Musaffah,02-8119119
Olive Pharmacy,AUH,PHARMACY,,Behind Dubai Islamic Bank Al Dhafeer St,02-6742589
Oxford Pharmacy,AUH,PHARMACY,,Mohammed Saeed Al Mehair Build Muroor Road Muroor Road,02-4489191
Pattaya Pharmacy,AUH,PHARMACY,,Rashid Khadm Al Muhayri  Icad Mussafa Industrial Area Mussafah 37,02-5551335
Pharmacy The Specialist Diabetes,AUH,PHARMACY,,Healthpoint Hospital Zayed Sports City Saif Ghobash Street,02-4040800
Planet Pharmacy-Bandar Mall-Julphar,AUH,PHARMACY,,Bandar Mall Raha Beach Road Raha Beach Road,02-5577611
Pride Pharmacy,AUH,PHARMACY,,"Ground Floor,Ubaid Thani Gumma Near K M Trading,Street No. 6 Sanaiya",03-7998706
Althiqa Elite Pharmacy LLC SPC,AUH,PHARMACY,,No. C-35 Mezar Salem Building Falah Street Falah Street,02-6280380
Rainbow City Pharmacy,AUH,PHARMACY,,Sector M4 Plot P11  Sector M4,02-5542322
Real 7 Pharmacy Dmcc (Branch),AUH,PHARMACY,,Unit No. M032 Groundfloor  Masdar City,04-3441122
Royal International Pharmacy,AUH,PHARMACY,,Elenco Building Beside Lulu Exchange Al Mafraq,02-5833735
Royal Pharmacy - Auh (Julphar Grp Of Phy,AUH,PHARMACY,,Bhd.Choithram Zayed El Awstreet Khalidiya,02-6666427
Al Dhannah Hospital Pharmacy,AUH,HOSPITAL PHARMACY,,Y-249 Ruwais Housing Ruwais,02-6027749
Saad Pharmacy-Auh,AUH,PHARMACY,,"Al Yousuf Centre Pizza Hut Building Najda Rd, Hamdan St",02-6277332
Sahara Pharmacy Llc,AUH,PHARMACY,,M44 Musaffah Industrial Area Musaffah,02-5556392
Sama Al Shamkha Pharmacy,AUH,PHARMACY,,"42,43 Floor, Near Al Qima School Al Shamkha",02-5566449
Sands Pharmacy - Auh,AUH,PHARMACY,,Golden Sands Ctr Building Falah Street Falah Street,02-6425688
Sarhad Pharmacy,AUH,PHARMACY,,Sheikh Hamdan Building Shop No 17 Street Saniaya Mussafah,02-5544887
Sas Al Nakhl Pharmacy,AUH,PHARMACY,,International Airport Road  Abudhabi,02-6023882
Sea City Pharmacy,AUH,PHARMACY,,Golden Choice Medical Building M/17 Musafah Sanayya Sanayya,055-7217122
Sea City Pharmacy - Musafah,AUH,PHARMACY,,Noor Al Shifa Medical Center Bldg. Dubai - Mafraq Road New  New Shahama,02-5528801
Seha Emirates Pharmacy (Dublin),AUH,PHARMACY,,"Villa 1,2,3,Block No 37East Emirates School ,Delma Street Nahyan Camp",02-4451669
Select Pharmacy,AUH,PHARMACY,,Near Lal Market Zone M10 Mussafah  Industrial Area,02-5540446
Shahama  Health Ctr Ph-Seha,AUH,PHARMACY,,Shahama Shahama Shahama,02-5632599
Sheikh Shakhbout Medical City Outpatient,AUH,PHARMACY,,Al Mafraq  Al Mafraq,800-50
Sila Hospital In Patient Pharmacy-Seha,AUH,HOSPITAL PHARMACY,,"Al Gharbia Hospitals Old Hosp Bldg, Mohd Kalaf Almazrouei St Madinat Zayed",02-8070000
Sila Hospital O.P.D Ph-Seha,AUH,HOSPITAL PHARMACY,,Western Region Western Region Western Region,02-8844444
Sir Baniyas Clinic Pharmacy,AUH,PHARMACY,,Bani Yas   Abu Dhabi,02-8070000
Skmc Drug Store-Seha,AUH,PHARMACY,,Karama St Karama St Karama St,02-6104491
Sky Community Pharmacy (Chs),AUH,PHARMACY,,Ground Flr Sun &Sky Tower Boutik Mall Al Reem Island,02-6760880
Smart Health Pharmacy,AUH,PHARMACY,,"G03 Near Parco Hyper Market, Labor Camp 2, Mafraq  Baniyas West",02-5851800
Star Al Ahalia Pharmacy,AUH,PHARMACY,,"Build. No:- C76 Near To Gayathi Market Tariff Road,Gayathi",02-8119119
Super Care Al Salam Pharmacy,AUH,PHARMACY,,"C 231 Mussaffah, Commercial East  Mussaffah",02-5528119
Supercare Pharmacy-Branch Of Abu Dhabi 2,AUH,PHARMACY,,Dalma Mall  Al Mussaffah,02-6653350
Supercare Pharmacy-Branch Of Abu Dhabi 3,AUH,PHARMACY,,Al Reef Community  Al Shhama,02-5821044
Swat Pharmacy,AUH,PHARMACY,,Near Gulf Garden M40 Sanaiya,02-5546799
Swedish Medical Center Pharmacy Llc,AUH,PHARMACY,,Villa # 1 Op Khalidia Khalid,02-6811122
Taha Pharmacy,AUH,PHARMACY,,Fatima Supermarket Central  Alfalah Street Falah Street,02-6343447
The Chemist Shop Pharmacy- Sole Proprietorship L.L.C.,AUH,PHARMACY,,Villa836 Opp Embasy China Almaharbah,02-4430440
Top Care Pharmacy,AUH,PHARMACY,,"Block 13,Nearby Topcare Medica Industtricity Icad Residenticity",02-5500625
Top Care Pharmacy Branch 1,AUH,PHARMACY,,Al Madina Hypermarket Bldg Icad Residential City Abu Dhabi,02-5500620
Town Life Pharmacy Llc,AUH,PHARMACY,,Unit No Ra18  Opp. Abu Dhabi Coop,04-3441122
Ultra Care Pharmacy,AUH,PHARMACY,,Near Khalifa Hospital  Karama Street Karama,02-4434700
Unique Al Ahalia Pharmacy,AUH,PHARMACY,,"Salah Alamri Building Near To Red Cresent Me-10,Musaffah",02-5595441
Unique Al Ahalia Pharmacy - Branch 1,AUH,PHARMACY,,Rashid Al Hamili Building Near To Red Cresent Hamdan Street,02-5595441
Unique Al Ahalia Pharmacy - Branch 2,AUH,PHARMACY,,Delma Street  Airport Road,02-6410039
Unique Care Pharmacy,AUH,PHARMACY,,Ahmed Hamd Hameed Alsuwaidi Bldg Ground Floor 10 Street (M13) Mussaffah Industrial Area,02-5535582
Vivid Pharmacy Llc,AUH,PHARMACY,,Shk Fatima Bint Mubarak Shop 4 Mbz Shabia Khalifa Musaffah,02-5546259
Well Care Pharmacy-Medicina,AUH,PHARMACY,,Behind Honda Show Room  Electra Road,02-6779888
Wellness Pharmacy Llc,AUH,PHARMACY,,"Bldg111,Near Sheikh Khalifa Arab Pak School Dihan St, Muroor",02-6422424
Western Towers Al Ahalia Pharmacy,AUH,PHARMACY,,Shop No 10 Tarif Liva Road Madina Zayed,02-5595441
Zafaranah Family Medicine Clinic Ph-Seha,AUH,PHARMACY,,Al Karama Road Al Karama Road Al Karama Road,02-8191108
Zanbaq Al Madina Pharmacy L.L.C(Nmcauh),AUH,PHARMACY,,Opp Icad Residential2 Icad Area40 Mussafah,02-5504333
Zia Pharmacy (Zia),AUH,PHARMACY,,Opp. Shabia Khalifa Bridge Nea Shabiya Khalifa Shabiyah,02-5529220
Zirku Pharmacy,AUH,PHARMACY,,Zirku Island  Zirku Island,02-6023882
Elyzee Pharmacy,AUH,PHARMACY,,AL Barjel St Al Mushrif,02-5664299
Aspen Dental Polyclinic Llc,AUH,CLINIC,,101 Al Ansari Exchange Bldg Khalifa Street Abu Dhabi,02-6730013
Universal Specialty Medical Center L.L.C,AUH,CLINIC,,Gf Bldg C150 Shabiya Mohammed Bin Zayed City Abu Dhabi,02-5524425
Venus Pharmacy,AUH,PHARMACY,,Gf Bldg C150 Shabiya Mohammed Bin Zayed City Abu Dhabi,02-5524429
Adria Medical Center,AUH,CLINIC,,"Zone 5,Villa 79 Near Mazyad Mall Mohammedbinzayed",02-5551551
Public Health Pharmacy L.L.C,AUH,PHARMACY,,Hop No 2B Plot No F2C4_1 Magenta Pearl Village Al Mafraq Industrial 2 Chinacp,02-6678668
Al Maqam Pharmacy,AUH,PHARMACY,,Gf Hamad Suhail Creak Outlet Zayed Bin Sultan Street Town Centre,03-7681188
Ah Care Pharmacy,AUH,PHARMACY,,Near Doha Bank Al Najda Street Al Najda,02-5465599
Droncall Ltd,AUH,CLINIC,,"14Th Floor, Doh Healthtechhub Al Khatem Tower Al Maryah Island",050-6474488
Burjeel Medical City Pharmacy,AUH,PHARMACY,,28Th Street Mohamed Bin Zayed City Musaffah,02-7773333
Bareen International Hospital,AUH,HOSPITAL,,Opp Fatima Bent Mubarak Mosque Mohammad Bin Zayed Road Abu Dhabi,02-5545555
Al Haneen Pharmacy -Yas Grp,AUH,PHARMACY,,Cwrc- Al Rayan Al Mafraq Workers City,02-5463531
Infinti Medical Center,AUH,CLINIC,,Flat 198 Gf Al Wadi Bldg. Al Dhafra Road Sanaiya Industrial Area,02-8882622
Alma Health Care,AUH,CLINIC,,Al Khatem Tower 14Th Floor Al Maryah Island,02-5465599
Amwaj Medical Center,AUH,CLINIC,,Bldg 1729 2Nd Floor Rashid Bin Butty Bish Khalifa Street,02-6273888
Supercare Pharmacy Br Abu Dhabi 5,AUH,PHARMACY,,Al Wahda Mall Al Wahda Mall Area Al Asalah Street,04-3504500
Saba Medical Center,AUH,CLINIC,,14Th St M37 Industrial Area Mussafah,02-5523300
Saba Pharmacy Llc,AUH,PHARMACY,,14Th St. M37 Industrial Area Mussafah,02-5523300
Life Pharmacy Abu Dhabi 1,AUH,PHARMACY,,Shop S002 Meena Area Plot C 51 Silverwave Tower Al Zahiyah,04-3441122
Life Pharmacy Abu Dhabi 18,AUH,PHARMACY,,Unit 3 And 4 Mermaid Tower Al Khalidiya,04-3441122
Life Pharmacy Abu Dhabi 17,AUH,PHARMACY,,Unit 1 View Tower Sultan Bin Zayed 1St St,04-3441122
Life Pharmacy Abu Dhabi 25,AUH,PHARMACY,,Unit Dt-R3 Al Reef 1 Community Retail Al Reef Down Town,04-3441122
Life Pharmacy Abu Dhabi 29,AUH,PHARMACY,,Showroom 1 Sea Face Tower Al Reem Island,04-3441122
Supercare Pharmacy Br 4 Abu Dhabi Mall,AUH,PHARMACY,,Gf Abu Dhabi Mall Al Zahiya,04-3504500
Rivoli Eyezone - Khalidiya Mall ( Magrabi),AUH,OPTICAL,,"103, Ground Floor Khalidiya Mall",02-6581267
Rivoli Eyezone  Al Wahda Mall ( Magrabi),AUH,OPTICAL,,1St Flr Next To Hourchoice Al Wahda Mall Al Asalah St,02-4417090
"Rivoli Eyezone - Galleria Mall, Auh ( Magrabi)",AUH,OPTICAL,,"258A, Second Floor Near Food Court Galleria Mall",02-6797378
Rivoli Eyezone  Marina Mall Auh ( Magrabi),AUH,OPTICAL,,Gd Gf Main Entrance Marina Mall Szr Al Marina,02-6819330
Rivoli Eyezone  Dalma Mall  Magrabi),AUH,OPTICAL,,Gf Next To 2Xl Dalma Mall Al Wazn St. Icad 1,02-5503155
Rivoli Eyezone - Bawabat Al Sharq ( Magrabi),AUH,OPTICAL,,"Ra037, First Floor Near Aldo Accessories Bawabat Al Sharq Mall",02-5821819
Rivoli Eyezone - Yas Mall ( Magrabi),AUH,OPTICAL,,"G-114, Ground Floor Near Costa Coffee, Unit No. G1 Ground Floor; Yas Mall",02-6717067
Rivoli Eyezone Al Wahda Gf (Magrabi),AUH,OPTICAL,,Gf Opp/. Crocs Al Wahda Mall Al Asalah St,02-5647032
Medicina Pharmacy Branch 17,AUH,PHARMACY,,"Shop B2 Al Ghabat, Baniyas East Baniyas",04-3450503
Health Plus Family Health Center Br 2,AUH,CLINIC,,C8 Sdn1 Jawaher Community Cent Cutural District Al Saadiyat,02-6433494
Macani Medical Center,AUH,CLINIC,,Al Montanzah Tower  Al Khalidiya,02-6107777
Dentcare Centre Branch 1,AUH,DENTAL,,Al Murjan Tower Off. 9 M Flr 31St Dhafeer St. Murror,02-4432525
Cosmesurge & Emirates Hospital Pharmacy,AUH,HOSPITAL PHARMACY,,"St.13, Delma & Karama Intersec Opp Public Works Dept. Delma & Karama Intersection",04-3445915
Al Razi City Medical Center Llc,AUH,CLINIC,,Mezzanine 01 Awfaw Building Elektra St. Khalidiya,02-6224431
Star Key Hearing Rehab Center,AUH,CLINIC,,Villa 151 Opposite Al Fursan Village Khalifa City,600-502039
Smart Pharmacy,AUH,PHARMACY,,Gf C31 55Th Street Mussafah,02-5592460
Tajmeel Kids Park Medical Centre L.L.C.,AUH,CLINIC,,G Floor Fun Zone Emirates Park Near Emirates Park Zoo Al Shahama,02-5646500
Supercare Pharmacy Al Muneera,AUH,PHARMACY,,Shop-B106 Al Rahah St. Al Muneera Island,04-3504500
Supercare Pharmacy Yas Mall,AUH,PHARMACY,,Shop G039 Yas Mall Al Atahri St Yas Island,02-6220988
Al Abeer Medical Center Day Surgery Unit,AUH,DAY CARE,,200; F-2; Hypermarket Building Najda Street Najda Street,02-6330440
Barraquer Eye Hospital,DXB,HOSPITAL,,Dubai Healthcare City Phase 2 Al Jadaf,04-5739999
M 26 Medical Center,AUH,CLINIC,,Plot 94 Kada Rest Street 1 Mussafah,02-8867789
Sama Tabrizi Dentistry Br Auh,AUH,DENTAL,,104 Emirates Red Crescent Ministry Complex Khalifa Park,02-5833328
Al Abeer Pharmacy,AUH,PHARMACY,,Hypermarket Building Najda Street Najda Street,02-6314400
Clinix Pharmacy,AUH,PHARMACY,,Lazat Rest Street 1 Mussafah,02-5530240
Life Pharmacy Llc Branch 42,AUH,PHARMACY,,"Shop 2, Adnoc Service Stn Officer City 950 Rabdan",04-3441122
Life Pharmacy Al Falah Village,AUH,PHARMACY,,Shop V3 Al Falah Village Neighbourhod Center,04-3441122
Life Pharmacy Airport Road,AUH,PHARMACY,,Gf-Sh5 Al Hamra Bldg. Airport Road,04-3441122
M 26 Pharmacy,AUH,PHARMACY,,Plot 94 Kada Rest. Street 1 Mussafah,02-8867789
Life Pharmacy Br 44 Al Zahiyah,AUH,PHARMACY,,Shop 1 Plot C12 Bldg. 266 Al Zahiyah,04-3441122
Life Pharmacy Br Abu Dhabi 5,AUH,PHARMACY,,Shop No. 2 G02 W 14-2 Bldg. Near Emirates Discount Market Al Danah,04-3441122
Life Pharmacy Br Abu Dhabi 9,AUH,PHARMACY,,Sheikha Salama Bldg.Shop 1 Near Discount Al Danah,04-3441122
Life Pharmacy Br 10,AUH,PHARMACY,,S2 P C22 Darwish Bin Ahmed Bld Electra Street,04-3441122
Life Pharmacy Br 17 Al Jimi,AUH,PHARMACY,,Gf Shop 1 Plot C29-C42 Al Jimi Avenue Al Bateen,04-3441122
Aster Pharmacies Br Abu Dhabi 10,AUH,PHARMACY,,Heirs Of Darwish Bin Ahmed Bld Zayed 1St Electra Street,02-8868770
Aster Pharmacies  Auh Br 9,AUH,PHARMACY,,Sgop 2 Bldg. 139 Al Wathiq St. Sultan Bin Zayed Muroor Road,02-8869464
Aster Pharmacies Auh Br 11,AUH,PHARMACY,,Shop 2 Bldg 193 Sector E18 01 Next To Adnoc Petrol Stn Airport Road,02-6274688
Sheikh Khalifa Medical City Dialysis-Seha,AUH,CLINIC,,Karama Street  Abu Dhabi City,02-5012925
Perfect Balance Rehabilitation Centre,AUH,CLINIC,,Tamouh Tower Bldg 12 Marina Square Al Reem Island,02-4413316
Lifecare Clinic Br 3,AUH,CLINIC,,Block G  Gf 19A Tasameem Workers City Mussafah West 5,02-5503034
Al Khaja Medical Center,AUH,CLINIC,,Al Seeri Bldg. Rm 1 Al Durri St. Al Danah,02-6720048
Burjeel Pharmacy Al Dhafra Mall,AUH,PHARMACY,,Al Sara St. Ugf Al Dhafra Mall Al Dhafra West Region,02-8848989
Ibn Sina Pharmacy Br 6,AUH,PHARMACY,,2Nd Flr Dalma Mall Al Wazn St. Abu Dhabi Industrial City-Icad,02-5512138
Ibn Sina Pharmacy Br 5,AUH,PHARMACY,,Gf Dalma Mall Al Wazn St Abu Dhabi Industial City-Icad,02-5512385
Ibn Sina Pharmacy Br 12,AUH,PHARMACY,,Gf Paragon Bay Mall Bin Zayed 1St Jazeerat Al Reem,02-6585203
Ibn Sina Pharmacy Br 8,AUH,PHARMACY,,Spar Supermrkt Al Ahalia Tower Zayed 1St St. Al Khalidiyah,02-6395246
Ibn Sina Pharmacy Br 11,AUH,PHARMACY,,1St Flr Hili Mall Baniyas St. Hili Mall,03-7843975
Ibn Sina Pharmacy Br 17,AUH,PHARMACY,,Al Falah Village 2 Al Falah Dr Al Khouwtha St. Al Falah,02-5669135
Ibn Sina Pharmacy Br Npcc,AUH,PHARMACY,,Npcc Private Area Near Fab Bank Mussafa-Icad 1,02-5550302
Ibn Sina Pharmacy Al Corniche,AUH,PHARMACY,,P1 Etihad Towers  A Corniche West Street Etihad Towers,02-6210405
M37 Pharmacy,AUH,PHARMACY,,Ali Hassan Super Market M37 Musaffah Mussafah,02-2465436
Nexthealth Pharmacy,AUH,PHARMACY,,"205, F Floor, Hameem Mall Al Salam City Area Al Dhafra Region",02-5555369
Al Reem Hospital Pharmacy,AUH,HOSPITAL PHARMACY,,Opp Sorbone University Jazeerath Reem Island,02-8152000
Sheikh Khalifa Medical City In-P-Ph-Seha,AUH,HOSPITAL PHARMACY,,Al Karama St Al Karama St Al Karama St,02-8192154
Ch Inpatient Pharmacy-Seha,AUH,HOSPITAL PHARMACY,,Abu Dhabi,02-5632599
Life Pharmacy Br 2 Mina Center,AUH,PHARMACY,,Shop 2 Mina Center Al Suhiliyah St. Al Mina,04-3441122
Life Pharmacy Br 7 Bloom Gardens,AUH,PHARMACY,,Retail 3B Gf Bloom Garden Khalifa Bin Zayed St. E6 Al Dana,04-3441122
Life Pharmacy Br 8,AUH,PHARMACY,,Unit F05 1St Floor Armed Forces Coop Society Al Maqta,04-3441122
Life Pharmacy Br 19,AUH,PHARMACY,,Shop 1 Adcp Bldg Al Salam St. Al Zahiya,04-3441122
Life Pharmacy Br 21 Farah Tower,AUH,PHARMACY,,Shop 1 Adcp Bldg. Farah Tower E16-01 Al Zahiya,04-3441122
Life Pharmacy Br 14 Al Falah Plaza,AUH,PHARMACY,,Shop 3 Al Falah Plaza E18-02 Al Jidaf St,04-3441122
Life Pharmacy Br 13,AUH,PHARMACY,,Shop 1  Al Baloushi Tower E16 Al Zahiyah,04-3441122
Life Pharmacy Br 96 Hamdan Main St.,AUH,PHARMACY,,Shop 14 Bait Al Sanan Muqanab St. Bait Al Sanan,04-3441122
Life Pharmacy  Br 15,AUH,PHARMACY,,"Shop No: 01, 02, & 03, C10 Building",04-3441122
Life Pharmacy  Br 57,AUH,PHARMACY,,"Shop No#4,C15,Al Zahiya,Tourist Club",04-3441122
Life Pharmacy  Br 32,AUH,PHARMACY,,"C-20 Building (Middle East Optical Building), Navy Gate Area",04-3441122
Life Pharmacy  Br 56,AUH,PHARMACY,,"Shop No#2&3,Souk Street,Al Shahama Street",04-3441122
Life Pharmacy  Br 58,AUH,PHARMACY,,"Unit No G25,Ground Floor,Mazyad Mall",04-3441122
Life Pharmacy  Br 27,AUH,PHARMACY,,"Shop No: Ff027, 028, & Ff Ds07 B, Dalma Mall, (Opposite Mussafah Community, Icad 1),",04-3441122
Life Pharmacy  Br 51,AUH,PHARMACY,,"C88 Building, Aradah Street, Al Nahyan",04-3441122
Life Pharmacy  Br 33,AUH,PHARMACY,,"C172 Building ( P/1236 Adcp),Shop No 7&8,Me 9 Mussafah",04-3441122
Life Pharmacy  Br 46,AUH,PHARMACY,,"Shop No Mu 06,Muroor Complex,Al Saadah",04-3441122
Life Pharmacy  Br 53,AUH,PHARMACY,,"Shop No 2,C13 Building,Zeina Community,Al Raha Beach",04-3441122
Life Pharmacy  Br 24,AUH,PHARMACY,,"Shop No 1,Plot C161,Sector Me-9,Abdulla Ali Yateem Bilding,Old Royal Bite",04-3441122
Life Pharmacy Br Baniyas Tower,AUH,PHARMACY,,"Shop No 1 ,Baniyas Tower,  Khalidiya Area",04-3441122
Life Pharmacy  Br 49,AUH,PHARMACY,,"Shop No: 07, Abu Dhabi Cooperative Society, Spar",04-3441122
Life Pharmacy  Br 40,AUH,PHARMACY,,"Al Nahyan, Oasis Super Market",04-3441122
London Consulting Medical Center,AUH,CLINIC,,Vill 253 Khalifa Bin Shakbout St Al Khalidiyah,02-6261661
White Pharmacy,AUH,PHARMACY,,Al Shurk Mosque Al Qunout 2 St M16 Mussaffah,02-5464365
Nahdi Pharmacy Yas Mall,AUH,PHARMACY,,Shop 108 Gf Yas Mall Yas Island,050-1062070
Nahdi Pharmacy Dalma Mall,AUH,PHARMACY,,Shop 70 Dalma Mall Mussafah,050-1273314
Maghribi Optical - Auh Mall (Magrabi) (( Reimbursement only),AUH,OPTICAL,,"Unit # D25, 3Rd Floor, Abu Dhabi Mall",02-6444403
Magrabi Optical - Bawbat (Magrabi) ( Reimbursement only),AUH,OPTICAL,,"1St Floor, Unit R A 041 Bawbat Al Shareq Banyas",02-5864339
Magrabi Optical - Wtc (Magrabi)  (Reimbursement only),AUH,OPTICAL,,Store# 07 Level Lg Abu Dhabi World Trade Center,02-6344267
Magrabi Optical - Galleria (Magrabi) ( Reimbursement only),AUH,OPTICAL,,Store# Su-224 Level 2 Sowwah Square,02-6711961
Al Tadamon Medical Centre,AUH,CLINIC,,Icad Residential City Shop 18-19 Gf Opposite Al Fardan Exchange Mussafa Abu Dhabi Po Box 10541,02-5636799
Al Anqood Pharmacy,AUH,PHARMACY,,Al Wahdi Bldg Lakhweerah St Industrial Area,02-8845355
Canadian Medical& Rehabilation Center,AUH,CLINIC,,A Villa 9 12Th  Street Khalifa City,02-5558888
Al Ameen Medical Center Llc,AUH,CLINIC,,"M Floor, Bldg No 3 Najda Street Btwn Al Maha & Wearmart",02-6339724
Al Ameen Medical Center,AUH,CLINIC,,"Office # 103, 1St Floor, Nasse Electra Street Electra Street",02-6339722
Al Marina Pharmacy Llc,AUH,PHARMACY,,Najda Street,02-6343454
Al Marina Pharmacy Llc Branch 1,AUH,PHARMACY,,Near Old Fresh Bangla Supermarket Musaffah 37 Industrial Area,02-5503115
Aster Pharmacy Auh 3 Al Danah,AUH,PHARMACY,,Shop 3 C57 Darwish Bldg Al Fala St Al Dana East,02-5858396
Aster Pharmacy Auh 14,AUH,PHARMACY,,721 Meraiki Trading Bldg. Hamdan Bin Mohammed St Al Danah,02-6350204
Makeen Pharmacy,AUH,PHARMACY,,Al Maham Scaffolding LLC Bldg Al Kawakib St Mussafah Indutrial Area,02-5827696
Al Khazna Health Medical center,AUH,CLINIC,,Al Khazna 1 Building # 03 Al Khazna Al Ain,02-5584609
Al Khazna Health Pharmacy,AUH,PHARMACY,,Building no 3 Main street 1 Al Khazna Al Ain,02-8869238
Mediclinic AlNoor Pharmacy Reem Mall,AUH,PHARMACY,,Alzawiyah St Al Reem Island Al Reem,02-4126110
Mediclinic Hospital Clinic Reem Mall,AUH,CLINIC,,Alzawiyah St Al Reem Island Al Reem,02-4126110
Prime London Pharmacy,AUH,PHARMACY,,Villa 253 Khalifa Bin Shakbout St Al Khalidiyah,02-6261661
Life Pharmacy Br 6,AUH,PHARMACY,,634 C1 Bldg Sector 33 Khalifa City,04-3441122
Al Kalma Wellbeing Centre Llc,AUH,CLINIC,,Flat # 17 King Abdullah Bin Alabdulaziz Al Saud St Al Bateen,02-6518111
Grow & Glow Medclinic LLC,AUH,CLINIC,,Hamood Al Yasi Bldg No 26 M Floor New Shahama,02-6398331
Aster Pharmacy Group Br of Abu Dhabi 16,AUH,PHARMACY,,105 G Floor Salahuddeen Al Ayoubi St Central District Al Ain,03-7342126
Aster Pharmacy Group  Br of Abu Dhabi 17,AUH,PHARMACY,,G Floor FF 123 Dalma Mall Al Wazn St Abu Dhabi Industrial City ICAD,02-5620147
Diversified Integrated Medical Center,AUH,CLINIC,,Building No 4 First Floor Al Bateen Sector W12 Sheikha Fatima Park,02-4094839
Behavioural Science Pavilon-Seha (No Dental Services On Direct Billing),AUH,HOSPITAL,,Karama Street,02-8190000
Burjeel Hospital (Vps),AUH,HOSPITAL,,Near Shabia Police Station Najada Street Najada Street,02-2222332
Aaliyah Medical Center (Aah),AJM,CLINIC,,"Shop # 209-210, 2Nd Floor, Cit Sheikh Rashid Bin Humaid Nuaim Bustan",06-7475599
Abdul Aziz Medical Centre,AJM,CLINIC,,Al Salam Building  F Block Al Hamidiya,06-7310722
Access Medical Centre (Aster),AJM,CLINIC,,Near Nesto Hypermarket Al Hamrain Souq Ajman Industrial Area 1,06-7404778
Advanced Medical Centre - Ajman-Kmc,AJM,CLINIC,,"Flat # 202,2Nd F,Citymart Buil Sheikh Rashid Bin Humaid Stree Bustan",06-7459969
Ajman Medical Centre Llc,AJM,CLINIC,,"Al Zahra Bldg 1St Floor, New Industrial 1 Ar Ajman",06-7430088
Al Bustan Medical Clinic,AJM,CLINIC,,"Uaeexchangebuilding Near China Mall, Jurf",06-748822
Al Dhuha Medical Centre,AJM,CLINIC,,"Nearby Nissan Showroom, Opposite Ajman One Towers,  Shaikh Rashid Bin Humaid St Rumailah",06-740-5633
Al Gharafa Medical Centre,AJM,CLINIC,,3Rd Flooral Karama Plaz Abank Sheikh Abdullah Bin Rashid Nua Bustan,06-7448322
Al Helal Polyclinic,AJM,CLINIC,,Flat # 5 & 61St Floor Hamid Bu Usman Bin Alfan Road Karama,06-7446359
Al Hemaya General Clinic L.L.C,AJM,CLINIC,,1St Floor Al Hemaya General Cl Near Lulu Exchange Al Jurf,06-7498811
Al Jurf Medical Center,AJM,CLINIC,,Jurf 3 Bldg. 105 & 106 Beside Muroor Opp. Ajman Univ Al Jurf,06-7499766
Al Nahrain Specialty Medical Center,AJM,CLINIC,,601-605 Sky Tower Building Sheikh Khalifa Bin Zayed Road Nuaimiya,06-744-9144
Al Nuaimia Medical Center (Sanaiya),AJM,CLINIC,,New Industrial Area Above Baghdad Supermarket Ajman,06-7432292
Al Rafi Clinic,AJM,CLINIC,,Danemcomplex Near Mufleha Supermarket Jurf Industrial Area 2,06-7432844
Al Rukn Medical Center,AJM,CLINIC,,"Ajman Bank Bldg. , Al Rashidiya 3 Room 101-106 Al Zaheer Street Al Rashediya3",06-7482005
Al Sanaiya Clinic (Sanaiya),AJM,CLINIC,,Al Jerf Above Metro Restaurant Opp Ajm Korea Factory,06-7484078
Al Shrooq Polyclinic,AJM,CLINIC,,Al Karama Plazafloor 1Flat 104 Sheikh Rashid Bin Humaid Nuaim Bustan,06-7455688
Alain Medical Center,AJM,CLINIC,,Alainsupermarketbuilding Al Nuimia Al Nuimia,06-7406661
Amina Medical Center Llc,AJM,CLINIC,,Amina Medical Centre Blgd Behind Ajman University Al Jurf 1,06-7033778
Aster Medical Center( Moopens) Ajman,AJM,CLINIC,,Opp Adnoc Petrol Station Sheikh Khalifa Bin Zayed Street Nuaimiyah,06-7314799
Aster Specialist Medical Center,AJM,CLINIC,,"Al Manar Tower Sheikh Rashid Bin Humeed Strt Al Swan, Rashidia-3, Ajman",06-5308057
Aura Medical Center L.L.C,AJM,CLINIC,,Behind Ajman Jurf Jail Jurf 2 Industrail Area Ajman Jurf,06-5265455
City Medical Centre,AJM,CLINIC,,106 Al Madeena Tower Livara Rashid Bin Humaid St Al Nakhil,06-7441882
Clinica Medical Center Llc,AJM,CLINIC,,13 Flamingo Villas Al Ehihad Road Al Zora,06-5619607
Elaj Medical Centre,AJM,CLINIC,,Ajman Fort Building Sheikh Rashid Bin Humaid Stree Rumailah,06-7418880
Emirates Private Medical Center,AJM,CLINIC,,"Nuimiya Building,Emirates Gas Road,New Industrial Area,Ajman",06-7486177
Eve Medical Center L.L.C,AJM,CLINIC,,Jasmin Building Opp New Immigration Office Al Jurf,06-7498042
Family Medical Clinic (Aah),AJM,CLINIC,,"Office # 04 & 05, Ground Floor Muctam Street Hamidiya Main Ro Zahra",06-7434800
Golden Star Medical Center,AJM,CLINIC,,Noor Building Beside Ajman One Tower Rashediya 3,06-5544478
Hala Medical Center,AJM,CLINIC,,Alnayfah Tower P5 Al Itthihad Industrial Area 2,06-7709000
Ibn Sina Medical Centre (Aah),AJM,CLINIC,,Near Nbd Bldg Quds Street Sawan,06-7457755
International Specialists Medical Centre,AJM,CLINIC,,Shafiq Building Kuwait Street Nuaimiyah,06-7463400
Khalid Lala Medical Clinic Llc,AJM,CLINIC,,Camp Salam Ground Jeddah Street Jurf,06-7483485
Khalid Medical Clinic (Khalid General),AJM,CLINIC,,Rawabi 2 Bldg Shk Kfa Bin Za Nuaimia 3,06-5556303
Maple Medical Center Llc,AJM,CLINIC,,Al Salam Street  Rawda-3,06-7481778
Mariam Dental Center,AJM,CLINIC,,9; F-2 Abdul Amin Building Quds Street Sawan,06-7445696
Metro Medical Centre Ajman,AJM,CLINIC,,Flat 3&4 Badar Building Shaik Khalifa Bin Zayed Nuaimiyah,06-7469694
National Clinic (Sanaiya),AJM,CLINIC,,New Industrial Area Lucky Mart Bldg Near Lucky Roundabout,06-7480780
New Ibin Sina Medical Centre (Aah),AJM,CLINIC,,2Nd Flr Near Trafic&Lic Depart Sheikh Ammar Bin Humaid St Al Juruf,06-7413330
Nmc Medical Centre Ajman Llc(Nmc),AJM,CLINIC,,"Near Safeer Hypermarket Samha Plaza Opp Al Khor Tower, Rashidiya",06-7147666
Northern Al Ahliah Medical Centre - Ajma,AJM,CLINIC,,Al Wakf Building Gf Al Bustan Street Al Bustan Area,06-7404941
Prime Medical Center Ajman,AJM,CLINIC,,Grand Mall Sheikh Khalifa Bin Zayed St Al Rashidyah,04-7070999
Red Maple Medical Center Llc,AJM,CLINIC,,Al Jurf Ind.Area-3  Bahiya,06-7481778
Right Health Clinic Jurf Llc,AJM,CLINIC,,Shopno1 Ext To Al Roayah Al Naqyah Gen Jurf Industrial Zone 2,06-7494969
Right Health Clinic Jurf2 Llc,AJM,CLINIC,,Shop No 2 Jurf Industrial Zone 2 Ajman,06-7404141
Shifa Al Jazeerah Medical Centre Llc,AJM,CLINIC,,Muhdda Near Nesto Hyper Market New Sanaya,06-7444830
Skin And Teeth Medical Center Llc,AJM,CLINIC,,Flamingo Villa Opp Shk Zd Msq Al - Zorah,06-7444560
Al Jaber Optical Centre Llc Branch-Ajman,AJM,OPTICAL,,"Shop No. A23, Ground Floor Ajman City Centre",06-7432614
Yateem Optician Ajman,AJM,OPTICAL,,Shop Is Situated On The Ground Lulu Hypermarket Bldg Near Ajman Municipality,06-7447658
Yateem Optician Ajman City Centre,AJM,OPTICAL,,"Al Jurf, Ittihad City Centre",06-5750838
Access Pharmacy - Ajman (Aster),AJM,PHARMACY,,Haramain Souk Near To Emirates Gas Industrial Area,06-7462011
Al Adil Pharmacy Llc,AJM,PHARMACY,,Ground Floor Beside Ajman Muroor Al Jurf,06-7450755
Al Biruni Pharmacy Llc,AJM,PHARMACY,,Grand Mall Sheikh Khalifa Bin Zayed Strt Rashidiya 3,06-7432133
Al Bustan Pharmacy Ajman (Gharafa),AJM,PHARMACY,,Al Bustan Building Opposite Ma Shk Rashid Street Shk Rashid Street,06-7447969
Al Hekmah Pharmacy,AJM,PHARMACY,,Shafiq Mohammed Building Kuwait Road Nuaimiyah,06-7466689
Al Hemaya Pharmacy,AJM,PHARMACY,,1St Floor Al Hemaya General Cl Near Lulu Exchange Al Jurf,06-7498811
Al Khaleej Pharmacy Ajman (Aah),AJM,PHARMACY,,Fayaz Hamid Eyad Building Near Al Quds Street Swan,06-7444189
Al Musalla Pharmacy Ajman (Shrooq),AJM,PHARMACY,,Near Mashreq Bank Musalla Souq Bustan,06-7421271
Al Nahrain Pharmacy,AJM,PHARMACY,,601-605 Sky Tower Bldg Shk Khalifa Bin Zayed Rd Nuaimiya,06-744-9144
Al Nuaimia Pharmacy,AJM,PHARMACY,,Groundfloor Al Nuaimia Street Al Nuaimia,06-7467849
Al Raafi Pharmacy,AJM,PHARMACY,,Danemcomplex Near Mufleha Supermarket Jurf Industrial Area 2,06-7432844
Al Raha Pharmacy Ajman,AJM,PHARMACY,,Aldurahbuilding New Industrial Area Nuaima,06-7407560
Al Saqer Pharmacy,AJM,PHARMACY,,Musallasouq  Al Bustan,06-7488329
Al Shifa Pharmacy (Aah),AJM,PHARMACY,,"202/203, Sheik Faizal Bldg Al Haramain Perfumes Factory Al Zahra St, New Industrial",06-7481477
Eve Pharmacy,AJM,PHARMACY,,"Pp. Immigration Offiec Backsid Seaflash,Jurf 2 Jurf",06-7498042
Alain Pharmacy Center -Llc,AJM,PHARMACY,,Alainsupermarketbuilding Al Nuimia Al Nuimia,06-7442542
Alfatah Phamacy-L.L.C.,AJM,PHARMACY,,Rawdha Bldg. 3 Near Oxygen Burger Sheikh Ammar Street,06-7467975
Aliya Pharmacy,AJM,PHARMACY,,Sultan Building Rawdha-3 Rawdha,06-7317878
Arabian Pharmacy (Aah),AJM,PHARMACY,,"101, Near Traffic&Licence Dept Sheikh Ammar Bin Humaid St Al Juruf",06-7417887
Aster Ph - Ajman - Aster(Moopens),AJM,PHARMACY,,Cooperative Society Shop No 1 Rashidiya Rashidiya,06-7496363
Aster Pharmacy 154,AJM,PHARMACY,,"Al Aqar Tower 3 Shop No -27, Rumaila-3 Ajman Corniche",06-7314840
Aster Pharmacy 159,AJM,PHARMACY,,"Shop No.5, Al Manar Tower, Opposite Hyundai Showroom Corniche Road,Rashediya",06-7453226
Aster Pharmacy163 Br Of Aster Pharmacies,AJM,PHARMACY,,"Shop No.7, Nesto Hypermarket Al Imam Al Shafee Street Hamidiya 1",06-5461822
Aura Pharmacy Llc,AJM,PHARMACY,,Bldg. 1St Behind Ajman Jurf Jail Al Jurf 2 Industrial Jurf,06-5265455
Bin Bakheet Pharmacy,AJM,PHARMACY,,"Shop Num3,Danat Building Near Fewa New Industrial Area",06-7314111
Doctor Salim Pharmacy,AJM,PHARMACY,,Bin Ladin Building Next To Ajm Masfoot Street Masfoot Street,06-7474588
Emirates Pharmacy - Ajman (Aah),AJM,PHARMACY,,"Al Shaab Building,Opp Kuwaiti Sh. Rashid Nuaimi Street Sh. Rashid Nuaimi Street",06-7474900
First Care Pharmacy,AJM,PHARMACY,,Usama Bin Zaid Street Usama Bin Zaid Street Nuaimiyah,06-7469831
Galaxy Pharmacy Llc,AJM,PHARMACY,,Shop No.3 - Horizon Tower D Sheikh Rashid Bin Abdul Aziz S Rashediya,06-7441886
Grand Emirates Pharmacy (Aah),AJM,PHARMACY,,"101, Majelan Al Madeena Hyper Market, Collage St Al Nuamia",06-7479711
Grand Pharmacy - Ajman (Aster),AJM,PHARMACY,,Dana Plaza Ajman Street Ajman Street,06-7444840
Hala Pharmacy Llc - Branch 01,AJM,PHARMACY,,Unit No:58 Groundfloor  Entrance D,050-1898905
Hala Pharmacy Llc - Branch 49,AJM,PHARMACY,,Shop No. 3 Rumaila Al Shorafa Tower 2,04-3441122
Hala Pharmacy Llc - Branch 50,AJM,PHARMACY,,"Plot No: 1133, Marwa Building, Rawda 2, Southern Sector, Al Zahra Area, Ajman",04-3441122
Khalid  Lala  Pharmacy  Llc,AJM,PHARMACY,,Camp Salam Jeddah Street Jurf,06-7403227
Khalida Pharmacy,AJM,PHARMACY,,Khalidbuilding Shaik Ammar Street Al Mowaihat - 2,6-5442661
Life Pharmacy-Life,AJM,PHARMACY,,Al Manama Hypermarket Ajman Shop# 108 Al Ramila Rd,06-7452188
Lulu Pharmacy (Ajman)(Lulu),AJM,PHARMACY,,Lulu Hypermarket Bustan Bustan,06-7457771
Maple Pharmacy Llc,AJM,PHARMACY,,Al Jurf Ind.Area-3  Bahiya,06-5955921
Medi Prime Pharmacy Ajman,AJM,PHARMACY,,Grand Mall Sheikh Khalifa Bin Zayed St Al Rashidyah,04-7070999
Medicare Pharmacy L.L.C,AJM,PHARMACY,,Ain Al Madina Building Hasn Bin Haitm St New Industrial Area,06-7646539
Medicina 29 Pharmacy,AJM,PHARMACY,,Grnd Flr Ajman Union Coop Al Rumailah Ajman,06-7472207
Medicine Home Pharmacy Llc,AJM,PHARMACY,,Al Zahra Bldg. Shop No. 6 Gf Industrial Area Mohwiyat Round About,06-7485290
Medicom Ph 18 (Al Alam Phar)(Aster),AJM,PHARMACY,,"Safeer Mall,  Nuaimiyah",06-7461356
Medicom Pharmacy27 (Aster),AJM,PHARMACY,,Abdullah Abu Shihab Building Sheik Kaleefa Street Nuaimiyah,06-7412013
Metro Meds Pharmacy,AJM,PHARMACY,,Below Metro Medical Centre Sh. Khalifa Bin Zayed Street Nuaimiyah,06-7469692
Modern Pharmacy (Ajman),AJM,PHARMACY,,Ajman City Center Sheikh Zayed Street Jurf,06-7480066
New Grand Pharmacy (Aster),AJM,PHARMACY,,Near Ajman University Of Scien King Faisroad Nuaimiyah,06-7412588
New Sanaiya Pharmacy Ajman (Sanaiya),AJM,PHARMACY,,New Industrial Area Nxt Bagdad Supermarket Ajman,06-7434034
Northern Al Ahliah Pharmacy-Ajman,AJM,PHARMACY,,"Ground Floor, Al Wakf Building Behind Ajman General Post Office & Nbad Al Bustan",06-7404941
Pristine Pharmacy Llc,AJM,PHARMACY,,Ajman Bank Property Building Al Bader Street Rashidiya 3,06-7497547
Right Health Pharmacy Jurf Llc,AJM,PHARMACY,,Exttoalroayahalnaqyahgeneraltr  Jurf,06-7494969
Right Health Pharmacy Jurf2,AJM,PHARMACY,,Shop No 5 Ajman Industrial Area,06-7404141
Sana Pharmacy Llc (Ajman),AJM,PHARMACY,,Shop No:10 Groundfloor Black Square,06-7316973
Shams Pharmacy,AJM,PHARMACY,,Al Nuimiya Emirates Gas Road Industrial Area,06-7486177
Shifa Al Jazeerah Centre Pharmacy,AJM,PHARMACY,,Muhdda Near Nesto Hyper Market New Sanaya,06-7444830
Supercare Pharmacy Llc Branch 1,AJM,PHARMACY,,Ajman City Centre  Ajman,06-7408410
Bait Al Maqdes Pharmacy Llc Branch 1,AJM,PHARMACY,,Oasis Tower Sheikh Rashid Bin Saeed Street Al Rashidiya 1,06-5462162
Life Pharmacy Llc Branch 62,AJM,PHARMACY,,"Shop No; 1, 2 & 4, Al Aryam Tower Plot No: 0191, Nueimia",04-3441122
Al Sanaiya Pharmacy,AJM,PHARMACY,,"Shop No 8 & 9, Ground Floor Sheikh Ammar Bin Humaid Street Jurf",04-3335502
Life Pharmacy 28,AJM,PHARMACY,,Shop No. 1 & 2 Shamekha Bldg. Plot No. 0024 Al Nuaimeya 3,04-3441122
Life Pharmacy 32,AJM,PHARMACY,,Shop Gf 5&6 Nesto Hypermarket Al Tallah,04-3441122
Hala Pharmacy 54-Life,AJM,PHARMACY,,Shop No: 4 & 5 Emarats Market,04-3441122
Al Durra Dental Clinic,AJM,DENTAL,,Lewara Bldg. Block A Room 105 1St Floor Al Bustan,06-7313544
New Medical Centre Pharmacy Br,AJM,PHARMACY,,"Nmc Medical Centre Ajman Bldg Near Safeer Hypermarket Samha Plaza, Opp Al Khor Towe",06-5639966
Burjeel Hospital For Advanced Surgery,DXB,HOSPITAL,,Burjeel Hospital Adv Surgery Near Times Square Al Quoz 1,04-4070100
Burjeel Medical City Llc,AUH,HOSPITAL,,28Th Street Mohamed Bin Zayed City Musaffah,02-7773333
Rashid Center For Diabetes And Research,AJM,CLINIC,,Sheikh Khalifa Medical City  University Street,06-7117777
Burjeel Specialty Hospital Llc,SHJ,HOSPITAL,,Opp Lulu Hyper Market Al Fayha Sharjah,06-5075000
Canadian Specialist Hospital-Deira,DXB,HOSPITAL,,"Abu Hail Area,Behind Abjar Gra Street # 24 Abu Hail Hor Anz",04-7072222
Central Hospital,SHJ,HOSPITAL,,"Clock Tower, Zahra Square, Nea Sheikh Zayed Street Maysaloon",06-5169218
Elaj Medical Centre Pharmacy Ll,AJM,PHARMACY,,Ramilah 3 Opposite Ajman One Tower Sheikh Rashid Bin Humaid Strt,06-7418880
Ajman Speciality Hospital Pharmacy,AJM,HOSPITAL PHARMACY,,Ajman Speciality Hospital Near New Veg And Fruit Market Sheikh Maktoum Bin Rashid Makt,06-7484999
Amina Hospital Pharmacy,AJM,HOSPITAL PHARMACY,,Behind Dreamsea Discount Centr Al Quds Ajman,06-7114444
Sheikh Khalifa Maternity And Pediatric H,AJM,HOSPITAL PHARMACY,,Al Jurf 1 University Street,06-7117777
Rashid Center For Diabetes & R Pharmac,AJM,HOSPITAL PHARMACY,,Al Jurf 1 University Street,06-7117777
Sheikh Khalifa Hospital Pharmacy - Ajman,AJM,HOSPITAL PHARMACY,,Al Jurf 1 University Street,06-7117777
Sheikh Khalifa Hospital Masfout Pharmacy,AJM,HOSPITAL PHARMACY,,Masfout,04-8099999
Saudi German Hospital Pharmacy - Ajman,AJM,HOSPITAL PHARMACY,,Saudi German Hospital ¿ Ajman Sheikh Ammar Bin Humaid Street Al Tallah,04-3890000
Fammed Medical Center,AJM,CLINIC,,2Nd Flr Nesto Hypermarket Al Rashidiya 2,06-7422127
Dent Care Medical Center,AJM,CLINIC,,Al Andalus Bldg 2 5Th Floor Sheik Khalifa Street Al Rashidya 3,06-7478910
Seha Medical Center,AJM,CLINIC,,Emirate Bldg 101-103 Al Ittihad Street Al Nuamiya 1,067-404045
Al Nahrain Medical Center 1,AJM,CLINIC,,U Shop Sheik Maktoum Bin Rash St Al Helio 2,06-7484778
Al Jawhara Dental Clinic,AJM,CLINIC,,"308 , Jawhara Bldg Bank Street Al Nuamiaya",06-7460166
Oriana Pharmacy,AJM,PHARMACY,,Dates of Arabic Indutrial Area 1 Al Jurf,06-5918889
Thumbay Clinic Al Rashideya-1,AJM,CLINIC,,Thumbay Clinic Blgg Badar St Rashidiya 1,06-7119555
Clemenceau Medical Center,DXB,HOSPITAL,,Plot 22 Al Jadaf Street Dubai Healthcare City,04-2481111
Oriana Medical Centre,AJM,CLINIC,,Dates of Arabic Indutrial Area 1 Al Jurf,06-5918889
Thumbay Hospital Pharmacy,AJM,PHARMACY,,Thumbay Hospital Bldg Al Ettehad St E11 Al Nuamiya,06-7468319
Thumbay Pharmacy 4,AJM,PHARMACY,,Thumbay Hospital Bldg Al Ethhihad Street Al Nuaimiyah,06-7466039
Thumbay University Hospital Complex Pharmacy,AJM,PHARMACY,,Behind Sheik Khalifa Hospital University Street Al Jurf Al Jurf,06-7030555
Noor Al Shifa Medical Center LLC,AJM,CLINIC,,Metro Building Near Al Talal Supermarket Jurf,06 5234870
Cleveland Clinic Abu Dhabi Llc,AUH,HOSPITAL,,13Flr Al Maqam Tower Abu Dhabi Global Market Square Al Falah St Al Maryah Island,02-5019000
Danat Al Emarat Hosp For Women&Children,AUH,HOSPITAL,,3Rd Street Abu Dhabi Gate City Abu Dhabi,02-6510122
Dar Al Kamal Hospital,SHJ,HOSPITAL,,Al Sharq St. Al Heerah Suburd Al Fisht,06-5997777
Delma Hospital-Seha (No Dental Services On Direct Billing),AUH,HOSPITAL,,Western Region Western Region Western Region,02-8942000
Dha Primary Health Care (Dha)*,DXB,HOSPITAL,,Building 123,800-342
Dibba Al Fujairah Hospital (Moh),FUJ,HOSPITAL,,Fujairah,800-8877
Dr. Sulaiman Al Habib Hospital Fz-Llc (Except Psychiatric Services),DXB,HOSPITAL,,Oud Metha Dhcc Dhcc,04-4297777
Dubai Hospital (Dha)*,DXB,HOSPITAL,,Al Baraha Al Khaleeja St Al Baraha,800-342
Dubai London Hospital,DXB,HOSPITAL,,Jumeirah St Umm Suqeim 2,04-3782999
Dubai London Speciality Hospital (24X7),DXB,HOSPITAL,,Dubai London Speciality Hospit Jumairah Beach Road Umm Sequim 2,800-352
Elyzee Hospital LLC,AUH,HOSPITAL,,Al Khaleej Al Arabi St Mushrif,02-5664222
Emirates European Hospital Llc,SHJ,HOSPITAL,,Gto5Thfloor Al Sharj Street Al Qulaya Area,06-5619444
Harley International Clinic Pharmacy,DXB,PHARMACY,,3rd Floor  D Block Above Saranga Bhojan Shala Mankhool,04-3989011
Kids Neuro Clinic & Rehab Center,DXB,CLINIC,,Al Razi Medical Complex Building 64 Block D Unit 1015  Dhcc,04-5570326
Life Pharmacy 68 Br Of Life Pharamcy Llc,DXB,PHARMACY,,"Shop 02, Nesto Hypermarket Burj Nahar Mall Deira",04-4566737
Life Pharmacy 69 Br Of Life Pharmacy Llc,DXB,PHARMACY,,Shop 4-8 R&S Building Al Warqa,04-3441122
Emirates Hospital,DXB,HOSPITAL,,"Opp. Jumeirah Beach Park Jumeirah Beach Road Jbr,Bur Dubai",04-3496666
Emirates Speciality Hospital,DXB,HOSPITAL,,Dhcc Opp-Al Razi Medical Complexal Dubai Health Care City,04-8716900
Fakeeh University Hospital,DXB,HOSPITAL,,Fakeeh Hospital Bldg. Flat 15006 Dubai Silicon Oasis,04-4144444
Trellis Hospital Llc,DXB,HOSPITAL,,Gargash Hospital Bldg Umm Suqeim St Umm Al Sheif,04-7030000
Ghiathy Hospital-Seha (No Dental Services On Direct Billing),AUH,HOSPITAL,,Western Region Western Region Western Region,02-8721555
Hatta Hospital (Dha),DXB,HOSPITAL,,Hatta City Center New Sha'Biah Hatta,04-2193000
Health Point Hospital Llc,AUH,HOSPITAL,,"Opp Zayed Stadium Inside Zayed Sports Saif Ghabbash, Airport Rd",800-203
HMS Mirdif Hospital,DXB,HOSPITAL,,HMS Mirdif Hospital Bldg Al Mizhar 1 Al Mizhar,04-4553278
Ibrahim Bin Hamad Obaidallah Hospital,RAK,HOSPITAL,,Wadi Shah Po 4724,07-2465501
International Modern Hospital (Imh),DXB,HOSPITAL,,"Opposite Emirates Petrol Stn N Sheik Rashid Street, Mankhool",04-3988888
Jebel Ali Emergency and Trauma,DXB,HOSPITAL,,Dubai Industrial City Jebel Ali,80060
Khorfakkan Hospital (Moh),FUJ,HOSPITAL,,Khorfakkan,09-2081200
Kings College Hospital London (No Dental Services on Direct Billing),DXB,HOSPITAL,,Al Marabea Street Al Khail Road Dubai Hills,04-5199999
Latifa Hospital(Al Waselhospital)(Dha)*,DXB,HOSPITAL,,Oud Metha Oud Metha Rd Al Jadaf,800-342
Lifecare Hospital Llc (Vps) (Llh Brand),AUH,HOSPITAL,,Al Raha Worker Village Near Al Gate 6 Baniyas City,02-5856333
Lifecare Hospital Musaffah-Branch 1(Vps),AUH,HOSPITAL,,Village Mall Mussafah Llh Group,02-5557747
Lifeline Hospital(Llh-Emke Gr)(Vps),AUH,HOSPITAL,,Al Marwa Towers Electra Street Electra Street,02-6335522
Liwa Hospital-Seha (No Dental Services On Direct Billing),AUH,HOSPITAL,,Western Region Western Region Western Region,02-8777175
Llh Hospital Al Musaffah (Llh-Emke)(Vps),AUH,HOSPITAL,,Near Musaffah Police Station 4  Musaffah,02-5557711
Madinat Zayaed Hospital-Seha (No Dental Services On Direct Billing),AUH,HOSPITAL,,Western Region Western Region Western Region,02-8781888
Marfa Hospital-Seha (No Dental Services On Direct Billing),AUH,HOSPITAL,,Western Region Western Region Western Region,02-8835000
Medcare Hospital,DXB,HOSPITAL,,"Opp Safa Park Gate No. 1 Hadiqa Street Safa 1,Jumeirah",04-4079100
Medcare Hospital Llc - Shj Br,SHJ,HOSPITAL,,Splash Fashion Outlet  King Faisal Street,06-5949705
Medcare Orthopaedics & Spine Hospital,DXB,HOSPITAL,,Opp. Pepsi Sheikh Zayed Road Sheikh Zayed Road,04-3768400
Medcare Women & Children Hospital,DXB,HOSPITAL,,"Beside Manara Services Center, Sheikh Zayed Road",04-3010888
Medeor 24X7 Hospital - Auh (Vps),AUH,HOSPITAL,,Opp: Auh Central Post Office Muroor Road Madinat Zayed,02-6900600
"Medeor 24X7 Hospital Llc,Dxb (Vps)",DXB,HOSPITAL,,Burjuman Center Embassy District Umm Hurair - 1,04-3500600
Mediclinic City Hospital,DXB,HOSPITAL,,"Building, 37 Oud Metha Road Dhcc",04-4359790
Mediclinic Hospitals (Airport Road Hosp),AUH,HOSPITAL,,Near Carrefour Airport Road Airport Road,02-4446655
Advanced Care Oncology Center Llc,DXB,DAY CARE,,Al Furjan Jebal Ali Jebal Ali1,04-5656300
Al Mousa Day Surgery Center,DXB,DAY CARE,,"Villa 34 , Near Iranian Hospit 5 B Street Wasl Street,Bur Dubai",04-3450745
Armada One Day Surgical Center Jlt,DXB,DAY CARE,,"Armada Tower 2 Opp Dubai Marina Mall Al Sarayat, Jlt",04-3990022
Aster Day Surgery Centre,DXB,DAY CARE,,"Al Raffa, Kuwait Street Kuwait Street Bur Dubai",04-3814948
Dr Ismail Day Surgical Centre,DXB,CLINIC,,"41 A Street,  Karama",04-3378585
Emirates Hospital Day Surgery & Medical,DXB,DAY CARE,,Honsho Street Opp. To Dubai Kartdrome Motor City,04-8716900
Fakih Ivf Llc. (Nmc),DXB,DAY CARE,,"Villa 37, 65B St, Al Wasl Road, Jumeirah 1",04-3497600
Health Bay Day Surgery Centre Llc (Aah),DXB,DAY CARE,,Opposite Choithram Wasl Road Jumeirah,04-3487140
Health Hub-Al Qusais 1,DXB,DAY CARE,,Manazel Deira Bldg. Gf Next To Fortune Hotel Al Quisais 1,04-2040400
Magrabi Eye Hospital - Outpatient Surg,DXB,DAY CARE,,"Al Razi Building, # 64 Block E Oud Metha Road Dhcc",04-4370606
Medcare Eye Centre (OP only),DXB,DAY CARE,,"103, Matloob Building Next To Mosh Hospital Shk Zayed Road",04-4079104
Medcare Med Centre Jumeirah-Daysurg,DXB,DAY CARE,,"Umm Suqeim 1, G Floor Jumeirah Beach Road Umm Suqeim 1",04-43953115
Mediclinic Deira Clinic Br Of Mediclinic,DXB,DAY CARE,,"Deira City Centre Gnd &3Rd Flr Citycentre Office Near Pullman Hotel, Deira",04-2052777
North American Lasik And Eye Surgery Cen,DXB,DAY CARE,,"Villa No :1 Near To Iranian Hospital Al Wasl Road,Jumeira 1",04-3447766
Professor Sakla Spanish Eye Clinic L.L.C,DXB,DAY CARE,,Office No. 119 Sheikh Zayed Street Umm Alsheif,04-3243244
Shamma Clinic L.L.C.,DXB,DAY CARE,,Villa 41 10C Street Jumeirah 1,04-3498800
Abeer  Al Noor Polyclinic,DXB,CLINIC,,Bu Hussain Building. Doha Road. Qusais,04-2612248
Abeer Al Noor Poly Clinic Llc-Deira,DXB,CLINIC,,Afra Al Shaikh Majren Building Behind Al Futtaim Masjid Deira,04-2343017
Abeer Al Noor Poly Clinic Llc-Muhaisina,DXB,CLINIC,,"Musthafa Mall ,Suite No.6 & 31 Same Building Of Grand Hyperma Muhaisnah -2",04-2729966
Abris Medical Center L.L.C.,DXB,CLINIC,,"Meena Bazaar Building 29, 50B Street Bur Dubai",04-3535356
Access Clinic - Dip (Aster),DXB,CLINIC,,"Mezannine Floor, Unit No 2 & 3 Ramla Street Dip",04-8800408
Access Clinic Al Quoz Br. (Aster),DXB,CLINIC,,Ground Flr Al Arif Bldg Near Uae Exchange Al Quoz 3,04-3217544
Access Clinic Bur Dubai (Aster),DXB,CLINIC,,Souq Al Kabeer Next To Al Ghubaiba Bus Burdubai,04-3527300
Access Clinic Dic Br Dm Healthcare Llc,DXB,CLINIC,,"First Floor, Shop # 39 -42, Saih Shuaib 2, Al Madeena Hype Sapphire Mall,Dxb Indust Park",04-5896619
Access Clinic Dip 2 (Aster),DXB,CLINIC,,Shop 7 Grnd Flr Kadris Mall Majelan Al Madena Supermarket Dip 2 Jabel Ali,04-8833028
Access Clinic International City (Aster),DXB,CLINIC,,I -11 Morroco Cluster International City,04-3606587
Access Clinic Jafza (Aster),DXB,CLINIC,,Food Court 3 Jafza,04-8806577
Access Clinic Persia Cluster (Aster),DXB,CLINIC,,Shop 10 Ground Persia N04 International City Persia Zone,04-5520139
Access Clinic Sonapur (Aster),DXB,CLINIC,,Sameya Khalifa Mohd Alfuqaei 24Th Street Sonapur,04-2510266
Access Clinic Sonapur 2 (Aster),DXB,CLINIC,,"1St Fl Shop4,Dxb Municipality Near Al Qusais Bus Stn Muhaisina 2, Sonapur",04-2637279
Advanced Care Med Ctr (Advanced Grp),DXB,CLINIC,,Near By Al Ahalia Exchange Industrial Area 3 Qouz,04-3397664
Advanced Care Med Ctr Br(Advanced Grp),DXB,CLINIC,,Dip Phase 2 Jebel Ali,04-8850788
Advanced Care Medical Center - Branch,DXB,CLINIC,,"Shop Number : 4 & 5 Seihshoweb 4, Labour City 3,, Dubai Industrail Area",04-3807807
Advanced Care Medical Center -(Branch),DXB,CLINIC,,Pasons Shopping Centre Buildin Irat Floor Alquoz 2,04-2355200
Advanced Care Medical Center Branch,DXB,CLINIC,,Shaklan Hypermarket 2 Muhaisnah 2 Sonapur,04-3807807
Airport Medical Center (Dha),DXB,CLINIC,,Concourse C Airport Terminal 1 Dubai International Airport,04-2164953
Airport Medical Centre (Dha),DXB,CLINIC,,Al Maktoum International Airpo Jebal Ali Jebal Ali,800-342
Airport Medical Centre (Dha),DXB,CLINIC,,Concourse A Airport Terminal 3 Dubai International Airport,800-342
Airport Medical Centre (Dha),DXB,CLINIC,,Concourse B Airport Terminal 3 Dubai International Airport,800-342
Airport Medical Centre (Dha),DXB,CLINIC,,Concourse D Airport Terminal 1 Dubai International Airport,800-342
Al Amal Polyclinic,DXB,CLINIC,,Al Shamsi Opp.Emirates Nbd Bank  Satwa,04-3329833
Al Aman Medical Centre,DXB,CLINIC,,201 Kanoo Grp Bldg Next To Adcb Metro Al Karama,04-2288490
Aster Medical Center-Remraam,DXB,CLINIC,,Remraam Community Center Ground Flr Retail 08 Remraam,04-3333423
Al Azhar Clinic - Branch (Sanaiya),DXB,CLINIC,,Industrial Area 1 Jebel Ali Nr Madina Supermrkt,04-8800545
Al Azhar Clinic - Branch 2 (Sanaiya),DXB,CLINIC,,Dubai Investment Park 2 Emirates Park Bldg Nr Parco Supermarket,04-8895306
Al Azhar Clinic (Sanaiya),DXB,CLINIC,,"Dubai Investment Park 1 Shop No 4, Ali Mesmar Bldg Behind Remco Supermarket",04-8859596
Al Azhar Clinic 4 (Br Of Al Azhar Clinic,DXB,CLINIC,,Xpo Mall Near Madinat Hypermarket Jabel Ali Industrial-3,8007400
Al Azhar Clinic Branch3,DXB,CLINIC,,Shop No 12 Nearvegetable And Fruit Market Ras Al Khor,04-2230244
Al Badaa Health Centre (Dha),DXB,CLINIC,,Trade Center 1 Shk Zayed Road Al Badae,800-342
Al Barshaalnoor Polyclinic L.L.C,DXB,CLINIC,,Elite Business Center Floor Infront Of Lulu Centre Al Barsha,04-2218122
Al Bayan Medical Centre,DXB,CLINIC,,"58 B Street Opposite White Hou Naif Road Naif,Deira",04-2719008
Al Diyafa Modern Med Centre,DXB,CLINIC,,196-B First Floor Villa Al Wasl Road Jumeirah 1,04-3454945
Al Falah Medical Clinic,DXB,CLINIC,,Abbasy Building Naif Deira,04-2717223
Al Khail Medical Center,DXB,CLINIC,,Ground Flooralqouz Mall Alqouz Mall Street Qouz 3,04-3306745
Al Khail Medical Center - Dip,DXB,CLINIC,,Fida Al Madina Building Dubai Investment Park 2 Dubai Investment Park,04-3306745
Al Lubnani Medical Centre Llc- Dubai Br,DXB,CLINIC,,Dubai 5th St Al Garhoud Duba Al Garhoud,04-2288766
Al Majid Clinic,DXB,CLINIC,,"Next To Tara Hotel, Nad Furnit Al Maktoum Road Baniyas Square",04-2292030
Al Munira Clinic,DXB,CLINIC,,"Royal Pharmacy Buildingopposit Khalid Bin Waleed Road Al Souk,Bur Dubai",04-3522813
Al Murjan Medical Center,DXB,CLINIC,,"102 Brashy Building, Near Scan 3Rd Interchange Sheikh Zayed Road",04-3395575
Primacare Speciality Clinics Llc Branch,DXB,CLINIC,,"M Floor,Musalla Towr Khalid Bin Alwaleed Road Bur Dubai",04-3966123
Al Noor Polyclinic (Amber-Ghi),DXB,CLINIC,,"F-1; Saif Center, Opp. Alfutta Naif Road Naif,Deira",04-2233324
Al Noor Polyclinic-Satwa (Amber-Ghi),DXB,CLINIC,,"Al Bakhita Building Opp Lal'S Hudaiba Street Satwa,Bur Dubai",04-3498100
Al Qasais Star Polyclinic,DXB,CLINIC,,"Abduallah Al Saed Building,Fir Damascus Street Qusais,Deira",04-2580411
Primecorp Medical Center Deira,DXB,CLINIC,,"Shk Saud Al Qassimi Bldg, M Floor, Opposite Reef Mall, Salahuddin Rd",04-7070999
Wellcare Advanced Polyclinic LLC,DXB,CLINIC,,"Al Rostamani Building 1St Floor, Flat No.105 Al Quoz",04-3285130
Al Rafa Polyc Br  Healthcare (Aster)A+,DXB,CLINIC,,"G/F, Icon Tower, Near Byblos H Tecom Barsha",04-4534830
Al Rafa Polyclinic - Intl City (Aster),DXB,CLINIC,,V-20 Russian Cluster Building Russian Cluster International City,04-4227944
Al Raha Medical Clinic,DXB,CLINIC,,"Al Abbas Building # 1, Next To Khalid Bin Waleed Road Burjuman,Bur Dubai",04-3517272
Al Rashidiya Al Noor Polyclinic (24 hrs availability),DXB,CLINIC,,"Al Noor Polyclinic Building, B Bin Sougath Centre Street Al Rashidiya",04-2862410
Al Rashidiya Private Polyclinic,DXB,CLINIC,,"Rta Parking Bldg, Opp: Ambassador Hotel Al Falah Street, Bur Dubai",04-3939383
Al Sanaiya Medical Clinic - Br (Sanaiya),DXB,CLINIC,,Al Qouz 4 Al Gemzi Bldg Above Sahat Al Madina Suprmrkt,04-3407548
Al Sanaiya Medical Clinic (Sanaiya),DXB,CLINIC,,"Muhaisnah 2, Sonapur Grnd Flr Bel Rasheed Bldg Near Medical Fitness Centr",04-2543500
Al Shaab Medical Centre (Aster),DXB,CLINIC,,"Nearby Talal Supermarket 21 C Street, Al Shaab Colony Hor Anz",04-2970870
Al Shifa International Clinic,DXB,CLINIC,,Al Shamali Building Al Faheedi  Street Bur Dubai,04-3519199
Al Tadawi Medical Centre,DXB,DAY CARE,,Al Masaood Building Port Saeed Road Deira,04-2038888
Al Tadawi Medical Centre Branch,DXB,CLINIC,,Residency And Fireign Affairs 36Th Street Jafflya,04-2038888
Al Taif Medical Centre,DXB,CLINIC,,"#104, Haji Mohammad Mubarak Bl Opp: West Hotel Naif Road, Deira",04-2222383
Al Waha Clinic Bur Dubai,DXB,CLINIC,,"Flat No. 104 & 105, Next To Ro Khalid Bin Waleed Road Burjuman,Bur Dubai",04-3514150
Al Warqa Medical Centre (Aster),DXB,CLINIC,,Mass Supermarket Building Mass Super Market Street Warqa 2,04-2800899
Umm Suqeim Health Center PHC ( DHA),DXB,CLINIC,,776 D St Umm Suqeim Jumeirah 3,800-342
Al-Barsha Health Centre (Dha),DXB,CLINIC,,Al Barsha 3 Al Barsha Al Barsha,800-342
Alliance Medical Center,DXB,CLINIC,,201 Al Hudaiba Awards Bldg. Jumeirah Big Flag Jumeirah Beach Rd.,04-3863366
Allied Medical And Diagnostic Center Dxb,DXB,CLINIC,,Allied Diagnostic Center Build Dhiyafa Road Satwa,04-3328111
Almezhar Health Center (Dha),DXB,CLINIC,,42 C Street Almezher Almezhar,800-342
Amala Medical Center Llc,DXB,CLINIC,,2Nd Floor Al Khail Mall Moh Bint Latheefa Road Al Quoz 4,04-3306727
Amber Clinics (Amber-Ghi),DXB,CLINIC,,Al Rigga Busniess Center Rigga Street Rigga,04-2309100
American Center For Psychiatry & Neuro,DXB,CLINIC,,Sunset Malll  Office S01 & S02 2Nd Floor Jumeirah,04-3141000
American Hosp Clinics Dubai Media City,DXB,CLINIC,,Business Central Towers Dubai Media City Al Safouf,04-3776394
American Hospital Clinics Alkhawaneej Br,DXB,CLINIC,,Last Exit  Al Khawaneej,04-5261200
American Hospital Clinics Dubai Albarsha,DXB,DAY CARE,,Galleria Mall Unit 8 Al Barsha Mall,04-5261201
American Wellness Centre Fz Llc,DXB,CLINIC,,Al Faris Building 39 Ground Floor Units 4 & 5 & 6 Dubai Healthcare City,04-8184900
Amsa Renal Care Fz - Llc,DXB,CLINIC,,Al Razi Medical Complex Dubai Health Care City Dubai,04-4542626
Anaya Medical Center,DXB,CLINIC,,"Latifa Bint Hamdan St Flat 104, Farnek Bldg Behind Alkhail Mall, Al Quoz 3",04-3441615
Anaya Medical Center L.L.C (Branch),DXB,CLINIC,,"Crystal Mall Jabel Ali Jabel Ali, Industrial Area 1",04-2341479
Apex Medical Clinics L.L.C,DXB,CLINIC,,Apex Atrium Bldg Room 303-304 3Rd Floor  Motor City,04-3608881
Apple Clinic Fzco,DXB,CLINIC,,Shop No S6/S8 France Cluster France Cluster International City,04-4227533
Apple International Polyclinic Llc,DXB,CLINIC,,"Bldg-K14, G-Floor, Greece Cluster International City",04-2776211
Aqua Medical Center L.L.C,DXB,CLINIC,,"Al Fattan Building, 3 A Street 6, Al Qusais 1, Dubai",04-2204005
Armada Medical Centre,DXB,CLINIC,,"Armada Tower 2 Opp Dubai Marina Mall Al Sarayat, Jlt",04-3990022
Ashokan Medical Clinic,DXB,CLINIC,,"302 Al Lootha Bldg Naif Road, Deira Dubai",04-2730220
Ashtree Clinic Llc,DXB,CLINIC,,208; F-2; A.Rehman M.Sh Buildi Fahidi Street Fahidi Street,04-3533414
Asma Medical Clnic (Durraiya),DXB,CLINIC,,"206 Al Gaz Bld, 2Nd Floor Next Baniyas Square Area Deria",04-2285838
Aster Al Nahda Medical Center (Moopens),DXB,CLINIC,,Opposite Nmc Specialty Hospita Amman Street Nahda,04-2399119
Aster Medical Centre Jvc,DXB,CLINIC,,"108 G Flr Damac Towers Lazuward Sw St. Barsha South, Jvc",04-5547194
Aster Jabal Ali Mc(Br Md) (Moopens),DXB,CLINIC,,Near Nesto Supermarket Jebel Ali Industrial Area Jebel Ali Industrial Area,04-8841161
Aster Jubilee Medical Complex (Moopens),DXB,CLINIC,,Grnd Flr Al Futtaim Bldg. Khalid Bin Waleed Sts. Burjuman,04-5090300
Aster Medical Center - Ras Al Khor,DXB,CLINIC,,Shop No. 16-17 Gf Marhaba Mall Ras Al Khor Industrial Area 3,04-3425354
Aster Medical Center (Moopens) (Qusais),DXB,CLINIC,,Al Fattan Building Damascus Street Qusais,04-2576333
Aster Medical Center Al Muhaisna,DXB,CLINIC,,"Muhaisnah Plaza,Beirut St. Near Al Madeena Mall Al Muhaisnah",04-2592154
Aster Medical Center Alqusais,DXB,CLINIC,,Aqu Building Near Dubai Airport Fz Metro St Al Qusais 1,04-2632202
Aster Medical Center Jlt A+(Moopens),DXB,CLINIC,,Near Carrefour Express And Dam Street No.5 Jlt,04-4204069
Aster Medical Centre Abu Hail,DXB,CLINIC,,Grnd Flr Sheikh Suhail Bldg. 24 Street Hor Al Anz,04-2692785
Aster Medical Centre Al Barsha,DXB,CLINIC,,Grnd Flr Arenco Bldg. Shop 1 & 13 Al Barsha 1,04-3472420
Aster Medical Centre Al Quoz,DXB,CLINIC,,Grnd Flr Abdulla Asmawi Bldg Latifa Bint Hamdan St. Al Quoz 4,04-4400500
Aster Medical Centre Aswaaq Mall A+,DXB,CLINIC,,Ground Aswaaq Aswaaq Al Barsha South Community Centre,04-3471540
Aster Medical Centre Business Bay Br Of,DXB,CLINIC,,Busniess Bay Avenue Empower Pl Busniess Bay Busniess Bay,04-4400500
Aster Medical Centre Oud Metha,DXB,CLINIC,,Netcom Building Groung Floor Oud Metha,04-2945095
Aster Medical Centre Dubai Land,DXB,CLINIC,,"Skycourts  Tower D Ground Floor, R 7B Wadi Al Safa - 5, Dubai Land",04-3435645
Aster Medical Centre International City,DXB,CLINIC,,V-19 Russia Cluster International City,04-4312273
Aster Medical Centre DIP,DXB,CLINIC,,Darwish Ahmed & Sons Building G Flr Opp Nibras Int School Dubai Investment Park 1,04-8800629
Aster Medical Centre Silicon Oasis A+,DXB,CLINIC,,Silicon Gate 1 Opp. Choitram Dubai Silicon Oasis,04-3332122
Aster Medical Ctr Arabian Ranches (Prem),DXB,CLINIC,,1St Flr Arabian Ranches 2 Mall The Village Mall Arabian Ranch Community Centre,04-4560485
Aster Orthopedics And Physiotherapy Cent,DXB,CLINIC,,Hanbal Al Madani Building Ground Floornear Dubai Library Al Warqa-1,04-2831026
Aster Specialist Centre For Ortho&Physio,DXB,CLINIC,,Grnd Flr Al Ahbabi Bldg Damascus Street Al Qusais 2,04-3311006
Aster Specialist Medical Cntre Int'Lcity,DXB,CLINIC,,"Grnd Flr The Pavilion Mall Opp To Kfc, France Cluster International City",04-4279554
Atlanta Vision Clinic,DXB,CLINIC,,"Next To Umm Suqeim Rd. Opp Dubai Police 1185B Al Wasl,Um Suqeim3",04-3486233
Axon Medica Polyclinic Br Of Amled Inv,DXB,CLINIC,,Rashidiya Central Market Bldg Union Cooperative Society Rashidiya,04-2859880
Badr Al Samaa Medical Center,DXB,CLINIC,,"Near Burjuman,Oriental House 2 Bank Street Burjuman",04-3578681
Bayti Home Health Care Center L.L.C,DXB,CLINIC,,"Behind Mall Of Emirates Suite No. 904, 9Th Floor Al Barsha 1,",04-4574433
Beijin Tong Ren Tang Gulf Fz-Llc,DXB,CLINIC,,"Office #9, Ground Floor, Build Oud Metha Road Dhcc",04-4356905
Bella Vita Medical Center,DXB,CLINIC,,Mirdiff 35 Mall Op-Arabian Center Mirdiff,04-2613301
Best Health Medical Centre (Fmc),DXB,CLINIC,,"West Hotel, Hamidiya Complex 1St Flr, Naif Road Naif,Deira",04-2396363
Better Life Clinic L.L.C.,DXB,CLINIC,,"Al Tawheedi Building 2, Floor Makhool Road Mankhool",04-3592255
Bettercare Medical Center Llc,DXB,CLINIC,,"Groundfloor Morroco Cluster, J7, S1,S2,S3& International City",04-3743338
Blue Tree Clinics Branch Llc,DXB,CLINIC,,"Villa 805, Umm Suqeim 3 Jumeirah Beach Road",04-3282686
Blue Tree Clinics Llc,DXB,CLINIC,,"Villa 967,J3 Mall Umm Suqeim 2 Al Wasl Road",04-3488262
Bluebell Medical Center,DXB,CLINIC,,Al Attar Business Centre Opp.Union Co-Operative Society Karama,04-3426565
Boston Diabetes &Endocrine Center,DXB,CLINIC,,"115, Mardoof Building Opposite Sheikh Zayed Road 2Nd Intercha Safa 1",04-3805555
Bright Life Medical Center Llc,DXB,CLINIC,,Zabeel Catering Services Build Above Landmark Restaurant Dip2,04-8833000
Canadian Wellness Centre,DXB,CLINIC,,Sheikh Suhail B Al Marabea Street Al Quoz,04-3217646
Care And Cure Medical Center L.L.C,DXB,CLINIC,,"Opposite Belhasa Driving Schoo Near Al Khail Mall Al Waha Street, Al Qouz 3",04-3399162
Care One Polyclinic,DXB,CLINIC,,Al Ramla Hyper Market Bldg. Ground Floor  Dubai Investment Park 1,04-8836656
Care Plus Med Ctr (Advanced Grp),DXB,CLINIC,,Awqaf Building Above Uae Excha Industrial Area 1 Industrial Area 1,04-8829333
Central Polyclinic,DXB,CLINIC,,"641A; F-6; Al Ghurair Center Rigga Street Muraqqabat,Deira",04-2280009
Clinicare (Imara),DXB,CLINIC,,"Ahmed Plaza Building Opposite To Al Futtaim Mosque Naif Road, Deira",04-2617175
Clinicare Samari (Imara),DXB,CLINIC,,"Samari Retail Mall, Next To Samari Residence Oman/Hatta Road, Ras Al Khor",04-3322682
Community Healthcare Llc,DXB,CLINIC,,"Nuzul Accommodation 839 Parco Hypermarket Industrial Area 1, Jebel Ali",04-8806111
Community Medical Center,DXB,CLINIC,,174 Villa Mankhool Street Satwa,04-3985328
Cooper Health Clinic Br,DXB,CLINIC,,1St Flr J3 Mall Al Wasl Rd Al Manara,04-3508800
Cosmopolitan Medical Center,DXB,CLINIC,,"Abdukka Al Fahlani Building, M Fahidi Street Bur Dubai",04-3257457
Dermamed Clinic,DXB,CLINIC,,Unit342-345 Wafi Mall Health Care City Metro Stn Oud Metha,04-3852222
Digital Polyclinic,DXB,CLINIC,,"Officecourtbuilding Suite 11, First Floor Oud Metha",04-3355011
Docib Clinic Llc (Lulu),DXB,CLINIC,,"Lulu Village Building, 13-20 Amman Street Muhaisnah",04-2544123
Doctors Clinic & Diagnostic Centre,DXB,CLINIC,,03R1-R3 Ground Floor 64 Al Razi Bldg Dubai Healthcare City,04-4579111
Doctors Clinic (Avivo),DXB,CLINIC,,"Office # 2062Nd Floor, Al Owai Baniyas Road Baniyas Square",04-2246688
Dr Sai Ganesh Medical Centre,DXB,CLINIC,,Sapphire Tower Near Dnata Deira,04-2560866
Dr Sai Ganesh Medical Centre Llc,DXB,CLINIC,,Abdulla Al Fahedi Building Above Liitle Hut Restaurant  Al Qusais,04-2500017
Dr Sulaiman Al Habib Medical Center (Except Psychiatric Services),DXB,DAY CARE,,"Indigo Central 1 Plot 357-0709 Al Safa 2, Sheikh Zayed Road",04-4297777
Dr. John Clinic (Imara),DXB,CLINIC,,"Mozna Building, Near Al Nahda Station Doha Street, Al Nahda",04-2617176
Dr. Joseph'S Polyclinic(Ghi) (Ex Dental),DXB,CLINIC,,"Near Al Karama Metro Station,A Shaik Khalifa Bin Zayed Street Hudaiba,Bur Dubai",04-3378828
Dr. K Medical Center Dmcc,DXB,CLINIC,,Unit 101 The Dome Tower Cluster Jlt,04-3949877
Dr. Koyas Clinic-Aster,DXB,CLINIC,,Behind Naif Police Station Deira,04-2225854
Dr. Mansoori Clinic,DXB,CLINIC,,Zeena Building  Port Saeed Port Saeed Area,04-2989995
Dr. Moopen'S Al Qouz Medical Ctr (Aster),DXB,CLINIC,,"Grand Mall Grand Mall Qouz 1,Bur Dubai",04-3387871
Dr. Moopens M C Karama (Aster),DXB,CLINIC,,"Ground Floor, Al Shorouq Build Zabeel Road Karama",04-3374767
Dr. Moopen'S Polyclinic (Aster),DXB,CLINIC,,"Shop 2&3, Al Ghurair Real Bldg Near Dubai Palm Hotel Al Muteena",04-2979000
Dr. Radhakrishnan  Medical Centre,DXB,CLINIC,,Hor Al Anz Aboobacker Al Siddique Rd Flat No.1 M/F Al Falasi Bldg,04-2659270
Dr. Radhi Al-Hilou Ent Clinic,DXB,CLINIC,,"Zabeel Building, 1St Floor, Fl Umm Hurair Road Karama,Bur Dubai",04-3370333
Dr. Salah Al Rubaie Clinic,DXB,CLINIC,,"206, F-2, Abv.Alia Pharmacy Murrakkabat Street Rigga,Deira",04-2977716
Dr. Shanil Medical Center L.L.C,DXB,CLINIC,,"C-12,Shp.1 G/F China Cluster International City",04-4308384
Dr. Zuhair Sikafi Clinic,DXB,CLINIC,,"Al Ain Centre, Suite 115 Mankhool Road Burjuman",04-3522331
Dr.Azzam Abdulrazzak Clinic,DXB,CLINIC,,Office # 2062Nd Floordubai Isl Dhiyafa Road Satwa,04-3988055
Dr.Ismail Medical Center Al Qouz,DXB,CLINIC,,Awqaf Building 1 Al Khail Gate Industrial Area 2,04-3381550
Dr.Ismail Medical Center Al Qsais,DXB,CLINIC,,Al Awqaf Building 1 Sonapur Street Mohaisanah 2,04-2646529
Dr.Ismail Medical Center Jebel Ali,DXB,CLINIC,,"06-07-Discovery Grand 12 Build Discovery Gardens,Zen Cluster3 Discovery Gardens",04-4494087
Dr.Ismail Polyclinic,DXB,CLINIC,,"Opp. New Sindh Punjab Restaura Lulu Hyber Market Street Karama,Bur Dubai",04-3378585
"Dr.Ismail Polyclinic-Branch, Jebal Ali",DXB,CLINIC,,Awqaf Building Near Grand Mini Mall Jebal Ali Ind-1,04-8877750
Dr.Joseph'S Qusais Polyclinic(Amber-Ghi),DXB,CLINIC,,Clinic # 3 & 4Ground Floorqusa Street # 32A Qusais 1,04-2636767
Dr.Reena Beegum Clinic,DXB,CLINIC,,Omar Bin Al Khatab Bld Omar Bin Khatab Street Muteena,04-2240060
Dr.Sanjay Medical Center,DXB,CLINIC,,Al Khail Mall Latifa Bint Hamdan Road Qouz 4,04-3285999
Drs. Nicolas & Asp Centre (Br Marina)(Medical And Dental),DXB,CLINIC,,Lvl 1 Mesk Tower Emaar Above Marina Pharmacy Dubai Marina Walk,04-3609977
Drs. Nicolas & Asp Centre (Br Mirdif)(Dental Only),DXB,DENTAL,,F3 Uptown Mirdif Next To Starbucks Coffee Shop Uptown Mirdif,04-2559977
Drs. Nicolas & Asp Centre (Dental Only),DXB,DENTAL,,"Villa 446, Jumeirah Main Road Next To Jumeirah Beach Park Al Kahawer St., Jumeirah 3",04-3947777
Drs. Nicolas & Asp Centre (Remal Br) (Medical And Dental),DXB,CLINIC,,Nspv-Ff-27 The New Springs Village Emirates Hills,04-5572949
Dubai London Clinic - Dental Center,DXB,CLINIC,,Dubai London Hospital Umm Sequim 2,800-352
Dubai London Clinic & Specialty Hospital,DXB,CLINIC,,Al Thanyah Centre Al Thanyah Street Umm Al Sheif,04-3782814
Dubai London Clinic - The Villa,DXB,CLINIC,,The Villa Centro Mall Near Spinnys Wadi Al Safa 5,04-3782821
Dubai London Clinic And Speciality Hospi,DXB,CLINIC,,"Lower Ground Level B-1001A, 02, 03A,Nakheel Mall Palm Jumeirah",04-3782843
Dubai London Clinic- Garhoud Branch,DXB,CLINIC,,Dubai Festival City Mall Groun Garhoud Road Garhoud,04-2325751
Dulsco Medical Clinic Branch,DXB,CLINIC,,Souqno4Gateno2 Labor Village No 1 Dubai Industrial City,04-4219354
Dulsco Medical Services,DXB,CLINIC,,Dulsco Village Premises Behind New Grand City Mall Quoz Industrial Area 4,04-3232442
Durraiya Kamal Medical Clinic,DXB,CLINIC,,"Al Ghaz Building, Apt 105, Nea Al Maktoum Hospital Road Baniyas Square,Deria",04-2238612
Dx Bone Bone And Joint Excellence -Br,DXB,CLINIC,,"Building 1A, Floor 2  Dubai Design District",04-2407204
Dxbone Excellence Center Llc,DXB,CLINIC,,61 A Street  Al Gharhoud,800-392663
Ebsaar Eye Surgery Center,DXB,CLINIC,,Villa 32 A Behind Village Mall Jumeirah Beach Road,04-3440122
Emirates Hospitals & Clinics Llc Branch,DXB,CLINIC,,20Th Floor Al Habtourbusiness Dubai Marina,04-5200500
Emirates Hospitals &Clinics Llc -Conrad,DXB,CLINIC,,Conrad Business Towers Shaikh Zayed Road Shaikh Zayed,04-3855333
Emirates Hospitals And Clinics Llc Branc,DXB,CLINIC,,"27Th Floor, Al Habtoor Busines Sufouh Road Dubai Marina",04-4471777
Emirates Hospitals And Clinics Llc Palm,DXB,CLINIC,,"Mezzanine, Building 9 Golden Mile Galleria, Palm Jumeirah",04-2428663
Emirates Hospitals Clinics Business Bay,DXB,CLINIC,,Business Bay Avenue Shop: F54 Business Bay,04-3250034
Emirates Star Medical Center Branch,DXB,CLINIC,,Jafza Medical Next To Village Hypermarket Jafzanrth,04-8844446
Excellency Physiotherapy Center Llc,DXB,CLINIC,,Bay Avenue Mall M Flr  Units F09 & F10 Business Bay,04-4533377
Exeter Mc For Bone & Joint Health-Dxb,DXB,CLINIC,,"Villa # 30, Behind Village Mal Street 4 A Jumeirah",04-3801015
Falcon Medical Clinic,DXB,CLINIC,,Al Rustamani Bldg. Khalid Bin Waleed Rd Al Fahidi,04-3554352
Family Clinic (Nmc),DXB,CLINIC,,"Albadaoasisbuilding Al Hudeiba Street Al Bada, Satwa",04-3451145
First Medical Centre,DXB,CLINIC,,"Bu Haleeba Bldg., Above Dominos Pizza Al Muraqqabat",04-2976868
Galinus Center For Physiotherapy And Reh,DXB,CLINIC,,Gate81Stfloorhamaraincenter Near Al Murraqabat Police Stat Abu Baker Al Siddique Road,04-2277700
Gardens Medical Centre (Aster)A+,DXB,CLINIC,,"No.9 G Floor,Behind Chelsea Ho Zen Cluster Discovery Gardens",04-4489151
Gardens Speciality Clinic (Aster)A+,DXB,CLINIC,,Ground Flr Zen Cluster Near Sunrise Supermarket Discovery Gardens,04-2767512
General Medical Centre (Gmc),DXB,CLINIC,,"Magrudy'S Mall, 1St Floor Jumeirah Road, Jumeriah 1 Dubai, Uae",04-3494880
General Medical Centre Branch (Gmc),DXB,CLINIC,,"1St Floor, World Trade Centre Appts - Block A Dubai",04-3313544
General Medical Centre Tecom (Gmc ),DXB,CLINIC,,"Tameem House, 3Rd Flr Suite,301, Tecom Dubai",04-5676808
German Heart Centre Bremen Fz-Llc,DXB,CLINIC,,"2Nd Floor, Al Fasil Building Oud Metha Road Dhcc",04-3624797
German Medical Centre Fz-Dhcc (Avivo),DXB,CLINIC,,Buildingb 302 Oud Metha Road Dhcc,04-4322989
German Neuroscience Center,DXB,CLINIC,,"Flat 2006, Al Razi Bldg Dubai Health Care City Dubai",04-4298578
German Neuroscience Center Fz-Llc,DXB,CLINIC,,Jlt Cluster 1 Platinum Tower 2806 Jumeirah Lake Towers,04-4298578
Getwell Medical Centre,DXB,CLINIC,,"Getwell Building, F-2, 203 Khalid Bin Waleed Road Mankhool,Bur Dubai",04-3595935
Globehealth General Clinic Llc(Ghg),DXB,CLINIC,,"American Hospital Karamanear L Albada Street Karama,Satwa",04-8747450
Golden Heart Medical Services Llc,DXB,CLINIC,,Unit 1405 Prime Tower Building Business Bay,04-3447004
Good Living Medical Centre,DXB,CLINIC,,"Sheikh Hamdan Award Complex, B Al Mina Road, Jumeirah 1",04-3546060
Goodhealth Polyclinic,DXB,CLINIC,,"Office # 102 & 102, 1St Floor, Damascus Street Qusais 1,Deira",04-2612000
Goodwill Clinic Llc,DXB,CLINIC,,Al Bateel Mall Talaal Plaza Hypermarket Jebal Ali 1,04-8848777
Grand Infinity Medical Center,DXB,CLINIC,,Alqasserbuilding Madina Mall Muhaisina-4,04-2515458
Grand Infinity Medical Center Llc Branch,DXB,CLINIC,,Shop 4 Next To Excelsior Hotel Muteena St Deira,04-2621791
Green Community (Gmc Healthcare Llc),DXB,CLINIC,,The Market Shopping Mall 1St Flr Green Comm Dubai Investment Park,04-8853225
Gsm Medical Center,DXB,CLINIC,,Al Bada Al Muaded Building Al Mazrouei Al Satwa,04-8831002
Gulf Medical Centre (Llc),DXB,CLINIC,,"Shop 5,Al Rouhani Building Al Ittihad Road Deira",04-2626000
Harley International Medical Clinic,DXB,CLINIC,,"Naswan Bidg Next To Maxim Supe Satwa Road Satwa,Bur Dubai",04-3989988
Harley International Medical Clinic Bran,DXB,CLINIC,,"Nashwan Building Near Dubai Public Library Al Mankhool ,Burdubai",04-3986677
Harley International Medical Clinic Llc,DXB,CLINIC,,"2Nd Floor - 202, Al Attar Businees Centre Al Barsha",04-3986677
Health Call Fz Llc,DXB,CLINIC,,"502 Ibn Sina Building, Dubai Oud Metha Road Dhcc",04-3635343
Health Family Clinic,DXB,CLINIC,,Flat 3093Rd Flooravenue Showro Khalid Bin Waleed Road Khalid Bin Waleed Road,04-3960034
Health Hub -Br 6 Karama,DXB,CLINIC,,Al Kifaf Mansion Building Ground Floor Karama,04-5967120
Health Hub Clinic-Al Nahda 2,DXB,CLINIC,,Essa Saleh Al Gurg Amman Street Al Nahda2,04-5967355
Health Hub-Al Warqa,DXB,CLINIC,,Mashroom Building No-3 Al Warqa Street Al Warqa 1,04-2186222
Health Hub-Discovery Garden,DXB,CLINIC,,"Zen Clustr, Discovery Garden, Jebel Ali",04-3645200
Health Hub-International City,DXB,CLINIC,,Warsan 77 Near To Dragon Mart International City,04-5714100
Health Hub-Silicon Oasis,DXB,CLINIC,,Lynx Tower Near Green Park Supermarket Silicon Oasis,04-3057300
Heart First Medical Centre Dhcc,DXB,CLINIC,,"Flat 206, 2Nd Floor, Ibn Sina Oud Metha Road Dhcc",04-4298298
Hellenic Dental Clinic Llc,DXB,DENTAL,,Villa G4U1  Al Wasl Road Jumeirah 1,04-3490422
Hmc Medical Center Llc,DXB,CLINIC,,Detroit House Detroit Street Motor City,04-5668336
Houston Medical Clinic L.L.C Branch,DXB,CLINIC,,"No.101, 1St Floor Rna Resourse Bldg Al Quoz 3",04-3887456
Houston Medical Clinic Llc,DXB,CLINIC,,Opp .Lulu Al Barsha Near Mall Of Emirates Al Barsha,04-3850603
Ibrahim Abbara Clinic,DXB,CLINIC,,"Office # 212, 2Nd Floor, Ibn S 2Nd December Street Diyafah,Bur Dubai",04-3988853
Imc Medical Center Llc,DXB,CLINIC,,"Flat F43 , Al Barsha Mall Al Barsha 3 Dubai",04-3320007
Imperial Healthcare Institute,DXB,DAY CARE,,"Ibn Sina Building, (#27) Above Oud Metha Road Dhcc",04-4393737
Index Medical Center Llc,DXB,CLINIC,,"27,Ibn Sina Medical Complex Office 101,1St Floor,Block B Dhcc",04-4495454
Islamabad Medical Clinic L.L.C,DXB,CLINIC,,Residence 0943 Retail No 4 Hor Al Anz,055-3358623
Janson Medical Center,DXB,CLINIC,,"Mezanine Floor, Kassim Mohd. B Rafa Road Rafa,Bur Dubai",04-3939011
Jts Medical Centre Llc,DXB,CLINIC,,"Flat 107, First Floor, Jumeria 2Nd December Street Diyafah,Jumeria",04-3799954
Jumeira Prime Medical Center,DXB,CLINIC,,Al Ferdous 1 Al Wasl Road Al Wasl,04-7070999
Jupiter Al Nahda Polyclinic,DXB,CLINIC,,"Ground Flr, Trio 3 Building Behind Sahara Mall Al Nahda 2",04-2344429
Jupiter Al Qusais Polyclinic Llc,DXB,CLINIC,,"#207, Al Mazoon Building Opp: Grand Hotel Al Qusais",04-2630987
Jupiter Specialty Medical Center,DXB,CLINIC,,Next To Al Karama Metro Statio Karama Metro Footbridge Mankhool,04-3866330
Karama Medical Center (Al Qouz)-Kmc,DXB,CLINIC,,"1St Floor, Grand City Mall,Nea Marabea Road Qouz 4",04-3413645
Karama Medical Center (Dip)-Kmc,DXB,CLINIC,,"1St Floor, The Parks Shopping Dip Dip",04-8848368
Karama Medical Centre Br Burjuman,DXB,CLINIC,,"Al Yateem Building, Near Burjuman Metro Station, Karama",04-3533008
Karama Medical Centre Br. Jumeirah-Kmc,DXB,CLINIC,,Atlantis Staff Accomodation Am Khail Road Jumeirah Village,04-4229867
Karama Medical Centre Br.Al Khail Gate,DXB,CLINIC,,New West Zone Mall Al Khail Gate Al Quoz,04-4533584
Karama Medical Centre Br.Alquoz Mall-Kmc,DXB,CLINIC,,Al Quoz Mall Al Quoz,04-3388227
Karama Medical Centre Muhaisnah Br,DXB,CLINIC,,"Blk 19, Jiwin Staff Accom Bldg Sonapur Muhaisna 2",04-2630341
Karama Medical Clinic-Kmc,DXB,CLINIC,,"306; F-3; Ibrahim Khalifa Buil Opp. Fish Market Karama,Bur Dubai",04-3366889
Keerthi Medical Center,DXB,CLINIC,,Next To Karama Ctr Kuwait Street Bur Dubai,04-3344256
Khalidha Medical Centre Llc,DXB,CLINIC,,"103&104 1St Karachi Resto Bldg Al Khail Mall,Latifa Hamdan St Al Quoz 3",04-3381947
Khawaneej Health Centre (Dha),DXB,CLINIC,,"Opp Hamdan Bin Rashid High Sch Amardhi St, Khawaneej Rd Al Khawaneej",800-342
Kidsheart Medical Center Fz-Llc,DXB,CLINIC,,"Building # 27,Near Subway Dhcc",04-4529970
Kims Medical Centre,DXB,CLINIC,,"Al Dossari Building,G&Ist Flr Next To Abu Baker Al Siddique Salah Al Din Street,Hor Al Anz",04-2624500
Kings College Hospital London Mc  (No Dental Services on Direct Billing),DXB,CLINIC,,"Al Kharbash Building,2Nd Floor Billqetair Street Umm Suqeim 1",04-3789555
"Kings College Hospital London, Mc  (No Dental Services on Direct Billing)",DXB,CLINIC,,The Residences At Marina Gate Dubai Marina Marina District1,04-2477777
Kings Medical Center Llc,DXB,CLINIC,,4Th Floor  Al Rigga Business Center  Al Riqqa,04-2552020
Lafamilia Medical Center Llc,DXB,CLINIC,,"10Th Flr,I Rise Tower E1,Corner Hessa Street Al Khail",04-4430700
Lakeshore Medical Center,DXB,CLINIC,,Ground Floor Al Bustan Centre Al Qusais,04-5915411
Lavie Clinic L.L.C.,DXB,CLINIC,,Villa No 1027 Al Wasl Road  Jumeirah 3,04-3947190
Lifeworks Holistic Counselling Centre,DXB,CLINIC,,"Villa 1230, Bahwan Villas Al Wasl Road Umm Sequim2",04-2245736
Live Care Clinic,DXB,CLINIC,,Shoppers Mall  New Mini Parco-Shoppers Mall 13Th Street,04-8848848
Lotus Medical Center Llc,DXB,CLINIC,,Al Rostamani Bldg Latifa Bin Hamdan Road Al Quoz 3,04-3465380
Lusaily Clinic (Dha),DXB,CLINIC,,Near Lisaili Park Opp Lusaily Commercial Center Al Lisaili,800-342
Mag Clinic,DXB,CLINIC,,Near Ibis Hotel Sheikh Zayed Road Sheikh Zayed Road,04-3794444
Maissan Medical Clinic,DXB,CLINIC,,Ist Floor Mirdif 35 Mall Al Khawaneehj St Mirdif,04-2977995
Mamzar Health Centre (Dha),DXB,CLINIC,,Near Al Ittihad Private School Al Rasheed Rd Cairo St Al Mamzar,800-342
Mankhool Health Centre (Dha),DXB,CLINIC,,Behind New Public Library Al Mankhool Road Bur Dubai,800-342
Manzil Home Health Services Llc- Dubai B,DXB,CLINIC,,Empire Heights Tower A Office Marasi Drive Business Bay,04-5573360
Marhaba Medical Centre,DXB,CLINIC,,"Mezzanine Floor, Bin Jash Buil Al Maktoum Hospital Road Deira",04-2224844
Marina Medical Center,DXB,CLINIC,,"Shop 1, Botanica Tower Bldg Behind Al Habtoor Hotel Dubai Marina",04-3999030
Medcare Medical Center - Br Mirdif,DXB,CLINIC,,"Al Barajeel Oasis Building, Algeria Street Uptown Mirdif",04-2847199
Medcare Medical Center - Marina Br,DXB,CLINIC,,Sukoon Towers Al Emreef Street Dubai Marina,04-5586467
Medcare Medical Center Discovery Gardens,DXB,CLINIC,,"Discovery Pavillion Bldg Rd 7, Beside Geant Supermarket Discovery Gardens",04-4079220
Medcare Medical Center Maf City Center,DXB,CLINIC,,Inside Mirdif City Center 1St Mirdiff Shopping Mall Mirdif,04-2840722
Medcare Medical Centre Al Khawaneej,DXB,CLINIC,,Dakakin Centre Near Al Khawaneej Mosque Al Khawaneej,04-2803954
Medcare Medical Centre Al Barsha (Br Of,DXB,CLINIC,,Trio Building Near Grandiose Stores Al Barsha,04-3255015
Medcare Medical Centre Motor City Br,DXB,CLINIC,,Flat 3 The Ribbon Mall Motor City Motor City,04-5147969
Medcare Medical Centre Al Furjan West,DXB,CLINIC,,Bin Sougat Centre Airport Road Rashidiya,04-2885881
Medcare Medical Centre Jbr,DXB,CLINIC,,"Sadaf Cluster Plaza Level, Sho Jumeirha Beach Road Jbr",04-4539450
Medcare Physio & Rehab Center,DXB,CLINIC,,Smj 1 Building Sheikh Zayed Road,04-3240511
Medcare Specialist Pediatric Clinic,DXB,CLINIC,,"Al Kous St And 3A St,  Jumeira Near Jumeira Beach Park, And H Jumeirah",04-3136666
Medcare Specialty Centre Mirdiff,DXB,CLINIC,,47 Street Al Barjeel Oasis Complex Uptown Mirdiff,04-4079200
Medi Family Polyclinic Fze,DXB,CLINIC,,"115 Flr Sit Tower Nadd Hessa St, Free Zone Area Dubai Silicon Oasis",04-3922267
Medica Zone Clinic,DXB,CLINIC,,Villa No. 18 Al Wasl Rd. Al Wasl Rd.,04-3383100
Medical Specialists Centre (Msc),DXB,CLINIC,,"1St Floor, Dubai Real Estate C Mina Road Mina",04-3409495
Medical Specialist'S Ctr-Al Barsha(Msc),DXB,CLINIC,,"Near Holiday Inn Hotel, Mohamm Sheikh Zayed Road, 4Th Interch Barsha",04-3409495
Mediclinic Al Qusais,DXB,CLINIC,,"Dubai Residential Oasis, Near Damascus Street Qusais 2,Deira",04-2586466
Mediclinic Al Sufouh,DXB,CLINIC,,"Block 10,Next To Welcare Hospi Sufouh Road Dubai Knowledge Village",04-3661030
Mediclinic Arabian Ranches Llc,DXB,CLINIC,,Arabian Ranches Community Cent Arabian Ranches Arabian Ranches,04-4495111
Mediclinic Dubai Mall Med Ctr,DXB,DAY CARE,,Level 2 Parking 3 Dubai Mall,04-4495246
Mediclinic Ibn Battuta,DXB,DAY CARE,,China Courtg F142 Shop Ibn Batuta Mall Discovery Gardens,04-4409000
Mediclinic Meadows Clinic,DXB,CLINIC,,"Meadows Community Centre,Near Meadows Street Meadows",04-4534040
Mediclinic Meaisem,DXB,CLINIC,,"G044, Me'Aisem City Centre Intl Media Production Zone Sheikh Mohd Bin Zayed Rd",04-2478333
Mediclinic Mirdif,DXB,CLINIC,,"Uptown Mirdif, G F, Shop 13 Algeria Street Mirdif",04-2881302
Mediclinic Springs Clinic,DXB,CLINIC,,"Meadows Al Sohool,Meadown Town Meadows",04-5103222
Mediclinic Welcare Outpatient Ctr,DXB,CLINIC,,2Nd Street Al Garhoud Block F Qarhoud Build Aprt Welcare Hospital,04-2827788
Medicorp Gulf Medical Clinic,DXB,CLINIC,,"Room 101,  1St Floor, Al Shafar Building 7 Al Wasl Road Al Badaa",04-3121000
Medicure Poly Clinic Branch (Dso),DXB,CLINIC,,Palace Towers Dubai Silicon Oasis Dubai Silicon Oasis,04-3793931
Medicure Polyclinic,DXB,CLINIC,,Next To Mina Plaza Hotel Villa Mankhool Street Mankhool Street,04-3984866
Medilife Polyclinic,DXB,CLINIC,,Alameedplaza 318 Street Al Quoz,04-4321955
Medline Medical Center,DXB,CLINIC,,Jumeirah Terrace Building 2Nd December Road Jumeirah 1,04-3542777
Medstar Healthcare Llc,DXB,CLINIC,,Grnd Flr Gulf Tower Bldg. Opp: Dhcc Oud Metha Rd,04-3577877
Medze Clinic (Br Of Medze Healthcare L.L.C),DXB,CLINIC,,Shop No 1 And 2  Al Mulla Building Deira,04-2663393
Medze Starmed Poly Clinic Llc,DXB,CLINIC,,K5 Building Flat No 104  Al Muraqabat St Al Muraqabat,04-2620660
Mercato Family Clinic,DXB,CLINIC,,"Villa-1,322 Near Mercato Shopping Center Jumeirah Beach Road",04-3448844
Mid East Polyclinic (Bhatia),DXB,CLINIC,,"M Floor, Otaiba Bldg Next To Al Maya Supermarket Al Rigga, Deira",04-2216888
Miracure Medical Center,DXB,CLINIC,,Rashid Buset Building Opposite Dubai Harbor Project Ras Al Khor,04-3202500
Mirdif Physiotherapy & Rehab Center,DXB,CLINIC,,Shop #10 Algeria Street Uptown Mirdif,04-2559297
Modern Family Clinic,DXB,CLINIC,,"Umm Hurair Buildingopp To Civi Zabeel Road Karama,Bur Dubai",04-3343263
Montreal International Clinics Llc,DXB,CLINIC,,Villa No. 345 Jumeira Beach Road Jumeirah 2,04-3441132
Move Freely Physiotherapy Centre,DXB,CLINIC,,Ground Floor At The Aviation Club Al Garhoud,04-2821004
Muhaisna Specialist Medical Ctr (Avivo),DXB,CLINIC,,Sulthan Muhaisna Old Muhaisna 2 Old Muhaisna 2,04-2644034
Multi Care Medical Center,DXB,CLINIC,,Al Khail Gate Community Latifa Bin Street Al Qouz Residential Area,04-4245863
Mustafa Alqaysu Medical Centre,DXB,CLINIC,,Mai Tower  Ground Floor .Amman Street Al Qusais,04-8868823
My Doc Specialist Medical Center Dmcc,DXB,CLINIC,,14 Flr Fortune Executive Tower Cluster T Jumeirah Lake Towers,04-3607089
My Health Day Surgery Center Llc(Alsalam,DXB,DAY CARE,,"336 Al Ghurair Tower 2 Al Ghurair Mall, Al Rigga St. Deira",04-2522100
My Pedia Clinic Fz-Llc,DXB,CLINIC,,Flat 1011 Al Razi Bldg 64 Dhcc Oud Metha,04-4305926
Nad Alhamar Health Center (Dha),DXB,CLINIC,,Opp Nad Al Hamar Primary Sch Nadd Al Hamar Rd Al Rashidiya,800-342
Nadd Al Shiba Clinic (Dha),DXB,CLINIC,,Behind Nad Alshiba Police Stat Near Tashkeel Nadd Al Shiba 1 Road,800-342
Nagem Dental Center Llc Branch,DXB,DENTAL,,Business Center Building Room 506 17 A Street Al Barsha,04-3991115
Nagem Dental Diet & Laser Center Llc,DXB,CLINIC,,Cbd E05 Shop 1  Opposite Chick Bait Restaurant International City,04-4564090
Naif Medical Center,DXB,CLINIC,,"Al Lootah Building,Near Rashid Naif Road Naif",04-2716224
Nanom Healthcare L.L.C (Emirates),DXB,CLINIC,,Nakhlat Jumeira 381 Dubai Palm Dubai,04-2428663
Netcare Clinic,DXB,CLINIC,,"Office # 107, 1St Floor, Dubai Dhiyafa Road Satwa,Bur Dubai",04-3988838
Green City Medical Center LLC,DXB,CLINIC,,"Obroy Building Firstfloor,Alquoz Industrial Area4",04-3333450
New Al- Musalla Medical Centre- Musalla,DXB,CLINIC,,Shaklan Supermarket Building Muhaisna-2 St. Sonapoor,04-2641449
New Apollo Polyclinic,DXB,CLINIC,,"Office # 101, 1St Floor, Karam Kuwait Street Hudaiba,Bur Dubai",04-3379040
New Emirates Medical Centre,DXB,CLINIC,,"202; F-2; Alhawai Building, Nr Rigga Street Rigga,Deira",04-2283555
New Fathima Medical Center (Fmc),DXB,CLINIC,,"Office # 101, 1St Floor, Al Sh Musalla Road Bur Dubai",04-3528428
New Lotus Medical Center,DXB,CLINIC,,201 Dubai Coop Society Buildin Damascus Street Qusais,04-2619795
New Medical Centre,DXB,CLINIC,,"1St Floor Nesto Hypermarket, N New West Accommodation Jafza",04-8808856
New Medical Centre Llc,DXB,CLINIC,,"Mezzanine Floor, New Safiya Bu Salahuddin Street Hor Anz,Deira",04-2689800
New Medilife Medical Center Llc,DXB,CLINIC,,Building Material Market Al Warsan Grnd Floor Ras Al Khor,04-2888315
New Sanaiya Clinic - Br,DXB,CLINIC,,2 Inside akmart dubaiinvestment park Dip,800-7400
New Sanaiya Clinic (Sanaiya),DXB,CLINIC,,"Muhaisnah 2, Sonapur Gnd Flr Al Abaar Complex Nxt To Madina Supermarket",04-2648101
New Sanaiya Clinic-Br Horalanz (Sanaiya),DXB,CLINIC,,Hor Al Anz Ali Mesmar Bldg Nr Emirates Driving Inst,04-2681333
New Vision Eye Center Fz-Llc,DXB,DAY CARE,,"3008, 3Rd Flr Al Razi 64, Near Emirates Nbd Dubai Healthcare City",04-4519595
Nmc Dic Clinic And Pharmacy Warsan,DXB,CLINIC,,Shop No 11820 China Cluster Warsan,04-8108808
Nmc Polyclinics (Dp World),DXB,CLINIC,,Dp World Clinic Dp World Port Jebal Ali Freezone,04-8896399
Noor Al Shefa Clinic,DXB,CLINIC,,"1St Floor Jebel Ali Mall, Indu Zayed Ibn Sultan Street Jebel Ali",04-8878155
Noor Al Shefa Clinic 3,DXB,CLINIC,,Jafza Mall Jafza South Jafza,04-8817530
Noor Al Shefa Clinic Al Quoz Branch,DXB,CLINIC,,"107, Al Ghurair Intl Exchange Al Quoz Industrial 3",04-3807636
Noor Al Shefa Clinic Aweer,DXB,CLINIC,,Union Co-Op Society Ras Al Khor Aweer,04-3886601
Noor Al Shefa Clinic Branch 4,DXB,CLINIC,,Meena Retail Building  Jafza West,04-8844666
Northwest Clinic For Day Surgical LLC,DXB,CLINIC,,"Villa 935, G+1, Near J3 Mall, Umm Suqeim 2 Al Wasl Road",04-3307117
Novomed Allergy & Asthma,DXB,CLINIC,,Marinaplazafloor#3  Marina,04-2473100
Novomed Wellness Center,DXB,CLINIC,,Ghedayera Obaid Mubarak Beljafla Vills No 2 Umm Suqaim 3,04-3215222
Novomed Centers Pharmacy,DXB,PHARMACY,,30th Floor Marina Plaza Dubai Marina,8006686
Novomed Specialized Clinics,DXB,CLINIC,,Marinaplazafloor#3  Marina,04-2473100
Nucleus Clinic L.L.C,DXB,CLINIC,,Al Fattan Marine Tower Opposite Rixos Hotel Jbr Walk,04-3437900
Okare Physiotherapy Center,DXB,CLINIC,,Uptown Mirdiff Mirdiff Uptown,04-2323332
Open Minds Psychiatry Counselling And Ne,DXB,CLINIC,,"The One Tower Suite 904, 905 9Th Floor Tecom,Al Barsha",04-8761444
Optimum Diagnostic Clinic Dmcc,DXB,CLINIC,,"Flat806/807 X3 Tower Near Damac Metro Stn Jlt, X Cluster",04-3605222
Orthocure Medical Center,DXB,CLINIC,,9002-A Ground Al Barajeel Uptown Mirdif Algeria 47 Uptown Mirdif,04-2888812
Orthosports Medical Center,DXB,CLINIC,,M Floor Addiyar Building 5-58B St Sheikh Zayed Road,04-3450601
Lifeguard General Clinic,DXB,CLINIC,,Suhail Saleem Saed Building Shop Num-8 Jebal Ali Industrial Area,056-1619127
Panacea Medical & Wellness Center,DXB,CLINIC,,#Name? Tariq Bin Ziyad Road Umm Hurair,04-3582020
Paradise Plus Poly Clinic,DXB,CLINIC,,Ritaj Community Centre 1St F Alyalais Street Dubia Investment Park 2,04-8848270
Pearls Polyclinic,DXB,CLINIC,,"Al Khalafy Building, Near Tele Wuheida Road Mamzar",04-2387788
Physiocare Fz Llc,DXB,CLINIC,,"Flat 2027, Building, 24, Al Ra Oud Metha Road Dhcc",04-4298560
Premier Diagnostic Center LLC,DXB,CLINIC,,Opp. Reef Mall Salahuddin Street Hor Anz,04-7070999
Primacare Speciality Clinics Llc (Avivo),DXB,CLINIC,,"Musalla Tower And Mall Musalla Road Al Hamriya,Bur Dubai",04-3705080
Prime Medical Center - Rta,DXB,CLINIC,,"Block C, Ground Floor Rta Headquarters, Um Ramool",04-7070999
Prime Medical Center (Mizhar Branch),DXB,CLINIC,,Arabian Center Building Khawaneej Road Mizhar,04-7070999
Prime Medical Center (Sheikh Zayed Road),DXB,CLINIC,,Shop No 1205A 2nd Flr Oasis Mall Sheikh Zayed Road Al Quoz 1,04-7070999
Prime Medical Center Al Warqa,DXB,CLINIC,,Al Warqa City Mall Tipoli Street Al Warqa,04-7070999
Prime Medical Center Barsha Heights Br,DXB,CLINIC,,The Onyx Tower 1 Ground Floor Sheikh Zayed Road,04-7070999
Prime Medical Center Bur Dubai,DXB,CLINIC,,3Rd Floor Burjuman Center Khalid Bin Al Waleed Road,04-7070999
Prime Medical Center Motor City(Prime),DXB,CLINIC,,Motorcity,04-7070999
Primecorp Medical Center Dip - Br,DXB,CLINIC,,Bldg33 Al Futtaim Accomodation Dubai Investment Park 2 Dip,04-7070999
Primecorp Medical Center Dwc,DXB,CLINIC,,Dubai Aviation Engr Project Al Maktoum Int'L Airport Al Maktoum,04-7070999
Primecorp Medical Center Llc Jabal Ali B,DXB,CLINIC,,Alec Camp 12 Jabal Ali Industrial  First G0 Jabal Ali,04-7070999
Professor Al Samarrai Center Fz-Llc,DXB,CLINIC,,"2/F Al Razi Building, Oud Meth Oud Metha Road Dhcc",04-4233669
Rashid Trauma Center (Dha),DXB,CLINIC,,Rashid Hospital,04-2192000
Ruby Clinic (Sanaiya),DXB,CLINIC,,International City China Cluster H6 Grnd Flr Dragon Mart,04-4226899
Safa Health Centre (Dha),DXB,CLINIC,,Near Al Safa Park Al Attar Road Al Safa,800-342
Saleem Polyclinic (Aster),DXB,CLINIC,,"Al Morjana Plaza,112,1St Floor Satwa Road Satwa,Bur Dubai",04-3495353
Saudi German Clinics,DXB,CLINIC,,The Mall Opp Jumeirah Beach Resort Umm Suqeim 3,04-3890000
Sekher Medical Clinic,DXB,CLINIC,,"Near Old Grand Mall, Flat No-1 Madina Road Industrial Area 3",04-3387749
Seven Dental Centre,DXB,CLINIC,,Villa 506/B Beach Road Jumeirah 3,04-3952177
Medlite Medical Centre,DXB,CLINIC,,Groundfloor Cbd-2 International City,04-4585859
Sheikh Manaa Bin Hasher Almaktoum Pc,DXB,CLINIC,,"Al Shafar Building 7 Al Wasl Road ,Al Safa Opp Emirates Petrol Station",04-3420642
Sirajudeen Medical Centre,DXB,CLINIC,,"First Flr Jumbo Building,Opp V Street # 20B Karama",04-3345955
Spanish Centre Lasik & Eyes & Cosmetic L,DXB,DAY CARE,,Villa No 262 Jumeriah Beach Road Jumierah,04-3434634
Specialized Medical And Dental Center,DXB,CLINIC,,"Al Hudaiba Awards Building 118, First Floor Jumeirah",04-3278111
Sultan Al Olama Medical Center,DXB,CLINIC,,"Mirdif Central Bldg., Showroom1 Behind Rak Bank",04-2845778
Sultan Al Olama Medical Center Barsha,DXB,CLINIC,,Barsha Mall Al Asayel Street Al Barsha Second,04-3244446
Sultan Al Olama Medical Center- Br,DXB,CLINIC,,Indigo Central 7 Opposite Times Square Mall Al Manara,04-3468686
Sultan Al Olama Medical Center Branch,DXB,CLINIC,,"Etihad Mall F07, First Floor Alkhawaneej Road, Muhaisanah 1",04-2565550
Sultan Al Olama Medical Center Branch,DXB,CLINIC,,The Pavilion Retail No.8 Al Furjan,04-2565550
Sultan Al Olama Medical Center L.L.C (Br,DXB,CLINIC,,Aswaaq Mall First Floor Al Qoze,04-3464446
Sultan Alolama Medical Center Branch Icp,DXB,CLINIC,,The Pavilion International City France Cluster,04-24452321
Sunrise Care Medical Centre Llc (Imh),DXB,CLINIC,,208-209; F-2; Sh.Rashid Buildi Maktoum Street Deira,04-2222271
Syed Sadiq General Practitioner Clinic,DXB,CLINIC,,Al Rostamani Building Lattifa Binhamdan Strt Alqouz Ind 3,04-3306781
Tajmeel Royal Clinic Llc,DXB,CLINIC,,"Tajmeel Royal Clinic, Near Metropolitan Hotel, Umm Al Sheif, Sheikh Zayid Rd  Po. Box. 34085",04-5091010
Toronto Medical Center Llc,DXB,CLINIC,,"Flat 101 Al Adeem Bldg., Al Khail Mall Al Quoz",055-4693469
Towar Health Centre (Dha),DXB,CLINIC,,Near Ministry Of Culture Youth 17 A St Al Nahda Road Al Twar 1,800-342
Transform Specialist Medical Centre Llc,DXB,CLINIC,,"218 Al Shafar Bldg 7 Al Wasl Rd., Al Badaa Jumeirah 1",04-3449997
Unicare Medical Center-Mankhool Br (Umc),DXB,CLINIC,,Villa 172 Mankhool Street Jafiliya,04-3980880
Unicare Medical Centre (Umc),DXB,CLINIC,,"Burjuman Centre Ground Level N Burjuman Centre Burjuman,Bur Dubai",04-3529292
Union Medical Centre (Aster),DXB,CLINIC,,"Wall Street Exchange Center Iranian Scho0L Road Karama,Bur Dubai",04-3978828
Uptodate Medicare Centre,DXB,CLINIC,,"Flat # 116, 1St Floor, Ahmed A Dhiyafah Road Hudaiba,Bur Dubai",04-3986608
Vcare Polyclinic Llc,DXB,CLINIC,,Nasmah Tower Al Ittihad Road Al Nahdah 1,04-2654400
Vida Clinics L.L.C (Branch),DXB,CLINIC,,"Al Madina Hypermarket Bldg 6A ,Street 10 Muhaisanah/1",04-3283333
Vida Clinics Llc,DXB,CLINIC,,"Al Rais Shopping Centre,39 B M Mezzanine Floor, Nearby Khaleej Centre,Burdubai",04-3252525
We Care Medical Center Llc,DXB,CLINIC,,"Hamsah Building,Ground Floor Karama Ansar Gallery Khalid Bin Waleed Road, Karama",04-2611061
Xie He Medical Center,DXB,CLINIC,,A12 Building China Cluster International City,04-4233055
Zaabeel Health Center (Dha),DXB,CLINIC,,Near Club Roundabout Zabeel 2,800-342
Zahrat Al Shefa Medical Centre,DXB,CLINIC,,Al Ghaith Building Near Jubily Supermarket Muhaisnah,04-2646218
Axis Dental Clinic Llc,DXB,DENTAL,,"405,4Th Floor Above Diva Saloo 2Nd Street Satwa",04-3984350
Bright Smile Dental & Orthodontic Center,DXB,DENTAL,,"Al Shafar Building 7 Shop 105, Beside Aswaq Al Wasl Rd 1, Jumeirah 1",04-3449675
Dental Club Clinic,DXB,DENTAL,,Aswaq Mall Khaltoom Street Mizhar,04-2524343
Murano Polyclinic,DXB,DENTAL,,"Old Doha Center, 2Nd F 202 ,Near Qatar Airw Maktoum Street Maktoum Street",04-2980019
Dental Studio Plus Llc,DXB,DENTAL,,1St Flr Cayan Business Center Same Bldg With Subway Tecom 1,04-3492220
Dr. Aburas Dental Center Llc Br,DXB,DENTAL,,"Villa 833A Dr. Aburas Bldg Al Wasl, Al Safa 2 Umm Suqeim 1 Jumeirah",04-3952131
Dr. Joy Dental Clinic-Mirdiff,DXB,DENTAL,,"Mirdiff G/F, Mirdiff Shopping Mall Mirdif",04-2845722
Dr. Khalid Al Najar Clinic,DXB,DENTAL,,563-B  First Floor Wafi Centre Oud Metha Road,04-3279090
Dr. Manal Harb Medical Center Llc,DXB,DENTAL,,"30Th Floor, Al Attar Tower,Nea Trade Centre 2 Road Sheikh Zayed Road,Bur Dubai",04-3251222
Dr.Dina Pediatric Dentistry Clinic,DXB,DENTAL,,"Villa 248,Al Wasl Road Satwa,Jumeirah 1, Near By Iranian Hospital",04-3440055
Ghodousi Medical Center - Diera Br.,DXB,DENTAL,,Near Choitram Supermarket Bani Baniyas Square Diera,04-2211191
Go Dental Clinic Llc,DXB,DENTAL,,Unit M04 & M05 M Floor Manazil Al Raffa 01 Al Mankhool,04-3979522
Lotus Dental Clinic Llc,DXB,DENTAL,,106 1St Flr Platinum Business Baghdad Street Al Nahda 2,04-3971667
Mathur Dental & Orthodontic Clinic,DXB,DENTAL,,"Office # 103, 1St Floor, Medic Khalid Bin Waleed Road Mankhool,Bur Dubai",04-3552371
Muraqabat Dental Centre,DXB,DENTAL,,"Office # 304-306, 3Rd Floor, T Muraqabat Street Muraqqabat,Deira",04-2662843
Park Dental Clinic,DXB,DENTAL,,Mardoof Building Sheikh Zayed Road Al Safa 1,04-3466111
Pearl Dental Clinic,DXB,DENTAL,,1605 16Th Flr Citadel Bldg. Jw Marquis Marriott Business Bay,04-4270710
Pearl Medical Clinic,DXB,DENTAL,,"Flat 103, 104, 1St Floor, Abov Baniyas Road Baniyas Square,Deira",04-2249481
Revive Dental Clinic,DXB,DENTAL,,Room 303 Ibn Sina Building 27 Dubai Healtcare City Po Box 505045,04-2764269
Tower Clinic Fz- Llc,DXB,DENTAL,,"Unit 104 Block D, Ibn Sina Med Oud Metha Road Dhcc",04-3622939
Vienna Dental Clinic Llc,DXB,DENTAL,,Mazaya Center Near Dubai Mall Metro Station Al Wasl,04-5897990
Al Abbar Laboratories (Medsol-Ghi),DXB,LABORATORY,,"Near City Bank Khalid Bin Al W Bank Street Burjuman,Bur Dubai",04-3592641
Al Borg Laboratories - Dxb (Al Borg),DXB,LABORATORY,,"104, Century 21 Bldg, Abu Baker Siddique Rd Muraqqabat,Deira",04-2977780
Al Diyafa Medical Diagnostic Centre,DXB,LABORATORY,,205 Sheikrashid Bin Khalifa Al Dhiyafa Road Satwa,04-3457100
Biosytech Medical Laboratory Llc (Umc),DXB,LABORATORY,,"Villa 172, Near Dubai Nursery Mankhool Road Mankhool, Bur Dubai",04-3988567
Cps Clinical Pathology Services,DXB,LABORATORY,,Al Qouz Al Khail Road Nr Apex Concrete Block Factory,04-3883660
Curewell Diagnostic Centre,DXB,LABORATORY,,701 Khoory Building Khalid Bin Waleed Road Mankhool,04-3555995
Dubai Medical Laboratory (Medsol-Ghi),DXB,LABORATORY,,"Flat 209 Dubai Tower Maktoum Street Baniyas Square,Deira",04-2309200
Eurofins Biomnis Middle East,DXB,LABORATORY,,Villa Num 5-10 Shaeikh Almur Bin Makthoum Bld Al Wasl,04-3233033
Freiburg Medical Lab,DXB,LABORATORY,,"204, F-2, Juma Al Majed Buildi Trade Centre Road Karama,Bur Dubai",04-3962227
Histopathology&Specialty Lab(Medsol-Ghi),DXB,LABORATORY,,Dubai Real Estate Center Mina Street Bur Dubai,04-2309275
Medinova Diagnostic Centre(Aster),DXB,LABORATORY,,"203-205 Union Pharmacy Buildin Raffa Street Souk,Bur Dubai",04-4030618
Medlab Analytik Dubai,DXB,LABORATORY,,701 Block A Building Oud Metha Road Dhcc,04-3622960
Neuberg Diagnostics Middle East Llc,DXB,LABORATORY,,"Mezzainine Floor Umm Qurirer B Zabeel Road Karama,Bur Dubai",04-3343727
Resonance Imaging And Diagnostic Center,DXB,LABORATORY,,"Villa No 1204 Union Coop Al Wasl Road,Umm Sequim 2",04-3447766
Star Metropolis Clinical Laboratories &,DXB,LABORATORY,,"Office # 212, 2Nd Floor, Mardo Wasl Road Safa 1 St",04-3465268
Sunrise Care Medical Diagnostic (Imh),DXB,LABORATORY,,302 Baniyas Ctr; Opp. Citi Ban Baniyas Square Deira,04-2270001
Trust Medical Laboratory,DXB,LABORATORY,,Al Khalafi Building Room M01 Al Wahida,04-2398766
Advanced Diagnostic Center Llc,DXB,X-RAY LABORATORY,,"Gate 9,Hamarain Centre Al Muraqqabat Deira",04-3203883
Advanced Radiology Centre,DXB,X-RAY LABORATORY,,"Villa 687, Jumeirah Beach Road, Umm Suqeim 2",04-3455030
Airis Imaging And Diagnostic Center Llc,DXB,X-RAY LABORATORY,,Al Shamsi Bldg. Opp Nmc Hospital Al Nahda 1,04-8525916
Al Etihad Diagnostic Center,DXB,X-RAY LABORATORY,,"Villa 875 Al Etihad Bldg. Al Manara Junction Al Wasl Rd. Al Safa 2, Umm Suqeim",04-3952231
American Upright Mri,DXB,X-RAY LABORATORY,,Rdk1 Bldg.  Ground Floor Granite Street Dip1,04-8853838
Biohealth Diagnostic Centre,DXB,X-RAY LABORATORY,,Zabeel Building Entrance 3 Room 107 Behind Karama Post Office,04-3885828
Mega Scan Centre,DXB,X-RAY LABORATORY,,"Mezzanine Floor, Atrium Centre	Khaled Bin Al Waleed St. Bur Dubai Po Box: 32886",04-3585888
Ph Diagnostics Llc,DXB,X-RAY LABORATORY,,"Bank Street Opp Nbq, Near Burjuman Metro Al Mankhool, Bur Dubai",04-3543350
York Diagnostic Laboratories Jlt,DXB,X-RAY LABORATORY,,"Cluster D,Indigo Tower Behind Almas Tower Jumeirah Lakes Tower",04-4327470
Al Jaber Optical Centre Llc Branch-Bin S,DXB,OPTICAL,,"Ge-01,Ground Floor At Spinneys Bin Sougat",04-2861180
Al Jaber Optical Centre Llc Branch-Cityw,DXB,OPTICAL,,"Unit. No 51, Al Safa Road City Walk",04-3448633
Al Jaber Optical Centre Llc Branch-Deira,DXB,OPTICAL,,"Unit No. B68, Second Floor Deira City Centre",04-2954400
Al Jaber Optical Centre Llc Branchdfc2,DXB,OPTICAL,,Unit No. Sc108 Groud Floor Dubai Festival City - Branch,04-3510016
Al Jaber Optical Centre Llc Branch-Dubai,DXB,OPTICAL,,Unit Sc124 Ground Floor Dubai Festival City,04-2326446
Al Jaber Optical Centre Llc Branch-Dubai,DXB,OPTICAL,,"Unit No. Lg 099-1, Lower Ground Floor, Dubai Mall",04-2326446
Al Jaber Optical Centre Llc Branch-Dubai,DXB,OPTICAL,,"Unit No. Ff-050, First Floor Dubai Marina Mall",04-2326446
Al Jaber Optical Centre Llc Branch-Dubai,DXB,OPTICAL,,Unit No. Su125 Ground Floor Dubai Festival Plaza,04-2326446
Al Jaber Optical Centre Llc Branch-Galle,DXB,OPTICAL,,"Unit No. 14, Ground Floor Galleria Mall-Albarsha",04-3431355
Al Jaber Optical Centre Llc Branch-Ibn B,DXB,OPTICAL,,Shop No. 55 Tunisia Court Ibn Battuta,04-8823750
Al Jaber Optical Centre Llc Branch-Jumei,DXB,OPTICAL,,"Shop No. 15, Ground Floor Jumeirah Town Center",04-3429933
Al Jaber Optical Centre Llc Branch-Mall,DXB,OPTICAL,,Unit No. D-17 Ground Floor Mall Of The Emirates,04-3411322
Al Jaber Optical Centre Llc Branch-Mirdi,DXB,OPTICAL,,"Shop No. F-050 First Floor, Mirdif City Centre",04-2843771
Al Jaber Optical Centre Llc Branch-Nakhe,DXB,OPTICAL,,"Shop No. P044 Ground Floor, Nakheel Mall",04-2225254
Al Jaber Optical Centre Llc Branch-Sheik,DXB,OPTICAL,,"Ground Floor Al Manal Tower Sheikh Zayed Road1,  Al Manal",04-3311955
Al Jaber Optical Centre Llc Branch-Sprin,DXB,OPTICAL,,"Shop No. Nspv Gf 04, Ground Floor Springs Souk",04-4250668
Al Jaber Optical Centre Llc Branch-The R,DXB,OPTICAL,,"Shop. No. Gf-03, Ground Floor The Ranches Souk Arabian Ran2",04-4324736
Al Jaber Optical Centre Llc Br-Arabian C,DXB,OPTICAL,,Shop No. 1624 Ground Floor Arabian Center,04-2845051
Al Jaber Optical Centre Llc-Aswaaq -  Mi,DXB,OPTICAL,,Shop No. 16 Ground Floor Aswaaq -  Mizhar,04-2845054
Occhiali Optics(L.L.C Emirates Mall),DXB,OPTICAL,,"Mall Of Emirates Level G, Store 217 Sheikh Zayed Road, Al Barshaa",04-3414020
Occhiali Optics(Mirdif City Center),DXB,OPTICAL,,Shop No.H018 Floor No.1St Floor Mirdiff City Centre,04-2845905
Occhiali Vision International Llc Branch,DXB,OPTICAL,,Unit No. Bjc/Gf/0009B Near Carrefour Burjuman Centre,04-3200686
Occhiali Vision International(L.L.C Duba,DXB,OPTICAL,,"Shop No 164 L02 Level,  The Dubai Mall",04-4341303
Optx Twenty Twenty Llc Branch-Optx 2020,DXB,OPTICAL,,"Shop No.Mm09, Ground Floor Optx 2020 - Dcc",06-5303357
Optx Twenty Twenty Llc Branch-Optx 2020,DXB,OPTICAL,,"Shop No. B11B, Ground Floor, Optx 2020 - Moe",06-5303357
Optx Twenty Twenty Llc Branch-Optx 2020,DXB,OPTICAL,,"Unit No. Su135 Ground Floor, Optx 2020 - Dubai Festival Pla",06-5303357
Sun Eye Optical ( Reimbursement only),DXB,OPTICAL,,Dubai Marna Jumeirah Beach Jumeirah,04-4250866
Yateem Optic - Al Dayafah Road,DXB,OPTICAL,,Shop No.2 Ground Floor Diyafah Street,04-3453405
Yateem Optician - Al Ghurir Branch,DXB,OPTICAL,,Unit No. G 52 Ground Floor Al Ghurair City Centre,04-2281787
Yateem Optician - Al Riga Branch,DXB,OPTICAL,,Ground Floor Al Owais Bldgal Riqqa Street Deira,04-2222265
Yateem Optician - Br,DXB,OPTICAL,,"Showroom No.11,  Atlantis Palm Hotel",04-4579440
Yateem Optician - Burjuman Center,DXB,OPTICAL,,Shop No. L1/0009  Burjuman Centre,04-3522067
Yateem Optician - Emirates Tower Branch,DXB,OPTICAL,,"Retail Unit No.50 Upper Level Emirates Tower Boulevard, Shk Zayed Road",04-3303301
Yateem Optician - Souk Madinat Jumeirah,DXB,OPTICAL,,Showroom In Unit No. 15  Madinat Jumeirah,04-3686512
Yateem Optician Llc Branch,DXB,OPTICAL,,"Branch Shop No S 50 Building R 532 At The Al Wasl Al Wasl Street,",04-3436406
Yateem Optician Llc-Galleria Branch,DXB,OPTICAL,,"Shop No. 15A Galleria Mall, ,Wasel Street, Near Post Offic",04-3431355
Yateem Optician(Br. Mirdif City Center),DXB,OPTICAL,,Unit No.C61 Ground Floor Mirdiff City Centre,04-2840660
Yateem Optician(Br.Dubai Mall),DXB,OPTICAL,,Yateem Optician Showroom Shop No. Lg143 Dubai Mall,04-4340266
Yateem Optics Arabian Plaza Br),DXB,OPTICAL,,Unit No. 2733 First Floor Arabian Centre,04-2845505
Yateem Optics Dxb Mall,DXB,OPTICAL,,Dubai Mall Second Floor Shop No. Tdm Sf /116,04-3253669
Yateem Optics Emirates Mall(B.R),DXB,OPTICAL,,"Unit No.D28B Ground Floor,Mall Of Emirates Al Barsha",04-3414010
800 Pharmacy Llc (Marina Ph),DXB,PHARMACY,,"Park Bldg., Ground F Opp. Cordova Residence Knowledge Village",04-3663430
800 Pharmacy Llc (Marina Ph),DXB,PHARMACY,,Marina Walk Dubai Marina Dubai,04-3663430
Abeer Al Noor Pharmacy Llc,DXB,PHARMACY,,Shop No. 11 & 12 Ground Floor Rashidiyat Mahala Al Rashidiya,04-2362053
Abeer Pharmacy,DXB,PHARMACY,,"Opposite Telal Supermarket Nakheel Street Naif,Deira",04-2273411
Abris Pharmacy Llc,DXB,PHARMACY,,"Souq Al Kabeer Building,Cosmos Lane 50 B Street Al Fahidi",04-43535357
Access Pharmacy (Aster),DXB,PHARMACY,,Al Arif Bldg Al Quoze 3 Al Quoze,04-3807218
Access Pharmacy 2 (Aster),DXB,PHARMACY,,"Access Clinic Bldg Near To Bus Station Muhaisna 2, Sonapur",04-2672946
Access Pharmacy 3 (Aster),DXB,PHARMACY,,Shop 8 Grnd Flr 550 Sqft.At Near To Access Clinic Dip Dubai Investment Park,04-8833862
Advanced Care Pharmacy(Advanced Grp),DXB,PHARMACY,,Opp. Khaleej Times Near Al Aha Qouz 3 Qouz 3,04-3307120
Advanced Star Pharmacy(Advanced Grp),DXB,PHARMACY,,Dip Phase 2 Jebel Ali,04-8850788
Advancedcare Plus Pharmacy(Advanced Grp),DXB,PHARMACY,,Awqaf & Minors Building Dip Dip,04-8829700
Ajmal Pharmacy,DXB,PHARMACY,,Karama Bus Staion Karama Main Street Karama Main Street,04-3360801
Al Afdhal Pharmacy,DXB,PHARMACY,,Oppossite Baniyas Metro Stn Al Maktoum Street Baniyas,04-2283357
Al Ameen Pharmacy,DXB,PHARMACY,,Saca Accesories Frij Murar Street Deira,04-2713695
Al Asheera Pharmacy,DXB,PHARMACY,,Fathi Emara Building; Opp.Sher Mateena Road Deira,04-2681115
Al Azhar Al Jadeeda Pharmacy (Sanaiya),DXB,PHARMACY,,Jebel Ali Industrial Area 1 Nxt To Madina Supermarket,04-8800703
Al Azhar Pharmacy (Sanaiya),DXB,PHARMACY,,Dubai Investment Park 1 Grd Flr Ali Mesmar Complex Behind Remco Hypermarket,04-8859598
Al Bairooni Pharmacy,DXB,PHARMACY,,"Shop 3 Ground Floor Bin Himaidan Bldg,  Al Karama Street Al Karama",04-3709179
Al Baraka Pharmacy-Sana Grp,DXB,PHARMACY,,Behind Al Maktom Hospital  Deira,04-2230500
Al Corniche Pharmacy-Sana Grp,DXB,PHARMACY,,Beach Centre Complex Jumeirah 1 Jumeirah 1,04-3447220
Al Dorra Pharmacy (Aster),DXB,PHARMACY,,Villa 351 Beach Road Jumeirah,04-3478481
Al Ehsan Pharmacy (Aster),DXB,PHARMACY,,"Al Shab Colony Salah El Deen Road Abu Hail,Deira",04-2975986
Al Faisal Pharmacy-Aster Grp,DXB,PHARMACY,,"Choitram Complex Wasl Road Umm Sequim 2,Bur Dubai",04-3485102
Al Fardoos Pharmacy-Aster Grp,DXB,PHARMACY,,Q4 France Cluster Internation City International City,04-4410590
Al Fehaidi Pharmacy,DXB,PHARMACY,,"Opposite Novo Hotel, Al Fahidi Street  Bur Dubai",04-3535335
Al Ghubaiba Pharmacy,DXB,PHARMACY,,Ice Factory Bldg Al Ghubaiba Bus Station Bur Dubai,04-3266042
Al Hawi Pharmacy L.L.C -Life,DXB,PHARMACY,,Naser Square Deira,04-2221445
Al Jameiya Al Tawaniya Pharmacy-Sana Grp,DXB,PHARMACY,,"Union Co-Op Building Trade Center Road, Opposite Ad Karama",04-3986302
Al Jazeerah Pharmacy,DXB,PHARMACY,,Grand Al Khaleej Shop 5  Baniyas,04-2272089
Al Juma Pharmacy (Aster),DXB,PHARMACY,,"Nr. Golden Fork Rest, Nr. Al R Opp. Old Lulu Supermarket Karama,Bur Dubai",04-3348981
Al Kanz Pharmacy Br-Life,DXB,PHARMACY,,Lakeshore Tower (Bojwani) Dubai Cluster Y Jlt,04-5521649
Al Kanz Pharmacy L.L.C-Life,DXB,PHARMACY,,"Near United Hypermarket Abu Baker Sidq Road Muraqqabat,Deira",04-2690684
Al Khair Community Pharmacy (Chs),DXB,PHARMACY,,Unit 14 City Bay Business Cntr Near Canadian Hospital Hor Al Anz East,04-2505768
Al Khawaneej Pharmacy,DXB,PHARMACY,,"Khalaf Alwan, Shop No. 9,  Al Khawaneej Street Al Khawaneej 2",04-2892210
Al Madina Al Sanaiya Pharmacy (Sanaiya),DXB,PHARMACY,,Al Qouz 4 Gemzi Complex Nxt To Sahat Al Madina Suprmkt,04-3406761
Al Malak Pharmacy,DXB,PHARMACY,,Noor Masjid  Doha Road Al Qusais,04-263889
Al Manara Garden Pharmacy- Batuta Mall,DXB,PHARMACY,,Ibn Batuta Mall Tunissian Cour Ibn Batuta Mall Discovery Gardens,04-3669940
Al Mankhool Pharmacy (Jupiter),DXB,PHARMACY,,Trio3 Building Behind Sahara Mall Al Nahda 2,04-3377329
Al Manzil Al Jadeed Pharmacy Llc,DXB,PHARMACY,,Grnd Floor Near Vegitable Market Al Aweer,04-2230244
Al Manzil Pharmacy (Sanaiya),DXB,PHARMACY,,Dubai Investment Park Nxt To Royal Parco Supermarket Dip 2,04-8841441
Al Moosa Day Surgery Center Pharmacy,DXB,PHARMACY,,"Villa 34 , Near Iranian Hospit 5 B Street Wasl Street,Bur Dubai",04-3450745
Al Musalla Pharmacy - Dxb (Aster),DXB,PHARMACY,,Kharbash Building Jumeirah Road Umm Suqeim 1,04-3971291
Al Neem Star Pharmacy Llc(Al Neem),DXB,PHARMACY,,Al Ameed Mall 318 Street Al Quoze 4,04-3282121
Al Omara Pharmacy Llc (Novo),DXB,PHARMACY,,"Pyramid Building,Ground Floor 13 A Strt,Neararchies Bookshop Burdubai",04-3969221
Al Qoze Pharmacy (Aster),DXB,PHARMACY,,"Nr Khaleefa Supermrkt Ubaid Bi Najma Street Qouz,Bur Dubai",04-3384401
Al Rafah Pharmacy,DXB,PHARMACY,,Rta Multistory Car Parking Bld Al Falah Street Bur Dubai,04-3939402
Al Raha Pharmacy (Aster),DXB,PHARMACY,,Near York International Hotel Khalid Bin Waleed Road Khalid Bin Waleed Road,04-3253383
Al Rais Pharmacy,DXB,PHARMACY,,Al Rais Shopping Centre Near C Mankhool Road Bur Dubai,04-3519581
Al Rasheed  Pharmacy  Llc,DXB,PHARMACY,,"Shop # 7-8, Ground Floor Al Maktoum Building Al Baraha",04-2721108
Al Rayan Pharmacy-Kmc,DXB,PHARMACY,,Star Of Karama Building Bus Stand Karama,04-3347476
Al Sanaiya Pharmacy (Sanaiya),DXB,PHARMACY,,"Muhaisnah 2, Sonapur Bin Rashid Bldg Near Medical Fitness Center",04-2543500
Al Shifa Pharmacy (Aster),DXB,PHARMACY,,Iranian School Wall Street Karama,04-3969469
Al Shindagha Pharmacy (Aster),DXB,PHARMACY,,"Carrerfour Shindagha Road Shindagha,Bur Dubai",04-3933889
Al Tadawi Pharmacy,DXB,PHARMACY,,Al Masaood Building Port Saeed Road Deira,04-2943266
Al Wadi Pharmacy Llc,DXB,PHARMACY,,Ramla Mall Dip Dip,04-8849363
Al Warqa Pharmacy (Aster),DXB,PHARMACY,,Next To Mars Supermarket Warqa 2 Bur Dubai,04-2801691
Al Wasel Community Pharmacy (Chs),DXB,PHARMACY,,Behind Shangrila Hotel Al Wase Sheikh Zayed Road Bur Dubai,04-3212062
Al Woqaya Pharmacy,DXB,PHARMACY,,"Karama Centre Kuwait Street Karama,Bur Dubai",04-3348348
Al Zahra Pharmacy-Life,DXB,PHARMACY,,Opposite Uae City Exchange Karama Karama,04-3373045
Alfa Pharmacy (Aster),DXB,PHARMACY,,Al Fattan Building Shop No A9 11Th Street Qusais,04-2806714
Alquoz Advanced Care Pharmacy L.L.C,DXB,PHARMACY,,Pasons Building 1St Floor Alquoz 2,04-2355222
Amaan Pharmacy (Lulu),DXB,PHARMACY,,Amman Road Amman Road Qusais,04-2647264
Amber Clinic Llc Community (Outpatient),DXB,PHARMACY,,"2Nd Floor, Amber Clinic Al Rigga Business Center Al Rigga",04-2325109
American Hospital Clinics Pharmacy Dubai,DXB,PHARMACY,,Dubai Knowledge Park Al Sufouh 2 Dubai Media City,04-2741018
American Hospital Clinics Ph Alkhawneej,DXB,PHARMACY,,Last Exit  Al Khawaneej,04-2741013
Apotec Pharmacy Llc,DXB,PHARMACY,,Abdulla Al Romathi Bldg Al Jaddaf Near Belhasa Driving Beside Mosque Jaddaf,04-2340411
Apple Care Pharmacy,DXB,PHARMACY,,France Cluster P04 Near Apple Clinic,04-2463063
Apple Care Pharmacy Llc Branch,DXB,PHARMACY,,"Bldg-K14, G-Floor Greece Cluster International City",04-4322568
Arabella Pharmacy- (Super Care Grp),DXB,PHARMACY,,Spinney'S Umm Sequim Bur Dubai,04-3941519
Arabella Pharmacy Br-Supercare,DXB,PHARMACY,,Spinney'S Bldg Jumeirah 1 Beach Road,04-3430188
Ardh Al Naseem Pharmacy Llc,DXB,PHARMACY,,"Shop 2 Floor Ground Floor , Al Magrudy Residence, Carrefor Express, Amman Street  Al Nahda 2",04-2809240
Arifa Pharmacy Llc,DXB,PHARMACY,,Al Ahli Building Near Shaikha Cafeteria Hor Al Anz East,04-2389696
Armada Pharmacy,DXB,PHARMACY,,"Armada Tower 2 Opp Dubai Marina Mall Al Sarayat, Jlt",04-3990022
Asma Pharmacy (Aster),DXB,PHARMACY,,"Opp Souq Al Wasl Gate Number 8 Naif Road Naif,Deira",04-2222786
Aster 104 Pharmacy,DXB,PHARMACY,,L-11 Greece Cluster International City,04-2775973
Aster 111 Pharmacy,DXB,PHARMACY,,Muhaisinah Plaza Building Muhaisanah 4 Lulu Village,04-2593195
Aster Al Hayat Pharmacy,DXB,PHARMACY,,"Easa Saleh Al Gurg Building Near Adil Supermarket,Rolla St Bur Dubai",04-3552633
Aster Dcc Pharmacy Llc,DXB,PHARMACY,,Grnd Flr Opposite Carrefour Hypermarket Deira,04-2672946
Aster Dip Pharmacy,DXB,PHARMACY,,Emirates Road Ramala Hyper Market Dip,04-8800966
Aster Grand Ph - Aster(Moopens),DXB,PHARMACY,,"Opp. Nmc Hospital Aman St., Ab Plaza Bldg 9, Ground Floor Nahda 1",04-2505712
Aster Healthcare Hyper Market (Aster),DXB,PHARMACY,,Grnd Flr Al Raffa Bldg Opp Aster Hospital Mankhool Road,04-3399523
Aster Jbr Ph-Aster(Moopens),DXB,PHARMACY,,"P42, Sadaf4, Near Movenpick The Walk Jumirah Beach The Walk Jumirah Beach",04-4471127
Aster Jebelali Ph - Aster(Moopens),DXB,PHARMACY,,Nesto Hypermarket Ja Industrial Area 1 Jebel Ali,04-8840237
Aster Jlt Pharmacy,DXB,PHARMACY,,Red Diamond Building Saryat Street Jlt,04-3697728
Aster Medical Center Pharmacy Al Muhaisn,DXB,PHARMACY,,"Shop No1, Zaraa Residence 1 Muhaisnah 4 Lulu Village",04-5479070
Aster Ph Tecom (Aster)(Moopens),DXB,PHARMACY,,Tecom Icon Tower Tecom Barsha,04-4534540
Aster Pharmacy 1,DXB,PHARMACY,,Aster Complex Building Near Al Khalid Bin Waleed Road Khalid Bin Waleed Road,04-3863800
Aster Pharmacy 100,DXB,PHARMACY,,Al Razi Building No 64 D Block Dhcc,04-4343922
Aster Pharmacy 101,DXB,PHARMACY,,"Aqu Bldg Sheikh Colony St., Al Qusais 1",04-2382342
Aster Pharmacy 102 (Moopens),DXB,PHARMACY,,Grnd Flr Saeed Hamad Musleh Jamhour Al Ahbabi Bldg Al Qusais,04-2610833
Aster Pharmacy 103,DXB,PHARMACY,,Persia Cluster Building N4 International City,04-2765802
Aster Pharmacy 104 (Br Of Aster Pharmaci,DXB,PHARMACY,,"Shop No.1 , Hanbal Shafie Al M Near Aster Ortho Clinic Al Warqa",04-2829440
Aster Pharmacy 105,DXB,PHARMACY,,Building I 11 Morocco Cluster International City,04-2275972
Aster Pharmacy 109,DXB,PHARMACY,,"Grnd Flr Ghuroob Community Near To Dubai Geant Supermarkt Al Ghuroob, Mirdiff",04-4582727
Aster Pharmacy 110,DXB,PHARMACY,,Mandarin Bldg Street 13A Oud Metha,04-3963158
Aster Pharmacy 112 (Moopens),DXB,PHARMACY,,Mohamed Khalifa Al Khalafi Bld Rolla Street Al Raffa Burdubai,04-3252920
Aster Pharmacy 113 (Moopens),DXB,PHARMACY,,Mirdif Mall Near To Medcare Clinic Uptown Mirdif,04-2839542
Aster Pharmacy 114 (Moopens),DXB,PHARMACY,,"Aswaq Mall Aswaq Mall, Barsha South 1 Al Barsha",04-3851455
Aster Pharmacy Group Br Of Abu Dhabi 17,AUH,PHARMACY,,G Floor FF 123 Dalma Mall Al Wazn St Abu Dhabi Industrial City ICAD,02-5620147
Aster Pharmacy 115 (Moopens),DXB,PHARMACY,,Discovery Pavilion Street 7 Discovery Garden,04-2672946
Aster Pharmacy 116,DXB,PHARMACY,,Mirdif Commercial Complex Near Westzone Super Market Mirdif,04-2884190
Aster Pharmacy 117 (Moopens),DXB,PHARMACY,,"Al Melaheyah Plaza Building , Nesto Hypermarket ,Al Mina",04-7187004
Aster Pharmacy 118 (Moopens),DXB,PHARMACY,,"Obs Bldg Near To Nmc Hospital Amman Road, Al Nahda",04-2393397
Aster Pharmacy 119 (Moopens),DXB,PHARMACY,,"Enoc 1086 Shop No. 7, Meadows Emirates Hills 3",04-2672946
Aster Pharmacy 120 (Moopens),DXB,PHARMACY,,Abdul Raouf Moh. Alavi Bldg Near Aswaq Mall Al Warqa 1,04-2803995
Aster Pharmacy 123 (Moopens),DXB,PHARMACY,,"Al Ghurair Real Estate Bldg Near Dubai Palm Hotel Al Muteena Street, Deira",04-2731282
Aster Pharmacy 124 (Moopens),DXB,PHARMACY,,Sukoon Tower Marina Dubai,04-2672946
Aster Pharmacy 126 (Moopens),DXB,PHARMACY,,Near Medcare Clinic Umm Suqeim 1 Jumeirah,04-3952213
Aster Pharmacy 127 (Moopens),DXB,PHARMACY,,"Royal Oceanic 1 Near Le Meridien, Marsa Dubai Dubai Marina",04-2672946
Aster Pharmacy 128 (Moopens),DXB,PHARMACY,,"Shop 1, New Enoc Umm Suqeim Street Al Barsha",04-4405945
Aster Pharmacy 129 (Moopens),DXB,PHARMACY,,Marjana Plaza Bldg Al Bada Satwa,04-2672946
Aster Pharmacy 130 (Moopens),DXB,PHARMACY,,"Duja Tower, Trade Centre First Next Sheraton Grand Hotel Sheikh Zayed Road",04-3866768
Aster Pharmacy 131 Brof Aster Pharmacies,DXB,PHARMACY,,Shop No 17 Trio Building Al Barsha First,04-3475733
Aster Pharmacy 132 (Moopens),DXB,PHARMACY,,"Sheikh Suhail Bldg Mamzar Centre Hor Al Anz East, Abu Hail",04-2692835
Aster Pharmacy 134 (Moopens),DXB,PHARMACY,,Grnd Flr Golden Sands Bldg. Near To Lulu Barsha 1St Al Barsha,04-3271483
Aster Pharmacy 135 (Moopens),DXB,PHARMACY,,Ground Flr Rushia V19 Russia Cluster Sts International City,04-4511674
Aster Pharmacy 136,DXB,PHARMACY,,"Shop No Ffa01, Al Khail Mall, Latifat Bin Hamdan Street, Ind Al Qouz",04-3806940
Aster Pharmacy 137 (Aster),DXB,PHARMACY,,Ground Flr Nakheel Mall International City Pavilion International City,04-2672946
Aster Pharmacy 138 (Aster),DXB,PHARMACY,,"Ground Flr, Aljabar Bldg Near Sunrise Supermarket Al Karama",04-3377329
Aster Pharmacy 141 (Aster),DXB,PHARMACY,,"Shop No 021, Grnd Floor Dubai Festival City Mall Dubai",04-2365418
Aster Pharmacy 142 (Aster),DXB,PHARMACY,,Shop No. 4 Ground Floor Al Fattan Bldg. Al Qusais,04-2205966
Aster Pharmacy 143,DXB,PHARMACY,,"The Ribbon Building 2 Plot 94-0, Al Hebiah First Motor City",04-4430474
Aster Pharmacy 144,DXB,PHARMACY,,Grnd Flr Al Maalik Bldg Near Talal Supermarket Al Shab St. Hor Al Anz,04-2212250
Aster Pharmacy 145,DXB,PHARMACY,,Shop 1 Al Waleed Bldg Union Medical Center Iranian School Road,04-3547745
Aster Pharmacy 146 (Aster),DXB,PHARMACY,,"Shop 32 Souk Al Kabeer Bldg Nr Ghubaiba Bus Station Shindagha, Bur Dubai",04-3271059
Aster Pharmacy 147,DXB,PHARMACY,,Aster Jubilee Med Comp Bldg. Near Al Fahidi Metro Stn Khalid Bin Al Waleed St,04-3254026
Aster Pharmacy 148,DXB,PHARMACY,,"Shop# 5, Jamal Omar Bin Hyder Bldg, 4B Street, Karama Sheikh Khalifa Bin Zayed Rd",04-3404005
Aster Pharmacy 149,DXB,PHARMACY,,"Al Wasl Building Behind Lulu Hypermarket Karama, Bur Dubai",04-3969469
Aster Pharmacy 150 Brof Aster Pharmacies,DXB,PHARMACY,,"Grnd Flr, Pinnacle Tower Marsa",04-3019616
Aster Pharmacy 152,DXB,PHARMACY,,"Commercial Center Near Access Clinic Jafza Jafza South, Jebel Ali",04-8809102
Life Pharmacy Br 55,AUH,PHARMACY,,G02 Muraijeb Tower Plot C12 Hamdan Bin Mohammed St,04-3441122
Aster Pharmacy 155 Brof Aster Pharmacies,DXB,PHARMACY,,Grnd Flor Buisness Centre Al Rigga,04-3019616
Aster Pharmacy 156 (Br Of Aster Pharmaci,DXB,PHARMACY,,"Shop No. 6, Sapphire Mall Dubai Industrial City Near Al Maktm It Airport",04-5877191
Aster Pharmacy 157,DXB,PHARMACY,,Dar Al Wasl Building Near Safa Al Wasl Road,04-3867820
Aster Pharmacy 158,DXB,PHARMACY,,1St Floor Talal Supermarket Bldg.  Dubai Investment Park 2,04-2438618
Aster Pharmacy 160 (Br Of Aster Pharmaci,DXB,PHARMACY,,"Unit No:M11, Jabal Ali Shoppin Near To Ramla Market, 86 Stret Dip",04-8847176
Aster Pharmacy 161 (Br Of Aster Pharmaci,DXB,PHARMACY,,Marhaba Mall Samari Residence Ras Al Khor Al Aweer,04-3424262
Aster Pharmacy 164 (Br Of Aster Pharmaci,DXB,PHARMACY,,Shop No. E-7B Gf Sky Courts Tower D Sky Cour Al Ain Road Dubai Land,04-3263688
Aster Pharmacy 2 Br,DXB,PHARMACY,,"Unit No 4&5, Ground Floor Dubai Investment Park",04-8858044
Aster Pharmacy 200 (Aster),DXB,PHARMACY,,"Bldg No. 241-487 Grnd Floor Opp Led World Amman Street, Al Qusais",04-2362839
Aster Pharmacy 201,DXB,PHARMACY,,"Shop No3, Al Manal Tower Next To Crown Plaza Hotel Sheikh Zayed Road",04-3209481
Aster Pharmacy 202,DXB,PHARMACY,,"Bin Sougat Center Near Metro Station, Airport Rd, Al Rashidiya",04-2540474
Aster Pharmacy 204,DXB,PHARMACY,,"Al Qusais Building Near Grand Hotel Damascus St, Al Qusais",04-2203889
Aster Pharmacy 205,DXB,PHARMACY,,Pve-G-02 Palm Views East Bldg Palm Jumeirah,04-4221521
Aster Pharmacy 3,DXB,PHARMACY,,Outlet Mall Al Ain Road,04-4437250
Aster Pharmacy 5 Br,DXB,PHARMACY,,"Shop No 02, Cbd 29 Al Warsan 1St St International City",04-4473169
Aster Pharmacy 6,DXB,PHARMACY,,Gate 1 - Building Dubai Silicon Silicon Oasis,04-3262600
Aster Pharmacy 98 -Aster Pharmacy,DXB,PHARMACY,,Sameya Kahalifa Building Sonapur  Sonapur Street Sonapur,04-2521711
Aster Pharmacy-Dubal,DXB,PHARMACY,,Near Ibn Battuta Inside Dubalfactory Sheikh Zayed Road Exit #25,04-8022684
Avenue Pharmacy - Aster(Moopens),DXB,PHARMACY,,Bay Avenue Aspect Towers Business Bay Street Business Bay,04-4357450
Aweer Society Pharmacy-Aster Grp,DXB,PHARMACY,,"Union Co-Op Building, Near Fruit & Veg Market Aweer Ras Al Khor Aweer",04-3201900
Axon Pharma Llc,DXB,PHARMACY,,Rashidiya Central Market Bldg Union Cooperative Society Rashidiya,04-2975462
Ba Nafea Pharmacy Care,DXB,PHARMACY,,"Flat 5, Ground, Bulding S04, Madina Supermarket,  Spain Cluster International City",04-4508350
Bab Al Hayat Pharmacy (Al Khail),DXB,PHARMACY,,Dubai Investment Park 2 Madeena Supermarket Buildin Dip,04-3966123
Bab Al Noor Pharmacy,DXB,PHARMACY,,"Ground Floor ,Musthafa Mall Muhaisinah 2 Sonapur",04-3444293
Bader Pharmacy,DXB,PHARMACY,,"Kifaf Building Kuwait Street Karama,Bur Dubai",04-3348129
Badr Al Samaa Pharmacy,DXB,PHARMACY,,"Near Barclays Bank Abu Baker Siddique Street, Ban Abu Baker Siddique Street",04-3578681
Bait Al Maqdes Pharmacy Dxb,DXB,PHARMACY,,"Arabilla Bldg. 15 C St. Hor Al Anz East, Deira",04-2667211
Bait Al Maqdes Pharmacy Llc (Branch),DXB,PHARMACY,,"Tower 1, Casablanca Street, Al Garhoud, Dubai, Uae",04-2381514
Bait Al Shifaa New Pharmacy (Nmc),DXB,PHARMACY,,"New Al Safiya Building Opp.Abu Salahuddin Street Hor Anz,Deira",04-2666464
Bait Al Shifa Pharmacy Br Dubai,DXB,PHARMACY,,Ground Floor Dp World Clinic Jebal Ali Freezone,04-8896399
Nmc Royal Hospital Pharmacy,DXB,HOSPITAL PHARMACY,,Dubai Investments Park Bldg Adjacent To Green Community Dubai Investments Park 1,04-8108868
Balsam Al Garhoud Pharmacy,DXB,PHARMACY,,Choithram S/M Building Garhood Garhoud,04-2827288
Balsam Al Hadeetha Pharmacy,DXB,PHARMACY,,"Faraj Bin Butti Almuhairbi Bld Jumeira Main Road Jumeirah,Bur Dubai",04-3488507
Balsam Al Jadeeda Pharmacy,DXB,PHARMACY,,"Mohd Alamri Mosque Building Jumeira Main Road Jumeirah,Bur Dubai",04-3491669
Baniyas Life Pharmacy Br-Life,DXB,PHARMACY,,Al Ashrfiah Building Clock Tower Deira,04-2550173
Barsha Rose Gardens Pharmacy-Life,DXB,PHARMACY,,"Shop#1, Rose Gardens Hotel Apartment Bldg Al Barsha 1,",04-3792990
Bay Square Pharmacy Llc-Life,DXB,PHARMACY,,"Unit G-03, Bldg # Bb11 Next To Choitram Supermarket, Bay Square, Dubai",04-5515344
Beta Pharmacy (Aster)(Moopens),DXB,PHARMACY,,Mirdif City Center Mirdif City Center Mirdif,04-2840678
Better Life Pharmacy-Kmc,DXB,PHARMACY,,Shop No. 8 Ground Floor Grand Industreal Iiv Qouz 1,04-3414626
Bin Seray Pharmacy L.L.C-Life,DXB,PHARMACY,,Near Lamcy Plaza  Oud Mehta Road Oud Mehta,04-3355446
Bin Sina (Dubai Tower) (Alphamed),DXB,PHARMACY,,Dubai Tower Jamabdul Nasser Street Jamabdul Nasser Street,04-2221071
Bin Sina 21 Pharmacy (Dubai) (Alphamed),DXB,PHARMACY,,Dubai Festival City Umm Ramool Umm Ramool,04-2329757
Bin Sina 29 Pharmacy (Alphamed),DXB,PHARMACY,,Dubai Mall Doha Street Down Town Dubai,04-3398918
Bin Sina 44 Pharmacy (Alphamed),DXB,PHARMACY,,Jumeira Tower Shaikh Zayed Road Nr.Zaroob Resturant,04-3513249
Bin Sina Emirates Pharmacy (Alphamed),DXB,PHARMACY,,"Mall Of Emirates Sheikh Zayed Road Barsha 1,Bur Dubai",04-3410345
Bin Sina Twenty Five Pharmacy (Alphamed),DXB,PHARMACY,,Opp Umm Sequim Medical Center Jumeira Beach Road Umm Sequim,04-3940934
Binsina - Asqaq Lqouz,DXB,PHARMACY,,Al Khail St. Aswaaq Supermarket Al Qouz,800-2467462
Binsina - Discovery Park Pavilion,DXB,PHARMACY,,Bin Sina Pharmacy  Discovery Pavilions.,055-6961300
Binsina 43 Pharmacy (Alphamed),DXB,PHARMACY,,"Al Barsha Boutique Building Basrha 1, Beside Azaya Bldg Barsha 1",04-3950305
Binsina- Matrix Tower,DXB,PHARMACY,,Matrix Tower   Sport City,800-2467462
Binsina- Westzone - Mizhar,DXB,PHARMACY,,Shop 13 West Zone Mall Mizher 1,800-2467462
Binsina-Amwaj Jbr2,DXB,PHARMACY,,Amwaj Walk  Amwaj Walk,800-2467462
Binsina-Arabian Ranches,DXB,PHARMACY,,Al Qudra Street -Arabian Ranches 2 Ranches Souk,800-2467462
Binsina-Emaar Square,DXB,PHARMACY,,Emaar Square Building 1 Shop Number G-R4 Burjkhalifa,800-2467462
Binsina-Emirates Tower,DXB,PHARMACY,,"Shop 52, First Floor,  Trade Center 2",800-2467462
Binsina-First Avenue Mall Motor City,DXB,PHARMACY,,First Avenue Mall  Al Hebiah First,800-2467462
Binsina-I-Rise Tower,DXB,PHARMACY,,"Shop No. 2 I- Rise Tower, Al Barsha Heights",800-2467462
Binsina-Jumeirah Park Pavilion,DXB,PHARMACY,,Shop Number 4  Jumeirah Park Pavillion,800-2467462
Binsina-Mudon Community Centre,DXB,PHARMACY,,Al Salam Town Center  Dubai Land-Mudon,800-2467462
Binsina-New Spring Village,DXB,PHARMACY,,Al Thanyah Fourth  The New Springs,055-6961300
Binsina-Union Coop (Um Suqaim),DXB,PHARMACY,,Union Coop Al Wasl Street   Umm Suqeim 2,800-2467462
Blubell Pharmacy Llc (Bhatia),DXB,PHARMACY,,Crystal Business Centre Bldg Adcb Metro Stn Karama,04-3231366
Burjeel Al Hayyat Pharmacy,DXB,PHARMACY,,Water Front Omran Orange Camp Jabelali,04-3519199
Burjuman Pharmacy,DXB,PHARMACY,,Burjuman Centre Burjuman Bur Dubai,04-2944116
C C M Life Pharmacy Br Of Life Pharmacy,DXB,PHARMACY,,Unit No. D006A Ground Floor Midriff City Centre,04-3441122
C C S Life Pharmacy Br Of Life Pharmacy,DXB,PHARMACY,,"Unit No. 2  Shindagha City Centre Bur Dubai,",04-3441122
Care & Cure Pharmacy-Sana Grp,DXB,PHARMACY,,"Cluster Zen 02, Building 15 Discovery Gardens Discovery Gardens",04-4390384
Care Well Pharmacy (Al Khail),DXB,PHARMACY,,Al Quoz Industrial 3 Al Quoz Mall Al Quoz,04-3419008
Central Market Pharmacy- Aster,DXB,PHARMACY,,Sheikh Colony Building Dubai Freezone Tawar 1,04-2613451
City Land Life Pharmacy Br Of Life Pharmacy Llc,DXB,PHARMACY,,Unit No. 260 Citylandthema  Wadi Al Safa,04-3441122
City Life Pharmacy Llc-Life,DXB,PHARMACY,,"Shop #2, City Tower 1, Near To Crown Plaza Sheikh Zayed Road",04-3410072
City Pharmacy Dubai,DXB,PHARMACY,,Shop No. 1  Saif Al Otaiba Bldg Al Rigga,04-2240566
City Relief Pharmacy,DXB,PHARMACY,,"Ahmed Plaza Building,Naif Road,Deira Dubai",04-2242951
City Sun Pharmacy (Avivo),DXB,PHARMACY,,Bin Ghalitah Bldg Industrial Area Al Quoz 1,04-3400373
Co-Operative Pharmacy-Life,DXB,PHARMACY,,Murshid Bazar Market Soor Street Naif,04-2269283
Country Pharmacy (Dxb),DXB,PHARMACY,,Mohebi Aviation Building Near Souq Kabeer Bur Dubai,04-3536689
Creek Life Pharmacy Br Of Life Pharmacy,DXB,PHARMACY,,Unit No 1-21 1-24 First Floor Madina Mall,04-4566737
Creek Line Pharmacy Llc,DXB,PHARMACY,,Shop 3/4/5 Ground Floor Al Mul Baniyas Road Creek Baniyas,04-2288740
Dar Al Noor Pharmacy Llc,DXB,PHARMACY,,"Shop No 1,2 - Shaiban Building -Naif Deira",04-2322080
Dar Al Wafaa Pharmacy Llc,DXB,PHARMACY,,"8Th Street Frij Murar, Deira Dubai  Frij Murar",04-2971844
Deira Life Pharmacy Llc-Life,DXB,PHARMACY,,"Shop #2, State 1 Bldg, Alrigga Deira Dubai",04-2380116
Diamond 3 Pharmacy-Life,DXB,PHARMACY,,Near Marina Metro  Station Diamond 3 Dubai Marina,04-4537217
Docib Pharmacy Llc (Docib Grp),DXB,PHARMACY,,Ground  Floor Nr Oud Mehtha Metro Station Oud Mehtha,04-3962270
Doha Pharmacy L.L.C-Life,DXB,PHARMACY,,Al Attar Tower Sheikh Zayed Road Sheikh Zayed Road,04-3430603
Dr.Joseph Polyclinic Br Of Gulf Healthca,DXB,PHARMACY,,Inside Joseph Clinic Near Sunrise Supermarket Al Karama,04-3541663
Dragon Mart Pharmacy-Aster Grp,DXB,PHARMACY,,Dragon Mart  Aweer Area,04-3687450
Dragon Pharmacy - Aster Grp,DXB,PHARMACY,,"Dragon Mart Inside Dragon Mart, Ban 05-06 Aweer",04-3687409
Dream Pharmacy-Life,DXB,PHARMACY,,"Nr. Jlt Metro Station Dream Tower, Al Maya Supermarket Dubai Marina",04-4227844
Dubai Life Pharmacy L.L.C-Life,DXB,PHARMACY,,Dubai World Trade Centre Hall No.5  Dubai World Trade Centre  2Nd Zabeel Road,04-3291162
Dulsco Pharmacy Br Of Dulsco Llc,DXB,PHARMACY,,Backsidenewgrandcitymall Dulsco Village Al Quoz Industrial Area 4,04-4219354
Dulsco Pharmacy Llc,DXB,PHARMACY,,Backsidenewgrandcitymall Dulsco Village Al Quoz Industrial Area 4,04-4219354
East Hill Pharmacy (Dr.Ismail),DXB,PHARMACY,,Awqaf Building Near Grand Mini Mall Jebal Ali Ind-1,04-8877752
Elaj Pharmacy-Life,DXB,PHARMACY,,Century 21 Building Abu Baker Siddique Street Abu Baker Siddique Street,04-2683377
Emirates Pharmacy L.L.C (Discovery Garde,DXB,PHARMACY,,Building 18- Ground Floor Street One Zen Cluster Discovery Garden,04-5573905
Emirates Pharmacy L.L.C (Motor City),DXB,PHARMACY,,Emirates Hospital Clinic Bl Nadal Sheba Area Motor City,04-8716900
Emirates Pharmacy Llc (Emirates Hosp G),DXB,PHARMACY,,"Botanica Tower,Grand Habtoor- -Hotel,Dubai Marina,",04-3792136
Euro Health Pharmacy (L.L.C) (Ainp),DXB,PHARMACY,,Blue Tower Sheik Zayed Road,04-3342333
Expert Pharmacy,DXB,PHARMACY,,"Ground Floor Al Khail Mall, Al Quoz",04-3307808
Experts Pharmacy,DXB,PHARMACY,,Ground Floor Al Khail Mall Latifa Bin Hamdan St. Al Qouz,04-3307808
Extra Life Pharmacy Llc-Life,DXB,PHARMACY,,"Nr. Choithram And Carrefour Ewan Residence, Extra Souq, Shop #2 Dubai Investment Park",04-8855122
Fajar Mirdif Pharmacy,DXB,PHARMACY,,Shop No. 5  Ground Floor Deira,04-3437636
Fajr Al Madina Pharmacy L.L.C (Branch),DXB,PHARMACY,,Crystal Mall Jebal Ali Jebal Ali Industrial Area1,04-2974494
Fajr Al Madina Pharmacy Llc,DXB,PHARMACY,,Flat 7 Farnek Bldg. Behind Alkhail Mall Al Quoze Industrial Area 3,04-3410401
Farmax Pharmacy,DXB,PHARMACY,,"Siah Shuaib 3 Kanoo Enginerring,  Dubai Industrial City",04-8748355
Fawagee Pharmacy-Life,DXB,PHARMACY,,Near Fatima Mosque 24B Street Nad Hamar,04-2894111
Fawagee Scientific Pharmacy -Life,DXB,PHARMACY,,Near Jadeed Bakery 26 B Street Mirdif,04-2881800
Festival Life Pharmacy Br Of Life Pharma,DXB,PHARMACY,,Unit No. - Su108 & Su109 Ground Floor Festival Plaza,04-3441122
Fit For Life Pharmacy,DXB,PHARMACY,,Jebal Ali,04-8836865
Gate Better Life Pharmacy,DXB,PHARMACY,,New West Zone Mall Al Khail Gate Al Quoz,04-5586281
Ghaleelah Pharmacy(Julphar Grp Of Phy),DXB,PHARMACY,,Hamarain Centre Abu Baker Sideeq Road Deira,04-2693618
Ghazal Al Jabal Pharmacy,DXB,PHARMACY,,Jiwin Bldg Sonapur Al Quasis,04-2540460
Ghazal Jumairah Pharmacy,DXB,PHARMACY,,Near Grand Satwa Mosque Al Satwa Road Al Satwa,04-3494882
Globehealth Pharmacy Llc,DXB,PHARMACY,,Prime Residency-2 Spain Cluster International City,04-8747450
Gmc Pharmacy Llc,DXB,PHARMACY,,"Showrm 10, Najoum Bldg Opp Nissan Showroom Port Saeed, Deira",04-2624211
Gold Life Pharmacy Br Of Life Pharmacy,DXB,PHARMACY,,Unit No. Gdp-5-G-R5-004 Gold And Diamond Park Dubai,04-3410243
Golden Life Pharmacy L.L.C-Life,DXB,PHARMACY,,Murooj Complex  Shk.Zayed Road  Sheikh Zayed Road,04-3430077
Golden Sands Pharmacy (Aster),DXB,PHARMACY,,Al Ain Centre Building Opp Al Mankhool Road Bur Dubai,04-3511444
Golf Community Pharmacy(Chs),DXB,PHARMACY,,The Market Place Jumeirah Gof Estate Jumeirah Gof Estate,04-2771814
Goodwill Pharmacy Llc,DXB,PHARMACY,,Al Bateel Mall Talaal Plaza Hypermarket Jebal Ali 1,04-8805790
Grand Infinity Pharmacy,DXB,PHARMACY,,Alqasserbuilding Madina Mall Muhaisina-4,04-2515458
Grand Infinity Pharmacy Llc Branch,DXB,PHARMACY,,Shop 4 Next To Excelsior Hotel Muteena St Deira,04-2621791
Grand Life Pharmacy L.L.C-Life,DXB,PHARMACY,,Lulu Hypermarket Building Muteena Street Muteena Street,050-4513790
Grand Royal Pharmacy-Life,DXB,PHARMACY,,"Al Jamal Building,Opp. Ibrahim Khalil Masjid Rolla Street Rolla Street",04-3593445
Green Community Pharmacy (Chs),DXB,PHARMACY,,"Green Community Shopping Ctr , Emirates Road Green Community,Bur Dubai",04-8853636
Hafsa Pharmacy,DXB,PHARMACY,,"06-07,Zen Cluster 3 Discovery Gardens Discovery Gardens",04-4377548
Haji Pharmacy,DXB,PHARMACY,,"Near Al Badea Mosque, Al Satwa Street  Al Satwa",04-3319192
Hala Pharmacy 14-Life,DXB,PHARMACY,,"Shop #1, Marina Diamond 5, Dubai Marina Dubai",04-4305460
Hala Pharmacy 15-Life,DXB,PHARMACY,,Flat 5-6 Zen 2 Marina Marina,04-2766318
Hala Pharmacy 19-Life,DXB,PHARMACY,,"S-16, P 17 Bldg France Cluster, International City, Dubai",04-4307323
Hala Pharmacy Br 13-Life,DXB,PHARMACY,,"S-6 Building, Spain Cluster International City",04-4307562
Hala Pharmacy Br 16-Life,DXB,PHARMACY,,Bldg # N07 Persia Cluster International City,04-4306947
Hala Pharmacy Br Of Life Pharmacy Llc,DXB,PHARMACY,,"Shops Nos. 13 & 14,Ground Floo Water Edge Damac Maison Cana Business Bay",04-3441122
Hamriya Life Pharmacy Llc-Life,DXB,PHARMACY,,"Ground Floor, Union Coop Hamriya Shopping Center Deira Hor Al Anz",04-3205128
Happy  Life Pharmacy Llc,DXB,PHARMACY,,"Shop No 2, Al Fayrouz Building Reqqa East ,Opp Al Maktom Hosp Deira",04-2271781
Hatta Pharmacy-Viva Ph Group,DXB,PHARMACY,,Opp.Emirates Co.Building Hatta Oman Street Hatta,04-8521794
Health Expert Pharmacy,DXB,PHARMACY,,Shop No 8  Apricot Tower Dubai Silicon,04-3925158
Health First Pharmacy 1 (Julphar),DXB,PHARMACY,,"Tamim House Bldg Tecom Al Barsha, Bur Dubai",04-4377533
Health First Pharmacy 11 (Julphar),DXB,PHARMACY,,"Bldg 3, Bay Square Al Asayel Street Business Bay",04-4560100
Health First Pharmacy 25-Julphar,DXB,PHARMACY,,"Shop # S6, Ground Floor Souq Extra Barsha Next To Barsha Park 3",04-7016008
Health First Pharmacy 27 (Julphar),DXB,PHARMACY,,The Crescent Tower B Bldg Meaisem First Community Impz,04-4253020
Health First Pharmacy 33 (Julphar),DXB,PHARMACY,,"Shop G/A7, Al Kifaf Residential Bldg Al Karama",04-3963068
Health First Pharmacy 34-Julphar,DXB,PHARMACY,,"Shop # 3, Ground Floor Ibrahim Bin Abdulrahim Qassem Bldg, Musalla Road",04-7016004
Health First Pharmacy 37 (Julphar),DXB,PHARMACY,,"Mediterranean Bldg Canal Residence West Hessa St, Dubai Sports City",04-3606023
Health First Pharmacy 38 (Julphar),DXB,PHARMACY,,"Shop No:4&5, Saleh Ben Lahej Near Lamcy Plaza, Oud Metha",04-3960695
Health First Pharmacy 41 (Julphar),DXB,PHARMACY,,"Shop No:6, Uptown Mirdiff Mall Near Ningxia Chinese Restauran Algeria Street",04-2882296
Health First Pharmacy 45 (Julphar),DXB,PHARMACY,,"Shop 4, Al Rawba Bldg, Opp: Lulu, Halim Street Al Barsha",04-3965891
Health First Pharmacy 48 (Julphar),DXB,PHARMACY,,"Shop 5, Opp: Spinney'S Jumeirah 1 Jumeirah",04-3430616
Health First Pharmacy 52 (Julphar),DXB,PHARMACY,,"White Crown Bldg, Near Kfc Sheikh Zayed Street 34",04-3253056
Health First Pharmacy 5-Julphar,DXB,PHARMACY,,"Unit 4, Skycourt Towers D Medi Centres Polyclinic Motor City",04-3620858
Health First Pharmacy 9 (Julphar),DXB,PHARMACY,,Summer 2 Al Barsha South Jumeirah Village,04-4233733
Health Hub Pharmacy Nahda 2,DXB,PHARMACY,,Essa Saleh Al Gurg Amman Street Al Nahda 2,04-5967358
Health Hub Ph-Al Qusais,DXB,PHARMACY,,Manazel Deira Bldg. Gf Next To Fortune Hotel Al Quisais 1,04-2040454
Health Hub Ph-Discovery Garden,DXB,PHARMACY,,"Zen Clustr, Discovery Garden, Jebel Ali",04-2040499
Health Hub Ph-International City,DXB,PHARMACY,,Warsan 77 Near To Dragon Mart International City,04-3057655
Healthhub Pharmacy-Festival Plaza Mall,DXB,PHARMACY,,Festival Plaza Mezzanine Floor Jebal Ali,04-2085952
Health Hub Ph-Karama,DXB,PHARMACY,,"Al Kifaf Manison Building Ground Floor 11Th Street ,Karama",04-2085945
Health Hub Ph-Silicon Oasis,DXB,PHARMACY,,Lynx Tower Near Green Park Supermarket Silicon Oasis,04-3057333
Health Point Pharmacy Llc,DXB,PHARMACY,,"Unit No. 2 & 3 Chaimaa Premiere, Jvc Al Barsha South Fourth",04-3441122
Health  Sign  Pharmacy  Llc,DXB,PHARMACY,,Al Wasl Ruby Building Behind Hotel Ramee Royal Karama,04-3300301
Healthcare Pharmacy Llc,DXB,PHARMACY,,Ground Floor Copsocietybld Sharah Aboobacker Strt,09-2772394
Healthub Ph-Al Warqa,DXB,PHARMACY,,Mashroom Building No-3 Al Warqa-1 Al Warqa Street,04-2186276
Healthy Life Pharmacy-Life,DXB,PHARMACY,,Near Abobacker Sidique Mosque  Abobacker Sidique Mosque Street Barsha,04-3416801
High Way Pharmacy-Aster Grp,DXB,PHARMACY,,Enoc Station Oud Mehtha Road Zabeel,04-3375552
Hill Life Pharmacy L L C,DXB,PHARMACY,,41 A Street  Karama,04-3378585
Hills Community Pharmacy (Chs),DXB,PHARMACY,,"Meadows 6, Emirates Hills Springs 14, Springs Town Cente Meadows 6,Bur Dubai",04-3617575
Horizon Pharmacy Llc,DXB,PHARMACY,,Ground Floor Althurayatowr Opp Time Hotel,04-4541225
Htk Pharmacy,DXB,PHARMACY,,"Doha Center, Htk Medical Ctr Near Deira Etisalat & Nbd, Muraqqabat, Al Maktoum",04-2957776
Ibn Al Azwar Pharmacy (Aster),DXB,PHARMACY,,"Rashid Salim Magdy Buld ,Near Ras Al Khor 1 Aweer",04-3933033
Ibn Roshd Modern Pharmacy (Msc),DXB,PHARMACY,,Opposite Emirates Mall Sheikh Zayed Road Barsha,04-3408786
Ibn Roshd Pharmacy - Dxb (Msc),DXB,PHARMACY,,Real Estate Building Meena Road Bur Dubai,04-3454518
Ibn Sina 30 Pharmacy (Alphamed),DXB,PHARMACY,,Aswaaq Building Near Fatma Mos Nad Hamar Deira,04-2845165
Ibn Sina 31 Pharmacy (Alphamed),DXB,PHARMACY,,Aswaq Mall Shop 14 Kartoum Street Deira,04-2845875
Ibn Sina 32 Pharmacy (Alphamed),DXB,PHARMACY,,Ibn Batuta Mall Discovery Gardens Discovery Gardens,04-4233895
Ibn Sina 34 Al Warqaa (Alphamed),DXB,PHARMACY,,Aswaaq Al Warqaa Building  Warqa,04-2804340
Ibn Sina 38 Ph Br Gr Llc (Alphamed),DXB,PHARMACY,,Mirdif City Centre Mirdif City Centre Mirdif,04-2843057
Ibn Sina 40 Dubai Mall (Alphamed),DXB,PHARMACY,,Dubai Mall Doha Street Down Town Dubai,04-3253410
Iqra Pharmacy Llc (Aster),DXB,PHARMACY,,"Moopens Polyclinic Building Op Naif Road Naif,Deira",04-2289164
Ivy Line Pharmacy L.L.C,DXB,PHARMACY,,"G10 Ground Floor  The Market, Green Community Dubai Investment Park",04-882090
J.B.R Life Pharmacy Llc-Life,DXB,PHARMACY,,Jumeirah Beach Residence Tower Shop No.14 Jumeirah Beach Road Jbr,04-4281432
Jabal Ali Gardens Pharmacy-Aster Grp,DXB,PHARMACY,,Near Ibn Batuta Mall Enoc Stn Building Discovery Gardens Discovery Gardens,04-8820808
Jansons Pharmacy Musalla Grp,DXB,PHARMACY,,"Khyber Bldg Al Raffah Police Station, Al Souq Al Kabeer.Bur Dubai",04-3514118
Jbr Bahar Pharmacy-Life,DXB,PHARMACY,,"Shop P25,Bahar Tower4, Near To Al Maya Supermarket,Bahar Cluster Jumeirah Beach Road Jbr",04-3659920
Jbr Life Pharmacy 2 Br Of Life Pharmacy Llc,DXB,PHARMACY,,Shop No 2406 Ground Floor  The Beach ¿ Jbr,04-3441122
Jbr Murjan Pharmacy-Life,DXB,PHARMACY,,"Shop P57,Murjan Tower 2 Jumeirah Beach Road Jbr",04-4517202
Jbr Sedaf Pharmacy-Life,DXB,PHARMACY,,"Sadaf Cluster,Shop P32,Sadaf T Jumeirah Beach Road Jbr",04-3659925
Jbr Shams Pharmacy-Life,DXB,PHARMACY,,"Shams Cluster,Shop P24,Shams Tower 1 Near Al Maya Super Market Jumeirah Beach Road Jbr",04-4253592
Jumeira Better Life Pharmacy-Kmc,DXB,PHARMACY,,Atlantis Staff Accomodation Am Khail Road Jumeirah Village,04-4472086
Jvc Life Pharmacy Llc-Life,DXB,PHARMACY,,"Shop# Gs3,Opposite To Bluemart Supermarket, Emirates Garden Ii-Mulberry, Jvc",04-5578841
Jvt Life Pharmacy-Life,DXB,PHARMACY,,Near Milestone Supermarket Imperial Residence Tower Jvt,04-5511914
Karama Life Pharmacy Br-Life,DXB,PHARMACY,,"Shop No. 1 & 2, Al Karama Building Karama",04-3450875
Karama One Pharmacy-Life,DXB,PHARMACY,,Shop 2-3 Sheikh Mohammed Buildin Karama Bus Station Street Karama,04-3796632
Khalidha Pharmacy Llc,DXB,PHARMACY,,"Shop 1 Karachi Resto Bldg Al Khail Mall,Latifa Hamdan St Al Quoz 3",04-3952885
Kims Pharmacy Llc,DXB,PHARMACY,,"Al Dossari Building Next To Abu Baker Al Siddique Salah Al Din Street,Hor Al Anz",04-2209434
Lamcy Pharmacy-Aster,DXB,PHARMACY,,"Ground Floor Lamcy Plaza Oud Mehta,Bur Dubai",04-3352727
Life Abu Hail Pharmacy-Life,DXB,PHARMACY,,Abu Hail  Abu Hail,04-3345553
Life Al Badaa Pharmacy-Life,DXB,PHARMACY,,"Shop#1, Al Badaa Bldg, P78 Al Badaa Dubai",04-3596837
Life Al Barsha Fourth 2 Br Of Life,DXB,PHARMACY,,"Shop No. 1, Prime Business Center A Al Barsha South Fourthplt240",04-3441122
Life Al Barsha Pharmacy L.L.C-Life,DXB,PHARMACY,,Etihad Mall Etihad Mall Barsha,04-2840898
Life Al Barsha South Fourth Br-Life,DXB,PHARMACY,,"G01-B, Manhattan Building Near Choithram, Jvc Village Al Barsha South 4Th Community",04-2417418
Life Al Hamriya Br-Life,DXB,PHARMACY,,"Unit A, Fathima Hypermarket Khalid Bin Al Waleed Rd Bur Dubai",04-3571148
Life Al Karama Pharmacy Llc-Life,DXB,PHARMACY,,Shop No.5 Al Attar Centre Attar Centre Karama,04-3969774
Life Al Mizhar First Br-Life,DXB,PHARMACY,,"Unit No. 2630, Arabian Center Al Mizhar",04-2360046
Life Al Nahda Pharmacy Llc-Life,DXB,PHARMACY,,Twin Tower Bldg Al Nahda 2Nd Al Nahda,04-2636919
Life Al Qusais Pharmacy Llc-Life,DXB,PHARMACY,,Al Huraiz Bldg Damascus St Al Qusais,04-2633318
Life Al Riqqa Pharmacy-Life,DXB,PHARMACY,,"Shop# F67, Opp: Carrefour Al Ghurair Center Al Riqqa",04-2248362
Life Al Shab Pharmacy-Life,DXB,PHARMACY,,"Shop 1 & 2, Malik Building Plot # 127-0422, Al Shaab Colony, Hor Al Anz",04-3205629
Life Al Warqa 2 Br Of Life Pharmacy Llc,DXB,PHARMACY,,Shop No. 5 Groundfloor  Al Jabri Building,04-3441122
Life Al Warqa Pharmacy Llc-Life,DXB,PHARMACY,,"Shop# 1 & 2, Al Kendi Bldg Al Warqa Dubai",04-2865244
Life Al Yalayis 1 Br Llc-Life,DXB,PHARMACY,,"Unit # Mira - Gf-005, Mira Town Centre, Reem Community",04-3683426
Life Dip Pharmacy-Life,DXB,PHARMACY,,"Near Choithrams Supermarket Market Mall Dip, Greens",04-8851933
Life Express Pharmacy Llc-Life,DXB,PHARMACY,,Near Welcare Hospital Beside Wch Garhoud,04-2833422
Life Guard Pharmacy L.L.C.,DXB,PHARMACY,,Eiffel Accommodation-2 Belhasa Driving Center Al Quoz-3,04-3333785
Life Home Healthcare Fz L.L.C-Life,DXB,PHARMACY,,Bld #27 Block D Oud Metha Road Dhcc,04-3624802
Life Island Pharmacy Br 3 Llc-Life,DXB,PHARMACY,,"Unit #Ji-B5-Ri-05 D, Jumeirah Pavilion Master Community Dubai",04-2434106
Life Mayfair Pharmacy Llc-Life,DXB,PHARMACY,,"Shop #02, Mayfair Residence Tower, Business Bay, Dubai Dubai",04-5516840
Life More Pharmacy L.L.C-Life,DXB,PHARMACY,,Near Belal Mosque 83 Street Mirdif,04-2882044
Life Muraqabat Pharmacy-Life,DXB,PHARMACY,,R471 Building Wasl Trio Block A Al Muraqabat Rd,04-2979201
Life Pearl Pharmacy-Life,DXB,PHARMACY,,"#9, Marina Pearl Bldg  Dubai Marina",04-5516770
Life Pharmacy 11 Br Of Life Pharmacy Llc,DXB,PHARMACY,,Shop No.2 Near Creative Minds Shop Barsha,04-3441122
Life Pharmacy 12 Br Of Life Pharmacy Llc,DXB,PHARMACY,,"Shop 1, The Tower Financial Centre Sheikh Zayed Road",04-3441122
Life Pharmacy 13 Br Of Life Pharmacy Llc,DXB,PHARMACY,,Shop No 3 Al Dana Building Al Satwa,04-3441122
Life Pharmacy 15 Br Of Life Pharmacy Llc,DXB,PHARMACY,,Shop No.13 Bayat Complex Hor Al Anz East,04-3441122
Life Pharmacy 16 Br Of Life Pharmacy Llc,DXB,PHARMACY,,Unit No. R-18 Bluewaters Residence Marsa,04-3441122
Life Pharmacy 17 Br Of Life Pharmacy Llc,DXB,PHARMACY,,Unit No Nc 03 Ground Floor Al Khawaneej Mall,04-3441122
Life Pharmacy 18 Br Of Life Pharmacy Llc,DXB,PHARMACY,,Shop No. 6 Ground Floor City Walk 1,04-3441122
Life Pharmacy 19 Br Of Life Pharmacy Llc,DXB,PHARMACY,,"Inside Carrefour, Mirdiff City Centre Mirdiff",04-3441122
Life Pharmacy 20 Br Of Life Pharmacy Llc,DXB,PHARMACY,,Inside Carrefour Deira City Centre Deira,04-3441122
Life Pharmacy 21 Br Of Life Pharmacy Llc,DXB,PHARMACY,,"Unit No: .Lg 168 Lower Ground Floor, Waitrose Dubai Mall",04-3441122
Life Pharmacy 22 Br Of Life Pharmacy Llc,DXB,PHARMACY,,Inside Carrefour Mall Of The Emirates Mall Of The Emirates,04-3441122
Life Pharmacy 23 Br Of Life Pharmcy Llc,DXB,PHARMACY,,"Retail Unit No. C-02, Ground Floor, Marina Diamond A1, Dubai Marina, Po Box 71246, Dubai, Uae",04-3441122
Life Pharmacy 24 Br Of Life Pharmacy Llc,DXB,PHARMACY,,Nit No. G-D-14  Dragonmart Complex 2,04-3441122
Life Pharmacy 25 Br Of Life Pharmacy Llc,DXB,PHARMACY,,"Unit  6 To 12, Ajsm Investment Building Karama",04-3441122
Life Pharmacy 27 Br Of Life Pharmacy Llc,DXB,PHARMACY,,"Unit No. Ff01-1, First Floor Arabian Ranches Ii",04-3441122
Life Pharmacy 29 Br Of Life Pharmacy Llc,DXB,PHARMACY,,Unit No. G 030 City Centre Meaisem Meaisem,04-3441122
Life Pharmacy 3 Br Llc-Life,DXB,PHARMACY,,"Lg01A, Next To Fitness First Deira City Centre Dubai",04-2366021
Life Pharmacy 3 Llc-Life,DXB,PHARMACY,,"Shop Fa-19, Dragon Mart 2 International City Dubai",04-5135355
Life Pharmacy 44 Br Of Life Pharmacy Llc,DXB,PHARMACY,,"Ground Floor - Unit No. 1009, Oasis Center, Dubai, Uae.",04-3441122
Life Pharmacy 45 Br Of Life Pharmacy Llc,DXB,PHARMACY,,"Shop 4 To 8, Raja & Sister Bui Opposite To Al Kabayal Al Warqa",04-3441122
Life Pharmacy 46 Br Of Life Pharmacy Llc,DXB,PHARMACY,,"Shop No: 2 Talal Tower, Plot 231-326 Al Nahda",04-3441122
Life Pharmacy 47 Br Of Life Pharmacy Llc,DXB,PHARMACY,,"Unit 2 &3, Nshama Community Centre, Town Square Dubai, Uae",04-3441122
Life Pharmacy 48 Br Of Life Pharmacy Llc,DXB,PHARMACY,,"Unit No. 1410 Ground Floor, Arabian Centre Al Mizhar",04-3441122
Life Pharmacy 4-Life,DXB,PHARMACY,,"Shop Lf15, Metro Link Ibn Battuta",04-2779199
Life Pharmacy 5 Llc-Life,DXB,PHARMACY,,"Shop #At040A, 1St Floor Dubai Festival City Mall Dubai",04-2366623
Life Pharmacy 51 Br Of Life Pharmacy Llc,DXB,PHARMACY,,Unit No. Gm2-B-7-Rt-23 B  Golden Mile Galleria,04-3441122
Life Pharmacy 53 Br Of Life Pharmacy Llc,DXB,PHARMACY,,"Prime Residence 1,  Al Warsan First",04-3441122
Life Pharmacy 54 Br Of Life Pharmacy Llc,DXB,PHARMACY,,Shop No F10-12 Warqa City Mall Al Warqa,04-5718012
Life Pharmacy 56 Br Of Life Pharmacy Llc,DXB,PHARMACY,,"Unit No. B1-S1, Ground Floor, Al Safa Park Complex, Dubai, Uae.",04-3441122
Life Pharmacy 58 Br Of Life Pharmacy Llc,DXB,PHARMACY,,"Unit No. 29, Vida The Hills Podium, Al Thanyah Third Dubai.",04-3441122
Life Pharmacy 7 Llc-Life,DXB,PHARMACY,,Al Furqan South Unit # Frjp-R-24 Dubai,04-3441122
Life Pharmacy Barsha Heights Br Of Life Pharmacy Llc,DXB,PHARMACY,,Shop No :8  Alshaibatower  Barsha Heights ( Tecom),04-3441122
Life Pharmacy Br Lamcy-Life,DXB,PHARMACY,,"Unit 134, Next To Icare Clinic Lamcy Plaza",04-3966711
Life Pharmacy Damascus Br Of Life Pharmacy Llc,DXB,PHARMACY,,Shop No.1 Alkabaylcentr Al Qusais 2 Bldng.,04-3441122
Life Pharmacy Dfc Br Of Life Pharmacy Llc,DXB,PHARMACY,,Unit No. - Rc-021 Firstfloor  Dubai Festival City,04-3441122
Life Pharmacy Dip 2 Br Of Life Pharmacy,DXB,PHARMACY,,Unit No.6 Ramla Mall Dip,04-3441122
Life Pharmacy Dusseldorf Br Of Life Pharmacy Llc,DXB,PHARMACY,,Shop No. 4 Dusseldorfbsp  Al Barsha-1,04-3441122
Life Pharmacy Dwtc Br Of Life Pharmacy Llc,DXB,PHARMACY,,Shop No: R0202 Concourse1  Dubai World Trade Centre,04-3441122
Life Pharmacy Fz-Llc,DXB,PHARMACY,,"Unit No. 09Ri, Build. No. 64 District 1, Block D, Ground Fl Dhcc",04-3441122
Life Pharmacy Hills-Life,DXB,PHARMACY,,Unit No. Th-Gf-R29 Ground Floor The Hills,04-3441122
Life Pharmacy I B M 2 Br Of Life Pharmac,DXB,PHARMACY,,Unit No.Ibs-Gf-54 & Ibs-Gf-54A Court-S Ibn Battuta Mall,04-3441122
Life Pharmacy I B M Br Of Life Pharmacy,DXB,PHARMACY,,Unit No. Ibs-Gf-078 Persia Court Ibn Battuta Mall,04-3441122
Life Pharmacy Jvt 2 Br Of Life Pharmacy,DXB,PHARMACY,,Shop No. R01 Nxt Triangle Supermarket Jvt,04-3441122
Life Pharmacy Llc Branch-Life,DXB,PHARMACY,,"Shop # 1, Clover Bay Tower Business Bay Dubai",04-3441122
Life Pharmacy Llc Dmcc Br,DXB,PHARMACY,,"G11, Dubai Gate 1 Jumeirah Lakes Towers",04-3441122
Life Pharmacy Marina Br Of Life Pharmacy,DXB,PHARMACY,,"Ground Floor Dec Dubai Marina Tower 2, Choitrams",04-3441122
Life Pharmacy Marina Walk Br Of Life Pharmacy Llc,DXB,PHARMACY,,Unit No. Ga2 Groundfloor  Dubai Marina Towers Retail,04-3441122
Life Pharmacy N K Mall Br Of Life Pharma,DXB,PHARMACY,,Unit No. Nkm-B-1010 Nkm-B-1011 Nakheel Mall,04-3441122
Life Pharmacy Village Mall Br Of Life Pharmacy Llc,DXB,PHARMACY,,Shop No: 24 & 25 Thevillagemal  Jumeirah First,04-3441122
Life Plus Pharmacy L.L.C-Life,DXB,PHARMACY,,Behind Burjuman Near Families Super Market Bank Street Bank Street,04-3513334
Life Rose Pharmacy-Life,DXB,PHARMACY,,"Shop 10, E07 Bldg, Plot 67, China Cluster International City",04-5521395
Life Silicon Pharmacy Llc,DXB,PHARMACY,,"Showroom G01, Palace Tower T1 , Opposite Choithram Supermarket , Dubai Silicon Oasis, Dubai Uae",04-3441122
Life Trident Pharmacy-Life,DXB,PHARMACY,,"Shop # R01 Near Marina Hotel Appartment, Next To Blue Mart Supermarket,Marina Scape Tower",04-5531092
Life Two Pharmacy Llc Br-Life,DXB,PHARMACY,,"Shop # G84 & G85, Bay Avenue Next To Whsmith Business Bay",04-5520750
Life Two Pharmacy Llc-Life,DXB,PHARMACY,,"Al Kawakeb Bldg A, 1St Interchange, Sheikh Zayed Road",04-3550057
Life Vision Pharmacy Llc-Life,DXB,PHARMACY,,"Shop G+1, Vision Tower, Business Bay, Dubai Dubai",04-5543244
Live Care Pharmacy,DXB,PHARMACY,,"Ground Floor,Shoppers 13Th Street Free Right Turn Before Parco R",04-8845562
Liwa Pharmacy L.L.C -Life,DXB,PHARMACY,,Victoria Residence  Mankhool,04-3558898
Lotus Pharmacy Llc,DXB,PHARMACY,,"Saif Ali Rashid Buldg Near Kamat Resturant,Damascuss Al Qusais 1",04-3433134
Lulu Barsha Pharmacy Llc,DXB,PHARMACY,,Mall Of Emirates Lulu Hypermarket Al Barsha,04-2848295
Lulu Centre Pharmacy (Lulu),DXB,PHARMACY,,Lulu Hypermarket  Qusais,04-2988616
Lulu Karama Pharmacy Llc (Docib Grp),DXB,PHARMACY,,Lulu Hypermarket Bldg Karama Al Karama,04-3369971
Luqman Pharmacy,DXB,PHARMACY,,"Nr.Emirates Bank Satwa Main Road Satwa,Bur Dubai",04-3312654
Madinat Al Qouz  Pharmacy  Llc,DXB,PHARMACY,,Farnek Bulding Shop No : 3- Back Of Al Khailm Al Qouz Industrial Area,04-3388522
Manchester Community Pharmacy (Chs),DXB,PHARMACY,,Shop No.2 Manchester Tower 1 Opposite To Al Rahim Mosque Dubai Marina,04-3957205
Mansion Pharmacy-Life,DXB,PHARMACY,,"Marina Mansion Tower,Next To Marina Mall Dubai Marina Dubai Marina",04-4537262
Marina Al Jumaira Pharmacy,DXB,PHARMACY,,"Emirates Co-Op,Near Choueifat Umm Sequim Jumeriah,Bur Dubai",04-3486700
Marina Care Pharmacy L.L.C,DXB,PHARMACY,,Iranian Hospital Old Bldg  Satwa,04-3466889
Marina Greens Pharmacy,DXB,PHARMACY,,Choitram Supermarket The Greens Bur Dubai,04-3663150
Marina Life Pharmacy L.L.C-Life,DXB,PHARMACY,,Marina Height Tower Near To Ci Dubai Marina Dubai Marina,04-4202447
Marina Pharmacy (L.L.C),DXB,PHARMACY,,Paloma Bldg.  Jumeirah Beach Residence,04-3466889
Marina Pharmacy (L.L.C) Marina Ph South,DXB,PHARMACY,,Om Souqiem Road. B005 South My City Center Al Barsha,04-3466889
Marina Pharmacy Almustaqbal (Marina Ph),DXB,PHARMACY,,"B# 5, Valeant Clinic Al Wasl Street",04-3466889
Marina Pharmacy Borj Station L.L.C,DXB,PHARMACY,,Burj Khalifa Metro Station,04-3466889
Marina Pharmacy Care 3(Marina),DXB,PHARMACY,,Al Wasl Road  Near To Iranian Hosp,04-3466889
Marina Pharmacy Care 5(Marinaph),DXB,PHARMACY,,Al Asayel St Near Iranian Hsptl,04-3466889
Marina Pharmacy Care Two(Marina),DXB,PHARMACY,,Iranian Hospital New Bldg  Satwa,04-3466889
Marina Pharmacy Care1 (Marina),DXB,PHARMACY,,Al Wasl Road Near Iranian Hsptl,04-3466889
Marina Pharmacy City Center Station Llc,DXB,PHARMACY,,Deira City Center Metro Statio,04-3466889
Marina Pharmacy City Walk(Marinaph),DXB,PHARMACY,,Al Albaany St Next To Sh Zaid Road City Walk Phase 2,04-3466889
Marina Pharmacy Gate (Branch Of Marina P,DXB,PHARMACY,,"The Gate Bldg Al Shaiba Towers, Shop No. 15 Al Barsha",04-3466889
Marina Pharmacy Golden Mile One,DXB,PHARMACY,,Golden Mile One Bldg Goiden Mile Souq Palm Jumeirah,04-3466889
Marina Pharmacy Golden Mile Two(Marina),DXB,PHARMACY,,Golden Mile Two Bldg Goiden Mile Souq Palm Jumeirah,04-3466889
Marina Pharmacy Old Town (L.L.C),DXB,PHARMACY,,"Souk Al Bahar Store No Ff 052, Ground Floor Old Town, Down Town",04-3466889
Marina Pharmacy Palm Fzco,DXB,PHARMACY,,Pjsb Clubhouse 03 G02 Ground Floor Palm Jumeirah Shoreline,04-3466889
Marina Pharmacy Shorooq(Marinaph),DXB,PHARMACY,,Shop #: G07  Mirdiff,04-3466889
Marina Center Pharmacy,DXB,PHARMACY,,Difc The Gate Building Difc,04-3466889
Marina View Pharmacy Llc-Life,DXB,PHARMACY,,Marina Heights Bldg Dubai Marina Dubai,04-4479780
Marsa Life Pharmacy Llc-Life,DXB,PHARMACY,,"Shop #7, Mag 218 Dubai Marina Dubai",04-4298431
Mas Life Pharmacy Br Of Life Pharmacy Llc,DXB,PHARMACY,,Unit No. P1-08-1 Marsaalseef   Dubai - Uae,04-3441122
Meadows Life Pharmacy Br Of Life Pharmacy Llc,DXB,PHARMACY,,"Shop No. 5&6 Bldg No: Zen 2-020, Plot 169 Discovery Gardens",04-3441122
Med Save Pharmacy (Aster),DXB,PHARMACY,,"Al Barajeel Complex,Union Bank 47Th Street Mirdif",04-2847600
Med X Pharmacy,DXB,PHARMACY,,"Al Rebat Street, Nad Al Hamar  Nad Al Hamar",04-2854641
Medi Link Pharmacy,DXB,PHARMACY,,"Shop B14, Gr Flr, Village Communiy Centre Arabian Ranches",04-3618218
Medi Prime Al Mizhar Pharmacy,DXB,PHARMACY,,Mirdif City Centre Mirdif City Centre Mirdif,04-2845522
Medi Prime Pharmacy,DXB,PHARMACY,,"Sheik Saud Building Opposite R Salahuddin Road Abu Hail,Deira",04-2720720
Medi Prime Pharmacy Al Qusais,DXB,PHARMACY,,Inside Al Qusais Plaza Damascus Street Al Qusais,04-6079876
Medi Prime Pharmacy Al Warqa,DXB,PHARMACY,,Al Warqa City Mall Tipoli Street Al Warqa,04-7070999
Medi Prime Pharmacy Jumeirah Branch L.L.,DXB,PHARMACY,,Al Ferdous 1 Al Wasl Road Al Safa,04-7070999
Medi Prime Pharmacy Motor City Llc,DXB,PHARMACY,,. . Motor City,04-7070999
Medi Prime Pharmacy Reef Mall,DXB,PHARMACY,,"3Rd Floor, Reef Mall Near Babyshop, Opp: Gold'S Gym Salahuddin, Deira",04-2720720
Medica Zone Pharmacy,DXB,PHARMACY,,Villa No. 18 Al Wasl Rd. Al Wasl Rd.,04-3383100
Medicina 1 Pharmacy,DXB,PHARMACY,,Souq Al Wasl District Al Maktoum Hospital Road Bur Dubai,04-2943248
Medicina 6 Pharmacy,DXB,PHARMACY,,"Enoc , Dubai International Airport, Al Twar",04-3993370
Medicina Al Fahidi Pharmacy,DXB,PHARMACY,,Retail 2 The 77 Valley  Sheikh Zayed Bin Hamdan Wadi Al Amardi,04-3550552
Medicina Beach Road Pharmacy,DXB,PHARMACY,,"Beach Road, Surf Cafe Building Jumeirah",04-3214347
Medicina First Pharmacy,DXB,PHARMACY,,Shop MTC GF 25-4 The Meadows Souk Al Thanayah 4th,04-3471266
Medicina Pharmacy 10,DXB,PHARMACY,,Dubai Science Park Al Barsha South,04-4285505
Medicina Pharmacy 11,DXB,PHARMACY,,Building 40  Dhcc,04-4547696
Medicina Pharmacy 12,DXB,PHARMACY,,Dubai International Academic C All Day Shoping Centre,04-4543123
Medicina Pharmacy 13,DXB,PHARMACY,,"Mirdif 35, Al Khawaneej Road",04-3214347
Medicina Pharmacy 14,DXB,PHARMACY,,Regal Tower Saada Street Business Bay,04-4425538
Medicina Pharmacy 15,DXB,PHARMACY,,Hessa Road Al Barsha1 Al Barsha,04-8875072
Medicina Pharmacy 16,DXB,PHARMACY,,Park Centre  Mirdiff,04-3456556
Medicina Pharmacy 18,DXB,PHARMACY,,Shop G1 Warqa Mall Al Warqa Sourt Al Warqa,04-2710587
Medicina Pharmacy 19,DXB,PHARMACY,,Level 14 The Gate Building  Difc,04-5786945
Medicina Pharmacy 2,DXB,PHARMACY,,Medicina Nad Al Hamar Avenues Nad Mall,04-2898201
Medicina Pharmacy 3,DXB,PHARMACY,,"Medicina 3 The Mall,Jumeirah Road Dubai",04-3219943
Medicina Pharmacy 39,DXB,PHARMACY,,Shop No. R5 Uptown Mirdif Reta Mirdiff,04-2883898
Medicina Pharmacy 4,DXB,PHARMACY,,Al Majarah Tower Dubai Marina Walk,04-4563304
Medicina Pharmacy 5,DXB,PHARMACY,,Sheikh Zayed Road Al Barsha 1 Grand Midwest View Hotel Stree,04-3794954
Medicina Pharmacy 7,DXB,PHARMACY,,Al Khaleej Centre Al Mankhool Road Bur Dubai,04-3526633
Medicina Pharmacy 8,DXB,PHARMACY,,Near Mass Supermarket Al Warqaa 1,04-3794954
Medicina Pharmacy 9,DXB,PHARMACY,,Wasl Stadium  Oud Metha Road,04-3313152
Medicina Pharmacy Branch 17,DXB,PHARMACY,,Nova Building Dubai Silicon Oasis,04-3450503
Medicina Pharmacy-Dxb,DXB,PHARMACY,,"International House Opposite Marina Home Hessa Road, Al Barsha 2",04-3237202
Medicine Shoppe Micro Pharmacy (Aster),DXB,PHARMACY,,"Beside Mall Of Emirates Behind Saratoga Bldg, Shop #15 Barsha 1",04-3237939
Mediclinic Al Sufouh Pharmacy,DXB,PHARMACY,,"Block 10,Next To Welcare Hosp Sufouh Road Dubai Knowledge Village",04-3661030
Mediclinic Deira Clinic Br Of Mediclinic,DXB,PHARMACY,,"Deira City Centre Gnd &3Rd Flr Citycentre Office Near Pullman Hotel, Deira",04-2052777
Mediclinic Dubai Mall Pharmacy,DXB,PHARMACY,,"Level 2, Parking 3 Dubai Mall Downtown Dubai",04-4495162
Mediclinic Ibn Battuta Pharmacy,DXB,PHARMACY,,China Court F142 Shop Ibn Battuta Mall Discovery Gardens,04-4409000
Medicom 5(Emirates Coop Phar)(Aster),DXB,PHARMACY,,"Emirates Co-Op Society Tuwar Street Qusais,Deira",04-2649929
Medicom Ph 10 (Al Saba Phar)(Aster),DXB,PHARMACY,,"Near Uptown Mall Al Khaja Real Estate Uptown Mirdif,Deira",04-2885995
Medicom Ph 11 (New Flame Phar)(Aster),DXB,PHARMACY,,"Nearby Eppco Petrol Pump Oppos Tuwar Street Qusais,Deira",04-2611551
Medicom Ph 12 (Dubai Century)(Aster),DXB,PHARMACY,,Behind Bin Souqat Centre Rashidiya Deira,04-2859110
Medicom Ph 13 (Home Phar)(Aster),DXB,PHARMACY,,"Opp. Karama Centre Opp. Al Attar Shopping Mall Karama,Bur Dubai",04-3977739
Medicom Ph 2 (Al Wasl Phar)(Aster),DXB,PHARMACY,,"Mercato Centre Jumeirah Beach Road Jumeirah 2,Bur Dubai",04-3448333
Medicom Ph 6 (Mazaya Phar)(Aster),DXB,PHARMACY,,Mazaya Centre Sheikh Zayed Road Bur Dubai,04-3435522
Medicom Ph 8 (Century Mall)(Aster),DXB,PHARMACY,,"Century Mall Wuheida Street Hamriya,Deira",04-2965040
Medicom Ph 9 (Qemma Phar)(Aster),DXB,PHARMACY,,Opp.Al Qusai Police Staion Qusais Bur Dubai,04-2640818
Medicom Ph7 (Al Shoala -Flame )(Aster),DXB,PHARMACY,,"Al Mizhar Mall Ground Floor, B Mizhar Ii Deira",04-2876804
Medicom Pharmacy (Pharabi Phar)(Aster),DXB,PHARMACY,,Zarwani Building Gold Market Deira,04-2264844
Medicom Pharmacy 1 (Jameya Phar)(Aster),DXB,PHARMACY,,"Nr.Co-Op Society Tuwar Street Qusais,Deira",04-2633677
Medicom Pharmacy 16,DXB,PHARMACY,,Near Sabkha Bus Station  Al Buteena,04-2263614
Medicom Pharmacy 34,DXB,PHARMACY,,"Cloud 8 Bldg, Near Al Nahda Metro Station",04-2544001
Medicom Pharmacy 4 (Town Phar)(Aster),DXB,PHARMACY,,"Town Centre Juemirah Beach Road Jumeirah,Bur Dubai",04-3440077
Medicom Pharmacy 15,DXB,PHARMACY,,Al Fahad Plaza Building Rigga Street Sabkha,04-2297670
Medicom  Pharmacy 33 Llc,DXB,PHARMACY,,Near Al Saqa Plaza Supermarket,04-2733237
Medicom14 (New Home Ph) (Aster)(Moopens),DXB,PHARMACY,,Madina Mall Madina Mall Qusais,04-2558733
Medicure Pharmacy (Dso),DXB,PHARMACY,,Grnd Floor Near Choitram Dubai Silicon Oasis,04-3793931
Medicure Pharmacy Branch-Mankhool,DXB,PHARMACY,,Grnd Floor Street 2 Mankhool,04-3984866
Medicure Pharmacy-Branch (Qusais),DXB,PHARMACY,,Ground Floor Damascus Street Qusais,04-2216595
Medilife Pharmacy-Life,DXB,PHARMACY,,"Shop #1, Choithram Bldg Plot B/1416, Opp: Safa Park Al Wasl",04-3237223
Mediprime Pharmacy Barsha Heights Br,DXB,PHARMACY,,The Onyx Tower 1 Ground Floor Sheikh Zayed Road,04-7070999
Mediprime Pharmacy Rta,DXB,PHARMACY,,"Block C, Ground Floor Rta Headquarters, Um Ramool",04-2720720
Medshop Garden Pharmacy (Aster),DXB,PHARMACY,,Zen Building Near Chelsea Garden Hotel Discovery Gardens Discovery Gardens,04-4329596
Medze Pharmacy (Br Of Medze Healthcare L,DXB,PHARMACY,,Sunshine 2 Bldg Gr Flr Al Ghurair Center. Oma Deira,04-2223393
Mercato Family Pharmacy,DXB,PHARMACY,,Mercato Shopingmall Jumeirahroad Jumeirah,04-3584401
Mezhar Life Pharmacy Llc-Life,DXB,PHARMACY,,Emirates Co-Operative Society   Mezhar Ii,04-2571177
Mirdif Pharmacy,DXB,PHARMACY,,"Nr. Abu Hanifa Mosque Algeria Street Mirdif,Deira",04-2885481
Modern Bin Sina Pharmacy (Alphamed),DXB,PHARMACY,,"Al Diyafa Building 2Nd December Street Diyafah,Bur Dubai",04-3986026
Modern Family Pharmacy,DXB,PHARMACY,,"Umm Hurair Building Opp To Civ Zaabeel Road Karama,Bur Dubai",04-3885633
Modern Life Pharmacy-Life,DXB,PHARMACY,,Behind Uae Exchange Inside Vegetables And Fruits Market Aweer,050-5589967
Modern Medi Prime Pharmacy,DXB,PHARMACY,,Shop No 1205A 2nd Flr Oasis Mall Sheikh Zayed Road Al Quoz 1,04-3387387
Modern Pharmacy (Dxb),DXB,PHARMACY,,Al Maktoum Street Maktoum Street Deira,04-2223879
Mother Pharmacy,DXB,PHARMACY,,Abu Bakeir Siddique Road  Deira,04-2974329
Motor Community Pharmacy (Chs),DXB,PHARMACY,,Al Arab Resto Motor City Ground Floor Green Community,04-4541527
Muhaisna Star Pharmacy (Avivo),DXB,PHARMACY,,Sulthan Muhaisna Old Muhaisna 2 Old Muhaisna 2,04-2644034
Multi Care Pharmacy Llc,DXB,PHARMACY,,Alhghailgate Community Latifabinstreet Al Quoz Residential,04-4245863
Murshid Pharmacy -Life,DXB,PHARMACY,,Shop G9 G10 &G11 Sawan Building Al Buteen Deira,04-8365843
Musalah Al Quoze Pharmacy (Al Khail),DXB,PHARMACY,,Al Quoz 4 Al Khail Mall Al Quoz,04-3285928
Musalla Sonapur Pharmacy (Musalla),DXB,PHARMACY,,Shaklan Supermarket Building Muhaisna-2 St. Sonapoor,04-2544461
Musalla Tower Pharmacy (Musalla),DXB,PHARMACY,,"Musalla Tower Mall Musalla Road Al Hamriya,Bur Dubai",04-3964118
Nad Shamma Pharmacy Llc,DXB,PHARMACY,,Shop No:3 Oldkadooliblg Near Fire Station,04-2514107
Naeem Pharmacy,DXB,PHARMACY,,"Rajadhani Rest Nakheel Street Naif,Deira",04-2212310
Nahda  Al Naseem  Pharmacy Llc,DXB,PHARMACY,,"Ground Floor Al Nahda Building, Baghadad St Al Nahda",04-3859219
Nahdi Pharmacy Llc,DXB,PHARMACY,,Shop E35 2Nd Floor Nakheel Mall Palm Jumeirah,04-3368400
Najma Al Musallah Pharmacy L L C,DXB,PHARMACY,,"Oberoi Properties  Shop No. 1 Ground Floor, Al Waha Street Al Qouz 3",04-3381967
Najmat Al Shams Pharmacy Llc,DXB,PHARMACY,,Grnd Flr Near Abidos Hotel Apartment Du Dubai Land,04-2544123
Nakheel Pharmacy Fz-Llc,DXB,PHARMACY,,No.26 Al Baker Building Next T Oud Metha Road Dhcc,04-4370530
Nature'S Life Pharmacy L.L.C-Life,DXB,PHARMACY,,Opp. Emirates Nbd Wasl Road Jumeirah,04-3441122
New Advanced Care Pharmacy Llc,DXB,PHARMACY,,Seihshoweb 4 Labour City 2 Dubai Industrail Area,04-3807807
New Al Hadiga Pharmacy-Life,DXB,PHARMACY,,Wasl Square Building Hadiqa Street Jumeirah,04-3791553
New Al Kanz Pharmacy Br J-Life,DXB,PHARMACY,,J2 Tower Cluster J Jlt,04-3929669
New Al Kanz Pharmacy Br R-Life,DXB,PHARMACY,,"Shop Mag 214, Jlt Cluster R Dubai",04-5521830
New Al Nahda Pharmacy-Life,DXB,PHARMACY,,Lootha Bld Baghdad Street Nahda 2,04-2672855
New Al Qouz Pharmacy (Aster),DXB,PHARMACY,,Old Grand Mall Building Nr. Dr Qouz 1 Bur Dubai,04-3385854
New Al Shifa Pharmacy (Aster),DXB,PHARMACY,,Nr Dragon Mar Building No. V-2 Internation City International City,04-4227474
New Al Suwaidi Pharmacy Llc,DXB,PHARMACY,,Naema Ali Buamim Building Near Al Satwa Round  About Satwa,04-3859219
New Better Life Pharmacy-Kmc,DXB,PHARMACY,,Next Al Karma Medical Center Industrial Area 3 Qouz 1,04-3466097
"New Bin Sina Ph, Dhcc (Alphamed)",DXB,PHARMACY,,Hmc Building # C/P 55 Oud Metha Road Dhcc,04-4298242
New Cosmopolitan Pharmacy,DXB,PHARMACY,,Near Nasser Masjid Al Nakhal Road Deira,04-2293561
New Doha Pharmacy Llc-Life,DXB,PHARMACY,,"Near Crown Plaza, Nbd Building Sheikh Zayed Road Sheikh Zayed Road",04-3328385
New Grand 1 Pharmacy-Life,DXB,PHARMACY,,Mankhool Bldg Khalid Bin Walid St Bur Dubai,04-3518474
New Grand Murqabat Pharmacy-Life,DXB,PHARMACY,,Al Muraqabat Building  Muraqabat Street Muraqqabat,04-2552275
New Health Sign Pharmacy L.L.C,DXB,PHARMACY,,"Shop #2, Bookash Building Near Astoria Hotel Burdubai",04-3208755
New Ibn Sina Pharmacy (Alphamed),DXB,PHARMACY,,"Deira City Center Baniyas Street Port Saeed,Deira",04-8105493
New Mamzar Pharmacy -Life,DXB,PHARMACY,,Nr. Al Mahab School Century Shopping Mall Bldg Mamzar Area,04-2967710
New Mankhool Pharmacy (Jupiter),DXB,PHARMACY,,Villa 108 Khalid Bin Walid Street Khalid Bin Walid Street,04-3858580
New Mazaya Pharmacy-Life,DXB,PHARMACY,,Mazaya Center  Sheikh Zayed Road,04-3284862
New Medi Prime Pharmacy,DXB,PHARMACY,,3Rd Floor Burjuman Center Khalid Bin Al Waleed Road,04-3979636
New Medicina Pharmacy,DXB,PHARMACY,,Api 1000  Al Wasl Road,04-3853313
New Medilife Pharmacy Llc,DXB,PHARMACY,,Building Material Market Al Warsan Grnd Floor Ras Al Khor,04-2888315
New Motor City Pharmacy-Life,DXB,PHARMACY,,Block B Uptown Motor City Motor City,04-4474022
New Planet Pharmacy South Ridge-Julphar,DXB,PHARMACY,,Near Burj Khalifa And Dubai Mall South Ridge Tower 1 Down Town,04-4329158
New Rashed Pharmacy,DXB,PHARMACY,,"Rashid Hospital , Shop No. 5 Oud Medha Dubai  Oud Medha",04-3338796
New Salahaldin Pharmacy-Life,DXB,PHARMACY,,Shop# G-3 Al Waha Mosque-Rs Dubai Silicon Oasis,04-3335822
New Sanaiya Pharmacy (Sanaiya),DXB,PHARMACY,,"Muhaisnah 2, Sonapur Al Abbar Complex Nxt To Madina Supermarket",04-2648202
New Silicon Pharmacy Br Of Life Pharmacy,DXB,PHARMACY,,Retail 01 Le Presidium Tower Silicon Oasis,04-3204410
New Smile Pharmacy Al Qouz,DXB,PHARMACY,,Alawqaf Building 1 Khail Gate  Qouz,04-3381330
New Supercare Pharmacy- Media City,DXB,PHARMACY,,"Nr. Nakheel Metro Station And Cnbc Bldg #7 Media City,Bur Dubai",04-3902445
Nice Life Pharmacy(Br Of Aster Pharmac,DXB,PHARMACY,,"Ground Floor, Shop No:Ag 12, Al Hudaiba Awar Jumeirah 1",04-5467076
Nile Pharmacy Llc,DXB,PHARMACY,,"Al Shaab Colony,Beside Al Shaab Supermarket  Hor Al Anz",04-2660132
Nmc Dic Clinic An Pharmacy Br-Al Warsan,DXB,PHARMACY,,Ground Floor China Cluster Al Warsan,04-8108808
Noof Pharmacy (Madinah),DXB,PHARMACY,,Mushairah Howaidan Bldg Below Sara Clinic Mushairah,04-8522988
Noor Al Iman Pharmacy-Life,DXB,PHARMACY,,"Shop #1, Plot # 356-257 Jumeirah 3 Sheikh Zayed Road",04-3861263
Noor Al Mamzar Pharmacy-Life,DXB,PHARMACY,,"Shop # 18, Ab Plaza 1 Near Canadian Specialist Hosp Al Mamzar",04-2669299
Noor Al Shefaa Pharmacy-Life,DXB,PHARMACY,,Opp: Naif Park Naif Road Deira,04-2396897
Noor Almadina Pharmacy L.L.C,DXB,PHARMACY,,"Fnc Camp Building No: 101, Ground Floor Al Quoz 3",04-3306606
Noor  Al Ahalia Pharmacy,DXB,PHARMACY,,"G-01, Ground Floor / Al Littihad Road, Al Mulla Plaza Signal Mamzar Centre",04-2526880
Nova Advanced Care Pharmacy Llc,DXB,PHARMACY,,Shaklan Hypermarket Bldng 32A Street Muhaisnah 2,04-3807807
Novo Pharmacy Branch,DXB,PHARMACY,,"Gallaria Shoping Mall, Hayat Deira",04-2391516
Novo Pharmacy Llc Murraqabat,DXB,PHARMACY,,"Al Bafta Grand Deira, G-Floor,Al Muraqabat Deira",04-5474214
Novo Pharmacy Llc(Novo),DXB,PHARMACY,,"Shop 2, Ground Floor, Maysoon Building Oud Metha",04-2517434
Novomed Pharmacy Llc,DXB,PHARMACY,,Al Yahoom Street Ground Gloor Marina Plaza,04-5576235
Oasis Life Pharmacy-Life,DXB,PHARMACY,,Dubai Residential Oasis Attached Welcare Dubai Residentioasis Qusais,04-2586774
Oasis Pharmacy Llc,DXB,PHARMACY,,Block -A Worldtrhotel Opposite  Metro Station,04-3313391
Oman Pharmacy,DXB,PHARMACY,,Al Budoor Bldng Baniyas Square  Baniyas,04-2222071
Orbit  Star Pharmacy  Llc,DXB,PHARMACY,,Shop ¿ 5 -Al Attar Business Av Near Muhaisnah Madina Mal Al Barsha,04-2348918
Our Life Guard Pharmacy Llc,DXB,PHARMACY,,05 Gf Suhail Salem Saeed Storage 70 Street Jebal Ali,056-1619127
Palace Pharmacy (Luqman Grp),DXB,PHARMACY,,"Abu Hail Street Hor Al Anz, Hadeer Supermarket Deirah",04-2690606
Palm Strip Pharmacy - Jumeirah -Life,DXB,PHARMACY,,"Opp. Jumeira Grand Mosque Jumeira Beach Road, Dubai Palm Strip Mall Ground F Jumeirah",04-3862335
Panacea Pharmacy Aster,DXB,PHARMACY,,Madinat Al Jumeira Jumeirah Beach Road Bur Dubai,04-3686123
Panacea Pharmacy Reef (Aster),DXB,PHARMACY,,Reef Mall Nr To Ansar Gallery Salah Al Din Road Deira,04-2239805
Panorama Rx Pharmacy (Imara),DXB,PHARMACY,,Panorama Building Next To Regent Intl School Al Thanyah 3,04-4557256
Paradise Plus Pharmacy Llc,DXB,PHARMACY,,Ritaj Community Centre 1St F Alyalais Street Dubia Investment Park 2,04-8848270
Park Better Life Pharmacy-Kmc,DXB,PHARMACY,,Park Shopping Center Rta Bus Terminals Street Dip,04-8858574
Pharma One Pharmacy Dxb (Bait Al Maqdes),DXB,PHARMACY,,"Fathima Bldg. Close To Eppco Petrol Stn Beirut St., Muhaisna 4",04-2631107
Pharma Zone Pharmacy Dip L L C,DXB,PHARMACY,,Souq Extra Mall Opp. Al Maya Supermarket Dip,04-8800001
Pharmachoice Pharmacy Owned By Dr Sulaim,DXB,PHARMACY,,"Indigo Central 1 Plot 357-0709 Al Safa 2,Sheikh Zayed Road",04-5813333
Premier Pharmacy-Life,DXB,PHARMACY,,Hamarain Center Hamarain Center Deira,04-2699215
Primacare Pharmacy (Primacare),DXB,PHARMACY,,"Musalla Tower Bank St Khalid Bin Al Walid Al Hamriya,  Bur Dubai",04-3705080
Pristine Pharmacy-Life,DXB,PHARMACY,,Nr. Mediclinic City Hospital And Dhcc Metro Station Wafi Mall Ground Floor Dhcc,04-3852248
Raheq Alazhar Pharmacy L.L.C,DXB,PHARMACY,,Xpo Mall Madinat Hypermarket Apt 10 Mall Jebel Ali Industrial Area,8007400
Rak Pharmacy Llc,DXB,PHARMACY,,"Villa 1165 Rak Pharmacy Bldg Next To Enoc Petrol Stn Al Wasl Rd, Jumeirah",04-3805080
Ramada Life Pharmacy Llc-Life,DXB,PHARMACY,,Near Hotel Ramada Fahidi Street Fahidi Street,04-3528104
Ramada Pharmacy,DXB,PHARMACY,,Hor Al Naz No.4 Abuhail Hor Al Anz East,04-2661842
Rand Pharmacy (Zahra Dxb),DXB,PHARMACY,,Al Safaa Tower Near Al Moosa T Sheikh Zayed Road Sheikh Zayed Road,04-3315780
Rashid Pharmacy - Aster(Moopens),DXB,PHARMACY,,Near Guest Line Hotel Rigga Road Rigga,04-2211739
Real 10 Pharmacy-Life,DXB,PHARMACY,,"Shop 1, Elite Bldg, Opp: Lulu Hypermarket Al Barsha",04-3479744
Real 3 Pharmacy-Life,DXB,PHARMACY,,Hamariah Palace 2 Umm Hurair Bur Dubai,04-3575446
Real 4 Pharmacy-Life,DXB,PHARMACY,,"483, Shop 3, Escape Tower, Near Business Bay Metro Business Bay",04-3881558;
Real 5 Pharmacy-Life,DXB,PHARMACY,,Next To Carrefour Express Aman Road Al Nadha,04-2577545
Real 6 Pharmacy-Life,DXB,PHARMACY,,"Shop # 1, Al Salaam Tower Sheikh Zayed Road Chelsea",04-3529988
Real 7 Pharmacy Dmcc Branch(Life),DXB,PHARMACY,,"Shop Pl-7, Lake Terrace Cluster D Jumeirah Lakes Tower",04-3441122
Real 7 Pharmacy Jlt Br-Life,DXB,PHARMACY,,"Unit # Gs03, Plot # Jlt Phase 1-A3 Lake Side Res Tower Jlt, Dubai",04-5516506
Real 7 Pharmacy-Life,DXB,PHARMACY,,"Ground Floor, E3, Sabah Tower1 Jumeirah Lake Towers Dubai",04-4391776
Real One Pharmacy-Life,DXB,PHARMACY,,Al Balooch Building Rafah Street Rafah Street,04-3887704
Outlet By Life Pharmacy Llc,DXB,PHARMACY,,Shop No R1 & 12 Al Khail Mall Al Quoz,04-3413745
Relief Pharmacy,DXB,PHARMACY,,"Opp Futtaim Mosq Haj Murar Naif Road Naif,Deira",04-2285462
Riviera Life Pharmacy-Life,DXB,PHARMACY,,Riviera Dreams Bldg Cbd Cluster International City,04-4564220
Rock Star Pharmacy (Noor Phy),DXB,PHARMACY,,"Flat 10&11, Ya Creek Hotel Near Rta Parking, Bur Dubai Deira",04-2348277
Roken Alkhalej Pharmacy-Julphar,DXB,PHARMACY,,Executive Tower  Business Bay,04-4587004
Rotana Pharmacy Llc,DXB,PHARMACY,,Ground Flr Al Murr Saeed Hor Al Anz,04-2387546
Royal Grand Pharmacy-Life,DXB,PHARMACY,,"Shop No10 Block P 13,France Cl Internation City International City",04-4474078
Royal Life Pharmacy L.L.C-Life,DXB,PHARMACY,,Mankhool Towers Mankhool Street Mankhool,04-3529229
Royal Marina Pharmacy-Life,DXB,PHARMACY,,Opp Le Royal Meridien Hotel Dubai Marina Dubai Marina,04-4579134
Royal Memzar Pharmacy Llc-Life,DXB,PHARMACY,,Al Mamzar Center Ground Floor Opp. Al Mullah Plaza Mamzar,04-2659552
Royal Pharmacy L.L.C-Life,DXB,PHARMACY,,Opp. Hotel Ascot Khalid Bin Waleed Road Khalid Bin Waleed Road,04-3522426
Royal Ruby Pharmacy,DXB,PHARMACY,,Inside akmart  Dip,4-3791311
Ruby Pharmacy (Sanaiya),DXB,PHARMACY,,Dubai International City Grnd Flr Dragonmart China Cluster H6,04-4226899
Rx Pharmacy (Imara),DXB,PHARMACY,,Abdul Waheed Fikree Building Al Ghubaiba Bus Station Burdubai,04-3555129
S Z R Life Pharmacy Br Of Life Pharmacy,DXB,PHARMACY,,Showroom No. 2 Al Kawakeb  Sheikh Zayed Road,04-3441122
Safa Society Pharmacy L.L.C-Life,DXB,PHARMACY,,Union Co-Op Building Wasl Road Safa,04-3946618
Safe Way Pharmacy,DXB,PHARMACY,,"Al Khalil Street, Jumeirah Village Circle Dubai  Jumeirah Village Circle",04-3638598
Sahara Star Pharmacy (Novo),DXB,PHARMACY,,"Hamriya Shopping Centre Ground Floor Abu Hail Road,Abu Hail",06-5244660
Salah Aldin Pharmacy L.L.C-Life,DXB,PHARMACY,,Abu Hail  Salah Din Road Abu Hail,04-2728233
Samari Rx Pharmacy (Imara),DXB,PHARMACY,,"Samari Retail Mall Next To Samari Residence Oman/Hatta Road, Ras Al Khor",04-3330538
Samary Pharmacy,DXB,PHARMACY,,Jebal Ali Industrial Area Near To Jebal Ali Mall Jebal Ali,04-8878011
Samary Pharmacy Branch Llc,DXB,PHARMACY,,"Jafza Mall  Jafza Mall,Jebal Ali",04-44817530
Samer Pharmacy L.L.C-Life,DXB,PHARMACY,,Sheik Hamdan Colony Building  Karama,04-3971909
Sands Community Pharmacy (Chs),DXB,PHARMACY,,Emirates Crown Tower 1 Near Marriot Hotel Dubai Marina,04-4243520
Sanjeevani Pharmacy,DXB,PHARMACY,,"Flat 5 Gf Meena Bldg, Mussalla Road  Al Fahidi",04-3862999
Sara Pharmacy-Aster Grp,DXB,PHARMACY,,"Nr.Spinneys Trade Centre Road Trade Centre,Bur Dubai",04-3593330
Scientific Pharmacy (Julphar Grp Of Phy),DXB,PHARMACY,,Oasis Hotel Dubai Marina Dubai Marina,04-3999020
Seha Pharmacy Llc,DXB,PHARMACY,,"#9, Wasl Onyx Bldg, Near Options Furniture Center Umm Hurair 1",04-3977769
Shefaa Al Madeena Pharmacy,DXB,PHARMACY,,"Shop 2, Near Mall Of Emirates Al Telal 11 Al Barsha 1",04-3475988
Shohob Pharmacy,DXB,PHARMACY,,Al Soor Road Al Soor Street Al Ras,04-2255556
Smile Pharmacy (Dr. Ismail),DXB,PHARMACY,,Alawqaf Building 1 Sonapur Street Qusais,04-2646529
Stars Pharmacy,DXB,PHARMACY,,"Mushaba Ahmed Al Kahiji Buildi Somali Masjid Street Furj Murar,Deira",04-2727223
Stay Well Pharmacy ( Br Of United Medica,DXB,PHARMACY,,1St Floor Galleria Mall Al Barsha 2,04-5261228
Super Care Pharmacy Llc Dubai Marina,DXB,PHARMACY,,"Shop# 2, Liv Residence Building Dubai Marina",04-3504679
Super Care Pharmacy Mirdif,DXB,PHARMACY,,Mirdif City Center Mirdif City Center Mirdif,04-2839171
Super Life Pharmacy L.L.C-Life,DXB,PHARMACY,,Unit No. Gf 32 New Meadows Village The Meadows,04-3608800
Supercare Emirates Pharmacy,DXB,PHARMACY,,"Mall Of Emirates Sheikh Zayed Road Barsha,Bur Dubai",04-3410871
Supercare Gardens Pharmacy,DXB,PHARMACY,,Ibn Batuta Mall Persian Court Discovery Gardens Bur Dubai,04-3669800
Supercare Jumeirah (Khayyam)Pharmacy,DXB,PHARMACY,,"Magrudy'S Shopping Mall Jumeirah Beach Road Jumeirah,Bur Dubai",04-3445246
Supercare Mankhool Pharmacy,DXB,PHARMACY,,Nashwan Building Mankhool Road Bur Dubai,04-3989092
Supercare Pharmacy,DXB,PHARMACY,,"Safa Centre Next To Park N Sho Wasl Road Safa,Bur Dubai",04-3943595
Supercare Pharmacy 26,DXB,PHARMACY,,Emaar Boulevard  Downtown,04-4302731
Supercare Pharmacy 28,DXB,PHARMACY,,Al Badia Golf Club  Dubai Festival City,04-2591134
Supercare Pharmacy 29,DXB,PHARMACY,,"Spinneys, The Villa Mall  Dubai Land",04-4561672
Supercare Pharmacy 31,DXB,PHARMACY,,Burj Al Najoom  Downtown,04-4305839
Supercare Pharmacy 38,DXB,PHARMACY,,Near Spinney'S Uptown Mirdiff Mirdiff,04-3504500
Supercare Pharmacy 39,DXB,PHARMACY,,Le Grande Mall  Dubai Marina,04-4218806
Supercare Pharmacy 43,DXB,PHARMACY,,Burjuman Mall  Bur Dubai,04-3504500
Supercare Pharmacy 44,DXB,PHARMACY,,Motor City,04-3504500
Supercare Pharmacy Arabian Plaza,DXB,PHARMACY,,Arabian Plaza Mall Khawaneej Street Mirdif,04-2845540
Supercare Pharmacy Aswaaq Umm Suqeim,DXB,PHARMACY,,Aswaaq Building Umm Suqeim 3 Umm Suqeim 3,04-3306643
Supercare Pharmacy Dcc (Supercare Gr),DXB,PHARMACY,,Deira City Center Baniyas Street Port Saeed,04-2501211
Supercare Pharmacy Dip,DXB,PHARMACY,,Dip 1 St Dubai Investment Park,04-8854323
Supercare Pharmacy Dmcc,DXB,PHARMACY,,"Emirates Hill Fortune Executive Tower Cluster T, Jlt",04-5525603
Supercare Pharmacy Dubai Mall,DXB,PHARMACY,,Dubai Mall Doha Street Down Town Dubai,04-4341687
Supercare Pharmacy Festival City,DXB,PHARMACY,,"Below Ikea Dubai Festival City Bldg, Grou Al Badiya,Bur Dubai",04-2325577
Supercare Pharmacy Jlt,DXB,PHARMACY,,Al Sheraa Tower Saryat Road Jlt,04-4541157
Supercare Pharmacy Llc - Branch,DXB,PHARMACY,,"Shop# R7-R8, Inside Spinney'S, Meydan,Nad Al Shiba",04-3504679
Supercare Pharmacy Llc Branch,DXB,PHARMACY,,"Retail# 2, 7 Tower Complex Emirates Tower 4,Dso",04-3886307
Supercare Pharmacy Llc Festival City,DXB,PHARMACY,,"Shop# 112, Ground Floor Festival City",04-3504679
Supercare Pharmacy Llc Me¿Aisem,DXB,PHARMACY,,Meaisem City Center  Meaisem City Center,04-5897079
Supercare Pharmacy Llc-Motorcity,DXB,PHARMACY,,"Shop# 5, Inside Waitrose, Motorcity",04-3504679
Supercare Pharmacy Marsa,DXB,PHARMACY,,Silverene Marina Dubai Marina Shaikh Zayed Road Sheikh Zayed Road,04-4232850
Supercare Pharmacy Mirdif 2,DXB,PHARMACY,,Spinneys Mirdif Community Cent 53Rd St. Uptown Uptown Mirdif,04-2858222
Supercare Pharmacy Oasis Centre,DXB,PHARMACY,,Oasis Centre Shaikh Zayed Road Sheikh Zayed Road,04-3397683
Supercare Pharmacy Sheikh Zayed Road,DXB,PHARMACY,,Oasis Centre Shaikh Zayed Road Trade Center 2 DIFC,04-3798802
Supercare Pharmacy Silicon Branch,DXB,PHARMACY,,Spinneys Cedre Shopping Centre Silicon Oasis Silicon Oasis,04-3423307
Supercare Pharmacy Umm Suqeim,DXB,PHARMACY,,Dubai London Clinic Building Umm Suqeim Umm Suqeim,04-3306144
Supercare Pharmacy Wasl Sq,DXB,PHARMACY,,Opp/Union Cooperative Society Wasl Road Wasl,04-3884060
Sustainable Life Pharmacy Llc-Life,DXB,PHARMACY,,"B-1, The Sustainable City, Al Wadi Al Safa 7, Dubai",04-3441122
Taj Pharmacy-Life,DXB,PHARMACY,,Unit No A001 Ground Floor  Dubai Creek Residence,04-5812462
Tajmeel Royal Pharmacy Llc,DXB,PHARMACY,,"Tajmeel Royal Clinic, Near Metropolitan Hotel, Umm Al Sheif, Sheikh Zayid Rd  Po. Box. 34085",04-5091020
Tariq Pharmacy-Life,DXB,PHARMACY,,Al Bustan Centre  Qusais,04-2635020
Town Community Pharmacy,DXB,PHARMACY,,Opp. Carrefour Sm Wafi Mall Wafi Mall,04-3547374
Town Life Pharmacy Llc-Life,DXB,PHARMACY,,Near Welcare Clinic And Spinney'S Uptown Mirdif Center Uptown Mirdif,04-2848355
Town Square Life Pharmacy Br Of Life Ph,DXB,PHARMACY,,"Unit No. 4, Ground Floor Town Square",04-3441122
Tracks Community Pharmacy (Chs),DXB,PHARMACY,,Uptown Motor City,04-4475828
Tram Life Pharmacy Llc-Life,DXB,PHARMACY,,Al Seef Tower 1 Behind Tamani Hotel Dubai,04-5586744
Umm Hurair Pharmacy-Aster,DXB,PHARMACY,,Umm Hurair Building Zabeel Road Bur Dubai,04-3343206
Unicare Pharmacy Llc (Umc),DXB,PHARMACY,,Burjuman Centre Khalid Bin Waleed Road Khalid Bin Waleed Road,04-3599523
Unicare Star Pharmacy (Umc),DXB,PHARMACY,,Wasl Properties Mankhool Road Satwa,04-3868811
Union Pharmacy (Aster),DXB,PHARMACY,,Mohd. Noor Younis Khadir Build Khalid Bin Al Waleed Road Bur Dubai,04-3935619
Unique Care Pharmacy Llc,DXB,PHARMACY,,"Shop No-S14, X20 England Cluster International City",04-5808675
Uptown Community Pharmacy (Chs),DXB,PHARMACY,,Grnd Flr Geant Comm. Centre Remraam Dubailand,04-5135160
Uptown Pharmacy-Aster Grp,DXB,PHARMACY,,Mirdiff Uptown Centre Mirdiff Uptown Centre Mirdif,04-2888058
Vcare Pharmacy Llc,DXB,PHARMACY,,Nasmah Tower Al Ittihad Road Al Nahdah 1,04-2654400
Village Pharmacy Noor Al Shefa Grp,DXB,PHARMACY,,"Village Hypermarket Building Near West Camp, Gate No:7  Jafza Jafza",04-88339904
Viva Pharmacy Llc,DXB,PHARMACY,,Villa No:117B Alwaslroad Al Wasl,04-3231317
Warsan Life Pharmacy Br Of Life Pharmacy,DXB,PHARMACY,,Shop No M-018 Near Carrefour Mkt First Floor  Deira City Center,04-55812463
Wecare Erx Pharmacy Llc,DXB,PHARMACY,,S15 Ground Floor Hamsah A Near Ansar Gallery Khalid Bin Walled Road Karama,04-8804179
West Hill Pharmacy,DXB,PHARMACY,,Jebel Ali Mall Jebel Ali,04-3377131
Xie He Pharmacy,DXB,PHARMACY,,A12 Building China Cluster International City,04-4233055
Yacoub Pharmacy (Aster),DXB,PHARMACY,,"Alain Ctr, Computer Plaza Khalid Bin Waleed Road Bur Dubai",04-3523332
Yara Pharmacy L.L.C-Life,DXB,PHARMACY,,Near Kfc Rigga Road Rigga,04-2225503
Yassat Life Pharmacy (Life),DXB,PHARMACY,,"Shop No. 7 & 8 Ground Floor , Caliber Plaza Dubai Production City",04-3441122
Yassat Life Pharmacy Llc-Life,DXB,PHARMACY,,"Shop 1, Yassat Gloria Hotel Tecom Dubai",04-3792799
Zabeel Pharmacy Llc,DXB,PHARMACY,,Blue Bay Tower  Business Bay,04-5897129
Zabeel Pharmacy-Aster Grp,DXB,PHARMACY,,Zabeel Building Karama Bur Dubai,04-3377770
Zahrat Al Noor Pharmacy Llc,DXB,PHARMACY,,Zabeel Catering Servie Buildin Near Landmark Rest Dip-2,04-8814111
Zahrat Al Shefa Pharmacy L.L.C,DXB,PHARMACY,,Al Gaith Building Near Golden Jubilee Buldg Muhaisina2,04-378888
Zamzam Pharmacy,DXB,PHARMACY,,Behind National Cement Factory Shaikh Zayed Road Bur Dubai,04-3394395
Zayd Pharmacy Llc-Life,DXB,PHARMACY,,Al Rostamani Tower B Shaikh Zayed Road Sheikh Zayed Road,04-3291325
Zulekha Pharmacy,DXB,PHARMACY,,"Al Rafa Police Station Rafa Street Rafah,Bur Dubai",04-3934757
Aster Medical Centre Shiekh Zayed Road,DXB,CLINIC,,Al Manal Tower Trade Center 1,04-3200438
Life Optical Llc ( Reimbursement only),DXB,OPTICAL,,Shop 4-8 Raja & Sister Bldg Plot 421-688 Opp. Al Kabayal Al Warqa,04-3441122
Med Scope Medical Center Llc,DXB,CLINIC,,Flat 101 Medscope Medical Center Bldg. Al Mutarad,03-7210242
Munich Medical And Rehabilitation Center,DXB,CLINIC,,"Plot No 43,Road No 35 Opposite Falaj Hazza Police St Al Mnaizlah",03-7638001
Primecorp Medical Center Al Qouz,DXB,CLINIC,,Mezzanine Flr Of Ibri House Sheikh Zayed Road Al Qouz Industrial Area 1,04-7070999
First Response Clinic,DXB,CLINIC,,Flat 109 Reem Emaar Bldg Al Barsha South 3Rd Street Nord Anglia School,04-5836887
Primecorp Medical Center Al Qusais,DXB,CLINIC,,Al Qusais Industrial Area 2,04-7070999
Prime Medical Center Dubai Airport,DXB,CLINIC,,Dubai International Airport Terminal 1 Arrival,04-7070999
Aster Pharmacy 206,DXB,PHARMACY,,"Shaikh Mohammed Bin Rashid Boulevard,Dubai Fountain View, Next To Address Fountain View Hotel. Shop No: Bf02,Burj Dubai",04-5475036
American Spine Center,DXB,DAY CARE,,"Building No 64, Block E/F Suite 1020 To 1026 Dubai Healthcare City",04-4541131
HBG Medical Center,DXB,CLINIC,,Al Razi Medical Complex Bldg No. 64 Suite 2012 Dubai Healthcare City,04-5520496
Pic Pax Pharmacy L.L.C,DXB,PHARMACY,,"Al Ghurair Center, Al Rigga Road, Deira, Dubai",04-4197225
Pharma Choice Pharmacy Br2,DXB,PHARMACY,,Building 55 Sulaiman Hospital Dhcc,04-4297777
Pharmachoice Pharmacy -Br Sulaiman Habib,DXB,PHARMACY,,Building No. 57 Dr. Sulaiman Al Habib Hospita Dubai Healthcare City,04-4297777
Right Health Pharmacy Llc,DXB,PHARMACY,,Building Block 19 Muhaisanah Second Plot No 54 Shop No 2 & 3,050-7754630
Mediclinic Parkview Hospital Llc,DXB,HOSPITAL,,Mediclinic Parkview Bldg. Al Barsha South Al Barsha 3,800-1999
Mediclinic Welcare Hospital,DXB,HOSPITAL,,Welcare Hospital Nr.Indian Hig Sheik Rashid Street Garhood,800-1999
Millennium Hospital LLC,AUH,HOSPITAL,,C175 ME 9 Shabia 9 Near Al Ain University Mussafah,02-6113333
Moorfields Eye Hospital Centre L.L.C,AUH,HOSPITAL,,Marine Bsdmireane Corniche,02-6433494
Moorfields Eye Hospital Dubai,DXB,HOSPITAL,,Al Razi Medical Complex Buildi Oud Metha Road Dhcc,04-4297888
Crystal Smile Medical Center,DXB,CLINIC,,City Bay Business 3Rd Floor/No.313 Abu Hail,04-2977566
Ultralasik Eye Center,DXB,DAY CARE,,Bldg. 27 Room 602-604 Dubai Healthcare City,04-5572472
Primecorp Medical Center Al Warsan,DXB,CLINIC,,Dubai Muncipality Labour Accomadation Al Warsan,04-7070999
Primecorp Medical Center Al Warsan Ph,DXB,PHARMACY,,Dubai Muncipality Labour Accomadation Al Warsan 3,04-7070999
Alkalma Wellbeing Clinic Llc,DXB,CLINIC,,Building 19 Al Nuzha Street City Walk Dubai,04-2453800
Droncall Home Healthcare Llc,DXB,CLINIC,,Burdubai,050-6474488
Super Care Pharmacy Llc Branch,DXB,PHARMACY,,"Shop# F62,1St Floor Al Ghurair Mall Deira",04-5488857
Super Care Pharmacy Llc Branch,DXB,PHARMACY,,Q1 Mall Al Warqa 1 Al Warqa,04-5488857
American Hospital Clinics-Jumeirah,DXB,CLINIC,,Galleria Mall Al Wasl Rd Jumeriah-1,04-3776835
Thb Home Health Care Llc,DXB,CLINIC,,Office 404 Pinnacle Building Al Barsha 1 Sheikh Zayed Road,04-2951445
Life Pharmacy 59,DXB,PHARMACY,,"G075B, The Circle Mall Jumeirah Village Circle Jumeirah",04-3441122
Life Pharmacy Hills-Life,DXB,PHARMACY,,Unit No.R29 Gf The Hills The Hills,04-3441122
Super Care Pharmacy Wadi Al Safa,DXB,PHARMACY,,"Shop# 14, Serena Market Serena Community Wadi Al Safa 7",04-5488819
Arabella Pharmacy Llc Br,DXB,PHARMACY,,Lower Ground Floor Opposite Waitrose Supermarket Dubai Mall,04-5915141
Life Pharmacy 78,DXB,PHARMACY,,Shop 1 Souk Al Kabeer Bldg Plot No: 312-1040 Al Fahidi,04-3441122
Life Pharmacy 70,DXB,PHARMACY,,"Shop No: 06 & 07, Ground Floor Ground Floor, Gmm Tower Jumeirah Village Circle",04-3441122
Life Pharmacy 76,DXB,PHARMACY,,"Shop Gf 05, Plot 124-523 Al Faraa Building Al Rigga",04-3441122
Life Pharmacy 80,DXB,PHARMACY,,Shop 5 Dolphin Hotel Apt. Khalid Bin Waleed Rd,04-3441122
Up And Running Medical Center L.L.C,DXB,CLINIC,,Ghanim Villa 6 Al Wasl Road Umm Al Shief,04-5185400
Up And Running Medical Center Llc Difc,DXB,CLINIC,,"Podium 2, Happiness Street, Opposite Mercte Cafe,Difc",04-5185400
Up And Running Rehabilitation Center Llc,DXB,CLINIC,,Emirates Golf Club Near Nakheel Metro Emirates Hills,04-5185400
Sharif Eye Center,DXB,DAY CARE,,Ibn Sina Bldg 27 Block D Unit 1 Dubai Healthcare City,04-4233664
Medcare Medical Centre Town Square,DXB,CLINIC,,Town Square Zahra Breeze 4A Town Square,04-44079175
The Clinic By Medcare,DXB,CLINIC,,The Meadows Village Al Thanayah 4 The Meadows,04-44079175
Medcare Dr Saeed Al Shaikh Gastro Obes,DXB,DAY CARE,,Al Matloub Bldg  Al Safa 1St,04-44079175
Thyrocare Laboratories,DXB,LABORATORY,,Shop No. 6 Gf Block D Saraya Avenue Al Garhoud,04-2982155
Dr Sunny Medical Centre,DXB,CLINIC,,Salem Mall Near Etisalat Tower Jebel Ali Industrial Area,04-2529966
Rxnow Pharmacy,DXB,PHARMACY,,Shop 12 1St Floor The Wings Bldg. Al Barsha South 3Rd Arjan,04-5820999
Right Health Pharmacy,DXB,PHARMACY,,Shop No. 1 & 2 Back Of Bonanza Near Burjuman Metro Stn,04-3488818
Italian Dental Clinic,DXB,DENTAL,,Yacoub & Rashid Al Nafisi Bldg Umm Hurair 2 Dubai Healthcare City,04-4580040
M S M Pro Derma Poly Clinic,DXB,CLINIC,,Al Ferdous Complex 4 Block 2 1St Floor Office 115 Al Safa 1,04-3386683
Top Medical Center Llc,DXB,CLINIC,,Grosvenor House Gf Tower 1 Dubai Marina,04-3485452
American Medical And Dental Center,DXB,CLINIC,,Al Razi Bldg 64 Block 1 1St Floor Rm 1002 Dubai Healthcare City,04-3748428
Advanced Care Medical Cente Jebel A,DXB,CLINIC,,Crown Mall Ground Floor Shop No 30 Jebal Ali Industrial Area 1,04-3807807
Mvr Cancer Centre,DXB,CLINIC,,"Flora Inn Hotel Bldg Shop # 1, Ground Floor Al Garhoud",04-2327111
Healthhub-Tecom,DXB,CLINIC,,Al Thanayah 1St Art Heights 4-6 Al Barsha Heights Tecom,04-5967374
Mvr Pharmacy,DXB,PHARMACY,,"Flora Inn Hotel Bldg Shop # 1, Ground Floor Al Garhoud",04-2327111
Life Pharmacy 71,DXB,PHARMACY,,Rm 02 Milano Giovanni Boutique Suite Al Barsha South Fourth,04-3441122
Life Pharmacy 65,DXB,PHARMACY,,Shop No: 04 Gf Liwan Mall Liwan,04-3441122
Healthhub Pharmacy-Tecom,DXB,PHARMACY,,Al Thanayah 1St Art Heights 4-6 Al Barsha Heights Tecom,04-5963080
Super Care Pharmacy Abu Hail,DXB,PHARMACY,,"Shop# 04, Ground Floor Union Coop Abu Hail",04-3504500
Life Pharmacy 79,DXB,PHARMACY,,"Shop 3, Al Zarooni Bldg. Opposite Burjuman Center Al Karama",04-3441122
Super Care Pharmacy Jbr,DXB,PHARMACY,,"Shop# 3102B, M3-B1 Marsa Jumeirah Beach Residence",04-3504500
Health Bay Polyclinic Motor City,DXB,CLINIC,,Unit G04 Gf Detroit House Motot City,04-3487140
Health Bay Polyclinic Jumeirah,DXB,CLINIC,,Villa # 1-6 Verve Villas Jumeirah Umm Suqeim 3,04-3487140
Symbiosis Medical Centre,DXB,CLINIC,,Gf Unit 31-36 Cedre Villas Dubai Silicon Oasis,04-3925577
Noa Dental Clinic,DXB,DENTAL,,Unit 109 Al Hana Centre Mankool Rd Al Jafiliya,04-3987075
Aster Pharmacy 157 (Clinic),DXB,CLINIC,,Expo Village Residences 4 Expo Village Madinat Al Matar,04-5477218
Life Pharmacy Br 86,DXB,PHARMACY,,Shop 1 Nesto Hypermarket Al Nahda 2,04-3441122
Super Care Pharmacy Al Barsha,DXB,PHARMACY,,Shop 7 And 8 23Rd Street Al Barsha South,04-3504500
Life Pharmacy 94,DXB,PHARMACY,,Shop 3 Plot 362-1068 M Saeed Rashid Al Tayer Bldg. Umm Suquim 2,04-3441122
Life Pharmacy 81,DXB,PHARMACY,,Shop R30 Plot 11 Fox Hill 5 New Motor City,04-3441122
Aster Pharmacy Expo 2020,DXB,PHARMACY,,Gf1 Sustainability Pavilion Exhibition Boulevard Expo 2020,04-5477218
Super Care Pharmacy Szr,DXB,PHARMACY,,Shop 1 Aa Tower Bldg.Sheik Zayed Rd Trade Center 1,04-3504500
Life Pharmacy 77,DXB,PHARMACY,,Shop 3-5 Plot 333-396 Manila Mall Beljafla Al Satwa,04-3441122
Dr Majdi El Halik Pediatric,DXB,CLINIC,,"Bldg 64, Ground Floor Block E Dubai Healthcare City",04-4392339
Araks Dental Clinic Dmcc,DXB,DENTAL,,3205  Indigo Icon Tower Cluster F Jumeirah Lake Tower,04-5655134
American Hospital Clinics Mira,DXB,CLINIC,,Al Yalayis 1 Mira Town Centre Mira Oaisis 1,04-3776024
Diversified And Integrated Sports Clinic,DXB,CLINIC,,Swiss Tower Unit 1304 Cluster Y Jumeirah Lake Towers,04-2156888
Diversified & Integrated Sports Clinic,DXB,CLINIC,,"304 Ibn Sina Bldg 27 Blk B, Dubai Healthcare City",04-2156888
Shine And Smile Dental Clinic,DXB,DENTAL,,708 Elite Business Center Opp. Lulu Hypermarket Barsha Al Barsha 1,04-2242100
Camali Clinic C&A Mental Health Jlt,DXB,CLINIC,,"Unit 401, 402 Hds Business Cnt Cluster M Jumeirah Lake Towers",04-2766064
Camali Clinic C&A Mental Health Dhcc,DXB,CLINIC,,Phase 1 Ibn Sina Bldg. 27 Block A Dubai Healthcare City,04-2766064
Get On Track Physio And Rehab Center,DXB,CLINIC,,Villa 94/11 15C St. Al Wasl Road Umm Suqueim 3,04-3805569
Dr. Humeira Badsha Medical Center,DXB,CLINIC,,27Th Flr Al Habtoor Business Tower Jumeirah Beach Res Dubai Marina,04-3856009
Eye Consultants,DXB,DAY CARE,,1017 Al Razi Bldg. Block C Dubai Healthcare City,04-4211299
Al Seha Al Kubra Pharmacy Dxb (Nmc),DXB,PHARMACY,,"Nr Sanjay Clinic,Al Khail Mall Al Quoz 4, Al Quoz Dubai",04-3219926
Fajar Alsatwa Pharmacy (Nmc),DXB,PHARMACY,,Bldg 96 Al Bada Oasis Opp. Al Hudaibah St. (Iranian Hosp) Al Satwa,04-2981526
Soukare Pharmacy Llc,DXB,PHARMACY,,R2 Gf Damac Xl Tower Ubora Towers Marasi Drive Business Bay,04-5750835
Akeela Dental Clinic,DXB,DENTAL,,The Gardens Bldg 7 Gf Shop 9 Ibn Batuta St Jebel Ali,04-4229009
Rez  Waitrose Motorcity,DXB,OPTICAL,,R04 Gf Opp. Waitrose Waitrose Motorcity Motorcity,04-3380084
Style 88 Outlet Village,DXB,OPTICAL,,Gf Outlet Village  Dubai Outlet Village,04-2252491
Alhana Modren Medical Center,DXB,CLINIC,,Inside Al Hana Cente Near Satwa R/A Al Jafiliya,04-3244034
Jebal Ali Advanced Care Pharmacy Llc,DXB,PHARMACY,,Crown Mall Gf Shop No. 26 Jebel Ali Industial Area Jebel Ali,04-5693777
Ultra Care Medical Group Llc,DXB,CLINIC,,2Nd December Street Al Otaiba Building Dubai,04-2230033
Oxford Medical Center,DXB,CLINIC,,Ground Floor Al Sharafi Building Al Rolla Rd Al Raffa,04-3925070
Healthhub Clinic Festival Plaza Mall,DXB,CLINIC,,Festival Plaza Mall Jebel Ali 1St Jebel Ali,04-5967350
Healthhub Pharmacy Dfc Mall,DXB,PHARMACY,,Gf Dfc Mall  Dubai Festival City,04-5967100
Healthhub Day Care Dfc Mall,DXB,DAY CARE,,Gf Dfc Mall  Dubai Festival City,04-5967350
Aster Homecare,DXB,CLINIC,,Al Asmawi  Bldg Villa 119  Umm Al Sheif,04-3853750
Kuur Physiotherapy Center,DXB,CLINIC,,8Th Flr Office 802 Sidra Tower Sheikh Zayed Road Al Sufouh 1,04-4253318
Dubai Community Health Center,DXB,CLINIC,,Oud Metha Bldg.  1St Flor Near Al Naser Sports Club Oud Metha,04-5078079
Physiowell Chiropractic & Physiotherapy,DXB,CLINIC,,Villa 947 Physiwell N Al Wasl Road Al Manara,04-2692121
Dr. Joy Dental Clinic Burjuman,DXB,DENTAL,,Rm 1002-1003 10Th Floor Burjuman Business Center Al Mankhool,04-3555358
Dr. Joy Dental Clinic Umm Suqeim,DXB,DENTAL,,Villa 1 Obaid Jarsh Villa 2Nd Street 144 Al Manara,04-3468333
Dr. Joy Dental Clinic Dso,DXB,DENTAL,,Unit 13 And 14Th Souk Extra Ii Dubai Silicon Oasis,04-3201307
Apex Dental And Orthodontic Clinic-Jvc,DXB,DENTAL,,A-504 Prime Business Centre Distric 12 Jumeirah Village Circle,04-2407333
Apex Dental And Implant Clinic- Dso,DXB,DENTAL,,Shop 4 Binghatti Vista Bldg.  Dubai Silicon Oasis,04-2407333
Mediclinic Al Barsha Dialysis Centre,DXB,CLINIC,,Mediclinic Dialysis Bldg.  Al Barsha South 1,04-5216301
American Hospital Clinics Dubai Hills,DXB,CLINIC,,Dubai Hills Mall Dubai Hills Umm Suqeim 1,04-3775937
Nmc Royal Hospital Llc,AUH,HOSPITAL,,"Nmc Royal Hospital Bldg Near Intl School Of Choueifat 16Th St, Khalifa City",02-2035000
Mediclinic Al Tawar Dialysis Centre,DXB,CLINIC,,Mediclinic Dialysis Center Bld  Al Tawar 3,04-5216444
Alexis Pharmacy Qusais Dubai (Zulekha),DXB,PHARMACY,,Bin Sougat  Al Qusais 2,04-2630521
Al Jalila Children'S Speciality Hos Ph,DXB,HOSPITAL PHARMACY,,"Al Jalila Children'S Spec Hosp Oud Metha Street Al Jadaf, Dhcc",04-2811537
The City Hospital Pharmacy (Mediclinic),DXB,HOSPITAL PHARMACY,,Dubai Healthcare City Bldg 37,04-4359999
Moorfields Eye Hospital Dubai Pharmacy,DXB,HOSPITAL PHARMACY,,"64, Al Razi Medical Complex Oud Metha Road Dhcc",04-4297853
Medcare Hospital Pharmacy,DXB,HOSPITAL PHARMACY,,Jumeirah Opp Safa Park Gate No. 1 Jumeirah,04-4079100
Medcare Hospital Mosh Pharmacy,DXB,HOSPITAL PHARMACY,,"Sheikh Zayed Road After 2Nd Interchange Al Safa Dubai, Opp Pepsi",04-3768400
Welcare Hospital Pharmacy (Mediclinic),DXB,HOSPITAL PHARMACY,,"Welcare Hospital Nr.Indian High School Garhood,Deira",04-2827788
American Hospital Pharmacy 1,DXB,HOSPITAL PHARMACY,,"American Hospital Karama, Near Lamcy, Enoc.",04-3367777
Medcare Women&Children Hospital Pharmacy,DXB,HOSPITAL PHARMACY,,"Beside Manara Services Center, Sheikh Zayed Road",04-3010888
Mediclinic Parkview Hospital Llc Ph,DXB,HOSPITAL PHARMACY,,Mediclinic Park View Bldg. Al Barsha South Al Barsha 3,800-1999
Kings College Hospital London Pharmacy,DXB,HOSPITAL PHARMACY,,Al Marabea Street Al Khail Road Dubai Hills,04-5199999
Trellis Hospital Pharmacy,DXB,HOSPITAL PHARMACY,,Gargash Hospital Bldg Umm Suqeim St Umm Al Sheif,04-7030000
Dr. Sulaiman Al Habib Hospital Pharmacy,DXB,HOSPITAL PHARMACY,,Oud Metha Dhcc Dhcc,04-4297777
Al Garhoud Private Hospital (Llc) Pharma,DXB,HOSPITAL PHARMACY,,"Near Dhl Offices, Garhoud Road Garhoud",04-4545000
Emirates Hospital Pharmacy,DXB,HOSPITAL PHARMACY,,"Jumeirah Beach Road Opp. Jumeirah Beach Park Jumeirah Beach Road,Bur Dubai",04-3496666
Saudi German Hospital Pharmacy,DXB,HOSPITAL PHARMACY,,"Hessa Street 331,Off Exit 36 3,Opp American Barsha",04-3890583
Prime Hospital Pharmacy Llc (Prime),DXB,HOSPITAL PHARMACY,,Dubai Airport Rd Casablanca St Al Garhoud,04-2929724
Burjeel Hospital For Advanced Surgery Ph,DXB,HOSPITAL PHARMACY,,Burjeel Hospital Adv Surgery Near Times Square Al Quoz 1,04-4070100
Canadian Specialist Hospital Pharmacy,DXB,HOSPITAL PHARMACY,,"Behind Ramada Hotel Abu Hail Area, Hor Al Anz Deira",04-7072222
Adam Vital  Hospital Pharmacy,DXB,HOSPITAL PHARMACY,,Al Waleed Building Ggico Metro Station Al Garhoud,04-42068999
Emirates Speciality Hospital Fz Llc (Ph),DXB,HOSPITAL PHARMACY,,Emirates Speciality Hospital Opp Al Razi Medical Complex Dhcc,04-2484500
"Zulekha Hospital Pharmacy, Dubai",DXB,HOSPITAL PHARMACY,,"Zulekha Hospital, Dubai Nearby Al Mulla Plaza Al Nahda Street,Deira",06-2678866
Al Zahra Hospital Dubai Ph (Zahra Dxb),DXB,HOSPITAL PHARMACY,,Barsha,04-3786666
International Modern Hospital Pharmacy,DXB,HOSPITAL PHARMACY,,Opposite Emirates Petrol Stn N Sheik Rashid Street Sheik Rashid Street,04-4063013
Medstar Healthcare Pharmacy Llc,DXB,HOSPITAL PHARMACY,,Grnd Flr Gulf Tower Bldg. Oud Metha Oud Metha,04-3577877
New Medical Centre Hospital Pharmacy,DXB,HOSPITAL PHARMACY,,"New Medical Centre Hosp (Dxb) Nr.Galadari R/A Galadari R/A,Deira",04-2689800
Nmc Speciality Hospital-Ph (Nmcd Grp),DXB,HOSPITAL PHARMACY,,"Al Qusais, Bet Sahara Centre And Lulu Hypermarket,Deira",04-2679999
Medeor 24X7 Pharmacy,DXB,HOSPITAL PHARMACY,,Burjuman Center Embassy District Umm Hurair - 1,04-3500600
Aster Hospital Pharmacy (Aster),DXB,HOSPITAL PHARMACY,,"Bur Dubai Al Mankhool Al Rafa St, Near Sharaf Dg",04-4546001
Aster Cedars Pharmacy Jebel Ali,DXB,HOSPITAL PHARMACY,,Aster Cedar Hospital Dugas Road Jebel Ali,056-502-2715
Aster Hospital Pharmacy Br Of Aster Dm,DXB,HOSPITAL PHARMACY,,Opp To Madina Mall 9A Street Al Qusais Ind Area,04-3766888
Aster Hospital Pharmacy Sonapur Llc,DXB,HOSPITAL PHARMACY,,Algeria Street Muhaisina Sonapur,056-5022715
Aster Day Surgery Centre Pharmacy Llc,DXB,HOSPITAL PHARMACY,,Aster Day Surgerhospital Kuwaiti Street Burdubai,056-5022715
Clemenceau Medical Center- Pharmacy,DXB,HOSPITAL PHARMACY,,Plot 22 Cmc Bldg  Al Jadaf,04-2481111
Frontline Medical Center,DXB,CLINIC,,106 B Block Al Attar Center Near Park Regis Al Karama,04-3979702
Physioveda Medical Center,DXB,CLINIC,,Villa 181B Near Al Ghazal Mall Al Wasl Road,04-3328081
Lifenity International Advanced-Al Nahda,DXB,CLINIC,,Jms Bldg. Shop 2 19A St. Al Nahda 2,04-3216964
Lifenity International Advanced-Barsha,DXB,CLINIC,,Elite Business Center Shop 5 Opp. Lulu Al Barsha Al Barsha 1,04-3216964
American Heart Center Fz Llc,DXB,CLINIC,,Bldg 64 Al Razi Complex Dubai Healthcare City,04-4370640
Saudi German Clinics Akoya,DXB,CLINIC,,D2 Community Mall Damac Hills 2 Damac Hills,04-3890045
Staywell Pharmacy Souk Alkabeer,DXB,PHARMACY,,Al Mulla Building 2 Souk Al Kabeer Meena Bazar,04-3273122
Staywell Pharmacy Jumeirah,DXB,PHARMACY,,"American Hosp Clinic Galleria Mall, Al Wasl Jumeirah",04-3773869
NMC Royal Hospital Ltd - Shj Br,SHJ,HOSPITAL,,"Opp Clock Tower, Zahra Square Arabian Guld St Al Ghuwair",06-5167427
Fakeeh University Hospital Pharmacy,DXB,HOSPITAL PHARMACY,,Fakeeh Hospital Bldg. Flat 15006 Dubai Silicon Oasis,04-4144444
Life Home Healthcare Fz  L.L.C-Life,DXB,PHARMACY,,Bld # 27 Block D Oud Metha Road Dhcc,04-3624802
Nmc Royal Hospital-Dip,DXB,HOSPITAL,,Sheikh Zayed Rd Green Village Community Dubai Investment Park - 1,04-8108715
Nmc Specialty Hospital Pharmacy Dip,DXB,HOSPITAL PHARMACY,,Al Zarouni Bldg. West Gate 1 Green Comm. Vill. Dubai Investment Park 1,04-8108800
American Hospital Clinics Nad Al Sheba,DXB,CLINIC,,Gf Avenue Mall Nad Al Sheba Nad Al Sheba 2,04-3774010
Zulekha Medical Center,DXB,CLINIC,,163 Hammad Bin Sougath 149 Damascus St. Al Qusais 2,04-2613004
Zulekha Medical Centre Br,DXB,CLINIC,,105 Sheik Rashid Bldg Baniyas (Near Metro Stn) Deira,04-221919
Galleria United Pharmacy,DXB,PHARMACY,,Shop 13 Galleria Mall Al Wasl Road Jumeirah 1,04-3441122
Vita United Pharmacy,DXB,PHARMACY,,Shop 54 Wasl Vita Mall Al Wasl Road Jumeirah 1,04-3441122
United Pharmacy,DXB,PHARMACY,,Shop K 2 Mall Of The Emirates Al Barsha 1,04-3441122
Grand United Pharmacy,DXB,PHARMACY,,Gf01 Near Fashion Parking The Dubai Mall Down Town,04-3441122
Minal Medical Centre,DXB,CLINIC,,Villa 25 Jumeira Beach Road Jumeirah 1,04-3420913
Central United Pharmacy,DXB,PHARMACY,,Shop 1 Mirdif City Center Mirdif,04-3441122
United Pharmacy 2,DXB,PHARMACY,,Shop No. 2 Al Barsha Mall Al Barsha 1,04-3441122
Life Clinic Jumeirah,DXB,CLINIC,,20 D Al Wasl Al Wasl Road Al Badaa,04-3441122
Mmc Skin Clinic,DXB,CLINIC,,204 Platinum Business Center 7Th Bagdhad St Al Nahda 2,04-2665418
Life Clinic Deira,DXB,CLINIC,,Shop 1 Wasl Trio Bldg. Block A Al Muraqqabat Deira,04-3441122
Life Pharmacy 95,DXB,PHARMACY,,Shop 9-10 Turtle Avenue Dubai Land Residence Complex,04-3441122
Apotec Grand Pharmacy Muteena,DXB,PHARMACY,,Near J Mart Supermarket Al Rasheed Road Al Muteena,04-2227786
Life Pharmacy 74,DXB,PHARMACY,,Shop No. 3 Elite Residence Dubai Marina,04-3441122
Life Pharmacy 97,DXB,PHARMACY,,Shop No. 13 Water Edge Business Bay,04-3441122
Apotec Hudaiba Pharmacy,DXB,PHARMACY,,Shop 6 Al Hudaibah Mall Al Mina St Al Hudaibah,04-5476981
Life Pharmacy 73,DXB,PHARMACY,,Shop 5 Princess Tower Dubai Marisa Marsa,04-3441122
Saudi German Clinics Damac Hills 2,DXB,CLINIC,,Gf Artesia Tower Akoya Community Damac Hills 2,04-3890000
"Life Clinic Sheikh Zayed Road, Doha Pharmacy",DXB,CLINIC,,Al Attar Tower Sheikh Zayed Road Difc,04-3441122
Life Pharmacy Silicon Central,DXB,PHARMACY,,Unit A0005 Silicon Oasis Central Mall Dubai Silicon Oasis,04-3441122
Life Pharmacy Llc Dmcc,DXB,PHARMACY,,Gr02 Fortune Tower Jumeirah Lake Towers,04-3441122
"Life Clinic Sheikh Zayed Road , New Doha Pharmacy",DXB,CLINIC,,Mezz. Flr White Swan Bldg. Trade Center Szr Trade Center 1,04-3441122
Supercare Pharmacy Arjan,DXB,PHARMACY,,Shop 20 The Wings Podium Bldg. Umm Suquem Road Al Barsha South 3,04-5911650
Supercare Pharmacy Llc Difc,DXB,PHARMACY,,Shop 7 Gate Precinct Bldg. 5 Zaabeel 2 Difc,04-2358003
Supercare Pharmacy Dubai Hills,DXB,PHARMACY,,Shop G-074  Dubai Hills Mall Dubai Hills Estate Dubai Hills,04-2523639
Supercare Pharmacy Umm Suqeim 2,DXB,PHARMACY,,Dubai London Speciality Clinic Jumeirah Beach Road Umm Suqeim 2,04-2618802
Supercare Pharmacy Br Jvc,DXB,PHARMACY,,Shop 2  Spica Res. Jumeirah Village Circle Al Barsha South 4,04-4581233
Supercare Pharmacy Br Rta,DXB,PHARMACY,,Shop 2 Rta Bldg. Umm Hurair St. Oud Metha,04-5911617
Supercare Pharmacy Br Etihad Mall,DXB,PHARMACY,,Shop 25 Etihad Mall Al Khawaneej St Al Muhaisnah 1St,04-2636186
Supercare Pharmacy Wadi Al Safa 7,DXB,PHARMACY,,Gf-02 Resident Club Bldg. Wadi Al Safa Wadi Al Safa 7,04-4562014
Optimal Fitness,DXB,CLINIC,,Gf Commercial Bldg. 3 Al Qudra Rd. Dubai Studio City,04-3445417
Aster Pharmacy 173 Al Safa,DXB,PHARMACY,,Shop No. 9 Union Coop Society Al Safa Jumeirah 3,04-3325595
Aster Medical Centre Sports City,DXB,CLINIC,,Spanish Bldg. Shop 3 Al Hebiah 4Th Dubai Sports City,04-3092888
Aster Pharmacy 165,DXB,PHARMACY,,Sway Res. Shop 3 Hadaeq Sheik Mohamed Bin Rashid Dubai Hills,04-7187190
Aster Pharmacy 170,DXB,PHARMACY,,Shop Gf Bldg 1 Shobha Heartland Al Merkadh Greens,04-2588717
Aster Pharmacy 167 The Dubai Mall,DXB,PHARMACY,,Shop 041 2N Flr Metro Bay Link The Dubai Mall,04-3341829
Advanced Care Medical Center Dip,DXB,CLINIC,,Alico Al Madina Hypermarket Street 44 Dubai Investment Park 1,04-3463099
Alico Advanced Carepharmacy,DXB,PHARMACY,,Alico Al Madina Hypermarket Street 44 Dubai Investment Park 1,06-5333553
Aster Pharmacy 162,DXB,PHARMACY,,Shop 6 Masjid Bldg. District 10 Jumeirah Village Circle,04-4580678
Yugen Care By Dr Gehad,DXB,DAY CARE,,Full 2 Story Bldg. Opp. Sunset Mall Jumeirah Road Jumeirah 3,04-3498000
Medi Sense Clinic,DXB,CLINIC,,The Curve Bldg. Level 1 Sheik Zayed Road Al Qouz 3,04-3809803
Life Pharmacy 109,DXB,PHARMACY,,"Shop No: 4, 5 & 6 Plot 4620 Zen 4 Discovery Gardens Jebel Ali 1",04-3441122
Life Pharmacy 82,DXB,PHARMACY,,10C Bldg. Street 4 District 18 Jumeirah Village Circle,04-3441122
Life Pharmacy 98,DXB,PHARMACY,,Al Bukhash Bldg Rolla Street Al Raffa,04-3441122
Life Pharmacy 84,DXB,PHARMACY,,Unit 2 Plot 1 Osha Bldg 1 Deira Enrichment Project Deira Al Sabkha,04-3441122
Life Pharmacy 83,DXB,PHARMACY,,Unit1&2 Plot 4 One Deira Plaza Deira Enrichment Project Al Khaleej St.,04-3441122
Life Pharmacy 88,DXB,PHARMACY,,Andalusia Mall Marjan Marjan,04-3441122
Life Pharmacy 85,DXB,PHARMACY,,Unit 02 Amsa 2 Jumeirah Village Circle Al Basha South 4,04-3441122
Life Pharmacy 87,DXB,PHARMACY,,Gf Cafe 1 The Arch Mall Nad Al Shiba 3,04-3441122
Life Pharmacy 96,DXB,PHARMACY,,"Shop 29, 30 &31 Geepas Commercial Center Al Warsan",04-3441122
Life Pharmacy 72,DXB,PHARMACY,,"Shop 29, 30 & 31 Avenue Mall Nad Al Shiba",04-3441122
Ibn Sina 63 Pharmacy,DXB,PHARMACY,,Ibn Batuta Mall Sheik Zayed Road Ibn Batuta,04-5754893
Ibn Sina 83 Pharmacy,DXB,PHARMACY,,Sofitel Hotel Crescent Road Palm Jumeirah,04-2445750
Ibn Sina 81 Pharmacy,DXB,PHARMACY,,Lamer 45 2 A Street Jumeirah 1,04-3855578
Ibn Sina 80 Pharmacy,DXB,PHARMACY,,Gate 1 Al Khayay St. Dubai Marina,04-5897405
Ibn Sina 89 Pharmacy,DXB,PHARMACY,,Last Exit Beside Geant Hyper M Al Khawaneej Mall Al Khawaneej 1,04-5464606
Ibn Sina 96 Pharmacy,DXB,PHARMACY,,Souq Extra Al Qouz 17 10A Street Al Qouz 1,04-2640718
Ibn Sina 91 Pharmacy,DXB,PHARMACY,,Business Central Tower Al Sufouh Al Sufouh 2,04-2967916
Ibn Sina 85 Pharmacy,DXB,PHARMACY,,7Th Heaven Al Barari Firm Sheik Mohammed Bin Zayed Rd Al Barari,04-3854225
Ibn Sina 97 Pharmacy,DXB,PHARMACY,,Dubai Design District 3  Dubai Design District,04-8761001
Ibn Sina 92 Pharmacy,DXB,PHARMACY,,Al Moosa Tower Sheik Zayed Road Trade Center,04-2506121
Ibn Sina 98 Pharmacy,DXB,PHARMACY,,Mark & Spencer Gate Dubai Festival City Mall Dubai Festival City,04-2325234
Ibn Sina 100 Pharmacy-Nshama,DXB,PHARMACY,,Town Square Bldg. 2 Jenna Apartments Al Qudra,04-3202302
Ibn Sina 64 Pharmacy,DXB,PHARMACY,,Galleria Mall Al Barsha 37 23Rd Street Al Barsha 2,04-3205132
Ibn Sina 90 Pharmacy,DXB,PHARMACY,,City Land Mall Beside Global Village Wadi Al Safa 4,04-8786435
Ibn Sina 36 Pharmacy,DXB,PHARMACY,,Wasl 51 Al Wasl Street Jumeirah 1,04-3854224
Ibn Sina 67 Pharmacy,DXB,PHARMACY,,Dubai Hills Estate Gate 1 Gf Dubai Hills Mall Dubai Hills,04-3200253
Ibn Sina 99 Pharmacy,DXB,PHARMACY,,Mercato Shopping Mall Gf Jumeirah Beach Road Jumeirah 1,04-3400296
Ibn Sina 95 Pharmacy,DXB,PHARMACY,,Souq Extra Mall  Dubai Silicon Oasis,04-3201644
Ibn Sina 72 Pharmacy,DXB,PHARMACY,,Panorama Tower 6Th Street The Greens,04-4242065
Ibn Sina Scientific Pharmacy,DXB,PHARMACY,,Spinney'S Gf Layan Community Layan,04-4580211
Ibn Sina Pharmacy 66,DXB,PHARMACY,,Al Razi Bldg. 64-59 Street Umm Hurair 2 Dubai Healthcare City,04-4228832
Ibn Sina 45 Pharmacy,DXB,PHARMACY,,Center Of Palm Dubai Nakheel Mall Palm Jumeirah,04-5686691
Ibn Sina 41 Pharmacy,DXB,PHARMACY,,Meydan Heights Nad Al Sheba Nad Al Sheba 1,04-3271417
Ibn Sina 39 Pharmacy,DXB,PHARMACY,,Aswaaq Supermart Al Barsha Al Barsha South 2,04-3543210
Ibn Sina 94 Pharmacy,DXB,PHARMACY,,Dubai Airport Terminal 2 Ar Al Quds St. Dubai Airport Terminal 2,04-3928373
True Smile Works Dental Network,DXB,CLINIC,,Dfc Northwing Marsa Plaza Intercontinental Hotel Area Dubai Festival City,04-2222866
Nightingale Health Services Co (Doctor on call),DXB,CLINIC,,1801 Al Ameri Tower  18Th Flr Sheikh Zayed Road Al Barsha Heights,04-3203847
Myo Medical Centre,DXB,CLINIC,,1004 The One Tower Tecom Dubai Internet City,056-5867174
Zee Dent Polyclinic,DXB,CLINIC,,133-1312 13Th Flr Sit Tower Dubai Silicon Oasis,04-2687456
Charme Day Surgery,DXB,DAY CARE,,Villa 1035 Al Wasl Road Al Manara,04-3808889
Dr Abdulla S Pharmacy,DXB,PHARMACY,,Moha Residence Amman Street Al Qusais Industrial Area 5,04-2388778
Behaviour Enrichm Child Therapy Center,DXB,CLINIC,,102-105 Barsha Business Square Al Barsha First Barsha,04-3947475
Multi Specialty Healthcare,DXB,CLINIC,,"948, Ground Floor Abraj Al Mamzar Bldg Al Mamzar",04-3857888
Medicure Polyclinic-Um Suqeim,DXB,CLINIC,,"Villa 1166 Opp J3 Mall, Al Wasl Rd Jumeirah",04-3984866
Kings College Aesthetic Center  (No Dental Services on Direct Billing),DXB,CLINIC,,Gf Near Spinney'S Dubai Marina Walk Dubai Marina,04-5199791
Al Noor South Polyclinic DWC LLC,DXB,CLINIC,,B3 The Pulse Res. Park Podium Dubai World Trade Center Dubai South,04-4759111
Booster Medical Centre,DXB,CLINIC,,Shop 2 Oud Metha Metro Ext 1 Al Nasr Sports Club Oud Metha,04-2683331
Monroe Medical Center,DXB,CLINIC,,Al Wadi Bldg. Level 2 Sheikh Zayed Collector Rd Al Wasl,04-338085
Booster Clinic Pharmacy,DXB,PHARMACY,,Shop 2 Oud Metha Metro Ext Al Nasr Sports Club Oud Metha,04-2683331
Al Shifa Uropi Pharmacy Al Nahda,DXB,PHARMACY,,Ananas Bldg. Gf Shop No. 8 204Th Street Al Nahda 2,04-8529529
Al Shifa Uropi Pharmacy Dwc,DXB,PHARMACY,,B3 The Pulse Res. Podium Gf Dubai World Trade Center Dubai South,04-4759111
Life Pharmacy 64,DXB,PHARMACY,,Al Rayyana Center Al Rayyana Khalifa City,04-3441122
Medilove Pharmacy Dwc,DXB,PHARMACY,,R 7-8 Sakay Retails Dubai Logistics City Dubai South,052-5011365
Absolute Wellness Medical Centre,DXB,CLINIC,,Salman Ibrahim Bldg. Latifa Bin Hamdan St. Al Qouz 4,04-3368101
Aster Medical Center Arjan,DXB,CLINIC,,Al Sayyah Res. Gf 13-16 Arjan Al Barsha South 3,04-5643776
Life Pharamcy 106,DXB,PHARMACY,,"Shop No: 01, Plot No: 360, Aurion Residence, Jumeirah Village Circle",04-3441122
Life Pharmacy 116,DXB,PHARMACY,,"Shop No: 04, Bayz By Danube, Business Bay, Dubai Uae",04-3441122
Life Pharmacy 117,DXB,PHARMACY,,"Plot No: 278, Retail No: 6, Al Barsha South Third, Arjan, Dubai Uae",04-3441122
Life Pharmacy 101,DXB,PHARMACY,,"Enoc Site 98, Shop 3, Beirut St, D 60, Near Madina Mall, Dubai, Uae",04-3441122
Life Pharmacy 102,DXB,PHARMACY,,"Enoc Site 1005, Shop 5, Marrakech St, Umm Ramool, Near New Rta Complex, Dubai, Uae",04-3441122
Life Pharmacy 104,DXB,PHARMACY,,"Enoc Site 1060, Unit 4 (Rest4) Sheikh Zayed Road, Internet City, Dubai, Uae",04-3441122
Life Pharmacy 110,DXB,PHARMACY,,"Retail Unit 16, Lago Vista-B Building, Me’Aisem 1, Impz, Dubai",04-3441122
Life Pharmacy 107,DXB,PHARMACY,,"Shop No 13, 14 Waters Edge Building, Business Bay",04-3441122
Life Pharmacy 45,DXB,PHARMACY,,"Shop No.2, Bfl Showroom (Ex Brands For Less)",04-3441122
Life Pharmacy 103,DXB,PHARMACY,,"Enoc Site 1039, Shop 3, Dubai Sports City, Dubai, Uae",04-3441122
Life Pharmacy 120,DXB,PHARMACY,,"Plot No: 2680435, Shop No. 7 (Ex Aqua Pharmacy), Madina Supermarket, Arab Mall, Oud Al Muteena,",04-3441122
Life Pharmacy 118,DXB,PHARMACY,,"Plot No: Afmu029A, Sawan Residency, Jebel Ali Village, Al Furjan,",04-3441122
Life Pharmacy 122,DXB,PHARMACY,,"Plot No: 241-498, Shop No: 1, Abdulla Abdull Rasool Building, Al Nahda 2,",04-3441122
Life Pharmacy 121,DXB,PHARMACY,,"Plot No: 2823154, Shop No. 1, Q 1 Khawaneej Mall, Al Khawaneej 2,",04-3441122
Life Pharmacy 108,DXB,PHARMACY,,"Unit No. Dhm-Lg-007, Dubai Hills Mall,",04-3441122
Life Pharmacy 105,DXB,PHARMACY,,"Shop No: 01+M, Plot No: 232-113, Bin Dahi Building, (Sindabaad Bakery, 225 Damascus Street), Al Qusais 1,",04-3441122
Enhance By Mediclinic,DXB,CLINIC,,Fashion Parking Level 7 Dubai Mall Downtown,04-4495137
MMI Dental Center,DXB,CLINIC,,202 Al Wadi Bldg. Al Badaa Road Al Wasl,04-3467677
Health Bay Polyclinic Women Care,DXB,CLINIC,,Healthbay Women Care Bldg. Al Wasl Road Umm Al Sheif,04-3487140
Alpha Medical Laboratory,DXB,LABORATORY,,"101-103 Al Ameri Bldg., Al Barsha Heights",04-5143255
Life Clinic Al Jaddaf,DXB,CLINIC,,Retail 1 Riah Tower Culture Village Al Jadaf,04-3441122
Life Clinic International City Spain cluster,DXB,CLINIC,,Shop 22-24 S6 Bldg. Spain Cluster International City,04-3441122
Life Clinic Satwa,DXB,CLINIC,,Manila Bldg. Al Hudaibah Road Al Badaa,04-3441122
"Life Clinic JLT, J cluster",DXB,CLINIC,,J2 Tower Cluster J Jumeirah Lake Towers,04-3441122
Manhal Medical Center,DXB,CLINIC,,Smj 1 Bldg Rm 101 A22 Street Al Safa 1,04-3284560
Rals Healthcare Deira,DXB,CLINIC,,Flat No. 5 Building No. 14 Opp Maktoum Hospit Street Deira,04-2246364
Royal Saba Medical Clinic,DXB,CLINIC,,Shop 10 Gf Greece Cluster L02 International City,04-5807092
Health Connect Clinic,DXB,CLINIC,,G05 Villanova Community Mall Wadi Al Safa 5,04-5547335
Rals Healthcare Qusais,DXB,CLINIC,,"Office # 2021, 2Nd Floor, Sunr Damascus Street Quasis 2",04-2639995
Nahdi Pharmacy- Al Wasl,DXB,PHARMACY,,Union Coop Al Wasl Road Jumeirah 1,054-9961652
American Center Pharmacy,DXB,PHARMACY,,Office 39 2Nd Floor Sunset Mall Jumeirah 3,04-2379100
Nahdi Pharmacy Br 3,DXB,PHARMACY,,Shop 161 Dubai Hills Mall Dubai Hills Estate,050-1988079
Amsa Pharmacy,DXB,PHARMACY,,G06 6A Business Avenue Bldg 29A St. Port Saeed,04-2325161
Nahdi Pharmacy Br 2,DXB,PHARMACY,,Ghalia Tower Shop 16 Al Barsha South Al Barsha 4,050-2825807
Nahdi Pharmacy- Palm,DXB,PHARMACY,,Shop 035 Nakheel Mall The Palm Palm Jumeirah,052-2054189
Nahdi Pharmacy Br 1 Dubai Hills,DXB,PHARMACY,,Park Heights 2 Dubai Hills Estate Dubai Hills,050-4548628
Rals Healthcare Pharmacy IT center,DXB,PHARMACY,,It Center Bldg Al Raffa Street Al Fahidi,8007257
Rals Healthcare Pharmacy Qusais,DXB,PHARMACY,,Bin Shabib Mall Gf Opp Mohre Baghdad Street Al Qusais 1,04-2102900
Jadaf Life Pharmacy Br Of Life Pharmacy Llc,DXB,PHARMACY,,"Retail#1  Riah Towers, Culture Village  Al Jeddaf",04-3441122
La Riviera Life Pharmacy Br Of Life Pharmacy Llc,DXB,PHARMACY,,Unit S02 In La Riviera Tower  Dubai Marina Dubai,04-3441122
Life Al Riqqa2 Br Of Life Pharmacy Llc,DXB,PHARMACY,,Shop No. Agc 30  Ground Floor  Al Ghurair Centre,04-3441122
Life Pharmacy 10 Br Of Life Pharmacy Llc,DXB,PHARMACY,,"Shop No:6  Ground Floor,Al Fattan Shopping Centre  Jbr Walk",04-3441122
Life Pharmacy 8 Br Of Life Pharmacy Llc,DXB,PHARMACY,,Unit No. F11H  First Floor  Mall Of Emirates,04-3441122
New Spring Pharmacy (Br Of Life Pharmacy Llc),DXB,PHARMACY,,Unit No. Nspv-Ff-26  The New Spring Village,04-3441122
The Pointe Life Pharmacy Br Of Life Pharmacy  Llc,DXB,PHARMACY,,Next To Reel Cinemas   The Pointe   Palm Jumeirah,04-3441122
Liverpool Medical Clinic,DXB,CLINIC,,Mohammed Amin Falaknaz Buildin Mez Floor Khalid Bin Waleed Road,04-3599066
Life Medical Center Jumeirah Village Circle,DXB,CLINIC,,Gf The Circle Mall Hessa St Jumeirah Village Circle,04-3441122
Aster Pharmacy Dmcc,DXB,PHARMACY,,Unit G1 Armada Tower 3 Al Thanyah 5Th Jumeirah Lake Towers,04-3092900
Dr Ismail Polyclinic Gate Mall Branch,DXB,CLINIC,,Shop 22 M Jebel Ali Gate Mall Jebel Ali Industrial 1,04-3474537
Aster Pharmacy 175,DXB,PHARMACY,,Shop 11 Damac Towers 108 Jumeirah Village Circle Al Barsha South,04-5579564
Life Medical Center Discovery Gardens,DXB,CLINIC,,Zen 4 1A Street Discovery Gardens,04-3441122
Life Clinic Al Qusais,DXB,CLINIC,,Al Huraiz Building Near Icare Clinic Damascus Street,04-3441122
Life Medical Center Al Warqa,DXB,CLINIC,,Raja And Sister Bldg. Al Warqa Street Al Warqa 1,04-3441122
Aster Pharmacy 168,DXB,PHARMACY,,Ibs Gf Tunisian Court Ibn Batuta Mall Jebel Ali 1St,04-5543519
Life Clinic Al Warqa,DXB,CLINIC,,Unit 1 Old Home Needs Sm Al Warqa Dubai,04-3441122
Shine And Smile Dental Clinic Br,DXB,CLINIC,,Shop 4 Ground Floor Reef Residence Jumeirah Village Circle,45782355
Life Medical Center Silicon Oasis,DXB,CLINIC,,Palace Tower 1 Dso Main Road Dubai Silicon Oasis,04-3441122
Medcare Medical Centre Pharmacy Barsha,DXB,PHARMACY,,Unit 15 Union Coop Al Basha South Mall 58 Th Al Barsha South,04-3254383
Rals Healthcare Pharmacy Meena Br,DXB,PHARMACY,,Meena Bldg Al Fahidi Street Al Fahidi,04-2639995
Life Clinic Bur Dubai,DXB,CLINIC,,Near To Ramada Hotel Khalid Bin Waleed Rd 7 St Al Mankool,04-3441122
Life Medical Center Al Qusais,DXB,CLINIC,,Gf Bin Dhahi Bldg. Damascus Street Al Qusais,04-3441122
Life Clinic Marina,DXB,CLINIC,,Shop No 9 Marina Pearl Bldg Dubai Marina,04-3441122
Life Clinic Blue waters,DXB,CLINIC,,Unit R 18 Ground Floor Bluewaters Residence 8 Marsa Marina,04-3441122
Life Clinic Dubai Marina,DXB,CLINIC,,Shop No 3 Elite Residence Dubai Marina,04-3441122
Dragon Pharmacy (Aster),DXB,PHARMACY,,Shop 9 Azizi Farista Bldg. Near Green Bridge Jebel Ali 1St,04-5693614
Liverpool Pharmacy,DXB,PHARMACY,,Amin Falaknaz Bldg Khalid Bin Waleed Rd Al Raffa,04-3379541
Aster Pharmacy 169,DXB,PHARMACY,,Next To Healthcbat Women'S 19A Street Al Wasl Road Umm Al Sheif,04-3250365
Life Clinic Al Barsha,DXB,CLINIC,,The Manhattan Al Barsha South,04-3441122
Aster Mc Pharmacy Arabian Raches,DXB,PHARMACY,,Emar Mall 1St Floor The Ranches Souk Arabian Ranches 2,04-3092900
Aster Pharmacy 172,DXB,PHARMACY,,Shop 12 As Sayyah Res. C Arjan Dubailand Al Barsha South 2,04-5786364
Aster Pharmacy Auh 15,DXB,PHARMACY,,Mufleh Aayd Hamed Bldg. 37 Al Rawnaq St Al Nahyan,02-6431619
Clover Medical Center-Tecom,DXB,CLINIC,,307 Warsan Tower Opp Rotana Al Thanya 3 Barsha Heights,04-3688062
The Smile Studio Dental Clinic,DXB,CLINIC,,105 Yes Business Tower First Al Khail St Al Barsha 1,04-4563877
Clover Fix Medical Center LLC,DXB,CLINIC,,304 Al Ahli Bldg 1 Amman St Al Nahda 2,04-2633655
Clover Bee Medical Center LLC,DXB,CLINIC,,M05 Bin Thani Bldg. Sheik Khakifa Bin Zayed St Umm Hurair 1,04-3852500
Royal Saba Pharmacy,DXB,PHARMACY,,Shop 10 Gf Greece Cluster L02 International City,04-5830527
Clover Silver Medical Center-Br  Mirdif,DXB,CLINIC,,Shop 14 78th  Street Mirdif Hills AV Mirdif,04-2590266
Smile Avenue Dental Clinic,DXB,CLINIC,,1104 Westburry Tower 1 Marasi Drive Business Bay,04-5837999
Agiomix Laboratories,DXB,LABORATORY,,Block D Warehouse complex Dubai Science Park Al Barsha South,04-4224999
Medi Prime Pharmacy Nadd Al Hamar,DXB,PHARMACY,,Union Coop Bldg 410th St Nadd Al Hamar,04-7070999
Physiomove Physiotherapy Center,DXB,CLINIC,,Court Tower Office703 Business Bay,04-8742333
Family Dental Clinic,DXB,CLINIC,,G- 25 Silicon Heights 1 Behind Souq Extra Dubai Silicon Oasis,052-4047766
The Lab Physiotherapy and the Rehab Center,DXB,CLINIC,,504 Control Tower BP Detroit Road Motor City,052-1740562
Alpha Intelligent Care Health Center,DXB,CLINIC,,106 Al Hawaii Bul Al Rigga Deira,04-6025801
Jupiter Al Qusais Polyclinic Pharmacy,DXB,PHARMACY,,207 Second Floor Al azoon Building Damascus Road Al Qusais,05-7950795
Kings College Hospital London Medical And Diabetes Center Pharmacy,DXB,PHARMACY,,Park Heights 2 Dubai Hills Dubai South,04-8185666
Kings College Hospital London Medical And Diabetes Centre,DXB,CLINIC,,Park Heights 2 Dubai Hills Dubai South,04-8185666
Kings College Hospital London Medical And Physiotherapy Centre,DXB,CLINIC,,Park Heights 2 Dubai Hills Dubai South,04-8185666
Hakeem Pharmacy,DXB,PHARMACY,,107 IT Plaza Main Street Dubai Silicon Oasis,04-2591709
Physioveda Medical Center LLC Karama,DXB,CLINIC,,Flat No 201 Kanoo Group Al Kifaf St Karama,04-3215520
Mubadala Health Medical and Surgical Center,DXB,CLINIC,,1st Floor Sunset Mall Kite Beach Jumeirah Beach Road Jumeirah,02-3116000
Prime Medical Center Majan,DXB,CLINIC,,Ground Floor Union Coop Nadd al Hamar,04-7070999
Openminds Psychiatry center Pharmacy,DXB,PHARMACY,,The One Tower Flat no 902-905 9th floor Tecom Al Barsha,04-87614444
Medi Prime Pharmacy Majan,DXB,PHARMACY,,Andalusia Courtyard Mall Living Legends,04-7070999
Mubadala Health Medical Pharmacy,DXB,PHARMACY,,1st Floor Sunset Mall Kite Beach Jumeirah Beach Road Jumeirah,02-3116000
Mawi Day Surgical Center,DXB,DAY CARE,,GF Villa No 3 7B St  Umm Suqeim 1 Jumeirah 3,04-3855566
Dentist Direct Dental Studio Clinic,DXB,CLINIC,,Shop G 23 I-RISE Tower Ground Floor Barsha Heights,04 455 9398
Kings College Hospital Jumeirah Pharmacy,DXB,PHARMACY,,2nd Floor Billqetair St Umm Suqeim 1 Jumeirah,04-3789555
German Neuroscience Center Business,DXB,CLINIC,,Flat No 1701-1707 Bay View Tower Business Bay,04-4298578
Care Blue Clinic FZCO,DXB,CLINIC,,Near Gate No 7 New West Camp Jafza,04- 2830080
Cambridge Medical Center,DXB,CLINIC,,Unit 303-304 DHCC Bldg 47 Dubai Healthcare City,04-5543245
Aster Royal Clinic Downtown,DXB,CLINIC,,The Residences Tower 6 Downtown Dubai Burj Residence Ph 1 & 2,04-5298194
Aster Pharmacy 180 Express Clinic,DXB,CLINIC,,The Rimal Ground Floor Flat no 173 Next to Carrefour JBR Marsa,04-5756596
Aster Medical Center Liwan,DXB,CLINIC,,Binghatti Jewels Building Ground Floor Liwan,04-4400500
Oris Dental Center Jumeirah,DXB,DENTAL,,Villa No 855 A-3 Jumeirah Beach Road Umm Suqeim 3,04-3809990
Oris Dental Center Mirdif,DXB,DENTAL,,Al Barajeel Oasis Complex Shop No 4003 47 Algeria Street,04-5916444
Merrimac Dialysis Center FZ -LLC,DXB,CLINIC,,Block C 2022-23 Al Razi Building # 64 Dubai Healthcare City,04-2408521
Life Medical Centre 7 World Trade Centre,DXB,CLINIC,,01-06 The Apartments Block A World Trade Centre,04-3441122
Life Medical Centre 5 Warsan,DXB,CLINIC,,Shop1-4 Plot No 211 Chez Moi Building Int City Ph 2 Warsan 4,04-3441122
Vasan Eye Care LLC,DXB,DAY CARE,,Zabeel Plaza Building Zabeel Road Karama,04-3579444
KCH Marina Pharmacy,DXB,PHARMACY,,First Floor The Residences Marina Walk Dubai Marina,04-5813222
Aster Pharmacy 180,DXB,PHARMACY,,Ground Floor P 19 Rimal 1 Dubai Marina Jumeirah Beach the Walk Marsa,04-3092900
Aster Pharmacy 176,DXB,PHARMACY,,G-02 Ground Floor Liwan Wadi Al Safa 2,04-3092900
Aster Royal Clinic Downtown Pharmacy,DXB,PHARMACY,,G Floor Bd Resi 1 Retail G ER6 Burj Residence I & II Down Town Burj Khalifa,04-3092900
Mediclinic Dubai Hills,DXB,CLINIC,,First Floor Dubai Hills Mall Sheikh Mohammad Bin Rashid St,04-3816555
Mediclinic Creek Harbour,DXB,CLINIC,,Creekside 18 Podium Dubai Creek Harbour Dubai Creek,04-2125888
Mediclinic Dubai Hills Pharmacy,DXB,PHARMACY,,First Floor Dubai Hills Mall Sheikh Mohammad Bin Rashid St,04-3816555
Ikigai Medical Centre ( Branch of Life Clinic ),DXB,CLINIC,,"TDM-LG-212, The Dubai Mall",04-3441122
Nmc Royal Womens Hospital Llc,AUH,HOSPITAL,,"Commercial Tower B, Plot #36 Muroor Rd E/22/02",8007676
Al Tadawi Hospital Pharmacy,DXB,HOSPITAL PHARMACY,,Near RTA HQ Umm Ramool Road Al Garhoud,04-2309999
Orthopro Clinic FZ,DXB,CLINIC,,3rd Floor  Dubai Science Park Tower South Al Barsha 2,04-8359000
Lifenity International Advanced Pharmacy,DXB,PHARMACY,,Jms Bldg. Shop 2 19A St. Al Nahda 2,04-3216964
Nmc Speciality Hospital - Auh (Nmc),AUH,HOSPITAL,,"16th Street, Nmc Building Electra Street Electra Street",02-6332255
Nmc Specialty Hospital - Dubai(Nmc),DXB,HOSPITAL,,Behind Al Mulla Plaza Nahda 7 A Street Nahda,04-2679999
Nmc Specialty Hospital Dip,DXB,HOSPITAL,,Al Zarouni Bldg. West Gate 1 Green Comm. Vill. Dubai Investment Park 1,04-8108715
Al Hashmi Medical Center (Natfuj),FUJ,CLINIC,,"Office # 105 & 106, 1St Floor, Khorfakkan Main Street Khorfakkan Main Street",09-2386795
Al Hayl Medical Centre,FUJ,CLINIC,,Al Hayl Medical Centre Building  Opposite Fujairah Plastic Factory Al Hayl,09-2221920
Al Sharq Medical Center - Al Etihad,FUJ,CLINIC,,Near Safeer Supermarket Sharqi Street Etihad,09-2222444
Al Sharq Medical Center - Dibba,FUJ,CLINIC,,Sheikh Zayed Bin Sultan Al Nahyan Road Al Nahdah Dibba,09-2059554
Al Shifa Medical Center,FUJ,CLINIC,,Opposite Masjid Omar Sheikh Khalid Road Sheikh Khalid Road,09-2384288
Alahli Medical Centre Llc,FUJ,CLINIC,,Hsbc Bank Building All 1St Floor Hamad Bin Abdull Fujairah,09-2220228
Alfa Clinical Llc,FUJ,CLINIC,,Hm Beauty Center Bldg Al Basara Road Near Fujairah Al Faseel,09-2222932
Aster Medical Center Fujairah Branch,FUJ,CLINIC,,Hamad Bin Abdullah Street Hamad Bin Abdullah Street Town Centre,09-2234912
Emirates Medical Centre,FUJ,CLINIC,,Nasser Ali Khammas Building Op Sheikh Zayed Bin Sultan Road Sheikh Zayed Bin Sultan Road,09-2233199
Life Care Medical Clinic Llc,FUJ,CLINIC,,Al Hail Bldg. Room101 Kalba Industrial Area Al Gurfa,09-2283336
Makkah Medical Center,FUJ,CLINIC,,Barakt Building Eid Musallah : Mahhata,09-2225051
National Medical Centre (Natfuj),FUJ,CLINIC,,"Saeed Samsoon Building,Near Fo Ghurfah Street Gurfa Street",09-2232850
Northern Al Ahliah Medical Centre - Fuja,FUJ,CLINIC,,Northern Al Ahliah Medical Com Hamad Bin Abdullah Road Al Gurfa,02-6262666
Dr. Fadi Alshafee Dental Clinic Llc,FUJ,DENTAL,,The Coast Building Opposite Eagle Hills Al Fujairah,09-2223036
Yateem Optician Fuj,FUJ,OPTICAL,,Shop In Trade Centre  Fujairah,09-2222068
Al Khan Pharmacy,FUJ,PHARMACY,,Barkat Building Opp. Masjid Omar Al Khatab & Eid Musalla / Behind Adnoc Petrol Station  Eid Mussalla Rd,09-2225051
Al Sharq Family Pharmacy (Al Sharq),FUJ,PHARMACY,,Safeer Market Round About Sharqi Road Dibba,09-2227490
Al Sharq Modern Pharmacy,FUJ,PHARMACY,,After Hilton Hotel-Fujairah Faseel Road Faseel Road,09-2231442
Al Sharq Pharmacy,FUJ,PHARMACY,,Al Sharq Medical Center Buildi Sharqi Road Dibba,09-2059568
Aster Pharmacy 8 (Moopens),FUJ,PHARMACY,,Century Mall Near Beach Motel Faseel Road,09-2230701
Aster Pharmacy Fujairah,FUJ,PHARMACY,,Emirates Spring Building Hamad Bin Abdulla Street Dibba,09-2238322
Better Life Pharmacy,FUJ,PHARMACY,,76  Hamed Bin Abdulla Road Hamed Bin Abdullah,09-2227299
East Coast Ahalia Pharmacy,FUJ,PHARMACY,,"Northern Al Ahliah Medical Complex, Ground Floor / Fathima Round About, E89 (Hamad Bin Abdullah Road), Near Adnoc Petrol Station And Fab Bank  Al Gurfa",02-81191119
Fujairah Pharmacy (Julphar Grp Of Phy),FUJ,PHARMACY,,Opp.Old Traffic Station Ahmed Bin Abdulla Street Rashidiya,09-2229295
Health First Pharmacy 17-Julphar,FUJ,PHARMACY,,Trade Centre Building Main Street Main Street,09-2223979
Health First Pharmacy 18-Julphar,FUJ,PHARMACY,,Trade Centre Building Sh. Zayed Road Sh. Zayed Road,06-5394466
Health First Pharmacy 19-Julphar,FUJ,PHARMACY,,Hamad Bin Abdulla Street Hamad Bin Abdulla Street Dibba,09-2444376
Health First Pharmacy 20-Julphar,FUJ,PHARMACY,,Dibba Market  Dibba,09-2447364
Health First Pharmacy 21-Julphar,FUJ,PHARMACY,,"Shop # 1 , Ground Floor Dana Plaza Cinema Al Madhab Street",04-7016008
Health First Pharmacy 26-Julphar,FUJ,PHARMACY,,"Shop # 3, Ground Floor, Souq Extra Mirbah Next To Mirbah Ladies Center",04-7016008
Life Pharmacy Llc Fujairah Br 1,FUJ,PHARMACY,,"Unit No. G 078, Ground Floor, City Centre Fujairah, Uae",04-3441122
Lulu Dibba Pharmacy Llc (Docib Grp),FUJ,PHARMACY,,Grnd Flr Lulu Hyper Market Dibba,056-5018178
Medicina Pharmacy 20 Fuj Branch,FUJ,PHARMACY,,Fuala  Sheikh Hamad Bin Abdulla Stree,09-2235894
Medicina Pharmacy 28,FUJ,PHARMACY,,Safeer Market Next To Nbad Bank Dibba-Fujairah,09-2441604
National Med Centre Pharmacy (Natfuj),FUJ,PHARMACY,,Mr.Saeed Samsoom Building Gurfa Street Gurfa Street,09-2232850
Thayba Pharmacy (Aster),FUJ,PHARMACY,,Near Masafi Factory  Thayba,09-2564749
Lifecare Medical Center,FUJ,CLINIC,,Near Federal Authority Identity And Citizenship Gurfa Dibba,09-2445722
Lifecare Pharmacy,FUJ,PHARMACY,,Near Federal Authority Identity And Citizenship Gurfa Dibba,09-2445722
Fujairah Port Pharmacy,FUJ,PHARMACY,,Fujairah Port,09-2059756
Al Sharq Medical Centre Cosmo Med,FUJ,CLINIC,,Al Faseel,09-2059756
Fujairah Port Medical Center,FUJ,CLINIC,,Fujairah Port,09-2059756
Al Sharq Hospital Pharmacy,FUJ,HOSPITAL PHARMACY,,Al Fassel Road,"09-2059999,09-2059971"
Al Rabi Medical Center,FUJ,CLINIC,,Khalifa Mattar Building,09-2372222
Novomed Specialized Surgical Hospital,DXB,HOSPITAL,,Ummsequiem  Umm Suqeim,04-5542121
Al Hashmi Pharmacy (Natfuj),FUJ,PHARMACY,,Near Etisalat Khorfakkan Main Street Khorfakkan Main Street,09-2386508
Al Nassar Pharmacy,FUJ,PHARMACY,,Opposite Al Omar Mosque Sheikh Khalid Road Sheikh Khalid Road,09-2384188
Aster Pharmacy 139,FUJ,PHARMACY,,Khorfakan Police Station R/O Opp Adnoc Petrol Station Sheikh Khalid Road,09-2371301
Country Pharmacy (Fuj),FUJ,PHARMACY,,Ali Mohd. Saleh Building Tariq Bin Ziad Street Tariq Bin Ziad Street,09-2385435
New Central Pharmacy,FUJ,PHARMACY,,Khorfakkan Main Street Khorfakkan Main Street Khorfakkan Main Street,09-2386277
United Pharmacy Al Zahiah Br 2,FUJ,PHARMACY,,Shop G01 Khalifa Khamis Al Matar Bldg Khorfakkan,04-5718096
New Ibn Sina Pharmacy Fujairah,FUJ,PHARMACY,,1St Floor City Center Fujairah City Center Fujairah,09-2236647
Life Pharmacy  Fujairah Br 3,FUJ,PHARMACY,,"Shop No#2,Saleh Bin Lahej Building,Sakakam Street",04-3441122
Life Pharmacy  Fujairah Br 2,FUJ,PHARMACY,,"Shop No: 1, Sultan Al Shamsi Bldg- Al Fujairah 123",04-3441122
Obaidella Hospital (Moh) (Emergency Only),RAK,HOSPITAL,,Ras Al Khaimah,07-2465501
Thumbay Hospital Pharmacy Fuj Br,FUJ,PHARMACY,,Thumbay Hospital Bldg Opd Near Al Ahli Club Sheikh Zayed  Suktan Rd,09-2053872
Thumbay Pharmacy 6,FUJ,PHARMACY,,Thumbay Hospital Bldg Sheikh Zayed Road Fujairah,09-2244380
Oriana Specialty Hospital,SHJ,HOSPITAL,,Pullman Hotel Near Sharjah Expo Al Tawuun,06-5918888
Phoenix Hospital,AUH,HOSPITAL,,"Mohamed Bin Zayed City ME-10,Musaffah",02-6151515
Prime Hospital Llc -Prime Group,DXB,HOSPITAL,,Dubai Airport Rd Casablanca St Al Garhoud,04-2929777
Ras Al Khaimah Hospital,RAK,HOSPITAL,,Al Qusaidat  Juwais,07-2074234
Rashid Hospital (Dha)*,DXB,HOSPITAL,,Near Dubai Court Greek Park Oud Metha,800-342
Saqr Hospital (Moh),RAK,HOSPITAL,,Ras Al Khaimah,07-2049999
Saudi German Hospital,DXB,HOSPITAL,,"331,Off Exit 36 3,Opp American Hessa Street Barsha",04-3890000
Saudi German Hospital Ajman,AJM,HOSPITAL,,Besides Cuca City University C Sheikh Ammar Bin Humaid Street Al Tallah,800-2211
Al Ahlia Medical Centre_Rak,RAK,CLINIC,,Creek Plaza Building Al Jazah Road,07-2331533
Al Amal Specialist Clinic,RAK,CLINIC,,"Office # 02, 1St Floor, Sheikh Oman Street Seer",07-2228366
Al Farabi Specialist Clinic,RAK,CLINIC,,"Office # 402, 4Th Floor, Dubai Muntaser Street Nakheel",07-2276699
Al Ghail Medical Centre(Shams),RAK,CLINIC,,Al Ghail Shopping Centre Mohd.Shaams Rashid Almazrooi B Al Ghail,07-2589464
Al Jazeerah Medical Centre,RAK,CLINIC,,"Building # 92, Al Jazeerah Al Rak Main Market Street",07-2446899
Al Rafidain Medical Center Llc,RAK,CLINIC,,Al Musafri Building Ground Floor Al Kharran 1,07-2335550
Al Shifa General Medical Clinic,RAK,CLINIC,,Ayahath Ali Saif Bldg Al Ghail Main Road Al Ghain Main Road,07-2222167
Arafa Medical Center,RAK,CLINIC,,"Office # 105, 1St Floor, Al Ji Nakheel Nakheel",07-2337898
Aster Medical Centre Rak Br. (Moopens),RAK,CLINIC,,Groun Flr Muntasir Bldg Muntasir Road Al Nakheel,07-2338866
Corniche Medical Centre,RAK,CLINIC,,Ministry Of Information Buildi Oman Street Nakheel,07-2228456
Cosmetic Dermatology Clinic,RAK,CLINIC,,"Office # 102, 1St Floor, Inter Muntaser Street Nakheel",07-2800040
Crown Medical Center L.L.C,RAK,CLINIC,,Near Naeem Center Sheikh Rashed Bin Saed Road Al Dhait,07-2359722
Dr. Murtada Clinic,RAK,CLINIC,,"Office # 3, 2Nd Floor, Sheikh Zagir Bin Khalid Building, Near Al Nakheel Hotel Muntasir Road Seer",07-2289655
Emirates Cardiology Clinic,RAK,CLINIC,,Ns Tower 303  Near Mangrove Hotel Dafan,07-2222649
Emirates Hospitals And Clinics-Rak,RAK,CLINIC,,Julphar Towers Near To Cbi Bank Alnakheel,07-2037777
Health Medical Center,RAK,CLINIC,,Villa Number 7 Ground Floor Khuzam,07-2334041
Hudaibah Medical Centre,RAK,CLINIC,,"1St Floor, Al Hudaibah Buildin Sheikh Saqr Bin Mohammed Qassi Seer",07-2222188
International Medical Center Rak,RAK,CLINIC,,Villa 5 (Opp. Rak Hotel) Al Warqaa Al Khuzam,07-2365366
National Medical Clinic (Rak),RAK,CLINIC,,"1St Floor, Ibn Sina Pharmacy B Faisstreet Sidroh",07-2334232
Nexus Medical Center,RAK,CLINIC,,"Al Jazeera Bldg. Shop 13,14,15 Al Jazeera Al Hamra Street Al Jazeera Al Hamra Area",07-2332134
Nmc Royal Medical Center,RAK,CLINIC,,"Ground Floor, Sultan Fadel Bui Qawasim Corniche Road Sidroh",07-2028000
Rak Medical Center Galilah,RAK,CLINIC,,Ahmed Laha Bldg Oman Road Shaam Galilah,07-2279994
Rak Medical Centre,RAK,CLINIC,,"Ground Floor, G+11 B-01 Backsi  Jazeera Hamra",07-2432226
Ras Al Khaimah Medical Centre Al Hamra,RAK,CLINIC,,First Level Al Hamra Mall Al Jazeera Al Hamra,07-2432226
Retaj Medical Centre Llc,RAK,CLINIC,,United Insurance Building Sheikh Mohammed Bin Salem Rd Al Dhait,07-2359818
Shifa Al Jazeerah Medical Centre Rak,RAK,CLINIC,,"Fathima Supermarket Building,M Oman Street Al Nakheel",07-2211218
Specialist'S Medical Centre,RAK,CLINIC,,Sheikh Mohammed Bin Salem Road Sheikh Mohammed Bin Salem Road Hamriya,07-2332255
Union Medical And Dental Center Llc,RAK,CLINIC,,Above Video Rafa Behind Sony Bldg Nakheel,07-2272402
Al Nebras Dental Clinic,RAK,DENTAL,,Rak Al Juwais Near Adib Bank Golf2Tower M Floor,07-2277007
Al Wafa Dental Clinic - Rak,RAK,DENTAL,,"Office # 104, 1St Floor, Sheik Muntaser Street Nakheel",07-2288286
Metro Dental Specialist Clinic,RAK,DENTAL,,"Office 102, 1St Floor, Al Jabe Muntaser Street Nakheel",07-2271818
Rak College Of Dental Science Fz Llc,RAK,DENTAL,,Gf Rak College Building Of Den Ldg. Rakez Rak Dental St. Ras Al Khaimah,07-2222593
Rak Smile Dental Clinic,RAK,DENTAL,,Concorde Bldg. Mezanine Floor M03 Al Nakheel Ras Al Khaimah,07-2260804
Smile Care Medical Center,RAK,DENTAL,,Rak Al Jazzah Al Khatri Buildi Jazzah Road Nakheel,07-2282080
International Radiology Centre And Diagn,RAK,X-RAY LABORATORY,,Goldsouq Al Mutasir Street Al Nakheel,07-2338388
Al Jaber Optical Centre Llc Branch-Manar,RAK,OPTICAL,,Shop No. 82 Ground Floor Manar Mall,07-2276761
Optx Twenty Twenty Llc Branch-Optx 2020,RAK,OPTICAL,,"Shop No. J034, Ground Floor Optx 2020 - Manar Mall - Rak",06-5303357
Al Ahlia Pharmacy Rak Branch,RAK,PHARMACY,,"Ground Floor,Creek Plaza Opp Expo Centre And Near Gas,Al Jazah Road Ras Al Khaimah",07-2275993
Al Aman  Pharmacy,RAK,PHARMACY,,Al Khalifa Building Behind Bank Of Baroda Oman Street - Al Nakheel,07-2261139
Al Ghail Pharmacy,RAK,PHARMACY,,Ayahath Ali Saif Bldg Al Ghail Main Road Al Ghail,07-2580010
Al Hsayat Pharmacy (Oraibi),RAK,PHARMACY,,Al Nakheel Al Muntasser St Opposite Home Centre,07-2277002
Al Jisr Pharamcy (Indian),RAK,PHARMACY,,Salem Saeed Al Khathri Buildin Saba Street Corniche,07-2337271
Al Lulu Rak Pharmacy Llc (Docib Grp),RAK,PHARMACY,,Ground Floor Al Qurm Khuzam Rd,06-5018175
Al Manar Pharmacy(Julphar Grp Of Phy),RAK,PHARMACY,,Al Manar Shopping Mall Ras Khaimah Road Ras Khaimah Road,07-2274848
Al Nakheel Pharmacy (Rak),RAK,PHARMACY,,Sh. Salem Bin Sultan Al Qasimi Nakheel Street Nakheel,07-2226821
Al Noor  Pharmacy,RAK,PHARMACY,,"Al Hudaibah Building Ground Floor, Oman Stree Al Nakheel",07-2333729
Al Razi Pharmacy,RAK,PHARMACY,,"Dahan Building, Opp Emirates P Sheik Mohd Bin Salem Road Dahan",07-2331919
Al Shams Pharmacy(Shams),RAK,PHARMACY,,Al Ghail Shopping Centre Mohd.Shaams Rashid Almazrooi B Al Ghail,07-2584244
Al Suwaidi Pharmacy,RAK,PHARMACY,,Sulthan Matar Building Oman Street Nakheel,07-2228111
Aster Pharmacies Group Llc - Rak Br,RAK,PHARMACY,,Safeer Mall Airport Road Ras Al Khaimah,07-2352213
Aster Pharmacies Grp Llc Rak Br 1(Aster),RAK,PHARMACY,,Al Khaleej Supermarket Near Al Adaf Roundabout Al Mataf Road,07-2681224
Aster Pharmacy Br Rak 2,RAK,PHARMACY,,Ali Sultan Ali Onwan Bldg Opp: Birla Institute Of Tech Al Dhait,07-2361664
Balsam Pharmcy (Rak),RAK,PHARMACY,,Opp. Arab Bank; Nr.Choitram Oman Street Oman Street,07-2222868
Emirates Dubai Pharmacy Llc,RAK,PHARMACY,,Avenue Building Julphar Towers Ras Al Khaimah,07-2037777
Hala Pharmacy 21-Life,RAK,PHARMACY,,"Opp To Emirates Market, Sheikh Mohammad Bin Salem Road, Al Nadiyah",07-2369729
Hala Pharmacy 22-Life,RAK,PHARMACY,,"Sheikh Rashid Bin Saeed Road, Al Kharran,",07-2433432
Hala Pharmacy 23(Life),RAK,PHARMACY,,Unit B11 My City Centre Al Dhaid,07-2355984
Hala Pharmacy 25,RAK,PHARMACY,,Unit No FF50 FF51 First Flr Al Hamra Mall Ras Al Khaimah,04-3441122
Hala Pharmacy 34 Llc,RAK,PHARMACY,,(Opp) Manar Mall  Alnakheelarea  Ras Al Khaimah,04-3441122
Hala Pharmacy 36 Llc,RAK,PHARMACY,,Shop No.5  Block6  On Plot No. 406060029,04-3441122
Health First Pharmacy 14-Julphar,RAK,PHARMACY,,Beside Police Station Rams Street Rams Street,07-2662295
Health First Pharmacy 50 (Julphar),RAK,PHARMACY,,"Ahmed Ben Sagar Bldg, Opp: Rak Bank,Sheikh Muhammad Bin Salem Rd, Al Nadiyah",07-2358018
Indian Pharmacy,RAK,PHARMACY,,Sh.Omer Bin Saqr Alqasimi Buil Ras Khaimah Road Ras Khaimah Road,07-2333951
Medical Centre Pharmacy,RAK,PHARMACY,,Opp.Shop & Save Faisal Street Faisal Street,07-2337544
Medicina Pharmacy 27,RAK,PHARMACY,,Safeer Market  Cornichae Al Qawasim,07-2332580
Medicina Pharmacy 32,RAK,PHARMACY,,Armed Forces Cooperative Socie Al Hamham Al Hamham,07-2585587
Medicina Pharmacy 34,RAK,PHARMACY,,Emirates National School Al Dhait South Al Dhait South,07-2284785
Medicina Pharmacy 35,RAK,PHARMACY,,Ramez Hyper Mall Al Dhait South Northern Rak,07-2218376
Medicom - 23 (Al Enaya Ph) (Aster),RAK,PHARMACY,,Opp. Bin Daher School Kharran Road Kharran,07-2441433
Nexus Pharmacy,RAK,PHARMACY,,"Shop No: 16, Al Jazeera Building Beside Madina Super Market Jazeera Al Hamra",07-172447348
Rak Al Jazira Al Hamra Pharmacy,RAK,PHARMACY,,Jazeera Hamra Street Jazeera Hamra Street Jazeera Hamra,07-2432249
Ras Al Khaimah Ghalila Pharmacy,RAK,PHARMACY,,Ghalila,07-2432115
Ras Al Khaimah Pharmacy Al Hamra,RAK,PHARMACY,,Al Jazeera Al Hamra,07-2273637
Retaj Pharmacy L.L.C,RAK,PHARMACY,,"Grnd Floor,United Insurance Opposit To Kfc Al Dhaith",07-2277776
U M D C Pharmacy,RAK,PHARMACY,,Flat 198 Gf Al Wadi Bldg Al Dhafra Road Sanaiya Industrial Area,07-2272757
I Smile Dental Center,RAK,DENTAL,,Julphar Office Tower 23 Floor Rm 2310 Al Hisn Suhaim,07-2222207
Nmc Royal Pharmacy(Nmc),RAK,PHARMACY,,Sultan Fadel Bldg Qawasim Corniche,07-2332832
Saudi German Hospital Sharjah,SHJ,HOSPITAL,,Oppalqudsmosque Intersection Al Qulayaa,04-3890045
Al Zahrawi Hospital Pharmacy,RAK,HOSPITAL PHARMACY,,Al Zahrawi Hospital Pharmacy Alnakheel  Rd,"07-2288544, 07-2289544"
Ras Al Khaimah Hospital Pharmacy,RAK,HOSPITAL PHARMACY,,Nearby Saqr Hospital Al Qusaidat Street,07-2074444
Sheikh Khalifa Specialty Hospital Pharma,RAK,HOSPITAL PHARMACY,,119 Exit Sheikh Zayed Road Al Shohadaa Road Ras Al Khaimah,07-2010370
Rose Dental Center,RAK,CLINIC,,Dubai Islamic Bank Bldg Rm 104 Al Muntasir Road Nakheel,07-2287711
Care Point Medical Center,RAK,CLINIC,,"Blk 2, Ground Flr Opposite Naeem Mall Al Nakheel",07-2333370
Care Point Pharmacy,RAK,PHARMACY,,"Blk 2, Ground Floor Opposite Naeem Mall Al Nakheel",07-2333370
Al Aliya Pharmacy,RAK,PHARMACY,,Shop 5 Gf Muntasir Bldg. Munstansir St. Al Nakheel,07-2274566
Julphar Implant & Cosmetic Dental Center,RAK,DENTAL,,2711 27Th Flr Julphar Tower Al Hisn Road Nakheel,07-2271999
Julphar Implant & Cosmetic Dental Center,RAK,DENTAL,,Bldg. Gg0022 Behind Hamra Mall Paris St. Al Hamra Golf,07-2271999
Supercare Pharmacy Manar Mall,RAK,PHARMACY,,Shop 87 Gf Manar Mall Al Muntasir Road Ras Al Khaimah,07-2082728
Marhaba Medical Center,RAK,CLINIC,,Gf 02 Nakheel Bldg. Near Al Hooth Supermarket Al Nakheel,07-2364667
Life Pharmacy Rak,RAK,PHARMACY,,"Shop 5 & 6, Nesto Hypermarket Sheikh Abdulla Bin Mohammed Rd Al Qusaidat",04-3441122
Ibn Sina Pharmacy Br 1 Al Naeem City,RAK,PHARMACY,,Shop 46 Al Naeem City Center Al Dhait North,07-2362086
Ibn Sina Br 2 Groove Village,RAK,PHARMACY,,Groove Villager Al Quawasim Cronich Rd Dafan Al Khor,07-2353448
Ibn Sina Pharnacy Br 3,RAK,PHARMACY,,Manar Mall Al Mutansir Road Al Uraibi,07-2463671
Ibn Sina Pharmacy Al Hamra Mall,RAK,PHARMACY,,Gf Al Hamra Mall Al Hamra Village Al Hamra Mall,07-2434488
Alya Medical Center,RAK,CLINIC,,Adil Al Nuami Prop Lamp R/A Al Qasimi St. Al Quisaidat,07-2441235
Alya Pharmacy,RAK,PHARMACY,,Adil Alnuami Prop. Lamp R/A Al Qasimi St. Al Quisaidat,07-2441235
Life Pharmacy Rak Br 1,RAK,PHARMACY,,"Shop No: 01, Gulf Hypermarket Llc, Al Muntasir Road, Nakheel Street, Ras Al Khaima",04-3441122
Life Pharmacy Rak Br 2,RAK,PHARMACY,,"Shop No: 01, Unit: 1, Venice Avenue, Rak Al Dhait South,",04-3441122
Al Ola Pharmacy (Aster),RAK,PHARMACY,,Shop 1 Bldg 0040 Al Muntasir Rd Al Nakheel,07-2357563
The American Medical Clinic Rak,RAK,CLINIC,,Bldg. 6 Lagoon Walk Mina Al Arab Al Riffa,07-2359818
Thumbay Clinic LLC Rak Branch,RAK,CLINIC,,Thumbay Clinic Bldg Near Double tree Hotel Al Nakheel,07-2267464
Basmat Al Hayat Medical Center RAK,RAK,CLINIC,,M Floor 11 A St Aqaq Road Khalifa Bin Zayed City,07-2222256
Seha Emirates Hospital L.L.C (Dublin),AUH,HOSPITAL,,"Villa 1,2,3,Block No 37East Emirates School ,Delma Street Nahyan Camp",02-6397800
Care Medical Centre (Imara),SHJ,CLINIC,,Nwaem Centre Building Of Medicina Pharmacy Wasit Street Shahaba,04-2617175
Shaam Hospital (Moh) (Emergency Only),RAK,HOSPITAL,,Ras Al Khaimah,07-2033444
Sheikh Khalifa General Hospital,AJM,HOSPITAL,,Sheikh Khalifa Medical City University Street Al Jurf,06-7117777
Sheikh Khalifa General Hospital,UMQ,HOSPITAL,,Opp.Ministry Of Social Affairs Al Salama Street Umm Al Quwain,06-7117777
Sheikh Khalifa Hospital - Women And Ch,AJM,HOSPITAL,,Sheikh Khalifa Medical City  Al Jurf,06-7117777
Sheikh Khalifa Hospital Fujairah,FUJ,HOSPITAL,,67A Al Faseel St Al Faseel,09-2097777
Sheikh Khalifa Hospital Masfoot,AJM,HOSPITAL,,Sheik Khalifa Medical City  University Street,06-7117777
Sheikh Khalifa Medical City-Seha(No Dental Services On Direct Billing) (No Dental Services On Direct Billing),AUH,HOSPITAL,,Karama Street Karama Street Karama Street,02-8191800
Al Saha Wa Al Shifa One Day Surgery Hosp,SHJ,DAY CARE,,"Office # 307, 3Rd Floor Rolla Mall, Al Arouba Street",06-5632618
Dar Al Oyoun Hospital For One Day Surger,SHJ,DAY CARE,,Buhaira Corniche Al Majaz Al Majaz,06-5750015
Enjab Medical Center,SHJ,CLINIC,,"Al Durrah Building, 6Th Floor, Corniche Street Buhaira Corniche Road",06-5563433
Oriana Hospital One Day Surgical,SHJ,DAY CARE,,Manazil Tower2 Building Al Taawun Street Al Taawun,06-5251000
Abdul Ghani Medical Centre,SHJ,CLINIC,,"Al Fardan Center, Block A 208, Corniche Street Buhaira Corniche Road",06-562727
Abrahams Medical Centre,SHJ,CLINIC,,"Rolla Tower, Near Rolla Square Al Zahra Street Rolla Square",06-5612737
Access Al Rolla Medical Center (Aster),SHJ,CLINIC,,"Flat 1,2,3 Adnic Tower Ibrahim Mohamad Al Medfa'A Um Al Tarafa Rolla",06-5612050
Access Clinic Muwailiah (Aster),SHJ,CLINIC,,Mubarak Building University Road Muwailiah,06-5359933
Advanced Medical Center,SHJ,CLINIC,,"Al Fardan Center, Block A 207, Corniche Street Buhaira Corniche Road",050-6297801
Ahlan Medical Center,SHJ,CLINIC,,"114 Al Jabri Bldg. Opposite Sahara Centre S115, Al Nahda",06-5305882
Al Afdal Medical Center,SHJ,CLINIC,,Shop No 2&3 Al Tawoos Building Al Mahattah,06-5590007
Al Ahalia Regional Medical Centre,SHJ,CLINIC,,"Opp. Etisalat Building, Near K Ibrahim Mohammed Al Madfa Stre Al Mussalla",06-5621700
Al Amanah Medical Centre,SHJ,CLINIC,,"308, 3Rd Floor, Opp. Lulu Cent Al Sharq Street Al Naba'Ah",06-5615545
Al Azhar Medical Clinic,SHJ,CLINIC,,Sajjah Industrial Area  Sharjah,04-3791311
Al Banna Medical Centre,SHJ,CLINIC,,"Al Nukhailah Building, Flat 10 King Abdul Aziz Street Al Qasimia",06-5327228
Al Buhairah Medical Centre,SHJ,CLINIC,,Aster Al Majaz Pharmacy Buildi Jamal Abdulnaser Street Jamal Abdulnaser Street,06-5599699
Al Bustan Medical Center,SHJ,CLINIC,,"Ali Ahmed Saif Building,Invest Fallaj Muallah Street Dhaid",06-8829924
Al Dunia Medical Centrellc(Liberty),SHJ,CLINIC,,Al Shamsi Building Third Industrial Street Industrial Area No-12,06-5546644
Al Emarat  National Medical Center,SHJ,CLINIC,,"Al Walled Building, Flat 101-102,Al Etihad Road, New Al Taawun  Al Khan",06-5772058
Al Faiez Medical Center-Shams Grp,SHJ,CLINIC,,"Howaidhen Building, Floor 1, F Hatta Road Al Madam",06-8861202
Al Furqan Medical Center,SHJ,CLINIC,,Salem Saeed Omai Aljaberi Bldg M-2179 Floor 1 Industrial Area 11,06-5353868
Al Kanary Medical Centre-Shams Group,SHJ,CLINIC,,"Ground & Mezzanine Floor, Fath Maliha Road Muwaileh Commercial",06-5352118
Al Madar Medical Center - Sharjah,SHJ,CLINIC,,"Al Bassam Tower, Office # 102, Corniche Street Buhaira Corniche Road",06-5548558
Al Maher Medical Center LLC,SHJ,CLINIC,,G Floor War 1 Building King Faisal Street AbuShagara,06-5420066
Al Maliha Medical Centre,SHJ,CLINIC,,"Office # 201, 2Nd Floor Dhaid, Dhaid Main Street Dhaid",06-8823334
Al Manarah Medical Center,SHJ,CLINIC,,Flatnumber:21&22 Buhaira Corniche Al Majaz 3,06-5266060
Al Mansour Medical Center,SHJ,CLINIC,,"City Compass Tower, 1St Floor,Corniche Street,Buhaira Corniche Road",06-5372050
Al Minha Medical Centre,SHJ,CLINIC,,Mosque End Of Abu Shagara Park Abu Shaghara Park Road Abu Shaghara,06-5599541
Al Nahda Medical Center(Liberty),SHJ,CLINIC,,Al Daghaya  Tower Bukhara Street No13 Al Nahda,06-5384466
Al Nawras Dental Centre,SHJ,CLINIC,,Al Obaid Bldg. 107 & 108 1St Floor Falaj Al Muala Road  Al Dhaid  Al Dhaid,06-8826400
Al Rabee Clinic (Liberty),SHJ,CLINIC,,Baghlaf Al Zafer Building Near Sharjah College Signal Al Khan Street,06-5391222
Al Rahah Medical Centre Llc,SHJ,CLINIC,,"Ind Area @, Sharjah  Ind. Area",06-5425260
Al Rasha Medical Center,SHJ,CLINIC,,"205, Humaid Al Owais Building, Al Zahra Street Maysaloon",06-5627223
Al Safi Medical Center,SHJ,CLINIC,,"Office 2, First Floor,  Al Sajaa Mussafah Industrial Area",06-5551973
Al Salam Medical Centre (Salam),SHJ,CLINIC,,208-210 Sheikh Khaled Bldg Al Arouba Rolla,06-5614262
Al Saraf Medical Centre,SHJ,CLINIC,,"Opp. Al Majaz Park, Al Majaz B Jamal Abdulnaser Street Al Majaz Park",06-5538787
Al Shams Al Jadeed Medical Centre-Shams,SHJ,CLINIC,,"Near Lacnor, Tuba Center Double Cola Road Industrial 4",06-5397539
Al Shams Medical And Diagnostic Centre,SHJ,CLINIC,,"Sheikh Faisal Al Qasimi Bldg Suit 113-116,Maliha Road Industrial Area 15 Muweilah",06-5353004
Al Shams Medical Centre-Shams Group,SHJ,CLINIC,,Near Caterpillar Roundabout Maliha Road Industrial 15,06-5352118
Al Noor Al Nahda Polyclinic,SHJ,CLINIC,,Near Sahara Centre Al Nadha Street Sharjah,06-5376969
Al Siddiq Clinic,SHJ,CLINIC,,"Mohamed Sultan Building, Floor Al Dhaid Main Road Al Dhaid",06-8822046
Al Wahda Medical Centre(Novo ),SHJ,CLINIC,,Tami Building 1St Floor Al Nahda Area Near To Al Nahda Park,06-5244660
Al Yamamah Medical Centre,SHJ,CLINIC,,1St Flr Enpi Bldg Near Bin Ladin Signal Dubai Rd Industrial Area 10,06-5352160
Al Zeyarat Medical Centre Llc,SHJ,CLINIC,,"Sheikh Zayed Street,Samnan",06-5668966
Amala Medical Center,SHJ,CLINIC,,"Aqeel Falaknas Building, Al Za  Al Butina",06-5333789
Antony Medical Centre,SHJ,CLINIC,,"204-206, Opp. Lulu Centre, Al Al Sharq Street Al Naba'Ah",06-5630555
Arab Doctors Specialist Center,SHJ,CLINIC,,"Almansoori Tower, Alqasba R/O Al Taawun St Al Majaz",06-5544414
Arabian Medical Centre,SHJ,CLINIC,,"Opposite To Masjid Al Noor,103 Al Majaz 1 Buhaira Corniche Road",06-5731066
Aster Abu Shagharah Medical Center,SHJ,CLINIC,,Grnd Flr Aster Bldg. Near Abu Shagara Park Abu Shagara,06-5568225
Aster Al Butina Medical Center,SHJ,CLINIC,,Shaikh Majid Bin Saud Bldg Al Sharq St No. 103 Al Butina,06-5619045
Aster Al Nahda Medical Center - 1,SHJ,CLINIC,,"Al Shaiba Building Ground Floor, Opp. Carrefour E Al Nahda",06-5958792
Aster Al Nahda Medical Centre - Aster,SHJ,CLINIC,,"Showroom 1, Ground Floor Golden Sands Tower Al Nahda",06-5267111
Aster Medical Center - Shj  (Moopens),SHJ,CLINIC,,Next To Adnoc Station G Floor King Faisal Street Al Majaz 1,06-5509006
Aster Medical Centre-Muwaileh,SHJ,CLINIC,,"Bin Tharyem 8, Ground Floor New Muwaileh",06-5358027
Bristol Medical Centre Llc,SHJ,CLINIC,,Ground Floor Flat No. 3 14 Juma Al Majid Residential C Al Nahda,06-5266615
Bushra Specialist Medical Centre Ll,SHJ,CLINIC,,Al Reem Tower Buhaira Corniche Al Majaz,06-5511551
Central Medical Polyclinic,SHJ,CLINIC,,Sul Al Markazi  Next To Al Safeer Centre Khofakkan,09-2387649
Central Poly Clinic (Cph),SHJ,CLINIC,,"101, Block D, Al Gaddah Buildi Maliha Road Muwaileh Commercial",06-5353858
Class Medical Centre,SHJ,CLINIC,,"Al Saud Tower, Opp: Sharjah Ro Al Arouba Street Gulf Square",06-5652332
Cosmo Health Medical Center Llc,SHJ,CLINIC,,Villa No B568 Roundatal Ramla Al Ramla,06-5669910
Crystal Dental Clinic,SHJ,CLINIC,,Crystal Plaza B King Faisal Street Buhaira,06-5623224
Cure Medical Center Physiotherapy Llc,SHJ,CLINIC,,Asastower Al Khan Corniche St Al Tawuun,06-5303999
Dar Al Salam Medical Center Llc,SHJ,CLINIC,,Al Mubarak Hypermarket Buildin Sharjah Industrial Area 3 Sharjah,06-5213535
Deepa Clinic,SHJ,CLINIC,,Ali Al Gargash Building Rolla Street Al Mareja Area,06-5686424
Doctors Medical Centre (Aah),SHJ,CLINIC,,"Opposite Manama Supermarket, A Al Arouba Street Um Altaraffa",06-5632100
Dooa Medical Clinic,SHJ,CLINIC,,Merashid  Fujairah Al Hamriya Free Zone,06-5260188
Dr. Afif Medical Center,SHJ,CLINIC,,"United Bank Building, 2Nd Floo King Faissal Street King Faissal Street",06-5740091
Dr. Ali S. Hindi Clinic,SHJ,CLINIC,,"Opposite Nissan Showroom, Al T Al Wahda Street Al Wahda Street",06-5746006
Dr. Amal Alqedrah Specialist Clinic,SHJ,CLINIC,,"Al Abar Building, 1St Floor, A Wasit Road Al Abar",06-5238883
Dr. Raad Al Qaisi Clinic,SHJ,CLINIC,,"Crystal Plaza Block C, 601, 6T Corniche Street Buhaira Corniche Road",06-5744677
Dr. Sanjay Medical Centre,SHJ,CLINIC,,"201, Opp. Lulu Centre, Al Muba Al Sharq Street Al Naba'Ah",06-5626525
Dr. Sunny M C (Nmc),SHJ,CLINIC,,"Dana Plaza, Shaba Complex, 6; Wasit Road Samnan",06-5388966
Dr. Tigani Shaib  Medical Clinic,SHJ,CLINIC,,"Al Fardan Center, Block A 206, Corniche Street Buhaira Corniche Road",06-5561126
Dr.Sabaa Medical Centre Llc,SHJ,CLINIC,,Majaz Building Jamal Abdulnaser Street Al Majaz Park,06-5530092
Oakland Medical Centre LLC,SHJ,CLINIC,,Bl966 Al Sharq St Al Riffah And Al Mirgab Sharjah Al Riffah,06-5226107
Eve Medical Centre L.L.C.,SHJ,CLINIC,,Villa -159 Al Fayhaa- East Dis Maysaloon,06-7498042
First Gulf Medical Center  (Advanced Grp),SHJ,CLINIC,,Advanced Care Group Al Reem Bldg Maliha Roud Shj-Kalba Roud,06-5347573
Galal Medical Centre Llc,SHJ,CLINIC,,Asas Tower Al Taawun Street Alkhan,06-5432211
Ganin Medical Centre,SHJ,CLINIC,,Sarah Al Emarat Al Buhaira Corniche Opposite Al Majaz Atage,06-5315553
Goodhealth Specialized Medical Center,SHJ,CLINIC,,"101, Al Mansoor (Tiger Bldg), Beside Lulu Supermarket Near Al Nahda Park,",06-5466160
Hannover Medical Center,SHJ,CLINIC,,Sarah Al Emarat Tower Al Buhaira Corniche  Al Majaz 3,06-5433226
Healers Medical Centre,SHJ,CLINIC,,"Behind Emax, Sunrise Supermark King Faisal Street Abu Shaghara",06-5539851
Helal Kalba Medical Center,SHJ,CLINIC,,Maryam Rashid Muhham Bldg. Kalba Industrial Area Kalba,09-2776886
Ideal Medical Centre,SHJ,CLINIC,,"Sh. Khalid Building, 102; F-1, Al Arouba Street Um Altaraffa",06-5623844
Ishaq Bin Omran Medical Center Llc,SHJ,CLINIC,,Family Health Promotion Center Shk Salem Al Qasimi Street Al Qarayen Area,06-5180800
Laika Medical Center,SHJ,CLINIC,,"Al Owans Building, 102, 1St Bl Al Zahra Street Al Naba'Ah",06-5627667
Lamasat Medical Centre,SHJ,CLINIC,,Alshamtower Oppsite Sharjah Expo Center Al Taawun,06-5591619
Lebanon Medical Center (Lubnani),SHJ,CLINIC,,7Th Flr Majestic Tower Opp Al Nahda Bridge Al Tawoun St,06-5652929
Liberty Medical Center,SHJ,CLINIC,,"Shop# 2, Nayeli-3 Bldg King Abdul Aziz Street Abu Shaghara",06-5599379
Life Way Specialized Medical Centre,SHJ,CLINIC,,"First Floor, 105 Opp Ansar Ml Al Mamzar",06-5304900
Lifecare Medical Center,SHJ,CLINIC,,Sama 2 Bldg. Kind Faisal Road Abu Shagarah,09-2445722
Limar Medical Centre,SHJ,CLINIC,,Alshamsibuilding Buhairah Corniche Al Majaz 1,06-5744245
Mampilly Medical Centre,SHJ,CLINIC,,"Sheikh Faizal Building, 3Rd Fl Al Arouba Street Um Altaraffa",06-5616464
Marina Medical Center,SHJ,CLINIC,,"Mezzanine Floor, Al Soor Build Ibrahim Mohd Al Medfa Street Above Lifeline Ph,Al Soor Area",06-5625234
Medcare Medical Centre - Sharjah,SHJ,CLINIC,,Jawhara Building Al Taawun Mall Taawun Street,06-5257497
Metawi Medical Center,SHJ,CLINIC,,"Opposite Nissan Showroom, Al T Al Wahda Street Al Wahda Street",06-5742999
Mgm Medical Centre Llc,SHJ,CLINIC,,"Rm 205, Above Suzuki Showroom King Faisal St. King Faisal Area",06-5741444
Mulk Physiotherapy Centre,SHJ,CLINIC,,Crescent House Al Majaz-3,06-5253756
Starcare Medical Center Llc,SHJ,CLINIC,,Opp. Rolla Park  Al Ghuwair Rolla,06-5611099
New Dr. Sunny M C- Rolla (Nmc),SHJ,CLINIC,,"Above Joy Alukkas Ctr, 3Rd Flo Al Arouba Street Rolla Square",06-5639966
New M C (Shj) (Nmc),SHJ,CLINIC,,"Belresheed Tower,1St &2Nd Flr, Corniche Street Buhaira Corniche Road",06-5758000
Noor Al Madinah Medical Center,SHJ,CLINIC,,"Above Pak Ghazi Restaurant,Opp National Paint Maliha Street Sharjah Industrial Area 11",06-5358605
Noor Clinic,SHJ,CLINIC,,Yousuf Hamza Alashams Bldg. Arabian Gulf Street Shwaihean,06-5684974
Perfect Medical Center (Novo),SHJ,CLINIC,,"Dana Tower,M Flr, Above Damas Al Arouba Street Rolla",06-5630009
Peshawar Medical Centre,SHJ,CLINIC,,"Rolla Mall 309,309,310  3Rd Floor Rolla",06-5633755
Premier Medical Centre Llc,SHJ,CLINIC,,Al Guwair Post Office Bldg. Al Arouba Street Al Guwair Rolla,06-5616188
Prime Medical Center Al  Nahda,SHJ,CLINIC,,"Shop 7, Ground Flr, Al Roda To Malaka Street Al Nahda",04-7070999
Prime Medical Center Al Qasimia,SHJ,CLINIC,,"Near Mashreq Bank, Al Qasimia King Abdul Aziz Street Al Qasimia",04-7070999
Prime Spec Medical Centre (Majaz Branch),SHJ,CLINIC,,"2Nd Floor, Safeer Market Bldg, King Faisal Street Al Majaz 1",04-7070999
Prime Specialist Medical Centre 1,SHJ,CLINIC,,"Ground Floor, Zero 6 Mall University City Road Al Jurainah",04-7070999
Ravi Medical Centre Llc,SHJ,CLINIC,,Alsalehibldg Industrial Area 6 Maliha,06-5437455
Reem Al Nahda Med Diagnostic Ctr (Avivo),SHJ,CLINIC,,Al Nahda Next To Al Nahda Park,06-5304864
Reem Medical Diagnostic Center (Avivo),SHJ,CLINIC,,Old Uae Exchange Building Al Arouba Street Al Ghuwair,06-5620831
Reem Specialist Medical Centre (Avivo),SHJ,CLINIC,,Old Uae Exchange Building Al Arouba Street Al Ghuwair,06-5625422
Regal Medical Centre,SHJ,CLINIC,,"Belreshed Building, Building No 2516 , Maliha Road Muwailih Commercial",06-5354175
Riaz Medical Center,SHJ,CLINIC,,Bldg Next To Dr. Sunny Medical Wasit Road Samnan,06-5583351
Right Medical Centre,SHJ,CLINIC,,"Office # 101-104, Ground Floor King Faisal Street Abu Shaghara",06-5551575
Sabah Al Noor Medical Centre,SHJ,CLINIC,,"Jumbo Sony Building, Mezzanine King Faisal Street Abu Shaghara",06-5558441
Sahar Medical Centre,SHJ,CLINIC,,Baba Hassan Building 2Nd Industrial Street Indus Area3,06-5420843
Sahara Medical Centre,SHJ,CLINIC,,Al Shaiba Al Nahda Park Al Nahda,06-5318887
Sai Ganesh Pillai Medical Centre,SHJ,CLINIC,,Bank Saderat Iran Building Opposite To Uae Exchange Sharjah Rolla,06-5687831
Saifzone Medical Centre (Fzc),SHJ,CLINIC,,Clinicf2-42A Ground Floor Saifzone,06-5578471
Sam Specialized Medical Center,SHJ,CLINIC,,"Beside Burger King, Union Nati Corniche Street Buhaira Corniche Road",06-5744664
Sana Habib Medical Centre,SHJ,CLINIC,,Flat 405/406 Al Marzouqi Tower King Faisal Street Al Qassimiya,06-5396566
Sara Medical Centre,SHJ,CLINIC,,Sara Tower Corniche Street Buhaira Corniche Road,06-5568888
Sharjah Corniche Medical Centre Ll (Aah),SHJ,CLINIC,,Corniche Plaza 2 Corniche Street Buhaira Corniche Road,06-5751222
Sharjah Int'L Holistic Health Center,SHJ,CLINIC,,Opp . City Bank Near Dubai National Bank King Abdul Aziz St. Al Qasimia,06-5720088
Shifa Al Jazeera Medical Centre,SHJ,CLINIC,,Shaikh Abdullah Ali Al Mahmoud Al Zahra Street Rolla,06-5218889
Siyad Specialist Medical Center,SHJ,CLINIC,,Shop 1 Al Wadi Bldg Maliha Road Muwaileh Commercial,06-5358305
Specialized Medical Centre - Shj,SHJ,CLINIC,,"Salem Tower Building, Opp: Al Corniche Street Buhaira Corniche Road",06-5736800
Sunny Al Buhairah Medical Centre (Nmc),SHJ,CLINIC,,Kakooli Bldg Al Majaz Street Al Majaz,06-5566689
Sunny Al Nahda Medical Centre (Nmc),SHJ,CLINIC,,Al Shaiba Bldg Al Nahda Park Street Al Nahda,06-5305252
Sunny Halwan Speciality Medical Centre L,SHJ,CLINIC,,"Opposite Al Qasmia Hospital Wasit Street Shahba,",06-5061666
Sunny Maysloon Speciality Medical Centre,SHJ,CLINIC,,Near Lulu Hypermarket Kuwait Strt May Saloon,06-5014777
Sunny Sharqan Medical Centre Llc (Nmc),SHJ,CLINIC,,Al Sharqan Ext. Al Arouba St Towards Ajman Sharjah Sharjah,06-5667996
Sunny Speciality Medical Centre (Nmc),SHJ,CLINIC,,Muweilah Commercial Industrial Area Shk Khalifa Muweilah,06-5688707
Sunrise Medical Center Llc (Imh),SHJ,CLINIC,,"Al Sour Bldg, Opp Sata Office 7Th St, Mina Road Sharjah",06-5757003
Unicare Medical Centre (Aah),SHJ,CLINIC,,"Alshamsi Building, 101-104; F- Clock Tower Al Ghuwair",06-5632100
Union Medical Centre,SHJ,CLINIC,,Mirage Residence 2 Geco Signal  3 Industrial Street 3,06-5562546
Venniyil Medical Centre,SHJ,CLINIC,,Above Paris House Hold F 1& 2 Corniche Street Shuwaiheen,06-5682258
Zaferulla Medical Centre,SHJ,CLINIC,,Grnd Flr Tiger Bldg Mahliha Road Industrial Area 11,06-5352160
Al Mustaqbal Dental Clinic,SHJ,DENTAL,,Majestic Tower 2 Flat No. 804  8Th Floor (Near By Feras Sweets) Al Taawun  Sharjah,06-5566130
Sunny Dental Centre (Nmc),SHJ,CLINIC,,Al Buhaira Blg Buhairah Corniche Buhairah Corniche,06-5738300
Ugarit Dental Clinic - Sharjah,SHJ,DENTAL,,Albuhairahbuilding Near Hardees And Kfc Al Majaz I,06-5335055
Al Burj Medical Lab (Al Borg),SHJ,LABORATORY,,"Crystal Plaza Block C, 3 Floor Corniche Street Buhaira Corniche Road",06-5752100
Al Sarh Medical Lab,SHJ,LABORATORY,,Al Marzoqi Tower( C.G. Mall) C Al Nud Al Nud,06-5509991
Emirates Medical Laboratories(Al Khajah),SHJ,LABORATORY,,"Salem Tower, M Floor, Opp: Al Corniche Street Buhaira Corniche Road",06-5748080
Image Diagnostic Center (Al Khajah),SHJ,LABORATORY,,"Al Reem Plaza, First Floor, 10 Corniche Street Al Majaz 1",06-5748080
Mediplus Diagnostic Center (Medsol-Ghi),SHJ,LABORATORY,,"303, Opp. Lulu Centre, Al Muba Al Sharq Street Al Naba'Ah",06-5634347
Mena Labs Medical Laboratory Llc,SHJ,LABORATORY,,"Belresheed Tower, Above Nmc Cl Corniche Street Buhaira Corniche Road",06-5754979
Modern Medical Laboratory (Star Metro),SHJ,LABORATORY,,"Al Qudrah Building, 2Nd Floor, Al Arouba Street Rolla Square",06-5659961
Texas Medical Laboratory,SHJ,LABORATORY,,"Alabbarbuilding Opposite Adnoc Petrol Station , Near Al Qassimi  Samnan",06-5622988
Al Durrah Radiology Center Llc,SHJ,X-RAY LABORATORY,,First Floor Al Durrah Tower - Entifadah R Al Buhairah Chorniche,06-5569888
Al Safwa Radiology Center,SHJ,X-RAY LABORATORY,,"Cg Mall,301-306 3Rd Floor King Faisal Street Al Qassimiah",06-5563969
Elm Al Amrhdh Medical Laboratory Llc,SHJ,X-RAY LABORATORY,,Crsnt Twer Rm 601 Al Majaz 3  Al Majaz 3,06-5454601
International Radiology Centre And Diagn,SHJ,X-RAY LABORATORY,,Egyptiantradingcentre Al Taawun Street Al Taawun,07-2338388
International Radiology Centre(Shj),SHJ,X-RAY LABORATORY,,"Crystal Plaza, Infront Of Gold Corniche Street Buhaira Corniche Road",06-5738088
Reem Al Bawadi Medical Diagnostic Center,SHJ,X-RAY LABORATORY,,Al Rostamani Exchange Building Al Arouba Street Rolla,06-5244660
Al Jaber Optical Centre Llc Branch-Mataj,SHJ,OPTICAL,,"Shop No. J002, Ground Floor, Matajer Juraina",06-5624372
Al Jaber Optical Centre Llc Branch-Sahar,SHJ,OPTICAL,,"Shop No. 120, Ground Floor Sahara Centre 2",06-5315445
Al Jaber Optical Centre Llc Branch-Sahar,SHJ,OPTICAL,,"Shop No. 145, Ground Floor Sahara Centre 1",06-5315445
Al Jaber Optical Centre Llc Branch-Sharj,SHJ,OPTICAL,,Shop No. U03-04 First Floor Sharjah City Centre,06-5335424
Al Jaber Optical Centre Llc Branch-Zero,SHJ,OPTICAL,,"Shop No.Gf13 Ground Floor, Zero 6 Mall",06-5423636
Optx Twenty Twenty Llc Branch-Optx 2020,SHJ,OPTICAL,,"Shop No.190 Ground Floor, New Extension , Optx 2020 - Sa",06-5303357
Optx Twenty Twenty Llc Branch-Optx 2020,SHJ,OPTICAL,,"Shop No. G002, Ground Floor, , Optx 2020 - Matajer Jurainah",06-5303357
Optx Twenty Twenty Llc Branch-Optx2020 -,SHJ,OPTICAL,,"Shop No.Sq1009, Ground Floor, Optx2020 - Oasis Mall - Shj",06-5772665
Yateem Optician Al Wahda,SHJ,OPTICAL,,City Centre  Alwahhda Road,06-5288065
Yateem Optician Corniche,SHJ,OPTICAL,,"Unit Nos. 1 & 2 Ground Floor, Al Fardan Centre Corniche,",06-5562677
Yateem Optician Shj 2,SHJ,OPTICAL,,Shop No. F261  Sahara Centre,06-5564050
Yateem Optician-Shj 1,SHJ,OPTICAL,,"Kios Of First Floor  Sahara Centre,",06-5300605
Abwab Bait Al Maqdes Pharmacy,SHJ,PHARMACY,,"Ali Salim Al Tamimi Opposite Arcadia Hotel Suite Al Khan St., Al Majaz",06-5565363
Aknaf Bait Al Maqdes Pharmacy,SHJ,PHARMACY,,Al Baker 5 Tower Al Khan Corniche Street Al Khan,06-5500602
Al  Tamimi Pharmacy Llc,SHJ,PHARMACY,,"Shop No - 2, Al Ghuwair Area Behind Km Trading Rolla",06-5624990
Al Ahsan Pharmacy,SHJ,PHARMACY,,Khalid Booti Building Muwalih Street Muwailih,06-5449393
Al Aman Pharmacy,SHJ,PHARMACY,,Rolla Park Ghurair Street Rolla Square,06-5233991
Al Azhar Pharmacy,SHJ,PHARMACY,,Harjah Cooperative Society Building Sajja Industrial Area 1,06-5352323
Al Barsha Pharmacy-Life,SHJ,PHARMACY,,Manama Centre Al Zahra St. Sharjah,06-5754046
Al Bashar Pharmacy Llc,SHJ,PHARMACY,,"Shop No 2, Ground, Al Shamsi Bldg,  Opposite Panoor Rest Muwailah",06-5561596
Al Bassam Pharmacy,SHJ,PHARMACY,,Ground Floor Bassam Tower Corniche Street Al Majaz 3,06-5379446
Al Burhan Pharmacy Llc,SHJ,PHARMACY,,"Blue Building,Industrial Area Near Family Restaurant - Muwaileh",06-5320585
Al Bustan Pharmacy (Bait Al Maqdes),SHJ,PHARMACY,,Near Al Nahda Mall Backside Of Nahda Nahda,06-5309963
Al Corniche Pharmacy (Anglo Arab,SHJ,PHARMACY,,"Ground Floor, Corniche Plaza I Buhaira Corniche Street Buhaira Corniche",06-5751222
Al Dhaid Pharmacy,SHJ,PHARMACY,,Mohd.Rashid Building Opp Veget Falaj Road Dhaid,06-8822177
Al Dhia Pharmacy Llc(Docib Grp),SHJ,PHARMACY,,Ground Floor Udday Bin Hatem Mosque Muwaileh,06-5771561
Al Dunia Pharmacy Llc(Liberty),SHJ,PHARMACY,,Al Shamsi- Buil Near Geco Signal King Faizal Street,06-5620406
Al Elaj Pharmacy (Bait Al Maqdes),SHJ,PHARMACY,,Al Shabah Plaza Wasit St Wasit,06-5583058
Al Fajer Pharmacy - Shj,SHJ,PHARMACY,,Opp.Dubai Islamic Bank Immigration Road Immigration Road,06-5735233
Al Falah Pharmacy,SHJ,PHARMACY,,Nr.Etisalat Kuwait Road Kuwait Road,06-5664841
Al Farah Al Haditha Pharmacy,SHJ,PHARMACY,,"Nova Park Hotel, Al Nad Al Qasimmia 3",06-5746066
Al Fardan Centre Pharmacy Llc-Life,SHJ,PHARMACY,,Al Fardan Centre Buhaira Corniche Buhaira,06-5752809
Al Fares Pharmacy (Bait Al Maqdes),SHJ,PHARMACY,,Zakher Building Tawaam Road Mamzar,06-5304212
Al Furqan Pharmacy(Shams),SHJ,PHARMACY,,"Shop 9,Ground Floor,Mattar Bld Al Madam",06-8861030
Al Hala Pharmacy (Bait Al Maqdes),SHJ,PHARMACY,,Al Khan 5 New Al Taawun St. Al Khan,06-5523663
Al Inaya Al Mutaqadimah Ph (Advanced),SHJ,PHARMACY,,"Al Reem Building I Near National Paints Muwailah, Maliha Road",06-5345663
Al Ithihad Pharmacy,SHJ,PHARMACY,,"Ground Floor,Union Pharmacy Building Jamal Abdulnaser Street Al Majaz 2",06-5594767
Al Jamhoor Pharmacy,SHJ,PHARMACY,,Mohammad Bin Sultan Building Al-Dhaid Main Street Al Dhaid,06-8822671
Al Kanary Pharmacy (Madinah),SHJ,PHARMACY,,Opposite National Paint Round Ajman Road Ajman Road,06-5344479
Al Karaz Pharmacy,SHJ,PHARMACY,,Sana Building Shop No 10 Al Wahda Road New Al Nahda Industrial Area 1,06-5668225
Al Madeena Al Mushrqa Pharmacy,SHJ,PHARMACY,,Abdul Aziz Al Majid Near Hsbc Bank King Faisal Street,06-5303355
Al Madinah Pharmacy,SHJ,PHARMACY,,Hoydan Building Hatta Dubai Street Madam,06-8861018
Al Majaz Pharmacy (Aster),SHJ,PHARMACY,,Near Al Buhaira Medical Center Jamabdul Nasser Street Jamal Abdul Nasser Street,06-5599799
Al Maliha Pharmacy,SHJ,PHARMACY,,Opposite Etisalat Main Road Dhaid,06-8823334
Al Manara Pharmacy (Aster),SHJ,PHARMACY,,Al Sham Tower Near W.Wilson Me Taawun Street Taawun Area,06-5774665
Al Mansoor Pharmacy-Life,SHJ,PHARMACY,,Opp. Sharjah City Centre Wahda Street Wahda Street,06-5591700
Al Mashreq Pharmacy,SHJ,PHARMACY,,Hsbc Building; Nr.Giant S/M King Faissal Street King Faissal Street,06-5592500
Al Mawadah Pharmacy (Aster),SHJ,PHARMACY,,Near Emirates Islamic Bank Emigration Road Qassemiya,06-5744878
Al Moaalaj Pharmacy Llc,SHJ,PHARMACY,,Shop 3  Ground Floor City Emba Saad Bin Zayed St. Abu Shagarah,06-5214865
Al Musalla Pharmacy Sharjah,SHJ,PHARMACY,,"Al Zahra Street, Rolla Sharjah  Rolla",06-5616136
Al Mustaqbal Pharmacy (Noora Group),SHJ,PHARMACY,,Sharjah Insurance Building Bin Laden Street Industrial Area No 11,06-5349500
Al Nabaa Pharmacy Llc,SHJ,PHARMACY,,Plot 406 Al Mubarak Center Al Arooba Street Al Nabaa Area,06-5635229
Al Nadia Pharmacy Llc,SHJ,PHARMACY,,2  Suhail Bin Hunaif Street Al Qasimiya,06-5759745
Al Nahda Pharmacy,SHJ,PHARMACY,,"Shop # 10 & 11, Ground Floor Al Kakooli Building Al Khan",06-5561122
Al Nuzha Pharmacy (Chs),SHJ,PHARMACY,,"Grnd Floor Buhaira Main Rd, Next To Ajman Bank Buheira Corniche",06-5454282
Al Orooba Pharmacy,SHJ,PHARMACY,,"F-G, Bsd.Al Rustomani Exchange Arouba Street Ghuwair",06-5623355
Al Qasimiah Pharmacy Llc,SHJ,PHARMACY,,Ali Moosa & Songs Building Sajaa,06-5310177
Al Rahmah Pharmacy,SHJ,PHARMACY,,Khan Saheb Building King Faisstreet Abu Shaghara,06-5551782
Al Rayah Pharmacy Llc (Novo),SHJ,PHARMACY,,Buhaira Insurance Building Al Nahda Street Al Nahda,06-5244660
Al Ruayah Pharmacy Llc (Novo),SHJ,PHARMACY,,Ground Floor Safari Mall Muwailleh,06-5244660
Al Sadiq Pharmacy Llc,SHJ,PHARMACY,,Behind Adnoc Petrol Pump Bukhara Street Al Nahda,06-5549947
Al Safi Pharmacy,SHJ,PHARMACY,,"Office 2, First Floor, Al Sajaa  Industrial Area",06-5551973
Al Saha Pharmacy-Life,SHJ,PHARMACY,,Near Big Masjid Fire Station Road Muwalieh Commercial,06-5426630
Al Saif Pharmacy(Liberty),SHJ,PHARMACY,,Near  Liberty  Signal King Abdul Azeez Street Abushagara,06-5533811
Al Sajaa Pharmacy Llc,SHJ,PHARMACY,,Muhammad Saleh Al Hamadi Building - Near Sharjah Cement Factory Al  Sajaa,06-5310199
Al Sama Pharmacy Sana Grp,SHJ,PHARMACY,,City Bank Building Qassemiya Street Qassemiya,06-5508820
Al Samah Pharmacy,SHJ,PHARMACY,,Shaikh Saqr Bin Khalid Al Qassimi Street  Al Ghubaibah,06-5660366
Al Samha Pharmacy Llc,SHJ,PHARMACY,,Al Amira Residence Radission Blu Hotel Abu Shagara Street,056-6465225
Al Sana Pharmacy Llc,SHJ,PHARMACY,,Shop No:2&3 Syedplazabldg Al Mahatta,06-5731610
Al Seha Al Kubra Pharmacy Llc (Nmc),SHJ,PHARMACY,,"Mariyam Abdulrehman Bldg Dana Plaza,Shj Cricket Stadium Al Wasit Street",06-5721213
Al Shifa Uropi Pharmacy,SHJ,PHARMACY,,Grnd Flr C Block Qadissiya Near Sahara Center Al Nahda Street,06-5394609
Al Shualla Pharmacy (Aster),SHJ,PHARMACY,,Shop No. 30 Groun Floor Zawaya Walk University Road,06-5316487
Al Sundos Pharmacy,SHJ,PHARMACY,,Al Mina Road Sana Bldg 2Nd Dec Strt,06-5650905
Al Taif Pharmacy-Life,SHJ,PHARMACY,,Flat 2-3 Nesto Supermarket Muwailah Sharjah,06-5505411
Al Taj Al Thahabi Pharmacy Llc,SHJ,PHARMACY,,Golden Crown  Al Khan Street Al Khan,06-5540707
Al Taj Pharmacy (Bait Al Maqdes),SHJ,PHARMACY,,Danat Al Khan Bldg. Back Side Of Sharjah Expo Cntr Al Khan,06-5444322
Al Tamam Pharmacy Llc,SHJ,PHARMACY,,Shop No:1 Maryamplazabl  Abushagara,06-5505995
Al Taqwap Pharmacy (Bait Al Maqdes),SHJ,PHARMACY,,Flat 02 Abdul Aziz Al Majed Near Zahara Center Al Nahda St.,06-5319211
Al Ufuq Pharmacy,SHJ,PHARMACY,,"Street: Al Muweilah Fire Station Road,  National  Paints",06-5443771
Al Usrah Modern Pharmacy,SHJ,PHARMACY,,"Al Zahra Street, Butina Sharjah  Al Butina",06-5656105
Al Wafaa Pharmacy (Noora),SHJ,PHARMACY,,No.501 Shop # 1 Near Lacnor Da Double Cola Road Industrial No 4,06-5331139
Al Yamama Pharmacy,SHJ,PHARMACY,,Grnd Flr Enpi Bldg Near Bin Ladin Signal Industrial Area 10,06-5352160
Al Zaman Pharmacy,SHJ,PHARMACY,,Al Wafa Building Jamal Abdul Nasser Street Al Wahda,06-5771990
Alnajim Alazraq Pharmacy-Life,SHJ,PHARMACY,,"Shop 1, Damas 57 Bldg Next To Ansar Mall Al Ittihad Rd, Al Nahda",06-5288851
Anwar Bait Al Maqdes Pharmacy Llc,SHJ,PHARMACY,,"Flat 02, Mb-6 Bldg., Back Side Of Univ. City Road Muwaileh",06-5426300
Asia Pharmacy,SHJ,PHARMACY,,Sharjah   Industrial Area 2,06-5335970
Aster Al Buhairah Pharmacy,SHJ,PHARMACY,,Corniche Road Corniche Road Buhairah Corniche,06-5444543
Aster Ph - Sharjah - Aster(Moopens),SHJ,PHARMACY,,Beside Al Nahda Park Opposite To Carrefour Express Al Nahda,06-5253663
Aster Pharmacies Group Llc- Shj Br - Br5,SHJ,PHARMACY,,"Rashid Building, Shop No:1 Near Al Madina Shopping Center Muwailiah",06-5538496
Aster Pharmacies Group Llc -Shj Br -Br,SHJ,PHARMACY,,"Shop No.2, Bin Thareem Buildin Muwailah Commercial Road Muwailah",06-5321063
Aster Pharmacies Group Llc- Shj Br- Br3,SHJ,PHARMACY,,Sharjah City Centre Opp: Carrefour Al Wahda,06-5950110
Aster Pharmacy 106 (Moopens),SHJ,PHARMACY,,"Goldensands Bldg Near To Shafeer Mall Al Ittihad Rd, Al Nahda",06-5749669
Aster Pharmacy 107,SHJ,PHARMACY,,Hassan Baba Hassan Building King Faisal Road Abu Shaghara,06-5734704
Aster Pharmacy 108 (Moopens),SHJ,PHARMACY,,Grnd Flr Next To Sata Ibrahim Mohd Al Medfaa Sts Um Al Tarafa Area,06-5610012
Aster Pharmacy 121 (Moopens),SHJ,PHARMACY,,Silver Sand Bldg Opp Juma Al Majid Bldg Al Nahda,06-5544504
Aster Pharmacy 122,SHJ,PHARMACY,,Shop 2 Aster Bldg Near Aster Clinic Abu Shagara Road,06-5570996
Aster Pharmacy 125 (Moopens),SHJ,PHARMACY,,Grnd Flr Al Deyar Bldg Near To Tawoun R/A Al Tawoun Sts,06-5303016
Aster Pharmacy 133,SHJ,PHARMACY,,"Next To Fine Fair Bldg Opp Sharjah Coop Society Al Sharq St, Butina",06-5619322
Aster Pharmacy 140,SHJ,PHARMACY,,Sultaco Building King Faisal Street Al Majaz,06-5445001
Aster Pharmacy 151 (Aster),SHJ,PHARMACY,,Mamzar 1 Tower Opp Sharjah Palace Hotel Al Tawun,04-2672946
Aster Pharmacy 153,SHJ,PHARMACY,,"Suroor Building Beside City Exchange Al Nahda Park, Al Nahda",06-5543020
Aster Pharmacy 203,SHJ,PHARMACY,,"Shop 1, Arab Doctor Building Al Taawun",06-5396955
Bab Al Hikma Pharmacy,SHJ,PHARMACY,,Mosque Square  Al Dhaid,06-8823470
Bab Al Qassimiah Pharmacy Llc,SHJ,PHARMACY,,"Shop No.5,Nearby Hanna Hyper Market,  Zaid Street Sajaa Industrial Area",06-5221707
Bab Al Shifa Pharmacy,SHJ,PHARMACY,,"King Faisal Street, Al Majaz Sharjah  Al Majaz",06-5750060
Badar Pharmacy Llc (Salam),SHJ,PHARMACY,,Shop #578 Ahalya Exchange Bldg Al Arouba Rolla,06-5614751
Bait Al Dawaa Pharmacy,SHJ,PHARMACY,,"Shop #2, Lootah Tower Behind Expo Near To Al Ansari Al Tawoun St",06-5772511
Bait Al Maqdes Al Jadeedah Pharmacy,SHJ,PHARMACY,,Opp.Abu Shagarah Park Abu Shaghara Street Abu Shaghara,06-5484270
Bait Al Maqdes Pharmacy,SHJ,PHARMACY,,Nr.Pizza Hut Abdullah Al Dusar Wahda Street Wahda Street,06-5534363
Bait Al Maqdes Pharmacy Branch 1,SHJ,PHARMACY,,Al Nisir Behind Corniche Al Buhaira St. Al Khan,06-5420520
Bait Al Maqdes Pharmacy Llc-Branch 2,SHJ,PHARMACY,,Al Qubaisi Al Majaz Al Buheira Corniche St Al Majaz,06-5537900
Bait Al Maqdes Pharmacy Llc-Branch 3,SHJ,PHARMACY,,Future Tower 2 Al Khan St Al Khan,06-5540707
Bait Al Maqdes Pharmacy Llc-Branch 4,SHJ,PHARMACY,,Al Rund Tower L Khan Corniche St Al Khan,06-5540707
Bin Khaldoon Pharmacy,SHJ,PHARMACY,,"Al Khayal Building, Behind Meg  Qassemiya",06-5752124
Bin Sina Grand Sharjah(Alphamed),SHJ,PHARMACY,,Abdul Aziz Al Majid Building Near Al Massa Cinema Corniche Road Buhairah Corniche,06-5567662
Bin Sina Pharmacy - Shj (Alphamed),SHJ,PHARMACY,,Corniche Plaza Ii Corniche Road Buhairah Corniche,06-5726885
Boorj Al Rolla Pharmacy,SHJ,PHARMACY,,Shop No. 29 & 30 Rolla Square Tower Bldng. Opp.  Rolla Park Rolla,06-5217190
Burj Al Nahda Pharmacy,SHJ,PHARMACY,,"Al Roda Tower 2, 1 G Floor - Malaka Street Al Nahda",06-5590076
Bustan Al Rolla Pharmacy Llc,SHJ,PHARMACY,,Shop No 14-15 Nawaf Global Foundation Buildi Rolla,055-8319320
Crystal Pharmacy (Aster),SHJ,PHARMACY,,Al Shamsi Building Tawoon Street Qusais,06-5773100
Dar Al Hayat Pharmacy,SHJ,PHARMACY,,Bin Madaeya Bldg. Flat No. 2 Al Zahrah Street Al Soor,06-5643337
Dar Al Sajaa Pharmacy Llc,SHJ,PHARMACY,,Adbdel Rahman Sultan Ali Bin B Building Number : 4075 Sanayya Street - Sajja,06-5659077
Delmon Pharmacy,SHJ,PHARMACY,,Faris Tower Buhairah Corniche Road Buhairah Corniche,06-5504331
Doctors Pharmacy (Shj),SHJ,PHARMACY,,"Dafco Building,Nr.Shj Rotana H Arabian Gulf Street Arabian Gulf Road",06-5614813
Emirates European Hospital Pharmacy,SHJ,HOSPITAL PHARMACY,,Gto5Thfloor Al Sharj Street Al Qulaya Area,06-5619444
Experts Pharmacy (Aster),SHJ,PHARMACY,,Near Nassirya Police Station Zahra Street Nasseriya Street,06-5654635
Fatima Al Zahra Pharmacy Llc(Novo),SHJ,PHARMACY,,Ground Floor Al Zahra Street Maysaloon,04-5244660
"Golden Life Pharmacy,Sharjah-Life",SHJ,PHARMACY,,Bin Jalawi Centre Next To Al Y Taawun Street Mamzar,06-5775501
Grand Al Mafraq Pharmacy (Julphar Grp),SHJ,PHARMACY,,King Faisstreet King Faisstreet Mafraq,06-5725313
Arabian Home Health Pharmacy,SHJ,PHARMACY,,Central Market King Faissal Street King Faissal Street,06-5748588
Hadeqat Al Rola Pharmacy Llc,SHJ,PHARMACY,,Ganga Building Shop No 1 Rolla Street,06-5748283
Hala Pharmacy Br 10-Life,SHJ,PHARMACY,,Showroom No 1 Bldg # 997 Al Nasserya,06-5239833
Hala Pharmacy Br 12-Life,SHJ,PHARMACY,,Manazil Tower 1 Plot 89 Al Qassimiya,06-7409740
Hala Pharmacy Br 19-Life,SHJ,PHARMACY,,"Al Alami Centre, Near Spinneys  King Faisal Street",06-5560640
Hala Pharmacy Br 5-Life,SHJ,PHARMACY,,"Shop No 1,2 &14 Rolla Building Rolla",06-5218353
Hala Pharmacy Br 8-Life,SHJ,PHARMACY,,Shop No 4 Zubaidi Building Al Majaz,06-5516022
Hala Pharmacy Br 9-Life,SHJ,PHARMACY,,Al Arouba St Al Arouba St Sharjah,06-5519865
Hala Pharmacy Ll Branch 11-Life,SHJ,PHARMACY,,"Choithram Bldg, Buf Year 222 Plot 374 Al Qassimiya",06-5454123
Hala Pharmacy Llc - Branch 28,SHJ,PHARMACY,,"Shop 1 Unit No. 1006, Oasis Malls Sharjah",04-3441122
Hala Pharmacy Llc - Branch 42,SHJ,PHARMACY,,Unit # 14 & 15 Groundfloor  Nesto Hypermarket,04-3441122
Hala Pharmacy Llc - Branch 44,SHJ,PHARMACY,,Unit 162 Groundfloor  Sahara Centre,04-3441122
Hala Pharmacy Llc - Branch 46,SHJ,PHARMACY,,- Shop No. 3 Al Shaam Tower Al Tawun,04-3441122
Hala Pharmacy Llc - Branch 51,SHJ,PHARMACY,,Showroom No: 1 Plot 236-236 Al Buhaira Insurance Tower,04-3441122
Hala Pharmacy Llc Br 1-Life,SHJ,PHARMACY,,Km Trading Abu Shaghara Abu Shaghara,06-5485898
Hala Pharmacy Llc Br 2-Life,SHJ,PHARMACY,,Abushaghara Abushaghara Sharjah,06-5759287
Hala Pharmacy Llc Br 3-Life,SHJ,PHARMACY,,"Shop 02, Bufyeer 222 Bldg, Near Al Bustan Hotel Al Qassimiya, Sharjah",06-5501340
Hala Pharmacy Llc Br 4-Life,SHJ,PHARMACY,,Arabian Gulf Street Sharjah Sharjah,06-5627128
Hala Pharmacy Llc Br 6-Life,SHJ,PHARMACY,,Buhaira Corniche Buhaira Sharjah,06-5372761
Hala Pharmacy Llc Br 7-Life,SHJ,PHARMACY,,Za'Abi Bldg. Jamal Abdul Nassar St Sharjah,06-5506126
Hala Pharmacy Llc Br18-Life,SHJ,PHARMACY,,"Shop G2, Salem Tower Plot 430 Near United Arab Bank, Opp To Al Noor Mosque Al Majaz",06-5561718
Hala Pharmacy Llc Branch 27,SHJ,PHARMACY,,Unit No. J-040 Ground Floor Matajer Al Juraina,06-5526718
Hala Pharmacy Llc Branch 33,SHJ,PHARMACY,,Shop Unit No. 1 & 2 Golden Tower Buheirah Corniche,04-3441122
Hala Pharmacy Llc Branch 35,SHJ,PHARMACY,,Shop No.1  Arab Drs Specilst Bldg Al Taawun,04-3441122
Hala Pharmacy Llc-Branch 20,SHJ,PHARMACY,,Unit B051  Sharjah City Centre  Sharjah,06-5226348
Hala Pharmacy Llc-Branch 26 (Life),SHJ,PHARMACY,,"G09 & G10, My City Centre Al Nasseriya",06-5220367
Hala Pharmacy-Life,SHJ,PHARMACY,,Al Qassimia,06-5515213
Haramain Pharmacy (Aster),SHJ,PHARMACY,,Al Nahda Tower Below Al Nahda Nahda Street Nahda,06-5316779
Health First Pharmacy Br 6-Julphar,SHJ,PHARMACY,,"Shop # 1, Ground Floor Sharjah Cooperative Al Sharq St",04-7016008
Health First Pharmacy Shj (Julphar),SHJ,PHARMACY,,"Shop 4-2A, Corniche Next To Subway Restaurant Al Majaz 2",06-5643275
Helal Kalba Pharmacy,SHJ,PHARMACY,,Maryam Rashid Muhham Bldg. Kalba Industrial Area Kalba,09-2776886
Hind Pharmacy,SHJ,PHARMACY,,Near: Al Niyadat Main Traffic Lights  Abu Shagarah,06-5370121
Hussain Pharmacy,SHJ,PHARMACY,,Nr.Giant S/M King Faisroad Abu Shaghara,06-5551804
Ibn Zohr Pharmacy,SHJ,PHARMACY,,Al Fardaan Centre Nearby Al Du Buhairah Corniche Road Buhairah Corniche,06-5567796
Ishaq Bin Omran Pharmacy Llc,SHJ,PHARMACY,,Sheikh Salem Al Qassimi St  Al Qarayyen Area 2,06-5180800
Jabal Jais Pharmacy Llc,SHJ,PHARMACY,,Al Burqan Bldg Shop 3 Sheik Saqr Al Qasmi St Sharjah Industrial Area 4,06-5244292
Janah Pharmacy,SHJ,PHARMACY,,"Ground Floor,Fine Fair Building  Al Majaz",06-5643980
Khalid Pharmacy - Sharjah,SHJ,PHARMACY,,Musabbeh Ahmed R/A Nr Juma Mas Fujairah Road Dhaid,06-8822677
"Lamia Pharmacy ,Shj (Bhatia)",SHJ,PHARMACY,,"Ground Flr,Corniche Postoffice Shuwaiheen Area",06-5680781
Lulu Al Buhaira Pharmacy Llc(Docibgr),SHJ,PHARMACY,,Lulu Hypermarket Al Intifada Street Al Majaz 3,056-5018161
Lulu Al Falah Pharmacy Llc,SHJ,PHARMACY,,Industrial Area Al Wahda Street Al Senaiya,04-2544123
Lulu Al Nahda Pharmacy Llc,SHJ,PHARMACY,,"Gr Flr Lulu Hypermarket, Al Hazana",056-5018178
Majid Pharmacy-Sharjah,SHJ,PHARMACY,,Behind National Bank Of Aud Arouba Street Ghuwair,06-5683422
Medi Prime Al Majaz Pharmacy Llc -Br 1,SHJ,PHARMACY,,"Ground Floor, Zero 6 Mall University City Road Al Jurainah",04-7070999
Medi Prime Al Nahda Pharmacy Llc,SHJ,PHARMACY,,Ground Floor Al Roda Tower Al Etihad Street Al Nahda,04-6079928
Medi Prime Al Qasimiah Phar (In Primeshj,SHJ,PHARMACY,,Near Mashreq Bank Al Qasimia B King Faissal Street King Faissal Street,06-5752200
Medi Prime Pharmacy-Majaz,SHJ,PHARMACY,,"2Nd Floor, Safeer Market King Faisal Street Al Majaz-1",06-504044
Medicina 25 Pharmacy,SHJ,PHARMACY,,Near Riad Medical Center Wasit Street Al Shabha,06-5660741
Medicina Pharmacy 22,SHJ,PHARMACY,,"Safeer Market ,Next To Kalba Health Complex Kalba",09-2770371
Medicina Pharmacy 23,SHJ,PHARMACY,,"Safeer Market, Maliha Road-Sharjah",06-5303980
Medicina Pharmacy 24,SHJ,PHARMACY,,"Al Qasimiya, Al Nad Street",06-5723255
Medicina Pharmacy 31,SHJ,PHARMACY,,City Centre Sharjah Al Ittihad Road Industrial Area 1,06-5246525
Medicina Pharmacy 33,SHJ,PHARMACY,,Emirates National Schools  Al Rahmaniyah 1,06-7448476
Medicom 17(Al Ansar Ph)(Aster),SHJ,PHARMACY,,Ansar Mall Ansar Mall Nahda,06-5313256
Modern Al Riqqa Pharmacy Llc,SHJ,PHARMACY,,Cooperative Society Al Riqqa Sharjah,06-5243214
Modern Bait Al Maqdes Pharmacy,SHJ,PHARMACY,,"Before Al Khan, Wahda Street Wahda Street",06-5552070
Mother Care Pharmacy Llc,SHJ,PHARMACY,,Sharjahcharityinternationalbuilding Sajaa Industrial Area  Sajjah,06-5360122
Mubarak Center Pharmacy,SHJ,PHARMACY,,Al Mubarak Center Rolla Street Rolla Square,06-5638034
Nadeem Pharmacy,SHJ,PHARMACY,,"1St Flr, Nadeem Pharmacy Bldg Al Wasit Street Shahaba Area",06-5387979
Nadeen Pharmacy,SHJ,PHARMACY,,Al Fahad Building - Next To Pi Opp.Traditional Coffee Buhaira Corniche,06-5733311
Nahda Sahara Pharmacy Llc (Novo),SHJ,PHARMACY,,Ground Floor Behind Zulekha Hospital Dubai Al Nahda,06-5244660
Najmat Abu Shagara Pharmacy,SHJ,PHARMACY,,Opposite City Tower Building Near Dr.Ashok Menon Clinic Abushagara,06-5424044
Najmat Al Rolla Pharmacy Llc,SHJ,PHARMACY,,"Ground Floor , Shop - 1,2 Pardha House Building- Rolla S Rolla",06-5559550
Najmat Muwaileh Pharmacy Llc,SHJ,PHARMACY,,Shop No. 1 Bldgno2986  Al Watanyah,06-5220260
Najmat Sahara Al Jadeeda Pharmacy (Novo),SHJ,PHARMACY,,"Al Baha Building,Ground Floor Al Nahda Street Opposite Al Nahda Park",06-5244660
Nassif Pharmacy,SHJ,PHARMACY,,Opp.Madina Market Arouba Street Ghuwair,06-5626780
New Al Wafa Pharmacy (Noora Group),SHJ,PHARMACY,,Al Qassemi Building 17Th St. Kalba Road Sh Faisal Industrialno. 15,06-5353580
New Bin Sina Ph-Mega Mall (Alphamed),SHJ,PHARMACY,,Mega Mall Estiqlal Qassemiya,06-5744066
New City Pharmacy,SHJ,PHARMACY,,G Floor City Pharmact Bldg Opposite Al Buhairah Police Stn Al Majaz 1,06-5593636
Noora Al Jadeeda Pharmacy,SHJ,PHARMACY,,"No.15, Shop # 8 National Paint University Road Industrial No. 15",06-5427878
Noora Pharmacy,SHJ,PHARMACY,,"Caterpillar R/A, Ind Area #3 O Yarmook Yarmook",06-5422188
Orchid Al Rgayeb Pharmacy - L.L.C,SHJ,PHARMACY,,Nesto Hypermarket Al Raqayib Hamadiya,06-5559337
Orchid Pharmacy Alkhan Llc,SHJ,PHARMACY,,Al Khan Palace Building Near By Petrofac Al Khan,06-5559337
Orchid Pharmacy Llc,SHJ,PHARMACY,,Nesto Hypermarket Rashidiya Rashidiya,06-7453030
Oriana Pharmacy,SHJ,PHARMACY,,Manazil Tower 2 Al Khan Street Al Taawun,06-5525770
Palmyra Pharmacy,SHJ,PHARMACY,,Baker 4  New Al Tawuun Rd. Al Tawuun,06-5362100
Peshawar Pharmacy,SHJ,PHARMACY,,2Nd Floor Rolla Mall Rolla,06-5643300
Pharmacy One Llc,SHJ,PHARMACY,,"Al Sharq Street, Al Mirgab Sharjah  Al Mirgab",06-5557040
Planet Pharmacy-Matajer Mall-Julpher,SHJ,PHARMACY,,Matajer Mall Waist Matajer Mall Matajer Mall,06-5534225
Rasha Pharmacy,SHJ,PHARMACY,,Al Ghwair Post Office Tariq Bin Ziyad Street Rolla,06-5625889
Rawabina Pharmacy (Bait Al Maqdes),SHJ,PHARMACY,,Amman Bin Yasir St Nad Street Qassemiya,06-5519654
Razan Pharmacy,SHJ,PHARMACY,,Near Al Qassimi Hospital Al Khazmiya Street Al Khazmiya,06-5388800
Reem Al Nahda Pharmacy,SHJ,PHARMACY,,Bin Ham Bilding Malaka Street Nahda,06-5255825
Reem Pharmacy,SHJ,PHARMACY,,"Deyaar Building , Shop No.5 Near Abu Shagara Par King Faisal Rd",06-5594194
Rukn Abushagharah Pharmacy,SHJ,PHARMACY,,Groundflooralsarkal Near City Centre Supermarket Abushangara,054-3247136
Rukn Al Salam Pharmacy,SHJ,PHARMACY,,Mubarak Building  Sharjah Industrial Area,06-5213535
Rukn Al Ufuq Pharmacy,SHJ,PHARMACY,,"Wediyan Building Near To Umiman Majid, Back Sid Muweilah",06-5500363
Rukn Al Yasmeen Pharmacy,SHJ,PHARMACY,,Flat 33 Rolla Mall  Al Ghuwair Street Rolla,06-5632618
Sahara Al Jazeera Pharmacy Llc(Novo),SHJ,PHARMACY,,Ground Floor Industrial Area 10 Industrial Area,06-5244660
Sahara Life Pharmacy-Life,SHJ,PHARMACY,,"B-04, Next To Spinneys Sahara Centre",06-5566349
Saif Al Khan Pharmacy Llc,SHJ,PHARMACY,,Near Al Durrah Internationalsc Al Khan Street - Industrial Area2,06-5391300
Saifzone Pharmacy,SHJ,PHARMACY,,"Groud Floor, F2-42A Bldg. Opp.  Saif Zone",06-5578471
Salalah Pharmacy,SHJ,PHARMACY,,Al Awadi Building 61147  Rolla,06-5742007
Salem Pharmacy (Aster),SHJ,PHARMACY,,Opp.Salem Tower; Corniche Near Buhairah Corniche Road Buhairah Corniche,06-5736262
Scientific Pharmacy Llc (Novo),SHJ,PHARMACY,,Scientific Builidng Zayed Bin Hareth Street Al Yarmook Area,06-5244660
Sharqan Pharmacy,SHJ,PHARMACY,,Groundfloor Near Al Madeena Supermarket Al Buteena,06-5613505
Starcare Pharmacy Llc,SHJ,PHARMACY,,Near By Rolla Park Al Arowba Street Rolla,06-5611099
Supercare Pharmacy- Sharjah,SHJ,PHARMACY,,Sharjah City Centre Wahda Street Wahda Street,06-5396211
Wajeat Al Khoor Pharmacy-Life,SHJ,PHARMACY,,Riviera Tower Next To Grand Ci Grand Cinema Street Grand Cinema Street,06-5373883
Waseem Pharmacy (Aster),SHJ,PHARMACY,,Dahaco Building Taawan Street Taawun Area,06-5770930
Yafa Pharmacy Llc,SHJ,PHARMACY,,Dream Tower Altawonstreet Al Mamzar,06-5771720
Yas Pharmacy,SHJ,PHARMACY,,"First Class Building,Gf,Near B  Sajah Industrial Area",06-5361256
Yasmin Pharmacy - Sharjah (Noora),SHJ,PHARMACY,,"Building #4, Yasmin Pharmacy O Sharjah Cricket Stedium Industrial No. 6",06-5584662
Zahrat Al Madinah Pharmacy Llc,SHJ,PHARMACY,,Fathima Safe Building Near Kanary Clinic Heikh Mohammad Bin Zayed Road,06-5327075
Zam Zam Pharmacy,SHJ,PHARMACY,,Jamal Abdulla Building Nationpaints Street Industrial No. 15,06-5357141
Emirates Medical Center Llc,SHJ,CLINIC,,Rashid Sultan Bldg M Floor King Faisal Street Abu Shagarah,06-5551666
Sheikh Khalifa Specialty Hospital,RAK,HOSPITAL,,119 Exit Sheikh Zayed Road Al Shohadaa Road Ras Al Khaimah,07-2010370
Al Soor Specialist Clinic,SHJ,CLINIC,,"503,Mina Road Shk Khalid Abdulaziz Bin Mohd Al Soor Area",06-5512913
Super Care Pharmacy Llc Branch,SHJ,PHARMACY,,"Al Fahidi, Khalid Bin Al Waleed Road Central Mall",04-5488857
City Life Pharmacy Llc Branch Sharjah,SHJ,PHARMACY,,Shop 04 Al Mamzer Tower Al Taawun,04-3441122
Hala Pharmacy Llc -Br 38-Life,SHJ,PHARMACY,,Unit No. G-025 Ground Floor Al Zahia City Centre,04-3441122
Hala Pharmacy Llc Br 40- Life,SHJ,PHARMACY,,"Unit No. G07 To G 13 Al Ameer Tower, Ground Floor Al Nahda",04-3441122
Hala Pharmacy 43-Life,SHJ,PHARMACY,,Unit 1 & 2 Muweliah Commercial Muweliah,04-3441122
Super Care Pharmacy Shj Br 3,SHJ,PHARMACY,,"Ground Floor, Entrance B City Center Al Zahia Al Zahia",06-5463247
Hala Pharmacy Br 47-Life,SHJ,PHARMACY,,Unit No. G 01 & 02 Lulu Hypermarket Al Muweilah,04-3441122
Hala Pharmacy Br 45-Life,SHJ,PHARMACY,,Shop 9 Juma Al Majid Building Al Nahda,04-3441122
Hala Pharmacy Br 48-Life,SHJ,PHARMACY,,Shop 3 & 4 Ground Floor Diamond Plaza 2 Al Majaz,04-3441122
Nadeem Medical Centre,SHJ,CLINIC,,"1St Flr, Al Talaa Bldg Al Wasit Street Shahba Area",06-5387979
Life Pharmacy Br Sharjah,SHJ,PHARMACY,,Shop No. 3-5 Nesto Hypermarket Al Khan,04-3441122
Hala Pharmacy 55,SHJ,PHARMACY,,"Shop 01, Ground Floor Al Shamsi Building Muweliah Commercial Area",04-3441122
Hala Pharmacy Br 52,SHJ,PHARMACY,,"Shop 13 & 14, Plot No. 3088 Muweliah Bldg. Muweliah Commercial Area",04-3441122
Hala Pharmacy 56,SHJ,PHARMACY,,Showroom 1 Al Gharfi Building Al Buhairah Corniche,04-3441122
Aster Al Suwaihat Medical Center,SHJ,CLINIC,,Sharjah Coop Bldg Gf Wasit Street Al Sweihat,06-5210102
Aster Pharmacy Sweihat,SHJ,PHARMACY,,Shop No.3 Sharjah Co-Operative Society Sweihat,06-5465240
Hala Pharmacy Br 37,SHJ,PHARMACY,,Shop 20 Gf Al Sharq Complex Al Buteena,04-3441122
Life Pharmacy Shj Br Branch 2,SHJ,PHARMACY,,Shop 7 Plot 17/696 Bukhatir Square One Bldg Muweliah Commerical Area,04-3441122
Life Pharmacy Shj Br Branch 1,SHJ,PHARMACY,,Shop 1 Al Madina Shopping Center Muweilah Commercial Area,04-3441122
Super Care Pharmacy Br 2 Al Majaz,SHJ,PHARMACY,,Shop 5 Sarh Emarat Tower Corniche Al Majaz 1,04-3504500
Primecorp Medical Center Shj 1,SHJ,CLINIC,,Shop 1 Al Roda Towe 2 Makala St Al Nahda,04-7070999
Grand Hamad Pharmacy (Nmc),SHJ,PHARMACY,,Asswailem Tower Al Ithihad Street Al Nahda,06-5544050
NMC Royal Hospital Sharjah Pharmacy,SHJ,PHARMACY,,Clock Tower Square,06-5619999
Hamad Pharmacy (Nmc),SHJ,PHARMACY,,Shaba Complex Building Shahba Basid Road Shahba,06-5582800
New Medical Centre Ph (Nmc),SHJ,PHARMACY,,Next To Crystal Towers Bel Ras Corniche Buhairah Road Buhairah Corniche,06-5974180
Sharjah Pharmacy (Nmc),SHJ,PHARMACY,,Al Ghwair Building Arouba Street Ghuwair,06-5623850
Hamad Al Ihterafeya Pharmacy Llc,SHJ,PHARMACY,,"Sunny Maysloon Speciality Medi Near Lulu Hypermarket May Saloon, Kuwait Strt",06-5014700
Hamad Al Mumayazah Pharmacy Llc,SHJ,PHARMACY,,"Sunny Sharqan Medical Centre B Al Sharqan Extension Al Arouba Street,Towards Ajman",06-5238054
Hamad Al Oula Pharmacy Llc(Nmc),SHJ,PHARMACY,,"Sunny Halwan Speciality Medica Opposite Al Qasmia Hospital Wasit Street, Shahba",06-5061600
Nmc Pharmacy Ltd Br1,SHJ,PHARMACY,,Kakooli Tower Nmc Clinic Buhaira Police Stn Al Majaz,06-7410907
Bright Smile Dental Center,SHJ,DENTAL,,Al Teneiji Bldg. Room 302 Next To Super Bonanza Market Muweillah Commercial,06-5613333
Rez - Al Zahia City Centre,SHJ,OPTICAL,,"A-109 ,Level 2, Entrance H Parking Zone H Al Zahia City Centre",06-5420063
Alexis Zulekha Pharmacy Nasserya,SHJ,PHARMACY,,Al Zahra St.  Al Nasserya,06-5060197
Alexis Pharmacy,SHJ,PHARMACY,,Muweilah Commercial  Muweilah,06-5060397
University Hospital Pharmacy Sharjah,SHJ,HOSPITAL PHARMACY,,Nr American Univ Sharjah University City Road University Area,06-5058555
Medcare Hospital Pharmacy - Shj Br,SHJ,HOSPITAL PHARMACY,,Medcare Hospital Llc - Shj Br Splash Fashion Outlet King Faisal Street,06-5949705
Life Pharmacy 25 Express Clinic,DXB,CLINIC,,Ajsm Investment Bldg 452 C St Al Karama,04-3441122
Enjab Hospital Day Care Pharmacy,SHJ,HOSPITAL PHARMACY,,"Al Durrah Building, 6Th Floor, Corniche Street Buhaira Corniche Road",06-5553717
W. Wilson Specialized Hospital Pharmacy,SHJ,HOSPITAL PHARMACY,,Opp. Al Taawon Shopping Center Taawan Street Opp. Taawon Mall,06-5771757
Burjeel Specialty Hospital Pharmacy,SHJ,HOSPITAL PHARMACY,,Opp Lulu Hyper Market Al Fayha Sharjah,06-5075000
Zulekha Hospital Pharmacy,SHJ,HOSPITAL PHARMACY,,Nasseriya Street Al Zahra Street (Side St) Near Al Nassiriya Driving Sch,06-5060183
Central Private Hospital Pharmacy,SHJ,HOSPITAL PHARMACY,,"Clock Tower, Zahra Square Sheikh Zayed St Maysaloon",06-5639900
Saudi German Hospital Pharmacy - Sharjah,SHJ,HOSPITAL PHARMACY,,Oppalqudsmosque Intersection Sharjah,04-3890045
Al Noor Al Saate Pharmacy,SHJ,PHARMACY,,Shop 1 Sabah Al Noor Mc Bldg. King Faisal Road Abu Shagrara,06-7424144
United Pharmacy Al Zahiah,SHJ,PHARMACY,,Shop 2 Level 2 Zahia City Cnt Zahiah City Center Muweilah,04-3441122
Aster Pharmacies Shj Br 4,SHJ,PHARMACY,,Shop 22 & 23 Sajah Mall Ali Moosa St. Sajah,06-5466057
Aster Pharmacies Kalba,SHJ,PHARMACY,,P25 Sajidha Hypermarket Al Wahda St. Kalba,09-6061832
Sheikh Shakhbout Medical City-Seha (No Dental Services On Direct Billing),AUH,HOSPITAL,,Al Mafraq  Al Mafraq,800-50
Life Pharmacy Llc Shj Branch 7,SHJ,PHARMACY,,Shop 4&5 Al Abar Bldg. Halwan Street Al Abar,04-3441122
United Pharmacy Al Zahiah Br 1,SHJ,PHARMACY,,Shop No 1 King Andul Aziz St Al Nad,04-3441122
Ibn Sina Pharmacy  37,SHJ,PHARMACY,,Zero 6 Mall University City Road Al Juraina,06-5420283
Ibn Sina Al Rahmaniah Pharmacy,SHJ,PHARMACY,,Rahmania Mall  Kshishah 6,06-5300039
Ibn Sina Al Zahiah Pharmacy,SHJ,PHARMACY,,Al Zahia City Center Mall  Al Zahia,06-5550534
Ibn Sina Pharamcy Br 1 Kalba Mall,SHJ,PHARMACY,,Kalba Mall  Kwar Kalba,09-2341273
Ibn Sina Pharmacy Br Shc,SHJ,PHARMACY,,Sharjah Healtcare City  Al Rahmaniya,06-5388357
Kkt International Medical Center,SHJ,CLINIC,,1047 Al Batha Tower 283 Corniche St. Al Majaz 1,06-5658880
Jesr Al Shifa Pharmacy,SHJ,PHARMACY,,Qadesia Tiger Bldg. Al Nahda Street Al Nahda 1,06-5242042
Zulekha Medical Center Al Khan,SHJ,CLINIC,,The Gate Tower 1St Floor Expo Center Sharjah Al Khan,06-5060499
Access Al Sajaa Clinic,SHJ,CLINIC,,Shop 25-26 Al Sajaa Mall Al Sajah Industrial Area Al Sajaa,06-7678795
Zulekha Pharmacy Al Khan,SHJ,PHARMACY,,The Gate Tower 1St Floor Expo Center Sharjah Al Khan,06-5060499
Life Pharmacy  Shj Br 3,SHJ,PHARMACY,,"Unit No: M21, M22, & M23, Misk 1, Aljada.Sharjah,Uae",04-3441122
Life Pharmacy  Shj Br 6,SHJ,PHARMACY,,"Shop No: 04,  Malik Fisal Building, Plot No: 336, King Fisal Street,Sharjah",04-3441122
Thumbay Medical & Dental Speciality Center,SHJ,CLINIC,,Next to National Paint R/A Muwailah Bus Station Area Muwailah Commercial,06-5358111
Thumbay Clinic Kalba,SHJ,CLINIC,,Thumbay Clinic Bldg Near Al Wahda Street Al Kalba,06-2773337
Thumbay Hospital Daycare- Muwailah1,SHJ,DAY CARE,,Thumbay Day Care Blgd University City Rd Muweilah,06-5449444
Thumbay Clinic -Abu Shagara,SHJ,CLINIC,,Behind City Max Hotel Al Wahda-1 Abu Shagara,06-5523177
Family Dental Center,SHJ,CLINIC,,F 106 Next to crystal Plaza Buhairah Corniches St Al Majaz,055-5777126
Thumbay Pharmacy LLC Branch 3,SHJ,PHARMACY,,Thumbay Medical & Dent Blgd National Paint R/A Muwailah,06-5356497
Dar Al Kamal Pharmacy,SHJ,PHARMACY,,Al Sharq St Al Heerah Suburb Al Fisht,06-5997777
Basmat Al Hayat Medical Center,SHJ,CLINIC,,Flat No 1102-1107 Sarh Al Emarat Tower Al Majaz Buhairah Corniche St,06-5597444
Basmat Al Hayat Medical Center Muwaileh,SHJ,CLINIC,,Showroom 7 Sheikh Khalifa Al Nahyan St Muwaileh Area,06-5597444
Al Fen Physiotherapy Center,SHJ,CLINIC,,7th Floor Tower C Alrayaan Home Complex Al Nahda,06-8812770
Happy Way Medical Center,SHJ,CLINIC,,3rd Floor Residence 7 Building Opp KM Trading Al Rolla Street,06-5300540
Sila Hospital-Seha (No Dental Services On Direct Billing),AUH,HOSPITAL,,Western Region Western Region Western Region,02-8835000
Al Khaleej Medical Centre,UMQ,CLINIC,,"Ground Floor, Sheikh Ibrahim B King Faizal Road Raas",06-7651212
Dr. Sunny Medical Centre Llc,UMQ,CLINIC,,Shop No 1 Next To Nissan Showroom King Faisal Road,06-7666933
Al Noor Clinic (Uaq),UMQ,DENTAL,,"Office # 101, 1St Floor, Above Jumbo Electronics, Sheikh Rashid Building, Near Flag Roundabout Jamia Street Riqqah",06-7646373
Al Mulla Pharmacy-Life,UMQ,PHARMACY,,"Carrefour Express, Shop# 6 King Faizal Road King Faizal Road",06-7647364
Al Safa Pharmacy,UMQ,PHARMACY,,City Mall   Al Salama Street  Industrial Area,06-5231834
Health First Pharmacy 28-Julphar,UMQ,PHARMACY,,Saeed Muhamed Al Masafri Bldg Near Old Souq King Faisal St,06-7656180
Lulu Center Pharmacy Llc,UMQ,PHARMACY,,Near National Bank Of Uaq Mall Of Uaq King Fiazal Street,050-1073671
Medicina Pharmacy 38,UMQ,PHARMACY,,Safeer Hypermarket  Al Salamah,06-5725689
Medicom 33 Uaq,UMQ,PHARMACY,,"Al Salama Roundabout ,Umm Al Quwain",06-7650014
Medicom Pharmacy - 26 (Aster)(Moopens),UMQ,PHARMACY,,Al Manama Mall King Faizal Road King Faizal Road,06-7649734
Salma Pharmacy (Nakheel Group),UMQ,PHARMACY,,Al Salamah A Building Rak-Dubai Road Rak-Dubai Road,06-7671162
Tajeran Pharmacy - Al Khaleej,UMQ,PHARMACY,,King Faisal Street Al Khaleej Med. Bldg Near Uaq Hospital,06-7652291
Umm Al Quwain Pharmacy(Julphar Grp),UMQ,PHARMACY,,Middle East Bank Building Uaq Main Road Uaq Main Road,06-7656180
Sheikh Khalifa General Hospital Pharmacy,UMQ,HOSPITAL PHARMACY,,Oop.Ministry Of Social Affairs Al Salama Street Umm Al Quwain,06-7061111
Yasmed Pharmacy Uaq,UMQ,PHARMACY,,Yasmed Bldg. Hot Pack R/A New Industrial Area,06-5299064
Yasmed Medical Center Uaq,UMQ,CLINIC,,Yasmed Bldg. Hot Pack R/A New Industrial Area,06-5299064
Life Pharmacy Branch 1 Ncc,UMQ,PHARMACY,,Shop 1&2 New Commercial Complex Al Salama St.,04-3441122
Life Pharmacy Llc Br 2,UMQ,PHARMACY,,Uae Exchage Showroom King Faisal St Al Raas 2,04-3441122
Thumbay Clinic UAQ,UMQ,CLINIC,,Majid Al Awal R/A King Faisal street Al Raas,06-7051533
Crystal Family Dental Care,UMQ,CLINIC,,M-01 Jwahara Building Opp to New UAQ Mall,05-5777126
Aster Medical Center Br UAQ,UMQ,CLINIC,,Al Masa-2 Building Ground Floor King Faisal Street Green Belt,06-5770288
Aster Pharmacy Uaq Br,UMQ,PHARMACY,,Shop 1 Al Masa Tower King Faisal St Al Makta Area,06-5275126
Thumbay Hospital Ajman,AJM,HOSPITAL,,Near United Arab Bank Sheikh Jaber Al Sabah St Al Nuamiya 1,06-7463333
Prime Medical Centre,DXB,CLINIC,,Reef Mall 2nd Floor Salahuddin Street Deira,04-2720720
Thumbay Pharmacy LLC Branch 6,SHJ,PHARMACY,,Next to Adnoc Petrol Station University City Road,06-5356789
Thumbay Pharmacy 14,AJM,PHARMACY,,Bader Street Near Ladies Park Thumbay Clinic Building,06-7475091
Thumbay Pharmacy 18,AJM,PHARMACY,,Thumbay Dental Hospital Building Rashid Al Khadar St Al Jurf 1,06-7119111
Thumbay Pharmacy LLC Branch 11,SHJ,PHARMACY,,Obeid Saeed Building Al Wahda St S116 Abu Shagara,06-5525370
Thumbay Pharmacy 8,UMQ,PHARMACY,,Shop 5 Next to Lulu King Faisal Road Al Raas,06-7051544
Thumbay Pharmacy 7,RAK,PHARMACY,,Thumbay Clinic Building Al Jaza Street Al Nakheel,07-2267190
Thumbay Pharmacy Deira,DXB,PHARMACY,,Al Ghurair Building Al Muteena St Deira,04-2512929
Ibn Sina Pharmacy LLC Branch 7,AUH,PHARMACY,,1st Floor Bawabat Al Sharq Mall,02-5864016
Ibn Sina Pharmacy LLC Branch 10,AUH,PHARMACY,,16th St Ground Floor Capital Mall Musaffah,02-5539092
Binsina Pharmacy Al Falah,AUH,PHARMACY,,The Galleria Level 2 R2 Parking Al Falah St,02-4919745
Ibn Sina Pharmacy LLC Branch 18,AUH,PHARMACY,,Sector C Shop - G12 Al Falah Village 3,050-6347492
Ibn Sina Pharmacy LLC Branch 20,AUH,PHARMACY,,West Street Number 7 Corniche Road,02-4480650
Ibn Sina Pharmacy LLC Branch 21,AUH,PHARMACY,,Souq Al Jami Sheikh Zayed Grand Mosque Rd Al Khaleej Al Arabi St,02-6724141
Ibn Sina Pharmacy LLC Branch 27,AUH,PHARMACY,,Yas Mall Al Maha Street Yas Island,050-1200732
Ibn Sina Pharmacy Al Danah,AUH,PHARMACY,,Silver Tower Zone 1 Al Danah,050-4864457
Ibn Sina Pharmacy Al Manhal,AUH,PHARMACY,,Al Manhal,02-8870931
Ibn Sina Pharmacy Rabdan,AUH,PHARMACY,,Al Qana St Rabdan,02-6768324
Bin Sina Pharmacy - Al Dhaheri,AUH,PHARMACY,,The Galleria Al Maryah Island Concourse Area107 Al Dhaheri St,02-6438780
Rivoli Eyezone Dubai Mall,DXB,CLINIC,,135 First Floor Opp Lasenza Fashion Avenue Dubai Mall,04-3200257
Rivoli Style 88 DFC,DXB,CLINIC,,AT-028 First Floor Opp Ikea Entrance Dubai Festival City,04-2710580
Rivoli Eyezone Abu Dhabi Mall ( Magrabi),AUH,OPTICAL,,B71 First Floor Main Entrance Tourist Club Abu Dhabi Mall,02-6410017
Rivoli Avanti -Yas Mall (Magrabi),AUH,OPTICAL,,G 170A Opposite Rivoli Watches Fashion Entrance Yas Mall,02-5650440
Yas Medical Center,SHJ,CLINIC,,First Class Building Sajah Industrial Area,054-7029616
Al Afdal Medical Center,AUH,CLINIC,,Building 982 Office M4 Mina St Al Zahiyah,02-6355325
Gaelan Medical Care One Day Surgery Hospital,SHJ,DAY CARE,,O Floor A Block  Al Maha Tower Al Tawoon,800423526
Emirates International Medical Center Al Khan,SHJ,CLINIC,,M Floor Bin Dhaen Tower Al Khan Area Al Qasba Canal Sharjah Islamic Bank Tower,06-5226108
Gaelan Pharmacy,DXB,PHARMACY,,Al Hebiah Fourth Dubai Sports City,04-8876231
Right Choice Health  Pharmacy,AUH,PHARMACY,,Flat No 32 Building 43 Abu Al Hinna St 3 Indutrial Area Musaffah 10,02-4917599
Universe Pharmacy,AUH,PHARMACY,,C54 Near Rich And Fresh Market Muhamad Bin Zayed City Shabiya 12,02-6327992
Thumbay Hospital Fujairah,FUJ,HOSPITAL,,Next to Fujairah Stadium Football Club,09-2244233
Phoenix Hospital Pharmacy L.L.C,AUH,HOSPITAL PHARMACY,,"Mohamed Bin Zayed City ME-10,Musaffah",02-6151515
Thumbay University Hospital Complex,AJM,HOSPITAL,,Thumbay Medical City University St Al Jurf,06-770555
Millennium Hospital Pharmacy,AUH,HOSPITAL PHARMACY,,C175 ME 9 Shabia 9 Near Al Ain University Mussafah,02-5649409
Dr Tazyeen Gynae & Polyclinic,DXB,CLINIC,,Flat No 806 Detroit House Building Opp Union Corp Motor City,04-3746922
Umm Al Quwain Hospital (Moh),UMQ,HOSPITAL,,"Al Diwan Road, Al Rass, Near Etisalat Business Centre Umm Al Quwain",06-7060500
University Hospital Sharjah,SHJ,HOSPITAL,,Nr American Univ Sharjah University City Road University Area,06-5058555
Deep Ocean Pharmacy,AUH,PHARMACY,,Shop 8 Al Wahda Club Al Zahiya St Tourist Club Area,02-6455089
Medical Imaging Diagnostic Center Medic,DXB,X RAY LABORATORY,,2nd Floor Hamsah Building Ansar Gallery Mall Karama,04-3885000
SSMC Tower Pharmacy,AUH,PHARMACY,,GF Sheik Shakhbout Medical Ghweiat International Highway Al Mafraq,02-3144660
Suha Medical Center Al Bidya,FUJ,CLINIC,,Saleh Mofleh Ali Asyoud Bldg Ground Floor,09-2233360
Suha Medical Center Al Hayl,FUJ,CLINIC,,Bldg 61 Ground Floor Opp Power Plus Cable,09-2282466
Suha Pharmacy Bidya,FUJ,PHARMACY,,Bldg Salh Mofleh Ali Asyoud Shehhi Sheikh Zayed Bin Sultan Al Nahyan Rd Bidya,09-2233370
Suha Pharmacy Al Hayl,FUJ,PHARMACY,,61 Ali Musabah Ali Muhanna Alkaabi Mohamed Bin Zayed City Al Hayl,09-2282466
Thumbay Clinics SPS LLC,AJM,CLINIC,,Thumbay Medicity Al Jurf,06-7705555
Wellness Medical Center,UMQ,CLINIC,,Grd Flr Ar Raffa Badami Bldg Al Manzel Marine New Industrial Area,06-6786664
Icare Oasis Branch of Excel Healthcare,DXB,CLINIC,,Fl No 206-207 Sh Zaid Road Oasis Centre,04-5185666
Icare Garden Branch of Excel Healthcare,DXB,CLINIC,,Ground Floor Zen2 Building Discovery Gardens,05-64306350
Icare Al Reffa Br of Excel Healthcare,DXB,CLINIC,,Ground Floor Al Rafaa Building C Mankhool,04-3872555
Canadian Specialist Hospital Clinics LLC,DXB,CLINIC,,2nd Floor Al Ghurair Centre Al Rigga Road Deira,04-7072222
Zulekha Hospital,SHJ,HOSPITAL,,"Near Al Nasserya Driving School, Al Zahra St.",06-5658866
Sheikh Khalifa Hsp Fujairah Pharmacy,FUJ,PHARMACY,,1 Sheikh Khalifa Hospital Fuj Al Faseel St,09-2097777
Wellness Pharmacy,UMQ,PHARMACY,,Grd Flr Ar Raffa Badami Bldg Al Manzel Marine New Industrial Area,06-6786664
Canadian Specialist Hospital Pharmacy,DXB,PHARMACY,,2nd Floor Al Ghurair Centre Al Rigga Road Deira,04-7072222
Life Pharmacy Br 16,AUH,PHARMACY,,ADCB Building Razeen St P178 Al Nahyan,04-5615691
Life Pharmacy Br 50,AUH,PHARMACY,,Ist Fl C1 Shop 7 MQ8 Al Dhaid St Rabdan Mall Rabdan,04-5615624
Prime specialist Medical Center LLC Br 2,SHJ,CLINIC,,Rahmaniya Mall Abu Amr Al Basri Street Kshishah 6,04-7070999
Premier Diagnostic Center Almizhar,DXB,LABORATORY,,Basement Arabian Center Al Khawaneej Street Al Mizhar 1,04-7070999
Prime Medical Center Dubai Airport,DXB,CLINIC,,Dubai Airport Terminal 3 Arrivals Al Garhoud,04-7070999
Medi Prime Al Majaz Pharmacy Br 2,SHJ,PHARMACY,,Rahmaniya Mall Abu Amr Al Basri Street Kshishah 6,04-7070999
Primecorp Medical Center Dip Pharmacy,DXB,PHARMACY,,Dewa Building Jebel Ali Power Plant Jebel Ali Second,04-7070999
Life Medical Center -01-Ajman,AJM,CLINIC,,Unit B59 Ground Floor Ajman City Centre,04-3441122
Smart Life Medical Centre LLC,SHJ,CLINIC,,Nasma Central Community Nasma Residence Al Suyoh,04-3441122
Life Medical Center 6 Br Deira,DXB,CLINIC,,Next to fitness first Deira City Centre,04-3441122
Pic Pax Neu Pharmacy,DXB,PHARMACY,,Naif Arcade Building Shop 13 Naif,04-2889955
Bida Al Oshanah Clinic,AUH,CLINIC,,Zayed City Western Region,02-6023882
Adnoc HQ Clinic,AUH,CLINIC,,Adnoc Building Corniche Street,02-6023882
ADC Tariff Central Camp Clinic,AUH,CLINIC,,ADC Tariff Central Camp Al Dhafra,02-6023882
Qusahwira Pharmacy,AUH,PHARMACY,,Adnoc Site Pharmacy,02-6023882
Zulekha Hospital-Dubai,DXB,HOSPITAL,,"Nearby Al Mulla Plaza,Nahda Street",04-2678866
Mirdif Private Hospital Pharmacy,DXB,PHARMACY,,HMS Mirdif Hospital Bldg Al Mizhar 1 Al Mizhar,04-4553278
Apollo Clinic LLC,DXB,CLINIC,,Grd Floor Al Arti Building Zabeel Street Al Karama,05-42896804
A P L Pharmacy,DXB,PHARMACY,,Grd Floor Al Arti Building Zabeel Street Al Karama,05-42896804
Aster Royal Clinic Springs Souk,DXB,CLINIC,,FF-24 FF-25 First Floor spring souk,04-4400500
Life 119 Pharmacy Express Clinic,DXB,CLINIC,,Shop 02 Sobha Hartland The Terrace Residence Nad Al Sheba 1,04-3441122
Life Pharmacy 125 Express Clinic,DXB,CLINIC,,Dar Mira Residence Al Meydan Rd Nad Al Sheba 1,04-3441122
Life Pharmacy 44 Express Clinic,DXB,CLINIC,,Shop # 109 Oasis Mall Al Quoz 1,04-3441122
Health First Pharmacy 53,RAK,PHARMACY,,Bab Al Bahar Yakout Bldg Marjan Island  Blvd Towards Umm Al Quwain,07-2435406
Health First Pharmacy Br 7,SHJ,PHARMACY,,Shop K05 To K07 Matajer Mall Opp Carrefour Al Khan,06-5285143
Central Pharmacy,RAK,PHARMACY,,Gulf Pharmaceutical Industries Airport Rd Near RAK Zoo Digdaqah,07-2440528
Health First Pharmacy Branch 8,SHJ,PHARMACY,,Shop # M008B Matajer Mirghab,06-5462537
Health First Pharmacy Branch 9,SHJ,PHARMACY,,Ground Flr Suyouh Mall Al Riqaibah 3 Al Suyoh Suburb,06-5523937
Health First Pharmacy Branch 10,SHJ,PHARMACY,,Bldg 21 Shop 1 & 2 Opp Emirates Flagpole Square Corniche St Dibba Al Hisn,09-2347880
Health First Pharmacy 59 Fujairah Br,FUJ,PHARMACY,,Unit 3 & 4 Al Hayl Mohammed Bin Zayed City,09-2385714
Health First Pharmacy Sole Proprie Br 1,AJM,PHARMACY,,Shop 19 & 20 Inside Nesto Hypermarket Mushrif Ittahad St Rashideya 1,06-7653695
Health First Pharmacy 62,UMQ,PHARMACY,,Shop G11 & G12 Union Coop Al Salamah Umm Al Quwain,06-5365107
Health First Pharmacy Branch 11,SHJ,PHARMACY,,Shop 03 Al Dhaid Mall Hisn Square,06-5232186
Health First Pharmacy 63,RAK,PHARMACY,,Retail # 10B & 11B Inside Al Aswaq Hypermarket Al Dhait St Khalifa Bin Zayed,07-2081966
Health First Pharmacy Br 12,SHJ,PHARMACY,,Shop 4 Sharjah Coop Al Khuroos,06-5240865
Health First Pharmacy 30,DXB,PHARMACY,,Shop 30 Akoys Community Centre Umm Nahad First,04-2523591
Health First Pharmacy 2,DXB,PHARMACY,,Shop 5 & 6 Inside Aswaaq Nad Al Sheba 4 Ras Al Khor,04-3264234
Mumtaz Al Noor Express Pharmacy LLC,DXB,PHARMACY,,Sulthan Bldg Plot #463-0 Al Baraha,04-2579576
Health First Pharmacy 58,DXB,PHARMACY,,Unit 08 Mirdiff Avenue Mall 78th Street Mirdiff,04-5913880
Al Barsha Al Noor Polyclinic Pharmacy,DXB,PHARMACY,,3rd Flr Elite Business Centre Al Barsha 1,04-3315197
Innovation Family Pharmacy LLC,DXB,PHARMACY,,632B 632A Villa Corner Teslaama St Umm Suqeim Jumeirah 3,04-3417924
Abeer Al Noor Polyclinic Pharmacy,DXB,PHARMACY,,UN 31 Abeer Al Noor Polyclinic Grand Mart Mall Muhaisna 2,04-3298661
Amber Pharmacy,DXB,PHARMACY,,"Shop5A, Qusais Manzil Bldg Shaikh Colony Al Qusais 1",04-3558458
Health First Pharmacy 57,DXB,PHARMACY,,Unit 6 Sheraton Jumeirah Beach Resort Al Mamsha Road Marina,04-5468891
Health First Pharmacy 60,DXB,PHARMACY,,11A 2nd Flr Emirates HQ Galhoud Deira,04-7187442
Duraiya Kamal Medical Clinic Pharmacy,DXB,PHARMACY,,1st Flr 105 Al Gaz Bldg Next To Habib Bank Baniyas Sq Al Maktoum,04-2272289
Health First Pharmacy 64,DXB,PHARMACY,,Shop # 8 Airport View Bldg Al Garhoud,04-3805045
Health First Pharmacy 55,DXB,PHARMACY,,G03-B Blk B Bldg 27 Ibn Sina 27B Dubai Healthcare C,04-5776210
Health First Pharmacy 61,DXB,PHARMACY,,Retail #06 Viridis Tower B Damac Hills 2,04-2286011
Amber Pharmacy LLC Br,DXB,PHARMACY,,"Bldg 1084, Shop 3 Masakeen Al Muteena 03 Al Muteena St Deira",04-2692307
Health First Pharmacy LLC Br 15,AUH,PHARMACY,,1st Flr Shop 91 Bawabat Al Sharq Mall Baniyas East 5th St,02-5851992
Al Shualla Pharmacy,SHJ,PHARMACY,,Shop R027 Al Zahia Uptown Al Muwilah Commercial,06-5736587
Aster Pharmacies Group LLC Fujairah Br 2,FUJ,PHARMACY,,Shop # R-02 Fujairah Twin Towers Mraisheed Rd Mraisheed,09-2348765
Aster Pharmacies Group LLC  Shj Br 7,SHJ,PHARMACY,,Shop # 6 Suyoh Mall Al Suyoh Suburb Maliha St Al Ruqayba 4,06-5263317
Aster Pharmacies Group LLC  Shj Br 8,SHJ,PHARMACY,,Shop # 1 Crescent Tower Corniche St Al Majaz 3,06-5755178
Zest Wellness Pharmacy LLC Shj Br,SHJ,PHARMACY,,Shop # 3 Spinneys Sharjah Limited Bldg King Faisal St Al Majaz 1,06-5270457
Aster Pharmacies Group LLC Shj Br 6,SHJ,PHARMACY,,Shop # 10 Bldg 148/696 New Muwelah Commercial Muwelah,06-5748975
Aster Pharmacy 174,DXB,PHARMACY,,G 03 Tag Retail Hub 01 Al Hebiah Fourth Dubai Sports City,04-4486271
Aster Pharmacy 179,DXB,PHARMACY,,S07 R1083 Al Wasl Village Al Rayhan St Al Qusais Indus Area 5,04-2207653
Aster Pharmacy 208,DXB,PHARMACY,,Shop # 6 Ground Flr Curve By Sentro Al Barsha South Third,04-3578436
Aster Pharmacy 181,DXB,PHARMACY,,R04 Park Heights  Sq1 Hadaeq Sheihk Mohammed Bin Rashid Dubai Hills,04-2632594
Medcare Medical Centre The Valley Phar,DXB,PHARMACY,,Shop # 11 & 12 The Valley Pavilion Al Ain Rd Al Yufrah 1,04-3291310
Aster Royal Clinic Springs Souk Pharmacy,DXB,PHARMACY,,Shop FF 24 & FF 25 Spring Souk Al Thanyah Forth,04-3288352
Aster Pharmacy 178,DXB,PHARMACY,,Shop # R02 West Ave Al Gharbi  St Marina Marsa,04-2950979
Medcare Medical Centre Nad Al Sheba Ph,DXB,PHARMACY,,Shop # G 013 Ground Floor Nad Al Sheba 3 Nad Al Sheba,04-3092900
Aster Pharmacy 195,DXB,PHARMACY,,Shop # 3 Pink Bldg 7 Jebel Ali Village Ibn Batuta St The Gardens,04-5725507
Medcare Medical Centre Al Furjan West Ph,DXB,PHARMACY,,Shop # 1 Jabal Ali First Al Furjan West Pavilion,04-5513796
Aster Pharmacy 187,DXB,PHARMACY,,Shop # 8 Zen 3 Bldg  Street 1 Discovery Gardens Jabal Ali First,04-5519467
Aster Pharmacy 171,DXB,PHARMACY,,Shop # B6 RDK1190 Bldg B Green Community Village Dubai Investment  Park First,04-2516452
Aster Pharmacy 186,DXB,PHARMACY,,Shop # 1 Seven Palm Hotel Apartments The Palm Jumeirah,04-2688710
Aster Pharmacy 183,DXB,PHARMACY,,Shop # 2 Art Heights Al Nahar 2 St Al Thanyah 1st Barsha Heights,04-2679073
Aster Pharmacy 189,DXB,PHARMACY,,Shop # 6 Silicon Heights 2 Bldg Dubai Silicon Oasis,04-8324564
Aster Pharmacy 166,DXB,PHARMACY,,Shop #5 Azurite Tower Ibn Al Zahrawi St Al Jaddaf,04-2272851
Aster Pharmacy 194,DXB,PHARMACY,,Shop # 1 Creek Vistat Tower B Shoba Hartland Al Merkadh Nad Al Sheba 1,04-5750742
Medicom Pharmacy 1,DXB,PHARMACY,,SG 162 Ext Of Dubai Outlet Mall Madinat Hind 1,04-5721034
Aster Pharmacy 191,DXB,PHARMACY,,Shop # 1 Elite Downtown Residence 1 School St Burj Khalifa Downtown,04-5700402
Aster Pharmacy 185,DXB,PHARMACY,,Shop # 1 Ground Floor Binghatti Gateway Al Jaddaf,04-2665280
Aster Pharmacy 196,DXB,PHARMACY,,Retail 20 Azizi Riviera 5 Shoba Hartland Al Merkadh Nad Al Sheba 1,04-5702313
Aster Pharmacy 177,DXB,PHARMACY,,Shop # 6 &7 Raja Building Opp Skycourt Tower B Wadi Al Safa Dxb Land Residence,04-2575216
Aster Pharmacies Group LLC ( DMCC Br ),DXB,PHARMACY,,Shop # 5 Ground Flr Me Do Re Residential Tower Cluster L JLT,04-5917109
Zest Pharmacy 1,DXB,PHARMACY,,Shop # 9 Al Thanyah Center Waitrose Thanya Al Thanya St Umm Al Sheif,04-8246485
Aster Pharmacy 211,DXB,PHARMACY,,Shop # 11 Ground Flr Azizi Rivera 44 Al MERKADH Nad Al Sheba 1,04-3530973
Aster Pharmacy 184,DXB,PHARMACY,,Retail 01 Zada Tower Al Aamal St  Business Bay,04-4490062
Aster Pharmacy 192,DXB,PHARMACY,,Shop # 3 Tower # 1 No one suit bldg Trade center first sheikh Zayed Rd Downtown,04-2584482
Aster Pharmacy 188,DXB,PHARMACY,,Retail 06 Loggia Plaza Dunes Street Dubai Silicon Oasis,04-3497028
Aster Pharmacy 182,DXB,PHARMACY,,Shop 2 International City Ph2 Jowhrat Al Faihaa Warsan 4,04-5545907
Medcare Medical Centre Arabian Ranches 3,DXB,PHARMACY,,AR3 GF37 Arabian Ranches 3 Souk Al Nahyan St Wadi Al Safa 5,04-2578939
Al Talal Pharmacy,AJM,PHARMACY,,Floor # 04 Noor Al Shifa Medical Center Bldg Jurf,06-7417450
Das Hospital,AUH,HOSPITAL,,Das Island Abu Dhabi,02-7071271
American Wellness Centre Pharmacy,DXB,PHARMACY,,Gr Flr Building 39 Beside City Hsp Dubai Healthcare City,04-8184900
Houston Pharmacy,DXB,PHARMACY,,Shop No 101 & 102 Elite Business Center Opp Lulu Hypermkt  Al Barsha 1,04-3850603
Reem Hospital LLC Inpatient Pharmacy,AUH,PHARMACY,,1st Flr Reem Hospital Al Reem Island  Opp Sorbonne University,02-8152000
Reem Neuroscience Center LLC,AUH,CLINIC,,Villa 109 Reem Neuroscience CT 151 Hameen St Al Nahyan Near to Delma Park,02-6651777
Reem Neuroscience Pharmacy,AUH,PHARMACY,,Villa 109 Reem Neuroscience CT 151 Hameen St Al Nahyan Near to Delma Park,02-6651777
Kings College Hospital London MC Mudon,DXB,CLINIC,,First Flr Al Salam Town Center Mudon Community Center Mudon,04-5199770
New Healthline Medical Center,AUH,CLINIC,,Flr 1 59 Al Rusum Shahama,02-5668600
Healthline Primary Healthcare,AUH,CLINIC,,6 Al Tala St Baniyas,02-5668600
Healthline Medical Center,AUH,CLINIC,,Fl 1 & 2 Al Riadh Al Shamkha South Shamkha,02-5668600
Mayo Care One Pharmacy,AUH,PHARMACY,,Fl 1 & 2 275 Bani Yas Abu Dhabi,02-5668600
Healthline Ph Madinat AlRiyadh Br,AUH,PHARMACY,,Fl 1 & 2 Al Riadh Al Shamkha South Shamkha,02-5668600
Masafi Hospital ( Emergency Only ),FUJ,HOSPITAL,,11016-E88 Masafi,09-2564473
Wadi Al Safa Medical Center LLC,DXB,CLINIC,,Al No G04 Ajmal Sarah Tower Wadi Al Safa 5 Dubai Land,04-5769394
Al Wafi Pharmacy,DXB,PHARMACY,,Al No G04 Ajmal Sarah Tower Wadi Al Safa 5 Dubai Land,04-5769394
Life Pharmacy 173 Clinic,DXB,CLINIC,,Times Square Center Dubai Sheikh Zayed Road Al Quoz,04-3441122
Life Pharmacy 180 Express Clinic,DXB,CLINIC,,Al Diyafa Shopping Center 67PH+366 Al Diyafah Street Al Badaa Al Satwa,04-3441122
Abuhammour Gastro Sam Day Surgery Center,DXB,CLINIC,,Bldg 39 First Flr Unit 109 Dubai Healthcare City Oud Metha,04-3635353
Life Pharmacy 167,DXB,PHARMACY,,Shop No 2 & 3  Burj Al Nahar Building  Naif,04-3441122
Life Pharmacy 124,DXB,PHARMACY,,Shop No 1 2 3&4 Chez Moi Building Phase 2 Shaklan,04-3441122
Life Pharmacy 119,DXB,PHARMACY,,Shop No 2  The Terrace Residence  Shoba Hartland,04-3441122
Pharmacy For Less,DXB,PHARMACY,,Unit No Sg 229 Ground Floor   Outlet Mall Phase 2,04-3441122
Life Pharmacy 125,DXB,PHARMACY,,Dar Mira Residence  Al Meydan Rd  Nad Al Sheba 1,04-3441122
Life Health And Wellness Trading - Fze,DXB,PHARMACY,,Shop No 15 To 17  Dso Spinneys Cedre Villas,04-3441122
Life Pharmacy 139,DXB,PHARMACY,,Plot No  3756462  Retail - 4  Sajaya Plaza  Hessa Street  Al Barsha Third,04-3441122
Life Pharmacy 180,DXB,PHARMACY,,Shop No 17 Al Diyafa Centre Al Badaa,04-3441122
Life Pharmacy 145,DXB,PHARMACY,,Shop No 2  Movenpick Hotel Apartment  Al Barsha South Fifth  Jvt,04-3441122
Life Pharmacy 177,DXB,PHARMACY,,Shop No 04 (Ex Tea Club)  Melhoof 6 Building (Plot No  421-0594)  Al Warqa 1,04-3441122
Life Pharmacy 179,DXB,PHARMACY,,Unit No Zdv 11 Ground Floor Zabeel 2 Downtown Views 2,04-3441122
Life Pharmacy 136,DXB,PHARMACY,,Shop No 9 Lawnz By Danube International City Phase 1,04-3441122
Life Pharmacy 131,DXB,PHARMACY,,Shop No G5 & G6  Ghala Prime Building Al Warqa 1,04-3441122
Life Pharmacy 129,DXB,PHARMACY,,Plot No  6727805  Shop No  3  Bella Rose Bldg  Al Barsha South Second,04-3441122
Life Pharmacy 164,DXB,PHARMACY,,Plot No 1732(684-9787) Retail 1 Silver Lining Bldg Jvt Al Barsha South Fifth,04-3441122
Life Pharmacy 153,DXB,PHARMACY,,Community Centre  Al Barsha South  3Rd,04-3441122
Life Pharmacy 176,DXB,PHARMACY,,Shop 21  Amaya Plaza Bulding   Nadd Al Hamar,04-3441122
Life Pharmacy 138,DXB,PHARMACY,,Retail 1  2  3  Plot No  1198  (Barari Hills) Wadi Al Safa 3  Majan,04-3441122
Life Pharmacy 123,DXB,PHARMACY,,Shop No 1&2 Marina Wharf2 Marsa,04-3441122
Life Pharmacy 154,DXB,PHARMACY,,Shop 0590 & 0592  Ground Floor  Lulu Hypermarket  Souk Warsan,04-3441122
Life Pharmacy 127,DXB,PHARMACY,,Unit No Afwp-Rt-05 Al Furjan West Pavilion,04-3441122
Life Pharmacy 160,DXB,PHARMACY,,Plot No  1414  Shop No  3 & 4  Ground Floor  180 Degrees  Wadi Al Safa 2  Liwan   .,04-3441122
Life Pharmacy 172,DXB,PHARMACY,,Shop No 02-Solaire 17 Building  Jumeirah Garden  Satwa,04-3441122
Life Pharmacy 165,DXB,PHARMACY,,Unit No 08 Expo Village Residence 2,04-3441122
Life Pharmacy 133,DXB,PHARMACY,,Shop No S06  Wasl Green Park  Ras Al Khoor,04-3441122
Life Pharmacy And Express Clinic Fz Llc,DXB,PHARMACY,,Retail Shop G01 Al Razi Building No 59 Dhcc,04-3441122
Life Pharmacy 162,DXB,PHARMACY,,Azizi Riviera 34,04-3441122
Life Two Pharmacy LLC,DXB,PHARMACY,,Retail 7 Plaza Residence 2 Jvc Al Barsha South Fourth,04-3441122
Life Pharmacy 135,DXB,PHARMACY,,Unit No 01 Geepas Commercial Centre  Nesto Hypermarket,04-3441122
Life Pharmacy 113,DXB,PHARMACY,,Shop 6  Production City,04-3441122
Life Pharmacy 130,DXB,PHARMACY,,Shop No 1 Dar Al Aman 12 Bldg  Salah Al Din Street,04-3441122
Life Pharmacy 112,DXB,PHARMACY,,Unit No. Tdm-Lg-212  The   Mall,04-3441122
Pharmacy For Less 1,DXB,PHARMACY,,Unit No  F 24 First Floor  Next to Star Cinema  Al Ghurair Centre  Deira,04-3441122
Life Pharmacy 159,DXB,PHARMACY,,Plot No 1358  Shop G01 & G02  Binghatti Nova Bldg  Al Barsha South Fourth,04-3441122
Life Pharmacy 147,DXB,PHARMACY,,Jpv Rtl 05  Jumeirah Park Pavilion  Al Thanyah Fifth,04-3441122
Life Pharmacy 126,DXB,PHARMACY,,Shop No 2 W-1104 Building Tower A South Heights,04-3441122
Life Pharmacy 161,DXB,PHARMACY,,Plot No 1190220  Retail No. G08  Twin Towers  Baniyas Road  Deira,04-3441122
Life Pharmacy 148,DXB,PHARMACY,,Shop  Icp-Rt-07  Nakheel International City Pavilion  International City,04-3441122
Life Pharmacy 156,DXB,PHARMACY,,Retail 5 The Blue Reef Building Jumeirah Beach Road  Umm Suquem Second,04-3441122
Life Pharmacy 152,DXB,PHARMACY,,Plot No  3739368  Shop No 4  The Grid Tower  Al Barsha,04-3441122
Life Pharmacy 141,DXB,PHARMACY,,Plot No 3360301 Unit No Apta-Flrsg-Sb01 02 03 04&05 The Apartments Block A World Trade Centre,04-3441122
Life Pharmacy 128,DXB,PHARMACY,,Shop No 102 Ground Floor Lulu Center,04-3441122
Life Pharmacy 155,DXB,PHARMACY,,Shop 2  Plot No  334-1244  Waqf Mosque Qurtoba  Al Satwa,04-3441122
Life Pharmacy 149,DXB,PHARMACY,,Adnoc Service Station 216  Wadi Al Amaradi East,04-3441122
Life Pharmacy 142,DXB,PHARMACY,,Shop No 4 Bin Meshar Bldg Hessa Street Al Barsha Third,04-3441122
Life Pharmacy 146,DXB,PHARMACY,,Shop No 1 2 3&4  Naad Al Hammar,04-3441122
Life Pharmacy 134,DXB,PHARMACY,,Shop No 5&6 Oud Metha,04-3441122
Life Pharmacy 175,DXB,PHARMACY,,Shop No  09 Al Twar Center (Plot No 2330712)  Al Qusais,04-3441122
Life Pharmacy 196,DXB,PHARMACY,,G01  Al Barsha South building  Al barsha South Third,04-3441122
Life Pharmacy 132,DXB,PHARMACY,,Shop No 4  Grosvenor Business Tower  Tecom,04-3441122
Life Pharmacy 158,DXB,PHARMACY,,G Floor  G-03  Union Coop  Al Wasal Road,04-3441122
Life Pharmacy 144,DXB,PHARMACY,,Shop No 4  Mirdif Mall Building  Mirdif,04-3441122
Life Pharmacy 143,DXB,PHARMACY,,Shop No 2  Hemsam Building  Al Nahda,04-3441122
Life Pharmacy 163,DXB,PHARMACY,,Shop No G02 Al Telal 11 Building  Al Barsha,04-3441122
Life Pharmacy LLC Dibba Br,FUJ,PHARMACY,,Shop No  1A  Plot No  2401024  Saif Al Dhabi Building  Al Qiaan,04-3441122
Life Pharmacy LLC Fujairah Branch 5,FUJ,PHARMACY,,Unit No. G014  Ground Floor    City Centre,04-3441122
Life Pharmacy LLC Branch Br Of Sharjah 11,SHJ,PHARMACY,,Shop No 03 Gf Nesto Hyper Market,04-3441122
Life Pharmacy LLC- Shj. Br. Branch 13,SHJ,PHARMACY,,Shop No 5  Grand Mall,04-3441122
Life Pharmacy LLC - Branch 29,AJM,PHARMACY,,Enoc Site 1204  Unit 2 (Rest 2)  Al Tallah 2 (Unit Next To Enoc Station),04-3441122
Life Pharmacy LLC - Branch 33,AJM,PHARMACY,,Kenz Hypermarket  Sheikh Maktoum Bin Rashid St  Al Hamidiya 1,04-3441122
Life Pharmacy LLC - Branch 31,AJM,PHARMACY,,Plot  2378  Shop No  02 03 04 05,04-3441122
Life Pharmacy LLC Br 34,AJM,PHARMACY,,Shop No G07 Ground Floor Rumaila Branch    Coop,04-3441122
Hala Pharmacy 22 LLC,RAK,PHARMACY,,Inside Carrefour  Manar Mall  Rak,04-3441122
Life Pharmacy LLC Shj Br Branch 9,SHJ,PHARMACY,,Shop 3 & 4  Plot No  4  Tala Chocolate Bldg  Kalba,04-3441122
Life Pharmacy LLC Branch Br Of Sharjah 8,SHJ,PHARMACY,,Plot No  94  Shop No  3 & 4  G+M Building  Al Sharq Street,04-3441122
Hala Pharmacy 21 Llc Branch,RAK,PHARMACY,,Shop 1  2  3  Plot 314020416  Al Rams  Rak,04-3441122
Life Pharmacy LLC Fujaira Branch 4,FUJ,PHARMACY,,Shop G2 Madhab Block Green House Trading Sajitha Hypermarket,04-3441122
Life Pharmacy LLC Fujaira Branch 6,FUJ,PHARMACY,,Plot 2059 Corner Unit Khamis Mattar 3 Building Hamad Bin Abdulla Road,04-3441122
Life Pharmacy LLC- Shj. Br - Branch 21,SHJ,PHARMACY,,Shop No 5 Tower 2020 Jamal Abdul Nasser Street,04-3441122
Life Pharmacy LLC - Shj. Br - Branch 10,SHJ,PHARMACY,,Unit No 2  Ground Floor  Nasma Central Community Mall,04-3441122
Life Pharmacy LLC- Shj.Br-Branch 16,SHJ,PHARMACY,,Shop No 1 Zawaya Walk Al Shahba,04-3441122
Life Pharmacy LLC - Shj. Br - Branch 19,SHJ,PHARMACY,,Adnoc Service Station 373  Al Jubail,04-3441122
Life Pharmacy LLC - Shj. Br - Branch 20,SHJ,PHARMACY,,Adnoc Service Station  657  Wasit  Sheikh Salem Bin Sultan Al Qasimi,04-3441122
Life Pharmacy LLC - Shj. Br - Branch 18,SHJ,PHARMACY,,Adnoc Service Station  197  Al Rawdha  23 Third Ind St - Ind Area Industrial Area 12,04-3441122
Life Pharmacy LLC - Shj. Br 22,SHJ,PHARMACY,,Plot No  10/969  Building No  2910  Shop No  3  K2910  Muweilah,04-3441122
Hala 37 Pharmacy LLC Opc,RAK,PHARMACY,,Unit No 3  Floor G+M Julfar Ras Al Khaimah,04-3441122
Life Pharmacy LLC. Shj. Br - Branch 26,SHJ,PHARMACY,,Shop No 2  Redz Tower  Al Tawun,04-3441122
Life Pharmacy LLC - Shj. Br 23,SHJ,PHARMACY,,Shop 2  Ground Floor  Lulu Hypermarket  Al Majaz,04-3441122
Hala 37 Pharmacy LLC Opc Branch 1,RAK,PHARMACY,,Unit No 5 & 6  Ground Floor  Lagoon Walk  Mina Al Arab  Rak,04-3441122
Life Pharmacy LLC- Shj. Br - Branch 27,SHJ,PHARMACY,,Unit No. 2  3  4  5 & 6   Coop Society Halwan,04-3441122
Hala 37 Pharmacy LLC Opc -Branch 3,RAK,PHARMACY,,Unit No. Gf - 09-10   Al Naeem City Center  Rak,04-3441122
Hala 37 Pharmacy LLC Opc - Branch 2,RAK,PHARMACY,,Exhibition No 1  Al Qawasim Corniche  Rak,04-3441122
Life Pharmacy LLC - Shj. Br - Branch 28,SHJ,PHARMACY,,Unit No 17 Coop Society Al Qarain,04-3441122
Life Pharmacy LLC - Branch 37,AJM,PHARMACY,,Unit G20 Al Jurf Mall Cooperative Society,04-3441122
Life Pharmacy LLC - Shj. Br - Branch 32,SHJ,PHARMACY,,Unit No  01 Coop Society Hamriya,04-3441122
Life Pharmacy LLC - Dibba Br 2,FUJ,PHARMACY,,Shop No 3 & 4  Al Matroshy,04-3441122
Life Pharmacy LLC - Branch 36,AJM,PHARMACY,,Unit No 01 Etihad Tower,04-3441122
Life Pharmacy LLC Branch 3,UMQ,PHARMACY,,Shop No 1 Amar Faris Building Al Haboob Area,04-3441122
Life Pharmacy LLC - Shj. Br - Branch 31,SHJ,PHARMACY,,Shop 03  Ground Floor  Inside Nesto Hyper Market   Al Arab Mall - Al Taawun St - Al Mamzar -,04-3441122
Life Pharmacy LLC - Shj. Br - Branch 30,SHJ,PHARMACY,,Coop Society Sweihat,04-3441122
Life Pharmacy LLC - Branch 38,AJM,PHARMACY,,Unit 03  Plot 0840  Al Rashidya 1  Srs Tower    Sheikh Khalifa Bin Zayed Street,04-3441122
Life Pharmacy LLC - Shj. Br - Branch 35,SHJ,PHARMACY,,Shop No.12   Qasr Qordoba - Mwaileh Commercial,04-3441122
Life Pharmacy LLC - Spc Fujairah Branch 8,FUJ,PHARMACY,,Shop No 1 & 2 Murbeh Building,04-3441122
Life Pharmacy LLC - Branch Of Abu Dhabi 122,AUH,PHARMACY,,1St Floor Madinat Zayed Shopping Centre & Gold Centre,04-3441122
Life Pharmacy LLC - Branch 22 Branch Of Abudhabi 69,AUH,PHARMACY,,Shop No  01  City Tower  C-20  E-05  Khalifa Bin Zayed The First Street  Al Danah,04-3441122
Life Pharmacy LLC,AUH,PHARMACY,,Unit No 2 In Residence Central Park Tower- Reem Island,04-3441122
Life Pharmacy LLC Branch 55 - Branch Of Abudhabi 111,AUH,PHARMACY,,Shop No 2 C23 Building Al Mulla Tower,04-3441122
Life Pharmacy LLC Branch 62 - Branch Of Abudhabi 119,AUH,PHARMACY,,Shop No 2 C57 Hazza Al Mansoori Building Al Danah,04-3441122
Life Pharmacy LLC - Branch Of Abu Dhabi 124,AUH,PHARMACY,,Plot No  P2  Shop No  M24  Mezzanine Floor  Saeed Bin Ahmed Al Otaiba Street (Najda Street),04-3441122
Life Pharmacy LLC - Branch Of Abu Dhabi 130,AUH,PHARMACY,,Shop No 1 Al Shahamah,04-3441122
Life Pharmacy LLC - Branch Of Abu Dhabi 127,AUH,PHARMACY,,Shop No 7 Al Falah Street,04-3441122
Life Pharmacy LLC - Branch Of Abu Dhabi 136,AUH,PHARMACY,,Adnoc 165  Adnoc Service Station  Al Rahba,04-3441122
Life Pharmacy LLC - Branch Of Abu Dhabi 17,AUH,PHARMACY,,Unit No  3 In P/704 Building  Mussafah Me 10,04-3441122
Life Pharmacy LLC Branch 141 - Branch Of Abu Dhabi 140,AUH,PHARMACY,,C 41 Building  Adcp P1751 Al Mawakib Tourist Club,04-3441122
Life Pharmacy LLC - Branch Of Abu Dhabi 134,AUH,PHARMACY,,Shop No 1 C50 Building Mussafah Me10,04-3441122
Life Pharmacy LLC - Branch Of Abu Dhabi 150,AUH,PHARMACY,,Mushrif Mall,04-3441122
Life Pharmacy LLC - Branch Of Abu Dhabi 156,AUH,PHARMACY,,Unit No L1-0005 World Trade Centre Mall Al Danah,04-3441122
Life Pharmacy LLC - Branch Of Abu Dhabi 148,AUH,PHARMACY,,Shop No 1 Aya Building Al Nahyan Al Hafiz Street,04-3441122
Life Pharmacy LLC - Branch Of Abu Dhabi 135,AUH,PHARMACY,,Unit No  2 In Fatima Bin Darwish Building  Al Hisn,04-3441122
Life Pharmacy LLC - Branch Of Abu Dhabi 155,AUH,PHARMACY,,Shop No 2 Al Ain Tower,04-3441122
Life Pharmacy LLC - Branch Of Abu Dhabi 133,AUH,PHARMACY,,Plot No C99 Shop No 2 Al Muntazah Gardenia Building,04-3441122
Life Pharmacy LLC - Branch Of Abu Dhabi 19,AUH,PHARMACY,,Shop No 1 Ground Floor Al Raha Beach,04-3441122
Life Pharmacy LLC - Branch Of Abu Dhabi 18,AUH,PHARMACY,,Unit No G055 Central Market Souk World Trade Centre,04-3441122
Life Pharmacy LLC - Branch Of Abu Dhabi Khalidiya,AUH,PHARMACY,,Al Khalidiya  West Building,04-3441122
Life Pharmacy LLC- Branch Of Abu Dhabi 164,AUH,PHARMACY,,G03-R03  Building C11  Rt3  Sigma Tower City Of Lights  Reem Island,04-3441122
Life Pharmacy LLC Al Reem,AUH,PHARMACY,,Shop No 1 Ground Floor Najmat Al Reem Island,04-3441122
Life Pharmacy LLC  -  Branch Of Abu Dhabi 172,AUH,PHARMACY,,Shop No 1 Al Hadh Street Hadbat Al Zafranah,04-3441122
Life Pharmacy LLC - Branch Of Abu Dhabi 173,AUH,PHARMACY,,Plot No  C4  Sector  Sdw4  Shop 3  Ground Floor  Laffan Street  Al Saadiyat Island,04-3441122
Life Pharmacy LLC - Branch Of Abu Dhabi 214,AUH,PHARMACY,,Muzoon Tower Unit No 1 In Muzoon Tower  Al Raha Beach -,04-3441122
Life Pharmacy LLC - Branch Of Abu Dhabi 187,AUH,PHARMACY,,Shop No1 Ground Floor Hanging Gardens Tower Al Danah,04-3441122
Life Pharmacy LLC- Branch Of Abu Dhabi 189,AUH,PHARMACY,,Sector W4  Shop No 1  Al Hisn  Al Yahar Street,04-3441122
Medi Centres Polyclinic Jumeirah Branch (Fakeeh Group),DXB,CLINIC,,JPV-RTL-12 Ground Floor Jumeirah Park Pavillion Jumeirah Village,04-3266641
Medi Centres Polyclinic LLC Branch,DXB,CLINIC,,Shop 16 -R25 & 26 Furjaan Pavillion Shopping Centre Al Furjan Villas Furjan,04-3266641
Medi Centers Polyclinic (Fakeeh Group),DXB,CLINIC,,Fox Hill 6 Villa No R21-R23 Uptown Motorcity Dubai Motorcity,04-2988888
Medi Centres Polyclinic Branch (Fakeeh Group),DXB,CLINIC,,SF 30 Zabeel The Dubai Mall Downtown Dubai,04-4144150
Medi Centres Polyclinic-DSO (Fakeeh Group),DXB,CLINIC,,Dubai Silicon Plaza Shop 16 1st Floor Nadd Hessa,04-3266641
Medi Centres Polyclinic Dafza Branch (Fakeeh Group),DXB,CLINIC,,2W-G05 Dubai Airport Free Zone Al Twar Second,04-4144170
Medi Centres Polyclinic Pharmacy (Fakeeh Group),DXB,PHARMACY,,Villa No R21-R23 Fox Hill 6 Uptown Motorcity,04-2988888
Fakeeh Medi Centres Pharmacy FZCO,DXB,PHARMACY,,Shop No 16 1st Floor Nadd Hessa Dubai Silicon Plaza Dubai Silicon Oasis,04-3266641
Aloka Eye Clinic LLC,DXB,CLINIC,,3A Ground Flr Al Rafaa Building Kuwait St Al Mankhool,04-5466379
Bascom Palmer Aug Medical Eye Institute,AUH,DAY CARE,,ME 07 Plot C1 1st Flr Mohamed Bin Zayed City,02-6767975
American Center Pharmacy LLC Branch,AUH,PHARMACY,,Villa No 92 Al Shallah St Al Khibeesi Al Sdra Al Ain,03-7051099
Al Enwan Medical Centre LLC,SHJ,CLINIC,,Villa 2 Sheikh Khalid St Khorfakkan City Next To Al Futtaim Motors,09-2383881
Bawabat Al Enwan Pharmacy,SHJ,PHARMACY,,Al Enwan MC Building Store & 4 Sheikh Khalid St Bardi 2 Opposite Gold Shops,09-2370808
Tejan Dental Center,SHJ,DENTAL,,Flat No 102/1 Qasr Qortaba Bldg University City Road Muwaileh Commercial,06-5556775
Duo Prime Care Medical Center,AUH,CLINIC,,Building No 9 Flr 1 East and East Building Musaffah M/4 Near Worker Villa,02-5828139
Duo Prime Care Pharmacy,AUH,PHARMACY,,Plot No 5 Ground Floor Al Jammalah 1st M-24 Musaffah,02-6674779
Medcare Hospital LLLC Sharjah Branch 1,SHJ,HOSPITAL,,8CV3+H6X Sheikh Saqr Bin Khalid Al Qasimi St Bu Danig Hay Al Qasimiah,8006332273
Medcare Hospital LLC Sharjah Branch 1 Pharmacy,SHJ,HOSPITAL PHARMACY,,8CV3+H6X Sheikh Saqr Bin Khalid Al Qasimi St Bu Danig Hay Al Qasimiah,8006332273
Dubai Physiotherapy & Family Med Clinic,DXB,CLINIC,,Town Centre Mall 1st Flr Jumeirah Beach Road Near Mercato Mall,04-3496333
Share and Care Medical Center LLC,DXB,CLINIC,,Silicon Central Mall Basement 1 Nadd Hessa St Dubai Silicon Oasis,04-2802088
Healthhub JVC,DXB,CLINIC,,Binghatti Amber Bijada Blvd JVC Shop 11-15 Al Barsha South Fourth JVC,04-5967125
Healthhub Plus,DXB,CLINIC,,1301 1302 Al Khawaneej St Al Mizhar 1 Arabian Ctr Mall Al Mizhar,04-5967371
Open Minds Psychiatry Counselling Neuroscience Center,DXB,CLINIC,,Silicon Central B1 E007-009 Silicon Central Mall Dubai Silicon Oasis,04-3984992
Healthhub Pharmacy JVC,DXB,PHARMACY,,Binghatti Amber Bijada Blvd JVC Shop 11-15 Al Barsha South Fourth JVC,04-5967125
Healthhub Al Mizhar Pharmacy,DXB,PHARMACY,,1301 1302 Al Khawaneej St Al Mizhar 1 Arabian Ctr Mall Al Mizhar,04-5967371
Northwest Clinic Day Surgical Pharmacy,DXB,PHARMACY,,Villa 935 G+1 Near J3 Mall Umm Suqeim 2 Al Wasl Road,04-3842000
Zest Wellness Ph Br Of Abu Dhabi 1,AUH,PHARMACY,,Unit 07 & 08 Waitrose Centre Khalifa City SW 3 Sector 32 Theyab Bin Eissa St,02-5653462
Aster Pharmacy Br of Abu Dhabi 18,AUH,PHARMACY,,Shop No 1 Building C54 Al Mireaf St Sector SE45 Southeast Khalifa City,02-5845609
Aster Pharmacy Br Of Abu Dhabi 19,AUH,PHARMACY,,Shop No 2 Building 4968 PlotC 123 Al Taghrouda St New Shahama,02-5837390
Aster Pharmacy Abu Dhabi Br 20,AUH,PHARMACY,,Shop No 1 Thiban Building Plot S17 Al Tatuf St Baniyas,02-6355490
Aster Pharmacy Br Of Abudhabi 21,AUH,PHARMACY,,G-01 Building P 2629 Sector RBW8 Al Raha Beach West Al Raha,02-8846576
Bascom Palmer Pharmacy-LLC,AUH,PHARMACY,,ME07 Plot C1 Mohamed Bin Zayed City Al Manhal St Mussafah,02-6767975
Spruce Sunglasses Trading LLC RAK Br1,RAK,OPTICAL,,City Centre Al Dhait Sheikh Rashid Bin Saeed Al Maktoum Rd Al Dhait South,07-2682761
Spruce Sunglasses Trading LLC,FUJ,OPTICAL,,City Centre Fujairah 20 Sheikh Maktoum Bin Rashid Al Maktoum Rd Al Hlaifat,09-2562874
Spruce Sunglasses Trading LLC,SHJ,OPTICAL,,2nd Fl Level 2 City Centre Al Zahia Muwaileh Commercial Area,06-5398422
Spruce Sunglasses Trading,RAK,OPTICAL,,Al Muntasir Road Al Araibi Manar Mall,04-4220961
Spruce Sunglasses Trading 4,SHJ,OPTICAL,,1st Flr Opp Adidas Mega Mall Bu Danig Hay Al Qasimiah,06-5379887
Spruce Sunglasses Dubai Outlet Mall,DXB,OPTICAL,,Route 66 Alain Dubai Road Madinat Hind 1 Dubai Outlet Mall,04-4220961
Spruce Sunglasses Ibn Batuta Mall,DXB,OPTICAL,,Ibn Batuta Mall Sheikh Zayed Road Jebel Ali Village,04-4220961
Spruce Sunglasses Trading Mirdif CC,DXB,OPTICAL,,Grd Flr Near Parking P2 Sheikh Mohammed Bin Zayed Road Mirdif City Centre,04-4220961
Spruce Sunglasses Trading Festival City,DXB,OPTICAL,,Grd Flr Dubai Festival City Crescent Drive Opp Zara Al Kheeran,04-4220961
Spruce Sunglasses Trading MOE,DXB,OPTICAL,,Grd Flr Mall Of Emirates Shop No D-40A1 Al Barsha First,04-4220961
Spruce Sunglasses Al Ghurair,DXB,OPTICAL,,Al Rigga Road Al Ghurair Centr Al Muraqqabat Deira,04-4220961
Spruce Sunglasses Trading Br AbuDhabi 2,AUH,OPTICAL,,Level 2 Of Abu Dhabi Mall Al Zahiyah,02-6328630
Spruce Sunglasses Trading Br AbuDhabi 3,AUH,OPTICAL,,First Flr Dalma Mall Al Wazn St Industrial City,02-3097172
Spruce Sunglasses Trading Br AbuDhabi 1,AUH,OPTICAL,,Grd Flr Opp Waitrose Eyewa Yas Mall Yas Island,02-4915756
Spruce Sunglasses Trading Br AD 4,AUH,OPTICAL,,Bawabat Al Sharq St Baniyas East Bani Yas,02-6276948
Spruce Sunglasses Trading Br AbuDhabi 5,AUH,OPTICAL,,Unit # 101 1st Level Old Airport Road Al Wahda Mall,03-7615646
Spruce Sunglasses Trading Br Abudhabi,AUH,OPTICAL,,Eyewa Deerfiels Mall 990 Al Rubban St Al Bahya Old Al Bahyah,02-6673811
Spruce Sunglasses Trading Br,AUH,OPTICAL,,Masdar City Centre SE45 05 Masdar City Abu Dhabi,02-6225826
Magrabi Optical Br Of AbuDhabi 13,AUH,OPTICAL,,Sheikh Rashid Bin Saeed Street Shop 610 Building 19 Airport Road,05-64085053
Magrabi Optical Br Of AbuDhabi 10,AUH,OPTICAL,,Shop 152 First Flr Yas Mall,05-64084247
Magrabi Reem Branch 26,AUH,OPTICAL,,Al Reem Island Najamat,05-64085218
Doctor M Optical Br Of Magrabi,AUH,OPTICAL,,8J6C+Q98 Street # 6 Bawabat Al Sharq Mall,05-64084385
Rivoli Eye Zone ( Branch of Abudhabi),AUH,OPTICAL,,G 04 Ground Floor Galleria Mall Next to Samsung Al Mayah Island,02-3097254
Rivoli Eyezone Galleria Mall,AUH,OPTICAL,,11135 First Floor Galleria Mall Next To Samsung Al Maryah Island,02-6260121
Magrabi Optical - Deerfield (Magrabi),AUH,OPTICAL,,Unit# 238 2Nd Floor Deerfield Townsquare Mall,02-5635240
Magrabi Optical - Dalma (Magrabi),AUH,OPTICAL,,Unit# 167 1St Floor Dalma Mall,02-5583780
Magrabi Optical - Auh Marina (Magrabi),AUH,OPTICAL,,Ground Floor New Extension Abu Dhabi Marina Mall,02-6816961
Dubai Medical University Hospital,DXB,HOSPITAL,,56 33rd Street Muhasina 1,04-2120000
Dubai Medical University Hospital Pharmacy,DXB,HOSPITAL PHARMACY,,56 33rd Street Muhasina 1,04-2120000
Advanced Care Medical Center LLC Branch,DXB,CLINIC,,Shop No 3 Damascus Street Al Qusais,04-3709357
Grand Advanced Care Pharmacy,DXB,PHARMACY,,Shop No 3 Damascus Street Al Qusais,04-3709357
National Hospital,AUH,HOSPITAL,,Building 16 Abdulla Bin Humaid Al Rumaithi St Al Danah,02-6711000
Golden Health Medical Center LLC Br,AUH,CLINIC,,Al Sidra Village Al Bihouth Hameen Worker City Salem City,04-3335502
Right Health Pharmacy Sole Prop,AUH,PHARMACY,,Parcel T 29 Habshan Camp Al Dhafra Area,04-3335502
Go Health Pharmacy LLC OP BR,AUH,PHARMACY,,Al Sidra Village Al Bihouth Hameen Worker City Salem City,04-3335502
Al Sharq Hospital Dibba,FUJ,HOSPITAL,,Sheikh Zayed Bin Sultan Al Nahyan Road Al Nahdah Dibba,09-2059748
Al Sharq Hospital Dibba Pharmacy,FUJ,HOSPITAL PHARMACY,,Sheikh Zayed Bin Sultan Al Nahyan Road Al Nahdah Dibba,09-2773200
Al Tadawi Medical Centre Al Barsha,DXB,CLINIC,,Mall Grd Flr 24th St Al Barsha Second Al Barsha,04-2309999
Al Tadawi Pharmacy - Al Barsha,DXB,PHARMACY,,Mall Grd Flr 24th St Al Barsha Second Al Barsha,04-2309999
Al Noor Polyclinic LLC Branch,DXB,CLINIC,,Al Ghurair Building No 1084 Shp No 3 Grd Flr Masaken Al Muteena St Deira,04-5526101
Avanti DIFC,DXB,OPTICAL,,Unit G0Rt17 Gate AvenueNorth Zone DIFC Dubai,05-04732578
Doctor M Burjuman Mall,DXB,OPTICAL,,Doctor M Burjuman Center (Shop L1 No.D019   ) First Floor    Mankhool  Bur Dubai,05-21602746
Doctor M Mall Of The Emirates,DXB,OPTICAL,,F11 First Floor Opposite Du Metrolink Entrance Mall Of The Emirates,05-01069587
Magrabi Arabian Center,DXB,OPTICAL,,Al Khawaneej Street  Al Mizhar  Al Mizhar 1  Dubai,05-64084332
Magrabi Dubai Festival City,DXB,OPTICAL,,Dubai Festival City Mall  First Floor  Opposite of cheesecake Factory,05-64084468
Magrabi Dubai Hills Mall,DXB,OPTICAL,,Dubai hills Mall  Umsuqeim road  1st floor,05-02635708
Magrabi Dubai Mall,DXB,OPTICAL,,The Dubai Mall Shop GF197 Ground Floor Financial Center Rd  Dubai,05-64084779
Magrabi Ibn Battuta Mall,DXB,OPTICAL,,Ibn Battuta Mall China Court  Shop 147A  Ground Floor  Dubai,05-64085007
Magrabi Mall Of The Emirates,DXB,OPTICAL,,Mall of The Emirates Shop D12 Ground Floor,05-64084490
Magrabi Nad Al Sheba Mall,DXB,OPTICAL,,"Shop No: L2ZA1023, Nad Al Sheba  Nad Al Sheba 3   2nd floor Near spinneys, west entrance, Opposite Layali Jewelry",05-55901638
Magrabi The Springs Souk,DXB,OPTICAL,,Ground Floor The Springs Souq Mall Al Afnan Street  Springs Community Dubai UAE,05-64085286
Magrabi The Village Mall,DXB,OPTICAL,,store #1 first floor Village malljumeirah street jumeirah 1,05-64085047
Rivoli Eyezone Arabian Ranches,DXB,OPTICAL,,"Arabian Ranches 3 Souk, Shop # 03 Dubai",05-27496834
Rivoli Eyezone Dubai Creek Harbour,DXB,OPTICAL,,HV 06 Harbour Views Tower 1 Dubai Creek  Ras Al Khor,05-62167147
Rivoli Eyezone Dubai Hills,DXB,OPTICAL,,"FF295 First Floor  Near Montblanc, Entrance 2 Al Khail Road Dubai Hills Mall",05-02808260
Rivoli Eyezone Dubai Marina Mall,DXB,OPTICAL,,Ground Floor Dubai Marina Mall Dubai,05-66826519
Rivoli Eyezone Outlet Mall 2,DXB,OPTICAL,,"SHG95 Rivoli Eyezone Extension, Ground Floor Dubai Outlet Mall E66 Al Ain Road",05-05352976
Rivoli Eyezone Outlet Village,DXB,OPTICAL,,Shop no  N14 / GATE no 7 Ground floor Outlet village mall,05-64143469
Zeiss Vision Center Dubai Hills,DXB,OPTICAL,,Unit No F028 First Floor Near Home Center  Dubai Hills Mall,05-65038428
Rivoli Eyezone Al Hamra Mall,RAK,OPTICAL,,E11 Sheikh Mohamed Bin Salem Rd  Al Jazeera Al Hamra,05-06239270
Doctor M Mega Mall,SHJ,OPTICAL,,Mega Mall  Shop G24 Ground Floor  Zayed Bin Hareth St,05-64084473
Doctor M Sahara Center,SHJ,OPTICAL,,East Entrance  Al Nahda St Sahara Center  Shop L2163 ) Ground Floor,05-21406939
Magrabi City Center Al Zahia,SHJ,OPTICAL,,2nd Floor Shop N A081 Al Zahia City Center,05-64084851
Avanti Dubai Mall,DXB,OPTICAL,,SF267 2Nd Floor Opposite Montegrappa New Fashion Avenue P7/P8  The Dubai Mall,05-61776547
Avanti Mall Of The Emirates,DXB,OPTICAL,,J032B First Floor Near Hugo Boss Carrefour Entrance Magic Planet Parking Mall Of The Emirates,05-62057136
Avanti Mirdiff City Centre,DXB,OPTICAL,,"B102 Ground Floor Opposite Adidas Main Entrance, Parking B Ground Floor Mirdif City Centre",05-64188169
Doctor M Deira City Centre,DXB,OPTICAL,,M044C 1St Floor Next To Omega Main Entrance P3 Deira City Centre,05-02696312
Rivoli Eyezone Al Ghurair,DXB,OPTICAL,,GB21 Ground Floor Near To The Atrium Entrance 4&5 Al Ghurair Mall,05-49905720
Rivoli Eyezone Deira City Centre,DXB,OPTICAL,,M004 First Floor Next To Sun & Sand Sports Metro Entrance Deira City Centre,05-66822863
Rivoli Eyezone Dubai Festival City,DXB,OPTICAL,,SC084 Ground Floor Opposite Tommy Hilfiger Main Entrance Dubai Festival City,05-02114828
Rivoli Eyezone Dubai Festival Plaza,DXB,OPTICAL,,SU116 Ground Floor Near Ikea Entrance 2 Festival Plaza,05-62057065
Rivoli Eyezone Dubai Mall,DXB,OPTICAL,,TDMS 204 Second Floor Opposite Food Court Reel Cinema  Cinema Parking P7 The Dubai Mall,05-65347549
Rivoli Eyezone Dubai Mall [ FF ],DXB,OPTICAL,,FF 135 First Floor Opposite La Senza  Fashion Avenue 1St Floor The Dubai Mall,05-64179374
Rivoli Eyezone Dubai Mall Lower Ground,DXB,OPTICAL,,TdmLg188 Waitrose Entrance At The Top The Dubai Mall  Lower Ground,05-02174365
Rivoli Eyezone Ibn Battuta,DXB,OPTICAL,,LBSGF185 Ground Floor India Court  Ibn Battuta,05-65499153
Rivoli Eyezone Mercato,DXB,OPTICAL,,Unit No.08 First Floor Virgin Megastore Main Entrance Mercato Mall,05-07528003
Rivoli Eyezone Mirdif City Centre,DXB,OPTICAL,,G005 First Floor Opposite Antler Store Carrefour Entrance Gate A Mirdif City Centre,05-01898038
Doctor M Oasis Centre,DXB,OPTICAL,,1012 Ground Floor Next To Damas Jewellery Main Entrance Oasis Centre,05-01079705
Rivoli Eyezone Outlet Mall,DXB,OPTICAL,,G52 Ground Floor Opposite Priceless Shop Dome Entrance Outlet Mall,05-01895017
Rivoli Eyezone Waitrose Motorcity,DXB,OPTICAL,,R04 Ground Floor Opposite Waitrose  Main Entrance Waitrose Motorcity,05-61880467
Rivoli Eyezonenakheel Mall,DXB,OPTICAL,,NKMF059A First Floor Near Sephora Main Entrance Nakheel Mall,05-49930103
Rivoli Eyezone Al Zahia City Centre,SHJ,OPTICAL,,A109 Level 2 Opposite Red Tag H Entrance Al Zahia City Centre,05-61880261
Rivoli Eyezone Mega Mall,SHJ,OPTICAL,,G10 Ground Floor Main Entrance Near Mega Mart Mega Mall,05-01898277
Rivoli Eyezone Sahara Centre,SHJ,OPTICAL,,114D  Centre Atrium  Next To Boots Pharmacy Sahara Centre,05-02110258
Rivoli Eyezone Sharjah City Centre,SHJ,OPTICAL,,U032 Level 1 Next To Damas Main Entrance Sharjah City Centre,05-62167133
Aster Pharmacy 190,DXB,PHARMACY,,Shop No 1 Binghatti Orchid Kahraba Road Jumeirah Village Circle Barsha South 4,04-5527027
Aster Pharmacy 199,DXB,PHARMACY,,Shop No. 7 Gemz by Danube  Al Asayel St  Jebel Ali Village Al Furjan,04-3971206
Zest Pharmacy 3,DXB,PHARMACY,,Unit no GF 02 Grove Mall Community Center Barsha 2,04-3705493
Aster Pharmacy 197,DXB,PHARMACY,,Shop No M05 AIKO Mall Dubai Investment Park First,04-2528870
Zest Wellness Pharmacy LLC. DWC-Branch,DXB,PHARMACY,,Retail 2 The Pulse Beach Front Dubai South Residencial District Dubai South,04-3428372
Aster Pharmacy 209,DXB,PHARMACY,,Shop no. S02 The Point Tower Jumeirah Beach Residence Marsa Dubai Dubai Marina,04-5843414
Aster Pharmacy 210,DXB,PHARMACY,,Retail 1 Art Park View Al Barsha South Third Al Barsha,04-8816085
Aster Pharmacy 212,DXB,PHARMACY,,Shop-4 BQ Residence Jumeirah Garden City Al Satwa,04-5853391
Aster Pharmacies Group Llc - Shj. Br - Branch 9,SHJ,PHARMACY,,Shop No Q009-10 Matajer Al Quoz Al Fawz Wasit Suburb,06-5610829
Aster Pharmacy 207,DXB,PHARMACY,,Shop No SH-A1 Lilac Residence Al Jadaf,04-3968831
Aster Pharmacy 215,DXB,PHARMACY,,Shop G-13 Bay Avenue Retail Business Bay,04-5772518
Aster Pharmacy 213,DXB,PHARMACY,,Shop RG16 Meera Tower ALHabtoor Boulevard Business Bay,04-5573179
Aster Pharmacy 219,DXB,PHARMACY,,Retail -01 Liv Marina Marsa Dubai,04-5587637
Zest Wellness Pharmacy L.L.C - Branch Of Abu Dhabi,AUH,PHARMACY,,Shop No G 5 Al Rawda Building Al Niyabah St Al Bateen,02-5823626
Aster Medical Center Silicon Oasis,DXB,PHARMACY,,FS 101 FS 101 B Silicon Gate - 1  Silicon oasis Naad Hessa,04-3758428
Aster Pharmacy 198,DXB,PHARMACY,,SHP-M-06 CIG Nesto Mall  Al Wasl Village Al Qusais Industrial Fifth,052-9035007
Aster Pharmacy 214,DXB,PHARMACY,,Retail-11 AZIZI Riviera 65 Al Merkadh,04-2354366
Aster Pharmacy 216,DXB,PHARMACY,,Retail 05 Sobha Hartland - The Crest Tower Podium Al Merkadh,04-3759337
Aster Pharmacy 218,DXB,PHARMACY,,Shop No-S04 Jewel of The Creek F1F2 Office Building Port Saeed,052-9035007
Gardens Medical Centre Pharmacy,DXB,PHARMACY,,Shop 4 6 9 Zen 9 Discovery Garden Jabel Ali First,04-3758446
Medcare Medical Center JVC Pharmacy Br of Medcare Hospital LLC,DXB,PHARMACY,,JV-TCM-RT-1061 The Circle Mall  Jumeriah Village Circle  Al Barsha South Fourth,8006332273
Aster Medical Center Al Jaddaf,DXB,CLINIC,,Aster Medical Center Al Jaddaf  Lilac Residence Opposite Belhasa Driving Center,04-4400500
Neuropedia Children's Neuroscience Center,DXB,CLINIC,,Villa 24 Opp Dubai Old Zoo Beach Rd Jumeirah 1,04-3431113
Belgravia Home Healthcare Center,DXB,CLINIC,,Flt No 202 Building 3 Arenco Offices Green Community Dip 1,04-5857316
Noom Medical Clinic Llc,DXB,CLINIC,,Shop No 1 Talal Hypermarket Roundabout 5 Dubai Industrial City,04-5693338
New Royal Medical And Dental Center,RAK,CLINIC,,Fl No 114 Corniche Al Qawasim St Dafan,07-2012050
Noom Pharmacy Llc,DXB,PHARMACY,,Shop No 2 Talal Hypermarket Roundabout 5 Dubai Industrial City,04-2773338
Al Noor Village Pharmacy Llc,DXB,PHARMACY,,"Shop No 21, Gf Mango Hypermarket Muhaisnah 4",04-3246295
Health First Pharmacy Br 65,DXB,PHARMACY,,Shop No. 3 Madeira Bldg. Al Jaddaf,04-2986105
New Royal Pharmacy,RAK,PHARMACY,,Flat No 114 Corniche Al Qawasim St Dafan Ras Al Khaimah,07-20120 50
American Hospital Dubai Science Park,DXB,HOSPITAL,,Dubai Science Park Umm Suqeim St Al Barsha South Second,04-3775935
American Hsp Dubai Sc Park Ph,DXB,HOSPITAL PHARMACY,,Dubai Science Park Umm Suqeim St Al Barsha South Second,04-3775935
American Hospital Clinics Mira Pharmacy,DXB,PHARMACY,,Mira Town Center Al Qudra Road Al Yalayis 1,04-3775935
Alain Pharmacy - World Trade Center,DXB,PHARMACY,,Twin Tower A Al Rostamani Bldg World Trade Center,04-5477177
Alain Pharmacy - Dubai Silicon,DXB,PHARMACY,,Souq Extra Mall  Dubai Silicon Oasis,04-3342333
Alain Pharmacy -Damac Hills,DXB,PHARMACY,,Damac Mall Building  Damac Hills,04-2221334
Hkmat Alain Pharmacy,AUH,PHARMACY,,Al Seef Village Mall  Al Muntazah,02-6411225
Apoteke Pharmacy,AUH,PHARMACY,,Near Khalifa Square  Khalifa City,02-8846622
Alain Pharmacy - Al Ruwais,AUH,PHARMACY,,Opposite Emirates Post Beside Adcb Bank Al Ruwais,02-4416115
Alain Pharmacy - Rabdan,AUH,PHARMACY,,Former Ad Islamic Bank  Rabdan,02-6216664
Spanish Center Pharmacy,AUH,PHARMACY,,Spanish Medical Center  Al Bateen,02-5460666
Alain Pharmacy - Al Riyad City,AUH,PHARMACY,,The Courtyard Mall Opp Lulu Hypermarket Al Riyad City,02-6671980
Alain Pharmacy - Rawdhat,AUH,PHARMACY,,Al Neem Residence  Rawdhat,02-6282054
Alain Pharmacy - Yas Island,AUH,PHARMACY,,Noya Plaza Bldg  Yas Island,02-6351770
Alain Pharmacy - Al Zeina,AUH,PHARMACY,,Al Zeina  Al Raha,02-5517772
Alain Pharmacy - Al Nahyan,AUH,PHARMACY,,Plaza 30 Building  Al Nahyan,02-6260090
Alain Pharmacy - Khalifa City,AUH,PHARMACY,,Etihad Plaza Bldg  Khalifa City,02-6216663
Al Ain Pharmacy - Al Sa'Adah,AUH,PHARMACY,,Tower B Danat Square Al Sa'Adah Zone,02-6453444
Alain Pharmacy - Madinat Zayed,AUH,PHARMACY,,Al Dhafra Walk Bldg Madinat Zayed Al Dhafra Region,02-6353356
Alain Pharmacy - Khalifa City 2,AUH,PHARMACY,,Al Madina Freshmart Bldg  Khalifa City,02-3094547
Al Ain Pharmacy - Al Danah,AUH,PHARMACY,,Adnoc 999 Service Stn  Al Danah Area,02-6260650
