PROVIDER NAME,EMIRATE,PROVIDER TYPE,AREA,ADDRESS,TELEPHONE,lat,lon
AL BUSTAN MEDICAL CENTER PLUS LLC (MAFRAQ) ABU DHABI (EX NOOR AL SHIFA MEDICAL CENTER),AUH,Clinic,Mafraq,"New Shahama, Dubai Mafraq Road, Abu Dhabi",97125633380,24.5330834,54.6916854
Al Ain Ahili Medical Centre (Shk. Khalifa) Al Ain,AUH,Clinic,Al Ain City,"Opposite Al Sahir Cafeteria, Sheikh Khalifa Street, Al Ain",97126228294,24.277501,55.742462
Al Wahda Medical Centre - Abu Dhabi,AUH,Clinic,,"P.O.Box: 71469
Defence Road
Abu Dhabi, UAE",97126418383,24.471432,54.37083
Central Clinic - Abu Dhabi,AUH,Clinic,,"Level-2, New Emistate Tower. Hamdan Street, Next to Marks & Spencer",97126323497,24.487099,54.360266
EXPRESS GHAYATHI MEDICAL CENTER (WESTER REGION) ABU DHABI,AUH,Clinic,Western Region,"Express Hypermarket M8-BLOCK 4, Ghayathi Industrial Area, Ruwais Western Regoin Al Dhafra, Abu Dhabi, UAE",97128744430,23.91521486,52.80384555
Eastern Al Ahili Medical Center (M-24) Abu Dhabi,AUH,Clinic,,"M-24,Mussaffah , Abudhabhi , UAE.",9715856005,24.252256,54.628157
Eastern Al Ahili Medical Center Branch 1 (Hamdan Street) - Abu Dhabi,AUH,Clinic,,"Ahalia Hospital Building, Block A, 3rd Floor, Hamdan Street, Abu Dhabi",97124442235,24.3744107,54.4420756
Holistic Medical Centre (Khalifa City) - Abu Dhabi,AUH,Clinic,,"Villa 141, 12th Street, Khalifa City A, Abu Dhabi",97126661567,24.406564,54.552089
Ittihad Medical Center - Abu Dhabi,AUH,Clinic,,"P.O.Box 46091
Abu Dhabi-UAE",97126226611,24.48593,54.357165
LIFECARE MEDICAL CENTER LLC (AL WATHBA) - ABU DHABI,AUH,Clinic,,"NBB WORKERS CITY (A), RAZEEN, AL WATHBA, ABU DHABI",97125826812,24.215,54.754627
Noor Al Ahli Medical Center - Abu Dhabi,AUH,Clinic,Al Ain City,"Building #243-A, Sanaya, Al Ain, Abu Dhabi  PO Box: 83339",97137665852,24.221209,55.763108
Noor Al Ahli Medical Center Branch 1 - Abu Dhabi,AUH,Clinic,Mussafah,"M Floor, Gate #1, Inside Mall, Musaffah, ICAD Residential City, AUH  PO Box: 2419",97125575890,24.284368,54.606973
Noor Al Ahli Medical Center Branch 2 - Abu Dhabi,AUH,Clinic,Mussafah,"M Shabiyah, Building #C-5, Musaffah, AUHPO Box: 2419",97125530368,24.7879284,54.5139869
Noor Al Ahli Medical Center Branch 4 - Abu Dhabi,AUH,Clinic,,"Baniyas West, Abu Dhabi  PO Box: 2419",97125858529,24.277244,54.64359
Noor Al Ahli Medical Center Branch 6 - Abu Dhab,AUH,Clinic,,"Marfa Souq, Opposite Abu Saeed Mosque, Mirfa, Al Dhafrah Region, Abu Dhabi, UAE",97128833020,24.0985593,53.4922487
Oasis Medical Centre - Abu Dhabi,AUH,Clinic,Mussafah,"ICAD, Mussafa",97125506691,24.482562,54.373926
Oasis Medical Centre Branch 1 - Abu Dhabi,AUH,Clinic,Al Falah,"M floor, Oasis Building, Al Falah Street, Madinat Zayed Area, AUH PO Box: 2419",97126763282,24.4148718,54.3726007
Providence International Medical & Cosmetic Center LLC Abu Dhabi,AUH,Clinic,,"Camp Tower Building M1, Muroor Road Al Nahyan Camp, Abu Dhabi, Next to TeaTime Cafeteria, Opposite of ADCB",97126661197,24.466899,54.384528
Rahmath Sila Clinic - Abu Dhabi,AUH,Clinic,,"UAE Exchange Building, Al Sila, Abu Dhabi",97128724999,24.071665,51.763783
SABA MEDICAL CENTER LLC (MUSAFFAH INDUSTRIAL) ABU DHABI,AUH,Clinic,Mussafah,"13 ALJAZZEEM 2 STREET, MUSAFFAH INDUSTRIAL, ABU DHABI",97125523300,24.35344400,54.50058300
Star Al Ahalia Medical Center LLC - Abu Dhabi,AUH,Clinic,,"Building C76, Near Gayathi Market, Gayathi, Abu Dhabi PO Box: 2419",97128744677,24.3772309,54.5215505
Western Towers Al Ahlia Medical Center - Abu Dhabi,AUH,Clinic,Madinat Zayed,"MZE-Plot #158, Shop #10, Sanaya, Madina Zayed, AUH PO Box: 2419",97128840522,23.6621414,53.7269326
Al Borg Diagnostic Centre For Laboratories (Khalifa Bin Zayed St) Al Ain,AUH,Diagnostics,Al Ain City,"Unit No. 201, Bin Sedira Building, Khalifa Bin Zayed Street, Al Ain",800252674,0.00,0.00
Dar Al Mouasah Diagnostic Center,AUH,Diagnostics,,"P. O. Box 41810
Abu Dhabi
United Arab Emirates",97126260066,24.492711,54.366947
Ideal Clinical Laboratories - Abu Dhabi,AUH,Diagnostics,,"C-44, Mezzanine Floor, Opposite to Emirates Future International Academy",97125558448,24.336119,54.532071
Yateem Optician Branch 17 (Ruwais Mall) Abu Dhabi,AUH,Optical Center,,"Shop No. 29, 1st Floor, Ruwais Mall, Abu Dhabi",97128766622,24.075482,52.671654
ADNOC - AL DHANNAH HOSPITAL PHARMACY PRVSLY RUWAIS HOSPITAL PHARMACY - AL DHAFRA REGION,AUH,Pharmacy,Western Region,"Ruwais, Al Dhafra Region, Abu Dhabi, UAE",97126020575,24.077733,52.653158
ADNOC - Al Dabbayia Pharmacy - Western Region,AUH,Pharmacy,Western Region,"Al Dabbayia Area, Al Salia Road, Abu Dhabi, Western Region",97126020575,24.269000,54.161206
ADNOC - Al Ruwais Medical Center Pharmacy - Western Region,AUH,Pharmacy,Western Region,"Al Ruwais City, Al Sila Road, Abu Dhabi, Western Region",97126020575,24.084740,52.647709
ADNOC - Asab Pharmacy - Western Region,AUH,Pharmacy,Western Region,"Asab Area, Al Sila Road, Abu Dhabi, Western Region",97126020575,23.290115,54.227473
ADNOC - Bu Hasa Pharmacy - Western Region,AUH,Pharmacy,Western Region,"Buhasa Area, Abu Dhabi, Western Region
 P.O. Box: 11876",97126020575,23.547848,53.310986
ADNOC - Habshan Pharmacy - Western Region,AUH,Pharmacy,Western Region,"Habshan Area, Al Sila Road, Abu Dhabi, Western Region P.O. Box: 11876",97126020575,23.843328,53.643365
ADNOC - Zirku Pharmacy - Abu Dhabi,AUH,Pharmacy,,"Zirku Oilfield, Abu Dhabi",97126020575,0.00,0.00
ADNOC Onshore Medical Centre Pharmacy - Abu Dhabi,AUH,Pharmacy,,"Adco Medical Centre, Near Adco Operations,Al Khalidiyah,1st Corniche Street",97126020575,0.00,0.00
ADNOC Technical Institute Pharmacy - Abu Dhabi,AUH,Pharmacy,,"Al Shawamekh, Near Schlumberger - Abu Dhabi",97126020575,0.00,0.00
AL MANARA AL BAHIA PHARMACY (AL SHAHAMA) ABU DHABI,AUH,Pharmacy,al Shahama,"GROUND FLOOR, DEERFIELDS MALL, AL RUBBAN ST, AL SHAHAMA, AL BAHYAH",97125635059,24.52492611727156,54.67189809
AL MANARA AL RUWAIS PHARMACY (AL GHARBIA) ABU DHABI,AUH,Pharmacy,Al Gharbia,"GROUND FLOOR, DHANNAH MALL, SHEIKH KHALIFA RD, AL DHANNAH CITY, AL GHARBIA",97128760210,24.075505965023233,52.67152712
AL MANARA NEW PHARMACY (KHAHALIDIYATH) ABU DHABI (PREV.NEW AL MANARA PHARMACY),AUH,Pharmacy,Khalidiyah,"GROUND FLOOR, KHALIDIYAH TOWER, SHEIKH ZAYED THE FIRST ST, KHALIDIYAH ST, ABU DHABI",97126815080,24.469728338900083,54.34274107
AL MANARA PHARMACY ALCORNICHE (AL BATEEN) ABU DHABI,AUH,Pharmacy,Al Bateen,"FIRST FLOOR, NATION TOWERS MALL,  AL MAQAR ST, AL BATEEN",97126675454,24.46485947485907,54.32896382
AL MANARA PHARMACY BAWABAT ALSHARQ LLC (BANIYAS EAST) ABU DHABI,AUH,Pharmacy,Baniyas,"GROUND FLOOR, BAWABAT AL SHARQ MALL, STREET 6, BANIYAS EAST, BANI YAS",97125828270,24.31060607830226,54.62062299
AL MANARA PHARMACY BRANCH 1 ( AL SARAYA ST) ABU DHABI,AUH,Pharmacy,,"GROUND FLOOR, SOUQ PLANET, HADA-IQ AL RAHA ST, MADINAT ZAYAD, AL SARAYA ST, AL DHAFRA WESTERN REGION",97128840497,23.62373641686358,53.7159303
AL MANARA PHARMACY CAPITAL MALL (AL BARRAQ ST) ABU DHABI,AUH,Pharmacy,,"GROUND FLOOR, CAPITAL MALL, SECTOR ME2, AL BARRAQ ST, MOHAMED BIN ZAYED CITY",97124447642,24.376177495514348,54.53023677
AL MANARA PHARMACY YAS MALL (AL MAHA ST) ABU DHABI,AUH,Pharmacy,Yas Island,"GROUND FLOOR, YAS MALL HYPERMARKET, AL MAHA ST, YAS WEST, YAS ISLAND",97125650770,24.48887494187283,54.61005389
AL MANARA PHARMCY (WORLD TRADE CENTER) ABU DHABI,AUH,Pharmacy,,"LOWER GROUND FLOOR, THE WORLD TRADE CENTER MALL, AL MHALI ST, KHALIFA BIN ZAYED THE FIRST ST, ABU DHABI CITY",97126331618,24.487158250542002,54.35759669
AL Rida Pharmacy (Najda St.) Abu Dhabi,AUH,Pharmacy,,"Fatima Bint Mubarak (Najda St.), behind National Cinema, P.O. Box: 2419, Abu Dhabi, UAE",97126766125,24.492362,54.369251
ALMANARA ALMTQADMA PHARMACY (AL AIN MAL) ABU DHABI (PREVIOUSLY MANARA PHARMACY-AL AIN),AUH,Pharmacy,Al Ain City,"GROUND FLOOR, AL AIN MALL, BESIDE THE ENTRANCE, OTHMAN BIN AFFAN STREET, AL AIN",97137516670,24.222895662590048,55.78220002
ALMANARA PHARMACY BOUTIK MALL (KHALID BIN SULTAN ST) ABU DHABI,AUH,Pharmacy,Al Ain City,"GROUND FLOOR, REMAL MALL AL AIN, AL AIN ST, KHALID BIN SULTAN ST",97137644117,25.08719131199303,55.3130475
ASTER PHARMACY - BRANCH 5 - ABU DHABI,AUH,Pharmacy,,"Building No 7, Zayed Street, Electra, Abu Dhabi",97124489240,24.4898879,54.3673156
ASTER PHARMACY - FARMACIA HOME HEALTH CARE,AUH,Pharmacy,,"SafeerMall, Mussafah",97125529395,24.342404,54.528751
Advanced Al Ain Pharmacy - Al Ain,AUH,Pharmacy,Al Ain City,"Oasis Hospital - next to Starbucks Coffe Shop, Al Mutawaa, Al Ain",97137227626,24.217242,55.775901
Al Ahalia National Pharmacy,AUH,Pharmacy,Mussafah,"M-24, Musaffah, Near BMW show room",97128119119,24.360709,54.521455
Al Ahalia National Pharmacy LLC Branch 1 - Abu Dhabi,AUH,Pharmacy,Mussafah,"South Block, Al Ahalia Hospital Building, Tarif Road, M24, Near Workers Village, Musaffah, Abu Dhabi",97128119119,24.3622262,54.5220904
Al Ain Ahalia Pharmacy - Al Ain,AUH,Pharmacy,Al Ain City,"Near Planning Round About, Opp. Hsbc Bank",97137557979,24.21824,55.759478
Al Ain Modern Pharmacy - Al Ain,AUH,Pharmacy,Al Ain City,"Al Jimi, Al Ain",97137628919,24.242401,55.730491
Al Ain Pharmacy - Al Ain,AUH,Pharmacy,Al Ain City,"Khalifa Street, Al Ain",97137655120,24.225226,55.759088
Al Ain Pharmacy Bawadi Mall LLC - Al Ain,AUH,Pharmacy,,"Bawadi Mall, Unit G-121, Mezyad, Al Ain",97137686687,24.160636,55.807146
Al Anqood Pharmacy - Abu Dhabi,AUH,Pharmacy,Western Region,"Industrial Area, Madinat Zayed, Western Region, Abu Dhabi",97128845355,24.377673,54.509123
Al Burooj Pharmacy - Abu Dhabi,AUH,Pharmacy,,"M37 Behind Fresh & More, Musaffah, ABu Dhabi",97125545999,24.347522,54.500389
Al Dhafra Fields Pharmacy - Abu Dhabi,AUH,Pharmacy,Western Region,"Near Baniyas Spike Supermarket, Industrial Area, Beda Zayed City, Western Area Abu Dhabi",97128845273,24.4759,54.354515
Al MANARA PHARMACY ( AL SHAWAMEKH) ABU DHABI,AUH,Pharmacy,,"GROUND FLOOR, MAKANI MALL, AL DAAHI STREET, AL SHAMKHAH",97125850131,24.38742994979904,54.72325237
Al Manara Global Pharmacy (Zayed Port ) Abu Dhabi,AUH,Pharmacy,Port Zayed,"GROUND FLOOR, MINA CENTER COOP, AL SUHILIYAH ST, NAFHAT AL' OUD ST, ZAYED PORT
P.O. Box: 3084",97126734777,24.519043200856796,54.37219049
Al Manara International Pharmacy (Al Nahyan) Abu Dhabi,AUH,Pharmacy,Al Nahyan,"GROUND FLOOR, GOLDEN TOWERS A, BLOCK B, SULTAN BIN ZAYED THE FIRST STREET, AL NAHYAN, NEAR AL MAMOURAH-A BLDG",97126427677,24.464671162272587,54.38666557
Al Manara Pharmacy (Al Danah) Abu Dhabi,AUH,Pharmacy,Al Danah,"GROUND FLOOR, AL ETIHAD BLDG, KHALIFA BIN ZAYED THE FIRST ST NEAR MEDICLINIC AL NOOR HOSPITAL",97126269966,24.491441286123017,54.36087477
Al Manara Pharmacy (Khalifa City) Abu Dhabi,AUH,Pharmacy,,"GROUND FLOOR, ONE STOP CENTER, STREET 51, AIRPORT ROAD, KHALIFA CITY A",97125562979,24.40072686032534,54.57560749
Al Manara Pharmacy Al Bawadi Mall ( Al Noud) Al Ain,AUH,Pharmacy,,"ZAYED BIN SULTAN STREET, AN NAMA-A 5 ST CORNER AN NAMA-A 3 ST, AL NOUD",97137848802,24.162584997239804,55.80569564
Al Manara Pharmacy Marina Mall (AL Marina) Abu Dhabi,AUH,Pharmacy,,"LOWER BASEMENT FLOOR, MARINA MALL, AL MARSA STREET, AL MARINA, OPPOSITE OF CARREFOUR",97124413381,24.47540251345865,54.32201659
Al Muroj Pharmacy - Abu Dhabi,AUH,Pharmacy,,"Al Kabrath Baniyas West, Abu Dhabi, UAE",97125845622,54.6190825,24.3004151
Al Riyadh Pharmacy (Baniyas) Abu Dhabi,AUH,Pharmacy,,"Al Shawamekh, Baniyas, Abu Dhabi",97125829949,0.00,0.00
Al Wathba Pharmacy - Abu Dhabi,AUH,Pharmacy,,"Dr. Tariq
Al Wathba Pharmacy
P.O.Box 10414",97125833655,24.286829,54.641801
Alneem Pharmacy (Al Shahama) - Abu Dhabi,AUH,Pharmacy,,"Hyper Remeez Building, Beside Emirates Park Zoo, Al Shahama, Abu Dhabi",97125666886,24.5450262,54.6736614
Althiqa Al Almyiah Pharmacy (247) - Abu Dhabi,AUH,Pharmacy,,"Baniyas Cooperative Society, Shamama, Abu Dhabi",97125633505,24.2873471,54.6388212
Aster Pharmacies Group  - Branch of Abu Dhabi 3,AUH,Pharmacy,,"Building No. EC –C-19, Hamdan Street, Near to LULU International Exchange",97126229870,24.282852,54.642493
Aster Pharmacies Group - Branch of Abu Dhabi 1,AUH,Pharmacy,,"Al Hamed Building, Al Falah Street, Blue Diamond,  Behind Jumbo Electronics",97126437625,24.476232,54.3222
Aster Pharmacies Group - Branch of Abu Dhabi 2,AUH,Pharmacy,,"Dar Al Thalmiya, Khalidiya, Abu Dhabi, UAE, Behind Al Muhairy Centre",97126280582,24.480357,54.357037
Aster Pharmacies Group - Branch of Abu Dhabi 4,AUH,Pharmacy,,"Shop No 7&8,Bodebis building ,Defense Road, Deyyar",97124478482,24.480116,54.384827
Aster Pharmacies Group - Branch of Abu Dhabi 7 (Khalidiya) Abu Dhabi,AUH,Pharmacy,,"Al Shaheen Complex, Khalidiya, Abu Dhabi",97126395140,24.469637,54.340988
Aster Pharmacy - Branch 6 - Abu Dhabi,AUH,Pharmacy,,"Shabiya#10, Near to Joyalukas Jewelry, Musaffah, Abu Dhabi",97125502429,24.330007,54.535461
Aster Pharmacy - Branch 8 - Abu Dhabi,AUH,Pharmacy,,"Canon Building, Electra Street, Next to CBI Bank Building, Abu Dhabi",97126711831,24.495275,54.376304
BAB AL MADINA PHARMACY  (MUSSAFAH) ABU DHABI,AUH,Pharmacy,,"16th Street, Mussafah M-26, Shop no. 06, near Grand Mosque, Abu Dhabi, UAE",97126422464,24.3507183,54.5209474
BAB AL TEB PHARMACY (MUSSAFAH) ABU DHABI,AUH,Pharmacy,Mussafah,"SHOP # 7, PLOT # 81 SANAIYA M-26",97126261914,24.34922799,54.51875264
BIN SINA DELMA MALL PHARMACY - ABU DHABI,AUH,Pharmacy,,"Dalma Mall, ICAD Ground Floor - أبو ظبي",97125512385,24.34047119,54.52267679
Bangash Pharmacy LLC - Abu Dhabi,AUH,Pharmacy,,"Hamad Mubarak, Al Khaily Building, Sector 9, Baniyas East, Abu Dhabi",97125837685,24.2825931,54.6451098
Better Life Pharmacy (Khalifa St.) Abu Dhabi,AUH,Pharmacy,,"Khalifa Street, next to Mohammed Rasool Khory (ROLEX) Building, Abu Dhabi, UAE",97126222230,24.48905,54.355089
Better Life Pharmacy LLC Branch 1 - Abu Dhabi,AUH,Pharmacy,,"Airport Road, Khalifa Street, Corniche Road, Abu Dhabi PO Box: 2419",97126222230,24.488909,54.3527746
Bin Sina Al Khalidiya Pharmacy - Abu Dhabi,AUH,Pharmacy,,"Khalidiya St.
Abu Dhabi",97126395246,24.471804,54.346012
Bin Sina Al Muroor Pharmacy - Abu Dhabi,AUH,Pharmacy,,Abu Dhabi,97124498140,24.462288,54.360306
Bin Sina Dana Plaza Pharmacy - Abu Dhabi,AUH,Pharmacy,,"Dana Plaza 
ABU DHABI
P.O BOX 11245",97126669240,24.475647,54.346209
Bin Sina New Pharmacy - AUH,AUH,Pharmacy,,Khalifa City,97125562140,24.491436,54.361398
Bin Sina Pharmacy Mar. Mall - Abu Dhabi,AUH,Pharmacy,,"Basement Floor , Opposite Carrefour, Marina Mall, Abu Dhabi, UAE",97126815630,24.476232,54.3222
CLINIX PHARMACY (M11 INDUSTRIAL) ABU DHABI,AUH,Pharmacy,Mussafah,"GHAMRAN KHALFAN BUILDING, MUSAFFAH M11 INDUSTRIAL, ABU DHABI",97125500851,24.36052,54.51001
CLINIX PHARMACY (M17 INDUSTRIAL) ABU DHABI,AUH,Pharmacy,Mussafah,"SYED ALI LAHOOM BUILDING, MUSAFFAH M17 INDUSTRIAL, ABU DHABI",97125558611,24.36137,54.48515
Eastern Al Ahlia Pharmacy - Abu Dhabi,AUH,Pharmacy,,"Mr. Menom
Easter Al Ahlia Pharmacy
P.O. Box 2419
Abu Dhabi, UAE",97125823859,24.252032,54.627972
Expert Pharmacy - Abu Dhabi,AUH,Pharmacy,,"Mojumaat Workers Village, Hameem Road, Abu Dhabi P.o. Box: 6153",97126225566,25.2276768,55.2645333
Express Ghayathi Pharmacy - Abu Dhabi,AUH,Pharmacy,Western Region,Western Regio,97128740121,23.915186,52.803892
GALAXY PHARMACY - ABU DHABI,AUH,Pharmacy,,"BLDG. NO. – 37/146, SHOP NO. 6, NEAR AHMED SALEM AL - MAHRAMI MOSQUE, OPP AL MADINA HYPERMARKET, MUSSAFFAH 37, ABU DHABI",97125575413,24.3515898,54.4985403
Golden Health Pharmacy - Abu Dhabi,AUH,Pharmacy,,Hameem Road- Al Salam Living City,97125855550,24.153779,54.428778
HEALTH FIRST PHARMACY BRANCH 14 (AL AIN) ABU DHABI,AUH,Pharmacy,Al Ain City,"Shop No F14,Zayed Bin Sulthan Street,Barari Outlet Mall Al Ain",97137675176,,
Health First  Pharmacy- Branch 6-Abu Dhabi,AUH,Pharmacy,,"Judy Pharmacy
PO Box 4127
Abu Dhabi
U.A.E",97126668798,24.475638,54.353267
Health First National Pharmacy- Al Ain,AUH,Pharmacy,Al Ain City,Near Snow White,97137662131,24.22188,55.767238
Health First Pharmacy -  Branch 5,AUH,Pharmacy,,Shafiah Khalifa - Sector # 11,97125530036,24.32854,54.530894
Health First Pharmacy - St. Regis,AUH,Pharmacy,,"St. Regis Building, Ground Floor St. Regis Hotel
Sadiyat Island",97126219720,24.412212,54.3562978
Health First Pharmacy -Branch 3,AUH,Pharmacy,,Musaffah,97125527070,24.489902,54.358957
Health First Pharmacy Branch 10 - Abu Dhabi,AUH,Pharmacy,,Abu Dhabi,97125549055,24.341829,54.463479
Health First Pharmacy Branch 11 - Al Ain,AUH,Pharmacy,Al Ain City,"Souq Extra Al bateen LLC, 
Plot 14 Bateen -Al Ain",97137804288,24.217979,55.640258
Health First Pharmacy Branch 12 - Abu Dhabi,AUH,Pharmacy,,"Shop No: G12, Al Falal Village 1, Al Falah City",97126746989,0.00,0.00
Health First Pharmacy Branch 13 - Abu Dhabi,AUH,Pharmacy,,"Shop 417, 4th Floor Deerfields Mall, Al Bahia Abu Dhabi",97125646364,0.00,0.00
Health First Pharmacy Branch 15 - Abu Dhabi,AUH,Pharmacy,,"Khalidiya West,Zayed The First Street,Near Al Muhairy Center,Abu Dhabi",97126220644,,
Health First Pharmacy Branch 7 (Airport Rd.) AUH,AUH,Pharmacy,,"in side Carrefour, Airport Road - Abu Dhabi",97124494209,24.438398,54.454422
Health First Pharmacy branch 8- Abu Dhabi,AUH,Pharmacy,,"New Al Wathba Pharmacy
P.O.Box 10414
Abu Dhabi, UAE",97165394466,24.3002545,54.6262138
Health First Planet Pharmacy-  Branch 9 Abu Dhabi,AUH,Pharmacy,,Abu Dhabi,97125577611,24.451749,54.600815
Hkmat Al Ain Pharmacy - Al Ain,AUH,Pharmacy,Al Ain City,"Shop No. 14, Al Seef Village, Abu Dhabi",97126411225,24.242138,55.746411
JUNAID PHARMACY (AL DHAFRA) ABU DHABI,AUH,Pharmacy,Western Region,"BUILDING -C17, AL TAJANUS STREET, ABU DHABI",97128822844,23.13284,53.79941
Junaid Pharmacy Branch - 1 - Abu Dhabi,AUH,Pharmacy,,"Shop-1, Building 313, ME-10, Mussafah, Abu Dhabi",97125529944,24.3373885,54.5325628
Khyber Pharmacy LLC - Abu Dhabi,AUH,Pharmacy,,"Municipality Building, Sector 4, Baniyas West, Abu Dhabi",97125836800,24.2825931,54.6451098
LIFE CARE INTERNATIONAL PHARMACY L.L.C  BRANCH (AL WATHBA) - ABU DHABI,AUH,Pharmacy,,"NBB WORKERS CITY (A), RAZEEN, AL WATHBA, ABU DHABI",97125845314,24.215,54.754627
Lulu Al Ain Pharmacy - Al Ain,AUH,Pharmacy,Al Ain City,"Lulu Hypermarket, Sanaiyah, Al Ain",97137212330,24.219245,55.7733243
Lulu Al Ain Pharmacy - Branch,AUH,Pharmacy,Al Ain City,"Lulu Hypermarket, Kuwaitat, Al Ain",97137640677,24.2258161,55.770384
Lulu Al Foah Pharmacy  - Al Ain,AUH,Pharmacy,Al Ain City,"Lulu Hypermarket, Al Foah, Al Ain",97137843221,24.3439335,55.7899548
Lulu Khalidiyah Pharmacy  - AUH,AUH,Pharmacy,,"Lulu Hypermarket, Khalidiyah, Abu Dhabi (Khalidiyah Mall)",97126354440,24.469987,54.3494903
Lulu Raha Pharmacy - Abu Dhabi,AUH,Pharmacy,,"Lulu Hypermarket, Al Raha, Abu Dhabi",97125562607,24.438928,54.5719693
MEDICINA AL MUNEERA PHARMACY (AL RAHA) ABU DHABI,AUH,Pharmacy,,"AL RAHA STREET, AL RAHA BEACH - ABU DHABI",97125513004,24.45360,54.61327
MEDSTAR PHARMACY (ICAD RES.) MUSSAFAH ABU DHABI,AUH,Pharmacy,,"ICAD Residential City, ICAD City 1, Mussafah, Abu Dhabi",97125544212,24.34062338,54.48415305
MILLENIUM HOSPITAL PHARMACY LLC - ABU DHABI,AUH,Pharmacy,,"NEAR SARAVANAA BHAVAN, SHABIYA, MUSSAFAH, ABU DHABI",97128119119,24.34183444,54.53725841
Madinat Zayed Ahliyya Pharmacy - Abu Dhabi(24/7),AUH,Pharmacy,,"Sector 10, Shabia, Abu Dhabi, UAE  P.O. Box : 2419",97125593711,24.487798,54.359785
Medicina Alfalah Pharmacy - Abu Dhabi,AUH,Pharmacy,,"Al Falah Village 5, Village Centre Street, Al Falah Community, AUH",971549954696,24.469719,54.342791
Medicina Gulf Pharmacy - Abu Dhabi,AUH,Pharmacy,,"Muroor Street,Near Emke Trading, AUH",97124483454,24.3002545,54.6262138
Medicina International Pharmacy - Abu Dhabi,AUH,Pharmacy,,"Muroor Street, Near Alam Supermarket, AUH",97124496744,24.491436,54.361398
Medicina Pharmacy - Abu Dhabi,AUH,Pharmacy,,"Khalifa Street, Opp Al Noor Hospital, AUH",97126589543,24.490804,54.359152
Medicina Pharmacy - Branch 15,AUH,Pharmacy,,"P.O.Box: 34702
Abu Dhabi, UAE",97124419287,24.49161,54.360098
Medicina Pharmacy Branch 1 - AUH,AUH,Pharmacy,,"shop B1-13 Global Outlet mall Global City Al Rahba Al Shahama, Abu Dhbai UAE",97124479940,24.477223,54.355762
Medstar Pharmacy Sanaiya Al Ain LLC,AUH,Pharmacy,Al Ain City,P.O. Box: 46713,97124066938,24.14032,55.43235
Modern Ibn Sina Pharmacy- Al Ain (Alphamed),AUH,Pharmacy,Al Ain City,"Jimi Mall
P.O. Box: 23099",97137620605,24.24408,55.72666
National Al Ain Pharmacy - Al Ain,AUH,Pharmacy,Al Ain City,"Hili, Al Ain",97137627116,24.276843,55.763492
Natural Life Pharmacy - AUH,AUH,Pharmacy,,Dalma Mall Abu Dhabi,97120000000,25.2683737,55.2969684
New Abu Dhabi Pharmacy  (Al Falah St.) AUH,AUH,Pharmacy,,"Next to Taha Medical Center, Al Falah Street (Old Passport Road) - Abu Dhabi",97126777625,24.482257,54.373384
New Al Ain Pharmacy - Al Ain,AUH,Pharmacy,Al Ain City,"Al Muwaiji, near City Center, Al Ain",97137554440,24.223985,55.730994
Noor Al Ahli Pharmacy - Al Ain,AUH,Pharmacy,Al Ain City,"Building #243-A, Sanaya, Al Ain, Abu Dhabi",97137673627,24.1874909,55.76314649999995
Noor Al Ahli Pharmacy Branch 1 - Abu Dhabi,AUH,Pharmacy,Mussafah,"M Floor, Gate #1, Inside Mall, Musaffah, ICAD Residential City, AUH",97126146723,24.3392169,54.48929750000002
Noor Al Ahli Pharmacy Branch 2 - Abu Dhabi,AUH,Pharmacy,Mussafah,"M Shabiyah, Building #C-5, Musaffah, AUH",97125522309,24.334758,54.530682
Noor Al Ahli Pharmacy Branch 3 - Abu Dhabi,AUH,Pharmacy,,"Ground Floor, Ahmed Mohamed HArool Al Qubaisi Bldg., Sector 6, Plot # C13, Hamdan Street, AUH 
PO Box: 2419",97126263305,24.4880395,54.3600471
Noor Al Ahli Pharmacy Branch 4 - Abu Dhabi,AUH,Pharmacy,,"Baniyas West, Abu Dhabi PO Box: 2419",97125668124,24.277165,54.643643
Noor Al Ahli Pharmacy Branch 6 - Abu Dhabi,AUH,Pharmacy,,"Opposite Home Center, Hamdan Street, Abu Dhabi",97126210524,24.3622101,54.4542391
Noor Al Ahli Pharmacy Branch 7 - Abu Dhabi,AUH,Pharmacy,,"Ground Floor, Ahalia Hospital, Hamdan Street,AUH PO Box: 2419",97126269545,24.4135776,54.3549831
Noor Alahli Pharmacy - Branch 5  (Ahalia Group),AUH,Pharmacy,,"BANIYAS WEST, NEAR DAR-AL-ULOOM SCHOOL, BANIYAS, ABU DHABI",97125831929,24.467891,54.3347939
Noor Alahli Pharmacy - Branch 8  (Ahalia Group),AUH,Pharmacy,,"MARFA SOUQ, OPP ABUSAEED MOSQUE, MIRFA",97126410170,24.467891,54.3347939
PHOENIX HOSPITAL PHARMACY (Al Bustan Hospital Pharmacy)- Abu Dhabi,AUH,Pharmacy,Mussafah,"M-10, Shabiyah, Musaffah, Abu Dhabi",97126151515,25.3547485,55.3729833
RIGHT HEALTH PHARMACY (HABSAN) ABU DHABI,AUH,Pharmacy,,"SHOP NO: 2 AL DHAFRA, ABU DHABI",97124460157,53.507862,23.74556
Real 7 Pharmacy DMCC Branch (Masdar City) Abu Dhabi,AUH,Pharmacy,,"Unit No. M032, Ground Floor, My City Centre Masdar, Masdar City, Abu Dhabi",97145610000,24.429223,54.620612
SABA PHARMACY (MUSAFFAH INDUASTRIAL ) ABU DHABI,AUH,Pharmacy,Mussafah,"13 ALJAZZEEM 2 STREET, MUSAFFAH INDUSTRIAL, ABU DHABI",97125522300,24.353444,54.500583
Sofitel Pharmacy - Al Ain,AUH,Pharmacy,Al Ain City,"Abela Supermarket, Maqam, Al Ain",97137676439,24.183089,55.623093
Star Al Ahalia Pharmacy - Abu Dhabi,AUH,Pharmacy,,"C76, Near Gayathi Market, Gayathi, Abu Dhabi PO Box: 2419",97128744060,24.3772309,54.5215505
Taibah Al Ain Pharmacy - Al Ain,AUH,Pharmacy,Al Ain City,"Behind Al Ain Hospital, Al Ain",97137545288,24.225349,55.736264
Town Life Pharmacy (Abu Dhabi Mall),AUH,Pharmacy,,"Unit No. RA 18 (A15), Opp. Abu Dhabi Coop, Ground Floor, Abu Dhabi Mall, Abu Dhabi, UAE",97145610000,24.2966,55.7557
Unique Al Ahalia Pharmacy,AUH,Pharmacy,,"SALAH ALAMRI BUILDING,GROUND FLOOR,ME-10, SHABIYA",97125595441,24.467891,54.3347939
Unique Al Ahalia Pharmacy - Branch 2,AUH,Pharmacy,,"DELMA STREET, AIRPORT ROAD",97126410039,24.457094,54.370056
Unique Al Ahalia Pharmacy Branch 1 - Abu Dhabi,AUH,Pharmacy,,"Behind Liwa Center, Hamdan Street, Abu Dhabi PO Box: 2419",97126352775,24.479077,54.362801
Western Towers Al Ahalia Pharmacy - Abu Dhabi,AUH,Pharmacy,,"MZE-Plot #158, Shop #10, Sanaya, Madina Zayed, AUH PO Box: 2419",97128841020,23.6621414,53.7269326
GOLDEN STAR MEDICAL CENTER (AL RASHIDIYA 3) AJMAN,AJM,Clinic,,"Ground Floor, Noor Building, Beside Ajman One Tower, Rashideya 3, Ajman",97167422730,25.2456255,55.359607
AL SANAIYA CLINIC (JURF 1) AJMAN,AJM,Clinic,,"Opp Ajman Korea Furniture , Next to China Mall, Al Jurf, Ajman",97167484078,25.428703,55.522864
Abdul Aziz Medical Centre LLC - Ajman,AJM,Clinic,,"Al Salam Building, Floor F, Office No. 5, Sheikh Maktoum Bin Rashid Street, Al Hamadiya, Ajman",97167310722,25.39626,55.5229
Ajman Medical Center - Ajman,AJM,Clinic,,"Al Mobhat Roundabout, New Industrial Area, Al Zahra Building, Ajman",97167430088,25.313055,55.5287426
Al Bustan Medical Center (Jurf) Ajman,AJM,Clinic,,"Jurf Ajman, UAE Exchange Building, Near China Mall, Jurf, Ajman",97167488202,,
Al Dhuha Medical Centre (Al Rumaila 3)- Ajman,AJM,Clinic,,"Rumaila 3, Shaikh Rashid Bin Humaid Street, Opposite to Ajman One Tower, Ajman",97167405633,25.405577,55.44288
Al Durra Dental Clinic (Liwara 2) Ajman,AJM,Clinic,,"Near Al Ahlyia Charity School, Liwara Bldg. Liwara 2, Ajman",9710505502165,0.00,0.00
Al Elaj Medical Centre - Ajman,AJM,Clinic,,"Ramilah R/A, Opp. Verona Resort, Union national bank Bldg., Ajman",97167418880,25.394162,55.428035
Al Gharafa Medical Centre - Ajman,AJM,Clinic,,"Near Al Manama Hypermarket Above Al Ahlia Exchange Centre, Ajman",97167448322,25.410942,55.444076
Al Nahrain Specialty Medical Center (Al Nuaimia 2) - Ajman,AJM,Clinic,,"Sky Tower Building, 6th Floor, Dheikh Khalifa Bin Zayed Road, Ajman",97167449144,25.386551,55.455428
Al Nuaimia Clinic - Ajman,AJM,Clinic,,"Bagdad super market Building, New Sanaiya Industrial area, Near Sun city supermarket, Ajman",97167432262,25.37536,55.476837
Al Rukn Medical Center (Al Rashidiya 3) Ajman,AJM,Clinic,,"1st Floor, Room#18, Building #3, Manr Al Amar, Opposite Al Hooth Supermarket,Ajman",97167402209,25.396558,55.491799
CAREPLUS MEDICAL CENTER LLC  (RASHIDIYA) AJMAN,AJM,Clinic,,"Flat No. 115, 1st Floor, KM Trading Building, Opposite to Lulu Hypermarket, Ajman, UAE",97167473341,25.0098,55.1038
Clinica Medical Center (Al Zora) Ajman,AJM,Clinic,,"Villa 13, Flamingo Villas, Etihad Road, Al Zora ,P.O. Box: 666, Ajman, UAE",97165619607,25.424139,55.495718
Dear Health Medical Center (Rashidiya 3) Ajman,AJM,Clinic,,"1st Floor, Al Swan Tower, Sheikh Rashid Bin Humad St. Rashidiya 3 , Ajman",971674713366,25.23259,55.27492
Huda Alalousi Specialized Medical Center LLC - Ajman,AJM,Clinic,,"Ajman, Al Zorah, Etihad Street, Flamingo Villa No. 41, Ajman",97167487776,25.4194208,55.4867729
Ibtesam Medical Centre (Rashidiya 3) Ajman,AJM,Clinic,,"Flat 101-103, Andalus 1 Building, Sheikh Khalifa, Rashidiya 3, Ajman",97167312929,25.392807,55.434673
International Specialist Medical Centre - Ajman,AJM,Clinic,,"Kuwait Road, Along Naimiya Towers (In Front of Al Madina Pharmacy) Shafiq Rana Mohd Building, 1st Floor, Naimia, Ajman  Tel No: 06-7499516",97167463400,25.386551,55.455428
MODERN MEDICAL CENTRE (INDUSTRIAL AREA 3)  AJMAN,AJM,Clinic,,"Tecton Building, Jeddah Street, Al Jurf Industrial Area 3, Ajman",97167469695,25.43044,55.53551
Metro Medical Centre - Ajman,AJM,Clinic,,"Al Nuaimiyah, Opp Ramada Hotel, Khalifa Bin Zayed St. Flat 3 ,4, 5 ,6 ,7 , Ajman",97167469694,25.388628,55.459609
National Clinic - Ajman,AJM,Clinic,,"New Sanaiya Industrial area, Near Lucky Roundabout and Lucky Supermarket,  Ajman",97167480780,25.37536,55.476837
Right Health Clinic Jurf - Ajman,AJM,Clinic,,"Ajman, Al Jurf, UAE",97167494969,25.4398605,55.5436262
SHEIKHA CLINIC LLC PRVSLY FIRST AID CLINIC (AL JURF) AJMAN,AJM,Clinic,,"Flat No. 106, 1st Floor, Near Oscar Grand Cellar, Behind China Mall, Al Jurf, Ajman",97167446752,55.538848,25.430533
SHIFA AL JAZEERAH MEDICAL CENTRE LLC (SANAYYA) AJMAN,AJM,Clinic,,"Near Nesto Hyper MArket New SAnyya, Ind, Area2, Ajman, UAE",97167444830,25.37693,55.46395
Skin and Teeth Medical Center LLC - Ajman,AJM,Clinic,,"Flamingo Villa, Villa No. 37, Al Zorah, Ajman, UAE",97167444560,,
Thiqa Dental Clinic (Al Rumaila 3) - Ajman,AJM,Clinic,,"Al Shorofa 1 Builing Office No. 108, Sh. Rashid Bin Humaid, Next to Nissan Showroom, Ajman",97167467020,55.429473,25.396478
AL SANAIYA PHARMACY ( Ind Area 1) AJMAN,AJM,Pharmacy,,"PO 3484 Shop No 8 & 9 ,Ground Floor ,Sheikh Ammar Bin Humaid Street ,Jurf  Ind Area 1",97167404141,25.433699,55.52922873
Access Pharmacy - Ajman,AJM,Pharmacy,,"Haramain Souk,New Industrial Area, Near to Emirates Gas",97167462011,25.381629,55.468314
Al Bustan Pharmacy - Ajman,AJM,Pharmacy,,"Al Bustan Building, Opp Madina Police St.
P. O. Box: 12663",97167447969,25.413237,55.446851
Al Nuaimia Pharmacy - Ajman,AJM,Pharmacy,,"Ali Hameed Mohammed Kumaiti, Ground Floor, al Nuaimia street, Al Nuaimia, Ajman",97167467871,25.378603,55.472512
Al Saqer Pharmacy - Ajman,AJM,Pharmacy,,"Musalla Souq,, Behind Al Ahalia Exchange Al Bustan, Ajman",97167488329,25.410933,55.444417
Aster Pharmacy (Ajman Co-Op.) Ajman,AJM,Pharmacy,,"Ajman Co-Operative Society, Ajman, UAE",97167496363,25.394129,55.454619
Aster Pharmacy 154 (Rumaila 3) Ajman,AJM,Pharmacy,,"Al Aqar Tower 3, Shop No. 27, Ajman Corniche, Rumaila 3, Ajman",97167314840,25.404793,55.430275
Aster Pharmacy 159 (Rashidiya 3) Ajman,AJM,Pharmacy,,"Shop No. 5, Al Manar Tower, Corniche Road, Rashidiya 3, Ajman",97167453226,25.398493,55.432556
Aster Pharmacy 163 Br of Aster Pharmacies Group LLC - Ajman,AJM,Pharmacy,,"Shop No.7, Nesto Hypermarket, Al Imam Al Shafee Street, Hamidiya 1, Hamidiya, Ajman",97165461822,25.410512,55.51793
Grand Pharmacy (Sheikh Khalifa Bin Zayed St.) Ajman,AJM,Pharmacy,,"Spinneys, Dana Plaza, Near Spinneys, Sheikh Khalifa Bin Zayed St., Ajman, UAE",97167444840,25.394859,55.427805
Hala Pharmacy Branch 01 (Ajman City Centre),AJM,Pharmacy,,"Unit No. 58, Gorund floor, Entrance D, Ajman City Centre, Ajman, UAE",97145610000,25.400085,55.479774
Hala Pharmacy Branch 49 (Rumaila) Ajman,AJM,Pharmacy,,"Unit No. Shop No. 3, Rumaila, Al Shorafa Tower 2, Ajman, UAE",9714561000,25.40433,55.260078
Life Pharmacy (Al Ramila) Ajman,AJM,Pharmacy,,"Shop No. 108, Al Manama Hypermarkets, Al Ramila, Ajman Road - Ajman",97167452188,25.3949434,55.447145
Lulu Pharmacy - Ajman,AJM,Pharmacy,,"Lulu Hypermarket, Al Bustan, Ajman",97167457771,25.406822,55.444069
MEDICINA PHARMACY - BRANCH 01 (AL RUMAILAH) AJMAN PRVSLY MEDICINA 29 PHARMACY - AJMAN,AJM,Pharmacy,,"Shop No. 3 & 4, Rawdah 3, Sheikh Ammar Bin Humaid St - Ajman",971065211701,25.3926668,55.5056631
METRO PHARMACY (AL JURF) AJMAN,AJM,Pharmacy,,"GROUND FLOOR, TECTON PLAZA, AL JURF, AJMAN UAE",97164769664,25.424101,55.496799
Medicom 18 (Safeer Mall) Ajman,AJM,Pharmacy,,"Safeer Mall, Sheikh Khalifa Bin Zayed Street - Ajman",97167464665,25.390393,55.445104
Medicom Pharmacy 27 -  Ajman,AJM,Pharmacy,,"Shop No.1, Abdullah abu shihab Building, Sheikh kaleefa street",97167412013,25.388465,55.46139
Metro Meds Pharmacy - Ajman,AJM,Pharmacy,,"P.O. Box: 16168
Ajman, UAE
Below Metro Medical Centre, Sheikh Khalifa Bin Zayed St.",97167469692,25.388628,55.459609
New Grand Pharmacy (King Faisal Rd.) Ajman,AJM,Pharmacy,,"Marayem Building,King Faisal Road,Al Nuaiemiyah - Ajman",97167412588,25.41063,55.504641
New Sanaiya Pharmacy - Ajman,AJM,Pharmacy,,"Bagdad super market Building, New Sanaiya Industrial area, Near Sun city supermarket, Ajman",97167434034,25.369476,55.484479
Northern Al Ahliah Pharmacy,AJM,Pharmacy,,"AL WAKF BUILDING,GROUND FLOOR,BEHIND AJMAN GENERAL POST OFFICE & NBAD",97167401876,25.408812,55.444506
Pharmacy Ahalia,AJM,Pharmacy,,"NEAR EMIRATES MARKET, ASYAD TOWER, AL ITTIHAD STREET",97167679587,25.272989,55.382148
Right Health Pharmacy Jurf - Ajman,AJM,Pharmacy,,"P.O. Box : 3484, Ajman, UAE",97167494969,25.4399175,55.54366
Right Health Pharmacy Jurf - Owned by Owner - One Person Co LLC - Ajman,AJM,Pharmacy,,"Shop No. 2, Jurf Industrial Zone2, Ajman",97167404141,25.4318753,55.5647346
ABSOLUTE WELLNESS MEDICAL CENTRE (AL QUOZ 3) DUBAI,DXB,Clinic,AL QOUZ THIRD,"NO.101-105, SALMAN EBRAHIM BUILDING, AL QUOZ 3, DUBAI UAE",97143361355,25.1539420286742,55.2438007037092
ADVANCED CARE MEDICAL CENTER BRANCH - AL QUOZ 2,DXB,Clinic,AL QOUZ SECOND,"PASON'S SUPERMARKET BUILDING, BEHIND JOTUN PAINT FACTORY, AL QUOZ 2",97142355200,25.13641,25.13641
ADVANCED CARE MEDICAL CENTER BRANCH -DIC,DXB,Clinic,,"""Souq No :4, Shop Number : 4 & 5,
Seihshoweb 4, Labour City 3,
Dubai Industrial City,
Dubai - UAE""",97148786503,24.82919,55.08127
ADVANCED CARE MEDICAL CENTER LLC BRANCH (INDUSTRIAL AREA 1) DUBAI,DXB,Clinic,,"CROWN MALL, GROUND FLOOR, SHOP NO: 30, JEBAL ALI INDUSTRIAL AREA 1",91743807807,24.99712,55.14114
AL AZHAR CLINIC LLC 4,DXB,Clinic,,"""Building Name: XPO Mall 
 Street Name: MADINAT HYPERMARKET Apartment/Villa Number: 10
Area Name: Jebel Ali Industrial-3""",97148806616,24.5912,55.0823
AL QUOZ CITY STAR POLYCLINIC (AL QUOZ 3) DUBAI,DXB,Clinic,AL QOUZ THIRD,"202 Alrostamani Esrare Co. LLC, Al Quoz, Dubai, UAE",97143285130,25.1571175,55.2451727
AL SHIFA AL KHALEEJI MEDICAL CENTRE (AL MURAQQABAT) DUBAI,DXB,Clinic,AL MURAQQABAT,"AL SHIFA AL KHALEEJI MEDICAL CENTRE, OPP DEIRA HOUSE NEAR HYATT PLACE HOTEL, AL MURAQQABAT ,DEIRA,DUBAI",97142940786,,
Advanced Care Medical Center (Al QUOZ) - Dubai,DXB,Clinic,AL QOUZ FOURTH,"P.O. Box: 283235
Near National Cement, Al Qouz 4
Dubai",97143397664,25.156424,55.247652
Advanced Care Medical Center Branch (DIP) - Dubai,DXB,Clinic,DUBAI INVESTMENT PARK SECOND,"DIP, Dubai, P.O Box: 283235,",97148850788,24.976184,55.201426
Advanced Care Medical Center Branch (Muhaisnah 2) - Dubai,DXB,Clinic,MUHAISANAH SECOND,"Shop # 17, Ground Floor, Shaklan Hypermarket 2, 32A Street, Near Al Qusais Bus Station, Dubai",97142636800,25.270472,55.431127
Advanced Care Oncology Center (Jebel Ali Village) Dubai,DXB,Clinic,,"Al Furjan, Jabel Ali 1, Dubai, UAE",97145656300,25.0153283,55.1173661
Al Amal Polyclinic - Dubai,DXB,Clinic,AL SATWA,"Behind Satwa Govt. Clinic, Opposite Emirates Bank,  Satwa, Dubai, UAE.",97143329833,25.230266,55.276567
Al Azhar Clinic - (DIP) Branch 2 - Dubai,DXB,Clinic,,"Parsons S/M Building, DIP 2, Dubai",97148895306,25.006768,55.105686
Al Azhar Clinic - Dubai,DXB,Clinic,,"Ali Mesmar Shopping Mall, Behind Ramla Supermarket, Dubai Investment Park (DIP) Labor Accomodation Area, Dubai",97148859596,24.971646,55.171667
Al Azhar Clinic Branch - Dubai,DXB,Clinic,,"12 Al Aradhi Al Alya Foodstuff Trading LLC, Jebel Ali Industrial Area 1, Near Nesto & Parco Supermarket, Dubai",97148800545,24.984181,55.187835
Al Hana Medical Center (Satwa) Dubai,DXB,Clinic,,"Satwa Home Building, Behind Satwa Municipality Spring Super Market, Satwa, Dubai",97143491488,25.217740,55.272490
Al Lubnani Medical Center LLC Dubai Branch,DXB,Clinic,,"605, Elite Business Tower, Al Barsha Dubai, 00971508806363",97142288766,25.1676847,55.1881933
Al Mansoor Medical Center (Al Souq Al Kabeer) Dubai,DXB,Clinic,AL SOUQ AL KABEER,"Al Musalla Road, 101 Moosa Building, , Bur Dubai, Dubai",97143554040,25.261444,55.299572
Al Mashaher Medical Centre - Dubai,DXB,Clinic,,"Muhaisnah 2, Sheikh Khalid Buildng, Street 24, Near UAE Exchange, Dubai",971426633309,25.261781,55.424315
Al Munira Clinic - Dubai,DXB,Clinic,AL RAFFA,"Al Munira Clinic
Opposite Dubai Marine Hotel
P.O. Box 51561
Dubai, UAE",97143522813,25.24821,55.2452794
Al Murjan Medical Center (Al Quoz) - Dubai,DXB,Clinic,AL QOUZ THIRD,"Al-quoz-3, P.O.Box: 34647, 1st Floor, 102, Brashy Building, Sheikh Zayed Road,,Nissan Showroom,Noor Islamic Metro Station, Dubai",97143395575,25.158063,55.230983
Al Sanaiya Medical Clinic (SONAPUR) - Dubai,DXB,Clinic,,"Muhaisnah 2, Labor Camp Area, Near Baladiya Labor Camp - SONAPUR",97142543500,25.264322,55.412973
Al Sanaiya Medical Clinic Br (Al Quoz) - Dubai,DXB,Clinic,AL QOUZ FOURTH,"Al Quoz Industrial Area 4, Near Al Madina Supermarket, Dubai",97143407548,25.127617,55.235405
Al Shifa Al Khaleeji Medical Centre LLC Branch - Dubai,DXB,Clinic,,"Bayan Business Centre, DIP 1, Dubai, UAE",97148800920,55.1727006,24.998111
Al Shifa International Clinic (Jebel Ali 1) Dubai,DXB,Clinic,,"Shop 2, Khalid Jamal,
Jebel Ali Commercial Building,
Near Joseph Advertisement,
Parco - Jebel Ali, Dubai",97148800878,,
Al Taif Medical Centre - Dubai,DXB,Clinic,NAIF,"P.O. Box: 22098
Opp. West Hotel, Naif Road, Deira, Dubai",97142222383,25.273943,55.308019
Anaya Medical Center - Dubai,DXB,Clinic,AL QOUZE IND.THIRD,"Farnek Building, Al Quoz Industry 3, Dubai",97143441615,25.1539,55.2457
Anaya Medical Center LLC Branch (Jebel Ali 1) Dubai,DXB,Clinic,JABAL ALI FIRST,"Shop # 18, Crystal Mall, Jebel Ali 1, Dubai",97142341479,,
Apple Clinic (International City - France) - Dubai,DXB,Clinic,,"International City
France Cluster
Bldg # 96
P. O. Box: 78601",97144227533,25.161046,55.404755
Apple International Poly Clinic (International City- Greece)- Dubai,DXB,Clinic,,"Greece K-14, International City, Dubai",97142776211,25.1950861,55.2789448
Ash Tree Clinic (Bur) Dubai,DXB,Clinic,,"Meena Bazar , Amwaj Building M02 Near Sharaf DG shop , BURDUBAI",97143337633,25.262719,55.292921
Bright Life Medical Center (DIP 2) Dubai,DXB,Clinic,DUBAI INVESTMENT PARK SECOND,"1st Floor Pason's Hypermarket, Above Landmark Bldg. Dubai Investment PArk 2, Dubai",97148833000,,
CITICARE MEDICAL CENTER (ARJAN) DUBAI PRVSLY PESHAWAR MEDICAL CENTER (ARJAN ) DUBAI,DXB,Clinic,,Al Salam Building Al Barsha South Arjan PO Box 80418 Dubai UAE,97147700948,25.272473,55.330762
Care Plus Medical Centre - Dubai,DXB,Clinic,,"Jebel Ali Industrial Area 1, P.O. Box 95900, Dubai, UAE",97148829333,25.009787,55.103788
Care and Cure Medical Center - Dubai,DXB,Clinic,,"Office No - 101 & 102 , Po.Box No - 392676, Eiffel Accommodation-2 BLDG, Opp: Belhasa Driving School , Near Al Khail Mall, Alquoz-3 , Dubai , U.A.E.",97143399162,25.15616,55.26192
Cosmopolitan Medical Centre - Dubai,DXB,Clinic,,"Mashreq Bank Bldg, Al Khor, Bur Dubai (Prev. Al Baraka Polyclinic)
P.O.Box : 45099",97143257457,25.262,55.293699
Cosmopolitan Medical Centre Br.  -Al Mamzar - Dubai ),DXB,Clinic,,"Abuhak, Hor Al Anz East, Dubai
P.O. Box: 21866
Dubai",97142687272,25.262007,55.293675
DR. ISMAIL POLYCLINIC MALL BR(JEBAL ALI 1ST) DUBAI,DXB,Clinic,JABAL ALI FIRST,"JEBAL ALI GATE MALL, SHOP-22	JEBAL ALI INDESTRIAL FIRST, DUBAI",97143474537,24.978625,55.137434
Doctors Clinic - Dubai,DXB,Clinic,AL RIGGA,"ddress: Office # 206, 2nd Floor, Al Owais Building, Baniyas Road, Al Nasser Square, Deira, Dubai         
 Landmark: Opposite Landmark Hotel Zip Code: 39031",97142246688,25.268742,55.304851
Dr. Ismail Medical Center - Al Karama Dubai,DXB,Clinic,,"A4,first floor, Sheikh Mohammed Building, Al Karama
P.O.Box 6628, Dubai - UAE",97143378585,25.238956,55.301649
Dr. Ismail Medical Centre - Al Quoz - Dubai,DXB,Clinic,,"BEhind Ola Al Madina Super Market, AL Quoz, Dubai",97143381550,25.127433,55.235802
Dr. Ismail Medical Centre - Muhaisanah,DXB,Clinic,MUHAISANAH SECOND,Muhaisanah,97142646529,25.273515,55.427304
Dr. Ismail New Polyclinic- Discovery Garden - Dubai,DXB,Clinic,,"DG,Zen-02 Cluster, Building 12 Shop 2,8,9, Grand Midwest hotel ,Discovery Garden, Jebel Ali",97144494087,25.049437,55.13142
Dr. Ismail Polyclinic Branch - Jebel Ind2 - Dubai,DXB,Clinic,,"AWQAF BULD, FIRST FLOOR, NEAR PRACO AREA, JEBAL IND- 2, DUBAI",97148877750,25.007188,55.105862
Dr. Ismail day Surgical Centre (Al Karama) Dubai,DXB,Clinic,,"Behind Lulu Hypermarket, Next Etislat Office, 41 Street, Al Karama, Dubai",97143962533,25.2406368,55.2983633
Dr. Reena Beegum Clinic - Dubai,DXB,Clinic,NAIF,"P. O. Box: 251600, NAIF, Snow White Building, Mezzanine Floor Omar Bin Al-Khattab Rd Fish Round About
Dubai, UAE",97142240060,25.272757,55.31583
Dulsco Medical Clinic (Al Qouz 4) - Dubai,DXB,Clinic,AL QOUZ FOURTH,"Al Qouz Industrial area 4, in Dulsco Village",97143232442,25.228914,55.275121
Dulsco Medical Clinic Branch (DIC) - Dubai,DXB,Clinic,,"Sheikh Mohammed Bin Zayed Road, Labor Village 1, Industrial City, Dubai",97144219354,24.8536,55.0647
Emirates Star Medical Centre - Dubai,DXB,Clinic,,"P.O.Box 96968
AL Quoz
Dubai, UAE",97143468861,25.138407,55.258186
Emirates Star Medical Centre Branch (JAFZA)- Dubai,DXB,Clinic,,"Jafza North Next to Village Hypermarket, Dubai",97145904924,24.9730143,55.1285393
FARNEK GENERAL CLINIC (INDUSTRIAL AREA) DUBAI,DXB,Clinic,,FARNEK VILLAGE JEBAL ALI IND AREA	ST 80C,9714382440,24.9884658103599,55.1418294142271
FRONT LINE MEDICAL CENTER (AL KARAMA) DUBAI,DXB,Clinic,,"106, B Block, Al Attar Centre, Karama, Opp. Spinneys, Above Chappan Bhog Restaurant , Dubai",97143979702,25.2480248,55.2984137
G S M MEDICAL CENTRE (AL SATWA) DUBAI,DXB,Clinic,,Muaded Almazrouei Bdlg - 1st floor - Al Satwa Rd - near Satwa Roundabout - Al Satwa - Dubai,97148831002,25.0041191,55.1522054
GREEN CITY MEDICAL CENTER (AL QOUZ FOURTH) DUBAI,DXB,Clinic,AL QOUZ FOURTH,"Oberoi Building, Al Quoz 4, Dubai",97143333450,25.157845,55.251068
Grand Infinity Medical Center (Muhaisnah 4) Dubai,DXB,Clinic,MUHAISANAH FOURTH,"Muhaisnah 4, Mohaisna New Bldg., Dubai",97142515458,25.28531,55.39948
Grand Infinity Medical Center Branch (Deira) Dubai,DXB,Clinic,,"Project Muteena, SHOP NO:4,Next to GRAND EXCELSIOR HOTEL, Muteena, Deira, Dubai",97143361055,24.925416,54.972087
HMC Medical Center (Motor City) - Dubai,DXB,Clinic,,"G03, Detroit House, Blue Mart Super Market, Motor City, Dubai",97145668336,25.046106,55.2290453
Houston Medical Clinic (Al Barsha) - Dubai,DXB,Clinic,AL BARSHA FIRST,"102 And 103, Elite Busnes Center, Al Barsha 1, Dubai P.O. Box: 50224",97143850603,25.116645,55.205853
Houston Medical Clinic (Al Quoz 3) Dubai,DXB,Clinic,,"Office No. 101, RNA Resource Building, Al Quoz 3, Dubai",97143850603,0.00,0.00
Jansons Stars Polyclinic - Dubai,DXB,Clinic,AL RAFFA,"Previously Known as Jansons Shaheen Polyclinic
Updated Dec12
P.O. Box 5868
Dubai, UAE",97143933280,25.259542,55.290984
KIMS Medical Centre - Dubai,DXB,Clinic,,"Next to Abu Bakar Al Seddique Metro Station, Al Dosari Bldg, Ground Floor, Deira, Dubai PO.Box: 82909,",97142624500,25.270999,55.332421
KINGS MEDICAL CENTER (AL RIGGA) DUBAI,DXB,Clinic,AL RIGGA,"AL RIGGA BUSINESS CENTER, AL RIGGA, DUBAI UAE",97142552020,25.26682,55.32376
Karama Medical Center Al Quoz Mall Br - Dubai,DXB,Clinic,AL QOUZ THIRD,"BUILDING NAME : AL  QOUZ MALL , UNIT/ VILLA NO.  SHOP NO 27, 28 ,31, 32 . MAKANI NUMBER : 2075479749",971043306040,25.1258211,55.2230519
Karama Medical Center Br - (JVC) Dubai,DXB,Clinic,,"No. 4 Bldg M1, AMSA Jumeirah Village Circle, Dubai",97144229867,25.065981,55.211095
Karama Medical Centre (Burjuman 247) Dubai,DXB,Clinic,,"Al Yateem Bldg. Shop No. ! & 2, Near Burjuman Metro Station, Dubai",97143533008,25.2531798,55.3049263
Karama Medical Centre (Karama) - Dubai,DXB,Clinic,AL KARAMA,"Sony Showroom Building, Karama area
P.O.Box 52001
Dubai, UAE",97143366889,25.238460866960583,55.30549921811147
Karama Medical Centre - DIP Branch,DXB,Clinic,DUBAI INVESTMENT PARK FIRST,"1st Floor Park Shopping Copmlex, DIP, Dubai",97148858538,25.128741,55.232483
Karama Medical Centre Br - Al Quoz,DXB,Clinic,AL QOUZ FOURTH,"Al Quoz Industrial Area 4
P. O. Box: 52001",97143413645,25.128741,55.232483
Karama Medical Centre Br Muhaisnah - Dubai,DXB,Clinic,MUHAISANAH SECOND,"Jiwin Staff Accomodation, Opp Dubai Municipality, Muhaisnah 2, Sonapur, Dubai",97142630341,25.257664,55.423898
Karama Medical Centre Br. Al Khail Gate (AL QUOZ ) - Dubai,DXB,Clinic,AL QOUZ SECOND,"New West Zone Mall, Al Khail Gate, Dubai",97144533534,25.1389094,55.2529877
Khalidha Medical Centre - Dubai,DXB,Clinic,,"1st Floor, Office 103 &104, Shehar-E-Karachi Restaurant Bldg., Latifah Bint Hamdan St., Al Quoz Industrial Area -3, Dubai",97143381947,25.151568,55.243709
Lifeguard General Clinic LLC (Jebal Ali),DXB,Clinic,,"SHOP # 8 , AL MEDINA SUPERMARKET COMPLEX
70 STREET JEBAL ALI INDUSTRIAL AREA",97145806451,0.00,0.00
Live Care Clinic LLC - Dubai,DXB,Clinic,,"13th Street, 1st Floor, Shoppers Mall, Jebel Ali Industrial Area 1, Dubai",97148848848,25.0072001,55.1082079
MAGNUM CLINIC FZE-DUBAI,DXB,Clinic,,"201&216, SIT Tower, Dubai Silicon Oasis, Dubai",97143973738,25.1178,55.3905
MVR DIAGNOSTIC CLINIC (GARHOUD) - DUBAI,DXB,Clinic,AL GARHOUD,"Ground Floor, Flora Inn Hotel, Airport Road, Al Garhoud, Dubai",97142327111,25.2524356,55.3408045
Medilife Polyclinic LLC - Dubai,DXB,Clinic,AL QOUZ FOURTH,"Al Ameed Mall, Al Qouz 4, Dubai",97143219550,25.14731,55.2041011
Medze Clinic (Deira) Dubai,DXB,Clinic,,"Al Mulla Building, Shop No. 1 & 2, Baniyas Street, Deira, Dubai",97142380924,25.266685,55.307782
Muhaisna Specialist Medical Centre,DXB,Clinic,,"Sonapur
P. O. Box: 45491",97142644155,25.261522,55.424641
Multi Care Medical Centre (Al Quoz)- Dubai,DXB,Clinic,,"Al Khail Gate Community Center, Near Blue Mart Hyper Market, Dubai",9714245863,25.142323,55.2485255
Mustafa Alqaysi Medical Center (Al Nahda 1) Dubai,DXB,Clinic,AL NAHDA FIRST,"Mai Tower Ground Floor, Amman Street, Al Nahda 1, Dubai, UAE",97148868823,25.2906467,55.3280877
NEW AL MUSALLA MEDICAL CENTRE (MUHAISNAH 2) DUBAI,DXB,Clinic,MUHAISANAH SECOND,"AWQAF MUSJID BUILDING,MEZANINE, MUHAISNAH 2, DUBAI UAE",97142641449,25.275248,55.421856
NOVITAS CLINIC (JABAL ALI FIRST) DUBAI,DXB,Clinic,JABAL ALI FIRST,BUILD WELL HOLDINGS LIMITED	JABAL ALI FIRST,97143287799,,
New Apollo Polyclinic - Dubai,DXB,Clinic,,"Suite No. 101, Karama Centre, Karama, Dubai",97143379040,25.245036,55.303737
New Emirates Medical Centre (Deira) Dubai,DXB,Clinic,AL MURAQQABAT,"Building 684, Al Hawai Trading, 2nd Floor 202, AL MURAQQABAT, Dubai",97142283555,25.262002,55.327319
New Medical Centre LLC - Branch,DXB,Clinic,,"1st Floor, Nesto Hypermarket, New West Accommodation, Jabal Ali Free Zone, Dubai",97148808856,25.001617,55.122528
New Sanaiya Clinic (DIP) - Dubai,DXB,Clinic,DUBAI INVESTMENT PARK FIRST,"DIP, Dubai",97143791311,25.15541,55.25331
New Sanaiya Clinic - Br Hor Al Anz - Dubai,DXB,Clinic,,"Ali Mesmar Building, Hor Al Anz, Dubai",97142681333,25.272387,55.330775
New Sanaiya Clinic - Dubai,DXB,Clinic,,"Muhaisnah 2, Labor Accomodation Area, Al Abbar Complex, Near Madina Supermarket - SONAPUR",97142648101,25.265012,55.425222
Noor Al Shefa Clinic (Jebel Ali Mall) - Dubai,DXB,Clinic,,"Jebel Ali Industrial Area, Near Parco Hypermarket, Inside Jebel Ali Mall, Dubai",97148878155,25.00585,55.103411
Noor Al Shefa Clinic (Ras Al Khor) - Dubai,DXB,Clinic,,"Union Co-op Bldg., Near Fruits and Vegetable Market, Ras Al Khor, Al Aweer, Dubai",97143886601,25.182698,55.225473
Noor Al Shefa Clinic Br3 (JAFZA South) - Dubai,DXB,Clinic,,"Jafza Mall, Jafza South, Jebel ali Free Zone, Dubai",97148817530,24.947752,55.082783
Noor Al Shefa Clinic Br4 (JAFZA West) - Dubai,DXB,Clinic,,"107, 1st Floor, Meena Retail Free Zone Building, Opp. Village Hyper Market, Near Gate No. 7, JAFZA West accomodation area, Dubai email: nascjafza4@nooralshefa.com",97148844666,24.955822,55.58746
Novitas Clinic (Warsan 1) Dubai,DXB,Clinic,WARSAN FIRST,"Prime Residence II, Ground Floor,  Unit 4, International City,  Round About, Dubai",97145693389,25.1648731,55.3977848
Oxygen Plus Medical Center LLC - Dubai,DXB,Clinic,,"Sheikh Zayed Road, Grand Sheraton Hotel, Dubai",97143887088,25.230064,55.286141
Paradise Plus Poly Clinic (DIP 2) DUBAI,DXB,Clinic,,"ALYALAIS STREET, SHOP NO-8, ABOVE ALMAYA SUPER MARKET, DIP 2, DUBAI",97148848270,24.986939,55.203362
Primecorp Medical Center (Jabal Ali Branch) Dubai,DXB,Clinic,JABAL ALI FIRST,"P.O. Box: 7162 ALEC Camp 12 Jabal Ali Industrial 1st G03-G04 Plot 282, Dubai",97147070999,25.001922,55.126548
RELEAF MEDICAL CENTER LLC BRANCH (AL QOUZ 2) DUBAI,DXB,Clinic,AL QOUZE IND.SECOND,KHALFAN MOHAMED BIN LAHEJI,97143377977,0.00000,0.00000
RELEAF MEDICAL CENTER LLC BRANCH(JABEL ALI)-DUBAI,DXB,Clinic,JABAL ALI INDUSTRIAL FIRST,SALIM ALI RASHID SUWAILIM,97143377977,0.00,0.00
RELEAF MEDICAL CENTER LLC BRANCH-DUBAI,DXB,Clinic,AL QOUZ FIRST,AL SHOWAIB REAL ESTATE,97143377977,0.00,0.00
Re Leaf Medical Centre (DIP 2) - Dubai,DXB,Clinic,,"Fakhree Centre LLC, Pason Hypermarket Building, 1st Floor, DIP 2",97148814918,24.9764473,55.201445
Ruby Clinic - Dubai,DXB,Clinic,,"China Cluster H-6, International City, Dubai",97144226899,25.162561,55.415936
Sirajudeen Medical Centre - Dubai,DXB,Clinic,,"Jumbo Sony Building, Karama, Dubai P.O.Box: 2696",97143345955,25.23747,55.30299
Smile Essentials Dental Clinic (Al Karama) Dubai,DXB,Clinic,AL KARAMA,"Suit #314, Al Attar Shopping Mall, Next to Karama Center, Kuwait St. Al Karama, Dubai",97142979464,25.245521,55.3000713
TRUDOC HEALTH CARE LLC,DXB,Clinic,,"Office 701, Building 1, Bay Square, Business Bay",97143961415,25.184242,55.272430
TRUDOC HEALTHCARE LLC (BUSINESS BAY) DUBAI,DXB,Clinic,,"BUSINESS BAY, DUBAI",971561884181,0.00,0.00
Vida Clinics (Al Raffa) - Dubai,DXB,Clinic,AL RAFFA,"39B, Mezzanine Floor, Al Rais Shopping Center, Rolla Street, Burdubai, Dubai",97143252525,25.256414,55.294224
Vida Clinics Branch (Muhaisnah 2) Dubai,DXB,Clinic,MUHAISANAH SECOND,"Al Madina Hypermarket (Mango Market 2) Muhaisnah 2, Shop 8,9,10, Dubai",97143283333,25.264757,55.41395
Zahrat Al Shefa Medical Centre (Sonapur) Dubai,DXB,Clinic,MUHAISANAH SECOND,"Al Ghaith Building, Muhaisnah 2, Sonapur, Dubai",97148878155,25.259594,55.424053
Airis Imaging and Diagnostic Centre LLC -  Dubai,DXB,Diagnostics,,"Al Nahda 1, Opposite NMC Speciality Hospital, Al Shamsi Building, Near Mega Mart Supermarket, Dubai",97148525916,25.292,55.3655
Al Borg Laboratory - Dubai,DXB,Diagnostics,AL MURAQQABAT,"Century Building 21, Abu Baker Al Siddique Road, Next to Hamarain Centre, Al Muraqqabat, Deira, Dubai, Toll Free: 800252674",97142977780,25.265685,55.329847
Emirates Specialized laboratory - Dubai,DXB,Diagnostics,,"Al Wasal, Jumeirah, Dubai",97143486645,25.141808,55.206127
NEUBERG DIAGNOSTICS MIDDLE EAST (PREV. MINERVA DIAGNOSTIC LABORATORY) (UMM HURAIR FIRST) DUBAI,DXB,Diagnostics,UMM HURAIR FIRST,"M-13, Umm Hurair Building, Al Zabeel Road, Karama, Dubai, UAE",97143343727,25.2475,55.30926
DHA - Hatta Hospital,DXB,Hospital,HATTA,"891 Hatta, Dubai UAE",971448147000,24.800454,56.127641
800 PHARMACY GOLDEN MILE TWO ( BR OF 800 PHARMACY L.L.C),DXB,Pharmacy,,"Golden Mile Two Building, GoIden Mile Souq, Palm Jumeirah, Dubai",971522133626,25.106002,55.148439
800 Pharmacy - Dubai,DXB,Pharmacy,,"Marina Towers, Near Spinneys, Marina Walk, Dubai",97143663410,25.084875,55.14817
800 Pharmacy Branch - Dubai,DXB,Pharmacy,UMM SUQEIM FIRST,"Shop No 5D, Ground Floor, Park Building, Opposite Cordova Residence, Near Mosque, Beside Aswaq Market, Knowledge Village, Umm Suqeim, Dubai",97144486054,25.084875,55.14817
AL MANARA AL RAEDA PHARMACY (AL RIGGA) DUBAI,DXB,Pharmacy,AL RIGGA,"1ST FLOOR SHOP F49B AL GHURAIR CENTER, OMAR BIN AL KHATTAB ST AL RIGGA, DEIRA, NEAR CARREFOUR",97143281353,25.26767878407157,55.31718522
AL MANARA PHARMACY ALSUFOUH (DUBAI MARINA) DUBAI,DXB,Pharmacy,,"GROUND FLOOR, ELITE RESIDENCES TOWER, KING SALMAN BIN ABDULAZIZ AL SAUD ST, MARINA CROWN, AL SUFOUH 2 RD",97142779361,25.09030197778969,55.14798992
AL MANARA PHARMACY BRANCH (DSO) DUBAI,DXB,Pharmacy,,"GROUND FLOOR, SIT TOWER, SHEIKH ZAYED BIN HAMDAN AL NAHYAN ST, DUBAI SILICON OASIS",97143330554,25.117752577772013,55.39057769
AL MANARA PHARMACY REMAL MALL (MAJAN) DUBAI,DXB,Pharmacy,,"GROUND FLOOR, REMAL MALL, SHEIKH MOHAMMED BIN ZAYED ROA (E311 ROAD), MAJAN, NEAR ZOOM MARKET, DUBAI",97143337146,25.08723989556432,55.31303677
ALQUOZ ADVANCED CARE PHARMACY LLC,DXB,Pharmacy,AL QOUZ SECOND,"PASON'S SUPERMARKET BUILDING, BEHIND JOTUN PAINT FACTORY, AL QUOZ 2",97142355222,25.13631,55.23822
ASTER HOSPITAL PHARMACY SONAPUR LLC - DUBAI,DXB,Pharmacy,,"ASTER HOSPITAL, SONAPUR, ALGERIA STREET, MUHAISNAH, DUBAI",97144546003,,
ASTER JBR PHARMACY (MARSA) DUBAI,DXB,Pharmacy,,"P42, plaza level,sadaf 4,The Walk, JBR",97144471127,25.08046,55.137545
ASTER PHARMACY 102 (AL QUSAIS 2) DUBAI,DXB,Pharmacy,,"Shop 2, Saeed Hamad Musleh Jamhour Al Ahbabi Building, Al Qusais Second, Al Qusais",97142610833,25.231046,55.325604
ASTER PHARMACY 103 (WARSAN 2) DUBAI,DXB,Pharmacy,,"Building-N04, Shop No.S-04, Al Warsan First, International city, Persia Cluster",97142765802,25.159358,55.408416
ASTER PHARMACY 112 (AL RAFFA) DUBAI,DXB,Pharmacy,,"Mohamed Khlifa Al Khalafi Building, Ground Floor,Rolla Street, Al Raffa, BurDubai",97143252920,25.257161,55.290314
ASTER PHARMACY 116 (MIRDIF) DUBAI,DXB,Pharmacy,,"Mirdif Commercial Complex, Shop No. 1 &2, Mirdif, Westzone Super Market",97142884190,25.223789,55.422253
ASTER PHARMACY 132 (HOR AL ANZ) DUBAI,DXB,Pharmacy,,"Sheikh Suhail Building , Hor Al Anz East, Plot #133-142 , Abu Hail ,Dubai ,UAE",97142692835,25.279946,55.353785
ASTER PHARMACY 135 (WARSAN 1) DUBAI,DXB,Pharmacy,,"Shop No 04, Rushia V 19,International City",97144511674,25.070377,55.135906
Access Pharmacy - Al Quoz 3 - Dubai,DXB,Pharmacy,,"Al Arif Building, GF-1, Al Qouze-3, Al Qouze",97143807218,25.157997,55.248535
Access Pharmacy 2 - Dubai,DXB,Pharmacy,,"Access Clinic Building, Al Muhaisina-2, Sonapur, Near to Bus Station",97142672946,25.259374,55.412196
Access Pharmacy 3 - DIP2 - Dubai,DXB,Pharmacy,,"Shop No:8, 550 SQFT.AT, Plot # 597-874, DIP-2, Near to Access Clinic DIP",97142672946,24.975893,55.202002
Advanced Care Pharmacy- Dubai,DXB,Pharmacy,,"P.O. Box: 283166
Near National Paints, Al qouz 3
Dubai, UAE",97143307120,25.118528,55.200062
Advanced Care Plus Pharmacy - Dubai,DXB,Pharmacy,,"P.O. Box: 282576, Jebel Ali Free Zone",97148829700,25.009843,55.103737
Advanced Star Pharmacy - Dubai,DXB,Pharmacy,,"Office-1, Mezzanine Floor, Al Saud Building No : 247, Block-C, Industrial Area 17, Muwailah P.O. Box: 95900,
Dubai",97148851154,24.976227,55.201803
Al Aweer Society Pharmacy - Dubai,DXB,Pharmacy,,"Union cop, Near Fruit & Veg Market",97143978899,25.175114,55.386847
Al Azhar Al Jadeeda Pharmacy - Dubai,DXB,Pharmacy,JABAL ALI INDUSTRIAL FIRST,"Near Nesto & Parco Supermarket, Jebel Ali Industrial Area 1, Dubai",97148800703,24.984181,55.187835
Al Azhar Pharmacy - Dubai,DXB,Pharmacy,,"Shop 4, Ali Mesmar Complex, Behind Ramla Supermarket, Dubai Investment Park (DIP)",97148859598,24.971955,55.170536
Al Dorra Pharmacy - Dubai,DXB,Pharmacy,,"Villa 351, Beach Park,Near Medcare child clinic, Jumeira",97143952212,25.190574,55.231721
Al Ehsan Pharmacy - Dubai,DXB,Pharmacy,,"Al shaab colony, Hor al anz - Deira dubai
PO Box 50585
Bur Dubai, UAE",97142975986,25.278629,55.336579
Al Faisal Pharmacy - Dubai,DXB,Pharmacy,,"Choitram, Umm sequm",971043485102,25.146842,55.209275
Al Fardoos Pharmacy - Dxb,DXB,Pharmacy,,"Supreme residency, International city",97143334133,25.168593,55.409245
Al Hawi Pharmacy - Dubai,DXB,Pharmacy,,"P.O.Box 71246
Dubai, UAE",97142221445,25.26641,55.309449
Al Juma Pharmacy - Dubai,DXB,Pharmacy,,"Opp. To Lulu centre - Karama
PO Box 50585
Dubai, UAE",97143348981,25.241662,55.305896
Al Kanz Pharmacy - Dubai,DXB,Pharmacy,,"Abu Baker Al Sidq Road, Deira,",97142690684,25.277142,55.327766
Al Madina Al Sanaiya Pharmacy - Dubai,DXB,Pharmacy,,"Al Quoz Industrial Area 4 , Gemzi Complex, Near Al Madina Supermarket, Dubai",97143406761,25.128634,55.232356
Al Manara Al Manzil Pharmacy ( Down Town)  Dubai,DXB,Pharmacy,,"SHEIKH MOHAMMED BIN RASHID BLVD, DOWNTOWN DUBAI",97143621161,25.190914386190315,55.27756117
Al Manara Pharmacy (Riggat Al Buteen) Dubai,DXB,Pharmacy,RIGGAT AL BUTEEN,"GROUND FLOOR, EMIRATES CONCORDE HOTEL TOWER, 4TH ST, AL MAKTOUM ROAD, RIGGAT AL BUTEEN, DEIRA",97142222032,25.26009860329617,55.32120343
Al Manara Sunset Mall (Jumeirah 3) Dubai,DXB,Pharmacy,JUMEIRA THIRD,"GROUND FLOOR, SUNSET MALL, JUMEIRAH BEACH RD, AL THABER ST, JUMEIRAH 3",97143881820,25.18370021046777,55.22622981
Al Manzil Pharmacy - Dubai,DXB,Pharmacy,,"Royal Parco S/M, DIP2, Dubai",97148841441,24.988196,55.196457
Al Musalla Pharmacy - Dubai,DXB,Pharmacy,UMM SUQEIM FIRST,"Kharbash Building, Jumeriah Road, Umm Suqem 1, Dubai, UAE",97143284548,25.260457,55.299232
Al Qoze Pharmacy - Dubai,DXB,Pharmacy,,"Near khalifa super market - Al Qouz
P.O. Box: 50585
Dubai, UAE",97143384401,25.172742,55.254113
Al Raha Pharmacy - Dubai,DXB,Pharmacy,,"Khalid bin waleed rd - Bur dubai
P.O.Box 6975
Dubai- UAE",97143523383,25.259708,55.298364
Al Rayan Pharmacy (Al Karama) - Dubai,DXB,Pharmacy,,"Shop 13, Ground Floor, Star of Karama Bldg., Street 16, Al Karama, Dubai",97143347476,25.238460866960583,55.30549921811147
Al Sanaiya Pharmacy - Dubai,DXB,Pharmacy,,"Muhaisnah 2, Labor Accomodation Area, Bel Rasheed Complex, Near Baladiya Camp - SONAPUR",97142543500,25.264322,55.412973
Al Shifa Pharmacy - Dubai (Aster),DXB,Pharmacy,,"Near Union Medical centre - Karama
P.O.Box: 50585 near Union Mrdical Center , Iranian School karama
Dubai, UAE",97143969469,25.247408,55.302955
Al Warqa Pharmacy - Dubai,DXB,Pharmacy,,"Near Mass super market - Warqa
P.O. Box: 50585 Near Mass Supermarket 
Dubai, UAE",97142801691,25.20453,55.411265
Alfa Pharmacy (Aster) - Dubai,DXB,Pharmacy,,"Alfattan building ,qusais
Damascus Street 
Qusais
Duabi",97142806714,25.262376,55.324938
Almanzil Aljadeed Pharmacy LLC - Dubai,DXB,Pharmacy,,"Shop No. 13, Vegetable and Fruit MArket, Al Aweer, Dubai",97142230244,25.10277,55.23386
Amaan Pharmacy - Dubai,DXB,Pharmacy,,P>o>box: 78872,97142647264,25.279102,55.362328
Arifa Pharmacy (Abu Hail Street) - Dubai,DXB,Pharmacy,,"Ahli Building, Hor Al Anz East, Abu Hail Street, Dubai",97142389696,25.280717,55.349546
Asma Pharmacy - Dubai,DXB,Pharmacy,,"Behind Naif police station - Deira dubai
P.O. Box: 4266
Dubai, UAE",97142222786,25.272126,55.306323
Aster Al Hayat Pharmacy - Dubai,DXB,Pharmacy,,"Shop No 3,Easa Saleh Al Gurg Building,Near to Al Adil Super Market, Rolla Street, Burdubai, Dubai",97143552633,25.262915,55.299843
Aster Alshafar Pharmacy,DXB,Pharmacy,,"Lamcy plaza, 1st floor",97143352727,25.11729,55.207604
Aster DCC Pharmacy LLC - Dubai,DXB,Pharmacy,,"Shop No. M-020, 1st Floor, Deira City Center, Deira, Dubai",97142210732,25.252024,55.332803
Aster DIP Pharmacy - Dubai,DXB,Pharmacy,,"Ramla Hypermarket, Dubai Investment Park",97148800996,24.970857,55.172004
Aster Day Surgery Centre Pharmacy ( Kuwaiti St) Dubai,DXB,Pharmacy,,"Kuwaiti Street 14, Showroom 1, Al Yateem Building, Dubai",97143766824,25.2524,55.2866
Aster Grand Pharmacy - Al Nahda - Dubai,DXB,Pharmacy,,"AB Plaza Building, Ground Floor, Shop # 8, Al Nahda",97142505712,25.29102,55.368537
Aster Healthcare Hypermarket  - DXB,DXB,Pharmacy,,"Al Raffa Building , Opp Aster Hospital , Mankhool Road, Mankool,  Burdubai, Dubai",97143399523,25.252001,55.288443
Aster Hospital Pharmacy (Br of Aster DM Healthcare FZC) Dubai Branch - Dubai,DXB,Pharmacy,,"Al Qusais, 9AStreet, Al Qusais Industrial Area 2, Dubai",97144400500,25.2774365,55.3953363
Aster Hospital Pharmacy - Dubai,DXB,Pharmacy,,"Kuwait Street, Mankhool Next to Sharaf DG
P.O. Box: 8703",97143814943,25.252546,55.286743
Aster Jebel Ali Pharmacy - Dubai,DXB,Pharmacy,,"Nesto Hyper Market, Shop # 5, Jebel Ali",97148840237,25.006905,55.107111
Aster Medical Center Pharmacy Al Muhaisna Br of DM Healthcare LLC - Dubai,DXB,Pharmacy,,"Shop No1, Zaraa residence 1, Muhaisnah 4, Lulu village, Behind St.Mary's catholic high school, Dubai",97145479070,25.2795955,55.4054934
Aster Pharmacy 1- Dubai,DXB,Pharmacy,,"Kalid bin waleed road, Burdubai",97143863800,25.259806,55.293955
Aster Pharmacy 100 - Dubai,DXB,Pharmacy,,"Al Razi building, Building No 64, D block, DHCC",97144343922,25.233946,55.318258
Aster Pharmacy 101 - Dubai,DXB,Pharmacy,,"AQU Building, Al Qusais1, Sheikh colony, Near to DAFZA metro Station",97142382342,25.269649,55.375837
Aster Pharmacy 104 (Al Warqa 1) Dubai,DXB,Pharmacy,,"Shop No. 1, Hanbal Shafie Al Madani Bldg. Al Warqa 1, Dubai",97142829440,25.189884,55.407364
Aster Pharmacy 104 - Dubai,DXB,Pharmacy,,"Building-L-11, Shop No.2, Greece Cluster, International city,Near Thomsun Super Market",97142775973,25.15693,55.408234
Aster Pharmacy 105 - Dubai,DXB,Pharmacy,,"Bldg. I - 11, Shop No. 02, Al Warsan First,International city, Morocco Cluster",97142275972,25.162437,55.419014
Aster Pharmacy 109 - Dubai,DXB,Pharmacy,,"Mirdiff Building, Near to Dubai Geant Supermarket, Ghuroob Community, Mirdiff",97144582727,25.211827,55.416481
Aster Pharmacy 110 - Dubai,DXB,Pharmacy,,"Mandarin Building, Ground floor, Street 13A, Oud Mehtha, Near Lamcy Plaza",971443963158,25.237107,55.306978
Aster Pharmacy 111 - Dubai,DXB,Pharmacy,,"Muhaisinah Plaza Building, Shop No.6,Muhaisanah 4,Lulu Village, Near The Indian Academy, Behind Madina Mall",97142593195,25.28058,55.410157
Aster Pharmacy 113 - Dubai,DXB,Pharmacy,,"Mirdif Mall, Uptown Mirdif,Near to Medcare clinic, Mirdif",97142839542,25.221593,55.434308
Aster Pharmacy 114 - Dubai,DXB,Pharmacy,,"Shop No 12 & 13,Aswaq  Mall, Al Barsha South 1, Al Barsha",97143851455,25.246091,55.452856
Aster Pharmacy 115 - Dubai,DXB,Pharmacy,,"Discovery Pavilion,Street 7,Discovery Garden",97145546021,25.03483,55.147518
Aster Pharmacy 117 - Dubai,DXB,Pharmacy,,"Shop No. 12, Bait Al-Waleed, Al-Souq Al-Kabeer, Mankhool,Bur Dubai, UAE",97143252882,25.264105,55.29109
Aster Pharmacy 118 - Dubai,DXB,Pharmacy,,"OBS Building,Ground Floor, Shop No.2, Near to NMC Hospital, Amman Road,Al Nahda",97142393397,25.290812,55.368184
Aster Pharmacy 119 - Dubai,DXB,Pharmacy,,"Shop No.7,Meadows, Emirates Hills 3,Enoc 1086",97142672946,25.051973,55.180167
Aster Pharmacy 120 - Dubai,DXB,Pharmacy,,"Abdul Raouf Mohammed Saleh Alavi Building, Al Warqa 1, Al Warqa, Near Aswaq Mall",97142803995,25.228794,55.43303
Aster Pharmacy 123 - Dubai,DXB,Pharmacy,,"Shop No3, Al Ghurair Real Estate Building, Al Muteena Street, Deira, Near Dubai Palm Hotel",97142731282,25.273999,55.320147
Aster Pharmacy 124 - Dubai,DXB,Pharmacy,,"Ground Floor,Sukoon Tower, Marina, Dubai",97145546282,25.079103,55.143715
Aster Pharmacy 126 - Dubai,DXB,Pharmacy,,"Mohammed & Rashed Khalifa Building, Iranian School Road, Opp: Wall Street Exchange, Karama, Burdubai",97143967100,25.247244,55.302726
Aster Pharmacy 127- Dubai,DXB,Pharmacy,,"Royal Oceanic-1, S-01,Plot No:218, Marsa Dubai, Near Le Meridien, Dubai Marina",97145547096,25.08453,55.142221
Aster Pharmacy 128 - Dubai,DXB,Pharmacy,AL BARSHA SOUTH FIRST,"Shop # 1, New ENOC, Umm Sequim St, Al Barsha South, Dubai, UAE",97144405945,25.280692,55.349931
Aster Pharmacy 129 - Dubai,DXB,Pharmacy,,"Ground Floor,Marjana Plaza Building, Al Bada, Satwa",97143590530,25.232808,55.277498
Aster Pharmacy 130 - Dubai,DXB,Pharmacy,,"Ground Floor , Duja Tower, Trade Center First, Next to Sheraton grand hotel, Sheik Zayed Road, Dubai",97143866768,25.081959,55.147644
Aster Pharmacy 131 (Al Barsha) - Dubai,DXB,Pharmacy,,"Al Barsha, Trio Building, Dubai",97143475733,25.110657,55.194859
Aster Pharmacy 134  - Dubai,DXB,Pharmacy,,"Golden Sands Building, Barsha 1st, Al Barsha, Near to Lulu",97143271483,25.174009,55.416031
Aster Pharmacy 136 - Dubai,DXB,Pharmacy,,"Al Qouz, Opposite Grand mall, Al qouz- Fourth, Abdulla alasmawi buiding",97143808539,25.147863,55.245915
Aster Pharmacy 137 - DXB,DXB,Pharmacy,,"Retail shop 6, The pavilion mall, Opp. Union Co op, France cluster, International city, Dubai",97144224515,25.158502,55.404876
Aster Pharmacy 138 - Dubai,DXB,Pharmacy,,"Ground Floor, Al Jabar Building, Near Sunrise Supermarket, Al Karama, Dubai",97143377329,25.252579,55.286823
Aster Pharmacy 141 - DXB,DXB,Pharmacy,,"Shop No SC 021, Ground Floor, Dubai Festival City Mall, Dubai",97142365418,25.220662,55.353534
Aster Pharmacy 142  - DXB,DXB,Pharmacy,,"Shop No 4 , Al Fattan Building ,Plot No 233-129, Behind Snow White,  Al Qusais, Dubai",97142205966,25.268926,55.380393
Aster Pharmacy 143 - Dubai,DXB,Pharmacy,,"The Ribbon Building 3, Al Hebiah First , Plot 94- 0, Motor City, Dubai",97144430474,25.046141,55.2384
Aster Pharmacy 144 - Dubai,DXB,Pharmacy,,"Shop 5 & 6, Al Maalik Buiding, Al Shab, Near to Talal Super Market, Hor Al Anz",97142212250,25.276988,55.337322
Aster Pharmacy 145 - DXB,DXB,Pharmacy,,"Shop no: 1, Al Waleed Building. Opp. Union Medical Centre, Iranian School Road, Karama, Dubai",97143547745,25.247294,55.303026
Aster Pharmacy 146  - DXB,DXB,Pharmacy,,"Shop 32, Souk al Kabeer Building, Near to Ghubaiba Bus Staion, Opp.Etisalat-Shindagha, Next to Access Clinic , Burdubai",97143271059,25.262158,55.28783
Aster Pharmacy 147 - Dubai,DXB,Pharmacy,,"Aster Jubilee Medical Complex, Khaleed Bin Al-Waleed Street, Near to Al Fahidi Metro Station, Burdubai",97143254026,25.259955,55.294329
Aster Pharmacy 148 - Dubai,DXB,Pharmacy,,"Shop No 5, Jamal Omar Bin Hyder Building, 4B Street, Sheikh Khalifa Bin Zayed Road, Karama, Dubai",97143404005,25.243723,55.284395
Aster Pharmacy 149 - DXB,DXB,Pharmacy,,"Shop 2 & 3, Al Wasl Building, Behind Lulu Hypermarket, Karama, Burdubai, DUbai",97143969469,25.247557,55.308648
Aster Pharmacy 150 - Dubai,DXB,Pharmacy,,"Shop No. 6, Pinnacle Tower, Marina Marsa, Dubai",97143794306,25.088417,55.147442
Aster Pharmacy 152 - Dubai,DXB,Pharmacy,,"Food Court 3,Commercial Center, Jebel Ali Free Zone South, Near Access Clinic JAFZA, Dubai",97148809102,24.947542,55.082756
Aster Pharmacy 155 (Deira) - Dubai,DXB,Pharmacy,,"Ground Floor, Business Centre, Al Rigga, Dubai",97142280204,25.265184,55.321169
Aster Pharmacy 156 (Industrial City) Dubai,DXB,Pharmacy,,"Shop No. 6, Sapphire Mall, Dubai Industrial City, Near to Al Maktoum International Airport, Dubai",97145877191,25.1340531,55.2535556
Aster Pharmacy 157 - Dubai,DXB,Pharmacy,AL WASL,"R-531-A, Dar Al Wasl Building, Al Wasl Road, Near Safa, Dubai",97143867820,25.116914,55.136697
Aster Pharmacy 158 - Dubai,DXB,Pharmacy,,"Talal Supermarket, Dubai Investment Park, DIP, Dubai",97148800282,25.181221,55.262142
Aster Pharmacy 160 (86 St) Dubai,DXB,Pharmacy,DUBAI INVESTMENT PARK FIRST,"Jabal Ali Shopping Center, 86 Street, Dubai Investment Park 1, Dubai",97148847176,24.970982,55.171989
Aster Pharmacy 161 (Al Aweer) Dubai,DXB,Pharmacy,,"Marhaba Mall, Ras Al Khor, Al Aweer, Dubai",97143424262,25.182436,55.37723
Aster Pharmacy 164 (Al Ain Rd) Dubai,DXB,Pharmacy,,"Shop No. R-7B, Tower D, Sky Courts, Al Ain Road, Dubai",97143208941,25.091848,55.38443
Aster Pharmacy 2 - Dubai,DXB,Pharmacy,,"Unit No 4&5, Ground Floor, Carrefour Centre, Dubai Investment Park",97148858044,24.970717,55.171978
Aster Pharmacy 200 - DXB,DXB,Pharmacy,,"Building No :241-487, Al Nahda 2, Al Qusais, Dubai",97142362839,25.295875,55.387725
Aster Pharmacy 201 - Dubai,DXB,Pharmacy,TRADE CENTER FIRST,"Shop No3, Al Manal Tower, Next to Crown Plaza Hotel, Trade Center First, Sheikh Zayed Road, Dubai",97143209481,25.218215,55.278892
Aster Pharmacy 202 - Dubai,DXB,Pharmacy,,"Bin Sougat Center, Airport Road, Al Rashidiya, Near Metro Station, Dubai",97142540474,25.232777,55.384966
Aster Pharmacy 204 - Dubai,DXB,Pharmacy,AL QUSAIS FIRST,"Al Qusais Building, Damascuss Street, Near Grand hotel, Al Qusais First, Dubai",97142203889,25.271259,55.380161
Aster Pharmacy 205 - Dubai,DXB,Pharmacy,,"PVE-G-02, Palm Views East Building, Palm Jumeira, Dubai",97144221521,25.192714,55.247042
Aster Pharmacy 3  - Dubai,DXB,Pharmacy,,"G32 ground floor, Dubai outlet mall",97144437250,25.072626,55.400619
Aster Pharmacy 5 - Dubai,DXB,Pharmacy,,"Shop No 02, CBD 29, Al Warsan 1st, International City",97144473169,25.07802,55.135403
Aster Pharmacy 6 - Dubai,DXB,Pharmacy,,"Dubai Silicon Gate 1 - Building, First Floor, F-S-101A, Gate 1, Silicon Oasis, Opposite Choithram & Baskin Robins",97143262600,25.11394,55.380736
Aster Pharmacy 98 - Dubai,DXB,Pharmacy,,"Sameya Khalifa Mohamed Al Fuqaei Building, Shop No.8, 24th Street. Muhaisina 2nd, Sonapur",97142521711,25.260096,55.40946
Aster Tecom Pharmacy - Dubai,DXB,Pharmacy,,"Tecom Free Zone Area
P. O. Box: 50585",97144534840,25.262598,55.28967
Avenue Pharmacy  - Dubai,DXB,Pharmacy,,"Aspect Towers, Bay Avenue, Business Bay, Dubai",97144357450,25.192106,55.266343
BASMAT AL IFRAH PHARMACY LLC-DUBAI,DXB,Pharmacy,AL BARSHA SOUTH FIRST,"AL SALAM BLDG. ARJAN, DUBAI",97147700948,0.00,0.00
Baniyas Life Pharmacy (Br of Life Pharmacy LLC) - Dubai,DXB,Pharmacy,,"Al Ashrfiah Building, Near Clock Tower, Deira, Dubai",97142550173,25.258668,55.326437
Barsha Rose Gardens Pharmacy - Dubai,DXB,Pharmacy,,"Shop # 1, Rose Gardens Hotel Apartment Bldg, Al Barsha 1, Dubai",97143792990,25.1138185,55.1906498
Bay Square Pharmacy - Dubai,DXB,Pharmacy,,"Unit G-03, BB11,Next to Choitram Supermarket, Bldg. No.BB11, Bay Square, Business Bay, Dubai",97145515344,25.1867348,55.2628217
Beta Pharmacy - Mirdif - Dubai,DXB,Pharmacy,,"Mirdriff City Centre 
Dubai 
UAE",97142840678,25.216315,55.407805
Better Life Pharmacy - Dubai,DXB,Pharmacy,,AL Quoz,97143414626,25.1286,55.232671
Bin Seray Pharmacy - Dubai,DXB,Pharmacy,,"P.O. Box: 71246
Dubai, UAE",97143355446,25.236653,55.307469
Bin Sina 40 - Dubai,DXB,Pharmacy,,"Financial Center St.,
Dubai Mall",97143253410,25.197097,55.279094
Bin Sina Emirates Pharmacy  - Dubai,DXB,Pharmacy,,P.O. Box: Sheikh Zayed Road,97143410346,25.043941,55.11844
Bin Sina Healthcare Pharmacy - Dubai,DXB,Pharmacy,,DHCC,97144298242,25.196298,55.278059
Bin Sina Pharmacy - Dubai,DXB,Pharmacy,,"P.O.Box 11245
Dubai, UAE",97142221071,25.248929,55.28349
BinSina 43 (Barsha Boutique) Dubai,DXB,Pharmacy,,Al Barsha Boutique Building - Dubai,97143950305,25.107731,55.197779
Burjuman Pharmacy LLC - Dubai,DXB,Pharmacy,,"Ground Floor, Khalid Bin Al Walid Street, Inside Burjuman Center, Bur Dubai, DUBAI",97145610000,25.25312,55.302197
C C S Life Pharmacy - Dubai,DXB,Pharmacy,,"Unit No. 2, Ground Floor, Shindagha City Centre, Bur, Dubai",97145610000,25.2646,55.28822
Cedars Jebel Ali International Hospital Pharmacy - Dubai,DXB,Pharmacy,,"Dubal Road Near Jebel Ali Free Zone Gate #2, Jebel Ali Dubai",97148814662,25.0155535,55.0847111
Central Market Pharmacy - Dubai,DXB,Pharmacy,,"Near to DAFZA metro station, Al Qusais,Dubai

P.O. Box : 50585",97142613451,25.269691,55.362253
City Land Life Pharmacy (Wadi Al Safa 4) Dubai,DXB,Pharmacy,,"Unit No. 260, City Land The Mall, Wadi Al Safa, Dubai, UAE",97145610000,25.067133,55.299719
City Life Pharmacy - Dxb,DXB,Pharmacy,,"Shop #2, City Tower 1, Near to crown Plaza,Sheikh Zayed Road, Dubai",97143410072,25.1993729,55.2481034
City Pharmacy - Dubai,DXB,Pharmacy,,"Showroom, Dubai PO Box: 24831",97142240566,25.263714,55.322728
Co-Operative Pharmacy - DXB,DXB,Pharmacy,,"P.O. Box: 71246
Dubai, UAE",97142269283,25.269711,55.301139
Deira Life Pharmacy - Dubai,DXB,Pharmacy,,"Shop#2,State 1 building, Abubaker Al Siddique Road,  Rigga, Dubai",97142380116,25.2771467,55.3190192
Diamond 3 Pharmacy - Dubai,DXB,Pharmacy,,Near to Marina Metro Station Dubai Marina,97144537217,25.0816951,55.1449604
Docib Pharmacy - Dubai,DXB,Pharmacy,,"Desert Home Building, Oud Metha, Dubai Near Shk Rashid Hospital",97143962270,25.2442496,55.3123453
Doha Pharmacy - Dubai,DXB,Pharmacy,,"Al Attar Tower
Sheikh Zayed Road
P.O.Box: 71246
Dubai, UAE",97143430603,25.212911,55.276803
Dragon Mart Pharmacy - Dubai,DXB,Pharmacy,,Dragon Mart Main Entrance,97143334133,25.174069,55.415999
Dragon Pharmacy - Dubai,DXB,Pharmacy,,"Dragon mart , BAN 05& 06",97143687409,25.174009,55.416031
Dream Pharmacy - Dubai,DXB,Pharmacy,,"Dream Tower Al Maya Supermarket , Marina",97144227844,25.070377,55.135906
Dubai Life Pharmacy - Dubai,DXB,Pharmacy,,"P.O. Box: 71246
Dubai, UAE",97143291162,25.227053,55.288101
Dubal Pharmacy (Aster) - Dubai,DXB,Pharmacy,,"Dubai, UAE",97148022684,25.25052,55.33746
Dulsco Pharmacy (Br of Dulsco LLC) - Dubai,DXB,Pharmacy,,"Dulsco Village, Al Quoz Industrial Area 4, Dubai, UAE",97143232442,25.1263,55.2332
Dulsco Pharmacy - Dubai,DXB,Pharmacy,,"Sheikh Mohammed Bin Zayed Road, Labor Village 1, Industrial City, Dubai email: clinic@duslco.ae",97144216584,25.2644,55.2913
East Hill Pharmacy - Dubai,DXB,Pharmacy,,"Awqaf Building, Ground Floor Shop 1, Parco Area
Jebel Ali Industrial Area 2",97148877752,25.007188,55.105862
Elaj Pharmacy - Dubai,DXB,Pharmacy,,"P.O. Box: 71246
Dubai, UAE",97142683377,25.265684,55.329816
Extra Life Pharmacy - Dubai,DXB,Pharmacy,,Akas Inn hotel Apartment (behind Holiday Inn Al Barsha,97148855122,24.995933,55.179766
FESTIVAL LIFE PHARMACY BR OF LIFE PHARMACY LLC,DXB,Pharmacy,,"UNIT NO. - SU108 & SU109, GROUND FLOOR, FESTIVAL PLAZA, Dubai",97145610000,25.029289,55.108003
Fajr Al Madina Pharmacy - Dubai,DXB,Pharmacy,,"Farnek Building, Al Quoz Industry 3, Dubai",97143410401,25.153889,55.245861
Fajr Al Madina Pharmacy LLC Branch (Jebel Ali) Dubai,DXB,Pharmacy,JABAL ALI INDUSTRIAL SECOND,"Crystal Mall. Jabel Ali 1, Dubai",97142974494,24.9839308,55.1159701
Fawagee Pharmacy - DXB,DXB,Pharmacy,,"P.O. Box: 71246
Dubai, UAE",97142894111,25.2679,55.307457
Fawagee Scient. Pharm.-DXB,DXB,Pharmacy,,"P.O. Box: 71246
Dubai, UAE",97142881800,25.217306,55.419137
Gate Better Life Pharmacy - Dubai,DXB,Pharmacy,,"Shop 1&2, New West Zone Mall, Al Khail Gate, Dubai",97145586281,25.229491,55.262159
Gold Life Pharmacy (Br of Life Pharmacy LLC) - Dubai,DXB,Pharmacy,AL QOUZ THIRD,"Unit no. GDP-5-G-R5-004, Gold and Diamond Park, Sheik Zayed Road, Dubai",97143410243,25.2603359,55.2909406
Golden Life Pharmacy - DXB,DXB,Pharmacy,,"P.O. Box: 71246
Dubai, UAE",97143430077,25.203252,55.276685
Golden Sands Pharmacy - Dubai,DXB,Pharmacy,,"Al Ain centre - Bur dubai
P.O.Box 5585 
Dubai, UAE",97143511444,25.256488,55.296444
Grand Infinity Pharmacy (Jebel Ali) - Dubai,DXB,Pharmacy,,"Project Muteena, SHOP NO:4,Next to GRAND EXCELSIOR HOTEL, Muteena, Deira, Dubai",97143361148,24.925416,54.972087
Grand Infinity Pharmacy - Dubai,DXB,Pharmacy,MUHAISANAH FOURTH,"Shop #4, Ground Floor, Al Qasser Building, Beirut Street, Muhaisnah 4, Near Al Madina, Dubai  alt tel no: 04-2155775",97142515458,25.2866735,55.3647251
Grand Life Pharmacy - Dubai,DXB,Pharmacy,,"P.O. Box: 71246
Dubai, UAE",971504513790,25.27364,55.323519
Grand Royal Pharmacy - DXB,DXB,Pharmacy,,"P.O. Box: 71246
Dubai, UAE",97143593445,25.256853,55.290479
HOUSTON PHARMACY (AL BARSHA FIRST) DUBAI,DXB,Pharmacy,AL BARSHA FIRST,"Elite Busnes Center, IST FLOOR,SHOP NO.102 And 101, OPP.LULU HYPER MARKET,AL BARSHA 1,DUBAI,UAE.",97143850603,25.116744,55.205819
Hafsa Pharmacy - Dubai,DXB,Pharmacy,,"ZEN 03 CLuster,Building 12 Shop, Shop 8, Discovery Garden Jebel Ali",97144494089,25.049441,55.131424
Hala Pharmacy 13 - Dubai,DXB,Pharmacy,,"Shop # 22 & 24,S-6 Building, Spain Cluster,International City,Dubai",97144307562,25.165638,55.402847
Hala Pharmacy 14 - Dubai,DXB,Pharmacy,,"Shop No.1, Marina Diamond 5 (A) Dubai Marina, Dubai",97144305460,25.081099,55.146351
Hala Pharmacy 15 - Dubai,DXB,Pharmacy,,"Shop No5&6, Bldng No:Zen 2-020,Plot no169,Discovery Gradens, Dubai",97142766318,25.048494,55.131543
Hala Pharmacy 16 - Dubai,DXB,Pharmacy,,"Shop # S01,Bildg # N07,Persia Cluster, Internl City, Dubai UAE",97144306947,25.107829,55.2235883
Hala Pharmacy 19 LLC - Dubai,DXB,Pharmacy,WARSAN FIRST,"S-16, P 17 Building , France Cluster, Al Warsan, International City, Dubai",97144307323,25.16001,55.403976
Hamriya Life Pharmacy - Dubai,DXB,Pharmacy,,"Ground Floor,Union Co-operative Society,Hamriya Shopping Centre,Deira Hor Al Anz East,Dubai",97143205128,25.2771462,55.3190192
Health First 5 Pharmacy -  Dubai,DXB,Pharmacy,,"DTS Bldg., Shup# 5&6, Behind Union Merto Station",97142280102,25.267477,55.314437
Health First Pharmacy 1 - Dubai,DXB,Pharmacy,,"Tamin House, Tecom",97144377533,25.099756,55.177395
Health First Pharmacy 11 - Dubai,DXB,Pharmacy,,"Shop 8, Building 3, Beside Juicy Avenue, Bay Square, Business Bay, Dubai",97144550100,25.185633,55.279656
Health First Pharmacy 2 - Dubai,DXB,Pharmacy,,"Shop No 5 & 6,Inside Aswaaq, Nad Al Sheba 4,Ras Al Khor, Dubai, UAE",97143264234,25.129444,55.363389
Health First Pharmacy 23 - Dubai,DXB,Pharmacy,,"Hamarain Centre
P.O.Box 15072
Dubai, UAE",97142693618,25.295503,55.361802
Health First Pharmacy 24 (Al Twar) Dubai,DXB,Pharmacy,,Dubai International Airport - Al Twar - Dubai,97144329158,25.186709,55.278238
Health First Pharmacy 25 - Dubai,DXB,Pharmacy,,"Souk Extra Shopping Center-Barsha, Shop No S6, Grd Flr,Barsha-2,Next to Barsha 2-Park3",97143992116,25.094628,55.214111
Health First Pharmacy 27 - Dubai,DXB,Pharmacy,,"IMPZ, Crescent Tower B Bldg., G01 Ground Floor, Meaisem First Community, Dubai",97144253020,25.099642,55.177489
Health First Pharmacy 3- Dubai,DXB,Pharmacy,,Marina dubai,97143999020,25.085405,55.142398
Health First Pharmacy 30 - Dubai,DXB,Pharmacy,,"Al Attar Center- Near Spinney's, Karama, Dubai",97143709030,25.245223,55.302223
Health First Pharmacy 33 - Dubai,DXB,Pharmacy,,Shop No(G/A7) Al Kifaf Residential Building Al Karama Dubai,97143963068,25.252136,55.303895
Health First Pharmacy 34- Dubai,DXB,Pharmacy,,"Shop No.3 Ibrahim Bin Albdulrahim Qassem Bldg.
Bur Dubai",97143852791,25.260542,55.29957
Health First Pharmacy 37 - Dubai,DXB,Pharmacy,,"Mediterranean Building, Canal Residence West,Hessa Street,Dubai Sports City,Dubai",97143606023,25.02125,55.13206
Health First Pharmacy 38 - Dubai,DXB,Pharmacy,,"Saleh Bin Lahej Building 338, Oud metha, lamzy Plaza",97143960695,25.234142,55.307836
Health First Pharmacy 4 - Dubai,DXB,Pharmacy,,"Unit G110, Lake SIde Right, Executive Rowers, business Bay",97144587004,25.277803,55.314534
Health First Pharmacy 41 - Dubai,DXB,Pharmacy,,"Shop No 6, Uptown Mirdiff Mall
Mirdiff Dubai
P.O. Box: 87150",97142882296,25.223752,55.424544
Health First Pharmacy 45 - Dubai,DXB,Pharmacy,,"Shop No:4,AlRawba Building,Opposite lulu super market,Halim Street,Al Barsha,Dubai",97143965891,24.58315,55.10072
Health First Pharmacy 48 - Dubai,DXB,Pharmacy,,"Shop No 5,Jumeirah Road,Opposite to Spinneys,Jumeirah 1, Dubai",97143430616,25.231387,55.262797
Health First Pharmacy 52 - Dubai,DXB,Pharmacy,,"White Crown Tower Building, Ground Floor, 34 Sheikh Zayed Road, Dubai",97143253056,25.13224,55.54569
Health First Pharmacy 9 - Dubai,DXB,Pharmacy,,"Al barsha South, Summer 2 Jumeirah Village
Dubai",97144058681,25.060263,55.201972
Health Point Pharmacy (Al Barsha) Dubai,DXB,Pharmacy,AL BARSHA SOUTH FOURTH,"Unit No. 2 & 3, Chaimaa Premiere, JVC, Al Barsha South Fourth, Dubai",97145610000,25.060837,55.201052
Healthy Life Pharmacy - DXB,DXB,Pharmacy,,"P.O. Box: 71246
Dubai, UAE",97143416801,25.107725,55.220238
Highway Pharmacy - Dubai,DXB,Pharmacy,,"enoc station, opp. Wasel hospital",97143334133,25.219526,55.314101
Hill Life Pharmacy LLC - Dubai,DXB,Pharmacy,,"41 Street, Wasl Hub Building. Dubai",97143232286,25.2406368,55.2983633
Ibn Al Azwar Pharmacy - Dubai,DXB,Pharmacy,,"Near Eppco Petrol Station, Ras Al Khor Industrial Area, Oman- Hatta Road, Dubai.",97143331504,25.184666,55.343424
Ibn Sina 21 Pharmacy - Festival City,DXB,Pharmacy,,P.o. Box: 11245,97142329757,25.231046,55.325604
Ibn Sina 29 Pharmacy - Dubai,DXB,Pharmacy,,"P.o. Box: 11245
Dubai Mall",97142116666,25.079437,55.136394
Ibn Sina 30 Pharmacy ( Alphamed) - Dubai,DXB,Pharmacy,,"Al Khurtoom Street, Near Aswaaq Mall, Mizhar",97137133333,25.1946,55.383192
Ibn Sina 34 Pharmacy - Dubai,DXB,Pharmacy,,"Aswaaq Al Mizhar
P.O. Box: 1",97142804340,25.250386,55.45373
Ibn Sina 38 Pharmacy - Dubai,DXB,Pharmacy,,"MIrdif City Center
P.O. Box: 11245",97142116610,25.216143,55.407636
Ibn Sina 44 Pharmacy - Dubai,DXB,Pharmacy,,"P.O. Box: 11245, 
Trade Center Sconde
Jumeira Tower",97143513249,25.210912,55.276099
Ibn Sina Group Pharmacies (L.L.) BR 32- Dubai,DXB,Pharmacy,,"Ibn  Batuta Mall
P.O. Box: 11245",97142116666,25.044543,55.120296
Ibn Sina Pharmacy (31) - Dubai (Alphamed),DXB,Pharmacy,,"P.O. Box: 11245
Mizhar",97148105555,25.25039,55.453755
Ibn Sina Twenty Five Pharmacy - Dubai (Alphamed),DXB,Pharmacy,,"P.O Box: 11245, Jumeirah Beach Road 15",97143940934,25.162139,55.209523
Iqra Pharmacy - Dubai,DXB,Pharmacy,,Opp.Al Fattaim Masjid Naif Road  Deira Dubai P. O. box; 50585,97142289164,25.275862,55.31271
J B R Life Pharmacy 2 - Dubai,DXB,Pharmacy,,"Shop No. 2406, Ground Floor, The Beach JBR, Dubai, UAE",97145610000,25.076231,55.131253
J.B.R. Life Pharmacy-Dubai,DXB,Pharmacy,,Jumeirah Beach Road,97143410008,25.006993,55.106063
JBR Bahar Pharmacy - Dubai,DXB,Pharmacy,,"Shp # P25, Bahar Tower - 4 Near Al Maya supermarket, JBR",97143659920,25.077255,55.1325283
JBR Murjan Pharmacy  - Dubai,DXB,Pharmacy,,"Shp # P57, Murjan Tower - 2, Near Daily gourmet Supermarket, JBR",97144517202,25.082064,55.1378083
JBR Sadaf Pharmacy - Dubai,DXB,Pharmacy,,"Shp # P32, Sadaf Tower - 2, Near Al Maya Supermarket, JBR",97143659925,25.080058,55.1354413
JBR Shams Pharmacy - Dubai,DXB,Pharmacy,,"Shp # PT24, Shams Tower-1, Near Al Maya Supermarket, JBR",97144253592,25.080058,55.1354413
JEBAL ALI ADVANCED CARE PHARMACY LLC (INDUSTRIAL AREA 1) DUBAI,DXB,Pharmacy,,"CROWN MALL, GROUND FLOOR, SHOP NO: 26, JEBAL ALI INDUSTRIAL AREA 1",97145693777,24.99712,55.14114
JVC Life Pharmacy - Dubai,DXB,Pharmacy,,"Shop # GS3,Opp to Bluemart Supermarket, Emirates Garden II- Mulberry, Al Barsha South 4th, Jumeirah Village Circle (JVC),Dubai",97145578841,25.050787,55.2035321
JVT Life Pharmacy - DXB,DXB,Pharmacy,,"Shop G-02 & G-03, Near Milestone Supermarket,Imperial Residence Tower, JVT, Dubai",97145511914,25.047758,55.1939803
Jadaf Life Pharmacy (Br of Life Pharmacy LLC) - Dubai,DXB,Pharmacy,,"Retail #1, Riah Towers, Culture Village, Al Jeddaf, Dubai",97145610000,25.224214,55.339698
Jebel Ali Gardens Pharmacy - Dubai,DXB,Pharmacy,,"Enoc station, Behind ibn batuta Mall",97143334133,25.156393,55.247644
Jumeira Better Life Pharmacy -  Dubai,DXB,Pharmacy,,"Jumeira Village Circle
Shop no. 5, Bldg. M1
Amsa, Jumeira VIllage",97144472086,25.116516,55.390009
Karama Life Pharmacy (Br of Life Pharmacy LLC) - Dubai,DXB,Pharmacy,AL KARAMA,"Shop no. 1 & 2 , Al Karama Building , Karama , Dubai",97143450875,25.246287,55.309446
Karama One Pharmacy - Dubai,DXB,Pharmacy,,"Shop# 2 n 3 Karama, Dubai",97143796632,25.2495892,55.2887597
Khalidha Pharmacy - Dubai,DXB,Pharmacy,,"1st Floor, Office 103 &104, Shehar-E-Karachi Restaurant Bldg., Latifah Bint Hamdan St., Al Quoz Industrial Area -3, Dubai",97143952885,25.149437,55.245626
Kims Pharmacy - Dubai,DXB,Pharmacy,,"Next to Abu Bakar Al Seddique Metro Station, Al Dosari Building, Group Floor",97142624500,25.270999,55.332421
LIFE PHARMACY & EXPRESS CLINIC (DHCC) DUBAI (PRE . Life Pharmacy (District 1) Dubai),DXB,Pharmacy,,"Unit No. 09RI, Building No. 64, Distirct 1, Block D, Ground Floor, DHCC, Dubai",97145610000,25.234007,55.318194
LIFE PHARMACY 17 BR OF LIFE PHARMACY LLC - Dubai,DXB,Pharmacy,AL KHWANEEJ FIRST,"Unit No NC 03, Ground Floor, Al Khawaneej Mall Dubai
Al Khawaneej Mall Dubai",97145610000,25.22963,55.48105
LIFE PHARMACY 21 BR OF LIFE PHARMACY LLC - Dubai,DXB,Pharmacy,,"Unit No: .LG 168, Lower Ground Floor, Waitrose Entrance , The Dubai Mall, Dubai - UAE 
The Dubai Mall, Dubai",97145610000,25.11435,55.1381
LIFE PHARMACY 26 BR OF LIFE PHARMACY LLC - DUBAI,DXB,Pharmacy,AL THANYAH THIRD,"Shop Number R VCC A8, Arabian Ranches I, Dubai, UAE",97145610000,25.079968,55.157293
LIFE PHARMACY 27 BR OF LIFE PHARMACY LLC - Dubai,DXB,Pharmacy,WADI AL ASAFA 7,"Unit No. FF01-1, FIRST FLOOR, ARABIAN RANCHES II , Dubai
ARABIAN RANCHES II , Dubai",97145610000,25.05136,55.2672
LIFE PHARMACY 29 BR OF LIFE PHARMACY LLC - Dubai,DXB,Pharmacy,ME'AISEM FIRST,"Unit No. G 030, Ground Floor, City Centre Meaisem, Dubai UAE
City Centre Meaisem, Dubai UAE",97145610000,25.04034,55.196943
LIFE PHARMACY 3 L.L.C (BRANCH) PRVSLY LIFE ISLAND PHARMACY - DUBAI,DXB,Pharmacy,,"Unit No: JI-B5 -RI-05D, Jumeriah, Pavilion Master Community, Dubai",97145610000,25.1330999,55.183466
LIFE PHARMACY 37 BR OF LIFE PHARMACY LLC,DXB,Pharmacy,,"Unit No. 1-21, 1-24, First Floor, Madina Mall, Dubai, UAE",97144566737,25.134567,55.243458
LIFE PHARMACY 52 BR (DEIRA CITY CENTER) DUBAI,DXB,Pharmacy,,"Shop No. M-018, Near Carrefour Market, First Floor, Deira City Center, Dubai, UAE",97145812463,25.15184,55.40441
LIFE PHARMACY 80 BR OF LIFE PHARMACY LLC,DXB,Pharmacy,,"Shop 5 , Dolphin Hotel Apartments, Khalid Bin Waleed Road, Dubai, UAE",97145610000,25.18501,55.22951
LIFE PHARMACY LLC DUBAI BRANCH,DXB,Pharmacy,,"Unit No. A001, Ground Floor, Dubai creek Residence",97145812462,25.262205,55.322298
La Riviera Life Pharmacy (Br of Life Pharmacy LLC) - Dubai,DXB,Pharmacy,,"Unit S02 in La Riviera Tower, Dubai Marina, Dubai",97145610000,25.073081,55.138471
Life Abu Hail Pharmacy - DXB,DXB,Pharmacy,,"Hor Al Anz East, Abu Hail Residence, Dubai",97143345553,25.2855199,55.3460401
Life Al Bada Pharmacy - Dubai,DXB,Pharmacy,,"S # 1; Al Badaa Bldg,P 78 Al Badaa,Dubai",97143596837,25.2245327,55.2559402
Life Al Barsha Fourth 2 (Br of Life Pharmacy LLC) - Dubai,DXB,Pharmacy,AL BARSHA SOUTH FOURTH,"Shop no. 1, Prime Business Center A, Al Barsha South Fourth (Plot no: 240), Dubai",97144566737,25.04918,55.214701
Life Al Barsha Pharmacy-DXB,DXB,Pharmacy,,"Near Lulu hyper Market
Al Barsha",97143473451,25.235485,55.436623
Life Al Barsha South Fourth (Br of Life Pharmacy LLC)-Dubai,DXB,Pharmacy,AL BARSHA SOUTH FOURTH,"Shop no. G01-B, Manhattan Building, Near Choithram , JVC Village No. 2,  Al Barsha South Fourth Community, Dubai",97142417418,25.068798,55.207366
Life Al Hamriya (Br of Life Pharmacy LLC) - Dubai,DXB,Pharmacy,,"Unit A, Ground floor, Fathima Hypermarket, Khalid Bin Al Waleed Rd., Bur Dubai, Dubai",97143571148,25.256657,55.301239
Life Al Karama Pharmacy -Dubai,DXB,Pharmacy,,Near Burger King  Next to Ministry of Health,97143969774,25.245223,55.302223
Life Al Mizhar First (Br of Life Pharmacy LLC) - Dubai,DXB,Pharmacy,AL MIZHAR FIRST,"Unit no. 2630, Arabian Center, Al Mizhar, Dubai",97142360046,25.235449,55.436432
Life Al Nahda Pharmacy - Dubai,DXB,Pharmacy,,"Shop # 3, Twin Tower, Plot # 241-555, Al Nahda , Dubai",97142636919,25.2924535,55.3700293
Life Al Qusais Pharmacy - DXB,DXB,Pharmacy,,"Near Icare Clinic,Al Huraiz Building, Damascus Street, Dubai",97142633318,25.2855242,55.3723048
Life Al Riqqa 2 (Br of Life Pharmacy LLC) - Dubai,DXB,Pharmacy,,"Shop # AGC 30, Ground Floor, Al ghurair Centre, Dubai",9714561000,25.267317,55.317646
Life Al Riqqa Pharmacy - Dubai,DXB,Pharmacy,,"Shop# F67, Opp. To Carrefour, Al Ghurair Centre, Al Riqqa, Dubai",97142248362,25.2683749,55.3101006
Life Al Shab Pharmacy - Dubai,DXB,Pharmacy,,"Shop 1 & 2, Plot # 127-0422, Malik Building, Al Shaab Colony, Hor Al Anz, Dubai",97143205629,25.2855116,55.3460401
Life Al Warqa 2 (Al Warqa First) Dubai,DXB,Pharmacy,AL WARQA'A FIRST,"Shop No. 5, Ground Floor, Al Jabri Building, Al Warqa First, Dubai, UAE",97145610000,25.204373,55.403102
Life Al Warqa Pharmacy - Dubai,DXB,Pharmacy,,"Shop 1 & 2,  Hamdan Al Shaikh Mejren Mohammad Ahmad Al Kendi Al Merri Bldg. , Al Warqa 1st, Dubai",97142865244,25.191485,55.430549
Life Al Yalayis 1 (Br of Life Pharmacy 3 LLC) - Dubai,DXB,Pharmacy,,"Unit No. MIRA - GF-005, Mira Town Centre, Al Qudra Street, Al Reem Tower, Reem Community, Dubai",97143683426,25.007053,55.300804
Life DIP Pharmacy - Dubai,DXB,Pharmacy,,"Near Choithrams  Supermarket, Market Mall, DIP,Greens, Dubai",97148851933,25.2924524,55.3547084
Life Express Pharmacy - Dubai,DXB,Pharmacy,,"Near Welcare Hospital Al Garhoud , Dubai, Al Mamzar area",97142833422,25.247314,55.340053
Life Guard Pharmacy - Dubai,DXB,Pharmacy,,"Office No - 101 & 102 , Po.Box No - 392676, Eiffel Accommodation-2 BLDG, Opp: Belhasa Driving School , Near Al Khail Mall, Alquoz-3 , Dubai , U.A.E.",97143399162,25.15616,55.26192
Life Home HealthCare-Dubai,DXB,Pharmacy,,"LIfe Healthcare Group
P.O. Box: 71246
Al Barsha, Dubai",97143624802,25.231609,55.320744
Life Mayfair Pharmacy -Dubai,DXB,Pharmacy,,"S-02, Mayfair residence Tower, Business bay, Dubai",97145516840,25.0677067,55.1325992
Life More Pharmacy (Marabea' St.) Dubai,DXB,Pharmacy,,3 Al Marabea' St - Dubai,97142882044,25.231522,55.41745
Life Muraqabat Pharmacy - Dubai,DXB,Pharmacy,,"Shop#1,R471 building,Wasl Trio block A,Al Muraqabat Rd,Dubai",97142979201,25.2651609,55.3188411
Life One Pharmacy- Dubai,DXB,Pharmacy,,"Life Healthcare Group
P.O. Bix: 71246
Al Barsha, Dubai",97143335877,,
Life Pearl Pharmacy - Dubai,DXB,Pharmacy,,"Shop#9, Marina pearl Buldg,Dubai Marina,Dubai",97145516770,25.069427,55.1316053
Life Pharmacy - Clover Bay - Dubai,DXB,Pharmacy,,"Shop # 1, Clover Bay Tower, Business Bay, Dubai",97145610000,25.188916,55.269605
Life Pharmacy - Dubai,DXB,Pharmacy,,"White Swan Building, Shiekh Zayed Road, Dubai",97143328385,25.215075,55.278788
Life Pharmacy - Lamcy Branch - Dubai,DXB,Pharmacy,,"Unit 134, Next to I care Clinic, Ground Floor, Lamcy Plaza, Dubai",97145610000,25.234203,55.308093
Life Pharmacy 10 (Br of Life Pharmacy LLC) - Dubai,DXB,Pharmacy,,"Shop # 6 , Ground Floor, Al Fattan Shopping Centre, JBR Walk, Dubai",97145610000,25.079383,55.136161
Life Pharmacy 11 (Br. of Life Pharmacy) -Barsha -Dubai,DXB,Pharmacy,,"Shop No. 2, Near Creative Minds Shop, Barsha, Umm Seqeim Road, Dubai",9714561000,25.11991,55.20554
Life Pharmacy 12 (Sheikh Zayed Rd) Dubai,DXB,Pharmacy,,"Shop 1, The Tower, Financial Centre, Sheikh Zayed Road, Dubai",97145610000,25.217067,55.279938
Life Pharmacy 13 (Al Hudaiba) Dubai,DXB,Pharmacy,,"Shop No.1, Carrefour, Al Hudaiba, Dubai",97145610000,25.23229,55.26636
Life Pharmacy 15 (Hor Al Anz) Dubai,DXB,Pharmacy,,"Shop No. 13, Bayat Complex, Hor Al Anz East, Dubai",97145610000,25.28639,55.34647
Life Pharmacy 16 ( Marsa) Dubai,DXB,Pharmacy,,"Unit No. R-18, ground Floor, Bluewaters Residences 8, Marsa, Dubai",97145610000,25.18489,55.22937
Life Pharmacy 18 (City Walk 1) Dubai,DXB,Pharmacy,,"Shop No. 6, Ground Floor, City Walk 1, Dubai",97145610000,25.207108,55.265113
Life Pharmacy 19 (Mirdif) Dubai,DXB,Pharmacy,,"Inside Carrefour, Mirdif City Centre, Dubai",97145610000,25.216412,55.407808
Life Pharmacy 20 (Deira) Dubai,DXB,Pharmacy,,"Inside Carrefour, Deira City Centre, Dubai",97145610000,25.254172,55.333515
Life Pharmacy 22 (Al Barshaa 1) Dubai,DXB,Pharmacy,,"Inside Carrefour, Mall of the Emirates, Dubai",97145610000,25.11776,55.203096
Life Pharmacy 25 (Karama) Dubai,DXB,Pharmacy,,"Unit 6 to 12, AJSM Investment Building, (Old Family Supermarket) Karama, Dubai",97145610000,25.188894,55.260078
Life Pharmacy 3 - Dubai,DXB,Pharmacy,,"Shop FA-19, Dragon Mart 2, International City, Dubai.",97143410008,25.1867343,55.2628217
Life Pharmacy 3 Branch - Dubai,DXB,Pharmacy,,"LG01A, Next to Fitness First, Al Etihad Street, Deira City Centre, Dubai PO Box: 71246",97142366021,25.1729847,55.422453
Life Pharmacy 4 - Dubai,DXB,Pharmacy,,"Shop LF15, Metro Link, Ibn Battuta, Dubai",97142779199,25.046706,55.117443
Life Pharmacy 5 - Dubai,DXB,Pharmacy,,"Shop#AT040A,First Floor, Dubai Festival City Mall, Dubai",97145610000,25.222116,55.353109
Life Pharmacy 7 - Dubai,DXB,Pharmacy,,"Al Furjan South-Unit # FRJP-R-24, Jebel Ali, Dubai",97543098682,25.0267378,55.1414001
Life Pharmacy 8 (Br of Life Pharmacy LLC) - Dubai,DXB,Pharmacy,,"Unit no. F11H, First Floor, Mall of Emirates, Dubai",97145610000,25.118107,55.200608
Life Pharmacy Barsha Heights (Al Thanayah 3) Dubai,DXB,Pharmacy,,"Shop No. 8, Al Shaiba Tower, Barsha Heights (Tecom), Dubai, UAE",97145610000,25.097833,55.170786
Life Pharmacy CCM (Mirdif) Dubai,DXB,Pharmacy,MIRDIF,"Unit No. D006A, Ground Floor, Mirdif City Centre, Dubai",97145610000,25.216406,55.407784
Life Pharmacy DFC (Business Bay) Dubai,DXB,Pharmacy,,"Unit No. RC-021, First Floor, Dubai Festival City, Dubai, UAE",97145610000,25.237205,55.289785
Life Pharmacy DIP 2 (Br of Life Pharmacy LLC) - Dubai,DXB,Pharmacy,DUBAI INVESTMENT PARK SECOND,"Unit No.6,Ramla Mall, DIP, Dubai",97148802157,24.970884,55.172108
Life Pharmacy DMCC Branch - Dubai,DXB,Pharmacy,,"G11, Dubai Gate 1, Jumeirah Lakes Towers, Dubai",97145610000,25.076447,55.146011
Life Pharmacy DWTC (Majlis) Dubai,DXB,Pharmacy,,"Shop No. R021.02, Concourse 1, Dubai World Trade Centre, Dubai, UAE",97145610000,25.22827,55.2881
Life Pharmacy Damascus (Al Qusais) Dubai,DXB,Pharmacy,,"Shop No. 1, Next to Al Kabayl Center, Al Qusais 2 Bldg., Damascus St. Al Qusais, Dubai, UAE",97145610000,25.27373,55.38223
Life Pharmacy Dusseldorf (Al Barsha 1) Dubai,DXB,Pharmacy,,"Shop No. 4, Dusseldorf Business Point, Al Barsha 1, Dubai, UAE",97145610000,25.114815,55.204888
Life Pharmacy I B M 2 (Jebel Ali 1) Dubai,DXB,Pharmacy,,"Unit No. IBS-GF-54 & IBS-GF-54A, Court-S, Ibn Battuta Mall, Dubai",97145610000,25.04176,55.118493
Life Pharmacy IBM (Jebel Ali 1) Dubai,DXB,Pharmacy,,"Unit No. IBS-GF-078, Persia Court, Ibn Batuta Mall, Dubai",97145610000,25.045081,55.120143
Life Pharmacy JVT 2 - Dubai,DXB,Pharmacy,,"Shop No. R01, Next to Triangle Supermarket, Green Park Building, JVT, Dubai, UAE",97145610000,25.042817,55.188856
Life Pharmacy Marina (Al Seba St) Dubai,DXB,Pharmacy,,"Ground Floor, DEC Dubai Marina Tower 2, Choitrams, Marina, Dubai",97145610000,25.068707,55.129641
Life Pharmacy Marina Walk - Dubai,DXB,Pharmacy,,"Unit No. GA2, Ground Floor, Dubai Marina Towers Retails, Marina Walk, Dubai, UAE",97145610000,25.078292,55.140428
Life Pharmacy N K Mall (Br. of Life Pharmacy) - Dubai,DXB,Pharmacy,,"GF R29, Ground Floor, The Hills Dubai",97145610000,25.114342,55.138558
Life Pharmacy Two - Dubai,DXB,Pharmacy,,"Al Kawakeb Bldg A, 1st Interchange,Sheikh Zayed Road, Dubai",97143550057,25.297747,55.382252
Life Pharmacy Village Mall (Jumeirah 1) Dubai,DXB,Pharmacy,JUMEIRA FIRST,"Shop No. 24 & 25, The Village Mall, Jumeirah First, Dubai",97145610000,25.23028,55.261875
Life Plus Pharmacy (Bank St.) Dubai,DXB,Pharmacy,,"Ubl Building, Near Family supermarket, Bank Street, Bur Dubai, Dubai",97143513334,25.255406,55.301922
Life Rose Pharmacy -Dubai,DXB,Pharmacy,,"Shop - 10, E07 Building, Plot No 67, China Cluster, International City, Dubai",97145521395,25.1872545,55.1907031
Life Trident Pharmacy - Dubai,DXB,Pharmacy,,"Shop No. R01 Near Marina Hotel Apt,Next to Blue Mart Suprmarket, , Marina Scape Tower, Dubai Marina",97145531092,25.0848343,55.1455771
Life Two Pharmacy LLC (Branch) - Dubai,DXB,Pharmacy,,"Shop # G84 & G85,Bay Avenue- Business Bay,Al Khaleej Al Tejari 1 Street, next to WHSmith Dubai",97145520750,25.189722,55.266031
Life Vision Pharmacy - Dubai,DXB,Pharmacy,,"Shop G+1, Vision Tower, Business Bay, Dubai",97145543255,25.183165,55.272887
Live Care Pharmacy LLC - Dubai,DXB,Pharmacy,,"Shoppers Mall, Jebel Ali, Dubai",97148845562,25.0071805,55.1082498
Liwa Pharmacy - Dubai,DXB,Pharmacy,,"Victoria Residence
P.O.Box : 71246
Dubai, UAE",97143592266,25.25536,55.29518
Lulu Barsha Pharmacy - Dubai,DXB,Pharmacy,,"Lulu Hypermarket, Al Barsha, Dubai Near Mall of the emirates",97143418828,25.296115,55.376126
Lulu Center Pharmacy - Dubai,DXB,Pharmacy,,"Lulu Hypermarket, Al Qusais, Dubai",97142988771,25.097763,55.174208
Lulu Karama Pharmacy  - Dubai,DXB,Pharmacy,,"Lulu Hypermarket, Al Karama, Dubai",97143369970,25.244951,55.303025
MEDICINA PHARMACY BRANCH (AL THANYAH 4) DUBAI PRVSLY MEDICINA FIRST PHARMACY - DUBAI,DXB,Pharmacy,,"Shop # M TC-GF-25-4, Ground floor, The Meadows Souk, Al Thanayah Forth, Dubai, UAE P.O.BOX:31225",971043882677,25.05399779242764,55.17089868924647
MEDICOM PHARMACY (AL DAGHAYA) DUBAI PRVSLY MEDICOM - AL PHARABI PHARMACY,DXB,Pharmacy,,"Ground Floor, Al Hayam Hotel, Gold Souq, Dubai",97142264844,25.273371,55.297957
MEDICOM PHARMACY 1 - AL JAMEYA  PHARMACY - DUBAI,DXB,Pharmacy,,"Union Cooperative Society, Al Twar 1, Dubai",97142633677,25.270652,55.371608
MEDICOM PHARMACY 10 - AL SABA  PHARMACY - DUBAI,DXB,Pharmacy,,"Near Up Town Mall, Mirdif, Dubai",97142885995,25.228461,55.431223
MEDICOM PHARMACY 11 - NEW FLAME  PHARMACY - DUBAI,DXB,Pharmacy,,"Opp. Al Towar Centre, Al Qusais, Dubai",97142611551,25.263257,55.391941
MEDICOM PHARMACY 5 - EMIRATES CO-OP  PHARMACY - DUBAI,DXB,Pharmacy,,"Emirates Cooperative Society, Al Twar, Dubai",97142649929,25.281047,55.410804
MEDICOM PHARMACY 6 - MAZAYA  PHARMACY - DUBAI,DXB,Pharmacy,,"Mazaya Centre,Sh Zayed Road, Dubai",97143435522,25.199126,55.265458
MEDICOM PHARMACY 7 - FLAME  PHARMACY - DUBAI,DXB,Pharmacy,,"Al Mizhar Mall, Al Mizhar-I, Dubai",97142876804,25.246118,55.452864
MUSALLA SONAPOOR PHARMACY (MUHAISNAH 2) DUBAI,DXB,Pharmacy,MUHAISANAH SECOND,"AWQAF MUSJID BUILDING,MEZANINE, MUHAISNAH 2 DUBAI UAE",97142544461,25.275248,55.421856
Mansion Pharmacy - Dubai,DXB,Pharmacy,,"Next to Marina Mall , Dubai Marina",97144537262,25.075665,55.1377873
Marina Care 2 Pharmacy  - Dubai,DXB,Pharmacy,,"Iranian Hospital New Building,Al Wasl, Satwa, Dubai",971522133626,25.23033,55.26879
Marina Care Pharmacy - Dubai,DXB,Pharmacy,AL WASL,"Iranian Hospital Old Building, Satwa, Al Wasl Road, Dubai",97143436020,25.230326,55.269086
Marina Center Pharmacy (DIFC) Dubai,DXB,Pharmacy,,"Unit TB1 - 10, Level B1, Gate Building, Dubai International Financial Centre",97143637484,25.21429,55.282142
Marina Greens Pharmacy (Jebel Ali) Dubai,DXB,Pharmacy,,"Ground Floor, The Greens Village, The Greens, Jebel Ali, Dubai
Landmark: Near Choithram Supermarket",97143663130,25.110022,55.169665
Marina Jumeirah Pharmacy - Dubai,DXB,Pharmacy,,"P.O. Box: 72640
Dubai, U.A.E",97143486710,25.110022,55.169665
Marina Life Pharmacy-Dubai,DXB,Pharmacy,,"Life Healthcare Group
P.O. Box: 71246
Al Barsha, Dubai",97144202447,25.087265,55.148449
Marina Old Town Pharmacy - Dubai,DXB,Pharmacy,,"P.O. Box: 72640
Dubai, U.A.E",97144201172,25.109937,55.147269
Marina Palm Pharmacy - Dubai,DXB,Pharmacy,,"P.O. Box: 72640
Dubai, U.A.E",97144355963,25.109937,55.147269
Marina Pharmacy (Burj Station) - Dubai,DXB,Pharmacy,,"Burj Khalifa Metro Station, Dubai",97143809669,25.201366,55.269539
Marina Pharmacy (City Centre Station) - Dubai,DXB,Pharmacy,,"Deira City Center Metro Station,Al Ittihad, Dubai",97142500682,25.254201,55.330293
Marina Pharmacy (JBR) - Dubai,DXB,Pharmacy,,"Promenade/Paloma Bldg., Al Safouh Jumeirah Beach Residence, Dubdai",97144470955,25.07763,55.135878
Marina Pharmacy (Shorooq) - Dubai,DXB,Pharmacy,,"Shop #: G07, Shorooq Community Center, Mirdiff Dubai",97145587756,25.214385,55.42828
Marina Pharmacy (South Br) - Dubai,DXB,Pharmacy,AL BARSHA SOUTH FIRST,"Al Barsha South, My City Center, Um Suqeim Road, Dubai",97145541140,25.0694797,55.2417583
Marina Pharmacy Al Mustaqbal (Br of Marina Pharmacy LLC),DXB,Pharmacy,AL BADA'A,"B# 5, Valeant clinic, Bur Dubai, Al Wasl Street, Dubai",97143466889,,
Marina Pharmacy Care 1 (Al Wasl Road) - Dubai,DXB,Pharmacy,,Al Wasl Road Dubai Iranian Hospital,97143466889,25.229851,55.269362
Marina Pharmacy Care 3 (Al Wasl Road) Dubai,DXB,Pharmacy,,"Al wAsl Road Iranian Hospital Polyclinic, Dubai",97143466889,25.231229,55.268442
Marina Pharmacy Care 5 (Al Asayel St) Dubai,DXB,Pharmacy,,"Al Asayel St Iranian Clinic (Safa Clinic), Dubai",97143466889,25.167791,55.257252
Marina Pharmacy City Walk (Al Albaany St) Dubai,DXB,Pharmacy,,"Al Albaany St. Next to Sh Zaid Road city Walk Phase 2, Dubai",97143466889,25.203081,55.262978
Marina Pharmacy Golden Mile 1 - Dubai,DXB,Pharmacy,,"Golden Mile One Building, GoIden Mile Souq, Palm Jumeirah, Dubai",97144549550,25.107762,55.1455091
Marina View Pharmacy - Dubai,DXB,Pharmacy,,"Dubai Marina,Marina heights Building, Dubai",97144479780,25.0856059,55.1464119
Marsa Life Pharmacy - Dubai,DXB,Pharmacy,,"Shop#7, Al Marsa Marina, MAG 218, Dubai Marina, Dubai",97144298431,25.2683716,55.2969684
Med Save Pharmacy - Dubai,DXB,Pharmacy,,"Near Union National Bank, Mirdiff
P. O. Box: 50585",97142847600,25.221583,55.434308
Medicina 1 Pharmacy - Dubai,DXB,Pharmacy,,"Al Maktoum Steet, Wasl District Souq, Dubai PO Box: 31225",97142943248,25.133287,55.185706
Medicina 2 Pharmacy - Dubai,DXB,Pharmacy,,"Nad Al Hamar, Nad Al Hamar Mall, Dubai",97142898201,24.980485,55.156453
Medicina 4 Pharmacy - Dubai,DXB,Pharmacy,,"Shop No.1 Grandiose Supermarket Jumeirah 2, Dubai",97145463322,25.20434686404396,55.245182651449625
Medicina Beach Road Pharmacy - Dubai,DXB,Pharmacy,,"Nadd Al Hamar, Shop #01, Nesto Hypermarket Nadd Al Hamar Dubai",97142239282,25.200827522330457,55.377399337321904
Medicina Pharmacy - Dubai,DXB,Pharmacy,,"Opp. Marine Home Interiors and Life Heatlhcare Group, Umm Suqeium Street, Al BArsha 2, DXB",97143237202,25.114953,55.204709
Medicina Pharmacy 11 - Dubai,DXB,Pharmacy,,"Shop No 3, Ground Floor, Building #40, Dubai Healthcare City, Dubai",97144547696,25.230206,55.324926
Medicina Pharmacy 5 - Dubai,DXB,Pharmacy,,"Grand Midwest View Hotel Apartment, Shk Zayed Road, Al Barsha 1, Dubai",97143794954,25.25587,55.295602
Medicina Pharmacy 6 - Dubai,DXB,Pharmacy,,"Al Attar Business Centre, Al Barsha 1, Sheikh Zayed Road, Dubai",97143993370,25.217996,55.278831
Medicina Pharmacy 7 - Dubai,DXB,Pharmacy,,"Al Khaleej Centre, Al Mankhool Road, Burdubai",97143526663,25.266169,55.295638
Medicine Shoppe Micro Pharmacy- DXB Barsha-ASTER,DXB,Pharmacy,,"Al Barsha
Dubai",97143237939,25.11545,55.195504
Medicom 12 - Dubai Century Pharmacy - Dubai,DXB,Pharmacy,,"Behind Bin Souqat Centre, Al Rashidiya, Dubai",97142859110,25.23257,55.384296
Medicom 13 - Home Pharmacy - Dubai,DXB,Pharmacy,,"Oppostie :- Karama Centre, Karama, Dubai",97143977739,25.245695,55.302793
Medicom 14 - Madina Mall - Dubai,DXB,Pharmacy,,"Madina Mall, Shop 1 17, Al Qusais",97142558733,25.228237,55.38392
Medicom 2 - Al Wasl Pharmacy - Dubai,DXB,Pharmacy,,"Mercato Centre, Jumeira Beach Road, Dubai",97143448333,25.216628,55.252672
Medicom 4 - Town Pharmacy - Dubai,DXB,Pharmacy,,"Town Centre, Jumeira Beach Road, Dubai",97143440077,25.214789,55.251204
Medicom 8 - Century Pharmacy - Dubai,DXB,Pharmacy,,"Century Mall, Hamriya, Dubai",97142965040,25.290244,55.346718
Medicom 9 - Al Qemma Pharmacy - Dubai,DXB,Pharmacy,,"Opp. Al Qusais Police Station, Al Qusais, Dubai",97142640818,25.264074,55.39386
Medilife Pharmacy - Dubai,DXB,Pharmacy,,"Shop #1, Choithram Bldg, Plot B/1416, Opp Safa Park, Al Wasl Dubai",97143237223,25.1975486,55.2426396
Medshop Gardens Pharmacy- Dubai,DXB,Pharmacy,,"Zen Cluster, Discovery Gardens
, Bldg 9 Shop No: 3
Discovery Gardens",97144329596,25.04655,55.127527
Mezhar Life pharmacy-Dubai,DXB,Pharmacy,,"Emirates CooperativeSociety, Al Mezhar, Dubai",97142571177,25.243696,55.346804
Modern Bin Sina Pharmacy - Dubai,DXB,Pharmacy,,"Alphamed
Modern Ibn Sina Pharmacy
P.O.Box 11245",97143986026,25.237479,55.276135
Modern Life Pharmacy-Dubai,DXB,Pharmacy,,"Life Healthcare Group
P.O. Box: 71246
Al Barsha, Dubai",971505589967,25.174981,55.390657
Multi Care Pharmacy (Al Quoz) - Dubai,DXB,Pharmacy,,"Al Khail Gate Community Centre, Near Bluemart Hypermarket, Dubai",9714245863,25.142533,55.250259
Murshid Pharmacy - Dubai,DXB,Pharmacy,,"SHOP G9 , G10 & G11, SAWAN BUILDING, AL BUTEEN, DEIRA, DUBAI, UAE",97148365843,25.267784,55.300636
NEO PHARMACY LLC BRANCH,DXB,Pharmacy,JABAL ALI FIRST,SALIM ALI RASHID SUWAILIM,97143885436,0.00,0.00
NEO PHARMACY LLC BRANCH-(BIN LAHEJI)-DUBAI,DXB,Pharmacy,,KHALFAN MOHAMED BIN LAHEJI,97143320266,0.00,0.00
NEO PHARMACY LLC BRANCH-DUBAI,DXB,Pharmacy,,"55 STREET , B NO 28",97142360063,0.00,0.00
NEW ADVANCED CARE PHARMACY LLC,DXB,Pharmacy,,"""Souq No :4, Shop Number : 3,
Seihshoweb 4, Labour City 2,
Dubai Industrial City,
Dubai - UAE""",97148786503,24.82907,55.08121
NICE LIFE PHARMACY (AL HEBIAH 1) DUBAI,DXB,Pharmacy,,"Ground Floor, Shop No:AG 12, Al Hudaiba Awards Building ,Block A, 2nd December Street, Jumeirah 1, Dubai",97145467076,25.2413737,55.2695248
NOVITAS PHARMACY LLC,DXB,Pharmacy,WARSAN FIRST,"SPAIN CLUSTER, INTERNATIONAL CITY PRIME RESIDENCE II",97145693389,25.1648731,55.3977848
NOVITAS PHARMACY LLC - BRANCH (JABAL ALI FIRST) DUBAI,DXB,Pharmacy,JABAL ALI FIRST,"JABAL ALI FIRST , CROWN MALL	G05	PO BOX 1166267134",971044918666,00.0000,00.0000
Najmat Al Shams Pharmacy (Dubai Land Residence) - Dubai,DXB,Pharmacy,,"Dubai Land Residence Abidos Hotel Apartment, Dubai",97145221453,25.089169,55.379432
Nature's Life Pharmacy Dxb,DXB,Pharmacy,,"Al Wasl Road , Dubai, Jumeirah",97143441122,25.212199,55.257711
Neo Pharmacy (DIP-2) - Dubai,DXB,Pharmacy,,"Fakhree Centre LLC, Passons Hypermarket Building, Ground Floor, DIP-2, Dubai, UAE",97148814919,24.9764473,55.201445
New Al Hadiqa Pharmacy - Dubai,DXB,Pharmacy,,"Jumeirah, Wasl Square, Jumeirah",97143791553,25.185914,55.2380873
New Al Kanz Pharmacy Br (JLT) - Dxb,DXB,Pharmacy,,"Shop Mag 214 , JLT, Dubai  Cluster R, Dubai",97145521830,25.067707,55.1391653
New Al Kanz Pharmacy Br JLT Lakeshore,DXB,Pharmacy,,"Lakeshore Tower ( Bojwani), JLT,Dubai Cluster Y ,Dubai",97145521649,25.2771477,55.3255853
New Al Kanz Pharmacy Branch - Dubai,DXB,Pharmacy,,"J2 Tower, Cluster J -JLT, Dubai UAE",97143929669,25.077596,55.151179
New Al Nahda Pharmacy - Dubai,DXB,Pharmacy,,"No. 1 Al Nahda 3 bldg, Bfre Emts Star Hotel Apart, Dubai",97142672855,25.288502,55.368347
New Al Quoz Pharmacy - Dubai,DXB,Pharmacy,,"Near New grand mall - Al Qouz
P.O. Box: 50585
Dubai, UAE
near old grand shopping  Mall , al qoz,",97143385854,25.273088,55.381887
New Al Shifa Pharmacy - Dubai,DXB,Pharmacy,,"Builing No:20, Russian Cluster,Int'l City
International City
P. O. Box: 50585",97144227474,25.167968,55.403127
New Aster Pharmacy JLT - Dubai,DXB,Pharmacy,,"Shop no. G011-b, Red Diamond Building JLT",97143697728,25.077196,55.154548
New Better Life Pharmacy - Dubai,DXB,Pharmacy,,"BUIDLING NAME-AL QOUZ MALL , SHOP NO 26 , MAKANI NO-2075479749",971043423448,25.169711,55.24162
New Grand Murqabat Pharmacy - Dxb,DXB,Pharmacy,,"Shop# 5 , AL Murqabat Street,  AL Murqabat Bldg., Dubai UAE.",97142552275,25.264932,55.328782
New Grand One Pharmacy - Dubai,DXB,Pharmacy,,"Khalid Bin Walid Road, Al Mankhool Building, Dubai",97143518474,25.256491,55.2983623
New Ibn Sina Pharmacy - Dubai,DXB,Pharmacy,,"Alphamed
New Ibn Sina Pharmcy
P.O.Box 11245
Dubai-UAE",97142954367,25.251494,55.333709
New Mamzar Pharmacy - Dubai,DXB,Pharmacy,,"Century Mall Shopping Mall, Deira, Al Mamzar Street, Dubai",97142967710,25.289831,55.34713
New Mazaya Pharmacy Est - Dubai,DXB,Pharmacy,,"Shk Zayed Road, G06, Mazaya Shopping Centre, Dubai",97143211433,25.199374,55.2634243
New Medicina Pharmacy - Dubai,DXB,Pharmacy,,"API 1000, Al Wasl Road, Dubai",97143853313,25.238893,55.301946
New Motor City Pharmacy - Dubai,DXB,Pharmacy,,"Uptown Motor city retail, Block B, NW Motor city, Dubai",97144474022,25.0464012,55.2410412
New Salah Aldin Pharmacy - Dubai,DXB,Pharmacy,,"Shop # G-3,Al Waha Mosque-RS, Dubai Silicon Oasis",97143335822,25.270461,55.3165803
New Sanaiya Pharmacy - Dubai,DXB,Pharmacy,,"Muhaisnah 2, Al Abbar Complex,  Near Madina Supermarket - SONAPUR, Dubai",97142648202,25.265033,55.425244
New Silicon Pharmacy (Br of Life Pharmacy LLC)  - Dubai,DXB,Pharmacy,NADD HESSA,"Retail 01, Le Presidium Tower, Dubai Silicon Oasis, Nadd Al Hessa, Dubai",97143204410,25.11064,55.376845
New Smile Pharmacy - Al Quoz 2 Dubai,DXB,Pharmacy,,"Al Quoz 2, Dubai",97143381330,25.127433,55.235802
New Spring Pharmacy (Br of Life Pharmacy LLC) - Dubai,DXB,Pharmacy,AL THANYAH FIRST,"Unit No. NSPV-FF-26, The New Spring Village, Dubai",97145610000,25.066227,55.192047
Noor Al Iman Pharmacy - Dubai,DXB,Pharmacy,,"Shop 1, Plot # 356-257, Jumeirah 3, Dubai",97143790110,25.208443,55.271923
Noor Al Mamzar Pharmacy - Dubai,DXB,Pharmacy,,"Shop # 18,AB Plaza 1,Near Canadian Specialist Hospital, Al Mamzar",97142669299,25.241807,55.300212
Noor Al Shefaa Pharmacy - Dubai,DXB,Pharmacy,,"Abnaa Omar Obaid Al Majid, Naif Road, Deira, Dubai",97142396671,25.274212,55.309017
Nova Advanced Care Pharmacy LLC - Dubai,DXB,Pharmacy,MUHAISANAH SECOND,"Shop # 17, Ground Floor, Shaklan Hypermarket 2, 32A Street, Near Al Qusais Bus Station, Dubai",97142638227,25.270472,55.43127
Oasis Life Pharmacy - Dubai,DXB,Pharmacy,,"Residential Oasis, Ghusias, Dubai",97142586774,25.247728,55.30493
Our Life Guard Pharmacy (Jebel Ali),DXB,Pharmacy,,"SHOP # 5 , AL MEDINA SUPERMARKET COMPLEX, JEBAL ALI-A
70 STREET JEBAL ALI INDUSTRIAL AREA",97145809681,0.00,0.00
Outlet by Life Pharmacy LLC,DXB,Pharmacy,,"Belselah Building, Next to Marina Furniture, Dubai",97143413745,25.16846,55.228255
PARADISE PLUS PHARMACY (DIP 2) DUBAI,DXB,Pharmacy,,"ALYALAIS STREET, SHOP NO. 9, ABOVE ALMAYA SUPER MARKET, DIP 2, DUBAI",97148848270,24.986939,55.203362
PRIMECORP MEDICAL CENTER DIP PHARMACY (JABAL ALI FIRST) DUBAI,DXB,Pharmacy,JABAL ALI FIRST,"G STATION, BLOCK B, DEWA - JEBEL ALI POWER PLANT & DESALINATION COMPLEX, JEBEL ALI SECOND, DUBAI, UAE",97147070999,25.05931686,55.11828253
Palmstrip Pharmacy - Dubai,DXB,Pharmacy,,"Palmstrip Mall Building Jumeirah Beach Road Area, Dubai.",9713862335,25.224803,55.258959
Panacea Pharmacy Madinat- Dubai,DXB,Pharmacy,,"Madinat Jumeriah souk,Shop no.90, Umm suqeum, Jumeriah beach road, Near to Burj al arab hotel",97142822209,25.133287,55.185706
Panacea Pharmacy REEF - Dubai,DXB,Pharmacy,,"Ground Floor, Reef Mall,Salah Al Din Road, Deira, Near to Ansar Gallery",97142239805,25.269663,55.322622
Park Better Life Pharmacy - Dubai,DXB,Pharmacy,,"Park Shopping Centre, DIP",97148848859,24.980485,55.156453
Premier Pharmacy - Dubai,DXB,Pharmacy,,"Aboobaker Al Siddique Road, Inside Hamarain Centre, Deira, Dubai",97142699215,25.2599397,55.311752
Primacare Pharmacy - Dubai,DXB,Pharmacy,MANKHOOL,"Mezzanine Floor, 240 Al Musalla Tower/ Mall, Bank Street, Khalid Bin Al Waleed Road, Al Hamriya Area, Dubai",97148846679,25.25839,55.29827
Pristine Pharmacy - Dubai,DXB,Pharmacy,,"Shop#9, 10, 11a, 11b at Nile Region, Wafi Mall, Umm Hurair 2, Dubai",97143852248,25.229152,55.3160503
RIGHT HEALTH PHARMACY LLC (BRANCH) KARAMA - DUBAI,DXB,Pharmacy,,"AL YATEEM BUILDING, SHOP NO. 1 & 2, NEAR BURJUMAN METRO STATION, BACKSIDE OF BONANZA, KARAMA, DUBAI",97143488818,,
Ramada Life Pharmacy - Dubai,DXB,Pharmacy,,"Al Musalla, Al Tawhidi Bldg., Near hotel Ramada, Bur Dubai",97143528104,25.25587,55.295602
Rashid Pharmacy - Dubai,DXB,Pharmacy,,"Near Guest Line Hotel ,Rigga Road Deira
P O Box No.: 50585, Dubai UAE",97142211739,25.23774,55.318491
Real 10 Pharmacy - Dubai,DXB,Pharmacy,,"Shop#1, Elite Building, Opp. Lulu Hyper market, Al Barsha, Dubai",97143479744,25.116452,55.2039743
Real 3 Pharmacy - Dubai,DXB,Pharmacy,,"Shop no 1, Emart Supermarket, Umm Hurair, Dubai",97143575446,25.257556,55.3046073
Real 4 Pharmacy - Dubai,DXB,Pharmacy,,"Po no 483, Shop no 3, Escaper Tower , Near Business Bay Metro, Dubai",97143881558,25.2575518,55.2717766
Real 5 Pharmacy - Dubai,DXB,Pharmacy,,"Al Nahda Twin Tower Bldg., Next to Carrefour Express, Aman Road, Al Nadha 2, Dubai",97142577545,25.2049524,55.2146761
Real 6 Pharmacy - Dubai,DXB,Pharmacy,,"Shop # 1, Al Salaam Tower, Sheik Zayed Road,chelsea Dubai",97143529988,25.211205,55.2723503
Real 7 Pharmacy - Dubai,DXB,Pharmacy,,"Ground Floor, E3 , Sabah Tower 1, Jumeirah Lake Towers, Dubai",97144391776,25.072316,55.1393173
Real 7 Pharmacy DMCC Branch - Dubai,DXB,Pharmacy,AL THANYAH FIFTH,"Shop PL-7, Lake Terrace, Cluster D, Jumeirah Lakes Towers, Dubai",97142428798,25.069981,55.141379
Real 7 Pharmacy JLT Branch - Dubai,DXB,Pharmacy,,"Unit# GS03, Plot# JLT - Ph1- A3, Lake Side Res Tower, DUbai",97145516506,25.072316,55.1393173
Real One Pharmacy - Dubai,DXB,Pharmacy,,"Shp # 1&2 Al Balooch Bldg, Near AlRafa Police st, Bur Dubai",97143887704,25.2771413,55.2927546
Riviera Life Pharmacy - DXB,DXB,Pharmacy,,"SHOP # 1, Riviera Dreams Bldg,CBD Cluster,Next to Papa John Pizza, INTERNATIONAL CITY,DUBAI",97144564220,25.24601,55.3210925
Royal Grand Pharmacy - Dubai,DXB,Pharmacy,,"France Cluster, International City next to Carrefour express, Dubai",97144474078,25.160896,55.405689
Royal Life Pharmacy-DXB,DXB,Pharmacy,,"Mankhool Street, Sheikh Ahmed Tower",97143529229,25.25353,55.293449
Royal Marina Pharmacy - Dubai,DXB,Pharmacy,,"Al Barsha, Opp Abidos Hotel,Dubai",97143475991,25.277133,55.2927545
Royal Memzar Pharmacy - DXB,DXB,Pharmacy,,"Al Mamzar Centre, Dubai, Al Mamzar , Dubai",97142659552,25.280137,55.353237
Royal Pharmacy- Dubai,DXB,Pharmacy,,"Khalid Bin Walid Walid Road, Opp. Hotel Ascott, Dubai",97143522426,25.259776,55.291522
Royal Ruby Pharmacy - Dubai,DXB,Pharmacy,,"Hassan Ali Ali Bhai Building, New Industrial Area # 3- Al Quoz, Dubai",97143791121,25.15541,55.25331
Ruby Pharmacy - Dubai,DXB,Pharmacy,,"China Cluster H-6, International City, Dubai",97144226899,25.162561,55.415936
S Z R Life Pharmacy (Sheikh Zayed Road) -  Dubai,DXB,Pharmacy,,"Showroom No. 2, Al Kawakeb (D Block), Sheikh Zayed Road, Dubai, UAE",97145610000,25.11782,55.36481
Safa Society Pharmacy-DXB,DXB,Pharmacy,,"Union Co-operative Building Opposite Safa Park, Jumeirah",97143946618,25.187279,55.239069
Salah Aldin Pharmacy-DXB,DXB,Pharmacy,,"Salahudin Road, Deira, Dubai",97142728233,25.270426,55.318033
Samary Pharmacy - Dubai,DXB,Pharmacy,,"Jebel Ali Industrial Area, Near Parco Hypermarket, Jebel Ali Mall, Dubai",97148878011,25.029454,55.114474
Samer Pharmacy - Dubai,DXB,Pharmacy,,"Shk.Hamdan Colony, Karama, Dubai",97143971909,24.816693,56.133388
Sara Pharmacy - Dubai,DXB,Pharmacy,,"Spinneys, Karama",97143969999,25.249307,55.300098
Shindagha Pharmacy - Dubai,DXB,Pharmacy,,Carrefour - Bur dubai,97143933889,25.264003,55.287226
Smile Pharmacy (Sonapur) Dubai,DXB,Pharmacy,,"G Floor, Al Abbar building, Near Feorz Talal Supermarket & Al naboodah camp, Muhaisinah-2 (Sonapur), Al Qusais, Dubai",97142643567,25.273515,55.427304
Super Life Pharmacy- DXB,DXB,Pharmacy,,"Near Spinneys, Meadows Community Centre, Dubai",97143608800,25.054289,55.171728
Sustainable Life Pharmacy - Dubai,DXB,Pharmacy,AL SAFA FIRST,"B-1, The sustainable  City, Al Wadi Al Safa 7, Dubai",97145610000,25.0293838,55.2762079
Tariq Pharmacy-DXB,DXB,Pharmacy,,"Al Bustan Centre, Al Qusais, Dubai",97142635020,25.275166,55.367944
The Point Life Pharmacy (Br of Life Pharmacy LLC) - Dubai,DXB,Pharmacy,,"Nect to Reel Cinemas, The Point, Palm Jumeirah, Dubai",97145610000,25.126916,55.123169
Town Life Pharmacy-DXB,DXB,Pharmacy,,"Mirdiff Uptown  (Welcare Clinic), Dubai",97142848355,25.223846,55.425303
Town Square Life Pharmacy - Dubai,DXB,Pharmacy,,"Unit No. 4, Ground Floor, Town Square Development Zahra Apartments, Dubai, UAE",97145610000,25.008023,55.29321
Tram Life Pharmacy - Dxb,DXB,Pharmacy,,"Al Seef Tower 1, Behind Tamani Hotel, Dubai Marina, Dubai",97145586744,25.090613,55.1479043
Umm Hurair Pharmacy - Dubai,DXB,Pharmacy,,"G5&G6 - J3 MALL, Al Manara, Dubai",97143343206,25.244823,55.306926
Union Pharmacy - Dubai,DXB,Pharmacy,,"Near al rafa poly clinic - Bur Dubai
P.O.Box 50585 Al Rafa Road , Computer St. Bur Dubai 
Dubai- UAE",97143935619,25.260212,55.289769
Uptown Pharmacy - Dubai,DXB,Pharmacy,,"J3 Mall, 1st Floor, Al Wasl Road, Al Manara, Dubai, UAE",97143392762,25.223733,55.424652
WELLCARE PHARMACY (AL QUOZ) DUBAI,DXB,Pharmacy,AL QOUZ THIRD,"SHOP 12,AL ADEEM BUILDING,LATIFA BIN HAMDAD, AL QUOZ 3, DUBAI UAE",97142322211,25.15124,55.2429
West Hill Pharmacy - Dubai,DXB,Pharmacy,,"West Hill Pharmacy
P.O.Box 6628
Dubai- UAE",97143377131,25.238893,55.301946
Yacoub Pharmacy - Dubai,DXB,Pharmacy,,"Near ABS Bank - Khalid bin Waleed rd - Bur dubai - Dubai
P.O.Box: 5585",97143523332,25.25636,55.300438
Yara Pharmacy - Dubai,DXB,Pharmacy,,"Al Riqua Street, Green Corner Bldg
P.O.Box 71246
Dubai- UAE",97142225503,25.266008,55.319443
Yassat Life Pharmacy (Caliber Plaza) - Dubai,DXB,Pharmacy,,"Shop no. 7 & 8 , Ground Floor , Caliber Plaza, Dubai Production City, Dubai",97145646424,25.1840144,55.1861481
Yassat Life Pharmacy (Mercure Hotel) - Dubai,DXB,Pharmacy,,"Shop 1, Yassat Gloria hotel , Tecom, Sheikh Zayed Road, Dubai",97143792799,25.1011579,55.1708695
Zabeel Pharmacy (Business Bay) - Dubai,DXB,Pharmacy,,"Shop No. 2, Blue Bay Tower, Marasi Drive Street, Business Bay, Near to Steigenberger, Dubai",97145897129,25.188274,55.271221
Zahrat Al Noor Pharmacy (DIP 2) Dubai,DXB,Pharmacy,DUBAI INVESTMENT PARK SECOND,"1st Floor Pason's Hypermarket Above Landmark Restaurant, Dubai Investment Park 2, Dubai",97148814111,,
Zahrat Al Shefa Pharmacy LLC - Dubai,DXB,Pharmacy,MUHAISANAH SECOND,"Al Ghaith Building, Muhaisnah 2, Sonapur, Dubai",97148878155,25.259594,55.424053
Zayd Pharmacy - Dubai,DXB,Pharmacy,,"Shk. Zayed Road, Dubai",97143291325,25.215272,55.276701
AL AHLI MEDICAL CENTER LLC-FUJAIRAH,FUJ,Clinic,,"HAMAD BIN ABDULLAH ROAD
1ST FLOOR, HSBC BANK BUILDING",97192220228,0.00,0.00
Al Sharq Medical Centre - Cosmomed Fujairah,FUJ,Clinic,,"P. O. Box – 2766, 
Opp.Umbrella beach
Al Faseel
Fujairah, UAE",97192249545,25.129784,56.334298
Dr. Yasser Seif Dental Clinic - Fujairah,FUJ,Clinic,,"M-02, Al Yasmeen Building, Hamad Bin Abdullah Street, Fujairah, UAE  email: dryasserins@gmail.com",97192222321,25.1216,56.36500
Fujairah Port Medical Center (Fujairah Sea Port) Fujairah,FUJ,Clinic,,"Inside Fujairah Sea Port, Near Duty Free, Khorfakkan-Fujairah Road, P.O. Box: 1195, Fujairah",97192228678,25.167669,56.351312
Makkah Medical Center (Eid Musalla Rd.) Fujairah,FUJ,Clinic,,"1st Floor Flat No. 104, Same Building of Al-Atlal Car Accessories, Beside Royal Hotel Apartment, Opposite Masjid Omar Al Khatab & Eid Musalla, Fujairah",97192225051,56.2482,25.4111
Smiles R Us For Dentistry (Rugaylat Rd) Fujairah,FUJ,Clinic,,"Rugaylat Road, Al Hail Tower, Fujairah",97192224868,25.127586,56.354662
Al Khan Pharmacy (Eid Musalla Rd) Fujairah,FUJ,Pharmacy,,Eid Musalla Road Opposite to Masjid Umar Alkhatab Barakat Building,97192234154,56.2482,25.4111
Aster Pharmacy (Hamad Bin Abdulla Rd) Fujairah,FUJ,Pharmacy,,Emirates Spring Building - Hamad Bin Abdulla Rd - Fujairah,97192238322,25.1217014,56.341466
Aster Pharmacy 8 (Century Mall) Fujairah,FUJ,Pharmacy,,Rugaylat Rd Century mall - Fujairah,97192230701,25.157417,56.349406
East Coast Ahalia Pharmacy ( Ahalia Group),FUJ,Pharmacy,,"GROUND FLOOR, NORTHERN AL AHLIAH MEDICAL COMPLEX, FATHIMA ROUND ABOUT, E89, AL GURFA",97192235744,25.122539,56.348244
Health First 19 Pharmacy (Hamad Bin Abdulla St) Fujairah,FUJ,Pharmacy,,"Hamad Bin Abdulla St., Dibba - Fujairah",97192444376,25.591133,56.259495
Health First 20 Pharmacy (Dibba) Fujairah,FUJ,Pharmacy,,"Muhalab St., P.O Box No. 232, Dibba, Fujairah, UAE.",97192447064,25.599367,56.275153
Health First Pharmacy 16 (Rugaylat Rd) Fujairah,FUJ,Pharmacy,,"Beside Commercial Bank of Dubai, Shaikh Hamad Bin Abdullah St., Rugaylat Rd., Fujairah",97192229295,25.122206,56.355815
Health First Pharmacy 17 (Al Shuraia) Fujairah,FUJ,Pharmacy,,"Opp. Century Mall, Al Shuraia, Palace street, Fujairah",97192230340,25.121361,56.331113
Health First Pharmacy 18 (Skh. Zayed Bin Sultan St.) Fujairah,FUJ,Pharmacy,,"Skh. Zayed Bin Sultan St., Nr Thomas Cook Money Exchange, P.O.Box No. 232, Fujairah, UAE.",97192231540,25.126324,56.343673
Health First Pharmacy 21 (Al MAdhab) Fujairah,FUJ,Pharmacy,,"Dana Plaza Cinema Bldg., 1st Floor, Al Madhab St., Al MAdhab, Near KM Trading, Cinema Plaz",97192234518,25.131542,56.329855
Health First Pharmacy 26 (Murbah)  Fujairah,FUJ,Pharmacy,,"Souq Extra Fujairah Center, Murbah, Fujairah",97192373985,25.28303,56.356816
Lulu Dibba Pharmacy (Dibba) Fujairah,FUJ,Pharmacy,,"Lulu Hypermarket, Dibba, Fujairah",97192431399,25.58877,56.272718
Medicina 28 Pharmacy (Dibba) Fujairah,FUJ,Pharmacy,,"Safeer Centre Next to NBAD, Dibba, Fujairah",97192441604,25.0459928,51.8245037
Medicina Pharmacy 20  (Sheikh Hamad Bin Abdullah St.) Fujairah,FUJ,Pharmacy,,"Sheikh Hamad Bin Abdullah Street, Next Fuala, Fujairah POP Box: 1298",97192235894,25.122487,56.321017
Taiba Pharmacy (Masafi-Fujairah Rd.) Fujairah,FUJ,Pharmacy,,"Opp. UAE exchange, Masafi-Fujairah Road - Fujairah",97192564749,25.413509,56.254463
Al Afia Medical Centre (Al-Jazeera) RAK,RAK,Clinic,,"AL JAZEERA PORT ROAD, NEAR AL HAMRA PHARMACY, RAS AL KHAIMAH",971072431297,25.706190,55.806245
Al Ghail Medical Centre - Ras Al Khaimah,RAK,Clinic,,"AL GHAIL SHOPPING CENTRE (MOHD. SHAAMS RASHID AL MAZROOI BLDG),",97172589464,25.409802,55.992757
Al Rafidain Medical Center (Al Kharran) RAK,RAK,Clinic,,"NEAR KHARAN ROUNDABOUT, AL  ANSARI BUILDING, Al Kharran, Ras Al Khaimah, UAE",97172335500,55.2715250134468,25.7125454837781
Al Saada Specialized Medical Center (Nakheel) Ras Al Khaimah,RAK,Clinic,,"Room 504, 5th Floor Nakheel Tower, Opposite Rak Mall, Nakheel, Ras Al Khaimah",9712330500,25.794833,55.966971
Bright Dental Centre ( Al Muntasir Rd.) RAK,RAK,Clinic,,"P.O. Box: 7933 Golf Tower, Near Shobra, RAK Mall,  Al Muntasir Rd. - Ras al Khaimah",97172282228,,
Health Medical Center (Khuzam) -Ras Al Khaimah,RAK,Clinic,,"Opposite Khalid Huriah Restaurant, Khuzam, Ras Al Khaimah",97172334041,25.767133,55.931361
Nexus Medical Clinic (Jazeera Al Hamra) RAK,RAK,Clinic,,"opposite of Mabani steel company,  AL HAMRA, RAS AL KHAIMAH",97172332134,25.653581,55.7861964
RAK Dental Care & Implant Centre (Al Qassimi St) RAK,RAK,Clinic,,"304 NS Tower Al Qassimi Street, Near Mangrove Hotel, Corniche, Ras Al Khaimah",97172330443,25.793024,55.939876
RAK SMILE MEDICAL COMPLEX (AL NAKHEEL) RAK prvsly RAK Smile Dental Clinic (Al Nakheel) RAK,RAK,Clinic,,"Nakheel, Concord Building, Mezzanin Floor M03, Back of Gulf Hypermarket, Ras Al khaimah",97172260804,25.798249,55.9704
Retaj Medical Center (Al Dhait) RAK,RAK,Clinic,,"Sheikh Muhammed Bin Salem Rd, Near KFC and Pizza Hut, Al Dhait South B, United Insurance Building F1 - Ras Al Khaimah",97172359818,25.754031,55.911356
Al Ahlia Pharmacy Rak Branch (Ahalia Group),RAK,Pharmacy,,"CREEK PLAZA BUILDING, GROUND FLOOR, AL JAZAH ROAD",97172275993,25.796199,55.966184
Al Lulu RAK Pharmacy - RAK,RAK,Pharmacy,,"Lulu Hypermarket, RAK Mall, Ras Al Khaimah",97172264393,25.7721189,55.9572385
Al Manara Pharmacy (Dafan Al Khor)  Ras Al Khaimah,RAK,Pharmacy,,"GROUND FLOOR, PLAZA 3 BUILDING, AL KHOR ROAD, DAFAN AL KHOR, CORNICHE AL QAWASIM STREET, RAS AL KHAIMAH",97172339422,25.783874,55.94331348
Aster Pharmacies Group (Safeer Mall) RAK,RAK,Pharmacy,,"Shop No.GF50, Safeer Mall, Airport Road,Ras Al Khaimah",97172352213,25.748789,55.925081
Aster Pharmacies Group Branch 1 (Al Mataf Road) RAK,RAK,Pharmacy,,"Opp. Al Khaleej Supermarket, Al Mataf Road, Julan, After Adaf Round about,RAK",97172681224,25.798195,55.972221
Aster Pharmacy - Branch 2 (Al Dhait South) RAK,RAK,Pharmacy,,"Ali Sultan Ali Onwan Al Neimi Building Opp. Birla Institute of Technology Al Dhait South, Ras Al Khaima,U.A.E",97172361664,25.7420428,55.898144
Hala Pharmacy 21 (Al Nadiyah) Ras Al-Khaimah,RAK,Pharmacy,,"Opposite to Emirates Market ,Sheikh Muhammad Bin Salem Road,Al Nadiyah ,Ras Al Khaimah",97172369729,25.758696,55.912195
Hala Pharmacy 25 (Manar Mall) RAK,RAK,Pharmacy,,"Unit no. 123, Ground floor, Manar Mall, Ras Al Khaimah",97145610000,25.785146,55.965638
Hala Pharmacy 34 (Al Nakheel Area) Ras Al Khaimah,RAK,Pharmacy,,"Opp Manar Mall, Al Nakrheel Area, Ras Al Khaimah, UAE",97145610000,25.80903,55.98073
Hala Pharmacy 36 (Al Kharain Area) Ras Al Khaimah,RAK,Pharmacy,,"Shop No. 5, Block 6, on Plot No. 406060029, Al Kharain Area, RAK, UAE",97145610000,25.726803,55.958997
Health First Pharmacy 14 (Al Rams) RAK,RAK,Pharmacy,,"Opposite of Al-Ruwais Cafeteria, Al Rams Street, Al Rams, Ras Al Khaimah, UAE",97172662295,25.872354,56.023809
Health First Pharmacy 22  - Ras Al Khaimah,RAK,Pharmacy,,"P.O.Box: 22625 Sharjah
Al Manar Mall
Ras Al Khaimah, UAE",97172274848,25.785353,55.96582
Health First Pharmacy 50 (Al Nadeya) RAK,RAK,Pharmacy,,"Shk Ahmed Ben Sagar Bldg., Al Nadeya, Opp RAK Bank, Shk Mohd Bin Salem Rd, RAK",97172358018,25.761691,55.916413
Medicina 27 Pharmacy - Ras Al Khaimah,RAK,Pharmacy,,"Safeer Market, Al Qawasim Corniche, RAK",97172332580,25.7783681,55.9355888
Medicom 23 (Al Kharan)  RAK,RAK,Pharmacy,,"Airport Road, Al Kharan, Opp: Bin Zahir Boys School,Ras Al Khaimah, UAE",97172441433,25.732285,55.974977
NEXUS PHARMACY LLC (AL HAMRA) RAS AL KHAIMAH,RAK,Pharmacy,,"NATIONAL GAS CO`S BUILDING,  AL HAMRA, RAS AL KHAIMAH",97172332134,25.653581,55.7861964
SUNNY DENTAL CENTRE (MAJAZ) SHARJAH (PRVSLY N.M.C DENTAL CENTRE LLC),SHJ,Clinic,,"3rd Floor, Al Buhaira Bldg, Next to KFC, Buhaira Corniche, Sharjah,  UAE",97165738300,25.33767,55.386838
AL ARIF MEDICAL CENTRE (AL NAHDA ) SHARJAH (Al Arif Heart & Childrens Medical Centre LLC - Sharjah),SHJ,Clinic,,"AL YARMOUK TIGER BUILDING , GROUND FLOOR , B-BLOCK , NEAR ENOC PETROL PUM",97167154999,25.302283,55.383951
AL DARARY MEDICAL CENTRE (INDUSTRIAL AREA 1) SHARJAH,SHJ,Clinic,Industrial,"HASAN SHERIF BUILDING,INDUSTRIAL AREA 1, SHARJAH, UAE",97165336176,25.3223,55.3951
AL NOOR AL NAHDA POLYCLINIC SHARJAH (PRVSLY AL SHIFA AL UROPI MEDICAL CENTER) SHARJAH,SHJ,Clinic,,"Qadissiya, Tiger Bldg., Ground Floor, Al Nahda, Sharjah",97165376969,25.3575224,55.3918648
AL SHAMS AL JADEED MEDICAL CENTRE (INDUSTRIAL AREA 4)SHARJAH,SHJ,Clinic,,"Bulding No. 5466, Floor M5, M6 Double Cola Road Near Lacnor Industrial Area 4 - Industrial Area - Sharjah",97165397539,25.331046,55.409577
AL SHEROUQ MEDICAL CENTER LLC (PREVIOUSLY AL SHROOK POLYCLINIC),SHJ,Clinic,,"Orient building 1st Floor, Rolla Sharjah",97165353039,25.353,55.385
Ahlan Medical Center (Al Nahda) Sharjah,SHJ,Clinic,,"Above Maharajan Discount Center, Opposite Sahara Center, P.O. Box: 1498, Al Nahda, Sharjah, UAE",97165305882,25.298512,55.372647
Al Afdal Medical Centre (King Abdul Aziz St) Sharjah,SHJ,Clinic,,"G8, Al Tawoos Building, Immigration Road, Al Mahatah, Sharjah, UAE",97165623409,25.346482,55.392123
Al Ahalia Regional Medical Centre - Sharjah,SHJ,Clinic,,"Opp Etisalat, Al Musallah, Sharjah",97165621700,25.355537,55.400212
Al Azhar Medical Clinic (Sajaa) - Sharjah,SHJ,Clinic,,"Near Sharjah Cooperative Society Camp , Sajaa, Sharjah",971564602172,25.18203,55.37597
Al Barakah Polyclinic (Industrial Area 5) Sharjah,SHJ,Clinic,,"Industrial Area 5, Near Maaza Signal, Same Bldg. Emirates Keys, Sharjah",97165431763,0.00,0.00
Al Bisharah Medical Centre (Majaz 3) Sharjah,SHJ,Clinic,,"Flat No. 706 & 705, Sarah Al Emarat Tower, Corniche Al Buhairah, Majaz 3, Sharjah",97165544731,,
Al Burj Al Thahbi Medical Centre (Industrial Area 3) - Sharjah,SHJ,Clinic,,"Industrial Area No. 3, Near Khansaheb Building",97165275553,,
Al Dunia Medical Center (Industrial Area 12)- Sharjah,SHJ,Clinic,,"Al Shamsi Building, Shop No. 9-10, Industrial Area No. 12, Near Geco Signal, Sharjah",97165546644,25.312694,55.423796
Al Faiez Medical Centre - Sharjah,SHJ,Clinic,,"Near Madam R/A Madam 
P.O Box 12744 
Sharjah , UAE",97168861202,24.912498,55.775483
Al Kanary Medical Centre (Emirates Rd.) Sharjah,SHJ,Clinic,,"Ground & Mezzanine Floor, Fatima Saif Building, Emirates Road, Moweileh Commercial, Opposite UAE Exchange Centre, Sharjah, UAE",97165344439,25.298899,55.439343
Al Maliha Medical Centre (Main Road) Al Dhaid,SHJ,Clinic,,"Salem Bin Jersh Building, Opposite Etisalat, , Main Road, Al Dhaid, Sharjah, UAE",97168823334,25.281141,55.876282
Al Mansour Medical Centre - Sharjah,SHJ,Clinic,,"Flat 101, City Compass Tower, Buhairah Corniche, Sharjah",97165372050,25.334036,55.3735943
Al Mueed Medical Centre LLC - Sharjah,SHJ,Clinic,,"Saif Al Midfa Building, 1st Floor, arabian Gulf Street, Al Nabba, Sharjah",97165631429,25.361283,55.393603
Al Nahda Medical Center (Bukhara St) Sharjah,SHJ,Clinic,,"Al Daghaya Tower, 2nd Floor, 201, 202, Bukhara Street, Sharjah",97165384466,25.305973,55.383508
Al Qasimiah Medical Clinic (Sajaa Industrial Area) Sharjah,SHJ,Clinic,,"1st Floor, Ali Mossa Building, Near Sharjah Cement Factory, Sajaa Industrial Area, Sharjah",97165310050,25.3004508,55.6284083
Al Rahah Medical Center - Sharjah,SHJ,Clinic,,"Industrial Area 2, Near Sedana Signal, Above Asia Pharmacy, Sharjah, UAE",97165425260,25.317327,55.400861
Al Safi Medical Center (Sajja) Sharjah,SHJ,Clinic,,"Al Sajaa Industrial Area, Sharjah",97165551973,55.628206,25.331777
Al Shamil Medical Centre LLC - Sharjah,SHJ,Clinic,,"Al Wasit St, ADIB Building, 1st Floor, Flat No. 113, Samnan Area, Sharjah",97165663343,25.3328059,55.4560571
Al Shams Medical Centre - Sharjah,SHJ,Clinic,,"Center Pilar R/A Near Investbank bldg. 
PO Box 34792 Sharjah",97165424255,25.303375,55.400155
Al Shifa Al Khaleeji Medical Centre - Sharjah,SHJ,Clinic,,"P. O Box 41347, Catterpillar road, Industrial Area – 2, Sharjah",97165328558,25.3204248,55.3837538
Al Waha Medical Centre (Al Sharq St) Sharjah,SHJ,Clinic,,"Yousuf Al Serkal Bldg. No 16, Al Arooba Al Mujarrah, Sharjah",97165654542,25.368175,55.39534
Al Yamamah Medical Centre - Sharjah,SHJ,Clinic,,"Enpi Building, First Floor, Flat No. 101 & 102, Industiral Area 10, 4th Industrial Street, Sharjah",97165352160,25.2988328,55.4253389
Al Zeyarat Medical Centre - Sharjah,SHJ,Clinic,,"Villa 205, Sheikh Zayed Street, Samnan, Near Union corp Halwan, Sharjah",97165668966,25.3418506,55.4252235
Basmat Al Hayat Medical Center - Sharjah,SHJ,Clinic,,"Buhairah Corniche, Al Majaz 3, Sharjah, UAE",97165655336,25.3360858,55.3404488
CRYSTAL MEDICAL CENTER (AL MAJAZ) SHARJAH PRVSLY CRYSTAL DENTAL CLINIC - SHARJAH,SHJ,Clinic,,"Crystal Plaza Building, Block C, Flat 603, Sharjah",97165623224,,
Care Medical Centre - Sharjah,SHJ,Clinic,,"1st Floor, NWAEM, Centre, WAsit Street, Al Shahba, Sharjah, UAE",97165455501,25.333941,55.393487
Central Medical Polyclinic (Suk Al Markazi)  Khor Fakkan,SHJ,Clinic,,"Khorfakkan, Suk Al Markazi, Nect to Alsafeer Centre, Sharjah, UAE",97192387649,25.3540447,56.3484715
Dallas Medical Centre - Sharjah,SHJ,Clinic,,"Villa 386B Wasit Road, Al Falaj Sharjah",97165627778,25.353183,55.437409
Dar Al Salam Medical Center LLC - Sharjah,SHJ,Clinic,,"Unit 14, Al Mubarak Hypermarket Building, Sharjah, UAE",97165213535,55.410187,25.30283
Dooa Clinic [ Hamriyah F.Z.] Sharjah,SHJ,Clinic,,"Near Emirates Post, Hamriyah Free Zone - phase 1, Sharjah",97165260188,,
Dr. Fawzia Aljeziri Medical Center Al Falaj - Sharjah,SHJ,Clinic,,"Villa 404, Al Wasit Street Al Falaj Area Sharjah",97165252528,,
ELITE SMILE DENTAL CLINICS ( PVSLY AFDHAL IBTISAMAH DENTAL CLINIC) (AL NUD) SHARJAH,SHJ,Clinic,,"FLAT #206, HILLI6 BUILDING, AL NUD , SHARJAH",97165243338,25.34054,55.39052
Emirates International Medical Centre ((Al Sharq St) - Sharjah,SHJ,Clinic,,"Al Rifah, Al Sharq Street, Villa No. 996, Sharjah",97165226107,25.388156,55.418304
First Gulf Medical Center - Sharjah,SHJ,Clinic,,"Flat No: 102, 1st Floor,
Al Reem Building II, Muwailah,
Near National Paints,
Maliha Road (Sharjah-Kalba Road),
Sharjah - UAE.",97165347573,25.296939,55.434745
Hannover Medical Center - Sharjah,SHJ,Clinic,,"Office 1902, Sarah Al Emarat Tower, Al Majaz 3, Corniche St., Sharjah",97165433226,,
Healers Medical Center [Abu Shagara] Sharjah,SHJ,Clinic,,"Al Thorya Tower, Sallm Bin Omair St., Abu Shagara, Sharjah - U.A.E",97165539851,25.332723,55.394114
Kedar Dental Centre (Buhaira Corniche) Sharjah,SHJ,Clinic,,"Ameer Bukamseen Tower, Flat No 108, 109, 110, Buhaira Corniche, Sharjah",97165544001,25.325126,55.3782813
Liberty Medical Centre - Sharjah,SHJ,Clinic,,"Shop No. 2, Nayeli-3 Building, Abushaghara, Liberty Signal, King Abdul Aziz street, Sharjah",97165599379,25.339457,55.402088
Limar Medical Centre (Buhaira Corniche) Sharjah,SHJ,Clinic,,"Al Shamsi Building, 3rd Floor, Above Madfoon Khaima, Buhaira Corniche, Sharjah",97165744245,25.3382324,55.3845691
MARVELLOUS MEDICAL CENTER (PREV AL DALLAH MEDICAL CENTRE )(ROLLA) SHARJAH,SHJ,Clinic,,"FLAT NO : 103, SOUQ AL ROLLA, BUILDING, UMM AL TARAFA, ROLLA,SHARJAH, 65511, Sharjah",97165614266,25.35483926,55.38789712
Mampilly Medical Center (Rolla)- Sharjah,SHJ,Clinic,,"SHARJAH GOLD CENTER (1 FLOOR) NEXT TO KM TRADING, ROLLA , SHARJAH",97165616464,25.356415,55.38789
Marina Medical Center - Sharjah,SHJ,Clinic,,"P.O.Box 130083
Mezzanine Floor, Al Soor Building
Ibrahim Mohd Al Medfa Street
Above Lifeline Pharmacy, Al Soor Area
Al Mina Road, Sharjah
Sharjah, UAE",97165625234,25.361803,55.391438
Newyork Medical Centre (Al Majaz 1) - Sharjah,SHJ,Clinic,,"401, Corniche Plaza 1, Buhaira Corniche, Opposite Marbella Resort & Holiday International, Sharjah, UAE",97165223887,25.340444,55.385965
PESHAWAR MEDICAL CENTER LLC (ROLLA MALL) SHARJAH,SHJ,Clinic,,"Rolla Mall, 3rd Floor, Flat No. 308 & 309, Sharjah",97165633755,25.359413632333805,55.38984043661647
Reem Al Nahda Medical Diagnostic Center - Sharjah,SHJ,Clinic,,"Al Nahda, In Front of Carrefour, Sharjah",97165620831,25.300986,55.372531
Reem Medical Diagnostic Centre (Rolla) - Sharjah,SHJ,Clinic,,"Al Arouba Street, Juma Al Mutawa Bldg., Rolla, Sharjah",97165620831,25.356092,55.389402
Regal Medical Centre  (Muwailih) Sharjah,SHJ,Clinic,,"Shop no. 5, Belresheed Bldg No. 2516, Maliha Road Near Hadi Exchange, Sharjah UAE",97165354175,25.322327,55.513643
Riaz Specialist Medical Center (prvsly Riaz Medical Center) Sharjah,SHJ,Clinic,,"Al Shahba, Al Wasit Street, Sharjah, UAE",97165583351,25.337515,55.427321
SAMEENA MEDICAL CENTRE (AL NABAA) SHARJAH,SHJ,Clinic,,"FLAT NO: 101,FIRST FLOOR, AL ZAHRA BUILDING, CLOCK
TOWER, SHARJAH",97165559010,25.3614049277496,55.396636115343185
Sidrah Medical Centre (Al Tawoun St) - Sharjah,SHJ,Clinic,,"Al Mamzar 1, Al Tawoun St., Tiger Building 4, Mezanina Floor, Next to Al Amal Tower, Sharjah",97165655657,55.368502,25.307323
Siyad Specialist Medical Centre (Muwailih) Sharjah,SHJ,Clinic,,"Shop No. 1, Al Wadi Bldg. Maliha Road, Muweilah, Sharjah",97165358305,25.292458,55.442657
Yas Medical Center (Sajja) - Sharjah,SHJ,Clinic,,"Sajaa Industrial Area, Near Alimoosa Company",97165361258,25.303188,55.63413
Zaferulla Medical Centre- Sharjah,SHJ,Clinic,,"Tiger Building, Ground Floor, Flat No. 13 & 14, Sharjah",97165443080,,
Al Borj Medical Laboratory - Sharjah,SHJ,Diagnostics,,"P.O Box 73543,Crystal Plaza Bldg., 3rd floor, Office# 304, corniche buhaira st., sharjah, UAE",97165752100,25.344219,55.386171
Al Durrah Radiology Center - Sharjah,SHJ,Diagnostics,,"Al Durrah Tower, 1st Floor, F4-F11, Corniche Al Buhaira, Sharjah",97165569888,25.32367,55.383517
CLASS MEDICAL CENTER (AL MAJARRAH) SHARJAH PRVSLY CLASS MEDICAL & DIAGNOSTIC CENTER  - SHARJAH,SHJ,Diagnostics,,"1st Floor, Al Orouba Street, Al Saud Tower, Sharjah 
Sharjah, UAE",97165652332,25.362967,55.390521
AL MANARA UNIVERSITY PHARMACY (AL JURAINA 1) SHARJAH,SHJ,Pharmacy,,"BASEMENT LEVEL, STUDENT CENTER BUILDING, AMERICAN UNIVERSITY OF SHARJAH, UNIVERSITY CITY, AL JURAINA 1, NEAR STARBUCKS",97165589004,,
ASTER PHARMACIES GROUP - BRANCH 4 (SAJJAH) SHARJAH,SHJ,Pharmacy,,"SHOP NO.22 & 23, PLOT NO:7664, SAJAH MALL, ALI MOOSA STREET, SAJJAH, SHARJAH, UAE",97165466057,25.312674424372446,55.63110855514255
Al Ahliah Pharmacy,SHJ,Pharmacy,,"Abdulla Ismail Bldg., Sheikh Zayed Street, Opp Kalyan Silks, Near Clock Tower, Maisaloon - Zaikzaid, Sharjah, UAE",97165313698,25.3043607,55.4170165
Al Azhar Pharmacy,SHJ,Pharmacy,,"COOPERATIVE SOCIETY BUILDING, SAJJA, INDUSTRIAL AREA NO:1, SAJJA INDUSTRIAL AREA",97165352323,25.18203,55.37597
Al Barsha Pharmacy (Manama) Sharjah,SHJ,Pharmacy,,"Shop # 1, Emirates & Al Manama Centre,next to fire station Roundabout Sharjah",97165754046,25.0848302,55.1127464
Al Dhia Pharmacy (Muwaileh St)- Sharjah,SHJ,Pharmacy,,"Opp. Udday Bin Hatem Mosque, Near UNiversity City Road, Muwaileh, Sharjah",97165771561,25.310563,55.450069
Al Fardan Centre Pharmacy (Buhaira) Shj,SHJ,Pharmacy,,"Shop No. G-16-20, Inside Al fardan centre, Buhaira Conrniche Road - Sharjah",97165752809,25.323683,55.3733339
Al Inaya Al Mutaqadimah Pharmacy - Sharjah,SHJ,Pharmacy,,"Shop 2 Al Reem Bldg., 1 Muwailah, Maliha Road		
P.O. Box: 61456, Sharjah, UAE",97165345663,25.325437,55.393472
Al Majaz Pharmacy (Al Majaz 1) Sharjah,SHJ,Pharmacy,,"Luta Building, Jamal Abdur Nasir Street, Al Majaz 1, Al Majaz District, Sharjah",97165599799,25.32909,55.392597
Al Manarah Pharmacy (Al Taawun) Sharjah,SHJ,Pharmacy,,"Opp. Sharjah New Expo Center, Near Alarab Mall, Al Taawun Area, Sharjah",97165774665,25.309191,55.37149
Al Mansoor Pharmacy (Al-Wahda St.) Sharjah,SHJ,Pharmacy,,"Near City Centre, Al Wahda St. P.O. Box: 737, Sharjah, UAE",97165591700,25.325619,55.392149
Al Mawadah Pharmacy - Sharjah,SHJ,Pharmacy,,Immigration Road - Sharjah,97165744878,25.34709,55.389413
Al Najim Al Azraq Pharmacy (Al Ittihad Rd) Sharjah,SHJ,Pharmacy,,Shop No.1 Damas 57 Building Next to Ansar Mall - Al Ittihad Rd - Sharjah,97165288851,25.303759,55.3687703
Al Qasimiah Pharmacy (Sajaa Industrial Area) Sharjah,SHJ,Pharmacy,,"Ground Floor, Ali Moosa Bldg. Near Sharjah Cement Factory, Al Sajaa Industrial Area, Sharjah",97165310177,25.300445,55.630617
Al Safi Pharmacy (Sajaa Area) Sharjah,SHJ,Pharmacy,,"Al Sajaa Industrial Area, Sharjah",97165551973,55.628206,25.331777
Al Saha Pharmacy (Al Muwailah) Sharjah,SHJ,Pharmacy,,"Fire Station Road, Al Muwailah, Sharjah",97165426630,25.304166,55.446044
Al Taif Pharmacy (Muwailih) Sharjah,SHJ,Pharmacy,,"Shop # 2 & 3, Nesto Hypermarket LLC-Branch 1, Muwailih Commercial, Sharjah",97165505411,25.296236,55.440011
Al Yamama Pharmacy (Industrial Area 10) - Sharjah,SHJ,Pharmacy,,"Industrial Area 10, Bin Laden Road, Enpi Building, Ground Floor, Opposite Technical Glass Company, Sharjah",97165346004,25.2547601,55.2923433
Aster Al Buhairah Pharmacy (Al Buhairah) Sharjah,SHJ,Pharmacy,,"Sedar Bldg, Near Automatic Restaurant, Buhairah Corniche, Al Buhairah, Sharjah, UAE",97165444542,25.33384,55.388514
Aster Pharmacies Group LLC - SHJ BR - Branch 2 - Sharjah,SHJ,Pharmacy,,"Shop No.2, Bin Thareem Building, Muwailah Commercial Road, Near to Aster Clinic, Muwailah, Sharjah",97165321063,25.302642,55.452436
Aster Pharmacies Group LLC - SHJ BR - Branch 3 - Sharjah,SHJ,Pharmacy,,"1st Floor, Sharjah City Centre, Opp: Carrefour, Al Wahda Street, Sharjah",97165950110,25.325162,55.393432
Aster Pharmacies Group LLC - SHJ BR - Branch 5 - Sharjah,SHJ,Pharmacy,,"Shop No:1, Rashid Buiding, Near Al Madina Shopping center, University Road, Muwailiah,Sharjah",97165538496,25.2921944,55.4458056
Aster Pharmacy (Al Nahda) Sharjah,SHJ,Pharmacy,,"Beside Nahda Park, Opposite to Carrefour express, Al Nahda, Sharjah",97165253663,25.394129,55.454619
Aster Pharmacy 106 (Al Ittihad Rd.) Sharjah,SHJ,Pharmacy,,"Goldensands Building, Al Ittihad Road ,Al Nahda, Near to Shafeer Mall",97165749669,25.308853,55.378036
Aster Pharmacy 107 (King Faisal St.) Sharjah,SHJ,Pharmacy,,"Al Khayyal Mosque, Hassan Baba Hassan Building, King Faisal St., Sharjah, UAE",97165734704,25.346809,55.389464
Aster Pharmacy 108 (Rolla) Sharjah,SHJ,Pharmacy,,"Ibrahim Mohamed Al Medfaa Street, Next to SATA, Um Al Tarafa Area, Rolla, Sharjah, Near to Access Clinic",97165610012,25.3520750000,55.3873170000
Aster Pharmacy 121 (Al Nahda) Sharjah,SHJ,Pharmacy,,"Al Nahda Tower, Al Nahda,Opp Juma Al Majid Building",97165544504,25.307748,55.378036
Aster Pharmacy 122 (Abu Shagara) Sharjah,SHJ,Pharmacy,,"Aster building, Near aster clinic, Near Abu Shagara Park, Abu shagara",97165570996,25.333558,55.396426
Aster Pharmacy 125 (Al Tawoun) Sharjah,SHJ,Pharmacy,,"Al Deyar Buiding, Near Tawoun R/A, Al Tawoun, Sharjah",97165303016,25.03411,55.12281
Aster Pharmacy 133 - Sharjah,SHJ,Pharmacy,,"Al Sharq Street,Next to Fine Fair, Butina, Opp: Sharjah Cop Soceity",97165619322,25.3718610000,55.3970790000
Aster Pharmacy 139 (Khorfakkan) Sharjah,SHJ,Pharmacy,Khor Fakkan Port,"Sheikh Khalid Road, Opposite to ADNOC Petrol Station, Next to Khorfakkan Police Station Round About, Khorfakkan",971092371301,25.34671,56.348438
Aster Pharmacy 140 (King Faisal St.) Sharjah,SHJ,Pharmacy,,"Sultaco Building, King Faisal Street, Sharjah",97165445001,25.337529,55.389221
Aster Pharmacy 151 (Al Tawoon) Sharjah,SHJ,Pharmacy,,"Shop No.4, Mamzer 1 Tower, Opp. Sharjah Palace Hotel, Tawun Street, Al Tawoon,Sharjah",97165453109,25.306136,55.365257
Aster Pharmacy 153 (Al Nahda) Sharjah,SHJ,Pharmacy,,"Mubarak Building, University Road, Muweilah,  Sharjah, U.A.E",97165220938,25.299827,55.372031
Aster Pharmacy 203 (Al Taawun) Sharjah,SHJ,Pharmacy,,"Same Building of Arab Doctors Clinic Al Taawun , Sharjah, UAE",97165396955,25.308784,55.370175
Bin Sina Grand - Sharjah,SHJ,Pharmacy,,"Majeed Bldg., Near Al Masa Cinema, Buhairah St., Sharjah",97165567662,25.323942,55.382386
Bin Sina Pharmacy - Sharjah Corniche Branch,SHJ,Pharmacy,,"Al Majaz, Corniche Plaza, Corniche St.,  Buhairah 2 Building, Sharjah",97165726885,25.342679,55.387096
Cristal Pharmacy ( Al Taawun St.) Sharjah,SHJ,Pharmacy,,"Near Emirates NBD Bank, Al Taawun Street, Sharjah",97165773100,25.313915,55.375284
Experts Pharmacy (Al Zahra St.) Sharjah,SHJ,Pharmacy,,"Opposite Umm Qura Bookshop, Near Nassiraya Police Station, Al Zahra Street, Sharjah, UAE",97165654635,25.371721,55.406195
Golden Life Pharmacy - Shj,SHJ,Pharmacy,,Between Tawun Mall & Qasba Channel - Sharjah,97165775501,25.317495,55.376787
Hala Pharmacy (Al Qassimia) Sharjah,SHJ,Pharmacy,,"Shop # 12,13 & 14,Opposite to Mega Mart, Al Qassimia, Sharjah",97165515213,25.0816948,55.1383943
Hala Pharmacy - Branch 1 (Abu Shaghara) Shj,SHJ,Pharmacy,,"Shop No. 1 & 2, K M Trading Shopping Centre, Abu Shaghara - Sharjah",97165485898,25.0816904,55.1121297
Hala Pharmacy - Branch 10 (Al Nasserya) Shj,SHJ,Pharmacy,,"Hala Phy Br 10 - Showroom No 1, Bdng No 997, Al Nasserya, Sharjah",97165239833,25.0816822,55.1121296
Hala Pharmacy - Branch 12 -Shj,SHJ,Pharmacy,,"Shop No 1,  Manazil Tower 1, Plot no 89, Al Qassimiya, Sharjah",97165519931,25.1954944,55.1208199
Hala Pharmacy - Branch 18 (Al Majaz 1) Sharjah,SHJ,Pharmacy,,"Shop G2, Salem Tower (Plot 430), Near United Arab Bank,oppt to Al Noor Mosque, Al Majaz 1, Sharjah",97165561718,25.337511,55.388339
Hala Pharmacy - Branch 19 (King Faisal Street) Sharjah,SHJ,Pharmacy,,"Shop No.4 & 5, Al Alami Centre -1 , Near Spinneys King Faisal Street, Sharjah",97165560640,25.3223277,55.513643
Hala Pharmacy - Branch 2 (Abu Shagara) Shj,SHJ,Pharmacy,,"Shop # 4 & 5,Near to Abu Shagara Park, Sharjah",97165759287,25.33668,55.3930963
Hala Pharmacy - Branch 26 (Al Nasseriya) Sharjah,SHJ,Pharmacy,,"Opp. Carrefour, My City Centre, Al Nasseriya - Sharjah",97165220367,25.365876,55.402966
Hala Pharmacy - Branch 28 - Oasis Mall - Sharjah,SHJ,Pharmacy,,"Shop 1, Unit No. 1006, Oasis Mall, Sharjah",97145610000,25.349127,55.409076
Hala Pharmacy - Branch 3 (Al Nud) Shj,SHJ,Pharmacy,,"Shop No. 2, Bufyeer 222 Building, Near Al Bustan Hotel - Sharjah",97165501340,25.342631,55.3880723
Hala Pharmacy - Branch 4 (Al-Ghuwair) Shj,SHJ,Pharmacy,,"Persian Gulf Street, Al Khaleej Building, Near Sharjah Rotana Hotel, Al-Ghuwair, Sharjah",97165627128,25.3426307,55.3815062
Hala Pharmacy - Branch 5 (Al-Arouba St.) Shj,SHJ,Pharmacy,,"Shop No. 1,2 &14, Rolla Building, Al-Arouba St., Sharjah",97165218353,25.0677023,55.1063346
Hala Pharmacy - Branch 6 (Al-Majaz 3) Shj,SHJ,Pharmacy,,"Shop No. 2, Corniche B Building, Buhaira Conrniche Road, Al-Majaz 3,  Sharjah",97165372761,25.0676941,55.1063345
Hala Pharmacy - Branch 8 - Shj,SHJ,Pharmacy,,"Hala 8 Pharmacy - Shop No 4,Zubaidi Bldng, Al Majaz, Sharjah",97165516022,25.0676859,55.1063345
Hala Pharmacy - Branch 9 (Arouba St.) Shj,SHJ,Pharmacy,,"Shop # 1 & 2,Al Arouba Build,Al Arouba Street,Sharjah",97165519865,25.0676777,55.1063345
Hala Pharmacy Branch 11 (Al Ittihad Rd.) Shj,SHJ,Pharmacy,,Shop No.2 Al Nahda Tower Sharjah same old Chachos Near to Safeer Mall - Al Ittihad Rd - Sharjah,97165454123,25.308983,55.377835
Hala Pharmacy Branch 20 (City Centre) Sharjah,SHJ,Pharmacy,,"Unit B051, Sharjah City Centre ,Sharjah",97165226348,25.340868,55.38652
Hala Pharmacy Branch 27 (Al Juraina) Sharjah,SHJ,Pharmacy,,"Unit no. J-040, Ground Floor, Matajer Al Juraina, Sharjah",97165526718,25.296242,55.489234
Hala Pharmacy Branch 33 (Buhaira Corniche) - Sharjah,SHJ,Pharmacy,,"Shop Unite No. 1 & 2, Golden Tower, Buheirah Corniche, Sharjah",97145610000,25.341675,55.385805
Hala Pharmacy Branch 35 (Al Taawun Rd) - Sharjah,SHJ,Pharmacy,,"Shop No. 1, Arab Doctors Specialist center Building, Al Taawun Rd. Sharjah, UAE",97145610000,25.308839,55.37162
Hala Pharmacy Branch 42 (Butina) Sharjah,SHJ,Pharmacy,,"Unit #14 & 15, Ground Floor, Nesto Hypermarket, Butina, Sharjah",97145610000,25.370629,55.405018
Hala Pharmacy Branch 46 (Taawun) -Sharjah,SHJ,Pharmacy,,"Shop. No. 3, Al Shaam Tower, Al Taawun Roundabout, Sharjah",9714561000,25.310064,55.378929
Hala Pharmacy Branch 7 (Al Majaz 2) Shj,SHJ,Pharmacy,,"Al Zaabi Building, Plot No. 315, Jamal Abdul Nassar Street, Next-Istanbul Supermarket, Sharjah",97165506126,25.0676941,55.1063345
Hala Pharmacy LLC Branch 44 (Sahara Centre) Sharjah,SHJ,Pharmacy,,"Unit 162, Ground Floor, Sahara Centre, Sharjah",97145610000,25.298297,55.373608
Haramain Pharmacy (Al Nahda) Sharjah,SHJ,Pharmacy,,"Al Taheira Tower, Next to Al Madina Supermarket, Al Nahda, Al Nahda District, Sharjah, UAE",97165316779,25.300805,55.375766
Health First Pharmacy (Al Majaz 2) Sharjah,SHJ,Pharmacy,,"Corniche Shop No 4-2A, Ground Floor, Al Majaz 2, Buhairah Corniche, Sharjah",97165643275,25.333499,55.375969
Health First Pharmacy - Br3 (Khorfakkan) Sharjah,SHJ,Pharmacy,,"Al Safeer Center, Khorfakkan, Sharjah",97165725313,25.3549,56.349735
Health First Pharmacy - Br4 (Al Matajer Mall) Sharjah,SHJ,Pharmacy,,"Al Matajer Mall, Wasit Area, Shop No 1, Sharjah",97165534225,25.352275,55.451921
Health First Pharmacy - Branch 7 (Al Khan) Sharjah,SHJ,Pharmacy,,"Shop No. K05 to K07, Ground Floor, Opposite Carrefour, Matajer MAll, Al Khan, Sharjah",97165285143,55.378161,25.317792
Health First Pharmacy Br 2 (Al Wahda St.) Sharjah,SHJ,Pharmacy,,"Al Wahda Street, Sharjah, UAE",97165336128,25.318503,55.38643
Health First Pharmacy Branch 6 (Al Sharq St.) Sharjah,SHJ,Pharmacy,,"Shop No 1, Al Sharq Street, Sharjah Co-Operative Society, Sharjah, UAE",97165650415,25.22251,55.23579
Lulu Al Falah Pharmacy - Sharjah,SHJ,Pharmacy,,"Lulu Hypermarket, Al Wahda Street, Sharjah",97165362225,25.33254,55.398961
Lulu Al Nahda Pharmacy - Sharjah,SHJ,Pharmacy,,"Lulu Hypermarket, Al Nahda, Sharjah",97165454611,25.303208,55.374301
MEDICINA PHARMACY LLC SHJ BRANCH 7 PRVSLY MEDICINA 22 PHARMACY (WATERFRONT) SHARJAH,SHJ,Pharmacy,,"KALBA RUGAYLAT RD., KALBA WATERFRONT, EAGLE HILLS, SHARJAH",97192770371,25.0037727,56.3521571
Masafi Pharmacy (Al Yarmouk) Sharjah,SHJ,Pharmacy,,"Ground Floor, Al Jurwan Building, Opposite Gold Centre, Al Yarmouk, Sharjah, UAE",97165732221,25.343215,55.404233
Medicina 23 Pharmacy - Sharjah,SHJ,Pharmacy,,"CENTRAL SHARJAH SHOP #02, SHEIKH RASHID BIN SAQR ALQASIMI STREET, HALWAN SUBURB, SAMNAN SHARJAH",97165303980,,
Medicina 24 Pharmacy - Sharjah,SHJ,Pharmacy,,"Al Nad Street, Near Dubai Islamic Bank, Qasimiya, Sharjah",97165723255,25.344727,55.403198
Medicina 25 Pharmacy - Sharjah,SHJ,Pharmacy,,"Al Wasit Street, Al Shahba Area, Near to Dr. Sunny Medical Center, Sharjah",97165660741,25.337182,55.426947
Medicom 17 (Ansar Mall) Sharjah,SHJ,Pharmacy,,"Ansar Mall, Al Nahda,Sharjah, UAE",97165313256,25.303236,55.369023
New Bin Sina Pharmacy- Sharjah,SHJ,Pharmacy,,"Mega Mall, Sharjah",97165744066,25.344588,55.398693
New City Pharmacy (Al Majaz) Sharjah,SHJ,Pharmacy,,"Al Majaz, Opposite of Buhairah Police Station, Sharjah",97165593636,25.3227,55.38306
Sahara Life Pharmacy - Sharjah,SHJ,Pharmacy,,"B-04, Next to Spinneys, Sahara Centre, Sharjah",97165566349,25.297609,55.3701613
Salim Pharmacy (Al Majaz 1) Sharjah,SHJ,Pharmacy,,"Salem Tower, Buheira, Corniche Road,  Near Al Noor Mosque, Al Majaz 1, Al Majaz, Sharjah",97165736262,25.337831,55.38674
Wajeat Al Khoor Pharmacy - Shj,SHJ,Pharmacy,,"Buhaira Corniche ,Riviera Tower , Sharjah",97165373883,25.331286,55.375953
Waseem Pharmacy (Al Taawun) Sharjah,SHJ,Pharmacy,,"DAFCO Building, Taawun Area - Sharjah, UAE",97165770930,25.311058,55.375203
Dr. Sunny Medical Center (King Faisal St.) Umm Al Quwain,UMQ,Clinic,,"King Faisal Street, Near Carrefour Market, P.O. Box 7641,Umm Al Quwain, UAE",97167666933,25.498413,55.551942
YASMED MEDICAL CENTER LLC (NEW INDUSTRIAL AREA) UMM AL QUWAIN,UMQ,Clinic,,YASMED MEDICAL CENTER BUILDING	NEW INDUSTRIAL AREAPO BOX 533,97165299064,25.543611,55.672187
Al Mulla Pharmacy - UAQ,UMQ,Pharmacy,,Umm Al Qaiwain UAE.,97167647364,25.567374,55.553798
Health First Pharmacy 12 - UAQ,UMQ,Pharmacy,,"P.O.Box: 22625 Sharjah
Pharmacy Location
Umm Al Quwain Main Road
Umm Al Quwain, UAE",97167656180,25.586863,55.571596
Health First Pharmacy 28 - UAQ,UMQ,Pharmacy,,"Saeed Muhamed Al Masafri, Ground Floor, King Faisal St., Old Souk, Popular Typing Center",97167656180,25.58665,55.571575
Medicom Pharmacy 26 (King Faisal Rd.) UAQ,UMQ,Pharmacy,,"Manama Hypermarket, King Faisal Road - Umm Al Quawain",97167649734,25.502862,55.550211
NEXUS PHARMACY (SALAMA 2) UMM AL QUWAIN,UMQ,Pharmacy,,"AL SALAMA STREET, AL SALAM BUILDING, UMM AL QUWAIN",97165691149,25.5021594,55.5811047
YASMED PHARMACY LLC (NEW INDUSTRIAL AREA) UMM AL QUWAIN,UMQ,Pharmacy,,YASMED MEDICAL CENTER BUILDING	NEW INDUSTRIAL AREA PB BOX 533,97165299064,25.543611,55.672187
